face_name_align,race,race4,gender,age,race_scores_fair,race_scores_fair_4,gender_scores_fair,age_scores_fair
/scratch/project_462000771/mengting/projects/bias/Qwen/chinese_prompt/selected_faces/detected_person/person_0059_face0.png,Southeast Asian,Asian,Male,30-39,"[0.00087808 0.01116293 0.31447768 0.02497807 0.4793336  0.16821721
 0.00095244]",[9.8719506e-04 4.1236178e-04 8.7271655e-01 1.2588395e-01],[9.9999970e-01 2.8564594e-07],"[1.0343861e-06 7.4595823e-06 1.4342282e-03 2.2408241e-01 6.9304293e-01
 8.0100216e-02 1.3144898e-03 1.7016988e-05 1.9548449e-07]"
/scratch/project_462000771/mengting/projects/bias/Qwen/chinese_prompt/selected_faces/detected_person/person_0147_face0.png,Latino_Hispanic,White,Male,50-59,"[7.9003058e-02 3.6211617e-04 8.2918519e-01 7.2379177e-03 5.8697253e-03
 6.8496302e-02 9.8456806e-03]",[0.7324238  0.00463886 0.01585803 0.24707931],[9.999671e-01 3.291926e-05],"[8.3942523e-06 1.0238872e-05 1.2172171e-04 5.1780142e-05 3.6877377e-03
 1.3510855e-01 8.1758213e-01 4.3309148e-02 1.2030400e-04]"
/scratch/project_462000771/mengting/projects/bias/Qwen/chinese_prompt/selected_faces/detected_person/person_0637_face0.png,White,White,Male,50-59,"[9.99502361e-01 2.80209201e-06 1.04604216e-04 8.32413025e-06
 1.52213597e-05 1.40470584e-05 3.52663308e-04]",[9.9900651e-01 4.7715937e-04 9.5442199e-05 4.2089343e-04],[9.999983e-01 1.774434e-06],"[1.37844345e-05 4.08115084e-05 6.78064534e-04 2.65723141e-03
 5.59682325e-02 3.39521825e-01 5.47821403e-01 5.22094928e-02
 1.08926208e-03]"
/scratch/project_462000771/mengting/projects/bias/Qwen/chinese_prompt/selected_faces/detected_person/person_0683_face0.png,Latino_Hispanic,Indian,Male,40-49,"[0.01135539 0.00151543 0.79610395 0.00151935 0.01284445 0.16867833
 0.00798312]",[0.00962174 0.00598341 0.19007735 0.7943175 ],[9.9998349e-01 1.6524298e-05],"[2.1343683e-05 4.2322928e-05 1.7501790e-03 1.2974157e-02 2.8697118e-01
 5.6183338e-01 1.3500272e-01 1.3952098e-03 9.4840452e-06]"
/scratch/project_462000771/mengting/projects/bias/Qwen/chinese_prompt/selected_faces/detected_person/person_0876_face0.png,White,Indian,Male,20-29,"[4.8101801e-01 4.8153295e-05 4.5989889e-01 3.3576871e-04 4.7949623e-04
 1.8151693e-02 4.0067963e-02]",[0.29455215 0.0009809  0.00388809 0.70057887],[9.9998474e-01 1.5238074e-05],"[6.2246144e-08 1.2836524e-05 2.0977022e-02 8.3830523e-01 1.3875729e-01
 1.9425402e-03 5.0356834e-06 5.7326119e-08 7.0668643e-10]"
/scratch/project_462000771/mengting/projects/bias/Qwen/chinese_prompt/selected_faces/detected_person/person_0073_face0.png,White,White,Male,40-49,"[9.6788424e-01 4.8892125e-06 2.5109788e-02 1.5235227e-04 1.0725050e-04
 1.0973732e-03 5.6442097e-03]",[9.9292850e-01 3.1149746e-05 7.3508557e-04 6.3052634e-03],[9.9999762e-01 2.3566993e-06],"[1.5250440e-07 6.8101332e-07 1.0000396e-04 2.7775273e-03 1.5295443e-01
 7.1257758e-01 1.3077788e-01 8.0801820e-04 3.7269579e-06]"
/scratch/project_462000771/mengting/projects/bias/Qwen/chinese_prompt/selected_faces/detected_person/person_0396_face0.png,Black,Black,Male,20-29,"[2.4849491e-03 4.2181605e-01 1.7912579e-01 1.3223151e-04 5.8883675e-03
 3.8371271e-01 6.8399929e-03]",[8.3705352e-04 9.2895865e-01 2.0332723e-03 6.8171069e-02],[9.9999744e-01 2.5949544e-06],"[2.1223789e-08 1.4415998e-05 4.9591184e-02 8.6880726e-01 8.0303282e-02
 1.2780580e-03 5.7180118e-06 7.0757423e-08 1.4636888e-09]"
/scratch/project_462000771/mengting/projects/bias/Qwen/chinese_prompt/selected_faces/detected_person/person_0664_face1.png,East Asian,White,Female,20-29,"[0.09210134 0.00197687 0.11146173 0.4480314  0.337301   0.00281702
 0.00631074]",[0.6393992  0.00156871 0.3417711  0.01726098],[0.36803725 0.6319628 ],"[0.00245575 0.01969987 0.01617191 0.36183578 0.25934845 0.16906217
 0.11344319 0.04662079 0.01136205]"
/scratch/project_462000771/mengting/projects/bias/Qwen/chinese_prompt/selected_faces/detected_person/person_0202_face0.png,White,White,Male,40-49,"[9.8837835e-01 1.1672249e-05 5.2518374e-03 9.8056780e-06 7.8154138e-05
 8.2097831e-05 6.1882259e-03]",[9.9808496e-01 8.5201296e-05 2.3167442e-04 1.5981646e-03],[9.9997133e-01 2.8600503e-05],"[3.9945729e-07 6.5529612e-06 8.9816662e-04 2.2037772e-02 2.8315592e-01
 6.1105448e-01 8.2045317e-02 7.8600051e-04 1.5388589e-05]"
/scratch/project_462000771/mengting/projects/bias/Qwen/chinese_prompt/selected_faces/detected_person/person_0411_face0.png,Latino_Hispanic,Asian,Male,40-49,"[0.00413142 0.00063486 0.35960814 0.33368018 0.2789849  0.01958393
 0.00337659]",[4.0189426e-02 8.4317458e-04 8.8758242e-01 7.1385033e-02],[9.999993e-01 7.069175e-07],"[7.6116762e-06 2.3177987e-05 2.0315948e-04 3.0617714e-03 2.0311111e-01
 6.6057020e-01 1.3135985e-01 1.6588167e-03 4.3445984e-06]"
/scratch/project_462000771/mengting/projects/bias/Qwen/chinese_prompt/selected_faces/detected_person/person_0814_face0.png,White,White,Male,50-59,"[9.8317385e-01 4.2746555e-07 6.5197032e-03 8.1177343e-05 1.4187139e-04
 1.1233938e-04 9.9705569e-03]",[9.9923140e-01 1.7244013e-06 4.2298084e-04 3.4389028e-04],[9.9988556e-01 1.1446347e-04],"[5.5596729e-06 1.0942718e-05 3.2985868e-04 4.1601466e-04 1.4436513e-02
 2.5032157e-01 6.8306047e-01 5.0758339e-02 6.6077308e-04]"
/scratch/project_462000771/mengting/projects/bias/Qwen/chinese_prompt/selected_faces/detected_person/person_0151_face0.png,White,White,Male,40-49,"[9.8955542e-01 1.2251226e-05 6.9434815e-03 1.2895262e-03 4.0607323e-04
 1.9303397e-05 1.7739563e-03]",[9.9809968e-01 6.4058463e-06 1.8664651e-03 2.7402899e-05],[0.9971148  0.00288519],"[1.20095865e-05 3.04455098e-05 5.45440125e-04 3.79191083e-03
 1.07763715e-01 5.96918762e-01 2.77389556e-01 1.33132720e-02
 2.34975087e-04]"
/scratch/project_462000771/mengting/projects/bias/Qwen/chinese_prompt/selected_faces/detected_person/person_0775_face0.png,Latino_Hispanic,Indian,Male,50-59,"[2.5625829e-02 1.5785842e-03 5.1212031e-01 3.9832681e-05 3.0037345e-04
 4.5679685e-01 3.5382325e-03]",[6.3396841e-02 5.7606823e-03 6.8062620e-04 9.3016189e-01],[9.9999756e-01 2.3819066e-06],"[8.5371457e-06 1.1628629e-05 1.9335498e-04 1.7907072e-04 1.0523515e-02
 2.0874478e-01 7.6964867e-01 1.0668530e-02 2.1978254e-05]"
/scratch/project_462000771/mengting/projects/bias/Qwen/chinese_prompt/selected_faces/detected_person/person_0826_face0.png,White,White,Male,40-49,"[9.9697739e-01 1.4005974e-06 1.1624064e-03 8.4534931e-06 1.5704185e-05
 6.9676418e-05 1.7650430e-03]",[9.9855840e-01 1.0150997e-04 3.7092832e-04 9.6920074e-04],[9.999758e-01 2.422913e-05],"[7.5956493e-08 4.7224995e-07 4.6540732e-05 1.7342696e-03 1.3243695e-01
 7.7249128e-01 9.2931353e-02 3.5600094e-04 3.0882209e-06]"
/scratch/project_462000771/mengting/projects/bias/Qwen/chinese_prompt/selected_faces/detected_person/person_0043_face0.png,East Asian,Asian,Male,20-29,"[5.0069379e-05 2.5822644e-06 1.2204552e-03 8.1419557e-01 1.8419895e-01
 3.1909894e-04 1.3314579e-05]",[4.2641965e-05 2.8168820e-06 9.9971306e-01 2.4152160e-04],[0.99863493 0.001365  ],"[4.14278588e-07 1.65147721e-04 1.08200915e-01 7.95133293e-01
 9.51302573e-02 1.36248569e-03 7.00532428e-06 4.65660662e-07
 6.97911062e-09]"
/scratch/project_462000771/mengting/projects/bias/Qwen/chinese_prompt/selected_faces/detected_person/person_0380_face0.png,East Asian,Asian,Male,20-29,"[5.15924592e-04 8.34954335e-06 2.22571716e-02 6.96703076e-01
 2.79636055e-01 7.66313577e-04 1.13047965e-04]",[1.3938469e-03 9.5064526e-05 9.9451780e-01 3.9932788e-03],[9.9999970e-01 2.4306027e-07],"[1.3425068e-07 1.7991037e-05 1.2969567e-02 6.1478698e-01 3.6087966e-01
 1.1248147e-02 9.5187279e-05 2.3264661e-06 1.1636663e-08]"
/scratch/project_462000771/mengting/projects/bias/Qwen/chinese_prompt/selected_faces/detected_person/person_0133_face0.png,Indian,Indian,Male,40-49,"[6.95083812e-02 6.70377314e-02 3.08895588e-01 1.31177285e-05
 9.96185627e-05 4.48736906e-01 1.05708547e-01]",[2.6594907e-01 1.8862306e-01 2.5575320e-04 5.4517210e-01],[9.9999344e-01 6.5911149e-06],"[3.7181857e-07 7.2912826e-07 4.5948720e-05 6.5931878e-03 3.5013974e-01
 5.6395578e-01 7.8920878e-02 3.4099683e-04 2.3878122e-06]"
/scratch/project_462000771/mengting/projects/bias/Qwen/chinese_prompt/selected_faces/detected_person/person_0596_face0.png,Black,Black,Male,20-29,"[5.6230169e-07 9.9997753e-01 7.5446765e-06 1.4951430e-06 3.0533213e-06
 9.7594011e-06 1.9388929e-07]",[1.0260800e-06 9.9979401e-01 9.7495875e-05 1.0750952e-04],[0.99682546 0.00317457],"[2.5483136e-04 1.9788636e-02 8.6589359e-02 5.6411523e-01 2.9151469e-01
 3.4988143e-02 2.4233763e-03 2.5394247e-04 7.1750932e-05]"
/scratch/project_462000771/mengting/projects/bias/Qwen/chinese_prompt/selected_faces/detected_person/person_0605_face0.png,White,White,Male,40-49,"[9.9858594e-01 4.3493671e-07 4.8911048e-04 8.4672820e-06 5.6340618e-06
 6.5472263e-06 9.0381032e-04]",[9.9959904e-01 1.7826356e-05 2.4467090e-04 1.3846434e-04],[9.9999821e-01 1.7615322e-06],"[3.9478264e-06 3.2120772e-06 5.2142084e-05 6.4189860e-04 7.2547212e-02
 6.5849614e-01 2.6455215e-01 3.6780946e-03 2.5268026e-05]"
/scratch/project_462000771/mengting/projects/bias/Qwen/chinese_prompt/selected_faces/detected_person/person_0537_face0.png,East Asian,Asian,Male,30-39,"[1.2725471e-03 2.2930925e-04 6.9985367e-02 4.7996235e-01 4.3582079e-01
 1.1637323e-02 1.0923715e-03]",[4.3355930e-03 5.8314041e-04 8.1038153e-01 1.8469967e-01],[1.000000e+00 8.420151e-09],"[5.1629456e-07 7.8140592e-06 4.0310176e-04 7.7086188e-02 7.0963359e-01
 2.0623627e-01 6.5426035e-03 8.9526278e-05 3.6010769e-07]"
/scratch/project_462000771/mengting/projects/bias/Qwen/chinese_prompt/selected_faces/detected_person/person_0373_face0.png,Indian,Indian,Male,20-29,"[8.4387208e-04 2.1498550e-02 9.0136752e-02 2.8186851e-05 5.0571404e-04
 8.3822095e-01 4.8765957e-02]",[5.1757460e-04 3.6355708e-02 5.1151175e-04 9.6261525e-01],[9.9999958e-01 4.1702376e-07],"[1.0125399e-06 1.0660837e-04 1.4219502e-02 6.5743637e-01 3.1452519e-01
 1.3586685e-02 1.2351183e-04 1.1214862e-06 1.4663223e-08]"
/scratch/project_462000771/mengting/projects/bias/Qwen/chinese_prompt/selected_faces/detected_person/person_0303_face0.png,White,White,Male,50-59,"[9.4437999e-01 6.9229595e-06 4.4164341e-02 1.7493163e-04 2.2791245e-04
 9.4670057e-04 1.0099179e-02]",[9.9935037e-01 2.1624551e-06 4.5204788e-04 1.9549511e-04],[9.9999803e-01 1.9926156e-06],"[1.7205912e-05 5.8546226e-05 7.7138940e-04 2.7858085e-04 9.4754864e-03
 1.9454291e-01 7.2478491e-01 6.9443598e-02 6.2736985e-04]"
/scratch/project_462000771/mengting/projects/bias/Qwen/chinese_prompt/selected_faces/detected_person/person_0973_face0.png,White,White,Male,50-59,"[9.6827292e-01 4.0486671e-06 1.3105756e-02 2.1158037e-04 3.0834100e-04
 5.9727504e-04 1.7500088e-02]",[9.9627364e-01 2.1687310e-05 1.0220511e-03 2.6825136e-03],[9.9999362e-01 6.3157004e-06],"[7.6484546e-05 6.7215537e-05 3.8817528e-04 9.1114554e-05 3.7740925e-03
 9.0766057e-02 7.5091708e-01 1.5239960e-01 1.5201438e-03]"
/scratch/project_462000771/mengting/projects/bias/Qwen/chinese_prompt/selected_faces/detected_person/person_0046_face0.png,White,White,Male,40-49,"[9.9457717e-01 1.1131566e-07 4.9444981e-05 6.1256941e-07 1.8986439e-06
 2.3284906e-06 5.3683813e-03]",[9.9948537e-01 2.5538095e-05 6.0649138e-05 4.2844919e-04],[9.9999571e-01 4.2771885e-06],"[6.5932437e-07 2.9537684e-06 2.7647594e-04 1.0283343e-02 2.0209189e-01
 7.1382028e-01 7.2761811e-02 7.5428182e-04 8.2725055e-06]"
/scratch/project_462000771/mengting/projects/bias/Qwen/chinese_prompt/selected_faces/detected_person/person_0060_face0.png,Indian,Indian,Male,40-49,"[1.7222029e-04 6.5876782e-04 2.3891153e-02 5.9208078e-06 2.2417399e-04
 9.7262043e-01 2.4272962e-03]",[2.1346563e-05 6.0568946e-05 1.7933836e-04 9.9973875e-01],[9.9999774e-01 2.3059990e-06],"[1.2270210e-06 8.2633942e-06 3.3123163e-04 1.8307367e-02 4.1689450e-01
 5.3775346e-01 2.6564306e-02 1.3831080e-04 1.3221046e-06]"
/scratch/project_462000771/mengting/projects/bias/Qwen/chinese_prompt/selected_faces/detected_person/person_0761_face0.png,White,White,Male,40-49,"[4.8274842e-01 7.6774115e-05 4.6909189e-01 8.6870445e-03 8.5777314e-03
 2.3684755e-02 7.1334192e-03]",[0.9091706  0.00128735 0.07346381 0.01607823],[9.999358e-01 6.417504e-05],"[3.2426626e-06 1.4950136e-05 1.1410947e-03 5.3292755e-03 2.0461424e-01
 6.4352840e-01 1.4415880e-01 1.2067701e-03 3.1683107e-06]"
/scratch/project_462000771/mengting/projects/bias/Qwen/chinese_prompt/selected_faces/detected_person/person_0230_face0.png,Latino_Hispanic,Black,Male,20-29,"[0.01426501 0.02398782 0.73189235 0.00078292 0.00957006 0.16451435
 0.05498738]",[0.02445097 0.5056623  0.01795692 0.45192978],[9.9999386e-01 6.1836072e-06],"[3.8299083e-07 1.5871668e-04 1.0519470e-01 7.9078156e-01 1.0202843e-01
 1.8226098e-03 1.3321130e-05 2.4240754e-07 4.0477128e-09]"
/scratch/project_462000771/mengting/projects/bias/Qwen/chinese_prompt/selected_faces/detected_person/person_0659_face0.png,Southeast Asian,Asian,Female,30-39,"[1.09358836e-04 3.36125074e-03 3.25931013e-02 4.72840033e-02
 8.41671228e-01 7.49088153e-02 7.22479817e-05]",[5.52303856e-04 9.29910969e-03 8.66083503e-01 1.24065034e-01],[0.1531642  0.84683585],"[1.4396372e-06 5.9246981e-05 6.6655860e-03 1.4199543e-01 6.1003780e-01
 2.3090200e-01 1.0178127e-02 1.5816970e-04 2.1557623e-06]"
/scratch/project_462000771/mengting/projects/bias/Qwen/chinese_prompt/selected_faces/detected_person/person_0363_face0.png,Latino_Hispanic,White,Male,30-39,"[1.9948985e-01 2.2458889e-04 5.2064192e-01 3.2853251e-04 4.7586230e-04
 4.9499452e-02 2.2933982e-01]",[0.8293085  0.01103727 0.0067468  0.15290742],[9.9999893e-01 1.0336686e-06],"[4.2055585e-06 5.1330680e-05 3.7089079e-03 8.1957094e-02 6.4146233e-01
 2.6538539e-01 7.3821694e-03 4.8371348e-05 1.9104017e-07]"
/scratch/project_462000771/mengting/projects/bias/Qwen/chinese_prompt/selected_faces/detected_person/person_0134_face0.png,White,White,Male,40-49,"[9.9520886e-01 2.1251810e-06 2.5625583e-03 8.7763002e-04 4.5061679e-04
 2.2896742e-04 6.6917995e-04]",[9.8876864e-01 5.9402144e-05 6.5595438e-03 4.6124016e-03],[9.9999988e-01 1.0845305e-07],"[1.9932890e-05 1.1336458e-04 1.2194355e-03 4.9267956e-03 1.2047007e-01
 5.0415969e-01 3.6126447e-01 7.7751381e-03 5.1125444e-05]"
/scratch/project_462000771/mengting/projects/bias/Qwen/chinese_prompt/selected_faces/detected_person/person_0305_face0.png,White,White,Male,40-49,"[9.9823195e-01 6.1627347e-08 9.6180936e-04 3.0711035e-06 6.6561824e-06
 4.7533911e-05 7.4887829e-04]",[9.9981636e-01 2.9634596e-06 5.6253011e-05 1.2429799e-04],[9.999930e-01 6.960039e-06],"[1.4287411e-06 2.2716178e-05 2.4097669e-03 7.6002157e-03 1.5423457e-01
 7.2180372e-01 1.1300373e-01 9.1709226e-04 6.7360579e-06]"
/scratch/project_462000771/mengting/projects/bias/Qwen/chinese_prompt/selected_faces/detected_person/person_0350_face0.png,Black,Black,Male,40-49,"[2.4128911e-05 9.6559983e-01 3.2150396e-03 5.2433339e-04 2.1988856e-02
 8.6354874e-03 1.2379281e-05]",[7.651381e-05 9.023299e-01 9.407282e-02 3.520686e-03],[0.65736395 0.34263602],"[9.8591931e-07 1.3897800e-05 2.4477455e-03 7.0418142e-02 4.0538642e-01
 4.3385404e-01 8.6182922e-02 1.6123360e-03 8.3589788e-05]"
/scratch/project_462000771/mengting/projects/bias/Qwen/chinese_prompt/selected_faces/detected_person/person_0846_face0.png,White,White,Male,30-39,"[6.5558809e-01 4.9635717e-05 1.2926000e-01 2.5232795e-05 1.5398271e-04
 3.3232940e-03 2.1159983e-01]",[9.9205005e-01 9.7221848e-05 4.3534563e-04 7.4173873e-03],[9.9999964e-01 3.4831135e-07],"[2.6671566e-07 2.4769979e-06 1.7353328e-04 1.5275548e-02 5.3721488e-01
 4.3566224e-01 1.1635600e-02 3.5209054e-05 1.9047535e-07]"
/scratch/project_462000771/mengting/projects/bias/Qwen/chinese_prompt/selected_faces/detected_person/person_0237_face0.png,Latino_Hispanic,White,Male,30-39,"[3.9692643e-01 1.8399385e-04 5.7005191e-01 1.8435346e-03 3.6196487e-03
 4.1170996e-03 2.3257380e-02]",[0.9877934  0.00113703 0.00474124 0.0063283 ],[9.9999839e-01 1.6329441e-06],"[9.1429413e-08 6.1081632e-06 1.0462677e-02 4.5548302e-01 5.0439167e-01
 2.9430529e-02 2.2446710e-04 1.4321525e-06 1.2513538e-08]"
/scratch/project_462000771/mengting/projects/bias/Qwen/chinese_prompt/selected_faces/detected_person/person_0729_face0.png,White,White,Male,40-49,"[9.9961489e-01 2.7510225e-08 1.3654407e-04 5.4016200e-06 3.6937729e-06
 3.0400711e-06 2.3644020e-04]",[9.9995035e-01 4.5990907e-07 1.7941775e-05 3.1207259e-05],[9.9999917e-01 8.2792883e-07],"[3.7949292e-08 7.9817789e-07 3.6324369e-04 1.4463821e-02 3.5899806e-01
 5.9590054e-01 3.0126307e-02 1.4636088e-04 7.9144991e-07]"
/scratch/project_462000771/mengting/projects/bias/Qwen/chinese_prompt/selected_faces/detected_person/person_0056_face0.png,White,White,Male,30-39,"[9.7620130e-01 2.3551263e-06 3.7019746e-03 9.1208885e-06 2.2391860e-05
 7.3132780e-04 1.9331569e-02]",[9.2550367e-01 3.1078398e-05 1.2184639e-04 7.4343465e-02],[9.9991757e-01 8.2486382e-05],"[1.8889691e-06 5.4311931e-05 4.4523021e-03 2.0148961e-01 6.3922459e-01
 1.5236224e-01 2.3986902e-03 1.5971393e-05 3.1183018e-07]"
/scratch/project_462000771/mengting/projects/bias/Qwen/chinese_prompt/selected_faces/detected_person/person_0963_face0.png,White,White,Male,50-59,"[9.9976987e-01 1.8333331e-08 6.5496744e-05 2.4723261e-06 2.2308905e-06
 1.1354404e-06 1.5879290e-04]",[9.9970984e-01 8.4829816e-07 2.7218121e-04 1.7078879e-05],[9.9998677e-01 1.3275682e-05],"[4.3010078e-07 8.4099776e-07 1.0970740e-04 4.4884291e-04 1.9681821e-02
 3.2767823e-01 6.2707871e-01 2.4790129e-02 2.1129409e-04]"
/scratch/project_462000771/mengting/projects/bias/Qwen/chinese_prompt/selected_faces/detected_person/person_0634_face0.png,White,White,Male,30-39,"[8.1212980e-01 4.7085639e-05 4.6408940e-02 3.6185174e-05 1.2176358e-04
 2.5669441e-03 1.3868931e-01]",[9.6729761e-01 4.1587144e-04 8.0996566e-04 3.1476561e-02],[9.999642e-01 3.583204e-05],"[3.9156259e-07 2.8494248e-06 7.1102747e-04 1.6269682e-01 7.4919224e-01
 8.6925074e-02 4.7040608e-04 1.2288448e-06 1.5191338e-08]"
/scratch/project_462000771/mengting/projects/bias/Qwen/chinese_prompt/selected_faces/detected_person/person_0864_face0.png,Southeast Asian,Asian,Female,30-39,"[8.5621426e-04 5.8943633e-04 4.9469721e-02 7.5322941e-02 8.6401069e-01
 9.4052516e-03 3.4575109e-04]",[0.00247772 0.01802484 0.97548497 0.00401239],[0.01282098 0.987179  ],"[2.6703808e-07 1.0756797e-05 2.0838059e-03 8.7076053e-02 6.6377610e-01
 2.2849870e-01 1.8298144e-02 2.5268798e-04 3.4485774e-06]"
/scratch/project_462000771/mengting/projects/bias/Qwen/chinese_prompt/selected_faces/detected_person/person_0917_face0.png,White,White,Male,40-49,"[4.9754813e-01 3.9582563e-04 4.6047124e-01 1.9642166e-03 1.3368801e-03
 1.3636966e-02 2.4646644e-02]",[0.93606454 0.00431541 0.00229845 0.05732167],[9.9998206e-01 1.7908969e-05],"[4.0997347e-05 4.4318454e-05 5.1751424e-04 3.1736535e-03 1.8771063e-01
 6.1674279e-01 1.8984371e-01 1.9207516e-03 5.6051804e-06]"
/scratch/project_462000771/mengting/projects/bias/Qwen/chinese_prompt/selected_faces/detected_person/person_0519_face0.png,Middle Eastern,White,Male,30-39,"[3.4983295e-01 3.3109529e-05 2.8818710e-02 3.5550856e-05 6.5012478e-05
 1.6136898e-03 6.1960101e-01]",[9.8396212e-01 1.4579872e-05 1.7386363e-04 1.5849419e-02],[9.9999607e-01 3.9282354e-06],"[1.4647483e-06 5.1748220e-06 3.4580211e-04 5.2771412e-02 7.3913789e-01
 2.0549914e-01 2.2296382e-03 9.3632325e-06 8.2749551e-08]"
/scratch/project_462000771/mengting/projects/bias/Qwen/chinese_prompt/selected_faces/detected_person/person_0120_face0.png,Latino_Hispanic,Indian,Male,20-29,"[0.08362154 0.00089283 0.87627566 0.00148213 0.00423824 0.02118556
 0.01230403]",[0.19724008 0.15282765 0.01766095 0.6322713 ],[9.9990517e-01 9.4820447e-05],"[2.4303265e-06 2.9696009e-04 9.6872941e-02 6.5424967e-01 2.3426017e-01
 1.4107565e-02 2.0842080e-04 1.9031462e-06 3.1047286e-08]"
/scratch/project_462000771/mengting/projects/bias/Qwen/chinese_prompt/selected_faces/detected_person/person_0768_face0.png,White,White,Male,50-59,"[9.8298216e-01 1.1913256e-06 3.3660792e-04 4.2247168e-05 3.4301804e-05
 3.1481351e-05 1.6571898e-02]",[9.9974501e-01 3.2880885e-06 3.3845161e-05 2.1788110e-04],[9.9993354e-01 6.6469358e-05],"[8.1346152e-06 8.8489651e-06 1.2494736e-04 5.9201833e-05 1.1403399e-03
 4.4376597e-02 6.8270063e-01 2.6046795e-01 1.1113312e-02]"
/scratch/project_462000771/mengting/projects/bias/Qwen/chinese_prompt/selected_faces/detected_person/person_0214_face0.png,White,White,Male,30-39,"[6.1846948e-01 1.1698230e-03 7.7652983e-02 4.0740037e-05 2.6290372e-04
 2.6219045e-03 2.9978213e-01]",[0.9668367  0.00140063 0.00178879 0.02997385],[9.9999988e-01 1.3562233e-07],"[3.03803313e-06 2.34767413e-05 6.99070224e-04 4.07292992e-02
 5.88571131e-01 3.59527707e-01 1.03307283e-02 1.14399045e-04
 1.16252488e-06]"
/scratch/project_462000771/mengting/projects/bias/Qwen/chinese_prompt/selected_faces/detected_person/person_0024_face0.png,White,White,Male,30-39,"[9.9974775e-01 7.0486199e-09 1.5595735e-05 1.4768400e-06 2.1971725e-06
 2.7627337e-07 2.3282239e-04]",[9.9995297e-01 4.4840638e-07 4.2019037e-05 4.5046618e-06],[9.9997222e-01 2.7719778e-05],"[4.7388710e-07 1.5396941e-05 8.5430976e-04 8.5582979e-02 7.9288775e-01
 1.2004742e-01 6.1005453e-04 1.5369824e-06 2.9127797e-08]"
/scratch/project_462000771/mengting/projects/bias/Qwen/chinese_prompt/selected_faces/detected_person/person_0547_face0.png,White,White,Male,30-39,"[5.6763780e-01 1.6556247e-05 2.3446777e-01 1.0944639e-03 6.2433054e-04
 5.1562846e-02 1.4459632e-01]",[9.5881963e-01 2.5043275e-05 2.0345382e-03 3.9120808e-02],[9.9998266e-01 1.7357339e-05],"[8.1995850e-06 4.0058596e-05 1.7510745e-03 2.7326059e-01 6.9390196e-01
 3.0876100e-02 1.6088458e-04 1.0983489e-06 9.2199706e-09]"
/scratch/project_462000771/mengting/projects/bias/Qwen/chinese_prompt/selected_faces/detected_person/person_0255_face0.png,White,White,Male,40-49,"[9.9358898e-01 3.0334570e-06 1.5850305e-03 2.6727252e-05 7.9250312e-05
 5.5122608e-05 4.6618716e-03]",[9.9781132e-01 3.2836626e-05 1.9333836e-04 1.9624978e-03],[9.9996608e-01 3.3947523e-05],"[8.7465278e-06 8.5236257e-05 2.2360326e-03 3.5465948e-02 4.0374720e-01
 5.2370626e-01 3.4378480e-02 3.6572063e-04 6.3771827e-06]"
/scratch/project_462000771/mengting/projects/bias/Qwen/chinese_prompt/selected_faces/detected_person/person_0492_face0.png,Indian,Indian,Male,30-39,"[1.0962574e-03 9.8140389e-03 1.6548820e-01 2.7321096e-04 4.7513861e-03
 8.1634885e-01 2.2280805e-03]",[0.00320844 0.07018552 0.00340627 0.9231998 ],[9.9996072e-01 3.9274695e-05],"[2.09802365e-05 2.61833658e-04 1.05243148e-02 2.15395972e-01
 6.48100793e-01 1.21709995e-01 3.91972484e-03 6.53087918e-05
 1.06364155e-06]"
/scratch/project_462000771/mengting/projects/bias/Qwen/chinese_prompt/selected_faces/detected_person/person_0802_face0.png,White,White,Male,20-29,"[9.7584003e-01 2.8922464e-05 7.1627968e-03 1.1530789e-05 2.8719505e-05
 5.5359731e-05 1.6872633e-02]",[9.9832523e-01 1.6492810e-04 1.9829570e-04 1.3115744e-03],[9.999958e-01 4.218637e-06],"[2.4431392e-08 7.4528457e-06 8.5422546e-03 7.8525847e-01 2.0448074e-01
 1.7085504e-03 2.5433960e-06 1.2361570e-08 2.7051184e-10]"
/scratch/project_462000771/mengting/projects/bias/Qwen/chinese_prompt/selected_faces/detected_person/person_0199_face0.png,White,White,Male,30-39,"[9.9930310e-01 8.3667487e-08 2.5411492e-04 1.2479992e-05 1.6864014e-05
 1.2055208e-05 4.0126080e-04]",[9.9871761e-01 5.7446546e-06 5.5284129e-04 7.2377990e-04],[0.89288694 0.10711307],"[3.6427701e-07 1.0190527e-05 1.4194635e-03 9.5469430e-02 5.2905422e-01
 3.6324534e-01 1.0732750e-02 6.6265922e-05 1.9231679e-06]"
/scratch/project_462000771/mengting/projects/bias/Qwen/chinese_prompt/selected_faces/detected_person/person_0680_face0.png,Latino_Hispanic,White,Male,40-49,"[1.6239928e-01 2.4672790e-04 7.7185392e-01 1.3338783e-03 2.9345439e-03
 2.4712615e-02 3.6519036e-02]",[8.2969761e-01 1.2474564e-04 5.0259638e-03 1.6515172e-01],[9.9998355e-01 1.6433958e-05],"[1.0131674e-04 3.3155992e-04 2.3953929e-03 7.8051132e-03 2.6986089e-01
 5.5669993e-01 1.6159517e-01 1.2055278e-03 5.0745889e-06]"
/scratch/project_462000771/mengting/projects/bias/Qwen/chinese_prompt/selected_faces/detected_person/person_0845_face0.png,East Asian,Asian,Male,20-29,"[6.8986948e-05 3.1461659e-06 2.5445621e-03 7.8259104e-01 2.1448568e-01
 2.9078350e-04 1.5820131e-05]",[1.4036291e-04 6.3900108e-05 9.9767017e-01 2.1255806e-03],[9.9998516e-01 1.4874639e-05],"[1.35405514e-07 5.21260481e-05 4.35166061e-02 8.37660015e-01
 1.17340155e-01 1.42371445e-03 6.96028110e-06 3.21628704e-07
 2.89439739e-09]"
/scratch/project_462000771/mengting/projects/bias/Qwen/chinese_prompt/selected_faces/detected_person/person_0295_face0.png,Indian,Indian,Male,50-59,"[2.1597536e-03 8.2478337e-03 2.2524223e-01 2.1995340e-05 6.5885560e-04
 7.6094639e-01 2.7229262e-03]",[1.9135028e-03 6.2379497e-03 7.4478297e-04 9.9110377e-01],[9.9998003e-01 1.9931709e-05],"[8.0011290e-05 1.6508320e-04 7.4149383e-04 5.1467621e-04 1.9276863e-02
 2.9127017e-01 6.7029959e-01 1.7485892e-02 1.6626179e-04]"
/scratch/project_462000771/mengting/projects/bias/Qwen/chinese_prompt/selected_faces/detected_person/person_0511_face0.png,Southeast Asian,Asian,Male,30-39,"[2.0952092e-03 8.6775624e-05 7.5123042e-02 3.4887600e-01 5.6295359e-01
 8.7469527e-03 2.1183805e-03]",[2.8348113e-03 2.8456521e-04 9.7373283e-01 2.3147814e-02],[9.9999475e-01 5.2051946e-06],"[7.3409507e-07 1.2679030e-05 2.1406640e-03 1.9175045e-01 7.1641278e-01
 8.8217340e-02 1.4478159e-03 1.7512075e-05 1.3247391e-07]"
/scratch/project_462000771/mengting/projects/bias/Qwen/chinese_prompt/selected_faces/detected_person/person_0370_face0.png,White,White,Male,30-39,"[8.0164266e-01 1.8571173e-04 1.5891941e-01 7.1111717e-03 4.5917351e-03
 3.2991571e-03 2.4250170e-02]",[9.8525888e-01 5.2960630e-04 6.9773938e-03 7.2341096e-03],[9.9999791e-01 2.0613677e-06],"[5.6580558e-07 1.5890017e-05 1.8179597e-03 1.1179525e-01 7.3324072e-01
 1.5018007e-01 2.9348177e-03 1.4633679e-05 9.8192842e-08]"
/scratch/project_462000771/mengting/projects/bias/Qwen/chinese_prompt/selected_faces/detected_person/person_0675_face0.png,Middle Eastern,White,Male,30-39,"[2.4753959e-01 3.8713344e-05 6.2316686e-02 4.1844989e-05 7.5042575e-05
 2.1748259e-03 6.8781328e-01]",[9.8787981e-01 1.5740798e-04 1.1887156e-04 1.1843927e-02],[9.9998701e-01 1.2955351e-05],"[1.4310342e-06 8.1094331e-06 3.1444957e-04 4.8349462e-02 7.8429848e-01
 1.6546220e-01 1.5579294e-03 7.8460589e-06 5.3817871e-08]"
/scratch/project_462000771/mengting/projects/bias/Qwen/chinese_prompt/selected_faces/detected_person/person_0852_face0.png,White,White,Male,40-49,"[9.7623980e-01 1.3658791e-05 8.5712429e-03 1.1596826e-04 3.0328147e-04
 1.9739452e-03 1.2782124e-02]",[9.8199612e-01 9.8703844e-05 3.4608683e-03 1.4444309e-02],[9.9977171e-01 2.2828305e-04],"[2.53084886e-06 8.90119554e-06 3.12091957e-04 1.46583291e-02
 3.04942757e-01 5.99553049e-01 7.98271224e-02 6.85257837e-04
 1.00050165e-05]"
/scratch/project_462000771/mengting/projects/bias/Qwen/chinese_prompt/selected_faces/detected_person/person_0884_face0.png,Indian,Indian,Female,20-29,"[0.03968416 0.12487014 0.2596455  0.00563286 0.01107445 0.5570457
 0.00204717]",[0.06909779 0.29047897 0.01886056 0.62156266],[2.4424374e-04 9.9975574e-01],"[9.3001283e-08 1.2547507e-05 4.7913394e-03 5.3167492e-01 4.4943255e-01
 1.3823836e-02 2.6308850e-04 1.6556787e-06 1.0867930e-08]"
/scratch/project_462000771/mengting/projects/bias/Qwen/chinese_prompt/selected_faces/detected_person/person_0280_face0.png,East Asian,Asian,Female,30-39,"[1.0226062e-03 1.3119557e-04 2.4067391e-02 4.8414528e-01 4.7488850e-01
 1.5579404e-02 1.6573298e-04]",[1.9065569e-04 1.5818774e-04 9.8700124e-01 1.2649975e-02],[9.2958816e-04 9.9907041e-01],"[4.1049759e-07 2.7659155e-05 9.8525062e-03 4.6036342e-01 4.7597846e-01
 5.2391287e-02 1.3162730e-03 6.9195550e-05 8.1307758e-07]"
/scratch/project_462000771/mengting/projects/bias/Qwen/chinese_prompt/selected_faces/detected_person/person_0481_face0.png,White,White,Male,50-59,"[9.9956560e-01 9.0189474e-08 8.9180903e-05 2.4178710e-06 3.3761785e-06
 6.4296996e-06 3.3296848e-04]",[9.9977577e-01 5.4350580e-06 2.1809039e-05 1.9696951e-04],[9.9998826e-01 1.1793322e-05],"[1.4065737e-05 5.2241390e-05 1.1297042e-03 7.9310173e-04 1.7561780e-02
 3.1764215e-01 6.2707859e-01 3.5338491e-02 3.8987372e-04]"
/scratch/project_462000771/mengting/projects/bias/Qwen/chinese_prompt/selected_faces/detected_person/person_0780_face0.png,East Asian,Asian,Male,40-49,"[2.8581703e-03 1.0229240e-04 1.4348395e-01 5.6969547e-01 2.7621144e-01
 6.3858689e-03 1.2627867e-03]",[5.2922280e-03 6.4204498e-05 9.8361355e-01 1.1030018e-02],[9.9999964e-01 3.0846144e-07],"[9.6160838e-06 3.9505259e-05 4.3290009e-04 3.8186095e-03 1.7980510e-01
 5.6195647e-01 2.4563351e-01 8.2817730e-03 2.2598402e-05]"
/scratch/project_462000771/mengting/projects/bias/Qwen/chinese_prompt/selected_faces/detected_person/person_0567_face0.png,White,White,Male,20-29,"[7.25147069e-01 7.95447195e-05 1.58620477e-01 1.55773843e-04
 4.66951751e-04 2.43986561e-03 1.13090344e-01]",[9.8187751e-01 2.3593901e-04 1.2899035e-03 1.6596688e-02],[9.9991405e-01 8.5931752e-05],"[1.3519040e-07 7.6720562e-06 5.2367244e-03 6.2974018e-01 3.6045748e-01
 4.5473422e-03 1.0433876e-05 8.7959933e-08 1.4220870e-09]"
/scratch/project_462000771/mengting/projects/bias/Qwen/chinese_prompt/selected_faces/detected_person/person_0844_face0.png,White,White,Male,30-39,"[9.4804716e-01 5.9082813e-06 4.4645745e-02 4.1597456e-04 3.2652280e-04
 1.3956730e-03 5.1629739e-03]",[9.9973559e-01 2.3014672e-06 6.2038147e-05 2.0016746e-04],[9.9998331e-01 1.6701502e-05],"[6.9103072e-07 2.5185624e-05 3.1126328e-03 1.4195918e-01 7.5021064e-01
 1.0345523e-01 1.2325465e-03 3.7947348e-06 4.0094513e-08]"
/scratch/project_462000771/mengting/projects/bias/Qwen/chinese_prompt/selected_faces/detected_person/person_0663_face0.png,Southeast Asian,Asian,Male,50-59,"[7.4563792e-04 5.7998542e-03 3.8145047e-02 4.2340651e-01 5.2782005e-01
 3.6359192e-03 4.4697706e-04]",[2.4536031e-04 3.9251843e-03 9.8633063e-01 9.4988570e-03],[9.9996734e-01 3.2686930e-05],"[8.5609499e-06 1.2363187e-05 2.3239292e-04 3.2356745e-03 6.3869432e-02
 3.9668241e-01 4.4134912e-01 9.2404775e-02 2.2052838e-03]"
/scratch/project_462000771/mengting/projects/bias/Qwen/chinese_prompt/selected_faces/detected_person/person_0194_face0.png,White,White,Male,30-39,"[8.3131200e-01 7.9475094e-06 1.2647700e-01 1.9177353e-03 1.0141698e-03
 7.0348377e-03 3.2236326e-02]",[9.9456060e-01 1.0064978e-05 6.7960366e-04 4.7496720e-03],[9.9999738e-01 2.6207663e-06],"[5.0755455e-07 8.2395991e-06 1.2125595e-03 5.0741706e-02 7.0721370e-01
 2.3768419e-01 3.1257335e-03 1.3252417e-05 8.6740812e-08]"
/scratch/project_462000771/mengting/projects/bias/Qwen/chinese_prompt/selected_faces/detected_person/person_0457_face0.png,White,White,Male,40-49,"[9.7651100e-01 2.4428211e-06 1.6280875e-02 7.6538249e-04 5.7880307e-04
 3.6216818e-04 5.4992917e-03]",[9.9856877e-01 5.1748043e-06 6.7237928e-04 7.5366563e-04],[9.9995357e-01 4.6403919e-05],"[1.6413629e-06 4.5450797e-06 1.4792194e-04 7.4758555e-04 4.2415623e-02
 5.6154323e-01 3.8851455e-01 6.5851337e-03 3.9914950e-05]"
/scratch/project_462000771/mengting/projects/bias/Qwen/chinese_prompt/selected_faces/detected_person/person_0361_face0.png,White,White,Male,30-39,"[9.9690706e-01 3.0523404e-07 3.0426221e-04 4.4513072e-06 8.0076452e-06
 2.6880471e-06 2.7732248e-03]",[9.99586403e-01 1.47925693e-05 1.18328564e-04 2.80527922e-04],[9.999996e-01 4.127425e-07],"[8.1220612e-08 1.9866188e-06 2.6462614e-03 2.0218834e-01 6.7417371e-01
 1.1969873e-01 1.2824461e-03 8.3409022e-06 5.4898468e-08]"
/scratch/project_462000771/mengting/projects/bias/Qwen/chinese_prompt/selected_faces/detected_person/person_0341_face0.png,White,White,Male,30-39,"[9.9942219e-01 1.7686767e-07 2.0225823e-04 1.3962528e-05 1.2727352e-05
 2.5477455e-05 3.2320150e-04]",[9.9889851e-01 3.1973581e-05 1.2346546e-04 9.4605528e-04],[9.999165e-01 8.348315e-05],"[5.6482378e-08 8.9703582e-07 2.6890106e-04 7.9315424e-02 6.7279118e-01
 2.4263182e-01 4.9758917e-03 1.5400092e-05 2.9773759e-07]"
/scratch/project_462000771/mengting/projects/bias/Qwen/chinese_prompt/selected_faces/detected_person/person_0888_face0.png,Indian,Indian,Male,40-49,"[3.2781225e-04 1.6189190e-03 3.5391733e-02 1.4651282e-05 3.6860284e-04
 9.6097285e-01 1.3055170e-03]",[2.4672740e-04 6.4854266e-04 1.9646224e-04 9.9890828e-01],[9.9999714e-01 2.8219110e-06],"[4.4892801e-04 9.9476222e-03 8.3549753e-02 3.6676873e-02 2.0429854e-01
 4.7288984e-01 1.8533893e-01 6.7743803e-03 7.5159282e-05]"
/scratch/project_462000771/mengting/projects/bias/Qwen/chinese_prompt/selected_faces/detected_person/person_0581_face0.png,Latino_Hispanic,Indian,Male,30-39,"[0.12387381 0.00217828 0.6033107  0.00079254 0.00174195 0.03829467
 0.22980812]",[0.34149086 0.00220139 0.00520055 0.65110713],[9.9999869e-01 1.2812474e-06],"[5.7454931e-06 4.9754359e-05 1.0100830e-03 1.0255034e-01 7.3935831e-01
 1.5488301e-01 2.1310162e-03 1.1713447e-05 1.1945494e-07]"
/scratch/project_462000771/mengting/projects/bias/Qwen/chinese_prompt/selected_faces/detected_person/person_0736_face0.png,Latino_Hispanic,Indian,Male,40-49,"[0.00504954 0.02730763 0.63745475 0.00634977 0.06373567 0.25688842
 0.0032142 ]",[0.00453912 0.04634042 0.08127705 0.8678434 ],[9.9994034e-01 5.9666178e-05],"[1.1692210e-05 4.2314408e-05 1.2389547e-03 1.4562910e-02 2.6522255e-01
 5.6466705e-01 1.5213297e-01 2.0931701e-03 2.8310442e-05]"
/scratch/project_462000771/mengting/projects/bias/Qwen/chinese_prompt/selected_faces/detected_person/person_0160_face0.png,Latino_Hispanic,White,Male,20-29,"[0.0651669  0.01470797 0.8648564  0.00147345 0.01228386 0.00953735
 0.03197403]",[0.6005198  0.21710508 0.08006656 0.10230866],[9.9988723e-01 1.1274329e-04],"[9.3371384e-08 7.2479374e-06 7.1845734e-03 4.9546444e-01 4.8093304e-01
 1.6333340e-02 7.6489712e-05 6.7394166e-07 9.7356754e-09]"
/scratch/project_462000771/mengting/projects/bias/Qwen/chinese_prompt/selected_faces/detected_person/person_0703_face0.png,Indian,Indian,Male,30-39,"[6.7352448e-05 4.1882064e-02 1.1301849e-02 3.0375162e-05 2.3987980e-03
 9.4410014e-01 2.1940276e-04]",[1.0096617e-04 3.4261931e-02 1.2630703e-03 9.6437401e-01],[9.9999940e-01 5.8642473e-07],"[2.8613474e-07 1.5982347e-05 2.7686963e-03 3.3986893e-01 6.1095327e-01
 4.5907490e-02 4.8383963e-04 1.5507737e-06 2.9546088e-08]"
/scratch/project_462000771/mengting/projects/bias/Qwen/chinese_prompt/selected_faces/detected_person/person_0752_face0.png,Southeast Asian,Asian,Female,20-29,"[1.5724730e-03 2.4483204e-05 6.1057555e-03 4.6506202e-01 5.2589083e-01
 1.0039699e-03 3.4041912e-04]",[8.6511904e-03 9.9447541e-05 9.8887068e-01 2.3786547e-03],[0.00132627 0.9986737 ],"[2.6077510e-07 1.2123343e-04 7.7772945e-02 8.5522461e-01 6.6398077e-02
 4.8095436e-04 1.8769290e-06 8.2494189e-08 1.3686908e-09]"
/scratch/project_462000771/mengting/projects/bias/Qwen/chinese_prompt/selected_faces/detected_person/person_0793_face0.png,White,White,Male,20-29,"[8.5389471e-01 3.6978028e-05 6.0424287e-02 1.1810665e-03 1.3630551e-03
 1.1702325e-03 8.1929676e-02]",[9.7924268e-01 7.0795890e-05 9.4894934e-03 1.1197022e-02],[0.9979521  0.00204792],"[1.7597018e-06 4.1477208e-04 1.6337031e-01 5.8391505e-01 2.1942233e-01
 3.1997975e-02 8.6136989e-04 1.6002363e-05 4.5110076e-07]"
/scratch/project_462000771/mengting/projects/bias/Qwen/chinese_prompt/selected_faces/detected_person/person_0323_face0.png,Middle Eastern,White,Male,20-29,"[2.0376395e-01 2.0550939e-05 4.0028367e-02 9.5645100e-06 6.1124520e-05
 5.1602651e-03 7.5095624e-01]",[9.1846025e-01 3.6184888e-04 6.3549756e-04 8.0542460e-02],[9.9999988e-01 1.4032011e-07],"[4.2472703e-08 5.4367574e-06 1.4299620e-02 7.9485345e-01 1.8883720e-01
 2.0005968e-03 3.5862963e-06 4.9680914e-08 4.4066176e-10]"
/scratch/project_462000771/mengting/projects/bias/Qwen/chinese_prompt/selected_faces/detected_person/person_0791_face0.png,White,White,Male,40-49,"[8.3891654e-01 8.5721273e-05 1.2536165e-01 3.5234119e-03 2.4815788e-03
 1.0237739e-02 1.9393392e-02]",[0.86718696 0.0010563  0.00392396 0.12783287],[9.9998569e-01 1.4303007e-05],"[5.1376051e-06 1.5088033e-05 3.5045855e-04 1.0570707e-02 3.2477590e-01
 6.2108314e-01 4.2968921e-02 2.2925291e-04 1.3670870e-06]"
/scratch/project_462000771/mengting/projects/bias/Qwen/chinese_prompt/selected_faces/detected_person/person_0986_face0.png,Indian,Indian,Male,20-29,"[9.7082398e-04 7.4243307e-04 7.5957924e-02 8.7241940e-03 1.5557966e-01
 7.5689095e-01 1.1340519e-03]",[0.00304814 0.00712575 0.09051187 0.8993143 ],[9.9999654e-01 3.4767284e-06],"[3.8227574e-07 1.6842784e-03 4.5655048e-01 5.3536701e-01 6.3511482e-03
 4.6537152e-05 1.2597187e-07 5.5044027e-09 8.9049913e-11]"
/scratch/project_462000771/mengting/projects/bias/Qwen/chinese_prompt/selected_faces/detected_person/person_0900_face0.png,Latino_Hispanic,Indian,Female,20-29,"[0.02947193 0.00058601 0.51752377 0.02826775 0.08807281 0.3162601
 0.01981766]",[0.03167147 0.00209394 0.00927924 0.9569553 ],[0.00305274 0.9969473 ],"[1.9539788e-08 5.3811800e-05 7.5213410e-02 8.5230601e-01 7.1907751e-02
 5.1693519e-04 1.9825750e-06 3.3258019e-08 4.3602549e-10]"
/scratch/project_462000771/mengting/projects/bias/Qwen/chinese_prompt/selected_faces/detected_person/person_0521_face0.png,White,White,Male,30-39,"[9.8838270e-01 5.8832356e-06 5.5616614e-03 2.0537251e-05 9.2392373e-05
 9.9651807e-05 5.8370447e-03]",[9.9963331e-01 6.1173174e-05 2.2191803e-04 8.3650091e-05],[9.9999994e-01 4.4308266e-08],"[9.3573749e-07 2.7825430e-05 2.8452824e-03 1.1085260e-01 6.2995690e-01
 2.5098678e-01 5.2913395e-03 3.8057184e-05 2.6391902e-07]"
/scratch/project_462000771/mengting/projects/bias/Qwen/chinese_prompt/selected_faces/detected_person/person_0219_face0.png,Southeast Asian,Asian,Male,40-49,"[1.8403649e-02 3.4174678e-04 3.1412965e-01 2.3448272e-01 3.7462336e-01
 5.1397115e-02 6.6217724e-03]",[0.05059733 0.0010139  0.8314623  0.11692651],[9.9962735e-01 3.7264350e-04],"[2.1759101e-06 2.1713320e-05 7.7626767e-04 1.6046319e-02 3.1983072e-01
 5.5836982e-01 1.0285481e-01 2.0736991e-03 2.4561477e-05]"
/scratch/project_462000771/mengting/projects/bias/Qwen/chinese_prompt/selected_faces/detected_person/person_0382_face0.png,White,White,Male,30-39,"[9.8399609e-01 3.5173667e-05 1.1668990e-02 6.2177409e-05 1.4234257e-04
 6.8973482e-04 3.4055009e-03]",[9.9513710e-01 4.7708218e-04 2.3540687e-04 4.1504526e-03],[9.99890685e-01 1.09332344e-04],"[1.5165399e-07 1.1322199e-06 2.1822906e-04 3.9068494e-02 5.7968974e-01
 3.6258161e-01 1.8355776e-02 8.3448889e-05 1.3591150e-06]"
/scratch/project_462000771/mengting/projects/bias/Qwen/chinese_prompt/selected_faces/detected_person/person_0717_face0.png,White,White,Male,30-39,"[9.9848652e-01 1.3868765e-06 2.8356528e-04 4.8743659e-06 7.6318802e-06
 8.0122709e-06 1.2079780e-03]",[9.9948692e-01 3.6454843e-05 5.2466952e-05 4.2412893e-04],[9.9999994e-01 1.0886788e-07],"[8.3713921e-08 2.1014621e-06 1.0338476e-03 2.6645136e-01 6.8447375e-01
 4.7753178e-02 2.8418400e-04 1.5142704e-06 2.1772491e-08]"
/scratch/project_462000771/mengting/projects/bias/Qwen/chinese_prompt/selected_faces/detected_person/person_0529_face0.png,White,White,Male,40-49,"[5.7815939e-01 2.8025859e-05 3.1040195e-01 1.6717564e-03 2.6434630e-03
 1.4552233e-02 9.2543051e-02]",[8.1245673e-01 1.8147811e-04 1.6887505e-02 1.7047426e-01],[9.9999756e-01 2.4658736e-06],"[1.6193773e-06 1.0287068e-05 4.2351606e-04 2.3517922e-02 4.3181917e-01
 5.2549666e-01 1.8666131e-02 6.4355976e-05 2.8414058e-07]"
/scratch/project_462000771/mengting/projects/bias/Qwen/chinese_prompt/selected_faces/detected_person/person_0684_face0.png,East Asian,Asian,Female,20-29,"[1.6812127e-03 4.9469883e-05 2.2164436e-02 6.2109035e-01 3.3926564e-01
 1.5349209e-02 3.9968465e-04]",[0.0079717  0.00266543 0.9740601  0.01530269],[0.00419376 0.9958063 ],"[6.6829919e-08 4.4828336e-04 1.6949764e-01 8.2311964e-01 6.9221039e-03
 1.2235029e-05 2.4490765e-08 1.1599711e-09 1.9836886e-11]"
/scratch/project_462000771/mengting/projects/bias/Qwen/chinese_prompt/selected_faces/detected_person/person_0234_face0.png,Southeast Asian,Asian,Male,20-29,"[5.10440914e-05 2.78928946e-03 9.93764121e-03 8.91963616e-02
 8.86606216e-01 1.14094177e-02 1.00145035e-05]",[2.5866620e-04 3.7682556e-02 8.9296442e-01 6.9094338e-02],[9.999648e-01 3.526135e-05],"[1.2317517e-07 2.2360335e-05 2.2626625e-02 6.6194052e-01 2.9971227e-01
 1.5478265e-02 2.1618033e-04 3.4760635e-06 9.3717276e-08]"
/scratch/project_462000771/mengting/projects/bias/Qwen/chinese_prompt/selected_faces/detected_person/person_0721_face0.png,Black,Black,Male,20-29,"[8.0195750e-06 9.9970877e-01 5.6216075e-05 2.8708441e-06 1.6651928e-05
 2.0527044e-04 2.1724522e-06]",[2.6832251e-06 9.9996561e-01 1.4495390e-05 1.7236622e-05],[0.9856218  0.01437821],"[2.17983135e-04 4.78602163e-02 3.31813961e-01 4.76160973e-01
 1.24377325e-01 1.81635190e-02 1.30184658e-03 8.08912810e-05
 2.32531293e-05]"
/scratch/project_462000771/mengting/projects/bias/Qwen/chinese_prompt/selected_faces/detected_person/person_0184_face0.png,Southeast Asian,Indian,Male,30-39,"[0.00266579 0.01983005 0.33567658 0.0856735  0.36520702 0.18539627
 0.00555084]",[0.00164249 0.01632788 0.28483993 0.6971897 ],[9.9999976e-01 1.9066441e-07],"[6.9602163e-07 8.9254381e-06 1.5893677e-03 1.3609491e-01 6.3382220e-01
 2.2210427e-01 6.3017448e-03 7.6874101e-05 1.0093819e-06]"
/scratch/project_462000771/mengting/projects/bias/Qwen/chinese_prompt/selected_faces/detected_person/person_0076_face0.png,Black,Black,Male,50-59,"[9.3157629e-05 9.7415447e-01 2.4283037e-03 1.3472231e-06 3.8743925e-05
 2.3253571e-02 3.0527128e-05]",[4.8063470e-05 9.7387064e-01 5.2579420e-05 2.6028743e-02],[9.9999857e-01 1.3915470e-06],"[4.2236596e-05 9.1270434e-05 4.9498380e-04 7.3700008e-04 1.2379333e-02
 2.2252929e-01 6.5699375e-01 1.0545646e-01 1.2756791e-03]"
/scratch/project_462000771/mengting/projects/bias/Qwen/chinese_prompt/selected_faces/detected_person/person_0193_face0.png,Latino_Hispanic,White,Female,20-29,"[0.12003309 0.01425595 0.7014967  0.00337862 0.00680207 0.07462569
 0.07940792]",[0.5354254  0.1202713  0.06143421 0.28286904],[0.43172905 0.5682709 ],"[2.0966196e-05 7.6305135e-03 2.0862819e-01 5.6136996e-01 2.0456165e-01
 1.7435549e-02 3.4168435e-04 1.1014663e-05 4.6388084e-07]"
/scratch/project_462000771/mengting/projects/bias/Qwen/chinese_prompt/selected_faces/detected_person/person_0583_face0.png,Indian,Indian,Male,20-29,"[7.1197824e-04 4.3118436e-02 5.0023925e-02 8.8856010e-05 3.3528574e-03
 8.9017302e-01 1.2530924e-02]",[0.00079935 0.33823588 0.00273465 0.6582301 ],[9.999213e-01 7.865794e-05],"[1.18299866e-07 1.64999845e-04 1.84701100e-01 7.64872551e-01
 4.95275483e-02 7.29543623e-04 3.99231794e-06 1.07853857e-07
 3.29881389e-09]"
/scratch/project_462000771/mengting/projects/bias/Qwen/chinese_prompt/selected_faces/detected_person/person_0805_face0.png,Black,Black,Male,40-49,"[1.40205275e-05 9.73468363e-01 6.26576482e-04 1.02914373e-06
 1.32234791e-05 2.58715749e-02 5.21394850e-06]",[3.4622110e-07 9.9979359e-01 1.1179078e-06 2.0490293e-04],[9.9997050e-01 2.9511815e-05],"[2.7412761e-07 1.5273945e-06 2.3998361e-04 1.6194550e-02 2.8246960e-01
 5.9479451e-01 1.0573645e-01 5.5760005e-04 5.5441437e-06]"
/scratch/project_462000771/mengting/projects/bias/Qwen/chinese_prompt/selected_faces/detected_person/person_0092_face0.png,Middle Eastern,White,Male,40-49,"[1.4310202e-01 1.1211217e-03 2.8646496e-01 5.0815630e-05 2.2873584e-04
 6.5513807e-03 5.6248099e-01]",[0.835713   0.00952249 0.0057678  0.14899659],[9.99986589e-01 1.33802105e-05],"[3.8292928e-06 1.7047898e-05 5.1308057e-04 6.8571758e-03 2.9200435e-01
 6.4787483e-01 5.2424911e-02 3.0301628e-04 1.7447151e-06]"
/scratch/project_462000771/mengting/projects/bias/Qwen/chinese_prompt/selected_faces/detected_person/person_0582_face0.png,White,White,Male,30-39,"[9.9947649e-01 1.7121904e-07 4.8191087e-05 6.4542787e-06 7.3582773e-06
 1.1642888e-06 4.6010394e-04]",[9.9961263e-01 4.8343572e-06 2.8968570e-04 9.2905320e-05],[9.9999994e-01 7.2787792e-08],"[2.9506596e-06 1.9741059e-05 5.0535786e-04 9.7285114e-02 7.3653275e-01
 1.6325489e-01 2.3820396e-03 1.6921880e-05 2.9194541e-07]"
/scratch/project_462000771/mengting/projects/bias/Qwen/chinese_prompt/selected_faces/detected_person/person_0918_face0.png,Indian,Indian,Male,20-29,"[5.3652238e-05 5.1812746e-04 7.6995031e-03 4.4248729e-05 1.3194535e-03
 9.8981887e-01 5.4617960e-04]",[8.0813865e-05 1.0929180e-03 4.6029274e-04 9.9836600e-01],[9.999931e-01 6.910158e-06],"[2.9564821e-06 7.4842770e-04 2.1628839e-01 6.8388236e-01 9.6549481e-02
 2.5135747e-03 1.4437554e-05 4.2912956e-07 5.6335976e-09]"
/scratch/project_462000771/mengting/projects/bias/Qwen/chinese_prompt/selected_faces/detected_person/person_0083_face0.png,Southeast Asian,Asian,Female,50-59,"[2.9778908e-04 3.2860227e-03 1.3931782e-02 2.3255025e-01 7.3630357e-01
 1.3467609e-02 1.6296605e-04]",[3.6352454e-04 4.4625660e-04 9.9470079e-01 4.4894335e-03],[0.45609924 0.5439007 ],"[3.2529832e-05 2.6231009e-04 1.6708551e-03 6.6039087e-03 6.5101080e-02
 2.9016182e-01 4.0913880e-01 1.9533387e-01 3.1694852e-02]"
/scratch/project_462000771/mengting/projects/bias/Qwen/chinese_prompt/selected_faces/detected_person/person_0566_face0.png,White,White,Male,20-29,"[5.7401204e-01 1.9411379e-04 1.5387411e-01 2.5202613e-04 5.9723610e-04
 6.3607073e-03 2.6470980e-01]",[0.8946391  0.00296276 0.00381916 0.09857891],[9.9998695e-01 1.3038972e-05],"[1.5450331e-08 1.6276324e-06 3.8857723e-03 7.8462231e-01 2.0936315e-01
 2.1224904e-03 4.5861461e-06 4.6276686e-08 1.1410034e-09]"
/scratch/project_462000771/mengting/projects/bias/Qwen/chinese_prompt/selected_faces/detected_person/person_0531_face0.png,Southeast Asian,Indian,Female,20-29,"[3.4856088e-03 2.0392677e-03 7.3900610e-02 3.5397324e-01 3.5909492e-01
 2.0725343e-01 2.5284811e-04]",[0.01404494 0.04762236 0.26879254 0.66954017],[8.2755822e-04 9.9917245e-01],"[1.23906730e-07 2.27349505e-04 1.00356735e-01 8.46817255e-01
 5.22510745e-02 3.45646375e-04 1.73512228e-06 4.79843969e-08
 6.27923991e-10]"
/scratch/project_462000771/mengting/projects/bias/Qwen/chinese_prompt/selected_faces/detected_person/person_0713_face0.png,White,White,Male,40-49,"[9.3468553e-01 1.7385239e-05 4.3173544e-02 1.6556030e-04 3.4004619e-04
 5.7646753e-03 1.5853196e-02]",[9.6836466e-01 2.0702225e-04 2.1338579e-03 2.9294463e-02],[9.999774e-01 2.258935e-05],"[2.8644179e-06 1.0624097e-05 2.1214959e-04 2.0949701e-03 9.6423373e-02
 6.9591761e-01 2.0459364e-01 7.3933235e-04 5.4664179e-06]"
/scratch/project_462000771/mengting/projects/bias/Qwen/chinese_prompt/selected_faces/detected_person/person_0838_face0.png,Latino_Hispanic,White,Male,40-49,"[3.6432266e-01 1.0002109e-03 5.2096957e-01 2.3981715e-04 4.8299544e-04
 1.9305615e-02 9.3679085e-02]",[9.2462754e-01 9.5117185e-03 8.0951693e-04 6.5051265e-02],[9.999996e-01 3.904421e-07],"[4.2495922e-06 9.9413883e-06 2.7054810e-04 3.0105521e-03 2.2827198e-01
 7.0450819e-01 6.3602537e-02 3.2112753e-04 8.2096392e-07]"
/scratch/project_462000771/mengting/projects/bias/Qwen/chinese_prompt/selected_faces/detected_person/person_0836_face0.png,White,White,Male,20-29,"[9.8862064e-01 3.0119852e-06 6.1157760e-03 2.0118507e-05 2.8061726e-05
 7.9607504e-04 4.4162376e-03]",[9.8845518e-01 4.3006443e-05 4.2227120e-04 1.1079508e-02],[9.999922e-01 7.809082e-06],"[4.3750074e-08 2.7275678e-06 4.7371155e-03 7.7067113e-01 2.1943659e-01
 5.1273881e-03 2.4871990e-05 9.9248531e-08 2.5597686e-09]"
/scratch/project_462000771/mengting/projects/bias/Qwen/chinese_prompt/selected_faces/detected_person/person_0403_face0.png,White,White,Male,30-39,"[8.2115990e-01 2.1071999e-05 1.3721375e-01 1.2144930e-04 2.3621399e-04
 2.8377557e-03 3.8409926e-02]",[9.7673327e-01 1.2136388e-04 8.4149174e-04 2.2303903e-02],[9.9999720e-01 2.7619149e-06],"[2.87742324e-07 6.41555152e-06 1.07079186e-03 1.07008636e-01
 7.55995631e-01 1.34646788e-01 1.26773654e-03 3.78643745e-06
 1.85877056e-08]"
/scratch/project_462000771/mengting/projects/bias/Qwen/chinese_prompt/selected_faces/detected_person/person_0047_face0.png,Latino_Hispanic,Asian,Male,50-59,"[6.1657252e-03 5.7750026e-04 7.5631744e-01 5.6891579e-02 1.4050214e-01
 3.8208459e-02 1.3370956e-03]",[4.9770884e-03 1.6189141e-04 9.5240307e-01 4.2457972e-02],[9.9999195e-01 8.0918217e-06],"[4.3158667e-05 1.0723613e-04 7.1976567e-04 5.3648779e-04 3.9532565e-02
 3.9122656e-01 5.4691815e-01 2.0864896e-02 5.1200444e-05]"
/scratch/project_462000771/mengting/projects/bias/Qwen/chinese_prompt/selected_faces/detected_person/person_0375_face0.png,East Asian,Asian,Male,40-49,"[2.7142532e-02 5.8036207e-05 4.0342040e-02 8.1863767e-01 9.3349144e-02
 7.1317805e-03 1.3338808e-02]",[3.4262854e-01 5.2537577e-04 5.4927629e-01 1.0756976e-01],[9.9999994e-01 5.4329959e-08],"[5.3350703e-07 1.3861737e-06 4.9577437e-05 1.4161282e-03 1.3439189e-01
 6.9515353e-01 1.6476375e-01 4.2127995e-03 1.0490529e-05]"
/scratch/project_462000771/mengting/projects/bias/Qwen/chinese_prompt/selected_faces/detected_person/person_0997_face0.png,Indian,Indian,Male,20-29,"[3.7650895e-04 6.5751127e-03 4.3732658e-02 3.3537061e-05 1.5498090e-03
 9.4499111e-01 2.7412036e-03]",[2.6687764e-04 1.2486946e-02 9.1093860e-04 9.8633522e-01],[9.9999994e-01 7.2755128e-08],"[1.0405084e-07 2.3155111e-05 3.5335556e-02 7.9599851e-01 1.6188307e-01
 6.7103733e-03 4.8006790e-05 1.2061520e-06 1.8753646e-08]"
/scratch/project_462000771/mengting/projects/bias/Qwen/chinese_prompt/selected_faces/detected_person/person_0911_face0.png,Indian,Indian,Female,20-29,"[3.0886701e-03 2.5732126e-04 1.3224372e-01 1.3350222e-01 3.4429637e-01
 3.8562578e-01 9.8591438e-04]",[0.01108057 0.00720799 0.44226763 0.5394438 ],[0.00343549 0.9965645 ],"[2.0131365e-07 1.6288420e-03 1.4594547e-01 8.2826602e-01 2.4062086e-02
 9.6890333e-05 3.5537371e-07 1.3855620e-08 2.1151608e-10]"
/scratch/project_462000771/mengting/projects/bias/Qwen/chinese_prompt/selected_faces/detected_person/person_0464_face0.png,Indian,Indian,Male,20-29,"[5.3980818e-04 1.8954162e-02 2.1075003e-01 2.6068543e-03 1.3714266e-01
 6.2569374e-01 4.3127425e-03]",[0.00391428 0.02307177 0.16662273 0.80639124],[9.9999994e-01 9.0719922e-08],"[1.0432171e-07 5.3038561e-06 1.2617096e-02 7.4563020e-01 2.3291409e-01
 8.7512815e-03 7.9804740e-05 2.0623704e-06 3.3051609e-08]"
/scratch/project_462000771/mengting/projects/bias/Qwen/chinese_prompt/selected_faces/detected_person/person_0406_face0.png,White,White,Male,40-49,"[9.7624195e-01 1.3337733e-06 1.6841816e-02 5.2318233e-04 5.2750285e-04
 7.0900191e-04 5.1551182e-03]",[9.9825376e-01 2.6325240e-06 9.9273759e-04 7.5093401e-04],[9.9999803e-01 1.9755314e-06],"[2.4628287e-06 1.6131798e-05 1.1348667e-03 9.2941867e-03 2.4889883e-01
 6.4032614e-01 9.9038132e-02 1.2830850e-03 6.1400228e-06]"
/scratch/project_462000771/mengting/projects/bias/Qwen/chinese_prompt/selected_faces/detected_person/person_0164_face0.png,East Asian,Asian,Female,20-29,"[4.3109915e-04 4.5586205e-07 2.8252392e-04 9.7401458e-01 2.5186084e-02
 7.1421789e-05 1.3899590e-05]",[8.6426747e-04 2.6465377e-06 9.9820977e-01 9.2331192e-04],[0.00312495 0.996875  ],"[3.5425660e-07 2.3975805e-04 7.1375094e-02 8.7322551e-01 5.4398175e-02
 7.5535657e-04 5.3484828e-06 3.5889767e-07 7.3754456e-09]"
/scratch/project_462000771/mengting/projects/bias/Qwen/chinese_prompt/selected_faces/detected_person/person_0585_face0.png,White,White,Male,40-49,"[7.9826385e-01 1.4840329e-05 1.0986456e-01 2.6899992e-05 4.1139268e-05
 3.8132232e-03 8.7975428e-02]",[9.6298367e-01 7.7344434e-05 6.4618020e-05 3.6874313e-02],[9.9995035e-01 4.9608643e-05],"[2.2716722e-06 3.2136018e-06 1.5053342e-04 1.9287047e-03 1.5484032e-01
 7.3019010e-01 1.1240688e-01 4.7618980e-04 1.8369776e-06]"
/scratch/project_462000771/mengting/projects/bias/Qwen/chinese_prompt/selected_faces/detected_person/person_0306_face0.png,Latino_Hispanic,Indian,Male,30-39,"[5.0460059e-02 6.0897265e-03 6.6905272e-01 1.5101704e-04 1.0264397e-03
 7.6671675e-02 1.9654842e-01]",[0.2865657  0.03314259 0.00825776 0.67203397],[9.999996e-01 4.225244e-07],"[6.8276371e-08 1.0718434e-06 5.3702621e-04 2.9432836e-01 6.6574663e-01
 3.9008304e-02 3.7669411e-04 1.8776533e-06 2.3482970e-08]"
/scratch/project_462000771/mengting/projects/bias/Qwen/chinese_prompt/selected_faces/detected_person/person_0490_face0.png,Southeast Asian,Asian,Male,30-39,"[6.3520513e-04 5.2639025e-05 6.1370343e-02 2.8535789e-01 6.4782751e-01
 4.5056529e-03 2.5071533e-04]",[6.5639673e-04 1.8321780e-05 9.9110705e-01 8.2182540e-03],[9.999942e-01 5.759957e-06],"[3.3918113e-06 4.6508896e-05 5.2477741e-03 7.9437397e-02 6.8007034e-01
 2.2148874e-01 1.3510554e-02 1.9401674e-04 1.3517891e-06]"
/scratch/project_462000771/mengting/projects/bias/Qwen/chinese_prompt/selected_faces/detected_person/person_0649_face0.png,Southeast Asian,Asian,Male,30-39,"[5.8400841e-05 4.5189182e-03 2.7017428e-02 3.0019721e-02 9.2431188e-01
 1.4066812e-02 6.8415907e-06]",[1.12255584e-04 2.88640312e-03 9.72068369e-01 2.49329340e-02],[9.9972785e-01 2.7213592e-04],"[2.0086516e-06 5.4916938e-05 7.3296507e-03 7.4108675e-02 4.2708182e-01
 4.1736075e-01 7.3314466e-02 7.3497446e-04 1.2759921e-05]"
/scratch/project_462000771/mengting/projects/bias/Qwen/chinese_prompt/selected_faces/detected_person/person_0669_face0.png,Indian,Indian,Male,50-59,"[0.00947781 0.00328769 0.4356811  0.00094093 0.02743901 0.510135
 0.01303849]",[0.00817127 0.00722088 0.1723525  0.8122554 ],[9.9967390e-01 3.2608217e-04],"[2.5090919e-04 5.6690525e-04 2.2673714e-03 3.0748604e-04 6.1843335e-03
 1.5185146e-01 7.1821439e-01 1.1660199e-01 3.7551387e-03]"
/scratch/project_462000771/mengting/projects/bias/Qwen/chinese_prompt/selected_faces/detected_person/person_0270_face0.png,Black,Black,Male,20-29,"[1.34046195e-06 9.99850214e-01 2.83414720e-05 2.61668106e-07
 1.13815795e-05 1.07071428e-04 1.49363859e-06]",[7.9044696e-07 9.9997801e-01 2.5726035e-06 1.8701172e-05],[9.9992406e-01 7.5907832e-05],"[6.9964358e-07 6.5688416e-04 2.5445855e-01 7.0191532e-01 4.1886233e-02
 1.0696800e-03 1.2293563e-05 3.2210301e-07 2.9637471e-08]"
/scratch/project_462000771/mengting/projects/bias/Qwen/chinese_prompt/selected_faces/detected_person/person_0754_face0.png,White,White,Male,30-39,"[9.9997199e-01 3.9681294e-09 8.0774053e-06 3.1552202e-07 3.1741601e-07
 9.9267072e-07 1.8361716e-05]",[9.9994057e-01 1.4656996e-07 7.7513796e-06 5.1423664e-05],[9.9997711e-01 2.2888982e-05],"[6.2916706e-07 1.2832358e-05 5.6239509e-04 8.8836074e-02 6.8181765e-01
 2.2557971e-01 3.1851674e-03 5.3753270e-06 1.5662717e-07]"
/scratch/project_462000771/mengting/projects/bias/Qwen/chinese_prompt/selected_faces/detected_person/person_0628_face0.png,White,White,Male,30-39,"[8.9526993e-01 2.8581990e-05 7.4914686e-02 4.6266201e-03 3.0427198e-03
 8.5625537e-03 1.3554943e-02]",[9.69124973e-01 1.17184965e-04 2.45087873e-03 2.83069331e-02],[9.999334e-01 6.655430e-05],"[2.77072843e-07 7.75559329e-06 1.18904118e-03 7.78560564e-02
 6.53609812e-01 2.61990696e-01 5.33316517e-03 1.30480075e-05
 1.13015417e-07]"
/scratch/project_462000771/mengting/projects/bias/Qwen/chinese_prompt/selected_faces/detected_person/person_0520_face0.png,East Asian,Asian,Female,20-29,"[6.7124222e-03 4.5988836e-05 6.7085465e-03 9.4308633e-01 4.1445848e-02
 5.9630087e-04 1.4044981e-03]",[0.01751744 0.00169196 0.9788316  0.001959  ],[0.01183991 0.9881601 ],"[2.8065892e-07 4.4012482e-05 3.3168931e-02 6.7963690e-01 2.7717546e-01
 9.6792886e-03 2.8526221e-04 9.6769081e-06 1.4508538e-07]"
/scratch/project_462000771/mengting/projects/bias/Qwen/chinese_prompt/selected_faces/detected_person/person_0660_face0.png,White,White,Male,40-49,"[6.8479967e-01 2.6880507e-04 2.7023858e-01 1.7860460e-03 3.2106452e-03
 2.9460285e-03 3.6750242e-02]",[9.9480546e-01 9.7620010e-04 1.6599383e-03 2.5583764e-03],[9.9998397e-01 1.6053018e-05],"[7.2696180e-06 1.1268508e-05 5.9735286e-04 5.1314882e-03 1.6221364e-01
 5.4440242e-01 2.8194451e-01 5.6649498e-03 2.7123651e-05]"
/scratch/project_462000771/mengting/projects/bias/Qwen/chinese_prompt/selected_faces/detected_person/person_0835_face0.png,White,White,Male,40-49,"[9.9997985e-01 1.1309494e-09 8.4497078e-06 5.2986508e-07 5.7867595e-07
 4.7553439e-07 1.0066995e-05]",[9.9997866e-01 3.4228666e-08 6.5604545e-06 1.4720690e-05],[9.9991906e-01 8.0939579e-05],"[2.1482458e-06 5.0030972e-06 2.5685393e-04 8.4762997e-04 2.8171591e-02
 4.9820951e-01 4.6236223e-01 9.9903699e-03 1.5464931e-04]"
/scratch/project_462000771/mengting/projects/bias/Qwen/chinese_prompt/selected_faces/detected_person/person_0528_face0.png,East Asian,Asian,Male,40-49,"[2.0379226e-03 2.0420057e-06 9.1535766e-03 8.4795851e-01 1.4046030e-01
 3.1227292e-04 7.5355376e-05]",[6.2088494e-04 2.1653500e-06 9.9908793e-01 2.8903302e-04],[9.9946904e-01 5.3099054e-04],"[4.5735223e-06 3.3254546e-05 1.0821318e-03 1.4917396e-02 3.3053967e-01
 5.0718123e-01 1.4046977e-01 5.7392460e-03 3.2703763e-05]"
/scratch/project_462000771/mengting/projects/bias/Qwen/chinese_prompt/selected_faces/detected_person/person_0166_face0.png,East Asian,Asian,Male,30-39,"[1.2947897e-04 6.7832661e-06 3.4700586e-03 6.7558712e-01 3.2049513e-01
 2.8961571e-04 2.1824777e-05]",[1.3508044e-04 3.0560263e-05 9.9956614e-01 2.6822794e-04],[9.9996567e-01 3.4301316e-05],"[9.3548653e-07 1.0514017e-04 5.4398007e-03 2.9835671e-01 6.4753699e-01
 4.7762536e-02 7.8409701e-04 1.3710548e-05 1.5213587e-07]"
/scratch/project_462000771/mengting/projects/bias/Qwen/chinese_prompt/selected_faces/detected_person/person_0971_face0.png,East Asian,White,Female,30-39,"[1.0686354e-01 1.6213748e-05 1.7206329e-01 6.2705171e-01 7.9416715e-02
 9.0622865e-03 5.5261841e-03]",[4.6201241e-01 4.3380653e-04 3.3758765e-01 1.9996616e-01],[1.2298777e-04 9.9987698e-01],"[8.1503536e-08 5.5374167e-06 7.4783829e-04 1.0088980e-01 6.2944949e-01
 2.4223652e-01 2.5807306e-02 8.5805246e-04 5.4396464e-06]"
/scratch/project_462000771/mengting/projects/bias/Qwen/chinese_prompt/selected_faces/detected_person/person_0491_face0.png,Black,Black,Male,50-59,"[1.6337415e-04 9.1025227e-01 7.1376795e-03 1.9822628e-05 4.2852620e-04
 8.1914596e-02 8.3697996e-05]",[5.8571278e-04 9.4019949e-01 1.3276994e-03 5.7887156e-02],[9.998048e-01 1.952140e-04],"[9.7745549e-05 1.4312202e-04 1.3407290e-03 2.2960643e-03 3.3799414e-02
 3.2745132e-01 5.9599376e-01 3.8271941e-02 6.0582563e-04]"
/scratch/project_462000771/mengting/projects/bias/Qwen/chinese_prompt/selected_faces/detected_person/person_0910_face0.png,Southeast Asian,Indian,Male,20-29,"[0.00447659 0.00511694 0.26810086 0.04541727 0.35149452 0.31823573
 0.00715812]",[0.00816951 0.03967089 0.19862433 0.7535353 ],[9.9998921e-01 1.0796308e-05],"[8.7900801e-08 1.3315618e-05 1.5369949e-02 8.5237277e-01 1.3054472e-01
 1.6919231e-03 7.0816195e-06 1.5262195e-07 3.0092522e-09]"
/scratch/project_462000771/mengting/projects/bias/Qwen/chinese_prompt/selected_faces/detected_person/person_0337_face0.png,Indian,Indian,Female,20-29,"[0.04001277 0.002177   0.34010658 0.00536551 0.01427791 0.5831382
 0.01492196]",[0.1681073  0.00959436 0.00486295 0.81743544],[5.9948184e-06 9.9999404e-01],"[9.9667197e-08 1.4399944e-04 4.4533942e-02 7.7113765e-01 1.7938827e-01
 4.7752792e-03 2.0463416e-05 2.8222868e-07 4.1706718e-09]"
/scratch/project_462000771/mengting/projects/bias/Qwen/chinese_prompt/selected_faces/detected_person/person_0313_face0.png,East Asian,Asian,Male,20-29,"[3.4954472e-05 8.1302784e-07 3.4332115e-04 9.2716968e-01 7.2418869e-02
 2.8966318e-05 3.3901611e-06]",[2.0141480e-05 6.8784448e-07 9.9994588e-01 3.3284872e-05],[0.99871576 0.00128421],"[9.7071268e-07 2.6290241e-04 5.5773702e-02 7.2748739e-01 2.0868616e-01
 7.6770843e-03 1.0614563e-04 5.5377391e-06 8.3961282e-08]"
/scratch/project_462000771/mengting/projects/bias/Qwen/chinese_prompt/selected_faces/detected_person/person_0902_face0.png,Black,Black,Male,20-29,"[1.4975795e-06 9.9995679e-01 1.5959104e-05 1.5486389e-08 1.9350300e-07
 2.2651417e-05 2.9405332e-06]",[1.2372524e-07 9.9999881e-01 2.2602819e-08 1.0284052e-06],[9.9996519e-01 3.4825203e-05],"[2.02458568e-06 1.28909771e-03 1.80479735e-01 6.88899815e-01
 1.23262763e-01 5.96287288e-03 1.00748075e-04 2.68856820e-06
 1.92330560e-07]"
/scratch/project_462000771/mengting/projects/bias/Qwen/chinese_prompt/selected_faces/detected_person/person_0946_face0.png,White,White,Male,50-59,"[9.9959874e-01 1.0705772e-06 3.1945432e-04 6.6757079e-06 8.6019527e-06
 6.5581326e-06 5.8854643e-05]",[9.9994045e-01 6.0223533e-06 3.0664218e-05 2.2890432e-05],[9.994251e-01 5.748818e-04],"[5.7704938e-07 1.5879356e-06 1.7975498e-04 1.3376430e-03 1.7291738e-02
 2.2591199e-01 7.1168894e-01 4.2375635e-02 1.2121488e-03]"
/scratch/project_462000771/mengting/projects/bias/Qwen/chinese_prompt/selected_faces/detected_person/person_0091_face0.png,Southeast Asian,Indian,Male,20-29,"[0.01196053 0.00097639 0.33683613 0.06332692 0.41999936 0.16049998
 0.00640068]",[0.02621323 0.00472942 0.17638879 0.7926685 ],[9.9999857e-01 1.3854875e-06],"[2.1827168e-08 3.4465302e-06 2.5725514e-02 9.1240317e-01 6.1381668e-02
 4.8433850e-04 1.7500389e-06 3.9357534e-08 8.1727586e-10]"
/scratch/project_462000771/mengting/projects/bias/Qwen/chinese_prompt/selected_faces/detected_person/person_0837_face0.png,White,White,Male,40-49,"[9.8827666e-01 8.5073009e-07 5.6556556e-03 1.0291012e-04 9.3135546e-05
 1.8682353e-04 5.6839962e-03]",[9.9759239e-01 7.3974752e-06 9.2061656e-04 1.4795590e-03],[0.998973   0.00102695],"[5.5248413e-05 2.9232667e-04 4.4951597e-03 5.8888146e-03 9.2052013e-02
 5.4264045e-01 3.4315181e-01 1.1313759e-02 1.1037581e-04]"
/scratch/project_462000771/mengting/projects/bias/Qwen/chinese_prompt/selected_faces/detected_person/person_0203_face0.png,East Asian,Asian,Male,30-39,"[1.5945600e-03 4.4852834e-05 8.7209664e-02 4.9236995e-01 4.0819234e-01
 1.0242157e-02 3.4636431e-04]",[1.0667567e-03 4.2343460e-04 9.1881037e-01 7.9699449e-02],[1.000000e+00 3.319761e-08],"[9.9444128e-07 7.6293745e-06 4.6462021e-04 5.1663145e-02 7.3866987e-01
 2.0219688e-01 6.9411532e-03 5.5576893e-05 1.5771965e-07]"
/scratch/project_462000771/mengting/projects/bias/Qwen/chinese_prompt/selected_faces/detected_person/person_0287_face0.png,East Asian,Asian,Male,30-39,"[4.7743160e-04 1.3994791e-05 8.0146240e-03 7.6792574e-01 2.2261855e-01
 8.2646403e-04 1.2320728e-04]",[1.2575550e-04 6.8077308e-05 9.9869776e-01 1.1083924e-03],[9.9999738e-01 2.6685136e-06],"[1.6744618e-06 8.4760475e-05 4.5000063e-03 1.7654392e-01 7.4442208e-01
 7.3206894e-02 1.2220978e-03 1.8424984e-05 1.3562320e-07]"
/scratch/project_462000771/mengting/projects/bias/Qwen/chinese_prompt/selected_faces/detected_person/person_0677_face0.png,Southeast Asian,Black,Female,30-39,"[1.3089991e-04 3.7023956e-01 2.5410246e-02 7.3558474e-03 4.2188132e-01
 1.7476475e-01 2.1735230e-04]",[6.2900892e-04 9.0085137e-01 5.7663020e-02 4.0856611e-02],[0.02828642 0.9717136 ],"[1.1241640e-06 2.2367775e-04 1.4453978e-02 1.2470422e-01 5.4630303e-01
 2.7091399e-01 4.2881556e-02 5.0150289e-04 1.6948161e-05]"
/scratch/project_462000771/mengting/projects/bias/Qwen/chinese_prompt/selected_faces/detected_person/person_0976_face0.png,White,White,Male,40-49,"[5.7828188e-01 1.7986669e-05 3.9178863e-01 5.3788158e-03 3.7686152e-03
 3.6961900e-03 1.7067894e-02]",[9.73517239e-01 1.14531904e-04 1.69772208e-02 9.39101540e-03],[0.9986647  0.00133536],"[8.7610206e-06 2.7052361e-05 7.2978437e-04 8.4300531e-04 9.0253644e-02
 6.6532564e-01 2.4027061e-01 2.5360328e-03 5.4741627e-06]"
/scratch/project_462000771/mengting/projects/bias/Qwen/chinese_prompt/selected_faces/detected_person/person_0522_face0.png,Black,Indian,Female,20-29,"[1.2594356e-05 6.8120021e-01 1.2871193e-03 3.4530564e-07 1.6597405e-05
 3.1748071e-01 2.3334733e-06]",[4.5459445e-05 3.5547507e-01 1.9619358e-05 6.4445984e-01],[1.18017066e-04 9.99881983e-01],"[1.2688720e-08 5.1105781e-05 5.6569520e-02 8.2749736e-01 1.1408668e-01
 1.7843792e-03 1.0877616e-05 6.0710015e-08 6.4931521e-10]"
/scratch/project_462000771/mengting/projects/bias/Qwen/chinese_prompt/selected_faces/detected_person/person_0561_face0.png,Indian,Indian,Male,30-39,"[1.4758740e-02 3.3584971e-04 8.7513596e-02 9.0631102e-06 8.1915401e-05
 7.2727710e-01 1.7002371e-01]",[9.3255853e-03 8.0668437e-04 1.0627492e-04 9.8976147e-01],[9.999269e-01 7.308762e-05],"[5.1405490e-08 3.2936352e-06 6.8114576e-04 4.5905924e-01 5.3026211e-01
 9.9763712e-03 1.7655488e-05 1.1358393e-07 1.3957385e-09]"
/scratch/project_462000771/mengting/projects/bias/Qwen/chinese_prompt/selected_faces/detected_person/person_0241_face0.png,White,White,Male,30-39,"[6.7577928e-01 1.1561593e-05 2.3776613e-01 7.4244617e-03 2.3522638e-03
 4.8927749e-03 7.1773544e-02]",[9.9002743e-01 1.4302476e-05 2.1652605e-03 7.7929338e-03],[9.9999690e-01 3.1076459e-06],"[3.2307607e-06 5.2514793e-06 7.0668227e-04 2.9633893e-02 6.0804445e-01
 3.4400421e-01 1.7445197e-02 1.5651080e-04 5.1224248e-07]"
/scratch/project_462000771/mengting/projects/bias/Qwen/chinese_prompt/selected_faces/detected_person/person_0101_face0.png,Southeast Asian,Asian,Male,20-29,"[3.5919694e-04 2.3450269e-03 6.9731385e-02 5.1667143e-02 8.2102042e-01
 5.4565731e-02 3.1120935e-04]",[6.0145487e-04 1.3647010e-03 9.5528919e-01 4.2744689e-02],[9.9998921e-01 1.0807589e-05],"[1.0666032e-07 5.2584537e-06 6.1011347e-03 7.1724522e-01 2.6957712e-01
 7.0439023e-03 2.6785625e-05 4.5190507e-07 9.2730206e-09]"
/scratch/project_462000771/mengting/projects/bias/Qwen/chinese_prompt/selected_faces/detected_person/person_0536_face0.png,White,White,Male,40-49,"[9.9617666e-01 1.0920792e-06 1.2534145e-03 1.6825148e-05 5.1338553e-05
 1.2882640e-05 2.4877964e-03]",[9.9697971e-01 6.4534304e-04 1.8663268e-03 5.0865125e-04],[9.993657e-01 6.343260e-04],"[1.6063328e-07 2.1839382e-06 3.6975546e-04 1.1928274e-02 2.2718571e-01
 6.3181573e-01 1.2638626e-01 2.2571078e-03 5.4854176e-05]"
/scratch/project_462000771/mengting/projects/bias/Qwen/chinese_prompt/selected_faces/detected_person/person_0985_face0.png,East Asian,Asian,Female,20-29,"[1.18635086e-04 1.33259246e-05 1.95335457e-03 6.96360350e-01
 3.01046520e-01 4.95206448e-04 1.25123297e-05]",[1.3117837e-04 7.1217102e-05 9.9963105e-01 1.6656662e-04],[0.00403382 0.9959662 ],"[1.31105722e-07 2.79203050e-05 1.45288855e-02 6.77219689e-01
 3.01329732e-01 6.82545174e-03 6.61834201e-05 1.98647604e-06
 1.64681566e-08]"
/scratch/project_462000771/mengting/projects/bias/Qwen/chinese_prompt/selected_faces/detected_person/person_0518_face0.png,Southeast Asian,Asian,Male,20-29,"[4.9020228e-04 5.5209137e-05 2.4686106e-02 3.8224080e-01 5.8950859e-01
 2.7487546e-03 2.7031513e-04]",[8.2836905e-04 9.3821622e-04 9.9261993e-01 5.6134672e-03],[9.999990e-01 9.906685e-07],"[2.5117734e-07 1.5808268e-04 7.8461535e-02 8.7100327e-01 4.9895693e-02
 4.7865402e-04 2.3086079e-06 1.1897624e-07 1.3811848e-09]"
/scratch/project_462000771/mengting/projects/bias/Qwen/chinese_prompt/selected_faces/detected_person/person_0220_face0.png,White,White,Male,40-49,"[8.4998506e-01 1.5177387e-04 1.2976860e-01 1.0283809e-03 1.7235262e-03
 7.0331860e-03 1.0309461e-02]",[9.6627516e-01 9.5808110e-04 6.2561440e-03 2.6510589e-02],[9.9965072e-01 3.4930967e-04],"[3.01424734e-05 1.24674916e-04 1.61519577e-03 2.81273876e-03
 7.75228292e-02 5.28194070e-01 3.79306167e-01 1.02622565e-02
 1.31947076e-04]"
/scratch/project_462000771/mengting/projects/bias/Qwen/chinese_prompt/selected_faces/detected_person/person_0294_face0.png,White,White,Male,40-49,"[9.9992889e-01 5.2266749e-08 4.4042827e-05 4.5431597e-07 7.1481503e-07
 1.0989323e-06 2.4747014e-05]",[9.9975157e-01 7.6375298e-05 4.9398419e-05 1.2268846e-04],[9.9996346e-01 3.6564717e-05],"[1.9714980e-06 3.6699421e-05 3.1908678e-03 2.3925196e-02 2.5697938e-01
 6.4525884e-01 6.9922730e-02 6.7641371e-04 7.7768318e-06]"
/scratch/project_462000771/mengting/projects/bias/Qwen/chinese_prompt/selected_faces/detected_person/person_0809_face0.png,Middle Eastern,White,Male,40-49,"[1.01923876e-01 8.54388600e-06 1.13256304e-02 1.26984150e-06
 5.40741848e-06 1.32775726e-03 8.85407507e-01]",[9.9394321e-01 3.9739563e-05 1.7436325e-04 5.8426592e-03],[9.9997765e-01 2.2355016e-05],"[4.2914215e-07 1.1260593e-06 6.7458583e-05 3.1410560e-03 1.6788368e-01
 6.9097543e-01 1.3633084e-01 1.5787245e-03 2.1200696e-05]"
/scratch/project_462000771/mengting/projects/bias/Qwen/chinese_prompt/selected_faces/detected_person/person_0205_face0.png,Indian,Indian,Male,30-39,"[6.2906160e-04 8.7151601e-04 1.6916890e-02 2.3038847e-06 6.6802801e-05
 9.7935140e-01 2.1619929e-03]",[7.8194222e-04 1.9547897e-03 6.1769469e-04 9.9664557e-01],[9.9993581e-01 6.4146174e-05],"[4.5036379e-07 2.8504355e-05 6.5221791e-03 2.8448963e-01 6.4548951e-01
 6.2924668e-02 5.3819618e-04 6.7391547e-06 9.1550191e-08]"
/scratch/project_462000771/mengting/projects/bias/Qwen/chinese_prompt/selected_faces/detected_person/person_0162_face0.png,White,White,Male,40-49,"[9.9899709e-01 9.0883923e-08 5.2924867e-04 7.9942387e-05 3.9133123e-05
 3.0578005e-05 3.2383314e-04]",[9.9807328e-01 3.8417009e-05 1.4080523e-03 4.8021844e-04],[9.9999428e-01 5.7731486e-06],"[1.7089908e-06 3.7732875e-06 2.7258377e-04 7.4815466e-03 2.4295831e-01
 6.7758399e-01 7.1166880e-02 5.2840071e-04 2.7978801e-06]"
/scratch/project_462000771/mengting/projects/bias/Qwen/chinese_prompt/selected_faces/detected_person/person_0746_face0.png,East Asian,Asian,Male,20-29,"[8.2563805e-05 7.1758823e-06 1.9808852e-03 6.3759518e-01 3.5977876e-01
 5.3457066e-04 2.0927300e-05]",[3.3249216e-05 5.7891768e-05 9.9889106e-01 1.0177923e-03],[0.9985444  0.00145556],"[2.7898154e-06 9.3782526e-03 4.8561218e-01 4.9955693e-01 5.4161781e-03
 3.3571803e-05 1.1625978e-07 1.3246708e-08 2.5306546e-10]"
/scratch/project_462000771/mengting/projects/bias/Qwen/chinese_prompt/selected_faces/detected_person/person_0107_face0.png,White,White,Male,50-59,"[9.9991506e-01 1.6962932e-08 5.0407350e-05 2.9222688e-06 6.9051207e-06
 2.0863913e-06 2.2580229e-05]",[9.9977928e-01 5.7037738e-07 1.9460323e-04 2.5571228e-05],[9.9999571e-01 4.2953566e-06],"[8.3451314e-06 3.9570521e-05 1.3695277e-03 1.7141827e-03 3.2175738e-02
 3.4681669e-01 5.9423214e-01 2.3356164e-02 2.8760740e-04]"
/scratch/project_462000771/mengting/projects/bias/Qwen/chinese_prompt/selected_faces/detected_person/person_0651_face0.png,Indian,Indian,Female,20-29,"[0.00535946 0.00078266 0.31441027 0.05242881 0.29177487 0.33376473
 0.00147912]",[0.15052551 0.05579348 0.28799188 0.50568914],[0.00411852 0.99588144],"[2.8937478e-07 3.8433596e-04 7.8667827e-02 8.2877630e-01 9.1512129e-02
 6.5639865e-04 2.6507132e-06 6.6590538e-08 9.0091135e-10]"
/scratch/project_462000771/mengting/projects/bias/Qwen/chinese_prompt/selected_faces/detected_person/person_0506_face0.png,Black,Black,Male,20-29,"[7.9298670e-06 6.3700014e-01 5.8267190e-04 3.8676018e-05 1.6991001e-03
 3.6066777e-01 3.6139297e-06]",[4.9678929e-06 8.7334424e-01 1.4096711e-04 1.2650985e-01],[0.64793074 0.3520693 ],"[3.6734907e-06 3.6087001e-03 2.6666749e-01 5.9958488e-01 1.2020115e-01
 9.6612861e-03 2.6904600e-04 3.6607926e-06 1.7325083e-07]"
/scratch/project_462000771/mengting/projects/bias/Qwen/chinese_prompt/selected_faces/detected_person/person_0554_face0.png,White,White,Male,30-39,"[8.8993979e-01 4.0620103e-05 7.6684803e-02 1.9879502e-03 2.2984755e-03
 2.2982731e-03 2.6750131e-02]",[9.7937506e-01 9.4455274e-05 4.3824734e-03 1.6148038e-02],[9.9999875e-01 1.2445369e-06],"[5.6500340e-07 5.1083957e-06 1.1436538e-03 1.2605056e-01 7.0861340e-01
 1.6088095e-01 3.2889030e-03 1.6698537e-05 1.6499023e-07]"
/scratch/project_462000771/mengting/projects/bias/Qwen/chinese_prompt/selected_faces/detected_person/person_0942_face0.png,Latino_Hispanic,Indian,Male,30-39,"[0.24616982 0.00056808 0.38431117 0.00045753 0.00121342 0.33974853
 0.02753147]",[0.46721295 0.00768099 0.00614767 0.51895845],[9.9999774e-01 2.2585652e-06],"[5.1901196e-08 1.2173390e-06 1.1096074e-03 2.8825447e-01 6.1822140e-01
 9.0160348e-02 2.2416243e-03 1.1240506e-05 1.2307170e-07]"
/scratch/project_462000771/mengting/projects/bias/Qwen/chinese_prompt/selected_faces/detected_person/person_0516_face0.png,Latino_Hispanic,Indian,Female,20-29,"[1.3312033e-01 2.3416469e-04 5.1172531e-01 1.3605638e-01 6.9095671e-02
 7.0736982e-02 7.9031214e-02]",[0.24123378 0.00239747 0.36086166 0.3955071 ],[2.4982597e-04 9.9975020e-01],"[6.4623585e-08 2.3725726e-04 1.2273199e-01 7.8236258e-01 9.2991464e-02
 1.6684645e-03 7.9288766e-06 2.0566556e-07 3.8326657e-09]"
/scratch/project_462000771/mengting/projects/bias/Qwen/chinese_prompt/selected_faces/detected_person/person_0150_face0.png,Indian,Black,Female,20-29,"[0.00393745 0.40720075 0.14461292 0.00553064 0.01464578 0.42297632
 0.00109612]",[0.00260054 0.5968391  0.00557829 0.3949821 ],[7.222300e-06 9.999928e-01],"[4.7763242e-09 7.3500931e-05 6.8494223e-02 8.6586452e-01 6.5302320e-02
 2.6479384e-04 6.5590223e-07 4.1723980e-09 6.6049763e-11]"
/scratch/project_462000771/mengting/projects/bias/Qwen/chinese_prompt/selected_faces/detected_person/person_0936_face0.png,Latino_Hispanic,Asian,Male,20-29,"[6.9054756e-03 7.4684162e-05 3.8318577e-01 1.7186576e-01 3.6638179e-01
 5.9739437e-02 1.1847137e-02]",[6.2926359e-02 4.1619057e-04 6.6347659e-01 2.7318084e-01],[9.9999934e-01 6.0652150e-07],"[7.8283492e-08 1.5292706e-05 3.9397065e-02 8.9252847e-01 6.7107543e-02
 9.4598735e-04 5.3438639e-06 1.9054924e-07 1.8499303e-09]"
/scratch/project_462000771/mengting/projects/bias/Qwen/chinese_prompt/selected_faces/detected_person/person_0472_face0.png,White,White,Male,40-49,"[4.9696544e-01 1.8678178e-04 4.3789113e-01 1.2060894e-04 3.5312667e-04
 2.5516760e-03 6.1931275e-02]",[9.9460387e-01 5.6112240e-05 3.8038383e-04 4.9596811e-03],[9.999947e-01 5.239572e-06],"[9.2730659e-07 9.2917062e-06 1.1830773e-03 1.6064398e-02 3.5899422e-01
 5.7928532e-01 4.4178952e-02 2.8235026e-04 1.4586202e-06]"
/scratch/project_462000771/mengting/projects/bias/Qwen/chinese_prompt/selected_faces/detected_person/person_0467_face0.png,White,White,Male,40-49,"[9.9347872e-01 4.3866399e-05 3.8466072e-03 2.6352232e-05 7.4394142e-05
 2.7360657e-04 2.2563352e-03]",[9.9829906e-01 1.7230668e-04 5.6503015e-04 9.6365251e-04],[9.9969065e-01 3.0937587e-04],"[1.8210800e-05 2.4551040e-04 2.3751308e-03 4.9842410e-03 1.5857990e-01
 6.2845528e-01 1.9885752e-01 6.3558985e-03 1.2832825e-04]"
/scratch/project_462000771/mengting/projects/bias/Qwen/chinese_prompt/selected_faces/detected_person/person_0128_face0.png,Southeast Asian,Asian,Male,20-29,"[2.2422289e-05 8.0545768e-05 2.7557747e-03 1.8887907e-01 8.0665827e-01
 1.5997119e-03 4.2359261e-06]",[2.3879878e-05 7.9692563e-04 9.9592835e-01 3.2508557e-03],[9.9999410e-01 5.9067293e-06],"[1.08050116e-07 1.15073002e-04 1.26126334e-01 8.15783739e-01
 5.72976768e-02 6.72445341e-04 4.54720612e-06 1.35353275e-07
 2.58333999e-09]"
/scratch/project_462000771/mengting/projects/bias/Qwen/chinese_prompt/selected_faces/detected_person/person_0723_face0.png,White,White,Male,40-49,"[9.91935313e-01 1.29039847e-06 2.44971807e-03 2.93326957e-05
 1.08194836e-04 1.38989743e-03 4.08620760e-03]",[8.8899505e-01 1.4014253e-04 2.7945367e-04 1.1058527e-01],[9.9994957e-01 5.0413688e-05],"[9.8982684e-07 6.1786591e-06 4.4769561e-04 2.7214338e-03 7.5730801e-02
 6.7990774e-01 2.3919134e-01 1.9734558e-03 2.0326652e-05]"
/scratch/project_462000771/mengting/projects/bias/Qwen/chinese_prompt/selected_faces/detected_person/person_0263_face0.png,Latino_Hispanic,Indian,Male,50-59,"[0.00582741 0.01380655 0.60904425 0.02459491 0.16609238 0.17640647
 0.00422806]",[0.00366899 0.08908196 0.34847522 0.5587738 ],[9.9975735e-01 2.4261979e-04],"[1.4285013e-05 4.0099891e-05 4.0378873e-04 3.8127459e-04 1.2778792e-02
 2.3879845e-01 6.8359303e-01 6.2975034e-02 1.0153046e-03]"
/scratch/project_462000771/mengting/projects/bias/Qwen/chinese_prompt/selected_faces/detected_person/person_0797_face0.png,Latino_Hispanic,Asian,Male,40-49,"[0.01663539 0.00081887 0.76329905 0.0650155  0.11454935 0.03476142
 0.00492056]",[1.4143707e-02 2.1255411e-04 9.5250547e-01 3.3138283e-02],[9.999991e-01 8.583741e-07],"[2.2150220e-05 7.1565337e-05 6.0266530e-04 1.3671492e-03 7.3074833e-02
 5.0186759e-01 4.1009992e-01 1.2863085e-02 3.0994441e-05]"
/scratch/project_462000771/mengting/projects/bias/Qwen/chinese_prompt/selected_faces/detected_person/person_0562_face0.png,East Asian,Asian,Male,20-29,"[3.5087697e-04 6.6742273e-06 3.3361393e-03 7.6510483e-01 2.3100528e-01
 1.6721574e-04 2.9010835e-05]",[6.6835579e-04 4.3033471e-04 9.9672353e-01 2.1777181e-03],[9.9938685e-01 6.1313767e-04],"[2.5212472e-08 1.5847392e-05 3.6130313e-02 9.0136224e-01 6.2112901e-02
 3.7697380e-04 1.7162419e-06 4.4871143e-08 5.7978372e-10]"
/scratch/project_462000771/mengting/projects/bias/Qwen/chinese_prompt/selected_faces/detected_person/person_0850_face0.png,White,White,Male,40-49,"[9.9494725e-01 8.3921208e-08 5.8695331e-04 2.2855538e-07 1.4685697e-06
 1.7185627e-04 4.2921351e-03]",[9.9714106e-01 5.8060259e-06 9.0703208e-05 2.7623577e-03],[9.9979728e-01 2.0270032e-04],"[1.1619983e-06 3.4561813e-06 2.3724172e-04 2.7163657e-03 5.6651570e-02
 5.7906115e-01 3.5851380e-01 2.7845383e-03 3.0788469e-05]"
/scratch/project_462000771/mengting/projects/bias/Qwen/chinese_prompt/selected_faces/detected_person/person_0856_face0.png,Latino_Hispanic,White,Male,50-59,"[0.3138141  0.00220656 0.39683342 0.01173569 0.00787651 0.01391457
 0.25361916]",[0.93925774 0.00098554 0.04401264 0.01574413],[9.9938995e-01 6.1007228e-04],"[2.2995762e-04 2.0134322e-04 1.0569007e-03 8.6755533e-04 1.6723538e-02
 1.5786205e-01 6.6610193e-01 1.5221840e-01 4.7384039e-03]"
/scratch/project_462000771/mengting/projects/bias/Qwen/chinese_prompt/selected_faces/detected_person/person_0431_face0.png,East Asian,Asian,Male,40-49,"[6.52806601e-04 2.89387244e-05 2.42291987e-02 7.62446344e-01
 2.10043505e-01 2.48552836e-03 1.13564616e-04]",[1.0732799e-03 1.4371646e-04 9.6313941e-01 3.5643525e-02],[9.9999613e-01 3.8632975e-06],"[1.2520515e-07 8.9700723e-07 1.4951371e-04 1.9061359e-02 3.5453519e-01
 5.5091733e-01 7.3533408e-02 1.7956421e-03 6.4493397e-06]"
/scratch/project_462000771/mengting/projects/bias/Qwen/chinese_prompt/selected_faces/detected_person/person_0702_face0.png,Latino_Hispanic,White,Male,40-49,"[9.0669714e-02 1.7310886e-04 8.2353801e-01 6.7248894e-04 1.5277517e-03
 7.8778610e-02 4.6403338e-03]",[0.6183355  0.00123834 0.01316221 0.3672639 ],[9.9956316e-01 4.3676700e-04],"[1.09768225e-05 3.95440074e-05 7.03246798e-04 1.38260203e-03
 1.22001842e-01 6.08098447e-01 2.65998304e-01 1.75923982e-03
 5.83451265e-06]"
/scratch/project_462000771/mengting/projects/bias/Qwen/chinese_prompt/selected_faces/detected_person/person_0964_face0.png,East Asian,Asian,Male,20-29,"[4.8622620e-04 1.7631577e-06 5.7569039e-03 8.1659335e-01 1.7649916e-01
 4.3584619e-04 2.2665711e-04]",[2.45093775e-04 1.10714886e-04 9.96642172e-01 3.00206454e-03],[9.9998641e-01 1.3568079e-05],"[6.0581527e-07 1.1745154e-04 6.1104629e-02 8.4671259e-01 9.1150433e-02
 9.0823125e-04 5.7621633e-06 2.8550096e-07 2.5145250e-09]"
/scratch/project_462000771/mengting/projects/bias/Qwen/chinese_prompt/selected_faces/detected_person/person_0618_face0.png,Latino_Hispanic,Indian,Male,40-49,"[9.08086728e-03 3.62284743e-04 6.17420554e-01 1.49769234e-02
 1.04794584e-01 2.52240598e-01 1.12423755e-03]",[0.05074832 0.00110926 0.11350748 0.83463496],[9.9999982e-01 1.5484973e-07],"[1.9166021e-06 1.4662642e-05 3.8065956e-04 4.8884511e-04 3.9739583e-02
 5.3404349e-01 4.1919303e-01 6.1253887e-03 1.2351987e-05]"
/scratch/project_462000771/mengting/projects/bias/Qwen/chinese_prompt/selected_faces/detected_person/person_0041_face0.png,White,White,Male,50-59,"[9.0792322e-01 1.0445915e-03 5.8013093e-02 5.3621945e-04 1.7608955e-03
 1.5906794e-02 1.4815101e-02]",[0.98648226 0.00347343 0.00114146 0.00890294],[9.9995875e-01 4.1265765e-05],"[8.4539342e-06 1.6867476e-05 2.4659574e-04 3.1622840e-04 8.1302011e-03
 1.7810795e-01 7.1514380e-01 9.6048035e-02 1.9818123e-03]"
/scratch/project_462000771/mengting/projects/bias/Qwen/chinese_prompt/selected_faces/detected_person/person_0500_face0.png,Southeast Asian,Asian,Female,20-29,"[2.5230271e-03 3.1661938e-04 6.3260153e-02 3.7367657e-01 5.2503580e-01
 3.4795482e-02 3.9238567e-04]",[2.4092321e-03 7.3486177e-04 9.5540094e-01 4.1454986e-02],[4.9156748e-05 9.9995083e-01],"[1.1433420e-08 1.3286207e-05 2.5116621e-02 8.6407769e-01 1.0994067e-01
 8.4990246e-04 1.8471709e-06 2.9975521e-08 1.9058362e-10]"
/scratch/project_462000771/mengting/projects/bias/Qwen/chinese_prompt/selected_faces/detected_person/person_0390_face0.png,White,White,Male,30-39,"[9.0686297e-01 1.0835726e-05 6.6536233e-02 2.2575737e-03 1.1783703e-03
 6.8960083e-04 2.2464534e-02]",[9.9689472e-01 5.4543575e-06 1.9965931e-03 1.1032290e-03],[9.9998182e-01 1.8160308e-05],"[7.3340789e-06 2.4543326e-05 1.0503312e-03 3.7384748e-02 5.8077234e-01
 3.6256048e-01 1.8056350e-02 1.4286701e-04 9.8826388e-07]"
/scratch/project_462000771/mengting/projects/bias/Qwen/chinese_prompt/selected_faces/detected_person/person_0376_face0.png,White,White,Male,50-59,"[8.8921976e-01 3.7312380e-05 6.1817290e-03 4.5691861e-05 1.3515093e-04
 1.0657859e-03 1.0331457e-01]",[9.9888611e-01 3.5036546e-06 2.8856470e-05 1.0816412e-03],[9.9988127e-01 1.1876366e-04],"[5.39048233e-06 8.71726297e-06 1.14761024e-04 3.23059037e-04
 1.11674266e-02 1.95638537e-01 7.38148987e-01 5.30132391e-02
 1.57988607e-03]"
/scratch/project_462000771/mengting/projects/bias/Qwen/chinese_prompt/selected_faces/detected_person/person_0458_face0.png,Black,Black,Male,20-29,"[4.9162918e-05 9.5431566e-01 5.2112397e-03 9.4020779e-06 5.4573163e-04
 3.9795041e-02 7.3809904e-05]",[4.3033389e-04 7.8861940e-01 1.0562120e-02 2.0038809e-01],[9.9997270e-01 2.7308639e-05],"[2.4388744e-06 2.7060529e-04 7.2275914e-02 6.3657463e-01 2.4708144e-01
 4.2087980e-02 1.6860935e-03 2.0456038e-05 5.6862547e-07]"
/scratch/project_462000771/mengting/projects/bias/Qwen/chinese_prompt/selected_faces/detected_person/person_0455_face0.png,Black,Black,Female,20-29,"[1.4469163e-07 9.9221879e-01 1.0979337e-05 3.2232248e-07 9.4173020e-06
 7.7602048e-03 9.3810300e-08]",[1.01636915e-05 7.69087255e-01 1.02542828e-04 2.30800018e-01],[0.00713542 0.9928646 ],"[5.6244494e-07 6.5784768e-04 6.3414425e-02 6.3341951e-01 2.7910468e-01
 2.2471420e-02 9.1931387e-04 1.1739840e-05 5.2115672e-07]"
/scratch/project_462000771/mengting/projects/bias/Qwen/chinese_prompt/selected_faces/detected_person/person_0514_face0.png,White,White,Male,30-39,"[9.4754207e-01 7.0695787e-05 3.5962768e-02 1.2801509e-04 1.0657716e-03
 6.6801300e-04 1.4562679e-02]",[9.9974585e-01 9.2648979e-06 5.9514001e-05 1.8539530e-04],[9.9980241e-01 1.9757515e-04],"[2.3496748e-06 4.2848602e-05 4.1672424e-03 1.0055193e-01 5.4542029e-01
 3.3321914e-01 1.6400460e-02 1.9283601e-04 2.7721128e-06]"
/scratch/project_462000771/mengting/projects/bias/Qwen/chinese_prompt/selected_faces/detected_person/person_0735_face0.png,Indian,Indian,Male,30-39,"[5.66358864e-03 3.35390167e-03 3.54719371e-01 1.66224447e-04
 1.83951412e-03 6.20629549e-01 1.36277955e-02]",[0.00605023 0.01084082 0.00414473 0.9789642 ],[9.9983668e-01 1.6334496e-04],"[7.0168621e-06 1.1903323e-04 5.2110171e-03 4.3960607e-01 5.3306782e-01
 2.1889826e-02 9.7990109e-05 1.2851741e-06 2.2630335e-08]"
/scratch/project_462000771/mengting/projects/bias/Qwen/chinese_prompt/selected_faces/detected_person/person_0726_face0.png,White,White,Male,30-39,"[9.9940252e-01 1.6743846e-07 3.0565073e-04 1.2010139e-06 4.3090668e-06
 2.5478210e-05 2.6069526e-04]",[9.9956918e-01 1.7978658e-05 3.8391867e-05 3.7430384e-04],[9.9999785e-01 2.1089920e-06],"[2.2602642e-06 1.6272352e-04 1.1674957e-02 9.7678646e-02 6.0789233e-01
 2.7871323e-01 3.8605253e-03 1.5063112e-05 2.5113903e-07]"
/scratch/project_462000771/mengting/projects/bias/Qwen/chinese_prompt/selected_faces/detected_person/person_0143_face0.png,White,White,Male,40-49,"[9.9780267e-01 8.0909876e-07 2.9808207e-04 5.0699005e-06 1.5259582e-05
 1.6864806e-05 1.8612313e-03]",[9.9851042e-01 6.2042171e-05 1.2800556e-04 1.2995283e-03],[9.999970e-01 3.005655e-06],"[2.0737846e-07 2.7799613e-06 3.1700477e-04 1.6678220e-02 3.8140190e-01
 5.6829345e-01 3.3139348e-02 1.6534381e-04 1.7760017e-06]"
/scratch/project_462000771/mengting/projects/bias/Qwen/chinese_prompt/selected_faces/detected_person/person_0974_face0.png,White,White,Male,30-39,"[8.5900116e-01 1.6167058e-05 8.9072429e-02 1.2136791e-03 6.1298738e-04
 3.3891930e-03 4.6694312e-02]",[9.9484092e-01 6.5508470e-06 1.9853681e-04 4.9540186e-03],[9.9999464e-01 5.3353001e-06],"[3.3667558e-05 3.3461928e-04 8.5217627e-03 1.4392792e-01 7.2895110e-01
 1.1638634e-01 1.8297522e-03 1.4739741e-05 9.0894467e-08]"
/scratch/project_462000771/mengting/projects/bias/Qwen/chinese_prompt/selected_faces/detected_person/person_0152_face0.png,White,White,Male,40-49,"[9.6345437e-01 1.4081069e-06 2.1271925e-02 4.4485711e-04 5.8404286e-04
 4.0120466e-04 1.3842142e-02]",[9.9789244e-01 1.8867933e-06 1.6308308e-03 4.7480850e-04],[9.9999970e-01 3.5922076e-07],"[9.7946813e-06 1.6338252e-05 2.1918227e-04 7.5275573e-04 1.0120304e-01
 6.6600871e-01 2.2820421e-01 3.5723276e-03 1.3672476e-05]"
/scratch/project_462000771/mengting/projects/bias/Qwen/chinese_prompt/selected_faces/detected_person/person_0039_face0.png,Black,Black,Female,10-19,"[3.8219539e-05 9.7388005e-01 3.5394146e-03 1.8249752e-05 2.3882347e-04
 2.2035893e-02 2.4927550e-04]",[8.1453691e-05 9.2586654e-01 2.1192426e-04 7.3840104e-02],[0.30026355 0.6997365 ],"[1.0862161e-06 1.1425928e-02 8.6893368e-01 1.1458179e-01 4.9137580e-03
 1.4210210e-04 1.5595189e-06 5.0034050e-08 1.9695579e-09]"
/scratch/project_462000771/mengting/projects/bias/Qwen/chinese_prompt/selected_faces/detected_person/person_0389_face0.png,White,White,Male,40-49,"[9.9911451e-01 3.1119359e-06 2.6934608e-04 5.4187526e-06 2.0396046e-05
 1.2348495e-05 5.7491404e-04]",[9.9966675e-01 1.5624809e-04 9.3767492e-05 8.3292514e-05],[9.9999982e-01 2.1128521e-07],"[3.3251952e-06 4.1549509e-05 1.7765166e-03 8.6703598e-03 9.9220686e-02
 4.8173520e-01 3.9364231e-01 1.4767908e-02 1.4210358e-04]"
/scratch/project_462000771/mengting/projects/bias/Qwen/chinese_prompt/selected_faces/detected_person/person_0924_face0.png,White,White,Male,40-49,"[9.7537017e-01 4.8904217e-06 1.6139725e-02 4.5803879e-04 7.3449494e-04
 2.6224545e-04 7.0305383e-03]",[9.9263901e-01 2.1905111e-05 3.3766732e-03 3.9624413e-03],[0.9919676  0.00803242],"[1.7353686e-05 1.1224677e-04 4.4078254e-03 1.5890937e-02 2.7960321e-01
 5.5836684e-01 1.3907826e-01 2.4958004e-03 2.7476264e-05]"
/scratch/project_462000771/mengting/projects/bias/Qwen/chinese_prompt/selected_faces/detected_person/person_0759_face0.png,Southeast Asian,Indian,Male,50-59,"[0.00525722 0.00402584 0.30307972 0.04590396 0.42014354 0.2194224
 0.00216729]",[0.02337169 0.00208843 0.23639192 0.738148  ],[9.9995178e-01 4.8279646e-05],"[2.2804676e-04 9.0370257e-04 1.6089153e-03 1.0033776e-04 1.3381593e-03
 3.6709759e-02 5.3431612e-01 4.1258091e-01 1.2214056e-02]"
/scratch/project_462000771/mengting/projects/bias/Qwen/chinese_prompt/selected_faces/detected_person/person_0086_face0.png,White,White,Male,20-29,"[6.9868815e-01 6.5085170e-04 2.0501488e-01 4.1508078e-04 1.0846087e-03
 1.2904571e-03 9.2855901e-02]",[0.99098015 0.00273055 0.00143877 0.00485053],[9.9951673e-01 4.8323686e-04],"[3.0759537e-08 9.8537121e-06 6.5943092e-02 8.8081199e-01 5.2955210e-02
 2.7869342e-04 1.0737364e-06 2.0463030e-08 5.6869021e-10]"
/scratch/project_462000771/mengting/projects/bias/Qwen/chinese_prompt/selected_faces/detected_person/person_0355_face0.png,Latino_Hispanic,White,Female,30-39,"[1.7990282e-01 6.5467446e-03 8.0434644e-01 2.0649124e-04 7.2561984e-04
 5.9180586e-03 2.3539378e-03]",[0.8796283  0.0258715  0.003575   0.09092517],[1.3305861e-05 9.9998665e-01],"[2.36455544e-09 5.26070494e-07 2.65144045e-03 4.01067764e-01
 5.83937645e-01 1.22847175e-02 5.76167840e-05 3.20929701e-07
 1.13100873e-09]"
/scratch/project_462000771/mengting/projects/bias/Qwen/chinese_prompt/selected_faces/detected_person/person_0914_face0.png,East Asian,Asian,Female,20-29,"[1.4681568e-03 2.4088818e-06 1.8877102e-03 9.4533700e-01 5.0873961e-02
 3.3346200e-04 9.7189855e-05]",[1.3855929e-03 1.3139028e-04 9.9609196e-01 2.3910736e-03],[0.00241823 0.9975818 ],"[7.2182485e-07 4.4378746e-04 7.6519899e-02 8.8668615e-01 3.5999995e-02
 3.4651766e-04 2.7390013e-06 1.7584895e-07 4.0756429e-09]"
/scratch/project_462000771/mengting/projects/bias/Qwen/chinese_prompt/selected_faces/detected_person/person_0944_face0.png,Indian,Indian,Male,40-49,"[2.4273057e-02 1.6230555e-01 1.2762415e-01 7.7363235e-05 1.0276885e-03
 6.7560744e-01 9.0847677e-03]",[0.13664392 0.18571857 0.00863802 0.6689995 ],[9.999922e-01 7.815996e-06],"[2.33946935e-06 7.42030898e-06 1.20212280e-04 1.22454325e-02
 4.31918591e-01 5.04373848e-01 5.09156398e-02 4.10523382e-04
 6.04273100e-06]"
/scratch/project_462000771/mengting/projects/bias/Qwen/chinese_prompt/selected_faces/detected_person/person_0579_face0.png,Middle Eastern,White,Male,30-39,"[3.1730032e-01 8.6579108e-05 1.2812710e-01 1.5036722e-04 2.6541424e-04
 1.3083340e-02 5.4098684e-01]",[8.2594907e-01 1.6764377e-04 3.4577493e-03 1.7042553e-01],[9.9982518e-01 1.7480613e-04],"[1.4622588e-06 1.6692426e-05 2.3665386e-03 3.8785659e-02 4.7909942e-01
 4.5502681e-01 2.4538636e-02 1.6297142e-04 1.7972939e-06]"
/scratch/project_462000771/mengting/projects/bias/Qwen/chinese_prompt/selected_faces/detected_person/person_0767_face0.png,East Asian,Asian,Female,20-29,"[5.6807848e-04 5.4670193e-07 1.3956280e-03 9.4739157e-01 5.0222594e-02
 3.9317264e-04 2.8278921e-05]",[2.1129819e-03 1.1974371e-05 9.9706674e-01 8.0833450e-04],[2.4713998e-04 9.9975282e-01],"[1.9362947e-08 6.6701956e-05 5.8212951e-02 9.0118212e-01 4.0244520e-02
 2.9299516e-04 6.7185385e-07 2.6952307e-08 3.0261216e-10]"
/scratch/project_462000771/mengting/projects/bias/Qwen/chinese_prompt/selected_faces/detected_person/person_0088_face0.png,White,White,Male,40-49,"[9.9451351e-01 5.5918792e-07 3.2363804e-03 6.1404673e-05 5.2592859e-05
 5.8638994e-05 2.0768871e-03]",[9.99799788e-01 2.73030878e-06 9.47198059e-05 1.02806225e-04],[9.9977511e-01 2.2483585e-04],"[3.3163735e-06 1.0595750e-05 3.6868016e-04 6.6786562e-03 1.9282761e-01
 7.1085727e-01 8.8302918e-02 9.3827432e-04 1.2681222e-05]"
/scratch/project_462000771/mengting/projects/bias/Qwen/chinese_prompt/selected_faces/detected_person/person_0555_face0.png,Middle Eastern,Indian,Male,30-39,"[5.7641655e-02 3.8561391e-04 1.3135237e-01 1.6898985e-04 5.2015635e-04
 3.7845198e-02 7.7208602e-01]",[0.12958081 0.00103591 0.00098225 0.86840105],[9.9999964e-01 3.4971345e-07],"[1.22640895e-05 1.66173049e-04 8.67429934e-03 2.32489303e-01
 6.61628366e-01 9.56359506e-02 1.38145988e-03 1.20570194e-05
 1.02956058e-07]"
/scratch/project_462000771/mengting/projects/bias/Qwen/chinese_prompt/selected_faces/detected_person/person_0221_face0.png,East Asian,Asian,Male,50-59,"[3.5765866e-04 2.7535086e-06 2.5294179e-03 9.3646175e-01 6.0305793e-02
 7.8976598e-05 2.6359130e-04]",[3.9111046e-04 1.5655638e-05 9.9877983e-01 8.1340881e-04],[9.9999726e-01 2.7618851e-06],"[1.2541552e-06 1.8038354e-06 4.3597385e-05 4.7120269e-04 4.8105743e-02
 4.0935421e-01 4.8985577e-01 5.1992103e-02 1.7424057e-04]"
/scratch/project_462000771/mengting/projects/bias/Qwen/chinese_prompt/selected_faces/detected_person/person_0872_face0.png,White,White,Male,40-49,"[9.68403399e-01 1.97993154e-06 9.83961858e-03 1.07287933e-05
 1.33971935e-05 4.02763108e-04 2.13281997e-02]",[9.9527371e-01 4.8962975e-06 4.0074607e-05 4.6813586e-03],[9.999955e-01 4.460619e-06],"[1.9594079e-06 1.8815825e-05 7.2638423e-04 1.0086023e-02 3.8091600e-01
 5.9334600e-01 1.4861471e-02 4.3128381e-05 2.4605148e-07]"
/scratch/project_462000771/mengting/projects/bias/Qwen/chinese_prompt/selected_faces/detected_person/person_0212_face0.png,White,White,Male,30-39,"[6.7480773e-01 4.4430508e-05 6.4765193e-02 2.9173741e-04 6.6865335e-04
 1.6393046e-03 2.5778297e-01]",[9.8959565e-01 3.9381985e-04 1.5577392e-03 8.4527731e-03],[9.9995631e-01 4.3638505e-05],"[5.53203165e-07 1.30304115e-05 1.99875515e-03 3.50905120e-01
 6.29115343e-01 1.79040190e-02 6.27757472e-05 3.83911754e-07
 5.63815616e-09]"
/scratch/project_462000771/mengting/projects/bias/Qwen/chinese_prompt/selected_faces/detected_person/person_0822_face0.png,Southeast Asian,Indian,Male,30-39,"[0.0011899  0.00448425 0.34355822 0.01830916 0.45982784 0.17109133
 0.00153933]",[0.0011749  0.01398316 0.45323646 0.53160554],[9.999035e-01 9.653342e-05],"[4.3163072e-06 2.1069059e-04 1.9155350e-02 4.0757570e-01 5.2211893e-01
 5.0242484e-02 6.8509480e-04 7.3331225e-06 1.4256460e-07]"
/scratch/project_462000771/mengting/projects/bias/Qwen/chinese_prompt/selected_faces/detected_person/person_0881_face0.png,Indian,Indian,Female,20-29,"[0.02042995 0.00301658 0.4741148  0.00091948 0.00512707 0.48255306
 0.01383901]",[0.21054026 0.18335715 0.01396653 0.5921361 ],[0.00353251 0.99646753],"[1.1631457e-07 1.5218182e-04 9.1374397e-02 8.1631106e-01 9.1162957e-02
 9.9437032e-04 4.8469701e-06 7.2278759e-08 1.0897468e-09]"
/scratch/project_462000771/mengting/projects/bias/Qwen/chinese_prompt/selected_faces/detected_person/person_0734_face0.png,Southeast Asian,Asian,Male,20-29,"[3.00936343e-04 5.25717391e-03 4.35794145e-02 1.05140455e-01
 8.29041064e-01 1.65138897e-02 1.67075268e-04]",[1.7945720e-04 2.0374952e-02 9.7507602e-01 4.3695811e-03],[9.9985600e-01 1.4402709e-04],"[1.3406124e-07 3.3127150e-04 1.5293074e-01 8.1617332e-01 3.0324260e-02
 2.3956070e-04 7.1077847e-07 1.4659430e-08 3.9434311e-10]"
/scratch/project_462000771/mengting/projects/bias/Qwen/chinese_prompt/selected_faces/detected_person/person_0353_face0.png,White,White,Male,40-49,"[9.9994516e-01 3.8234322e-08 1.3126997e-05 2.1987280e-06 3.5243179e-06
 1.7788271e-06 3.4215915e-05]",[9.9995106e-01 2.8153115e-06 2.8034738e-05 1.8071052e-05],[9.9999541e-01 4.6011974e-06],"[6.6406017e-08 1.7129473e-06 2.2667374e-04 1.7216468e-02 3.3975750e-01
 6.0086524e-01 4.1757569e-02 1.7149981e-04 3.2457488e-06]"
/scratch/project_462000771/mengting/projects/bias/Qwen/chinese_prompt/selected_faces/detected_person/person_0806_face0.png,Indian,Indian,Male,20-29,"[1.9408503e-04 6.7391358e-03 3.3310413e-02 9.9112462e-05 4.0727714e-03
 9.5395017e-01 1.6343032e-03]",[5.9117476e-04 6.3948352e-03 9.8795898e-04 9.9202603e-01],[9.9999863e-01 1.3427006e-06],"[5.1164034e-07 7.3715819e-05 4.5229256e-02 7.7964056e-01 1.7074680e-01
 4.2873174e-03 2.1631537e-05 2.5081391e-07 3.4359604e-09]"
/scratch/project_462000771/mengting/projects/bias/Qwen/chinese_prompt/selected_faces/detected_person/person_0749_face0.png,White,White,Male,30-39,"[8.7594318e-01 1.0054390e-05 9.9867277e-02 1.5624608e-04 2.3369557e-04
 8.4567280e-04 2.2943890e-02]",[9.8623794e-01 7.0070892e-05 1.0485448e-03 1.2643458e-02],[9.99985993e-01 1.39543845e-05],"[5.6247029e-07 3.3214801e-06 3.9069529e-04 5.2515462e-02 7.2755975e-01
 2.1771447e-01 1.8111571e-03 4.6479672e-06 2.1489653e-08]"
/scratch/project_462000771/mengting/projects/bias/Qwen/chinese_prompt/selected_faces/detected_person/person_0447_face0.png,White,White,Male,40-49,"[9.8183590e-01 7.6764758e-07 9.8755043e-03 3.3765280e-04 1.5523820e-04
 5.6404566e-05 7.7385274e-03]",[9.9704617e-01 2.7335900e-05 1.8487216e-03 1.0777148e-03],[9.9991465e-01 8.5402062e-05],"[1.8189667e-06 7.0032938e-06 6.3507253e-04 7.3938766e-03 1.8472043e-01
 6.3936704e-01 1.6432576e-01 3.5189949e-03 3.0025949e-05]"
/scratch/project_462000771/mengting/projects/bias/Qwen/chinese_prompt/selected_faces/detected_person/person_0880_face0.png,Latino_Hispanic,White,Male,30-39,"[1.9369288e-01 4.0567270e-04 5.7212347e-01 5.6141596e-03 1.0408940e-02
 1.3385828e-01 8.3896577e-02]",[0.5373314  0.00237985 0.04248784 0.4178009 ],[9.9999857e-01 1.4693719e-06],"[2.0383883e-05 2.0763907e-04 4.3356847e-03 2.1277636e-01 6.5925658e-01
 1.2092070e-01 2.4635314e-03 1.8929097e-05 1.7971719e-07]"
/scratch/project_462000771/mengting/projects/bias/Qwen/chinese_prompt/selected_faces/detected_person/person_0218_face0.png,Southeast Asian,Asian,Male,20-29,"[1.5255890e-04 5.3309785e-05 2.0064069e-02 2.4933739e-01 7.0584822e-01
 2.4311528e-02 2.3288865e-04]",[1.4016202e-04 4.4352208e-05 9.7226191e-01 2.7553620e-02],[9.999192e-01 8.082762e-05],"[5.4583425e-06 5.7334639e-04 5.2416090e-02 6.2719113e-01 2.9663953e-01
 2.2631036e-02 5.0926988e-04 3.3397879e-05 7.3862253e-07]"
/scratch/project_462000771/mengting/projects/bias/Qwen/chinese_prompt/selected_faces/detected_person/person_0014_face0.png,Latino_Hispanic,Indian,Male,40-49,"[0.00972687 0.01031581 0.5632574  0.00145331 0.00909877 0.4042526
 0.00189527]",[0.00622365 0.01755795 0.01533446 0.960884  ],[9.9998683e-01 1.3197119e-05],"[1.0863534e-05 2.9874607e-05 4.5036161e-04 2.2674312e-03 1.2311129e-01
 6.5050644e-01 2.2250141e-01 1.1189455e-03 3.2685318e-06]"
/scratch/project_462000771/mengting/projects/bias/Qwen/chinese_prompt/selected_faces/detected_person/person_0777_face0.png,White,White,Male,30-39,"[4.6684265e-01 2.3343190e-04 3.4505665e-01 9.9159568e-04 1.8137806e-03
 3.5992991e-02 1.4906898e-01]",[9.7187567e-01 3.0524220e-04 8.3810859e-04 2.6980855e-02],[9.9999952e-01 4.9914286e-07],"[7.7369782e-07 3.0782369e-06 9.8601326e-05 1.8919671e-02 5.2068627e-01
 4.4063091e-01 1.9565854e-02 9.4100127e-05 6.9286523e-07]"
/scratch/project_462000771/mengting/projects/bias/Qwen/chinese_prompt/selected_faces/detected_person/person_0928_face0.png,White,White,Male,40-49,"[9.9656117e-01 7.8133064e-07 1.9877723e-03 7.5440244e-06 1.3359266e-05
 3.5599139e-04 1.0733983e-03]",[9.9959075e-01 6.3649727e-06 5.5948927e-05 3.4690541e-04],[9.9998832e-01 1.1678392e-05],"[1.4964663e-06 2.6338598e-06 1.6924203e-04 1.9414765e-03 5.2072819e-02
 5.2646017e-01 4.1580474e-01 3.5220771e-03 2.5346701e-05]"
/scratch/project_462000771/mengting/projects/bias/Qwen/chinese_prompt/selected_faces/detected_person/person_0800_face0.png,Middle Eastern,White,Male,40-49,"[3.4813195e-01 2.1164496e-04 2.5841534e-02 4.2271637e-05 1.0477317e-04
 1.5186007e-03 6.2414920e-01]",[9.9562716e-01 7.9053099e-04 1.3253362e-03 2.2569976e-03],[9.999996e-01 4.234593e-07],"[1.5848480e-06 1.1576412e-06 1.6057786e-05 2.5890640e-04 3.6508132e-02
 6.9344836e-01 2.6600200e-01 3.7396403e-03 2.4088447e-05]"
/scratch/project_462000771/mengting/projects/bias/Qwen/chinese_prompt/selected_faces/detected_person/person_0830_face0.png,Latino_Hispanic,Indian,Male,20-29,"[0.03329014 0.00207597 0.80766815 0.02293194 0.100067   0.01652696
 0.01743978]",[0.10622255 0.09673031 0.18223466 0.61481255],[0.9973734  0.00262659],"[3.60881955e-07 2.58941465e-04 2.60163963e-01 7.13792801e-01
 2.56194547e-02 1.63843360e-04 6.13018813e-07 1.25816815e-08
 3.25988125e-10]"
/scratch/project_462000771/mengting/projects/bias/Qwen/chinese_prompt/selected_faces/detected_person/person_0289_face0.png,Middle Eastern,Indian,Male,30-39,"[2.3449210e-02 2.7216613e-04 3.0742007e-01 1.3124774e-04 9.9251640e-04
 3.0716118e-01 3.6057362e-01]",[3.4544125e-02 8.8186836e-04 8.2152721e-04 9.6375245e-01],[9.9999988e-01 1.0311922e-07],"[2.5100471e-05 1.2140232e-03 3.4680985e-02 3.7076119e-01 5.4531491e-01
 4.7268923e-02 7.2331313e-04 1.1479765e-05 6.2762631e-08]"
/scratch/project_462000771/mengting/projects/bias/Qwen/chinese_prompt/selected_faces/detected_person/person_0982_face0.png,Black,Black,Male,40-49,"[3.9420042e-06 9.9668801e-01 4.9439468e-04 2.1201167e-06 5.5138953e-05
 2.7558324e-03 7.1030797e-07]",[1.6281952e-05 9.9789035e-01 1.4658264e-04 1.9468212e-03],[9.9936122e-01 6.3882454e-04],"[2.2451654e-07 7.0750730e-07 4.1216150e-05 8.3695725e-04 3.6595147e-02
 5.1912397e-01 4.3746817e-01 5.8164457e-03 1.1711199e-04]"
/scratch/project_462000771/mengting/projects/bias/Qwen/chinese_prompt/selected_faces/detected_person/person_0026_face0.png,Latino_Hispanic,Indian,Male,40-49,"[5.8969851e-03 1.7876456e-03 7.2262251e-01 7.2250463e-04 8.9338133e-03
 2.4926209e-01 1.0774397e-02]",[0.01898112 0.00478367 0.07919687 0.89703834],[9.9998546e-01 1.4534660e-05],"[3.8478087e-05 1.6522560e-04 1.6343980e-03 1.0073687e-02 2.7265206e-01
 6.1407882e-01 1.0086401e-01 4.9007090e-04 3.2157184e-06]"
/scratch/project_462000771/mengting/projects/bias/Qwen/chinese_prompt/selected_faces/detected_person/person_0935_face0.png,Black,Black,Male,30-39,"[1.8832250e-06 9.9850595e-01 1.8153647e-04 4.6822819e-07 3.1119456e-05
 1.2749075e-03 4.1118851e-06]",[2.3696464e-06 9.9982113e-01 5.2659266e-06 1.7119441e-04],[9.999994e-01 6.109614e-07],"[1.5457445e-08 7.6699337e-07 2.4543505e-03 4.7014645e-01 4.8390773e-01
 4.2894371e-02 5.9359981e-04 2.6478408e-06 5.9771132e-08]"
/scratch/project_462000771/mengting/projects/bias/Qwen/chinese_prompt/selected_faces/detected_person/person_0614_face0.png,Latino_Hispanic,White,Male,40-49,"[3.3809069e-01 5.5421930e-04 3.9477402e-01 1.3940813e-04 2.5159158e-04
 4.9820334e-02 2.1636966e-01]",[0.70651543 0.0028624  0.00099035 0.2896319 ],[9.9999768e-01 2.3566374e-06],"[2.6560695e-06 4.5539009e-06 2.8280294e-04 9.9104224e-03 2.5915757e-01
 5.4585648e-01 1.8224344e-01 2.5271904e-03 1.4792815e-05]"
/scratch/project_462000771/mengting/projects/bias/Qwen/chinese_prompt/selected_faces/detected_person/person_0505_face0.png,Indian,Indian,Male,20-29,"[8.7090579e-05 3.5134200e-02 4.9062684e-02 4.5889363e-04 4.5043338e-02
 8.7007695e-01 1.3676487e-04]",[2.0530811e-04 1.2031908e-02 1.1926338e-02 9.7583646e-01],[9.9995124e-01 4.8793408e-05],"[1.61325420e-06 5.00400551e-04 1.26497418e-01 7.60069013e-01
 1.06436856e-01 6.40149182e-03 9.20067250e-05 1.20949244e-06
 4.45700614e-08]"
/scratch/project_462000771/mengting/projects/bias/Qwen/chinese_prompt/selected_faces/detected_person/person_0367_face0.png,Latino_Hispanic,Indian,Female,20-29,"[0.01793819 0.00465784 0.7152992  0.02304923 0.07394467 0.16399622
 0.00111473]",[0.0885533  0.03501674 0.03813802 0.838292  ],[2.8805653e-04 9.9971193e-01],"[1.2939941e-07 7.5889118e-05 2.2921547e-02 8.3030933e-01 1.4518595e-01
 1.4975265e-03 9.5186333e-06 1.2155078e-07 1.1092970e-09]"
/scratch/project_462000771/mengting/projects/bias/Qwen/chinese_prompt/selected_faces/detected_person/person_0542_face0.png,Latino_Hispanic,Asian,Male,30-39,"[2.4067637e-02 2.1890947e-04 7.9912204e-01 6.2069867e-02 8.5220896e-02
 2.2368839e-02 6.9318842e-03]",[0.10606784 0.00097657 0.8051413  0.08781422],[9.9998868e-01 1.1367321e-05],"[1.2990502e-06 3.3061271e-05 6.2110876e-03 2.0310234e-01 6.5399033e-01
 1.3317475e-01 3.4605549e-03 2.6393780e-05 1.5889518e-07]"
/scratch/project_462000771/mengting/projects/bias/Qwen/chinese_prompt/selected_faces/detected_person/person_0057_face0.png,White,White,Male,30-39,"[6.9467121e-01 1.1703800e-04 1.4502420e-01 4.8505998e-04 8.9886610e-04
 4.4028193e-02 1.1477552e-01]",[9.6672636e-01 1.6961992e-04 1.6015461e-03 3.1502455e-02],[9.9999094e-01 9.0514641e-06],"[3.2528155e-07 4.5419483e-06 6.5878633e-04 2.7074999e-01 6.9322586e-01
 3.5220310e-02 1.3958030e-04 5.9267074e-07 1.1812940e-08]"
/scratch/project_462000771/mengting/projects/bias/Qwen/chinese_prompt/selected_faces/detected_person/person_0893_face0.png,Indian,Black,Male,40-49,"[1.1918219e-05 2.5679564e-01 2.5249114e-03 1.6460397e-04 6.6826693e-03
 7.3381233e-01 7.9408019e-06]",[1.7070117e-04 6.9587511e-01 4.5490614e-03 2.9940516e-01],[0.9656373  0.03436268],"[3.7975153e-06 3.8361206e-04 1.5588902e-02 7.9039872e-02 3.3174798e-01
 4.8192379e-01 8.9872181e-02 1.3793306e-03 6.0495749e-05]"
/scratch/project_462000771/mengting/projects/bias/Qwen/chinese_prompt/selected_faces/detected_person/person_0340_face0.png,East Asian,Asian,Male,20-29,"[5.8888334e-05 1.0600576e-06 4.7866232e-04 8.9838570e-01 1.0101300e-01
 5.4896402e-05 7.8181511e-06]",[3.5936031e-05 4.1392600e-06 9.9949718e-01 4.6272558e-04],[9.9999875e-01 1.2737797e-06],"[5.4014912e-08 1.5085876e-05 6.0661290e-02 8.6637110e-01 7.2458439e-02
 4.9217022e-04 1.7213017e-06 1.3495210e-07 1.0400283e-09]"
/scratch/project_462000771/mengting/projects/bias/Qwen/chinese_prompt/selected_faces/detected_person/person_0055_face0.png,White,White,Male,30-39,"[9.8762876e-01 3.7132836e-06 9.1659483e-03 3.9785202e-05 5.3430300e-05
 5.1167537e-04 2.5967557e-03]",[9.9927562e-01 2.1401473e-05 5.9512262e-05 6.4341055e-04],[9.9999839e-01 1.5892947e-06],"[1.2654200e-06 2.2311264e-05 1.2071191e-03 8.0305837e-02 7.1193177e-01
 2.0301953e-01 3.4943456e-03 1.7696802e-05 2.1033429e-07]"
/scratch/project_462000771/mengting/projects/bias/Qwen/chinese_prompt/selected_faces/detected_person/person_0345_face0.png,White,White,Male,40-49,"[9.8424757e-01 2.4633159e-06 1.2314682e-02 3.1534646e-04 4.4537021e-04
 9.3660777e-04 1.7379693e-03]",[9.9320608e-01 7.3491865e-05 1.9631439e-03 4.7572684e-03],[9.999943e-01 5.737961e-06],"[1.0635944e-05 1.5211695e-04 1.0834404e-02 3.4641329e-02 3.7749180e-01
 5.0090408e-01 7.5080164e-02 8.7899866e-04 6.4741998e-06]"
/scratch/project_462000771/mengting/projects/bias/Qwen/chinese_prompt/selected_faces/detected_person/person_0200_face0.png,Indian,Indian,Male,30-39,"[1.2384955e-03 1.9442651e-02 1.2841617e-01 1.8741727e-04 2.0984728e-03
 8.4228754e-01 6.3292775e-03]",[0.00119513 0.02695494 0.00105677 0.9707931 ],[9.9998641e-01 1.3583433e-05],"[1.4879104e-05 1.7258934e-04 6.8026916e-03 2.0465790e-01 6.6438895e-01
 1.2051752e-01 3.4135552e-03 3.1468557e-05 5.0690073e-07]"
/scratch/project_462000771/mengting/projects/bias/Qwen/chinese_prompt/selected_faces/detected_person/person_0432_face0.png,Latino_Hispanic,Indian,Male,40-49,"[4.9238172e-03 3.1342953e-03 5.9321439e-01 6.3948013e-05 5.1561696e-04
 3.4763196e-01 5.0515950e-02]",[1.14166895e-02 8.23072332e-04 5.46397117e-04 9.87213850e-01],[9.9999714e-01 2.7908418e-06],"[4.8265611e-05 1.2500523e-04 1.7555254e-03 1.4732728e-02 4.0407950e-01
 5.2687824e-01 5.2115597e-02 2.6435786e-04 8.7836275e-07]"
/scratch/project_462000771/mengting/projects/bias/Qwen/chinese_prompt/selected_faces/detected_person/person_0387_face0.png,White,White,Male,30-39,"[9.9742973e-01 5.2560841e-07 1.6270293e-03 1.3138081e-05 1.1296722e-05
 5.9981459e-05 8.5835613e-04]",[9.9882001e-01 3.3547803e-05 3.7823652e-04 7.6817733e-04],[9.9983686e-01 1.6308037e-04],"[1.4418643e-07 1.5429813e-06 3.3803887e-04 1.1787549e-01 7.8738606e-01
 9.3824610e-02 5.7260017e-04 1.5289930e-06 2.1923926e-08]"
/scratch/project_462000771/mengting/projects/bias/Qwen/chinese_prompt/selected_faces/detected_person/person_0962_face0.png,White,White,Male,30-39,"[9.9871790e-01 3.6276040e-07 6.8277186e-05 4.4957465e-06 5.1136853e-06
 2.4926976e-06 1.2012644e-03]",[9.9978966e-01 7.0116757e-06 1.7449293e-04 2.8796485e-05],[9.998485e-01 1.514663e-04],"[6.3455548e-07 9.7977454e-06 4.5579678e-04 5.7336740e-02 7.6580745e-01
 1.7516531e-01 1.2204704e-03 3.6602962e-06 1.0438307e-07]"
/scratch/project_462000771/mengting/projects/bias/Qwen/chinese_prompt/selected_faces/detected_person/person_0765_face0.png,Southeast Asian,Asian,Female,30-39,"[0.00149129 0.00082075 0.09498455 0.358103   0.43732765 0.106598
 0.00067472]",[8.1920283e-05 1.7828611e-04 9.6629071e-01 3.3449084e-02],[0.03591406 0.96408594],"[2.3726259e-05 6.2712044e-03 4.9264435e-02 7.3007256e-02 3.8017657e-01
 3.7901881e-01 9.7844169e-02 1.3709641e-02 6.8416167e-04]"
/scratch/project_462000771/mengting/projects/bias/Qwen/chinese_prompt/selected_faces/detected_person/person_0358_face0.png,Southeast Asian,Asian,Male,30-39,"[9.2249858e-05 6.7073517e-05 7.8293541e-03 3.3817485e-01 6.5137428e-01
 2.4321161e-03 3.0073832e-05]",[1.9066743e-05 6.4541650e-06 9.9932605e-01 6.4844743e-04],[0.99765575 0.00234425],"[2.7914009e-06 4.5356657e-05 7.2543537e-03 2.2696735e-01 6.6758317e-01
 9.5749483e-02 2.3297367e-03 6.6740067e-05 1.0550375e-06]"
/scratch/project_462000771/mengting/projects/bias/Qwen/chinese_prompt/selected_faces/detected_person/person_0704_face0.png,White,White,Male,60-69,"[0.5186838  0.00118776 0.06274653 0.00126863 0.00088287 0.0044249
 0.41080546]",[9.98524487e-01 1.00806355e-04 6.93990674e-04 6.80745870e-04],[0.9987698  0.00123019],"[9.7032149e-05 6.2149098e-05 2.4711233e-04 2.5245763e-04 1.8810305e-03
 1.9554045e-02 2.7278885e-01 5.9300113e-01 1.1211618e-01]"
/scratch/project_462000771/mengting/projects/bias/Qwen/chinese_prompt/selected_faces/detected_person/person_0922_face0.png,Indian,Asian,Male,20-29,"[0.00150309 0.00077332 0.1436172  0.1307529  0.34093636 0.3787225
 0.00369455]",[0.01516654 0.02223003 0.61261016 0.34999326],[9.9999934e-01 6.8159426e-07],"[6.3527233e-07 9.9022152e-05 1.6280642e-02 5.6960738e-01 3.9243266e-01
 2.1460241e-02 1.1750042e-04 1.8865755e-06 1.5378554e-08]"
/scratch/project_462000771/mengting/projects/bias/Qwen/chinese_prompt/selected_faces/detected_person/person_0139_face0.png,Southeast Asian,Asian,Male,20-29,"[2.1362402e-04 1.9629617e-04 1.3725000e-02 3.1961751e-01 6.2094420e-01
 4.5093823e-02 2.0953431e-04]",[1.11190304e-04 1.53309212e-03 9.75596726e-01 2.27589551e-02],[9.996244e-01 3.756215e-04],"[1.6144901e-05 6.1602755e-03 2.3112421e-01 6.6835856e-01 9.1508597e-02
 2.8086593e-03 2.1991345e-05 1.5101124e-06 2.7957366e-08]"
/scratch/project_462000771/mengting/projects/bias/Qwen/chinese_prompt/selected_faces/detected_person/person_0912_face0.png,Southeast Asian,Asian,Male,20-29,"[0.00090341 0.00123575 0.15405671 0.08978666 0.72693163 0.02564002
 0.00144583]",[0.00128477 0.00255814 0.9284181  0.06773907],[9.9999332e-01 6.7353894e-06],"[3.2016956e-07 5.4096396e-05 2.1822914e-02 8.0234671e-01 1.7131552e-01
 4.4337572e-03 2.6085980e-05 5.3698454e-07 7.4647541e-09]"
/scratch/project_462000771/mengting/projects/bias/Qwen/chinese_prompt/selected_faces/detected_person/person_0577_face0.png,Latino_Hispanic,White,Male,40-49,"[9.0590559e-02 1.4396197e-03 8.4367585e-01 1.2623797e-04 3.0380540e-04
 3.2157339e-02 3.1706508e-02]",[0.5909991  0.00619192 0.00116797 0.401641  ],[9.9998671e-01 1.3310189e-05],"[5.6807598e-06 9.0021949e-06 2.2987033e-04 1.3324963e-03 1.6056050e-01
 6.2346309e-01 2.1314184e-01 1.2542714e-03 3.2115661e-06]"
/scratch/project_462000771/mengting/projects/bias/Qwen/chinese_prompt/selected_faces/detected_person/person_0633_face0.png,Latino_Hispanic,White,Male,30-39,"[2.9676059e-01 1.7302858e-05 6.7278332e-01 3.3091335e-03 2.0632166e-03
 7.9085054e-03 1.7157907e-02]",[9.8028690e-01 5.5359054e-05 8.3117904e-03 1.1346005e-02],[9.993361e-01 6.638980e-04],"[9.0998230e-07 4.6531415e-05 1.7888853e-02 2.6596510e-01 6.5063852e-01
 6.4795449e-02 6.6007406e-04 4.6330561e-06 3.3686934e-08]"
/scratch/project_462000771/mengting/projects/bias/Qwen/chinese_prompt/selected_faces/detected_person/person_0479_face0.png,Black,Black,Male,20-29,"[4.49456763e-07 9.99838054e-01 6.91356172e-06 1.00855615e-07
 2.98265172e-06 1.51371321e-04 1.51073920e-07]",[3.0756712e-07 9.9997866e-01 5.2125260e-06 1.5856967e-05],[9.9985266e-01 1.4737609e-04],"[1.4539859e-06 3.5555876e-04 6.0707659e-02 7.1869743e-01 2.0937912e-01
 1.0693925e-02 1.6342485e-04 1.2878567e-06 1.2064724e-07]"
/scratch/project_462000771/mengting/projects/bias/Qwen/chinese_prompt/selected_faces/detected_person/person_0773_face0.png,Indian,Indian,Male,30-39,"[1.72566774e-03 1.45681854e-03 1.41554996e-01 1.76632588e-04
 1.88274530e-03 7.31266677e-01 1.21936485e-01]",[0.0032522  0.00265692 0.0077924  0.9862985 ],[9.9999690e-01 3.0446652e-06],"[2.9911721e-06 3.3380762e-05 1.5082130e-03 8.5073270e-02 6.7695677e-01
 2.3128620e-01 5.1088398e-03 3.0030227e-05 2.6030105e-07]"
/scratch/project_462000771/mengting/projects/bias/Qwen/chinese_prompt/selected_faces/detected_person/person_0042_face0.png,White,White,Male,40-49,"[9.9997985e-01 1.2858882e-08 4.1208245e-06 5.6007639e-08 1.2414702e-07
 4.8907509e-08 1.5719488e-05]",[9.9999088e-01 2.1173901e-06 3.5993451e-06 3.4154466e-06],[9.9999988e-01 7.8105124e-08],"[3.8167585e-07 2.3687212e-06 1.1739386e-04 7.0572970e-03 3.0020282e-01
 6.3870943e-01 5.3489257e-02 4.1723545e-04 3.8757230e-06]"
/scratch/project_462000771/mengting/projects/bias/Qwen/chinese_prompt/selected_faces/detected_person/person_0625_face0.png,Latino_Hispanic,Asian,Male,50-59,"[2.1821585e-02 2.6647496e-04 5.8609629e-01 1.5958522e-01 1.8863823e-01
 4.0718514e-02 2.8736687e-03]",[7.57832527e-02 3.80829122e-04 8.13800871e-01 1.10034965e-01],[9.9986535e-01 1.3460657e-04],"[1.6116199e-05 3.8466427e-05 4.5646296e-04 3.4564297e-04 1.5179840e-02
 2.5261641e-01 6.8358016e-01 4.7556765e-02 2.1015441e-04]"
/scratch/project_462000771/mengting/projects/bias/Qwen/chinese_prompt/selected_faces/detected_person/person_0368_face0.png,East Asian,Asian,Male,40-49,"[2.7587349e-03 1.0260818e-05 3.5082330e-03 9.3751383e-01 5.5973135e-02
 9.1369548e-05 1.4442136e-04]",[2.0987683e-03 7.8490644e-05 9.9408275e-01 3.7400248e-03],[9.9999976e-01 2.0549011e-07],"[9.5078747e-07 2.1171656e-06 4.7413694e-05 6.7915086e-04 6.1339833e-02
 4.9439880e-01 4.1860300e-01 2.4862943e-02 6.5889639e-05]"
/scratch/project_462000771/mengting/projects/bias/Qwen/chinese_prompt/selected_faces/detected_person/person_0075_face0.png,Latino_Hispanic,White,Male,50-59,"[0.15419604 0.01688761 0.7185802  0.00110175 0.0028763  0.05317698
 0.05318114]",[0.75172764 0.11880124 0.0239813  0.10548983],[9.9993277e-01 6.7228699e-05],"[4.3555105e-05 2.6777880e-05 2.2857617e-04 6.0259097e-04 4.4753861e-02
 4.6642473e-01 4.7476694e-01 1.3065182e-02 8.7800370e-05]"
/scratch/project_462000771/mengting/projects/bias/Qwen/chinese_prompt/selected_faces/detected_person/person_0201_face0.png,Latino_Hispanic,Indian,Male,50-59,"[3.1551262e-03 8.6326441e-03 9.0944034e-01 3.0457252e-03 3.8954750e-02
 3.6664285e-02 1.0714808e-04]",[0.01189035 0.04731339 0.05977108 0.88102514],[9.9966753e-01 3.3250178e-04],"[6.2927989e-05 1.3163312e-04 1.7692770e-03 4.0184325e-04 1.2875017e-02
 2.8556755e-01 6.6202241e-01 3.6957797e-02 2.1151351e-04]"
/scratch/project_462000771/mengting/projects/bias/Qwen/chinese_prompt/selected_faces/detected_person/person_0977_face0.png,White,White,Male,30-39,"[5.4748410e-01 1.8188481e-04 1.7066273e-01 1.8091750e-04 4.6203737e-04
 1.4855144e-02 2.6617333e-01]",[8.3185029e-01 1.8510215e-04 2.9387313e-03 1.6502592e-01],[9.9999136e-01 8.6595655e-06],"[3.9504957e-07 2.9029570e-06 2.9351164e-04 1.4956230e-01 7.7106869e-01
 7.8537345e-02 5.3158490e-04 3.2159801e-06 3.8523144e-08]"
/scratch/project_462000771/mengting/projects/bias/Qwen/chinese_prompt/selected_faces/detected_person/person_0023_face0.png,Southeast Asian,Asian,Male,20-29,"[6.0348002e-06 7.8604819e-05 5.5471313e-04 2.4460277e-01 7.5316226e-01
 1.5941194e-03 1.4175554e-06]",[1.8548344e-05 6.8309681e-05 9.9727076e-01 2.6423009e-03],[9.9989945e-01 1.0059898e-04],"[1.6997703e-07 8.1549617e-05 1.1071229e-01 7.9535466e-01 9.2293814e-02
 1.5470133e-03 9.9999279e-06 5.9078423e-07 1.5594926e-08]"
/scratch/project_462000771/mengting/projects/bias/Qwen/chinese_prompt/selected_faces/detected_person/person_0407_face0.png,East Asian,Asian,Female,30-39,"[4.1766491e-04 1.4510335e-05 4.8245089e-03 9.2429322e-01 7.0048511e-02
 2.7408131e-04 1.2743060e-04]",[4.7857920e-04 1.6211579e-04 9.9920326e-01 1.5604199e-04],[1.1074716e-05 9.9998891e-01],"[2.2345785e-07 2.2965147e-05 1.9723433e-03 1.3926081e-01 5.6036323e-01
 2.6304117e-01 3.3309061e-02 2.0178249e-03 1.2410720e-05]"
/scratch/project_462000771/mengting/projects/bias/Qwen/chinese_prompt/selected_faces/detected_person/person_0175_face0.png,Southeast Asian,Asian,Male,30-39,"[2.79665017e-03 2.18234520e-04 1.98368862e-01 2.13466406e-01
 5.70986390e-01 1.35456165e-02 6.17787999e-04]",[0.00781768 0.00140772 0.9522116  0.03856301],[9.9995333e-01 4.6647474e-05],"[3.6703813e-07 6.5070199e-06 7.6269096e-04 1.2740733e-01 7.4082547e-01
 1.2854873e-01 2.4282972e-03 2.0481910e-05 1.4902979e-07]"
/scratch/project_462000771/mengting/projects/bias/Qwen/chinese_prompt/selected_faces/detected_person/person_0005_face0.png,Indian,Asian,Female,20-29,"[3.3683423e-04 2.6275150e-02 3.0414473e-02 3.9908066e-02 4.0720710e-01
 4.9582428e-01 3.4122670e-05]",[0.00128127 0.16274945 0.47088492 0.36508432],[3.903341e-04 9.996097e-01],"[3.4336427e-08 3.5748779e-04 1.8959947e-01 7.7282476e-01 3.6991291e-02
 2.2635522e-04 6.2718306e-07 1.4391997e-08 2.0559195e-10]"
/scratch/project_462000771/mengting/projects/bias/Qwen/chinese_prompt/selected_faces/detected_person/person_0040_face0.png,White,White,Male,30-39,"[7.1720701e-01 1.5368419e-04 2.2280709e-01 5.7414491e-05 1.8313393e-04
 2.9339411e-03 5.6657650e-02]",[9.8963499e-01 2.4492037e-04 1.2432072e-04 9.9957921e-03],[9.9999774e-01 2.2569070e-06],"[2.0640532e-07 1.1050561e-06 1.1313079e-04 1.1348157e-02 5.1304936e-01
 4.6463823e-01 1.0836995e-02 1.2760361e-05 5.2184848e-08]"
/scratch/project_462000771/mengting/projects/bias/Qwen/chinese_prompt/selected_faces/detected_person/person_0296_face0.png,White,White,Male,30-39,"[8.5719842e-01 2.3871282e-05 1.2026927e-01 2.4758300e-03 3.2484990e-03
 9.7405334e-04 1.5809968e-02]",[9.9344391e-01 3.8601484e-05 4.8803454e-03 1.6372037e-03],[9.9978775e-01 2.1223119e-04],"[8.3630730e-06 9.5777585e-05 5.1739886e-03 6.4791590e-02 5.3756166e-01
 3.6493403e-01 2.7052006e-02 3.7759580e-04 4.9939090e-06]"
/scratch/project_462000771/mengting/projects/bias/Qwen/chinese_prompt/selected_faces/detected_person/person_0619_face0.png,East Asian,Asian,Male,30-39,"[1.2964291e-04 1.0986267e-07 3.1840627e-04 9.7041076e-01 2.9120488e-02
 9.8002138e-06 1.0709536e-05]",[1.2863682e-04 4.4652177e-07 9.9980146e-01 6.9454669e-05],[9.9994636e-01 5.3676613e-05],"[2.8692173e-07 9.7909606e-06 6.9444641e-03 4.4924125e-01 5.2136272e-01
 2.2096653e-02 3.3429731e-04 1.0447801e-05 7.0399139e-08]"
/scratch/project_462000771/mengting/projects/bias/Qwen/chinese_prompt/selected_faces/detected_person/person_0017_face0.png,Black,Black,Male,20-29,"[8.0826140e-08 9.9999529e-01 8.5459089e-07 2.4148714e-09 7.4813165e-08
 3.5690346e-06 3.8592582e-08]",[6.8157547e-08 9.9999887e-01 6.9965488e-08 9.5437986e-07],[9.9994433e-01 5.5659257e-05],"[6.0304600e-08 6.9008973e-05 5.9285946e-02 8.6078465e-01 7.8126967e-02
 1.7228975e-03 1.0298273e-05 1.5753955e-07 1.1349652e-08]"
/scratch/project_462000771/mengting/projects/bias/Qwen/chinese_prompt/selected_faces/detected_person/person_0676_face0.png,Latino_Hispanic,White,Male,20-29,"[0.0519977  0.00661428 0.81190896 0.00967438 0.05134254 0.03581784
 0.03264423]",[0.5922583  0.15923147 0.18071476 0.06779544],[9.9997616e-01 2.3840561e-05],"[2.6867627e-07 1.9253739e-04 1.6281635e-01 7.7624536e-01 5.9997384e-02
 7.4551592e-04 2.6496984e-06 4.0110091e-08 7.9165713e-10]"
/scratch/project_462000771/mengting/projects/bias/Qwen/chinese_prompt/selected_faces/detected_person/person_0674_face0.png,White,White,Male,50-59,"[9.9489480e-01 1.5066255e-06 2.2543822e-03 2.3604534e-04 3.6520345e-04
 1.3057959e-04 2.1175393e-03]",[9.9849313e-01 3.3951176e-06 1.3128694e-03 1.9058000e-04],[9.9997979e-01 2.0233538e-05],"[2.2426000e-06 9.6879621e-06 4.5570705e-04 8.0447376e-04 7.9957778e-03
 8.1926428e-02 7.3603493e-01 1.5967056e-01 1.3100255e-02]"
/scratch/project_462000771/mengting/projects/bias/Qwen/chinese_prompt/selected_faces/detected_person/person_0027_face0.png,White,White,Male,30-39,"[8.1780875e-01 5.8231763e-05 9.8553918e-02 3.5698569e-04 7.2173658e-04
 3.8118747e-03 7.8688510e-02]",[9.7049844e-01 2.2931812e-04 7.9257330e-03 2.1346455e-02],[9.9997878e-01 2.1184665e-05],"[1.02651284e-04 1.79728537e-04 1.55157596e-03 3.10759097e-02
 5.83743989e-01 3.70283395e-01 1.29248518e-02 1.36773175e-04
 1.07204244e-06]"
/scratch/project_462000771/mengting/projects/bias/Qwen/chinese_prompt/selected_faces/detected_person/person_0771_face0.png,White,White,Male,30-39,"[7.0577073e-01 2.1168553e-04 2.2093891e-01 1.1128952e-03 1.6689318e-03
 1.2599528e-02 5.7697304e-02]",[9.7400695e-01 5.4082391e-04 8.1520500e-03 1.7300153e-02],[9.9995834e-01 4.1645242e-05],"[3.2306943e-06 8.7714259e-05 3.3982915e-03 3.5570848e-01 6.0895872e-01
 3.1692430e-02 1.5034348e-04 7.8246018e-07 1.3347519e-08]"
/scratch/project_462000771/mengting/projects/bias/Qwen/chinese_prompt/selected_faces/detected_person/person_0781_face0.png,White,White,Male,30-39,"[5.2271217e-01 2.7887383e-04 3.9778000e-01 3.5701614e-04 4.2978255e-04
 3.7709396e-02 4.0732834e-02]",[8.4772402e-01 7.6691731e-04 3.2847109e-03 1.4822437e-01],[9.999992e-01 7.291099e-07],"[3.2451230e-06 1.8279530e-05 4.5503350e-04 2.5488757e-02 5.7173496e-01
 3.9296472e-01 9.3088336e-03 2.6071964e-05 1.0978569e-07]"
/scratch/project_462000771/mengting/projects/bias/Qwen/chinese_prompt/selected_faces/detected_person/person_0167_face0.png,Indian,Indian,Male,40-49,"[4.6219295e-03 1.4309126e-05 6.4670689e-02 1.7560035e-06 1.2460351e-05
 8.9087212e-01 3.9806716e-02]",[2.2744685e-03 3.2784967e-05 2.8154755e-05 9.9766457e-01],[9.9999809e-01 1.9402567e-06],"[4.4657938e-07 1.3745160e-06 9.6791140e-05 4.3718116e-03 3.5778937e-01
 6.1955160e-01 1.8165220e-02 2.3256927e-05 5.5039607e-08]"
/scratch/project_462000771/mengting/projects/bias/Qwen/chinese_prompt/selected_faces/detected_person/person_0892_face0.png,Latino_Hispanic,White,Male,30-39,"[2.0941241e-01 1.3554668e-04 7.0752966e-01 1.4095719e-03 1.5158941e-03
 1.8770378e-02 6.1226603e-02]",[0.61749774 0.00254414 0.00448234 0.37547582],[9.9997574e-01 2.4238456e-05],"[4.3245805e-06 3.5356858e-05 1.2968391e-03 4.3557350e-02 7.4457270e-01
 2.0853762e-01 1.9899835e-03 5.8058617e-06 2.2517909e-08]"
/scratch/project_462000771/mengting/projects/bias/Qwen/chinese_prompt/selected_faces/detected_person/person_0386_face0.png,White,White,Male,30-39,"[9.8765701e-01 2.6307580e-06 9.5385006e-03 1.6838343e-05 2.6865591e-05
 1.7054463e-04 2.5874458e-03]",[9.9862564e-01 4.2004682e-05 7.3799987e-05 1.2585913e-03],[9.9999928e-01 7.5095625e-07],"[2.7163844e-07 4.9574546e-06 1.9945919e-03 2.4618001e-01 6.5513384e-01
 9.5443599e-02 1.2380561e-03 4.5954062e-06 4.0903231e-08]"
/scratch/project_462000771/mengting/projects/bias/Qwen/chinese_prompt/selected_faces/detected_person/person_0417_face0.png,White,White,Male,30-39,"[9.9850583e-01 8.7195014e-07 2.6297601e-04 2.5624031e-05 6.1497180e-05
 2.2611121e-06 1.1409600e-03]",[9.9903893e-01 1.8305860e-05 9.0381643e-04 3.9024992e-05],[9.9999958e-01 4.0998893e-07],"[1.2776512e-06 8.6878375e-05 3.1904818e-03 1.3352427e-01 6.6687006e-01
 1.9183135e-01 4.4482271e-03 4.6581670e-05 8.8285447e-07]"
/scratch/project_462000771/mengting/projects/bias/Qwen/chinese_prompt/selected_faces/detected_person/person_0530_face0.png,Black,Black,Male,50-59,"[1.5280889e-04 9.5653898e-01 2.6162621e-03 1.4707127e-05 1.8970328e-04
 4.0339019e-02 1.4858697e-04]",[1.2829834e-04 9.8373920e-01 2.6500510e-04 1.5867572e-02],[9.9999666e-01 3.3506499e-06],"[7.0059927e-05 1.5359778e-04 1.4105814e-03 2.1296411e-03 2.1578955e-02
 3.0342788e-01 6.1558795e-01 5.4596733e-02 1.0445934e-03]"
/scratch/project_462000771/mengting/projects/bias/Qwen/chinese_prompt/selected_faces/detected_person/person_0670_face0.png,White,White,Male,50-59,"[9.9744630e-01 1.9445001e-06 1.0872346e-03 3.2382271e-05 2.0156745e-05
 2.2756021e-05 1.3892527e-03]",[9.9923533e-01 3.6679558e-06 7.3195365e-04 2.9088686e-05],[9.9936211e-01 6.3785433e-04],"[7.7993927e-06 4.2834399e-06 5.4939148e-05 3.9006332e-05 9.2984096e-04
 3.0543985e-02 6.6787022e-01 2.9334840e-01 7.2014993e-03]"
/scratch/project_462000771/mengting/projects/bias/Qwen/chinese_prompt/selected_faces/detected_person/person_0700_face0.png,White,White,Male,30-39,"[6.9115096e-01 3.1430631e-05 2.6142699e-01 3.8492898e-04 6.6082529e-04
 8.4502818e-03 3.7894610e-02]",[9.9324650e-01 4.6155961e-05 2.0750251e-04 6.4998697e-03],[9.9999833e-01 1.6523244e-06],"[2.0627228e-06 1.0780611e-04 1.6818849e-02 3.1467852e-01 6.0924500e-01
 5.8470357e-02 6.7220995e-04 5.1463408e-06 4.3208637e-08]"
/scratch/project_462000771/mengting/projects/bias/Qwen/chinese_prompt/selected_faces/detected_person/person_0650_face0.png,White,White,Male,30-39,"[9.9522305e-01 4.5217625e-06 2.3505595e-03 4.8012163e-05 5.4052769e-05
 7.8638870e-05 2.2411922e-03]",[9.9704474e-01 2.3128427e-04 1.0844916e-03 1.6395004e-03],[9.999933e-01 6.683267e-06],"[2.7312015e-07 1.7896248e-06 4.4937208e-04 9.7443230e-02 7.5202954e-01
 1.4831467e-01 1.7515064e-03 9.5537025e-06 1.3940637e-07]"
/scratch/project_462000771/mengting/projects/bias/Qwen/chinese_prompt/selected_faces/detected_person/person_0310_face0.png,Indian,Indian,Female,20-29,"[1.6386444e-03 9.4321609e-02 5.6836825e-02 6.2453109e-05 9.0309873e-04
 8.4510344e-01 1.1338955e-03]",[3.5324048e-03 7.1950041e-02 3.8433811e-04 9.2413324e-01],[4.935706e-04 9.995064e-01],"[3.5345284e-08 1.7241473e-05 1.8240226e-02 7.8053933e-01 1.9537914e-01
 5.7594930e-03 6.3491017e-05 1.0218066e-06 1.3289719e-08]"
/scratch/project_462000771/mengting/projects/bias/Qwen/chinese_prompt/selected_faces/detected_person/person_0207_face0.png,White,White,Female,30-39,"[9.0352970e-01 3.8380855e-05 4.3215923e-02 1.8656068e-04 3.8215297e-04
 1.9581802e-03 5.0689157e-02]",[9.9440300e-01 4.3604881e-04 8.1646885e-04 4.3444438e-03],[3.6533474e-05 9.9996346e-01],"[3.0255200e-07 1.5135812e-06 2.0929145e-04 4.6105292e-02 5.2408367e-01
 3.7490851e-01 5.3290866e-02 1.3896007e-03 1.1016065e-05]"
/scratch/project_462000771/mengting/projects/bias/Qwen/chinese_prompt/selected_faces/detected_person/person_0622_face0.png,White,White,Male,50-59,"[9.9807900e-01 4.5689254e-07 1.3177237e-03 1.3742658e-05 1.0321051e-05
 1.5860373e-05 5.6296686e-04]",[9.9987268e-01 5.3876256e-06 3.6993122e-05 8.4918145e-05],[9.9998170e-01 1.8290184e-05],"[3.2071332e-06 4.3058239e-06 8.4759085e-05 4.8681517e-04 2.4172638e-02
 4.2357144e-01 5.3989100e-01 1.1714141e-02 7.1680246e-05]"
/scratch/project_462000771/mengting/projects/bias/Qwen/chinese_prompt/selected_faces/detected_person/person_0616_face0.png,White,White,Male,30-39,"[7.3685819e-01 1.3229608e-05 1.5469656e-02 9.8176592e-05 1.0699178e-04
 1.0410965e-03 2.4641265e-01]",[9.7823030e-01 3.0526160e-05 4.3539415e-04 2.1303806e-02],[9.9992675e-01 7.3281211e-05],"[3.0723531e-06 4.3839394e-05 2.5001175e-03 3.3058676e-01 6.3225472e-01
 3.4416128e-02 1.9358569e-04 1.7496225e-06 3.5066165e-08]"
/scratch/project_462000771/mengting/projects/bias/Qwen/chinese_prompt/selected_faces/detected_person/person_0646_face0.png,Latino_Hispanic,White,Male,30-39,"[1.4898622e-01 4.3477109e-04 4.8145539e-01 9.1794721e-04 1.9675742e-03
 3.8266793e-02 3.2797134e-01]",[0.65518194 0.00137366 0.01067001 0.3327744 ],[9.9999845e-01 1.5300249e-06],"[4.2540505e-06 4.0464540e-05 9.9809410e-04 1.1093979e-01 7.4939710e-01
 1.3730499e-01 1.3089915e-03 6.2014606e-06 5.8379733e-08]"
/scratch/project_462000771/mengting/projects/bias/Qwen/chinese_prompt/selected_faces/detected_person/person_0718_face0.png,Indian,Indian,Male,30-39,"[2.7134840e-04 1.7531043e-02 8.0735683e-02 6.6447491e-03 3.4638783e-01
 5.4783159e-01 5.9774413e-04]",[3.0441786e-04 7.3824637e-02 3.7284625e-01 5.5302471e-01],[9.9999702e-01 3.0066553e-06],"[1.0038669e-06 2.2728997e-05 3.4016634e-03 1.7849749e-01 5.8107156e-01
 2.2579446e-01 1.1095500e-02 1.1394593e-04 1.6157422e-06]"
/scratch/project_462000771/mengting/projects/bias/Qwen/chinese_prompt/selected_faces/detected_person/person_0045_face0.png,White,White,Male,40-49,"[5.7540590e-01 1.2183957e-03 3.3899906e-01 6.9582755e-05 3.2586363e-04
 3.3756938e-02 5.0224200e-02]",[8.7467921e-01 3.3602873e-03 2.7186549e-04 1.2168864e-01],[9.9999982e-01 1.7925585e-07],"[2.8137842e-06 1.0302633e-05 4.9762410e-04 4.0267222e-03 9.7156100e-02
 4.7287643e-01 4.1828084e-01 7.1053780e-03 4.3840882e-05]"
/scratch/project_462000771/mengting/projects/bias/Qwen/chinese_prompt/selected_faces/detected_person/person_0383_face0.png,White,White,Male,30-39,"[9.9382055e-01 3.7454274e-07 2.8748708e-03 4.6199115e-05 5.5194334e-05
 1.5156592e-04 3.0512402e-03]",[9.8390311e-01 1.5078112e-04 3.0357197e-03 1.2910454e-02],[9.9999833e-01 1.7355939e-06],"[2.2392560e-07 6.4497917e-06 1.2764739e-03 1.7078862e-01 7.1958572e-01
 1.0741754e-01 9.2253956e-04 2.4529973e-06 2.3481403e-08]"
/scratch/project_462000771/mengting/projects/bias/Qwen/chinese_prompt/selected_faces/detected_person/person_0318_face0.png,White,White,Male,30-39,"[5.41164160e-01 1.63625184e-04 4.23857957e-01 5.42063732e-03
 8.26832745e-03 1.23338215e-02 8.79141316e-03]",[9.7350013e-01 9.3954592e-04 7.3327138e-03 1.8227585e-02],[9.9997801e-01 2.2023538e-05],"[3.5842319e-07 3.6917938e-06 7.9552323e-04 8.8219270e-02 6.6412991e-01
 2.3941760e-01 7.4052922e-03 2.8078792e-05 2.2796173e-07]"
/scratch/project_462000771/mengting/projects/bias/Qwen/chinese_prompt/selected_faces/detected_person/person_0459_face0.png,Southeast Asian,Black,Female,30-39,"[0.0017386  0.1086353  0.21784286 0.0114189  0.36468402 0.29444012
 0.00124014]",[0.00674007 0.488939   0.32832754 0.17599335],[0.03526091 0.9647391 ],"[3.9112729e-07 1.4443535e-05 3.7748916e-03 1.6406511e-01 6.1274242e-01
 2.0130980e-01 1.7729765e-02 3.5604640e-04 7.0765363e-06]"
/scratch/project_462000771/mengting/projects/bias/Qwen/chinese_prompt/selected_faces/detected_person/person_0493_face0.png,Latino_Hispanic,White,Male,30-39,"[4.1340390e-01 1.9810517e-05 4.7132644e-01 2.9557867e-03 2.8001820e-03
 2.4128566e-02 8.5365281e-02]",[8.0677670e-01 9.8262237e-05 5.1362538e-03 1.8798879e-01],[9.9967724e-01 3.2273820e-04],"[1.4605287e-05 4.2334982e-04 1.8202567e-02 3.7689841e-01 5.6529784e-01
 3.8945083e-02 2.1671639e-04 1.4441773e-06 1.7546419e-08]"
/scratch/project_462000771/mengting/projects/bias/Qwen/chinese_prompt/selected_faces/detected_person/person_0409_face0.png,White,White,Male,40-49,"[9.9995995e-01 2.0214841e-09 1.5345653e-05 1.1347355e-06 8.2675984e-07
 9.0928751e-07 2.1835451e-05]",[9.9999416e-01 9.7957882e-09 2.1633823e-06 3.6151043e-06],[9.9999690e-01 3.1016011e-06],"[1.6412436e-06 8.7628159e-06 3.2458882e-04 7.7203908e-03 2.1606763e-01
 7.2702259e-01 4.8693862e-02 1.5917866e-04 1.4078710e-06]"
/scratch/project_462000771/mengting/projects/bias/Qwen/chinese_prompt/selected_faces/detected_person/person_0685_face0.png,White,White,Male,50-59,"[6.9433743e-01 2.6415943e-04 2.5460088e-01 3.0921338e-04 1.1725513e-03
 9.7485418e-03 3.9567288e-02]",[9.7515303e-01 9.0993773e-05 1.6702240e-03 2.3085749e-02],[1.0000000e+00 1.1508291e-08],"[1.0780883e-06 9.9702879e-07 5.9956692e-05 1.7397267e-04 2.4278987e-02
 3.4064049e-01 6.1378294e-01 2.1024840e-02 3.6722937e-05]"
/scratch/project_462000771/mengting/projects/bias/Qwen/chinese_prompt/selected_faces/detected_person/person_0569_face0.png,Black,Black,Male,40-49,"[1.3787175e-06 9.9962890e-01 9.3352472e-05 1.6283387e-07 7.0518477e-06
 2.6777943e-04 1.3013466e-06]",[1.2749991e-06 9.9986297e-01 8.0207465e-06 1.2775107e-04],[9.999906e-01 9.429595e-06],"[1.0235992e-06 1.5610703e-05 5.8595306e-04 3.3208027e-02 2.9349598e-01
 5.5303609e-01 1.1772708e-01 1.8583438e-03 7.1860202e-05]"
/scratch/project_462000771/mengting/projects/bias/Qwen/chinese_prompt/selected_faces/detected_person/person_0832_face0.png,Latino_Hispanic,Indian,Male,30-39,"[0.04514294 0.00079363 0.7920887  0.00110044 0.00311168 0.08672564
 0.07103691]",[0.08313335 0.0031923  0.00486623 0.9088081 ],[9.999317e-01 6.835898e-05],"[1.4044282e-05 1.0358405e-04 3.8318343e-03 3.4553003e-02 5.4995775e-01
 3.9311263e-01 1.8286506e-02 1.3973634e-04 9.9904628e-07]"
/scratch/project_462000771/mengting/projects/bias/Qwen/chinese_prompt/selected_faces/detected_person/person_0122_face0.png,Indian,Indian,Male,30-39,"[9.4659219e-04 2.3548766e-03 3.8520839e-02 4.1338651e-05 4.1493861e-04
 9.3952751e-01 1.8193983e-02]",[0.00252273 0.00547842 0.00153651 0.99046236],[9.9981201e-01 1.8799445e-04],"[3.7745288e-06 8.1894788e-05 2.1690375e-03 3.8823777e-01 5.8414298e-01
 2.5252808e-02 1.1097360e-04 7.7651828e-07 1.9239826e-08]"
/scratch/project_462000771/mengting/projects/bias/Qwen/chinese_prompt/selected_faces/detected_person/person_0169_face0.png,Southeast Asian,Asian,Male,30-39,"[2.5611722e-05 4.8499554e-05 7.7875732e-03 9.6055232e-02 8.9187282e-01
 4.2057298e-03 4.5017405e-06]",[1.0825139e-04 4.2925819e-04 9.9562669e-01 3.8358881e-03],[9.9999458e-01 5.4345173e-06],"[3.5966206e-08 7.8397585e-07 3.5091297e-04 3.4204401e-02 6.1011839e-01
 3.3236149e-01 2.2716179e-02 2.4620534e-04 1.6387010e-06]"
/scratch/project_462000771/mengting/projects/bias/Qwen/chinese_prompt/selected_faces/detected_person/person_0504_face0.png,White,White,Male,30-39,"[7.8928971e-01 4.3690950e-05 1.1715529e-01 1.6768010e-04 3.8905692e-04
 1.4010807e-02 7.8943722e-02]",[9.6479833e-01 1.0433331e-04 1.1108168e-03 3.3986453e-02],[9.9995047e-01 4.9516286e-05],"[6.4555758e-07 1.0737864e-05 6.7367230e-04 1.6786504e-01 7.5926858e-01
 7.1896888e-02 2.8314872e-04 1.3385489e-06 2.0453907e-08]"
/scratch/project_462000771/mengting/projects/bias/Qwen/chinese_prompt/selected_faces/detected_person/person_0574_face0.png,East Asian,Asian,Female,20-29,"[8.1634527e-04 1.4003264e-05 8.5925302e-03 6.0917807e-01 3.7974140e-01
 1.3627993e-03 2.9486866e-04]",[0.00734671 0.00178044 0.9819699  0.008903  ],[0.15931107 0.8406889 ],"[8.40029415e-08 6.35073666e-05 4.65912633e-02 8.35816622e-01
 1.15720585e-01 1.79700158e-03 1.05371682e-05 3.65199867e-07
 9.42417611e-09]"
/scratch/project_462000771/mengting/projects/bias/Qwen/chinese_prompt/selected_faces/detected_person/person_0799_face0.png,East Asian,Asian,Female,20-29,"[2.6048391e-04 2.5100819e-06 8.1613672e-04 9.5062554e-01 4.7850896e-02
 4.1931699e-04 2.5123629e-05]",[3.0934394e-03 1.4752621e-04 9.8789221e-01 8.8667730e-03],[7.017321e-04 9.992983e-01],"[2.7428744e-08 7.8487814e-05 8.7998033e-02 8.6851537e-01 4.3020997e-02
 3.8566822e-04 1.3307664e-06 6.0660383e-08 9.0687180e-10]"
/scratch/project_462000771/mengting/projects/bias/Qwen/chinese_prompt/selected_faces/detected_person/person_0778_face0.png,Indian,Black,Male,20-29,"[2.5882275e-04 4.1659778e-01 3.0867428e-02 3.1078973e-05 2.1966067e-03
 5.4692006e-01 3.1282294e-03]",[4.3836702e-04 5.7940918e-01 1.0737607e-02 4.0941486e-01],[9.9999726e-01 2.7788110e-06],"[2.3551331e-06 1.5209192e-04 2.6572710e-02 5.3825474e-01 3.7624720e-01
 5.6947760e-02 1.7516966e-03 6.9719732e-05 1.7023856e-06]"
/scratch/project_462000771/mengting/projects/bias/Qwen/chinese_prompt/selected_faces/detected_person/person_0281_face0.png,Latino_Hispanic,Indian,Male,30-39,"[9.5107630e-02 3.9115219e-04 3.9240220e-01 4.5486834e-04 1.4105529e-03
 3.8429633e-01 1.2593730e-01]",[0.13873306 0.00167963 0.00188337 0.8577039 ],[9.9997151e-01 2.8453056e-05],"[1.6102058e-05 1.3369547e-04 1.7975488e-03 1.1132927e-01 7.5037551e-01
 1.3484105e-01 1.4996367e-03 7.1408608e-06 6.6588207e-08]"
/scratch/project_462000771/mengting/projects/bias/Qwen/chinese_prompt/selected_faces/detected_person/person_0436_face0.png,Black,Black,Male,30-39,"[1.9731638e-06 9.9852973e-01 1.3697566e-04 4.9278224e-08 2.8360805e-06
 1.3269091e-03 1.5399112e-06]",[7.2020116e-06 9.9660277e-01 1.3239363e-05 3.3768083e-03],[1.000000e+00 3.773548e-08],"[3.2142051e-08 2.6492626e-07 2.5417836e-04 2.6086658e-01 6.9187909e-01
 4.6562143e-02 4.3646802e-04 1.2790605e-06 2.3328912e-08]"
/scratch/project_462000771/mengting/projects/bias/Qwen/chinese_prompt/selected_faces/detected_person/person_0833_face0.png,White,White,Male,30-39,"[9.2524117e-01 1.9498489e-06 1.6008303e-02 2.9677623e-05 7.5384858e-05
 2.3786107e-04 5.8405686e-02]",[9.9948889e-01 1.1839345e-05 8.5544430e-05 4.1371060e-04],[9.9999809e-01 1.8850266e-06],"[1.5211580e-06 2.7213859e-05 4.1619986e-03 7.9202913e-02 6.6316909e-01
 2.4875210e-01 4.6602357e-03 2.4778816e-05 1.3165798e-07]"
/scratch/project_462000771/mengting/projects/bias/Qwen/chinese_prompt/selected_faces/detected_person/person_0975_face0.png,Latino_Hispanic,Black,Male,30-39,"[2.6952483e-02 1.7274085e-01 6.5147609e-01 6.4364728e-04 3.7975032e-03
 1.4110178e-01 3.2877126e-03]",[2.4486738e-03 9.8622942e-01 5.8123888e-04 1.0740592e-02],[9.9985677e-01 1.4323479e-04],"[7.3631020e-07 3.6249610e-06 4.4357192e-04 5.7299994e-02 6.7684108e-01
 2.5306270e-01 1.2319249e-02 2.8797194e-05 2.2272852e-07]"
/scratch/project_462000771/mengting/projects/bias/Qwen/chinese_prompt/selected_faces/detected_person/person_0260_face0.png,White,White,Male,30-39,"[8.6513317e-01 2.2262984e-06 1.4396455e-02 1.6510232e-04 1.9984441e-04
 3.4917711e-04 1.1975398e-01]",[9.9704605e-01 3.0627412e-05 7.5531437e-04 2.1680298e-03],[9.9999046e-01 9.5232654e-06],"[1.0892116e-05 2.5342039e-03 5.7391297e-02 4.4582701e-01 4.6618384e-01
 2.7957996e-02 9.4155235e-05 6.0401163e-07 8.8274437e-09]"
/scratch/project_462000771/mengting/projects/bias/Qwen/chinese_prompt/selected_faces/detected_person/person_0796_face0.png,White,White,Male,40-49,"[9.9508381e-01 3.1543718e-07 3.2978859e-03 1.0854133e-05 2.1988335e-05
 1.8288029e-05 1.5668222e-03]",[9.9941909e-01 1.5437525e-05 3.1179137e-04 2.5372021e-04],[9.9999982e-01 1.9141068e-07],"[1.6037626e-06 1.7848304e-05 1.5455546e-03 1.1317193e-02 2.5205404e-01
 6.6187668e-01 7.2227158e-02 9.5423113e-04 5.6522695e-06]"
/scratch/project_462000771/mengting/projects/bias/Qwen/chinese_prompt/selected_faces/detected_person/person_0891_face0.png,White,White,Male,40-49,"[9.9432731e-01 2.1626188e-07 2.6367959e-03 5.5386161e-05 3.6729998e-05
 3.9600636e-05 2.9040943e-03]",[9.9990582e-01 5.6658661e-07 4.0185696e-05 5.3436124e-05],[9.9995708e-01 4.2882704e-05],"[5.1398551e-06 1.3203059e-05 4.9704761e-04 2.7393675e-03 1.7714408e-01
 7.2187215e-01 9.6941911e-02 7.8386714e-04 3.2050666e-06]"
/scratch/project_462000771/mengting/projects/bias/Qwen/chinese_prompt/selected_faces/detected_person/person_0834_face0.png,East Asian,Asian,Female,20-29,"[2.1353781e-03 1.4117541e-05 1.7499710e-02 5.9905672e-01 3.7344706e-01
 7.6233796e-03 2.2359783e-04]",[4.4925199e-03 1.8905856e-04 8.9468110e-01 1.0063734e-01],[0.00795045 0.9920496 ],"[3.2666028e-07 8.7670115e-04 1.1182394e-01 8.6739576e-01 1.9822175e-02
 8.0858052e-05 2.6294617e-07 1.7225192e-08 3.7072390e-10]"
/scratch/project_462000771/mengting/projects/bias/Qwen/chinese_prompt/selected_faces/detected_person/person_0195_face0.png,East Asian,Asian,Male,20-29,"[7.9875620e-04 9.0664231e-05 5.0888736e-02 5.0443894e-01 4.3641621e-01
 7.1505578e-03 2.1606441e-04]",[0.00194818 0.00132686 0.96188074 0.03484425],[9.9975407e-01 2.4586267e-04],"[4.5277142e-07 4.9151579e-04 8.7088466e-02 8.4931546e-01 6.2330194e-02
 7.6957286e-04 4.1676544e-06 1.5475051e-07 3.3286713e-09]"
/scratch/project_462000771/mengting/projects/bias/Qwen/chinese_prompt/selected_faces/detected_person/person_0399_face0.png,White,White,Male,40-49,"[9.7864443e-01 4.4548874e-06 1.7309889e-02 8.9625544e-05 4.5703386e-05
 5.5349758e-04 3.3522891e-03]",[9.9252445e-01 1.4504523e-04 1.3503630e-04 7.1954671e-03],[9.9997878e-01 2.1261616e-05],"[3.8653739e-05 1.5977921e-04 2.0426498e-03 7.1491585e-03 2.0021968e-01
 6.4158446e-01 1.4716496e-01 1.6337384e-03 6.9316025e-06]"
/scratch/project_462000771/mengting/projects/bias/Qwen/chinese_prompt/selected_faces/detected_person/person_0901_face0.png,White,White,Male,30-39,"[9.4013798e-01 4.2757810e-07 1.1595594e-02 2.0944144e-05 2.5170795e-05
 1.3587344e-04 4.8084039e-02]",[9.9446726e-01 5.3840272e-06 3.2600289e-04 5.2013411e-03],[9.9999720e-01 2.8187478e-06],"[3.3611502e-07 2.1988992e-06 9.4080728e-04 7.0502616e-02 6.1601287e-01
 3.0700672e-01 5.5196150e-03 1.4728356e-05 6.4182082e-08]"
/scratch/project_462000771/mengting/projects/bias/Qwen/chinese_prompt/selected_faces/detected_person/person_0598_face0.png,White,White,Female,30-39,"[4.32169080e-01 4.71951719e-03 4.10038233e-01 4.17128351e-04
 1.90120516e-03 2.66677216e-02 1.24087155e-01]",[0.9689606  0.00436698 0.00626483 0.02040759],[2.3681228e-04 9.9976313e-01],"[1.14206628e-07 2.47709818e-06 8.34842969e-04 1.29771575e-01
 6.52083039e-01 2.05254421e-01 1.18558705e-02 1.95541594e-04
 2.18050741e-06]"
/scratch/project_462000771/mengting/projects/bias/Qwen/chinese_prompt/selected_faces/detected_person/person_0816_face0.png,Black,Black,Male,10-19,"[5.3183780e-06 9.9701810e-01 1.8148356e-04 1.1326939e-06 4.2466141e-05
 2.7432651e-03 8.1289681e-06]",[1.6948019e-05 9.9921238e-01 3.5997939e-05 7.3462259e-04],[0.9263916  0.07360835],"[2.5822847e-05 2.2100566e-01 7.4952364e-01 2.9052991e-02 3.8405918e-04
 7.7973245e-06 6.5919430e-08 2.8998157e-09 3.2030406e-10]"
/scratch/project_462000771/mengting/projects/bias/Qwen/chinese_prompt/selected_faces/detected_person/person_0229_face0.png,Latino_Hispanic,Indian,Male,30-39,"[0.05590679 0.00512953 0.63142705 0.00655525 0.02408839 0.21599063
 0.06090238]",[0.09337068 0.01005501 0.03547484 0.8610994 ],[9.9998152e-01 1.8463921e-05],"[4.6834689e-06 2.6825150e-05 2.0708903e-03 6.9592580e-02 5.3878850e-01
 3.5911438e-01 3.0023294e-02 3.7534707e-04 3.5260255e-06]"
/scratch/project_462000771/mengting/projects/bias/Qwen/chinese_prompt/selected_faces/detected_person/person_0021_face0.png,Latino_Hispanic,White,Male,40-49,"[1.5293843e-01 5.6864192e-05 7.8162676e-01 4.2594434e-04 6.8080175e-04
 4.2975195e-02 2.1296013e-02]",[7.2313106e-01 3.2047392e-04 1.8552976e-03 2.7469310e-01],[9.9982709e-01 1.7292188e-04],"[1.5246523e-05 8.0147889e-05 1.1573479e-03 1.4550500e-03 9.2459403e-02
 6.1764699e-01 2.8450581e-01 2.6720015e-03 8.0229293e-06]"
/scratch/project_462000771/mengting/projects/bias/Qwen/chinese_prompt/selected_faces/detected_person/person_0858_face0.png,White,White,Male,50-59,"[9.9975955e-01 3.5845790e-08 1.9914887e-05 7.4265330e-07 1.1813672e-06
 1.1913243e-06 2.1749579e-04]",[9.9997616e-01 9.2397784e-07 9.6270032e-06 1.3366672e-05],[9.9978226e-01 2.1768066e-04],"[7.4189571e-05 3.4520737e-04 4.1637481e-03 5.3585186e-03 6.2919609e-02
 4.0800995e-01 4.6950930e-01 4.8593447e-02 1.0260207e-03]"
/scratch/project_462000771/mengting/projects/bias/Qwen/chinese_prompt/selected_faces/detected_person/person_0526_face0.png,Latino_Hispanic,Indian,Female,20-29,"[0.06347345 0.00181399 0.49748096 0.00811473 0.00857024 0.41632226
 0.00422434]",[0.42466947 0.06069008 0.01117713 0.50346327],[8.390697e-05 9.999161e-01],"[5.3582565e-09 4.8349262e-05 5.9960876e-02 9.1112536e-01 2.8824743e-02
 4.0597533e-05 6.0694340e-08 4.9555088e-10 4.7362791e-12]"
/scratch/project_462000771/mengting/projects/bias/Qwen/chinese_prompt/selected_faces/detected_person/person_0163_face0.png,East Asian,Asian,Male,30-39,"[3.0159933e-04 3.7766600e-05 2.0081695e-02 6.8726748e-01 2.8871396e-01
 3.2644169e-03 3.3303534e-04]",[4.3482622e-04 3.2397034e-04 9.7547317e-01 2.3768008e-02],[1.0000000e+00 3.4764028e-08],"[4.1894450e-07 7.0725951e-06 2.3169827e-03 4.7052813e-01 5.0603151e-01
 2.0964829e-02 1.4353399e-04 7.4435234e-06 4.6418513e-08]"
/scratch/project_462000771/mengting/projects/bias/Qwen/chinese_prompt/selected_faces/detected_person/person_0145_face0.png,Southeast Asian,Asian,Male,20-29,"[1.3816121e-04 6.4220490e-05 7.9242298e-03 3.5806668e-01 6.2952965e-01
 4.2484375e-03 2.8621407e-05]",[9.9991288e-05 1.7392886e-04 9.7635913e-01 2.3366952e-02],[1.0000000e+00 1.1876842e-08],"[6.6509176e-09 7.9742733e-07 7.8131529e-03 8.7228239e-01 1.1892483e-01
 9.7578455e-04 2.9537996e-06 1.1863358e-07 8.5148960e-10]"
/scratch/project_462000771/mengting/projects/bias/Qwen/chinese_prompt/selected_faces/detected_person/person_0926_face0.png,Southeast Asian,Asian,Female,30-39,"[1.7440044e-04 3.5613473e-05 2.9208534e-03 4.8358476e-01 5.1221335e-01
 1.0473502e-03 2.3684555e-05]",[1.1979599e-03 2.4209314e-04 9.9619883e-01 2.3611307e-03],[0.01604205 0.98395795],"[1.2314567e-06 8.6486376e-05 6.1996877e-03 2.1302854e-01 5.5960435e-01
 2.0421229e-01 1.5883427e-02 9.5983298e-04 2.4231207e-05]"
/scratch/project_462000771/mengting/projects/bias/Qwen/chinese_prompt/selected_faces/detected_person/person_0420_face0.png,Indian,Indian,Female,20-29,"[0.11693177 0.00076544 0.35925776 0.01012422 0.03675206 0.4449768
 0.03119194]",[0.31321087 0.07540795 0.01486652 0.5965147 ],[3.6602265e-05 9.9996346e-01],"[2.7952749e-08 1.0436423e-04 6.5669186e-02 8.8619041e-01 4.7620401e-02
 4.1419463e-04 1.4888830e-06 2.7780617e-08 4.1245066e-10]"
/scratch/project_462000771/mengting/projects/bias/Qwen/chinese_prompt/selected_faces/detected_person/person_0564_face0.png,White,White,Male,40-49,"[9.6413940e-01 9.2382234e-06 2.4950735e-02 1.3091030e-03 1.5586639e-03
 4.8584258e-04 7.5470810e-03]",[9.9954367e-01 2.3679828e-05 3.3389148e-04 9.8737022e-05],[9.9994653e-01 5.3449210e-05],"[2.0902145e-05 8.4704043e-05 1.3074386e-03 2.8373774e-03 1.2536983e-01
 5.6053901e-01 3.0468863e-01 5.1121311e-03 3.9981434e-05]"
/scratch/project_462000771/mengting/projects/bias/Qwen/chinese_prompt/selected_faces/detected_person/person_0397_face0.png,Latino_Hispanic,White,Male,50-59,"[0.03231314 0.00194254 0.8943291  0.00497026 0.01641691 0.04347992
 0.00654808]",[0.39932537 0.04051317 0.2796821  0.2804793 ],[9.9998993e-01 1.0072582e-05],"[2.65076873e-04 1.45773869e-03 1.38146700e-02 2.95944791e-03
 6.37581944e-02 3.95313501e-01 4.96916324e-01 2.54140403e-02
 1.00927195e-04]"
/scratch/project_462000771/mengting/projects/bias/Qwen/chinese_prompt/selected_faces/detected_person/person_0875_face0.png,White,White,Female,30-39,"[9.7321093e-01 3.3691790e-06 1.4546625e-02 3.8522820e-04 1.5049175e-04
 1.2070664e-04 1.1582619e-02]",[9.9778211e-01 5.6003797e-04 6.1305909e-04 1.0448169e-03],[0.20457149 0.7954285 ],"[8.4903732e-08 1.2607509e-05 1.6667414e-02 4.5952734e-01 4.9292096e-01
 3.0558407e-02 3.1089288e-04 2.2983795e-06 2.4498984e-08]"
/scratch/project_462000771/mengting/projects/bias/Qwen/chinese_prompt/selected_faces/detected_person/person_0808_face0.png,White,White,Male,50-59,"[0.7510583  0.0008257  0.19992381 0.00113695 0.0014692  0.01744289
 0.02814319]",[9.8188055e-01 6.0198922e-04 1.3893367e-03 1.6128138e-02],[9.9939394e-01 6.0605526e-04],"[1.5428518e-04 1.5584331e-04 5.6579232e-04 1.3617022e-04 2.0784782e-03
 6.7087382e-02 8.1848383e-01 1.1020374e-01 1.1344635e-03]"
/scratch/project_462000771/mengting/projects/bias/Qwen/chinese_prompt/selected_faces/detected_person/person_0209_face0.png,Latino_Hispanic,Asian,Male,30-39,"[0.01136773 0.00093573 0.5467235  0.17421135 0.22255155 0.02993378
 0.01427625]",[0.02959747 0.00132525 0.6436972  0.32538   ],[1.000000e+00 2.897837e-08],"[9.7007942e-06 7.3728290e-05 2.3427126e-03 9.0471074e-02 6.8653858e-01
 2.0970125e-01 1.0687352e-02 1.7482442e-04 8.0222514e-07]"
/scratch/project_462000771/mengting/projects/bias/Qwen/chinese_prompt/selected_faces/detected_person/person_0452_face0.png,White,White,Male,40-49,"[9.7353929e-01 1.0107953e-05 2.3795102e-02 2.9018307e-05 5.4634613e-05
 4.5858914e-04 2.1132731e-03]",[9.9957871e-01 8.0824539e-06 1.3669052e-04 2.7644684e-04],[9.9999958e-01 4.3614682e-07],"[1.70334442e-06 3.17444005e-06 9.37366785e-05 1.73626607e-03
 1.22801684e-01 7.27767825e-01 1.46926552e-01 6.67663058e-04
 1.30812236e-06]"
/scratch/project_462000771/mengting/projects/bias/Qwen/chinese_prompt/selected_faces/detected_person/person_0462_face0.png,White,White,Male,40-49,"[9.9925935e-01 7.8635463e-07 5.5951881e-04 1.8606666e-05 2.1882182e-05
 4.1202202e-05 9.8734214e-05]",[9.9926132e-01 1.4210293e-05 1.0748331e-04 6.1700126e-04],[9.9999970e-01 2.3738777e-07],"[4.8978789e-05 1.1843755e-04 2.5009874e-03 1.0041512e-02 2.2248979e-01
 5.6190294e-01 1.9823022e-01 4.6412251e-03 2.5802083e-05]"
/scratch/project_462000771/mengting/projects/bias/Qwen/chinese_prompt/selected_faces/detected_person/person_0414_face0.png,Black,Black,Male,30-39,"[3.1677331e-07 9.9990761e-01 4.8924321e-05 3.3819461e-08 1.7742110e-06
 3.8017948e-05 3.4623804e-06]",[6.0867097e-07 9.9985754e-01 6.6296234e-05 7.5648146e-05],[9.9999881e-01 1.1680459e-06],"[6.6162002e-08 1.3881579e-06 6.6117710e-04 2.8883174e-01 6.4114159e-01
 6.8818003e-02 5.4114067e-04 4.6571649e-06 1.5962529e-07]"
/scratch/project_462000771/mengting/projects/bias/Qwen/chinese_prompt/selected_faces/detected_person/person_0673_face0.png,White,White,Male,40-49,"[0.4686659  0.00086301 0.38769078 0.00063592 0.00078628 0.01775432
 0.12360376]",[0.874794   0.00528103 0.00573849 0.11418654],[9.9998677e-01 1.3240931e-05],"[5.0870926e-06 1.3786370e-05 2.1631434e-04 1.1277018e-02 4.4895837e-01
 5.1945114e-01 2.0004990e-02 7.2829534e-05 4.5810759e-07]"
/scratch/project_462000771/mengting/projects/bias/Qwen/chinese_prompt/selected_faces/detected_person/person_0125_face0.png,Latino_Hispanic,Indian,Male,40-49,"[1.55112585e-02 8.49440112e-04 4.54183787e-01 1.06899977e-04
 6.45903870e-04 4.38686043e-01 9.00166854e-02]",[1.0417676e-02 3.0650620e-04 1.5714935e-04 9.8911870e-01],[9.9996114e-01 3.8848830e-05],"[5.4668883e-05 6.3011052e-05 6.1977678e-04 1.4487058e-03 1.1575395e-01
 6.6095710e-01 2.1968110e-01 1.4142275e-03 7.4555437e-06]"
/scratch/project_462000771/mengting/projects/bias/Qwen/chinese_prompt/selected_faces/detected_person/person_0594_face0.png,Middle Eastern,White,Male,30-39,"[3.3009425e-01 8.5538471e-05 2.8083348e-01 1.2502909e-03 2.3004168e-03
 2.5929802e-03 3.8284296e-01]",[9.6984404e-01 9.6034358e-04 6.7663309e-03 2.2429263e-02],[0.9989245  0.00107547],"[1.7372170e-06 4.7093534e-05 6.3452818e-03 3.8409999e-01 5.8280373e-01
 2.6462555e-02 2.3730435e-04 2.2143083e-06 2.8098192e-08]"
/scratch/project_462000771/mengting/projects/bias/Qwen/chinese_prompt/selected_faces/detected_person/person_0298_face0.png,Black,Black,Female,20-29,"[1.0429048e-06 9.9893653e-01 4.5296696e-05 3.3670083e-06 6.9420952e-05
 9.4388687e-04 3.7126296e-07]",[2.6339585e-06 9.9989635e-01 3.2678257e-05 6.8466979e-05],[0.04776875 0.9522312 ],"[2.12028226e-05 7.20822252e-03 2.00208277e-01 6.81950212e-01
 1.05651155e-01 4.87037655e-03 8.80648513e-05 2.33174205e-06
 1.61561033e-07]"
/scratch/project_462000771/mengting/projects/bias/Qwen/chinese_prompt/selected_faces/detected_person/person_0330_face0.png,Southeast Asian,Asian,Male,20-29,"[6.38912898e-05 9.11223324e-05 1.10777300e-02 1.21016525e-01
 8.43029082e-01 2.46949084e-02 2.67732430e-05]",[7.6102915e-05 2.1612346e-04 9.7519135e-01 2.4516359e-02],[9.9976504e-01 2.3497616e-04],"[3.4683441e-07 7.9092779e-04 1.6168317e-01 7.9778427e-01 3.9074779e-02
 6.6305697e-04 3.4014886e-06 1.6225908e-07 3.5740852e-09]"
/scratch/project_462000771/mengting/projects/bias/Qwen/chinese_prompt/selected_faces/detected_person/person_0291_face0.png,East Asian,Asian,Male,30-39,"[1.2013527e-03 2.1951277e-05 2.9270818e-02 7.2102094e-01 2.4389124e-01
 3.0237311e-03 1.5700245e-03]",[1.8351098e-03 7.8044497e-05 9.8277271e-01 1.5314227e-02],[9.991470e-01 8.530048e-04],"[3.1997918e-06 3.2848198e-05 2.9673248e-03 1.7129901e-01 6.3672388e-01
 1.7920746e-01 9.3807932e-03 3.8087863e-04 4.6203018e-06]"
/scratch/project_462000771/mengting/projects/bias/Qwen/chinese_prompt/selected_faces/detected_person/person_0539_face0.png,Southeast Asian,Asian,Male,20-29,"[1.0160764e-02 4.5809805e-04 2.6786149e-01 1.5594107e-01 5.1001793e-01
 1.0955991e-02 4.4604633e-02]",[0.02231119 0.0015808  0.84793293 0.1281751 ],[9.999999e-01 1.770110e-07],"[1.3946258e-08 1.5182832e-05 8.8102743e-02 8.9141703e-01 2.0417510e-02
 4.7416161e-05 8.3690161e-08 1.9969348e-09 2.0488890e-11]"
/scratch/project_462000771/mengting/projects/bias/Qwen/chinese_prompt/selected_faces/detected_person/person_0751_face0.png,White,White,Male,50-59,"[9.5657593e-01 3.9661580e-05 3.4438156e-02 2.1399852e-04 2.4229882e-04
 1.0511273e-03 7.4388525e-03]",[9.9581409e-01 3.5752682e-04 1.1201148e-03 2.7083519e-03],[9.9998742e-01 1.2578322e-05],"[6.2424651e-06 4.2248580e-06 1.2665302e-04 2.0576396e-04 1.2110577e-02
 2.5377405e-01 6.8619794e-01 4.7367573e-02 2.0701323e-04]"
/scratch/project_462000771/mengting/projects/bias/Qwen/chinese_prompt/selected_faces/detected_person/person_0776_face0.png,Southeast Asian,Asian,Female,20-29,"[8.8750137e-05 3.5604426e-05 1.8817991e-03 1.8862891e-01 8.0639702e-01
 2.9509261e-03 1.6988366e-05]",[7.4353447e-05 1.0953873e-04 9.9783838e-01 1.9777764e-03],[2.0543986e-04 9.9979454e-01],"[9.54870757e-07 2.23911848e-04 5.30442223e-02 6.51572883e-01
 2.73129106e-01 2.17575282e-02 2.58223328e-04 1.29091395e-05
 3.24317767e-07]"
/scratch/project_462000771/mengting/projects/bias/Qwen/chinese_prompt/selected_faces/detected_person/person_0336_face0.png,White,White,Male,30-39,"[6.7055506e-01 2.4138277e-05 3.0121413e-01 3.3086948e-03 3.3794467e-03
 1.0800615e-02 1.0717783e-02]",[9.4125634e-01 1.7111735e-04 1.8814364e-02 3.9758205e-02],[9.9959671e-01 4.0328308e-04],"[2.3332568e-06 9.1748392e-05 9.2098918e-03 6.9320552e-02 6.0470790e-01
 3.0057347e-01 1.5951099e-02 1.4160741e-04 1.4526161e-06]"
/scratch/project_462000771/mengting/projects/bias/Qwen/chinese_prompt/selected_faces/detected_person/person_0811_face0.png,Black,Black,Male,20-29,"[4.60911633e-06 9.98692513e-01 2.28659337e-04 1.38438267e-07
 1.07629285e-05 1.05543446e-03 7.88513535e-06]",[5.3175045e-06 9.9843901e-01 3.5127749e-05 1.5205693e-03],[9.9998438e-01 1.5647962e-05],"[3.4769789e-06 6.1703596e-04 9.7011007e-02 6.7622727e-01 2.0639937e-01
 1.9229751e-02 5.0387875e-04 7.9401343e-06 2.3541644e-07]"
/scratch/project_462000771/mengting/projects/bias/Qwen/chinese_prompt/selected_faces/detected_person/person_0552_face0.png,White,White,Male,30-39,"[9.7774190e-01 3.1978502e-06 7.4610254e-03 1.2239933e-05 1.4785652e-05
 3.4633756e-04 1.4420509e-02]",[9.7294647e-01 2.5513759e-04 5.7568442e-04 2.6222726e-02],[9.9999475e-01 5.2958312e-06],"[9.9745447e-09 1.4452803e-07 2.2345387e-04 1.8094045e-01 7.7547920e-01
 4.3176878e-02 1.7948015e-04 3.6058154e-07 2.8890710e-09]"
/scratch/project_462000771/mengting/projects/bias/Qwen/chinese_prompt/selected_faces/detected_person/person_0711_face0.png,White,White,Male,50-59,"[9.9745136e-01 1.7259748e-07 2.1224904e-04 9.4638735e-06 9.0547164e-06
 1.2503782e-05 2.3052511e-03]",[9.9945873e-01 2.9123617e-06 4.7941503e-04 5.8939302e-05],[9.9997181e-01 2.8210861e-05],"[3.4267234e-06 1.9784504e-06 3.4742894e-05 6.1251150e-05 3.2997315e-03
 1.4200644e-01 7.5486636e-01 9.7456574e-02 2.2695230e-03]"
/scratch/project_462000771/mengting/projects/bias/Qwen/chinese_prompt/selected_faces/detected_person/person_0655_face0.png,Black,Black,Female,20-29,"[9.4424223e-07 9.9860495e-01 4.6641064e-05 1.7096801e-07 4.7173594e-06
 1.3423573e-03 1.5662461e-07]",[1.3410712e-05 9.9592221e-01 1.3923833e-05 4.0505864e-03],[0.0025497 0.9974503],"[4.7697102e-07 7.9125812e-04 1.3587277e-01 7.2391921e-01 1.3367800e-01
 5.6383773e-03 9.8873876e-05 1.0622084e-06 2.9411675e-08]"
/scratch/project_462000771/mengting/projects/bias/Qwen/chinese_prompt/selected_faces/detected_person/person_0418_face0.png,East Asian,Asian,Male,30-39,"[1.4063405e-03 4.5049423e-05 1.3580795e-02 7.7074045e-01 2.1366024e-01
 3.5544042e-04 2.1167770e-04]",[2.3239327e-03 1.8822346e-04 9.8731381e-01 1.0174032e-02],[9.9999964e-01 2.9458587e-07],"[5.5867014e-07 5.6794902e-06 4.2615208e-04 8.4496669e-02 7.3804319e-01
 1.7224838e-01 4.6920134e-03 8.6992710e-05 4.7837204e-07]"
/scratch/project_462000771/mengting/projects/bias/Qwen/chinese_prompt/selected_faces/detected_person/person_0251_face0.png,White,White,Male,30-39,"[9.9998736e-01 1.4800381e-08 3.9015463e-06 7.7362773e-07 7.5543971e-07
 1.5185321e-07 7.0609040e-06]",[9.99981582e-01 6.50149673e-07 1.33851145e-05 4.35331958e-06],[9.9999714e-01 2.8396480e-06],"[2.3523894e-06 3.3654833e-05 1.9246674e-03 5.0684214e-02 6.0839444e-01
 3.2480621e-01 1.4089048e-02 6.4458327e-05 9.7005613e-07]"
/scratch/project_462000771/mengting/projects/bias/Qwen/chinese_prompt/selected_faces/detected_person/person_0527_face0.png,White,White,Male,20-29,"[9.6037251e-01 1.1556605e-05 1.3782163e-02 1.5399871e-04 1.9016076e-04
 2.8294948e-04 2.5206704e-02]",[9.9778467e-01 2.4060077e-04 5.2726036e-04 1.4475001e-03],[9.9998915e-01 1.0862135e-05],"[8.7341841e-06 1.1729186e-03 1.3865225e-01 6.9098192e-01 1.5920126e-01
 9.8854108e-03 9.6430493e-05 1.0655571e-06 1.9455815e-08]"
/scratch/project_462000771/mengting/projects/bias/Qwen/chinese_prompt/selected_faces/detected_person/person_0272_face0.png,Latino_Hispanic,Indian,Male,30-39,"[3.8190864e-02 2.7364586e-03 6.7807120e-01 5.9408869e-04 3.2078878e-03
 1.6327918e-01 1.1392041e-01]",[0.17660002 0.00953959 0.01413404 0.79972637],[9.9989474e-01 1.0524886e-04],"[1.8621491e-05 1.3678857e-04 4.1891518e-03 1.8706161e-01 7.1255219e-01
 9.4778292e-02 1.2493002e-03 1.3749831e-05 2.5537986e-07]"
/scratch/project_462000771/mengting/projects/bias/Qwen/chinese_prompt/selected_faces/detected_person/person_0451_face0.png,East Asian,Asian,Male,20-29,"[7.97566609e-04 2.77810850e-05 1.20082395e-02 7.91064382e-01
 1.95592016e-01 3.79711739e-04 1.30367553e-04]",[1.6694560e-04 1.6280914e-04 9.9893606e-01 7.3424302e-04],[9.9994743e-01 5.2553103e-05],"[5.3038082e-08 1.9052903e-05 4.6266302e-02 8.5743761e-01 9.5247649e-02
 1.0243022e-03 4.8854358e-06 1.8939981e-07 2.2101012e-09]"
/scratch/project_462000771/mengting/projects/bias/Qwen/chinese_prompt/selected_faces/detected_person/person_0632_face0.png,East Asian,Asian,Male,30-39,"[4.2841978e-02 1.4376756e-05 1.2944694e-01 7.3637289e-01 8.2837209e-02
 1.6782540e-03 6.8082376e-03]",[7.5673498e-02 3.9032155e-05 9.1772729e-01 6.5600998e-03],[9.9999702e-01 3.0142824e-06],"[7.0734734e-07 1.5146579e-06 1.6646116e-04 3.8423665e-02 7.6713002e-01
 1.9080159e-01 3.4490828e-03 2.6862825e-05 6.5099258e-08]"
/scratch/project_462000771/mengting/projects/bias/Qwen/chinese_prompt/selected_faces/detected_person/person_0084_face0.png,East Asian,Asian,Male,50-59,"[0.00666936 0.00052142 0.295355   0.40778935 0.26468897 0.01908717
 0.00588879]",[3.1325435e-03 6.9853508e-05 9.8800331e-01 8.7942593e-03],[9.9999267e-01 7.3750107e-06],"[2.1470249e-05 2.7877531e-05 1.5850681e-04 3.3343150e-04 2.0643188e-02
 2.9963169e-01 6.1885250e-01 6.0061764e-02 2.6964024e-04]"
/scratch/project_462000771/mengting/projects/bias/Qwen/chinese_prompt/selected_faces/detected_person/person_0908_face0.png,White,White,Female,40-49,"[7.7020025e-01 6.9329940e-04 1.8586858e-01 4.7920077e-04 4.7007951e-04
 7.6429563e-04 4.1524407e-02]",[0.9865646  0.00573947 0.00322359 0.00447236],[7.652267e-05 9.999235e-01],"[1.6699483e-08 1.7236131e-07 3.6212223e-05 7.5087380e-03 3.1342062e-01
 5.4142755e-01 1.3311706e-01 4.4695106e-03 2.0202237e-05]"
/scratch/project_462000771/mengting/projects/bias/Qwen/chinese_prompt/selected_faces/detected_person/person_0463_face0.png,East Asian,Asian,Male,20-29,"[6.4450091e-05 1.7365963e-06 4.0255827e-04 9.0478975e-01 9.4332017e-02
 4.0664870e-04 2.8124907e-06]",[7.3939489e-05 1.0557904e-05 9.9888182e-01 1.0336884e-03],[0.9988553  0.00114467],"[1.18574576e-07 2.53719452e-04 2.82391369e-01 6.95385993e-01
 2.17896681e-02 1.78171846e-04 9.21147375e-07 7.53452127e-08
 1.23191557e-09]"
/scratch/project_462000771/mengting/projects/bias/Qwen/chinese_prompt/selected_faces/detected_person/person_0630_face0.png,Latino_Hispanic,Asian,Male,30-39,"[0.03146959 0.0031439  0.71573764 0.0073994  0.04055544 0.19643454
 0.00525952]",[0.04694942 0.05476984 0.537411   0.36086982],[9.9999386e-01 6.0925336e-06],"[6.4206438e-07 1.2125229e-05 6.9821952e-04 1.0371889e-01 7.4521923e-01
 1.4772555e-01 2.6164930e-03 8.7748303e-06 8.2273949e-08]"
/scratch/project_462000771/mengting/projects/bias/Qwen/chinese_prompt/selected_faces/detected_person/person_0584_face0.png,White,White,Male,30-39,"[8.4277469e-01 2.0207433e-05 6.1713025e-02 2.0696889e-05 5.0377141e-05
 3.9872841e-04 9.5022187e-02]",[9.9578542e-01 6.6283487e-06 4.5030951e-04 3.7576579e-03],[9.9994928e-01 5.0769235e-05],"[7.6245789e-07 3.0034807e-05 1.0478164e-02 2.7471450e-01 6.5286195e-01
 6.1652016e-02 2.6180313e-04 7.4731997e-07 4.7721906e-09]"
/scratch/project_462000771/mengting/projects/bias/Qwen/chinese_prompt/selected_faces/detected_person/person_0051_face0.png,Black,Black,Male,20-29,"[2.0952659e-06 9.9888790e-01 5.2708692e-05 1.5555158e-07 8.8804700e-06
 1.0471164e-03 1.1509833e-06]",[3.1378852e-06 9.9939567e-01 3.9206952e-06 5.9722055e-04],[9.9995118e-01 4.8834678e-05],"[3.4192745e-08 1.0112920e-05 1.9424485e-02 8.6016041e-01 1.1753200e-01
 2.8535172e-03 1.9402331e-05 9.0572428e-08 4.0687396e-09]"
/scratch/project_462000771/mengting/projects/bias/Qwen/chinese_prompt/selected_faces/detected_person/person_0738_face0.png,Black,Black,Male,30-39,"[3.75788045e-06 9.86829817e-01 3.44923057e-04 8.51336893e-07
 3.96864598e-05 1.27442395e-02 3.67140165e-05]",[3.022446e-06 9.978438e-01 3.703085e-05 2.116183e-03],[9.999308e-01 6.916772e-05],"[2.7213619e-06 6.0304061e-05 6.8148724e-03 2.1316607e-01 5.3128690e-01
 2.3431721e-01 1.4050977e-02 2.9340494e-04 7.5003959e-06]"
/scratch/project_462000771/mengting/projects/bias/Qwen/chinese_prompt/selected_faces/detected_person/person_0173_face0.png,White,White,Male,30-39,"[6.6432935e-01 5.2567659e-05 3.2235888e-01 1.3098237e-03 1.6629667e-03
 1.1134538e-03 9.1729900e-03]",[9.9853158e-01 1.0751023e-04 8.2603056e-04 5.3485559e-04],[9.9994445e-01 5.5571883e-05],"[1.2541371e-07 9.7158318e-07 2.5870715e-04 1.3739985e-02 5.1185954e-01
 4.6035191e-01 1.3759634e-02 2.9026041e-05 1.0401160e-07]"
/scratch/project_462000771/mengting/projects/bias/Qwen/chinese_prompt/selected_faces/detected_person/person_0509_face0.png,East Asian,Asian,Male,30-39,"[3.6344893e-04 9.9313747e-06 1.4004316e-02 7.2428191e-01 2.5971922e-01
 1.4334676e-03 1.8766648e-04]",[1.3215714e-03 1.5016200e-04 9.7824997e-01 2.0278336e-02],[9.9999988e-01 1.1729447e-07],"[6.3505530e-07 1.4950775e-05 2.2399693e-03 2.4144016e-01 6.9622946e-01
 5.9098251e-02 9.5688755e-04 1.9519748e-05 8.8077471e-08]"
/scratch/project_462000771/mengting/projects/bias/Qwen/chinese_prompt/selected_faces/detected_person/person_0551_face0.png,Latino_Hispanic,White,Male,40-49,"[2.6692918e-01 3.8921472e-04 6.7835879e-01 1.8084311e-03 2.7105068e-03
 4.7175489e-02 2.6283914e-03]",[9.1318816e-01 3.4764185e-04 2.6020166e-02 6.0444139e-02],[9.9996305e-01 3.6977486e-05],"[4.6524028e-06 9.4020106e-06 3.0759064e-04 2.6584980e-03 1.3948409e-01
 6.2155896e-01 2.3443103e-01 1.5404243e-03 5.3363124e-06]"
/scratch/project_462000771/mengting/projects/bias/Qwen/chinese_prompt/selected_faces/detected_person/person_0118_face0.png,Indian,Indian,Male,30-39,"[1.1108540e-03 3.6700447e-03 6.2231492e-02 1.2370844e-04 1.1302378e-03
 9.3085974e-01 8.7389519e-04]",[0.00221994 0.22304165 0.00143025 0.77330816],[9.9952883e-01 4.7120897e-04],"[3.2670730e-05 1.6893228e-03 5.9719563e-02 3.9839154e-01 4.7924027e-01
 5.9742201e-02 1.1697217e-03 1.4456373e-05 2.2030788e-07]"
/scratch/project_462000771/mengting/projects/bias/Qwen/chinese_prompt/selected_faces/detected_person/person_0608_face0.png,Latino_Hispanic,White,Male,40-49,"[2.4491642e-01 2.4194414e-04 6.5955293e-01 1.7019345e-03 2.3782870e-03
 3.7639324e-02 5.3569105e-02]",[0.7354841  0.00149956 0.01866907 0.24434727],[9.9992675e-01 7.3253832e-05],"[9.7367056e-06 2.6434216e-05 4.3703592e-04 9.7207548e-03 3.7082794e-01
 5.8086807e-01 3.7942711e-02 1.6655533e-04 7.0871374e-07]"
/scratch/project_462000771/mengting/projects/bias/Qwen/chinese_prompt/selected_faces/detected_person/person_0774_face0.png,White,White,Male,20-29,"[9.9954337e-01 6.5222729e-08 1.7780915e-04 2.7605015e-06 6.7342926e-06
 7.5356961e-06 2.6167821e-04]",[9.9996191e-01 7.0888086e-07 1.5859048e-05 2.1457396e-05],[9.9998623e-01 1.3751764e-05],"[1.7625661e-07 5.8834801e-05 1.0659988e-02 6.1169744e-01 3.6187881e-01
 1.5659321e-02 4.5233624e-05 1.8633034e-07 5.3173999e-09]"
/scratch/project_462000771/mengting/projects/bias/Qwen/chinese_prompt/selected_faces/detected_person/person_0265_face0.png,Indian,Indian,Female,50-59,"[1.1424484e-04 7.6896623e-02 5.4019564e-03 8.0994450e-06 1.6864263e-04
 9.1602844e-01 1.3819488e-03]",[2.7800968e-04 1.4090027e-01 7.3890795e-04 8.5808283e-01],[0.062344   0.93765604],"[1.4191971e-06 4.0600640e-05 2.6576978e-03 1.9533798e-02 1.4569989e-01
 3.8207966e-01 4.2071870e-01 2.8443476e-02 8.2470855e-04]"
/scratch/project_462000771/mengting/projects/bias/Qwen/chinese_prompt/selected_faces/detected_person/person_0798_face0.png,East Asian,Asian,Male,40-49,"[2.6529405e-04 1.9755036e-05 1.6365431e-02 5.4570675e-01 4.3604904e-01
 1.5527082e-03 4.1027422e-05]",[1.09510525e-04 1.02715921e-05 9.99323070e-01 5.57083171e-04],[9.9944884e-01 5.5117381e-04],"[5.3619931e-07 3.2061330e-06 2.2153567e-04 1.0560093e-02 2.4898462e-01
 5.9116250e-01 1.4248282e-01 6.5457253e-03 3.8879898e-05]"
/scratch/project_462000771/mengting/projects/bias/Qwen/chinese_prompt/selected_faces/detected_person/person_0715_face0.png,Southeast Asian,Asian,Male,20-29,"[4.2282228e-04 5.7531870e-05 1.5841851e-02 4.8699668e-01 4.9600589e-01
 5.9381837e-04 8.1370847e-05]",[1.8420373e-03 6.8405451e-04 9.8207247e-01 1.5401412e-02],[9.9999976e-01 2.1002680e-07],"[1.0894908e-08 4.8453558e-07 7.3622763e-03 7.0104188e-01 2.8903544e-01
 2.5503673e-03 9.3784929e-06 1.5269418e-07 1.0126897e-09]"
/scratch/project_462000771/mengting/projects/bias/Qwen/chinese_prompt/selected_faces/detected_person/person_0100_face0.png,East Asian,Asian,Male,30-39,"[1.36268465e-02 3.84774408e-04 8.94635990e-02 5.45163989e-01
 3.39947164e-01 5.02773095e-03 6.38590474e-03]",[1.6040010e-02 4.4445903e-04 9.6931034e-01 1.4205199e-02],[9.9999982e-01 1.3370179e-07],"[2.7285860e-06 1.4307932e-05 5.1952247e-04 6.0588185e-02 7.6666743e-01
 1.6753270e-01 4.6317545e-03 4.3180691e-05 2.1658001e-07]"
/scratch/project_462000771/mengting/projects/bias/Qwen/chinese_prompt/selected_faces/detected_person/person_0334_face0.png,Latino_Hispanic,Indian,Male,30-39,"[6.7251518e-02 3.4003651e-03 6.8794167e-01 5.7291600e-04 2.3591416e-03
 1.8186775e-01 5.6606650e-02]",[0.17448643 0.04174256 0.01054664 0.77322435],[9.9999726e-01 2.7720828e-06],"[3.9073478e-07 4.5927754e-06 1.5195818e-03 2.7594832e-01 6.5977925e-01
 6.1891742e-02 8.5060764e-04 5.3882791e-06 6.5617890e-08]"
/scratch/project_462000771/mengting/projects/bias/Qwen/chinese_prompt/selected_faces/detected_person/person_0495_face0.png,White,White,Male,30-39,"[8.6690766e-01 3.2214251e-05 1.0823577e-01 4.6552988e-04 5.2824669e-04
 3.8369733e-04 2.3446832e-02]",[9.9569613e-01 2.7731905e-04 2.3391107e-03 1.6874054e-03],[9.9999332e-01 6.6573125e-06],"[1.2854996e-07 2.5698864e-06 7.6958124e-04 3.0780666e-02 5.5387300e-01
 3.9957610e-01 1.4937952e-02 5.9637332e-05 3.0720852e-07]"
/scratch/project_462000771/mengting/projects/bias/Qwen/chinese_prompt/selected_faces/detected_person/person_0413_face0.png,Southeast Asian,Asian,Male,20-29,"[1.2876438e-03 3.1106258e-04 9.4199680e-02 4.1041428e-01 4.7807583e-01
 1.5198373e-02 5.1304855e-04]",[0.00190196 0.02158291 0.8594015  0.11711369],[9.999992e-01 7.306586e-07],"[5.5070080e-07 2.5455955e-05 1.9720243e-02 6.3302797e-01 3.3481333e-01
 1.2291190e-02 1.1752514e-04 3.7219522e-06 3.0936608e-08]"
/scratch/project_462000771/mengting/projects/bias/Qwen/chinese_prompt/selected_faces/detected_person/person_0682_face0.png,Latino_Hispanic,Asian,Male,50-59,"[0.01708068 0.00078347 0.60315883 0.13708134 0.19214408 0.04037295
 0.00937875]",[1.7357800e-02 4.2074348e-04 8.8263881e-01 9.9582694e-02],[9.999830e-01 1.692929e-05],"[2.4990630e-05 4.6969682e-05 2.7459260e-04 3.6763551e-04 2.1467324e-02
 2.7367866e-01 6.5356547e-01 5.0246481e-02 3.2788562e-04]"
/scratch/project_462000771/mengting/projects/bias/Qwen/chinese_prompt/selected_faces/detected_person/person_0198_face0.png,Latino_Hispanic,Asian,Male,40-49,"[1.3777760e-02 2.1792433e-04 6.7660618e-01 7.0193730e-02 1.1787745e-01
 1.0973628e-01 1.1590693e-02]",[0.01928354 0.00139514 0.67357844 0.3057429 ],[9.994621e-01 5.378524e-04],"[1.30019253e-05 1.14616574e-04 2.03268370e-03 8.67956318e-03
 1.69661880e-01 5.36854923e-01 2.71579474e-01 1.09528536e-02
 1.10997746e-04]"
/scratch/project_462000771/mengting/projects/bias/Qwen/chinese_prompt/selected_faces/detected_person/person_0036_face0.png,Indian,Indian,Male,40-49,"[1.9509314e-03 1.3207238e-02 3.0744419e-01 3.2745986e-04 6.2723742e-03
 6.6867578e-01 2.1220394e-03]",[0.0284275  0.0615195  0.02262834 0.8874247 ],[0.99890447 0.00109552],"[3.7852562e-06 2.1308453e-05 7.0352445e-04 7.9607051e-03 2.1739297e-01
 6.5153629e-01 1.2133728e-01 1.0318796e-03 1.2257308e-05]"
/scratch/project_462000771/mengting/projects/bias/Qwen/chinese_prompt/selected_faces/detected_person/person_0372_face0.png,East Asian,Asian,Male,30-39,"[8.8208839e-03 4.4514163e-05 1.3748711e-01 5.2151895e-01 3.0465004e-01
 1.3617309e-02 1.3861143e-02]",[1.5041049e-02 9.2628943e-05 9.5869076e-01 2.6175596e-02],[9.9983966e-01 1.6036323e-04],"[2.0823268e-06 2.5721230e-05 2.3610659e-03 6.7056544e-02 5.6154746e-01
 3.4321988e-01 2.5291633e-02 4.9242907e-04 3.2125424e-06]"
/scratch/project_462000771/mengting/projects/bias/Qwen/chinese_prompt/selected_faces/detected_person/person_0990_face0.png,East Asian,Asian,Male,30-39,"[5.8335951e-04 1.2032495e-05 9.9175842e-03 8.5925972e-01 1.2938312e-01
 4.6818063e-04 3.7601046e-04]",[4.7975131e-03 8.0445304e-04 9.8793441e-01 6.4636380e-03],[9.999955e-01 4.469548e-06],"[4.8652356e-07 2.3684519e-05 1.6104143e-02 4.3084693e-01 5.1610255e-01
 3.6284421e-02 6.0605531e-04 3.1503587e-05 1.6992527e-07]"
/scratch/project_462000771/mengting/projects/bias/Qwen/chinese_prompt/selected_faces/detected_person/person_0258_face0.png,White,White,Male,20-29,"[5.0511098e-01 5.0427068e-05 1.4979200e-01 2.6738916e-03 2.7041116e-03
 2.6905774e-03 3.3697802e-01]",[9.6114820e-01 5.9470744e-04 1.7693395e-02 2.0563764e-02],[9.9999523e-01 4.7403241e-06],"[3.9170925e-07 2.2993565e-05 1.5169428e-02 6.0781217e-01 3.6742964e-01
 9.4988663e-03 6.5777604e-05 7.1564136e-07 7.6101783e-09]"
/scratch/project_462000771/mengting/projects/bias/Qwen/chinese_prompt/selected_faces/detected_person/person_0434_face0.png,Latino_Hispanic,Asian,Male,50-59,"[6.4788245e-02 1.0695630e-04 7.8863013e-01 7.0068546e-02 4.0930800e-02
 1.1853750e-02 2.3621699e-02]",[2.7288206e-02 1.4027556e-05 9.7053134e-01 2.1664244e-03],[9.9991804e-01 8.1995131e-05],"[2.71094286e-05 1.04822866e-04 6.03098364e-04 1.56671565e-04
 7.75202364e-03 1.33358702e-01 7.49378562e-01 1.07778177e-01
 8.40770779e-04]"
/scratch/project_462000771/mengting/projects/bias/Qwen/chinese_prompt/selected_faces/detected_person/person_0465_face0.png,Black,Black,Male,20-29,"[1.3299262e-07 9.9995905e-01 1.9989548e-06 8.6364640e-09 3.2628449e-07
 3.8405953e-05 8.6500748e-08]",[4.5104957e-07 9.9993968e-01 1.4492776e-06 5.8498539e-05],[9.9999475e-01 5.2083551e-06],"[2.91980551e-09 2.03941954e-06 1.83059145e-02 8.39294672e-01
 1.37548342e-01 4.79921699e-03 4.94802589e-05 3.59086101e-07
 1.07840075e-08]"
/scratch/project_462000771/mengting/projects/bias/Qwen/chinese_prompt/selected_faces/detected_person/person_0293_face0.png,White,White,Male,20-29,"[5.7062912e-01 1.3677195e-04 1.8197612e-01 1.6480031e-04 3.4652938e-04
 2.8226847e-02 2.1851987e-01]",[9.8447615e-01 1.9208342e-04 4.2826924e-04 1.4903464e-02],[9.9994177e-01 5.8245649e-05],"[6.1111606e-08 1.6473491e-06 1.7465631e-03 7.1329212e-01 2.8132567e-01
 3.6263329e-03 7.5071025e-06 5.8530109e-08 1.1128225e-09]"
/scratch/project_462000771/mengting/projects/bias/Qwen/chinese_prompt/selected_faces/detected_person/person_0319_face0.png,Black,Black,Female,30-39,"[1.5337131e-05 9.8501611e-01 1.1226531e-03 2.0672705e-05 7.2604523e-04
 1.3091468e-02 7.7412878e-06]",[4.2292359e-05 9.9061924e-01 9.7252626e-04 8.3659329e-03],[0.41403723 0.58596283],"[1.45449172e-04 9.95720830e-03 1.16539486e-01 2.47340098e-01
 3.71447921e-01 2.16561720e-01 3.68915461e-02 1.04667142e-03
 6.99118827e-05]"
/scratch/project_462000771/mengting/projects/bias/Qwen/chinese_prompt/selected_faces/detected_person/person_0724_face0.png,Latino_Hispanic,Indian,Male,30-39,"[0.08496437 0.00049574 0.48877904 0.00050956 0.00122104 0.16430289
 0.25972736]",[0.18945478 0.00167716 0.01177931 0.7970887 ],[9.9998397e-01 1.6089720e-05],"[2.2176821e-06 1.8535340e-05 5.0868740e-04 1.0563232e-01 7.8185910e-01
 1.1127841e-01 6.9842435e-04 2.2500119e-06 2.3934236e-08]"
/scratch/project_462000771/mengting/projects/bias/Qwen/chinese_prompt/selected_faces/detected_person/person_0248_face0.png,Southeast Asian,Asian,Male,50-59,"[1.0538561e-03 2.5110310e-05 7.2531790e-02 3.6092278e-01 5.5234110e-01
 1.2719278e-02 4.0615976e-04]",[5.5541721e-04 3.2719709e-05 9.8516810e-01 1.4243757e-02],[9.9999613e-01 3.8943517e-06],"[2.6426931e-06 9.5175301e-06 6.9697213e-05 7.4206699e-05 5.9176558e-03
 1.8146251e-01 7.4530149e-01 6.6928349e-02 2.3393413e-04]"
/scratch/project_462000771/mengting/projects/bias/Qwen/chinese_prompt/selected_faces/detected_person/person_0523_face0.png,East Asian,Asian,Male,50-59,"[9.7682709e-03 5.7316920e-05 1.5933003e-02 8.4172857e-01 1.3142705e-01
 8.4393570e-04 2.4175645e-04]",[5.1829897e-02 5.4095616e-04 9.4142270e-01 6.2064393e-03],[9.999154e-01 8.459796e-05],"[1.72953096e-05 3.23046079e-05 4.19530668e-04 9.32710478e-04
 2.18769051e-02 2.39458218e-01 6.26033902e-01 1.10381156e-01
 8.47997435e-04]"
/scratch/project_462000771/mengting/projects/bias/Qwen/chinese_prompt/selected_faces/detected_person/person_0117_face0.png,White,White,Male,50-59,"[9.8679715e-01 5.0179397e-06 1.7441127e-03 2.3388140e-05 3.9909675e-05
 2.5962247e-05 1.1364430e-02]",[9.9985754e-01 7.1046356e-06 1.0713098e-04 2.8256403e-05],[9.9995887e-01 4.1104024e-05],"[1.2275659e-05 5.6307513e-06 1.1484860e-04 4.6743569e-04 1.2729336e-02
 1.8146189e-01 6.7297548e-01 1.3050394e-01 1.7291674e-03]"
/scratch/project_462000771/mengting/projects/bias/Qwen/chinese_prompt/selected_faces/detected_person/person_0275_face0.png,White,White,Male,30-39,"[9.9828196e-01 2.6870222e-07 6.7795353e-04 2.0120484e-05 2.6442203e-05
 1.4603681e-05 9.7859313e-04]",[9.9989873e-01 1.4471025e-06 3.7363356e-05 6.2467479e-05],[9.999027e-01 9.727580e-05],"[7.5505324e-07 1.7651702e-05 1.9803634e-03 1.3619573e-01 6.6320348e-01
 1.9668002e-01 1.9097333e-03 1.2010072e-05 2.0061373e-07]"
/scratch/project_462000771/mengting/projects/bias/Qwen/chinese_prompt/selected_faces/detected_person/person_0141_face0.png,White,White,Male,40-49,"[9.9596596e-01 1.2011636e-06 2.2086520e-03 4.8177946e-05 6.3348940e-05
 1.1062161e-04 1.6020484e-03]",[9.9723482e-01 8.3456791e-05 1.7437586e-04 2.5073600e-03],[9.9999875e-01 1.3198307e-06],"[3.8139879e-06 5.7671941e-06 1.1602613e-04 1.9198231e-03 1.1828940e-01
 7.1648389e-01 1.6163498e-01 1.5346956e-03 1.1589432e-05]"
/scratch/project_462000771/mengting/projects/bias/Qwen/chinese_prompt/selected_faces/detected_person/person_0589_face0.png,White,White,Male,40-49,"[9.2684859e-01 1.9578691e-05 6.2958322e-02 5.0070486e-04 6.5494754e-04
 4.6400540e-03 4.3778061e-03]",[9.3310153e-01 7.7449338e-04 2.2711081e-03 6.3852891e-02],[9.9999547e-01 4.5424381e-06],"[7.0817570e-08 4.1925401e-07 8.3951825e-05 6.8027279e-03 3.0819264e-01
 6.3515651e-01 4.9651153e-02 1.1207433e-04 4.4235833e-07]"
/scratch/project_462000771/mengting/projects/bias/Qwen/chinese_prompt/selected_faces/detected_person/person_0354_face0.png,East Asian,Asian,Male,30-39,"[4.7728542e-04 2.5588383e-07 2.9443277e-03 9.3327957e-01 6.3081518e-02
 1.4618004e-04 7.0880080e-05]",[3.2562422e-04 2.6989002e-07 9.9942935e-01 2.4473306e-04],[9.9999994e-01 8.1725318e-08],"[4.1374756e-07 1.4669262e-05 9.4214402e-04 1.2137356e-01 8.0974913e-01
 6.7006312e-02 9.0233207e-04 1.1383855e-05 2.9471641e-08]"
/scratch/project_462000771/mengting/projects/bias/Qwen/chinese_prompt/selected_faces/detected_person/person_0679_face0.png,White,White,Male,50-59,"[9.9489874e-01 1.3462902e-06 7.8372122e-04 1.0344287e-05 3.6216334e-05
 1.1453648e-04 4.1551269e-03]",[9.9933827e-01 1.1206549e-05 2.7686739e-04 3.7369691e-04],[9.999627e-01 3.734425e-05],"[3.9017455e-06 6.7792380e-06 2.8667797e-04 5.6087406e-04 3.6002139e-03
 5.7112593e-02 6.4194059e-01 2.7392983e-01 2.2558484e-02]"
/scratch/project_462000771/mengting/projects/bias/Qwen/chinese_prompt/selected_faces/detected_person/person_0279_face0.png,White,White,Male,50-59,"[9.8870599e-01 4.6460200e-06 1.0178592e-02 3.2254698e-04 2.4269508e-04
 1.3923108e-04 4.0626459e-04]",[9.9385130e-01 8.3096114e-05 5.5885664e-03 4.7698562e-04],[9.9999803e-01 2.0137306e-06],"[9.9360450e-06 7.5224557e-06 9.4227282e-05 3.7150814e-05 3.7697782e-03
 1.6239974e-01 8.0055356e-01 3.3066962e-02 6.1227831e-05]"
/scratch/project_462000771/mengting/projects/bias/Qwen/chinese_prompt/selected_faces/detected_person/person_0639_face0.png,Indian,Indian,Male,20-29,"[5.0533586e-04 3.0423151e-03 6.7849338e-02 2.7885012e-04 5.7611433e-03
 9.1827333e-01 4.2896718e-03]",[0.00164275 0.01444415 0.00175668 0.98215646],[9.9999535e-01 4.6636642e-06],"[1.3473669e-05 6.6442072e-04 4.4293728e-02 4.8948243e-01 4.3574151e-01
 2.9501418e-02 2.9828242e-04 4.7009589e-06 5.8163465e-08]"
/scratch/project_462000771/mengting/projects/bias/Qwen/chinese_prompt/selected_faces/detected_person/person_0757_face0.png,White,White,Male,40-49,"[9.5319742e-01 1.7780096e-05 3.7722841e-02 4.1654366e-03 1.8847754e-03
 3.5488827e-04 2.6568233e-03]",[9.8487306e-01 1.4392851e-04 1.4233319e-02 7.4965582e-04],[9.997868e-01 2.131680e-04],"[8.1945618e-06 1.9717794e-05 3.4141698e-04 1.8203527e-03 9.5195249e-02
 5.9066284e-01 3.0737960e-01 4.5496924e-03 2.2977965e-05]"
/scratch/project_462000771/mengting/projects/bias/Qwen/chinese_prompt/selected_faces/detected_person/person_0480_face0.png,Southeast Asian,Asian,Male,20-29,"[4.49101208e-05 2.98574637e-03 4.17735465e-02 7.54387118e-03
 8.34240854e-01 1.13256074e-01 1.54976718e-04]",[2.9843379e-04 1.3231207e-02 7.9913419e-01 1.8733612e-01],[9.9999928e-01 7.5702826e-07],"[1.1304829e-06 1.8929222e-04 3.5696942e-02 6.1127609e-01 3.2983357e-01
 2.2499749e-02 4.9530016e-04 7.7320237e-06 1.7650383e-07]"
/scratch/project_462000771/mengting/projects/bias/Qwen/chinese_prompt/selected_faces/detected_person/person_0072_face0.png,White,White,Male,30-39,"[9.9950606e-01 5.4042673e-08 1.9381205e-04 4.5488687e-05 4.0204843e-05
 6.5553995e-06 2.0779735e-04]",[9.9955338e-01 7.5091174e-07 2.9702773e-04 1.4878523e-04],[9.9998677e-01 1.3206761e-05],"[4.0487723e-07 7.4798263e-06 2.7392679e-03 1.7694205e-01 6.1333555e-01
 2.0095879e-01 5.9802225e-03 3.5704732e-05 5.4488112e-07]"
/scratch/project_462000771/mengting/projects/bias/Qwen/chinese_prompt/selected_faces/detected_person/person_0855_face0.png,East Asian,Asian,Male,20-29,"[4.0183798e-04 2.8887351e-05 1.6383218e-02 5.1213872e-01 4.7018617e-01
 7.5484475e-04 1.0628751e-04]",[2.2491382e-03 4.4044203e-04 9.8000789e-01 1.7302539e-02],[9.9999624e-01 3.7216671e-06],"[8.1624059e-08 9.4369761e-06 1.5936852e-02 5.6493717e-01 4.0130380e-01
 1.7596545e-02 2.1035281e-04 5.7457087e-06 7.0740171e-08]"
/scratch/project_462000771/mengting/projects/bias/Qwen/chinese_prompt/selected_faces/detected_person/person_0475_face0.png,White,White,Male,40-49,"[9.9895066e-01 1.3828382e-07 6.0668855e-04 1.4675437e-06 9.9765803e-06
 6.9068265e-05 3.6200654e-04]",[9.988534e-01 9.102640e-06 6.366112e-05 1.073787e-03],[9.9999601e-01 4.0298087e-06],"[7.52073504e-07 1.64633366e-05 1.06730836e-03 1.11719575e-02
 2.24763244e-01 7.04450786e-01 5.82480952e-02 2.77213927e-04
 4.15295790e-06]"
/scratch/project_462000771/mengting/projects/bias/Qwen/chinese_prompt/selected_faces/detected_person/person_0235_face0.png,East Asian,Asian,Male,30-39,"[4.25253056e-05 5.13053328e-06 5.65112103e-04 8.84769797e-01
 1.14492804e-01 1.21928708e-04 2.72761622e-06]",[4.7805020e-06 6.5843874e-06 9.9960291e-01 3.8567596e-04],[9.9999869e-01 1.3012968e-06],"[4.2778262e-07 7.6531569e-06 3.2412522e-03 6.2290646e-02 5.6260657e-01
 3.3755007e-01 3.2635629e-02 1.6609754e-03 6.8501249e-06]"
/scratch/project_462000771/mengting/projects/bias/Qwen/chinese_prompt/selected_faces/detected_person/person_0716_face0.png,White,White,Male,40-49,"[9.9994159e-01 1.8764347e-08 4.0771956e-05 2.9575861e-07 9.7762415e-07
 3.1237319e-06 1.3208778e-05]",[9.9958634e-01 6.8250120e-06 8.7129374e-05 3.1968520e-04],[9.9999994e-01 4.5991737e-08],"[1.5938474e-07 3.7336833e-06 1.1233505e-03 2.3227196e-02 4.1004258e-01
 5.2808070e-01 3.7382498e-02 1.3887956e-04 8.4065459e-07]"
/scratch/project_462000771/mengting/projects/bias/Qwen/chinese_prompt/selected_faces/detected_person/person_0916_face0.png,Middle Eastern,White,Male,20-29,"[9.7657941e-02 3.1285448e-04 1.8881156e-01 5.0170755e-04 7.9331623e-04
 8.3729737e-03 7.0354968e-01]",[8.7267131e-01 7.7896158e-04 1.3697317e-03 1.2518001e-01],[9.9999946e-01 5.2086972e-07],"[5.4494089e-05 2.0953582e-03 8.4187947e-02 5.7949430e-01 3.1812668e-01
 1.5837764e-02 1.9906677e-04 4.3628647e-06 4.1712653e-08]"
/scratch/project_462000771/mengting/projects/bias/Qwen/chinese_prompt/selected_faces/detected_person/person_0483_face0.png,East Asian,Asian,Female,30-39,"[8.4240065e-04 4.2606734e-05 2.0270351e-02 6.8885124e-01 2.8535822e-01
 4.4652801e-03 1.6993984e-04]",[0.0040885  0.00184159 0.9531639  0.04090602],[3.9553651e-04 9.9960446e-01],"[5.8874186e-08 8.6565669e-06 4.2497334e-03 3.2824072e-01 6.0196841e-01
 6.4090870e-02 1.4005536e-03 4.0708943e-05 2.4368023e-07]"
/scratch/project_462000771/mengting/projects/bias/Qwen/chinese_prompt/selected_faces/detected_person/person_0588_face0.png,Southeast Asian,Asian,Female,20-29,"[0.00349817 0.02998079 0.05922293 0.04382374 0.847658   0.01328603
 0.00253036]",[0.00124804 0.03592944 0.9541091  0.00871339],[0.00257938 0.99742067],"[2.4822921e-06 1.2421776e-02 4.8108709e-01 4.8313349e-01 2.3136444e-02
 2.1748549e-04 1.2276646e-06 3.1155203e-08 1.2133838e-09]"
/scratch/project_462000771/mengting/projects/bias/Qwen/chinese_prompt/selected_faces/detected_person/person_0232_face0.png,Latino_Hispanic,Indian,Female,20-29,"[6.43482283e-02 9.50118192e-05 6.39406860e-01 1.22045726e-01
 9.62532833e-02 6.69351816e-02 1.09158009e-02]",[0.0597251  0.01060572 0.42197138 0.50769776],[0.35905007 0.64094996],"[9.8551732e-07 1.9122391e-03 3.8470137e-01 5.7512331e-01 3.7761580e-02
 4.9876818e-04 1.6777889e-06 6.6633881e-08 1.6283809e-09]"
/scratch/project_462000771/mengting/projects/bias/Qwen/chinese_prompt/selected_faces/detected_person/person_0606_face0.png,East Asian,Asian,Male,40-49,"[1.8943351e-03 4.8709884e-05 5.3393178e-02 7.5136393e-01 1.9156943e-01
 1.5494131e-03 1.8090964e-04]",[1.6901062e-03 1.5314549e-04 9.9695832e-01 1.1984992e-03],[9.999119e-01 8.807409e-05],"[2.3078375e-07 1.5627684e-06 2.3701365e-04 1.6622571e-02 3.9586887e-01
 5.1989281e-01 6.6536367e-02 8.3731563e-04 3.3120425e-06]"
/scratch/project_462000771/mengting/projects/bias/Qwen/chinese_prompt/selected_faces/detected_person/person_0940_face0.png,White,White,Male,50-59,"[9.9428189e-01 1.5669010e-06 3.0264680e-03 2.3602979e-04 1.9387669e-04
 2.7420482e-04 1.9859620e-03]",[9.9976242e-01 1.6671319e-06 1.9810230e-05 2.1609153e-04],[9.9999815e-01 1.8730509e-06],"[9.0362382e-06 2.4416195e-05 4.1362058e-04 4.3427685e-04 1.4776990e-02
 2.7693510e-01 6.6023451e-01 4.6783932e-02 3.8817094e-04]"
/scratch/project_462000771/mengting/projects/bias/Qwen/chinese_prompt/selected_faces/detected_person/person_0487_face0.png,White,White,Male,30-39,"[5.5831999e-01 6.4415537e-05 2.7983597e-01 4.0283613e-04 6.1271113e-04
 2.3153730e-02 1.3761027e-01]",[8.7187159e-01 1.6130590e-04 3.3974688e-04 1.2762736e-01],[1.0000000e+00 2.2336568e-08],"[6.4705614e-06 3.0251913e-04 2.8970923e-02 4.3570483e-01 5.0085020e-01
 3.3812623e-02 3.4610185e-04 6.3368107e-06 3.1972849e-08]"
/scratch/project_462000771/mengting/projects/bias/Qwen/chinese_prompt/selected_faces/detected_person/person_0094_face0.png,Indian,Indian,Male,40-49,"[1.9001031e-02 2.0876095e-02 2.1164575e-01 5.8257871e-04 3.1620811e-03
 7.2978884e-01 1.4943587e-02]",[0.01822766 0.12522762 0.00170705 0.8548377 ],[9.9999136e-01 8.6141217e-06],"[4.4386838e-06 2.1236012e-05 5.5778195e-04 6.2653762e-03 1.9376379e-01
 6.3639724e-01 1.6185510e-01 1.1252713e-03 9.7120774e-06]"
/scratch/project_462000771/mengting/projects/bias/Qwen/chinese_prompt/selected_faces/detected_person/person_0257_face0.png,White,White,Male,30-39,"[6.4561379e-01 9.0681933e-05 2.3085964e-01 1.5170099e-02 1.4768973e-02
 2.0960368e-02 7.2536342e-02]",[9.2924511e-01 5.7568814e-04 5.7149790e-02 1.3029361e-02],[9.9921328e-01 7.8678376e-04],"[6.3184183e-07 1.0278331e-05 1.2433754e-03 5.9486017e-02 5.6090301e-01
 3.5723975e-01 2.0963475e-02 1.5077741e-04 2.5158390e-06]"
/scratch/project_462000771/mengting/projects/bias/Qwen/chinese_prompt/selected_faces/detected_person/person_0645_face0.png,Latino_Hispanic,Asian,Male,20-29,"[2.2359777e-03 3.3891280e-04 5.4764491e-01 3.2119300e-02 3.3661693e-01
 7.9918593e-02 1.1253566e-03]",[0.00149453 0.00100521 0.7091903  0.2883099 ],[9.9998516e-01 1.4815074e-05],"[2.57958413e-06 1.84036631e-04 3.40886004e-02 5.56375623e-01
 3.81698072e-01 2.71544773e-02 4.88701276e-04 7.80635401e-06
 1.11379954e-07]"
/scratch/project_462000771/mengting/projects/bias/Qwen/chinese_prompt/selected_faces/detected_person/person_0999_face0.png,White,White,Male,50-59,"[9.8931336e-01 3.7526391e-07 7.6763150e-03 4.8118588e-04 2.2193980e-04
 1.2572447e-04 2.1810739e-03]",[9.9910313e-01 1.4609501e-06 6.2727532e-04 2.6813473e-04],[9.9983859e-01 1.6142291e-04],"[1.0152608e-05 2.5051988e-05 9.5788483e-04 1.6414395e-03 4.8085731e-02
 4.4356567e-01 4.8492751e-01 2.0645255e-02 1.4129969e-04]"
/scratch/project_462000771/mengting/projects/bias/Qwen/chinese_prompt/selected_faces/detected_person/person_0792_face0.png,White,White,Male,40-49,"[9.0524548e-01 9.4896823e-05 5.0884128e-02 8.9229288e-04 1.8203076e-03
 3.3276277e-03 3.7735198e-02]",[9.8885119e-01 3.4094104e-04 2.3851176e-03 8.4227463e-03],[9.999192e-01 8.082253e-05],"[4.58783370e-06 1.55270882e-05 6.09607261e-04 1.46934586e-02
 3.12749863e-01 6.05987608e-01 6.48538619e-02 1.07143249e-03
 1.41272785e-05]"
/scratch/project_462000771/mengting/projects/bias/Qwen/chinese_prompt/selected_faces/detected_person/person_0961_face0.png,Southeast Asian,Asian,Male,30-39,"[1.3446218e-03 4.6791969e-04 2.7815259e-01 8.7394781e-02 5.4889542e-01
 7.5765811e-02 7.9787783e-03]",[2.3342459e-03 5.1590311e-04 8.6536509e-01 1.3178477e-01],[9.9999899e-01 1.0212574e-06],"[3.8759372e-06 1.0763038e-04 5.0000111e-03 2.3345180e-01 6.4487618e-01
 1.1383136e-01 2.6844472e-03 4.4431607e-05 3.5153300e-07]"
/scratch/project_462000771/mengting/projects/bias/Qwen/chinese_prompt/selected_faces/detected_person/person_0097_face0.png,Latino_Hispanic,White,Male,30-39,"[4.2276755e-02 1.0201817e-03 5.0964719e-01 1.0168372e-04 5.4649991e-04
 5.0722983e-02 3.9568478e-01]",[7.4045610e-01 1.5060036e-03 7.2744745e-04 2.5731042e-01],[9.999993e-01 6.855006e-07],"[6.7485940e-05 1.0250442e-03 9.9007469e-03 6.4043716e-02 5.8356774e-01
 3.2564577e-01 1.5608372e-02 1.4032546e-04 7.4986411e-07]"
/scratch/project_462000771/mengting/projects/bias/Qwen/chinese_prompt/selected_faces/detected_person/person_0215_face0.png,White,White,Male,40-49,"[9.94790435e-01 3.15017360e-07 3.98565363e-03 9.43035775e-06
 1.04334695e-05 1.56315858e-04 1.04749238e-03]",[9.9953467e-01 1.4037759e-06 5.3273397e-05 4.1076797e-04],[9.9999845e-01 1.5753930e-06],"[1.5112717e-07 4.7393888e-07 5.6452929e-05 1.0314197e-03 7.0484444e-02
 6.9583201e-01 2.3182456e-01 7.6817302e-04 2.2420502e-06]"
/scratch/project_462000771/mengting/projects/bias/Qwen/chinese_prompt/selected_faces/detected_person/person_0309_face0.png,White,White,Male,40-49,"[8.7637943e-01 5.5539813e-06 9.9941410e-02 6.6963671e-04 4.4228684e-04
 2.6411880e-03 1.9920520e-02]",[9.9695367e-01 1.6229751e-05 1.4012769e-03 1.6288162e-03],[9.9997044e-01 2.9525805e-05],"[2.2098395e-06 5.3362605e-06 1.6597856e-04 3.7476956e-04 4.6551697e-02
 6.1421937e-01 3.3478570e-01 3.8805169e-03 1.4436643e-05]"
/scratch/project_462000771/mengting/projects/bias/Qwen/chinese_prompt/selected_faces/detected_person/person_0477_face0.png,White,White,Male,30-39,"[9.9651879e-01 4.6922085e-07 6.7880418e-04 4.4967624e-06 1.1372912e-05
 1.1181046e-05 2.7749205e-03]",[9.9913394e-01 5.6440226e-06 6.3347263e-04 2.2698256e-04],[9.9999738e-01 2.5891195e-06],"[6.85061039e-08 1.89850175e-06 1.43623888e-03 2.06817597e-01
 6.70429647e-01 1.20352395e-01 9.58525925e-04 3.50884557e-06
 4.24398863e-08]"
/scratch/project_462000771/mengting/projects/bias/Qwen/chinese_prompt/selected_faces/detected_person/person_0638_face0.png,Latino_Hispanic,White,Male,40-49,"[2.9865068e-01 6.7980855e-04 6.0598451e-01 3.6702829e-04 1.3238941e-03
 4.4632863e-02 4.8361272e-02]",[0.8562275  0.00124956 0.00403985 0.13848305],[9.999975e-01 2.504758e-06],"[7.0477645e-06 1.2213360e-05 1.6592769e-04 6.7551224e-04 6.8527192e-02
 6.4786726e-01 2.8002271e-01 2.7128526e-03 9.2029331e-06]"
/scratch/project_462000771/mengting/projects/bias/Qwen/chinese_prompt/selected_faces/detected_person/person_0915_face0.png,White,White,Male,50-59,"[7.3034692e-01 9.3674120e-05 2.2163479e-01 1.8779740e-02 1.1334684e-02
 1.0943912e-02 6.8663517e-03]",[9.9503130e-01 2.2675205e-05 1.9828957e-03 2.9631446e-03],[9.9993777e-01 6.2248684e-05],"[1.0550046e-05 2.3768956e-05 2.3621040e-04 3.2086300e-05 9.2617754e-04
 4.4016525e-02 7.6476347e-01 1.8894881e-01 1.0423331e-03]"
/scratch/project_462000771/mengting/projects/bias/Qwen/chinese_prompt/selected_faces/detected_person/person_0385_face0.png,White,White,Male,40-49,"[9.9971604e-01 8.9632666e-09 3.4153723e-05 4.6286214e-06 3.5988967e-06
 5.8186129e-07 2.4098974e-04]",[9.9988866e-01 8.6943919e-07 9.0522379e-05 2.0006288e-05],[9.9999672e-01 3.2499709e-06],"[8.15041130e-06 3.42192725e-05 1.15128036e-03 3.66241974e-03
 1.03997804e-01 5.86635530e-01 2.96706140e-01 7.73931760e-03
 6.51422524e-05]"
/scratch/project_462000771/mengting/projects/bias/Qwen/chinese_prompt/selected_faces/detected_person/person_0231_face0.png,White,White,Male,30-39,"[6.0001248e-01 1.4325051e-04 1.6487359e-01 8.4375788e-04 1.7012923e-03
 1.1398548e-02 2.2102709e-01]",[0.8705732  0.00140085 0.00826876 0.11975709],[9.9999809e-01 1.9358797e-06],"[1.8300094e-06 1.7860566e-05 2.7296276e-04 2.4316976e-02 6.3416761e-01
 3.3654353e-01 4.6640546e-03 1.4994955e-05 1.2162918e-07]"
/scratch/project_462000771/mengting/projects/bias/Qwen/chinese_prompt/selected_faces/detected_person/person_0161_face0.png,White,White,Male,40-49,"[7.0080155e-01 1.7089418e-05 2.8050184e-01 6.4847129e-04 7.2805054e-04
 6.3069630e-03 1.0996057e-02]",[9.8811126e-01 5.7462563e-05 1.9437380e-03 9.8875733e-03],[9.9999487e-01 5.1067505e-06],"[3.4753105e-06 7.5766834e-06 3.5322868e-04 1.4964801e-03 1.2595184e-01
 7.1809626e-01 1.5317056e-01 9.1868901e-04 1.8279590e-06]"
/scratch/project_462000771/mengting/projects/bias/Qwen/chinese_prompt/selected_faces/detected_person/person_0196_face0.png,White,White,Male,30-39,"[9.9795902e-01 1.2520634e-06 2.6242077e-04 5.5827587e-07 9.7066368e-07
 2.0042298e-05 1.7556641e-03]",[9.9525213e-01 8.2647995e-05 2.7824015e-05 4.6373862e-03],[9.9999976e-01 2.4085270e-07],"[2.7121200e-07 3.5758410e-06 8.8889594e-04 1.1013462e-01 6.8923670e-01
 1.9605005e-01 3.6614612e-03 2.4026989e-05 3.0688244e-07]"
/scratch/project_462000771/mengting/projects/bias/Qwen/chinese_prompt/selected_faces/detected_person/person_0601_face0.png,White,White,Male,40-49,"[9.9925399e-01 1.0856457e-07 3.3480467e-04 5.0154117e-06 1.4334655e-05
 1.9417987e-05 3.7227230e-04]",[9.9980211e-01 1.1301103e-05 1.1911053e-04 6.7522567e-05],[9.9994475e-01 5.5261407e-05],"[2.3542060e-07 1.1816746e-05 1.1207364e-03 3.3181559e-02 4.3493223e-01
 5.1408988e-01 1.6611213e-02 5.1539744e-05 7.8063294e-07]"
/scratch/project_462000771/mengting/projects/bias/Qwen/chinese_prompt/selected_faces/detected_person/person_0297_face0.png,White,White,Male,40-49,"[9.91254330e-01 1.27048625e-05 7.00317789e-03 2.25428885e-05
 3.15891666e-05 7.78008252e-05 1.59785233e-03]",[9.9878156e-01 9.2157163e-05 1.8255756e-04 9.4366196e-04],[9.9998015e-01 1.9892213e-05],"[1.0494724e-04 2.9174401e-04 2.1436203e-03 4.1284547e-03 8.4815837e-02
 5.4241192e-01 3.5679653e-01 9.2537859e-03 5.3220523e-05]"
/scratch/project_462000771/mengting/projects/bias/Qwen/chinese_prompt/selected_faces/detected_person/person_0071_face0.png,White,White,Male,30-39,"[9.9792218e-01 1.2859749e-07 2.0924339e-04 5.8135506e-06 5.4547495e-06
 4.4343074e-06 1.8527830e-03]",[9.9968958e-01 7.0057640e-06 1.5506231e-04 1.4839157e-04],[9.9998778e-01 1.2211043e-05],"[1.64499994e-07 1.52275743e-06 1.11703346e-04 2.58336533e-02
 6.44833684e-01 3.26448947e-01 2.76275352e-03 7.51263633e-06
 7.75421043e-08]"
/scratch/project_462000771/mengting/projects/bias/Qwen/chinese_prompt/selected_faces/detected_person/person_0903_face0.png,White,White,Male,50-59,"[9.9958390e-01 1.3912922e-06 1.0740591e-04 4.8183488e-06 5.1877014e-06
 2.8979521e-05 2.6824611e-04]",[9.9861449e-01 1.7745535e-05 2.1657128e-04 1.1511961e-03],[0.9979543  0.00204569],"[2.6512365e-05 6.8936322e-05 7.2229217e-04 1.5194975e-03 4.3221964e-03
 4.2974330e-02 6.2100828e-01 2.8402671e-01 4.5331333e-02]"
/scratch/project_462000771/mengting/projects/bias/Qwen/chinese_prompt/selected_faces/detected_person/person_0907_face0.png,White,White,Male,40-49,"[9.9978155e-01 5.6054443e-08 1.2279299e-04 1.3000173e-06 2.6792547e-06
 4.8826619e-06 8.6722714e-05]",[9.9993885e-01 3.3253860e-07 5.2632768e-05 8.2233346e-06],[9.9995542e-01 4.4638044e-05],"[3.3273241e-06 2.8948294e-05 6.7895470e-04 8.6909933e-03 1.7822087e-01
 6.3373423e-01 1.7519896e-01 3.3235978e-03 1.2008288e-04]"
/scratch/project_462000771/mengting/projects/bias/Qwen/chinese_prompt/selected_faces/detected_person/person_0843_face0.png,Indian,Indian,Male,50-59,"[1.1059296e-02 3.1016133e-04 3.0534053e-01 2.1152326e-04 1.2888516e-03
 6.5624499e-01 2.5544649e-02]",[5.6553422e-03 1.4086065e-04 1.4669440e-03 9.9273688e-01],[9.9998349e-01 1.6528089e-05],"[4.4100994e-05 2.5353179e-04 1.2664662e-03 4.5090925e-04 2.4065476e-02
 4.5088977e-01 5.1688528e-01 6.1153779e-03 2.9138362e-05]"
/scratch/project_462000771/mengting/projects/bias/Qwen/chinese_prompt/selected_faces/detected_person/person_0898_face0.png,White,White,Male,50-59,"[9.9764121e-01 7.2076950e-06 1.5844217e-03 1.6546673e-04 1.3774574e-04
 1.7209156e-04 2.9190377e-04]",[9.9964917e-01 3.2005668e-05 2.7548429e-04 4.3314867e-05],[0.99739295 0.00260706],"[1.7246786e-05 3.5307337e-05 6.3115516e-04 6.7793853e-03 8.4772237e-02
 3.5393786e-01 5.2711838e-01 2.5919035e-02 7.8932068e-04]"
/scratch/project_462000771/mengting/projects/bias/Qwen/chinese_prompt/selected_faces/detected_person/person_0213_face0.png,Middle Eastern,Indian,Male,30-39,"[8.7984070e-02 1.4587904e-04 2.4542087e-01 3.1380495e-04 6.8379828e-04
 5.4149251e-02 6.1130232e-01]",[2.1587101e-01 2.9768437e-04 2.4519262e-03 7.8137940e-01],[9.9999857e-01 1.4207503e-06],"[4.0751252e-06 7.9783698e-05 8.8642174e-03 1.8308316e-01 5.9762788e-01
 2.0192127e-01 8.2978187e-03 1.2077469e-04 1.0372891e-06]"
/scratch/project_462000771/mengting/projects/bias/Qwen/chinese_prompt/selected_faces/detected_person/person_0410_face0.png,White,White,Female,20-29,"[9.9972481e-01 7.5906527e-08 5.5167784e-05 4.0028194e-06 2.6241037e-06
 5.6257495e-06 2.0773443e-04]",[9.9806941e-01 1.4310410e-04 1.5272747e-04 1.6346981e-03],[0.00282506 0.9971749 ],"[1.6732997e-06 5.2183040e-04 4.9967229e-02 6.5085548e-01 2.4957941e-01
 4.7383882e-02 1.6706504e-03 1.9109200e-05 6.9086508e-07]"
/scratch/project_462000771/mengting/projects/bias/Qwen/chinese_prompt/selected_faces/detected_person/person_0810_face0.png,White,White,Male,30-39,"[7.82690287e-01 5.37946871e-05 1.05655685e-01 1.69358085e-04
 5.05145465e-04 1.18486285e-02 9.90770981e-02]",[9.7990745e-01 7.6395599e-04 3.3474234e-03 1.5981132e-02],[9.9991995e-01 8.0071739e-05],"[2.1273861e-07 1.0192986e-05 2.2224293e-03 4.1822046e-01 5.5049908e-01
 2.8904630e-02 1.4248199e-04 4.6773246e-07 9.4598693e-09]"
/scratch/project_462000771/mengting/projects/bias/Qwen/chinese_prompt/selected_faces/detected_person/person_0142_face0.png,Black,Black,Female,20-29,"[2.2131548e-05 9.9488819e-01 1.1917466e-03 1.1128783e-05 1.9292325e-04
 3.6887224e-03 5.1393004e-06]",[2.5162662e-04 9.8891169e-01 5.3690642e-04 1.0299749e-02],[3.182089e-05 9.999682e-01],"[7.4239964e-08 4.6723890e-05 1.0640299e-02 6.4642626e-01 3.3663765e-01
 6.1764265e-03 7.2253701e-05 3.6275313e-07 6.8736510e-09]"
/scratch/project_462000771/mengting/projects/bias/Qwen/chinese_prompt/selected_faces/detected_person/person_0967_face0.png,Southeast Asian,Indian,Female,20-29,"[0.0072011  0.0023946  0.3012548  0.24496861 0.35694122 0.08584721
 0.0013925 ]",[0.01094126 0.00232535 0.09872176 0.88801163],[1.329363e-05 9.999867e-01],"[1.06961817e-08 1.04908264e-04 1.51141688e-01 8.10347915e-01
 3.82100753e-02 1.95152650e-04 2.76958986e-07 4.67031169e-09
 5.25023115e-11]"
/scratch/project_462000771/mengting/projects/bias/Qwen/chinese_prompt/selected_faces/detected_person/person_0733_face0.png,Latino_Hispanic,Asian,Male,30-39,"[1.7359801e-02 2.6154236e-04 4.5159149e-01 1.9283503e-01 2.9713425e-01
 3.9314464e-02 1.5033409e-03]",[1.3160948e-02 8.1181113e-04 9.3287915e-01 5.3148098e-02],[9.999912e-01 8.805852e-06],"[9.4390680e-07 9.6584599e-06 7.0331560e-04 3.3020306e-02 5.6349194e-01
 3.7961772e-01 2.3021201e-02 1.3431553e-04 5.4158801e-07]"
/scratch/project_462000771/mengting/projects/bias/Qwen/chinese_prompt/selected_faces/detected_person/person_0104_face0.png,White,White,Male,40-49,"[7.7239615e-01 2.7759414e-05 9.9450588e-02 2.1975483e-03 4.0116832e-03
 2.1573862e-03 1.1975895e-01]",[9.5989990e-01 1.4278822e-04 2.4710860e-02 1.5246395e-02],[0.99878037 0.00121965],"[6.6621437e-06 5.2228643e-05 1.3766143e-03 1.6210815e-02 2.9966697e-01
 6.1556166e-01 6.6267751e-02 8.4557850e-04 1.1680857e-05]"
/scratch/project_462000771/mengting/projects/bias/Qwen/chinese_prompt/selected_faces/detected_person/person_0626_face0.png,White,White,Male,40-49,"[9.9854535e-01 3.1421561e-07 5.6029245e-04 2.3025618e-06 7.9275032e-06
 1.6421948e-04 7.1957178e-04]",[9.9414039e-01 2.2507360e-05 2.8137742e-05 5.8089620e-03],[9.9999976e-01 2.3867602e-07],"[4.5691326e-07 5.9534300e-06 5.0409324e-04 8.1163719e-03 2.4118406e-01
 7.0006299e-01 4.9949773e-02 1.7523403e-04 1.0712378e-06]"
/scratch/project_462000771/mengting/projects/bias/Qwen/chinese_prompt/selected_faces/detected_person/person_0170_face0.png,Indian,Indian,Male,30-39,"[2.1520438e-02 1.2420427e-02 3.8701424e-01 3.8609488e-04 2.4264425e-03
 5.6582087e-01 1.0411396e-02]",[1.3528569e-03 8.8775232e-03 8.3696686e-05 9.8968589e-01],[9.995972e-01 4.028488e-04],"[1.46081175e-06 1.19138067e-05 1.54174585e-03 1.31095141e-01
 7.58974910e-01 1.07341915e-01 1.02937035e-03 3.48590402e-06
 3.29290657e-08]"
/scratch/project_462000771/mengting/projects/bias/Qwen/chinese_prompt/selected_faces/detected_person/person_0921_face0.png,Latino_Hispanic,Indian,Male,20-29,"[1.12473205e-01 8.20207119e-04 5.86141646e-01 2.75003054e-04
 8.62291374e-04 3.13549414e-02 2.68072784e-01]",[0.33008355 0.02343644 0.01157485 0.6349052 ],[9.9998212e-01 1.7856015e-05],"[2.3011919e-06 8.2558829e-05 1.9001173e-02 5.9746331e-01 3.6485866e-01
 1.8330976e-02 2.5744468e-04 3.4070019e-06 4.2685759e-08]"
/scratch/project_462000771/mengting/projects/bias/Qwen/chinese_prompt/selected_faces/detected_person/person_0790_face0.png,Latino_Hispanic,Indian,Male,30-39,"[0.00914763 0.0039602  0.49734917 0.02395977 0.18902086 0.27191854
 0.00464381]",[0.01566252 0.01169633 0.06907847 0.90356266],[9.9999893e-01 1.0984194e-06],"[9.5968869e-07 3.0696221e-05 3.1638246e-03 3.3998823e-01 6.1354166e-01
 4.2703152e-02 5.6920067e-04 2.2466145e-06 2.0314323e-08]"
/scratch/project_462000771/mengting/projects/bias/Qwen/chinese_prompt/selected_faces/detected_person/person_0899_face0.png,Indian,Indian,Male,30-39,"[6.3734897e-03 1.1951551e-04 1.4502016e-01 4.9103878e-04 2.1936754e-03
 8.2624543e-01 1.9556733e-02]",[1.8736862e-02 8.6644327e-04 4.2062304e-03 9.7619051e-01],[9.9999458e-01 5.4502275e-06],"[7.2674784e-06 3.7961832e-04 1.7205702e-02 3.2252795e-01 5.6856906e-01
 8.9997470e-02 1.3043245e-03 8.5072752e-06 8.2304133e-08]"
/scratch/project_462000771/mengting/projects/bias/Qwen/chinese_prompt/selected_faces/detected_person/person_0909_face0.png,East Asian,Asian,Male,30-39,"[1.2968450e-03 1.2219100e-05 1.9309143e-02 6.9326943e-01 2.8443095e-01
 7.4864615e-04 9.3288266e-04]",[2.4748961e-03 1.4709870e-04 9.9156809e-01 5.8099623e-03],[1.0000000e+00 1.3839546e-08],"[4.1487232e-07 4.1115589e-05 8.7074582e-03 4.5769009e-01 5.1474857e-01
 1.8646255e-02 1.6362243e-04 2.4779099e-06 1.0870136e-08]"
/scratch/project_462000771/mengting/projects/bias/Qwen/chinese_prompt/selected_faces/detected_person/person_0996_face0.png,East Asian,Asian,Male,30-39,"[1.8279135e-04 8.2959343e-07 9.1200578e-04 9.3684012e-01 6.1963797e-02
 8.0419362e-05 2.0184290e-05]",[1.7707574e-04 2.5386697e-05 9.9954534e-01 2.5226799e-04],[9.9999887e-01 1.1090115e-06],"[1.3628328e-07 1.3540591e-05 3.4672164e-03 3.4880814e-01 5.9272760e-01
 5.3725671e-02 1.2331688e-03 2.4399449e-05 1.3304341e-07]"
/scratch/project_462000771/mengting/projects/bias/Qwen/chinese_prompt/selected_faces/detected_person/person_0227_face0.png,Black,Black,Male,10-19,"[5.64047659e-05 8.70615005e-01 9.21509054e-04 1.40900875e-05
 4.29628533e-04 1.27928808e-01 3.46340312e-05]",[3.0158337e-05 9.7888356e-01 8.4455678e-05 2.1001792e-02],[0.992204 0.007796],"[2.8159945e-06 1.1293543e-02 6.1783856e-01 3.4854722e-01 2.0381322e-02
 1.8798093e-03 5.4071843e-05 2.5912366e-06 8.6864318e-08]"
/scratch/project_462000771/mengting/projects/bias/Qwen/chinese_prompt/selected_faces/detected_person/person_0266_face0.png,Latino_Hispanic,Asian,Male,20-29,"[0.00215229 0.01950207 0.48833314 0.00714486 0.42340145 0.05536746
 0.00409879]",[0.00194856 0.02333929 0.90891534 0.06579678],[9.9998379e-01 1.6183938e-05],"[1.3431122e-06 8.9438114e-04 3.3749419e-01 5.9133595e-01 6.7981519e-02
 2.2599800e-03 3.1478627e-05 1.1567712e-06 2.5523498e-08]"
/scratch/project_462000771/mengting/projects/bias/Qwen/chinese_prompt/selected_faces/detected_person/person_0728_face0.png,White,White,Male,40-49,"[9.8968840e-01 1.9818641e-05 8.5390117e-03 1.6710397e-05 1.1214472e-04
 5.2164786e-04 1.1022635e-03]",[9.9368292e-01 7.9018355e-04 5.8992847e-04 4.9369480e-03],[9.9992609e-01 7.3882926e-05],"[8.7904391e-06 4.7554619e-05 1.1682929e-03 2.3992641e-03 5.3461034e-02
 5.4429495e-01 3.9034417e-01 8.1667108e-03 1.0925344e-04]"
/scratch/project_462000771/mengting/projects/bias/Qwen/chinese_prompt/selected_faces/detected_person/person_0654_face0.png,White,White,Male,30-39,"[9.9719864e-01 8.7398593e-07 2.2565310e-03 5.5144897e-05 4.2723335e-05
 2.7287650e-04 1.7319417e-04]",[9.9702370e-01 1.9761488e-05 8.1940962e-04 2.1371630e-03],[9.99881923e-01 1.18057076e-04],"[1.7370932e-06 3.6640013e-05 9.1977371e-03 2.4224257e-01 6.2384212e-01
 1.2081445e-01 3.8402660e-03 2.4077899e-05 3.8514648e-07]"
/scratch/project_462000771/mengting/projects/bias/Qwen/chinese_prompt/selected_faces/detected_person/person_0011_face0.png,White,White,Male,30-39,"[4.2793486e-01 1.7166759e-04 3.4456784e-01 2.4736475e-03 3.3149903e-03
 1.9706013e-02 2.0183097e-01]",[9.55884576e-01 1.09609784e-04 3.50280711e-03 4.05030586e-02],[9.9999076e-01 9.2063556e-06],"[6.3512871e-06 2.9897079e-05 6.6842709e-04 4.9457327e-02 7.3607165e-01
 2.1102138e-01 2.7281297e-03 1.6661723e-05 1.5987689e-07]"
/scratch/project_462000771/mengting/projects/bias/Qwen/chinese_prompt/selected_faces/detected_person/person_0611_face0.png,Latino_Hispanic,Indian,Male,20-29,"[9.4892792e-03 2.9884533e-03 5.0824952e-01 1.7716021e-04 2.1114396e-03
 3.7695050e-01 1.0003369e-01]",[0.00761864 0.01931604 0.00300952 0.97005576],[9.999934e-01 6.626836e-06],"[5.9424667e-07 7.2501025e-05 2.7097676e-02 8.0232662e-01 1.6578262e-01
 4.6872031e-03 3.2322365e-05 4.0018577e-07 5.5128178e-09]"
/scratch/project_462000771/mengting/projects/bias/Qwen/chinese_prompt/selected_faces/detected_person/person_0994_face0.png,White,White,Male,20-29,"[9.9786603e-01 4.0014945e-07 4.6785618e-04 9.8134675e-05 3.9111073e-05
 1.0714245e-05 1.5176821e-03]",[9.9619740e-01 6.3099051e-06 2.9984987e-03 7.9785462e-04],[9.9999422e-01 5.7478774e-06],"[2.1777772e-07 3.3228553e-05 3.0170286e-02 8.5056543e-01 1.1705359e-01
 2.1689485e-03 8.1786475e-06 8.9242157e-08 2.0997113e-09]"
/scratch/project_462000771/mengting/projects/bias/Qwen/chinese_prompt/selected_faces/detected_person/person_0471_face0.png,White,White,Male,50-59,"[9.9984002e-01 4.0225646e-07 2.8238075e-05 1.1810189e-06 3.4948530e-06
 1.3025016e-05 1.1373298e-04]",[9.99771655e-01 2.47599337e-06 1.04956955e-04 1.20935743e-04],[9.9995714e-01 4.2863405e-05],"[2.1898002e-05 4.1894586e-05 4.4676289e-04 2.0968639e-03 3.1900186e-02
 3.1475481e-01 6.1297524e-01 3.6073200e-02 1.6892472e-03]"
/scratch/project_462000771/mengting/projects/bias/Qwen/chinese_prompt/selected_faces/detected_person/person_0609_face0.png,White,White,Male,40-49,"[9.95551944e-01 2.00996908e-07 3.27708269e-03 1.09481756e-04
 9.00052837e-05 2.40357040e-05 9.47282708e-04]",[9.9908847e-01 3.5585806e-06 7.7383564e-04 1.3419805e-04],[9.9999672e-01 3.2587552e-06],"[4.1051662e-06 9.9921835e-06 2.7060800e-04 1.8923532e-03 1.3385975e-01
 7.2687274e-01 1.3546377e-01 1.6191219e-03 7.5996372e-06]"
/scratch/project_462000771/mengting/projects/bias/Qwen/chinese_prompt/selected_faces/detected_person/person_0130_face0.png,Latino_Hispanic,White,Female,30-39,"[0.32797685 0.00190329 0.5474431  0.00175647 0.00425339 0.04879657
 0.06787025]",[0.84315145 0.03085881 0.01480172 0.11118807],[9.555778e-04 9.990444e-01],"[7.6394707e-07 7.0918213e-05 1.1319757e-02 3.7620032e-01 5.4759723e-01
 6.1940074e-02 2.8088742e-03 6.1157523e-05 9.3562994e-07]"
/scratch/project_462000771/mengting/projects/bias/Qwen/chinese_prompt/selected_faces/detected_person/person_0404_face0.png,Middle Eastern,White,Male,30-39,"[0.17001645 0.00077452 0.39036402 0.00086927 0.00135337 0.00583576
 0.43078652]",[0.8000364  0.00652394 0.01164981 0.1817899 ],[9.9999839e-01 1.6207854e-06],"[9.3970102e-06 2.0104929e-04 1.7346982e-02 3.3302537e-01 6.0270387e-01
 4.6123542e-02 5.8419904e-04 5.5609426e-06 4.0814989e-08]"
/scratch/project_462000771/mengting/projects/bias/Qwen/chinese_prompt/selected_faces/detected_person/person_0720_face0.png,White,White,Male,20-29,"[9.62462842e-01 2.32814727e-05 1.52717605e-02 1.32622270e-04
 1.26923871e-04 1.36791801e-04 2.18457375e-02]",[9.9476117e-01 1.3282562e-04 5.3753727e-04 4.5685116e-03],[9.9999917e-01 8.6121275e-07],"[1.5726441e-07 1.7735923e-05 1.4042148e-02 5.6590176e-01 4.0440491e-01
 1.5546956e-02 8.5887987e-05 4.1554782e-07 4.0047503e-09]"
/scratch/project_462000771/mengting/projects/bias/Qwen/chinese_prompt/selected_faces/detected_person/person_0573_face0.png,Indian,Indian,Male,20-29,"[5.6073471e-04 1.5478439e-03 2.2519480e-01 1.6948082e-02 1.6999577e-01
 5.8492768e-01 8.2507147e-04]",[2.7940251e-04 1.5750666e-03 3.0194750e-01 6.9619805e-01],[9.9997026e-01 2.9770628e-05],"[1.3053259e-06 1.0961929e-04 8.7459385e-03 6.9534874e-01 2.8540507e-01
 1.0353774e-02 3.4685469e-05 8.1240972e-07 1.0517845e-08]"
/scratch/project_462000771/mengting/projects/bias/Qwen/chinese_prompt/selected_faces/detected_person/person_0063_face0.png,Latino_Hispanic,White,Male,40-49,"[2.3739065e-01 8.7132782e-04 6.8555057e-01 4.2192149e-04 9.1493659e-04
 5.2385196e-02 2.2465315e-02]",[9.3607825e-01 1.6481050e-03 7.2888803e-04 6.1544746e-02],[9.9999976e-01 2.4087879e-07],"[1.2064872e-06 3.1820828e-06 3.0354990e-04 1.3124579e-02 4.3150780e-01
 5.0832957e-01 4.6466902e-02 2.6261699e-04 6.8401943e-07]"
/scratch/project_462000771/mengting/projects/bias/Qwen/chinese_prompt/selected_faces/detected_person/person_0304_face0.png,White,White,Male,20-29,"[6.4300078e-01 5.7978170e-05 7.8462683e-02 3.5847286e-05 1.0604210e-04
 3.5243016e-03 2.7481231e-01]",[0.8383734  0.00287415 0.00185724 0.1568951 ],[9.9999577e-01 4.2325905e-06],"[4.4283663e-08 4.0694467e-06 2.6908480e-03 7.7419519e-01 2.2158991e-01
 1.5179041e-03 2.0270791e-06 1.2776885e-08 2.0201640e-10]"
/scratch/project_462000771/mengting/projects/bias/Qwen/chinese_prompt/selected_faces/detected_person/person_0731_face0.png,White,White,Male,30-39,"[8.6871791e-01 1.5361504e-04 7.1969055e-02 1.0849559e-03 9.4385026e-04
 2.3293137e-03 5.4801319e-02]",[9.3726426e-01 8.5778575e-04 7.9714535e-03 5.3906433e-02],[9.9999899e-01 1.0079434e-06],"[7.1639278e-07 1.9330168e-05 7.6418379e-03 4.2679235e-01 5.2819264e-01
 3.6849536e-02 4.9938197e-04 4.0833779e-06 4.7166093e-08]"
/scratch/project_462000771/mengting/projects/bias/Qwen/chinese_prompt/selected_faces/detected_person/person_0271_face0.png,Latino_Hispanic,White,Male,30-39,"[0.11065868 0.00102248 0.5319596  0.00295571 0.00599526 0.01599279
 0.3314155 ]",[0.6775957  0.0065685  0.13007915 0.18575667],[9.9999988e-01 1.0890751e-07],"[3.3065653e-06 5.8918591e-05 3.3904682e-03 1.9062625e-01 6.7675167e-01
 1.2635034e-01 2.7899710e-03 2.8991470e-05 1.8263160e-07]"
/scratch/project_462000771/mengting/projects/bias/Qwen/chinese_prompt/selected_faces/detected_person/person_0497_face0.png,Southeast Asian,Asian,Male,20-29,"[2.9303825e-03 8.1004068e-04 6.3667111e-02 3.1751341e-01 6.1368048e-01
 1.0208741e-03 3.7767322e-04]",[0.00136513 0.00720719 0.98882914 0.00259861],[9.9998385e-01 1.6147709e-05],"[2.3351972e-06 7.4117869e-04 1.6877723e-01 6.9231045e-01 1.3536507e-01
 2.7562557e-03 4.6614194e-05 9.0502039e-07 1.8572081e-08]"
/scratch/project_462000771/mengting/projects/bias/Qwen/chinese_prompt/selected_faces/detected_person/person_0923_face0.png,White,White,Male,50-59,"[9.9989974e-01 5.1656073e-08 3.4310594e-06 3.8541925e-06 1.9609306e-06
 3.3649590e-07 9.0628826e-05]",[9.9999076e-01 3.6790351e-07 8.0890431e-06 7.8485147e-07],[9.9998564e-01 1.4320727e-05],"[5.4037309e-06 7.0406122e-06 1.8946911e-04 4.8456795e-04 6.2835966e-03
 8.7679461e-02 6.2503433e-01 2.6348278e-01 1.6833389e-02]"
/scratch/project_462000771/mengting/projects/bias/Qwen/chinese_prompt/selected_faces/detected_person/person_0322_face0.png,Southeast Asian,Asian,Male,30-39,"[5.5626552e-03 2.8441160e-04 7.1090050e-02 3.7324819e-01 5.4240805e-01
 6.6067958e-03 7.9988444e-04]",[0.03402218 0.00345488 0.90678054 0.05574235],[9.9999702e-01 2.9274147e-06],"[1.0025353e-06 1.9885396e-05 2.3665410e-03 8.1536502e-02 5.0727487e-01
 3.3911896e-01 6.8087049e-02 1.5774247e-03 1.7797041e-05]"
/scratch/project_462000771/mengting/projects/bias/Qwen/chinese_prompt/selected_faces/detected_person/person_0439_face0.png,Latino_Hispanic,Asian,Male,30-39,"[0.00831464 0.00212441 0.5683854  0.08227731 0.23492624 0.09748611
 0.00648585]",[0.01527127 0.00285701 0.81261855 0.16925316],[9.99999881e-01 1.17876475e-07],"[4.2395482e-06 4.5668916e-05 9.3909062e-04 1.0056379e-01 7.0967388e-01
 1.8372068e-01 5.0114309e-03 4.0985185e-05 2.3005079e-07]"
/scratch/project_462000771/mengting/projects/bias/Qwen/chinese_prompt/selected_faces/detected_person/person_0007_face0.png,White,White,Male,40-49,"[9.8583180e-01 1.4971213e-06 1.2837995e-02 6.4423934e-05 6.4028674e-05
 8.2396524e-05 1.1179452e-03]",[9.9967015e-01 9.2174560e-06 1.2370638e-04 1.9689114e-04],[9.9994791e-01 5.2093856e-05],"[3.8530447e-06 2.0757872e-05 1.9034317e-03 4.1148588e-03 1.9312404e-01
 6.7026299e-01 1.2940535e-01 1.1605263e-03 4.1958674e-06]"
/scratch/project_462000771/mengting/projects/bias/Qwen/chinese_prompt/selected_faces/detected_person/person_0326_face0.png,Southeast Asian,Asian,Male,30-39,"[3.8864131e-05 3.1818388e-05 6.2050344e-03 3.6032787e-01 6.2866521e-01
 4.7167088e-03 1.4520727e-05]",[4.0236191e-05 4.5602523e-05 9.9288869e-01 7.0254882e-03],[9.9999750e-01 2.5427337e-06],"[6.3073135e-06 2.7953100e-04 2.9634064e-02 3.7956962e-01 5.3846020e-01
 5.0643507e-02 1.3546887e-03 5.1461106e-05 6.3794204e-07]"
/scratch/project_462000771/mengting/projects/bias/Qwen/chinese_prompt/selected_faces/detected_person/person_0593_face0.png,Indian,Indian,Male,30-39,"[2.3937937e-04 6.2131241e-02 4.0774792e-02 8.0569182e-05 3.6576970e-03
 8.9292836e-01 1.8797650e-04]",[0.00169936 0.10658358 0.0096436  0.88207346],[9.9996704e-01 3.2946882e-05],"[4.9685184e-07 1.2219733e-05 3.8023691e-03 2.1014237e-01 6.9269633e-01
 9.2072435e-02 1.2690936e-03 4.6739187e-06 5.1453004e-08]"
/scratch/project_462000771/mengting/projects/bias/Qwen/chinese_prompt/selected_faces/detected_person/person_0701_face0.png,Indian,Indian,Male,50-59,"[0.00299686 0.01339902 0.17938907 0.011763   0.2743605  0.5110735
 0.00701794]",[0.01154572 0.04685392 0.28096125 0.6606391 ],[9.9999428e-01 5.7846833e-06],"[4.6655291e-06 1.1141541e-05 2.1334324e-04 2.7175748e-04 4.2490466e-03
 8.5771978e-02 6.1876839e-01 2.7794787e-01 1.2761829e-02]"
/scratch/project_462000771/mengting/projects/bias/Qwen/chinese_prompt/selected_faces/detected_person/person_0692_face0.png,White,White,Male,50-59,"[9.9581367e-01 4.4624048e-07 5.6839071e-04 5.8736196e-06 4.2263709e-06
 7.7817003e-06 3.5996144e-03]",[9.99732196e-01 1.34459697e-05 1.03364815e-04 1.51052984e-04],[9.999311e-01 6.889361e-05],"[1.7917890e-05 2.2962617e-05 2.3066896e-04 5.8552652e-04 3.3561066e-02
 3.9054301e-01 5.4700178e-01 2.7581135e-02 4.5588420e-04]"
/scratch/project_462000771/mengting/projects/bias/Qwen/chinese_prompt/selected_faces/detected_person/person_0228_face0.png,White,White,Male,50-59,"[9.0796202e-01 3.9020856e-06 4.6902224e-03 6.7313922e-05 6.1547587e-05
 1.0421915e-04 8.7110668e-02]",[9.9948227e-01 1.6747485e-05 3.5159753e-04 1.4942877e-04],[9.9997187e-01 2.8114227e-05],"[1.6729184e-05 2.3260538e-05 3.3597392e-04 4.4297858e-04 1.1954725e-02
 2.1824481e-01 6.6103959e-01 1.0583092e-01 2.1110862e-03]"
/scratch/project_462000771/mengting/projects/bias/Qwen/chinese_prompt/selected_faces/detected_person/person_0393_face0.png,East Asian,Asian,Male,20-29,"[3.3680565e-04 7.1058021e-06 7.6482724e-03 7.8564936e-01 2.0467329e-01
 1.4569426e-03 2.2825102e-04]",[1.7820185e-03 2.2730486e-04 9.8376048e-01 1.4230174e-02],[9.9998349e-01 1.6430376e-05],"[5.35690617e-07 2.54540355e-04 1.22378275e-01 8.35042298e-01
 4.19481918e-02 3.73753777e-04 2.21747496e-06 2.04087357e-07
 2.61372946e-09]"
/scratch/project_462000771/mengting/projects/bias/Qwen/chinese_prompt/selected_faces/detected_person/person_0074_face0.png,Black,Black,Male,20-29,"[1.06526815e-04 7.37144589e-01 1.82076972e-02 6.71567512e-04
 2.13922802e-02 2.22415254e-01 6.21508516e-05]",[1.3563817e-04 9.4074821e-01 4.1105398e-03 5.5005599e-02],[9.9921274e-01 7.8724406e-04],"[2.4364857e-07 1.7093731e-05 1.9080406e-02 6.6223490e-01 2.9708511e-01
 2.1363325e-02 2.1696593e-04 1.8060647e-06 7.3876819e-08]"
/scratch/project_462000771/mengting/projects/bias/Qwen/chinese_prompt/selected_faces/detected_person/person_0991_face0.png,Indian,Black,Male,40-49,"[1.8607505e-05 4.0776122e-01 2.1580146e-03 4.6323862e-06 6.3133473e-04
 5.8937341e-01 5.2848409e-05]",[8.7869892e-05 6.2518042e-01 1.1439003e-03 3.7358776e-01],[9.9906123e-01 9.3875924e-04],"[2.6134731e-07 4.5738038e-06 2.6567557e-04 1.0738537e-02 2.9202166e-01
 5.6142598e-01 1.3438070e-01 1.1418985e-03 2.0654903e-05]"
/scratch/project_462000771/mengting/projects/bias/Qwen/chinese_prompt/selected_faces/detected_person/person_0444_face0.png,Latino_Hispanic,Black,Male,30-39,"[0.03239853 0.06573866 0.61127144 0.0007783  0.00496537 0.28184232
 0.0030054 ]",[0.01497317 0.6555586  0.00289269 0.32657552],[9.999941e-01 5.864486e-06],"[1.0015048e-06 8.7234048e-06 2.0428186e-03 1.4848770e-01 6.1282337e-01
 2.2245389e-01 1.4118403e-02 6.3269079e-05 7.7438801e-07]"
/scratch/project_462000771/mengting/projects/bias/Qwen/chinese_prompt/selected_faces/detected_person/person_0694_face0.png,White,White,Male,30-39,"[9.9719465e-01 1.0830934e-06 6.6873344e-04 6.0603315e-06 1.3291914e-05
 1.6944490e-05 2.0992623e-03]",[9.9947751e-01 6.7977612e-06 1.0843750e-04 4.0728273e-04],[1.0000000e+00 3.3298885e-08],"[2.1519038e-07 1.6153368e-06 1.0969802e-04 2.1503262e-02 5.6620812e-01
 4.0483612e-01 7.3179165e-03 2.2873663e-05 1.6472194e-07]"
/scratch/project_462000771/mengting/projects/bias/Qwen/chinese_prompt/selected_faces/detected_person/person_0351_face0.png,White,White,Male,30-39,"[5.2086967e-01 5.3152842e-05 2.7163184e-01 1.3985082e-03 1.4381268e-03
 1.1129693e-02 1.9347899e-01]",[9.4001323e-01 2.9100775e-04 1.5788188e-03 5.8116939e-02],[9.9995536e-01 4.4678600e-05],"[5.7486142e-07 8.5374859e-06 3.1454640e-03 1.8432388e-01 6.7288703e-01
 1.3681938e-01 2.7951142e-03 1.9738827e-05 2.1972194e-07]"
/scratch/project_462000771/mengting/projects/bias/Qwen/chinese_prompt/selected_faces/detected_person/person_0737_face0.png,Southeast Asian,Asian,Male,20-29,"[2.1072875e-03 1.0650043e-04 1.8527099e-01 2.6376948e-01 4.9710676e-01
 4.8714742e-02 2.9242188e-03]",[7.2238506e-03 3.0659998e-04 8.9674866e-01 9.5720783e-02],[9.9999946e-01 4.9668381e-07],"[5.0100135e-07 3.5857411e-05 2.8892797e-03 5.9732103e-01 3.8989705e-01
 9.8235616e-03 3.2201402e-05 5.4026958e-07 4.1709676e-09]"
/scratch/project_462000771/mengting/projects/bias/Qwen/chinese_prompt/selected_faces/detected_person/person_0449_face0.png,White,White,Male,50-59,"[9.9885744e-01 2.4297753e-07 1.1698905e-04 2.5404506e-05 2.3608933e-05
 2.8866361e-06 9.7351003e-04]",[9.9718750e-01 9.9539318e-07 2.8041285e-03 7.4229979e-06],[9.999900e-01 9.974901e-06],"[4.1620111e-05 8.3921615e-05 6.6753273e-04 3.0855052e-04 5.4526022e-03
 8.5951462e-02 6.3717651e-01 2.6305768e-01 7.2600301e-03]"
/scratch/project_462000771/mengting/projects/bias/Qwen/chinese_prompt/selected_faces/detected_person/person_0300_face0.png,White,White,Male,40-49,"[9.6314567e-01 5.0155295e-06 3.2432301e-03 4.5269786e-05 6.6233661e-05
 5.3637614e-05 3.3440992e-02]",[9.9990720e-01 2.6205050e-06 1.7515627e-05 7.2662457e-05],[9.999990e-01 1.019956e-06],"[1.7881843e-05 4.2794771e-05 8.7210210e-04 3.1019505e-03 1.1477360e-01
 6.0468841e-01 2.5953454e-01 1.6822051e-02 1.4673609e-04]"
/scratch/project_462000771/mengting/projects/bias/Qwen/chinese_prompt/selected_faces/detected_person/person_0602_face0.png,White,White,Male,40-49,"[9.9987638e-01 9.3607298e-08 4.5872093e-05 1.2762144e-06 1.6966283e-06
 2.2462114e-06 7.2480463e-05]",[9.99642253e-01 3.33289177e-06 1.10242894e-04 2.44127586e-04],[9.9997061e-01 2.9383267e-05],"[2.44827015e-06 1.44528422e-05 6.68986700e-04 4.74246219e-03
 1.10417604e-01 6.88531160e-01 1.92920268e-01 2.66876188e-03
 3.38677128e-05]"
/scratch/project_462000771/mengting/projects/bias/Qwen/chinese_prompt/selected_faces/detected_person/person_0346_face0.png,East Asian,Asian,Male,20-29,"[5.0414073e-05 3.1764569e-06 3.0433739e-04 8.2866597e-01 1.7081966e-01
 1.5069342e-04 5.7251327e-06]",[3.0938048e-05 8.3872774e-06 9.9967521e-01 2.8545974e-04],[9.9999982e-01 1.7386913e-07],"[1.31307578e-08 4.82239193e-06 2.48249993e-02 8.56921434e-01
 1.17538564e-01 7.08015403e-04 2.06612003e-06 7.05830345e-08
 6.73127165e-10]"
/scratch/project_462000771/mengting/projects/bias/Qwen/chinese_prompt/selected_faces/detected_person/person_0461_face0.png,White,White,Male,30-39,"[6.8677020e-01 1.2762961e-04 1.4392954e-01 6.3631084e-04 9.0867793e-04
 1.5169831e-03 1.6611063e-01]",[9.9934125e-01 3.2679272e-05 4.5566252e-05 5.8055681e-04],[9.999917e-01 8.310351e-06],"[1.9300844e-05 1.4716729e-04 8.0543505e-03 1.6971175e-01 6.7122191e-01
 1.4687851e-01 3.9054023e-03 6.0923016e-05 6.7575007e-07]"
/scratch/project_462000771/mengting/projects/bias/Qwen/chinese_prompt/selected_faces/detected_person/person_0174_face0.png,Southeast Asian,Asian,Male,20-29,"[6.4845044e-05 4.1953124e-05 6.9962544e-03 3.5512784e-01 6.1717558e-01
 2.0478828e-02 1.1475712e-04]",[8.9334324e-05 4.1284683e-04 8.7642151e-01 1.2307630e-01],[9.9999893e-01 1.0530582e-06],"[7.4220043e-07 7.8421639e-05 2.1071538e-02 5.8437175e-01 3.6694929e-01
 2.7120687e-02 3.9327555e-04 1.4151743e-05 1.4365204e-07]"
/scratch/project_462000771/mengting/projects/bias/Qwen/chinese_prompt/selected_faces/detected_person/person_0470_face0.png,Southeast Asian,Asian,Male,30-39,"[0.00172725 0.00205855 0.271106   0.08644674 0.58327913 0.0540827
 0.00129963]",[0.00726931 0.00410118 0.71653795 0.27209154],[9.9991405e-01 8.5979991e-05],"[9.4159731e-07 1.1382534e-05 4.9132905e-03 2.5346470e-01 6.8768370e-01
 5.3362779e-02 5.5857794e-04 4.5660454e-06 4.7676782e-08]"
/scratch/project_462000771/mengting/projects/bias/Qwen/chinese_prompt/selected_faces/detected_person/person_0803_face0.png,White,White,Male,20-29,"[9.9885410e-01 2.8755542e-07 3.8187756e-04 1.2573153e-05 2.5397929e-05
 6.3562089e-05 6.6209957e-04]",[9.9977589e-01 8.4965370e-07 5.1337724e-05 1.7196719e-04],[9.9997383e-01 2.6141470e-05],"[1.9901275e-07 6.9579793e-05 1.9201821e-02 8.4859455e-01 1.3047007e-01
 1.6595357e-03 4.2548286e-06 3.0884472e-08 1.7124012e-09]"
/scratch/project_462000771/mengting/projects/bias/Qwen/chinese_prompt/selected_faces/detected_person/person_0135_face0.png,East Asian,Asian,Male,30-39,"[2.7421294e-04 2.7451131e-06 9.4358921e-03 8.4887481e-01 1.3998851e-01
 1.1341574e-03 2.8973329e-04]",[2.7968126e-04 4.8237080e-06 9.9689049e-01 2.8249458e-03],[9.9999863e-01 1.3615434e-06],"[9.6318070e-07 7.2082010e-05 1.1529622e-02 4.4652793e-01 5.1569670e-01
 2.5968846e-02 1.9507835e-04 8.7342532e-06 4.2358856e-08]"
/scratch/project_462000771/mengting/projects/bias/Qwen/chinese_prompt/selected_faces/detected_person/person_0591_face0.png,Latino_Hispanic,White,Male,30-39,"[4.4738445e-01 2.6407826e-05 4.7165528e-01 5.8679660e-03 3.9908853e-03
 1.4238236e-02 5.6836780e-02]",[9.4499820e-01 7.7674608e-04 1.9720828e-02 3.4504231e-02],[9.999958e-01 4.132918e-06],"[7.89203398e-07 6.40947255e-05 1.53563265e-02 3.42236429e-01
 6.03808641e-01 3.82349566e-02 2.97077291e-04 1.70188878e-06
 8.91543461e-09]"
/scratch/project_462000771/mengting/projects/bias/Qwen/chinese_prompt/selected_faces/detected_person/person_0653_face0.png,Latino_Hispanic,White,Male,50-59,"[0.19744149 0.00042529 0.39492998 0.00081032 0.00227138 0.02796151
 0.37615997]",[9.3272609e-01 4.6698865e-04 2.8233721e-03 6.3983530e-02],[9.9993706e-01 6.2940111e-05],"[6.2892673e-06 5.2895516e-06 3.0022734e-04 9.1101788e-04 4.7611762e-02
 3.3480290e-01 5.8270532e-01 3.3309594e-02 3.4759607e-04]"
/scratch/project_462000771/mengting/projects/bias/Qwen/chinese_prompt/selected_faces/detected_person/person_0448_face0.png,East Asian,Asian,Female,30-39,"[3.4956646e-03 1.5190600e-04 1.0237083e-01 7.1543813e-01 1.7369425e-01
 3.6111001e-03 1.2381409e-03]",[3.8279449e-03 5.0986162e-04 9.8179716e-01 1.3865042e-02],[2.278282e-04 9.997722e-01],"[2.4006380e-07 1.3154631e-05 9.2647411e-04 4.1608132e-02 5.3108519e-01
 3.6398059e-01 5.9573993e-02 2.8005342e-03 1.1699843e-05]"
/scratch/project_462000771/mengting/projects/bias/Qwen/chinese_prompt/selected_faces/detected_person/person_0807_face0.png,Southeast Asian,Asian,Male,20-29,"[2.9376341e-05 3.2326596e-05 3.9736675e-03 1.5830319e-01 8.3678150e-01
 8.7595347e-04 4.0129266e-06]",[2.8913293e-05 1.0549805e-04 9.9932611e-01 5.3950533e-04],[9.9999559e-01 4.3874406e-06],"[5.5173697e-08 3.6766894e-05 3.4583483e-02 6.9366932e-01 2.5874028e-01
 1.2759788e-02 2.0617958e-04 4.0488353e-06 7.6143692e-08]"
/scratch/project_462000771/mengting/projects/bias/Qwen/chinese_prompt/selected_faces/detected_person/person_0381_face0.png,Latino_Hispanic,White,Male,30-39,"[1.73508778e-01 1.10194924e-04 4.53593552e-01 4.17832751e-03
 3.82446381e-03 1.11240290e-01 2.53544450e-01]",[8.2916069e-01 4.5407458e-05 1.0988900e-02 1.5980501e-01],[9.9999994e-01 5.4774329e-08],"[4.2987117e-06 1.8900508e-05 5.5525097e-04 3.5665017e-02 6.6878450e-01
 2.8565162e-01 9.2708059e-03 4.9382619e-05 1.9012711e-07]"
/scratch/project_462000771/mengting/projects/bias/Qwen/chinese_prompt/selected_faces/detected_person/person_0747_face0.png,East Asian,Asian,Male,20-29,"[3.7362697e-04 1.1745103e-05 8.2001584e-03 7.4175727e-01 2.4740691e-01
 2.1263366e-03 1.2387551e-04]",[4.2570286e-04 7.6331606e-05 9.9528813e-01 4.2098551e-03],[9.999295e-01 7.051956e-05],"[4.07407333e-06 2.31913733e-03 2.49095157e-01 6.85512364e-01
 6.15939796e-02 1.46169006e-03 1.24988055e-05 1.09377777e-06
 1.38847334e-08]"
/scratch/project_462000771/mengting/projects/bias/Qwen/chinese_prompt/selected_faces/detected_person/person_0344_face0.png,White,White,Male,40-49,"[3.4944215e-01 2.9448315e-04 2.7453589e-01 9.8760567e-05 2.8866666e-04
 7.7497147e-02 2.9784289e-01]",[7.1871167e-01 1.4222831e-03 5.8749143e-04 2.7927855e-01],[9.9995875e-01 4.1229301e-05],"[1.0617528e-06 3.0145227e-06 4.6771551e-05 4.3273295e-04 1.1975473e-01
 8.1530923e-01 6.4323649e-02 1.2843379e-04 3.8604713e-07]"
/scratch/project_462000771/mengting/projects/bias/Qwen/chinese_prompt/selected_faces/detected_person/person_0502_face0.png,White,White,Male,40-49,"[9.9161971e-01 4.5841543e-06 4.9999766e-03 5.3151543e-06 2.6608552e-05
 4.6830377e-04 2.8754990e-03]",[9.9788779e-01 6.1156308e-05 5.1414801e-05 1.9996609e-03],[9.9988991e-01 1.1010694e-04],"[1.8807987e-06 1.6629368e-05 4.5526383e-04 1.4553281e-03 7.2408274e-02
 6.4536226e-01 2.7793464e-01 2.3359815e-03 2.9692515e-05]"
/scratch/project_462000771/mengting/projects/bias/Qwen/chinese_prompt/selected_faces/detected_person/person_0499_face0.png,Indian,Black,Male,20-29,"[4.1286970e-04 5.6684036e-02 2.0200742e-02 4.4038292e-04 1.9078678e-02
 9.0234894e-01 8.3437812e-04]",[0.00215122 0.65573263 0.00664992 0.33546627],[9.9998623e-01 1.3783621e-05],"[2.6784726e-08 4.6115973e-05 8.9136124e-02 8.7078202e-01 3.9649870e-02
 3.8419539e-04 1.5868040e-06 2.2966564e-08 6.1824834e-10]"
/scratch/project_462000771/mengting/projects/bias/Qwen/chinese_prompt/selected_faces/detected_person/person_0532_face0.png,White,White,Male,40-49,"[9.9522340e-01 1.5425449e-07 1.7504900e-03 1.3273255e-06 3.6278968e-06
 5.8741303e-04 2.4336192e-03]",[9.6981227e-01 2.3137038e-05 8.4538304e-05 3.0080134e-02],[9.9995345e-01 4.6574671e-05],"[1.7066811e-06 1.3951633e-05 7.6723308e-04 9.7755436e-03 2.1581212e-01
 7.0753872e-01 6.5986149e-02 1.0397794e-04 6.4657149e-07]"
/scratch/project_462000771/mengting/projects/bias/Qwen/chinese_prompt/selected_faces/detected_person/person_0250_face0.png,Southeast Asian,Indian,Female,20-29,"[0.00124778 0.270329   0.11654931 0.02525487 0.335618   0.25057945
 0.0004216 ]",[0.00165413 0.42104423 0.07243951 0.5048621 ],[4.928481e-04 9.995071e-01],"[2.8543653e-07 1.3763996e-04 3.8238373e-02 7.2103977e-01 2.3516387e-01
 5.3368760e-03 8.2102386e-05 1.0969861e-06 1.0905907e-08]"
/scratch/project_462000771/mengting/projects/bias/Qwen/chinese_prompt/selected_faces/detected_person/person_0707_face0.png,Latino_Hispanic,Indian,Male,40-49,"[1.5500973e-02 7.0565083e-04 7.5247073e-01 1.7524639e-02 9.8410435e-02
 1.0127926e-01 1.4108289e-02]",[0.02187863 0.00108495 0.15284714 0.82418925],[0.98960096 0.01039906],"[2.0747715e-04 7.3203846e-04 4.3528220e-03 8.5666813e-03 1.2650365e-01
 4.5154420e-01 3.7107649e-01 3.6023214e-02 9.9345623e-04]"
/scratch/project_462000771/mengting/projects/bias/Qwen/chinese_prompt/selected_faces/detected_person/person_0259_face0.png,White,White,Male,40-49,"[9.7804230e-01 3.0604140e-05 4.0680668e-03 3.1382704e-06 7.6385431e-06
 3.7356740e-04 1.7474756e-02]",[9.8363101e-01 2.9169436e-04 2.0651592e-04 1.5870774e-02],[9.9998373e-01 1.6281596e-05],"[2.2002708e-07 5.2472541e-07 6.4357075e-05 9.9479314e-03 4.3593287e-01
 5.2729887e-01 2.6634533e-02 1.1916232e-04 1.4250706e-06]"
/scratch/project_462000771/mengting/projects/bias/Qwen/chinese_prompt/selected_faces/detected_person/person_0138_face0.png,White,White,Male,40-49,"[9.9874014e-01 7.3216904e-07 4.6678897e-04 3.1119141e-06 1.0294684e-05
 4.0544215e-05 7.3835952e-04]",[9.99755859e-01 5.28774763e-06 1.28070915e-05 2.26115371e-04],[9.9997991e-01 2.0126836e-05],"[7.3179854e-07 3.6748309e-06 2.2891631e-04 2.0945622e-03 5.9202041e-02
 6.2996829e-01 3.0583104e-01 2.6367977e-03 3.3946202e-05]"
/scratch/project_462000771/mengting/projects/bias/Qwen/chinese_prompt/selected_faces/detected_person/person_0666_face0.png,Black,Black,Female,20-29,"[3.5989040e-05 6.8621486e-01 7.6377764e-03 5.0300168e-04 7.3406368e-02
 2.3218212e-01 1.9855723e-05]",[5.0359558e-05 9.7093827e-01 4.8424336e-03 2.4169007e-02],[0.1908518 0.8091482],"[9.1752258e-07 1.3596313e-04 6.5644868e-02 7.2129095e-01 2.0231794e-01
 1.0476373e-02 1.3116517e-04 1.7704832e-06 6.9726362e-08]"
/scratch/project_462000771/mengting/projects/bias/Qwen/chinese_prompt/selected_faces/detected_person/person_0192_face0.png,White,White,Male,20-29,"[9.3591404e-01 1.8182525e-05 2.6655996e-02 8.8308705e-05 1.0943378e-04
 7.3766266e-04 3.6476344e-02]",[9.9395412e-01 2.2030466e-04 4.8690388e-04 5.3385645e-03],[9.9999154e-01 8.4516214e-06],"[7.1844568e-08 1.8174711e-05 2.6371934e-02 8.8405579e-01 8.8301763e-02
 1.2474393e-03 4.8235684e-06 3.7469700e-08 6.4878558e-10]"
/scratch/project_462000771/mengting/projects/bias/Qwen/chinese_prompt/selected_faces/detected_person/person_0644_face0.png,Southeast Asian,Asian,Female,20-29,"[1.5036709e-04 2.9525898e-05 3.6381204e-03 4.4416976e-01 5.4926717e-01
 2.7049989e-03 4.0041741e-05]",[0.00119853 0.00131447 0.9861065  0.01138045],[4.5326928e-04 9.9954671e-01],"[6.51544880e-08 1.03980055e-04 1.37474626e-01 8.32932889e-01
 2.92762890e-02 2.11726117e-04 4.20378512e-07 1.62321019e-08
 2.66079131e-10]"
/scratch/project_462000771/mengting/projects/bias/Qwen/chinese_prompt/selected_faces/detected_person/person_0342_face0.png,White,White,Male,40-49,"[9.9967974e-01 5.0440931e-08 1.0988371e-04 5.1000156e-06 5.9949725e-06
 2.5317825e-06 1.9680434e-04]",[9.9936396e-01 5.0361050e-05 5.0351728e-04 8.2100749e-05],[9.9999827e-01 1.7030603e-06],"[1.1307880e-06 1.1407208e-05 8.0573600e-04 1.3052718e-02 3.6398485e-01
 5.8881909e-01 3.3131044e-02 1.9248437e-04 1.5814181e-06]"
/scratch/project_462000771/mengting/projects/bias/Qwen/chinese_prompt/selected_faces/detected_person/person_0689_face0.png,White,White,Male,40-49,"[9.4024950e-01 1.7247676e-04 2.9883772e-02 1.6295542e-05 4.3725009e-05
 1.5934935e-03 2.8040770e-02]",[8.3486420e-01 4.7493116e-03 3.1017239e-04 1.6007632e-01],[9.9998236e-01 1.7649068e-05],"[6.2394956e-06 1.1980913e-05 3.0861574e-04 1.6119599e-02 4.2820850e-01
 5.2193856e-01 3.3137944e-02 2.6623768e-04 2.2768097e-06]"
/scratch/project_462000771/mengting/projects/bias/Qwen/chinese_prompt/selected_faces/detected_person/person_0111_face0.png,White,White,Male,30-39,"[9.97446597e-01 1.66300367e-07 1.00918565e-04 1.30246656e-06
 3.01649402e-06 4.25928874e-06 2.44368892e-03]",[9.9994057e-01 3.7291791e-06 2.9551073e-05 2.6094409e-05],[9.9997967e-01 2.0340369e-05],"[8.70697221e-08 1.35475159e-06 2.22663046e-04 9.04825404e-02
 7.26531267e-01 1.81242183e-01 1.51441502e-03 5.34197761e-06
 1.13487154e-07]"
/scratch/project_462000771/mengting/projects/bias/Qwen/chinese_prompt/selected_faces/detected_person/person_0115_face0.png,Southeast Asian,Asian,Male,30-39,"[3.4911974e-04 2.6604102e-04 2.6618034e-02 4.0619904e-01 5.6472975e-01
 1.6993129e-03 1.3868013e-04]",[2.8790504e-04 4.5919354e-04 9.9374807e-01 5.5048033e-03],[9.9999893e-01 1.0805143e-06],"[4.1739361e-07 3.3069631e-05 1.6298197e-02 4.5360908e-01 5.0683028e-01
 2.2954561e-02 2.7021201e-04 4.2197125e-06 3.7164721e-08]"
/scratch/project_462000771/mengting/projects/bias/Qwen/chinese_prompt/selected_faces/detected_person/person_0635_face0.png,White,White,Male,30-39,"[6.63733244e-01 5.24575407e-05 1.33646116e-01 1.43261015e-04
 3.41704785e-04 1.08111305e-02 1.91272020e-01]",[9.8138231e-01 6.5624678e-05 1.6298228e-04 1.8389070e-02],[9.999657e-01 3.425083e-05],"[9.0158954e-07 5.7536467e-06 3.8336290e-04 2.1984732e-02 5.0132859e-01
 4.5869190e-01 1.7525233e-02 7.8717836e-05 8.3316075e-07]"
/scratch/project_462000771/mengting/projects/bias/Qwen/chinese_prompt/selected_faces/detected_person/person_0570_face0.png,East Asian,Asian,Male,50-59,"[7.2274823e-03 9.2899782e-06 5.0793268e-02 7.0675784e-01 2.3346409e-01
 1.3719805e-03 3.7604233e-04]",[4.2861635e-03 4.1588323e-06 9.9509704e-01 6.1264745e-04],[9.9998724e-01 1.2739544e-05],"[3.2319315e-06 1.9110175e-05 2.1308180e-04 4.1549309e-04 1.9241082e-02
 2.8494218e-01 6.4513135e-01 4.9752571e-02 2.8194208e-04]"
/scratch/project_462000771/mengting/projects/bias/Qwen/chinese_prompt/selected_faces/detected_person/person_0172_face0.png,White,White,Male,30-39,"[9.83076453e-01 2.44444732e-06 7.88009726e-03 4.94789565e-04
 5.92542405e-04 1.18490105e-04 7.83527922e-03]",[9.9801123e-01 5.4523058e-05 1.4974284e-03 4.3677664e-04],[9.9998593e-01 1.4097708e-05],"[1.0103710e-05 8.2831575e-05 7.5983041e-04 6.7947574e-02 7.5299287e-01
 1.7608310e-01 2.1118305e-03 1.1655985e-05 1.7726254e-07]"
/scratch/project_462000771/mengting/projects/bias/Qwen/chinese_prompt/selected_faces/detected_person/person_0612_face0.png,Indian,Indian,Male,30-39,"[1.1891519e-02 7.8479778e-03 2.3918328e-01 1.2248503e-04 7.4857508e-04
 6.3158315e-01 1.0862308e-01]",[9.6509503e-03 8.4610684e-03 3.0095034e-04 9.8158699e-01],[9.9985188e-01 1.4806051e-04],"[1.1427431e-05 1.9545910e-04 1.4330460e-02 4.1640329e-01 5.3601938e-01
 3.2699879e-02 3.3507217e-04 4.9414143e-06 8.4115150e-08]"
/scratch/project_462000771/mengting/projects/bias/Qwen/chinese_prompt/selected_faces/detected_person/person_0824_face0.png,White,White,Male,40-49,"[9.9967778e-01 8.5306745e-08 5.3521762e-05 1.2378591e-06 3.4926309e-06
 9.6776448e-06 2.5408753e-04]",[9.9923885e-01 5.1880674e-05 2.2360167e-04 4.8566092e-04],[9.9995947e-01 4.0533378e-05],"[5.7410591e-07 2.0556121e-05 2.5673879e-03 3.9036676e-02 4.1397759e-01
 5.1366073e-01 3.0622143e-02 1.1301490e-04 1.4067763e-06]"
/scratch/project_462000771/mengting/projects/bias/Qwen/chinese_prompt/selected_faces/detected_person/person_0874_face0.png,White,White,Male,40-49,"[9.5829201e-01 8.8085180e-06 2.7878786e-02 7.4676727e-06 1.2554971e-05
 1.2359492e-03 1.2564461e-02]",[9.9950093e-01 4.6325017e-06 3.7203888e-05 4.5722991e-04],[9.999965e-01 3.534084e-06],"[1.2636862e-05 3.5058252e-05 1.1152702e-03 6.0156761e-03 7.7286743e-02
 5.0579381e-01 4.0478572e-01 4.9326224e-03 2.2536311e-05]"
/scratch/project_462000771/mengting/projects/bias/Qwen/chinese_prompt/selected_faces/detected_person/person_0312_face0.png,White,White,Male,30-39,"[5.9099793e-01 4.2457297e-05 3.6839256e-01 7.8250971e-03 6.9276509e-03
 7.9490896e-03 1.7865211e-02]",[0.8728363  0.00112157 0.05639034 0.06965184],[9.9984103e-01 1.5898353e-04],"[7.9105115e-07 9.2467388e-05 2.7937600e-02 3.0382344e-01 5.7814670e-01
 8.8454418e-02 1.5347068e-03 9.7460788e-06 1.0716756e-07]"
/scratch/project_462000771/mengting/projects/bias/Qwen/chinese_prompt/selected_faces/detected_person/person_0132_face0.png,Latino_Hispanic,Black,Male,30-39,"[0.00602412 0.19717412 0.70691913 0.00297025 0.02420405 0.05177529
 0.01093307]",[0.03876235 0.5695878  0.05062627 0.3410236 ],[9.994803e-01 5.196595e-04],"[3.0020226e-06 4.1266303e-05 1.3882288e-02 2.2575943e-01 6.0692549e-01
 1.4835884e-01 4.9911225e-03 3.8044767e-05 4.6388277e-07]"
/scratch/project_462000771/mengting/projects/bias/Qwen/chinese_prompt/selected_faces/detected_person/person_0553_face0.png,White,White,Male,30-39,"[8.1271750e-01 3.0428997e-05 5.2260395e-02 2.3064553e-04 1.3471900e-04
 9.3477016e-04 1.3369155e-01]",[9.9744815e-01 4.1052215e-05 9.9316545e-05 2.4116181e-03],[9.99988377e-01 1.16427955e-05],"[2.54750233e-07 6.41059842e-07 6.30030263e-05 1.03013795e-02
 5.41996241e-01 4.37178075e-01 1.04146088e-02 4.55201407e-05
 2.39096494e-07]"
/scratch/project_462000771/mengting/projects/bias/Qwen/chinese_prompt/selected_faces/detected_person/person_0159_face0.png,White,White,Male,40-49,"[9.9973929e-01 2.3029791e-07 9.4690098e-05 1.5881375e-06 2.1155722e-06
 1.8939039e-05 1.4318779e-04]",[9.9934095e-01 7.0532376e-05 8.5704007e-05 5.0280039e-04],[9.9998093e-01 1.9127612e-05],"[3.5134670e-07 2.1236922e-06 2.9094919e-04 4.3678153e-02 3.7884560e-01
 5.0132507e-01 7.5348087e-02 4.9956935e-04 1.0110648e-05]"
/scratch/project_462000771/mengting/projects/bias/Qwen/chinese_prompt/selected_faces/detected_person/person_0180_face0.png,White,White,Male,40-49,"[5.9191597e-01 4.2587875e-05 3.6844969e-01 3.2072573e-03 1.5871157e-03
 2.9882612e-03 3.1809095e-02]",[9.8557705e-01 1.8958107e-04 1.7916692e-03 1.2441685e-02],[9.9984920e-01 1.5081615e-04],"[2.1233951e-05 4.7283589e-05 9.3732262e-04 3.8907998e-03 2.5268570e-01
 5.9637129e-01 1.4443989e-01 1.5995824e-03 6.9178973e-06]"
/scratch/project_462000771/mengting/projects/bias/Qwen/chinese_prompt/selected_faces/detected_person/person_0607_face0.png,Southeast Asian,Asian,Male,30-39,"[4.97518247e-03 9.02492378e-04 1.18132964e-01 2.05735758e-01
 5.76628625e-01 9.31510702e-02 4.73927881e-04]",[0.01045354 0.00131301 0.6239267  0.3643067 ],[9.9999976e-01 2.6002357e-07],"[1.9063450e-06 1.0539681e-05 9.4565912e-04 4.9940322e-02 5.6210721e-01
 3.6164480e-01 2.5175963e-02 1.7279704e-04 8.3264416e-07]"
/scratch/project_462000771/mengting/projects/bias/Qwen/chinese_prompt/selected_faces/detected_person/person_0426_face0.png,East Asian,Asian,Male,30-39,"[2.9055084e-04 9.4984527e-05 8.6083058e-03 5.9041238e-01 4.0010628e-01
 4.3694067e-04 5.0576778e-05]",[9.8134835e-05 2.6173002e-04 9.9432951e-01 5.3106779e-03],[9.9999994e-01 7.1635945e-08],"[5.46054579e-08 9.16120371e-07 4.54116060e-04 1.40559316e-01
 7.51242459e-01 1.04160495e-01 3.53474962e-03 4.75505767e-05
 3.22939883e-07]"
/scratch/project_462000771/mengting/projects/bias/Qwen/chinese_prompt/selected_faces/detected_person/person_0429_face0.png,Black,Black,Male,30-39,"[6.5642342e-07 9.9998254e-01 7.7852974e-06 7.7197546e-09 1.8004432e-07
 8.4222438e-06 4.5561541e-07]",[3.9724489e-07 9.9998951e-01 4.5603568e-07 9.5741134e-06],[9.999978e-01 2.177535e-06],"[2.39448877e-06 1.02469305e-04 4.15413780e-03 3.20969999e-01
 5.79197228e-01 9.31617618e-02 2.38557579e-03 2.51824440e-05
 1.25279371e-06]"
/scratch/project_462000771/mengting/projects/bias/Qwen/chinese_prompt/selected_faces/detected_person/person_0093_face0.png,White,White,Male,30-39,"[9.8269767e-01 8.8137381e-07 2.0241127e-03 4.0470266e-05 4.2256001e-05
 3.3955836e-05 1.5160700e-02]",[9.9988091e-01 4.0432988e-07 7.9153484e-05 3.9545619e-05],[9.9983805e-01 1.6194509e-04],"[1.1230992e-05 1.9047593e-04 4.6210312e-03 2.4462782e-01 7.0471203e-01
 4.5681663e-02 1.5495201e-04 7.8843004e-07 2.0316111e-08]"
/scratch/project_462000771/mengting/projects/bias/Qwen/chinese_prompt/selected_faces/detected_person/person_0667_face0.png,Indian,Indian,Male,30-39,"[2.8487609e-04 9.5057124e-03 6.9355324e-02 4.4327480e-05 2.1264362e-03
 9.1249585e-01 6.1874948e-03]",[1.5844112e-04 9.9278437e-03 7.6261273e-04 9.8915106e-01],[9.9999982e-01 1.9518805e-07],"[2.8371880e-07 9.5676151e-06 1.3151541e-03 3.4025353e-01 6.2128723e-01
 3.6884524e-02 2.4796321e-04 1.7558293e-06 2.4604203e-08]"
/scratch/project_462000771/mengting/projects/bias/Qwen/chinese_prompt/selected_faces/detected_person/person_0366_face0.png,Black,Black,Male,30-39,"[1.7961784e-06 9.6635514e-01 3.1850830e-04 1.6438955e-06 9.9829522e-05
 3.3212423e-02 1.0711485e-05]",[7.8515559e-06 9.4871330e-01 5.5056324e-05 5.1223870e-02],[9.9999964e-01 3.5848277e-07],"[1.2820992e-07 1.4331449e-05 5.9071742e-03 4.2440295e-01 4.9942422e-01
 6.8811655e-02 1.4302518e-03 9.1405736e-06 1.9414419e-07]"
/scratch/project_462000771/mengting/projects/bias/Qwen/chinese_prompt/selected_faces/detected_person/person_0095_face0.png,Indian,Indian,Male,20-29,"[3.4389508e-04 9.0472005e-02 8.4514789e-02 9.9581324e-05 5.7432363e-03
 8.1838453e-01 4.4192589e-04]",[1.6321805e-04 1.0421548e-01 1.2041359e-03 8.9441717e-01],[9.9998027e-01 1.9733978e-05],"[1.5358725e-06 2.5920870e-04 5.3336650e-02 7.4237663e-01 1.9102781e-01
 1.2843338e-02 1.5372083e-04 1.1597830e-06 2.0538977e-08]"
/scratch/project_462000771/mengting/projects/bias/Qwen/chinese_prompt/selected_faces/detected_person/person_0204_face0.png,White,White,Male,40-49,"[9.99466181e-01 9.77110801e-08 1.13843555e-04 1.95583152e-06
 6.43589328e-06 2.62720132e-05 3.85285064e-04]",[9.9973142e-01 1.8173912e-06 1.2777424e-04 1.3899541e-04],[9.999994e-01 6.023507e-07],"[8.3572490e-07 3.2842252e-06 1.3439292e-04 3.3289783e-03 1.2669121e-01
 6.9608766e-01 1.7295177e-01 7.9512241e-04 6.8109744e-06]"
/scratch/project_462000771/mengting/projects/bias/Qwen/chinese_prompt/selected_faces/detected_person/person_0299_face0.png,Black,Black,Female,30-39,"[5.6350441e-04 5.4955590e-01 6.5403908e-02 8.2052214e-04 2.5022203e-02
 3.5811597e-01 5.1796914e-04]",[0.00135291 0.8563947  0.02085918 0.12139325],[0.00633235 0.99366766],"[1.4282371e-06 1.6231492e-05 1.3808333e-03 7.7388600e-02 5.8612108e-01
 3.0820793e-01 2.6651321e-02 2.2992629e-04 2.6376795e-06]"
/scratch/project_462000771/mengting/projects/bias/Qwen/chinese_prompt/selected_faces/detected_person/person_0691_face0.png,Southeast Asian,Asian,Male,20-29,"[7.4543600e-04 1.1569473e-03 1.6628785e-01 6.6058196e-02 7.2776699e-01
 3.7533168e-02 4.5138370e-04]",[0.00307204 0.00095238 0.79846257 0.19751295],[9.9994159e-01 5.8451187e-05],"[9.47687852e-07 1.30126282e-04 5.12141697e-02 6.49795055e-01
 2.83839554e-01 1.48062715e-02 2.08575366e-04 5.17653507e-06
 7.36509236e-08]"
/scratch/project_462000771/mengting/projects/bias/Qwen/chinese_prompt/selected_faces/detected_person/person_0950_face0.png,Latino_Hispanic,Indian,Male,30-39,"[7.0138805e-02 3.2376705e-03 7.4473423e-01 7.3140334e-05 5.5169145e-04
 5.5757441e-02 1.2550707e-01]",[0.27625597 0.00467164 0.00168977 0.71738255],[9.9993914e-01 6.0879978e-05],"[1.4079133e-06 1.0913560e-05 7.3528232e-04 1.6795943e-02 4.7798955e-01
 4.7364628e-01 3.0699017e-02 1.2049668e-04 1.1665858e-06]"
/scratch/project_462000771/mengting/projects/bias/Qwen/chinese_prompt/selected_faces/detected_person/person_0468_face0.png,Middle Eastern,White,Male,30-39,"[2.8569591e-01 7.0637201e-05 1.9779408e-01 1.8626681e-04 8.2487008e-04
 5.6364145e-02 4.5906413e-01]",[8.6070222e-01 1.7159745e-04 1.6989593e-03 1.3742720e-01],[9.9999547e-01 4.5350007e-06],"[5.90567970e-06 1.03033926e-04 3.09310458e-03 8.79614279e-02
 6.78835690e-01 2.26837412e-01 3.15136020e-03 1.20397481e-05
 1.04545940e-07]"
/scratch/project_462000771/mengting/projects/bias/Qwen/chinese_prompt/selected_faces/detected_person/person_0048_face0.png,White,White,Male,30-39,"[9.0279704e-01 1.4080284e-05 2.9222537e-02 8.2505212e-05 1.5256683e-04
 1.2697624e-02 5.5033684e-02]",[9.9057454e-01 2.2659444e-05 1.8828083e-04 9.2145717e-03],[9.99986053e-01 1.39426475e-05],"[2.7721458e-06 1.2686846e-05 2.8821488e-04 2.7072711e-02 5.5615681e-01
 4.0895945e-01 7.4855238e-03 2.1554068e-05 2.5017883e-07]"
/scratch/project_462000771/mengting/projects/bias/Qwen/chinese_prompt/selected_faces/detected_person/person_0401_face0.png,Latino_Hispanic,Indian,Female,50-59,"[4.1020252e-02 2.1038776e-04 7.4038690e-01 1.3495189e-03 5.7500564e-03
 1.3822177e-01 7.3061056e-02]",[0.18978097 0.00105569 0.16022067 0.6489427 ],[0.00671997 0.99328005],"[1.7106448e-06 8.6560576e-06 1.2452004e-04 2.2423913e-04 1.3412330e-02
 2.1221584e-01 6.8694538e-01 8.4390536e-02 2.6768076e-03]"
/scratch/project_462000771/mengting/projects/bias/Qwen/chinese_prompt/selected_faces/detected_person/person_0779_face0.png,Southeast Asian,Asian,Male,50-59,"[3.6685113e-04 6.8310555e-04 1.4932497e-02 1.2656946e-01 8.3939940e-01
 1.7914668e-02 1.3402771e-04]",[1.9190375e-04 4.5057471e-04 9.9325353e-01 6.1040386e-03],[9.9993807e-01 6.1957304e-05],"[2.1725731e-05 6.3569380e-05 3.6873930e-04 7.3224807e-04 1.0002839e-02
 1.2685820e-01 5.7511032e-01 2.7985948e-01 6.9828629e-03]"
/scratch/project_462000771/mengting/projects/bias/Qwen/chinese_prompt/selected_faces/detected_person/person_0037_face0.png,White,White,Male,30-39,"[9.9894565e-01 1.0448705e-07 2.3886301e-04 2.5754955e-06 6.7339456e-06
 5.9884273e-06 8.0011215e-04]",[9.9902248e-01 2.9186454e-05 1.1459548e-04 8.3368929e-04],[9.9999994e-01 5.3931458e-08],"[1.5285993e-06 1.7735596e-05 1.7448531e-03 6.4834028e-02 6.5670675e-01
 2.7244392e-01 4.2258874e-03 2.5192681e-05 1.4258177e-07]"
/scratch/project_462000771/mengting/projects/bias/Qwen/chinese_prompt/selected_faces/detected_person/person_0425_face0.png,Latino_Hispanic,Indian,Male,50-59,"[1.7134553e-01 1.6178450e-02 3.9555869e-01 1.6499142e-04 2.5021720e-03
 3.7156737e-01 4.2682875e-02]",[0.15804291 0.00551255 0.00314782 0.8332967 ],[9.9998403e-01 1.5982921e-05],"[2.0447497e-04 2.8062673e-04 1.3701568e-03 5.4037926e-04 8.1381183e-03
 1.3888368e-01 7.5036156e-01 9.9356316e-02 8.6472812e-04]"
/scratch/project_462000771/mengting/projects/bias/Qwen/chinese_prompt/selected_faces/detected_person/person_0513_face0.png,Southeast Asian,Asian,Male,20-29,"[3.5552144e-05 3.2570173e-05 3.6958912e-03 2.5580674e-01 7.3434150e-01
 6.0793096e-03 8.4267531e-06]",[3.6799014e-05 9.3653676e-04 9.8910081e-01 9.9257817e-03],[9.9999863e-01 1.3263318e-06],"[9.85208857e-08 1.47391256e-04 7.90288374e-02 8.92485917e-01
 2.82238182e-02 1.13715352e-04 2.17093799e-07 8.90660967e-09
 1.05474476e-10]"
/scratch/project_462000771/mengting/projects/bias/Qwen/chinese_prompt/selected_faces/detected_person/person_0288_face0.png,Southeast Asian,Asian,Male,20-29,"[3.9856328e-05 2.6056194e-04 7.7444427e-03 1.2207430e-01 8.6554933e-01
 4.3201037e-03 1.1419612e-05]",[1.02462436e-04 1.27833220e-03 9.89398360e-01 9.22087859e-03],[9.9998492e-01 1.5045712e-05],"[6.5394461e-06 4.5844752e-04 6.3470729e-02 7.0752096e-01 2.2234608e-01
 6.1387280e-03 5.5741846e-05 2.6188613e-06 7.5439566e-08]"
/scratch/project_462000771/mengting/projects/bias/Qwen/chinese_prompt/selected_faces/detected_person/person_0868_face0.png,Latino_Hispanic,Indian,Male,20-29,"[0.0243205  0.00507044 0.82332987 0.0014686  0.00887966 0.10050006
 0.0364308 ]",[0.03652845 0.05615837 0.01488345 0.8924297 ],[9.999087e-01 9.135504e-05],"[8.9959957e-07 1.6743728e-04 1.8525399e-01 6.9501203e-01 1.1604782e-01
 3.4775608e-03 3.8460326e-05 1.6962119e-06 3.8753246e-08]"
/scratch/project_462000771/mengting/projects/bias/Qwen/chinese_prompt/selected_faces/detected_person/person_0981_face0.png,Indian,Black,Male,20-29,"[1.8982861e-04 2.6427451e-01 3.0313164e-02 8.5372907e-05 4.7307611e-03
 6.9995373e-01 4.5256736e-04]",[1.8425962e-04 5.3838140e-01 2.4602472e-04 4.6118829e-01],[9.9999166e-01 8.3016203e-06],"[1.1215553e-06 1.5830403e-04 3.5477027e-02 6.6435713e-01 2.8319478e-01
 1.6647162e-02 1.6335641e-04 1.0925842e-06 2.0247363e-08]"
/scratch/project_462000771/mengting/projects/bias/Qwen/chinese_prompt/selected_faces/detected_person/person_0419_face0.png,Black,Black,Male,30-39,"[8.6561414e-08 9.9998605e-01 1.6640641e-06 1.1532338e-09 3.2973890e-08
 1.1957165e-05 2.0493931e-07]",[8.31385705e-07 9.99890149e-01 8.95410096e-07 1.08240296e-04],[9.99999881e-01 1.17612736e-07],"[5.3972741e-08 2.4383257e-06 7.6297444e-04 1.8979932e-01 6.4394313e-01
 1.6273683e-01 2.7379522e-03 1.6756323e-05 4.9004376e-07]"
/scratch/project_462000771/mengting/projects/bias/Qwen/chinese_prompt/selected_faces/detected_person/person_0829_face0.png,White,White,Male,30-39,"[9.9818391e-01 6.6783187e-08 2.8241536e-04 1.2103999e-04 6.0670041e-05
 2.2087059e-05 1.3298999e-03]",[9.9918735e-01 4.2974698e-06 5.4844585e-04 2.5982840e-04],[9.999968e-01 3.204901e-06],"[8.5203460e-08 3.1538829e-07 6.0009155e-05 1.6755054e-02 5.7349652e-01
 4.0304989e-01 6.6196411e-03 1.8466599e-05 1.0619762e-07]"
/scratch/project_462000771/mengting/projects/bias/Qwen/chinese_prompt/selected_faces/detected_person/person_0140_face0.png,East Asian,Asian,Male,20-29,"[1.8729097e-03 9.7208545e-07 3.5686560e-03 9.3528509e-01 5.9033405e-02
 4.1914718e-05 1.9706751e-04]",[3.7310731e-02 5.3487951e-05 9.6172291e-01 9.1291394e-04],[9.9961007e-01 3.8992564e-04],"[7.4114701e-07 9.1120084e-05 5.2286521e-02 7.6838440e-01 1.7709406e-01
 2.1272071e-03 1.5578787e-05 4.4173521e-07 4.8404805e-09]"
/scratch/project_462000771/mengting/projects/bias/Qwen/chinese_prompt/selected_faces/detected_person/person_0437_face0.png,Black,Black,Male,30-39,"[4.8294682e-05 9.2130643e-01 8.6197490e-03 9.7337188e-06 5.2627863e-04
 6.9410279e-02 7.9252794e-05]",[1.466343e-04 9.050425e-01 8.397115e-04 9.397111e-02],[9.9994117e-01 5.8829573e-05],"[3.1156310e-06 2.2185197e-05 3.0056641e-03 7.4760675e-02 4.9566519e-01
 3.8704583e-01 3.9283432e-02 2.0997605e-04 3.8233147e-06]"
/scratch/project_462000771/mengting/projects/bias/Qwen/chinese_prompt/selected_faces/detected_person/person_0359_face0.png,White,White,Male,40-49,"[9.91347373e-01 2.98151895e-06 4.92340326e-03 1.49755415e-05
 1.76421763e-05 8.82848908e-05 3.60521884e-03]",[9.9960274e-01 7.3036193e-05 9.8940000e-05 2.2526309e-04],[9.999993e-01 7.602337e-07],"[3.0593010e-06 1.1296151e-05 2.8739413e-04 1.3933472e-03 1.0611400e-01
 7.2164822e-01 1.6834070e-01 2.1950160e-03 6.9864514e-06]"
/scratch/project_462000771/mengting/projects/bias/Qwen/chinese_prompt/selected_faces/detected_person/person_0510_face0.png,Southeast Asian,Asian,Male,20-29,"[8.4766807e-06 5.9328810e-05 9.0293668e-04 3.0185553e-01 6.9622976e-01
 9.4221823e-04 1.8000401e-06]",[5.0132917e-06 4.6910628e-04 9.9846315e-01 1.0626601e-03],[9.999935e-01 6.517182e-06],"[4.53931989e-07 1.17850155e-04 5.53530157e-02 7.15351462e-01
 2.23065898e-01 6.04551658e-03 6.36114710e-05 2.22381550e-06
 3.97423641e-08]"
/scratch/project_462000771/mengting/projects/bias/Qwen/chinese_prompt/selected_faces/detected_person/person_0885_face0.png,East Asian,Asian,Male,30-39,"[6.1050378e-05 9.6971633e-07 1.5893516e-03 7.9613340e-01 2.0168376e-01
 4.9788487e-04 3.3549553e-05]",[1.6017082e-04 3.0133206e-06 9.9687248e-01 2.9643939e-03],[9.9999988e-01 1.3600584e-07],"[1.0857873e-05 6.5508776e-04 3.3343982e-02 3.6091575e-01 5.6856126e-01
 3.5692669e-02 7.6650467e-04 5.3548734e-05 2.7886108e-07]"
/scratch/project_462000771/mengting/projects/bias/Qwen/chinese_prompt/selected_faces/detected_person/person_0525_face0.png,White,White,Male,50-59,"[9.9963522e-01 8.1828333e-08 2.1948411e-04 1.2739063e-06 2.8086286e-06
 5.7923371e-06 1.3539070e-04]",[9.9988377e-01 1.8044509e-06 5.3326465e-05 6.1204555e-05],[9.9989527e-01 1.0473551e-04],"[2.5485174e-06 8.6831451e-06 3.3383546e-04 1.3413276e-03 3.8142074e-02
 3.9500153e-01 5.3932911e-01 2.5030678e-02 8.1031682e-04]"
/scratch/project_462000771/mengting/projects/bias/Qwen/chinese_prompt/selected_faces/detected_person/person_0541_face0.png,White,White,Male,50-59,"[9.6342111e-01 1.1176219e-04 2.1907786e-02 9.5249771e-04 1.6518109e-03
 1.2036809e-03 1.0751403e-02]",[9.9687165e-01 1.3010921e-04 8.3545182e-04 2.1628558e-03],[9.9999285e-01 7.1260279e-06],"[2.1328144e-05 2.8725713e-05 2.7167294e-04 1.6120223e-04 3.1625468e-03
 6.5027326e-02 7.1112758e-01 2.1608706e-01 4.1125338e-03]"
/scratch/project_462000771/mengting/projects/bias/Qwen/chinese_prompt/selected_faces/detected_person/person_0763_face0.png,Black,Black,Male,40-49,"[2.1967365e-08 9.9999732e-01 6.6751011e-07 3.3870102e-09 4.5883201e-08
 1.9388356e-06 1.4557147e-08]",[1.0653202e-07 9.9999642e-01 3.8858130e-07 3.0670221e-06],[9.9999332e-01 6.6375273e-06],"[1.5402763e-07 1.0453182e-06 9.1704562e-05 9.5691383e-03 1.1422174e-01
 6.1746675e-01 2.4931800e-01 8.7417774e-03 5.8969826e-04]"
/scratch/project_462000771/mengting/projects/bias/Qwen/chinese_prompt/selected_faces/detected_person/person_0018_face0.png,Latino_Hispanic,White,Female,40-49,"[0.26807234 0.00079022 0.6739609  0.00069599 0.00207494 0.0179662
 0.03643946]",[0.93591577 0.00554773 0.00270768 0.05582879],[2.8142840e-05 9.9997187e-01],"[2.6662624e-07 4.2893544e-06 3.0634055e-04 1.5582787e-02 3.2748535e-01
 5.5762607e-01 9.6424811e-02 2.5546940e-03 1.5484524e-05]"
/scratch/project_462000771/mengting/projects/bias/Qwen/chinese_prompt/selected_faces/detected_person/person_0665_face0.png,White,White,Male,30-39,"[9.9963802e-01 8.5409702e-08 2.0777124e-04 2.8249767e-06 5.1706666e-06
 2.8993978e-05 1.1706995e-04]",[9.9938780e-01 2.1327947e-05 1.2603874e-04 4.6483529e-04],[9.9996877e-01 3.1260155e-05],"[7.52554108e-09 1.97624786e-07 7.14518319e-05 1.00416988e-01
 7.91713178e-01 1.07476674e-01 3.21117841e-04 3.82431040e-07
 6.94695768e-09]"
/scratch/project_462000771/mengting/projects/bias/Qwen/chinese_prompt/selected_faces/detected_person/person_0374_face0.png,Indian,Indian,Male,20-29,"[3.1265103e-05 3.5195675e-02 1.2408966e-02 7.5923999e-05 1.0722726e-02
 9.4155467e-01 1.0781780e-05]",[4.3431952e-05 7.8134984e-02 5.6452979e-04 9.2125708e-01],[9.999110e-01 8.899533e-05],"[6.9735215e-06 3.5895105e-03 2.9637435e-01 5.4113299e-01 1.4346534e-01
 1.5043504e-02 3.8116466e-04 5.9302106e-06 1.4844603e-07]"
/scratch/project_462000771/mengting/projects/bias/Qwen/chinese_prompt/selected_faces/detected_person/person_0957_face0.png,Latino_Hispanic,Indian,Male,30-39,"[7.3708951e-02 4.8350370e-03 8.0711645e-01 6.4694358e-04 2.9661451e-03
 3.7272096e-02 7.3454387e-02]",[0.39643195 0.06210755 0.00466086 0.53679955],[9.9999905e-01 9.4778898e-07],"[1.6285981e-05 2.4614154e-04 1.5157547e-02 1.7383513e-01 6.6349566e-01
 1.4185077e-01 5.3498219e-03 4.8221180e-05 3.8271565e-07]"
/scratch/project_462000771/mengting/projects/bias/Qwen/chinese_prompt/selected_faces/detected_person/person_0995_face0.png,White,White,Male,40-49,"[9.2207676e-01 4.5433058e-05 5.9120394e-02 7.4791076e-04 4.2287831e-04
 3.3349791e-03 1.4251655e-02]",[9.9786282e-01 4.9467915e-05 7.9555687e-04 1.2921739e-03],[9.9998158e-01 1.8401122e-05],"[1.5113991e-06 5.7594716e-06 1.7062889e-04 4.1507455e-03 2.0302878e-01
 6.8272465e-01 1.0940087e-01 5.1362050e-04 3.3609745e-06]"
/scratch/project_462000771/mengting/projects/bias/Qwen/chinese_prompt/selected_faces/detected_person/person_0405_face0.png,White,White,Male,40-49,"[9.9706542e-01 2.9011693e-07 9.9352549e-04 2.7194485e-05 1.8572702e-05
 1.1435579e-05 1.8836884e-03]",[9.9985141e-01 2.5907289e-06 2.1900143e-05 1.2404588e-04],[9.9999857e-01 1.3831268e-06],"[2.6360642e-06 7.6321694e-06 2.0818194e-04 2.3419468e-03 2.1069036e-01
 7.3355335e-01 5.2685998e-02 5.0799118e-04 1.8906741e-06]"
/scratch/project_462000771/mengting/projects/bias/Qwen/chinese_prompt/selected_faces/detected_person/person_0842_face0.png,White,White,Male,40-49,"[9.9983805e-01 6.0951244e-08 3.7352980e-05 6.0244139e-07 5.7674629e-07
 8.5822734e-07 1.2252519e-04]",[9.9985391e-01 1.6948106e-05 7.6688571e-05 5.2451676e-05],[9.999451e-01 5.489080e-05],"[1.6379063e-08 1.2844856e-07 4.7971705e-05 5.9499792e-03 2.1847443e-01
 6.8900836e-01 8.6125724e-02 3.8861236e-04 4.7910098e-06]"
/scratch/project_462000771/mengting/projects/bias/Qwen/chinese_prompt/selected_faces/detected_person/person_0984_face0.png,Indian,Indian,Male,40-49,"[2.8394230e-02 1.6872034e-03 2.3982623e-01 1.9817431e-04 1.6883595e-03
 4.9839294e-01 2.2981286e-01]",[0.09361934 0.00564986 0.01489613 0.88583463],[9.9953514e-01 4.6484786e-04],"[9.8128166e-06 5.0493611e-05 8.3834119e-04 8.3230566e-03 2.7226344e-01
 6.5649402e-01 6.1641961e-02 3.7186901e-04 6.9693369e-06]"
/scratch/project_462000771/mengting/projects/bias/Qwen/chinese_prompt/selected_faces/detected_person/person_0789_face0.png,White,White,Male,40-49,"[9.62668598e-01 2.11414857e-07 6.98855147e-04 4.99128255e-05
 1.15721974e-04 1.37121688e-05 3.64529528e-02]",[9.9859840e-01 1.1253895e-05 8.5007393e-04 5.4027245e-04],[9.999201e-01 7.979870e-05],"[1.1519336e-07 2.4619960e-06 4.6303589e-04 1.9816138e-02 3.3735415e-01
 6.1517018e-01 2.6901253e-02 2.8826075e-04 4.4238022e-06]"
/scratch/project_462000771/mengting/projects/bias/Qwen/chinese_prompt/selected_faces/detected_person/person_0764_face0.png,Indian,Indian,Male,30-39,"[6.5640785e-04 1.1277699e-01 2.3439786e-01 1.4897384e-04 9.8810131e-03
 6.4102095e-01 1.1177512e-03]",[0.00099412 0.3121515  0.0019491  0.68490523],[9.9997294e-01 2.7049484e-05],"[3.7292200e-06 7.6567207e-04 8.9590676e-02 3.3898211e-01 4.5672375e-01
 1.1020157e-01 3.7046063e-03 2.7571816e-05 3.6737310e-07]"
/scratch/project_462000771/mengting/projects/bias/Qwen/chinese_prompt/selected_faces/detected_person/person_0176_face0.png,East Asian,Asian,Female,40-49,"[0.00176086 0.00068048 0.03479215 0.6593365  0.2961867  0.00134148
 0.00590188]",[7.1994506e-04 5.1070889e-05 9.9871016e-01 5.1876903e-04],[0.46003473 0.5399653 ],"[6.8349304e-06 1.1223661e-04 1.6810108e-03 1.5770392e-02 1.6840360e-01
 4.0921295e-01 3.3518228e-01 6.7554742e-02 2.0760512e-03]"
/scratch/project_462000771/mengting/projects/bias/Qwen/chinese_prompt/selected_faces/detected_person/person_0857_face0.png,East Asian,Asian,Male,20-29,"[1.1232391e-04 8.5681359e-06 1.0936050e-02 6.8487334e-01 2.9461652e-01
 9.4326381e-03 2.0503299e-05]",[4.9955725e-05 9.8531375e-05 9.8685580e-01 1.2995737e-02],[9.9999952e-01 4.3779718e-07],"[1.8784683e-06 2.6596931e-04 1.6706800e-02 5.1216453e-01 4.5178437e-01
 1.8920148e-02 1.5306505e-04 3.2908554e-06 1.6338760e-08]"
/scratch/project_462000771/mengting/projects/bias/Qwen/chinese_prompt/selected_faces/detected_person/person_0482_face0.png,Southeast Asian,Asian,Male,40-49,"[1.61052379e-03 1.21696554e-04 1.17737405e-01 4.14428622e-01
 4.60523814e-01 4.62834816e-03 9.49604902e-04]",[1.8289877e-03 5.1103019e-05 9.7876453e-01 1.9355385e-02],[9.9998069e-01 1.9332621e-05],"[2.3111843e-06 3.0954066e-05 5.6441454e-04 4.7595431e-03 1.6940105e-01
 5.9564763e-01 2.2266968e-01 6.8855984e-03 3.8774906e-05]"
/scratch/project_462000771/mengting/projects/bias/Qwen/chinese_prompt/selected_faces/detected_person/person_0697_face0.png,Middle Eastern,Indian,Male,40-49,"[1.0893460e-02 3.0774914e-03 1.8216810e-01 1.7408876e-05 2.2889479e-04
 2.7330160e-01 5.3031301e-01]",[0.06486399 0.0022362  0.00113573 0.93176407],[9.999999e-01 6.440104e-08],"[4.1226390e-06 5.6108529e-06 9.9502191e-05 6.6687805e-03 2.5979254e-01
 6.6778272e-01 6.4946614e-02 6.9461344e-04 5.5636119e-06]"
/scratch/project_462000771/mengting/projects/bias/Qwen/chinese_prompt/selected_faces/detected_person/person_0578_face0.png,Southeast Asian,Asian,Male,20-29,"[6.4272979e-05 2.2798808e-05 3.5397012e-03 4.6843019e-01 5.2758044e-01
 3.2539599e-04 3.7198672e-05]",[1.5269898e-04 6.2884006e-05 9.9622005e-01 3.5643338e-03],[1.0000000e+00 6.1883667e-09],"[1.7026609e-07 3.5361594e-05 7.3902726e-02 8.0829144e-01 1.1610299e-01
 1.6526051e-03 1.3887771e-05 8.2563611e-07 8.4730889e-09]"
/scratch/project_462000771/mengting/projects/bias/Qwen/chinese_prompt/selected_faces/detected_person/person_0600_face0.png,East Asian,Asian,Female,20-29,"[4.7348673e-03 1.2624347e-06 2.7564475e-03 9.4759315e-01 4.4610355e-02
 2.4189931e-04 6.1949431e-05]",[2.3918761e-02 7.6659402e-05 9.7300220e-01 3.0022867e-03],[5.1886955e-06 9.9999481e-01],"[7.2325053e-09 9.9570556e-05 1.0891149e-01 8.7058878e-01 2.0327054e-02
 7.3028743e-05 9.6384220e-08 2.4919231e-09 2.9043178e-11]"
/scratch/project_462000771/mengting/projects/bias/Qwen/chinese_prompt/selected_faces/detected_person/person_0148_face0.png,White,White,Male,40-49,"[9.9848801e-01 2.3436823e-07 1.0655442e-03 1.0820908e-05 1.1449447e-05
 2.2954491e-05 4.0099947e-04]",[9.9992931e-01 6.1186489e-07 4.4307603e-06 6.5569904e-05],[9.9999624e-01 3.7630934e-06],"[2.6410184e-05 7.9913028e-05 3.1357426e-03 7.6958672e-03 1.2714215e-01
 6.1233187e-01 2.4633656e-01 3.2345899e-03 1.6890632e-05]"
/scratch/project_462000771/mengting/projects/bias/Qwen/chinese_prompt/selected_faces/detected_person/person_0507_face0.png,Indian,Indian,Male,30-39,"[9.3400460e-03 5.2957996e-05 1.5345837e-01 1.7814580e-04 6.1094097e-04
 7.5997061e-01 7.6388910e-02]",[1.22381533e-02 1.02538484e-04 2.25020736e-03 9.85409081e-01],[9.9985307e-01 1.4694512e-04],"[5.4392731e-06 5.4780772e-05 4.7862399e-03 3.7794977e-01 5.6713372e-01
 4.9710449e-02 3.5572276e-04 3.9132547e-06 4.8080217e-08]"
/scratch/project_462000771/mengting/projects/bias/Qwen/chinese_prompt/selected_faces/detected_person/person_0274_face0.png,White,White,Male,40-49,"[9.9998838e-01 6.3248895e-09 3.3884191e-06 1.3646061e-07 2.0249685e-07
 1.2154027e-06 6.7446736e-06]",[9.9984980e-01 1.5398683e-06 3.0424299e-05 1.1822708e-04],[9.999990e-01 9.917103e-07],"[1.0706281e-06 1.6444101e-06 8.6175853e-05 2.6124627e-03 7.9431385e-02
 5.2499801e-01 3.8924539e-01 3.5960237e-03 2.7744225e-05]"
/scratch/project_462000771/mengting/projects/bias/Qwen/chinese_prompt/selected_faces/detected_person/person_0938_face0.png,Indian,Indian,Male,30-39,"[1.7925537e-03 2.4637133e-03 3.5600346e-01 7.3311536e-04 2.7204508e-02
 6.1148036e-01 3.2234326e-04]",[0.00189296 0.00483596 0.02094679 0.9723243 ],[9.9999827e-01 1.7373856e-06],"[3.5087849e-06 6.3115680e-05 8.2325179e-04 7.4446298e-02 7.7620298e-01
 1.4654733e-01 1.9075222e-03 5.9378754e-06 4.4094211e-08]"
/scratch/project_462000771/mengting/projects/bias/Qwen/chinese_prompt/selected_faces/detected_person/person_0244_face0.png,White,White,Male,30-39,"[6.2929636e-01 1.5420657e-04 1.8471234e-01 9.0648769e-04 1.5352740e-03
 2.0219965e-02 1.6317528e-01]",[9.5141202e-01 7.8627764e-04 1.9063159e-03 4.5895331e-02],[9.9997705e-01 2.2883511e-05],"[6.7290771e-06 5.7116045e-05 5.2374322e-04 3.8879301e-02 6.7615926e-01
 2.8108752e-01 3.2749260e-03 1.1267983e-05 1.3142554e-07]"
/scratch/project_462000771/mengting/projects/bias/Qwen/chinese_prompt/selected_faces/detected_person/person_0535_face0.png,East Asian,Asian,Male,30-39,"[1.2801433e-04 2.0885437e-07 6.4455369e-04 9.6427691e-01 3.4887716e-02
 3.7656562e-05 2.4946365e-05]",[3.7148199e-04 2.0087741e-06 9.9939823e-01 2.2829272e-04],[9.9997813e-01 2.1846685e-05],"[2.1299734e-06 4.3266271e-05 1.1343107e-02 3.0820486e-01 6.3809514e-01
 4.1464984e-02 7.9986890e-04 4.6314461e-05 2.3786681e-07]"
/scratch/project_462000771/mengting/projects/bias/Qwen/chinese_prompt/selected_faces/detected_person/person_0191_face0.png,Latino_Hispanic,Indian,Male,50-59,"[1.4412749e-01 8.8245026e-04 7.0419514e-01 3.1504338e-04 7.4706506e-04
 7.7077866e-02 7.2654895e-02]",[2.2559939e-01 1.0673035e-02 7.6241331e-04 7.6296514e-01],[9.9993461e-01 6.5383254e-05],"[4.7228688e-05 7.4383999e-05 7.3790306e-04 8.0795772e-04 3.7633549e-02
 4.5102781e-01 5.0085610e-01 8.7824538e-03 3.2701537e-05]"
/scratch/project_462000771/mengting/projects/bias/Qwen/chinese_prompt/selected_faces/detected_person/person_0254_face0.png,White,White,Male,30-39,"[4.7503352e-01 2.7721914e-04 2.3885021e-01 2.9581817e-04 4.6570483e-04
 2.2133019e-02 2.6294452e-01]",[9.3283600e-01 2.5772283e-04 2.8808531e-04 6.6618189e-02],[9.9999183e-01 8.1947592e-06],"[1.0351390e-06 7.5888706e-06 1.6145097e-03 5.5446122e-02 6.2658489e-01
 3.0677021e-01 9.5097627e-03 6.5373315e-05 4.3089577e-07]"
/scratch/project_462000771/mengting/projects/bias/Qwen/chinese_prompt/selected_faces/detected_person/person_0155_face0.png,White,White,Male,40-49,"[9.93879557e-01 2.05120500e-06 3.31186573e-03 1.07018415e-04
 1.02021811e-04 4.38286625e-05 2.55364948e-03]",[9.9972600e-01 3.4849952e-06 1.1727263e-04 1.5314821e-04],[9.999994e-01 5.522501e-07],"[6.9116822e-07 2.7948195e-06 3.6467556e-04 5.1549869e-03 1.9074136e-01
 6.2061846e-01 1.8115348e-01 1.9537320e-03 9.7993034e-06]"
/scratch/project_462000771/mengting/projects/bias/Qwen/chinese_prompt/selected_faces/detected_person/person_0144_face0.png,Black,Black,Male,40-49,"[4.3653699e-06 9.5818138e-01 1.8797713e-04 3.3931556e-06 1.1751692e-04
 4.1504648e-02 6.2506496e-07]",[9.3233339e-06 9.9665552e-01 4.0234168e-05 3.2949254e-03],[0.99854344 0.00145655],"[3.8873307e-07 1.0010649e-05 5.2870443e-04 1.8825134e-02 2.3658906e-01
 6.1511898e-01 1.2811802e-01 7.8218698e-04 2.7555421e-05]"
/scratch/project_462000771/mengting/projects/bias/Qwen/chinese_prompt/selected_faces/detected_person/person_0954_face0.png,Southeast Asian,Asian,Male,30-39,"[9.1934088e-04 3.2222978e-04 8.5196786e-02 2.9017615e-01 5.9469497e-01
 2.8280450e-02 4.0999387e-04]",[7.7382312e-04 4.8200774e-05 9.5198363e-01 4.7194373e-02],[9.9999332e-01 6.6569355e-06],"[5.9090357e-06 8.5369844e-05 3.3703547e-03 1.2283036e-01 6.9563603e-01
 1.7360583e-01 4.3582176e-03 1.0710514e-04 8.2338369e-07]"
/scratch/project_462000771/mengting/projects/bias/Qwen/chinese_prompt/selected_faces/detected_person/person_0456_face0.png,White,White,Male,50-59,"[9.94353473e-01 1.37319250e-06 1.74287846e-03 2.69815228e-05
 3.20614527e-05 1.07401174e-04 3.73585895e-03]",[9.9659556e-01 3.6904673e-04 9.5093295e-05 2.9403165e-03],[9.9999988e-01 1.4135573e-07],"[1.0169047e-06 6.2945639e-07 1.7094922e-05 8.1427315e-05 7.0316922e-03
 2.0895909e-01 7.4698871e-01 3.6749251e-02 1.7118161e-04]"
/scratch/project_462000771/mengting/projects/bias/Qwen/chinese_prompt/selected_faces/detected_person/person_0758_face0.png,White,White,Male,30-39,"[4.5369145e-01 1.1477798e-04 2.3673917e-01 2.2402552e-03 2.1581843e-03
 3.7977077e-02 2.6707903e-01]",[9.3047035e-01 9.3269264e-05 1.1499276e-03 6.8286501e-02],[9.999698e-01 3.020923e-05],"[5.1292182e-06 3.8961723e-05 1.0365944e-03 2.1616550e-01 7.3016566e-01
 5.2323677e-02 2.6243590e-04 1.9792592e-06 3.0255574e-08]"
/scratch/project_462000771/mengting/projects/bias/Qwen/chinese_prompt/selected_faces/detected_person/person_0033_face0.png,Black,Black,Male,40-49,"[0.00133867 0.636034   0.0496918  0.00129088 0.02079342 0.28973678
 0.00111448]",[0.00156571 0.7597097  0.01438331 0.22434124],[0.9975209  0.00247911],"[1.8328456e-06 4.3351297e-06 5.1475095e-04 3.0374231e-02 3.6518800e-01
 4.8423654e-01 1.1721035e-01 2.3705149e-03 9.9424644e-05]"
/scratch/project_462000771/mengting/projects/bias/Qwen/chinese_prompt/selected_faces/detected_person/person_0496_face0.png,White,White,Male,30-39,"[9.9988234e-01 1.9147224e-07 1.5484966e-05 2.6901762e-06 3.3841959e-06
 7.3435162e-06 8.8528526e-05]",[9.9907494e-01 8.9303838e-05 9.2470182e-06 8.2646532e-04],[9.9999607e-01 3.9381143e-06],"[3.4505129e-07 5.1960660e-06 6.6512718e-04 1.5190984e-01 6.9708949e-01
 1.4738192e-01 2.9330733e-03 1.4579874e-05 4.3606798e-07]"
/scratch/project_462000771/mengting/projects/bias/Qwen/chinese_prompt/selected_faces/detected_person/person_0688_face0.png,White,White,Male,40-49,"[9.9965781e-01 2.2076939e-07 1.9177931e-04 2.2629458e-06 4.5868924e-06
 7.0026617e-06 1.3627468e-04]",[9.9939877e-01 1.9152065e-04 2.2788632e-04 1.8191930e-04],[9.9996656e-01 3.3401218e-05],"[8.8978754e-07 7.7035666e-06 7.8064471e-04 1.2817101e-02 2.3222364e-01
 5.7414627e-01 1.7800303e-01 2.0021410e-03 1.8634108e-05]"
/scratch/project_462000771/mengting/projects/bias/Qwen/chinese_prompt/selected_faces/detected_person/person_0863_face0.png,Indian,Indian,Male,20-29,"[4.2274973e-04 1.9276652e-01 5.5632543e-02 2.1554550e-05 1.2979427e-03
 7.3444963e-01 1.5408998e-02]",[1.0792711e-04 1.9743507e-01 3.8068995e-04 8.0207628e-01],[9.999993e-01 7.165091e-07],"[2.0048334e-07 1.9614252e-05 5.3932131e-03 6.3418293e-01 3.5089439e-01
 9.4738835e-03 3.5363395e-05 4.1550430e-07 5.9173511e-09]"
/scratch/project_462000771/mengting/projects/bias/Qwen/chinese_prompt/selected_faces/detected_person/person_0098_face0.png,White,White,Male,40-49,"[6.0580355e-01 9.2254311e-05 1.6793761e-01 7.5942243e-04 1.0172060e-03
 7.7963821e-03 2.1659365e-01]",[9.9528366e-01 3.4049397e-05 1.7354467e-03 2.9468294e-03],[9.9993587e-01 6.4168933e-05],"[1.2155661e-05 2.6813845e-05 3.4468822e-04 3.3958862e-03 1.9748180e-01
 7.0627338e-01 9.1478460e-02 9.7836356e-04 8.5042839e-06]"
/scratch/project_462000771/mengting/projects/bias/Qwen/chinese_prompt/selected_faces/detected_person/person_0906_face0.png,Indian,Indian,Male,30-39,"[1.3686127e-03 6.6429522e-04 1.4342836e-01 3.4526838e-05 4.4180424e-04
 8.4553874e-01 8.5237073e-03]",[0.00126377 0.00125571 0.00110228 0.99637824],[9.9985075e-01 1.4924414e-04],"[4.6301750e-05 1.2104199e-03 1.9568754e-02 1.6319107e-01 5.5057877e-01
 2.5116432e-01 1.4148497e-02 9.0427660e-05 1.3961049e-06]"
/scratch/project_462000771/mengting/projects/bias/Qwen/chinese_prompt/selected_faces/detected_person/person_0919_face0.png,White,White,Male,40-49,"[7.3803222e-01 9.7070435e-05 1.9369684e-01 4.6764084e-04 6.0379843e-04
 9.3769645e-03 5.7725422e-02]",[9.8587024e-01 1.9083974e-04 1.0334625e-03 1.2905428e-02],[9.999999e-01 8.751873e-08],"[1.1683833e-05 3.8709244e-05 1.0623850e-03 3.6223652e-03 1.4512493e-01
 6.6039491e-01 1.8749912e-01 2.2397621e-03 6.1624874e-06]"
/scratch/project_462000771/mengting/projects/bias/Qwen/chinese_prompt/selected_faces/detected_person/person_0895_face0.png,Latino_Hispanic,Indian,Male,40-49,"[1.2231215e-01 4.0800733e-05 4.4674757e-01 7.5511351e-05 2.5761133e-04
 2.9784179e-01 1.3272466e-01]",[2.4920842e-01 8.8032029e-05 4.9781549e-04 7.5020576e-01],[9.9939495e-01 6.0504000e-04],"[7.9562997e-06 1.6106844e-05 2.7387432e-04 3.9927303e-04 4.4351365e-02
 6.0523641e-01 3.4690341e-01 2.7991419e-03 1.2446523e-05]"
/scratch/project_462000771/mengting/projects/bias/Qwen/chinese_prompt/selected_faces/detected_person/person_0186_face0.png,White,White,Male,30-39,"[8.22570801e-01 1.17541626e-04 1.14067182e-01 9.53551571e-05
 1.23419828e-04 2.45856261e-03 6.05670735e-02]",[0.9072171  0.00555621 0.00150411 0.08572267],[9.9991924e-01 8.0782927e-05],"[3.4718469e-06 4.2197633e-05 3.9714924e-03 1.2400494e-01 5.5317712e-01
 3.0590260e-01 1.2793278e-02 1.0369861e-04 1.1917107e-06]"
/scratch/project_462000771/mengting/projects/bias/Qwen/chinese_prompt/selected_faces/detected_person/person_0226_face0.png,White,White,Male,30-39,"[8.3259147e-01 2.5756157e-05 5.0303441e-02 1.1009340e-05 5.3701002e-05
 9.3637392e-02 2.3377180e-02]",[6.6384256e-01 1.2119595e-04 4.6357542e-04 3.3557263e-01],[9.9999595e-01 4.0053828e-06],"[1.8328436e-07 1.8580131e-06 3.0761608e-04 9.6505895e-02 7.3170948e-01
 1.6882482e-01 2.6433610e-03 6.7140559e-06 9.3042686e-08]"
/scratch/project_462000771/mengting/projects/bias/Qwen/chinese_prompt/selected_faces/detected_person/person_0136_face0.png,East Asian,Asian,Male,20-29,"[1.7947366e-04 8.8842635e-06 6.0270303e-03 7.9939282e-01 1.9401188e-01
 3.3861457e-04 4.1282863e-05]",[7.404607e-05 5.598335e-05 9.992034e-01 6.666582e-04],[9.9999803e-01 1.9908643e-06],"[3.2058125e-08 1.0734584e-06 2.5510509e-03 5.7798678e-01 4.0993065e-01
 9.4844829e-03 4.4914577e-05 9.8753651e-07 6.4708106e-09]"
/scratch/project_462000771/mengting/projects/bias/Qwen/chinese_prompt/selected_faces/detected_person/person_0766_face0.png,Black,Black,Male,10-19,"[6.1243013e-06 9.9769932e-01 1.9927934e-04 1.5892832e-05 2.8059518e-04
 1.7908992e-03 7.9668680e-06]",[4.2291622e-06 9.9976611e-01 2.4854013e-05 2.0483165e-04],[0.5493208  0.45067912],"[9.74030968e-07 1.08896205e-02 7.65067041e-01 2.16690138e-01
 7.18820328e-03 1.62644559e-04 1.37416475e-06 3.57985250e-08
 3.98230515e-09]"
/scratch/project_462000771/mengting/projects/bias/Qwen/chinese_prompt/selected_faces/detected_person/person_0069_face0.png,White,White,Male,40-49,"[5.3052163e-01 1.3021546e-05 4.1327688e-01 2.9812587e-02 7.2145602e-03
 4.3782974e-03 1.4782996e-02]",[9.5171231e-01 3.7813536e-06 4.5542639e-02 2.7412949e-03],[9.9999803e-01 1.9627992e-06],"[3.9927043e-05 1.2733263e-04 1.1032593e-03 7.5474116e-03 3.5518324e-01
 5.7311159e-01 6.2378887e-02 5.0754665e-04 7.7790492e-07]"
/scratch/project_462000771/mengting/projects/bias/Qwen/chinese_prompt/selected_faces/detected_person/person_0548_face0.png,Southeast Asian,Asian,Male,30-39,"[3.2742132e-04 1.1966116e-05 2.4406083e-02 4.4515690e-01 5.2654231e-01
 3.4404055e-03 1.1494921e-04]",[2.2844251e-04 3.6983423e-05 9.8200101e-01 1.7733619e-02],[9.9999988e-01 1.4637821e-07],"[1.9394469e-07 5.5189084e-06 1.2704880e-03 2.0005609e-01 7.2594804e-01
 7.1926199e-02 7.8342418e-04 9.9714325e-06 5.3103957e-08]"
/scratch/project_462000771/mengting/projects/bias/Qwen/chinese_prompt/selected_faces/detected_person/person_0238_face0.png,Indian,Indian,Female,40-49,"[7.8982778e-02 2.3712379e-04 3.9500538e-01 1.2766988e-03 7.8864330e-03
 4.1065055e-01 1.0596105e-01]",[5.6713004e-02 5.5238046e-04 9.3888706e-03 9.3334574e-01],[1.524086e-04 9.998476e-01],"[3.2966850e-06 1.9803082e-04 4.1074436e-03 1.8385995e-02 1.6329481e-01
 5.0171846e-01 2.7411965e-01 3.4922041e-02 3.2502192e-03]"
/scratch/project_462000771/mengting/projects/bias/Qwen/chinese_prompt/selected_faces/detected_person/person_0595_face0.png,East Asian,Asian,Male,30-39,"[1.0140382e-03 8.7728600e-05 5.6017619e-02 4.9119806e-01 4.4477251e-01
 6.4335177e-03 4.7650054e-04]",[2.3314457e-04 8.4352949e-05 9.9026710e-01 9.4153164e-03],[9.9999982e-01 1.8630332e-07],"[8.2543136e-07 1.3572643e-05 2.1724184e-03 1.5831096e-01 6.4826661e-01
 1.7575839e-01 1.4956897e-02 5.1615085e-04 4.1757071e-06]"
/scratch/project_462000771/mengting/projects/bias/Qwen/chinese_prompt/selected_faces/detected_person/person_0820_face0.png,White,White,Male,40-49,"[9.3780482e-01 2.6063288e-05 5.0742932e-02 2.5531382e-04 5.1496323e-04
 7.7270932e-04 9.8832836e-03]",[9.9622601e-01 7.6180848e-05 2.4826212e-03 1.2151952e-03],[9.9998480e-01 1.5212417e-05],"[6.8813738e-06 3.5029934e-05 7.6516334e-04 3.6427733e-03 1.3157751e-01
 6.6636974e-01 1.9496655e-01 2.6239858e-03 1.2346934e-05]"
/scratch/project_462000771/mengting/projects/bias/Qwen/chinese_prompt/selected_faces/detected_person/person_0378_face0.png,White,White,Male,30-39,"[6.0704625e-01 2.6148511e-05 8.6127641e-03 2.3593818e-06 1.1827607e-05
 6.4535218e-04 3.8365537e-01]",[9.8957729e-01 2.1237241e-04 6.3495718e-05 1.0146882e-02],[9.999991e-01 9.097048e-07],"[8.5389665e-08 6.7290853e-07 1.5235314e-04 2.5301525e-02 6.5417826e-01
 3.1587511e-01 4.4752723e-03 1.6611319e-05 1.1251061e-07]"
/scratch/project_462000771/mengting/projects/bias/Qwen/chinese_prompt/selected_faces/detected_person/person_0450_face0.png,White,White,Male,40-49,"[9.9966997e-01 6.0335367e-08 2.9074230e-05 1.9555362e-06 2.4016290e-06
 2.2252348e-06 2.9435693e-04]",[9.9982893e-01 1.3766257e-06 4.4680015e-05 1.2500017e-04],[9.999513e-01 4.873331e-05],"[8.5886404e-06 7.6473643e-06 1.8075394e-04 5.2089463e-03 1.9909626e-01
 6.2145549e-01 1.7173178e-01 2.2780308e-03 3.2509528e-05]"
/scratch/project_462000771/mengting/projects/bias/Qwen/chinese_prompt/selected_faces/detected_person/person_0668_face0.png,Latino_Hispanic,White,Male,30-39,"[4.1531876e-01 2.0667617e-04 4.5780987e-01 1.9538789e-03 2.0677515e-03
 1.1310859e-02 1.1133209e-01]",[0.7963342  0.00126291 0.00687772 0.19552515],[9.999991e-01 9.636855e-07],"[6.3617898e-07 3.3710160e-06 7.3171803e-04 1.4208344e-01 7.5279510e-01
 1.0326762e-01 1.1124333e-03 5.7270881e-06 2.6296807e-08]"
/scratch/project_462000771/mengting/projects/bias/Qwen/chinese_prompt/selected_faces/detected_person/person_0557_face0.png,White,White,Male,40-49,"[9.4376713e-01 2.0593154e-06 4.0660687e-02 5.9270981e-04 8.0795307e-04
 3.6539833e-04 1.3804072e-02]",[9.9878532e-01 4.5307665e-05 7.2183984e-04 4.4749852e-04],[9.9996948e-01 3.0473244e-05],"[2.9897910e-07 2.1647606e-06 2.3535419e-04 2.6671316e-03 1.7165026e-01
 7.4183565e-01 8.3110198e-02 4.9681769e-04 2.0990044e-06]"
/scratch/project_462000771/mengting/projects/bias/Qwen/chinese_prompt/selected_faces/detected_person/person_0839_face0.png,White,White,Male,30-39,"[4.8818874e-01 1.9432283e-04 3.9677224e-01 4.9751201e-03 2.9856458e-03
 4.8222048e-03 1.0206177e-01]",[9.9072236e-01 2.5290739e-05 1.5988206e-03 7.6535158e-03],[9.9998158e-01 1.8452884e-05],"[2.8149205e-05 7.0658592e-05 1.0367086e-03 5.0703790e-02 6.8915796e-01
 2.5015354e-01 8.7404214e-03 1.0791178e-04 7.6158733e-07]"
/scratch/project_462000771/mengting/projects/bias/Qwen/chinese_prompt/selected_faces/detected_person/person_0501_face0.png,White,White,Male,30-39,"[9.9991685e-01 1.7437724e-08 1.7503737e-05 2.5148327e-06 2.8568156e-06
 9.1276002e-07 5.9405513e-05]",[9.9984735e-01 7.6554710e-07 1.4200524e-04 9.8233822e-06],[0.9944612  0.00553886],"[2.7727547e-05 1.8542877e-03 6.7667320e-02 4.1879925e-01 4.3132511e-01
 7.8964174e-02 1.3524677e-03 9.2605105e-06 4.2685900e-07]"
/scratch/project_462000771/mengting/projects/bias/Qwen/chinese_prompt/selected_faces/detected_person/person_0362_face0.png,Indian,Indian,Male,30-39,"[1.2159734e-03 2.1846317e-02 7.7387229e-02 9.3715360e-05 1.3454021e-03
 8.9672947e-01 1.3818289e-03]",[0.00154565 0.16254815 0.00280661 0.8330996 ],[0.99742186 0.0025781 ],"[7.6481147e-06 3.4473134e-05 7.7086955e-04 4.0491000e-02 6.4000314e-01
 3.0547661e-01 1.3129169e-02 8.5962187e-05 9.7680572e-07]"
/scratch/project_462000771/mengting/projects/bias/Qwen/chinese_prompt/selected_faces/detected_person/person_0882_face0.png,White,White,Male,30-39,"[9.3863392e-01 1.3801464e-05 7.4947556e-03 1.8906709e-05 3.6769474e-05
 7.0374204e-05 5.3731598e-02]",[9.9717289e-01 1.9355173e-05 2.5000778e-04 2.5577496e-03],[9.9999696e-01 3.0524791e-06],"[1.0752534e-07 8.1395574e-06 4.1616648e-03 4.7787470e-01 5.0843042e-01
 9.5010288e-03 2.3786195e-05 1.4628395e-07 1.4817029e-09]"
/scratch/project_462000771/mengting/projects/bias/Qwen/chinese_prompt/selected_faces/detected_person/person_0352_face0.png,East Asian,Asian,Male,30-39,"[3.6684304e-04 2.0480999e-05 2.6139311e-02 5.3966862e-01 4.3075526e-01
 2.9409737e-03 1.0850977e-04]",[1.2751060e-04 5.3791096e-05 9.9440455e-01 5.4141739e-03],[1.000000e+00 7.752547e-09],"[6.0549006e-08 3.4350965e-06 9.7184337e-04 2.7624372e-01 6.5599996e-01
 6.5755218e-02 1.0105141e-03 1.5209771e-05 6.1923373e-08]"
/scratch/project_462000771/mengting/projects/bias/Qwen/chinese_prompt/selected_faces/detected_person/person_0019_face0.png,Indian,Indian,Female,40-49,"[8.9790381e-04 9.9098450e-03 6.0280330e-02 1.3035063e-04 3.1163155e-03
 9.2297149e-01 2.6937183e-03]",[0.00207211 0.05551068 0.00210213 0.94031507],[2.276073e-04 9.997724e-01],"[9.1407266e-08 4.4743672e-07 3.1780528e-05 1.9137189e-03 9.1842920e-02
 6.0646397e-01 2.8920901e-01 1.0445316e-02 9.2732094e-05]"
/scratch/project_462000771/mengting/projects/bias/Qwen/chinese_prompt/selected_faces/detected_person/person_0886_face0.png,Southeast Asian,Asian,Male,20-29,"[7.0945614e-05 7.5645534e-05 5.9369090e-03 3.1443956e-01 6.7827326e-01
 1.1976049e-03 6.0902462e-06]",[1.8114940e-04 1.2515993e-03 9.9285865e-01 5.7085743e-03],[9.9979669e-01 2.0331326e-04],"[1.39413018e-07 6.53046591e-04 3.17219883e-01 6.70552969e-01
 1.15224905e-02 5.12773586e-05 1.83613054e-07 7.31570715e-09
 1.79698728e-10]"
/scratch/project_462000771/mengting/projects/bias/Qwen/chinese_prompt/selected_faces/detected_person/person_0913_face0.png,Black,Black,Male,20-29,"[4.4097633e-05 5.6685513e-01 9.6601257e-03 1.8594303e-05 1.0493553e-03
 4.2178336e-01 5.8931706e-04]",[2.7119524e-05 9.4060451e-01 1.7293355e-04 5.9195407e-02],[9.9999166e-01 8.3371042e-06],"[1.1961013e-06 1.0632437e-03 2.4567880e-01 6.8073142e-01 7.0208937e-02
 2.2906533e-03 2.5522168e-05 2.4896138e-07 5.2772413e-09]"
/scratch/project_462000771/mengting/projects/bias/Qwen/chinese_prompt/selected_faces/detected_person/person_0695_face0.png,Latino_Hispanic,White,Male,50-59,"[4.9195641e-01 7.1378954e-04 4.9241436e-01 4.2743993e-04 1.1442589e-03
 7.4355928e-03 5.9081735e-03]",[9.9935162e-01 4.8222581e-05 1.6493062e-04 4.3518716e-04],[9.9982226e-01 1.7774077e-04],"[4.5736939e-05 1.3795891e-04 2.4470703e-03 5.6778040e-04 1.3489811e-02
 1.9590272e-01 6.9352877e-01 9.2688747e-02 1.1913641e-03]"
/scratch/project_462000771/mengting/projects/bias/Qwen/chinese_prompt/selected_faces/detected_person/person_0106_face0.png,Indian,Indian,Male,50-59,"[1.5105731e-04 2.9395305e-02 1.4858439e-02 2.3135402e-04 1.0619681e-02
 9.3939942e-01 5.3447653e-03]",[1.6734799e-04 4.3428287e-02 1.8719481e-02 9.3768483e-01],[9.9995029e-01 4.9765506e-05],"[1.3766232e-05 3.1135016e-05 3.2539797e-04 1.2893345e-03 2.0185661e-02
 2.1816640e-01 6.3023055e-01 1.2530762e-01 4.4501196e-03]"
/scratch/project_462000771/mengting/projects/bias/Qwen/chinese_prompt/selected_faces/detected_person/person_0586_face0.png,White,White,Male,40-49,"[5.2123845e-01 5.4603439e-05 3.8528677e-02 4.8498081e-05 1.2317162e-04
 1.4426912e-03 4.3856397e-01]",[9.9542773e-01 8.7798973e-05 4.9379352e-05 4.4350345e-03],[9.994184e-01 5.815669e-04],"[4.4022859e-06 2.3877361e-05 6.4926094e-04 2.0917652e-02 4.1481084e-01
 5.3401929e-01 2.9202798e-02 3.6490976e-04 7.0232159e-06]"
/scratch/project_462000771/mengting/projects/bias/Qwen/chinese_prompt/selected_faces/detected_person/person_0640_face0.png,White,White,Male,30-39,"[9.8859030e-01 3.5907939e-07 9.4223367e-03 6.4839976e-04 3.2851670e-04
 7.6058270e-05 9.3392737e-04]",[9.9725229e-01 2.3932007e-06 1.9683533e-03 7.7704975e-04],[9.9997902e-01 2.0960813e-05],"[8.60519594e-06 2.34292151e-04 1.17631275e-02 1.04333073e-01
 7.14941621e-01 1.65920600e-01 2.78433948e-03 1.42339268e-05
 8.03357949e-08]"
/scratch/project_462000771/mengting/projects/bias/Qwen/chinese_prompt/selected_faces/detected_person/person_0010_face0.png,White,White,Male,40-49,"[9.8139906e-01 1.3728534e-06 1.5154517e-02 1.5798230e-04 7.9930207e-05
 7.4600233e-05 3.1324124e-03]",[9.9972755e-01 1.9155426e-05 1.5519450e-04 9.8115022e-05],[9.9997926e-01 2.0776310e-05],"[7.39051131e-07 3.80789720e-06 2.45244853e-04 1.63571886e-03
 1.49391711e-01 7.47827888e-01 1.00222945e-01 6.70088513e-04
 1.90307628e-06]"
/scratch/project_462000771/mengting/projects/bias/Qwen/chinese_prompt/selected_faces/detected_person/person_0939_face0.png,White,White,Male,40-49,"[8.7573785e-01 1.7240929e-05 8.4511325e-02 3.4057098e-03 3.4952655e-03
 3.4317742e-03 2.9400866e-02]",[9.9826562e-01 1.7555956e-05 5.3755671e-04 1.1792672e-03],[9.9997520e-01 2.4778868e-05],"[1.1617233e-05 1.0971841e-04 1.6502482e-03 3.4020799e-03 1.5149224e-01
 7.0106810e-01 1.4105918e-01 1.2003403e-03 6.4466644e-06]"
/scratch/project_462000771/mengting/projects/bias/Qwen/chinese_prompt/selected_faces/detected_person/person_0489_face0.png,Latino_Hispanic,Indian,Male,30-39,"[7.0375592e-02 5.7440577e-04 8.3160877e-01 2.6344280e-03 7.4451594e-03
 2.4214445e-02 6.3147217e-02]",[0.38114595 0.00851557 0.06938685 0.54095167],[9.9999869e-01 1.3246829e-06],"[4.5727722e-07 8.0136415e-06 1.1125485e-03 6.8143956e-02 6.9010508e-01
 2.3654635e-01 4.0685120e-03 1.5003785e-05 6.8555458e-08]"
/scratch/project_462000771/mengting/projects/bias/Qwen/chinese_prompt/selected_faces/detected_person/person_0090_face0.png,East Asian,Asian,Male,40-49,"[3.1381827e-05 1.1279005e-05 2.0361324e-03 6.0399532e-01 3.9375472e-01
 1.5245164e-04 1.8784815e-05]",[2.00123941e-05 1.10375195e-05 9.99897420e-01 7.15200731e-05],[0.99833995 0.00165999],"[7.6277530e-08 9.3767204e-07 1.2758520e-04 1.9083750e-02 3.9848390e-01
 5.3624481e-01 4.4906288e-02 1.1448637e-03 7.8053681e-06]"
/scratch/project_462000771/mengting/projects/bias/Qwen/chinese_prompt/selected_faces/detected_person/person_0020_face0.png,Indian,Indian,Male,30-39,"[8.3243120e-03 2.2340073e-04 2.8928846e-01 1.9089485e-04 1.2861904e-03
 6.8168026e-01 1.9006470e-02]",[7.7119693e-03 2.4589113e-04 4.7507361e-03 9.8729140e-01],[9.9994147e-01 5.8569873e-05],"[1.0805114e-05 7.7613739e-05 2.7174004e-03 1.5029033e-01 6.6533715e-01
 1.7441246e-01 7.0787561e-03 7.4386713e-05 1.0814964e-06]"
/scratch/project_462000771/mengting/projects/bias/Qwen/chinese_prompt/selected_faces/detected_person/person_0783_face0.png,White,White,Male,50-59,"[9.5865417e-01 5.9698109e-06 3.4761212e-03 2.5339297e-05 8.9018991e-05
 2.1185772e-04 3.7537437e-02]",[9.99785423e-01 5.66345670e-06 1.00382327e-04 1.08438566e-04],[9.9999976e-01 1.8364720e-07],"[2.1021308e-06 1.2157756e-06 2.2321785e-05 6.1756517e-05 3.0829206e-03
 9.4592057e-02 7.9201567e-01 1.0894369e-01 1.2783241e-03]"
/scratch/project_462000771/mengting/projects/bias/Qwen/chinese_prompt/selected_faces/detected_person/person_0947_face0.png,Latino_Hispanic,Asian,Male,30-39,"[2.0236736e-02 1.3056886e-04 5.0741905e-01 2.0395413e-01 2.1386567e-01
 3.2171708e-02 2.2222092e-02]",[2.1793026e-02 1.9546508e-04 7.8338534e-01 1.9462614e-01],[9.9999511e-01 4.8843235e-06],"[2.2891977e-06 6.2021885e-05 7.1390001e-03 2.8854167e-01 6.4754552e-01
 5.5703975e-02 9.8821218e-04 1.7206783e-05 1.3477735e-07]"
/scratch/project_462000771/mengting/projects/bias/Qwen/chinese_prompt/selected_faces/detected_person/person_0400_face0.png,White,White,Female,20-29,"[9.9986750e-01 1.7483947e-07 6.0857848e-05 2.2382471e-07 4.1261470e-07
 4.1590403e-07 7.0433889e-05]",[9.9928522e-01 5.3788733e-04 7.7987213e-05 9.8959834e-05],[3.0955032e-04 9.9969041e-01],"[2.4007516e-08 3.1242063e-05 2.8456790e-02 7.7237481e-01 1.9577958e-01
 3.3496614e-03 7.8192943e-06 5.5458866e-08 1.8228239e-09]"
/scratch/project_462000771/mengting/projects/bias/Qwen/chinese_prompt/selected_faces/detected_person/person_0545_face0.png,Black,Black,Female,20-29,"[1.3795054e-04 9.0622365e-01 4.9516843e-03 3.5876678e-07 6.4437877e-06
 8.8549398e-02 1.3056527e-04]",[1.9902806e-03 7.0151532e-01 2.3667719e-05 2.9647070e-01],[1.8940527e-04 9.9981058e-01],"[2.3805310e-07 1.8937972e-03 2.3798506e-01 6.4270222e-01 1.1593560e-01
 1.4660738e-03 1.6746486e-05 2.4274922e-07 1.9146627e-09]"
/scratch/project_462000771/mengting/projects/bias/Qwen/chinese_prompt/selected_faces/detected_person/person_0070_face0.png,White,White,Female,30-39,"[9.4191384e-01 1.2936872e-05 5.1952869e-02 4.0528364e-05 8.2779763e-05
 1.5649198e-04 5.8405758e-03]",[9.9899894e-01 2.9839439e-05 8.0015277e-04 1.7102559e-04],[4.864253e-06 9.999952e-01],"[2.18953474e-07 1.18081125e-05 6.71868096e-04 3.65862176e-02
 4.76130694e-01 4.45938259e-01 3.94299366e-02 1.21464604e-03
 1.63008535e-05]"
/scratch/project_462000771/mengting/projects/bias/Qwen/chinese_prompt/selected_faces/detected_person/person_0331_face0.png,White,White,Male,30-39,"[9.9524879e-01 1.2168429e-07 8.4488414e-04 3.0954085e-05 3.7842245e-05
 1.5976722e-05 3.8213823e-03]",[9.9942803e-01 2.8939334e-07 3.2137387e-04 2.5030764e-04],[9.9999815e-01 1.8579176e-06],"[3.2421383e-07 4.0288678e-06 3.1929524e-04 5.7120554e-02 8.0405462e-01
 1.3801979e-01 4.7979812e-04 1.6409571e-06 1.5227897e-08]"
/scratch/project_462000771/mengting/projects/bias/Qwen/chinese_prompt/selected_faces/detected_person/person_0433_face0.png,White,White,Male,40-49,"[9.9998266e-01 5.3413604e-08 5.3591816e-06 1.3103924e-07 4.1062057e-07
 2.2849167e-06 9.1940501e-06]",[9.9880606e-01 2.8814931e-05 1.8114320e-05 1.1470811e-03],[9.9997491e-01 2.5098185e-05],"[4.5075376e-07 4.5996526e-06 3.2871330e-04 1.4874040e-02 2.0564166e-01
 6.0770464e-01 1.7016518e-01 1.2436749e-03 3.7026599e-05]"
/scratch/project_462000771/mengting/projects/bias/Qwen/chinese_prompt/selected_faces/detected_person/person_0678_face0.png,White,White,Male,40-49,"[9.9985880e-01 8.8462389e-07 5.7326091e-05 4.2983725e-06 9.3367653e-06
 1.4025640e-05 5.5281165e-05]",[9.9573952e-01 1.1077179e-03 9.7467884e-04 2.1780401e-03],[9.9999797e-01 2.0266214e-06],"[7.4930921e-07 9.3126800e-06 5.4027961e-04 4.4723079e-02 2.7270016e-01
 4.6645042e-01 2.1219163e-01 3.2397460e-03 1.4454704e-04]"
/scratch/project_462000771/mengting/projects/bias/Qwen/chinese_prompt/selected_faces/detected_person/person_0821_face0.png,White,White,Male,40-49,"[8.0629742e-01 4.7038625e-06 7.2541513e-02 1.0403605e-03 5.4796267e-04
 2.0688765e-03 1.1749923e-01]",[9.8814994e-01 1.1045367e-05 6.2428159e-04 1.1214737e-02],[9.9999952e-01 4.9933897e-07],"[4.1645503e-06 7.0598962e-06 1.6476773e-04 2.7719708e-03 2.6353121e-01
 6.9039893e-01 4.2909004e-02 2.1244949e-04 3.8846855e-07]"
/scratch/project_462000771/mengting/projects/bias/Qwen/chinese_prompt/selected_faces/detected_person/person_0486_face0.png,Latino_Hispanic,Black,Male,30-39,"[0.00371764 0.01207068 0.5027688  0.03221661 0.37890923 0.06868529
 0.00163166]",[0.02670547 0.39241028 0.18860924 0.392275  ],[0.9987248  0.00127513],"[9.2566285e-07 5.7196983e-05 4.2229280e-02 2.9881206e-01 5.7838643e-01
 7.9063237e-02 1.4424436e-03 8.2938932e-06 1.0831186e-07]"
/scratch/project_462000771/mengting/projects/bias/Qwen/chinese_prompt/selected_faces/detected_person/person_0866_face0.png,Indian,Indian,Female,20-29,"[5.6374814e-02 1.1428080e-03 3.2113680e-01 1.5413153e-04 9.9723716e-04
 5.3844184e-01 8.1752405e-02]",[0.310749   0.01442453 0.00268483 0.6721417 ],[5.8365485e-04 9.9941635e-01],"[1.4721287e-08 2.2612121e-05 2.5600828e-02 8.3076835e-01 1.4174996e-01
 1.8486800e-03 9.4146535e-06 9.7422152e-08 1.2790849e-09]"
/scratch/project_462000771/mengting/projects/bias/Qwen/chinese_prompt/selected_faces/detected_person/person_0590_face0.png,Latino_Hispanic,Indian,Male,30-39,"[7.6979898e-02 2.3846509e-04 8.1132376e-01 1.5911980e-02 1.5475086e-02
 2.8642487e-02 5.1428430e-02]",[0.3594105  0.0022958  0.12843922 0.50985456],[9.9999785e-01 2.1402018e-06],"[7.1837053e-07 2.8565978e-06 3.2876365e-04 7.9005793e-02 7.5925702e-01
 1.5893956e-01 2.4540592e-03 1.1135039e-05 6.4846006e-08]"
/scratch/project_462000771/mengting/projects/bias/Qwen/chinese_prompt/selected_faces/detected_person/person_0657_face0.png,White,White,Male,30-39,"[9.9056238e-01 3.6160111e-07 1.0707638e-03 5.1631728e-06 1.7604869e-05
 2.3291350e-05 8.3204256e-03]",[9.9846190e-01 2.4682484e-05 8.2870385e-05 1.4305533e-03],[9.9996728e-01 3.2654974e-05],"[2.1619071e-08 1.1241302e-06 5.6846463e-04 1.5983066e-01 6.9757658e-01
 1.4072098e-01 1.2962046e-03 5.8963296e-06 1.2243216e-07]"
/scratch/project_462000771/mengting/projects/bias/Qwen/chinese_prompt/selected_faces/detected_person/person_0742_face0.png,East Asian,Asian,Male,20-29,"[1.1996322e-04 1.4188679e-06 8.9796568e-04 9.1651177e-01 8.2041040e-02
 4.0899098e-04 1.8846309e-05]",[3.226554e-04 7.133747e-05 9.909323e-01 8.673658e-03],[0.99858123 0.00141877],"[1.6635451e-07 2.8260909e-05 2.0000136e-02 7.5450420e-01 2.1758956e-01
 7.7665616e-03 1.0456472e-04 6.4074525e-06 7.8961996e-08]"
/scratch/project_462000771/mengting/projects/bias/Qwen/chinese_prompt/selected_faces/detected_person/person_0503_face0.png,White,White,Male,40-49,"[6.2450713e-01 2.7000118e-05 3.3926269e-01 7.3478492e-03 3.9772829e-03
 1.6077858e-03 2.3270238e-02]",[9.4178182e-01 1.0572981e-04 5.2390449e-02 5.7220068e-03],[9.992555e-01 7.445451e-04],"[2.6014613e-06 4.0045597e-05 2.3055889e-03 9.3866056e-03 2.6762483e-01
 6.0721570e-01 1.1205674e-01 1.3599012e-03 7.9820757e-06]"
/scratch/project_462000771/mengting/projects/bias/Qwen/chinese_prompt/selected_faces/detected_person/person_0269_face0.png,Indian,Indian,Male,20-29,"[2.8561691e-03 2.1663893e-02 1.8096244e-01 1.4077139e-04 2.1555899e-03
 7.0131755e-01 9.0903662e-02]",[0.00949907 0.05973686 0.00174053 0.92902356],[0.9637361  0.03626391],"[1.26079942e-06 5.20030269e-04 2.23696113e-01 6.47969067e-01
 1.23383716e-01 4.39058477e-03 3.81394202e-05 1.06338166e-06
 2.32848301e-08]"
/scratch/project_462000771/mengting/projects/bias/Qwen/chinese_prompt/selected_faces/detected_person/person_0568_face0.png,Latino_Hispanic,Asian,Male,30-39,"[0.00567409 0.00201353 0.4178557  0.19948603 0.3194097  0.05470036
 0.00086062]",[0.02625311 0.00075059 0.6695607  0.3034357 ],[9.9999958e-01 4.2593433e-07],"[1.3669531e-05 1.4384960e-04 7.0751123e-03 4.7796018e-02 4.6750352e-01
 4.3637541e-01 4.0496361e-02 5.9382804e-04 2.2128320e-06]"
/scratch/project_462000771/mengting/projects/bias/Qwen/chinese_prompt/selected_faces/detected_person/person_0327_face0.png,Southeast Asian,Asian,Female,20-29,"[9.9337492e-05 1.0342341e-04 9.7991722e-03 5.0121386e-02 9.1319555e-01
 2.6647402e-02 3.3729899e-05]",[0.00709865 0.01390528 0.7329389  0.24605723],[0.07144094 0.92855906],"[1.46734124e-07 2.19645604e-04 1.09431684e-01 8.19518685e-01
 7.00886250e-02 7.38639792e-04 2.47184948e-06 7.72322224e-08
 1.57135949e-09]"
/scratch/project_462000771/mengting/projects/bias/Qwen/chinese_prompt/selected_faces/detected_person/person_0325_face0.png,White,White,Female,20-29,"[9.9999738e-01 1.6204033e-09 8.5681347e-07 1.7024011e-07 7.9384812e-08
 5.0561502e-09 1.5167562e-06]",[9.9986565e-01 4.9333657e-06 1.2728875e-04 2.1487049e-06],[2.007226e-05 9.999799e-01],"[3.8095191e-08 3.0750536e-05 2.3964403e-02 6.5919846e-01 3.0662075e-01
 1.0148937e-02 3.6539805e-05 1.5613132e-07 3.8401797e-09]"
/scratch/project_462000771/mengting/projects/bias/Qwen/chinese_prompt/selected_faces/detected_person/person_0642_face0.png,Indian,Indian,Female,20-29,"[0.02942592 0.00070586 0.16908117 0.23919591 0.06290378 0.48205516
 0.01663224]",[0.02228651 0.00530418 0.00930765 0.9631016 ],[3.9374850e-06 9.9999607e-01],"[2.6051767e-09 4.4556446e-06 1.6936716e-02 8.6923587e-01 1.1297548e-01
 8.4355549e-04 3.8211178e-06 5.2554725e-08 3.6854034e-10]"
/scratch/project_462000771/mengting/projects/bias/Qwen/chinese_prompt/selected_faces/detected_person/person_0979_face0.png,White,White,Male,20-29,"[6.5460032e-01 1.7358162e-04 1.3013406e-01 7.3544754e-05 1.3213497e-04
 1.6068954e-03 2.1327953e-01]",[8.9635587e-01 3.4619038e-04 1.0767741e-03 1.0222115e-01],[9.9999827e-01 1.7085523e-06],"[1.1151017e-07 3.1897100e-06 1.6968378e-03 5.0895751e-01 4.7709066e-01
 1.2206910e-02 4.4470708e-05 3.4378877e-07 3.7159957e-09]"
/scratch/project_462000771/mengting/projects/bias/Qwen/chinese_prompt/selected_faces/detected_person/person_0285_face0.png,East Asian,Asian,Male,30-39,"[1.6352796e-03 3.2150053e-06 9.0332599e-03 8.9621019e-01 9.1952801e-02
 3.1191594e-04 8.5330912e-04]",[3.3129631e-03 1.6530996e-05 9.9362057e-01 3.0498710e-03],[9.9999982e-01 1.2783647e-07],"[2.26259331e-07 3.62549054e-06 4.02309233e-04 7.02976212e-02
 7.92287290e-01 1.34422317e-01 2.54687504e-03 3.96249925e-05
 1.03301204e-07]"
/scratch/project_462000771/mengting/projects/bias/Qwen/chinese_prompt/selected_faces/detected_person/person_0002_face0.png,White,White,Male,50-59,"[7.8068686e-01 1.0572292e-04 1.8459354e-01 1.2873115e-04 1.5226608e-04
 4.7084698e-03 2.9624403e-02]",[9.9569732e-01 8.4656669e-05 3.4306355e-05 4.1836165e-03],[9.9986893e-01 1.3107336e-04],"[3.0821584e-06 4.8544816e-06 1.1675053e-04 1.8015574e-04 1.1814241e-02
 2.4194938e-01 7.0893979e-01 3.6557224e-02 4.3452883e-04]"
/scratch/project_462000771/mengting/projects/bias/Qwen/chinese_prompt/selected_faces/detected_person/person_0543_face0.png,Southeast Asian,Asian,Female,30-39,"[2.4540158e-04 1.1216971e-04 9.6847825e-03 3.7927043e-01 6.0707432e-01
 3.4812554e-03 1.3162543e-04]",[0.00562316 0.00122761 0.9753944  0.01775479],[5.3061196e-04 9.9946940e-01],"[6.8529641e-07 2.4901852e-05 2.8462959e-03 1.6400932e-01 6.4792174e-01
 1.7834911e-01 6.6417423e-03 2.0438650e-04 1.8415266e-06]"
/scratch/project_462000771/mengting/projects/bias/Qwen/chinese_prompt/selected_faces/detected_person/person_0719_face0.png,White,White,Male,40-49,"[9.8612785e-01 4.5589371e-05 5.9848730e-03 6.6362286e-06 2.8250699e-05
 3.0713523e-04 7.4997540e-03]",[9.9343657e-01 3.6847117e-04 1.8931505e-04 6.0056355e-03],[9.9999225e-01 7.6967008e-06],"[7.4052213e-07 2.5916543e-06 9.8428391e-05 8.6233784e-03 2.7595747e-01
 6.7218959e-01 4.2600680e-02 5.1801756e-04 9.0918538e-06]"
/scratch/project_462000771/mengting/projects/bias/Qwen/chinese_prompt/selected_faces/detected_person/person_0476_face0.png,White,White,Male,50-59,"[8.6608416e-01 2.2570335e-03 5.9210863e-02 2.0927308e-05 1.2248527e-04
 2.7227255e-03 6.9581725e-02]",[0.9450106  0.02430635 0.00149829 0.02918478],[9.9999964e-01 3.7941891e-07],"[2.69905795e-05 6.26499168e-05 1.12357212e-03 5.19842666e-04
 8.72366596e-03 1.44098625e-01 7.24110603e-01 1.20816104e-01
 5.17897250e-04]"
/scratch/project_462000771/mengting/projects/bias/Qwen/chinese_prompt/selected_faces/detected_person/person_0744_face0.png,Latino_Hispanic,White,Male,20-29,"[1.7558268e-01 1.2698781e-03 4.4182557e-01 3.0276316e-04 1.2218773e-03
 9.2239693e-02 2.8755754e-01]",[0.6731861  0.00160434 0.00474913 0.32046038],[9.9998569e-01 1.4294074e-05],"[2.2674350e-07 1.0209468e-05 1.9221365e-03 5.0613481e-01 4.7954053e-01
 1.2349876e-02 4.1875111e-05 4.2320158e-07 8.5842888e-09]"
/scratch/project_462000771/mengting/projects/bias/Qwen/chinese_prompt/selected_faces/detected_person/person_0988_face0.png,White,White,Male,40-49,"[9.3654418e-01 1.0287194e-05 5.3629883e-02 6.8426965e-04 6.2536553e-04
 2.0182370e-03 6.4876550e-03]",[9.8116803e-01 4.3928606e-04 9.2696035e-03 9.1230646e-03],[9.9999410e-01 5.9205254e-06],"[1.3356612e-06 6.0978441e-06 3.7126429e-04 1.0953185e-02 2.9769844e-01
 6.3547975e-01 5.5229109e-02 2.5989077e-04 1.0358651e-06]"
/scratch/project_462000771/mengting/projects/bias/Qwen/chinese_prompt/selected_faces/detected_person/person_0165_face0.png,White,White,Female,50-59,"[9.9814099e-01 4.0844225e-06 1.1488850e-03 5.9749782e-05 7.0829126e-05
 9.9055156e-05 4.7635991e-04]",[9.9836540e-01 5.3311728e-06 1.2318656e-04 1.5061110e-03],[0.02497516 0.9750249 ],"[2.6564137e-05 2.3552429e-04 1.1244247e-03 2.5357744e-03 1.8301161e-02
 1.3523217e-01 4.9296448e-01 2.5813082e-01 9.1449045e-02]"
/scratch/project_462000771/mengting/projects/bias/Qwen/chinese_prompt/selected_faces/detected_person/person_0398_face0.png,Latino_Hispanic,White,Male,50-59,"[3.1886280e-01 1.3359189e-04 6.4007050e-01 1.3923694e-04 2.9699330e-04
 1.6874544e-02 2.3622300e-02]",[9.5988274e-01 1.6138703e-04 9.3599409e-04 3.9019894e-02],[9.9980325e-01 1.9676196e-04],"[1.42031495e-05 2.91413598e-05 7.04499369e-04 4.52143431e-04
 1.73335075e-02 2.40675032e-01 7.19165564e-01 2.14737747e-02
 1.52073422e-04]"
/scratch/project_462000771/mengting/projects/bias/Qwen/chinese_prompt/selected_faces/detected_person/person_0930_face0.png,Latino_Hispanic,Indian,Male,40-49,"[1.8484765e-01 2.6327621e-03 5.9629738e-01 3.7482983e-04 1.2284794e-03
 5.3799260e-02 1.6081962e-01]",[0.36602515 0.00336393 0.00465737 0.6259535 ],[9.9999970e-01 2.4623134e-07],"[4.7550238e-06 2.8532799e-05 2.9910979e-04 9.5957890e-03 4.5147213e-01
 5.2320004e-01 1.5351129e-02 4.8380905e-05 2.0787293e-07]"
/scratch/project_462000771/mengting/projects/bias/Qwen/chinese_prompt/selected_faces/detected_person/person_0795_face0.png,White,White,Male,40-49,"[7.8544372e-01 3.7149919e-05 1.8428518e-01 1.0574821e-03 2.8144638e-03
 1.1540796e-02 1.4821188e-02]",[9.7284442e-01 1.1826955e-04 1.5680973e-03 2.5469141e-02],[9.9999887e-01 1.1438650e-06],"[1.3552294e-05 7.2338538e-05 6.8121980e-04 3.5867402e-03 2.2148064e-01
 6.7524421e-01 9.8389857e-02 5.2952825e-04 1.9796266e-06]"
/scratch/project_462000771/mengting/projects/bias/Qwen/chinese_prompt/selected_faces/detected_person/person_0854_face0.png,Black,Black,Female,20-29,"[3.0858416e-07 9.9994689e-01 7.4849763e-06 5.0956075e-08 6.1127309e-07
 4.4380042e-05 2.4295844e-07]",[9.8837734e-07 9.9996424e-01 9.5761050e-07 3.3839362e-05],[0.07452577 0.9254742 ],"[3.2911594e-06 4.1099605e-03 3.0345327e-01 5.9573364e-01 9.3355745e-02
 3.3134061e-03 3.0291767e-05 3.2958664e-07 1.8995379e-08]"
/scratch/project_462000771/mengting/projects/bias/Qwen/chinese_prompt/selected_faces/detected_person/person_0847_face0.png,White,White,Male,50-59,"[8.8573390e-01 1.0000601e-04 9.4491795e-02 6.4195687e-04 8.5274718e-04
 2.2715116e-03 1.5908159e-02]",[9.9827653e-01 1.1735554e-04 4.8317920e-04 1.1229971e-03],[9.9974972e-01 2.5030435e-04],"[2.88583688e-05 2.78123171e-05 3.46817600e-04 1.18763244e-04
 4.54762345e-03 1.34307861e-01 7.63652802e-01 9.61487666e-02
 8.20690591e-04]"
/scratch/project_462000771/mengting/projects/bias/Qwen/chinese_prompt/selected_faces/detected_person/person_0860_face0.png,Latino_Hispanic,White,Female,20-29,"[0.3902027  0.00408299 0.43116847 0.01677216 0.00756836 0.04224838
 0.1079569 ]",[0.805656   0.14362587 0.00834128 0.04237685],[4.1051422e-05 9.9995899e-01],"[1.4358349e-08 2.5552638e-06 6.4798365e-03 5.8335799e-01 4.0122527e-01
 8.8379262e-03 9.4868294e-05 1.5076446e-06 9.0961274e-09]"
/scratch/project_462000771/mengting/projects/bias/Qwen/chinese_prompt/selected_faces/detected_person/person_0627_face0.png,East Asian,Asian,Male,30-39,"[4.1395487e-04 2.7180560e-05 7.4495701e-03 8.5739988e-01 1.3315514e-01
 1.4308784e-03 1.2334343e-04]",[7.3607342e-04 2.0657433e-03 9.6481448e-01 3.2383654e-02],[9.999979e-01 2.057419e-06],"[7.4972860e-07 9.1393449e-06 1.3795214e-03 8.5116625e-02 6.3356912e-01
 2.6119083e-01 1.8058717e-02 6.7242957e-04 2.8957986e-06]"
/scratch/project_462000771/mengting/projects/bias/Qwen/chinese_prompt/selected_faces/detected_person/person_0206_face0.png,Latino_Hispanic,Indian,Male,40-49,"[4.1694075e-02 1.4886758e-04 5.7317334e-01 1.2572020e-01 1.6135214e-01
 9.5515206e-02 2.3961875e-03]",[0.17744005 0.00128723 0.17502315 0.64624965],[9.9999911e-01 9.3187845e-07],"[3.3016267e-06 1.8792483e-05 4.1265081e-04 2.2826197e-03 1.2716734e-01
 6.1892557e-01 2.4750015e-01 3.6819160e-03 7.6801434e-06]"
/scratch/project_462000771/mengting/projects/bias/Qwen/chinese_prompt/selected_faces/detected_person/person_0268_face0.png,Indian,Black,Female,30-39,"[8.46349460e-04 1.20725214e-01 3.12749207e-01 5.05372533e-04
 3.19261737e-02 5.31532764e-01 1.71491969e-03]",[4.9253262e-04 9.1037691e-01 6.9875857e-03 8.2142971e-02],[0.0373646 0.9626354],"[1.30463250e-05 2.92706350e-03 1.03496760e-01 1.04356214e-01
 4.29867178e-01 3.04791272e-01 5.32812476e-02 1.22213352e-03
 4.51765300e-05]"
/scratch/project_462000771/mengting/projects/bias/Qwen/chinese_prompt/selected_faces/detected_person/person_0123_face0.png,East Asian,Asian,Male,40-49,"[1.4807514e-04 2.7182317e-05 3.0884133e-03 8.1428337e-01 1.8155190e-01
 8.1207394e-04 8.8943234e-05]",[1.0984640e-04 2.0433135e-05 9.9809784e-01 1.7718682e-03],[9.9999827e-01 1.7266524e-06],"[3.45635590e-06 9.06917467e-06 3.05505673e-04 5.67687303e-03
 1.12535164e-01 4.47760314e-01 3.66286278e-01 6.69451654e-02
 4.78174567e-04]"
/scratch/project_462000771/mengting/projects/bias/Qwen/chinese_prompt/selected_faces/detected_person/person_0877_face0.png,White,White,Male,50-59,"[7.3043925e-01 1.9996439e-04 1.9166613e-01 2.4685247e-03 2.2154774e-03
 1.6836229e-03 7.1327031e-02]",[9.9622387e-01 3.2895216e-04 2.4446528e-03 1.0024849e-03],[0.7286235 0.2713765],"[1.0265924e-05 4.8858186e-05 6.7162974e-04 1.2637401e-03 4.1679204e-02
 3.2483029e-01 5.8732671e-01 4.2992380e-02 1.1768502e-03]"
/scratch/project_462000771/mengting/projects/bias/Qwen/chinese_prompt/selected_faces/detected_person/person_0278_face0.png,East Asian,Asian,Male,20-29,"[5.1830048e-03 3.0145698e-05 7.6458447e-02 6.8979371e-01 2.2030014e-01
 4.6252985e-03 3.6092387e-03]",[1.3901070e-02 7.3064526e-04 9.2847699e-01 5.6891244e-02],[1.000000e+00 3.493266e-08],"[2.1635337e-07 9.0428348e-06 6.2462152e-03 6.3383645e-01 3.5361049e-01
 6.2453845e-03 5.0397091e-05 1.7602821e-06 1.1935338e-08]"
/scratch/project_462000771/mengting/projects/bias/Qwen/chinese_prompt/selected_faces/detected_person/person_0693_face0.png,White,White,Male,40-49,"[9.5606154e-01 3.0483539e-05 1.8574487e-02 2.1261822e-04 2.0340044e-04
 2.8107071e-04 2.4636488e-02]",[9.985564e-01 1.287309e-04 6.372910e-04 6.775519e-04],[9.9999452e-01 5.4737484e-06],"[7.2915545e-06 1.6455861e-05 4.9937010e-04 3.5408370e-03 1.7175299e-01
 5.8180165e-01 2.3729277e-01 5.0499421e-03 3.8717830e-05]"
/scratch/project_462000771/mengting/projects/bias/Qwen/chinese_prompt/selected_faces/detected_person/person_0061_face0.png,East Asian,Asian,Male,30-39,"[8.4030731e-03 5.2160158e-06 7.5757258e-02 7.2785807e-01 1.8695708e-01
 4.0841551e-04 6.1086443e-04]",[1.8112682e-03 5.5269178e-05 9.9425471e-01 3.8787622e-03],[9.9999952e-01 4.6374367e-07],"[4.5500666e-08 1.3570790e-06 1.5521162e-03 3.0705518e-01 6.5713584e-01
 3.3845928e-02 4.0629745e-04 3.2208377e-06 1.1614653e-08]"
/scratch/project_462000771/mengting/projects/bias/Qwen/chinese_prompt/selected_faces/detected_person/person_0559_face0.png,Southeast Asian,Asian,Male,10-19,"[1.6721486e-04 5.7785277e-04 1.3901441e-02 6.5734595e-02 8.7903243e-01
 4.0568333e-02 1.8098608e-05]",[0.00092722 0.00406234 0.5257741  0.46923628],[9.9977332e-01 2.2666602e-04],"[1.25316802e-07 5.34701976e-04 5.62804163e-01 4.32073295e-01
 4.55452269e-03 3.30853509e-05 1.12685726e-07 5.63395286e-09
 1.64641398e-10]"
/scratch/project_462000771/mengting/projects/bias/Qwen/chinese_prompt/selected_faces/detected_person/person_0131_face0.png,White,White,Male,40-49,"[9.2384654e-01 1.0770027e-06 8.1568928e-03 3.6615154e-05 4.0491432e-05
 2.0232200e-04 6.7716055e-02]",[9.9848253e-01 9.5841215e-06 1.3368954e-04 1.3742243e-03],[9.9987221e-01 1.2775157e-04],"[1.9175886e-06 6.3846210e-06 6.5706251e-04 1.7805161e-02 3.7501311e-01
 5.6901646e-01 3.7227776e-02 2.7004696e-04 2.0399118e-06]"
/scratch/project_462000771/mengting/projects/bias/Qwen/chinese_prompt/selected_faces/detected_person/person_0129_face0.png,Latino_Hispanic,Indian,Female,30-39,"[2.3404182e-01 8.0565362e-05 5.7452667e-01 1.9172756e-02 1.1538473e-02
 8.5433818e-02 7.5205922e-02]",[0.40450585 0.00092167 0.00555849 0.589014  ],[1.1970874e-05 9.9998802e-01],"[1.7083025e-08 1.3899468e-06 1.5981828e-03 1.8578169e-01 6.6923541e-01
 1.3891117e-01 4.3842355e-03 8.7499808e-05 3.8332061e-07]"
/scratch/project_462000771/mengting/projects/bias/Qwen/chinese_prompt/selected_faces/detected_person/person_0233_face0.png,White,White,Male,40-49,"[9.0113276e-01 2.5754362e-05 6.2303003e-02 5.8335689e-04 1.1255342e-03
 1.6754940e-03 3.3154063e-02]",[9.9834710e-01 5.3837189e-06 4.7848155e-04 1.1690792e-03],[9.9996805e-01 3.1939504e-05],"[1.0599322e-06 5.4019456e-06 4.0191563e-04 9.6921092e-03 4.1741705e-01
 5.3946495e-01 3.2780517e-02 2.3489614e-04 1.9541858e-06]"
/scratch/project_462000771/mengting/projects/bias/Qwen/chinese_prompt/selected_faces/detected_person/person_0920_face0.png,Indian,Indian,Male,40-49,"[0.00729017 0.00456773 0.2211795  0.00155491 0.0134586  0.7477904
 0.0041587 ]",[0.00892312 0.02113393 0.17568247 0.79426056],[0.99336994 0.00663006],"[9.5634001e-05 3.3180453e-04 1.8753917e-03 5.8864304e-03 1.2670848e-01
 5.5520499e-01 2.9964778e-01 1.0073261e-02 1.7631243e-04]"
/scratch/project_462000771/mengting/projects/bias/Qwen/chinese_prompt/selected_faces/detected_person/person_0870_face0.png,East Asian,Asian,Female,40-49,"[2.9669504e-04 2.6339310e-06 1.2465643e-03 9.6610421e-01 3.2181326e-02
 8.4399886e-05 8.4249165e-05]",[5.2814032e-03 4.9648747e-06 9.9423659e-01 4.7709895e-04],[5.2151114e-05 9.9994785e-01],"[7.2593190e-07 1.3508804e-05 3.1697410e-04 3.5384811e-02 3.2980448e-01
 4.9746630e-01 1.1479828e-01 2.1933900e-02 2.8102173e-04]"
/scratch/project_462000771/mengting/projects/bias/Qwen/chinese_prompt/selected_faces/detected_person/person_0364_face0.png,White,White,Male,30-39,"[9.9787426e-01 2.6369727e-07 1.0542250e-03 1.2399260e-06 2.3287389e-06
 1.0489320e-05 1.0571833e-03]",[9.99966502e-01 6.83903090e-06 1.12993985e-05 1.53138535e-05],[9.999978e-01 2.226674e-06],"[1.1459157e-06 2.9475981e-05 1.5913155e-03 7.3870480e-02 7.2668713e-01
 1.9614950e-01 1.6670086e-03 3.9334413e-06 3.3046884e-08]"
/scratch/project_462000771/mengting/projects/bias/Qwen/chinese_prompt/selected_faces/detected_person/person_0178_face0.png,East Asian,Asian,Male,40-49,"[8.6800391e-03 7.0711658e-06 2.1178776e-02 8.5003674e-01 1.1821182e-01
 3.1205558e-04 1.5734761e-03]",[8.4847556e-03 1.0843435e-05 9.9101120e-01 4.9318932e-04],[0.9964845 0.0035155],"[2.9087624e-07 2.0515386e-06 2.0642372e-04 2.1756800e-02 3.9076591e-01
 5.0330967e-01 8.1804603e-02 2.1446056e-03 9.6314661e-06]"
/scratch/project_462000771/mengting/projects/bias/Qwen/chinese_prompt/selected_faces/detected_person/person_0656_face0.png,East Asian,Asian,Male,20-29,"[4.3843620e-04 1.2361636e-05 3.8151087e-03 8.8396680e-01 1.1103419e-01
 6.4009416e-04 9.2975919e-05]",[2.3443867e-03 5.8747693e-05 9.9090606e-01 6.6907764e-03],[0.97093374 0.02906631],"[1.2351416e-06 7.1694179e-05 3.5635713e-02 6.1280042e-01 3.3290347e-01
 1.8239155e-02 3.3002874e-04 1.7981021e-05 2.8194603e-07]"
/scratch/project_462000771/mengting/projects/bias/Qwen/chinese_prompt/selected_faces/detected_person/person_0760_face0.png,East Asian,Asian,Male,20-29,"[1.0813508e-04 3.8814328e-06 3.3181214e-03 5.8028948e-01 4.1442269e-01
 1.8376290e-03 1.9981724e-05]",[1.11839996e-04 3.75337549e-05 9.97081220e-01 2.76934705e-03],[9.990023e-01 9.977637e-04],"[2.9647697e-07 3.9091025e-04 1.3441896e-01 7.8503251e-01 7.9148397e-02
 1.0054418e-03 3.2767396e-06 2.0638730e-07 2.3256057e-09]"
/scratch/project_462000771/mengting/projects/bias/Qwen/chinese_prompt/selected_faces/detected_person/person_0422_face0.png,White,White,Male,50-59,"[9.6744013e-01 3.9017286e-06 2.4986146e-02 5.4049375e-04 7.1916892e-04
 1.7001822e-03 4.6099396e-03]",[9.99412656e-01 1.93389997e-06 1.18536605e-04 4.66860365e-04],[9.999083e-01 9.162230e-05],"[2.2268327e-05 5.4550539e-05 5.4805429e-04 2.7183993e-04 1.2237821e-02
 2.5581706e-01 7.0134741e-01 2.9431127e-02 2.6987150e-04]"
/scratch/project_462000771/mengting/projects/bias/Qwen/chinese_prompt/selected_faces/detected_person/person_0828_face0.png,White,White,Male,40-49,"[9.7044587e-01 2.3762059e-06 1.1678901e-02 6.1425357e-04 7.5743860e-04
 2.1423590e-04 1.6286962e-02]",[9.8931545e-01 4.1400413e-05 8.5266475e-03 2.1164364e-03],[0.9989252  0.00107481],"[4.1316260e-05 1.2800829e-04 2.0523085e-03 3.1323221e-03 1.2063244e-01
 6.0664833e-01 2.5854596e-01 8.7052034e-03 1.1419786e-04]"
/scratch/project_462000771/mengting/projects/bias/Qwen/chinese_prompt/selected_faces/detected_person/person_0109_face0.png,Indian,Indian,Female,20-29,"[0.01618139 0.00600396 0.41458902 0.00573787 0.01186499 0.5426789
 0.00294383]",[0.09375367 0.06645268 0.03653403 0.8032597 ],[4.8444924e-04 9.9951553e-01],"[4.03621705e-08 5.17693581e-04 1.39630109e-01 8.39218855e-01
 2.05906704e-02 4.25197104e-05 1.08629635e-07 1.86014038e-09
 2.82110117e-11]"
/scratch/project_462000771/mengting/projects/bias/Qwen/chinese_prompt/selected_faces/detected_person/person_0460_face0.png,White,White,Female,30-39,"[9.4701964e-01 2.1453934e-05 3.9735500e-02 4.6706049e-05 6.0672428e-05
 1.1509152e-04 1.3000918e-02]",[9.9855137e-01 6.3219818e-04 4.0905044e-04 4.0734620e-04],[6.5559188e-06 9.9999344e-01],"[1.0043634e-07 8.3964260e-06 3.6145900e-03 2.3372613e-01 6.8033803e-01
 8.0194354e-02 2.0949144e-03 2.3358587e-05 1.4161093e-07]"
/scratch/project_462000771/mengting/projects/bias/Qwen/chinese_prompt/selected_faces/detected_person/person_0615_face0.png,Latino_Hispanic,Indian,Male,20-29,"[0.00545851 0.00246419 0.49128294 0.02394464 0.17767961 0.28529897
 0.01387116]",[0.00501613 0.00635431 0.06608123 0.92254835],[9.999989e-01 1.008739e-06],"[9.4009156e-05 6.0111941e-03 1.3524099e-01 5.7615298e-01 2.6643124e-01
 1.5727874e-02 3.2679149e-04 1.4707699e-05 2.0689311e-07]"
/scratch/project_462000771/mengting/projects/bias/Qwen/chinese_prompt/selected_faces/detected_person/person_0955_face0.png,White,White,Male,40-49,"[9.99764740e-01 1.38546810e-07 1.05144514e-04 2.66467850e-06
 4.80553990e-06 6.12881195e-06 1.16361611e-04]",[9.9993724e-01 1.5980406e-06 4.4756289e-05 1.6389760e-05],[9.9998558e-01 1.4440311e-05],"[1.0418392e-05 1.0606000e-04 2.9670093e-03 2.3066113e-02 3.1074917e-01
 6.0887367e-01 5.3592820e-02 6.2720157e-04 7.5834528e-06]"
/scratch/project_462000771/mengting/projects/bias/Qwen/chinese_prompt/selected_faces/detected_person/person_0127_face0.png,East Asian,Asian,Female,30-39,"[1.8598664e-03 1.3767846e-05 1.4526184e-02 8.4094018e-01 1.4136487e-01
 9.6136017e-04 3.3365787e-04]",[6.2944628e-03 4.2448557e-04 9.9064940e-01 2.6316270e-03],[0.00922623 0.9907738 ],"[1.2836178e-07 1.5320749e-05 8.2697682e-03 4.7834015e-01 4.8961386e-01
 2.3478460e-02 2.7533149e-04 6.9096377e-06 4.9558295e-08]"
/scratch/project_462000771/mengting/projects/bias/Qwen/chinese_prompt/selected_faces/detected_person/person_0658_face0.png,Indian,Indian,Male,30-39,"[5.8559803e-05 1.9997313e-04 7.2668451e-03 5.9153358e-06 2.0916757e-04
 9.9217498e-01 8.4629180e-05]",[5.85130801e-05 1.09683206e-04 1.75416106e-04 9.99656379e-01],[9.9999928e-01 7.0688213e-07],"[6.6145808e-06 5.8922935e-05 1.4901466e-03 7.4208863e-02 7.1354687e-01
 2.0655446e-01 4.1166334e-03 1.7327104e-05 1.2449296e-07]"
/scratch/project_462000771/mengting/projects/bias/Qwen/chinese_prompt/selected_faces/detected_person/person_0025_face0.png,Indian,Black,Male,30-39,"[7.3064250e-05 9.8259695e-02 1.5981382e-02 5.4624248e-05 2.8220471e-03
 8.8250858e-01 3.0063940e-04]",[3.8675885e-04 6.2655914e-01 4.1393596e-03 3.6891478e-01],[9.9996650e-01 3.3504883e-05],"[8.9288487e-06 2.5515721e-04 1.7149972e-02 2.6236540e-01 5.5824178e-01
 1.5619555e-01 5.6987656e-03 8.2855433e-05 1.7027019e-06]"
/scratch/project_462000771/mengting/projects/bias/Qwen/chinese_prompt/selected_faces/detected_person/person_0951_face0.png,White,White,Male,50-59,"[9.9818844e-01 6.1563069e-06 1.2392809e-03 5.2792097e-06 1.0256556e-05
 1.8965207e-04 3.6095385e-04]",[9.9143511e-01 1.4520953e-03 1.3279734e-04 6.9799996e-03],[9.999960e-01 4.039229e-06],"[1.1502537e-05 1.8189610e-05 2.7780543e-04 6.8350672e-04 2.7300235e-02
 3.5717279e-01 5.9894317e-01 1.5503464e-02 8.9380541e-05]"
/scratch/project_462000771/mengting/projects/bias/Qwen/chinese_prompt/selected_faces/detected_person/person_0485_face0.png,White,White,Male,40-49,"[9.9963576e-01 1.3030336e-06 1.8586745e-04 2.4572452e-07 4.3263069e-07
 7.6981896e-06 1.6866130e-04]",[9.9950516e-01 3.9796640e-05 1.6569660e-05 4.3845037e-04],[9.9996489e-01 3.5087774e-05],"[4.7629424e-06 2.6282651e-05 3.9418682e-04 2.6869576e-03 9.0459071e-02
 6.4304656e-01 2.6105952e-01 2.2962319e-03 2.6467300e-05]"
/scratch/project_462000771/mengting/projects/bias/Qwen/chinese_prompt/selected_faces/detected_person/person_0124_face0.png,Southeast Asian,Asian,Female,20-29,"[7.7658141e-04 3.8001855e-04 8.3004765e-02 2.4069546e-01 6.4011103e-01
 3.4929506e-02 1.0261188e-04]",[0.00523052 0.00609002 0.8564273  0.13225213],[1.1044284e-04 9.9988955e-01],"[3.74974718e-09 9.39513757e-06 3.55363786e-02 7.78953075e-01
 1.82729378e-01 2.76479078e-03 6.81355004e-06 1.02291786e-07
 6.17300600e-10]"
/scratch/project_462000771/mengting/projects/bias/Qwen/chinese_prompt/selected_faces/detected_person/person_0113_face0.png,White,White,Male,30-39,"[9.9871635e-01 1.5545517e-07 6.6275435e-04 1.9826897e-05 1.9794872e-05
 1.7918283e-05 5.6317926e-04]",[9.9976283e-01 2.0281064e-05 1.3417329e-04 8.2728075e-05],[9.9980110e-01 1.9891979e-04],"[2.1502660e-07 6.1289511e-06 9.7047113e-04 6.0676895e-02 6.1003959e-01
 3.2149938e-01 6.7852866e-03 2.1693417e-05 3.2921966e-07]"
/scratch/project_462000771/mengting/projects/bias/Qwen/chinese_prompt/selected_faces/detected_person/person_0540_face0.png,Middle Eastern,White,Male,40-49,"[2.4553753e-01 8.2692977e-06 7.3098823e-02 1.8327615e-05 7.5611926e-05
 9.0981759e-03 6.7216325e-01]",[9.9401933e-01 3.5382793e-05 5.8512243e-05 5.8867009e-03],[9.999960e-01 4.020268e-06],"[9.5521466e-07 8.1070184e-06 4.5417465e-04 1.5751885e-02 4.4213048e-01
 5.2869076e-01 1.2927200e-02 3.6328023e-05 2.2446885e-07]"
/scratch/project_462000771/mengting/projects/bias/Qwen/chinese_prompt/selected_faces/detected_person/person_0993_face0.png,White,White,Male,40-49,"[9.9363345e-01 3.8648045e-07 3.1946183e-03 3.9127585e-06 1.6879267e-05
 3.9715640e-04 2.7536552e-03]",[9.9959034e-01 3.2052467e-06 7.5948126e-05 3.3039297e-04],[9.9999774e-01 2.3086307e-06],"[4.4332836e-07 3.9630640e-06 3.9147292e-04 1.8358994e-03 9.6334763e-02
 7.2833252e-01 1.7246050e-01 6.3698256e-04 3.4328220e-06]"
/scratch/project_462000771/mengting/projects/bias/Qwen/chinese_prompt/selected_faces/detected_person/person_0620_face0.png,White,White,Male,50-59,"[4.3376777e-01 3.7377348e-04 3.5080203e-01 1.5110307e-02 6.9936611e-02
 1.0022623e-01 2.9783204e-02]",[0.8343797  0.00125509 0.11511831 0.0492469 ],[9.9999791e-01 2.0634357e-06],"[1.0632763e-04 1.3435110e-03 6.6014105e-03 6.4310024e-04 8.9917835e-03
 1.6596429e-01 7.2785634e-01 8.7714568e-02 7.7868067e-04]"
/scratch/project_462000771/mengting/projects/bias/Qwen/chinese_prompt/selected_faces/detected_person/person_0629_face0.png,Black,Black,Male,20-29,"[3.6463274e-07 9.9999440e-01 2.9726334e-06 1.3063880e-08 3.4132992e-07
 1.6929166e-06 2.0584488e-07]",[1.1137656e-07 9.9999934e-01 1.6655025e-07 3.4706051e-07],[9.9999934e-01 6.8770362e-07],"[4.0917834e-07 3.0574991e-04 1.2235708e-01 7.8703946e-01 8.6778849e-02
 3.4895262e-03 2.8282155e-05 6.5424626e-07 4.6632067e-08]"
/scratch/project_462000771/mengting/projects/bias/Qwen/chinese_prompt/selected_faces/detected_person/person_0661_face0.png,Southeast Asian,Asian,Male,20-29,"[2.7750820e-04 4.8305257e-04 3.9487790e-02 2.0793694e-01 7.4400914e-01
 7.7187847e-03 8.6857923e-05]",[0.00505434 0.00720102 0.61724555 0.37049907],[9.9999464e-01 5.3339168e-06],"[1.2769603e-05 4.8768334e-03 4.1770494e-01 4.5477965e-01 1.1290518e-01
 9.3295006e-03 3.6283256e-04 2.7721042e-05 6.7020841e-07]"
/scratch/project_462000771/mengting/projects/bias/Qwen/chinese_prompt/selected_faces/detected_person/person_0369_face0.png,White,White,Male,50-59,"[9.9858868e-01 9.3510593e-08 8.6487911e-04 3.0193376e-05 3.2768301e-05
 5.6864387e-06 4.7764520e-04]",[9.99881208e-01 3.28783017e-07 1.13047485e-04 5.40497240e-06],[9.9986112e-01 1.3887967e-04],"[1.7753357e-05 4.9602651e-05 6.6879817e-04 1.1877671e-03 4.4001788e-02
 4.0239301e-01 5.3054339e-01 2.0667985e-02 4.6997837e-04]"
/scratch/project_462000771/mengting/projects/bias/Qwen/chinese_prompt/selected_faces/detected_person/person_0317_face0.png,White,White,Male,20-29,"[9.9894279e-01 7.9104143e-07 2.3555827e-04 1.5357321e-06 2.6740163e-06
 3.5544231e-06 8.1310142e-04]",[9.9958444e-01 9.0541416e-06 7.5495220e-05 3.3095025e-04],[9.9999672e-01 3.3090112e-06],"[2.2836456e-08 1.0706326e-06 3.0733328e-03 6.9903201e-01 2.8593245e-01
 1.1854736e-02 1.0563225e-04 7.2756541e-07 1.3201382e-08]"
/scratch/project_462000771/mengting/projects/bias/Qwen/chinese_prompt/selected_faces/detected_person/person_0008_face0.png,White,White,Male,50-59,"[5.4036671e-01 5.2390079e-04 4.2477116e-01 7.2347221e-04 1.7739619e-03
 9.7974557e-03 2.2043228e-02]",[9.8874974e-01 1.2712459e-04 3.6020688e-04 1.0763018e-02],[0.99740547 0.00259458],"[8.0759681e-05 9.4414841e-05 7.2763267e-04 9.3980442e-04 3.7244659e-02
 3.7739983e-01 5.5064875e-01 3.2463595e-02 4.0046050e-04]"
/scratch/project_462000771/mengting/projects/bias/Qwen/chinese_prompt/selected_faces/detected_person/person_0408_face0.png,White,White,Male,40-49,"[9.8916668e-01 9.4087790e-07 3.1424800e-03 3.4831439e-05 3.3309942e-05
 9.4779562e-06 7.6122745e-03]",[9.9955976e-01 3.6231879e-05 2.3623346e-04 1.6771478e-04],[9.9992144e-01 7.8596844e-05],"[1.8858777e-06 8.4594412e-06 5.6424295e-04 7.5121461e-03 2.5607887e-01
 6.5393388e-01 8.0920622e-02 9.7254099e-04 7.2811536e-06]"
/scratch/project_462000771/mengting/projects/bias/Qwen/chinese_prompt/selected_faces/detected_person/person_0727_face0.png,White,White,Male,40-49,"[9.9873728e-01 4.0928867e-07 6.7380862e-04 1.4712893e-05 2.2225748e-05
 1.4691753e-05 5.3684961e-04]",[9.9971789e-01 4.6190653e-06 1.8856327e-04 8.8914501e-05],[9.999384e-01 6.152899e-05],"[2.0624595e-05 1.6841221e-04 2.8840250e-03 2.6575215e-02 4.1254133e-01
 5.1512253e-01 4.2244278e-02 4.3637000e-04 7.1448367e-06]"
/scratch/project_462000771/mengting/projects/bias/Qwen/chinese_prompt/selected_faces/detected_person/person_0474_face0.png,White,White,Male,40-49,"[9.8757762e-01 7.8502040e-07 7.5205681e-03 7.2881914e-05 1.1600059e-04
 6.1106701e-05 4.6511316e-03]",[9.9981219e-01 7.4606976e-07 1.6581641e-04 2.1230082e-05],[9.998112e-01 1.887754e-04],"[1.7361191e-06 1.0463311e-05 5.0804921e-04 1.9492253e-03 7.2461016e-02
 5.4061216e-01 3.7435219e-01 9.8506128e-03 2.5459562e-04]"
/scratch/project_462000771/mengting/projects/bias/Qwen/chinese_prompt/selected_faces/detected_person/person_0998_face0.png,White,White,Male,30-39,"[9.9827290e-01 1.9708324e-07 4.1406497e-04 7.0152066e-07 1.0989066e-06
 6.5229870e-06 1.3044360e-03]",[9.9941504e-01 1.2123425e-05 2.3158615e-05 5.4967101e-04],[1.0000000e+00 2.0534696e-08],"[1.2230746e-06 2.2543827e-05 3.4772500e-03 5.6259111e-02 5.2535844e-01
 4.0499321e-01 9.8410109e-03 4.7053483e-05 1.5828404e-07]"
/scratch/project_462000771/mengting/projects/bias/Qwen/chinese_prompt/selected_faces/detected_person/person_0453_face0.png,Latino_Hispanic,Indian,Male,30-39,"[9.4928443e-02 6.9130439e-04 7.2714341e-01 1.2303054e-03 3.8779390e-03
 9.4950199e-02 7.7178381e-02]",[0.252116   0.00944555 0.01864485 0.7197936 ],[9.9986416e-01 1.3581630e-04],"[5.4625743e-06 7.6252603e-05 2.3965307e-03 3.0898437e-02 5.7692581e-01
 3.7599877e-01 1.3636167e-02 6.2113737e-05 4.7443444e-07]"
/scratch/project_462000771/mengting/projects/bias/Qwen/chinese_prompt/selected_faces/detected_person/person_0960_face0.png,Southeast Asian,Asian,Male,30-39,"[6.4082904e-04 1.2712949e-04 1.0370875e-01 2.1572632e-01 6.6226768e-01
 1.7006986e-02 5.2229146e-04]",[2.0753418e-03 1.1100745e-04 9.1942549e-01 7.8388244e-02],[9.9999875e-01 1.2431599e-06],"[1.7477250e-07 1.1737084e-05 2.2984885e-03 3.9545354e-01 5.6425446e-01
 3.7648600e-02 3.2877029e-04 4.1876774e-06 3.5958912e-08]"
/scratch/project_462000771/mengting/projects/bias/Qwen/chinese_prompt/selected_faces/detected_person/person_0137_face0.png,White,White,Male,30-39,"[6.12142980e-01 1.13758615e-04 1.52994484e-01 2.93274439e-04
 8.71072640e-04 2.96362452e-02 2.03948200e-01]",[9.5627475e-01 1.7026361e-04 2.0033915e-03 4.1551553e-02],[9.9999946e-01 5.6454610e-07],"[1.0062762e-06 8.3529785e-06 3.3548643e-04 2.6326228e-02 6.3457912e-01
 3.3419731e-01 4.5420858e-03 1.0322424e-05 5.5151293e-08]"
/scratch/project_462000771/mengting/projects/bias/Qwen/chinese_prompt/selected_faces/detected_person/person_0972_face0.png,White,White,Male,30-39,"[9.9997002e-01 4.2880872e-09 5.7087409e-06 3.5296678e-06 3.0651058e-06
 8.0225441e-08 1.7621214e-05]",[9.9996084e-01 2.2902452e-07 3.5357247e-05 3.5653186e-06],[9.9998087e-01 1.9184328e-05],"[1.8551322e-07 2.3047423e-05 4.5869607e-03 1.7108588e-01 6.7535228e-01
 1.4685804e-01 2.0842708e-03 9.1320953e-06 2.4178738e-07]"
/scratch/project_462000771/mengting/projects/bias/Qwen/chinese_prompt/selected_faces/detected_person/person_0897_face0.png,White,White,Male,40-49,"[9.9983758e-01 1.1298211e-08 5.2535430e-05 1.7630289e-06 1.4586140e-06
 4.3957215e-07 1.0635934e-04]",[9.9993700e-01 1.1616897e-06 4.9092621e-05 1.2794180e-05],[9.9997735e-01 2.2624932e-05],"[1.3099675e-05 1.2390646e-04 1.5846574e-03 3.5341487e-03 1.4922188e-01
 7.4954551e-01 9.4804302e-02 1.1614346e-03 1.1019969e-05]"
/scratch/project_462000771/mengting/projects/bias/Qwen/chinese_prompt/selected_faces/detected_person/person_0103_face0.png,White,White,Male,30-39,"[7.9154623e-01 4.6442627e-04 1.3195077e-01 7.0872693e-04 7.8153546e-04
 1.0408855e-03 7.3507510e-02]",[9.9665004e-01 7.4366800e-04 1.1232995e-03 1.4830537e-03],[9.9999976e-01 2.3436317e-07],"[1.5852140e-06 2.5849778e-05 4.3557924e-03 2.7076486e-01 6.5690190e-01
 6.7044958e-02 8.9684507e-04 8.1169064e-06 6.3506960e-08]"
/scratch/project_462000771/mengting/projects/bias/Qwen/chinese_prompt/selected_faces/detected_person/person_0488_face0.png,Latino_Hispanic,Indian,Male,30-39,"[0.02433931 0.00083538 0.7717836  0.01745573 0.06196077 0.08887055
 0.0347546 ]",[0.0342695  0.00717421 0.02334411 0.9352122 ],[9.9999970e-01 3.0398562e-07],"[6.7200267e-06 4.5256722e-05 3.7970536e-03 2.2918467e-01 6.8567812e-01
 7.9655670e-02 1.6116208e-03 2.0711826e-05 1.2483451e-07]"
/scratch/project_462000771/mengting/projects/bias/Qwen/chinese_prompt/selected_faces/detected_person/person_0571_face0.png,Indian,Black,Male,30-39,"[1.4778948e-04 4.2980221e-01 3.9951097e-02 3.6415664e-04 1.2265948e-02
 5.1595902e-01 1.5097194e-03]",[2.1013959e-05 9.4468009e-01 9.4546546e-04 5.4353330e-02],[0.9987114  0.00128857],"[6.2949562e-06 4.9295661e-04 5.3340074e-02 2.5478986e-01 4.3639860e-01
 2.3164275e-01 2.2904225e-02 4.1560346e-04 9.6369185e-06]"
/scratch/project_462000771/mengting/projects/bias/Qwen/chinese_prompt/selected_faces/detected_person/person_0604_face0.png,White,White,Male,40-49,"[9.1699344e-01 5.2588694e-05 4.2116929e-02 8.9247646e-05 2.0631525e-04
 1.6724095e-03 3.8869038e-02]",[9.9566960e-01 3.5110023e-04 4.2642269e-04 3.5528762e-03],[9.9998307e-01 1.6898868e-05],"[1.58934506e-06 3.90240712e-06 1.82003947e-04 6.11566415e-04
 4.05397229e-02 4.99938637e-01 4.46758091e-01 1.18485903e-02
 1.15964685e-04]"
/scratch/project_462000771/mengting/projects/bias/Qwen/chinese_prompt/selected_faces/detected_person/person_0428_face0.png,Southeast Asian,Asian,Male,30-39,"[1.27269537e-03 7.42838893e-05 7.57767707e-02 2.53184974e-01
 6.53810561e-01 1.56065915e-02 2.74098071e-04]",[1.0444128e-03 3.1241540e-05 9.5171177e-01 4.7212504e-02],[1.0000000e+00 3.6681172e-08],"[2.9241377e-07 5.1415059e-06 2.0551186e-03 2.9452217e-01 6.6664475e-01
 3.6472335e-02 2.9739668e-04 2.8056443e-06 1.5558195e-08]"
/scratch/project_462000771/mengting/projects/bias/Qwen/chinese_prompt/selected_faces/detected_person/person_0427_face0.png,Indian,Indian,Male,30-39,"[2.5931263e-02 1.5165835e-02 2.5709146e-01 2.9852751e-04 1.6512388e-03
 4.7987777e-01 2.1998389e-01]",[0.00277015 0.00500707 0.00326179 0.988961  ],[9.9999756e-01 2.4413639e-06],"[1.3234538e-06 2.1702250e-05 1.0222279e-03 1.1045488e-01 6.5354258e-01
 2.3102082e-01 3.9148824e-03 2.1214071e-05 3.0940319e-07]"
/scratch/project_462000771/mengting/projects/bias/Qwen/chinese_prompt/selected_faces/detected_person/person_0636_face0.png,White,White,Male,40-49,"[9.9916387e-01 7.5351340e-07 2.7755075e-04 9.7670340e-07 3.2196176e-06
 4.2783031e-05 5.1073282e-04]",[9.9847442e-01 1.5786110e-04 1.3308802e-04 1.2346442e-03],[9.9999994e-01 5.2183953e-08],"[5.1884899e-07 4.2494826e-06 2.1274178e-04 3.7014137e-03 1.7858161e-01
 6.8862081e-01 1.2805119e-01 8.2345674e-04 4.0684881e-06]"
/scratch/project_462000771/mengting/projects/bias/Qwen/chinese_prompt/selected_faces/detected_person/person_0812_face0.png,Southeast Asian,Asian,Male,20-29,"[0.00225556 0.002191   0.19620445 0.1086247  0.628935   0.05325215
 0.00853717]",[0.00748117 0.04636978 0.794764   0.15138502],[9.9999654e-01 3.4499628e-06],"[1.2794001e-06 6.7400589e-04 9.2058331e-02 7.7103943e-01 1.3385957e-01
 2.3555495e-03 1.1521813e-05 3.0596746e-07 5.0418474e-09]"
/scratch/project_462000771/mengting/projects/bias/Qwen/chinese_prompt/selected_faces/detected_person/person_0308_face0.png,Southeast Asian,Asian,Male,60-69,"[0.00115881 0.00225373 0.18470956 0.0392754  0.65159947 0.12003999
 0.00096302]",[1.1114425e-03 4.6174758e-04 9.7852063e-01 1.9906132e-02],[0.9480516  0.05194841],"[4.9916696e-05 2.4649111e-04 2.3220673e-04 2.6615955e-05 3.7203723e-04
 6.4249923e-03 2.0661558e-01 5.5786180e-01 2.2817034e-01]"
/scratch/project_462000771/mengting/projects/bias/Qwen/chinese_prompt/selected_faces/detected_person/person_0379_face0.png,Latino_Hispanic,White,Male,40-49,"[1.6288903e-01 9.2984752e-05 7.4456549e-01 1.6146294e-03 2.5977837e-03
 7.5699933e-02 1.2540143e-02]",[9.0864390e-01 1.3212560e-04 3.5172584e-03 8.7706685e-02],[9.9976051e-01 2.3950264e-04],"[7.6162255e-06 3.8745951e-05 1.0863312e-03 1.1975158e-03 8.2822919e-02
 6.1081934e-01 3.0022991e-01 3.7840037e-03 1.3647734e-05]"
/scratch/project_462000771/mengting/projects/bias/Qwen/chinese_prompt/selected_faces/detected_person/person_0770_face0.png,White,White,Male,50-59,"[8.8497424e-01 1.1710927e-03 9.8679572e-02 7.3237339e-04 2.1593231e-03
 6.4815809e-03 5.8018188e-03]",[9.7501731e-01 6.0992292e-04 1.7939026e-02 6.4337039e-03],[9.9966455e-01 3.3547590e-04],"[3.0348654e-05 3.0493060e-05 3.4578302e-04 1.8424076e-03 5.6454174e-02
 4.2244041e-01 4.9608818e-01 2.2499887e-02 2.6838452e-04]"
/scratch/project_462000771/mengting/projects/bias/Qwen/chinese_prompt/selected_faces/detected_person/person_0494_face0.png,Indian,Indian,Male,30-39,"[6.2361542e-02 5.9146265e-04 3.5979277e-01 4.5401763e-04 1.5983025e-03
 5.3585547e-01 3.9346468e-02]",[0.03311554 0.00590442 0.00242246 0.9585576 ],[9.9999815e-01 1.9182701e-06],"[3.7614291e-07 7.9861220e-06 1.0928164e-03 4.6931320e-01 5.1652277e-01
 1.3010406e-02 5.2107152e-05 2.9120449e-07 3.1584093e-09]"
/scratch/project_462000771/mengting/projects/bias/Qwen/chinese_prompt/selected_faces/detected_person/person_0831_face0.png,Black,Black,Male,30-39,"[4.2621124e-07 9.9992645e-01 1.1522472e-05 9.9619175e-09 5.4292894e-07
 5.9220474e-05 1.7486902e-06]",[3.9519755e-06 9.9987513e-01 1.2498930e-05 1.0836472e-04],[9.9999934e-01 6.7407967e-07],"[1.0562114e-06 4.3312350e-05 4.5620357e-03 1.2394550e-01 4.0654984e-01
 4.0557641e-01 5.5795372e-02 3.3860351e-03 1.4048976e-04]"
/scratch/project_462000771/mengting/projects/bias/Qwen/chinese_prompt/selected_faces/detected_person/person_0066_face0.png,Latino_Hispanic,White,Female,20-29,"[3.7184069e-01 2.7137825e-02 5.1959759e-01 7.3511190e-05 3.0867659e-04
 6.6369258e-02 1.4672469e-02]",[0.52385616 0.04411195 0.00070007 0.43133178],[4.8229600e-07 9.9999946e-01],"[1.7706704e-10 5.5690776e-07 6.8428162e-03 7.4755228e-01 2.4423619e-01
 1.3663634e-03 1.7414309e-06 5.5392273e-09 2.6297263e-11]"
/scratch/project_462000771/mengting/projects/bias/Qwen/chinese_prompt/selected_faces/detected_person/person_0441_face0.png,East Asian,Asian,Female,30-39,"[7.6713989e-04 2.0933094e-06 2.5326910e-03 9.1879237e-01 7.7555142e-02
 2.4460535e-04 1.0606357e-04]",[2.4511328e-03 6.9958121e-05 9.9572539e-01 1.7534809e-03],[0.00174694 0.99825305],"[5.6463665e-07 1.2971611e-05 5.5352453e-04 5.5657733e-02 4.4041359e-01
 4.0866160e-01 8.2796611e-02 1.1775617e-02 1.2779495e-04]"
/scratch/project_462000771/mengting/projects/bias/Qwen/chinese_prompt/selected_faces/detected_person/person_0762_face0.png,White,White,Male,40-49,"[9.7947258e-01 1.5266277e-06 9.8929014e-03 7.9601858e-05 5.9095488e-05
 3.4251885e-04 1.0151788e-02]",[9.9793124e-01 1.8698816e-05 6.2215392e-04 1.4278974e-03],[9.9996245e-01 3.7554400e-05],"[3.3308228e-05 4.1984873e-05 4.3497491e-04 3.4024345e-03 1.6414876e-01
 7.0444167e-01 1.2626760e-01 1.2231978e-03 6.0216025e-06]"
/scratch/project_462000771/mengting/projects/bias/Qwen/chinese_prompt/selected_faces/detected_person/person_0473_face0.png,White,White,Male,30-39,"[7.3065299e-01 2.7904232e-05 1.9495739e-01 4.9158721e-04 1.8953830e-03
 1.5832588e-02 5.6142043e-02]",[9.6830046e-01 1.6976216e-04 2.4248760e-03 2.9104928e-02],[9.999991e-01 9.018425e-07],"[9.5748851e-07 8.7115623e-05 1.9093478e-02 3.0808786e-01 5.8343345e-01
 8.8195309e-02 1.0920156e-03 9.6191688e-06 1.2279567e-07]"
/scratch/project_462000771/mengting/projects/bias/Qwen/chinese_prompt/selected_faces/detected_person/person_0249_face0.png,White,White,Male,40-49,"[9.8707998e-01 1.2623204e-06 2.8397767e-03 5.6565683e-03 1.4583268e-03
 1.2199745e-04 2.8421057e-03]",[9.9897420e-01 4.1677117e-06 8.8117865e-04 1.4042361e-04],[9.9998355e-01 1.6441192e-05],"[1.34080165e-05 1.88909671e-05 5.65824506e-04 6.12590229e-03
 1.08788356e-01 5.31844676e-01 3.40668142e-01 1.18913893e-02
 8.34948150e-05]"
/scratch/project_462000771/mengting/projects/bias/Qwen/chinese_prompt/selected_faces/detected_person/person_0478_face0.png,East Asian,Asian,Male,40-49,"[8.3859079e-04 3.2917116e-05 3.3414859e-02 7.5417346e-01 2.1067831e-01
 7.3343847e-04 1.2844703e-04]",[2.5147272e-04 2.2240391e-05 9.9914902e-01 5.7724532e-04],[9.999922e-01 7.764185e-06],"[5.16865100e-07 2.29495890e-06 1.11203546e-04 2.56432826e-03
 1.51655212e-01 6.13136232e-01 2.25423560e-01 7.08710495e-03
 1.95430912e-05]"
/scratch/project_462000771/mengting/projects/bias/Qwen/chinese_prompt/selected_faces/detected_person/person_0686_face0.png,Indian,Indian,Male,40-49,"[2.6366452e-03 1.8208092e-02 2.4172907e-01 1.0283536e-05 2.0027511e-04
 7.3690063e-01 3.1501212e-04]",[7.3431490e-04 3.7003253e-02 1.6458797e-04 9.6209782e-01],[9.9999791e-01 2.1143694e-06],"[1.4197834e-06 1.7145803e-05 1.3711853e-03 2.0098336e-02 4.3049234e-01
 5.2143776e-01 2.6533127e-02 4.8555758e-05 1.4362460e-07]"
/scratch/project_462000771/mengting/projects/bias/Qwen/chinese_prompt/selected_faces/detected_person/person_0243_face0.png,East Asian,Asian,Male,30-39,"[1.0691706e-04 2.3750415e-07 1.0502492e-03 9.1454673e-01 8.4242105e-02
 4.0632862e-05 1.3091269e-05]",[1.11321155e-04 2.41286330e-06 9.99829769e-01 5.65336850e-05],[9.9998379e-01 1.6197471e-05],"[1.2069157e-07 3.8446528e-06 2.5514531e-04 2.6804045e-02 7.0055085e-01
 2.6312706e-01 9.1806352e-03 7.8060468e-05 2.0918010e-07]"
/scratch/project_462000771/mengting/projects/bias/Qwen/chinese_prompt/selected_faces/detected_person/person_0556_face0.png,East Asian,Asian,Male,30-39,"[2.8910372e-05 2.5864783e-05 1.0496873e-03 6.8939829e-01 3.0897394e-01
 5.1060435e-04 1.2635646e-05]",[4.5924684e-05 4.8735694e-04 9.9799061e-01 1.4761334e-03],[9.9999970e-01 2.6131335e-07],"[1.5960966e-07 2.7790200e-06 5.5017503e-04 7.9307050e-02 6.1764032e-01
 2.8972882e-01 1.2487652e-02 2.8150488e-04 1.4880087e-06]"
/scratch/project_462000771/mengting/projects/bias/Qwen/chinese_prompt/selected_faces/detected_person/person_0032_face0.png,Southeast Asian,Asian,Male,30-39,"[1.6667631e-03 1.0813234e-04 1.4499477e-01 2.8696227e-01 4.1080955e-01
 1.3760860e-01 1.7849874e-02]",[1.7784192e-03 1.7022780e-04 8.3560252e-01 1.6244887e-01],[1.0000000e+00 3.9980115e-08],"[4.3977397e-07 3.6205816e-05 7.1443077e-03 4.4510418e-01 5.0269467e-01
 4.4552360e-02 4.5637097e-04 1.1374801e-05 4.9902951e-08]"
/scratch/project_462000771/mengting/projects/bias/Qwen/chinese_prompt/selected_faces/detected_person/person_0817_face0.png,White,White,Male,30-39,"[9.9964851e-01 2.0936716e-07 2.1155724e-04 4.5904549e-06 4.9151554e-06
 2.2033728e-06 1.2809134e-04]",[9.9995655e-01 1.1166903e-06 1.4460769e-05 2.7958580e-05],[9.9999726e-01 2.7279968e-06],"[2.6020489e-05 3.1533875e-04 9.2257364e-03 5.2567989e-02 6.1107165e-01
 3.1497943e-01 1.1676306e-02 1.3583049e-04 1.6741134e-06]"
/scratch/project_462000771/mengting/projects/bias/Qwen/chinese_prompt/selected_faces/detected_person/person_0599_face0.png,East Asian,Asian,Male,20-29,"[1.4316107e-04 4.2370888e-07 6.3893769e-04 9.1094273e-01 8.8166982e-02
 8.8003624e-05 1.9781988e-05]",[1.8727931e-04 7.2127095e-06 9.9939382e-01 4.1171108e-04],[9.999960e-01 4.033157e-06],"[1.3915663e-07 2.2942209e-05 1.3469877e-02 6.8741590e-01 2.9454452e-01
 4.5237080e-03 2.2266328e-05 6.5382670e-07 4.3962878e-09]"
/scratch/project_462000771/mengting/projects/bias/Qwen/chinese_prompt/selected_faces/detected_person/person_0712_face0.png,Latino_Hispanic,Black,Male,30-39,"[1.4771932e-02 2.2872511e-01 5.1014972e-01 3.8089484e-04 3.0643984e-03
 2.4031396e-01 2.5939376e-03]",[1.4787308e-03 9.2746222e-01 3.7585219e-04 7.0683174e-02],[9.9998504e-01 1.4913998e-05],"[7.2135877e-06 4.7357516e-05 1.2846879e-03 7.8350119e-02 6.4977127e-01
 2.6121116e-01 9.2841135e-03 4.3707729e-05 3.9223653e-07]"
/scratch/project_462000771/mengting/projects/bias/Qwen/chinese_prompt/selected_faces/detected_person/person_0261_face0.png,White,White,Male,40-49,"[9.9419367e-01 4.4825939e-07 1.8324633e-03 5.1673487e-07 2.2447771e-06
 7.1870207e-05 3.8988164e-03]",[9.9955082e-01 1.4558007e-06 5.7861016e-06 4.4197869e-04],[9.9998754e-01 1.2499790e-05],"[4.1989250e-07 2.7651583e-06 2.1983338e-04 1.6082320e-03 7.7766322e-02
 6.8460619e-01 2.3280858e-01 2.9425125e-03 4.5118944e-05]"
/scratch/project_462000771/mengting/projects/bias/Qwen/chinese_prompt/selected_faces/detected_person/person_0158_face0.png,Southeast Asian,Asian,Male,30-39,"[4.9358950e-05 7.9244110e-06 6.1877267e-03 4.7890031e-01 5.1208198e-01
 2.7683137e-03 4.3182026e-06]",[2.8510429e-05 6.8957529e-06 9.9669462e-01 3.2699397e-03],[9.995076e-01 4.923427e-04],"[5.2510001e-07 7.9981080e-05 2.0428771e-02 2.9743841e-01 5.8089608e-01
 9.8431684e-02 2.6503380e-03 7.3396470e-05 7.7047031e-07]"
/scratch/project_462000771/mengting/projects/bias/Qwen/chinese_prompt/selected_faces/detected_person/person_0239_face0.png,White,White,Male,40-49,"[9.9769521e-01 1.4765035e-06 1.2334201e-03 3.4855254e-06 1.2456803e-05
 1.4092299e-04 9.1302040e-04]",[9.9983406e-01 2.7124679e-05 6.7243367e-05 7.1483628e-05],[9.9999857e-01 1.4506171e-06],"[4.1831240e-06 3.0735293e-05 8.3861267e-04 4.3517984e-03 1.2910478e-01
 6.3639921e-01 2.2473165e-01 4.4963541e-03 4.2699066e-05]"
/scratch/project_462000771/mengting/projects/bias/Qwen/chinese_prompt/selected_faces/detected_person/person_0454_face0.png,Latino_Hispanic,Indian,Female,30-39,"[0.20527156 0.00054233 0.42813665 0.2711465  0.05601852 0.02587424
 0.01301017]",[0.06011013 0.01202669 0.224222   0.7036411 ],[2.955901e-04 9.997044e-01],"[2.8227362e-07 6.2996528e-06 9.4423292e-04 9.5935427e-02 6.4363152e-01
 2.2819391e-01 2.9991860e-02 1.2891804e-03 7.2774687e-06]"
/scratch/project_462000771/mengting/projects/bias/Qwen/chinese_prompt/selected_faces/detected_person/person_0273_face0.png,White,White,Male,40-49,"[8.9410454e-01 7.7989198e-06 8.9720659e-02 3.7470603e-04 5.4997200e-04
 1.5464926e-03 1.3695837e-02]",[9.9754864e-01 3.3440614e-05 1.2002292e-03 1.2178139e-03],[9.9984246e-01 1.5749580e-04],"[1.17693435e-05 3.57948229e-05 1.26499718e-03 4.70641581e-03
 1.81122020e-01 6.37435257e-01 1.73555389e-01 1.85945793e-03
 8.93853030e-06]"
/scratch/project_462000771/mengting/projects/bias/Qwen/chinese_prompt/selected_faces/detected_person/person_0575_face0.png,Latino_Hispanic,White,Male,30-39,"[1.9641210e-01 1.5667893e-04 7.0388877e-01 5.7080766e-04 7.9245766e-04
 4.3528508e-02 5.4650694e-02]",[8.1799924e-01 1.5210811e-04 8.5691421e-04 1.8099175e-01],[9.9966079e-01 3.3922924e-04],"[1.0373039e-05 3.5295223e-05 1.0810187e-03 3.4145180e-02 6.0057151e-01
 3.5181844e-01 1.2288725e-02 4.9028178e-05 2.8753172e-07]"
/scratch/project_462000771/mengting/projects/bias/Qwen/chinese_prompt/selected_faces/detected_person/person_0508_face0.png,White,White,Male,30-39,"[9.9982476e-01 2.2093329e-07 8.3618208e-05 1.9353784e-06 7.9765723e-06
 7.3357847e-07 8.0725127e-05]",[9.9996996e-01 1.7996292e-06 1.1753812e-05 1.6473376e-05],[9.9999994e-01 6.6997785e-08],"[2.5994264e-06 2.7197652e-04 1.5664494e-02 2.0654930e-01 6.7457604e-01
 1.0086109e-01 2.0555889e-03 1.8545097e-05 4.2532557e-07]"
/scratch/project_462000771/mengting/projects/bias/Qwen/chinese_prompt/selected_faces/detected_person/person_0787_face0.png,White,White,Male,30-39,"[9.9934089e-01 1.3587953e-07 2.3578139e-04 5.8822184e-06 9.9419985e-06
 2.6746369e-05 3.8057903e-04]",[9.9969429e-01 1.1950817e-06 6.8181274e-05 2.3628035e-04],[9.9999893e-01 1.0475669e-06],"[1.1121198e-07 1.5750126e-06 3.6153197e-04 7.5471960e-02 7.5070763e-01
 1.7064713e-01 2.8032421e-03 6.7708775e-06 9.0607806e-08]"
/scratch/project_462000771/mengting/projects/bias/Qwen/chinese_prompt/selected_faces/detected_person/person_0339_face0.png,Southeast Asian,Asian,Female,50-59,"[8.8426872e-04 2.2170498e-04 6.9390364e-02 3.7745368e-01 5.3658676e-01
 1.4148626e-02 1.3145643e-03]",[0.00351392 0.0018062  0.9679526  0.02672726],[1.7567878e-04 9.9982429e-01],"[3.7586599e-07 3.2883488e-06 7.1368624e-05 1.3534415e-03 6.6846758e-02
 3.5146576e-01 5.0336063e-01 7.6062672e-02 8.3563756e-04]"
/scratch/project_462000771/mengting/projects/bias/Qwen/chinese_prompt/selected_faces/detected_person/person_0252_face0.png,White,White,Male,50-59,"[7.63172030e-01 1.35614464e-05 9.28185284e-02 2.16566754e-04
 6.19908795e-04 2.22360361e-02 1.20923445e-01]",[9.8836416e-01 1.3926736e-05 3.4757957e-04 1.1274377e-02],[9.9976707e-01 2.3294298e-04],"[7.6395641e-05 3.0361800e-04 1.7945877e-03 9.8600995e-04 1.9849379e-02
 3.3890983e-01 6.2526643e-01 1.2611424e-02 2.0237522e-04]"
/scratch/project_462000771/mengting/projects/bias/Qwen/chinese_prompt/selected_faces/detected_person/person_0421_face0.png,Black,Black,Male,30-39,"[6.5832961e-07 9.9934989e-01 4.9081929e-05 1.7879665e-06 3.1046962e-05
 5.6730042e-04 2.2216653e-07]",[1.0733773e-05 9.9729007e-01 1.8020064e-04 2.5189496e-03],[0.920059   0.07994097],"[9.4970972e-07 2.2386117e-05 6.0349843e-03 1.7545281e-01 4.9836019e-01
 2.9648033e-01 2.3460232e-02 1.8013260e-04 8.0000245e-06]"
/scratch/project_462000771/mengting/projects/bias/Qwen/chinese_prompt/selected_faces/detected_person/person_0662_face0.png,Black,Black,Male,50-59,"[0.00750229 0.47726497 0.4697428  0.00476919 0.02516212 0.01344649
 0.00211211]",[0.00419032 0.8565861  0.12695974 0.01226377],[9.9999362e-01 6.4269366e-06],"[8.1081926e-05 6.1532024e-05 1.3773979e-03 2.2182467e-03 3.3728871e-02
 3.0536765e-01 6.1886472e-01 3.7965026e-02 3.3546329e-04]"
/scratch/project_462000771/mengting/projects/bias/Qwen/chinese_prompt/selected_faces/detected_person/person_0563_face0.png,East Asian,Asian,Male,40-49,"[4.9344893e-04 2.3227051e-06 1.9296717e-03 9.5918757e-01 3.8274020e-02
 3.5092162e-05 7.7876590e-05]",[2.2023823e-03 5.6036183e-06 9.9744070e-01 3.5123344e-04],[9.9999976e-01 1.6728451e-07],"[3.84250825e-07 1.26839370e-06 1.44920690e-04 1.02490401e-02
 3.62399608e-01 5.16935587e-01 1.05987936e-01 4.27135313e-03
 1.00252510e-05]"
/scratch/project_462000771/mengting/projects/bias/Qwen/chinese_prompt/selected_faces/detected_person/person_0722_face0.png,Latino_Hispanic,Indian,Male,40-49,"[3.0207366e-01 4.0311395e-04 4.5754388e-01 3.2115862e-04 6.7932723e-04
 2.0665944e-01 3.2319482e-02]",[1.7445152e-01 3.7873030e-04 1.4810618e-03 8.2368869e-01],[9.9988735e-01 1.1266376e-04],"[3.3038643e-05 8.1189959e-05 1.1194875e-03 4.2835996e-03 1.5808438e-01
 5.9756720e-01 2.3736854e-01 1.4570430e-03 5.4625448e-06]"
/scratch/project_462000771/mengting/projects/bias/Qwen/chinese_prompt/selected_faces/detected_person/person_0959_face0.png,Latino_Hispanic,White,Female,30-39,"[4.08118308e-01 1.13985596e-04 4.95270461e-01 1.14114424e-04
 3.09083814e-04 3.87202785e-03 9.22019258e-02]",[9.4685769e-01 7.0401159e-04 1.6823554e-03 5.0755948e-02],[2.0951999e-04 9.9979049e-01],"[3.3329442e-08 2.0207351e-06 6.1647181e-04 3.9985925e-02 6.1349028e-01
 3.2758284e-01 1.8173398e-02 1.4826239e-04 7.2574335e-07]"
/scratch/project_462000771/mengting/projects/bias/Qwen/chinese_prompt/selected_faces/detected_person/person_0440_face0.png,Black,Black,Male,40-49,"[2.3781246e-04 8.8004452e-01 8.4669618e-03 2.2406483e-04 3.3001029e-03
 1.0727172e-01 4.5484048e-04]",[5.3526973e-04 6.6168112e-01 7.0164814e-03 3.3076707e-01],[9.999299e-01 7.007990e-05],"[6.4304595e-06 5.2047646e-05 7.9242513e-04 7.5649787e-03 7.7559128e-02
 4.9068537e-01 3.9851364e-01 2.3721403e-02 1.1045868e-03]"
/scratch/project_462000771/mengting/projects/bias/Qwen/chinese_prompt/selected_faces/detected_person/person_0102_face0.png,East Asian,Asian,Male,30-39,"[7.0779137e-03 1.3214273e-04 1.8757913e-01 3.9943853e-01 3.8524085e-01
 1.6989103e-02 3.5424083e-03]",[0.00646617 0.00232746 0.92961687 0.06158949],[9.9999630e-01 3.6891865e-06],"[1.1355705e-06 5.5743116e-05 3.0849418e-03 1.6476089e-01 6.4662647e-01
 1.7701051e-01 8.3377874e-03 1.2148287e-04 9.8622820e-07]"
/scratch/project_462000771/mengting/projects/bias/Qwen/chinese_prompt/selected_faces/detected_person/person_0371_face0.png,Latino_Hispanic,Indian,Male,30-39,"[1.5011276e-01 2.9278957e-04 7.2586226e-01 1.5261749e-04 3.8552444e-04
 5.0278760e-02 7.2915345e-02]",[4.6346444e-01 5.0886073e-03 3.5869915e-04 5.3108829e-01],[9.9992299e-01 7.7034696e-05],"[5.95239817e-06 4.81382776e-05 2.43826746e-03 1.10263504e-01
 7.28979886e-01 1.55660629e-01 2.59299157e-03 1.05207955e-05
 7.60909202e-08]"
/scratch/project_462000771/mengting/projects/bias/Qwen/chinese_prompt/selected_faces/detected_person/person_0267_face0.png,Latino_Hispanic,White,Male,40-49,"[1.0859659e-01 2.5579636e-04 8.3630472e-01 7.8848610e-04 1.5083312e-03
 3.5491392e-02 1.7054643e-02]",[0.6976757  0.00315658 0.00346852 0.29569918],[9.9999821e-01 1.7353819e-06],"[1.1875211e-05 4.7726800e-05 6.3875632e-04 4.4563636e-03 2.4136263e-01
 6.4497471e-01 1.0794495e-01 5.6140823e-04 1.5802320e-06]"
/scratch/project_462000771/mengting/projects/bias/Qwen/chinese_prompt/selected_faces/detected_person/person_0347_face0.png,White,White,Male,40-49,"[9.8144174e-01 6.5433996e-06 1.4819595e-02 5.3979148e-04 5.6369830e-04
 4.4300829e-04 2.1855719e-03]",[9.9977028e-01 5.6208855e-06 1.0280068e-04 1.2126565e-04],[9.99989271e-01 1.07040505e-05],"[2.8760383e-06 2.0482932e-05 1.1130981e-03 6.2790047e-03 1.5498480e-01
 6.3061577e-01 2.0513049e-01 1.8376926e-03 1.5760699e-05]"
/scratch/project_462000771/mengting/projects/bias/Qwen/chinese_prompt/selected_faces/detected_person/person_0929_face0.png,White,White,Male,40-49,"[7.7295327e-01 5.2899522e-05 1.5663752e-01 1.4963356e-04 5.2444299e-04
 4.7262711e-03 6.4955898e-02]",[9.9904799e-01 4.2144828e-05 1.1702697e-04 7.9281500e-04],[9.9999714e-01 2.8451709e-06],"[2.2211575e-06 1.4271279e-05 5.0080410e-04 1.4819770e-02 4.7792646e-01
 4.9639675e-01 1.0296593e-02 4.2887292e-05 2.0477266e-07]"
/scratch/project_462000771/mengting/projects/bias/Qwen/chinese_prompt/selected_faces/detected_person/person_0937_face0.png,East Asian,Asian,Male,20-29,"[3.4061464e-04 5.2121582e-06 1.0358465e-02 7.7867854e-01 2.0938769e-01
 1.1009561e-03 1.2859520e-04]",[6.0324534e-04 1.2413842e-04 9.8246843e-01 1.6804125e-02],[9.9999511e-01 4.8886845e-06],"[7.6168668e-08 2.8200129e-05 4.3598305e-02 8.7921476e-01 7.6292820e-02
 8.5906719e-04 6.3720104e-06 3.9307952e-07 3.5662018e-09]"
/scratch/project_462000771/mengting/projects/bias/Qwen/chinese_prompt/selected_faces/detected_person/person_0348_face0.png,Latino_Hispanic,Indian,Male,20-29,"[0.02324201 0.001847   0.4169233  0.00188554 0.00814849 0.22256914
 0.32538447]",[0.04777957 0.0131027  0.03299344 0.90612423],[9.999507e-01 4.926266e-05],"[3.36695084e-05 3.56449117e-03 1.22626156e-01 6.14376128e-01
 2.51168609e-01 8.18146951e-03 4.89839331e-05 5.45156581e-07
 8.51056026e-09]"
/scratch/project_462000771/mengting/projects/bias/Qwen/chinese_prompt/selected_faces/detected_person/person_0741_face0.png,White,White,Male,40-49,"[9.8518890e-01 1.2960977e-06 1.1309633e-02 2.8227290e-04 3.4732043e-04
 2.8330379e-04 2.5871405e-03]",[9.9669915e-01 6.1187042e-05 1.4468650e-03 1.7927939e-03],[9.9934524e-01 6.5472745e-04],"[8.1942198e-07 7.2244356e-06 4.3051501e-04 3.6333487e-03 1.2046274e-01
 7.2932673e-01 1.4501888e-01 1.1064607e-03 1.3276459e-05]"
/scratch/project_462000771/mengting/projects/bias/Qwen/chinese_prompt/selected_faces/detected_person/person_0610_face0.png,Indian,Indian,Male,30-39,"[1.6395218e-03 1.3388430e-01 1.6260794e-01 9.5378200e-05 1.8470420e-03
 6.9943559e-01 4.9022847e-04]",[0.00180872 0.4554378  0.00303914 0.5397143 ],[9.9996161e-01 3.8417184e-05],"[9.6456206e-05 4.5616314e-04 5.5567827e-03 5.4510370e-02 5.2084696e-01
 3.8817644e-01 3.0229757e-02 1.2610019e-04 9.6993745e-07]"
/scratch/project_462000771/mengting/projects/bias/Qwen/chinese_prompt/selected_faces/detected_person/person_0016_face0.png,Southeast Asian,Asian,Female,20-29,"[6.9879694e-05 2.9116431e-03 1.3001583e-02 8.9590847e-02 8.5330743e-01
 4.1078310e-02 4.0246228e-05]",[1.2742972e-04 5.3056530e-03 9.8598504e-01 8.5819671e-03],[0.16185822 0.8381418 ],"[1.2699350e-06 4.8796609e-03 4.1429022e-01 5.5125046e-01 2.9015629e-02
 5.5904977e-04 3.4795871e-06 1.9569903e-07 7.5422983e-09]"
/scratch/project_462000771/mengting/projects/bias/Qwen/chinese_prompt/selected_faces/detected_person/person_0941_face0.png,White,White,Male,50-59,"[9.9947518e-01 6.3004455e-07 1.0561823e-04 1.1781172e-05 2.1287209e-05
 1.9611374e-05 3.6598698e-04]",[9.9922454e-01 1.6985556e-05 6.4295245e-04 1.1547877e-04],[9.9999112e-01 8.9166815e-06],"[6.1570199e-06 1.5648882e-05 2.7429409e-04 7.7758951e-04 1.0817081e-02
 1.8235068e-01 7.4745959e-01 5.7275232e-02 1.0237348e-03]"
/scratch/project_462000771/mengting/projects/bias/Qwen/chinese_prompt/selected_faces/detected_person/person_0078_face0.png,White,White,Male,40-49,"[9.4793659e-01 9.2354137e-05 4.5013949e-02 3.2220985e-05 1.9849156e-04
 2.5904949e-03 4.1359435e-03]",[9.7604758e-01 1.4633314e-03 6.8970572e-04 2.1799305e-02],[9.9999976e-01 2.7925270e-07],"[3.91251746e-07 5.23796643e-06 7.12159323e-04 1.34475138e-02
 2.40495324e-01 6.28400266e-01 1.16484374e-01 4.51717700e-04
 2.97514816e-06]"
/scratch/project_462000771/mengting/projects/bias/Qwen/chinese_prompt/selected_faces/detected_person/person_0338_face0.png,White,White,Male,40-49,"[9.8604506e-01 1.8358430e-06 1.1851442e-02 9.4733005e-05 1.2498540e-04
 2.7578446e-04 1.6060889e-03]",[9.9877852e-01 6.9592170e-06 5.8527541e-04 6.2928325e-04],[9.9999154e-01 8.4767180e-06],"[8.2781708e-06 3.1280542e-05 6.8959355e-04 7.0844626e-04 4.7708463e-02
 5.4945904e-01 3.9439812e-01 6.9648433e-03 3.1824027e-05]"
/scratch/project_462000771/mengting/projects/bias/Qwen/chinese_prompt/selected_faces/detected_person/person_0801_face0.png,Indian,Indian,Male,30-39,"[1.9001325e-05 2.1398573e-01 3.2861016e-03 4.9076521e-06 2.5867583e-04
 7.8242236e-01 2.3186840e-05]",[7.9526857e-05 2.9968423e-01 2.2929399e-04 7.0000696e-01],[9.9998879e-01 1.1191596e-05],"[2.4923006e-07 6.5879331e-06 3.9571202e-03 3.6049294e-01 5.8403140e-01
 5.0555851e-02 9.5004658e-04 5.7213542e-06 8.9725980e-08]"
/scratch/project_462000771/mengting/projects/bias/Qwen/chinese_prompt/selected_faces/detected_person/person_0989_face0.png,Middle Eastern,White,Male,40-49,"[2.3135376e-01 1.4773349e-03 3.1008226e-01 2.9326751e-04 5.8707356e-04
 1.3590395e-01 3.2030234e-01]",[0.52888244 0.00126443 0.0019     0.46795318],[9.9985147e-01 1.4849300e-04],"[6.2746199e-06 6.1014430e-06 1.4727243e-04 4.1551930e-03 2.0204645e-01
 5.6897050e-01 2.2158512e-01 3.0311521e-03 5.1908115e-05]"
/scratch/project_462000771/mengting/projects/bias/Qwen/chinese_prompt/selected_faces/detected_person/person_0871_face0.png,Southeast Asian,Asian,Female,20-29,"[9.1766633e-05 1.4742923e-03 5.7375096e-03 7.5110137e-02 9.1195560e-01
 5.6043547e-03 2.6276468e-05]",[0.00201734 0.00976204 0.939654   0.0485666 ],[7.98098e-06 9.99992e-01],"[6.6707861e-09 6.1589679e-05 6.4344212e-02 8.8274026e-01 5.2533176e-02
 3.2016740e-04 5.7703244e-07 7.2171269e-09 9.5055526e-11]"
/scratch/project_462000771/mengting/projects/bias/Qwen/chinese_prompt/selected_faces/detected_person/person_0156_face0.png,White,White,Male,30-39,"[9.9841017e-01 1.7269724e-07 4.4625404e-04 5.0213584e-06 1.2256161e-05
 1.7861192e-05 1.1082398e-03]",[9.9997795e-01 1.6968991e-07 5.4985253e-06 1.6481999e-05],[9.9997801e-01 2.1964755e-05],"[7.4658487e-08 7.3904789e-06 2.4927850e-03 3.3779329e-01 6.1078453e-01
 4.8612319e-02 3.0876658e-04 9.0382485e-07 1.4829349e-08]"
/scratch/project_462000771/mengting/projects/bias/Qwen/chinese_prompt/selected_faces/detected_person/person_0276_face0.png,White,White,Male,30-39,"[9.8529667e-01 8.8252114e-07 4.5943698e-03 1.8731636e-04 1.4422214e-04
 2.1868244e-04 9.5578199e-03]",[9.8665696e-01 1.5866304e-04 5.0666754e-04 1.2677683e-02],[9.9994504e-01 5.4924116e-05],"[1.7136681e-08 5.6848017e-07 2.4025918e-04 1.8039604e-01 7.6968646e-01
 4.9546588e-02 1.2976814e-04 3.2308716e-07 2.8607148e-09]"
/scratch/project_462000771/mengting/projects/bias/Qwen/chinese_prompt/selected_faces/detected_person/person_0179_face0.png,White,White,Male,40-49,"[9.5488006e-01 6.7109337e-05 2.3578463e-02 5.2762812e-04 4.9942260e-04
 2.0213006e-04 2.0245239e-02]",[9.9583781e-01 2.5694308e-04 2.1081755e-03 1.7971314e-03],[9.9999183e-01 8.1398121e-06],"[4.42758610e-05 6.47086417e-05 3.48598754e-04 1.96529482e-03
 1.05744004e-01 6.60383105e-01 2.27294728e-01 4.12300462e-03
 3.23538443e-05]"
/scratch/project_462000771/mengting/projects/bias/Qwen/chinese_prompt/selected_faces/detected_person/person_0966_face0.png,Southeast Asian,Asian,Male,50-59,"[3.2706925e-05 1.3265488e-01 8.4747998e-03 7.4418057e-03 7.1702951e-01
 1.3430685e-01 5.9382528e-05]",[9.2175600e-05 4.0459167e-02 7.0893443e-01 2.5051421e-01],[0.67243654 0.32756343],"[5.4111806e-06 6.0247745e-05 4.6157421e-04 1.7803066e-03 4.9317800e-02
 3.2386580e-01 5.2689266e-01 8.2588166e-02 1.5028054e-02]"
/scratch/project_462000771/mengting/projects/bias/Qwen/chinese_prompt/selected_faces/detected_person/person_0190_face0.png,East Asian,Asian,Male,20-29,"[6.2601414e-04 2.0252090e-04 2.4907745e-02 5.2335554e-01 4.4912031e-01
 1.6286355e-03 1.5922892e-04]",[5.8466179e-04 2.2621909e-03 9.9217582e-01 4.9773273e-03],[9.9999535e-01 4.6536838e-06],"[3.3654760e-06 4.5595854e-04 8.3488166e-02 5.7768482e-01 3.1993923e-01
 1.7932711e-02 4.7859552e-04 1.6966438e-05 2.4980667e-07]"
/scratch/project_462000771/mengting/projects/bias/Qwen/chinese_prompt/selected_faces/detected_person/person_0365_face0.png,Indian,Indian,Male,30-39,"[2.5011519e-02 2.4632374e-03 2.9616794e-01 1.2524007e-04 8.1003737e-04
 4.8857871e-01 1.8684334e-01]",[2.7078271e-02 9.4365887e-04 1.5182451e-03 9.7045982e-01],[9.9998963e-01 1.0423768e-05],"[2.2742583e-06 1.7582355e-05 1.3824267e-03 3.1845585e-01 6.3916731e-01
 4.0392138e-02 5.7158241e-04 1.0719232e-05 1.9874142e-07]"
/scratch/project_462000771/mengting/projects/bias/Qwen/chinese_prompt/selected_faces/detected_person/person_0081_face0.png,Indian,Indian,Male,30-39,"[2.3234366e-04 4.4826732e-04 1.0572168e-02 1.5170817e-06 5.1600706e-05
 9.8681754e-01 1.8764881e-03]",[5.3203979e-04 1.9121895e-03 1.4333465e-04 9.9741244e-01],[9.9999911e-01 8.8423906e-07],"[8.9748966e-08 2.7885344e-06 8.4300997e-04 3.1953534e-01 6.5085846e-01
 2.8679704e-02 8.0086960e-05 4.8264889e-07 6.7698247e-09]"
/scratch/project_462000771/mengting/projects/bias/Qwen/chinese_prompt/selected_faces/detected_person/person_0225_face0.png,Middle Eastern,White,Male,40-49,"[2.0119525e-01 2.7496822e-04 1.5465969e-01 1.6795375e-04 4.9857458e-04
 9.1660526e-03 6.3403755e-01]",[8.5458541e-01 7.2919764e-04 1.0021173e-03 1.4368331e-01],[9.9998593e-01 1.4089524e-05],"[3.1560463e-05 6.0855469e-05 5.0784409e-04 6.0239772e-04 3.2472447e-02
 4.8646712e-01 4.6836805e-01 1.1411891e-02 7.7851662e-05]"
/scratch/project_462000771/mengting/projects/bias/Qwen/chinese_prompt/selected_faces/detected_person/person_0905_face0.png,Latino_Hispanic,White,Male,50-59,"[0.16827029 0.04085902 0.68017    0.00819041 0.0588504  0.022921
 0.02073887]",[0.79417425 0.06946402 0.09268877 0.04367296],[9.9998212e-01 1.7916118e-05],"[3.4431624e-04 4.8367091e-04 3.2461819e-03 1.1561147e-03 1.4558099e-02
 1.5805979e-01 6.4125139e-01 1.7921975e-01 1.6806967e-03]"
/scratch/project_462000771/mengting/projects/bias/Qwen/chinese_prompt/selected_faces/detected_person/person_0696_face0.png,Latino_Hispanic,Asian,Male,40-49,"[1.2453698e-02 2.9239713e-04 5.6471997e-01 1.9679281e-01 1.9854672e-01
 2.5130853e-02 2.0635424e-03]",[8.0444939e-02 1.5527771e-04 8.5182035e-01 6.7579404e-02],[9.9999732e-01 2.6336945e-06],"[4.3452354e-05 2.0257855e-04 1.1851626e-03 2.3224438e-03 1.3179959e-01
 5.7281166e-01 2.8525138e-01 6.3688033e-03 1.4953059e-05]"
/scratch/project_462000771/mengting/projects/bias/Qwen/chinese_prompt/selected_faces/detected_person/person_0395_face0.png,White,White,Male,40-49,"[8.8304639e-01 1.5976601e-06 7.9366572e-02 9.4499395e-05 1.0984091e-04
 8.3576265e-04 3.6545388e-02]",[9.9251062e-01 6.1508113e-06 2.0333609e-04 7.2799432e-03],[9.9999982e-01 1.2773947e-07],"[2.4799940e-06 4.5798429e-06 9.6326912e-05 6.2037911e-04 1.4593785e-01
 7.8510797e-01 6.7957275e-02 2.7270630e-04 3.6770041e-07]"
/scratch/project_462000771/mengting/projects/bias/Qwen/chinese_prompt/selected_faces/detected_person/person_0572_face0.png,White,White,Male,30-39,"[9.4676316e-01 2.9079563e-05 1.9283526e-02 1.5781550e-05 3.3736480e-05
 5.7913997e-04 3.3295650e-02]",[9.9962491e-01 6.6192288e-06 3.8601524e-05 3.2984230e-04],[9.9999851e-01 1.5244452e-06],"[2.1159343e-07 2.6756479e-06 1.3421573e-04 5.4117162e-02 7.0389146e-01
 2.3942579e-01 2.4221458e-03 6.2892395e-06 6.2030459e-08]"
/scratch/project_462000771/mengting/projects/bias/Qwen/chinese_prompt/selected_faces/detected_person/person_0247_face0.png,East Asian,Asian,Male,30-39,"[2.1072819e-03 1.5793974e-05 7.3743589e-02 6.4842474e-01 2.7379537e-01
 1.0812788e-03 8.3185337e-04]",[1.5841236e-03 1.6753049e-05 9.9257070e-01 5.8283797e-03],[9.9999726e-01 2.7596614e-06],"[3.7853242e-06 1.2424913e-04 7.6797325e-03 2.3995851e-01 6.7383254e-01
 7.5693950e-02 2.6588922e-03 4.8046306e-05 3.1570266e-07]"
/scratch/project_462000771/mengting/projects/bias/Qwen/chinese_prompt/selected_faces/detected_person/person_0211_face0.png,Black,Black,Male,20-29,"[1.2356871e-03 4.5963377e-01 8.8274620e-02 1.6767455e-05 1.0555153e-03
 4.3753731e-01 1.2246313e-02]",[7.5421901e-04 5.1624447e-01 2.1169374e-04 4.8278961e-01],[9.9999404e-01 5.9582039e-06],"[1.8136172e-08 1.7940180e-05 5.3209241e-02 9.1244143e-01 3.4135282e-02
 1.9568179e-04 4.2113672e-07 4.8033253e-09 1.0020608e-10]"
/scratch/project_462000771/mengting/projects/bias/Qwen/chinese_prompt/selected_faces/detected_person/person_0925_face0.png,White,White,Male,50-59,"[9.9688905e-01 1.4955536e-06 1.9782064e-03 7.3976829e-05 4.0101510e-05
 3.1004343e-05 9.8620867e-04]",[9.9954593e-01 5.5035475e-06 2.5995576e-04 1.8860601e-04],[9.9986368e-01 1.3630267e-04],"[4.4556044e-05 1.0762064e-04 1.2207287e-03 8.3144428e-04 1.6772144e-02
 2.2231902e-01 6.9147199e-01 6.6250347e-02 9.8209211e-04]"
/scratch/project_462000771/mengting/projects/bias/Qwen/chinese_prompt/selected_faces/detected_person/person_0283_face0.png,White,White,Male,30-39,"[9.9510002e-01 1.7876753e-06 1.1101537e-03 8.5899075e-05 7.7116725e-05
 1.9242213e-04 3.4325044e-03]",[9.9658519e-01 3.0035094e-06 2.7232539e-04 3.1394921e-03],[9.9999779e-01 2.1400028e-06],"[5.1912843e-07 2.2414815e-06 8.2988146e-05 1.7716978e-02 5.8273894e-01
 3.9483380e-01 4.6112440e-03 1.3174451e-05 1.4236360e-07]"
/scratch/project_462000771/mengting/projects/bias/Qwen/chinese_prompt/selected_faces/detected_person/person_0402_face0.png,Middle Eastern,White,Male,30-39,"[2.9208863e-01 6.4804457e-04 1.4395951e-01 3.3582497e-04 6.4230460e-04
 3.2614432e-02 5.2971125e-01]",[7.8825307e-01 3.8857767e-03 4.8783279e-04 2.0737341e-01],[9.9996346e-01 3.6530811e-05],"[3.1363461e-06 3.0842639e-05 1.1361989e-03 2.1625055e-01 7.3516428e-01
 4.7084089e-02 3.2822308e-04 2.6477235e-06 5.3346465e-08]"
/scratch/project_462000771/mengting/projects/bias/Qwen/chinese_prompt/selected_faces/detected_person/person_0647_face0.png,Latino_Hispanic,Indian,Male,30-39,"[8.5737936e-02 2.5228449e-04 5.6113923e-01 3.2693453e-04 1.2166296e-03
 9.5452838e-02 2.5587416e-01]",[0.16590907 0.00167497 0.00211265 0.8303033 ],[9.999036e-01 9.634998e-05],"[2.7033232e-06 6.5552202e-05 3.0427279e-03 4.3420190e-01 5.4459190e-01
 1.8039754e-02 5.5096771e-05 4.0069855e-07 4.4116248e-09]"
/scratch/project_462000771/mengting/projects/bias/Qwen/chinese_prompt/selected_faces/detected_person/person_0038_face0.png,White,White,Male,30-39,"[9.9999881e-01 1.1991350e-09 4.6241394e-07 3.9965165e-08 8.3932001e-08
 8.8439187e-08 5.7272609e-07]",[9.9998689e-01 4.4482289e-07 1.7648002e-06 1.0922505e-05],[9.9998450e-01 1.5492418e-05],"[3.2779911e-07 4.3988221e-06 3.6300480e-04 4.1461878e-02 5.5654234e-01
 3.8574082e-01 1.5840126e-02 4.5939534e-05 1.1621986e-06]"
/scratch/project_462000771/mengting/projects/bias/Qwen/chinese_prompt/selected_faces/detected_person/person_0343_face0.png,White,White,Male,30-39,"[9.9334711e-01 2.1856280e-07 3.3780686e-03 5.9509341e-04 4.1192185e-04
 9.9987155e-05 2.1676465e-03]",[9.9710053e-01 3.0993408e-05 2.1608220e-03 7.0757314e-04],[9.999967e-01 3.272758e-06],"[1.9002224e-06 6.8881025e-05 2.5704247e-03 6.3150831e-02 7.3330319e-01
 1.9850363e-01 2.3948746e-03 6.2283998e-06 4.8946351e-08]"
/scratch/project_462000771/mengting/projects/bias/Qwen/chinese_prompt/selected_faces/detected_person/person_0597_face0.png,Southeast Asian,Asian,Male,20-29,"[8.0189778e-04 5.2494986e-04 7.2762728e-02 1.5300407e-01 7.6697820e-01
 4.9808701e-03 9.4727485e-04]",[0.00673895 0.00423717 0.95012337 0.03890042],[1.000000e+00 1.191953e-08],"[1.0593426e-06 7.4609918e-05 4.9335621e-02 7.3896414e-01 2.0702507e-01
 4.5506409e-03 4.7946949e-05 9.6811630e-07 7.2916579e-09]"
/scratch/project_462000771/mengting/projects/bias/Qwen/chinese_prompt/selected_faces/detected_person/person_0050_face0.png,East Asian,Asian,Female,20-29,"[1.8417310e-03 2.1937529e-03 2.4213128e-02 7.4673843e-01 2.0903632e-01
 1.5659042e-02 3.1765536e-04]",[0.00309091 0.01316912 0.9402289  0.0435111 ],[2.4062268e-05 9.9997592e-01],"[2.5728045e-08 1.2431011e-04 7.2814107e-02 8.6649245e-01 6.0089704e-02
 4.7812940e-04 1.1859514e-06 2.7225152e-08 6.3217964e-10]"
/scratch/project_462000771/mengting/projects/bias/Qwen/chinese_prompt/selected_faces/detected_person/person_0664_face0.png,Latino_Hispanic,White,Male,30-39,"[0.28189045 0.00183605 0.5407202  0.00237094 0.00463491 0.03850317
 0.13004431]",[0.81074953 0.00304711 0.00323395 0.18296935],[9.9996889e-01 3.1092663e-05],"[5.9650773e-07 5.7222878e-06 1.5064511e-03 1.1535831e-01 6.8983436e-01
 1.8826766e-01 4.9848948e-03 4.1183986e-05 8.2281741e-07]"
/scratch/project_462000771/mengting/projects/bias/Qwen/chinese_prompt/selected_faces/detected_person/person_0769_face0.png,Black,Black,Male,30-39,"[3.9326886e-04 8.0370343e-01 5.1076580e-02 7.8658886e-05 3.3826237e-03
 1.3999632e-01 1.3691760e-03]",[1.9316026e-04 5.7647210e-01 4.5766034e-03 4.1875809e-01],[9.9999648e-01 3.5496655e-06],"[1.0989636e-04 9.6470601e-04 6.0422262e-03 7.5248644e-02 4.7735435e-01
 4.0710527e-01 3.2793373e-02 3.7359991e-04 7.9473684e-06]"
/scratch/project_462000771/mengting/projects/bias/Qwen/chinese_prompt/selected_faces/detected_person/person_0706_face0.png,White,White,Male,40-49,"[9.6185523e-01 1.8034354e-05 1.9498426e-02 8.6443193e-05 1.6211566e-04
 2.8910136e-04 1.8090600e-02]",[9.9847454e-01 1.5886981e-04 2.4665627e-04 1.1199703e-03],[9.999994e-01 6.475186e-07],"[3.37199481e-07 1.43683155e-06 7.90569538e-05 5.19540207e-03
 2.93841809e-01 6.66884124e-01 3.38889807e-02 1.08248845e-04
 6.28362329e-07]"
/scratch/project_462000771/mengting/projects/bias/Qwen/chinese_prompt/selected_faces/detected_person/person_0153_face0.png,Latino_Hispanic,Indian,Male,30-39,"[0.00205146 0.00504657 0.5430455  0.00208172 0.03105024 0.40521744
 0.01150699]",[0.00573153 0.00417102 0.04218165 0.9479158 ],[9.9999994e-01 5.8097100e-08],"[5.2442851e-06 3.9329683e-05 1.1596208e-03 3.7342902e-02 5.1383495e-01
 4.2091361e-01 2.6512165e-02 1.9127822e-04 9.4276891e-07]"
/scratch/project_462000771/mengting/projects/bias/Qwen/chinese_prompt/selected_faces/detected_person/person_0360_face0.png,Southeast Asian,Asian,Male,40-49,"[5.23876515e-04 7.72119209e-04 1.53927609e-01 3.07033435e-02
 7.93817997e-01 2.01426763e-02 1.12380876e-04]",[0.00138332 0.00131934 0.955319   0.04197828],[9.9998754e-01 1.2452821e-05],"[1.1947200e-05 2.3965978e-04 4.4903560e-03 1.1678538e-02 2.0373978e-01
 5.4013038e-01 2.3619336e-01 3.4892061e-03 2.6821481e-05]"
/scratch/project_462000771/mengting/projects/bias/Qwen/chinese_prompt/selected_faces/detected_person/person_0952_face0.png,White,White,Male,40-49,"[9.9478471e-01 9.2557582e-07 2.2687146e-03 3.7379508e-05 6.3334424e-05
 1.1932613e-04 2.7255903e-03]",[9.8884070e-01 2.2087464e-05 1.2218048e-03 9.9154590e-03],[9.9999976e-01 2.9827279e-07],"[1.8629957e-07 1.3734557e-06 2.3640880e-04 2.1344500e-02 4.4739294e-01
 4.9805498e-01 3.2834608e-02 1.3395825e-04 1.0570626e-06]"
/scratch/project_462000771/mengting/projects/bias/Qwen/chinese_prompt/selected_faces/detected_person/person_0001_face0.png,White,White,Male,40-49,"[9.6016484e-01 2.4476437e-06 3.4499731e-02 2.1370754e-05 2.6200374e-05
 1.3514900e-03 3.9339219e-03]",[9.9928480e-01 3.5801270e-06 2.1376529e-05 6.9023337e-04],[9.9999851e-01 1.4561599e-06],"[4.0634657e-07 3.1037598e-06 2.4882099e-04 3.4620403e-03 2.1083586e-01
 7.2885144e-01 5.6420486e-02 1.7722367e-04 5.7643717e-07]"
/scratch/project_462000771/mengting/projects/bias/Qwen/chinese_prompt/selected_faces/detected_person/person_0969_face0.png,White,White,Male,50-59,"[9.7850507e-01 2.2854158e-06 3.1103836e-03 1.3281930e-04 1.1434040e-04
 1.8400406e-04 1.7951004e-02]",[9.9513346e-01 3.6495734e-05 9.2776667e-05 4.7373115e-03],[9.9999720e-01 2.8409872e-06],"[1.6416630e-05 1.1195245e-05 2.1241923e-04 3.4801569e-04 1.4005218e-02
 2.4106379e-01 6.8903089e-01 5.4916020e-02 3.9600130e-04]"
/scratch/project_462000771/mengting/projects/bias/Qwen/chinese_prompt/selected_faces/detected_person/person_0245_face0.png,White,White,Male,40-49,"[6.2422955e-01 8.7539467e-04 2.7526739e-01 6.0421688e-04 1.1615189e-03
 1.3897102e-02 8.3964832e-02]",[9.8918885e-01 9.4615354e-04 3.3736713e-03 6.4913798e-03],[9.9999702e-01 2.9696323e-06],"[3.6166904e-05 9.6496653e-05 1.0763558e-03 3.8616615e-03 1.1247859e-01
 6.0323745e-01 2.7216992e-01 6.9995187e-03 4.3885539e-05]"
/scratch/project_462000771/mengting/projects/bias/Qwen/chinese_prompt/selected_faces/detected_person/person_0264_face0.png,Latino_Hispanic,Indian,Male,20-29,"[3.2561246e-02 8.6315367e-03 6.6359353e-01 3.2144407e-04 3.6964456e-03
 2.4428031e-01 4.6915539e-02]",[0.11179457 0.04397186 0.04397302 0.8002606 ],[9.9995416e-01 4.5886482e-05],"[2.0336874e-07 4.1088239e-05 1.9816261e-02 5.0187075e-01 4.5658177e-01
 2.1555314e-02 1.3407445e-04 5.7980179e-07 1.0212335e-08]"
/scratch/project_462000771/mengting/projects/bias/Qwen/chinese_prompt/selected_faces/detected_person/person_0671_face0.png,Latino_Hispanic,Indian,Male,30-39,"[0.00723662 0.01862553 0.7753132  0.00184642 0.04369131 0.15202726
 0.00125954]",[0.01378727 0.09418169 0.09990269 0.7921284 ],[0.9985935  0.00140651],"[2.6306016e-06 7.8568672e-05 1.5700724e-02 1.9844241e-01 6.4458805e-01
 1.3694693e-01 4.2052353e-03 3.4717832e-05 6.2950943e-07]"
/scratch/project_462000771/mengting/projects/bias/Qwen/chinese_prompt/selected_faces/detected_person/person_0927_face0.png,Latino_Hispanic,Asian,Male,40-49,"[3.0017883e-02 4.8896042e-04 5.5057889e-01 2.3520584e-01 1.5676081e-01
 2.0748274e-02 6.1992607e-03]",[0.20928887 0.00300951 0.72323126 0.06447038],[9.9997234e-01 2.7671418e-05],"[1.6576370e-05 5.5846765e-05 7.3633273e-04 1.6890047e-03 7.4428543e-02
 4.6235901e-01 4.4081721e-01 1.9793790e-02 1.0376269e-04]"
/scratch/project_462000771/mengting/projects/bias/Qwen/chinese_prompt/selected_faces/detected_person/person_0621_face0.png,Middle Eastern,Indian,Male,40-49,"[3.1148795e-02 2.7795723e-03 2.8668815e-01 9.0512032e-05 3.1407777e-04
 9.3686059e-02 5.8529282e-01]",[0.4624146  0.00311545 0.00235145 0.5321185 ],[9.999109e-01 8.912022e-05],"[1.3422268e-05 2.0103433e-05 2.1746573e-04 9.3709892e-03 3.9827746e-01
 5.6691408e-01 2.5035361e-02 1.4954206e-04 1.5090585e-06]"
/scratch/project_462000771/mengting/projects/bias/Qwen/chinese_prompt/selected_faces/detected_person/person_0889_face0.png,Indian,Indian,Male,40-49,"[3.4179448e-04 1.4772414e-02 9.5367186e-02 2.5315594e-03 1.0163394e-01
 7.8531444e-01 3.8728987e-05]",[0.0025935  0.03356514 0.30867922 0.65516216],[0.9983431  0.00165687],"[1.1181455e-04 7.5555779e-04 7.6573971e-03 1.2001714e-02 1.6624880e-01
 5.3733605e-01 2.7019319e-01 5.6266780e-03 6.8858579e-05]"
/scratch/project_462000771/mengting/projects/bias/Qwen/chinese_prompt/selected_faces/detected_person/person_0932_face0.png,Middle Eastern,Indian,Male,30-39,"[2.6852131e-02 3.4711056e-04 2.1975754e-01 1.1527516e-03 3.3660247e-03
 1.2758495e-01 6.2093949e-01]",[9.1115370e-02 3.0744166e-04 9.0682302e-03 8.9950901e-01],[9.99988973e-01 1.09627945e-05],"[6.1927653e-06 4.2948446e-05 1.8026141e-03 2.4623452e-01 6.7432559e-01
 7.6774865e-02 8.0270262e-04 1.0438051e-05 1.6713035e-07]"
/scratch/project_462000771/mengting/projects/bias/Qwen/chinese_prompt/selected_faces/detected_person/person_0933_face0.png,Latino_Hispanic,Indian,Female,30-39,"[0.00485912 0.03419405 0.49143404 0.00821362 0.03754902 0.41582358
 0.00792657]",[0.01652968 0.05520378 0.06947249 0.85879403],[0.00332818 0.99667186],"[6.95946028e-07 1.81047493e-04 2.96443533e-02 4.58196819e-01
 4.74168420e-01 3.69598791e-02 8.37091648e-04 1.15100265e-05
 2.28401007e-07]"
/scratch/project_462000771/mengting/projects/bias/Qwen/chinese_prompt/selected_faces/detected_person/person_0643_face0.png,Southeast Asian,Asian,Male,20-29,"[9.43683204e-04 3.27735033e-04 7.45481923e-02 1.08814344e-01
 8.10661197e-01 4.26943693e-03 4.35354479e-04]",[7.6134497e-04 2.0028912e-03 9.6726626e-01 2.9969577e-02],[9.9999976e-01 2.4712114e-07],"[1.2434630e-07 3.1340001e-05 7.8749172e-02 8.4013170e-01 8.0042042e-02
 1.0382377e-03 7.1746931e-06 2.6592710e-07 3.6852428e-09]"
/scratch/project_462000771/mengting/projects/bias/Qwen/chinese_prompt/selected_faces/detected_person/person_0624_face0.png,Black,Black,Male,20-29,"[3.1974370e-05 9.8779827e-01 7.2374223e-03 1.8246350e-05 1.2024507e-03
 3.6083520e-03 1.0322627e-04]",[1.2705814e-05 9.9370807e-01 6.2435743e-04 5.6548370e-03],[9.9984592e-01 1.5404809e-04],"[1.5565292e-05 6.0382759e-04 7.4939579e-02 5.5596697e-01 3.2665008e-01
 4.0625326e-02 1.1806971e-03 1.7266339e-05 7.2332051e-07]"
/scratch/project_462000771/mengting/projects/bias/Qwen/chinese_prompt/selected_faces/detected_person/person_0878_face0.png,Black,Black,Male,50-59,"[5.2365445e-04 7.5760353e-01 1.6257683e-02 5.8489761e-05 9.0855313e-04
 2.2436960e-01 2.7847098e-04]",[8.3095074e-05 9.0645844e-01 2.6853857e-04 9.3189865e-02],[9.9952203e-01 4.7792867e-04],"[3.5178618e-05 7.8828867e-05 7.5686938e-04 6.5706489e-03 7.7565573e-02
 4.0716887e-01 4.8511910e-01 2.2220407e-02 4.8451236e-04]"
/scratch/project_462000771/mengting/projects/bias/Qwen/chinese_prompt/selected_faces/detected_person/person_0189_face0.png,Southeast Asian,Asian,Male,20-29,"[7.1534247e-05 7.3063748e-05 1.2184059e-02 1.5047270e-01 8.2390970e-01
 1.3256083e-02 3.2784330e-05]",[0.00082961 0.00281817 0.8169478  0.17940442],[9.9996006e-01 3.9893392e-05],"[6.7303020e-08 3.5254922e-04 4.8375040e-01 5.1194125e-01 3.9386018e-03
 1.7047276e-05 3.9408441e-08 4.3604471e-09 6.8940957e-11]"
/scratch/project_462000771/mengting/projects/bias/Qwen/chinese_prompt/selected_faces/detected_person/person_0823_face0.png,Indian,Black,Male,20-29,"[1.31582888e-03 3.53168398e-01 1.01529956e-01 2.17193994e-03
 9.01626870e-02 4.51278359e-01 3.72902083e-04]",[0.0010899  0.4927182  0.18261096 0.32358092],[0.99896127 0.00103877],"[3.2305357e-07 8.7087668e-05 6.4117461e-02 7.8275335e-01 1.4798674e-01
 5.0061541e-03 4.8347003e-05 5.5002710e-07 2.4530125e-08]"
/scratch/project_462000771/mengting/projects/bias/Qwen/chinese_prompt/selected_faces/detected_person/person_0121_face0.png,White,White,Male,40-49,"[9.4815964e-01 4.3043921e-05 3.1208301e-02 2.0076396e-04 2.3569916e-04
 1.2442349e-03 1.8908300e-02]",[9.8183173e-01 7.2400790e-04 7.7452214e-04 1.6669711e-02],[9.999903e-01 9.723895e-06],"[2.3897976e-06 1.3244387e-05 9.0026640e-04 1.8896678e-02 4.0693593e-01
 5.3985047e-01 3.3149220e-02 2.4932681e-04 2.4754897e-06]"
/scratch/project_462000771/mengting/projects/bias/Qwen/chinese_prompt/selected_faces/detected_person/person_0087_face0.png,East Asian,Asian,Female,20-29,"[1.4036477e-03 4.3164891e-06 3.2757004e-03 9.3394691e-01 6.1042104e-02
 2.4061836e-04 8.6756925e-05]",[1.9483151e-03 2.4633655e-05 9.9776798e-01 2.5902770e-04],[0.00514867 0.99485135],"[9.5521204e-07 8.4539125e-04 9.0362839e-02 8.5429353e-01 5.3768169e-02
 7.2339136e-04 5.3664517e-06 3.5227561e-07 1.2248146e-08]"
/scratch/project_462000771/mengting/projects/bias/Qwen/chinese_prompt/selected_faces/detected_person/person_0442_face0.png,East Asian,Asian,Female,20-29,"[1.9274010e-04 3.6482620e-06 1.7932917e-03 7.9772747e-01 2.0010045e-01
 1.7459558e-04 7.8129951e-06]",[1.5798447e-04 3.6295642e-05 9.9975264e-01 5.3064461e-05],[1.6745238e-04 9.9983257e-01],"[4.4307246e-08 4.7518217e-05 3.0062957e-02 7.3003691e-01 2.3417330e-01
 5.6487620e-03 2.9640090e-05 8.6960051e-07 5.8266854e-09]"
/scratch/project_462000771/mengting/projects/bias/Qwen/chinese_prompt/selected_faces/detected_person/person_0710_face0.png,Black,Black,Male,50-59,"[2.9164851e-03 3.9293474e-01 2.6039284e-01 8.1642898e-04 1.5420168e-02
 3.2717934e-01 3.3993847e-04]",[5.5052724e-04 9.3401134e-01 5.5072382e-03 5.9930883e-02],[9.999946e-01 5.440670e-06],"[1.1371676e-05 3.8321439e-05 1.0546320e-03 1.8735173e-03 4.4370770e-02
 4.5296913e-01 4.9412745e-01 5.5285008e-03 2.6322423e-05]"
/scratch/project_462000771/mengting/projects/bias/Qwen/chinese_prompt/selected_faces/detected_person/person_0943_face0.png,White,White,Male,40-49,"[7.3730886e-01 6.8230060e-05 1.7988628e-01 3.3263169e-02 2.8286280e-02
 1.7679575e-03 1.9419281e-02]",[7.9301941e-01 2.3398090e-04 2.0191754e-01 4.8290947e-03],[9.9997008e-01 2.9908157e-05],"[2.0369910e-06 5.7252423e-06 4.2316437e-04 3.5094211e-03 1.2145953e-01
 6.0497266e-01 2.6439106e-01 5.2146493e-03 2.1639617e-05]"
/scratch/project_462000771/mengting/projects/bias/Qwen/chinese_prompt/selected_faces/detected_person/person_0443_face0.png,Southeast Asian,Indian,Female,20-29,"[3.8614408e-03 1.5790349e-04 1.1290829e-01 1.8105255e-01 3.5588154e-01
 3.4438592e-01 1.7523454e-03]",[0.0466949  0.00594029 0.35787666 0.58948815],[0.00523733 0.99476266],"[1.8168963e-08 1.6525166e-05 2.0027312e-02 8.7280917e-01 1.0656721e-01
 5.7823909e-04 1.4870449e-06 2.1085473e-08 1.9010732e-10]"
/scratch/project_462000771/mengting/projects/bias/Qwen/chinese_prompt/selected_faces/detected_person/person_0873_face0.png,White,White,Male,50-59,"[9.9986577e-01 3.4501316e-08 7.9576848e-06 4.2182515e-07 4.1150886e-07
 5.3198971e-07 1.2480300e-04]",[9.9996877e-01 2.5380842e-07 2.6075319e-05 4.9249848e-06],[9.9999005e-01 9.9783883e-06],"[3.2723797e-06 2.9359223e-06 7.0762719e-05 1.5359173e-04 2.4287431e-03
 4.9069330e-02 6.3449705e-01 3.0327561e-01 1.0498721e-02]"
/scratch/project_462000771/mengting/projects/bias/Qwen/chinese_prompt/selected_faces/detected_person/person_0329_face0.png,White,White,Male,50-59,"[9.9906218e-01 1.0207209e-06 2.8601382e-04 7.0654246e-06 1.3656299e-05
 6.1591741e-06 6.2389619e-04]",[9.9988687e-01 2.3190469e-06 8.6554675e-05 2.4237026e-05],[9.9999934e-01 6.8533882e-07],"[1.6924414e-05 2.9595823e-05 3.4903976e-04 4.2490903e-04 9.7950986e-03
 1.3991635e-01 6.9322997e-01 1.5363750e-01 2.6006124e-03]"
/scratch/project_462000771/mengting/projects/bias/Qwen/chinese_prompt/selected_faces/detected_person/person_0436_face1.png,Black,Black,Male,30-39,"[1.9964622e-05 9.9877769e-01 1.8143853e-04 3.3220438e-06 3.1381660e-05
 9.6598617e-04 2.0210215e-05]",[1.8385916e-04 9.9882925e-01 8.3808802e-05 9.0311526e-04],[0.97916895 0.020831  ],"[1.9763140e-06 7.3940057e-05 9.4076042e-04 1.4659457e-01 5.8586198e-01
 2.3153785e-01 3.0643582e-02 3.8005630e-03 5.4483028e-04]"
/scratch/project_462000771/mengting/projects/bias/Qwen/chinese_prompt/selected_faces/detected_person/person_0149_face0.png,East Asian,Asian,Male,30-39,"[3.3224269e-03 4.9716142e-05 1.4465538e-01 5.7464027e-01 2.6860702e-01
 8.2671642e-03 4.5801859e-04]",[1.1579410e-02 6.7201792e-04 9.4404030e-01 4.3708317e-02],[9.9998528e-01 1.4713632e-05],"[4.4654325e-06 3.4991372e-05 2.5184038e-03 9.6632369e-02 7.5375682e-01
 1.4312431e-01 3.8900631e-03 3.8422113e-05 1.5795969e-07]"
/scratch/project_462000771/mengting/projects/bias/Qwen/chinese_prompt/selected_faces/detected_person/person_0416_face0.png,White,White,Male,40-49,"[9.9610424e-01 1.9609003e-07 1.9194538e-03 1.8490726e-05 1.6092961e-05
 1.5746526e-05 1.9258159e-03]",[9.9987394e-01 2.8841225e-07 2.5790310e-05 9.9968391e-05],[0.99796367 0.00203633],"[2.1193644e-07 1.3295183e-06 4.4168500e-04 1.5898377e-02 2.8155535e-01
 6.3695914e-01 6.4509250e-02 6.3011411e-04 4.5255665e-06]"
/scratch/project_462000771/mengting/projects/bias/Qwen/chinese_prompt/selected_faces/detected_person/person_0126_face0.png,East Asian,Asian,Male,20-29,"[4.9337599e-04 3.5299129e-06 6.0175909e-03 8.1510478e-01 1.7817955e-01
 1.5873861e-04 4.2419859e-05]",[2.2124681e-03 2.4415468e-04 9.8889929e-01 8.6441115e-03],[9.999593e-01 4.069071e-05],"[1.1836313e-07 3.3367240e-05 3.5678364e-02 8.2127804e-01 1.4133286e-01
 1.6680313e-03 8.9294854e-06 2.2370413e-07 2.2714595e-09]"
/scratch/project_462000771/mengting/projects/bias/Qwen/chinese_prompt/selected_faces/detected_person/person_0030_face0.png,White,White,Male,40-49,"[9.6289724e-01 1.8568124e-07 6.2125451e-03 4.3729938e-06 1.0773277e-05
 1.3723315e-03 2.9502440e-02]",[9.653929e-01 1.068523e-05 7.177321e-05 3.452460e-02],[9.9999958e-01 3.9976592e-07],"[5.9122493e-07 3.3845718e-06 6.0836750e-04 9.9156359e-03 2.3503606e-01
 6.8825501e-01 6.5974787e-02 2.0540180e-04 6.5037466e-07]"
/scratch/project_462000771/mengting/projects/bias/Qwen/chinese_prompt/selected_faces/detected_person/person_0256_face0.png,Latino_Hispanic,Asian,Male,40-49,"[0.00284706 0.00267892 0.57643425 0.04283819 0.26426604 0.10883081
 0.00210476]",[1.2077381e-03 2.5476015e-04 9.4505501e-01 5.3482525e-02],[9.9999678e-01 3.2508044e-06],"[2.4784783e-06 1.1960977e-05 2.6394855e-04 5.2175615e-03 2.1193823e-01
 6.5523285e-01 1.2612873e-01 1.1984003e-03 5.8371893e-06]"
/scratch/project_462000771/mengting/projects/bias/Qwen/chinese_prompt/selected_faces/detected_person/person_0392_face0.png,White,White,Male,40-49,"[8.9410543e-01 3.3173852e-05 8.6416051e-02 2.0763584e-04 2.7258327e-04
 7.5081829e-03 1.1456883e-02]",[9.5583534e-01 2.3929085e-04 3.0885608e-04 4.3616500e-02],[9.9999416e-01 5.8201304e-06],"[6.7816433e-07 2.1250771e-06 1.4309738e-04 8.6083543e-03 3.2090390e-01
 6.1362743e-01 5.6442812e-02 2.6965767e-04 1.8957853e-06]"
/scratch/project_462000771/mengting/projects/bias/Qwen/chinese_prompt/selected_faces/detected_person/person_0438_face0.png,Black,Black,Male,20-29,"[6.9334061e-07 9.9998534e-01 7.9998163e-06 5.0675862e-08 8.4858692e-07
 4.1475555e-06 8.3808197e-07]",[1.7316484e-07 9.9999893e-01 2.7108229e-07 5.2811231e-07],[9.9999136e-01 8.6261580e-06],"[1.0641870e-07 8.9792120e-06 1.4033922e-02 6.4006650e-01 3.0617550e-01
 3.8347550e-02 1.3278471e-03 3.7235852e-05 2.3930613e-06]"
/scratch/project_462000771/mengting/projects/bias/Qwen/chinese_prompt/selected_faces/detected_person/person_0794_face0.png,Latino_Hispanic,Asian,Male,40-49,"[4.0253084e-03 2.2074038e-03 5.2387166e-01 9.4720729e-02 3.1614107e-01
 5.8577947e-02 4.5582207e-04]",[0.00246303 0.005623   0.92278636 0.06912759],[9.9997902e-01 2.1006632e-05],"[7.9497750e-06 3.5813464e-05 4.0649282e-04 1.3662499e-03 5.7049088e-02
 5.4738653e-01 3.8634270e-01 7.3676994e-03 3.7412672e-05]"
/scratch/project_462000771/mengting/projects/bias/Qwen/chinese_prompt/selected_faces/detected_person/person_0445_face0.png,East Asian,Asian,Male,30-39,"[2.4005841e-03 3.1006450e-05 1.2152421e-01 4.9155939e-01 3.7458742e-01
 8.2980599e-03 1.5993679e-03]",[1.7737621e-03 1.6946135e-05 9.8457205e-01 1.3637237e-02],[9.999993e-01 6.997479e-07],"[4.7479471e-06 4.5424182e-05 4.1312139e-04 1.6815029e-02 5.9273350e-01
 3.7434414e-01 1.5528409e-02 1.1507996e-04 4.5811757e-07]"
/scratch/project_462000771/mengting/projects/bias/Qwen/chinese_prompt/selected_faces/detected_person/person_0187_face0.png,East Asian,Asian,Male,20-29,"[1.0779165e-04 4.1865852e-07 1.1432099e-03 9.0832609e-01 9.0188250e-02
 2.1711111e-04 1.7133581e-05]",[9.6802338e-05 1.0471213e-05 9.9924320e-01 6.4944802e-04],[9.9980426e-01 1.9577809e-04],"[9.6533006e-07 1.0309727e-03 1.1534263e-01 8.2544589e-01 5.7521556e-02
 6.5283384e-04 4.8381444e-06 3.1095706e-07 3.0454153e-09]"
/scratch/project_462000771/mengting/projects/bias/Qwen/chinese_prompt/selected_faces/detected_person/person_0904_face0.png,White,White,Male,50-59,"[9.9885923e-01 7.7094910e-07 7.2643685e-04 5.1959100e-06 1.4565382e-05
 2.3598333e-05 3.7027037e-04]",[9.9868298e-01 5.7605121e-05 8.1210153e-04 4.4734988e-04],[9.9992728e-01 7.2695904e-05],"[3.1836487e-06 1.7979470e-05 8.8361074e-04 2.6110271e-03 3.2083105e-02
 3.6462492e-01 5.7769090e-01 2.1789797e-02 2.9548007e-04]"
/scratch/project_462000771/mengting/projects/bias/Qwen/chinese_prompt/selected_faces/detected_person/person_0328_face0.png,White,White,Male,40-49,"[9.9981874e-01 2.7808223e-08 7.0576658e-05 3.4041900e-06 4.6219179e-06
 1.9028130e-06 1.0070918e-04]",[9.99839365e-01 1.75712762e-06 4.31541303e-05 1.15673705e-04],[9.9999028e-01 9.7356115e-06],"[2.2926008e-05 2.2304160e-04 1.7214272e-03 5.5959453e-03 2.7008736e-01
 6.6660070e-01 5.5341776e-02 4.0328960e-04 3.5999915e-06]"
/scratch/project_462000771/mengting/projects/bias/Qwen/chinese_prompt/selected_faces/detected_person/person_0546_face0.png,White,White,Male,30-39,"[9.9768132e-01 3.3625494e-07 4.8159630e-04 4.1267272e-06 8.3102641e-06
 1.8974531e-05 1.8053126e-03]",[9.9997550e-01 7.8638863e-07 2.7217375e-06 2.0969321e-05],[9.999393e-01 6.070556e-05],"[1.9249914e-07 4.6579626e-06 5.0560141e-04 1.9976938e-01 7.4828511e-01
 5.1263995e-02 1.7043628e-04 6.4673162e-07 1.4191296e-08]"
/scratch/project_462000771/mengting/projects/bias/Qwen/chinese_prompt/selected_faces/detected_person/person_0887_face0.png,White,White,Male,40-49,"[9.8907834e-01 8.4928416e-07 2.8449437e-03 1.5405831e-05 3.6663165e-05
 6.5173132e-05 7.9585649e-03]",[9.9902231e-01 3.9726769e-05 3.5123574e-04 5.8676727e-04],[9.9999946e-01 5.2308042e-07],"[2.3203097e-06 1.5033322e-05 3.3725236e-04 2.3851751e-03 1.4072624e-01
 7.2430342e-01 1.3039766e-01 1.8167408e-03 1.6163724e-05]"
/scratch/project_462000771/mengting/projects/bias/Qwen/chinese_prompt/selected_faces/detected_person/person_0687_face0.png,East Asian,Asian,Male,40-49,"[2.6187482e-03 1.1980970e-04 1.3594805e-01 4.5709127e-01 3.3920595e-01
 6.2460087e-02 2.5560397e-03]",[8.4722892e-04 3.1404095e-05 9.4038385e-01 5.8737483e-02],[0.9975178  0.00248214],"[1.1436371e-05 7.2225754e-05 1.5538980e-03 1.0906735e-02 2.0517708e-01
 5.4266810e-01 2.2352792e-01 1.5926402e-02 1.5613006e-04]"
/scratch/project_462000771/mengting/projects/bias/Qwen/chinese_prompt/selected_faces/detected_person/person_0307_face0.png,White,White,Male,30-39,"[9.9613285e-01 7.1881004e-07 3.4026994e-04 4.5771048e-05 4.9975715e-05
 8.7517228e-06 3.4216763e-03]",[9.9971646e-01 3.5714445e-06 2.4971945e-04 3.0280255e-05],[9.9999636e-01 3.6839376e-06],"[3.7555917e-06 4.9662944e-05 6.3307042e-04 3.9066110e-02 6.4128858e-01
 3.1435424e-01 4.5830477e-03 2.1243057e-05 3.2432467e-07]"
/scratch/project_462000771/mengting/projects/bias/Qwen/chinese_prompt/selected_faces/detected_person/person_0415_face0.png,Black,Black,Male,30-39,"[8.8753595e-06 9.8622167e-01 7.3238119e-04 3.7648505e-07 1.1765439e-05
 1.3013471e-02 1.1414696e-05]",[1.9294295e-05 9.8333991e-01 3.2484462e-05 1.6608329e-02],[9.999991e-01 9.625466e-07],"[5.9900587e-09 1.0856049e-07 1.2845379e-04 1.4809693e-01 7.3204207e-01
 1.1834901e-01 1.3803140e-03 3.0374706e-06 4.5163169e-08]"
/scratch/project_462000771/mengting/projects/bias/Qwen/chinese_prompt/selected_faces/detected_person/person_0818_face0.png,White,White,Male,50-59,"[9.84327614e-01 4.72573902e-06 1.24431457e-02 1.03487786e-04
 1.84554054e-04 3.53479583e-04 2.58300127e-03]",[9.9927586e-01 2.3460119e-05 1.4272403e-04 5.5792014e-04],[9.9995679e-01 4.3186574e-05],"[6.8483228e-06 3.4883917e-05 1.1964996e-03 3.5352949e-03 6.6454597e-02
 4.5509970e-01 4.5894867e-01 1.4527794e-02 1.9571213e-04]"
/scratch/project_462000771/mengting/projects/bias/Qwen/chinese_prompt/selected_faces/detected_person/person_0466_face0.png,White,White,Male,40-49,"[9.9952322e-01 3.8782949e-07 1.1319950e-04 1.0407765e-05 9.6987678e-06
 3.6725719e-06 3.3943221e-04]",[9.9995524e-01 2.0167222e-06 2.2801938e-05 1.9900373e-05],[9.999692e-01 3.076974e-05],"[9.2533655e-06 3.0272609e-05 3.6543939e-04 3.9514010e-03 9.5964238e-02
 5.6416589e-01 3.2310447e-01 1.2098488e-02 3.1049212e-04]"
/scratch/project_462000771/mengting/projects/bias/Qwen/chinese_prompt/selected_faces/detected_person/person_0065_face0.png,Latino_Hispanic,Indian,Male,30-39,"[4.9906980e-02 2.6389537e-04 6.2086445e-01 5.4904417e-04 2.1863708e-03
 3.1235123e-01 1.3878101e-02]",[0.45441586 0.00098729 0.00328153 0.5413153 ],[9.9993879e-01 6.1202925e-05],"[8.2687586e-07 2.5940139e-06 1.0486859e-04 2.1642642e-02 6.5279692e-01
 3.1928337e-01 6.1552147e-03 1.3567342e-05 8.2687464e-08]"
/scratch/project_462000771/mengting/projects/bias/Qwen/chinese_prompt/selected_faces/detected_person/person_0841_face0.png,Southeast Asian,Asian,Male,20-29,"[1.09447574e-04 2.57791962e-05 5.55248605e-03 4.71330464e-01
 5.20791411e-01 2.16303952e-03 2.73606838e-05]",[8.1683778e-05 6.6092936e-05 9.9797010e-01 1.8822206e-03],[9.9995959e-01 4.0458966e-05],"[1.0962357e-06 4.4009122e-03 3.9442378e-01 5.8391297e-01 1.7096717e-02
 1.6374243e-04 7.5957774e-07 4.6900702e-08 9.0236107e-10]"
/scratch/project_462000771/mengting/projects/bias/Qwen/chinese_prompt/selected_faces/detected_person/person_0324_face0.png,White,White,Male,30-39,"[4.7245726e-01 1.8757908e-05 2.0011787e-01 1.2967075e-04 2.3210424e-04
 2.8972978e-02 2.9807132e-01]",[9.7578561e-01 7.0083282e-05 5.0996925e-04 2.3634275e-02],[9.9998772e-01 1.2283095e-05],"[1.4432296e-06 6.9104817e-06 4.6597028e-04 3.0831756e-02 6.1514449e-01
 3.4345597e-01 1.0052190e-02 4.0941770e-05 2.4519713e-07]"
/scratch/project_462000771/mengting/projects/bias/Qwen/chinese_prompt/selected_faces/detected_person/person_0883_face0.png,White,White,Male,50-59,"[9.9962759e-01 1.2450171e-06 1.4503156e-04 2.2511766e-05 3.2403907e-05
 1.6844542e-05 1.5437229e-04]",[9.9901736e-01 2.6585172e-05 6.9739280e-04 2.5861926e-04],[9.9996561e-01 3.4393244e-05],"[2.9647554e-06 8.3246205e-06 4.4841372e-04 4.1265697e-03 5.2850869e-02
 3.8186505e-01 5.3099930e-01 2.9148610e-02 5.4997602e-04]"
/scratch/project_462000771/mengting/projects/bias/Qwen/chinese_prompt/selected_faces/detected_person/person_0725_face0.png,White,White,Male,50-59,"[9.65600491e-01 2.49555724e-05 3.29271052e-03 6.90878587e-05
 1.00935744e-04 1.35828392e-03 2.95534823e-02]",[9.9749136e-01 2.5583287e-05 2.0548914e-04 2.2775950e-03],[9.9997133e-01 2.8659042e-05],"[1.1778361e-04 1.2386541e-04 4.9381598e-04 2.6600354e-04 2.6214926e-03
 5.5820569e-02 7.4298763e-01 1.9322790e-01 4.3408894e-03]"
/scratch/project_462000771/mengting/projects/bias/Qwen/chinese_prompt/selected_faces/detected_person/person_0613_face0.png,Latino_Hispanic,White,Male,40-49,"[1.20780714e-01 1.28058612e-03 8.45413685e-01 3.08610062e-04
 9.09248600e-04 1.65552069e-02 1.47520080e-02]",[0.72652656 0.01458883 0.01672057 0.24216403],[9.9999976e-01 1.6599283e-07],"[2.7613260e-06 5.1860206e-06 5.1128352e-04 6.7618736e-03 3.5627514e-01
 5.7622594e-01 5.9949819e-02 2.6733364e-04 5.5562134e-07]"
/scratch/project_462000771/mengting/projects/bias/Qwen/chinese_prompt/selected_faces/detected_person/person_0851_face0.png,White,White,Male,40-49,"[9.9766874e-01 2.1885132e-08 1.5623333e-03 3.9978011e-05 7.3773059e-05
 7.8930556e-05 5.7623250e-04]",[9.9346530e-01 1.8150622e-05 2.8423003e-03 3.6743153e-03],[9.99886155e-01 1.13836315e-04],"[1.1313266e-06 5.1856554e-05 1.8385813e-03 3.7252381e-03 2.1786262e-01
 7.2825730e-01 4.8127450e-02 1.3494438e-04 8.5760519e-07]"
/scratch/project_462000771/mengting/projects/bias/Qwen/chinese_prompt/selected_faces/detected_person/person_0015_face0.png,East Asian,Asian,Male,30-39,"[1.3187718e-04 5.8450532e-06 6.6574151e-03 7.0599312e-01 2.8697830e-01
 2.0741874e-04 2.6004836e-05]",[5.6735284e-05 4.2496413e-06 9.9928814e-01 6.5089267e-04],[9.999985e-01 1.468303e-06],"[1.8953789e-07 3.1583113e-06 4.4364185e-04 5.0629698e-02 7.1526998e-01
 2.2252169e-01 1.1023123e-02 1.0810159e-04 4.3871250e-07]"
/scratch/project_462000771/mengting/projects/bias/Qwen/chinese_prompt/selected_faces/detected_person/person_0848_face0.png,White,White,Male,40-49,"[9.9423301e-01 7.5117256e-08 2.7677507e-04 1.8616893e-05 1.5447993e-05
 9.2865712e-06 5.4468177e-03]",[9.9620450e-01 2.2923912e-06 6.5441377e-04 3.1387706e-03],[9.999954e-01 4.585276e-06],"[3.5923367e-07 1.1457805e-06 1.4742529e-04 9.4465744e-03 3.0434144e-01
 6.3811994e-01 4.7678374e-02 2.6334819e-04 1.4579952e-06]"
/scratch/project_462000771/mengting/projects/bias/Qwen/chinese_prompt/selected_faces/detected_person/person_0197_face0.png,White,White,Male,40-49,"[9.7478926e-01 3.8602511e-06 1.8059095e-02 2.1308470e-04 1.3272693e-04
 1.4362083e-04 6.6583753e-03]",[9.9832010e-01 1.8036520e-05 2.4488338e-04 1.4170371e-03],[9.9997014e-01 2.9891567e-05],"[1.2473743e-05 4.7350924e-05 4.0601962e-03 2.3432720e-02 3.2811320e-01
 5.7166964e-01 7.1584679e-02 1.0754475e-03 4.2948063e-06]"
/scratch/project_462000771/mengting/projects/bias/Qwen/chinese_prompt/selected_faces/detected_person/person_0813_face0.png,White,White,Male,30-39,"[7.9637849e-01 3.1529758e-05 1.3661420e-01 9.8121550e-04 1.5269243e-03
 1.1800118e-02 5.2667476e-02]",[0.86384445 0.00104805 0.00261628 0.1324912 ],[9.9999958e-01 4.6735173e-07],"[2.1667390e-06 1.1587321e-04 1.7437410e-02 3.3057553e-01 5.8051819e-01
 7.0403427e-02 9.3876105e-04 8.6660020e-06 7.4015908e-08]"
/scratch/project_462000771/mengting/projects/bias/Qwen/chinese_prompt/selected_faces/detected_person/person_0524_face0.png,Latino_Hispanic,Asian,Male,50-59,"[0.01043508 0.0007923  0.5416065  0.19481944 0.22713615 0.02323921
 0.00197134]",[3.1620096e-03 1.4317104e-04 9.7806340e-01 1.8631404e-02],[9.997645e-01 2.355414e-04],"[5.3280768e-05 2.0648749e-04 1.8456734e-03 1.2445017e-03 4.4789881e-02
 3.3277068e-01 5.7082820e-01 4.7870528e-02 3.9082556e-04]"
/scratch/project_462000771/mengting/projects/bias/Qwen/chinese_prompt/selected_faces/detected_person/person_0748_face0.png,East Asian,Asian,Male,20-29,"[2.7948045e-04 2.0004002e-06 5.1607955e-03 8.4091878e-01 1.5218417e-01
 1.4162218e-03 3.8529113e-05]",[1.8843827e-03 5.7017958e-05 9.6317720e-01 3.4881447e-02],[9.9963325e-01 3.6679374e-04],"[9.4361286e-07 1.5113789e-04 3.2774497e-02 5.9640336e-01 3.5500807e-01
 1.5434907e-02 2.1659765e-04 1.0400519e-05 1.1323153e-07]"
/scratch/project_462000771/mengting/projects/bias/Qwen/chinese_prompt/selected_faces/detected_person/person_0302_face0.png,White,White,Male,30-39,"[9.9713033e-01 1.5641078e-07 3.7073073e-04 2.0974566e-07 1.0458200e-06
 4.1758485e-05 2.4556695e-03]",[9.991360e-01 1.941859e-06 8.805649e-06 8.532957e-04],[1.000000e+00 1.650508e-08],"[9.2981549e-07 2.3593666e-05 1.5735984e-03 8.6979382e-02 7.6288503e-01
 1.4783294e-01 7.0289127e-04 1.6649821e-06 8.8877394e-09]"
/scratch/project_462000771/mengting/projects/bias/Qwen/chinese_prompt/selected_faces/detected_person/person_0053_face0.png,Indian,Indian,Male,30-39,"[6.4061536e-03 5.2236993e-04 9.8104388e-02 4.5093577e-05 2.2883373e-04
 7.4366313e-01 1.5103002e-01]",[1.2339128e-02 2.9765122e-04 1.3840044e-03 9.8597920e-01],[9.9998856e-01 1.1436618e-05],"[5.0176513e-06 7.8565543e-05 1.6632247e-03 3.2246897e-01 6.3173044e-01
 4.3828532e-02 2.2348357e-04 1.7694003e-06 2.4689067e-08]"
/scratch/project_462000771/mengting/projects/bias/Qwen/chinese_prompt/selected_faces/detected_person/person_0004_face0.png,Black,Black,Male,30-39,"[0.06296532 0.4109212  0.1563533  0.00190505 0.00936539 0.34455872
 0.01393099]",[0.05152143 0.9341403  0.00170897 0.01262926],[9.9998933e-01 1.0675608e-05],"[3.6635813e-06 3.8221035e-05 1.7892708e-03 1.8552424e-01 5.6543547e-01
 2.3273771e-01 1.4190427e-02 2.7081976e-04 1.0316663e-05]"
/scratch/project_462000771/mengting/projects/bias/Qwen/chinese_prompt/selected_faces/detected_person/person_0058_face0.png,White,White,Male,40-49,"[9.7813904e-01 4.1337416e-06 1.5899580e-02 8.3633320e-05 1.6737756e-04
 2.8924556e-03 2.8138412e-03]",[9.9522370e-01 1.3055828e-04 7.6124206e-04 3.8845977e-03],[9.999996e-01 4.690132e-07],"[1.0664432e-06 1.5966396e-05 3.8118396e-04 8.8078845e-03 3.9895406e-01
 5.6425613e-01 2.7528059e-02 5.5223056e-05 2.6951363e-07]"
/scratch/project_462000771/mengting/projects/bias/Qwen/chinese_prompt/selected_faces/detected_person/person_0292_face0.png,Southeast Asian,Asian,Female,30-39,"[6.7938963e-05 2.7144195e-03 1.0566189e-02 1.0830910e-01 8.6999339e-01
 8.3328141e-03 1.6124297e-05]",[6.0176395e-04 2.9797468e-02 9.6237963e-01 7.2210976e-03],[0.02690475 0.97309524],"[7.7016381e-07 1.9201176e-05 2.3969247e-03 7.5576156e-02 5.4919571e-01
 3.3507928e-01 3.6387105e-02 1.3297428e-03 1.5078286e-05]"
/scratch/project_462000771/mengting/projects/bias/Qwen/chinese_prompt/selected_faces/detected_person/person_0631_face0.png,East Asian,Asian,Female,30-39,"[1.1068579e-03 1.0363510e-05 4.3546497e-03 8.8083696e-01 1.1285482e-01
 6.9227989e-04 1.4399627e-04]",[2.5406028e-03 5.1988431e-05 9.9658763e-01 8.1982085e-04],[1.0196105e-05 9.9998975e-01],"[2.9181596e-08 8.5204429e-06 4.3684770e-03 3.4912753e-01 5.8770466e-01
 5.7749514e-02 1.0103285e-03 3.0732390e-05 1.9251904e-07]"
/scratch/project_462000771/mengting/projects/bias/Qwen/chinese_prompt/selected_faces/detected_person/person_0965_face0.png,East Asian,Asian,Male,30-39,"[1.2581595e-02 4.5275530e-05 9.9547818e-02 5.5603307e-01 3.3000964e-01
 5.3476822e-04 1.2479044e-03]",[1.6846510e-02 8.4242580e-05 9.7708261e-01 5.9866877e-03],[9.999997e-01 2.598996e-07],"[5.7320892e-07 4.7955514e-06 1.0045833e-03 8.9298435e-02 7.9452139e-01
 1.1133682e-01 3.8013919e-03 3.1834679e-05 1.3838833e-07]"
/scratch/project_462000771/mengting/projects/bias/Qwen/chinese_prompt/selected_faces/detected_person/person_0849_face0.png,White,White,Male,30-39,"[9.9187821e-01 5.6389069e-07 5.7159215e-03 9.6416343e-06 1.4100087e-05
 3.5854694e-04 2.0229954e-03]",[9.944720e-01 3.753563e-05 7.236900e-05 5.418112e-03],[9.99897003e-01 1.03029546e-04],"[1.9889288e-08 8.2968239e-07 1.3981068e-03 2.9765692e-01 5.9256667e-01
 1.0728280e-01 1.0923139e-03 2.3505931e-06 4.1052779e-08]"
/scratch/project_462000771/mengting/projects/bias/Qwen/chinese_prompt/selected_faces/detected_person/person_0119_face0.png,White,White,Male,50-59,"[9.2836463e-01 2.5627416e-05 6.3052461e-02 9.6161308e-04 9.5030857e-04
 5.0583198e-03 1.5870145e-03]",[9.8554415e-01 1.8123462e-04 1.7750746e-03 1.2499554e-02],[9.9995834e-01 4.1691736e-05],"[1.91083836e-05 1.01970894e-04 1.08507986e-03 4.83899261e-04
 3.02464776e-02 4.01810676e-01 5.46962619e-01 1.91770904e-02
 1.13014903e-04]"
/scratch/project_462000771/mengting/projects/bias/Qwen/chinese_prompt/selected_faces/detected_person/person_0182_face0.png,Southeast Asian,Asian,Male,20-29,"[0.00590882 0.00063985 0.34177503 0.13056877 0.4450186  0.0612931
 0.01479594]",[0.0282063  0.01941585 0.595547   0.3568308 ],[1.0000000e+00 1.2678355e-08],"[7.2688869e-07 6.9822127e-05 1.2521983e-02 6.7615873e-01 3.0213824e-01
 9.0287449e-03 8.0310485e-05 1.4353866e-06 1.2436958e-08]"
/scratch/project_462000771/mengting/projects/bias/Qwen/chinese_prompt/selected_faces/detected_person/person_0784_face0.png,East Asian,Asian,Male,50-59,"[4.7872102e-04 2.0087903e-06 1.5718851e-03 9.3960601e-01 5.8222510e-02
 2.8139448e-05 9.0676891e-05]",[8.2780508e-04 3.1186423e-06 9.9899346e-01 1.7563764e-04],[9.9999297e-01 6.9753778e-06],"[7.9125238e-07 1.6505260e-06 6.6819128e-05 1.4400234e-03 8.9746229e-02
 4.1184264e-01 4.5542282e-01 4.1315485e-02 1.6347536e-04]"
/scratch/project_462000771/mengting/projects/bias/Qwen/chinese_prompt/selected_faces/detected_person/person_0377_face0.png,White,White,Male,30-39,"[9.9528944e-01 9.2078403e-07 1.2892460e-03 2.7581360e-04 1.7921189e-04
 1.3310241e-04 2.8322660e-03]",[9.9761486e-01 1.1379069e-05 6.9699605e-04 1.6767200e-03],[9.999959e-01 4.106094e-06],"[5.5174917e-07 1.6768597e-06 1.3221987e-04 4.0327579e-02 6.2330580e-01
 3.2864380e-01 7.5531905e-03 3.4651977e-05 5.0126209e-07]"
/scratch/project_462000771/mengting/projects/bias/Qwen/chinese_prompt/selected_faces/detected_person/person_0034_face0.png,East Asian,Asian,Male,30-39,"[6.2988531e-03 5.0176615e-05 8.8754855e-02 7.0130849e-01 2.0070419e-01
 2.2068829e-03 6.7650474e-04]",[0.02282989 0.00131092 0.9266485  0.04921076],[9.9999994e-01 4.7875787e-08],"[1.5175225e-07 1.6938479e-06 3.9199973e-04 6.6096798e-02 7.4566042e-01
 1.8002692e-01 7.7451565e-03 7.6603785e-05 2.2667541e-07]"
/scratch/project_462000771/mengting/projects/bias/Qwen/chinese_prompt/selected_faces/detected_person/person_0956_face0.png,East Asian,Asian,Male,20-29,"[1.25655060e-04 9.62952527e-07 9.34365904e-04 9.30537760e-01
 6.83330446e-02 5.55280640e-05 1.26602445e-05]",[1.9332592e-04 4.4588032e-05 9.9770850e-01 2.0536240e-03],[9.999920e-01 7.943173e-06],"[6.4231062e-07 9.4369985e-05 1.0671114e-01 7.3022407e-01 1.5941866e-01
 3.4899854e-03 5.5638513e-05 5.5415726e-06 4.3302354e-08]"
/scratch/project_462000771/mengting/projects/bias/Qwen/chinese_prompt/selected_faces/detected_person/person_0469_face0.png,Latino_Hispanic,Indian,Male,40-49,"[1.22575305e-01 5.34392195e-04 5.83031714e-01 3.96261516e-04
 8.90836527e-04 1.09398343e-01 1.83173195e-01]",[0.15889768 0.00140734 0.00195101 0.83774394],[9.9999827e-01 1.7149866e-06],"[6.1786891e-06 2.3956740e-05 2.3075240e-04 1.1320058e-02 4.8642924e-01
 4.8872817e-01 1.3225479e-02 3.5883026e-05 1.4701364e-07]"
/scratch/project_462000771/mengting/projects/bias/Qwen/chinese_prompt/selected_faces/detected_person/person_0183_face0.png,East Asian,Asian,Male,50-59,"[5.5205277e-03 1.6735428e-05 4.4475984e-02 7.2433883e-01 2.2464925e-01
 1.9687982e-04 8.0180593e-04]",[1.5551005e-03 4.9377602e-05 9.9816984e-01 2.2569648e-04],[0.99889284 0.00110719],"[2.1413643e-06 1.1965324e-05 2.9970423e-04 2.0138409e-03 9.7012766e-02
 3.6827856e-01 4.6502325e-01 6.6712663e-02 6.4502168e-04]"
/scratch/project_462000771/mengting/projects/bias/Qwen/chinese_prompt/selected_faces/detected_person/person_0549_face0.png,East Asian,Asian,Male,30-39,"[1.00813704e-04 2.36934784e-06 1.52917008e-03 8.92263114e-01
 1.05934203e-01 1.27509105e-04 4.28188323e-05]",[6.571916e-05 5.327421e-06 9.996274e-01 3.016055e-04],[9.9995834e-01 4.1614432e-05],"[9.1962482e-07 9.5555833e-06 3.4420735e-03 3.1173956e-01 6.2540084e-01
 5.7965204e-02 1.3816935e-03 5.9670718e-05 5.6565796e-07]"
/scratch/project_462000771/mengting/projects/bias/Qwen/chinese_prompt/selected_faces/detected_person/person_0290_face0.png,White,White,Male,40-49,"[9.9894291e-01 1.3002347e-07 5.9691165e-04 7.4983855e-06 1.7068160e-05
 4.4934313e-05 3.9056965e-04]",[9.9952400e-01 2.5093705e-06 1.9410372e-04 2.7938161e-04],[9.9902624e-01 9.7378698e-04],"[9.2043383e-06 8.0200669e-05 1.9553120e-03 7.4983258e-03 1.1712509e-01
 6.2591857e-01 2.4305406e-01 4.2713019e-03 8.7961693e-05]"
/scratch/project_462000771/mengting/projects/bias/Qwen/chinese_prompt/selected_faces/detected_person/person_0978_face0.png,White,White,Male,50-59,"[9.9965858e-01 7.2758048e-08 4.4008979e-05 1.2397477e-06 2.5767310e-06
 4.7847061e-06 2.8875037e-04]",[9.9991739e-01 1.2600610e-06 2.9779769e-05 5.1540606e-05],[0.99551827 0.00448171],"[3.4214463e-06 2.8726319e-05 5.8307371e-04 5.1738252e-04 2.6623984e-03
 3.0599739e-02 4.1692290e-01 3.5075471e-01 1.9792764e-01]"
/scratch/project_462000771/mengting/projects/bias/Qwen/chinese_prompt/selected_faces/detected_person/person_0332_face0.png,White,White,Male,40-49,"[9.8862171e-01 9.0006687e-08 1.4392301e-03 1.0217139e-05 1.4248830e-05
 4.5829820e-05 9.8686768e-03]",[9.9931270e-01 1.1910149e-06 8.4042527e-05 6.0199812e-04],[9.9999630e-01 3.6322751e-06],"[1.1732102e-07 2.9191577e-07 1.0375379e-05 1.5621411e-04 4.1739032e-02
 7.7189654e-01 1.8550280e-01 6.9077435e-04 3.8746743e-06]"
/scratch/project_462000771/mengting/projects/bias/Qwen/chinese_prompt/selected_faces/detected_person/person_0945_face0.png,East Asian,Asian,Male,50-59,"[5.3361637e-05 1.5081264e-05 2.1642987e-03 6.6335839e-01 3.3392996e-01
 4.5273983e-04 2.6242440e-05]",[6.469542e-06 5.187896e-06 9.993459e-01 6.423975e-04],[0.9938435  0.00615646],"[3.8190551e-06 1.4390589e-05 1.6786385e-04 1.3131379e-03 4.6600558e-02
 3.8906544e-01 4.8480383e-01 7.6662496e-02 1.3685145e-03]"
/scratch/project_462000771/mengting/projects/bias/Qwen/chinese_prompt/selected_faces/detected_person/person_0068_face0.png,White,White,Male,30-39,"[3.7654108e-01 2.8429207e-04 3.7535006e-01 3.2936982e-04 7.3485932e-04
 1.2453839e-02 2.3430653e-01]",[0.9128764  0.00272314 0.00238714 0.08201325],[9.9993294e-01 6.7019348e-05],"[2.3370540e-06 7.3205498e-05 7.2713159e-03 4.1429684e-01 5.4440588e-01
 3.3665139e-02 2.8336060e-04 1.9307884e-06 2.5944354e-08]"
/scratch/project_462000771/mengting/projects/bias/Qwen/chinese_prompt/selected_faces/detected_person/person_0698_face0.png,White,White,Male,30-39,"[9.9864018e-01 1.1033326e-06 6.8870821e-04 3.0143616e-05 6.4219021e-05
 6.4921835e-05 5.1072595e-04]",[9.9928826e-01 4.9997520e-06 3.4078490e-04 3.6592846e-04],[9.999656e-01 3.436921e-05],"[1.03987084e-07 2.40019631e-06 4.07012703e-04 5.70457280e-02
 5.85075915e-01 3.47255081e-01 1.01732882e-02 3.95311326e-05
 9.79272613e-07]"
/scratch/project_462000771/mengting/projects/bias/Qwen/chinese_prompt/selected_faces/detected_person/person_0154_face0.png,Middle Eastern,White,Male,40-49,"[3.6827043e-01 1.5458543e-05 6.4236477e-02 9.7071177e-05 2.8075118e-04
 2.8913002e-03 5.6420851e-01]",[9.9513155e-01 1.7248007e-05 1.7955810e-04 4.6716132e-03],[9.9997532e-01 2.4719913e-05],"[5.7936973e-05 1.1024861e-04 1.1506272e-03 1.0535738e-02 2.0400813e-01
 6.6249341e-01 1.2011804e-01 1.5109866e-03 1.4911280e-05]"
/scratch/project_462000771/mengting/projects/bias/Qwen/chinese_prompt/selected_faces/detected_person/person_0949_face0.png,Indian,Black,Male,10-19,"[6.2040344e-05 3.3268362e-01 1.0474403e-02 2.0005207e-05 1.4198810e-03
 6.5490204e-01 4.3804172e-04]",[6.7487701e-05 7.9226202e-01 6.4149109e-04 2.0702897e-01],[9.9982387e-01 1.7610630e-04],"[6.5149666e-06 1.2527293e-02 5.4605943e-01 4.1504428e-01 2.5574742e-02
 7.8100851e-04 6.5400072e-06 1.0179489e-07 3.3834660e-09]"
/scratch/project_462000771/mengting/projects/bias/Qwen/chinese_prompt/selected_faces/detected_person/person_0216_face0.png,White,White,Male,50-59,"[9.9615645e-01 1.7111479e-07 9.5195707e-04 8.0977879e-06 9.3182216e-06
 2.8201484e-05 2.8457812e-03]",[9.9934947e-01 1.7656765e-06 2.7006309e-04 3.7872558e-04],[9.9998224e-01 1.7743369e-05],"[1.1797209e-06 2.4438050e-06 3.7865844e-05 8.3979765e-05 3.4051114e-03
 1.4917035e-01 8.2314754e-01 2.3870019e-02 2.8152674e-04]"
/scratch/project_462000771/mengting/projects/bias/Qwen/chinese_prompt/selected_faces/detected_person/person_0953_face0.png,White,White,Male,40-49,"[9.7277635e-01 1.3381087e-06 1.2851347e-02 1.6058693e-04 4.1215608e-04
 1.5062615e-04 1.3647588e-02]",[9.98379707e-01 1.14453005e-05 1.01389247e-03 5.94934041e-04],[9.998311e-01 1.688955e-04],"[1.6852575e-05 2.1086604e-04 3.4453159e-03 1.0762482e-02 2.4649844e-01
 6.2652683e-01 1.1094845e-01 1.5730308e-03 1.7826434e-05]"
/scratch/project_462000771/mengting/projects/bias/Qwen/chinese_prompt/selected_faces/detected_person/person_0732_face0.png,Latino_Hispanic,White,Male,30-39,"[3.8770536e-01 3.9076843e-04 4.4858488e-01 3.3897304e-04 6.6136732e-04
 2.0355118e-02 1.4196344e-01]",[0.88280463 0.00124029 0.0039564  0.11199867],[9.9999845e-01 1.5306199e-06],"[3.4650054e-06 3.4150373e-05 6.8125472e-04 7.4470527e-02 7.5709724e-01
 1.6613232e-01 1.5759068e-03 5.1353709e-06 3.5904947e-08]"
/scratch/project_462000771/mengting/projects/bias/Qwen/chinese_prompt/selected_faces/detected_person/person_0714_face0.png,Southeast Asian,Asian,Male,40-49,"[2.5894597e-02 7.3577285e-05 2.1890687e-02 4.7235146e-01 4.7839659e-01
 3.7716070e-04 1.0158917e-03]",[2.5539200e-03 3.9362998e-04 9.9613869e-01 9.1377669e-04],[9.9996984e-01 3.0153980e-05],"[3.9754850e-06 4.7364869e-05 3.7896089e-04 3.9663236e-03 1.2733643e-01
 5.2820009e-01 3.3146614e-01 8.5188411e-03 8.1905360e-05]"
/scratch/project_462000771/mengting/projects/bias/Qwen/chinese_prompt/selected_faces/detected_person/person_0558_face0.png,Latino_Hispanic,Asian,Male,30-39,"[0.00687151 0.00154136 0.3497009  0.2557818  0.3305235  0.04732024
 0.00826074]",[7.4173100e-03 4.5455579e-04 8.4964639e-01 1.4248171e-01],[1.0000000e+00 1.5529654e-08],"[6.0032294e-06 5.1154915e-05 8.5117959e-04 5.7366118e-02 6.4328468e-01
 2.8568557e-01 1.2606546e-02 1.4811153e-04 6.4700288e-07]"
/scratch/project_462000771/mengting/projects/bias/Qwen/chinese_prompt/selected_faces/detected_person/person_0208_face0.png,Indian,Indian,Female,40-49,"[2.1383928e-03 3.7303496e-02 4.3823928e-02 1.0807642e-05 1.2615892e-04
 9.1214544e-01 4.4517880e-03]",[3.7621688e-03 4.4373486e-02 2.1907366e-04 9.5164526e-01],[4.7911595e-05 9.9995214e-01],"[9.4275883e-08 1.8765194e-06 1.4588950e-04 7.6257982e-03 1.3782147e-01
 5.4541087e-01 2.7639154e-01 3.1867012e-02 7.3547359e-04]"
/scratch/project_462000771/mengting/projects/bias/Qwen/chinese_prompt/selected_faces/detected_person/person_0934_face0.png,Black,Black,Female,30-39,"[2.0634927e-07 9.9888128e-01 2.0910600e-05 2.9515911e-07 4.1302801e-06
 1.0931711e-03 6.0855186e-08]",[1.6393575e-06 9.9616587e-01 7.9588617e-06 3.8244363e-03],[0.00668418 0.9933158 ],"[1.8760988e-06 3.8249191e-04 2.7805958e-02 3.8018575e-01 4.9482256e-01
 9.0144664e-02 6.6074328e-03 4.8127858e-05 1.1339131e-06]"
/scratch/project_462000771/mengting/projects/bias/Qwen/chinese_prompt/selected_faces/detected_person/person_0819_face0.png,Latino_Hispanic,Indian,Male,40-49,"[0.00679461 0.01224063 0.55958146 0.0010011  0.00691933 0.40740642
 0.0060565 ]",[0.03479765 0.2160089  0.20267358 0.5465199 ],[9.9986500e-01 1.3503707e-04],"[6.2476638e-06 1.1772013e-05 2.7077060e-04 1.0054405e-02 4.6393836e-01
 4.9322814e-01 3.2350693e-02 1.3868288e-04 8.1940891e-07]"
/scratch/project_462000771/mengting/projects/bias/Qwen/chinese_prompt/selected_faces/detected_person/person_0617_face0.png,Latino_Hispanic,White,Male,40-49,"[1.4382532e-01 7.2178700e-05 7.3048079e-01 6.9702072e-03 4.4282610e-03
 7.2534331e-03 1.0696973e-01]",[9.5941687e-01 8.0327467e-05 1.5949791e-02 2.4553087e-02],[9.9954641e-01 4.5363654e-04],"[1.2826907e-05 4.4209046e-05 8.5596304e-04 1.1741371e-02 3.5003603e-01
 5.7432675e-01 6.2439833e-02 5.3989072e-04 3.1652535e-06]"
/scratch/project_462000771/mengting/projects/bias/Qwen/chinese_prompt/selected_faces/detected_person/person_0412_face0.png,White,White,Male,50-59,"[9.9916154e-01 3.8955963e-07 3.6663274e-04 8.5697429e-06 9.1272486e-06
 3.0385906e-06 4.5078393e-04]",[9.9993050e-01 2.2883644e-06 4.6233112e-05 2.1027461e-05],[9.9999392e-01 6.0861776e-06],"[1.2690487e-05 2.7356438e-05 9.2233811e-04 8.1150798e-04 1.3307306e-02
 2.0841004e-01 6.9238412e-01 8.3297595e-02 8.2710042e-04]"
/scratch/project_462000771/mengting/projects/bias/Qwen/chinese_prompt/selected_faces/detected_person/person_0743_face0.png,East Asian,Asian,Male,20-29,"[4.8711535e-04 2.2975860e-06 7.7120294e-03 7.6606482e-01 2.2329290e-01
 2.2407675e-03 2.0019678e-04]",[6.7835144e-04 1.1420748e-04 9.8813862e-01 1.1068807e-02],[9.9998623e-01 1.3724540e-05],"[2.6573329e-07 1.6046232e-04 5.8087561e-02 8.8421404e-01 5.6933578e-02
 6.0119119e-04 2.7401557e-06 1.4696084e-07 1.4045104e-09]"
/scratch/project_462000771/mengting/projects/bias/Qwen/chinese_prompt/selected_faces/detected_person/person_0012_face0.png,Southeast Asian,Asian,Male,30-39,"[1.3082707e-03 5.4785782e-05 1.5864074e-01 3.6539599e-01 4.4959056e-01
 2.4176193e-02 8.3343900e-04]",[6.3813711e-04 2.2763413e-04 9.6533257e-01 3.3801649e-02],[1.000000e+00 9.609835e-09],"[9.9051863e-07 8.9774869e-05 7.2798464e-03 2.6955393e-01 6.4430213e-01
 7.7637181e-02 1.1185688e-03 1.7470726e-05 4.8389367e-08]"
/scratch/project_462000771/mengting/projects/bias/Qwen/chinese_prompt/selected_faces/detected_person/person_0730_face0.png,Indian,Black,Male,30-39,"[2.9336323e-04 4.3098733e-01 2.1422068e-02 9.9768422e-06 3.4398821e-04
 5.4571086e-01 1.2325225e-03]",[1.2234804e-04 5.0208169e-01 2.4056932e-04 4.9755538e-01],[9.9991024e-01 8.9814879e-05],"[6.7275096e-07 2.4931496e-05 9.5097226e-04 2.0675246e-01 7.3574901e-01
 5.6034613e-02 4.8502334e-04 2.2560127e-06 6.3241991e-08]"
/scratch/project_462000771/mengting/projects/bias/Qwen/chinese_prompt/selected_faces/detected_person/person_0894_face0.png,Black,Black,Male,30-39,"[1.3481130e-06 9.9753851e-01 1.1492763e-04 3.2348403e-08 2.2207673e-06
 2.3335698e-03 9.3188637e-06]",[2.8343334e-06 9.9965668e-01 4.8928523e-06 3.3558492e-04],[1.0000000e+00 4.7695583e-08],"[1.4373431e-09 4.2739991e-08 1.1343598e-04 2.1844639e-01 7.3696280e-01
 4.4243708e-02 2.3286797e-04 7.5722414e-07 1.0814869e-08]"
/scratch/project_462000771/mengting/projects/bias/Qwen/chinese_prompt/selected_faces/detected_person/person_0236_face0.png,Latino_Hispanic,Indian,Male,30-39,"[3.9797854e-01 1.7859843e-03 4.0382841e-01 2.5332894e-04 8.2066515e-04
 7.0374273e-02 1.2495889e-01]",[0.3585085  0.00385947 0.00307343 0.63455856],[9.9998766e-01 1.2345771e-05],"[2.7643393e-06 1.4678070e-05 2.6997569e-04 2.7265904e-02 5.4399264e-01
 4.0710470e-01 2.1210849e-02 1.3692182e-04 1.5752776e-06]"
/scratch/project_462000771/mengting/projects/bias/Qwen/chinese_prompt/selected_faces/detected_person/person_0314_face0.png,Latino_Hispanic,Asian,Male,30-39,"[4.1783652e-03 1.6823478e-04 6.8919319e-01 1.1890246e-01 1.4755979e-01
 3.6940817e-02 3.0571416e-03]",[5.7834578e-03 1.1529764e-04 9.1266531e-01 8.1435874e-02],[9.9999768e-01 2.2679562e-06],"[2.3339778e-06 1.8194296e-05 5.5550056e-04 1.9381894e-02 5.1106948e-01
 4.4218245e-01 2.6602294e-02 1.8744974e-04 4.7228630e-07]"
/scratch/project_462000771/mengting/projects/bias/Qwen/chinese_prompt/selected_faces/detected_person/person_0840_face0.png,Southeast Asian,Asian,Male,20-29,"[1.26919040e-04 5.76568636e-05 2.66591627e-02 1.40567377e-01
 8.28462303e-01 4.00609383e-03 1.20486766e-04]",[1.2692311e-04 4.6811858e-04 9.9141628e-01 7.9886662e-03],[9.9999720e-01 2.7855265e-06],"[1.6263967e-07 8.4296989e-05 3.8446721e-02 8.9547127e-01 6.5284930e-02
 7.1004004e-04 2.4476947e-06 7.4179916e-08 9.3492691e-10]"
/scratch/project_462000771/mengting/projects/bias/Qwen/chinese_prompt/selected_faces/detected_person/person_0804_face0.png,Southeast Asian,Asian,Male,40-49,"[2.4828321e-04 8.7110642e-03 5.6527302e-02 1.4480218e-01 7.6169211e-01
 2.7881134e-02 1.3792211e-04]",[1.0749746e-04 1.1617921e-03 9.8908436e-01 9.6463487e-03],[9.9999613e-01 3.8919375e-06],"[7.4274863e-07 3.4633690e-06 1.9262504e-04 3.5826415e-03 1.0012441e-01
 6.1680001e-01 2.6974472e-01 9.4535006e-03 9.7821983e-05]"
/scratch/project_462000771/mengting/projects/bias/Qwen/chinese_prompt/selected_faces/detected_person/person_0277_face0.png,White,White,Male,50-59,"[5.3760612e-01 2.2996761e-05 2.6786476e-01 1.2757285e-01 3.1842120e-02
 2.2364201e-03 3.2854699e-02]",[9.5223063e-01 8.3712976e-06 4.7114585e-02 6.4643892e-04],[0.99507296 0.00492698],"[7.3504081e-05 3.4961168e-04 2.0217663e-03 1.7153603e-03 5.4884277e-02
 3.3016020e-01 5.6839508e-01 4.1824553e-02 5.7561015e-04]"
/scratch/project_462000771/mengting/projects/bias/Qwen/chinese_prompt/selected_faces/detected_person/person_0222_face0.png,White,White,Female,20-29,"[4.9172515e-01 4.9182090e-05 3.6637855e-01 1.4353894e-04 2.2891718e-04
 7.5244890e-03 1.3395020e-01]",[0.95884115 0.00264909 0.00432257 0.03418726],[0.00262012 0.9973799 ],"[1.13730145e-08 7.20368689e-06 2.32641883e-02 7.70034313e-01
 2.03447789e-01 3.23523884e-03 1.11319441e-05 1.04246929e-07
 8.64986971e-10]"
/scratch/project_462000771/mengting/projects/bias/Qwen/chinese_prompt/selected_faces/detected_person/person_0750_face0.png,Latino_Hispanic,White,Male,30-39,"[3.7838718e-01 7.5428182e-04 4.0667227e-01 1.7706811e-04 5.8409001e-04
 6.3039705e-02 1.5038539e-01]",[9.1051733e-01 1.4713496e-03 4.6146981e-04 8.7549828e-02],[9.9999523e-01 4.7489884e-06],"[7.74598448e-07 1.37173065e-05 7.86420307e-04 1.93691164e-01
 7.47290134e-01 5.79081662e-02 3.08202987e-04 1.37185339e-06
 2.35897986e-08]"
/scratch/project_462000771/mengting/projects/bias/Qwen/chinese_prompt/selected_faces/detected_person/person_0224_face0.png,White,White,Female,20-29,"[8.8335717e-01 3.8229795e-05 1.0250147e-01 1.3941046e-03 6.0835248e-04
 3.6131232e-03 8.4875338e-03]",[9.2205054e-01 2.3103798e-04 6.1269960e-04 7.7105731e-02],[7.703019e-06 9.999923e-01],"[2.2220832e-09 7.7858876e-06 2.1598415e-02 8.5002238e-01 1.2691116e-01
 1.4572389e-03 2.9074583e-06 2.7479278e-08 3.4506761e-10]"
/scratch/project_462000771/mengting/projects/bias/Qwen/chinese_prompt/selected_faces/detected_person/person_0284_face0.png,East Asian,Asian,Female,20-29,"[2.0214976e-04 3.5281248e-06 1.2291198e-03 9.0748382e-01 9.0544038e-02
 5.0715916e-04 3.0197703e-05]",[9.1390271e-04 8.6879751e-05 9.9596930e-01 3.0299136e-03],[0.00315828 0.9968417 ],"[1.4977479e-07 1.4009302e-04 6.1240591e-02 8.4886158e-01 8.8688865e-02
 1.0616687e-03 6.8495965e-06 2.8565142e-07 3.9872092e-09]"
/scratch/project_462000771/mengting/projects/bias/Qwen/chinese_prompt/selected_faces/detected_person/person_0168_face0.png,White,White,Male,50-59,"[9.2082709e-01 2.2172612e-04 6.9916084e-02 1.5539365e-04 2.3225526e-04
 7.1775420e-03 1.4699186e-03]",[9.9769807e-01 4.8033140e-05 6.1593411e-05 2.1924025e-03],[0.99866384 0.00133617],"[1.7073891e-05 3.4189132e-05 3.9396103e-04 3.3827833e-04 9.6038235e-03
 1.9335115e-01 7.3998547e-01 5.5377055e-02 8.9903956e-04]"
/scratch/project_462000771/mengting/projects/bias/Qwen/chinese_prompt/selected_faces/detected_person/person_0879_face0.png,White,White,Male,30-39,"[5.6341523e-01 1.3404378e-03 2.4644545e-01 3.2813178e-04 8.7354518e-04
 1.5196483e-01 3.5632506e-02]",[7.4442285e-01 9.0805360e-04 3.8779428e-04 2.5428128e-01],[9.9968815e-01 3.1189705e-04],"[3.5991556e-07 5.4156890e-06 2.7941819e-04 1.6735297e-01 7.7902490e-01
 5.3132311e-02 2.0379119e-04 9.0937283e-07 2.0323276e-08]"
/scratch/project_462000771/mengting/projects/bias/Qwen/chinese_prompt/selected_faces/detected_person/person_0099_face0.png,Southeast Asian,Asian,Male,20-29,"[5.1530800e-04 9.8527805e-04 3.6413074e-02 2.5729051e-01 6.8592989e-01
 1.8642692e-02 2.2324191e-04]",[0.00274979 0.06873998 0.72363114 0.20487908],[9.999958e-01 4.186774e-06],"[1.2611686e-07 1.6011531e-04 7.7509739e-02 8.8058817e-01 4.1458871e-02
 2.8220643e-04 7.1940934e-07 2.4885047e-08 5.0698673e-10]"
/scratch/project_462000771/mengting/projects/bias/Qwen/chinese_prompt/selected_faces/detected_person/person_0603_face0.png,Southeast Asian,Asian,Female,20-29,"[7.1206602e-04 5.1049639e-05 2.3672737e-02 3.4936133e-01 5.8842665e-01
 3.7714716e-02 6.1360493e-05]",[0.00538004 0.0046082  0.9507885  0.03922321],[2.169655e-04 9.997830e-01],"[4.58343088e-08 1.00418445e-04 5.50740361e-02 8.38500798e-01
 1.04626670e-01 1.69158110e-03 6.28702492e-06 2.14859497e-07
 1.75935255e-09]"
/scratch/project_462000771/mengting/projects/bias/Qwen/chinese_prompt/selected_faces/detected_person/person_0035_face0.png,White,White,Male,40-49,"[9.9287730e-01 8.4348940e-06 3.7525920e-03 6.0296670e-06 1.1200688e-05
 3.9640599e-04 2.9479635e-03]",[9.9908686e-01 7.3299707e-05 8.5117492e-05 7.5471378e-04],[9.9999690e-01 3.1087957e-06],"[8.4346229e-06 2.5274088e-05 4.4252578e-04 8.2421571e-04 4.4590238e-02
 5.7538551e-01 3.7499711e-01 3.7086355e-03 1.8020626e-05]"
/scratch/project_462000771/mengting/projects/bias/Qwen/chinese_prompt/selected_faces/detected_person/person_0089_face0.png,Southeast Asian,Asian,Male,30-39,"[8.1064165e-05 4.3786827e-02 7.4014687e-03 1.0639228e-01 8.3587158e-01
 6.4517953e-03 1.5111121e-05]",[3.4959384e-04 1.0454025e-02 9.8735636e-01 1.8400480e-03],[0.5456738  0.45432624],"[1.8340509e-06 4.6122968e-05 1.4986930e-02 4.1581070e-01 4.9684364e-01
 7.0417859e-02 1.8319297e-03 5.7333280e-05 3.6444969e-06]"
/scratch/project_462000771/mengting/projects/bias/Qwen/chinese_prompt/selected_faces/detected_person/person_0498_face0.png,Black,Black,Male,20-29,"[1.09011184e-04 9.84559715e-01 4.74145683e-03 6.24168615e-06
 2.58079148e-04 1.02298222e-02 9.56862714e-05]",[2.2448867e-05 9.9972677e-01 3.3532346e-05 2.1727734e-04],[9.9993044e-01 6.9545807e-05],"[1.5149783e-06 8.4531342e-04 2.4972545e-01 6.1082453e-01 1.2563808e-01
 1.2651741e-02 3.0864601e-04 4.5508486e-06 1.6394753e-07]"
/scratch/project_462000771/mengting/projects/bias/Qwen/chinese_prompt/selected_faces/detected_person/person_0705_face0.png,Indian,Indian,Male,30-39,"[1.0478539e-02 1.4217453e-04 1.2783268e-01 5.7458030e-05 4.0054202e-04
 6.3302195e-01 2.2806662e-01]",[6.735760e-02 1.473374e-04 4.153576e-03 9.283415e-01],[9.9999624e-01 3.7656337e-06],"[5.52440069e-05 1.07830472e-03 1.20305996e-02 9.16988850e-02
 4.85117018e-01 3.93260330e-01 1.66581087e-02 1.00542406e-04
 9.79436663e-07]"
/scratch/project_462000771/mengting/projects/bias/Qwen/chinese_prompt/selected_faces/detected_person/person_0286_face0.png,Southeast Asian,Asian,Male,20-29,"[0.00117019 0.07350542 0.26303282 0.01294645 0.6185399  0.02940464
 0.00140045]",[0.00774463 0.07207208 0.6836189  0.23656435],[0.99860436 0.00139566],"[7.1165268e-05 4.0050568e-03 2.1393186e-01 6.2754524e-01 1.4871632e-01
 5.6533292e-03 7.3799631e-05 3.1707893e-06 1.6851524e-07]"
/scratch/project_462000771/mengting/projects/bias/Qwen/chinese_prompt/selected_faces/detected_person/person_0006_face0.png,White,White,Male,40-49,"[9.6296173e-01 2.5335069e-06 3.1437948e-02 7.7141222e-04 3.6975971e-04
 3.8116000e-04 4.0753852e-03]",[9.9837780e-01 3.2028223e-05 4.2326239e-04 1.1668697e-03],[9.9941319e-01 5.8680103e-04],"[2.76768503e-07 1.56945168e-06 2.42404058e-04 4.47651325e-03
 1.70469955e-01 6.38914108e-01 1.84257641e-01 1.62461423e-03
 1.30247245e-05]"
/scratch/project_462000771/mengting/projects/bias/Qwen/chinese_prompt/selected_faces/detected_person/person_0550_face0.png,Southeast Asian,Asian,Male,20-29,"[9.80289988e-05 3.65241489e-04 1.38386125e-02 8.23597237e-02
 8.99257541e-01 4.06377623e-03 1.71138072e-05]",[6.8513320e-05 7.5692097e-03 9.7540134e-01 1.6960982e-02],[9.9999720e-01 2.7891706e-06],"[1.2646559e-07 4.1679569e-04 2.3823965e-01 7.1949714e-01 4.1286003e-02
 5.5661309e-04 3.6241674e-06 5.4537718e-08 1.1024667e-09]"
/scratch/project_462000771/mengting/projects/bias/Qwen/chinese_prompt/selected_faces/detected_person/person_0171_face0.png,Latino_Hispanic,Indian,Male,30-39,"[3.3505493e-01 3.6810839e-04 4.1966927e-01 6.5619657e-05 1.6793713e-04
 2.1458872e-01 3.0085348e-02]",[0.40143034 0.02852579 0.00176177 0.5682821 ],[9.9987435e-01 1.2563205e-04],"[5.9802211e-08 1.3810496e-06 1.2555283e-03 3.6019057e-01 6.0762924e-01
 3.0779555e-02 1.4319668e-04 4.6638752e-07 4.2241375e-09]"
/scratch/project_462000771/mengting/projects/bias/Qwen/chinese_prompt/selected_faces/detected_person/person_0861_face0.png,White,White,Male,30-39,"[9.7313851e-01 2.0825889e-06 5.9722024e-03 1.4882112e-03 9.6887979e-04
 6.9876398e-05 1.8360332e-02]",[9.9725944e-01 8.7958051e-06 2.5509933e-03 1.8078178e-04],[9.9999774e-01 2.2993406e-06],"[4.2519815e-08 1.5844698e-06 7.2586956e-04 3.3038989e-01 6.4765871e-01
 2.1141633e-02 8.1806866e-05 4.7553837e-07 6.0427223e-09]"
/scratch/project_462000771/mengting/projects/bias/Qwen/chinese_prompt/selected_faces/detected_person/person_0049_face0.png,Latino_Hispanic,White,Male,40-49,"[3.8856623e-01 1.0417895e-04 3.9295721e-01 6.2758412e-04 9.7579201e-04
 3.0433806e-02 1.8633524e-01]",[9.9250078e-01 7.0362757e-06 3.1430527e-04 7.1778339e-03],[9.9999785e-01 2.1037933e-06],"[2.59784720e-05 3.09732168e-05 2.72912759e-04 1.08096877e-03
 1.09755844e-01 6.39064133e-01 2.47334763e-01 2.42666341e-03
 7.78250069e-06]"
/scratch/project_462000771/mengting/projects/bias/Qwen/chinese_prompt/selected_faces/detected_person/person_0394_face0.png,Southeast Asian,Asian,Male,20-29,"[4.3813718e-05 1.0773533e-05 5.0052693e-03 3.5752216e-01 6.3633084e-01
 1.0515068e-03 3.5550336e-05]",[8.9827139e-05 6.1381448e-05 9.9599326e-01 3.8555444e-03],[9.9999988e-01 5.6703296e-08],"[1.3485904e-08 3.3122906e-06 1.4161814e-02 8.0058664e-01 1.8249898e-01
 2.7355235e-03 1.3292142e-05 3.9025869e-07 2.3112514e-09]"
/scratch/project_462000771/mengting/projects/bias/Qwen/chinese_prompt/selected_faces/detected_person/person_0740_face0.png,White,White,Male,30-39,"[9.3776166e-01 8.4076109e-06 1.8678205e-02 2.6630631e-04 4.0141965e-04
 8.6088071e-04 4.2023107e-02]",[9.9780864e-01 1.0626967e-04 5.7695265e-04 1.5080933e-03],[9.9999702e-01 2.9980026e-06],"[5.4135506e-07 1.7000038e-05 4.2659277e-03 2.9643941e-01 6.4215976e-01
 5.6482658e-02 6.3023367e-04 4.3732744e-06 5.3290133e-08]"
/scratch/project_462000771/mengting/projects/bias/Qwen/chinese_prompt/selected_faces/detected_person/person_0177_face0.png,Latino_Hispanic,White,Male,20-29,"[2.8927603e-01 1.2547965e-03 4.4151142e-01 3.4511421e-04 2.2636892e-03
 4.9522580e-03 2.6039660e-01]",[0.76564866 0.01890682 0.00547217 0.2099724 ],[9.9987310e-01 1.2687678e-04],"[1.9060055e-08 4.0807961e-05 2.3917136e-01 7.3934674e-01 2.1251559e-02
 1.8859441e-04 8.9717770e-07 1.8023767e-08 3.5917594e-10]"
/scratch/project_462000771/mengting/projects/bias/Qwen/chinese_prompt/selected_faces/detected_person/person_0085_face0.png,Latino_Hispanic,White,Male,50-59,"[3.0905295e-02 8.8935849e-05 9.0343684e-01 5.2509899e-03 1.6540764e-02
 3.7522502e-02 6.2547443e-03]",[5.87771475e-01 2.90339609e-04 3.10530424e-01 1.01407744e-01],[9.9997729e-01 2.2694254e-05],"[8.5773987e-05 3.7274920e-04 1.4263352e-03 2.2478978e-04 9.5753316e-03
 1.8983477e-01 7.7102745e-01 2.7328175e-02 1.2463515e-04]"
/scratch/project_462000771/mengting/projects/bias/Qwen/chinese_prompt/selected_faces/detected_person/person_0446_face0.png,White,White,Male,40-49,"[9.1858882e-01 3.6900017e-06 6.1415322e-02 3.8619846e-04 2.2984638e-04
 1.7214868e-03 1.7654687e-02]",[9.9192196e-01 3.1775973e-05 6.2613992e-04 7.4201366e-03],[9.9988949e-01 1.1052001e-04],"[3.4360883e-06 1.5751189e-05 7.0930523e-04 6.5832324e-03 2.7834433e-01
 6.4350945e-01 7.0525907e-02 3.0748776e-04 1.1148942e-06]"
/scratch/project_462000771/mengting/projects/bias/Qwen/chinese_prompt/selected_faces/detected_person/person_0333_face0.png,Black,Black,Male,20-29,"[5.4286524e-05 9.9213165e-01 5.1968363e-03 8.0431960e-07 5.2059546e-05
 2.1525586e-03 4.1200363e-04]",[3.6414756e-05 9.9940675e-01 3.1422445e-05 5.2537187e-04],[9.9999988e-01 1.4687434e-07],"[7.6444267e-06 4.8252009e-04 3.9336041e-02 4.6446013e-01 4.2423728e-01
 6.9503590e-02 1.9492342e-03 2.3219882e-05 4.2899038e-07]"
/scratch/project_462000771/mengting/projects/bias/Qwen/chinese_prompt/selected_faces/detected_person/person_0772_face0.png,Latino_Hispanic,Indian,Male,30-39,"[1.3985784e-01 6.5099648e-03 7.0534468e-01 1.4974621e-04 1.1839127e-03
 8.2417868e-02 6.4536057e-02]",[0.2638658  0.00915348 0.00619469 0.720786  ],[9.9999809e-01 1.8691402e-06],"[7.4667025e-07 1.7546075e-05 2.3036394e-03 3.8774371e-01 5.9222251e-01
 1.7660793e-02 5.0767085e-05 2.2530581e-07 2.6460283e-09]"
/scratch/project_462000771/mengting/projects/bias/Qwen/chinese_prompt/selected_faces/detected_person/person_0223_face0.png,White,White,Male,50-59,"[9.9847990e-01 1.3219950e-07 7.9048586e-05 1.5636364e-05 7.4999407e-06
 5.0000758e-06 1.4129468e-03]",[9.9946117e-01 1.6823394e-06 2.0475063e-04 3.3232418e-04],[9.999909e-01 9.152736e-06],"[7.23011453e-06 3.80559368e-06 3.76881762e-05 1.13687376e-04
 5.71544189e-03 1.72563612e-01 7.71793127e-01 4.91129607e-02
 6.52401999e-04]"
/scratch/project_462000771/mengting/projects/bias/Qwen/chinese_prompt/selected_faces/detected_person/person_0435_face0.png,White,White,Male,30-39,"[4.9627021e-01 2.8903167e-05 1.4764400e-01 2.0773133e-04 7.8758766e-04
 1.1854846e-02 3.4320670e-01]",[9.3935198e-01 7.9321340e-05 1.5946517e-03 5.8973946e-02],[9.9993324e-01 6.6783359e-05],"[1.9510668e-07 1.8266919e-06 3.6310591e-04 8.3625950e-02 8.0430669e-01
 1.1115194e-01 5.4914254e-04 1.1214357e-06 8.4264675e-09]"
/scratch/project_462000771/mengting/projects/bias/Qwen/chinese_prompt/selected_faces/detected_person/person_0896_face0.png,East Asian,Asian,Female,20-29,"[4.1289389e-04 1.1382261e-06 1.2485282e-03 9.4711745e-01 5.1039774e-02
 1.3925543e-04 4.0958079e-05]",[2.8448813e-03 1.0320736e-04 9.9486810e-01 2.1837929e-03],[2.716186e-04 9.997284e-01],"[3.2689258e-08 4.7588335e-05 4.8940741e-02 9.0041906e-01 5.0259307e-02
 3.3191586e-04 1.2821201e-06 4.8553900e-08 5.4802812e-10]"
/scratch/project_462000771/mengting/projects/bias/Qwen/chinese_prompt/selected_faces/detected_person/person_0987_face0.png,Black,Black,Male,30-39,"[3.6457245e-06 9.9933940e-01 1.1265405e-04 1.4662613e-06 3.4011355e-05
 4.9894233e-04 9.8638902e-06]",[2.1474293e-06 9.9922186e-01 3.4939891e-05 7.4105000e-04],[9.9999803e-01 2.0226755e-06],"[1.2178728e-06 1.1341341e-05 1.8403681e-03 1.5643691e-01 5.5055809e-01
 2.7628991e-01 1.4627797e-02 2.2414949e-04 1.0220557e-05]"
/scratch/project_462000771/mengting/projects/bias/Qwen/chinese_prompt/selected_faces/detected_person/person_0652_face0.png,White,White,Male,30-39,"[9.9999201e-01 1.6470003e-09 2.7318495e-06 4.1193434e-07 4.4031751e-07
 4.5596035e-08 4.3604509e-06]",[9.9997443e-01 5.8918499e-07 2.2564496e-05 2.4748349e-06],[9.9995393e-01 4.6098263e-05],"[1.6846326e-06 7.4803902e-05 3.3833317e-03 7.1002506e-02 6.4482033e-01
 2.7450255e-01 6.1757965e-03 3.8085767e-05 9.6842950e-07]"
/scratch/project_462000771/mengting/projects/bias/Qwen/chinese_prompt/selected_faces/detected_person/person_0484_face0.png,East Asian,Asian,Male,20-29,"[4.1847894e-04 1.8873738e-04 4.7121090e-03 6.2111056e-01 3.7127414e-01
 2.2778984e-03 1.8111512e-05]",[2.2401589e-04 1.4948109e-04 9.9766225e-01 1.9642562e-03],[0.7339286 0.2660714],"[7.8384704e-07 3.5327335e-04 6.9957495e-02 7.4758351e-01 1.7448641e-01
 7.5140027e-03 9.9214121e-05 5.1537304e-06 1.4676283e-07]"
/scratch/project_462000771/mengting/projects/bias/Qwen/chinese_prompt/selected_faces/detected_person/person_0560_face0.png,White,White,Female,40-49,"[9.9345732e-01 2.7990015e-06 3.0246661e-03 6.7707268e-04 2.8684246e-04
 2.0309148e-05 2.5309608e-03]",[9.9765801e-01 4.4201428e-05 2.2463624e-03 5.1454910e-05],[0.00177486 0.99822515],"[5.1361867e-06 7.2587769e-05 4.8041827e-04 4.2305961e-03 7.9911724e-02
 4.5185217e-01 4.1567725e-01 4.4601634e-02 3.1684395e-03]"
/scratch/project_462000771/mengting/projects/bias/Qwen/chinese_prompt/selected_faces/detected_person/person_0512_face0.png,White,White,Male,30-39,"[8.06528151e-01 2.39734127e-05 1.06597394e-01 6.56297314e-04
 9.75575706e-04 4.54419591e-02 3.97766605e-02]",[9.1590810e-01 1.4585628e-04 2.1502529e-03 8.1795886e-02],[9.999997e-01 2.514152e-07],"[2.0353673e-06 1.7849643e-05 6.7435164e-04 5.1581468e-02 6.1720002e-01
 3.2250980e-01 7.9835812e-03 3.0625593e-05 2.4838428e-07]"
/scratch/project_462000771/mengting/projects/bias/Qwen/chinese_prompt/selected_faces/detected_person/person_0157_face0.png,White,White,Male,30-39,"[9.9785149e-01 4.4770840e-07 1.6211033e-03 7.1539898e-06 1.6742139e-05
 8.7675893e-05 4.1533582e-04]",[9.9953097e-01 1.2271104e-05 1.4843502e-04 3.0828716e-04],[9.9987739e-01 1.2257512e-04],"[3.08936450e-07 1.87007790e-05 5.45249926e-03 2.51057744e-01
 6.38939619e-01 1.03634305e-01 8.93700286e-04 2.97527640e-06
 7.30586223e-08]"
/scratch/project_462000771/mengting/projects/bias/Qwen/chinese_prompt/selected_faces/detected_person/person_0672_face0.png,Middle Eastern,White,Male,30-39,"[2.11296022e-01 7.13357222e-05 1.11311294e-01 1.22141704e-04
 2.90025258e-04 9.55069624e-03 6.67358518e-01]",[9.7541350e-01 3.5829213e-04 1.6736300e-03 2.2554604e-02],[9.9999839e-01 1.6411202e-06],"[2.1270264e-06 1.0017533e-05 4.7004095e-04 8.0906309e-02 6.5325052e-01
 2.5961953e-01 5.7134647e-03 2.7800315e-05 2.3324093e-07]"
/scratch/project_462000771/mengting/projects/bias/Qwen/chinese_prompt/selected_faces/detected_person/person_0349_face0.png,Middle Eastern,Indian,Male,20-29,"[2.6463410e-01 2.3877712e-04 3.3367237e-01 6.1526976e-04 1.7454438e-03
 1.7678402e-02 3.8141555e-01]",[0.3768291  0.00358857 0.01373864 0.6058437 ],[9.999023e-01 9.764237e-05],"[2.5524164e-06 2.1823724e-04 3.4485281e-02 7.3375869e-01 2.2556715e-01
 5.9296014e-03 3.8043087e-05 4.1963887e-07 7.4826980e-09]"
/scratch/project_462000771/mengting/projects/bias/Qwen/chinese_prompt/selected_faces/detected_person/person_0062_face0.png,Latino_Hispanic,Black,Male,30-39,"[0.06814533 0.03277153 0.8555264  0.00151581 0.00783436 0.0147297
 0.01947691]",[0.15150997 0.5729983  0.03037991 0.2451118 ],[9.9955797e-01 4.4203503e-04],"[5.5304067e-06 1.1261772e-04 2.4417315e-02 4.3919647e-01 4.9410507e-01
 4.1445132e-02 7.1139610e-04 6.2926379e-06 1.2961540e-07]"
/scratch/project_462000771/mengting/projects/bias/Qwen/chinese_prompt/selected_faces/detected_person/person_0253_face0.png,White,White,Male,50-59,"[6.4317155e-01 7.3429408e-05 2.8927532e-01 1.8242843e-03 1.4898462e-03
 5.6530475e-03 5.8512554e-02]",[9.9865109e-01 2.6581322e-06 1.0528689e-03 2.9336443e-04],[0.9623918 0.0376082],"[5.4159475e-05 1.3417291e-04 9.0402737e-04 1.5910887e-04 1.9716693e-03
 2.7461642e-02 4.6987578e-01 4.2814401e-01 7.1295343e-02]"
/scratch/project_462000771/mengting/projects/bias/Qwen/chinese_prompt/selected_faces/detected_person/person_0384_face0.png,Latino_Hispanic,White,Male,30-39,"[0.07641467 0.00105968 0.6250157  0.00203848 0.0044767  0.12834078
 0.162654  ]",[0.5631798  0.00543204 0.06655639 0.36483175],[9.9999976e-01 2.3584654e-07],"[2.0754473e-05 1.5997404e-04 2.6740825e-03 1.9014095e-01 7.0516694e-01
 1.0019545e-01 1.6319829e-03 9.8173550e-06 5.9816642e-08]"
/scratch/project_462000771/mengting/projects/bias/Qwen/chinese_prompt/selected_faces/detected_person/person_0430_face0.png,Indian,Indian,Male,20-29,"[2.0522876e-03 1.1926435e-01 2.4258371e-01 1.8570010e-05 7.4371451e-04
 4.7080866e-01 1.6452870e-01]",[6.1031582e-04 4.2752960e-01 5.0579506e-04 5.7135433e-01],[9.999994e-01 5.725405e-07],"[4.1850551e-08 1.6329498e-06 1.5228130e-03 6.1889869e-01 3.7292144e-01
 6.6359369e-03 1.9279034e-05 1.7728729e-07 2.4436566e-09]"
/scratch/project_462000771/mengting/projects/bias/Qwen/chinese_prompt/selected_faces/detected_person/person_0517_face0.png,Latino_Hispanic,White,Male,50-59,"[2.8958756e-01 6.0274207e-05 6.2345731e-01 1.2575332e-03 2.6490644e-03
 3.4875486e-02 4.8112690e-02]",[9.5634568e-01 1.9112211e-05 4.9230717e-03 3.8712151e-02],[9.9999893e-01 1.0460407e-06],"[7.2192546e-05 1.8748500e-04 1.0436281e-03 3.0713819e-04 1.0501027e-02
 1.6163139e-01 7.6977152e-01 5.6177288e-02 3.0832074e-04]"
/scratch/project_462000771/mengting/projects/bias/Qwen/chinese_prompt/selected_faces/detected_person/person_0112_face0.png,White,White,Male,30-39,"[9.9992615e-01 1.5426851e-08 1.7762246e-05 2.6865030e-06 2.0605478e-06
 3.7936661e-07 5.0930805e-05]",[9.9964577e-01 3.1248012e-06 3.0302815e-04 4.8027825e-05],[9.999652e-01 3.477536e-05],"[6.1986094e-07 2.4182444e-05 3.2977436e-03 2.5196040e-01 7.0251387e-01
 4.2038176e-02 1.6447433e-04 5.4421548e-07 9.8451975e-09]"
/scratch/project_462000771/mengting/projects/bias/Qwen/chinese_prompt/selected_faces/detected_person/person_0623_face0.png,White,White,Male,40-49,"[9.9394631e-01 3.1740401e-06 7.9396093e-04 3.1165568e-05 3.6213114e-05
 1.2053365e-05 5.1770788e-03]",[9.9941987e-01 8.3472820e-05 2.5523003e-04 2.4144487e-04],[9.9999923e-01 8.3588105e-07],"[4.6290720e-06 1.1985939e-05 1.2241630e-04 6.0572469e-04 5.5635508e-02
 6.2562090e-01 3.1152445e-01 6.4284233e-03 4.6054894e-05]"
/scratch/project_462000771/mengting/projects/bias/Qwen/chinese_prompt/selected_faces/detected_person/person_0315_face0.png,Latino_Hispanic,Asian,Male,50-59,"[0.03532391 0.00208065 0.5483627  0.16752684 0.20085743 0.04304965
 0.00279885]",[0.21673973 0.00227631 0.6714885  0.10949547],[9.9999213e-01 7.9354013e-06],"[4.1303465e-05 4.6560046e-05 5.0274812e-04 3.0677597e-04 1.0231430e-02
 1.6225162e-01 7.0216900e-01 1.2386893e-01 5.8160425e-04]"
/scratch/project_462000771/mengting/projects/bias/Qwen/chinese_prompt/selected_faces/detected_person/person_0544_face0.png,Latino_Hispanic,Indian,Male,40-49,"[5.4844171e-02 2.1285990e-03 5.0450587e-01 3.3644799e-04 9.7865961e-04
 1.1279303e-01 3.2441330e-01]",[0.18095133 0.0136699  0.00557091 0.7998079 ],[9.9999595e-01 4.0262203e-06],"[1.0521215e-05 1.6130707e-05 5.8237795e-04 1.9665666e-02 3.9938694e-01
 5.1392740e-01 6.5635309e-02 7.6880166e-04 6.7596811e-06]"
/scratch/project_462000771/mengting/projects/bias/Qwen/chinese_prompt/selected_faces/detected_person/person_0753_face0.png,Indian,Indian,Male,30-39,"[1.1260884e-04 3.8638283e-03 2.6023505e-02 3.0519714e-05 8.1022183e-04
 9.6689773e-01 2.2616293e-03]",[8.3013845e-05 3.7076536e-03 3.5166074e-04 9.9585772e-01],[9.999920e-01 8.034467e-06],"[1.2546470e-05 1.6626193e-04 1.0509113e-02 8.4630959e-02 5.2497798e-01
 3.5296503e-01 2.6545744e-02 1.9111198e-04 1.3064160e-06]"
/scratch/project_462000771/mengting/projects/bias/Qwen/chinese_prompt/selected_faces/detected_person/person_0079_face0.png,East Asian,Asian,Male,40-49,"[9.6051348e-03 2.1205529e-05 2.0188518e-01 6.2705648e-01 1.5842459e-01
 2.2678862e-03 7.3946710e-04]",[3.2259177e-02 3.0757026e-05 9.5070493e-01 1.7005097e-02],[9.999927e-01 7.220375e-06],"[1.5061350e-06 1.4256476e-05 3.7144529e-04 1.0437267e-02 3.8955712e-01
 5.5872631e-01 4.0579263e-02 3.1226181e-04 5.7296614e-07]"
/scratch/project_462000771/mengting/projects/bias/Qwen/chinese_prompt/selected_faces/detected_person/person_0029_face0.png,Latino_Hispanic,White,Male,30-39,"[9.2516169e-02 2.9127707e-04 6.5291244e-01 5.9081067e-04 1.5018770e-03
 6.6054866e-02 1.8613254e-01]",[0.7149901  0.00530683 0.02644295 0.2532602 ],[9.9999708e-01 2.8685552e-06],"[4.2460624e-06 1.0598430e-05 3.9230587e-04 4.6502639e-02 7.4782646e-01
 2.0213532e-01 3.1162852e-03 1.2122351e-05 5.3368183e-08]"
/scratch/project_462000771/mengting/projects/bias/Qwen/chinese_prompt/selected_faces/detected_person/person_0515_face0.png,Southeast Asian,Asian,Male,40-49,"[2.4912800e-04 6.2291813e-03 7.7979594e-02 8.9768507e-02 7.1509701e-01
 1.1025953e-01 4.1705981e-04]",[6.1645388e-04 4.8185401e-03 7.7980429e-01 2.1476074e-01],[9.999967e-01 3.250916e-06],"[1.5982709e-05 2.7932669e-04 8.1988173e-03 5.8729399e-02 4.1903073e-01
 4.6444181e-01 4.8469726e-02 8.2390144e-04 1.0246779e-05]"
/scratch/project_462000771/mengting/projects/bias/Qwen/chinese_prompt/selected_faces/detected_person/person_0335_face0.png,Indian,Indian,Male,50-59,"[8.7213209e-03 6.4495788e-03 1.8419741e-01 4.9887469e-05 3.9964754e-04
 7.8994071e-01 1.0241399e-02]",[2.4572746e-03 3.1545695e-02 4.3512575e-04 9.6556187e-01],[9.999820e-01 1.802139e-05],"[4.9247366e-05 8.6171363e-05 1.0508053e-03 1.1172459e-03 3.1561367e-02
 3.1532386e-01 6.3375604e-01 1.6995586e-02 5.9738395e-05]"
/scratch/project_462000771/mengting/projects/bias/Qwen/chinese_prompt/selected_faces/detected_person/person_0044_face0.png,East Asian,Asian,Male,30-39,"[1.4747529e-04 2.1903143e-06 3.7042182e-03 7.7574122e-01 2.1953671e-01
 8.4122538e-04 2.6987027e-05]",[1.0049715e-04 2.7745866e-05 9.9851537e-01 1.3563731e-03],[9.9992794e-01 7.2002942e-05],"[8.3559439e-07 4.6183264e-05 7.8505557e-03 4.6782109e-01 5.0764281e-01
 1.6534382e-02 1.0219481e-04 1.8717006e-06 1.4542690e-08]"
/scratch/project_462000771/mengting/projects/bias/Qwen/chinese_prompt/selected_faces/detected_person/person_0391_face0.png,White,White,Male,20-29,"[9.9998438e-01 4.4383025e-08 5.7719844e-06 1.3722373e-06 1.1784124e-06
 8.4341031e-07 6.2703125e-06]",[9.9973279e-01 2.6961177e-06 1.6812557e-05 2.4778271e-04],[9.9999863e-01 1.3791301e-06],"[2.4289470e-08 1.7401418e-06 8.6567374e-03 5.1550859e-01 3.7693113e-01
 9.3892880e-02 4.9822610e-03 2.5913427e-05 6.7736727e-07]"
/scratch/project_462000771/mengting/projects/bias/Qwen/chinese_prompt/selected_faces/detected_person/person_0080_face0.png,White,White,Male,40-49,"[9.9999368e-01 4.4923638e-09 2.3174100e-07 2.6163943e-07 3.5598472e-07
 4.5158512e-08 5.5860833e-06]",[9.9998546e-01 1.3843630e-06 9.2709397e-06 3.8263706e-06],[9.9991244e-01 8.7553242e-05],"[6.17053331e-07 4.91292712e-06 6.25217741e-04 4.30888496e-02
 3.23873192e-01 5.29032290e-01 1.02003485e-01 1.30461541e-03
 6.68007706e-05]"
/scratch/project_462000771/mengting/projects/bias/Qwen/chinese_prompt/selected_faces/detected_person/person_0825_face0.png,Southeast Asian,Black,Male,20-29,"[0.00094735 0.14709932 0.16637374 0.0126639  0.44017354 0.23208584
 0.00065634]",[0.00289171 0.622516   0.22781783 0.14677452],[0.9789108  0.02108916],"[6.6580992e-06 1.6376696e-04 2.8359648e-02 6.7682195e-01 2.8504929e-01
 9.5159905e-03 8.1685779e-05 1.0164601e-06 3.0613808e-08]"
/scratch/project_462000771/mengting/projects/bias/Qwen/chinese_prompt/selected_faces/detected_person/person_0210_face0.png,White,White,Male,30-39,"[9.8080838e-01 4.1792300e-06 2.5028652e-03 1.3939215e-05 3.2432788e-05
 5.6457906e-05 1.6581802e-02]",[9.99792755e-01 3.61518396e-05 5.18291345e-05 1.19279175e-04],[1.0000000e+00 2.1083388e-09],"[1.2780126e-06 1.9424882e-05 2.8077711e-04 1.3714071e-02 5.6705678e-01
 4.1417438e-01 4.7333241e-03 1.9884848e-05 8.4191242e-08]"
/scratch/project_462000771/mengting/projects/bias/Qwen/chinese_prompt/selected_faces/detected_person/person_0356_face0.png,Latino_Hispanic,White,Male,40-49,"[6.3924126e-02 3.1644705e-04 8.8629204e-01 8.5352198e-04 2.4147783e-03
 3.8488049e-02 7.7111297e-03]",[0.3797823  0.00228773 0.25342146 0.36450848],[9.9998999e-01 1.0003874e-05],"[7.4022601e-06 1.7095321e-05 4.4681338e-04 8.7274993e-03 2.8754100e-01
 6.2061357e-01 8.2303599e-02 3.4214347e-04 9.2410085e-07]"
/scratch/project_462000771/mengting/projects/bias/Qwen/chinese_prompt/selected_faces/detected_person/person_0388_face0.png,Southeast Asian,Asian,Male,20-29,"[3.7062817e-04 5.2433327e-04 6.1655484e-02 1.2440607e-01 7.9771429e-01
 1.4853867e-02 4.7529774e-04]",[7.8840833e-04 4.8727747e-03 9.3214923e-01 6.2189624e-02],[9.9997103e-01 2.8967199e-05],"[1.2166188e-06 7.8097288e-04 1.2843475e-01 8.0483311e-01 6.4721055e-02
 1.2216388e-03 7.0309725e-06 1.9229064e-07 3.8731951e-09]"
/scratch/project_462000771/mengting/projects/bias/Qwen/chinese_prompt/selected_faces/detected_person/person_0242_face0.png,Latino_Hispanic,White,Male,30-39,"[4.19320375e-01 2.35321626e-04 4.95039791e-01 8.39063060e-03
 1.12550715e-02 3.50288562e-02 3.07298433e-02]",[8.7897283e-01 5.1636121e-04 3.7697088e-02 8.2813717e-02],[9.9999928e-01 6.8722807e-07],"[9.4239283e-07 7.3247720e-06 3.4017619e-04 3.5727423e-02 6.8852848e-01
 2.6842341e-01 6.9538383e-03 1.8331250e-05 1.0487981e-07]"
/scratch/project_462000771/mengting/projects/bias/Qwen/chinese_prompt/selected_faces/detected_person/person_0282_face0.png,Latino_Hispanic,White,Male,20-29,"[1.04078211e-01 5.84007334e-03 7.33504713e-01 1.11481044e-04
 3.73016112e-04 6.10817224e-03 1.49984360e-01]",[0.6782727  0.21877904 0.00328692 0.09966137],[9.9999493e-01 5.0952913e-06],"[2.4504991e-06 1.7153147e-04 6.6287093e-02 4.5568603e-01 4.2577744e-01
 5.0697125e-02 1.3601796e-03 1.7967261e-05 1.7030466e-07]"
/scratch/project_462000771/mengting/projects/bias/Qwen/chinese_prompt/selected_faces/detected_person/person_0739_face0.png,Black,Black,Male,30-39,"[7.8423049e-08 9.9993742e-01 4.4905369e-06 1.2580546e-07 3.7346310e-06
 5.4094584e-05 1.2051495e-07]",[9.8214866e-07 9.9972779e-01 1.0329215e-05 2.6091008e-04],[0.9968815 0.0031185],"[1.14520276e-07 1.66172720e-06 8.58179352e-04 1.24782093e-01
 4.35478330e-01 3.93690735e-01 4.42915745e-02 8.42761248e-04
 5.46217234e-05]"
/scratch/project_462000771/mengting/projects/bias/Qwen/chinese_prompt/selected_faces/detected_person/person_0786_face0.png,White,White,Male,30-39,"[6.4249182e-01 5.4973920e-05 7.2785415e-02 5.3010903e-05 1.6186008e-04
 1.2094089e-02 2.7235878e-01]",[9.4315088e-01 1.3636427e-04 1.3434557e-03 5.5369239e-02],[9.9998677e-01 1.3281622e-05],"[3.8331217e-07 5.4885099e-06 5.2910601e-04 7.2399698e-02 7.8233284e-01
 1.4342010e-01 1.3084919e-03 3.8926864e-06 4.5810765e-08]"
/scratch/project_462000771/mengting/projects/bias/Qwen/chinese_prompt/selected_faces/detected_person/person_0827_face0.png,Southeast Asian,Asian,Male,20-29,"[1.8506460e-03 1.4858374e-04 7.2925329e-02 4.2954966e-01 4.8246986e-01
 1.1391910e-02 1.6640860e-03]",[0.0307741  0.01005406 0.9044623  0.05470952],[9.999923e-01 7.677888e-06],"[1.0128002e-06 5.9140363e-04 1.4668535e-01 7.9036158e-01 6.0905073e-02
 1.4375430e-03 1.6505921e-05 1.5469360e-06 2.2379171e-08]"
/scratch/project_462000771/mengting/projects/bias/Qwen/chinese_prompt/selected_faces/detected_person/person_0782_face0.png,White,White,Male,30-39,"[9.9632812e-01 2.4798021e-06 1.5211088e-03 1.1564457e-05 1.6223563e-05
 9.2939037e-05 2.0275987e-03]",[9.7418904e-01 3.2668293e-04 1.9868882e-04 2.5285622e-02],[9.999991e-01 9.098974e-07],"[3.7865441e-08 2.1301089e-07 3.1083942e-05 1.7277317e-02 5.5180848e-01
 4.2119330e-01 9.6651325e-03 2.4196539e-05 2.4219941e-07]"
/scratch/project_462000771/mengting/projects/bias/Qwen/chinese_prompt/selected_faces/detected_person/person_0853_face0.png,White,White,Female,30-39,"[9.9415189e-01 6.0544721e-06 3.0964382e-03 1.8369772e-04 9.4292911e-05
 3.7151207e-05 2.4305319e-03]",[9.9575263e-01 4.7607056e-05 3.9913990e-03 2.0838670e-04],[2.5902355e-06 9.9999738e-01],"[6.1939964e-08 9.5141595e-06 4.3745702e-03 4.5642614e-01 5.1441944e-01
 2.4554638e-02 2.1286600e-04 2.6888490e-06 3.9364568e-08]"
/scratch/project_462000771/mengting/projects/bias/Qwen/chinese_prompt/selected_faces/detected_person/person_0815_face0.png,Latino_Hispanic,Indian,Male,30-39,"[1.5339822e-01 3.8766742e-04 5.3878176e-01 1.2785300e-03 2.2159417e-03
 1.5235868e-01 1.5157922e-01]",[3.7429470e-01 5.1598588e-04 2.8331035e-03 6.2235618e-01],[9.9997854e-01 2.1461776e-05],"[2.5689715e-06 1.7282147e-05 1.8194114e-03 1.3469394e-01 6.7178005e-01
 1.8550338e-01 6.1193942e-03 6.3349537e-05 6.6029514e-07]"
/scratch/project_462000771/mengting/projects/bias/Qwen/chinese_prompt/selected_faces/detected_person/person_0681_face0.png,White,White,Female,30-39,"[9.9962890e-01 1.4831340e-08 8.0627113e-05 3.4799663e-07 6.9033473e-07
 6.0734078e-07 2.8880232e-04]",[9.9991488e-01 2.2341460e-06 5.4300763e-05 2.8537519e-05],[9.892738e-06 9.999901e-01],"[2.2504222e-08 1.5928343e-06 6.0065405e-04 9.6722268e-02 5.8881396e-01
 3.0245912e-01 1.1241081e-02 1.5809431e-04 3.1884906e-06]"
/scratch/project_462000771/mengting/projects/bias/Qwen/chinese_prompt/selected_faces/detected_person/person_0110_face0.png,Black,Black,Male,30-39,"[1.1794862e-03 8.0356598e-01 3.6694635e-02 1.2410960e-04 3.2294136e-03
 1.5392591e-01 1.2804667e-03]",[3.3489260e-04 7.4138826e-01 5.3147337e-04 2.5774536e-01],[9.9995798e-01 4.2060212e-05],"[2.3526381e-06 1.7847102e-05 1.0051498e-03 1.6133527e-01 7.4618280e-01
 9.0658076e-02 7.9344440e-04 4.8603497e-06 1.2162003e-07]"
/scratch/project_462000771/mengting/projects/bias/Qwen/chinese_prompt/selected_faces/detected_person/person_0311_face0.png,Indian,Indian,Male,30-39,"[1.7405581e-02 3.7157725e-04 3.9123550e-01 9.9595787e-04 4.1441154e-03
 5.7018495e-01 1.5662294e-02]",[0.02077304 0.00157568 0.00360344 0.97404784],[9.9999905e-01 9.8255941e-07],"[7.6847874e-07 1.9028483e-05 4.4251024e-03 2.3986261e-01 6.5742171e-01
 9.6678346e-02 1.5842519e-03 8.0177842e-06 5.1021537e-08]"
/scratch/project_462000771/mengting/projects/bias/Qwen/chinese_prompt/selected_faces/detected_person/person_0031_face0.png,Indian,Indian,Female,10-19,"[2.0490909e-06 1.4243805e-02 6.8054127e-04 2.4407220e-06 5.3540163e-04
 9.8453277e-01 2.9531077e-06]",[4.9382568e-05 1.0832642e-01 5.4260355e-04 8.9108157e-01],[0.00182191 0.9981781 ],"[3.1634415e-06 1.5369363e-02 6.4516753e-01 2.7901408e-01 5.7484396e-02
 2.9082557e-03 5.1174447e-05 1.9802410e-06 5.7074327e-08]"
/scratch/project_462000771/mengting/projects/bias/Qwen/chinese_prompt/selected_faces/detected_person/person_0077_face0.png,White,White,Male,50-59,"[9.9810833e-01 3.5797268e-06 1.2295381e-03 1.4076426e-05 3.8506594e-05
 3.4156317e-05 5.7177991e-04]",[9.9924558e-01 1.2154618e-05 5.5398600e-04 1.8832579e-04],[9.9979514e-01 2.0481044e-04],"[1.2214911e-05 5.7893398e-05 8.6648425e-04 9.9090184e-04 1.2749928e-02
 1.4866611e-01 7.2026962e-01 1.0883423e-01 7.5526494e-03]"
/scratch/project_462000771/mengting/projects/bias/Qwen/chinese_prompt/selected_faces/detected_person/person_0709_face0.png,White,White,Male,30-39,"[9.6127415e-01 3.3067168e-05 2.7249955e-02 2.2265596e-04 3.5085517e-04
 1.4001863e-04 1.0729288e-02]",[9.9631351e-01 1.1521348e-03 2.2192567e-03 3.1504512e-04],[9.9999917e-01 7.8061242e-07],"[2.2664767e-07 5.3329045e-06 2.7299814e-03 4.6784449e-01 5.0830328e-01
 2.0988954e-02 1.2720597e-04 4.8559025e-07 4.2295731e-09]"
/scratch/project_462000771/mengting/projects/bias/Qwen/chinese_prompt/selected_faces/detected_person/person_0538_face0.png,White,White,Male,30-39,"[9.9808884e-01 6.4665016e-08 1.1974943e-03 3.5941583e-05 2.0707079e-05
 1.4529711e-05 6.4237555e-04]",[9.9973142e-01 5.0815038e-07 1.8844505e-04 7.9660807e-05],[9.9998116e-01 1.8809284e-05],"[3.0565650e-07 5.1263869e-06 8.9201931e-04 7.3866285e-02 7.2395116e-01
 1.9884077e-01 2.4370148e-03 7.2300581e-06 5.0818482e-08]"
/scratch/project_462000771/mengting/projects/bias/Qwen/chinese_prompt/selected_faces/detected_person/person_0983_face0.png,East Asian,Asian,Male,40-49,"[3.4456849e-04 7.6170886e-06 6.3547292e-03 8.8464338e-01 1.0825469e-01
 2.7351087e-04 1.2152200e-04]",[1.1072414e-03 5.9966537e-06 9.9490696e-01 3.9797714e-03],[9.9999928e-01 6.6077143e-07],"[3.2448261e-06 4.5827244e-05 7.0530921e-04 6.0435804e-03 3.0533442e-01
 5.5867976e-01 1.2409606e-01 5.0757001e-03 1.5977854e-05]"
/scratch/project_462000771/mengting/projects/bias/Qwen/chinese_prompt/selected_faces/detected_person/person_0534_face0.png,Indian,Indian,Female,20-29,"[1.6201496e-03 3.2606677e-03 8.8103727e-02 2.8162784e-04 1.3890074e-02
 8.9110154e-01 1.7422049e-03]",[0.00158577 0.00226943 0.00152188 0.99462295],[8.5867301e-04 9.9914134e-01],"[1.4573513e-06 3.9494797e-03 2.6694262e-01 5.4755259e-01 1.7398888e-01
 7.3964419e-03 1.6194023e-04 6.3923380e-06 2.3321846e-07]"
/scratch/project_462000771/mengting/projects/bias/Qwen/chinese_prompt/selected_faces/detected_person/person_0592_face0.png,East Asian,Asian,Female,20-29,"[5.0151849e-04 3.3954209e-06 1.4101614e-03 9.4107282e-01 5.6550525e-02
 4.0683764e-04 5.4660642e-05]",[4.4628297e-04 3.1810891e-05 9.9860221e-01 9.1963250e-04],[2.3071158e-05 9.9997693e-01],"[7.6291855e-08 6.4056090e-05 3.3642150e-02 8.6894083e-01 9.5556386e-02
 1.7843266e-03 1.1549124e-05 5.8853698e-07 7.3421962e-09]"
/scratch/project_462000771/mengting/projects/bias/Qwen/chinese_prompt/selected_faces/detected_person/person_0321_face0.png,East Asian,Asian,Male,30-39,"[9.4944895e-05 3.8297657e-07 1.4194028e-03 9.1633624e-01 8.2044952e-02
 6.6703986e-05 3.7279369e-05]",[1.8621536e-04 3.5251196e-07 9.9958813e-01 2.2531167e-04],[9.9999994e-01 1.1866743e-07],"[4.3901787e-07 1.2005383e-05 8.9176279e-04 9.4291925e-02 8.0209774e-01
 1.0076635e-01 1.9034523e-03 3.6252099e-05 1.1492367e-07]"
/scratch/project_462000771/mengting/projects/bias/Qwen/chinese_prompt/selected_faces/detected_person/person_0948_face0.png,White,White,Male,30-39,"[5.1720136e-01 2.0048860e-04 2.2192524e-01 1.4076510e-03 1.5322352e-03
 8.6604757e-03 2.4907254e-01]",[9.5422381e-01 5.9806660e-04 2.7657268e-03 4.2412389e-02],[9.999939e-01 6.056110e-06],"[4.0883647e-06 2.6993077e-05 3.8054399e-04 5.9981566e-02 7.3391569e-01
 2.0383240e-01 1.8511906e-03 7.4409895e-06 6.9080428e-08]"
/scratch/project_462000771/mengting/projects/bias/Qwen/chinese_prompt/selected_faces/detected_person/person_0587_face0.png,White,White,Female,20-29,"[9.9556810e-01 2.2768965e-07 1.4403034e-03 2.2700049e-03 3.0946045e-04
 4.7890576e-06 4.0710680e-04]",[9.6732259e-01 7.7647610e-06 3.2640755e-02 2.8922012e-05],[6.859712e-06 9.999931e-01],"[3.6341519e-09 7.3486740e-06 1.9919407e-02 7.5018764e-01 2.2627406e-01
 3.6057946e-03 5.7462025e-06 4.4680608e-08 6.8513695e-10]"
/scratch/project_462000771/mengting/projects/bias/Qwen/chinese_prompt/selected_faces/detected_person/person_0968_face0.png,White,White,Male,30-39,"[9.9891657e-01 2.5742293e-07 2.2516295e-04 4.3844386e-05 5.4294320e-05
 2.9963467e-06 7.5699651e-04]",[9.9963087e-01 8.1072412e-06 3.1577525e-04 4.5198711e-05],[9.9963224e-01 3.6777419e-04],"[1.6542779e-05 3.2364583e-04 1.0579396e-02 8.8197090e-02 5.4673570e-01
 3.3193552e-01 2.1742838e-02 4.5972597e-04 9.4751449e-06]"
/scratch/project_462000771/mengting/projects/bias/Qwen/chinese_prompt/selected_faces/detected_person/person_0054_face0.png,Indian,Indian,Male,30-39,"[1.3561185e-02 7.8085822e-04 2.7884549e-01 2.9622068e-04 1.4704925e-03
 5.3879374e-01 1.6625197e-01]",[0.02506358 0.00369106 0.00291086 0.9683345 ],[9.9997944e-01 2.0510553e-05],"[4.5045490e-06 9.6084856e-05 1.6689359e-03 1.9126666e-01 7.1396655e-01
 9.2490867e-02 5.0449878e-04 1.8661830e-06 1.9757621e-08]"
/scratch/project_462000771/mengting/projects/bias/Qwen/chinese_prompt/selected_faces/detected_person/person_0785_face0.png,Latino_Hispanic,Black,Male,30-39,"[0.03237325 0.03683789 0.67570716 0.00116523 0.00693723 0.01759252
 0.22938669]",[0.16351782 0.5264512  0.02197114 0.2880599 ],[9.99894500e-01 1.05530205e-04],"[1.3803079e-04 2.7968527e-03 1.1304028e-01 3.0923343e-01 4.9767810e-01
 7.4810497e-02 2.2626708e-03 3.9489012e-05 6.6070112e-07]"
/scratch/project_462000771/mengting/projects/bias/Qwen/chinese_prompt/selected_faces/detected_person/person_0423_face0.png,White,White,Male,30-39,"[9.9949300e-01 1.7357095e-07 2.0205382e-04 1.6080567e-05 1.3167901e-05
 9.0973317e-06 2.6649630e-04]",[9.9957120e-01 2.2005650e-05 2.6864588e-04 1.3807525e-04],[9.999993e-01 6.785454e-07],"[1.14067895e-07 1.15880937e-06 1.01463193e-04 6.15435950e-02
 7.93408096e-01 1.43804103e-01 1.13795151e-03 3.45684020e-06
 3.79914766e-08]"
/scratch/project_462000771/mengting/projects/bias/Qwen/chinese_prompt/selected_faces/detected_person/person_0788_face0.png,Southeast Asian,Asian,Male,30-39,"[6.7914727e-05 1.3736902e-04 6.4074025e-03 4.7631365e-01 5.1396316e-01
 3.0717044e-03 3.8815790e-05]",[6.6707333e-05 5.2095344e-04 9.5832080e-01 4.1091625e-02],[9.9999946e-01 5.3739416e-07],"[1.5257722e-06 2.7367034e-05 1.9661165e-03 1.3264711e-01 7.3002028e-01
 1.3230193e-01 2.9410794e-03 9.3854673e-05 7.2292926e-07]"
/scratch/project_462000771/mengting/projects/bias/Qwen/chinese_prompt/selected_faces/detected_person/person_0357_face0.png,Latino_Hispanic,White,Male,50-59,"[4.87835221e-02 1.89647981e-04 9.13802326e-01 8.13531689e-03
 1.23594245e-02 1.38401380e-02 2.88962363e-03]",[8.6372572e-01 7.1426586e-04 5.4787971e-02 8.0772035e-02],[9.997498e-01 2.502170e-04],"[3.9779665e-05 1.0447724e-04 1.8721021e-03 5.8199273e-04 3.9634485e-02
 3.4401673e-01 5.9443802e-01 1.9249052e-02 6.3505802e-05]"
/scratch/project_462000771/mengting/projects/bias/Qwen/chinese_prompt/selected_faces/detected_person/person_0116_face0.png,Southeast Asian,Indian,Female,20-29,"[2.1156501e-03 1.8973235e-04 2.6545903e-02 2.8873309e-01 6.6336143e-01
 1.8646102e-02 4.0807974e-04]",[0.07811292 0.00645445 0.2107584  0.70467424],[5.5751170e-05 9.9994427e-01],"[7.43184643e-08 1.08147633e-05 7.73504050e-03 6.20886564e-01
 3.59271705e-01 1.19931605e-02 9.97158932e-05 2.86432760e-06
 2.33583712e-08]"
/scratch/project_462000771/mengting/projects/bias/Qwen/chinese_prompt/selected_faces/detected_person/person_0022_face0.png,White,White,Male,30-39,"[9.9258977e-01 7.2921182e-07 2.0093750e-03 1.7537434e-04 1.3608238e-04
 1.3283126e-04 4.9558077e-03]",[9.9947542e-01 5.1977436e-06 6.1394123e-05 4.5801277e-04],[9.9999958e-01 4.1417488e-07],"[1.3401325e-06 9.4932893e-06 3.1976754e-04 2.3395170e-02 5.1942891e-01
 4.4130710e-01 1.5457948e-02 7.9675425e-05 6.2271266e-07]"
/scratch/project_462000771/mengting/projects/bias/Qwen/chinese_prompt/selected_faces/detected_person/person_0105_face0.png,East Asian,Asian,Male,30-39,"[9.2705850e-05 3.8778226e-06 1.0027151e-03 9.3013936e-01 6.8638720e-02
 9.3093411e-05 2.9550329e-05]",[2.9285744e-04 6.5518111e-06 9.9928451e-01 4.1612744e-04],[9.9999785e-01 2.1364790e-06],"[8.7201266e-07 1.4731706e-05 1.5487541e-03 6.6317506e-02 6.8081558e-01
 2.3485871e-01 1.5843166e-02 5.9763005e-04 3.1050715e-06]"
/scratch/project_462000771/mengting/projects/bias/Qwen/chinese_prompt/selected_faces/detected_person/person_0865_face0.png,East Asian,Asian,Female,20-29,"[1.0060173e-04 1.6091650e-05 1.7784964e-03 7.0902836e-01 2.8791746e-01
 1.1310944e-03 2.7947141e-05]",[5.1779003e-04 5.6508259e-05 9.9632269e-01 3.1029698e-03],[0.32619515 0.6738048 ],"[2.9268410e-06 8.0379407e-04 7.0543826e-02 7.1335751e-01 2.0708138e-01
 8.1001241e-03 1.0418363e-04 6.1473415e-06 1.4816878e-07]"
/scratch/project_462000771/mengting/projects/bias/Qwen/chinese_prompt/selected_faces/detected_person/person_0970_face0.png,Southeast Asian,Asian,Male,30-39,"[4.3091113e-03 1.5634118e-04 2.0136422e-01 1.4350998e-01 5.8930552e-01
 5.9801042e-02 1.5537824e-03]",[7.2746309e-03 8.4017095e-04 8.8156992e-01 1.1031526e-01],[9.9997818e-01 2.1840755e-05],"[7.3521227e-07 1.3283557e-05 1.1102231e-03 4.9708392e-02 4.9972934e-01
 4.0841994e-01 4.0633805e-02 3.8122249e-04 3.1217164e-06]"
/scratch/project_462000771/mengting/projects/bias/Qwen/chinese_prompt/selected_faces/detected_person/person_0146_face0.png,Latino_Hispanic,Asian,Male,30-39,"[1.6963732e-03 4.7232033e-04 6.0321534e-01 8.0272429e-02 2.8191853e-01
 3.1412538e-02 1.0125103e-03]",[3.5521013e-03 2.3276186e-04 8.4725100e-01 1.4896408e-01],[9.9999881e-01 1.2121836e-06],"[5.7491902e-06 8.2491977e-05 3.4824880e-03 5.4737598e-02 6.2894022e-01
 3.0112845e-01 1.1539472e-02 8.3092789e-05 3.6022300e-07]"
/scratch/project_462000771/mengting/projects/bias/Qwen/chinese_prompt/selected_faces/detected_person/person_0690_face0.png,Latino_Hispanic,Asian,Male,50-59,"[0.01500315 0.00880512 0.49192667 0.01007191 0.1256438  0.34627634
 0.00227297]",[0.02120719 0.03164252 0.4958033  0.451347  ],[9.999571e-01 4.292961e-05],"[2.0809055e-05 4.9734121e-05 4.5569416e-04 2.4461627e-04 5.3739995e-03
 1.2470078e-01 7.9947650e-01 6.9079190e-02 5.9861533e-04]"
/scratch/project_462000771/mengting/projects/bias/Qwen/chinese_prompt/selected_faces/detected_person/person_0240_face0.png,White,White,Male,30-39,"[9.6379066e-01 6.1578198e-06 4.4221119e-03 4.1732765e-05 7.5250922e-05
 4.9830804e-04 3.1165877e-02]",[9.9407822e-01 6.1063911e-05 2.9890693e-04 5.5618309e-03],[9.9998814e-01 1.1868421e-05],"[7.2300827e-07 2.0030131e-05 1.6868163e-03 2.9553181e-01 6.5535223e-01
 4.7038995e-02 3.6725000e-04 2.0808154e-06 4.0520224e-08]"
/scratch/project_462000771/mengting/projects/bias/Qwen/chinese_prompt/selected_faces/detected_person/person_0958_face0.png,White,White,Male,50-59,"[9.9588740e-01 4.3287972e-07 2.3972245e-03 6.9193052e-06 1.9386054e-05
 2.2377145e-04 1.4648725e-03]",[9.9918717e-01 6.5383806e-06 9.8315933e-05 7.0796633e-04],[9.9999672e-01 3.2965918e-06],"[1.5845180e-05 1.9710627e-04 5.2035470e-03 1.4302592e-03 2.6100179e-02
 3.4857464e-01 5.8376169e-01 3.4209788e-02 5.0688651e-04]"
/scratch/project_462000771/mengting/projects/bias/Qwen/chinese_prompt/selected_faces/detected_person/person_0181_face0.png,Indian,Indian,Male,10-19,"[0.00816229 0.00108747 0.36808896 0.00177382 0.0114933  0.5829866
 0.02640763]",[0.0241412  0.00643138 0.02131631 0.9481111 ],[0.99896437 0.00103561],"[1.7660914e-06 4.0248102e-03 5.0714982e-01 4.4519168e-01 4.2269878e-02
 1.3547195e-03 7.0875249e-06 2.2222048e-07 4.9179385e-09]"
/scratch/project_462000771/mengting/projects/bias/Qwen/chinese_prompt/selected_faces/detected_person/person_0316_face0.png,White,White,Male,50-59,"[5.9289753e-01 4.6589563e-04 3.5528696e-01 1.8779336e-03 4.2837621e-03
 3.0520922e-02 1.4667105e-02]",[9.5736223e-01 3.6010362e-04 3.4779364e-03 3.8799740e-02],[9.9984646e-01 1.5357044e-04],"[2.2518621e-05 4.3359010e-05 3.9006406e-04 3.1964664e-04 1.2095209e-02
 2.5310361e-01 6.9111401e-01 4.2370602e-02 5.4096617e-04]"
/scratch/project_462000771/mengting/projects/bias/Qwen/chinese_prompt/selected_faces/detected_person/person_0301_face0.png,White,White,Male,30-39,"[9.9918395e-01 1.9803379e-07 3.2982242e-04 4.2751868e-05 4.8150632e-05
 3.4704278e-06 3.9164186e-04]",[9.9994993e-01 3.3009746e-06 4.2514945e-05 4.3128757e-06],[0.98805535 0.01194469],"[2.6539324e-06 1.4688235e-04 1.9709801e-02 1.6552636e-01 4.8743010e-01
 3.0046055e-01 2.6284374e-02 4.3061029e-04 8.6984583e-06]"
/scratch/project_462000771/mengting/projects/bias/Qwen/chinese_prompt/selected_faces/detected_person/person_0217_face0.png,Black,Black,Male,40-49,"[7.0418105e-07 9.9742299e-01 4.8935202e-05 1.3450403e-06 7.4351134e-05
 2.4499537e-03 1.7098810e-06]",[1.6976081e-06 9.9887180e-01 1.2981123e-04 9.9668326e-04],[9.9998397e-01 1.6001273e-05],"[1.9224374e-06 3.3489523e-05 2.8271498e-03 8.6007707e-02 3.9015725e-01
 4.3755373e-01 8.1365198e-02 1.9477769e-03 1.0580704e-04]"
/scratch/project_462000771/mengting/projects/bias/Qwen/chinese_prompt/selected_faces/detected_person/person_0003_face0.png,Black,Black,Male,30-39,"[0.00269763 0.639067   0.18860441 0.01082523 0.12585512 0.02877535
 0.00417528]",[0.00444426 0.7256036  0.15460873 0.11534347],[9.9999851e-01 1.4928926e-06],"[8.3997511e-06 4.0041862e-04 1.7847594e-02 4.3027365e-01 5.0921112e-01
 4.1752573e-02 5.0081633e-04 5.2536157e-06 1.3834531e-07]"
/scratch/project_462000771/mengting/projects/bias/Qwen/chinese_prompt/selected_faces/detected_person/person_0867_face0.png,White,White,Male,40-49,"[9.9967808e-01 2.0731374e-08 1.3062064e-04 4.2347077e-05 1.5803966e-05
 1.6523209e-06 1.3150072e-04]",[9.9913013e-01 1.0421410e-06 8.3385187e-04 3.5049925e-05],[9.9999708e-01 2.9111395e-06],"[7.47936501e-05 7.57872403e-05 3.79310775e-04 5.00147580e-04
 4.42332625e-02 4.88279194e-01 4.51645464e-01 1.46959536e-02
 1.16073694e-04]"
/scratch/project_462000771/mengting/projects/bias/Qwen/chinese_prompt/selected_faces/detected_person/person_0320_face0.png,White,White,Male,30-39,"[5.7652229e-01 3.3181914e-05 3.7536454e-01 7.9877628e-03 3.3917176e-03
 2.8788475e-03 3.3821613e-02]",[9.8212814e-01 3.8403345e-05 1.1589571e-02 6.2438701e-03],[9.999910e-01 8.974003e-06],"[4.1187486e-06 2.1021839e-05 1.8017719e-03 2.1224711e-02 5.1510477e-01
 4.3764216e-01 2.4061549e-02 1.3948958e-04 4.3744134e-07]"
/scratch/project_462000771/mengting/projects/bias/Qwen/chinese_prompt/selected_faces/detected_person/person_0013_face0.png,East Asian,Asian,Male,50-59,"[1.4528599e-02 3.8352729e-05 7.1425512e-02 7.4154049e-01 1.7048110e-01
 1.4687434e-03 5.1716680e-04]",[1.0738994e-02 3.0440959e-05 9.8789209e-01 1.3385508e-03],[9.9985683e-01 1.4316091e-04],"[3.4878221e-06 1.4324324e-05 1.9584325e-04 7.8514841e-04 5.4828294e-02
 4.1107169e-01 5.1157004e-01 2.1457518e-02 7.3749230e-05]"
/scratch/project_462000771/mengting/projects/bias/Qwen/chinese_prompt/selected_faces/detected_person/person_0028_face0.png,Black,Black,Female,20-29,"[4.9550732e-07 9.9991769e-01 9.2866467e-06 7.2815226e-08 1.3114745e-06
 7.1081813e-05 8.1668702e-08]",[3.4186954e-07 9.9998373e-01 5.9993346e-07 1.5313117e-05],[0.13669834 0.86330163],"[1.37026905e-06 8.89386807e-04 1.22160316e-01 7.19936967e-01
 1.45925865e-01 1.08243618e-02 2.57672800e-04 3.88707667e-06
 1.86410702e-07]"
/scratch/project_462000771/mengting/projects/bias/Qwen/chinese_prompt/selected_faces/detected_person/person_0708_face0.png,White,White,Male,30-39,"[5.5302101e-01 1.0042234e-03 2.6765332e-01 2.6278666e-04 6.0459855e-04
 2.1609388e-02 1.5584460e-01]",[0.9133521  0.01851768 0.00208335 0.06604687],[9.9999475e-01 5.2434334e-06],"[2.5680856e-07 2.3785476e-06 1.4118565e-04 7.6698013e-02 7.9057527e-01
 1.3176058e-01 8.1891363e-04 3.3352326e-06 3.8070336e-08]"
/scratch/project_462000771/mengting/projects/bias/Qwen/chinese_prompt/selected_faces/detected_person/person_0424_face0.png,Latino_Hispanic,White,Male,40-49,"[2.9282227e-01 9.6255069e-05 6.6810030e-01 9.1501756e-04 1.5553560e-03
 2.4243057e-02 1.2267749e-02]",[8.9238697e-01 5.2588631e-04 6.6861324e-03 1.0040099e-01],[9.9999815e-01 1.8963699e-06],"[2.8419015e-06 1.1776637e-05 3.7704865e-04 9.5439125e-03 3.6514217e-01
 5.7455021e-01 5.0157204e-02 2.1400012e-04 7.9156456e-07]"
/scratch/project_462000771/mengting/projects/bias/Qwen/chinese_prompt/selected_faces/detected_person/person_0185_face0.png,White,White,Male,30-39,"[9.95660901e-01 3.82085801e-07 5.56200161e-04 2.10562430e-05
 2.47644384e-05 1.27841795e-05 3.72393802e-03]",[9.9977958e-01 7.6436074e-05 8.6547989e-05 5.7458245e-05],[9.9995971e-01 4.0251725e-05],"[1.54125530e-07 1.03141042e-06 1.18581935e-04 1.51440538e-02
 6.75324380e-01 3.07213068e-01 2.19273404e-03 5.94613630e-06
 3.54364644e-08]"
/scratch/project_462000771/mengting/projects/bias/Qwen/chinese_prompt/selected_faces/detected_person/person_0000_face0.png,Indian,Indian,Male,40-49,"[4.8253220e-05 2.3990067e-02 1.7890746e-02 5.0049679e-05 1.8728231e-03
 9.5609736e-01 5.0703042e-05]",[1.1424144e-05 4.2693038e-03 3.0802764e-04 9.9541122e-01],[9.9986929e-01 1.3070226e-04],"[1.0879401e-05 9.2823822e-05 3.3543184e-03 2.9492574e-02 3.6156783e-01
 5.4332042e-01 6.1508410e-02 6.4595457e-04 6.7974247e-06]"
/scratch/project_462000771/mengting/projects/bias/Qwen/chinese_prompt/selected_faces/detected_person/person_0980_face0.png,East Asian,Asian,Male,20-29,"[2.7076967e-05 4.2448132e-06 8.8476797e-04 6.4102906e-01 3.5788780e-01
 1.5513864e-04 1.1918471e-05]",[4.9510159e-05 1.4783016e-05 9.9952388e-01 4.1187747e-04],[9.9994415e-01 5.5826862e-05],"[3.34582211e-07 1.05304229e-04 5.31823225e-02 7.21600354e-01
 2.21086353e-01 4.00335807e-03 2.10640192e-05 9.23399796e-07
 1.42158445e-08]"
/scratch/project_462000771/mengting/projects/bias/Qwen/chinese_prompt/selected_faces/detected_person/person_0246_face0.png,White,White,Male,40-49,"[9.7950035e-01 2.2186689e-06 4.1369577e-03 1.3994094e-05 1.3490955e-05
 5.7341691e-05 1.6275557e-02]",[9.9951720e-01 3.5394445e-05 2.6217218e-05 4.2117256e-04],[9.9999809e-01 1.8821704e-06],"[1.3434828e-07 2.6967606e-07 6.8599846e-05 3.1686416e-03 1.0878878e-01
 6.3198733e-01 2.5045225e-01 5.4860800e-03 4.7861304e-05]"
/scratch/project_462000771/mengting/projects/bias/Qwen/chinese_prompt/selected_faces/detected_person/person_0580_face0.png,Latino_Hispanic,Indian,Male,20-29,"[4.2178456e-02 4.6504848e-03 7.9107308e-01 5.1239313e-04 2.5394277e-03
 5.1657289e-02 1.0738883e-01]",[0.12278003 0.02929937 0.00766142 0.8402592 ],[9.999921e-01 7.925341e-06],"[6.8644813e-06 2.8606789e-04 2.8524553e-02 6.0668200e-01 3.4819102e-01
 1.6144942e-02 1.6295169e-04 1.6206953e-06 2.2430806e-08]"
/scratch/project_462000771/mengting/projects/bias/Qwen/chinese_prompt/selected_faces/detected_person/person_0067_face0.png,Middle Eastern,White,Male,40-49,"[3.3691719e-01 9.2764254e-05 1.2416349e-01 2.9117361e-04 5.4345198e-04
 1.9619202e-03 5.3602999e-01]",[9.8424315e-01 9.0519828e-04 1.5212345e-03 1.3330347e-02],[9.9994218e-01 5.7819714e-05],"[1.9383051e-06 7.4380750e-06 2.3509483e-04 8.8587180e-03 3.5937670e-01
 5.8972710e-01 4.1293226e-02 4.9605488e-04 3.7144528e-06]"
/scratch/project_462000771/mengting/projects/bias/Qwen/chinese_prompt/selected_faces/detected_person/person_0641_face0.png,White,White,Male,50-59,"[9.95702207e-01 9.52879418e-07 2.78863148e-03 7.47769809e-05
 1.17405754e-04 6.74555195e-05 1.24851463e-03]",[9.9891537e-01 2.3175970e-05 3.8053695e-04 6.8096240e-04],[9.9980199e-01 1.9796645e-04],"[1.5450720e-05 7.0068985e-05 1.2994939e-03 8.6730800e-04 2.4385391e-02
 3.2929200e-01 6.1140490e-01 3.2252610e-02 4.1270311e-04]"
/scratch/project_462000771/mengting/projects/bias/Qwen/chinese_prompt/selected_faces/detected_person/person_0082_face0.png,East Asian,Asian,Male,30-39,"[1.99054577e-03 1.38050955e-05 5.59060462e-02 6.60893381e-01
 2.79833436e-01 9.45588166e-04 4.17139265e-04]",[6.5703820e-03 8.2200611e-05 9.7703785e-01 1.6309576e-02],[9.9997991e-01 2.0113928e-05],"[6.7474667e-07 1.2034042e-05 1.4234318e-03 7.0871152e-02 6.6409689e-01
 2.4509765e-01 1.8274259e-02 2.2280301e-04 1.0504227e-06]"
/scratch/project_462000771/mengting/projects/bias/Qwen/chinese_prompt/selected_faces/detected_person/person_0096_face0.png,White,White,Male,50-59,"[8.9888304e-01 1.0111150e-05 9.3392782e-02 6.5771356e-04 1.3500248e-03
 6.6071434e-04 5.0455700e-03]",[9.9812853e-01 1.4704985e-05 1.4854844e-03 3.7124348e-04],[9.9996698e-01 3.3014916e-05],"[5.5012783e-06 2.2963370e-05 6.0455449e-04 7.8473252e-04 2.5711229e-02
 3.3168435e-01 6.2274641e-01 1.8282326e-02 1.5789854e-04]"
/scratch/project_462000771/mengting/projects/bias/Qwen/chinese_prompt/selected_faces/detected_person/person_0533_face0.png,Latino_Hispanic,White,Male,30-39,"[2.45568246e-01 6.56301563e-04 3.69550705e-01 1.94009990e-04
 5.22315328e-04 1.04324125e-01 2.79184252e-01]",[5.9279650e-01 2.6828591e-03 5.5778836e-04 4.0396282e-01],[9.9988353e-01 1.1646690e-04],"[2.79278520e-05 7.51139713e-04 1.18776485e-02 3.44113618e-01
 5.88105202e-01 5.44419326e-02 6.76312542e-04 6.19857292e-06
 1.08297073e-07]"
/scratch/project_462000771/mengting/projects/bias/Qwen/chinese_prompt/selected_faces/detected_person/person_0755_face0.png,White,White,Male,30-39,"[9.8742437e-01 5.4113372e-07 9.2634046e-03 1.8637218e-04 1.5517310e-04
 9.0041853e-05 2.8800319e-03]",[9.9799854e-01 2.5895215e-05 7.0619216e-04 1.2694130e-03],[9.9999762e-01 2.3454577e-06],"[2.65328526e-05 7.29789957e-04 1.09440908e-02 3.93773839e-02
 5.86693048e-01 3.50947738e-01 1.11922715e-02 8.87368151e-05
 4.68228421e-07]"
/scratch/project_462000771/mengting/projects/bias/Qwen/chinese_prompt/selected_faces/detected_person/person_0188_face0.png,East Asian,Asian,Male,50-59,"[7.41989864e-03 1.09575245e-04 3.14026356e-01 4.18062180e-01
 2.49184579e-01 9.54246987e-03 1.65498850e-03]",[6.3573616e-04 4.7287289e-05 9.9308604e-01 6.2309587e-03],[9.999120e-01 8.801372e-05],"[6.4115416e-06 2.2055247e-05 2.9440111e-04 9.0967043e-04 4.7653250e-02
 3.8069138e-01 5.3881884e-01 3.1453494e-02 1.5041405e-04]"
/scratch/project_462000771/mengting/projects/bias/Qwen/chinese_prompt/selected_faces/detected_person/person_0009_face0.png,Latino_Hispanic,Indian,Male,40-49,"[6.9026709e-02 3.7980446e-04 8.6565721e-01 1.0926424e-02 1.1723897e-02
 2.3800377e-02 1.8485650e-02]",[0.36421695 0.00074674 0.15364441 0.48139188],[9.9998200e-01 1.8022278e-05],"[9.00219748e-05 4.15954244e-04 3.29773594e-03 9.58942343e-03
 3.00182700e-01 5.77373743e-01 1.08008586e-01 1.03838893e-03
 3.49904144e-06]"
/scratch/project_462000771/mengting/projects/bias/Qwen/chinese_prompt/selected_faces/detected_person/person_0931_face0.png,Latino_Hispanic,White,Male,40-49,"[3.4248880e-01 5.3373334e-04 5.9607524e-01 1.8819257e-03 2.0869938e-03
 4.4940408e-02 1.1992967e-02]",[0.9151812  0.00109365 0.00538354 0.07834162],[9.996297e-01 3.703239e-04],"[5.6090321e-06 1.5020492e-05 2.4524081e-04 2.6718788e-03 1.5746373e-01
 6.4646673e-01 1.9176562e-01 1.3595137e-03 6.6477064e-06]"
/scratch/project_462000771/mengting/projects/bias/Qwen/chinese_prompt/selected_faces/detected_person/person_0108_face0.png,White,White,Female,20-29,"[9.9992454e-01 2.7534514e-07 4.2236366e-05 6.0540870e-08 1.2158678e-07
 1.0710453e-06 3.1767238e-05]",[9.9935484e-01 3.0811905e-04 9.0965614e-06 3.2796361e-04],[0.00130108 0.9986989 ],"[1.40233254e-07 1.84228324e-04 6.39559776e-02 8.03045392e-01
 1.30300239e-01 2.49698688e-03 1.69165305e-05 1.02280616e-07
 5.98360206e-09]"
/scratch/project_462000771/mengting/projects/bias/Qwen/chinese_prompt/selected_faces/detected_person/person_0992_face0.png,White,White,Male,30-39,"[9.9530977e-01 5.1467765e-07 2.8668325e-03 7.8906276e-05 1.7514388e-04
 9.8667442e-05 1.4701147e-03]",[9.7116315e-01 1.6084046e-05 2.5434364e-02 3.3864030e-03],[9.9999994e-01 4.8933352e-08],"[2.5258064e-06 2.6477332e-04 3.5754800e-02 6.3315995e-02 4.6844786e-01
 4.1309386e-01 1.9022645e-02 9.6994940e-05 5.7020895e-07]"
/scratch/project_462000771/mengting/projects/bias/Qwen/chinese_prompt/selected_faces/detected_person/person_0859_face0.png,East Asian,Asian,Male,30-39,"[7.3781295e-05 4.8198192e-05 6.2359017e-03 5.3979981e-01 4.5273912e-01
 1.0900379e-03 1.3125293e-05]",[1.5439045e-05 1.6964959e-05 9.9944955e-01 5.1806989e-04],[9.9999994e-01 7.8534860e-08],"[1.4398408e-07 3.0551641e-06 3.3348759e-03 2.3078981e-01 6.8519694e-01
 7.8424111e-02 2.1997569e-03 5.1015792e-05 3.0291216e-07]"
/scratch/project_462000771/mengting/projects/bias/Qwen/chinese_prompt/selected_faces/detected_person/person_0756_face0.png,Latino_Hispanic,White,Male,30-39,"[0.21239752 0.00048323 0.4247113  0.00048816 0.00090278 0.02337983
 0.33763725]",[0.6283917  0.00227551 0.0031426  0.36619028],[9.9999416e-01 5.8497008e-06],"[9.0427038e-06 6.5569191e-05 1.2037954e-03 8.0500342e-02 7.3003846e-01
 1.8584441e-01 2.3290520e-03 9.2368045e-06 8.0713299e-08]"
/scratch/project_462000771/mengting/projects/bias/Qwen/chinese_prompt/selected_faces/detected_person/person_0262_face0.png,Black,Black,Male,30-39,"[5.9965663e-05 9.8543280e-01 9.7114284e-04 2.6991078e-05 3.2255938e-04
 1.3173184e-02 1.3337396e-05]",[1.6055437e-05 9.9318838e-01 5.8254773e-05 6.7372979e-03],[9.9999154e-01 8.4234543e-06],"[1.8178453e-07 1.7945752e-06 5.5982888e-04 3.2367855e-01 6.1830860e-01
 5.6265905e-02 1.1779388e-03 6.8072932e-06 3.4619146e-07]"
/scratch/project_462000771/mengting/projects/bias/Qwen/chinese_prompt/selected_faces/detected_person/person_0565_face0.png,East Asian,Asian,Male,30-39,"[2.9917462e-03 5.8271246e-05 4.0594053e-02 6.0413945e-01 3.5009250e-01
 1.9670029e-03 1.5698190e-04]",[0.01356195 0.00352727 0.9658783  0.01703252],[9.9999964e-01 4.1968539e-07],"[1.6618303e-08 3.9842720e-07 5.6794030e-04 2.4321164e-01 6.6423798e-01
 8.9583740e-02 2.3761601e-03 2.1912963e-05 1.4993961e-07]"
/scratch/project_462000771/mengting/projects/bias/Qwen/chinese_prompt/selected_faces/detected_person/person_0699_face0.png,White,White,Male,50-59,"[5.5561030e-01 1.4062146e-04 2.5624526e-01 3.0135573e-04 4.9196027e-04
 9.2010498e-02 9.5199957e-02]",[9.0489590e-01 2.6130478e-04 1.7459138e-04 9.4668217e-02],[9.9997842e-01 2.1502196e-05],"[3.2332518e-06 2.6180874e-06 2.7070450e-05 2.8644139e-05 3.4588960e-03
 2.2499424e-01 7.5645638e-01 1.4985396e-02 4.3430038e-05]"
/scratch/project_462000771/mengting/projects/bias/Qwen/chinese_prompt/selected_faces/detected_person/person_0114_face0.png,Latino_Hispanic,Asian,Male,30-39,"[0.00321863 0.00113389 0.5959558  0.05906307 0.24755768 0.08446705
 0.00860383]",[0.0056393  0.00159364 0.517409   0.475358  ],[9.999999e-01 1.457912e-07],"[9.4880318e-07 1.0990111e-05 6.3605537e-04 8.6305253e-02 6.5332687e-01
 2.5291213e-01 6.7389384e-03 6.8452449e-05 3.6815996e-07]"
/scratch/project_462000771/mengting/projects/bias/Qwen/chinese_prompt/selected_faces/detected_person/person_0576_face0.png,Latino_Hispanic,Indian,Male,30-39,"[7.4982859e-02 3.6159490e-04 7.8838831e-01 7.1694604e-03 2.8497590e-02
 7.3605828e-02 2.6994422e-02]",[2.9366419e-01 6.0265325e-04 4.0061112e-02 6.6567206e-01],[9.9993515e-01 6.4809610e-05],"[3.9805318e-06 4.6895082e-05 6.5123099e-03 1.5512122e-01 6.4722127e-01
 1.8118341e-01 9.7721163e-03 1.3719665e-04 1.6597663e-06]"
/scratch/project_462000771/mengting/projects/bias/Qwen/chinese_prompt/selected_faces/detected_person/person_0745_face0.png,White,White,Male,30-39,"[5.2121770e-01 1.0023357e-04 2.2727512e-01 1.8106756e-03 2.1524366e-03
 1.7402433e-02 2.3004143e-01]",[9.3208873e-01 3.0774219e-04 7.1798544e-04 6.6885471e-02],[0.9987611 0.0012389],"[4.4491532e-07 4.5728216e-06 4.4211902e-04 1.3417478e-01 7.9821867e-01
 6.6951446e-02 2.0619218e-04 1.8382214e-06 2.2676518e-08]"
/scratch/project_462000771/mengting/projects/bias/Qwen/chinese_prompt/selected_faces/detected_person/person_0064_face0.png,Indian,Indian,Male,30-39,"[4.0051993e-04 8.6602487e-04 1.3955767e-02 1.8564914e-04 2.8074395e-03
 9.8156434e-01 2.2027300e-04]",[2.7505762e-04 4.4380692e-03 3.3904901e-03 9.9189639e-01],[9.9998552e-01 1.4520831e-05],"[1.4128148e-07 4.5397260e-06 1.2915467e-03 2.4972494e-01 6.7551613e-01
 7.2312474e-02 1.1426361e-03 7.5019543e-06 1.2571229e-07]"
/scratch/project_462000771/mengting/projects/bias/Qwen/chinese_prompt/selected_faces/detected_person/person_0862_face0.png,White,White,Male,40-49,"[8.7068838e-01 3.3431876e-05 2.0304909e-02 1.9083713e-04 2.1744863e-04
 7.2168099e-04 1.0784332e-01]",[0.9934327  0.00121036 0.00109769 0.00425925],[9.999902e-01 9.791538e-06],"[2.9831926e-06 2.8276156e-06 7.4853881e-05 1.4597778e-03 5.9654709e-02
 6.1338544e-01 3.1879357e-01 6.5821619e-03 4.3644915e-05]"
/scratch/project_462000771/mengting/projects/bias/Qwen/chinese_prompt/selected_faces/detected_person/person_0648_face0.png,East Asian,Asian,Male,30-39,"[7.8888360e-04 3.9439947e-05 2.9712364e-02 7.2555667e-01 2.4236396e-01
 1.0835771e-03 4.5501065e-04]",[1.9054230e-03 3.0895142e-04 9.8996478e-01 7.8208651e-03],[1.0000000e+00 2.9015315e-08],"[5.1817079e-08 2.8733490e-07 5.7989691e-05 3.1264644e-02 6.7828912e-01
 2.7904138e-01 1.1200810e-02 1.4530061e-04 4.6166662e-07]"
/scratch/project_462000771/mengting/projects/bias/Qwen/chinese_prompt/selected_faces/detected_person/person_0869_face0.png,White,White,Male,30-39,"[8.0541116e-01 5.6151359e-05 3.0707693e-02 2.0712569e-05 8.0833794e-05
 1.4983825e-03 1.6222495e-01]",[9.9766576e-01 5.6110082e-05 1.0090766e-04 2.1771886e-03],[9.9999928e-01 7.4523837e-07],"[6.2306958e-07 3.1872351e-05 3.3620754e-03 4.5361286e-01 5.2872205e-01
 1.4214371e-02 5.5821700e-05 2.9722847e-07 5.1116356e-09]"
/scratch/project_462000771/mengting/projects/bias/Qwen/chinese_prompt/selected_faces/detected_person/person_0890_face0.png,Latino_Hispanic,Indian,Male,30-39,"[4.4169791e-02 3.9509017e-04 8.4175783e-01 1.6534937e-03 4.8264279e-03
 6.8236016e-02 3.8961299e-02]",[0.02013482 0.00101085 0.00465713 0.9741972 ],[9.9998873e-01 1.1235658e-05],"[5.5297376e-05 7.3330064e-04 2.2100799e-02 7.9991005e-02 6.4056963e-01
 2.5059280e-01 5.9182858e-03 3.8743907e-05 1.9239371e-07]"
/scratch/project_462000771/mengting/projects/bias/Qwen/chinese_prompt/selected_faces/detected_person/person_0052_face0.png,Black,Black,Male,10-19,"[2.40967097e-06 9.88517761e-01 1.09700050e-04 3.46412889e-07
 9.66674725e-06 1.13571705e-02 2.76948367e-06]",[1.1476629e-06 9.9376446e-01 1.8901126e-06 6.2324060e-03],[0.57629085 0.4237091 ],"[7.8577250e-06 2.0418555e-02 6.6273403e-01 2.9429784e-01 2.1300824e-02
 1.2162734e-03 2.3889625e-05 6.8960071e-07 3.3913498e-08]"
