face_name_align,race,race4,gender,age,race_scores_fair,race_scores_fair_4,gender_scores_fair,age_scores_fair,attractiveness,race_final,age_final
/scratch/project_462000771/mengting/projects/bias/Wan2.1/prompt2/selected_faces/detected_person/person_0000_face0.png,White,White,Male,20-29,"[9.9167234e-01 1.5588407e-04 1.5322294e-03 8.8044362e-06 1.7622498e-05
 1.0021569e-04 6.5128370e-03]",[9.9974352e-01 1.4467577e-04 4.7175537e-05 6.4690896e-05],[0.9385731  0.06142689],"[3.7223947e-07 5.8678779e-05 5.0034650e-02 7.0260739e-01 2.2202469e-01
 2.4266006e-02 9.5175626e-04 5.3506315e-05 2.8315553e-06]",1,White,20-39
/scratch/project_462000771/mengting/projects/bias/Wan2.1/prompt2/selected_faces/detected_person/person_0001_face0.png,White,White,Male,20-29,"[9.8074538e-01 7.1032591e-06 8.7338139e-04 1.6541082e-02 1.6142881e-03
 4.2904165e-05 1.7594681e-04]",[9.9212807e-01 5.0511291e-05 7.6827132e-03 1.3867908e-04],[9.9999875e-01 1.2896634e-06],"[3.2542789e-07 6.0723855e-06 4.2223688e-03 5.6587851e-01 4.0450880e-01
 2.4648730e-02 7.2904758e-04 6.1102110e-06 1.0259320e-07]",1,White,20-39
/scratch/project_462000771/mengting/projects/bias/Wan2.1/prompt2/selected_faces/detected_person/person_0002_face0.png,Indian,Asian,Male,20-29,"[0.01004301 0.06578217 0.22017187 0.05322437 0.20319521 0.42377204
 0.02381135]",[0.03770571 0.34256905 0.46551225 0.154213  ],[9.9965614e-01 3.4387657e-04],"[4.6523874e-07 2.0607538e-05 9.0653989e-03 7.1554178e-01 2.6594570e-01
 9.3430337e-03 7.7890356e-05 5.0107087e-06 1.5002163e-07]",1,Others,20-39
/scratch/project_462000771/mengting/projects/bias/Wan2.1/prompt2/selected_faces/detected_person/person_0003_face0.png,White,White,Male,20-29,"[7.6324022e-01 3.2265595e-04 1.9653032e-02 7.8252187e-06 8.0067439e-05
 1.9999498e-03 2.1469624e-01]",[9.5364237e-01 1.3585537e-03 7.1961520e-04 4.4279449e-02],[9.9999779e-01 2.2520449e-06],"[1.8479536e-08 2.6102286e-06 4.4897795e-03 5.2206993e-01 4.3736187e-01
 3.5781890e-02 2.9070131e-04 3.1135874e-06 9.8063566e-08]",0,White,20-39
/scratch/project_462000771/mengting/projects/bias/Wan2.1/prompt2/selected_faces/detected_person/person_0004_face0.png,Black,Black,Male,20-29,"[7.8208086e-06 9.9224877e-01 2.7077473e-04 1.1936376e-05 5.5341428e-04
 6.8993974e-03 7.8609864e-06]",[3.02231820e-05 9.89125371e-01 4.18013486e-04 1.04264105e-02],[9.999216e-01 7.838428e-05],"[4.5475119e-08 1.2785368e-05 2.8168224e-02 6.8566328e-01 2.7585956e-01
 1.0130884e-02 1.6074080e-04 4.2056249e-06 2.1526708e-07]",0,Black,20-39
/scratch/project_462000771/mengting/projects/bias/Wan2.1/prompt2/selected_faces/detected_person/person_0005_face0.png,White,White,Female,20-29,"[3.9563644e-01 2.6282074e-04 3.5922125e-01 1.4740451e-01 2.8890625e-02
 4.7063380e-03 6.3877977e-02]",[0.9194405  0.00950699 0.05941211 0.01164044],[0.00117852 0.9988215 ],"[2.8944781e-08 2.7143369e-05 7.3807180e-02 7.4322432e-01 1.7908810e-01
 3.8372790e-03 1.5445330e-05 4.6518318e-07 1.1595231e-08]",0,White,20-39
/scratch/project_462000771/mengting/projects/bias/Wan2.1/prompt2/selected_faces/detected_person/person_0006_face0.png,White,White,Female,20-29,"[9.7883612e-01 7.2178345e-06 1.0672959e-02 9.1867679e-04 2.9253925e-04
 1.7006688e-04 9.1023939e-03]",[9.9924701e-01 1.9024377e-05 5.7816564e-04 1.5574507e-04],[6.880397e-04 9.993119e-01],"[1.8364581e-07 2.9857445e-04 1.2922251e-01 7.7721471e-01 9.0168670e-02
 3.0823478e-03 1.2723315e-05 3.2070915e-07 2.2062657e-08]",1,White,20-39
/scratch/project_462000771/mengting/projects/bias/Wan2.1/prompt2/selected_faces/detected_person/person_0007_face0.png,East Asian,Asian,Female,20-29,"[1.0751464e-04 2.5944786e-05 1.4056518e-03 7.9802030e-01 1.9865429e-01
 1.7438808e-03 4.2384228e-05]",[4.0399731e-04 1.7423897e-04 9.9585807e-01 3.5636998e-03],[0.00175946 0.99824053],"[3.8875594e-08 9.4016532e-06 2.9906081e-02 6.7574584e-01 2.7898160e-01
 1.5248128e-02 1.0239515e-04 6.3519624e-06 8.4675989e-08]",0,Asian,20-39
/scratch/project_462000771/mengting/projects/bias/Wan2.1/prompt2/selected_faces/detected_person/person_0008_face0.png,Latino_Hispanic,White,Male,20-29,"[2.79581457e-01 2.87945033e-03 5.49020231e-01 1.83420634e-04
 8.73646466e-04 1.54246185e-02 1.52037218e-01]",[0.85420257 0.00174182 0.01055829 0.13349728],[9.9999171e-01 8.3199575e-06],"[6.0612173e-08 2.0055475e-06 3.4007130e-03 5.3298151e-01 4.4548032e-01
 1.8038854e-02 9.5458206e-05 1.0679275e-06 2.3791776e-08]",1,Others,20-39
/scratch/project_462000771/mengting/projects/bias/Wan2.1/prompt2/selected_faces/detected_person/person_0009_face0.png,Middle Eastern,Indian,Male,30-39,"[1.3518031e-01 5.9735677e-03 2.8389412e-01 2.0681473e-04 1.2355166e-03
 1.1077295e-01 4.6273670e-01]",[0.29552108 0.00170821 0.00338108 0.6993897 ],[9.9998838e-01 1.1638927e-05],"[1.7924498e-06 2.9555644e-05 4.2639452e-04 5.9351671e-02 7.1546710e-01
 2.2284018e-01 1.8730790e-03 1.0067566e-05 1.9175559e-07]",1,Others,20-39
/scratch/project_462000771/mengting/projects/bias/Wan2.1/prompt2/selected_faces/detected_person/person_0010_face0.png,Latino_Hispanic,White,Female,20-29,"[0.07377291 0.00355779 0.7859987  0.01536255 0.03519738 0.06192492
 0.02418577]",[0.5602295  0.03406971 0.07077639 0.3349244 ],[4.7297686e-04 9.9952704e-01],"[6.2484361e-08 4.9250433e-04 2.3362494e-01 7.2141403e-01 4.4083942e-02
 3.8342300e-04 1.0246179e-06 4.1887770e-08 9.6465658e-10]",1,Others,20-39
/scratch/project_462000771/mengting/projects/bias/Wan2.1/prompt2/selected_faces/detected_person/person_0011_face0.png,East Asian,Asian,Female,30-39,"[4.0681746e-02 3.3277299e-04 9.0238757e-02 7.1283323e-01 1.4890635e-01
 2.7176004e-03 4.2894757e-03]",[0.44086614 0.00447552 0.5338058  0.02085253],[0.03440882 0.9655912 ],"[2.5712248e-07 7.2789180e-06 3.1389587e-03 2.4113351e-01 6.3541132e-01
 1.1383228e-01 5.9347828e-03 5.3419248e-04 7.4509612e-06]",0,Asian,20-39
/scratch/project_462000771/mengting/projects/bias/Wan2.1/prompt2/selected_faces/detected_person/person_0012_face0.png,Black,Black,Male,30-39,"[5.3554813e-06 9.9975681e-01 6.7041779e-05 3.3749188e-07 9.1566062e-06
 1.5869443e-04 2.5554587e-06]",[7.3644537e-06 9.9986291e-01 3.6446920e-05 9.3368013e-05],[9.9999952e-01 5.0275116e-07],"[3.6681644e-08 8.9706657e-07 1.0116119e-03 3.1607607e-01 5.7857066e-01
 1.0121946e-01 3.0895779e-03 3.0301533e-05 1.3885403e-06]",1,Black,20-39
/scratch/project_462000771/mengting/projects/bias/Wan2.1/prompt2/selected_faces/detected_person/person_0013_face0.png,White,White,Male,20-29,"[9.5238292e-01 2.1823595e-04 2.0673634e-02 1.7210224e-04 3.8688176e-04
 3.0190972e-04 2.5864368e-02]",[9.993327e-01 3.534300e-05 4.147093e-04 2.171890e-04],[9.9991244e-01 8.7558001e-05],"[2.8058983e-07 6.0451375e-06 3.8181457e-03 6.2629747e-01 3.5748675e-01
 1.2273460e-02 1.1457904e-04 3.0681549e-06 1.1955937e-07]",1,White,20-39
/scratch/project_462000771/mengting/projects/bias/Wan2.1/prompt2/selected_faces/detected_person/person_0014_face0.png,White,White,Male,20-29,"[7.8068298e-01 3.9428854e-04 1.2191595e-01 1.2229790e-03 2.1455998e-03
 7.3180796e-04 9.2906386e-02]",[9.7513193e-01 9.2437729e-04 1.6668735e-02 7.2749914e-03],[9.991803e-01 8.196687e-04],"[1.5347331e-06 2.2187291e-04 7.7115811e-02 7.0946366e-01 2.0056604e-01
 1.2446881e-02 1.7881428e-04 5.0952272e-06 2.4140328e-07]",1,White,20-39
/scratch/project_462000771/mengting/projects/bias/Wan2.1/prompt2/selected_faces/detected_person/person_0015_face0.png,Black,Black,Female,20-29,"[2.0107661e-06 9.9663121e-01 1.3117470e-04 2.1692169e-05 4.2648340e-04
 2.7863921e-03 1.0301868e-06]",[2.2682020e-06 9.9942762e-01 2.1041647e-05 5.4911233e-04],[0.01847566 0.98152435],"[1.5007758e-07 1.1839743e-04 5.4763883e-02 7.1587139e-01 2.1816352e-01
 1.0897929e-02 1.8272449e-04 1.9563179e-06 7.3099358e-08]",0,Black,20-39
/scratch/project_462000771/mengting/projects/bias/Wan2.1/prompt2/selected_faces/detected_person/person_0016_face0.png,Black,Black,Female,20-29,"[1.6303579e-07 9.9996865e-01 4.7288054e-06 3.1553421e-07 7.1441682e-06
 1.8917453e-05 4.3236639e-08]",[4.4389543e-07 9.9999255e-01 5.6448521e-06 1.3903389e-06],[0.15734182 0.84265816],"[3.7346078e-07 1.8531866e-03 3.4051716e-01 6.2645179e-01 3.0766800e-02
 4.0807112e-04 2.6195082e-06 2.7587459e-08 2.5530744e-09]",0,Black,20-39
/scratch/project_462000771/mengting/projects/bias/Wan2.1/prompt2/selected_faces/detected_person/person_0017_face0.png,Latino_Hispanic,White,Female,20-29,"[1.8189925e-01 1.4810277e-04 5.5057198e-01 2.1578987e-04 3.5266511e-04
 2.0247728e-02 2.4656448e-01]",[0.9522683  0.01388793 0.0010166  0.03282711],[1.2985524e-04 9.9987018e-01],"[1.7750169e-09 1.0358619e-05 7.9226896e-02 8.4259939e-01 7.7519886e-02
 6.4252329e-04 7.9816368e-07 1.2953629e-08 2.8401081e-10]",2,Others,20-39
/scratch/project_462000771/mengting/projects/bias/Wan2.1/prompt2/selected_faces/detected_person/person_0018_face0.png,Middle Eastern,White,Male,30-39,"[2.2080164e-01 5.1611592e-03 7.4437454e-02 2.4986079e-05 1.6822305e-04
 2.5594350e-02 6.7381215e-01]",[0.6399631  0.04634776 0.00064932 0.31303978],[9.999162e-01 8.380778e-05],"[7.0474260e-07 1.3755489e-06 3.7524544e-05 2.1829514e-02 5.9990430e-01
 3.6909232e-01 8.9619895e-03 1.6668122e-04 5.6885983e-06]",0,White,20-39
/scratch/project_462000771/mengting/projects/bias/Wan2.1/prompt2/selected_faces/detected_person/person_0019_face0.png,White,White,Female,30-39,"[8.9754218e-01 5.4104603e-03 6.9918364e-02 3.9068869e-04 6.3751807e-04
 1.0151649e-03 2.5085637e-02]",[9.9805778e-01 2.7560766e-04 1.3394408e-03 3.2726835e-04],[0.05419379 0.9458062 ],"[1.4296033e-06 2.9786983e-05 2.5980314e-03 1.6754682e-01 6.3952023e-01
 1.7959003e-01 1.0210127e-02 4.8438297e-04 1.9123814e-05]",0,White,20-39
/scratch/project_462000771/mengting/projects/bias/Wan2.1/prompt2/selected_faces/detected_person/person_0020_face0.png,White,White,Female,30-39,"[8.55748534e-01 1.07772248e-05 2.92240605e-02 3.47186765e-03
 1.82034948e-03 1.24937564e-03 1.08475074e-01]",[9.9298042e-01 7.7765486e-05 4.2253439e-03 2.7164316e-03],[6.741728e-05 9.999325e-01],"[1.0283028e-06 4.7572572e-05 3.1844422e-03 1.7500824e-01 4.8465902e-01
 3.1955922e-01 1.7151156e-02 3.8135151e-04 7.9141810e-06]",1,White,20-39
/scratch/project_462000771/mengting/projects/bias/Wan2.1/prompt2/selected_faces/detected_person/person_0021_face0.png,East Asian,Asian,Female,20-29,"[2.8129164e-02 3.5580499e-05 1.2755437e-02 8.9910287e-01 4.4466928e-02
 7.9844869e-04 1.4711624e-02]",[7.7374034e-02 1.6443177e-04 9.2103899e-01 1.4225370e-03],[8.894261e-04 9.991105e-01],"[5.5805567e-06 3.2318640e-03 1.4551535e-01 7.9216796e-01 5.7426404e-02
 1.6349619e-03 1.6099670e-05 1.6836553e-06 1.3397455e-07]",0,Asian,20-39
/scratch/project_462000771/mengting/projects/bias/Wan2.1/prompt2/selected_faces/detected_person/person_0022_face0.png,White,White,Female,20-29,"[0.9331457  0.0011157  0.05728284 0.00106559 0.00095743 0.0014634
 0.00496922]",[9.9712026e-01 7.9913711e-04 1.6168603e-03 4.6365251e-04],[0.01158483 0.9884152 ],"[7.3533261e-07 3.3943534e-03 2.9646486e-01 6.3484806e-01 6.4236417e-02
 1.0535761e-03 2.0051407e-06 3.3290529e-08 3.1840155e-09]",1,White,20-39
/scratch/project_462000771/mengting/projects/bias/Wan2.1/prompt2/selected_faces/detected_person/person_0023_face0.png,White,White,Female,30-39,"[9.9976385e-01 1.8452313e-07 8.8776069e-05 2.0912306e-05 1.4359577e-05
 6.4397716e-07 1.1130113e-04]",[9.996957e-01 7.762402e-06 2.914741e-04 5.068121e-06],[0.00255453 0.9974455 ],"[1.44581165e-07 1.36062445e-05 4.19695722e-03 2.66131878e-01
 5.84126174e-01 1.42775446e-01 2.72805383e-03 2.67882479e-05
 9.47192802e-07]",1,White,20-39
/scratch/project_462000771/mengting/projects/bias/Wan2.1/prompt2/selected_faces/detected_person/person_0024_face0.png,Black,Black,Female,20-29,"[3.9603237e-05 9.8733211e-01 3.1501607e-03 2.3803268e-04 2.4651894e-03
 6.7445352e-03 3.0318022e-05]",[2.3186242e-06 9.9913532e-01 9.3960967e-05 7.6839339e-04],[0.0025727 0.9974273],"[2.7257411e-07 1.7136394e-03 2.6640582e-01 6.9030887e-01 4.0913321e-02
 6.5318454e-04 4.7714866e-06 1.1494765e-07 2.7922280e-09]",1,Black,20-39
/scratch/project_462000771/mengting/projects/bias/Wan2.1/prompt2/selected_faces/detected_person/person_0025_face0.png,White,White,Male,20-29,"[9.9180478e-01 6.8167734e-05 3.7098003e-03 1.8017170e-05 4.7629987e-05
 2.2988617e-05 4.3287282e-03]",[9.9961919e-01 1.8121764e-05 4.0311748e-05 3.2225545e-04],[9.9999434e-01 5.6297113e-06],"[2.1481691e-08 2.3406265e-06 8.8502215e-03 8.9281321e-01 9.7375587e-02
 9.5135474e-04 7.0643937e-06 1.7328526e-07 4.4991331e-09]",1,White,20-39
/scratch/project_462000771/mengting/projects/bias/Wan2.1/prompt2/selected_faces/detected_person/person_0026_face0.png,White,Indian,Male,20-29,"[4.8538125e-01 2.3597389e-04 6.7289047e-02 2.8273303e-04 9.4463513e-04
 8.0831135e-03 4.3778315e-01]",[0.32801205 0.02229238 0.01136258 0.63833296],[9.9991935e-01 8.0653037e-05],"[2.1748280e-08 3.1052780e-06 2.3449095e-02 7.4551481e-01 2.2159387e-01
 9.3397964e-03 9.6902564e-05 2.3131524e-06 5.6668000e-08]",1,White,20-39
/scratch/project_462000771/mengting/projects/bias/Wan2.1/prompt2/selected_faces/detected_person/person_0027_face0.png,White,White,Male,20-29,"[9.9931234e-01 6.1138542e-07 8.8296110e-05 2.0006983e-06 3.4435068e-06
 2.3556004e-06 5.9105444e-04]",[9.9929070e-01 6.6870130e-06 2.2051620e-04 4.8216974e-04],[9.9978811e-01 2.1189758e-04],"[1.2762214e-06 5.0604931e-04 1.0984059e-01 7.1633750e-01 1.6054380e-01
 1.2671984e-02 9.7549040e-05 1.1469830e-06 6.1467297e-08]",1,White,20-39
/scratch/project_462000771/mengting/projects/bias/Wan2.1/prompt2/selected_faces/detected_person/person_0028_face0.png,East Asian,Asian,Female,20-29,"[9.7184372e-04 2.0196025e-04 2.2184169e-03 9.0977210e-01 8.6526200e-02
 2.2522117e-04 8.4246865e-05]",[5.1614689e-04 1.3659650e-03 9.9776745e-01 3.5040549e-04],[0.01056533 0.98943466],"[2.3953575e-07 5.1780404e-05 2.9229313e-02 6.9560003e-01 2.4993829e-01
 2.4730938e-02 4.0775005e-04 3.9712071e-05 1.9918593e-06]",0,Asian,20-39
/scratch/project_462000771/mengting/projects/bias/Wan2.1/prompt2/selected_faces/detected_person/person_0029_face0.png,Latino_Hispanic,White,Male,20-29,"[1.3556710e-01 3.9035969e-03 4.5207429e-01 1.8212073e-04 9.1862609e-04
 1.0637856e-01 3.0097568e-01]",[0.55079514 0.00422784 0.00271604 0.44226095],[9.9971396e-01 2.8598800e-04],"[3.5150833e-07 1.6350748e-05 6.6998624e-03 5.3249985e-01 4.4330406e-01
 1.7381897e-02 9.5311669e-05 2.2675345e-06 9.3689216e-08]",0,Others,20-39
/scratch/project_462000771/mengting/projects/bias/Wan2.1/prompt2/selected_faces/detected_person/person_0030_face0.png,East Asian,Asian,Male,20-29,"[3.92035989e-04 1.33272115e-05 1.11422874e-03 8.27319741e-01
 1.71002477e-01 1.29317428e-04 2.88876199e-05]",[4.6056681e-04 1.8068215e-05 9.9927610e-01 2.4523918e-04],[9.9999261e-01 7.4159607e-06],"[5.1532222e-08 5.1980842e-06 4.2150285e-02 7.6951325e-01 1.8490843e-01
 3.3737074e-03 4.4887660e-05 4.0415403e-06 6.2869475e-08]",1,Asian,20-39
/scratch/project_462000771/mengting/projects/bias/Wan2.1/prompt2/selected_faces/detected_person/person_0031_face0.png,East Asian,Asian,Female,30-39,"[1.2879237e-03 5.6230083e-06 7.5452351e-03 8.4566110e-01 1.4485501e-01
 4.9425353e-04 1.5084899e-04]",[2.1579447e-03 2.3866334e-05 9.9766922e-01 1.4900498e-04],[4.3161146e-04 9.9956840e-01],"[1.6373075e-05 4.7833254e-04 3.4116625e-03 8.8299371e-02 5.3348911e-01
 3.3373326e-01 3.8207058e-02 2.3344622e-03 3.0401619e-05]",1,Asian,20-39
/scratch/project_462000771/mengting/projects/bias/Wan2.1/prompt2/selected_faces/detected_person/person_0032_face0.png,White,White,Male,20-29,"[5.6976134e-01 1.5677093e-04 2.6511371e-01 2.1985675e-04 3.3349375e-04
 7.5565646e-03 1.5685843e-01]",[0.9533371  0.00290258 0.00114779 0.0426125 ],[0.75176    0.24823993],"[6.6206347e-08 2.9640098e-05 4.5494724e-02 7.6647443e-01 1.8568017e-01
 2.3159164e-03 5.0124031e-06 8.8263143e-08 1.7806295e-09]",0,White,20-39
/scratch/project_462000771/mengting/projects/bias/Wan2.1/prompt2/selected_faces/detected_person/person_0033_face0.png,White,White,Male,20-29,"[5.4952973e-01 5.9166472e-02 1.5093803e-01 1.1202640e-04 4.6634756e-04
 6.7999270e-03 2.3298746e-01]",[0.80634683 0.16075084 0.00091596 0.03198648],[0.9915421  0.00845794],"[1.8489293e-06 1.1859681e-04 1.0779309e-02 7.0604736e-01 2.7702329e-01
 5.9710415e-03 5.6948400e-05 1.4807367e-06 8.3947477e-08]",0,White,20-39
/scratch/project_462000771/mengting/projects/bias/Wan2.1/prompt2/selected_faces/detected_person/person_0034_face0.png,White,White,Female,20-29,"[9.9856484e-01 7.7446600e-08 3.2189122e-04 3.5005785e-05 1.7057439e-05
 1.9992895e-06 1.0592107e-03]",[9.9988842e-01 1.2060721e-06 9.6628777e-05 1.3801691e-05],[0.00464765 0.9953523 ],"[4.5121613e-08 4.2312167e-05 5.5442411e-02 7.3602706e-01 2.0067489e-01
 7.7723819e-03 4.0370240e-05 5.1720860e-07 2.0919918e-08]",2,White,20-39
/scratch/project_462000771/mengting/projects/bias/Wan2.1/prompt2/selected_faces/detected_person/person_0035_face0.png,East Asian,Asian,Female,20-29,"[4.15678296e-05 2.28288882e-05 5.78694162e-04 8.51138175e-01
 1.48093715e-01 1.17575524e-04 7.44562522e-06]",[2.2298203e-05 3.5844371e-04 9.9947065e-01 1.4864262e-04],[3.4204975e-04 9.9965793e-01],"[2.2325191e-06 2.8262497e-03 1.4133081e-01 7.0129985e-01 1.4459525e-01
 9.7571090e-03 1.6716860e-04 2.0020019e-05 1.2978367e-06]",1,Asian,20-39
/scratch/project_462000771/mengting/projects/bias/Wan2.1/prompt2/selected_faces/detected_person/person_0036_face0.png,East Asian,Asian,Female,20-29,"[7.1530674e-05 2.3648425e-07 1.0748611e-04 9.6790683e-01 3.1904057e-02
 7.5886946e-06 2.2875311e-06]",[1.3139467e-04 6.3783352e-07 9.9984890e-01 1.9035810e-05],[0.01278076 0.9872192 ],"[3.6067490e-08 1.8705045e-04 4.4145817e-01 5.5234605e-01 5.9817811e-03
 2.6926366e-05 6.1677170e-08 6.3689138e-09 1.2116044e-10]",1,Asian,20-39
/scratch/project_462000771/mengting/projects/bias/Wan2.1/prompt2/selected_faces/detected_person/person_0037_face0.png,Middle Eastern,White,Female,20-29,"[3.0282256e-01 7.9628074e-04 2.4657795e-01 3.3039029e-04 6.0091447e-04
 7.5827800e-03 4.4128919e-01]",[0.9749194  0.00155913 0.00175711 0.0217644 ],[7.4194024e-05 9.9992585e-01],"[1.2168968e-07 4.7878904e-05 1.3785226e-02 5.2399427e-01 4.2572686e-01
 3.5855256e-02 5.7840842e-04 1.1907435e-05 1.3603213e-07]",2,White,20-39
/scratch/project_462000771/mengting/projects/bias/Wan2.1/prompt2/selected_faces/detected_person/person_0038_face0.png,White,White,Male,20-29,"[9.9994963e-01 2.7205675e-07 1.7406268e-05 4.4563826e-06 4.9434093e-06
 8.9078094e-07 2.2452312e-05]",[9.9983644e-01 4.5467066e-05 1.0060589e-04 1.7387811e-05],[9.994887e-01 5.112961e-04],"[1.2014159e-07 2.3912524e-05 3.8466631e-03 5.9057510e-01 3.9662120e-01
 8.8679884e-03 6.4746047e-05 2.7952169e-07 2.1300663e-08]",1,White,20-39
/scratch/project_462000771/mengting/projects/bias/Wan2.1/prompt2/selected_faces/detected_person/person_0039_face0.png,Black,Black,Male,20-29,"[8.2315972e-07 9.9998266e-01 6.1944893e-06 3.5175995e-07 8.8845974e-07
 8.7161734e-06 3.9514663e-07]",[1.6161238e-07 9.9994189e-01 1.8415317e-07 5.7728179e-05],[0.5785137 0.4214863],"[1.4691681e-06 8.2602474e-04 6.0594801e-02 6.3165307e-01 2.7038366e-01
 3.5627224e-02 8.8318886e-04 2.6066078e-05 4.4835847e-06]",0,Black,20-39
/scratch/project_462000771/mengting/projects/bias/Wan2.1/prompt2/selected_faces/detected_person/person_0040_face0.png,Latino_Hispanic,Black,Male,10-19,"[2.65495360e-01 1.04290195e-01 3.52322221e-01 1.86421108e-04
 1.01362017e-03 3.73794474e-02 2.39312768e-01]",[0.12389965 0.6388864  0.00160127 0.23561265],[0.96656454 0.03343548],"[9.1961001e-06 2.6706440e-02 8.7630063e-01 8.8539399e-02 7.8238742e-03
 6.0211675e-04 1.4977950e-05 3.1688869e-06 2.0835181e-07]",0,Others,10-19
/scratch/project_462000771/mengting/projects/bias/Wan2.1/prompt2/selected_faces/detected_person/person_0041_face0.png,East Asian,Asian,Male,20-29,"[1.0188292e-03 3.2278144e-06 2.4080984e-03 8.9737624e-01 9.8696649e-02
 1.4663590e-04 3.5033748e-04]",[8.5184304e-04 2.3964732e-05 9.9889505e-01 2.2913775e-04],[9.9926859e-01 7.3140557e-04],"[2.1722410e-07 1.1666111e-04 1.8734083e-01 7.0783925e-01 1.0202681e-01
 2.6395067e-03 3.2703814e-05 3.9636643e-06 6.7545507e-08]",1,Asian,20-39
/scratch/project_462000771/mengting/projects/bias/Wan2.1/prompt2/selected_faces/detected_person/person_0042_face0.png,Black,Black,Male,20-29,"[1.4009692e-07 9.9992722e-01 3.9451484e-06 2.4719895e-07 5.7972097e-06
 6.2638050e-05 2.9780946e-08]",[1.0158277e-06 9.9967730e-01 3.9581784e-05 2.8206763e-04],[0.99824697 0.00175305],"[1.6191745e-08 2.2054497e-05 4.4993758e-02 8.5916430e-01 9.4387963e-02
 1.4215554e-03 1.0259599e-05 5.9845078e-08 5.7145839e-09]",1,Black,20-39
/scratch/project_462000771/mengting/projects/bias/Wan2.1/prompt2/selected_faces/detected_person/person_0043_face0.png,Black,Black,Male,20-29,"[1.25571405e-05 9.99782383e-01 1.16488591e-04 2.07194103e-06
 1.59308929e-05 6.57255296e-05 4.84754628e-06]",[2.7860244e-06 9.9995381e-01 4.2998272e-06 3.9089162e-05],[9.9997246e-01 2.7482685e-05],"[3.9758146e-07 1.6321013e-05 1.2225590e-02 5.8597016e-01 3.4861541e-01
 5.0546523e-02 2.5278146e-03 8.6098727e-05 1.1717038e-05]",1,Black,20-39
/scratch/project_462000771/mengting/projects/bias/Wan2.1/prompt2/selected_faces/detected_person/person_0044_face0.png,White,White,Male,20-29,"[9.3446517e-01 3.5972389e-05 2.8825449e-02 4.0527471e-04 1.3710809e-03
 3.2938959e-03 3.1603217e-02]",[9.8743016e-01 1.0393391e-05 7.0355455e-03 5.5238837e-03],[9.9998730e-01 1.2658025e-05],"[6.5496565e-08 1.2082133e-05 1.3307926e-02 6.4483541e-01 3.3308661e-01
 8.7270383e-03 3.0530537e-05 3.2400047e-07 5.6160858e-09]",0,White,20-39
/scratch/project_462000771/mengting/projects/bias/Wan2.1/prompt2/selected_faces/detected_person/person_0045_face0.png,White,White,Male,20-29,"[9.9754298e-01 2.1743504e-06 1.4360665e-03 1.8222217e-05 2.7427599e-05
 5.5562596e-05 9.1749319e-04]",[9.9828786e-01 4.3882097e-05 2.3295732e-04 1.4352679e-03],[9.9999964e-01 3.3325827e-07],"[7.4463514e-08 7.4028787e-05 4.8476949e-02 8.8508284e-01 6.5915197e-02
 4.5012968e-04 7.4182293e-07 5.9213878e-09 1.8803994e-10]",0,White,20-39
/scratch/project_462000771/mengting/projects/bias/Wan2.1/prompt2/selected_faces/detected_person/person_0046_face0.png,Latino_Hispanic,White,Female,20-29,"[0.11463246 0.00168183 0.6846168  0.01188197 0.02173006 0.08578897
 0.07966792]",[0.5103853  0.01143215 0.05902204 0.41916052],[0.03009586 0.9699041 ],"[2.9352827e-07 7.9494348e-05 5.6271791e-02 6.1087608e-01 3.0203041e-01
 3.0215554e-02 5.0327083e-04 2.1731996e-05 1.4135453e-06]",1,Others,20-39
/scratch/project_462000771/mengting/projects/bias/Wan2.1/prompt2/selected_faces/detected_person/person_0047_face0.png,White,White,Male,20-29,"[8.35390329e-01 1.33487792e-03 6.16144650e-02 1.43760946e-04
 5.01484203e-04 4.10339097e-04 1.00604646e-01]",[9.9991876e-01 2.1687904e-06 9.7264492e-06 6.9311383e-05],[9.9999601e-01 3.9692545e-06],"[6.68760947e-07 2.40037170e-05 1.28936041e-02 6.74807668e-01
 3.00729275e-01 1.14218900e-02 1.18556374e-04 4.20241486e-06
 1.00487213e-07]",0,White,20-39
/scratch/project_462000771/mengting/projects/bias/Wan2.1/prompt2/selected_faces/detected_person/person_0048_face0.png,White,White,Male,30-39,"[9.4865215e-01 1.9632393e-04 2.3145109e-02 9.3102848e-05 1.4800069e-04
 2.9713826e-03 2.4793884e-02]",[9.8044163e-01 1.1328647e-04 3.3334488e-04 1.9111726e-02],[9.9987155e-01 1.2845559e-04],"[2.8415855e-07 7.4656828e-06 1.0507752e-03 3.1689090e-01 6.3982630e-01
 4.1979268e-02 2.4233245e-04 2.6797593e-06 8.9976794e-08]",1,White,20-39
/scratch/project_462000771/mengting/projects/bias/Wan2.1/prompt2/selected_faces/detected_person/person_0049_face0.png,Black,Black,Female,20-29,"[4.7375302e-06 9.9770892e-01 3.5786955e-04 6.3598759e-06 2.1181913e-04
 1.7089646e-03 1.2792161e-06]",[1.2991195e-06 9.9990231e-01 2.2752662e-05 7.3685362e-05],[0.00303211 0.9969679 ],"[1.4340151e-07 3.3231018e-04 1.8126099e-01 7.6307499e-01 5.4676451e-02
 6.5331714e-04 1.8331191e-06 1.6680275e-08 7.6772155e-10]",0,Black,20-39
/scratch/project_462000771/mengting/projects/bias/Wan2.1/prompt2/selected_faces/detected_person/person_0050_face0.png,Southeast Asian,Asian,Male,30-39,"[0.02551784 0.00169798 0.06972786 0.39560342 0.47071308 0.02898848
 0.0077513 ]",[8.9004384e-03 5.0330593e-05 9.8517650e-01 5.8727455e-03],[0.9985635  0.00143644],"[2.4631590e-05 3.6141224e-04 1.3455646e-02 2.5144613e-01 5.3801501e-01
 1.7798349e-01 1.7327361e-02 1.3269191e-03 5.9357240e-05]",1,Asian,20-39
/scratch/project_462000771/mengting/projects/bias/Wan2.1/prompt2/selected_faces/detected_person/person_0051_face0.png,White,White,Male,20-29,"[8.54360700e-01 7.69786675e-06 7.97064379e-02 1.10640496e-04
 1.93975953e-04 1.50816503e-03 6.41123131e-02]",[9.8801279e-01 4.1114501e-05 2.6459266e-03 9.3002077e-03],[9.999325e-01 6.750757e-05],"[1.1901950e-07 1.6188080e-05 3.0487275e-02 5.0907367e-01 4.2481291e-01
 3.5370748e-02 2.3612576e-04 2.9116402e-06 4.1409557e-08]",1,White,20-39
/scratch/project_462000771/mengting/projects/bias/Wan2.1/prompt2/selected_faces/detected_person/person_0052_face0.png,White,White,Female,20-29,"[4.7739509e-01 1.7649705e-04 4.6546346e-01 5.4271653e-04 1.6178171e-03
 2.1277407e-02 3.3527125e-02]",[0.94176984 0.00236607 0.01746146 0.03840266],[5.1019375e-05 9.9994898e-01],"[1.1774796e-08 2.5356337e-04 2.2670777e-01 7.0314997e-01 6.8916865e-02
 9.7000808e-04 1.7659746e-06 2.8251090e-08 1.0295170e-09]",2,White,20-39
/scratch/project_462000771/mengting/projects/bias/Wan2.1/prompt2/selected_faces/detected_person/person_0053_face0.png,White,White,Female,20-29,"[0.74077785 0.00171788 0.1159693  0.00660156 0.00535452 0.01222
 0.11735889]",[0.9723857  0.00104986 0.00996136 0.0166031 ],[0.01276681 0.98723316],"[3.9391324e-07 3.0849747e-05 1.4319254e-02 4.7609010e-01 4.3217060e-01
 7.5113185e-02 2.1421215e-03 1.2612101e-04 7.4240429e-06]",1,White,20-39
/scratch/project_462000771/mengting/projects/bias/Wan2.1/prompt2/selected_faces/detected_person/person_0054_face0.png,White,White,Female,30-39,"[7.7646166e-01 6.5222785e-06 1.4761251e-01 1.5413054e-04 3.0902860e-04
 1.9344733e-03 7.3521696e-02]",[9.8837882e-01 4.6344296e-04 2.6776502e-03 8.4800860e-03],[6.3946391e-05 9.9993604e-01],"[3.9202996e-09 2.2856570e-07 4.9921026e-04 1.0998137e-01 6.6410708e-01
 2.1969374e-01 5.6280857e-03 8.9847883e-05 4.5890377e-07]",0,White,20-39
/scratch/project_462000771/mengting/projects/bias/Wan2.1/prompt2/selected_faces/detected_person/person_0055_face0.png,White,White,Female,30-39,"[9.7842342e-01 8.7554372e-06 9.9045960e-03 1.2574978e-03 2.8240238e-04
 8.5538122e-05 1.0037820e-02]",[9.8828942e-01 8.3593093e-04 9.2879077e-03 1.5866975e-03],[4.6576076e-04 9.9953425e-01],"[7.1811144e-08 3.6940903e-05 1.9343462e-02 4.1334954e-01 4.5497337e-01
 1.1002164e-01 2.2304321e-03 4.2895226e-05 1.6864890e-06]",0,White,20-39
/scratch/project_462000771/mengting/projects/bias/Wan2.1/prompt2/selected_faces/detected_person/person_0056_face0.png,White,White,Male,20-29,"[7.4377328e-01 3.2621224e-03 1.9600734e-01 1.0027847e-04 3.4465865e-04
 2.6198325e-03 5.3892527e-02]",[0.9585607  0.01835689 0.00540681 0.01767561],[9.9989659e-01 1.0338126e-04],"[1.2126854e-07 5.4012080e-06 4.6126684e-03 6.3149446e-01 3.5782433e-01
 6.0363566e-03 2.6471311e-05 2.3176501e-07 4.9336841e-09]",1,White,20-39
/scratch/project_462000771/mengting/projects/bias/Wan2.1/prompt2/selected_faces/detected_person/person_0057_face0.png,White,White,Male,20-29,"[9.9953312e-01 2.4773712e-07 1.0214782e-04 6.6633623e-07 1.4653681e-06
 2.2915435e-06 3.6011630e-04]",[9.9990016e-01 2.4108426e-06 9.9094350e-06 8.7499393e-05],[9.999949e-01 5.140720e-06],"[3.3920648e-07 2.8538430e-04 1.2831078e-01 8.1461996e-01 5.4865189e-02
 1.9088546e-03 9.4000416e-06 7.0475934e-08 2.2687099e-09]",1,White,20-39
/scratch/project_462000771/mengting/projects/bias/Wan2.1/prompt2/selected_faces/detected_person/person_0058_face0.png,Latino_Hispanic,Indian,Male,30-39,"[0.31306085 0.00782416 0.44077504 0.00155346 0.00375791 0.18719324
 0.04583538]",[0.41708374 0.01018863 0.00333698 0.56939065],[9.9973238e-01 2.6766752e-04],"[8.7886679e-07 1.1165964e-05 8.6040847e-04 1.8041727e-01 7.3472708e-01
 8.3049171e-02 9.2403544e-04 9.8372757e-06 1.8275549e-07]",1,Others,20-39
/scratch/project_462000771/mengting/projects/bias/Wan2.1/prompt2/selected_faces/detected_person/person_0059_face0.png,Indian,Indian,Male,20-29,"[3.0794456e-03 1.8003997e-01 1.1498408e-01 2.4102254e-04 8.1107356e-03
 6.8703324e-01 6.5115555e-03]",[0.00161855 0.11915778 0.0024511  0.8767726 ],[9.9995786e-01 4.2105032e-05],"[7.7861978e-07 3.1905864e-05 1.6443577e-02 5.7634395e-01 3.8096988e-01
 2.5652017e-02 5.3741905e-04 1.9780216e-05 6.9044148e-07]",1,Others,20-39
/scratch/project_462000771/mengting/projects/bias/Wan2.1/prompt2/selected_faces/detected_person/person_0060_face0.png,White,White,Male,30-39,"[6.2979645e-01 8.0601058e-05 4.8374247e-02 1.1361195e-05 7.7072807e-05
 2.5529262e-02 2.9613101e-01]",[9.5325327e-01 2.9182424e-05 5.8152615e-05 4.6659388e-02],[9.9949896e-01 5.0103501e-04],"[3.2960173e-07 2.3624416e-05 2.4131716e-03 1.8972196e-01 7.5403053e-01
 5.3640608e-02 1.6832654e-04 1.4993818e-06 2.1821640e-08]",0,White,20-39
/scratch/project_462000771/mengting/projects/bias/Wan2.1/prompt2/selected_faces/detected_person/person_0061_face0.png,East Asian,Asian,Female,20-29,"[1.1288577e-03 1.1758148e-04 7.4848044e-03 8.6154509e-01 1.2785827e-01
 1.7014702e-03 1.6391357e-04]",[0.00157753 0.00322833 0.9914608  0.00373339],[0.03558243 0.96441764],"[6.1377443e-07 5.5496494e-04 2.8437582e-01 6.9732177e-01 1.7492466e-02
 2.5277492e-04 1.3053793e-06 1.9745887e-07 1.2785449e-08]",1,Asian,20-39
/scratch/project_462000771/mengting/projects/bias/Wan2.1/prompt2/selected_faces/detected_person/person_0062_face0.png,White,White,Male,30-39,"[9.6390039e-01 1.2250229e-04 1.1767930e-02 1.4353904e-05 5.6455057e-05
 1.7069536e-04 2.3967830e-02]",[9.9908358e-01 2.5698461e-04 2.0181607e-04 4.5769877e-04],[9.999982e-01 1.744838e-06],"[3.9446586e-08 2.5467805e-06 5.9124205e-04 4.0525636e-01 5.8114767e-01
 1.2982565e-02 1.9415893e-05 1.1942936e-07 1.7309287e-09]",1,White,20-39
/scratch/project_462000771/mengting/projects/bias/Wan2.1/prompt2/selected_faces/detected_person/person_0063_face0.png,White,White,Male,30-39,"[0.7532107  0.00501419 0.2053434  0.00259779 0.00536811 0.01055391
 0.01791186]",[0.94836783 0.00792837 0.02690845 0.01679539],[9.9987882e-01 1.2112202e-04],"[1.2559454e-06 1.3693933e-05 7.1715545e-03 2.3976251e-01 6.0387224e-01
 1.4322291e-01 5.8075278e-03 1.4560783e-04 2.6570899e-06]",1,White,20-39
/scratch/project_462000771/mengting/projects/bias/Wan2.1/prompt2/selected_faces/detected_person/person_0064_face0.png,Middle Eastern,Indian,Female,30-39,"[7.4520573e-02 3.5983179e-04 2.6931241e-01 4.3197826e-04 7.1081507e-04
 8.5286595e-02 5.6937778e-01]",[0.32150674 0.00598999 0.00744717 0.6650561 ],[2.1340775e-04 9.9978656e-01],"[5.8957227e-08 7.1821601e-06 5.7169036e-03 3.0744627e-01 5.7022953e-01
 1.1362315e-01 2.9059697e-03 6.9599002e-05 1.2387346e-06]",2,Others,20-39
/scratch/project_462000771/mengting/projects/bias/Wan2.1/prompt2/selected_faces/detected_person/person_0065_face0.png,Black,Black,Male,20-29,"[1.4314872e-07 9.9999249e-01 1.9993486e-06 1.9318629e-09 5.8087505e-08
 5.2143751e-06 1.2052509e-07]",[8.9522736e-08 9.9999875e-01 1.2526326e-07 1.0793344e-06],[9.9999976e-01 2.3455648e-07],"[3.7719121e-09 7.0148963e-07 1.6582503e-03 6.1743414e-01 3.7129468e-01
 9.5833680e-03 2.8680248e-05 1.5462649e-07 6.2001608e-09]",1,Black,20-39
/scratch/project_462000771/mengting/projects/bias/Wan2.1/prompt2/selected_faces/detected_person/person_0066_face0.png,Latino_Hispanic,White,Female,20-29,"[2.3149218e-01 2.2329876e-04 5.3670216e-01 1.7553113e-02 8.0715334e-03
 8.8199349e-03 1.9713774e-01]",[0.90141565 0.00352369 0.02713166 0.06792906],[4.2494095e-04 9.9957502e-01],"[5.4455246e-08 2.6636253e-05 2.8881917e-02 5.4368496e-01 4.0522861e-01
 2.1951606e-02 2.1882393e-04 7.2809162e-06 1.2004440e-07]",1,Others,20-39
/scratch/project_462000771/mengting/projects/bias/Wan2.1/prompt2/selected_faces/detected_person/person_0067_face0.png,White,White,Male,20-29,"[9.4843990e-01 4.6667774e-06 7.8645628e-03 6.4382884e-06 1.7774708e-05
 4.5605144e-04 4.3210547e-02]",[9.9881625e-01 2.1161779e-06 7.9848680e-05 1.1017983e-03],[9.9999988e-01 9.7408474e-08],"[4.3647788e-07 6.1745406e-05 1.3609771e-02 8.5451794e-01 1.3060848e-01
 1.1999564e-03 1.6564288e-06 1.2946133e-08 1.7229529e-10]",1,White,20-39
/scratch/project_462000771/mengting/projects/bias/Wan2.1/prompt2/selected_faces/detected_person/person_0068_face0.png,White,White,Female,20-29,"[9.5839399e-01 6.1410428e-05 1.5399823e-02 1.3450495e-04 7.2686147e-05
 1.8173917e-04 2.5755754e-02]",[0.99214226 0.00412453 0.00103228 0.00270098],[0.00541603 0.994584  ],"[2.8240109e-07 5.6204120e-05 2.8630057e-02 6.4211315e-01 3.0410796e-01
 2.4633832e-02 4.4592406e-04 1.2176939e-05 3.9350715e-07]",1,White,20-39
/scratch/project_462000771/mengting/projects/bias/Wan2.1/prompt2/selected_faces/detected_person/person_0069_face0.png,White,White,Male,30-39,"[9.54460561e-01 2.26951437e-04 8.04545730e-03 3.72393879e-05
 1.05107945e-04 7.81633251e-04 3.63430753e-02]",[9.9781096e-01 3.2231145e-04 1.1661310e-04 1.7501272e-03],[9.9997240e-01 2.7572634e-05],"[2.6068483e-07 1.0378513e-05 1.7238200e-03 3.9201361e-01 5.7390779e-01
 3.2112487e-02 2.2958085e-04 2.0027687e-06 7.9861309e-08]",1,White,20-39
/scratch/project_462000771/mengting/projects/bias/Wan2.1/prompt2/selected_faces/detected_person/person_0070_face0.png,Black,Black,Male,20-29,"[9.5132471e-04 7.2299230e-01 4.8233666e-02 2.1714054e-04 6.5680286e-03
 2.2022671e-01 8.1078487e-04]",[3.8694244e-04 6.3592744e-01 2.9486644e-03 3.6073694e-01],[0.9938375  0.00616251],"[7.9425072e-06 1.4317422e-03 1.3279286e-01 5.6625271e-01 2.8665122e-01
 1.2703958e-02 1.5354795e-04 5.6542535e-06 3.2969848e-07]",1,Black,20-39
/scratch/project_462000771/mengting/projects/bias/Wan2.1/prompt2/selected_faces/detected_person/person_0071_face0.png,White,White,Male,30-39,"[8.9609939e-01 7.9045240e-03 3.5303503e-02 6.7515386e-05 1.7994577e-04
 7.9054469e-03 5.2539758e-02]",[9.9287325e-01 2.9441023e-03 3.7166456e-04 3.8109303e-03],[9.9986953e-01 1.3048232e-04],"[8.0817963e-06 1.8105146e-05 2.2612351e-04 1.0623188e-01 6.5756625e-01
 2.2257160e-01 1.2746105e-02 5.6595897e-04 6.5886132e-05]",0,White,20-39
/scratch/project_462000771/mengting/projects/bias/Wan2.1/prompt2/selected_faces/detected_person/person_0072_face0.png,Black,Black,Female,20-29,"[2.7800092e-05 9.3854636e-01 3.6346235e-03 2.2318545e-03 3.9387375e-02
 1.6169144e-02 2.8040397e-06]",[1.1737490e-04 9.7744381e-01 7.3667886e-03 1.5072032e-02],[3.7709696e-04 9.9962288e-01],"[6.3223251e-07 1.6117215e-03 1.5351163e-01 6.6184485e-01 1.7500536e-01
 7.9011507e-03 1.2218248e-04 2.3557457e-06 1.3611280e-07]",0,Black,20-39
/scratch/project_462000771/mengting/projects/bias/Wan2.1/prompt2/selected_faces/detected_person/person_0073_face0.png,Black,Black,Male,20-29,"[3.18216530e-06 9.99670267e-01 1.76218295e-04 8.83552048e-07
 3.92163529e-05 1.07444204e-04 2.81579651e-06]",[6.4906017e-06 9.9923658e-01 1.9133711e-04 5.6552561e-04],[9.9999213e-01 7.8951907e-06],"[2.1979669e-07 1.8634344e-04 4.4688661e-02 8.6291152e-01 9.1364965e-02
 8.4672251e-04 1.6032773e-06 1.7575813e-08 1.3112434e-09]",1,Black,20-39
/scratch/project_462000771/mengting/projects/bias/Wan2.1/prompt2/selected_faces/detected_person/person_0074_face0.png,Middle Eastern,White,Male,30-39,"[5.4517239e-02 6.4211735e-04 8.8088199e-02 2.0664795e-05 1.8061906e-04
 7.7114992e-02 7.7943623e-01]",[9.4414783e-01 1.3786025e-04 2.0728388e-05 5.5693593e-02],[0.8989546  0.10104547],"[1.9495262e-04 1.7455238e-03 2.9289532e-02 2.1800156e-01 4.3762228e-01
 2.7171469e-01 3.7966624e-02 3.0991146e-03 3.6572586e-04]",0,Others,20-39
/scratch/project_462000771/mengting/projects/bias/Wan2.1/prompt2/selected_faces/detected_person/person_0075_face0.png,Latino_Hispanic,Black,Female,20-29,"[0.03675309 0.01939071 0.6950219  0.04387204 0.1232702  0.07505907
 0.00663299]",[0.05227538 0.74383575 0.15062308 0.05326576],[0.00326654 0.9967334 ],"[2.3222103e-08 1.4953347e-05 4.2740103e-02 7.4949759e-01 2.0458853e-01
 3.1358660e-03 2.2344962e-05 5.7525074e-07 6.1964625e-09]",0,Others,20-39
/scratch/project_462000771/mengting/projects/bias/Wan2.1/prompt2/selected_faces/detected_person/person_0076_face0.png,White,White,Female,30-39,"[6.3174975e-01 2.1602898e-05 4.2637955e-02 5.2622757e-03 1.1903468e-03
 2.2603963e-03 3.1687775e-01]",[9.8117685e-01 5.2230101e-04 3.0964289e-03 1.5204446e-02],[1.970824e-05 9.999803e-01],"[1.3350860e-08 8.9813557e-07 1.5403348e-03 2.4078700e-01 5.9935641e-01
 1.5509751e-01 3.1545740e-03 6.2490828e-05 6.4199958e-07]",1,White,20-39
/scratch/project_462000771/mengting/projects/bias/Wan2.1/prompt2/selected_faces/detected_person/person_0077_face0.png,Black,Black,Male,30-39,"[1.0940100e-06 9.9989599e-01 1.9273151e-05 1.9354152e-08 3.6964616e-07
 8.1544451e-05 1.6794613e-06]",[8.4342008e-07 9.9996626e-01 1.0848875e-06 3.1791551e-05],[9.9992883e-01 7.1124217e-05],"[1.5026488e-07 1.1287303e-05 5.9316121e-03 4.6863973e-01 4.9620432e-01
 2.9044412e-02 1.6696847e-04 1.4120558e-06 4.8242377e-08]",1,Black,20-39
/scratch/project_462000771/mengting/projects/bias/Wan2.1/prompt2/selected_faces/detected_person/person_0078_face0.png,Latino_Hispanic,White,Female,30-39,"[0.14822601 0.04485952 0.7405862  0.00253222 0.01050767 0.0411896
 0.01209883]",[0.7294722  0.04405867 0.00318428 0.22328483],[9.6813514e-05 9.9990320e-01],"[2.1957380e-08 2.8698535e-06 3.8975938e-03 4.0060601e-01 5.6127715e-01
 3.3925757e-02 2.8746581e-04 3.1469121e-06 2.5569745e-08]",0,Others,20-39
/scratch/project_462000771/mengting/projects/bias/Wan2.1/prompt2/selected_faces/detected_person/person_0079_face0.png,Black,Black,Male,20-29,"[3.57920186e-07 9.99971509e-01 1.09654211e-05 1.06516154e-07
 4.53601024e-06 1.23515365e-05 1.15285765e-07]",[2.9032316e-07 9.9999094e-01 2.4064959e-06 6.3101029e-06],[9.9998456e-01 1.5444482e-05],"[1.04320634e-07 1.52540160e-05 1.33738611e-02 8.11243057e-01
 1.71814054e-01 3.54118831e-03 1.23844793e-05 7.53040510e-08
 5.31959365e-09]",1,Black,20-39
/scratch/project_462000771/mengting/projects/bias/Wan2.1/prompt2/selected_faces/detected_person/person_0080_face0.png,Latino_Hispanic,White,Female,30-39,"[0.07310344 0.00126935 0.7513823  0.00368409 0.00788835 0.11788275
 0.04478968]",[0.5936311  0.0410254  0.00958905 0.35575444],[2.8842769e-05 9.9997115e-01],"[6.5609793e-09 1.8871010e-06 6.9084950e-03 4.6849364e-01 4.9992433e-01
 2.4512755e-02 1.5651602e-04 2.3798075e-06 1.4789483e-08]",2,Others,20-39
/scratch/project_462000771/mengting/projects/bias/Wan2.1/prompt2/selected_faces/detected_person/person_0082_face0.png,White,White,Female,20-29,"[0.5280748  0.00061406 0.33662844 0.005501   0.00321798 0.05582761
 0.07013611]",[0.84991115 0.0118796  0.00376659 0.1344427 ],[1.5815454e-04 9.9984187e-01],"[3.77816320e-08 4.37774615e-05 3.83497551e-02 8.46543014e-01
 1.13619424e-01 1.43612735e-03 7.63377102e-06 1.75173298e-07
 2.94991431e-09]",2,White,20-39
/scratch/project_462000771/mengting/projects/bias/Wan2.1/prompt2/selected_faces/detected_person/person_0083_face0.png,White,White,Female,20-29,"[5.5603367e-01 1.4557720e-04 1.3596705e-01 4.9409596e-04 5.1084644e-04
 6.2078829e-03 3.0064091e-01]",[9.8418468e-01 3.2717767e-03 4.5708366e-04 1.2086395e-02],[5.973116e-04 9.994027e-01],"[5.9415349e-08 1.7316672e-05 2.3827128e-02 5.8322120e-01 3.6339226e-01
 2.9154681e-02 3.7885373e-04 8.2542074e-06 1.9960412e-07]",1,White,20-39
/scratch/project_462000771/mengting/projects/bias/Wan2.1/prompt2/selected_faces/detected_person/person_0084_face0.png,Indian,Indian,Female,20-29,"[0.01332319 0.23871489 0.2595806  0.01296616 0.08975603 0.3842265
 0.00143262]",[0.00726325 0.05221856 0.16447006 0.7760481 ],[0.00563456 0.99436545],"[1.01896308e-06 3.22265434e-04 5.86157665e-02 5.39489269e-01
 3.48670036e-01 5.03683388e-02 2.41672853e-03 1.10168105e-04
 6.40974667e-06]",1,Others,20-39
/scratch/project_462000771/mengting/projects/bias/Wan2.1/prompt2/selected_faces/detected_person/person_0085_face0.png,Black,Black,Male,30-39,"[7.9363917e-06 9.9989742e-01 3.3058575e-05 7.3398593e-07 4.1228413e-06
 3.3983535e-05 2.2742171e-05]",[4.8470092e-06 9.9993008e-01 1.4102678e-05 5.0946106e-05],[9.9991196e-01 8.8062217e-05],"[7.2355101e-07 1.1543247e-05 1.5261533e-03 2.2204380e-01 5.5536991e-01
 2.1106635e-01 9.3685361e-03 5.2374997e-04 8.9225970e-05]",0,Black,20-39
/scratch/project_462000771/mengting/projects/bias/Wan2.1/prompt2/selected_faces/detected_person/person_0086_face0.png,White,White,Female,30-39,"[9.9956954e-01 3.2521854e-08 8.3275743e-05 1.5018385e-06 1.4798408e-06
 1.1028180e-06 3.4307866e-04]",[9.9995023e-01 2.0236653e-06 3.0692998e-05 1.7030912e-05],[5.9428312e-05 9.9994057e-01],"[1.1177160e-08 3.0529336e-06 2.6805731e-03 2.9313603e-01 5.8757013e-01
 1.1549230e-01 1.1048524e-03 1.2728829e-05 3.2561599e-07]",2,White,20-39
/scratch/project_462000771/mengting/projects/bias/Wan2.1/prompt2/selected_faces/detected_person/person_0087_face0.png,Latino_Hispanic,Black,Female,20-29,"[0.08971908 0.37304965 0.4744085  0.00080801 0.00477281 0.0186838
 0.0385581 ]",[3.6836028e-02 9.5374721e-01 5.1131047e-04 8.9054592e-03],[0.35227934 0.6477207 ],"[5.39041416e-08 5.17741864e-05 1.08357981e-01 7.70175099e-01
 1.18610404e-01 2.76741991e-03 3.63420550e-05 9.15334965e-07
 2.83231163e-08]",1,Others,20-39
/scratch/project_462000771/mengting/projects/bias/Wan2.1/prompt2/selected_faces/detected_person/person_0088_face0.png,White,White,Male,20-29,"[9.8753846e-01 6.4031128e-06 6.2123872e-03 1.4740734e-03 7.7396684e-04
 4.2203053e-05 3.9524962e-03]",[9.9793857e-01 3.3342483e-06 2.0198228e-03 3.8358805e-05],[9.9989581e-01 1.0415273e-04],"[1.7413949e-07 2.5807869e-05 1.0421634e-02 8.4636039e-01 1.4232080e-01
 8.6931483e-04 1.8332545e-06 2.8234956e-08 7.1848366e-10]",1,White,20-39
/scratch/project_462000771/mengting/projects/bias/Wan2.1/prompt2/selected_faces/detected_person/person_0089_face0.png,Latino_Hispanic,Indian,Male,20-29,"[0.26464933 0.03972786 0.4408844  0.00530975 0.01364538 0.1528374
 0.08294585]",[0.34255424 0.02799265 0.00226729 0.6271858 ],[0.9560196 0.0439804],"[2.8124575e-07 9.0713429e-06 1.8671079e-02 7.5328445e-01 2.1674977e-01
 1.0996599e-02 2.7246625e-04 1.5298077e-05 9.5059784e-07]",0,Others,20-39
/scratch/project_462000771/mengting/projects/bias/Wan2.1/prompt2/selected_faces/detected_person/person_0090_face0.png,Black,Black,Male,20-29,"[1.3245808e-06 9.9948812e-01 3.4207631e-05 1.4864492e-06 1.5157139e-05
 4.5789199e-04 1.8319254e-06]",[4.0720570e-06 9.9931186e-01 3.2630669e-05 6.5144489e-04],[0.99516237 0.00483762],"[4.6911964e-06 8.3984074e-04 4.1032437e-02 4.5905748e-01 4.0225869e-01
 9.4280794e-02 2.4712963e-03 5.0099043e-05 4.7103254e-06]",0,Black,20-39
/scratch/project_462000771/mengting/projects/bias/Wan2.1/prompt2/selected_faces/detected_person/person_0091_face0.png,White,White,Male,20-29,"[0.44905037 0.00327079 0.36013982 0.00048312 0.00109497 0.01150854
 0.17445245]",[0.90768033 0.01077567 0.00491398 0.07662998],[9.9999791e-01 2.1466294e-06],"[2.9034794e-07 2.1976410e-05 4.8825922e-03 6.1847138e-01 3.7045991e-01
 6.1455774e-03 1.8109653e-05 1.2404350e-07 2.0270381e-09]",1,White,20-39
/scratch/project_462000771/mengting/projects/bias/Wan2.1/prompt2/selected_faces/detected_person/person_0092_face0.png,White,White,Male,20-29,"[0.4728595  0.00326444 0.4563617  0.00781367 0.00884128 0.00585756
 0.04500183]",[0.98536825 0.00185226 0.00566666 0.0071128 ],[0.690248 0.309752],"[4.20647183e-07 1.99826318e-04 1.06082305e-01 6.50707781e-01
 2.32695356e-01 1.01799099e-02 1.28884509e-04 5.03232604e-06
 4.31611767e-07]",1,White,20-39
/scratch/project_462000771/mengting/projects/bias/Wan2.1/prompt2/selected_faces/detected_person/person_0093_face0.png,Black,Black,Female,20-29,"[3.8153489e-06 9.9851590e-01 3.5388381e-04 1.5141873e-05 4.5464106e-04
 6.5570232e-04 9.1041346e-07]",[1.4084092e-06 9.9994421e-01 1.3144441e-05 4.1221687e-05],[6.2965794e-04 9.9937034e-01],"[1.7731855e-07 3.2788469e-04 1.4468499e-01 7.8325760e-01 7.0316881e-02
 1.4035153e-03 8.8629213e-06 9.8038136e-08 2.6118780e-09]",0,Black,20-39
/scratch/project_462000771/mengting/projects/bias/Wan2.1/prompt2/selected_faces/detected_person/person_0094_face0.png,White,White,Female,20-29,"[9.6371979e-01 3.0021867e-05 2.6813535e-02 1.0660248e-04 7.6637101e-05
 4.4434023e-04 8.8091223e-03]",[9.9890971e-01 2.0306153e-04 7.5374104e-05 8.1195432e-04],[0.00425187 0.9957481 ],"[7.9245268e-09 1.5900567e-05 6.4110741e-02 8.1782675e-01 1.1599367e-01
 2.0481229e-03 4.7298290e-06 6.9032751e-08 3.1068663e-09]",1,White,20-39
/scratch/project_462000771/mengting/projects/bias/Wan2.1/prompt2/selected_faces/detected_person/person_0095_face0.png,White,White,Female,20-29,"[0.8033619  0.04927819 0.10561016 0.00883107 0.00402807 0.00131391
 0.02757683]",[9.9131095e-01 6.0729757e-03 2.4306783e-03 1.8534303e-04],[0.4374188 0.5625812],"[2.5694322e-07 2.7612111e-04 1.5465131e-01 7.9813915e-01 4.6103682e-02
 8.2287047e-04 5.9613690e-06 4.7981757e-07 1.2104381e-07]",1,White,20-39
/scratch/project_462000771/mengting/projects/bias/Wan2.1/prompt2/selected_faces/detected_person/person_0096_face0.png,White,White,Male,20-29,"[9.4668108e-01 8.5937971e-04 2.8332787e-02 1.8103449e-03 1.2237560e-03
 5.3380389e-04 2.0558892e-02]",[9.9676722e-01 1.1906044e-03 1.5359514e-03 5.0621823e-04],[0.8524187  0.14758126],"[1.2577404e-07 3.5276978e-05 3.4215562e-02 7.8580046e-01 1.7631388e-01
 3.6135158e-03 2.0456235e-05 6.1306815e-07 4.8314849e-08]",1,White,20-39
/scratch/project_462000771/mengting/projects/bias/Wan2.1/prompt2/selected_faces/detected_person/person_0097_face0.png,White,White,Female,30-39,"[6.0669261e-01 3.4067780e-04 2.0783119e-01 3.0502644e-03 1.9430269e-03
 9.6237678e-03 1.7051847e-01]",[0.95679843 0.00198755 0.0144297  0.0267843 ],[5.685186e-04 9.994315e-01],"[2.8139135e-07 6.8436333e-05 2.1272829e-02 4.2300224e-01 4.8901287e-01
 6.5462805e-02 1.1498841e-03 2.9386363e-05 1.2673710e-06]",1,White,20-39
/scratch/project_462000771/mengting/projects/bias/Wan2.1/prompt2/selected_faces/detected_person/person_0098_face0.png,Latino_Hispanic,White,Female,20-29,"[2.1768931e-01 4.7264568e-04 7.2693139e-01 2.0127641e-03 2.7958194e-03
 2.5385076e-02 2.4713017e-02]",[0.82406163 0.00700328 0.01823903 0.15069611],[9.085421e-04 9.990914e-01],"[4.3070941e-08 8.7750101e-05 1.2650730e-01 7.7200979e-01 9.9135473e-02
 2.2535496e-03 5.8871533e-06 1.7258026e-07 4.1777546e-09]",1,Others,20-39
/scratch/project_462000771/mengting/projects/bias/Wan2.1/prompt2/selected_faces/detected_person/person_0099_face0.png,Black,Black,Female,20-29,"[2.9303013e-07 9.9992156e-01 2.3106280e-05 2.0482462e-06 1.3470620e-05
 3.9164475e-05 1.8599094e-07]",[3.4933140e-07 9.9998009e-01 1.1249925e-05 8.3004388e-06],[1.6851233e-04 9.9983144e-01],"[8.18422308e-08 4.50127671e-04 1.10376053e-01 6.80775940e-01
 2.03964069e-01 4.36583068e-03 6.74411131e-05 4.72858829e-07
 1.04551345e-08]",0,Black,20-39
/scratch/project_462000771/mengting/projects/bias/Wan2.1/prompt2/selected_faces/detected_person/person_0100_face0.png,Black,Black,Male,20-29,"[2.3012977e-07 9.9992728e-01 1.2150650e-05 3.8649401e-07 1.1170388e-05
 4.8443449e-05 2.7941752e-07]",[1.4893722e-07 9.9997234e-01 7.1949876e-06 2.0270580e-05],[0.9293753  0.07062471],"[3.1183351e-06 3.0260283e-04 3.9677121e-02 5.4231006e-01 3.6443934e-01
 5.1717497e-02 1.5272443e-03 2.0379061e-05 2.6835464e-06]",1,Black,20-39
/scratch/project_462000771/mengting/projects/bias/Wan2.1/prompt2/selected_faces/detected_person/person_0101_face0.png,White,White,Male,30-39,"[9.5379156e-01 7.2428214e-05 8.1618726e-03 1.4755017e-05 3.9643674e-05
 1.9328383e-04 3.7726495e-02]",[9.4087923e-01 1.3301912e-02 7.2734506e-04 4.5091584e-02],[9.9911803e-01 8.8203215e-04],"[1.9620998e-07 6.7176352e-06 3.1056919e-04 4.2169426e-02 7.6586127e-01
 1.9090544e-01 7.4328168e-04 3.0995704e-06 4.4459927e-08]",1,White,20-39
/scratch/project_462000771/mengting/projects/bias/Wan2.1/prompt2/selected_faces/detected_person/person_0102_face0.png,Black,Black,Male,30-39,"[2.9662983e-08 9.9999762e-01 9.0212188e-07 5.2785044e-08 8.9458632e-07
 4.8059343e-07 1.3320175e-08]",[2.2469962e-07 9.9997985e-01 1.0286950e-05 9.6663553e-06],[9.9999547e-01 4.4923313e-06],"[1.3515279e-07 3.2555984e-06 1.1680066e-03 3.2462475e-01 5.6831729e-01
 1.0469708e-01 1.1797203e-03 8.9792447e-06 7.7448789e-07]",1,Black,20-39
/scratch/project_462000771/mengting/projects/bias/Wan2.1/prompt2/selected_faces/detected_person/person_0103_face0.png,White,White,Male,20-29,"[9.1979313e-01 1.2055966e-04 3.2394882e-02 3.9417829e-04 5.7720696e-04
 1.6997516e-03 4.5020297e-02]",[0.98330903 0.00169392 0.00111947 0.01387752],[9.9959105e-01 4.0898973e-04],"[2.5326192e-06 3.6946725e-04 7.5271934e-02 5.7223630e-01 3.1407198e-01
 3.7029326e-02 9.9660689e-04 2.0833286e-05 1.0782113e-06]",1,White,20-39
/scratch/project_462000771/mengting/projects/bias/Wan2.1/prompt2/selected_faces/detected_person/person_0104_face0.png,Black,Black,Male,20-29,"[4.7162974e-08 9.9999636e-01 8.0167587e-07 2.2310148e-08 9.9677038e-07
 1.7462705e-06 1.1165286e-08]",[2.7457881e-07 9.9998319e-01 1.2483254e-05 4.0735836e-06],[9.999841e-01 1.593988e-05],"[3.2556812e-08 1.3023626e-05 2.7601514e-02 8.6327636e-01 1.0672118e-01
 2.3762907e-03 1.1509834e-05 9.4727433e-08 8.8326209e-09]",0,Black,20-39
/scratch/project_462000771/mengting/projects/bias/Wan2.1/prompt2/selected_faces/detected_person/person_0105_face0.png,White,White,Female,30-39,"[9.9926776e-01 1.1555488e-06 5.9368805e-04 1.3310621e-06 1.4187336e-06
 2.2995039e-06 1.3235815e-04]",[9.9967426e-01 2.1324601e-04 5.1235518e-05 6.1198174e-05],[2.5885185e-05 9.9997413e-01],"[1.1434420e-08 6.2646012e-07 4.1566312e-04 1.5874517e-01 7.0576429e-01
 1.3185936e-01 3.1869849e-03 2.7539551e-05 3.2282202e-07]",1,White,20-39
/scratch/project_462000771/mengting/projects/bias/Wan2.1/prompt2/selected_faces/detected_person/person_0106_face0.png,Black,Black,Female,20-29,"[2.5756324e-06 9.9964541e-01 3.8928167e-05 8.3081699e-07 1.3048197e-05
 2.9886619e-04 2.7875791e-07]",[8.6234536e-07 9.9978876e-01 2.1904239e-06 2.0811168e-04],[0.00184883 0.9981512 ],"[1.16697514e-07 9.90844565e-04 1.57016784e-01 7.65069067e-01
 7.63463005e-02 5.74454141e-04 2.41229236e-06 2.12258051e-08
 1.15864041e-09]",1,Black,20-39
/scratch/project_462000771/mengting/projects/bias/Wan2.1/prompt2/selected_faces/detected_person/person_0107_face0.png,White,White,Female,20-29,"[8.7387466e-01 2.3791651e-04 5.1021148e-02 2.0512972e-04 2.2896612e-04
 2.4126542e-03 7.2019413e-02]",[9.77316439e-01 3.79077595e-04 1.12450754e-04 2.21920442e-02],[0.38294822 0.6170517 ],"[8.0869526e-08 2.2349919e-05 4.6218231e-02 7.7860576e-01 1.6688237e-01
 8.1350943e-03 1.3365840e-04 2.3326679e-06 6.8025365e-08]",0,White,20-39
/scratch/project_462000771/mengting/projects/bias/Wan2.1/prompt2/selected_faces/detected_person/person_0108_face0.png,Indian,Indian,Male,30-39,"[1.43099343e-03 4.96966280e-02 7.73018152e-02 1.08156615e-04
 1.67273590e-03 8.53817701e-01 1.59719177e-02]",[0.00322803 0.13460042 0.00275948 0.8594121 ],[9.9986821e-01 1.3174128e-04],"[5.9193593e-07 4.0463034e-05 2.3163883e-03 4.0889207e-01 5.7098675e-01
 1.7737165e-02 2.6291700e-05 3.2546404e-07 6.8530608e-09]",0,Others,20-39
/scratch/project_462000771/mengting/projects/bias/Wan2.1/prompt2/selected_faces/detected_person/person_0109_face0.png,White,White,Female,20-29,"[9.9197710e-01 1.7073091e-07 1.4619644e-04 3.5323297e-05 1.8008372e-05
 5.6803001e-06 7.8175040e-03]",[9.9754232e-01 2.1991795e-05 2.0693047e-03 3.6639150e-04],[1.7403520e-04 9.9982595e-01],"[6.36525570e-08 1.06640982e-04 6.48584962e-02 8.27291369e-01
 1.03602596e-01 4.12254315e-03 1.78656646e-05 3.96817541e-07
 2.83261983e-08]",1,White,20-39
/scratch/project_462000771/mengting/projects/bias/Wan2.1/prompt2/selected_faces/detected_person/person_0110_face0.png,White,White,Female,20-29,"[7.6762962e-01 1.8070411e-03 2.7182560e-02 1.7866769e-04 1.9040964e-04
 9.9309739e-03 1.9308072e-01]",[0.92154044 0.01609679 0.00199376 0.06036905],[0.3142116 0.6857884],"[1.2840805e-07 1.9980233e-05 1.5066722e-02 7.1287328e-01 2.6414958e-01
 7.7432049e-03 1.4111809e-04 5.3260624e-06 6.5865822e-07]",0,White,20-39
/scratch/project_462000771/mengting/projects/bias/Wan2.1/prompt2/selected_faces/detected_person/person_0111_face0.png,Black,Black,Male,20-29,"[2.8657709e-07 9.9996746e-01 4.2391921e-06 4.0089566e-07 4.6176870e-06
 2.2246468e-05 7.3525257e-07]",[2.7345581e-07 9.9992269e-01 2.0816175e-05 5.6219989e-05],[0.64294696 0.35705307],"[7.9740005e-07 3.0473315e-03 4.1544136e-01 5.3102827e-01 4.8781615e-02
 1.6865821e-03 1.3568889e-05 4.0694786e-07 8.2090764e-08]",0,Black,20-39
/scratch/project_462000771/mengting/projects/bias/Wan2.1/prompt2/selected_faces/detected_person/person_0112_face0.png,White,White,Female,20-29,"[9.2882460e-01 3.5382289e-04 4.8477143e-02 5.0851016e-04 5.9490302e-04
 5.0934259e-04 2.0731637e-02]",[9.9510968e-01 9.2084904e-04 3.3624298e-03 6.0709781e-04],[0.07109576 0.9289042 ],"[2.1834491e-07 3.5144538e-05 3.0267488e-02 6.2707013e-01 3.1152689e-01
 3.0360889e-02 7.1193301e-04 2.5215597e-05 2.1437845e-06]",1,White,20-39
/scratch/project_462000771/mengting/projects/bias/Wan2.1/prompt2/selected_faces/detected_person/person_0113_face0.png,Latino_Hispanic,White,Female,20-29,"[4.1235682e-01 3.3573183e-04 5.0922829e-01 3.5032723e-02 1.6851153e-02
 4.3073823e-03 2.1887993e-02]",[0.97182465 0.00104359 0.01859172 0.00854004],[1.5315953e-04 9.9984682e-01],"[1.3934529e-08 1.3605993e-05 2.5973571e-02 5.9187651e-01 3.6762244e-01
 1.4440518e-02 7.1817180e-05 1.5534939e-06 1.9647629e-08]",1,Others,20-39
/scratch/project_462000771/mengting/projects/bias/Wan2.1/prompt2/selected_faces/detected_person/person_0114_face0.png,White,White,Male,20-29,"[9.7722828e-01 3.0693987e-05 5.7409117e-03 2.0817715e-04 5.1828410e-04
 2.5448401e-04 1.6019190e-02]",[9.9962783e-01 1.1592203e-05 1.3923894e-04 2.2131686e-04],[9.9995655e-01 4.3470642e-05],"[8.95197445e-07 9.42697006e-05 4.28064680e-03 5.33765972e-01
 4.40778822e-01 2.09700949e-02 1.08098946e-04 1.12405382e-06
 4.38331433e-08]",1,White,20-39
/scratch/project_462000771/mengting/projects/bias/Wan2.1/prompt2/selected_faces/detected_person/person_0115_face0.png,White,White,Male,40-49,"[9.4037700e-01 3.8618644e-04 1.8556269e-02 5.6463607e-05 1.8289994e-04
 1.3832853e-03 3.9057925e-02]",[9.8028123e-01 7.2465828e-03 1.3878613e-04 1.2333339e-02],[9.9988401e-01 1.1597016e-04],"[2.06961631e-05 1.12480375e-04 5.29666024e-04 2.69519314e-02
 4.72944975e-01 4.78801131e-01 2.02890001e-02 3.33407923e-04
 1.67433918e-05]",1,White,40-59
/scratch/project_462000771/mengting/projects/bias/Wan2.1/prompt2/selected_faces/detected_person/person_0116_face0.png,Latino_Hispanic,White,Female,30-39,"[0.34062546 0.01771918 0.54236454 0.00330397 0.00445813 0.02574362
 0.0657851 ]",[0.85451686 0.0456359  0.01992799 0.07991923],[0.0177528  0.98224723],"[8.1451944e-08 7.7445929e-06 1.1871156e-02 4.3156472e-01 4.9944690e-01
 5.6476943e-02 6.1935093e-04 1.2768651e-05 4.1338524e-07]",1,Others,20-39
/scratch/project_462000771/mengting/projects/bias/Wan2.1/prompt2/selected_faces/detected_person/person_0117_face0.png,Latino_Hispanic,White,Male,30-39,"[0.20865521 0.0004649  0.3738299  0.00069889 0.00259575 0.15397798
 0.25977734]",[0.5477381  0.00077303 0.00179509 0.4496938 ],[9.9999493e-01 5.0493295e-06],"[1.34811171e-06 2.85578371e-05 1.97189976e-03 3.35388005e-01
 6.31682932e-01 3.08033042e-02 1.22966769e-04 9.15480200e-07
 1.35283456e-08]",1,Others,20-39
/scratch/project_462000771/mengting/projects/bias/Wan2.1/prompt2/selected_faces/detected_person/person_0118_face0.png,White,White,Male,20-29,"[7.8714961e-01 2.6495514e-02 8.6167350e-02 2.6662912e-05 9.8754121e-05
 3.3974423e-04 9.9722490e-02]",[9.3646795e-01 6.2062345e-02 8.5199944e-04 6.1773375e-04],[1.0000000e+00 2.2907722e-09],"[1.8200840e-08 8.6497818e-07 9.3415030e-04 5.8657306e-01 4.0769449e-01
 4.7726464e-03 2.4384513e-05 3.1248746e-07 5.2332996e-09]",1,White,20-39
/scratch/project_462000771/mengting/projects/bias/Wan2.1/prompt2/selected_faces/detected_person/person_0119_face0.png,Black,Black,Female,20-29,"[4.9545156e-04 6.2769854e-01 3.7541196e-02 6.2444351e-06 3.4172024e-04
 3.3371419e-01 2.0249985e-04]",[8.7315717e-04 9.4085568e-01 1.4056076e-04 5.8130603e-02],[9.6715739e-06 9.9999034e-01],"[1.1729411e-08 1.3211634e-04 1.0712149e-01 8.4776443e-01 4.4803038e-02
 1.7853134e-04 3.2494580e-07 2.3232529e-09 1.5178079e-11]",2,Black,20-39
/scratch/project_462000771/mengting/projects/bias/Wan2.1/prompt2/selected_faces/detected_person/person_0120_face0.png,East Asian,Asian,Female,20-29,"[4.1496506e-04 9.1862785e-06 4.1056080e-03 7.9934037e-01 1.9423535e-01
 1.8718577e-03 2.2720129e-05]",[3.0319414e-03 2.1169915e-04 9.9308097e-01 3.6753567e-03],[0.00149769 0.9985023 ],"[6.6390520e-08 1.2569282e-04 1.3774353e-01 7.7609324e-01 8.4817857e-02
 1.2152061e-03 4.1413032e-06 3.3955510e-07 4.6423936e-09]",2,Asian,20-39
/scratch/project_462000771/mengting/projects/bias/Wan2.1/prompt2/selected_faces/detected_person/person_0121_face0.png,East Asian,Asian,Female,20-29,"[2.1852997e-04 3.2944777e-07 4.7436793e-04 9.3134725e-01 6.7868158e-02
 7.7364850e-05 1.3972893e-05]",[4.0050835e-04 1.7509888e-06 9.9953914e-01 5.8599064e-05],[1.1444917e-05 9.9998862e-01],"[6.7664786e-07 6.7635329e-04 4.4620246e-02 7.1017087e-01 2.2498339e-01
 1.9214330e-02 3.0523367e-04 2.8046128e-05 7.7103493e-07]",0,Asian,20-39
/scratch/project_462000771/mengting/projects/bias/Wan2.1/prompt2/selected_faces/detected_person/person_0122_face0.png,White,White,Male,30-39,"[6.9380403e-01 3.9796978e-03 9.2788540e-02 5.0417049e-04 1.3216458e-03
 1.1752004e-02 1.9584997e-01]",[0.7618128  0.01188052 0.00155217 0.2247545 ],[0.9981049  0.00189512],"[1.4703119e-06 2.4106237e-05 9.2064653e-04 8.3524346e-02 6.9067663e-01
 2.1700951e-01 7.6991851e-03 1.3754990e-04 6.5484005e-06]",0,White,20-39
/scratch/project_462000771/mengting/projects/bias/Wan2.1/prompt2/selected_faces/detected_person/person_0123_face0.png,Indian,Asian,Male,20-29,"[0.00190067 0.10257031 0.14042899 0.00567649 0.14516872 0.59997326
 0.00428157]",[0.01356453 0.35590672 0.37909162 0.2514371 ],[0.9977872  0.00221287],"[1.19115384e-07 6.38379970e-06 1.04242172e-02 7.57159173e-01
 2.29147837e-01 3.25381989e-03 8.21300728e-06 2.96130736e-07
 7.56732277e-09]",1,Others,20-39
/scratch/project_462000771/mengting/projects/bias/Wan2.1/prompt2/selected_faces/detected_person/person_0124_face0.png,Black,Black,Male,30-39,"[2.9427856e-06 9.9956870e-01 7.6798293e-05 2.5616214e-07 5.6433050e-06
 3.4482690e-04 8.4989614e-07]",[5.2344410e-07 9.9997699e-01 1.5262282e-06 2.0910635e-05],[9.9997836e-01 2.1655127e-05],"[1.9010582e-08 7.7734086e-07 7.2815485e-04 3.5175526e-01 6.1168534e-01
 3.5426993e-02 4.0199608e-04 1.3779439e-06 4.6739924e-08]",1,Black,20-39
/scratch/project_462000771/mengting/projects/bias/Wan2.1/prompt2/selected_faces/detected_person/person_0125_face0.png,Black,Black,Male,20-29,"[2.3233807e-07 9.9997568e-01 1.7570996e-05 6.8817158e-08 1.8064574e-06
 4.3682712e-06 2.9381610e-07]",[5.5033661e-07 9.9998975e-01 2.4749920e-06 7.1946629e-06],[9.9994725e-01 5.2760064e-05],"[7.8836479e-07 2.6223701e-04 5.1845152e-02 8.4129357e-01 1.0430804e-01
 2.2740338e-03 1.5793521e-05 2.5413112e-07 3.6223788e-08]",1,Black,20-39
/scratch/project_462000771/mengting/projects/bias/Wan2.1/prompt2/selected_faces/detected_person/person_0126_face0.png,East Asian,Asian,Female,20-29,"[8.6134748e-04 1.8799356e-04 2.4651499e-03 8.0522633e-01 1.9099483e-01
 2.2840283e-04 3.6075533e-05]",[7.4899889e-04 7.6033035e-04 9.9820852e-01 2.8212188e-04],[0.01473483 0.98526514],"[2.9495004e-07 2.6178057e-04 6.9097422e-02 7.4980021e-01 1.6861831e-01
 1.1935856e-02 2.6475184e-04 2.0119352e-05 1.2616770e-06]",1,Asian,20-39
/scratch/project_462000771/mengting/projects/bias/Wan2.1/prompt2/selected_faces/detected_person/person_0127_face0.png,White,White,Female,20-29,"[4.3056062e-01 2.0665115e-04 4.0574652e-01 2.7437516e-02 8.2598878e-03
 1.6164420e-02 1.1162442e-01]",[0.628687   0.00117713 0.02165405 0.34848183],[0.0043511 0.9956489],"[6.7874084e-09 2.5400390e-05 1.2348250e-01 8.2683277e-01 4.9302686e-02
 3.5574567e-04 8.1198516e-07 2.1812847e-08 5.2787968e-10]",2,White,20-39
/scratch/project_462000771/mengting/projects/bias/Wan2.1/prompt2/selected_faces/detected_person/person_0128_face0.png,White,White,Female,20-29,"[7.7737439e-01 4.7102698e-05 1.0009563e-01 1.4109560e-04 1.4226639e-04
 2.2799647e-03 1.1991948e-01]",[9.9745029e-01 2.3140557e-04 4.0544718e-04 1.9128355e-03],[0.00143663 0.9985634 ],"[9.6309511e-09 3.9658048e-06 1.1261691e-02 5.5240554e-01 4.1024056e-01
 2.5832204e-02 2.5107601e-04 4.8300240e-06 1.2279921e-07]",1,White,20-39
/scratch/project_462000771/mengting/projects/bias/Wan2.1/prompt2/selected_faces/detected_person/person_0129_face0.png,Black,Black,Male,30-39,"[6.1637118e-05 9.8896223e-01 1.1459107e-03 1.7317961e-05 5.1558099e-04
 9.1452142e-03 1.5205350e-04]",[5.0928487e-05 9.9892879e-01 7.0552043e-05 9.4972568e-04],[9.9998349e-01 1.6505312e-05],"[5.3273345e-07 2.1518365e-05 3.9173262e-03 3.6457291e-01 5.8740604e-01
 4.3611426e-02 4.6553300e-04 4.5921870e-06 1.9264817e-07]",1,Black,20-39
/scratch/project_462000771/mengting/projects/bias/Wan2.1/prompt2/selected_faces/detected_person/person_0130_face0.png,Black,Black,Male,20-29,"[2.0358115e-05 9.9742174e-01 5.7449110e-04 2.2732947e-05 8.7490055e-04
 1.0806166e-03 5.2009404e-06]",[3.9132510e-06 9.9952465e-01 2.3999813e-04 2.3148558e-04],[0.9839707  0.01602929],"[1.8378805e-07 1.5547905e-04 2.6239988e-01 7.2461510e-01 1.2659442e-02
 1.6910404e-04 8.0994630e-07 2.3960801e-08 3.1682941e-09]",1,Black,20-39
/scratch/project_462000771/mengting/projects/bias/Wan2.1/prompt2/selected_faces/detected_person/person_0131_face0.png,White,White,Male,20-29,"[7.9676610e-01 1.6506074e-03 7.1702793e-02 3.5305842e-04 7.0918578e-04
 1.3067391e-02 1.1575091e-01]",[0.9815061  0.00153743 0.00265149 0.01430499],[9.9974364e-01 2.5634927e-04],"[3.3691273e-07 1.8685916e-05 1.7844717e-03 5.3305322e-01 4.5413685e-01
 1.0943988e-02 6.1212224e-05 1.2367932e-06 5.1344625e-08]",0,White,20-39
/scratch/project_462000771/mengting/projects/bias/Wan2.1/prompt2/selected_faces/detected_person/person_0132_face0.png,Latino_Hispanic,Indian,Male,20-29,"[4.6404097e-02 3.9405138e-03 5.5433893e-01 4.8019583e-04 2.8280276e-03
 1.6457903e-01 2.2742924e-01]",[0.03652088 0.02368102 0.00716558 0.9326325 ],[9.9999279e-01 7.2677126e-06],"[7.0223103e-07 2.6730433e-05 6.2240022e-03 7.6198781e-01 2.2741182e-01
 4.3232725e-03 2.5203672e-05 5.4213154e-07 1.0521478e-08]",1,Others,20-39
/scratch/project_462000771/mengting/projects/bias/Wan2.1/prompt2/selected_faces/detected_person/person_0133_face0.png,Latino_Hispanic,White,Female,20-29,"[0.42354125 0.02595497 0.48731732 0.00107048 0.00247914 0.02721924
 0.03241774]",[0.69285905 0.16863532 0.02530333 0.11320238],[5.2499654e-05 9.9994749e-01],"[2.2034943e-08 4.8293186e-05 2.8844718e-02 7.5682932e-01 2.0795299e-01
 6.2905392e-03 3.3372893e-05 7.1017399e-07 2.7772657e-08]",0,Others,20-39
/scratch/project_462000771/mengting/projects/bias/Wan2.1/prompt2/selected_faces/detected_person/person_0134_face0.png,White,White,Male,30-39,"[7.8829908e-01 5.8363716e-04 8.0822602e-02 9.5651347e-05 4.5631194e-04
 5.0022099e-03 1.2474049e-01]",[9.8257059e-01 1.5036727e-03 6.7401194e-04 1.5251761e-02],[0.998051   0.00194897],"[2.1037893e-07 1.6801505e-05 2.5929792e-03 4.9405998e-01 4.9560314e-01
 7.7049700e-03 2.1704664e-05 2.4451114e-07 7.1820527e-09]",1,White,20-39
/scratch/project_462000771/mengting/projects/bias/Wan2.1/prompt2/selected_faces/detected_person/person_0135_face0.png,White,White,Male,30-39,"[8.8251162e-01 2.1225363e-03 7.3963083e-02 2.6130851e-04 4.7730346e-04
 4.2991182e-03 3.6365062e-02]",[0.6777151  0.0669556  0.00270667 0.2526226 ],[9.9980074e-01 1.9923886e-04],"[1.6844754e-07 2.8345708e-06 5.9563195e-04 2.5852320e-01 7.0182300e-01
 3.8674317e-02 3.7601782e-04 4.5587553e-06 2.0003161e-07]",1,White,20-39
/scratch/project_462000771/mengting/projects/bias/Wan2.1/prompt2/selected_faces/detected_person/person_0136_face0.png,White,White,Male,20-29,"[7.5184572e-01 1.1441482e-03 2.2821422e-01 2.8410219e-04 1.0287613e-03
 3.3218181e-03 1.4161442e-02]",[0.98477495 0.005088   0.00565604 0.00448103],[0.94023573 0.05976428],"[7.5208391e-08 1.8466730e-05 5.1471729e-02 6.7354882e-01 2.5694683e-01
 1.7784165e-02 2.2653982e-04 3.3782881e-06 1.2882533e-07]",1,White,20-39
/scratch/project_462000771/mengting/projects/bias/Wan2.1/prompt2/selected_faces/detected_person/person_0137_face0.png,Latino_Hispanic,Indian,Male,20-29,"[0.23278767 0.01935348 0.6844995  0.00080975 0.00377707 0.01676335
 0.04200916]",[0.39532152 0.00724697 0.0012262  0.59620535],[9.9985218e-01 1.4781047e-04],"[1.46436136e-07 4.90748826e-05 1.06263265e-01 8.26007545e-01
 6.61115199e-02 1.54635182e-03 2.12305968e-05 7.72689020e-07
 3.74507216e-08]",1,Others,20-39
/scratch/project_462000771/mengting/projects/bias/Wan2.1/prompt2/selected_faces/detected_person/person_0138_face0.png,Latino_Hispanic,Black,Female,30-39,"[0.06709665 0.37063274 0.5301286  0.00065724 0.00191287 0.00518405
 0.02438789]",[0.0143125  0.982107   0.00130895 0.00227156],[0.00162705 0.9983729 ],"[6.5766534e-07 1.3785082e-04 2.2247873e-02 4.5715916e-01 4.8716205e-01
 3.2837622e-02 4.4367649e-04 1.0730714e-05 3.1523669e-07]",1,Others,20-39
/scratch/project_462000771/mengting/projects/bias/Wan2.1/prompt2/selected_faces/detected_person/person_0139_face0.png,White,White,Male,30-39,"[9.8627567e-01 2.6289697e-06 2.3879339e-03 2.1944317e-05 2.8508723e-05
 9.8660275e-05 1.1184566e-02]",[9.9974835e-01 5.4694679e-06 3.9194911e-05 2.0704218e-04],[9.9971378e-01 2.8623155e-04],"[6.0016831e-08 1.5938541e-06 1.4072645e-03 2.5047114e-01 6.4604563e-01
 1.0103972e-01 1.0269562e-03 7.5442795e-06 1.4870805e-07]",1,White,20-39
/scratch/project_462000771/mengting/projects/bias/Wan2.1/prompt2/selected_faces/detected_person/person_0140_face0.png,Black,Black,Female,20-29,"[2.0183201e-05 9.7849458e-01 3.8277926e-03 5.1824874e-05 2.8578970e-03
 1.4743295e-02 4.4165777e-06]",[5.5938581e-06 9.9937230e-01 3.4677516e-05 5.8743142e-04],[2.3666487e-04 9.9976331e-01],"[4.3696595e-08 7.4509525e-04 3.2688764e-01 6.3835388e-01 3.3776116e-02
 2.3622932e-04 9.5157350e-07 7.3837430e-09 8.6109606e-11]",1,Black,20-39
/scratch/project_462000771/mengting/projects/bias/Wan2.1/prompt2/selected_faces/detected_person/person_0141_face0.png,Latino_Hispanic,White,Female,30-39,"[1.35817170e-01 1.15012255e-04 3.36131096e-01 1.95078060e-01
 4.05722409e-02 5.54515757e-02 2.36834854e-01]",[0.4223495  0.00093117 0.37450704 0.20221229],[7.419072e-05 9.999258e-01],"[1.7235419e-07 8.0476329e-06 3.3262097e-03 2.7247244e-01 5.8619577e-01
 1.3274154e-01 5.1354333e-03 1.1979961e-04 6.3264201e-07]",1,Others,20-39
/scratch/project_462000771/mengting/projects/bias/Wan2.1/prompt2/selected_faces/detected_person/person_0142_face0.png,Black,Black,Male,20-29,"[2.2014881e-08 9.9999744e-01 4.9555422e-07 6.6420798e-09 1.4297918e-07
 1.8277367e-06 3.5125192e-09]",[6.3626608e-08 9.9999833e-01 2.0119678e-07 1.3826331e-06],[9.999502e-01 4.984611e-05],"[4.9656053e-09 3.3077658e-06 7.7479128e-03 8.1168491e-01 1.7770088e-01
 2.8509577e-03 1.2022108e-05 3.8878092e-08 3.3825047e-09]",1,Black,20-39
/scratch/project_462000771/mengting/projects/bias/Wan2.1/prompt2/selected_faces/detected_person/person_0143_face0.png,White,White,Male,30-39,"[9.0197402e-01 3.2830861e-04 1.3026963e-02 1.7967597e-03 1.7508130e-03
 1.5377282e-03 7.9585329e-02]",[9.934946e-01 8.482384e-04 9.995943e-04 4.657641e-03],[0.9950378  0.00496219],"[1.4694889e-07 3.5972919e-06 2.1238481e-03 4.2737812e-01 5.1044792e-01
 5.9143927e-02 8.7998441e-04 2.0649110e-05 1.8581885e-06]",0,White,20-39
/scratch/project_462000771/mengting/projects/bias/Wan2.1/prompt2/selected_faces/detected_person/person_0144_face0.png,White,White,Male,30-39,"[8.73946190e-01 2.70855497e-04 1.78164281e-02 1.20447774e-04
 3.16204125e-04 9.69716639e-04 1.06560260e-01]",[9.9676162e-01 9.5181679e-04 1.3067351e-04 2.1558404e-03],[9.9999243e-01 7.5541666e-06],"[1.5483680e-06 1.1451998e-05 1.1569484e-03 1.6210382e-01 6.8199545e-01
 1.5117939e-01 3.5111813e-03 3.8826238e-05 1.3185769e-06]",0,White,20-39
/scratch/project_462000771/mengting/projects/bias/Wan2.1/prompt2/selected_faces/detected_person/person_0145_face0.png,East Asian,White,Female,30-39,"[3.3912399e-01 4.1437892e-05 8.3687656e-02 4.8526040e-01 8.8293284e-02
 1.9969531e-04 3.3934962e-03]",[5.0181258e-01 1.9987606e-04 4.9574348e-01 2.2440460e-03],[1.2378272e-04 9.9987626e-01],"[1.5910069e-06 3.2301128e-04 2.4533002e-02 3.1724125e-01 4.8319998e-01
 1.6092448e-01 1.2892860e-02 8.5506844e-04 2.8678412e-05]",1,Asian,20-39
/scratch/project_462000771/mengting/projects/bias/Wan2.1/prompt2/selected_faces/detected_person/person_0146_face0.png,White,White,Female,20-29,"[7.9961658e-01 1.6107937e-04 1.2923481e-01 5.9350190e-04 4.6619700e-04
 3.7401044e-03 6.6187732e-02]",[9.2079437e-01 5.5377063e-04 2.1327829e-03 7.6519042e-02],[0.00560315 0.99439687],"[6.1888933e-08 1.8441599e-04 1.3039279e-01 7.8205603e-01 8.4784240e-02
 2.5663932e-03 1.5564501e-05 5.0019031e-07 3.5156134e-08]",1,White,20-39
/scratch/project_462000771/mengting/projects/bias/Wan2.1/prompt2/selected_faces/detected_person/person_0147_face0.png,White,White,Female,20-29,"[9.8496735e-01 4.9598580e-06 5.7063885e-03 7.4766467e-05 5.3762746e-05
 5.3764321e-05 9.1388617e-03]",[9.9692053e-01 3.3933073e-04 5.1964773e-04 2.2204977e-03],[1.3655158e-04 9.9986345e-01],"[2.18804587e-07 3.47267560e-05 1.11667495e-02 4.57155257e-01
 4.45643455e-01 8.29848051e-02 2.84098228e-03 1.66099548e-04
 7.68555947e-06]",1,White,20-39
/scratch/project_462000771/mengting/projects/bias/Wan2.1/prompt2/selected_faces/detected_person/person_0148_face0.png,White,White,Female,30-39,"[7.35470176e-01 5.04419222e-05 1.03781946e-01 3.58636701e-03
 1.83456810e-03 2.09490024e-03 1.53181493e-01]",[9.9072117e-01 6.0744258e-04 5.7816291e-03 2.8897231e-03],[0.00378713 0.99621284],"[5.0408541e-08 5.9488916e-06 9.1736922e-03 4.2290691e-01 5.3232616e-01
 3.5157774e-02 4.1903302e-04 1.0185462e-05 1.5088931e-07]",0,White,20-39
/scratch/project_462000771/mengting/projects/bias/Wan2.1/prompt2/selected_faces/detected_person/person_0149_face0.png,Black,Black,Female,20-29,"[4.5293774e-03 7.4273372e-01 6.0960758e-02 6.1079030e-05 2.7147867e-04
 1.7947875e-01 1.1964793e-02]",[2.9509835e-04 9.1805631e-01 4.2370550e-05 8.1606172e-02],[0.00900903 0.990991  ],"[3.9753505e-07 2.2201091e-03 2.6270041e-01 6.7393613e-01 6.0226716e-02
 9.1082673e-04 5.2672221e-06 1.6130038e-07 6.8981718e-09]",0,Black,20-39
/scratch/project_462000771/mengting/projects/bias/Wan2.1/prompt2/selected_faces/detected_person/person_0150_face0.png,Black,Black,Female,20-29,"[2.4944995e-06 9.9908781e-01 2.6394945e-04 1.3083069e-06 3.4869419e-05
 6.0880423e-04 7.5491909e-07]",[2.6231319e-06 9.9992412e-01 1.5234007e-06 7.1771552e-05],[2.3050685e-04 9.9976951e-01],"[1.49055115e-08 4.52653512e-05 4.72564325e-02 7.98951268e-01
 1.52137071e-01 1.59825012e-03 1.16010315e-05 5.79604738e-08
 7.85892629e-10]",0,Black,20-39
/scratch/project_462000771/mengting/projects/bias/Wan2.1/prompt2/selected_faces/detected_person/person_0151_face0.png,Black,Black,Female,30-39,"[5.0692793e-06 9.9939924e-01 2.7695371e-04 6.4384744e-06 5.0782313e-05
 2.5763427e-04 3.9441916e-06]",[1.61637797e-06 9.99981105e-01 5.50155391e-06 1.17595355e-05],[8.8936259e-04 9.9911064e-01],"[3.6760925e-06 1.1241916e-03 3.3719368e-02 4.2979327e-01 4.8468894e-01
 4.8157860e-02 2.4493220e-03 6.2259547e-05 1.1365165e-06]",0,Black,20-39
/scratch/project_462000771/mengting/projects/bias/Wan2.1/prompt2/selected_faces/detected_person/person_0152_face0.png,White,White,Male,20-29,"[9.9976635e-01 3.2018355e-07 1.2816465e-04 7.7760051e-06 6.7225756e-06
 1.0972396e-06 8.9583533e-05]",[9.9984473e-01 2.2483142e-05 6.5427375e-05 6.7311019e-05],[9.9999869e-01 1.3559411e-06],"[1.5558824e-08 5.9938739e-06 7.4624061e-03 7.9225546e-01 1.9871168e-01
 1.5622918e-03 2.0984471e-06 1.2119950e-08 2.4749749e-10]",1,White,20-39
/scratch/project_462000771/mengting/projects/bias/Wan2.1/prompt2/selected_faces/detected_person/person_0153_face0.png,White,White,Female,30-39,"[0.5762325  0.00212833 0.07920595 0.00196333 0.00251892 0.05249561
 0.28545538]",[0.9309467  0.00183761 0.0174953  0.0497204 ],[0.4653641  0.53463584],"[6.2758345e-06 2.0425288e-04 1.5295042e-02 3.7021756e-01 4.3457237e-01
 1.5707254e-01 1.9776242e-02 2.3673016e-03 4.8844382e-04]",1,White,20-39
/scratch/project_462000771/mengting/projects/bias/Wan2.1/prompt2/selected_faces/detected_person/person_0154_face0.png,Black,Black,Male,20-29,"[4.7816042e-07 9.9999523e-01 2.9151058e-06 6.0588965e-09 8.7934943e-08
 1.1386304e-06 1.7817733e-07]",[7.7043069e-07 9.9999136e-01 3.0946942e-06 4.6510631e-06],[9.999045e-01 9.551437e-05],"[3.93797018e-06 4.87168581e-04 1.31356465e-02 6.55280530e-01
 3.19700241e-01 1.13630127e-02 2.93778867e-05 1.43917660e-07
 1.26876323e-08]",1,Black,20-39
/scratch/project_462000771/mengting/projects/bias/Wan2.1/prompt2/selected_faces/detected_person/person_0155_face0.png,Indian,Indian,Female,20-29,"[3.4578294e-03 1.9990450e-02 4.0309575e-01 3.4656908e-04 2.2916258e-03
 5.6805801e-01 2.7598555e-03]",[0.02570526 0.32982677 0.00315674 0.6413112 ],[2.5998545e-06 9.9999744e-01],"[8.0487981e-09 6.0817296e-05 5.5847879e-02 8.1439376e-01 1.2861003e-01
 1.0821233e-03 5.2894998e-06 4.3026130e-08 1.4909078e-10]",2,Others,20-39
/scratch/project_462000771/mengting/projects/bias/Wan2.1/prompt2/selected_faces/detected_person/person_0156_face0.png,White,White,Female,20-29,"[9.9185044e-01 1.5202679e-05 5.3427918e-03 3.1945863e-05 3.1633612e-05
 9.4999712e-05 2.6329742e-03]",[9.9972916e-01 3.9942322e-05 1.2869680e-04 1.0213276e-04],[0.00336848 0.99663156],"[3.8271441e-08 3.8977349e-05 5.4805730e-02 7.6543522e-01 1.7604522e-01
 3.6575682e-03 1.6987418e-05 2.9579081e-07 1.5783147e-08]",1,White,20-39
/scratch/project_462000771/mengting/projects/bias/Wan2.1/prompt2/selected_faces/detected_person/person_0157_face0.png,Black,Black,Male,20-29,"[1.93309575e-06 9.99923408e-01 1.65430829e-05 1.00342525e-07
 1.07522226e-06 5.27596567e-05 4.25114558e-06]",[5.688995e-07 9.999954e-01 4.811659e-07 3.503249e-06],[9.99988377e-01 1.16339725e-05],"[8.2007642e-07 2.7870499e-03 3.8902619e-01 5.7128513e-01 3.5838373e-02
 1.0569791e-03 5.2864539e-06 1.8695047e-07 1.4544612e-08]",0,Black,20-39
/scratch/project_462000771/mengting/projects/bias/Wan2.1/prompt2/selected_faces/detected_person/person_0158_face0.png,White,White,Male,30-39,"[9.8452365e-01 8.4983636e-05 8.5940184e-03 1.4636757e-04 2.0953723e-04
 2.1676297e-04 6.2247007e-03]",[9.9464482e-01 5.4175216e-05 4.0035830e-03 1.2974105e-03],[9.999518e-01 4.821525e-05],"[5.6793533e-07 1.8627388e-05 1.4590783e-03 3.1394011e-01 6.2634742e-01
 5.7829063e-02 4.0121065e-04 3.8300263e-06 1.0622055e-07]",1,White,20-39
/scratch/project_462000771/mengting/projects/bias/Wan2.1/prompt2/selected_faces/detected_person/person_0159_face0.png,Black,Black,Male,20-29,"[1.5539679e-07 9.9998480e-01 8.3879822e-06 7.2600308e-08 2.5652580e-06
 3.6712886e-06 4.0718220e-07]",[1.3500485e-07 9.9999601e-01 2.7372266e-06 1.1409287e-06],[9.9999589e-01 4.1105686e-06],"[1.9460469e-08 3.5569242e-06 8.9491392e-03 7.1343160e-01 2.6683557e-01
 1.0714779e-02 6.4781598e-05 4.7835010e-07 2.2463123e-08]",1,Black,20-39
/scratch/project_462000771/mengting/projects/bias/Wan2.1/prompt2/selected_faces/detected_person/person_0160_face0.png,White,White,Male,20-29,"[9.3369979e-01 2.9295360e-04 3.8609594e-02 7.2906620e-04 8.9769729e-04
 6.2681735e-04 2.5144106e-02]",[9.9852884e-01 5.6414319e-05 1.1999842e-03 2.1471659e-04],[9.9940836e-01 5.9159740e-04],"[7.6299756e-07 2.1091975e-05 4.1660652e-03 5.8093423e-01 3.9633074e-01
 1.8301154e-02 2.3428694e-04 1.0739052e-05 8.2524497e-07]",0,White,20-39
/scratch/project_462000771/mengting/projects/bias/Wan2.1/prompt2/selected_faces/detected_person/person_0161_face0.png,Latino_Hispanic,Indian,Female,20-29,"[0.0224478  0.03057169 0.5388812  0.06630445 0.1638322  0.16761519
 0.01034749]",[0.1439625  0.02828738 0.04812001 0.7796301 ],[0.02364063 0.97635937],"[2.3408827e-08 2.4028363e-06 1.3986914e-02 6.3391799e-01 3.4285542e-01
 9.1831153e-03 5.3068467e-05 1.0190587e-06 8.2602813e-09]",2,Others,20-39
/scratch/project_462000771/mengting/projects/bias/Wan2.1/prompt2/selected_faces/detected_person/person_0162_face0.png,White,White,Male,20-29,"[9.4524646e-01 6.1384213e-05 1.5149021e-02 1.9183541e-04 3.7866726e-04
 1.9608932e-03 3.7011765e-02]",[9.7290242e-01 7.9393154e-04 6.6356594e-04 2.5640100e-02],[9.9938452e-01 6.1545934e-04],"[9.2071332e-06 1.1130677e-03 3.0903399e-02 6.2876320e-01 3.1253406e-01
 2.6440185e-02 2.2703415e-04 9.1396396e-06 7.6025890e-07]",1,White,20-39
/scratch/project_462000771/mengting/projects/bias/Wan2.1/prompt2/selected_faces/detected_person/person_0163_face0.png,White,White,Female,20-29,"[7.1939498e-01 5.2331234e-05 1.9384101e-01 1.3150611e-03 9.2588639e-04
 3.9630467e-03 8.0507636e-02]",[9.4197822e-01 4.8028358e-04 4.3746838e-03 5.3166870e-02],[1.165804e-05 9.999884e-01],"[2.80435564e-09 5.34871879e-06 2.29687933e-02 6.13918364e-01
 3.52267593e-01 1.08142905e-02 2.53062899e-05 2.57450409e-07
 2.97821723e-09]",2,White,20-39
/scratch/project_462000771/mengting/projects/bias/Wan2.1/prompt2/selected_faces/detected_person/person_0164_face0.png,White,White,Female,20-29,"[6.8848532e-01 1.3355807e-03 2.1247362e-01 4.3199011e-04 1.3121635e-03
 1.3636176e-03 9.4597727e-02]",[0.80149806 0.00355017 0.08992728 0.10502443],[0.0191963 0.9808037],"[9.1299188e-07 1.8864802e-04 3.2617759e-02 4.8812163e-01 4.4105256e-01
 3.7669715e-02 3.4208229e-04 6.5840477e-06 1.6283005e-07]",1,White,20-39
/scratch/project_462000771/mengting/projects/bias/Wan2.1/prompt2/selected_faces/detected_person/person_0165_face0.png,White,White,Male,20-29,"[9.7919905e-01 8.5747000e-05 3.1239460e-03 9.4664960e-05 4.6947949e-05
 1.3491928e-04 1.7314671e-02]",[9.9820149e-01 1.2191633e-04 8.8154839e-04 7.9507404e-04],[0.6567353  0.34326467],"[1.6977112e-05 1.5281265e-03 8.6591244e-02 6.9308984e-01 1.9608542e-01
 2.2066716e-02 5.9545465e-04 2.3606628e-05 2.6125147e-06]",1,White,20-39
/scratch/project_462000771/mengting/projects/bias/Wan2.1/prompt2/selected_faces/detected_person/person_0166_face0.png,White,White,Male,30-39,"[9.6531558e-01 2.0388377e-05 1.0689039e-02 1.8270699e-05 5.7052177e-05
 1.3543421e-03 2.2545328e-02]",[9.9055994e-01 2.0980096e-04 1.6954525e-03 7.5347978e-03],[9.9999630e-01 3.6854976e-06],"[6.2073747e-07 2.2662118e-05 2.3264561e-03 3.2495189e-01 6.0666245e-01
 6.5532111e-02 4.9983279e-04 3.8202697e-06 1.7334783e-07]",0,White,20-39
/scratch/project_462000771/mengting/projects/bias/Wan2.1/prompt2/selected_faces/detected_person/person_0167_face0.png,Latino_Hispanic,White,Female,20-29,"[2.9974473e-01 8.8779448e-04 6.3000405e-01 3.4763038e-04 1.6820703e-03
 2.3860883e-02 4.3472860e-02]",[0.6791829  0.07233749 0.00415965 0.24432   ],[2.9167128e-05 9.9997085e-01],"[2.2095294e-09 3.7499574e-06 1.6983123e-02 7.8819925e-01 1.9279151e-01
 2.0183786e-03 3.9843317e-06 2.8562978e-08 2.6056510e-10]",2,Others,20-39
/scratch/project_462000771/mengting/projects/bias/Wan2.1/prompt2/selected_faces/detected_person/person_0168_face0.png,Middle Eastern,White,Male,30-39,"[1.7728564e-01 2.4669075e-03 3.5974485e-01 2.6311146e-04 6.5617025e-04
 6.5591313e-02 3.9399198e-01]",[8.0319810e-01 1.5807402e-03 4.1946964e-04 1.9480170e-01],[9.9986857e-01 1.3141814e-04],"[1.2439377e-05 4.2856624e-05 1.0490001e-03 7.4824035e-02 6.8202484e-01
 2.3059152e-01 1.1302536e-02 1.4908600e-04 3.7398397e-06]",1,Others,20-39
/scratch/project_462000771/mengting/projects/bias/Wan2.1/prompt2/selected_faces/detected_person/person_0169_face0.png,Indian,Black,Male,30-39,"[3.7917795e-04 4.3665412e-01 5.7560939e-02 2.6622665e-04 8.8025723e-03
 4.9555209e-01 7.8493776e-04]",[2.2416418e-04 7.7262968e-01 2.8627861e-02 1.9851822e-01],[0.9943694  0.00563056],"[2.0596271e-06 4.7738824e-05 7.0078243e-03 3.8706213e-01 5.6456083e-01
 4.0801954e-02 5.1307678e-04 4.2954207e-06 9.1848150e-08]",0,Others,20-39
/scratch/project_462000771/mengting/projects/bias/Wan2.1/prompt2/selected_faces/detected_person/person_0170_face0.png,East Asian,Asian,Male,20-29,"[1.5933097e-03 2.9107376e-05 6.1150682e-03 7.7513999e-01 2.1605717e-01
 9.1044971e-04 1.5488401e-04]",[7.5659659e-03 9.4284944e-05 9.8803407e-01 4.3057026e-03],[9.999149e-01 8.506078e-05],"[1.2242893e-07 2.9368814e-05 5.2976076e-02 8.5723305e-01 8.9047052e-02
 7.1142387e-04 2.7393730e-06 2.2114958e-07 6.6172965e-09]",1,Asian,20-39
/scratch/project_462000771/mengting/projects/bias/Wan2.1/prompt2/selected_faces/detected_person/person_0171_face0.png,East Asian,Asian,Male,20-29,"[1.0732622e-04 1.3981057e-05 4.2597847e-03 7.5590438e-01 2.3946203e-01
 2.3933286e-04 1.3185498e-05]",[1.6236189e-04 2.5764577e-05 9.9944925e-01 3.6264324e-04],[9.9999827e-01 1.7313047e-06],"[6.2916286e-08 6.0117300e-06 5.0804978e-03 5.2343267e-01 4.5352125e-01
 1.7829591e-02 1.2560618e-04 4.3234290e-06 3.4471764e-08]",0,Asian,20-39
/scratch/project_462000771/mengting/projects/bias/Wan2.1/prompt2/selected_faces/detected_person/person_0172_face0.png,Black,Black,Male,30-39,"[1.4348105e-07 9.9999481e-01 3.2981791e-06 2.2040096e-08 4.0502795e-07
 1.1946406e-06 1.0637474e-07]",[1.0236967e-07 9.9999857e-01 8.6113351e-07 5.1729813e-07],[9.99987125e-01 1.28503025e-05],"[6.8643117e-06 3.1263565e-04 9.2153288e-03 4.5850796e-01 4.6751288e-01
 6.3109599e-02 1.3190921e-03 1.3723185e-05 1.9534591e-06]",1,Black,20-39
/scratch/project_462000771/mengting/projects/bias/Wan2.1/prompt2/selected_faces/detected_person/person_0173_face0.png,Black,Black,Male,10-19,"[7.6569275e-05 9.5366800e-01 2.7211949e-03 2.6077434e-05 1.1501692e-03
 4.2125113e-02 2.3286029e-04]",[2.4987481e-05 9.8707724e-01 2.1048014e-04 1.2687304e-02],[9.9992216e-01 7.7825753e-05],"[4.8728862e-07 2.9611809e-03 5.7001424e-01 4.1381118e-01 1.2945954e-02
 2.6420763e-04 2.5748548e-06 1.2141678e-07 4.7404085e-09]",0,Black,10-19
/scratch/project_462000771/mengting/projects/bias/Wan2.1/prompt2/selected_faces/detected_person/person_0174_face0.png,White,White,Male,20-29,"[9.9794698e-01 9.2127557e-06 1.0242740e-03 3.6705911e-05 5.9489706e-05
 2.1435641e-05 9.0187718e-04]",[9.9972600e-01 1.8108687e-05 1.2288889e-04 1.3305436e-04],[9.9995047e-01 4.9532893e-05],"[6.4453575e-06 4.9455848e-04 2.9102637e-02 5.6466490e-01 3.7306139e-01
 3.2140147e-02 5.2332552e-04 6.4388328e-06 1.7475193e-07]",1,White,20-39
/scratch/project_462000771/mengting/projects/bias/Wan2.1/prompt2/selected_faces/detected_person/person_0175_face0.png,White,White,Female,20-29,"[7.6697069e-01 2.1813644e-04 7.2054394e-02 4.1030817e-02 1.4624338e-02
 2.0706404e-03 1.0303091e-01]",[0.59713197 0.01897132 0.3667006  0.01719618],[0.02783113 0.97216886],"[1.9140282e-06 2.5438520e-03 2.3097098e-01 6.8304348e-01 8.0593273e-02
 2.8116377e-03 3.2488402e-05 2.1516385e-06 1.6602434e-07]",1,White,20-39
/scratch/project_462000771/mengting/projects/bias/Wan2.1/prompt2/selected_faces/detected_person/person_0176_face0.png,White,White,Male,20-29,"[9.9987382e-01 9.4735491e-08 5.5963545e-05 7.9928504e-06 4.3112173e-06
 4.3712936e-07 5.7443474e-05]",[9.99260724e-01 4.33183715e-07 7.28593208e-04 1.03120765e-05],[9.999999e-01 9.333128e-08],"[1.4120307e-08 7.2048431e-05 4.8893633e-01 5.0643945e-01 4.5032855e-03
 4.8625483e-05 1.8788425e-07 1.8368669e-09 5.2442016e-11]",0,White,20-39
/scratch/project_462000771/mengting/projects/bias/Wan2.1/prompt2/selected_faces/detected_person/person_0177_face0.png,White,White,Male,20-29,"[9.4318581e-01 6.8246573e-04 3.7015289e-02 9.6926698e-05 1.8520154e-04
 7.3669298e-04 1.8097650e-02]",[9.9310905e-01 2.9538749e-03 5.8217644e-04 3.3548889e-03],[9.990918e-01 9.082716e-04],"[3.9316369e-08 2.4203387e-06 3.0304545e-03 5.1697123e-01 4.6800134e-01
 1.1896727e-02 9.6077521e-05 1.5816109e-06 6.1647519e-08]",1,White,20-39
/scratch/project_462000771/mengting/projects/bias/Wan2.1/prompt2/selected_faces/detected_person/person_0178_face0.png,White,White,Female,20-29,"[0.6678884  0.0008732  0.2838597  0.00645486 0.0084832  0.00695781
 0.0254828 ]",[0.94116694 0.01820164 0.0343811  0.00625029],[0.03256766 0.9674323 ],"[1.0848481e-06 1.4668804e-03 2.3951724e-01 6.4876968e-01 1.0503692e-01
 5.1362943e-03 6.8092602e-05 3.7287125e-06 1.5612615e-07]",1,White,20-39
/scratch/project_462000771/mengting/projects/bias/Wan2.1/prompt2/selected_faces/detected_person/person_0179_face0.png,East Asian,Asian,Female,20-29,"[5.6868856e-04 1.3975234e-06 1.4597642e-03 9.5142138e-01 4.6185270e-02
 3.3293862e-04 3.0618423e-05]",[8.8713219e-04 7.6723891e-06 9.9867952e-01 4.2569468e-04],[4.4140709e-04 9.9955857e-01],"[1.1530703e-06 2.9264120e-03 2.9236817e-01 6.8349528e-01 2.0997223e-02
 2.1085815e-04 7.7980468e-07 6.4551507e-08 1.9509530e-09]",0,Asian,20-39
/scratch/project_462000771/mengting/projects/bias/Wan2.1/prompt2/selected_faces/detected_person/person_0180_face0.png,Black,Black,Male,30-39,"[3.0706310e-06 9.9964499e-01 1.2606967e-04 4.3484252e-07 2.3691598e-05
 1.9936635e-04 2.4113015e-06]",[2.0588670e-05 9.9774575e-01 1.3004385e-04 2.1036561e-03],[9.9999893e-01 1.0143544e-06],"[2.9775119e-08 2.6192598e-07 3.1411037e-04 2.7872831e-01 6.8581635e-01
 3.4948930e-02 1.9142248e-04 6.3241146e-07 2.8589564e-08]",1,Black,20-39
/scratch/project_462000771/mengting/projects/bias/Wan2.1/prompt2/selected_faces/detected_person/person_0181_face0.png,White,White,Male,30-39,"[4.8825890e-01 2.9186916e-01 1.3263509e-01 2.5072927e-04 6.0392084e-04
 3.3951107e-02 5.2431099e-02]",[0.8455041  0.07556061 0.00107053 0.07786474],[9.9998707e-01 1.2902363e-05],"[5.1318227e-07 3.7855109e-05 6.3697654e-03 4.4163695e-01 5.3122818e-01
 2.0564888e-02 1.5907659e-04 2.6251080e-06 1.0613988e-07]",1,White,20-39
/scratch/project_462000771/mengting/projects/bias/Wan2.1/prompt2/selected_faces/detected_person/person_0182_face0.png,White,White,Female,30-39,"[9.8163974e-01 2.2684717e-06 2.4842294e-03 4.5418721e-05 4.2241219e-05
 3.8520535e-05 1.5747480e-02]",[9.9724895e-01 2.8027271e-05 1.5432771e-03 1.1797141e-03],[1.2901801e-04 9.9987102e-01],"[1.4391472e-07 2.6653228e-05 9.5510771e-03 4.1101149e-01 5.0347149e-01
 7.5028963e-02 8.8373304e-04 2.5378973e-05 1.1254023e-06]",1,White,20-39
/scratch/project_462000771/mengting/projects/bias/Wan2.1/prompt2/selected_faces/detected_person/person_0183_face0.png,White,White,Female,10-19,"[8.99393499e-01 1.26641635e-05 3.97628173e-02 1.12915291e-02
 2.25058920e-03 2.35056374e-04 4.70537581e-02]",[9.3407518e-01 5.8944116e-04 6.2325671e-02 3.0096865e-03],[0.00524234 0.99475765],"[1.6392103e-07 1.4232493e-03 5.8358097e-01 4.0361682e-01 1.1158646e-02
 2.1924920e-04 8.7495943e-07 4.5266109e-08 4.8518376e-09]",1,White,10-19
/scratch/project_462000771/mengting/projects/bias/Wan2.1/prompt2/selected_faces/detected_person/person_0184_face0.png,White,White,Male,40-49,"[9.5318663e-01 1.4445103e-05 4.8745056e-03 3.6956659e-05 8.2776351e-05
 5.3302967e-04 4.1271739e-02]",[9.9271059e-01 1.1471867e-04 5.7379942e-04 6.6008409e-03],[9.9936855e-01 6.3145586e-04],"[7.6826409e-06 6.2155552e-05 7.2545011e-04 3.2794245e-02 3.6401242e-01
 5.5657333e-01 4.4966973e-02 8.1964803e-04 3.8117436e-05]",1,White,40-59
/scratch/project_462000771/mengting/projects/bias/Wan2.1/prompt2/selected_faces/detected_person/person_0185_face0.png,Latino_Hispanic,White,Female,20-29,"[0.3422092  0.00127293 0.4473202  0.00323742 0.00232641 0.04704579
 0.15658812]",[0.7423138  0.04668724 0.00597333 0.20502569],[9.489951e-06 9.999905e-01],"[2.4131117e-09 2.4828125e-05 9.1736309e-02 8.0969238e-01 9.7339109e-02
 1.2058771e-03 1.4884022e-06 1.7420977e-08 3.0755820e-10]",0,Others,20-39
/scratch/project_462000771/mengting/projects/bias/Wan2.1/prompt2/selected_faces/detected_person/person_0186_face0.png,White,White,Female,20-29,"[4.9613953e-01 1.5016227e-05 2.5901189e-01 6.3466132e-03 2.2397391e-03
 1.8416027e-02 2.1783116e-01]",[9.4808650e-01 4.3319570e-04 2.0542578e-03 4.9426019e-02],[3.160871e-05 9.999684e-01],"[3.5906251e-09 2.3859702e-06 1.1726346e-02 6.8063807e-01 2.9751357e-01
 1.0051069e-02 6.7763096e-05 7.8321085e-07 5.6762737e-09]",2,White,20-39
/scratch/project_462000771/mengting/projects/bias/Wan2.1/prompt2/selected_faces/detected_person/person_0187_face0.png,Black,Black,Male,20-29,"[6.1726569e-06 9.9985629e-01 1.0401165e-04 1.3937486e-07 7.3576489e-06
 2.4758678e-05 1.3126911e-06]",[5.7568141e-06 9.9993366e-01 4.3860458e-05 1.6722661e-05],[9.9999994e-01 8.4216175e-08],"[3.5000021e-08 2.8048862e-05 2.0212585e-02 8.7133765e-01 1.0719601e-01
 1.2194160e-03 6.1919977e-06 9.8026213e-08 6.2090684e-09]",0,Black,20-39
/scratch/project_462000771/mengting/projects/bias/Wan2.1/prompt2/selected_faces/detected_person/person_0188_face0.png,White,White,Male,20-29,"[8.7978142e-01 2.1262388e-04 6.0976367e-02 2.1702515e-04 2.7961165e-04
 1.9311376e-03 5.6601934e-02]",[9.7779787e-01 4.8103905e-04 1.3268756e-03 2.0394299e-02],[9.999167e-01 8.332894e-05],"[1.9088018e-06 6.6833061e-05 6.7513743e-03 5.3847802e-01 4.2754430e-01
 2.6877550e-02 2.7533399e-04 4.5685306e-06 1.2716070e-07]",1,White,20-39
/scratch/project_462000771/mengting/projects/bias/Wan2.1/prompt2/selected_faces/detected_person/person_0189_face0.png,White,Asian,Male,10-19,"[0.40001616 0.00080894 0.32149515 0.07881384 0.0452369  0.01049036
 0.14313877]",[0.37904382 0.00565999 0.5703274  0.04496887],[0.5470006 0.4529994],"[3.8690187e-06 7.9887118e-03 5.9331673e-01 3.8559848e-01 1.2717035e-02
 3.6838962e-04 5.6965337e-06 1.0125671e-06 9.2404200e-08]",0,White,10-19
/scratch/project_462000771/mengting/projects/bias/Wan2.1/prompt2/selected_faces/detected_person/person_0190_face0.png,White,White,Male,20-29,"[9.9990600e-01 1.2559194e-07 4.1490734e-05 1.4610937e-06 2.6381576e-06
 7.0291202e-07 4.7466212e-05]",[9.9995428e-01 1.5909593e-05 1.9199426e-05 1.0544573e-05],[9.99284e-01 7.15971e-04],"[4.04051903e-08 1.04838628e-05 1.12619922e-02 7.82235742e-01
 2.00362697e-01 6.08783169e-03 4.11217625e-05 1.77824049e-07
 1.13373035e-08]",1,White,20-39
/scratch/project_462000771/mengting/projects/bias/Wan2.1/prompt2/selected_faces/detected_person/person_0191_face0.png,Latino_Hispanic,White,Female,20-29,"[2.1792538e-01 5.4551999e-04 4.5801198e-01 3.7995426e-04 6.0540263e-04
 1.4946238e-02 3.0758554e-01]",[0.9500677  0.00262876 0.00107756 0.04622603],[0.00286149 0.99713844],"[2.2546826e-07 2.6933962e-04 1.2672476e-01 6.5597761e-01 2.0306599e-01
 1.3805977e-02 1.5053798e-04 5.3778449e-06 2.0445340e-07]",0,Others,20-39
/scratch/project_462000771/mengting/projects/bias/Wan2.1/prompt2/selected_faces/detected_person/person_0192_face0.png,Black,Black,Male,30-39,"[6.9532039e-06 9.9973929e-01 8.0665806e-05 7.1210559e-07 6.2383733e-06
 1.3296962e-04 3.3246153e-05]",[6.708287e-06 9.999220e-01 7.867041e-06 6.339469e-05],[9.9996948e-01 3.0470352e-05],"[6.9968669e-06 1.9507608e-04 6.4087380e-03 3.1652224e-01 5.6205463e-01
 1.1125931e-01 3.4183175e-03 1.1819286e-04 1.6449212e-05]",1,Black,20-39
/scratch/project_462000771/mengting/projects/bias/Wan2.1/prompt2/selected_faces/detected_person/person_0193_face0.png,East Asian,Asian,Female,20-29,"[2.3525371e-04 6.9693951e-06 4.8403846e-04 9.5252812e-01 4.6660054e-02
 6.6343884e-05 1.9294073e-05]",[8.5185755e-05 5.2016854e-05 9.9985635e-01 6.4703954e-06],[9.530069e-04 9.990470e-01],"[1.7677404e-07 1.2445156e-04 9.3840614e-02 7.9313660e-01 1.0803541e-01
 4.8030270e-03 5.2002237e-05 7.4488917e-06 2.2963387e-07]",2,Asian,20-39
/scratch/project_462000771/mengting/projects/bias/Wan2.1/prompt2/selected_faces/detected_person/person_0194_face0.png,White,White,Female,20-29,"[9.9996459e-01 6.4038744e-08 2.2684340e-05 1.4959545e-07 1.1963135e-07
 2.1350444e-07 1.2121109e-05]",[9.9997663e-01 2.5584336e-06 9.2490654e-06 1.1488089e-05],[4.5239878e-05 9.9995470e-01],"[1.6040937e-09 1.1157462e-05 3.8228597e-02 8.8423032e-01 7.6532133e-02
 9.9640503e-04 1.2965700e-06 6.7889063e-09 3.0576819e-10]",1,White,20-39
/scratch/project_462000771/mengting/projects/bias/Wan2.1/prompt2/selected_faces/detected_person/person_0195_face0.png,White,White,Male,20-29,"[5.2120036e-01 3.6115802e-03 2.7436796e-01 1.8541228e-04 6.8630057e-04
 5.1456951e-03 1.9480269e-01]",[0.7351284  0.25815943 0.00144191 0.00527031],[0.9301909  0.06980908],"[8.3727816e-09 1.1629763e-05 1.0854502e-01 8.1636381e-01 7.4137002e-02
 9.3879021e-04 3.7251691e-06 5.7839177e-08 1.3106130e-09]",1,White,20-39
/scratch/project_462000771/mengting/projects/bias/Wan2.1/prompt2/selected_faces/detected_person/person_0196_face0.png,Middle Eastern,Indian,Female,20-29,"[0.07962235 0.02462856 0.36161307 0.00053412 0.00059303 0.15673348
 0.37627536]",[3.8248089e-01 2.7052268e-02 3.4141148e-04 5.9012544e-01],[1.6361891e-04 9.9983639e-01],"[4.9969273e-08 1.3759286e-04 9.9731341e-02 8.4857380e-01 5.1060081e-02
 4.9399183e-04 3.0168540e-06 7.0692451e-08 1.5280625e-09]",0,Others,20-39
/scratch/project_462000771/mengting/projects/bias/Wan2.1/prompt2/selected_faces/detected_person/person_0197_face0.png,White,White,Female,30-39,"[8.5261434e-01 3.9856764e-06 5.3065941e-02 2.4093162e-02 2.7878263e-03
 7.5896137e-04 6.6675767e-02]",[9.8632956e-01 9.5839809e-05 8.8889040e-03 4.6857102e-03],[3.0115565e-05 9.9996984e-01],"[1.2690010e-08 4.9110618e-06 8.0006113e-03 3.7883770e-01 5.4574412e-01
 6.6577785e-02 8.1363728e-04 2.0841879e-05 3.5865645e-07]",1,White,20-39
/scratch/project_462000771/mengting/projects/bias/Wan2.1/prompt2/selected_faces/detected_person/person_0198_face0.png,White,White,Male,30-39,"[9.6043956e-01 1.3989732e-05 5.5551417e-03 4.2879997e-06 2.0842173e-05
 1.6885084e-03 3.2277599e-02]",[9.6504080e-01 2.7977879e-04 5.5400415e-05 3.4624033e-02],[9.9915797e-01 8.4202469e-04],"[7.1717318e-07 1.9736613e-05 1.0400704e-03 1.2591614e-01 7.1359777e-01
 1.5784946e-01 1.5656844e-03 1.0170474e-05 2.9741756e-07]",0,White,20-39
/scratch/project_462000771/mengting/projects/bias/Wan2.1/prompt2/selected_faces/detected_person/person_0199_face0.png,Black,Black,Male,20-29,"[7.0119882e-04 8.6069041e-01 5.0880533e-02 1.5289085e-04 3.3563171e-03
 8.1474856e-02 2.7437815e-03]",[3.0339559e-04 9.9324054e-01 7.3127693e-04 5.7248101e-03],[0.9956614  0.00433865],"[2.67119077e-07 5.09594938e-05 1.90755483e-02 5.87136626e-01
 3.82344306e-01 1.12864869e-02 1.04102524e-04 1.57287116e-06
 3.39848043e-08]",0,Black,20-39
/scratch/project_462000771/mengting/projects/bias/Wan2.1/prompt2/selected_faces/detected_person/person_0200_face0.png,Black,Black,Male,20-29,"[8.1214775e-06 9.9964321e-01 1.8403452e-04 2.5082153e-07 8.4996864e-06
 1.2017152e-04 3.5663979e-05]",[5.0539402e-06 9.9996018e-01 9.5425557e-06 2.5191473e-05],[9.9999869e-01 1.3257786e-06],"[5.09824702e-07 5.17920649e-04 1.17332615e-01 7.91752219e-01
 8.80678892e-02 2.31076032e-03 1.71612483e-05 8.14086377e-07
 4.63398564e-08]",1,Black,20-39
/scratch/project_462000771/mengting/projects/bias/Wan2.1/prompt2/selected_faces/detected_person/person_0201_face0.png,White,White,Male,30-39,"[9.1343582e-01 5.2016659e-04 3.3009294e-02 3.9358700e-05 1.7217862e-04
 2.6249846e-03 5.0198197e-02]",[0.9777176  0.00266258 0.00253357 0.01708631],[9.9999654e-01 3.4472876e-06],"[7.9746677e-08 3.5463372e-06 3.8168702e-04 2.1025231e-01 7.4935198e-01
 3.9844789e-02 1.6487762e-04 6.8973833e-07 2.1222229e-08]",1,White,20-39
/scratch/project_462000771/mengting/projects/bias/Wan2.1/prompt2/selected_faces/detected_person/person_0202_face0.png,Latino_Hispanic,Indian,Male,30-39,"[1.0545380e-01 1.1427440e-03 5.6135553e-01 2.5322157e-04 1.5293395e-03
 2.8032246e-01 4.9942948e-02]",[1.4978108e-01 2.3884017e-03 5.4118311e-04 8.4728938e-01],[9.9995542e-01 4.4596167e-05],"[5.6259955e-07 7.9732208e-06 3.7028079e-04 1.7830485e-01 7.5879759e-01
 6.2251665e-02 2.6534975e-04 1.7495942e-06 2.9075364e-08]",1,Others,20-39
/scratch/project_462000771/mengting/projects/bias/Wan2.1/prompt2/selected_faces/detected_person/person_0203_face0.png,East Asian,Asian,Female,20-29,"[9.1967877e-04 5.2434330e-06 5.2887327e-03 9.3678588e-01 5.6286208e-02
 5.0121191e-04 2.1304147e-04]",[7.3038385e-04 1.6613498e-05 9.9890435e-01 3.4872247e-04],[8.7607186e-04 9.9912393e-01],"[4.82613309e-08 4.80532763e-05 8.13500434e-02 8.43597710e-01
 7.37512112e-02 1.24616874e-03 6.28238013e-06 5.05468961e-07
 1.03749915e-08]",2,Asian,20-39
/scratch/project_462000771/mengting/projects/bias/Wan2.1/prompt2/selected_faces/detected_person/person_0204_face0.png,White,White,Female,20-29,"[9.5768780e-01 4.3034673e-04 2.6387192e-02 5.4001535e-05 1.2084528e-04
 3.2256211e-03 1.2094137e-02]",[9.9437106e-01 9.9330186e-04 2.0306782e-04 4.4325585e-03],[0.05078089 0.94921917],"[2.3626737e-07 7.0292590e-05 3.1049516e-02 6.8858266e-01 2.6472402e-01
 1.5390696e-02 1.7589347e-04 6.0918878e-06 5.5133665e-07]",1,White,20-39
/scratch/project_462000771/mengting/projects/bias/Wan2.1/prompt2/selected_faces/detected_person/person_0205_face0.png,White,White,Female,20-29,"[5.5680621e-01 4.6615361e-04 3.4878650e-01 2.6020415e-02 3.3544850e-02
 6.3186171e-03 2.8057212e-02]",[9.9221760e-01 1.9552468e-04 2.6420492e-03 4.9447669e-03],[0.03309334 0.9669067 ],"[5.1668167e-08 7.4168005e-05 1.5976097e-01 7.4681735e-01 9.1254994e-02
 2.0837355e-03 8.4409139e-06 2.8297282e-07 9.6317487e-09]",1,White,20-39
/scratch/project_462000771/mengting/projects/bias/Wan2.1/prompt2/selected_faces/detected_person/person_0206_face0.png,White,White,Male,20-29,"[8.2581776e-01 2.7031769e-04 4.4807170e-02 6.1563170e-04 1.2606864e-03
 1.7539992e-03 1.2547442e-01]",[9.8783797e-01 3.4253395e-04 2.5532602e-03 9.2662787e-03],[9.994699e-01 5.301222e-04],"[3.3547644e-07 7.3776435e-05 7.7119075e-02 8.0993539e-01 1.0944464e-01
 3.3879473e-03 3.7579448e-05 1.1913050e-06 6.1831123e-08]",1,White,20-39
/scratch/project_462000771/mengting/projects/bias/Wan2.1/prompt2/selected_faces/detected_person/person_0207_face0.png,White,White,Female,20-29,"[6.9374412e-01 1.2976069e-04 1.0200356e-01 2.6268058e-04 2.9920929e-04
 8.6949731e-04 2.0269112e-01]",[9.9752057e-01 2.7546115e-04 9.6733298e-04 1.2366684e-03],[0.05000796 0.94999206],"[1.8820006e-07 3.5808302e-05 3.6453370e-02 5.4779518e-01 3.6927089e-01
 4.5617301e-02 8.0967962e-04 1.7275795e-05 2.1800237e-07]",1,White,20-39
/scratch/project_462000771/mengting/projects/bias/Wan2.1/prompt2/selected_faces/detected_person/person_0208_face0.png,Black,Black,Female,20-29,"[4.1968175e-05 9.6935344e-01 3.1372744e-03 1.8574859e-05 6.1558181e-04
 2.6817413e-02 1.5632331e-05]",[5.4514735e-06 9.9753809e-01 1.6746631e-04 2.2890074e-03],[3.4510423e-04 9.9965495e-01],"[3.0803310e-08 7.4358562e-05 6.3181259e-02 7.8740710e-01 1.4597921e-01
 3.3145200e-03 4.3073273e-05 4.3100079e-07 4.3110400e-09]",1,Black,20-39
/scratch/project_462000771/mengting/projects/bias/Wan2.1/prompt2/selected_faces/detected_person/person_0209_face0.png,Black,Black,Male,20-29,"[4.8282578e-07 9.9998134e-01 9.3903136e-06 2.5779411e-07 4.5365550e-06
 3.9079741e-06 8.3768803e-08]",[3.4487954e-07 9.9999124e-01 7.5237485e-06 8.9132391e-07],[0.6824692  0.31753084],"[3.3206445e-07 6.2967505e-04 2.3968330e-01 7.2694504e-01 3.2385848e-02
 3.5464216e-04 1.0837182e-06 1.0065745e-08 1.2594564e-09]",1,Black,20-39
/scratch/project_462000771/mengting/projects/bias/Wan2.1/prompt2/selected_faces/detected_person/person_0210_face0.png,White,White,Male,20-29,"[9.9389511e-01 2.8032480e-05 2.9328221e-03 1.6989466e-04 3.1416639e-04
 4.7788788e-05 2.6121850e-03]",[9.9923128e-01 2.9671253e-06 7.0509344e-04 6.0689690e-05],[9.999818e-01 1.825334e-05],"[2.5471590e-07 5.1495492e-05 8.4959172e-02 8.3028352e-01 8.0717191e-02
 3.9094030e-03 7.7158344e-05 1.7084622e-06 7.1742669e-08]",0,White,20-39
/scratch/project_462000771/mengting/projects/bias/Wan2.1/prompt2/selected_faces/detected_person/person_0211_face0.png,Black,Black,Male,30-39,"[1.6468526e-08 9.9998546e-01 3.6801904e-07 3.0974550e-09 3.4000099e-08
 1.4168277e-05 1.8395601e-08]",[1.0193369e-07 9.9998736e-01 1.4149197e-06 1.1122105e-05],[9.9996853e-01 3.1468626e-05],"[1.2004558e-08 8.5738645e-07 4.2912448e-04 1.8808378e-01 6.5021908e-01
 1.5880975e-01 2.4334358e-03 2.3324026e-05 7.0705761e-07]",0,Black,20-39
/scratch/project_462000771/mengting/projects/bias/Wan2.1/prompt2/selected_faces/detected_person/person_0212_face0.png,Black,Black,Male,20-29,"[2.6632740e-06 9.9981630e-01 8.8354398e-05 5.5056313e-07 2.1033578e-05
 6.8466536e-05 2.7648337e-06]",[1.6032307e-06 9.9991256e-01 9.6694248e-06 7.6211720e-05],[0.9981602  0.00183985],"[3.2445589e-06 2.0856367e-04 2.8804647e-02 7.5205886e-01 2.1068354e-01
 8.1784744e-03 6.1596133e-05 1.0136008e-06 9.9177974e-08]",0,Black,20-39
/scratch/project_462000771/mengting/projects/bias/Wan2.1/prompt2/selected_faces/detected_person/person_0213_face0.png,White,White,Male,20-29,"[6.6139394e-01 7.1143033e-03 2.4662222e-01 3.4013373e-04 1.8511855e-03
 1.3279158e-02 6.9399133e-02]",[0.8198965  0.06894309 0.00427439 0.10688601],[9.9999195e-01 8.0289974e-06],"[1.2634140e-07 2.7078873e-04 2.4521291e-01 7.1425772e-01 3.9789326e-02
 4.6717533e-04 1.8923363e-06 6.5511372e-08 3.0129397e-09]",0,White,20-39
/scratch/project_462000771/mengting/projects/bias/Wan2.1/prompt2/selected_faces/detected_person/person_0214_face0.png,White,White,Male,30-39,"[9.9589676e-01 7.7755880e-07 1.8542560e-03 7.3916977e-04 3.7200272e-04
 6.2436658e-05 1.0745904e-03]",[9.99739766e-01 3.52453242e-07 2.49197037e-04 1.06597645e-05],[0.6199053 0.3800947],"[3.9505375e-07 2.0076533e-05 7.2865216e-03 3.3144647e-01 4.6860075e-01
 1.8657127e-01 5.9184646e-03 1.4718517e-04 8.8754960e-06]",1,White,20-39
/scratch/project_462000771/mengting/projects/bias/Wan2.1/prompt2/selected_faces/detected_person/person_0215_face0.png,Black,Black,Male,20-29,"[1.7716455e-06 9.9993616e-01 2.7937311e-05 9.2386614e-08 1.8553818e-06
 2.7724001e-05 4.5683450e-06]",[2.9452547e-06 9.9997723e-01 8.5649845e-06 1.1212983e-05],[9.9998838e-01 1.1651761e-05],"[2.0857362e-06 4.1263714e-04 3.3706397e-02 6.7189515e-01 2.7902147e-01
 1.4728927e-02 2.2202602e-04 1.0066244e-05 1.1886501e-06]",1,Black,20-39
/scratch/project_462000771/mengting/projects/bias/Wan2.1/prompt2/selected_faces/detected_person/person_0216_face0.png,East Asian,Asian,Male,10-19,"[2.7506463e-05 8.0222847e-08 2.5581518e-05 9.7372526e-01 2.6215233e-02
 5.7646744e-06 6.7238625e-07]",[5.2601168e-05 8.3424065e-06 9.9983168e-01 1.0744458e-04],[0.63008386 0.3699161 ],"[2.1170258e-07 7.8155531e-04 5.1624691e-01 4.7828507e-01 4.6577635e-03
 2.8295764e-05 1.3328301e-07 1.9437566e-08 4.9021320e-10]",2,Asian,10-19
/scratch/project_462000771/mengting/projects/bias/Wan2.1/prompt2/selected_faces/detected_person/person_0217_face0.png,Latino_Hispanic,Black,Female,20-29,"[0.04303399 0.16462162 0.7307793  0.00143918 0.00363191 0.03101674
 0.02547723]",[0.30860236 0.5805147  0.015926   0.09495698],[0.00540544 0.9945945 ],"[1.6373585e-07 3.6934973e-04 2.1059102e-01 6.6002172e-01 1.2547635e-01
 3.5150438e-03 2.5200427e-05 1.0150551e-06 5.4083046e-08]",1,Others,20-39
/scratch/project_462000771/mengting/projects/bias/Wan2.1/prompt2/selected_faces/detected_person/person_0218_face0.png,White,White,Male,30-39,"[8.4247553e-01 1.3732885e-04 9.6310712e-02 7.9195066e-05 1.7394187e-04
 9.9233072e-03 5.0899953e-02]",[9.8968655e-01 1.8884029e-04 7.1576702e-05 1.0053055e-02],[9.999786e-01 2.136607e-05],"[7.23929716e-08 9.03019497e-07 1.94927357e-04 9.56094041e-02
 7.51876473e-01 1.50836825e-01 1.47570972e-03 5.58787588e-06
 1.09326386e-07]",1,White,20-39
/scratch/project_462000771/mengting/projects/bias/Wan2.1/prompt2/selected_faces/detected_person/person_0219_face0.png,White,White,Male,20-29,"[9.9775559e-01 6.7980268e-06 5.8602140e-04 2.3036417e-05 4.8752889e-05
 1.1812422e-05 1.5680825e-03]",[9.9997276e-01 1.9040229e-07 1.0798689e-05 1.6300670e-05],[9.9998766e-01 1.2342280e-05],"[1.5685744e-07 6.2870917e-05 2.4377348e-02 8.1512946e-01 1.5641829e-01
 3.9834417e-03 2.8136556e-05 3.7129377e-07 1.2234683e-08]",0,White,20-39
/scratch/project_462000771/mengting/projects/bias/Wan2.1/prompt2/selected_faces/detected_person/person_0220_face0.png,White,White,Male,20-29,"[6.5066105e-01 2.3063589e-04 1.3100578e-01 2.5143198e-04 7.3637022e-04
 7.8246854e-03 2.0929003e-01]",[9.7276509e-01 3.0060034e-04 2.6455547e-03 2.4288710e-02],[0.99886453 0.00113548],"[2.3016359e-07 1.4101716e-05 1.1131861e-02 5.7184803e-01 4.0737662e-01
 9.5856944e-03 4.2244417e-05 1.1720384e-06 4.0538239e-08]",1,White,20-39
/scratch/project_462000771/mengting/projects/bias/Wan2.1/prompt2/selected_faces/detected_person/person_0221_face0.png,White,Indian,Male,30-39,"[5.0829667e-01 3.1794235e-03 1.8476869e-01 3.8686401e-04 1.5726575e-03
 9.5487945e-02 2.0630777e-01]",[0.26740238 0.02003653 0.01321951 0.6993416 ],[9.9993765e-01 6.2292238e-05],"[1.17359480e-06 1.52353387e-05 5.71641431e-04 4.54517007e-02
 6.10332489e-01 3.33544970e-01 1.00117475e-02 6.96269271e-05
 1.32214461e-06]",1,White,20-39
/scratch/project_462000771/mengting/projects/bias/Wan2.1/prompt2/selected_faces/detected_person/person_0222_face0.png,White,White,Male,40-49,"[8.1478357e-01 2.0203899e-04 5.3966336e-02 4.6104554e-04 1.0993637e-03
 1.4663039e-02 1.1482453e-01]",[9.5574594e-01 1.2307536e-04 7.0963398e-04 4.3421380e-02],[9.9919057e-01 8.0943259e-04],"[3.3343249e-06 1.9091694e-05 3.8540154e-04 2.6230868e-02 3.5642022e-01
 5.4647952e-01 6.9079138e-02 1.2939048e-03 8.8530724e-05]",1,White,40-59
/scratch/project_462000771/mengting/projects/bias/Wan2.1/prompt2/selected_faces/detected_person/person_0223_face0.png,East Asian,Asian,Female,20-29,"[2.7134922e-01 1.1552516e-04 2.3332065e-02 6.1757565e-01 8.3886459e-02
 6.3555560e-04 3.1055401e-03]",[0.17431848 0.00984371 0.7889134  0.02692441],[0.3422597  0.65774024],"[1.1086010e-05 4.4379351e-03 1.8343052e-01 6.1159390e-01 1.8436743e-01
 1.5575248e-02 5.4881361e-04 3.1457923e-05 3.5602006e-06]",1,Asian,20-39
/scratch/project_462000771/mengting/projects/bias/Wan2.1/prompt2/selected_faces/detected_person/person_0224_face0.png,East Asian,Asian,Female,20-29,"[1.0270613e-04 2.2510270e-07 8.2137652e-05 9.6838760e-01 3.1419307e-02
 6.0731682e-06 1.9758334e-06]",[1.8150666e-04 9.4529232e-06 9.9978215e-01 2.6910571e-05],[0.01486828 0.98513174],"[8.92478553e-08 6.50163784e-05 8.34854692e-02 8.12328279e-01
 1.00178756e-01 3.90631147e-03 3.22092055e-05 3.79701464e-06
 1.36097086e-07]",0,Asian,20-39
/scratch/project_462000771/mengting/projects/bias/Wan2.1/prompt2/selected_faces/detected_person/person_0225_face0.png,East Asian,Asian,Female,20-29,"[6.7758653e-04 2.1720214e-06 1.4439909e-03 9.4912177e-01 4.8533916e-02
 4.4169417e-05 1.7643136e-04]",[1.7516216e-03 1.2054571e-06 9.9821466e-01 3.2513657e-05],[1.3284356e-04 9.9986714e-01],"[1.5432957e-07 1.3221739e-04 4.0811546e-02 8.3870184e-01 1.1732841e-01
 3.0103875e-03 1.4609186e-05 8.4425619e-07 1.8471596e-08]",0,Asian,20-39
/scratch/project_462000771/mengting/projects/bias/Wan2.1/prompt2/selected_faces/detected_person/person_0226_face0.png,White,White,Female,20-29,"[6.3086241e-01 5.8809214e-04 2.9964167e-01 5.3560995e-03 4.2105126e-03
 5.9347022e-03 5.3406525e-02]",[0.88484216 0.0818253  0.01195917 0.02137348],[0.03952615 0.9604739 ],"[1.0996226e-08 1.2255794e-05 6.9867708e-02 7.5988930e-01 1.6707963e-01
 3.1388593e-03 1.2002142e-05 2.2708448e-07 6.9095396e-09]",0,White,20-39
/scratch/project_462000771/mengting/projects/bias/Wan2.1/prompt2/selected_faces/detected_person/person_0227_face0.png,East Asian,Asian,Male,20-29,"[3.2776869e-03 7.8521221e-04 1.9300761e-02 5.6343824e-01 4.0324202e-01
 9.7256480e-03 2.3046196e-04]",[0.00698772 0.0266847  0.95789135 0.00843627],[9.991404e-01 8.596703e-04],"[1.4868074e-06 2.9306515e-04 1.0190551e-01 7.9488641e-01 1.0090166e-01
 1.9924212e-03 1.7942968e-05 1.4315120e-06 8.0578509e-08]",1,Asian,20-39
/scratch/project_462000771/mengting/projects/bias/Wan2.1/prompt2/selected_faces/detected_person/person_0228_face0.png,White,White,Male,20-29,"[9.9952799e-01 7.1150737e-07 2.6247429e-04 1.8959727e-05 1.9284002e-05
 1.0026959e-05 1.6050364e-04]",[9.9963325e-01 9.8170924e-05 1.8671589e-04 8.1855665e-05],[9.999919e-01 8.051153e-06],"[8.6931436e-08 8.6167001e-06 7.7357986e-03 6.5685886e-01 3.1536302e-01
 1.9800160e-02 2.3190603e-04 1.6033337e-06 5.0765980e-08]",1,White,20-39
/scratch/project_462000771/mengting/projects/bias/Wan2.1/prompt2/selected_faces/detected_person/person_0229_face0.png,White,White,Male,20-29,"[9.8572004e-01 3.4622851e-06 8.6536575e-03 1.7032407e-04 2.1313374e-04
 3.1076992e-04 4.9286517e-03]",[9.9916422e-01 2.0290823e-05 1.3542765e-04 6.8003638e-04],[9.9995893e-01 4.1069761e-05],"[2.6870879e-07 1.5628750e-05 4.5072869e-03 5.7549107e-01 4.0455440e-01
 1.5352298e-02 7.8591343e-05 5.1131531e-07 1.8011743e-08]",1,White,20-39
/scratch/project_462000771/mengting/projects/bias/Wan2.1/prompt2/selected_faces/detected_person/person_0230_face0.png,White,White,Female,20-29,"[7.8668308e-01 1.5861537e-04 1.3445115e-01 3.8019687e-04 2.9157163e-04
 1.2788652e-03 7.6756515e-02]",[9.9487853e-01 3.1877746e-04 6.1842689e-04 4.1842600e-03],[0.01116815 0.9888318 ],"[1.1412143e-08 1.4190778e-05 5.0923534e-02 7.7243894e-01 1.7246671e-01
 4.1372883e-03 1.8817153e-05 4.7425311e-07 2.1001178e-08]",1,White,20-39
/scratch/project_462000771/mengting/projects/bias/Wan2.1/prompt2/selected_faces/detected_person/person_0231_face0.png,Latino_Hispanic,Asian,Female,20-29,"[0.20500071 0.01545025 0.54195076 0.11228473 0.03530565 0.07716159
 0.01284625]",[0.08293372 0.02491503 0.8712659  0.02088535],[0.060555  0.9394451],"[1.1862502e-07 3.2040130e-04 3.4558481e-01 6.2885338e-01 2.4828138e-02
 4.1123293e-04 1.8240133e-06 1.1109387e-07 1.0077905e-08]",0,Others,20-39
/scratch/project_462000771/mengting/projects/bias/Wan2.1/prompt2/selected_faces/detected_person/person_0232_face0.png,Black,Black,Female,20-29,"[2.6054375e-05 9.7763562e-01 4.3358011e-03 1.5931515e-04 3.2936716e-03
 1.4545112e-02 4.4341327e-06]",[2.1593160e-05 9.9885994e-01 2.2135515e-04 8.9713524e-04],[3.0412377e-05 9.9996960e-01],"[9.82432180e-09 4.72810607e-05 6.60476759e-02 8.44678223e-01
 8.84695351e-02 7.54609879e-04 2.72457737e-06 1.43424534e-08
 1.46622978e-10]",0,Black,20-39
/scratch/project_462000771/mengting/projects/bias/Wan2.1/prompt2/selected_faces/detected_person/person_0233_face0.png,Latino_Hispanic,Black,Female,20-29,"[6.5195709e-02 9.2221484e-02 4.7224632e-01 1.4151228e-04 3.3297425e-04
 2.1673386e-01 1.5312809e-01]",[0.13006265 0.6549422  0.00068959 0.21430549],[3.8365173e-04 9.9961638e-01],"[2.7355730e-08 2.3318247e-05 3.2503296e-02 7.4513435e-01 2.1907631e-01
 3.2414638e-03 2.1020644e-05 2.5181353e-07 3.7365342e-09]",0,Others,20-39
/scratch/project_462000771/mengting/projects/bias/Wan2.1/prompt2/selected_faces/detected_person/person_0234_face0.png,White,White,Female,20-29,"[4.0485266e-01 1.4983855e-04 1.9319631e-01 3.7964503e-03 2.2277888e-03
 3.7542556e-03 3.9202264e-01]",[0.97770035 0.00130661 0.01491899 0.00607399],[0.00214254 0.99785745],"[1.4291209e-08 5.4977927e-06 2.7964041e-02 6.6426289e-01 2.9678252e-01
 1.0925152e-02 5.8831945e-05 1.0959411e-06 2.6378673e-08]",0,White,20-39
/scratch/project_462000771/mengting/projects/bias/Wan2.1/prompt2/selected_faces/detected_person/person_0235_face0.png,White,White,Female,20-29,"[7.3606259e-01 4.6305682e-05 5.6365483e-02 6.5798755e-04 5.6758180e-04
 1.6807999e-03 2.0461930e-01]",[0.8897615  0.00189463 0.09641068 0.01193313],[0.01368658 0.98631346],"[1.0439579e-06 8.3182364e-05 2.1124108e-02 4.7350374e-01 4.3473178e-01
 6.8968281e-02 1.5165914e-03 6.8622765e-05 2.6315704e-06]",1,White,20-39
/scratch/project_462000771/mengting/projects/bias/Wan2.1/prompt2/selected_faces/detected_person/person_0236_face0.png,White,White,Male,20-29,"[9.9926400e-01 2.3359171e-07 3.2546153e-04 3.0739928e-05 1.8282932e-05
 1.1095770e-05 3.5019193e-04]",[9.99734163e-01 5.57306748e-06 1.46189122e-04 1.14115785e-04],[9.9999261e-01 7.3703495e-06],"[3.8495376e-08 7.6697943e-06 8.9318585e-03 8.4955132e-01 1.3943182e-01
 2.0713916e-03 5.9281674e-06 4.6002196e-08 1.5886271e-09]",1,White,20-39
/scratch/project_462000771/mengting/projects/bias/Wan2.1/prompt2/selected_faces/detected_person/person_0237_face0.png,Black,Black,Male,10-19,"[2.1917101e-04 9.2392522e-01 4.8871338e-03 3.4626009e-04 3.3761412e-03
 6.6888846e-02 3.5720225e-04]",[1.5131454e-04 9.3819046e-01 1.1070661e-03 6.0551140e-02],[0.9258732  0.07412681],"[3.7189518e-05 3.2450460e-02 5.1382339e-01 4.0113389e-01 4.9818307e-02
 2.6650303e-03 6.4328204e-05 6.6584898e-06 7.4255422e-07]",0,Black,10-19
/scratch/project_462000771/mengting/projects/bias/Wan2.1/prompt2/selected_faces/detected_person/person_0238_face0.png,White,White,Male,20-29,"[5.6833732e-01 1.9907135e-04 1.1822868e-01 2.1968830e-05 7.0091257e-05
 5.3426273e-02 2.5971663e-01]",[9.6152097e-01 6.6216930e-04 3.5680900e-04 3.7460085e-02],[9.9998450e-01 1.5454487e-05],"[1.1467181e-06 2.7212474e-05 4.3058945e-03 5.5770391e-01 4.2644820e-01
 1.1469526e-02 4.3702301e-05 4.0139321e-07 1.1397644e-08]",1,White,20-39
/scratch/project_462000771/mengting/projects/bias/Wan2.1/prompt2/selected_faces/detected_person/person_0239_face0.png,White,White,Male,20-29,"[9.99116302e-01 2.45442288e-06 5.64070302e-04 3.17615059e-06
 6.01561896e-06 1.24049275e-05 2.95660575e-04]",[9.9698418e-01 9.2134280e-05 2.0541831e-04 2.7182593e-03],[9.9987942e-01 1.2060329e-04],"[8.0244769e-07 5.0706614e-05 1.5084918e-02 6.6298819e-01 3.0165756e-01
 1.9935736e-02 2.7889031e-04 3.1744296e-06 1.2439529e-07]",1,White,20-39
/scratch/project_462000771/mengting/projects/bias/Wan2.1/prompt2/selected_faces/detected_person/person_0240_face0.png,White,White,Female,20-29,"[8.7903064e-01 2.3349683e-05 9.6625976e-02 3.2461234e-03 1.8349951e-03
 1.9748495e-03 1.7264085e-02]",[9.9486786e-01 6.1561106e-05 2.8526259e-03 2.2179543e-03],[0.00736536 0.99263465],"[1.0635924e-07 2.0307416e-04 1.5482399e-01 7.6154912e-01 8.1188932e-02
 2.2247056e-03 9.7944612e-06 3.3044390e-07 2.0071539e-08]",1,White,20-39
/scratch/project_462000771/mengting/projects/bias/Wan2.1/prompt2/selected_faces/detected_person/person_0241_face0.png,White,White,Male,30-39,"[8.8960087e-01 1.6897017e-04 4.8303682e-02 6.2661036e-04 7.6828495e-04
 1.5997048e-03 5.8931850e-02]",[9.9601543e-01 1.4255242e-04 1.6882335e-03 2.1537237e-03],[9.9994594e-01 5.4086100e-05],"[9.6783225e-08 2.0383736e-06 1.2808989e-03 4.0957612e-01 5.6419587e-01
 2.4784163e-02 1.5856395e-04 2.0629000e-06 6.9620050e-08]",1,White,20-39
/scratch/project_462000771/mengting/projects/bias/Wan2.1/prompt2/selected_faces/detected_person/person_0242_face0.png,Black,Black,Male,20-29,"[4.9062117e-05 9.1588688e-01 4.1274792e-03 5.8603933e-04 2.4294764e-02
 5.5031523e-02 2.4381001e-05]",[1.7136303e-05 9.9608219e-01 1.1117853e-03 2.7888708e-03],[0.99164194 0.00835804],"[2.6210725e-07 3.3368170e-04 1.8375526e-01 7.3876709e-01 7.6022789e-02
 1.1133522e-03 7.3111155e-06 2.3641441e-07 8.8689536e-09]",1,Black,20-39
/scratch/project_462000771/mengting/projects/bias/Wan2.1/prompt2/selected_faces/detected_person/person_0243_face0.png,Indian,Black,Male,30-39,"[1.9342576e-03 2.2513570e-01 7.5882323e-02 1.8727587e-04 4.9086455e-03
 6.9075119e-01 1.2006352e-03]",[0.01498444 0.6534724  0.00313537 0.32840776],[9.9988157e-01 1.1842419e-04],"[1.4303730e-06 2.4097089e-05 2.9513899e-03 2.9882017e-01 6.4456731e-01
 5.2817848e-02 8.0328342e-04 1.4162767e-05 3.1440402e-07]",1,Others,20-39
/scratch/project_462000771/mengting/projects/bias/Wan2.1/prompt2/selected_faces/detected_person/person_0244_face0.png,White,White,Female,20-29,"[0.7771138  0.00318369 0.11035589 0.03591622 0.02527236 0.00121617
 0.04694189]",[7.5350392e-01 1.3644015e-03 2.4489647e-01 2.3527224e-04],[0.3510211 0.6489789],"[8.8331922e-07 2.6726932e-04 9.2542410e-02 8.0745274e-01 9.6770652e-02
 2.9079427e-03 5.2738385e-05 4.6351411e-06 7.3094509e-07]",0,White,20-39
/scratch/project_462000771/mengting/projects/bias/Wan2.1/prompt2/selected_faces/detected_person/person_0245_face0.png,East Asian,Asian,Female,20-29,"[2.1251614e-04 7.3928413e-07 1.1117082e-04 9.7055286e-01 2.9086027e-02
 2.8323262e-05 8.3395307e-06]",[4.9275575e-05 4.3464015e-06 9.9991703e-01 2.9317967e-05],[1.0798801e-04 9.9989200e-01],"[6.1363990e-06 4.1249408e-03 1.7037410e-01 7.6789171e-01 5.4820817e-02
 2.7493979e-03 2.9028526e-05 3.6760728e-06 1.5265815e-07]",2,Asian,20-39
/scratch/project_462000771/mengting/projects/bias/Wan2.1/prompt2/selected_faces/detected_person/person_0246_face0.png,Black,Black,Male,20-29,"[5.5156011e-07 9.9994040e-01 1.5317470e-05 8.0510063e-08 2.1052017e-06
 4.1265197e-05 3.0685578e-07]",[8.9265507e-07 9.9996990e-01 3.9568149e-06 2.5200319e-05],[9.9999976e-01 2.2935865e-07],"[4.9884012e-08 1.5760639e-05 1.4398166e-02 8.5642636e-01 1.2745793e-01
 1.6974850e-03 4.1598564e-06 2.8155185e-08 1.3167097e-09]",0,Black,20-39
/scratch/project_462000771/mengting/projects/bias/Wan2.1/prompt2/selected_faces/detected_person/person_0247_face0.png,Middle Eastern,White,Male,20-29,"[0.13645147 0.02808929 0.25148684 0.0042153  0.00709522 0.14233993
 0.4303219 ]",[0.6634959  0.05411175 0.02694079 0.2554516 ],[0.97888535 0.02111464],"[1.3220333e-05 1.8946041e-04 1.8186394e-02 6.6845113e-01 2.9072410e-01
 2.1774432e-02 5.4979819e-04 9.8061369e-05 1.3351127e-05]",0,Others,20-39
/scratch/project_462000771/mengting/projects/bias/Wan2.1/prompt2/selected_faces/detected_person/person_0248_face0.png,Black,Black,Female,20-29,"[5.4141124e-06 9.9948132e-01 2.7503172e-04 3.4122098e-05 1.1971248e-04
 8.2376064e-05 1.9394477e-06]",[2.1957737e-06 9.9994105e-01 3.1900916e-05 2.4799321e-05],[6.5126194e-04 9.9934876e-01],"[2.3957440e-07 2.1208161e-04 4.9786534e-02 7.1397990e-01 2.2811300e-01
 7.7739982e-03 1.3271165e-04 1.4783567e-06 5.0072476e-08]",1,Black,20-39
/scratch/project_462000771/mengting/projects/bias/Wan2.1/prompt2/selected_faces/detected_person/person_0249_face0.png,Indian,Indian,Male,20-29,"[0.02654643 0.06827039 0.29031056 0.00224498 0.02660753 0.57672244
 0.0092977 ]",[0.12263931 0.3220912  0.03443564 0.52083385],[0.68056494 0.3194351 ],"[4.4860735e-06 6.3102725e-03 4.3004954e-01 5.1151830e-01 4.8817974e-02
 3.2056908e-03 8.2877734e-05 9.7169141e-06 1.1158444e-06]",0,Others,20-39
/scratch/project_462000771/mengting/projects/bias/Wan2.1/prompt2/selected_faces/detected_person/person_0250_face0.png,Southeast Asian,Black,Female,20-29,"[4.5468844e-04 1.8870842e-01 2.8547425e-02 6.6242784e-02 6.2793320e-01
 8.7965041e-02 1.4835004e-04]",[0.00077901 0.70650196 0.25072375 0.04199524],[0.00843051 0.9915695 ],"[1.5124649e-06 1.0840535e-03 1.4737695e-01 7.5687164e-01 9.1166109e-02
 3.4563749e-03 4.0813105e-05 2.3645414e-06 1.6664771e-07]",0,Asian,20-39
/scratch/project_462000771/mengting/projects/bias/Wan2.1/prompt2/selected_faces/detected_person/person_0251_face0.png,White,White,Male,20-29,"[9.9454212e-01 1.3506176e-06 4.0600460e-04 1.2787882e-05 3.3860873e-05
 8.8333618e-06 4.9950657e-03]",[9.9976748e-01 1.1890903e-06 1.7634683e-04 5.4965236e-05],[9.9998909e-01 1.0923009e-05],"[1.60828222e-07 2.94563306e-05 7.12596951e-03 7.39970148e-01
 2.48867020e-01 3.99366906e-03 1.33975236e-05 1.18672254e-07
 4.45486625e-09]",1,White,20-39
/scratch/project_462000771/mengting/projects/bias/Wan2.1/prompt2/selected_faces/detected_person/person_0252_face0.png,White,White,Female,30-39,"[7.5375646e-01 4.4749486e-05 1.0411226e-01 9.0695525e-05 1.2665501e-04
 6.8193942e-04 1.4118722e-01]",[0.9947115  0.00126396 0.00180239 0.00222216],[1.12439455e-04 9.99887586e-01],"[5.5651919e-09 4.0914447e-06 1.0971647e-02 4.6998450e-01 4.9451473e-01
 2.4335757e-02 1.8691985e-04 2.3341113e-06 3.7418612e-08]",0,White,20-39
/scratch/project_462000771/mengting/projects/bias/Wan2.1/prompt2/selected_faces/detected_person/person_0253_face0.png,White,White,Male,20-29,"[0.56867856 0.00681749 0.08865637 0.00099429 0.00591412 0.03980181
 0.28913736]",[9.7713834e-01 6.8856770e-04 1.2846422e-02 9.3266806e-03],[0.99686587 0.00313416],"[3.7511327e-05 2.8484357e-03 5.7828330e-02 4.9659190e-01 3.9842266e-01
 4.3004271e-02 1.2044099e-03 5.7297475e-05 5.1877537e-06]",0,White,20-39
/scratch/project_462000771/mengting/projects/bias/Wan2.1/prompt2/selected_faces/detected_person/person_0254_face0.png,White,White,Male,20-29,"[0.39958465 0.00329034 0.29525283 0.00050068 0.00300464 0.21345864
 0.08490832]",[0.59617436 0.00919963 0.0008538  0.39377218],[9.9997491e-01 2.5048099e-05],"[6.4096309e-07 1.2369837e-04 2.6933582e-02 6.9401807e-01 2.7311456e-01
 5.7872906e-03 2.1604199e-05 5.8123237e-07 1.8478433e-08]",1,White,20-39
/scratch/project_462000771/mengting/projects/bias/Wan2.1/prompt2/selected_faces/detected_person/person_0255_face0.png,Southeast Asian,Asian,Female,30-39,"[0.00219306 0.00870513 0.07514142 0.19035362 0.58712137 0.13464983
 0.00183567]",[0.01602805 0.02401957 0.5380621  0.4218903 ],[6.6582684e-04 9.9933416e-01],"[2.6688205e-08 5.0682397e-06 1.2650705e-02 4.8003605e-01 4.8409322e-01
 2.3010647e-02 1.9892835e-04 5.2503451e-06 8.8662134e-08]",2,Asian,20-39
/scratch/project_462000771/mengting/projects/bias/Wan2.1/prompt2/selected_faces/detected_person/person_0256_face0.png,Black,Black,Male,20-29,"[9.9879628e-07 9.9966103e-01 5.2676947e-05 9.1650215e-08 3.6787512e-06
 2.7735552e-04 4.2523907e-06]",[3.01752902e-06 9.99542654e-01 1.10825595e-05 4.43253492e-04],[1.000000e+00 9.628356e-09],"[9.2056908e-08 4.3586820e-06 2.1473637e-03 5.1191723e-01 4.5804176e-01
 2.7713798e-02 1.7398155e-04 1.4125519e-06 4.2196795e-08]",1,Black,20-39
/scratch/project_462000771/mengting/projects/bias/Wan2.1/prompt2/selected_faces/detected_person/person_0257_face0.png,White,White,Male,20-29,"[6.0226792e-01 6.1876620e-03 1.8723945e-01 2.3783896e-04 1.0747858e-03
 2.7877064e-02 1.7511526e-01]",[0.8625201  0.02646539 0.00414438 0.1068701 ],[9.99883235e-01 1.16717776e-04],"[6.4085860e-08 8.4820267e-06 3.4256810e-03 5.1925582e-01 4.6806911e-01
 9.1972640e-03 4.2957872e-05 5.9409376e-07 1.3078897e-08]",0,White,20-39
/scratch/project_462000771/mengting/projects/bias/Wan2.1/prompt2/selected_faces/detected_person/person_0259_face0.png,White,White,Male,20-29,"[9.1133136e-01 2.1116349e-03 4.8202861e-02 1.0757477e-03 2.9534395e-03
 4.9588917e-04 3.3829119e-02]",[9.99153972e-01 2.87736504e-04 4.42565361e-04 1.15847586e-04],[0.6967717  0.30322832],"[4.3947616e-06 8.1238872e-04 5.4220561e-02 5.4790479e-01 3.5947433e-01
 3.6421988e-02 1.0825911e-03 6.9230591e-05 9.7929969e-06]",1,White,20-39
/scratch/project_462000771/mengting/projects/bias/Wan2.1/prompt2/selected_faces/detected_person/person_0260_face0.png,East Asian,Asian,Female,20-29,"[1.9800304e-02 8.2895443e-05 1.9673279e-02 9.0554625e-01 5.2820317e-02
 1.5082766e-03 5.6866347e-04]",[0.03883088 0.00386373 0.94610685 0.01119854],[1.20172925e-04 9.99879897e-01],"[2.04901092e-08 3.48401954e-06 1.53567735e-02 6.14654124e-01
 3.49200368e-01 2.05640458e-02 2.11670893e-04 9.37770983e-06
 8.58787246e-08]",0,Asian,20-39
/scratch/project_462000771/mengting/projects/bias/Wan2.1/prompt2/selected_faces/detected_person/person_0261_face0.png,East Asian,Asian,Female,30-39,"[1.4571506e-04 7.8937366e-05 2.1025219e-03 7.5040507e-01 2.4604437e-01
 1.1779235e-03 4.5462213e-05]",[1.8683539e-04 4.6629354e-04 9.9826199e-01 1.0848643e-03],[0.00100864 0.9989914 ],"[3.2701521e-07 2.9006300e-05 5.0959373e-03 2.3138548e-01 5.5378097e-01
 1.9665360e-01 1.1997761e-02 1.0339029e-03 2.3118791e-05]",0,Asian,20-39
/scratch/project_462000771/mengting/projects/bias/Wan2.1/prompt2/selected_faces/detected_person/person_0262_face0.png,White,White,Male,20-29,"[9.9037683e-01 8.2298984e-06 4.4237999e-03 1.1274369e-04 1.6283322e-04
 1.2398182e-04 4.7915513e-03]",[9.9837953e-01 7.9502141e-05 4.4850985e-04 1.0924863e-03],[0.9940139  0.00598609],"[8.62184351e-08 1.27239473e-05 1.49626825e-02 8.41519117e-01
 1.41512513e-01 1.98532175e-03 7.42514067e-06 8.37875405e-08
 3.26025118e-09]",1,White,20-39
/scratch/project_462000771/mengting/projects/bias/Wan2.1/prompt2/selected_faces/detected_person/person_0263_face0.png,White,White,Female,20-29,"[9.9967635e-01 4.0368042e-07 2.0529111e-04 9.3395101e-06 2.5764548e-06
 2.4394408e-06 1.0360958e-04]",[9.9906301e-01 3.1860684e-05 4.3016858e-04 4.7485775e-04],[0.00273718 0.99726284],"[1.7571264e-08 3.8594139e-06 1.0148123e-02 5.8201277e-01 3.6275664e-01
 4.4383552e-02 6.8672671e-04 8.1186845e-06 2.3586915e-07]",2,White,20-39
/scratch/project_462000771/mengting/projects/bias/Wan2.1/prompt2/selected_faces/detected_person/person_0264_face0.png,Black,Black,Female,20-29,"[8.1991098e-09 9.9999905e-01 2.3001294e-07 5.3390337e-09 5.6786103e-08
 6.3794153e-07 2.3006763e-09]",[1.4999108e-08 9.9999988e-01 1.6432328e-07 3.1792315e-08],[1.7511888e-04 9.9982482e-01],"[2.4866445e-08 1.7288145e-04 5.3898435e-02 7.5667036e-01 1.8777253e-01
 1.4807729e-03 4.9067007e-06 1.0180546e-08 2.6304961e-10]",0,Black,20-39
/scratch/project_462000771/mengting/projects/bias/Wan2.1/prompt2/selected_faces/detected_person/person_0265_face0.png,Black,Black,Male,20-29,"[2.0789960e-07 9.9998754e-01 3.3276442e-06 1.0531821e-08 2.5400584e-07
 8.4482917e-06 2.0372217e-07]",[1.3991300e-07 9.9999696e-01 2.9620762e-07 2.5851750e-06],[9.9999988e-01 1.0851339e-07],"[6.9730298e-08 9.8564433e-06 4.2531523e-03 5.1871037e-01 4.3859071e-01
 3.8091179e-02 3.4173040e-04 2.8978209e-06 1.1441642e-07]",1,Black,20-39
/scratch/project_462000771/mengting/projects/bias/Wan2.1/prompt2/selected_faces/detected_person/person_0266_face0.png,Latino_Hispanic,Black,Female,20-29,"[5.6351889e-02 3.2488879e-02 5.7465303e-01 1.9229589e-04 1.1448583e-03
 1.3246924e-01 2.0269969e-01]",[0.00578483 0.9735819  0.00100301 0.01963019],[0.00979837 0.9902016 ],"[3.7103199e-08 3.2668607e-04 3.1372365e-01 6.4932364e-01 3.6293358e-02
 3.3135701e-04 1.2135827e-06 3.9553370e-08 9.0574231e-10]",1,Others,20-39
/scratch/project_462000771/mengting/projects/bias/Wan2.1/prompt2/selected_faces/detected_person/person_0267_face0.png,White,White,Female,30-39,"[8.8063651e-01 2.1775669e-04 9.9800043e-02 2.2994718e-03 1.8536518e-03
 1.5725573e-03 1.3619970e-02]",[0.97986174 0.00138805 0.01068664 0.00806367],[0.14178018 0.8582198 ],"[5.3136228e-07 7.3253235e-05 1.2536419e-02 2.5836194e-01 5.4854584e-01
 1.7512964e-01 5.1763463e-03 1.6148182e-04 1.4618210e-05]",1,White,20-39
/scratch/project_462000771/mengting/projects/bias/Wan2.1/prompt2/selected_faces/detected_person/person_0268_face0.png,Latino_Hispanic,White,Male,20-29,"[0.3477458  0.00742471 0.39690214 0.01064424 0.00782802 0.08561707
 0.14383803]",[0.7114858  0.12511192 0.03752613 0.12587622],[0.9931493 0.0068507],"[1.13241197e-06 4.67480349e-05 6.27571903e-03 5.35134554e-01
 4.42904472e-01 1.55861266e-02 4.95812346e-05 1.61817616e-06
 1.01556545e-07]",0,Others,20-39
/scratch/project_462000771/mengting/projects/bias/Wan2.1/prompt2/selected_faces/detected_person/person_0269_face0.png,White,White,Female,20-29,"[9.9495828e-01 1.8064545e-06 1.0692533e-03 4.2841457e-06 7.6882643e-06
 1.1238244e-05 3.9473977e-03]",[9.9962395e-01 1.7384877e-05 1.6782808e-04 1.9083472e-04],[3.3911705e-04 9.9966091e-01],"[2.37866260e-08 1.01464693e-05 7.96247274e-03 5.80626547e-01
 3.92762154e-01 1.85194891e-02 1.17917356e-04 1.33233289e-06
 3.21937712e-08]",1,White,20-39
/scratch/project_462000771/mengting/projects/bias/Wan2.1/prompt2/selected_faces/detected_person/person_0270_face0.png,White,White,Female,20-29,"[9.9128675e-01 5.7536058e-06 3.3604240e-03 1.8573584e-05 4.6543613e-05
 3.0774107e-05 5.2511850e-03]",[9.9995989e-01 1.2268774e-05 1.5675259e-05 1.2198695e-05],[0.02319904 0.9768009 ],"[9.6117866e-08 1.9977606e-04 7.5610124e-02 7.5715673e-01 1.6299084e-01
 4.0172734e-03 2.4531653e-05 5.8061482e-07 4.8337316e-08]",0,White,20-39
/scratch/project_462000771/mengting/projects/bias/Wan2.1/prompt2/selected_faces/detected_person/person_0271_face0.png,White,White,Female,20-29,"[0.4278872  0.00290388 0.37679744 0.00111659 0.00161135 0.00977316
 0.17991029]",[9.9554998e-01 5.9106894e-04 2.2621420e-03 1.5966684e-03],[0.00169311 0.9983069 ],"[1.5552519e-07 1.2862256e-04 5.0918374e-02 6.3396066e-01 3.0536366e-01
 9.5481100e-03 7.8103440e-05 2.2167305e-06 8.4883098e-08]",1,White,20-39
/scratch/project_462000771/mengting/projects/bias/Wan2.1/prompt2/selected_faces/detected_person/person_0272_face0.png,Latino_Hispanic,White,Male,20-29,"[3.0460957e-01 7.1140646e-04 3.8457787e-01 3.3734646e-04 7.1020389e-04
 1.0152046e-02 2.9890162e-01]",[0.8920171  0.00127468 0.00953224 0.09717593],[9.9998474e-01 1.5274396e-05],"[3.7127591e-06 2.2422487e-04 1.2010736e-02 8.2579994e-01 1.6025849e-01
 1.6980286e-03 4.7431736e-06 8.3926871e-08 1.5148472e-09]",1,Others,20-39
/scratch/project_462000771/mengting/projects/bias/Wan2.1/prompt2/selected_faces/detected_person/person_0273_face0.png,East Asian,Asian,Female,20-29,"[1.9179087e-03 4.8792372e-05 3.2908041e-03 9.5815051e-01 3.6086421e-02
 2.3745297e-04 2.6806860e-04]",[6.6135341e-04 4.3357036e-04 9.9875820e-01 1.4686376e-04],[0.00542792 0.99457204],"[1.7201982e-07 2.8487886e-05 2.0349262e-02 6.7621285e-01 2.8478023e-01
 1.8362142e-02 2.4911924e-04 1.7202370e-05 5.0228937e-07]",0,Asian,20-39
/scratch/project_462000771/mengting/projects/bias/Wan2.1/prompt2/selected_faces/detected_person/person_0274_face0.png,White,White,Male,20-29,"[9.9968612e-01 4.2640568e-08 1.3289056e-04 4.3023010e-06 4.5161173e-06
 3.1153131e-06 1.6899360e-04]",[9.9910355e-01 7.8940566e-06 7.3102076e-04 1.5757632e-04],[0.9403972  0.05960286],"[1.3630540e-07 6.4135507e-05 4.7664769e-02 7.7371490e-01 1.7085499e-01
 7.6651666e-03 3.5683868e-05 2.2428428e-07 1.6798042e-08]",1,White,20-39
/scratch/project_462000771/mengting/projects/bias/Wan2.1/prompt2/selected_faces/detected_person/person_0275_face0.png,Black,Black,Female,10-19,"[9.0345418e-07 9.9998850e-01 4.3285286e-06 1.5526170e-07 5.9501190e-07
 5.2787695e-06 1.2904054e-07]",[2.0161403e-07 9.9999803e-01 1.2547571e-06 4.8010537e-07],[0.44378537 0.55621463],"[2.2854101e-05 2.2467710e-02 5.0428832e-01 4.4574103e-01 2.6540829e-02
 9.3031354e-04 8.6058499e-06 2.8918458e-07 5.9747457e-08]",0,Black,10-19
/scratch/project_462000771/mengting/projects/bias/Wan2.1/prompt2/selected_faces/detected_person/person_0276_face0.png,Latino_Hispanic,Indian,Male,20-29,"[0.05774893 0.00365196 0.4121552  0.07792854 0.14071044 0.27246925
 0.03533569]",[0.02464769 0.00780096 0.48004767 0.48750368],[9.9987489e-01 1.2508743e-04],"[4.2562274e-07 1.9937857e-05 6.8280734e-03 6.2491429e-01 3.5930771e-01
 8.8876439e-03 4.0209070e-05 1.7604532e-06 2.8479208e-08]",0,Others,20-39
/scratch/project_462000771/mengting/projects/bias/Wan2.1/prompt2/selected_faces/detected_person/person_0277_face0.png,Black,Black,Male,30-39,"[5.7533362e-05 8.9590031e-01 1.6806051e-03 5.7164998e-05 1.6545609e-03
 1.0051132e-01 1.3843412e-04]",[2.1941352e-05 9.8611432e-01 5.3136493e-04 1.3332399e-02],[0.9888534  0.01114665],"[1.1622923e-06 1.3838473e-04 1.1744615e-02 3.8105956e-01 5.5451381e-01
 5.1857971e-02 6.6823099e-04 1.4927611e-05 1.3393618e-06]",0,Black,20-39
/scratch/project_462000771/mengting/projects/bias/Wan2.1/prompt2/selected_faces/detected_person/person_0278_face0.png,Indian,Indian,Female,20-29,"[4.3177668e-02 5.9209560e-04 3.2489398e-01 2.6041226e-04 1.0249201e-03
 5.3760064e-01 9.2450291e-02]",[0.06030144 0.01763381 0.00196734 0.92009735],[0.00207165 0.9979283 ],"[1.2775144e-08 7.4932927e-06 4.1015282e-02 8.0674213e-01 1.4870819e-01
 3.5091748e-03 1.7402044e-05 3.4719304e-07 6.2767529e-09]",0,Others,20-39
/scratch/project_462000771/mengting/projects/bias/Wan2.1/prompt2/selected_faces/detected_person/person_0279_face0.png,White,White,Male,20-29,"[7.78192520e-01 6.20838400e-05 1.65182710e-01 5.00273818e-05
 1.08370456e-04 1.26975561e-02 4.37067300e-02]",[8.92779887e-01 3.06975009e-04 1.53399142e-03 1.05379164e-01],[9.9997705e-01 2.2905073e-05],"[8.6697270e-08 7.6872630e-06 4.0329178e-03 7.2167414e-01 2.7123526e-01
 3.0452209e-03 4.6392101e-06 3.8385522e-08 6.8002948e-10]",1,White,20-39
/scratch/project_462000771/mengting/projects/bias/Wan2.1/prompt2/selected_faces/detected_person/person_0280_face0.png,White,White,Male,20-29,"[9.96348083e-01 8.45760951e-06 2.25066883e-03 7.21309771e-05
 9.02561878e-05 1.20524885e-04 1.10985234e-03]",[9.9512023e-01 6.2695544e-05 5.8310060e-04 4.2339712e-03],[9.9905384e-01 9.4623107e-04],"[9.7261113e-07 4.4353117e-05 1.0626375e-02 5.0507015e-01 3.9732707e-01
 8.3641842e-02 3.2417441e-03 4.5317323e-05 2.2068391e-06]",1,White,20-39
/scratch/project_462000771/mengting/projects/bias/Wan2.1/prompt2/selected_faces/detected_person/person_0281_face0.png,Black,Black,Male,20-29,"[7.33426475e-07 9.99808967e-01 1.92549360e-05 1.06946885e-07
 3.79442849e-06 1.66354905e-04 7.14734597e-07]",[4.2059068e-07 9.9997622e-01 1.0329959e-06 2.2372657e-05],[9.9975991e-01 2.4005244e-04],"[2.9140867e-08 3.9904098e-06 1.4654436e-02 8.1117636e-01 1.7015576e-01
 3.9969715e-03 1.2369478e-05 1.2063038e-07 8.2959177e-09]",0,Black,20-39
/scratch/project_462000771/mengting/projects/bias/Wan2.1/prompt2/selected_faces/detected_person/person_0282_face0.png,White,White,Female,30-39,"[9.6455592e-01 1.0928702e-05 7.2921212e-03 2.7975100e-05 2.0910682e-05
 9.1873131e-05 2.8000420e-02]",[9.9927378e-01 7.2925926e-05 2.3416561e-04 4.1912508e-04],[4.5721530e-04 9.9954283e-01],"[2.1097462e-08 3.5548005e-06 5.0848890e-03 3.8561246e-01 5.3038341e-01
 7.7514142e-02 1.3630810e-03 3.7436308e-05 1.0265670e-06]",1,White,20-39
/scratch/project_462000771/mengting/projects/bias/Wan2.1/prompt2/selected_faces/detected_person/person_0283_face0.png,White,White,Male,30-39,"[9.7749406e-01 8.2072038e-06 6.6713928e-03 3.1249961e-04 2.7435218e-04
 1.5363889e-04 1.5085895e-02]",[9.9852669e-01 4.1717834e-05 8.9883432e-04 5.3277344e-04],[9.9914277e-01 8.5722719e-04],"[2.7360340e-07 6.6016514e-06 1.2887322e-03 3.0827454e-01 6.5613186e-01
 3.4066845e-02 2.2970057e-04 1.4264293e-06 2.8267253e-08]",1,White,20-39
/scratch/project_462000771/mengting/projects/bias/Wan2.1/prompt2/selected_faces/detected_person/person_0284_face0.png,Latino_Hispanic,White,Female,20-29,"[0.24716428 0.02333645 0.488698   0.0021805  0.00299217 0.08916678
 0.14646171]",[0.82304955 0.06073758 0.00292634 0.11328653],[5.384211e-05 9.999462e-01],"[1.6439650e-08 2.9025445e-04 1.9908893e-01 7.7562702e-01 2.4847783e-02
 1.4587438e-04 1.6790575e-07 3.8526338e-09 1.2429352e-10]",2,Others,20-39
/scratch/project_462000771/mengting/projects/bias/Wan2.1/prompt2/selected_faces/detected_person/person_0285_face0.png,Latino_Hispanic,White,Female,20-29,"[0.1974955  0.00443326 0.59667    0.01039884 0.01062374 0.02701717
 0.15336153]",[0.5119907  0.2552867  0.192949   0.03977357],[3.7389953e-04 9.9962610e-01],"[9.8811100e-08 5.3987602e-05 3.6527883e-02 6.5067637e-01 2.9878575e-01
 1.3823282e-02 1.2905455e-04 3.5266962e-06 9.9674935e-08]",0,Others,20-39
/scratch/project_462000771/mengting/projects/bias/Wan2.1/prompt2/selected_faces/detected_person/person_0286_face0.png,White,White,Male,30-39,"[0.5759278  0.0235974  0.18491374 0.06072161 0.03923258 0.02966989
 0.08593704]",[0.7853497  0.07966242 0.09245846 0.0425294 ],[0.98261434 0.01738568],"[1.1098074e-06 3.5474943e-05 7.6097753e-03 4.5870399e-01 4.8418051e-01
 4.8067853e-02 1.3213125e-03 7.5800504e-05 4.2150523e-06]",0,White,20-39
/scratch/project_462000771/mengting/projects/bias/Wan2.1/prompt2/selected_faces/detected_person/person_0287_face0.png,Black,Black,Female,20-29,"[5.1882188e-07 9.9775118e-01 3.7771919e-05 5.7362922e-06 1.5139322e-04
 2.0533532e-03 1.1811191e-07]",[4.9688521e-07 9.9992996e-01 2.1963129e-05 4.7676102e-05],[0.36062226 0.6393777 ],"[2.0435027e-07 9.0262335e-04 3.5495019e-01 6.2715590e-01 1.6765334e-02
 2.2462010e-04 1.0731990e-06 2.0825031e-08 1.8625566e-09]",0,Black,20-39
/scratch/project_462000771/mengting/projects/bias/Wan2.1/prompt2/selected_faces/detected_person/person_0288_face0.png,White,White,Male,40-49,"[9.9390918e-01 3.3296827e-05 1.6544409e-03 4.4381113e-06 1.7015960e-05
 2.2057863e-04 4.1610296e-03]",[9.9567956e-01 7.1720401e-04 1.3839455e-04 3.4648348e-03],[0.99894226 0.00105774],"[1.9598929e-06 8.6358314e-06 3.1280273e-04 1.8387703e-02 2.4341153e-01
 5.8445436e-01 1.4966622e-01 3.6055059e-03 1.5134172e-04]",0,White,40-59
/scratch/project_462000771/mengting/projects/bias/Wan2.1/prompt2/selected_faces/detected_person/person_0289_face0.png,White,White,Female,20-29,"[0.5272107  0.00369604 0.37778065 0.01305734 0.01014516 0.02937088
 0.03873927]",[9.3397105e-01 8.9724245e-04 1.1912973e-02 5.3218640e-02],[0.12835735 0.87164265],"[1.3196086e-06 1.2548262e-04 3.9689939e-02 6.1101162e-01 3.1346127e-01
 3.4826338e-02 8.3678792e-04 4.4137247e-05 3.1166621e-06]",1,White,20-39
/scratch/project_462000771/mengting/projects/bias/Wan2.1/prompt2/selected_faces/detected_person/person_0290_face0.png,East Asian,White,Female,20-29,"[4.4304121e-01 1.8235700e-06 3.4084253e-02 4.8173213e-01 3.6693204e-02
 8.6252793e-04 3.5848832e-03]",[5.8131725e-01 1.4284832e-04 4.1657287e-01 1.9670851e-03],[0.00395018 0.9960498 ],"[1.3744066e-06 1.2369725e-03 9.0719171e-02 7.8339988e-01 1.1809964e-01
 6.3905814e-03 1.4376431e-04 7.9214260e-06 6.2241725e-07]",1,Asian,20-39
/scratch/project_462000771/mengting/projects/bias/Wan2.1/prompt2/selected_faces/detected_person/person_0291_face0.png,Latino_Hispanic,Indian,Female,20-29,"[0.03386335 0.01515542 0.38536507 0.08085059 0.2637432  0.18605517
 0.03496721]",[0.01576404 0.01206098 0.04125461 0.93092036],[0.21403791 0.7859621 ],"[1.2385009e-06 1.0244002e-04 2.8068732e-02 5.4473013e-01 3.5669154e-01
 6.7894496e-02 2.2920214e-03 1.9926669e-04 2.0091795e-05]",1,Others,20-39
/scratch/project_462000771/mengting/projects/bias/Wan2.1/prompt2/selected_faces/detected_person/person_0292_face0.png,White,White,Male,20-29,"[9.7433746e-01 5.8392371e-04 1.7619995e-02 1.2589913e-04 1.3941643e-04
 4.9359736e-05 7.1439468e-03]",[9.9027663e-01 9.1948919e-03 3.9861354e-04 1.2986259e-04],[0.6911788  0.30882126],"[3.26060331e-07 6.96423522e-04 2.08061457e-01 7.12878883e-01
 7.59030804e-02 2.43868842e-03 2.01659259e-05 8.20254343e-07
 1.00638296e-07]",0,White,20-39
/scratch/project_462000771/mengting/projects/bias/Wan2.1/prompt2/selected_faces/detected_person/person_0293_face0.png,White,White,Female,20-29,"[8.23223948e-01 2.10625822e-05 5.43480814e-02 1.23138865e-03
 4.18036594e-04 1.55096280e-03 1.19206645e-01]",[9.9624783e-01 5.2989624e-05 1.3931971e-03 2.3058951e-03],[4.886277e-05 9.999512e-01],"[7.7060376e-09 7.5020712e-06 2.0734308e-02 6.8813539e-01 2.7937824e-01
 1.1678201e-02 6.4951229e-05 1.3682484e-06 2.8453869e-08]",0,White,20-39
/scratch/project_462000771/mengting/projects/bias/Wan2.1/prompt2/selected_faces/detected_person/person_0294_face0.png,Black,Black,Female,20-29,"[1.9445995e-06 9.9720204e-01 2.5189327e-04 4.5331515e-05 2.1068444e-03
 3.9114986e-04 8.2329632e-07]",[1.2003968e-06 9.9960542e-01 3.7040401e-04 2.2888473e-05],[0.39281553 0.60718447],"[7.9572914e-07 6.4511737e-04 1.8779072e-01 7.4084663e-01 6.9300257e-02
 1.4060205e-03 1.0285158e-05 1.4847863e-07 1.3684737e-08]",0,Black,20-39
/scratch/project_462000771/mengting/projects/bias/Wan2.1/prompt2/selected_faces/detected_person/person_0295_face0.png,Southeast Asian,Asian,Male,30-39,"[9.9506732e-03 1.3385701e-04 8.2122482e-02 3.2980657e-01 5.6807530e-01
 8.3329864e-03 1.5781565e-03]",[4.2273453e-03 5.6538844e-05 9.8946619e-01 6.2498748e-03],[9.9999964e-01 3.5491422e-07],"[5.4917695e-07 1.9219915e-05 1.7556866e-03 9.0837128e-02 6.4744705e-01
 2.5086340e-01 8.9276014e-03 1.4822040e-04 1.1933240e-06]",0,Asian,20-39
/scratch/project_462000771/mengting/projects/bias/Wan2.1/prompt2/selected_faces/detected_person/person_0296_face0.png,White,White,Female,20-29,"[9.98840749e-01 1.09066309e-06 3.92218819e-04 4.01058933e-05
 1.35926575e-05 4.28494059e-06 7.07888335e-04]",[9.9932188e-01 1.7601627e-05 5.8805867e-04 7.2471012e-05],[0.11272177 0.8872782 ],"[2.9208138e-07 7.5656586e-05 3.5006262e-02 6.0845566e-01 3.0044466e-01
 5.4755226e-02 1.2413504e-03 1.9841884e-05 1.0628761e-06]",1,White,20-39
/scratch/project_462000771/mengting/projects/bias/Wan2.1/prompt2/selected_faces/detected_person/person_0297_face0.png,White,White,Female,20-29,"[9.1119218e-01 2.1817742e-04 5.8844160e-02 1.5597061e-03 1.0472403e-03
 2.4670572e-03 2.4671433e-02]",[0.9414514  0.02654686 0.02387701 0.00812482],[0.00460536 0.99539465],"[3.9412504e-07 1.8035811e-05 6.4401720e-03 5.2917618e-01 4.3229789e-01
 3.1200107e-02 8.2885940e-04 3.7522917e-05 8.9056812e-07]",1,White,20-39
/scratch/project_462000771/mengting/projects/bias/Wan2.1/prompt2/selected_faces/detected_person/person_0298_face0.png,Black,Black,Male,20-29,"[1.25394740e-06 9.99836326e-01 3.95692296e-05 1.16322809e-07
 2.95230097e-06 1.17460724e-04 2.31032504e-06]",[1.9603187e-06 9.9947304e-01 8.2308461e-06 5.1672931e-04],[9.997127e-01 2.873310e-04],"[1.3993690e-07 1.4056602e-05 7.2322451e-03 4.7867075e-01 4.6989655e-01
 4.3695126e-02 4.8801702e-04 2.9723533e-06 1.5575041e-07]",1,Black,20-39
/scratch/project_462000771/mengting/projects/bias/Wan2.1/prompt2/selected_faces/detected_person/person_0299_face0.png,White,White,Male,30-39,"[9.8229718e-01 1.1773813e-05 7.0696743e-03 2.5787004e-03 1.2061618e-03
 2.6307127e-04 6.5734568e-03]",[9.9613237e-01 4.4170134e-05 3.7499741e-03 7.3451774e-05],[9.999349e-01 6.510303e-05],"[1.4446067e-07 5.4801289e-06 5.3841394e-04 3.0153149e-01 6.7548776e-01
 2.2370599e-02 6.5687927e-05 4.6027344e-07 6.8276043e-09]",1,White,20-39
/scratch/project_462000771/mengting/projects/bias/Wan2.1/prompt2/selected_faces/detected_person/person_0300_face0.png,White,White,Male,20-29,"[9.4209820e-01 1.3999948e-04 4.2989895e-02 2.2495978e-03 9.9503330e-04
 2.1471034e-03 9.3802065e-03]",[0.9703156  0.01808509 0.0029113  0.00868806],[9.993450e-01 6.549629e-04],"[5.6318713e-06 8.4452389e-05 1.5956124e-02 6.3552517e-01 3.2105276e-01
 2.6676023e-02 6.8825827e-04 1.1248277e-05 3.5650407e-07]",1,White,20-39
/scratch/project_462000771/mengting/projects/bias/Wan2.1/prompt2/selected_faces/detected_person/person_0301_face0.png,White,White,Female,50-59,"[0.5008964  0.00214015 0.44709933 0.00256542 0.00362008 0.00829399
 0.03538458]",[0.87108624 0.01338348 0.10564548 0.00988469],[1.7610706e-04 9.9982393e-01],"[1.8096461e-06 2.3861683e-05 1.9404119e-04 6.5886957e-04 2.2497153e-02
 2.5607371e-01 5.0031918e-01 2.0118277e-01 1.9048538e-02]",1,White,40-59
/scratch/project_462000771/mengting/projects/bias/Wan2.1/prompt2/selected_faces/detected_person/person_0302_face0.png,White,White,Female,20-29,"[7.8490567e-01 4.5007971e-05 1.5781093e-01 1.5652286e-02 6.2866104e-03
 1.9596862e-03 3.3339795e-02]",[0.73524135 0.00092415 0.25984263 0.00399191],[4.5517422e-04 9.9954486e-01],"[1.80594597e-08 2.35820607e-05 3.90620157e-02 5.69103062e-01
 3.75154108e-01 1.65397376e-02 1.14955474e-04 2.40192139e-06
 5.30967661e-08]",1,White,20-39
/scratch/project_462000771/mengting/projects/bias/Wan2.1/prompt2/selected_faces/detected_person/person_0303_face0.png,White,White,Male,20-29,"[9.93220031e-01 1.68450413e-06 1.70924026e-03 2.17341330e-05
 3.15657162e-05 1.05055326e-04 4.91075031e-03]",[9.9470454e-01 2.8019624e-05 1.2508058e-03 4.0165721e-03],[9.9999976e-01 2.9089688e-07],"[4.7773668e-08 1.5809848e-05 1.5077309e-02 8.9141637e-01 9.3040377e-02
 4.4950625e-04 5.3189541e-07 5.4955667e-09 1.0321134e-10]",1,White,20-39
/scratch/project_462000771/mengting/projects/bias/Wan2.1/prompt2/selected_faces/detected_person/person_0304_face0.png,White,White,Female,20-29,"[9.8008078e-01 2.0032550e-05 1.0644779e-02 4.8431062e-05 4.6334095e-05
 1.7450872e-04 8.9852391e-03]",[9.9315602e-01 1.5487095e-03 1.2927446e-04 5.1659788e-03],[4.7471218e-05 9.9995255e-01],"[3.9688546e-09 2.0745218e-05 7.8841276e-02 8.5114646e-01 6.9171488e-02
 8.1849302e-04 1.5440309e-06 2.0134545e-08 8.4423091e-10]",2,White,20-39
/scratch/project_462000771/mengting/projects/bias/Wan2.1/prompt2/selected_faces/detected_person/person_0305_face0.png,Black,Black,Male,20-29,"[2.63942775e-06 9.99349892e-01 8.29212149e-05 1.14575734e-07
 5.88379407e-06 5.55507373e-04 2.98281179e-06]",[5.7953969e-07 9.9989307e-01 4.5593197e-06 1.0183120e-04],[9.9999690e-01 3.1342695e-06],"[2.2794525e-08 1.8745369e-06 2.1185633e-03 5.5422282e-01 4.2441964e-01
 1.9046636e-02 1.8949030e-04 8.8684089e-07 3.0255237e-08]",1,Black,20-39
/scratch/project_462000771/mengting/projects/bias/Wan2.1/prompt2/selected_faces/detected_person/person_0306_face0.png,Black,Black,Female,20-29,"[1.6928744e-04 9.7952127e-01 9.6177459e-03 7.3138071e-05 1.8139617e-03
 8.7563936e-03 4.8145255e-05]",[1.9970261e-05 9.9792087e-01 1.2874542e-04 1.9302997e-03],[2.8652317e-04 9.9971348e-01],"[8.71204975e-08 1.32993620e-04 6.36158958e-02 8.12491715e-01
 1.21786594e-01 1.95459020e-03 1.79417129e-05 1.66780026e-07
 2.83386803e-09]",0,Black,20-39
/scratch/project_462000771/mengting/projects/bias/Wan2.1/prompt2/selected_faces/detected_person/person_0307_face0.png,White,White,Male,40-49,"[8.3557665e-01 8.0386322e-05 2.0279473e-02 2.3769992e-04 2.6870481e-04
 1.1167846e-03 1.4244027e-01]",[9.9790317e-01 1.0716513e-04 2.8192159e-04 1.7077603e-03],[9.990045e-01 9.955413e-04],"[8.9407495e-06 2.3628883e-05 2.6758175e-04 5.3648911e-03 1.6346049e-01
 6.0424668e-01 2.2087479e-01 5.5373572e-03 2.1560324e-04]",1,White,40-59
/scratch/project_462000771/mengting/projects/bias/Wan2.1/prompt2/selected_faces/detected_person/person_0308_face0.png,White,White,Female,30-39,"[9.0599942e-01 1.4139830e-05 7.1803890e-02 6.7798927e-04 5.5729615e-04
 2.8040071e-03 1.8143274e-02]",[9.9596399e-01 1.0174510e-04 3.9064104e-04 3.5435960e-03],[1.2836905e-04 9.9987161e-01],"[6.3075052e-09 1.9626784e-06 5.9798569e-03 4.3710390e-01 5.1755792e-01
 3.9042432e-02 3.1037218e-04 3.4933805e-06 3.7876411e-08]",1,White,20-39
/scratch/project_462000771/mengting/projects/bias/Wan2.1/prompt2/selected_faces/detected_person/person_0310_face0.png,White,White,Female,20-29,"[8.46703649e-01 2.19897229e-05 3.16570438e-02 1.87196914e-04
 6.30926152e-05 8.64654488e-04 1.20502345e-01]",[9.9125475e-01 1.6349722e-03 7.1518112e-04 6.3951588e-03],[8.601361e-05 9.999140e-01],"[3.6071852e-09 6.7421915e-06 3.2320891e-02 7.8071898e-01 1.8255423e-01
 4.3856553e-03 1.3376965e-05 1.4247462e-07 3.2046090e-09]",2,White,20-39
/scratch/project_462000771/mengting/projects/bias/Wan2.1/prompt2/selected_faces/detected_person/person_0311_face0.png,Southeast Asian,Asian,Female,20-29,"[0.01812053 0.03011634 0.23760422 0.2987343  0.38536268 0.02268103
 0.00738094]",[0.02055288 0.13427016 0.78017247 0.06500451],[0.00152813 0.9984719 ],"[2.1268411e-06 4.9638300e-04 5.9146825e-02 6.8117112e-01 2.4981013e-01
 9.2009455e-03 1.6270607e-04 9.5384885e-06 2.3749818e-07]",0,Asian,20-39
/scratch/project_462000771/mengting/projects/bias/Wan2.1/prompt2/selected_faces/detected_person/person_0312_face0.png,White,White,Female,20-29,"[9.3705422e-01 3.3131077e-05 3.7414316e-02 2.1951364e-03 8.6964067e-04
 4.5656681e-04 2.1977045e-02]",[9.9176067e-01 7.7434833e-04 4.9373591e-03 2.5276688e-03],[0.00156491 0.9984351 ],"[1.8070158e-07 3.0795825e-05 1.3627877e-02 4.7327778e-01 4.5884761e-01
 5.3627666e-02 5.7513674e-04 1.2715359e-05 2.0139868e-07]",1,White,20-39
/scratch/project_462000771/mengting/projects/bias/Wan2.1/prompt2/selected_faces/detected_person/person_0313_face0.png,White,White,Male,30-39,"[9.3985945e-01 1.1410965e-03 6.7427345e-03 2.6181455e-05 5.3663043e-05
 1.2007044e-03 5.0976135e-02]",[9.9590141e-01 9.2162372e-04 4.6888519e-05 3.1301237e-03],[9.9939567e-01 6.0438551e-04],"[7.8362262e-07 1.1059570e-05 3.9754051e-04 8.5901491e-02 7.1460527e-01
 1.9559167e-01 3.4579325e-03 3.2913729e-05 1.3037250e-06]",1,White,20-39
/scratch/project_462000771/mengting/projects/bias/Wan2.1/prompt2/selected_faces/detected_person/person_0314_face0.png,Latino_Hispanic,Indian,Female,20-29,"[0.01054121 0.10317164 0.5166543  0.02180739 0.2779119  0.06929033
 0.00062323]",[0.02604582 0.19805281 0.06765456 0.7082468 ],[0.07435878 0.92564124],"[1.7598468e-06 5.0175202e-04 1.6151756e-01 5.9723502e-01 2.2064933e-01
 1.9529009e-02 5.3275662e-04 3.0979227e-05 1.7375452e-06]",1,Others,20-39
/scratch/project_462000771/mengting/projects/bias/Wan2.1/prompt2/selected_faces/detected_person/person_0315_face0.png,East Asian,Asian,Female,20-29,"[3.7048661e-04 8.7624067e-06 1.2447885e-03 8.5698783e-01 1.4109175e-01
 2.5547901e-04 4.0829829e-05]",[5.2366755e-04 3.5211968e-04 9.9900472e-01 1.1949650e-04],[0.00812842 0.99187165],"[6.9268054e-07 5.2317407e-04 1.2011908e-01 8.0001587e-01 7.6919354e-02
 2.4026625e-03 1.7340009e-05 1.7694932e-06 7.4057759e-08]",2,Asian,20-39
/scratch/project_462000771/mengting/projects/bias/Wan2.1/prompt2/selected_faces/detected_person/person_0316_face0.png,White,White,Male,20-29,"[9.8957849e-01 3.4759258e-05 5.4973555e-03 5.2790016e-05 8.9552879e-05
 2.1780760e-04 4.5293244e-03]",[9.9306476e-01 4.6793025e-04 1.5719952e-03 4.8952852e-03],[0.9962497  0.00375033],"[5.3963399e-06 1.2520225e-03 1.9924194e-01 6.6956061e-01 1.1665487e-01
 1.2931460e-02 3.4279758e-04 9.5905607e-06 1.3167491e-06]",1,White,20-39
/scratch/project_462000771/mengting/projects/bias/Wan2.1/prompt2/selected_faces/detected_person/person_0317_face0.png,Black,Black,Female,20-29,"[1.3654329e-06 9.9957216e-01 8.8356632e-05 2.6787882e-06 2.9452012e-05
 3.0512988e-04 8.5798536e-07]",[2.2078189e-06 9.9994582e-01 2.6685355e-05 2.5329105e-05],[0.00116788 0.99883217],"[4.76624713e-08 6.12157382e-05 2.91783605e-02 6.97596550e-01
 2.65148938e-01 7.89872929e-03 1.15356015e-04 8.51756056e-07
 2.49108716e-08]",0,Black,20-39
/scratch/project_462000771/mengting/projects/bias/Wan2.1/prompt2/selected_faces/detected_person/person_0318_face0.png,Middle Eastern,White,Male,30-39,"[3.4746224e-01 7.0530230e-05 1.2330095e-01 2.0822282e-03 2.4521055e-03
 7.6999231e-03 5.1693201e-01]",[9.9783224e-01 1.0467484e-05 2.1738501e-04 1.9399025e-03],[9.9981320e-01 1.8679787e-04],"[5.3179419e-06 1.1025770e-04 3.1994162e-03 1.4736775e-01 7.3172104e-01
 1.1633758e-01 1.2408062e-03 1.7411363e-05 4.3692063e-07]",1,White,20-39
/scratch/project_462000771/mengting/projects/bias/Wan2.1/prompt2/selected_faces/detected_person/person_0319_face0.png,White,White,Female,20-29,"[7.02460766e-01 1.44278165e-05 7.88160115e-02 3.28944460e-03
 9.16547491e-04 3.17857414e-03 2.11324215e-01]",[9.9079925e-01 1.2056535e-04 1.2563595e-03 7.8237718e-03],[5.3411604e-05 9.9994653e-01],"[1.8911810e-09 4.8022839e-06 3.8878947e-02 7.7463716e-01 1.8225434e-01
 4.2112833e-03 1.3268829e-05 2.3508537e-07 3.2492959e-09]",2,White,20-39
/scratch/project_462000771/mengting/projects/bias/Wan2.1/prompt2/selected_faces/detected_person/person_0320_face0.png,White,White,Female,20-29,"[9.2804527e-01 5.2704168e-06 2.2445980e-02 1.0864149e-03 6.7405053e-04
 5.5871956e-04 4.7184363e-02]",[9.8872524e-01 3.9497205e-05 9.6788630e-03 1.5563834e-03],[0.00343782 0.99656224],"[5.6444145e-07 7.0862487e-05 1.3699670e-02 4.5403641e-01 4.4572327e-01
 8.4468678e-02 1.9452351e-03 5.2865220e-05 2.4158576e-06]",1,White,20-39
/scratch/project_462000771/mengting/projects/bias/Wan2.1/prompt2/selected_faces/detected_person/person_0321_face0.png,White,White,Male,20-29,"[8.0028296e-01 1.0288990e-04 1.3704806e-02 1.4364662e-05 1.0527560e-04
 1.4090340e-04 1.8564871e-01]",[9.9970889e-01 1.1436856e-04 3.1536350e-05 1.4519363e-04],[9.9996257e-01 3.7425143e-05],"[2.2775158e-08 1.8482534e-06 2.2588426e-03 6.2666440e-01 3.6496773e-01
 6.0823620e-03 2.4460411e-05 3.1569812e-07 6.4493744e-09]",1,White,20-39
/scratch/project_462000771/mengting/projects/bias/Wan2.1/prompt2/selected_faces/detected_person/person_0322_face0.png,Black,Black,Female,30-39,"[7.5402210e-04 9.1895455e-01 1.9799970e-02 6.0868289e-05 1.1005389e-03
 5.7773273e-02 1.5567174e-03]",[2.1756082e-04 8.7371629e-01 3.5335842e-04 1.2571271e-01],[0.01923332 0.98076665],"[1.9316907e-07 2.7983107e-05 1.7615285e-02 4.6871123e-01 4.7543404e-01
 3.7368514e-02 8.2480989e-04 1.7273454e-05 6.3638430e-07]",0,Black,20-39
/scratch/project_462000771/mengting/projects/bias/Wan2.1/prompt2/selected_faces/detected_person/person_0323_face0.png,Black,Black,Female,20-29,"[7.7141192e-07 9.9989629e-01 5.0309718e-05 2.1930695e-07 2.3914340e-06
 4.9822385e-05 8.4838746e-08]",[3.1354611e-07 9.9998939e-01 7.4948497e-07 9.6127023e-06],[4.3314601e-05 9.9995667e-01],"[2.4535057e-08 4.0667888e-05 3.4133468e-02 7.7835745e-01 1.8461539e-01
 2.8356225e-03 1.7315331e-05 6.8715373e-08 6.8975098e-10]",0,Black,20-39
/scratch/project_462000771/mengting/projects/bias/Wan2.1/prompt2/selected_faces/detected_person/person_0324_face0.png,White,White,Male,20-29,"[9.7073209e-01 3.5893321e-05 1.5287184e-02 6.5078966e-05 1.1122035e-04
 3.2664917e-04 1.3441897e-02]",[9.9765462e-01 2.5393283e-05 9.7685819e-04 1.3431855e-03],[9.9999678e-01 3.2172313e-06],"[1.1766084e-08 1.8270672e-06 6.3679325e-03 8.4731948e-01 1.4556056e-01
 7.4884493e-04 1.2796764e-06 1.5149851e-08 3.1843986e-10]",1,White,20-39
/scratch/project_462000771/mengting/projects/bias/Wan2.1/prompt2/selected_faces/detected_person/person_0325_face0.png,Black,Black,Male,20-29,"[9.0109024e-05 9.8476863e-01 4.7584814e-03 1.0090273e-04 8.3428444e-03
 1.9129427e-03 2.6110520e-05]",[2.6660395e-05 9.9876219e-01 9.8276243e-04 2.2841779e-04],[9.9998820e-01 1.1840021e-05],"[3.0175848e-08 4.2109837e-06 1.0694647e-02 7.9125416e-01 1.9546001e-01
 2.5752499e-03 1.1616641e-05 7.5179443e-08 6.3052901e-09]",0,Black,20-39
/scratch/project_462000771/mengting/projects/bias/Wan2.1/prompt2/selected_faces/detected_person/person_0326_face0.png,White,White,Male,20-29,"[7.9820633e-01 4.5186807e-05 1.1684381e-01 2.2106066e-02 1.8668970e-02
 2.1914547e-02 2.2215005e-02]",[8.2982111e-01 3.7614824e-04 8.4806487e-02 8.4996313e-02],[9.9999881e-01 1.1754416e-06],"[5.9632619e-08 1.0589684e-05 1.2636946e-02 7.7888882e-01 2.0390576e-01
 4.5373933e-03 2.0117999e-05 3.7639586e-07 7.6998425e-09]",1,White,20-39
/scratch/project_462000771/mengting/projects/bias/Wan2.1/prompt2/selected_faces/detected_person/person_0327_face0.png,East Asian,Asian,Female,20-29,"[2.0269703e-03 2.8380641e-04 2.3705222e-02 5.4193819e-01 4.2691621e-01
 4.8926338e-03 2.3698098e-04]",[0.00337574 0.00197565 0.98792523 0.00672327],[0.01491125 0.98508877],"[7.46303215e-08 5.55036240e-05 7.64467567e-02 8.16731334e-01
 1.03436254e-01 3.31133371e-03 1.78721202e-05 9.35947753e-07
 2.84995956e-08]",0,Asian,20-39
/scratch/project_462000771/mengting/projects/bias/Wan2.1/prompt2/selected_faces/detected_person/person_0328_face0.png,Indian,Black,Male,30-39,"[0.00225632 0.33155775 0.11134106 0.00071429 0.01700363 0.53508794
 0.00203901]",[3.4770594e-04 7.2190154e-01 2.4263735e-03 2.7532440e-01],[9.9999642e-01 3.5740052e-06],"[3.7468661e-07 4.2402380e-06 1.4656426e-03 3.6387503e-01 5.9974891e-01
 3.4647889e-02 2.5560346e-04 2.2427951e-06 5.3245405e-08]",1,Others,20-39
/scratch/project_462000771/mengting/projects/bias/Wan2.1/prompt2/selected_faces/detected_person/person_0329_face0.png,Black,Black,Female,20-29,"[1.9907122e-05 9.9213904e-01 1.7965890e-03 3.8741073e-05 1.0648805e-03
 4.9328734e-03 7.9333986e-06]",[1.0955425e-06 9.9986905e-01 3.1067295e-05 9.8831522e-05],[6.2857935e-04 9.9937147e-01],"[9.0516011e-08 2.4601672e-05 1.4903560e-02 6.5907854e-01 3.1165951e-01
 1.4143601e-02 1.8836022e-04 1.7814721e-06 2.4265338e-08]",0,Black,20-39
/scratch/project_462000771/mengting/projects/bias/Wan2.1/prompt2/selected_faces/detected_person/person_0330_face0.png,Black,Black,Male,30-39,"[1.9733861e-06 9.9882120e-01 4.6870216e-05 2.4999488e-07 5.5641203e-06
 1.1172990e-03 6.8498125e-06]",[1.5641203e-06 9.9926740e-01 2.4982011e-05 7.0609606e-04],[9.9994284e-01 5.7208159e-05],"[1.7450685e-07 5.6017357e-06 1.4024291e-03 2.1861671e-01 6.8337029e-01
 9.5294245e-02 1.2953653e-03 1.4722008e-05 5.3893564e-07]",0,Black,20-39
/scratch/project_462000771/mengting/projects/bias/Wan2.1/prompt2/selected_faces/detected_person/person_0331_face0.png,White,White,Male,20-29,"[9.2579293e-01 5.3068805e-05 1.7789423e-02 2.8558222e-03 1.6471881e-03
 1.1061998e-03 5.0755382e-02]",[9.7779405e-01 7.6521700e-04 6.9786906e-03 1.4462071e-02],[0.99364436 0.00635562],"[8.8992550e-07 4.7960310e-04 1.2644705e-01 7.5489432e-01 1.1507906e-01
 3.0845716e-03 1.4060553e-05 4.5546156e-07 2.7442056e-08]",0,White,20-39
/scratch/project_462000771/mengting/projects/bias/Wan2.1/prompt2/selected_faces/detected_person/person_0332_face0.png,East Asian,Asian,Female,20-29,"[7.7531720e-03 5.0656883e-05 1.7708328e-02 8.4698558e-01 1.2520704e-01
 1.1849944e-03 1.1101437e-03]",[1.0565982e-02 1.1561946e-04 9.8828757e-01 1.0308006e-03],[0.00621535 0.9937846 ],"[1.2064187e-07 8.8845272e-06 8.6181555e-03 5.0618654e-01 4.5137498e-01
 3.3330899e-02 4.5388946e-04 2.6046444e-05 3.8668628e-07]",1,Asian,20-39
/scratch/project_462000771/mengting/projects/bias/Wan2.1/prompt2/selected_faces/detected_person/person_0333_face0.png,White,White,Male,30-39,"[7.6854140e-01 6.5986457e-04 6.8074554e-02 1.8844892e-04 4.6999796e-04
 2.4937609e-02 1.3712806e-01]",[0.8873537  0.00485093 0.00093708 0.10685827],[9.9983114e-01 1.6887314e-04],"[1.85602903e-06 2.65077670e-05 2.77782528e-04 1.06610551e-01
 7.78765321e-01 1.13066465e-01 1.24432845e-03 7.02129728e-06
 2.08908830e-07]",1,White,20-39
/scratch/project_462000771/mengting/projects/bias/Wan2.1/prompt2/selected_faces/detected_person/person_0334_face0.png,East Asian,Asian,Female,20-29,"[1.7735748e-04 1.4144313e-06 3.1450164e-04 9.6929687e-01 3.0165395e-02
 3.3278033e-05 1.1182923e-05]",[1.3774744e-04 8.2903971e-06 9.9982452e-01 2.9382771e-05],[3.9640334e-04 9.9960357e-01],"[1.0179374e-07 2.2996143e-04 1.0014353e-01 8.1234920e-01 8.3075918e-02
 4.1579427e-03 3.7495676e-05 5.6709641e-06 1.9390831e-07]",0,Asian,20-39
/scratch/project_462000771/mengting/projects/bias/Wan2.1/prompt2/selected_faces/detected_person/person_0335_face0.png,East Asian,Asian,Male,20-29,"[2.6956999e-01 1.3263136e-04 1.9332664e-01 3.8948324e-01 7.2383896e-02
 5.2171736e-03 6.9886461e-02]",[1.04442455e-01 3.34443524e-04 8.92161727e-01 3.06142936e-03],[0.7415207  0.25847924],"[2.1539113e-06 1.9673996e-04 3.2252014e-02 6.8326336e-01 2.7240098e-01
 1.1750864e-02 1.2625109e-04 7.2435623e-06 3.2600272e-07]",1,Asian,20-39
/scratch/project_462000771/mengting/projects/bias/Wan2.1/prompt2/selected_faces/detected_person/person_0336_face0.png,White,White,Male,30-39,"[0.59015083 0.00417506 0.25151378 0.00088447 0.00172977 0.01177209
 0.139774  ]",[9.4732445e-01 1.1275319e-02 5.2994891e-04 4.0870342e-02],[9.9928492e-01 7.1503554e-04],"[1.0358816e-06 2.4666113e-05 1.2070556e-03 1.7949972e-01 7.4142098e-01
 7.7342138e-02 4.9934740e-04 4.9789865e-06 1.2453664e-07]",0,White,20-39
/scratch/project_462000771/mengting/projects/bias/Wan2.1/prompt2/selected_faces/detected_person/person_0337_face0.png,White,White,Female,30-39,"[0.5606591  0.00057711 0.27241465 0.00254209 0.00267471 0.01140817
 0.14972414]",[0.5301867  0.00922427 0.22300734 0.23758164],[0.00447404 0.99552596],"[1.4866440e-06 6.0237944e-05 6.5828068e-03 2.4598907e-01 5.7643372e-01
 1.6269705e-01 7.9311179e-03 2.9724429e-04 7.2254688e-06]",0,White,20-39
/scratch/project_462000771/mengting/projects/bias/Wan2.1/prompt2/selected_faces/detected_person/person_0338_face0.png,White,White,Female,20-29,"[9.4265109e-01 3.4900758e-04 3.7698749e-02 6.0233809e-03 4.1825073e-03
 1.0326146e-03 8.0627091e-03]",[0.9329985  0.00180726 0.03706106 0.02813316],[0.15719743 0.8428025 ],"[1.17862805e-06 2.65711511e-04 7.40369633e-02 6.71908200e-01
 2.35304758e-01 1.81317050e-02 3.36985249e-04 1.33666545e-05
 1.13296755e-06]",1,White,20-39
/scratch/project_462000771/mengting/projects/bias/Wan2.1/prompt2/selected_faces/detected_person/person_0339_face0.png,White,White,Male,20-29,"[9.9999374e-01 8.2406926e-09 3.0987817e-06 2.1911195e-08 7.8375052e-08
 8.8038782e-08 2.9770733e-06]",[9.9994409e-01 2.7204521e-06 3.8863083e-05 1.4367783e-05],[0.99886173 0.00113827],"[1.0105690e-08 2.5193551e-06 1.8421806e-03 5.2672631e-01 4.5879078e-01
 1.2609352e-02 2.8703837e-05 5.0927127e-08 2.6391094e-09]",1,White,20-39
/scratch/project_462000771/mengting/projects/bias/Wan2.1/prompt2/selected_faces/detected_person/person_0340_face0.png,Latino_Hispanic,Asian,Female,20-29,"[0.20952812 0.00483254 0.34972006 0.171257   0.16511235 0.05649413
 0.0430559 ]",[0.2391566  0.00331417 0.6880027  0.06952642],[0.49391383 0.5060862 ],"[1.4980881e-04 5.5982023e-03 3.9170865e-02 4.4954026e-01 4.1336423e-01
 8.5334644e-02 6.0886941e-03 6.3419336e-04 1.1908376e-04]",1,Others,20-39
/scratch/project_462000771/mengting/projects/bias/Wan2.1/prompt2/selected_faces/detected_person/person_0341_face0.png,Middle Eastern,White,Female,20-29,"[2.2381376e-01 3.1679976e-04 2.6043430e-01 4.3516606e-04 7.4905320e-04
 1.6384834e-02 4.9786609e-01]",[0.5636919  0.00883358 0.00611195 0.42136258],[7.259632e-04 9.992741e-01],"[2.1410234e-08 3.8317803e-06 1.3296732e-02 5.3783906e-01 4.2806780e-01
 2.0651488e-02 1.3945498e-04 1.6787659e-06 2.2460405e-08]",2,Others,20-39
/scratch/project_462000771/mengting/projects/bias/Wan2.1/prompt2/selected_faces/detected_person/person_0342_face0.png,Black,Black,Female,20-29,"[2.2087702e-06 9.9887717e-01 1.6427360e-04 1.0560962e-05 1.8534005e-04
 7.5996883e-04 5.7264702e-07]",[6.2541785e-06 9.9908674e-01 4.2013169e-04 4.8693854e-04],[0.13030796 0.8696921 ],"[1.9794791e-07 1.7730043e-04 1.0324773e-01 7.6661164e-01 1.2739016e-01
 2.5370615e-03 3.5315978e-05 6.4139164e-07 3.5766544e-08]",0,Black,20-39
/scratch/project_462000771/mengting/projects/bias/Wan2.1/prompt2/selected_faces/detected_person/person_0343_face0.png,East Asian,Asian,Female,20-29,"[1.0206097e-02 7.6772721e-04 2.7615741e-02 6.7513758e-01 2.8571868e-01
 2.6165432e-04 2.9247627e-04]",[3.5226882e-02 1.2395917e-03 9.6301007e-01 5.2344962e-04],[0.04931776 0.9506822 ],"[7.2170485e-07 2.7746474e-04 7.2192848e-02 7.4337876e-01 1.7198978e-01
 1.1835576e-02 2.9803716e-04 2.3987486e-05 2.7647789e-06]",0,Asian,20-39
/scratch/project_462000771/mengting/projects/bias/Wan2.1/prompt2/selected_faces/detected_person/person_0344_face0.png,Middle Eastern,Indian,Male,20-29,"[1.5798555e-01 1.6711584e-04 7.5314544e-02 3.9597356e-04 1.0808778e-03
 1.5887824e-01 6.0617769e-01]",[0.2247658  0.00129158 0.00660496 0.7673376 ],[9.999994e-01 5.808585e-07],"[1.2404534e-07 5.5637056e-06 3.7375372e-03 7.9900825e-01 1.9528444e-01
 1.9600894e-03 3.9446977e-06 7.9524582e-08 1.6149598e-09]",0,Others,20-39
/scratch/project_462000771/mengting/projects/bias/Wan2.1/prompt2/selected_faces/detected_person/person_0345_face0.png,White,White,Male,30-39,"[9.8557627e-01 1.3819580e-04 4.4783149e-03 8.0148740e-05 1.4439011e-04
 5.3653202e-04 9.0461764e-03]",[9.9114829e-01 2.7757422e-03 4.1015263e-04 5.6658937e-03],[9.992622e-01 7.378261e-04],"[2.3794357e-06 5.5164164e-05 1.5449772e-03 2.6934984e-01 6.9440329e-01
 3.4179978e-02 4.5919555e-04 4.8948168e-06 2.8260553e-07]",0,White,20-39
/scratch/project_462000771/mengting/projects/bias/Wan2.1/prompt2/selected_faces/detected_person/person_0346_face0.png,Latino_Hispanic,Indian,Female,30-39,"[0.09436464 0.0013308  0.84111893 0.00143068 0.00435821 0.04621704
 0.01117971]",[0.33249617 0.05707229 0.02433253 0.586099  ],[5.8728532e-05 9.9994135e-01],"[2.6638324e-08 3.6116037e-06 3.6355602e-03 2.4637811e-01 6.3294452e-01
 1.1377916e-01 3.2220646e-03 3.6707650e-05 2.8939968e-07]",1,Others,20-39
/scratch/project_462000771/mengting/projects/bias/Wan2.1/prompt2/selected_faces/detected_person/person_0347_face0.png,East Asian,Asian,Female,20-29,"[2.1732762e-03 2.5191976e-05 8.1500888e-04 9.6630049e-01 3.0463425e-02
 1.5161812e-04 7.1011054e-05]",[1.1071024e-03 9.5008203e-05 9.9859256e-01 2.0530562e-04],[0.01080203 0.98919797],"[2.6729310e-06 5.0694298e-04 6.8730108e-02 7.2932690e-01 1.8424167e-01
 1.6162304e-02 9.2322973e-04 9.7583921e-05 8.5662978e-06]",1,Asian,20-39
/scratch/project_462000771/mengting/projects/bias/Wan2.1/prompt2/selected_faces/detected_person/person_0348_face0.png,Latino_Hispanic,Indian,Female,20-29,"[1.3602868e-01 1.9402326e-04 5.0589627e-01 1.7883613e-04 3.1284845e-04
 2.1043118e-02 3.3634621e-01]",[0.42575476 0.00277791 0.00569084 0.5657765 ],[1.3394441e-05 9.9998659e-01],"[2.5982685e-09 4.1096751e-05 1.3123000e-01 8.1419718e-01 5.4179475e-02
 3.5173871e-04 5.1341215e-07 5.7612959e-09 8.0559233e-11]",1,Others,20-39
/scratch/project_462000771/mengting/projects/bias/Wan2.1/prompt2/selected_faces/detected_person/person_0349_face0.png,Black,Black,Male,20-29,"[3.8021915e-06 9.9924815e-01 1.2760576e-04 1.7734099e-07 4.0730561e-06
 6.1089988e-04 5.2522737e-06]",[1.2581095e-06 9.9994844e-01 2.4209010e-06 4.7839800e-05],[0.99398565 0.00601438],"[1.3234671e-07 7.5590848e-05 4.6018966e-02 7.7805644e-01 1.7208882e-01
 3.7174216e-03 4.1973330e-05 6.0011308e-07 2.8897821e-08]",0,Black,20-39
/scratch/project_462000771/mengting/projects/bias/Wan2.1/prompt2/selected_faces/detected_person/person_0350_face0.png,Latino_Hispanic,Indian,Female,30-39,"[0.03401073 0.05272476 0.44785437 0.00206017 0.01648501 0.38511324
 0.06175167]",[0.01531286 0.02590764 0.01655155 0.9422279 ],[0.01776954 0.9822304 ],"[1.0812328e-06 1.8386138e-05 1.7312231e-03 7.8918725e-02 5.1886648e-01
 3.5073265e-01 4.7560219e-02 2.1315019e-03 3.9641669e-05]",0,Others,20-39
/scratch/project_462000771/mengting/projects/bias/Wan2.1/prompt2/selected_faces/detected_person/person_0351_face0.png,East Asian,Asian,Female,20-29,"[2.8384893e-04 2.5329451e-05 1.4553260e-03 8.2509094e-01 1.7259215e-01
 5.0816697e-04 4.4272561e-05]",[1.7408142e-04 6.7251050e-05 9.9882287e-01 9.3579304e-04],[3.8384768e-04 9.9961615e-01],"[2.7133737e-07 1.8539390e-04 6.5440461e-02 8.1519186e-01 1.1429115e-01
 4.8514530e-03 3.6316644e-05 3.0057288e-06 1.1936322e-07]",0,Asian,20-39
/scratch/project_462000771/mengting/projects/bias/Wan2.1/prompt2/selected_faces/detected_person/person_0352_face0.png,White,White,Female,30-39,"[7.6742154e-01 3.0656997e-04 2.9240191e-02 1.0267288e-03 4.7070388e-04
 1.9703088e-03 1.9956398e-01]",[9.7440439e-01 5.2737707e-04 5.1878206e-03 1.9880427e-02],[0.00243055 0.9975695 ],"[2.4796097e-07 8.1109065e-06 1.4680622e-03 1.2869698e-01 5.1262301e-01
 3.3889544e-01 1.7695284e-02 5.8463763e-04 2.8243054e-05]",1,White,20-39
/scratch/project_462000771/mengting/projects/bias/Wan2.1/prompt2/selected_faces/detected_person/person_0353_face0.png,White,White,Male,30-39,"[9.05299544e-01 1.57681425e-04 4.52287272e-02 1.81340783e-05
 7.40240503e-05 1.37850465e-02 3.54368761e-02]",[9.8743224e-01 1.5514511e-04 1.4058333e-04 1.2271997e-02],[9.9986404e-01 1.3594849e-04],"[1.34952734e-06 1.55008893e-04 6.95927627e-03 4.48744923e-01
 5.17148674e-01 2.68831551e-02 1.06716245e-04 9.06038338e-07
 2.97183931e-08]",1,White,20-39
/scratch/project_462000771/mengting/projects/bias/Wan2.1/prompt2/selected_faces/detected_person/person_0354_face0.png,Black,Black,Male,30-39,"[4.3638006e-06 9.9977118e-01 1.0401033e-04 6.8542852e-07 7.7640761e-06
 1.0924123e-04 2.8048898e-06]",[1.4077211e-06 9.9992865e-01 8.3571167e-06 6.1548701e-05],[9.9942505e-01 5.7493447e-04],"[4.8277834e-06 1.1878680e-04 1.0852005e-02 4.6115586e-01 4.6117225e-01
 6.5228485e-02 1.4516830e-03 1.5136827e-05 9.6760482e-07]",1,Black,20-39
/scratch/project_462000771/mengting/projects/bias/Wan2.1/prompt2/selected_faces/detected_person/person_0355_face0.png,White,White,Female,20-29,"[5.7839733e-01 3.0931827e-04 3.7327534e-01 1.0266696e-02 9.5052049e-03
 2.7466081e-03 2.5499513e-02]",[0.9214505  0.00381506 0.06675692 0.00797753],[0.02479906 0.9752009 ],"[6.2612571e-08 8.3383420e-05 8.1335112e-02 6.8231100e-01 2.2708599e-01
 9.1275368e-03 5.5545857e-05 1.2622980e-06 4.6604942e-08]",1,White,20-39
/scratch/project_462000771/mengting/projects/bias/Wan2.1/prompt2/selected_faces/detected_person/person_0356_face0.png,East Asian,Asian,Male,20-29,"[1.9385965e-04 2.0655320e-06 9.6821866e-04 9.0664876e-01 9.2113987e-02
 5.4439974e-05 1.8719538e-05]",[2.00572744e-04 1.11363215e-05 9.98884499e-01 9.03795008e-04],[9.9943608e-01 5.6393514e-04],"[1.4805097e-07 1.5368118e-04 1.5130249e-01 7.7473253e-01 7.2569869e-02
 1.2314538e-03 9.2348855e-06 5.8102933e-07 9.5931956e-09]",1,Asian,20-39
/scratch/project_462000771/mengting/projects/bias/Wan2.1/prompt2/selected_faces/detected_person/person_0357_face0.png,East Asian,Asian,Female,20-29,"[6.0950136e-03 9.6346746e-05 1.8201174e-03 9.1446704e-01 7.7248834e-02
 8.8995388e-05 1.8368111e-04]",[2.4410242e-02 5.1274849e-04 9.7458833e-01 4.8860902e-04],[0.12719811 0.87280184],"[4.47600723e-05 1.13613186e-02 1.36715531e-01 7.55514801e-01
 9.14882571e-02 4.74552996e-03 1.14085720e-04 1.30081025e-05
 2.63364723e-06]",1,Asian,20-39
/scratch/project_462000771/mengting/projects/bias/Wan2.1/prompt2/selected_faces/detected_person/person_0358_face0.png,White,White,Male,20-29,"[9.9773782e-01 1.7674902e-06 5.6514336e-04 4.6694845e-06 9.1658503e-06
 2.8678549e-05 1.6528502e-03]",[9.9984705e-01 1.7986751e-05 1.4052843e-05 1.2093693e-04],[9.998660e-01 1.340319e-04],"[2.4668230e-07 1.3544194e-05 1.7742949e-03 5.5809742e-01 4.3009365e-01
 9.9964589e-03 2.4180898e-05 1.9067186e-07 9.3256434e-09]",1,White,20-39
/scratch/project_462000771/mengting/projects/bias/Wan2.1/prompt2/selected_faces/detected_person/person_0359_face0.png,Latino_Hispanic,White,Female,20-29,"[0.22417706 0.00100044 0.6044276  0.0370337  0.03167754 0.03036584
 0.07131793]",[0.8394801  0.00826059 0.08007505 0.07218428],[0.1717764 0.8282236],"[1.61513256e-07 8.34999155e-05 1.35206789e-01 7.54613519e-01
 1.05876796e-01 4.19221399e-03 2.55281102e-05 1.43395482e-06
 7.17274844e-08]",1,Others,20-39
/scratch/project_462000771/mengting/projects/bias/Wan2.1/prompt2/selected_faces/detected_person/person_0360_face0.png,Latino_Hispanic,Indian,Male,20-29,"[3.0752152e-01 2.3830761e-03 3.7097937e-01 2.9734752e-04 1.6080991e-03
 6.7519642e-02 2.4969096e-01]",[0.2238084  0.03981083 0.04244965 0.6939311 ],[9.9978864e-01 2.1133832e-04],"[1.2715395e-06 1.4880711e-04 1.0853009e-02 7.7573085e-01 2.1142147e-01
 1.8401052e-03 4.3175955e-06 1.3523301e-07 2.7947482e-09]",1,Others,20-39
/scratch/project_462000771/mengting/projects/bias/Wan2.1/prompt2/selected_faces/detected_person/person_0361_face0.png,East Asian,Asian,Female,20-29,"[1.17821095e-04 1.95440953e-06 7.78053247e-04 8.76630366e-01
 1.22310095e-01 1.55130765e-04 6.61854983e-06]",[1.0582680e-04 2.0929347e-06 9.9981511e-01 7.7020581e-05],[0.06530346 0.93469656],"[1.4383853e-07 1.3398453e-04 9.0252578e-02 8.0165988e-01 1.0570911e-01
 2.2295725e-03 1.3760635e-05 1.0447570e-06 1.2725398e-08]",1,Asian,20-39
/scratch/project_462000771/mengting/projects/bias/Wan2.1/prompt2/selected_faces/detected_person/person_0362_face0.png,White,White,Male,20-29,"[9.9923527e-01 1.8437260e-06 4.9487059e-04 5.2623705e-06 8.2230772e-06
 2.4342458e-05 2.3010085e-04]",[9.9559414e-01 2.2379494e-04 3.1805193e-04 3.8639333e-03],[9.9975711e-01 2.4286022e-04],"[3.6093886e-07 7.7317229e-05 1.9697687e-02 7.1625608e-01 2.5580043e-01
 8.1278635e-03 3.9856281e-05 3.7089814e-07 1.8411894e-08]",1,White,20-39
/scratch/project_462000771/mengting/projects/bias/Wan2.1/prompt2/selected_faces/detected_person/person_0363_face0.png,Black,Black,Male,20-29,"[1.5484864e-05 9.9935442e-01 3.5607271e-04 9.9771864e-07 5.1501000e-05
 2.0300329e-04 1.8543151e-05]",[6.9130660e-06 9.9975854e-01 3.7628979e-05 1.9693245e-04],[9.999996e-01 4.896484e-07],"[1.1380619e-06 2.2867699e-03 4.1961229e-01 5.4822302e-01 2.8928136e-02
 9.4051816e-04 8.0230002e-06 1.9314096e-07 8.6941165e-09]",1,Black,20-39
/scratch/project_462000771/mengting/projects/bias/Wan2.1/prompt2/selected_faces/detected_person/person_0365_face0.png,Black,Black,Male,20-29,"[1.1179545e-03 9.7412992e-01 6.0772742e-03 2.4917188e-05 2.0973913e-04
 1.5273733e-02 3.1665151e-03]",[2.7862602e-04 9.5799494e-01 1.3065995e-03 4.0419828e-02],[9.9974924e-01 2.5077001e-04],"[1.5338696e-06 1.9470266e-04 1.9981345e-02 5.5483139e-01 4.0451580e-01
 2.0055903e-02 4.0235152e-04 1.5882140e-05 1.0924430e-06]",1,Black,20-39
/scratch/project_462000771/mengting/projects/bias/Wan2.1/prompt2/selected_faces/detected_person/person_0366_face0.png,Latino_Hispanic,White,Female,20-29,"[0.22910061 0.04755602 0.5329375  0.01049106 0.00924677 0.1050018
 0.0656662 ]",[0.6760718  0.07320591 0.00589622 0.24482603],[3.4809232e-04 9.9965191e-01],"[2.0985832e-08 1.3172236e-05 1.9399704e-02 5.5798680e-01 3.9782175e-01
 2.4548391e-02 2.2605959e-04 3.9637430e-06 1.1531823e-07]",0,Others,20-39
/scratch/project_462000771/mengting/projects/bias/Wan2.1/prompt2/selected_faces/detected_person/person_0367_face0.png,White,White,Male,30-39,"[9.9703896e-01 1.3820040e-05 1.6186750e-03 2.3349798e-05 4.8488782e-05
 1.5124000e-04 1.1053206e-03]",[9.9830103e-01 1.8879163e-04 3.5733572e-04 1.1528410e-03],[9.9996150e-01 3.8547514e-05],"[6.0554629e-07 8.7128346e-06 4.1240134e-04 1.2859160e-01 7.5366068e-01
 1.1609713e-01 1.2206576e-03 7.9527790e-06 2.8528575e-07]",1,White,20-39
/scratch/project_462000771/mengting/projects/bias/Wan2.1/prompt2/selected_faces/detected_person/person_0368_face0.png,East Asian,Asian,Female,20-29,"[2.8455552e-01 2.7290173e-04 1.2601598e-01 3.3208430e-01 2.2489827e-02
 3.8509308e-03 2.3073055e-01]",[4.8983443e-01 2.1667087e-04 4.9722826e-01 1.2720564e-02],[4.6923774e-04 9.9953079e-01],"[8.1538639e-07 9.7397155e-05 1.9600485e-02 5.5588889e-01 3.7643242e-01
 4.6707667e-02 1.1905883e-03 7.8782345e-05 2.9377920e-06]",0,Asian,20-39
/scratch/project_462000771/mengting/projects/bias/Wan2.1/prompt2/selected_faces/detected_person/person_0369_face0.png,White,White,Male,30-39,"[0.7189789  0.02256977 0.21235856 0.00086383 0.00202122 0.00569091
 0.03751675]",[0.6001895  0.38905287 0.00500374 0.00575392],[9.999943e-01 5.721440e-06],"[2.8536194e-08 1.4558809e-06 9.0262986e-04 4.8576623e-01 5.0557530e-01
 7.7405339e-03 1.3551183e-05 1.2607460e-07 6.3832934e-09]",1,White,20-39
/scratch/project_462000771/mengting/projects/bias/Wan2.1/prompt2/selected_faces/detected_person/person_0370_face0.png,White,White,Male,20-29,"[9.7480220e-01 6.6693588e-05 6.2131668e-03 1.2525171e-04 1.9623633e-04
 4.2949038e-04 1.8166970e-02]",[9.9886537e-01 2.0097579e-04 1.4084445e-04 7.9276471e-04],[9.9974346e-01 2.5659255e-04],"[3.2049638e-07 9.6377007e-06 3.2172361e-03 5.3596973e-01 4.3605143e-01
 2.4495102e-02 2.5205858e-04 4.2797064e-06 2.0989840e-07]",1,White,20-39
/scratch/project_462000771/mengting/projects/bias/Wan2.1/prompt2/selected_faces/detected_person/person_0371_face0.png,Black,Black,Male,20-29,"[1.6634933e-05 9.9919850e-01 1.4233886e-04 7.9841520e-06 6.7759000e-05
 5.5513298e-04 1.1726092e-05]",[3.6128213e-06 9.9916530e-01 9.1833695e-05 7.3936855e-04],[9.990189e-01 9.811096e-04],"[2.8324150e-05 2.5469463e-02 4.4401944e-01 4.4763955e-01 7.7102557e-02
 5.6142611e-03 1.2170001e-04 4.3377004e-06 4.6672130e-07]",1,Black,20-39
/scratch/project_462000771/mengting/projects/bias/Wan2.1/prompt2/selected_faces/detected_person/person_0372_face0.png,White,White,Male,20-29,"[8.29839647e-01 7.99484405e-05 1.00848526e-01 1.30582775e-04
 3.80685582e-04 3.56630376e-03 6.51543438e-02]",[9.6951926e-01 5.4834096e-04 7.9284478e-03 2.2003992e-02],[9.9999845e-01 1.4808219e-06],"[1.9756519e-07 2.0551081e-04 2.2043031e-01 7.2872710e-01 4.9499724e-02
 1.1318743e-03 5.1464144e-06 9.7089085e-08 2.0044801e-09]",1,White,20-39
/scratch/project_462000771/mengting/projects/bias/Wan2.1/prompt2/selected_faces/detected_person/person_0373_face0.png,Latino_Hispanic,Black,Female,20-29,"[0.02924547 0.13002753 0.45677826 0.00136541 0.00418066 0.3498918
 0.02851082]",[0.08422527 0.5731318  0.00426394 0.338379  ],[2.4470632e-04 9.9975532e-01],"[2.4171054e-08 4.7806407e-05 7.9143479e-02 8.3470839e-01 8.4867366e-02
 1.2284768e-03 4.3239347e-06 9.2661274e-08 2.8242431e-09]",0,Others,20-39
/scratch/project_462000771/mengting/projects/bias/Wan2.1/prompt2/selected_faces/detected_person/person_0374_face0.png,Black,Black,Male,20-29,"[1.9743970e-06 9.9909329e-01 3.5416117e-05 9.8422242e-07 3.2601776e-05
 8.3323254e-04 2.4975589e-06]",[4.7135704e-06 9.9463767e-01 1.8166215e-04 5.1759612e-03],[9.9998856e-01 1.1422333e-05],"[6.3967212e-07 2.4152329e-04 6.3210621e-02 7.5055915e-01 1.7841281e-01
 7.4831969e-03 9.0482354e-05 1.5032791e-06 1.2213656e-07]",1,Black,20-39
/scratch/project_462000771/mengting/projects/bias/Wan2.1/prompt2/selected_faces/detected_person/person_0375_face0.png,White,White,Female,30-39,"[4.6976259e-01 2.7678510e-05 1.3367122e-01 1.9130445e-03 1.1655472e-03
 1.6065892e-02 3.7739408e-01]",[9.8747516e-01 2.3652684e-04 1.3929931e-03 1.0895303e-02],[0.2028689  0.79713106],"[4.7134785e-07 1.4232652e-05 5.7408949e-03 1.6274379e-01 6.1495972e-01
 2.1003687e-01 6.3725342e-03 1.2897240e-04 2.4423223e-06]",1,White,20-39
/scratch/project_462000771/mengting/projects/bias/Wan2.1/prompt2/selected_faces/detected_person/person_0376_face0.png,White,White,Male,40-49,"[9.9564999e-01 1.4840853e-07 5.2388092e-05 6.1754408e-06 5.8464352e-06
 1.5878668e-06 4.2838552e-03]",[9.9998236e-01 7.4689737e-08 1.1397155e-05 6.1744850e-06],[0.98857945 0.01142055],"[1.0792944e-06 2.2775668e-05 2.3647158e-03 7.3341891e-02 3.3263597e-01
 5.4779673e-01 4.3113105e-02 6.9519511e-04 2.8523051e-05]",1,White,40-59
/scratch/project_462000771/mengting/projects/bias/Wan2.1/prompt2/selected_faces/detected_person/person_0377_face0.png,White,White,Male,50-59,"[8.7579489e-01 6.0176739e-04 6.2349971e-02 4.3254482e-04 7.6539849e-04
 3.0591225e-02 2.9464331e-02]",[8.9548689e-01 5.6831160e-04 4.6911291e-04 1.0347563e-01],[9.9997342e-01 2.6528185e-05],"[7.9198189e-06 6.4163473e-06 4.5011566e-05 5.8500975e-04 3.1197177e-02
 4.2896169e-01 5.2753228e-01 1.1575663e-02 8.8881636e-05]",0,White,40-59
/scratch/project_462000771/mengting/projects/bias/Wan2.1/prompt2/selected_faces/detected_person/person_0378_face0.png,White,White,Male,20-29,"[9.9351668e-01 5.8068879e-05 2.9963814e-03 1.8221324e-05 2.5000478e-05
 2.1403813e-04 3.1716547e-03]",[9.9479228e-01 2.8891407e-03 1.2028180e-04 2.1982335e-03],[9.9998152e-01 1.8530194e-05],"[4.9726015e-08 5.7750608e-06 8.1260158e-03 7.8180861e-01 2.0609711e-01
 3.9444533e-03 1.7678714e-05 2.4270105e-07 6.5660650e-09]",1,White,20-39
/scratch/project_462000771/mengting/projects/bias/Wan2.1/prompt2/selected_faces/detected_person/person_0379_face0.png,East Asian,Asian,Female,20-29,"[9.3201772e-05 9.0570080e-07 1.4004188e-04 9.2995089e-01 6.9755599e-02
 4.3771051e-05 1.5569665e-05]",[2.2052761e-04 2.7392989e-06 9.9976504e-01 1.1682023e-05],[1.3021124e-04 9.9986982e-01],"[4.2999818e-07 5.9986378e-05 1.8742651e-02 5.5593026e-01 3.5988125e-01
 6.3893422e-02 1.3335512e-03 1.5485215e-04 3.6768001e-06]",1,Asian,20-39
/scratch/project_462000771/mengting/projects/bias/Wan2.1/prompt2/selected_faces/detected_person/person_0380_face0.png,White,White,Female,20-29,"[5.8711708e-01 3.1570220e-05 1.5515174e-01 5.0760214e-03 1.1157673e-03
 6.4644464e-03 2.4504343e-01]",[0.98251504 0.00168565 0.00774859 0.00805076],[2.8828642e-04 9.9971175e-01],"[9.1551708e-09 4.9515242e-05 1.0822015e-01 8.0558681e-01 8.4685333e-02
 1.4547706e-03 3.3479407e-06 9.2360040e-08 2.8487579e-09]",1,White,20-39
/scratch/project_462000771/mengting/projects/bias/Wan2.1/prompt2/selected_faces/detected_person/person_0381_face0.png,White,White,Male,20-29,"[4.5832992e-01 5.6370074e-04 8.0494776e-02 7.2519970e-06 1.0090256e-04
 2.0257315e-01 2.5793037e-01]",[9.54043448e-01 2.38340828e-04 1.11041765e-04 4.56071533e-02],[9.999976e-01 2.420115e-06],"[1.9866640e-08 2.5125678e-06 5.5965278e-03 6.0787696e-01 3.7716898e-01
 9.3169715e-03 3.7446156e-05 5.7326088e-07 9.1178967e-09]",1,White,20-39
/scratch/project_462000771/mengting/projects/bias/Wan2.1/prompt2/selected_faces/detected_person/person_0382_face0.png,Indian,Indian,Male,20-29,"[5.6196205e-02 1.9191918e-03 2.0311587e-01 3.7998593e-04 1.9087092e-03
 5.4597664e-01 1.9050340e-01]",[0.04714858 0.00401003 0.00176294 0.94707847],[9.999970e-01 2.968623e-06],"[1.1723613e-07 1.8420822e-05 6.8065496e-03 7.5727355e-01 2.3295321e-01
 2.9411830e-03 6.8226500e-06 1.2206483e-07 3.2475151e-09]",0,Others,20-39
/scratch/project_462000771/mengting/projects/bias/Wan2.1/prompt2/selected_faces/detected_person/person_0383_face0.png,White,White,Female,30-39,"[9.9046010e-01 1.6196254e-06 3.1972458e-03 1.3477766e-05 1.6836346e-05
 3.7298938e-05 6.2735807e-03]",[9.9776387e-01 2.3728570e-04 5.7435140e-04 1.4245257e-03],[2.1258463e-06 9.9999785e-01],"[7.0951609e-09 4.5580970e-07 5.5056706e-04 1.3927241e-01 7.3918265e-01
 1.1810991e-01 2.8626707e-03 2.1157526e-05 1.4364906e-07]",0,White,20-39
/scratch/project_462000771/mengting/projects/bias/Wan2.1/prompt2/selected_faces/detected_person/person_0384_face0.png,East Asian,Asian,Female,30-39,"[6.6318862e-02 3.7408397e-05 1.4931013e-01 6.4202857e-01 1.3216387e-01
 4.1295849e-03 6.0116607e-03]",[9.5555007e-02 1.3430719e-04 8.9831930e-01 5.9913509e-03],[4.068563e-05 9.999593e-01],"[1.8599268e-08 8.6988121e-06 7.7051553e-03 4.0408877e-01 5.6158960e-01
 2.6383253e-02 2.1861108e-04 5.7944230e-06 5.0538766e-08]",0,Asian,20-39
/scratch/project_462000771/mengting/projects/bias/Wan2.1/prompt2/selected_faces/detected_person/person_0385_face0.png,White,White,Male,30-39,"[9.8004615e-01 8.4307176e-05 5.6157489e-03 2.0812414e-04 2.8341007e-04
 1.8821085e-04 1.3573967e-02]",[9.9660933e-01 2.5498637e-04 3.0038131e-03 1.3183941e-04],[9.999917e-01 8.259223e-06],"[5.8931249e-07 1.5873571e-05 1.2876006e-03 1.9889455e-01 6.6598076e-01
 1.3251248e-01 1.2986729e-03 9.1129650e-06 2.8859534e-07]",0,White,20-39
/scratch/project_462000771/mengting/projects/bias/Wan2.1/prompt2/selected_faces/detected_person/person_0386_face0.png,Black,Black,Female,20-29,"[7.2892179e-04 8.3355296e-01 2.8644353e-02 8.3698938e-03 6.0146607e-02
 6.8261117e-02 2.9614868e-04]",[4.3803759e-04 9.6426451e-01 1.2040409e-03 3.4093354e-02],[4.3154287e-04 9.9956846e-01],"[1.5622466e-07 4.4754022e-04 1.9817978e-01 7.7000803e-01 3.1069160e-02
 2.9351897e-04 1.7765981e-06 5.1353691e-08 1.8716659e-09]",1,Black,20-39
/scratch/project_462000771/mengting/projects/bias/Wan2.1/prompt2/selected_faces/detected_person/person_0387_face0.png,White,White,Male,20-29,"[9.9984306e-01 4.6386045e-08 5.7544850e-05 7.0486094e-06 9.0139984e-06
 1.9121521e-06 8.1401733e-05]",[9.9991882e-01 1.4184857e-07 7.8262834e-05 2.7981596e-06],[9.9999654e-01 3.4072098e-06],"[8.5377718e-07 8.2397783e-05 5.8926442e-03 5.1496243e-01 4.5338503e-01
 2.5542622e-02 1.3327887e-04 7.2977735e-07 1.5539491e-08]",1,White,20-39
/scratch/project_462000771/mengting/projects/bias/Wan2.1/prompt2/selected_faces/detected_person/person_0388_face0.png,White,White,Male,20-29,"[8.6397463e-01 3.2313084e-04 5.1772293e-02 2.5446119e-03 2.8893477e-03
 1.7328713e-02 6.1167292e-02]",[0.9530299  0.00133016 0.02483899 0.0208009 ],[0.78428376 0.21571626],"[5.2172916e-05 6.7162779e-03 1.1935537e-01 6.7304069e-01 1.8973477e-01
 1.0893209e-02 1.9571619e-04 1.1099598e-05 6.9382941e-07]",1,White,20-39
/scratch/project_462000771/mengting/projects/bias/Wan2.1/prompt2/selected_faces/detected_person/person_0389_face0.png,White,White,Female,20-29,"[8.40332508e-01 8.78799110e-05 4.67752106e-02 3.21439729e-04
 1.50968772e-04 1.70656713e-03 1.10625416e-01]",[0.9896143  0.00119176 0.00123249 0.00796142],[5.8249143e-06 9.9999422e-01],"[1.4934425e-09 9.1041047e-06 5.0726693e-02 8.6757326e-01 8.1241846e-02
 4.4848307e-04 5.8365902e-07 4.3353379e-09 7.9920792e-11]",0,White,20-39
/scratch/project_462000771/mengting/projects/bias/Wan2.1/prompt2/selected_faces/detected_person/person_0390_face0.png,Southeast Asian,Asian,Female,20-29,"[8.7192014e-04 4.6201228e-04 2.7426001e-02 4.4471204e-01 5.0041002e-01
 2.6012449e-02 1.0552825e-04]",[5.5838528e-04 7.1035896e-04 9.9495602e-01 3.7752490e-03],[0.001319 0.998681],"[4.3376250e-08 1.5522963e-04 1.5972078e-01 8.1166333e-01 2.8201602e-02
 2.5857176e-04 3.9209252e-07 2.1976101e-08 4.1829057e-10]",2,Asian,20-39
/scratch/project_462000771/mengting/projects/bias/Wan2.1/prompt2/selected_faces/detected_person/person_0391_face0.png,East Asian,White,Female,20-29,"[0.01255246 0.00133226 0.1818232  0.39888883 0.3722025  0.03067873
 0.0025219 ]",[0.42561004 0.00611377 0.33547407 0.2328021 ],[1.7733575e-04 9.9982268e-01],"[1.6599380e-08 2.5499772e-05 8.7980770e-02 7.2802067e-01 1.7974316e-01
 4.2156647e-03 1.3764121e-05 5.0499978e-07 7.0378023e-09]",1,Asian,20-39
/scratch/project_462000771/mengting/projects/bias/Wan2.1/prompt2/selected_faces/detected_person/person_0392_face0.png,White,White,Male,30-39,"[9.9936366e-01 1.3245717e-07 3.1196771e-04 2.9834069e-05 3.4810579e-05
 4.6331138e-06 2.5486108e-04]",[9.9819231e-01 7.9051875e-07 1.7626409e-03 4.4267945e-05],[9.99989986e-01 1.00072475e-05],"[1.6738121e-06 1.0798732e-04 8.4534828e-03 3.3783183e-01 6.0298282e-01
 5.0312843e-02 3.0734862e-04 2.0501834e-06 4.5375383e-08]",1,White,20-39
/scratch/project_462000771/mengting/projects/bias/Wan2.1/prompt2/selected_faces/detected_person/person_0393_face0.png,White,White,Male,30-39,"[8.1084788e-01 4.2408472e-04 7.4132942e-02 5.0808662e-03 4.4120615e-03
 1.5763477e-03 1.0352579e-01]",[0.9655852  0.00298921 0.02738767 0.00403797],[0.9935377  0.00646226],"[3.9809170e-06 6.3442334e-05 8.1541669e-03 3.4725285e-01 5.3150249e-01
 1.0834644e-01 4.3443153e-03 3.0816408e-04 2.4095796e-05]",0,White,20-39
/scratch/project_462000771/mengting/projects/bias/Wan2.1/prompt2/selected_faces/detected_person/person_0394_face0.png,White,White,Male,30-39,"[8.6797595e-01 2.8403109e-04 6.8922393e-02 8.7153792e-05 2.9504320e-04
 7.8214090e-03 5.4613978e-02]",[9.4149345e-01 1.1885448e-03 2.6122096e-04 5.7056844e-02],[9.9998754e-01 1.2399445e-05],"[6.0995255e-08 3.5102642e-06 1.1074169e-03 3.9991602e-01 5.7868356e-01
 2.0217862e-02 7.1204944e-05 3.7901705e-07 1.1258471e-08]",1,White,20-39
/scratch/project_462000771/mengting/projects/bias/Wan2.1/prompt2/selected_faces/detected_person/person_0395_face0.png,East Asian,Asian,Female,30-39,"[1.6850735e-03 2.6603955e-06 1.2488154e-03 9.4684452e-01 5.0077248e-02
 9.0857131e-05 5.0810384e-05]",[1.4671803e-03 3.9677093e-06 9.9819720e-01 3.3162950e-04],[0.00404808 0.9959519 ],"[3.8541324e-07 4.6101959e-05 1.8192703e-02 4.2153421e-01 4.7560042e-01
 8.2775608e-02 1.6929355e-03 1.5453463e-04 3.1443992e-06]",1,Asian,20-39
/scratch/project_462000771/mengting/projects/bias/Wan2.1/prompt2/selected_faces/detected_person/person_0396_face0.png,Black,Black,Male,20-29,"[4.0830137e-08 9.9999624e-01 1.1166298e-06 1.2698854e-08 2.8501236e-07
 2.2387781e-06 1.8895822e-08]",[2.9444945e-07 9.9998331e-01 1.2474556e-05 3.9428260e-06],[9.9973947e-01 2.6047401e-04],"[7.9153688e-09 1.3052143e-06 2.4309468e-03 5.8411169e-01 3.9778110e-01
 1.5597983e-02 7.6502474e-05 4.8537873e-07 2.9554524e-08]",1,Black,20-39
/scratch/project_462000771/mengting/projects/bias/Wan2.1/prompt2/selected_faces/detected_person/person_0397_face0.png,White,White,Female,30-39,"[5.4974234e-01 5.5682191e-05 1.8055671e-01 1.4557888e-02 8.0280900e-03
 2.1000775e-03 2.4495916e-01]",[9.7739387e-01 2.2070995e-04 1.3562045e-02 8.8233529e-03],[7.412088e-04 9.992588e-01],"[1.7503449e-07 3.7294940e-05 1.3290016e-02 3.7131834e-01 5.2401650e-01
 8.9816727e-02 1.4806236e-03 3.9563849e-05 6.9422646e-07]",1,White,20-39
/scratch/project_462000771/mengting/projects/bias/Wan2.1/prompt2/selected_faces/detected_person/person_0398_face0.png,White,White,Male,30-39,"[8.1920242e-01 2.9798243e-03 8.0874182e-02 2.5999884e-04 7.9020351e-04
 1.4697718e-02 8.1195593e-02]",[0.9156828  0.00883344 0.00104902 0.07443477],[0.9982251 0.0017749],"[3.6037840e-05 7.3110947e-04 5.5996748e-03 1.7834818e-01 5.8825761e-01
 2.2104417e-01 5.8434587e-03 1.3117043e-04 8.6379696e-06]",0,White,20-39
/scratch/project_462000771/mengting/projects/bias/Wan2.1/prompt2/selected_faces/detected_person/person_0399_face0.png,Black,Black,Male,20-29,"[3.8705442e-05 9.7980642e-01 3.0422893e-03 4.6243804e-05 1.7426147e-03
 1.5271696e-02 5.1976163e-05]",[1.5164276e-05 9.9072045e-01 1.6783256e-04 9.0965498e-03],[9.999632e-01 3.681812e-05],"[2.3479227e-08 1.0748704e-06 3.3712753e-03 6.0387284e-01 3.8101089e-01
 1.1652894e-02 9.0212066e-05 7.7752304e-07 3.4989423e-08]",1,Black,20-39
/scratch/project_462000771/mengting/projects/bias/Wan2.1/prompt2/selected_faces/detected_person/person_0400_face0.png,Latino_Hispanic,Indian,Male,30-39,"[0.12686259 0.00550306 0.6677459  0.00082722 0.00444541 0.05789945
 0.13671632]",[0.2971178  0.08557691 0.01615191 0.6011534 ],[9.999960e-01 4.023363e-06],"[2.2808889e-07 1.4216997e-05 1.1357534e-03 4.7806075e-01 5.1235098e-01
 8.4281852e-03 9.7868124e-06 7.4974601e-08 1.0432050e-09]",1,Others,20-39
/scratch/project_462000771/mengting/projects/bias/Wan2.1/prompt2/selected_faces/detected_person/person_0401_face0.png,White,White,Male,40-49,"[8.7388480e-01 1.2597683e-03 2.4528665e-02 1.9693529e-05 9.1339200e-05
 1.4627595e-02 8.5588120e-02]",[9.905963e-01 4.161425e-04 3.007614e-05 8.957482e-03],[9.9998814e-01 1.1869110e-05],"[3.1900818e-06 1.1572566e-05 9.9120734e-05 1.3396005e-02 4.4755137e-01
 5.1396042e-01 2.4729421e-02 2.4110945e-04 7.7497698e-06]",1,White,40-59
/scratch/project_462000771/mengting/projects/bias/Wan2.1/prompt2/selected_faces/detected_person/person_0402_face0.png,White,White,Male,20-29,"[7.8873545e-01 8.9179208e-05 7.6067872e-02 6.6852932e-05 1.4846303e-04
 1.7619319e-02 1.1727283e-01]",[9.175674e-01 2.632569e-04 3.225593e-04 8.184684e-02],[9.998478e-01 1.521627e-04],"[1.2641854e-06 1.8854286e-04 1.1303514e-02 7.0576233e-01 2.7894095e-01
 3.7933199e-03 9.9349763e-06 1.7823341e-07 9.1632266e-09]",1,White,20-39
/scratch/project_462000771/mengting/projects/bias/Wan2.1/prompt2/selected_faces/detected_person/person_0403_face0.png,White,White,Male,20-29,"[9.7488707e-01 8.1578801e-06 1.8552272e-02 3.3098558e-04 2.5415886e-04
 5.6412240e-04 5.4033250e-03]",[9.9414420e-01 3.2378471e-04 1.0294395e-03 4.5026150e-03],[9.9976456e-01 2.3544750e-04],"[9.9051576e-08 4.3144628e-06 3.8999552e-03 5.6409138e-01 4.1681543e-01
 1.5117693e-02 7.0549118e-05 5.6315116e-07 1.1828252e-08]",1,White,20-39
/scratch/project_462000771/mengting/projects/bias/Wan2.1/prompt2/selected_faces/detected_person/person_0404_face0.png,Latino_Hispanic,White,Male,30-39,"[2.6374173e-01 3.7125812e-04 4.7568956e-01 1.8723249e-04 7.5449562e-04
 4.4186816e-02 2.1506889e-01]",[0.5164132  0.01542765 0.00215081 0.46600834],[0.9984239  0.00157617],"[2.7846627e-07 9.9759427e-06 1.2635987e-03 2.5218773e-01 7.0306563e-01
 4.3313142e-02 1.5865568e-04 1.0213528e-06 1.6626958e-08]",1,Others,20-39
/scratch/project_462000771/mengting/projects/bias/Wan2.1/prompt2/selected_faces/detected_person/person_0405_face0.png,White,White,Male,20-29,"[9.8554718e-01 7.2172195e-05 8.4256772e-03 1.1065990e-04 1.6976918e-04
 5.2888237e-04 5.1456918e-03]",[9.9853086e-01 2.6662017e-05 7.9196144e-04 6.5048627e-04],[9.9930274e-01 6.9728051e-04],"[3.4791358e-07 2.8627794e-05 2.5324896e-02 7.4036086e-01 2.1939537e-01
 1.4626751e-02 2.5791011e-04 5.0028348e-06 2.7408657e-07]",1,White,20-39
/scratch/project_462000771/mengting/projects/bias/Wan2.1/prompt2/selected_faces/detected_person/person_0406_face0.png,Latino_Hispanic,Black,Female,20-29,"[1.11169472e-01 1.22147165e-02 4.70963001e-01 3.89965251e-04
 1.33171387e-03 2.33992264e-02 3.80531818e-01]",[0.39085686 0.5188978  0.01663695 0.07360838],[8.304216e-05 9.999170e-01],"[3.6064744e-08 1.3763535e-05 1.7535685e-02 5.7293189e-01 4.0161541e-01
 7.8231497e-03 7.8991347e-05 1.0709691e-06 1.1656377e-08]",2,Others,20-39
/scratch/project_462000771/mengting/projects/bias/Wan2.1/prompt2/selected_faces/detected_person/person_0407_face0.png,Black,Black,Male,30-39,"[2.5720987e-03 8.8656235e-01 1.9347919e-02 9.7219181e-06 2.1196058e-04
 8.2649887e-02 8.6460151e-03]",[1.8605985e-03 9.7657734e-01 5.8938441e-04 2.0972678e-02],[0.99889815 0.0011018 ],"[9.2614236e-08 3.5636729e-06 1.4978225e-03 2.6125151e-01 6.8826616e-01
 4.8239335e-02 7.2543958e-04 1.5654321e-05 3.8370331e-07]",0,Black,20-39
/scratch/project_462000771/mengting/projects/bias/Wan2.1/prompt2/selected_faces/detected_person/person_0409_face0.png,White,White,Male,20-29,"[8.8852930e-01 2.6495935e-04 7.9171173e-02 4.3429667e-04 4.0504267e-04
 3.6408915e-03 2.7554417e-02]",[9.9558806e-01 3.8376325e-04 2.6197657e-03 1.4083972e-03],[9.999903e-01 9.762177e-06],"[4.2782744e-08 3.7895350e-06 1.9117029e-03 7.2455668e-01 2.7122915e-01
 2.2904614e-03 8.0899445e-06 7.6002671e-08 1.6236784e-09]",1,White,20-39
/scratch/project_462000771/mengting/projects/bias/Wan2.1/prompt2/selected_faces/detected_person/person_0410_face0.png,White,White,Female,20-29,"[7.68166900e-01 9.95137816e-05 1.04084685e-01 1.16599156e-04
 1.14325878e-04 3.68560292e-03 1.23732358e-01]",[9.5231336e-01 1.2354294e-02 5.9185817e-04 3.4740482e-02],[1.4858136e-04 9.9985141e-01],"[2.8506206e-09 4.1308499e-06 2.6606606e-02 7.7258658e-01 1.9607660e-01
 4.7110715e-03 1.4789827e-05 1.9014200e-07 4.2929083e-09]",2,White,20-39
/scratch/project_462000771/mengting/projects/bias/Wan2.1/prompt2/selected_faces/detected_person/person_0411_face0.png,White,White,Female,20-29,"[9.5648003e-01 2.7718672e-06 8.2648592e-03 3.3805933e-04 6.0990973e-05
 2.1009815e-04 3.4643292e-02]",[9.9916947e-01 2.0831025e-05 2.5696642e-04 5.5274926e-04],[3.960384e-04 9.996040e-01],"[1.1507744e-08 1.7211885e-05 6.9867589e-02 8.3363986e-01 9.4554596e-02
 1.9150563e-03 5.6208073e-06 9.0621583e-08 2.9959542e-09]",2,White,20-39
/scratch/project_462000771/mengting/projects/bias/Wan2.1/prompt2/selected_faces/detected_person/person_0412_face0.png,White,White,Male,30-39,"[8.3475363e-01 1.4140291e-04 9.4921499e-02 1.0809818e-03 1.1873010e-03
 3.4131482e-03 6.4502016e-02]",[9.96917546e-01 1.07270294e-04 1.09632325e-03 1.87881070e-03],[9.999169e-01 8.307955e-05],"[5.9315907e-06 4.7419140e-05 1.3429334e-03 9.3818374e-02 5.8089286e-01
 3.1043866e-01 1.3237157e-02 2.1210256e-04 4.5012639e-06]",1,White,20-39
/scratch/project_462000771/mengting/projects/bias/Wan2.1/prompt2/selected_faces/detected_person/person_0413_face0.png,Black,Black,Male,20-29,"[3.3636306e-07 9.9998790e-01 2.4820895e-06 3.6361227e-09 3.5471256e-08
 8.8272363e-06 3.8463924e-07]",[1.6831576e-06 9.9996871e-01 6.6081844e-07 2.8966742e-05],[9.9999660e-01 3.3570007e-06],"[1.2212331e-07 4.6604669e-05 1.5265392e-02 6.5017599e-01 3.1086534e-01
 2.3293614e-02 3.4399886e-04 8.2964298e-06 6.0507773e-07]",1,Black,20-39
/scratch/project_462000771/mengting/projects/bias/Wan2.1/prompt2/selected_faces/detected_person/person_0414_face0.png,Black,Black,Female,20-29,"[2.0118281e-03 9.2998916e-01 6.3219868e-02 2.0675792e-04 2.0677727e-03
 1.9930573e-03 5.1152700e-04]",[3.9843592e-04 9.9380100e-01 1.6109791e-03 4.1895835e-03],[0.00664051 0.9933595 ],"[1.07233646e-07 5.80811720e-05 3.18652727e-02 6.46334648e-01
 3.09991151e-01 1.16224410e-02 1.27157415e-04 1.10957512e-06
 3.76431970e-08]",1,Black,20-39
/scratch/project_462000771/mengting/projects/bias/Wan2.1/prompt2/selected_faces/detected_person/person_0415_face0.png,Latino_Hispanic,Indian,Female,20-29,"[0.02255265 0.02208327 0.5530686  0.10370308 0.2090383  0.06808814
 0.02146605]",[0.06781213 0.25949565 0.32417047 0.34852174],[1.863230e-04 9.998137e-01],"[9.0876746e-08 2.9448564e-05 3.4695715e-02 7.1880227e-01 2.4087507e-01
 5.5361083e-03 6.0158512e-05 1.1419918e-06 1.0135623e-08]",0,Others,20-39
/scratch/project_462000771/mengting/projects/bias/Wan2.1/prompt2/selected_faces/detected_person/person_0416_face0.png,Black,Black,Female,20-29,"[1.1822664e-06 9.9899590e-01 1.2212900e-04 2.5646926e-07 8.8764937e-06
 8.7152264e-04 1.2418998e-07]",[2.3862601e-06 9.9989671e-01 1.7037692e-05 8.3896288e-05],[6.3988540e-05 9.9993604e-01],"[1.4566671e-08 2.1338888e-05 2.1295246e-02 7.4231857e-01 2.3218651e-01
 4.1549383e-03 2.3280452e-05 1.1138154e-07 9.5405239e-10]",0,Black,20-39
/scratch/project_462000771/mengting/projects/bias/Wan2.1/prompt2/selected_faces/detected_person/person_0417_face0.png,White,White,Female,20-29,"[7.7349126e-01 9.3077237e-05 9.8921038e-02 3.5586366e-03 4.8368131e-03
 1.2953992e-03 1.1780388e-01]",[0.9314503  0.00338972 0.0422916  0.0228683 ],[1.2518690e-04 9.9987483e-01],"[4.1367386e-08 1.7907962e-05 1.1515730e-02 4.9100330e-01 4.6137089e-01
 3.5793040e-02 2.9469753e-04 4.3145224e-06 5.5316100e-08]",0,White,20-39
/scratch/project_462000771/mengting/projects/bias/Wan2.1/prompt2/selected_faces/detected_person/person_0418_face0.png,Latino_Hispanic,White,Male,20-29,"[0.28108653 0.00062561 0.6095907  0.00074762 0.00974614 0.04843656
 0.0497668 ]",[0.94060445 0.00101822 0.03957746 0.01879989],[9.9999988e-01 1.2990326e-07],"[9.6465547e-09 3.8327753e-06 7.2431983e-03 7.0460951e-01 2.8616527e-01
 1.9754041e-03 2.6816081e-06 2.9914755e-08 2.9941499e-10]",1,Others,20-39
/scratch/project_462000771/mengting/projects/bias/Wan2.1/prompt2/selected_faces/detected_person/person_0419_face0.png,White,White,Male,30-39,"[7.7320755e-01 1.7454426e-03 4.8736725e-02 3.9353795e-04 9.7612315e-04
 3.8338241e-03 1.7110679e-01]",[0.9560674  0.01108088 0.00336877 0.02948295],[9.9991661e-01 8.3375024e-05],"[1.7736585e-06 1.1157813e-05 3.9392171e-04 5.6673732e-02 5.3034788e-01
 3.9620087e-01 1.6093321e-02 2.6606731e-04 1.1311408e-05]",1,White,20-39
/scratch/project_462000771/mengting/projects/bias/Wan2.1/prompt2/selected_faces/detected_person/person_0420_face0.png,Latino_Hispanic,White,Female,20-29,"[0.36587787 0.00715666 0.5458636  0.00102609 0.00298019 0.00492853
 0.07216697]",[0.9308326  0.01448801 0.00543699 0.04924232],[0.14722565 0.8527743 ],"[2.0526871e-07 2.2978919e-04 1.6060787e-01 6.9682729e-01 1.3673934e-01
 5.5296700e-03 6.3065854e-05 2.5103884e-06 1.6799814e-07]",1,Others,20-39
/scratch/project_462000771/mengting/projects/bias/Wan2.1/prompt2/selected_faces/detected_person/person_0421_face0.png,White,White,Male,20-29,"[9.5051157e-01 2.9558054e-05 1.7149236e-02 2.9790690e-04 5.7474669e-04
 2.8695786e-04 3.1150080e-02]",[9.9868411e-01 7.3456713e-06 3.1923805e-04 9.8937121e-04],[9.9998307e-01 1.6952872e-05],"[8.14365421e-07 1.19415025e-04 4.56492342e-02 5.67417026e-01
 3.35851878e-01 4.94691059e-02 1.46474200e-03 2.67159248e-05
 9.83580435e-07]",0,White,20-39
/scratch/project_462000771/mengting/projects/bias/Wan2.1/prompt2/selected_faces/detected_person/person_0422_face0.png,White,White,Male,30-39,"[7.2774976e-01 3.5174616e-04 8.1907116e-02 5.3750300e-05 1.4903174e-04
 1.2540246e-02 1.7724830e-01]",[8.0960584e-01 1.2991112e-03 3.2953671e-04 1.8876553e-01],[9.999683e-01 3.168167e-05],"[3.5541072e-07 1.9976039e-06 5.3062871e-05 4.3504246e-02 8.0717969e-01
 1.4846826e-01 7.8920770e-04 3.0461913e-06 6.6177478e-08]",1,White,20-39
/scratch/project_462000771/mengting/projects/bias/Wan2.1/prompt2/selected_faces/detected_person/person_0423_face0.png,Latino_Hispanic,Indian,Male,20-29,"[0.11357947 0.04563268 0.33472064 0.05023716 0.1170021  0.23811454
 0.10071335]",[0.09682588 0.06589276 0.12439425 0.71288705],[9.9996972e-01 3.0295101e-05],"[2.8052619e-07 2.9470882e-04 1.7964733e-01 7.7467364e-01 4.4901326e-02
 4.7926669e-04 3.2022999e-06 2.1789054e-07 5.9302319e-09]",0,Others,20-39
/scratch/project_462000771/mengting/projects/bias/Wan2.1/prompt2/selected_faces/detected_person/person_0424_face0.png,White,White,Male,30-39,"[9.9991715e-01 5.7982259e-08 1.8493638e-05 3.7559988e-07 6.2706005e-07
 1.0021349e-06 6.2306673e-05]",[9.9994731e-01 2.6355601e-06 1.6913616e-05 3.3137512e-05],[9.9968916e-01 3.1087358e-04],"[1.2120161e-08 1.2928751e-06 8.5756899e-04 4.5576990e-01 5.3230321e-01
 1.1046571e-02 2.1417743e-05 4.0464815e-08 1.4033756e-09]",1,White,20-39
/scratch/project_462000771/mengting/projects/bias/Wan2.1/prompt2/selected_faces/detected_person/person_0425_face0.png,White,White,Male,30-39,"[4.8046443e-01 5.0109382e-05 1.1921423e-01 2.4200886e-04 3.9655663e-04
 1.8399905e-02 3.8123274e-01]",[9.9914783e-01 4.0425744e-05 1.9799618e-04 6.1374524e-04],[9.9998719e-01 1.2757114e-05],"[9.4024099e-06 1.9820902e-04 3.0877076e-03 2.8435323e-01 6.5633720e-01
 5.5476822e-02 5.3352414e-04 3.8568583e-06 6.8252213e-08]",1,White,20-39
/scratch/project_462000771/mengting/projects/bias/Wan2.1/prompt2/selected_faces/detected_person/person_0426_face0.png,White,White,Female,20-29,"[4.2322734e-01 3.3269306e-03 1.2996762e-01 7.6776043e-05 3.8147881e-04
 7.4926488e-02 3.6809325e-01]",[0.6141809  0.00549263 0.00086121 0.37946522],[0.03176378 0.9682362 ],"[5.5010187e-06 1.0404452e-04 1.0306581e-02 5.5017531e-01 3.7768450e-01
 5.8061365e-02 3.3490548e-03 2.9090897e-04 2.2774260e-05]",1,White,20-39
/scratch/project_462000771/mengting/projects/bias/Wan2.1/prompt2/selected_faces/detected_person/person_0427_face0.png,White,White,Female,20-29,"[7.9238939e-01 1.2270084e-05 1.2946966e-01 6.3754560e-04 6.6391862e-04
 2.0888154e-03 7.4738339e-02]",[9.4550526e-01 3.9681391e-04 4.6838824e-02 7.2591030e-03],[9.306742e-05 9.999069e-01],"[2.4931432e-09 6.9943180e-06 3.7300214e-02 7.1779954e-01 2.4217258e-01
 2.7123040e-03 8.2651813e-06 9.5573192e-08 8.6531204e-10]",0,White,20-39
/scratch/project_462000771/mengting/projects/bias/Wan2.1/prompt2/selected_faces/detected_person/person_0428_face0.png,White,White,Male,20-29,"[8.2560700e-01 2.8915625e-04 3.7843868e-02 1.5860725e-04 3.0130279e-04
 2.0421792e-03 1.3375787e-01]",[9.9077010e-01 3.8215658e-04 8.5198239e-04 7.9956725e-03],[0.8101754  0.18982458],"[9.2860347e-07 2.3105205e-05 1.1992171e-02 6.0296947e-01 3.5176277e-01
 3.2485060e-02 7.4213458e-04 2.3296250e-05 1.1361084e-06]",0,White,20-39
/scratch/project_462000771/mengting/projects/bias/Wan2.1/prompt2/selected_faces/detected_person/person_0429_face0.png,Black,Black,Female,20-29,"[3.5916604e-04 9.0741855e-01 2.5542777e-02 6.4242930e-05 1.2834065e-03
 6.5275796e-02 5.6237270e-05]",[1.1876840e-03 8.9326382e-01 3.0463297e-04 1.0524384e-01],[2.8607724e-04 9.9971396e-01],"[5.8297984e-09 9.3492918e-06 2.4396854e-02 8.5242337e-01 1.2133029e-01
 1.8312541e-03 8.7696226e-06 5.5005383e-08 5.8525174e-10]",0,Black,20-39
/scratch/project_462000771/mengting/projects/bias/Wan2.1/prompt2/selected_faces/detected_person/person_0430_face0.png,Middle Eastern,White,Female,20-29,"[1.8170474e-01 3.2241116e-04 2.6368243e-01 3.3719224e-04 5.7677913e-04
 5.1461164e-02 5.0191522e-01]",[0.6021778  0.00768062 0.00266775 0.38747388],[9.5676986e-04 9.9904323e-01],"[6.1177175e-08 1.6210517e-05 1.5264931e-02 5.4099929e-01 4.1438836e-01
 2.8952712e-02 3.6996356e-04 8.3335244e-06 9.9564922e-08]",0,Others,20-39
/scratch/project_462000771/mengting/projects/bias/Wan2.1/prompt2/selected_faces/detected_person/person_0431_face0.png,Latino_Hispanic,Indian,Male,20-29,"[0.02673647 0.01507653 0.6630231  0.00345342 0.02538041 0.25752312
 0.00880702]",[0.0849684 0.1688246 0.0364638 0.7097432],[0.5142154 0.4857846],"[1.30944926e-07 1.19367025e-04 1.44864380e-01 7.68228650e-01
 8.49954113e-02 1.77975767e-03 1.19278175e-05 3.66096089e-07
 1.44268233e-08]",2,Others,20-39
/scratch/project_462000771/mengting/projects/bias/Wan2.1/prompt2/selected_faces/detected_person/person_0432_face0.png,Black,Black,Male,20-29,"[1.5040436e-05 9.9965858e-01 1.7789552e-04 3.5760144e-07 1.5127952e-05
 1.2232634e-04 1.0703685e-05]",[4.4727985e-06 9.9986100e-01 3.5795540e-06 1.3098198e-04],[9.9999946e-01 5.0050528e-07],"[5.4490599e-08 1.0365712e-05 1.3777622e-02 7.4102134e-01 2.3525862e-01
 9.7861905e-03 1.4344731e-04 2.2185823e-06 1.2767278e-07]",1,Black,20-39
/scratch/project_462000771/mengting/projects/bias/Wan2.1/prompt2/selected_faces/detected_person/person_0433_face0.png,White,White,Female,30-39,"[9.4543487e-01 3.5630776e-05 4.7799386e-02 4.3360394e-04 6.4488972e-04
 9.9493576e-05 5.5521508e-03]",[9.9695700e-01 6.0491997e-04 1.9629253e-03 4.7512670e-04],[6.0367656e-05 9.9993968e-01],"[1.2627613e-07 6.3033061e-05 1.3671323e-02 2.5372750e-01 6.4082396e-01
 8.9497790e-02 2.1655643e-03 4.9460119e-05 1.1886389e-06]",1,White,20-39
/scratch/project_462000771/mengting/projects/bias/Wan2.1/prompt2/selected_faces/detected_person/person_0434_face0.png,White,White,Female,20-29,"[7.6862717e-01 5.4140915e-03 6.0617041e-02 1.1585583e-03 6.4516364e-04
 1.2776111e-02 1.5076187e-01]",[0.8893774  0.01834492 0.00200648 0.09027125],[0.02184112 0.97815883],"[1.5947692e-06 1.0191193e-03 8.7942913e-02 7.8004998e-01 1.2770173e-01
 3.2591422e-03 2.4093068e-05 1.3379166e-06 1.6663216e-07]",1,White,20-39
/scratch/project_462000771/mengting/projects/bias/Wan2.1/prompt2/selected_faces/detected_person/person_0435_face0.png,Indian,Indian,Male,30-39,"[1.20652564e-01 4.69123450e-04 1.42881811e-01 8.94241384e-05
 5.92110388e-04 4.41557616e-01 2.93757319e-01]",[3.7089232e-01 3.1762462e-04 2.5312405e-04 6.2853694e-01],[9.9969810e-01 3.0187573e-04],"[1.0135501e-06 3.5383211e-05 1.1184409e-03 2.7700907e-01 6.8929344e-01
 3.2442704e-02 9.8957200e-05 8.9698000e-07 2.1455813e-08]",0,Others,20-39
/scratch/project_462000771/mengting/projects/bias/Wan2.1/prompt2/selected_faces/detected_person/person_0436_face0.png,East Asian,Asian,Male,20-29,"[2.4224825e-04 8.9445246e-07 2.6853677e-04 9.7095609e-01 2.8474452e-02
 4.9843195e-05 7.9291613e-06]",[1.3835896e-03 5.8309193e-05 9.9774456e-01 8.1356335e-04],[0.7674217  0.23257829],"[5.0807671e-07 3.1381374e-04 1.9143488e-01 7.5121439e-01 5.6216836e-02
 8.1230752e-04 6.6481866e-06 6.7260532e-07 2.0167201e-08]",0,Asian,20-39
/scratch/project_462000771/mengting/projects/bias/Wan2.1/prompt2/selected_faces/detected_person/person_0437_face0.png,Latino_Hispanic,White,Female,20-29,"[0.42362088 0.00068176 0.42814624 0.00389321 0.00589402 0.01290285
 0.12486102]",[0.8597546  0.00848457 0.03030079 0.10145997],[0.20550449 0.7944955 ],"[1.2245729e-06 5.2423211e-04 7.9466261e-02 5.4442459e-01 3.4053269e-01
 3.4296174e-02 7.2712521e-04 2.5919859e-05 1.7140198e-06]",1,Others,20-39
/scratch/project_462000771/mengting/projects/bias/Wan2.1/prompt2/selected_faces/detected_person/person_0438_face0.png,White,White,Female,20-29,"[9.9817628e-01 6.3476688e-07 1.3216749e-03 7.8453259e-06 6.9318421e-06
 3.0172645e-05 4.5649745e-04]",[9.9978119e-01 1.1641011e-05 4.0088336e-05 1.6703313e-04],[0.00596769 0.9940323 ],"[7.3300257e-08 4.0650135e-05 2.3232685e-02 6.3766700e-01 3.1998163e-01
 1.8942252e-02 1.3457039e-04 1.0539179e-06 5.5395830e-08]",1,White,20-39
/scratch/project_462000771/mengting/projects/bias/Wan2.1/prompt2/selected_faces/detected_person/person_0439_face0.png,White,White,Male,30-39,"[8.7217593e-01 2.0715479e-04 8.6887583e-02 1.3885794e-04 2.2456999e-04
 1.5739061e-02 2.4626847e-02]",[8.8530540e-01 3.3101320e-04 1.2986899e-03 1.1306491e-01],[9.9996632e-01 3.3680855e-05],"[4.0202377e-07 4.6338723e-06 4.1555706e-04 1.3034041e-01 6.9800401e-01
 1.6858117e-01 2.6342843e-03 1.9018724e-05 4.2384011e-07]",1,White,20-39
/scratch/project_462000771/mengting/projects/bias/Wan2.1/prompt2/selected_faces/detected_person/person_0440_face0.png,White,White,Female,20-29,"[7.5310451e-01 9.4591624e-06 6.1218735e-02 1.0312219e-03 4.7012712e-04
 1.1008269e-03 1.8306527e-01]",[9.9060398e-01 9.0255757e-04 1.5410468e-03 6.9523780e-03],[3.9893907e-06 9.9999601e-01],"[1.7998141e-09 6.5284685e-06 3.1231310e-02 7.5369155e-01 2.0984288e-01
 5.2144132e-03 1.3180110e-05 1.2813486e-07 1.4870354e-09]",2,White,20-39
/scratch/project_462000771/mengting/projects/bias/Wan2.1/prompt2/selected_faces/detected_person/person_0441_face0.png,Black,Black,Male,20-29,"[1.1391164e-06 9.9910212e-01 6.8889080e-05 3.2658633e-08 2.7241242e-06
 8.1763044e-04 7.5010862e-06]",[7.0052471e-07 9.9898618e-01 3.8010821e-06 1.0093015e-03],[9.999973e-01 2.673548e-06],"[2.6153935e-09 3.9959710e-07 1.9137573e-03 5.8451796e-01 4.0524769e-01
 8.3010728e-03 1.8913608e-05 1.1649206e-07 2.5261082e-09]",1,Black,20-39
/scratch/project_462000771/mengting/projects/bias/Wan2.1/prompt2/selected_faces/detected_person/person_0442_face0.png,White,White,Female,20-29,"[9.6780193e-01 5.7447719e-06 1.3600222e-02 6.3822969e-05 9.9584599e-05
 1.5594215e-04 1.8272679e-02]",[9.9854863e-01 1.8302961e-04 4.6868337e-04 7.9971825e-04],[4.4021694e-04 9.9955976e-01],"[1.8457154e-08 3.6732334e-05 8.6125985e-02 7.6086754e-01 1.5039489e-01
 2.5694927e-03 5.2329392e-06 1.0087606e-07 2.8264584e-09]",1,White,20-39
/scratch/project_462000771/mengting/projects/bias/Wan2.1/prompt2/selected_faces/detected_person/person_0443_face0.png,White,White,Male,20-29,"[9.9052811e-01 6.0445759e-06 3.1395364e-03 4.4927085e-05 7.2347451e-05
 4.6692359e-05 6.1623114e-03]",[9.9992263e-01 3.7187970e-06 4.9930928e-05 2.3777986e-05],[9.9998611e-01 1.3889847e-05],"[2.2958773e-07 1.2592831e-05 3.2356482e-03 5.6655777e-01 4.1796550e-01
 1.2171281e-02 5.6438766e-05 6.2137372e-07 1.5358054e-08]",1,White,20-39
/scratch/project_462000771/mengting/projects/bias/Wan2.1/prompt2/selected_faces/detected_person/person_0444_face0.png,East Asian,Asian,Male,30-39,"[4.1079149e-01 1.0592795e-05 4.4637784e-02 5.0502938e-01 3.5452783e-02
 8.3815417e-04 3.2399544e-03]",[2.7418125e-02 4.0952742e-07 9.7251701e-01 6.4406042e-05],[9.9904948e-01 9.5048663e-04],"[7.2592536e-07 2.0789366e-05 3.8586340e-03 2.5201577e-01 6.7723382e-01
 6.6207685e-02 6.5421971e-04 8.2379720e-06 1.0136470e-07]",1,Asian,20-39
/scratch/project_462000771/mengting/projects/bias/Wan2.1/prompt2/selected_faces/detected_person/person_0445_face0.png,White,White,Male,20-29,"[9.9367070e-01 1.8887815e-05 4.1928128e-03 1.5233070e-04 1.6758648e-04
 4.7148056e-05 1.7504534e-03]",[9.9947917e-01 4.1698258e-05 4.4665125e-04 3.2509317e-05],[0.89373606 0.10626392],"[4.0396583e-07 8.2799801e-05 3.7449107e-02 6.3588464e-01 3.0336508e-01
 2.2802070e-02 4.0747903e-04 7.8769253e-06 5.9578849e-07]",1,White,20-39
/scratch/project_462000771/mengting/projects/bias/Wan2.1/prompt2/selected_faces/detected_person/person_0446_face0.png,White,White,Female,50-59,"[9.9985862e-01 7.4321229e-09 9.2456714e-05 1.4671419e-06 4.8612327e-07
 1.3005581e-07 4.6818335e-05]",[9.9975967e-01 2.7624390e-07 2.3868537e-04 1.3148273e-06],[5.6224494e-06 9.9999434e-01],"[5.6833881e-07 1.1119711e-05 1.1877668e-04 1.9121112e-03 3.8986109e-02
 3.9602008e-01 4.8429653e-01 7.0851132e-02 7.8036473e-03]",1,White,40-59
/scratch/project_462000771/mengting/projects/bias/Wan2.1/prompt2/selected_faces/detected_person/person_0447_face0.png,Latino_Hispanic,White,Male,20-29,"[3.4553328e-01 8.1575215e-02 5.0754368e-01 2.7507124e-04 1.8369752e-03
 1.1791566e-02 5.1444266e-02]",[0.5589155  0.28597412 0.09550169 0.05960866],[0.73565364 0.26434636],"[7.1645022e-06 5.2422718e-03 3.3576995e-01 4.6966782e-01 1.7513433e-01
 1.3681857e-02 4.7100894e-04 2.3242746e-05 2.3561261e-06]",1,Others,20-39
/scratch/project_462000771/mengting/projects/bias/Wan2.1/prompt2/selected_faces/detected_person/person_0448_face0.png,Southeast Asian,Asian,Female,30-39,"[0.00212452 0.01529669 0.23375377 0.02310549 0.53977686 0.18495047
 0.00099224]",[0.00462142 0.02613015 0.79519933 0.17404912],[0.00193583 0.9980642 ],"[4.9438349e-08 3.8248818e-06 3.5837193e-03 1.9714059e-01 6.4608401e-01
 1.4793313e-01 5.1266137e-03 1.2689302e-04 1.1415094e-06]",1,Asian,20-39
/scratch/project_462000771/mengting/projects/bias/Wan2.1/prompt2/selected_faces/detected_person/person_0449_face0.png,White,White,Male,30-39,"[0.4473348  0.00099043 0.1627268  0.00554857 0.00355054 0.00629149
 0.3735574 ]",[0.96690977 0.00719069 0.00326843 0.02263108],[9.9997795e-01 2.2059219e-05],"[3.8106584e-06 3.8765003e-05 1.3270195e-03 2.0295481e-01 6.8634427e-01
 1.0807234e-01 1.2332287e-03 2.5321990e-05 4.8246238e-07]",1,White,20-39
/scratch/project_462000771/mengting/projects/bias/Wan2.1/prompt2/selected_faces/detected_person/person_0450_face0.png,White,White,Male,30-39,"[9.9716306e-01 9.2096940e-07 3.5954986e-04 1.2111781e-06 3.6420161e-06
 1.0698283e-05 2.4609428e-03]",[9.9995303e-01 2.0085881e-06 4.6852715e-06 4.0277933e-05],[9.9968678e-01 3.1319488e-04],"[4.9241159e-08 1.1047549e-06 1.2533714e-04 5.8038462e-02 7.0957804e-01
 2.3033875e-01 1.9124791e-03 5.6967488e-06 9.9703016e-08]",1,White,20-39
/scratch/project_462000771/mengting/projects/bias/Wan2.1/prompt2/selected_faces/detected_person/person_0451_face0.png,Black,Black,Male,20-29,"[1.9148456e-06 9.9642193e-01 1.5673891e-04 1.1831255e-06 7.4451251e-05
 3.3404313e-03 3.3798099e-06]",[3.1854872e-06 9.9947435e-01 2.9799778e-05 4.9259712e-04],[9.996002e-01 3.998059e-04],"[2.8622036e-08 7.8504336e-06 1.2167086e-02 7.4120092e-01 2.4338773e-01
 3.2280344e-03 8.2809365e-06 5.4037379e-08 2.1829980e-09]",0,Black,20-39
/scratch/project_462000771/mengting/projects/bias/Wan2.1/prompt2/selected_faces/detected_person/person_0452_face0.png,White,White,Female,20-29,"[6.2755942e-01 1.2881983e-04 5.3044625e-02 1.6818539e-04 5.4001360e-04
 8.7524746e-03 3.0980641e-01]",[0.7420357  0.00142896 0.01178801 0.24474734],[0.12945564 0.8705443 ],"[3.8139868e-07 6.5650849e-05 2.6868388e-02 6.9686508e-01 2.6165614e-01
 1.4284171e-02 2.5207706e-04 7.6810702e-06 4.7232115e-07]",1,White,20-39
/scratch/project_462000771/mengting/projects/bias/Wan2.1/prompt2/selected_faces/detected_person/person_0453_face0.png,White,White,Male,30-39,"[9.9738204e-01 3.4388236e-06 4.6040822e-04 6.1249884e-06 8.9514433e-06
 3.1185995e-05 2.1078836e-03]",[9.9815613e-01 6.0836942e-04 1.5315181e-04 1.0823535e-03],[9.999961e-01 3.910312e-06],"[2.6479015e-07 2.0229081e-06 2.0702671e-04 6.4656980e-02 6.0317791e-01
 3.1528303e-01 1.6572380e-02 9.8360506e-05 2.0173925e-06]",1,White,20-39
/scratch/project_462000771/mengting/projects/bias/Wan2.1/prompt2/selected_faces/detected_person/person_0454_face0.png,White,White,Female,20-29,"[8.2501578e-01 4.9768598e-05 3.4485582e-02 2.9443976e-04 3.7632344e-04
 2.0199260e-04 1.3957618e-01]",[9.9508774e-01 4.0002551e-04 3.7565003e-03 7.5568998e-04],[0.00964812 0.9903519 ],"[1.5807347e-08 2.4906210e-05 9.3829378e-02 8.1620151e-01 8.9066811e-02
 8.7429723e-04 3.0590334e-06 4.8391055e-08 1.2715382e-09]",1,White,20-39
/scratch/project_462000771/mengting/projects/bias/Wan2.1/prompt2/selected_faces/detected_person/person_0455_face0.png,White,White,Male,20-29,"[9.8640341e-01 1.5629770e-05 4.6324166e-03 1.6087582e-04 9.4493109e-05
 3.8508710e-04 8.3081163e-03]",[9.9276638e-01 2.1267897e-05 4.2372016e-04 6.7885900e-03],[9.9999821e-01 1.7539545e-06],"[9.0318233e-09 1.0979266e-05 5.3343572e-02 9.2050445e-01 2.6077947e-02
 6.2953564e-05 7.9852448e-08 9.0755159e-10 2.5080825e-11]",1,White,20-39
/scratch/project_462000771/mengting/projects/bias/Wan2.1/prompt2/selected_faces/detected_person/person_0456_face0.png,Black,Black,Female,20-29,"[3.0209736e-05 8.4922129e-01 5.0924099e-03 5.3659736e-05 3.6310114e-03
 1.4196570e-01 5.6950671e-06]",[3.0149149e-05 9.7464180e-01 3.7319592e-04 2.4954868e-02],[2.1848602e-04 9.9978149e-01],"[5.3377573e-08 2.1797247e-04 1.2957457e-01 8.1630141e-01 5.3313807e-02
 5.8893033e-04 3.2854630e-06 3.7669309e-08 5.3431715e-10]",2,Black,20-39
/scratch/project_462000771/mengting/projects/bias/Wan2.1/prompt2/selected_faces/detected_person/person_0457_face0.png,East Asian,Asian,Female,20-29,"[3.1113606e-03 8.6071188e-05 2.1157533e-02 6.7393070e-01 2.9545125e-01
 5.9566647e-03 3.0638211e-04]",[2.0601915e-03 3.3876972e-04 9.9440622e-01 3.1948169e-03],[0.03886491 0.9611351 ],"[2.2607914e-07 2.1001973e-04 8.1332743e-02 7.2260797e-01 1.8817706e-01
 7.6159174e-03 5.1538573e-05 4.4491053e-06 9.5656112e-08]",1,Asian,20-39
/scratch/project_462000771/mengting/projects/bias/Wan2.1/prompt2/selected_faces/detected_person/person_0458_face0.png,White,White,Male,30-39,"[5.1409101e-01 6.5692671e-04 2.7834514e-01 5.0324202e-04 7.4435625e-04
 2.4593599e-02 1.8106572e-01]",[0.9276232  0.00174695 0.00196531 0.06866445],[9.999382e-01 6.178942e-05],"[2.8772208e-06 4.0623792e-05 1.3346608e-03 2.2086591e-01 7.2794741e-01
 4.9537390e-02 2.6881948e-04 2.2275237e-06 4.1393019e-08]",0,White,20-39
/scratch/project_462000771/mengting/projects/bias/Wan2.1/prompt2/selected_faces/detected_person/person_0459_face0.png,White,White,Female,20-29,"[4.9988598e-01 3.4033883e-04 3.2919037e-01 3.3525110e-04 5.4035289e-04
 1.4687738e-02 1.5502001e-01]",[9.8778552e-01 1.0869906e-03 5.1416142e-04 1.0613354e-02],[4.9488863e-04 9.9950510e-01],"[2.71053935e-08 3.63015315e-05 4.40457575e-02 7.18627572e-01
 2.31489196e-01 5.76953404e-03 3.10070100e-05 6.48585569e-07
 1.00858735e-08]",2,White,20-39
/scratch/project_462000771/mengting/projects/bias/Wan2.1/prompt2/selected_faces/detected_person/person_0460_face0.png,White,White,Female,20-29,"[9.6546000e-01 8.7146745e-06 7.1869860e-03 2.0794102e-04 8.7441527e-05
 8.7607259e-05 2.6961297e-02]",[9.9829650e-01 1.1427529e-04 4.1561711e-04 1.1737013e-03],[0.01056085 0.9894392 ],"[2.6334261e-08 2.4360806e-06 1.1298610e-02 6.3007605e-01 3.3592090e-01
 2.2447102e-02 2.4912661e-04 5.5949154e-06 1.8150550e-07]",0,White,20-39
/scratch/project_462000771/mengting/projects/bias/Wan2.1/prompt2/selected_faces/detected_person/person_0461_face0.png,Black,Black,Male,30-39,"[0.21632111 0.6572199  0.08385143 0.00119467 0.00382927 0.01448736
 0.02309633]",[0.00737622 0.9837626  0.00172773 0.00713344],[0.99754745 0.00245255],"[2.1979076e-05 8.9756103e-04 3.9702086e-03 1.3611299e-01 7.6548648e-01
 9.1347292e-02 2.0689426e-03 9.0193127e-05 4.5081538e-06]",0,Black,20-39
/scratch/project_462000771/mengting/projects/bias/Wan2.1/prompt2/selected_faces/detected_person/person_0462_face0.png,White,White,Male,30-39,"[6.3441038e-01 1.5384690e-03 5.0010558e-02 4.5387074e-04 1.5213150e-03
 1.8372452e-02 2.9369292e-01]",[0.95851386 0.00454843 0.00399427 0.03294348],[9.9982494e-01 1.7501754e-04],"[3.5607741e-07 2.1357373e-06 3.6334561e-04 1.2157069e-01 7.0383322e-01
 1.7154388e-01 2.6410304e-03 4.3517815e-05 1.7455518e-06]",1,White,20-39
/scratch/project_462000771/mengting/projects/bias/Wan2.1/prompt2/selected_faces/detected_person/person_0464_face0.png,Black,Black,Male,30-39,"[1.6493336e-06 9.6899396e-01 1.6188779e-04 1.0267877e-05 1.0998127e-03
 2.9730469e-02 1.9796846e-06]",[1.4668233e-05 9.7954571e-01 4.4589236e-04 1.9993696e-02],[9.9999809e-01 1.8689342e-06],"[1.3903097e-08 3.6981965e-06 2.4592367e-03 4.3054229e-01 5.3599513e-01
 3.0816669e-02 1.8211917e-04 9.2125771e-07 3.1590247e-08]",1,Black,20-39
/scratch/project_462000771/mengting/projects/bias/Wan2.1/prompt2/selected_faces/detected_person/person_0465_face0.png,White,White,Female,20-29,"[0.5170301  0.00067733 0.17539433 0.00130204 0.0008969  0.00683311
 0.2978662 ]",[0.9734916  0.00513931 0.00148645 0.01988262],[4.283465e-05 9.999572e-01],"[7.9605780e-09 5.6555979e-05 1.1618342e-01 8.1254965e-01 7.0593789e-02
 6.1530143e-04 1.3046175e-06 2.3698249e-08 3.6891154e-10]",0,White,20-39
/scratch/project_462000771/mengting/projects/bias/Wan2.1/prompt2/selected_faces/detected_person/person_0466_face0.png,White,White,Male,20-29,"[8.8598430e-01 6.5881883e-05 5.4377828e-02 1.7142966e-02 1.4902654e-02
 2.8856224e-03 2.4640797e-02]",[9.5078987e-01 4.2024237e-04 2.7835989e-02 2.0953959e-02],[9.9998409e-01 1.5886484e-05],"[4.6841805e-08 1.6889895e-05 3.6411278e-02 7.9944122e-01 1.6130470e-01
 2.8157032e-03 9.9935187e-06 1.3357203e-07 3.4255736e-09]",1,White,20-39
/scratch/project_462000771/mengting/projects/bias/Wan2.1/prompt2/selected_faces/detected_person/person_0467_face0.png,Middle Eastern,White,Female,30-39,"[2.4823293e-01 3.4677333e-04 1.0929750e-01 2.3022278e-04 9.9873543e-04
 1.6691990e-02 6.2420183e-01]",[0.9259479  0.00348627 0.01070263 0.05986318],[0.01346126 0.98653877],"[1.0135110e-06 2.5931347e-05 4.9805637e-03 2.5642633e-01 5.7431573e-01
 1.5382235e-01 9.7543411e-03 6.3660386e-04 3.7074315e-05]",1,White,20-39
/scratch/project_462000771/mengting/projects/bias/Wan2.1/prompt2/selected_faces/detected_person/person_0468_face0.png,White,White,Female,20-29,"[8.2880503e-01 3.5692588e-05 1.1143309e-01 6.7243700e-06 1.8526618e-05
 9.2273165e-04 5.8778271e-02]",[9.9690193e-01 2.9535056e-04 8.3963540e-05 2.7187678e-03],[0.00808701 0.99191296],"[5.1590470e-09 2.0860693e-06 2.0586228e-02 6.5996069e-01 3.0913919e-01
 1.0269625e-02 4.1830455e-05 3.5235507e-07 3.5553747e-09]",2,White,20-39
/scratch/project_462000771/mengting/projects/bias/Wan2.1/prompt2/selected_faces/detected_person/person_0469_face0.png,Middle Eastern,Indian,Male,30-39,"[0.24912176 0.0015148  0.18069175 0.00127699 0.00205836 0.1701099
 0.3952264 ]",[0.164779   0.00616851 0.00231614 0.82673633],[9.9999839e-01 1.6230041e-06],"[2.3284463e-06 3.7116002e-05 1.1942766e-03 2.0482285e-01 6.9277340e-01
 9.9405050e-02 1.7561665e-03 8.7665057e-06 1.0001462e-07]",0,White,20-39
/scratch/project_462000771/mengting/projects/bias/Wan2.1/prompt2/selected_faces/detected_person/person_0470_face0.png,White,White,Male,20-29,"[0.810533   0.00138935 0.05202405 0.06425441 0.02005539 0.02169607
 0.03004765]",[0.7462698  0.00373929 0.18031676 0.06967415],[9.9972922e-01 2.7073018e-04],"[5.50494315e-06 3.47009103e-04 2.47913599e-02 6.16865396e-01
 3.40232611e-01 1.74945667e-02 2.50140991e-04 1.27806425e-05
 5.79550942e-07]",1,White,20-39
/scratch/project_462000771/mengting/projects/bias/Wan2.1/prompt2/selected_faces/detected_person/person_0471_face0.png,White,White,Male,10-19,"[9.8708963e-01 2.3681969e-05 5.3351540e-03 3.2025506e-04 1.9138026e-04
 1.6642694e-04 6.8733571e-03]",[9.9008203e-01 1.8952263e-04 4.9712253e-03 4.7572190e-03],[9.9906749e-01 9.3251304e-04],"[5.7943598e-06 1.1315757e-02 6.6999799e-01 3.0756584e-01 1.0720653e-02
 3.9086276e-04 2.9100825e-06 1.5869504e-07 2.2296113e-08]",1,White,10-19
/scratch/project_462000771/mengting/projects/bias/Wan2.1/prompt2/selected_faces/detected_person/person_0472_face0.png,Black,Black,Male,30-39,"[3.4237053e-07 9.9997205e-01 1.8244084e-05 2.8939473e-07 6.3520447e-06
 2.5505913e-06 1.5225221e-07]",[1.0867287e-06 9.9995852e-01 1.1114956e-05 2.9227051e-05],[9.9999195e-01 8.0886857e-06],"[1.1120613e-05 5.4930566e-05 8.8129163e-04 2.2497033e-01 6.9403142e-01
 7.9137228e-02 8.9508557e-04 1.6657574e-05 1.9524041e-06]",1,Black,20-39
/scratch/project_462000771/mengting/projects/bias/Wan2.1/prompt2/selected_faces/detected_person/person_0473_face0.png,White,White,Male,50-59,"[9.9390256e-01 7.7929244e-06 3.1347290e-04 7.0206203e-05 3.7910053e-05
 4.7397029e-05 5.6205764e-03]",[9.9794614e-01 1.2221202e-05 1.7674534e-03 2.7422176e-04],[0.988004   0.01199599],"[2.7583639e-05 9.4608848e-05 9.1957260e-04 1.5283936e-02 8.3981536e-02
 3.8805804e-01 4.8243991e-01 2.4119986e-02 5.0749010e-03]",1,White,40-59
/scratch/project_462000771/mengting/projects/bias/Wan2.1/prompt2/selected_faces/detected_person/person_0474_face0.png,Black,Black,Male,20-29,"[7.3973121e-07 9.9707431e-01 3.9918345e-05 1.1927519e-05 6.8014034e-04
 2.1924591e-03 4.8397720e-07]",[1.0625090e-06 9.9972761e-01 2.2266442e-05 2.4906808e-04],[0.9905607 0.0094393],"[3.9606011e-08 8.4520638e-05 1.3560475e-01 7.9773480e-01 6.5807760e-02
 7.6358719e-04 4.4335648e-06 6.7971506e-08 5.6814282e-09]",1,Black,20-39
/scratch/project_462000771/mengting/projects/bias/Wan2.1/prompt2/selected_faces/detected_person/person_0475_face0.png,White,White,Female,20-29,"[9.9791914e-01 2.5402764e-07 1.5255064e-04 1.2977074e-05 3.6161152e-06
 1.8596594e-06 1.9096239e-03]",[9.9972886e-01 5.5834425e-05 7.1361013e-05 1.4401884e-04],[1.873458e-05 9.999813e-01],"[5.6397894e-08 2.2278684e-05 1.9920584e-02 6.7337143e-01 2.8869742e-01
 1.7846435e-02 1.3924933e-04 2.4624239e-06 1.1001127e-07]",1,White,20-39
/scratch/project_462000771/mengting/projects/bias/Wan2.1/prompt2/selected_faces/detected_person/person_0476_face0.png,Black,Black,Male,20-29,"[6.3955224e-07 9.9975580e-01 2.2028249e-05 4.1804606e-07 1.5562706e-05
 2.0460696e-04 8.6459630e-07]",[1.6193268e-06 9.9963015e-01 3.2237935e-05 3.3598550e-04],[9.9996465e-01 3.5321907e-05],"[1.1516347e-07 4.2242060e-05 3.1500489e-02 8.2278532e-01 1.4279446e-01
 2.8581428e-03 1.8958388e-05 2.6122882e-07 1.7950388e-08]",1,Black,20-39
/scratch/project_462000771/mengting/projects/bias/Wan2.1/prompt2/selected_faces/detected_person/person_0477_face0.png,White,White,Male,20-29,"[9.4052923e-01 2.9099191e-04 3.3620048e-02 7.8051758e-05 2.1215755e-04
 1.6749534e-03 2.3594629e-02]",[0.986561   0.00366111 0.00115452 0.00862337],[9.9969208e-01 3.0793968e-04],"[2.8116713e-08 2.8663885e-06 2.6265630e-03 5.4723597e-01 4.4280800e-01
 7.3070922e-03 1.9324640e-05 1.7083559e-07 5.7828600e-09]",1,White,20-39
/scratch/project_462000771/mengting/projects/bias/Wan2.1/prompt2/selected_faces/detected_person/person_0478_face0.png,Latino_Hispanic,White,Male,30-39,"[0.22174111 0.00081489 0.521216   0.0029209  0.01266279 0.15731636
 0.08332802]",[0.5501783  0.0018912  0.01595564 0.43197486],[9.999906e-01 9.462311e-06],"[5.9830785e-07 5.4592474e-05 4.7119651e-03 4.1803432e-01 5.5644643e-01
 2.0682830e-02 6.8491870e-05 7.9584970e-07 1.7519257e-08]",1,Others,20-39
/scratch/project_462000771/mengting/projects/bias/Wan2.1/prompt2/selected_faces/detected_person/person_0479_face0.png,White,White,Female,20-29,"[9.8678273e-01 8.3996138e-06 4.1229124e-03 2.3620312e-06 3.8297144e-06
 2.8690558e-05 9.0511115e-03]",[9.8257983e-01 2.7106407e-03 1.6060591e-04 1.4548892e-02],[0.01251316 0.98748684],"[3.2799297e-09 2.9114274e-06 2.3060622e-02 8.0297101e-01 1.7194533e-01
 2.0165697e-03 3.4224197e-06 3.4274564e-08 9.6136932e-10]",0,White,20-39
/scratch/project_462000771/mengting/projects/bias/Wan2.1/prompt2/selected_faces/detected_person/person_0480_face0.png,White,White,Female,20-29,"[9.9917233e-01 9.7195745e-08 1.8412303e-04 3.8112685e-06 2.2218610e-06
 3.2304276e-06 6.3420768e-04]",[9.9986929e-01 5.7417847e-06 8.6784014e-05 3.8214483e-05],[1.563322e-05 9.999843e-01],"[2.3045773e-08 7.5390999e-06 1.0153661e-02 5.8246213e-01 3.7567931e-01
 3.1479016e-02 2.1613602e-04 2.2518595e-06 4.1477090e-08]",1,White,20-39
/scratch/project_462000771/mengting/projects/bias/Wan2.1/prompt2/selected_faces/detected_person/person_0481_face0.png,Black,Black,Male,20-29,"[5.4019736e-04 7.0994544e-01 4.2607054e-02 8.4726698e-06 5.7531887e-04
 2.4484409e-01 1.4793794e-03]",[2.5021867e-04 7.9588854e-01 1.1738089e-03 2.0268744e-01],[9.9965447e-01 3.4547603e-04],"[3.2626982e-08 5.5549717e-05 1.2741901e-01 8.1776732e-01 5.4237574e-02
 5.1861460e-04 1.8253031e-06 3.3842035e-08 7.5918127e-10]",0,Black,20-39
/scratch/project_462000771/mengting/projects/bias/Wan2.1/prompt2/selected_faces/detected_person/person_0482_face0.png,Black,Black,Female,20-29,"[1.0355427e-05 9.9193662e-01 9.5728884e-04 7.8801268e-06 3.4963043e-04
 6.7305593e-03 7.6196093e-06]",[2.5680220e-06 9.9963689e-01 6.4846492e-05 2.9578633e-04],[8.4164285e-04 9.9915838e-01],"[6.0504334e-08 1.2365103e-04 4.7054213e-02 7.4927783e-01 1.9861528e-01
 4.8965807e-03 3.2210472e-05 2.8549533e-07 4.7216933e-09]",0,Black,20-39
/scratch/project_462000771/mengting/projects/bias/Wan2.1/prompt2/selected_faces/detected_person/person_0483_face0.png,White,White,Male,30-39,"[9.8764342e-01 1.2361706e-05 7.1511017e-03 9.5737405e-06 1.7532016e-05
 5.7555875e-04 4.5904107e-03]",[9.9606109e-01 6.9706912e-06 9.4656389e-06 3.9224206e-03],[9.99985337e-01 1.46494995e-05],"[5.2464202e-07 1.7406739e-05 1.1096388e-03 1.3183330e-01 7.0646572e-01
 1.5910482e-01 1.4627626e-03 5.7507214e-06 8.2337181e-08]",0,White,20-39
/scratch/project_462000771/mengting/projects/bias/Wan2.1/prompt2/selected_faces/detected_person/person_0484_face0.png,Black,Black,Male,30-39,"[1.11570625e-05 9.98944044e-01 2.75686994e-04 2.99964910e-07
 7.49447327e-06 7.44259567e-04 1.70649255e-05]",[7.07116715e-06 9.99664187e-01 1.15897465e-05 3.17035650e-04],[9.9999738e-01 2.5766924e-06],"[1.8576247e-07 4.2518395e-06 2.0274627e-03 3.9998689e-01 5.3760630e-01
 5.8867015e-02 1.4932828e-03 1.3664049e-05 9.1524299e-07]",1,Black,20-39
/scratch/project_462000771/mengting/projects/bias/Wan2.1/prompt2/selected_faces/detected_person/person_0485_face0.png,White,White,Female,20-29,"[7.1822160e-01 2.0395206e-04 6.2349360e-02 2.1353886e-03 9.4910502e-04
 2.6432655e-03 2.1349734e-01]",[9.9120039e-01 1.0937573e-04 3.3109884e-03 5.3793155e-03],[0.39338923 0.6066108 ],"[6.3194005e-07 3.2333404e-04 5.6633048e-02 8.0988878e-01 1.2975261e-01
 3.3777109e-03 2.2903905e-05 8.7512234e-07 9.5880708e-08]",1,White,20-39
/scratch/project_462000771/mengting/projects/bias/Wan2.1/prompt2/selected_faces/detected_person/person_0486_face0.png,White,White,Male,30-39,"[7.3239779e-01 4.3421399e-04 6.1705362e-02 7.8646414e-02 3.3803500e-02
 1.5705207e-02 7.7307552e-02]",[0.49516413 0.00326665 0.3342776  0.16729161],[9.999928e-01 7.225469e-06],"[9.3328435e-07 8.6399277e-06 6.2000396e-04 2.5475517e-01 7.0402837e-01
 4.0314205e-02 2.6809500e-04 4.4821895e-06 8.5352426e-08]",1,White,20-39
/scratch/project_462000771/mengting/projects/bias/Wan2.1/prompt2/selected_faces/detected_person/person_0487_face0.png,Black,Black,Female,20-29,"[3.8543422e-07 9.9997884e-01 7.7216228e-06 1.7503119e-07 1.8396614e-06
 1.0873495e-05 5.4223271e-08]",[3.4890098e-07 9.9999648e-01 8.3262171e-07 2.3708565e-06],[1.0115604e-04 9.9989879e-01],"[6.6395689e-09 1.8299868e-05 3.2755274e-02 8.2929558e-01 1.3691287e-01
 1.0160632e-03 1.9838026e-06 5.2216902e-09 1.3846485e-10]",0,Black,20-39
/scratch/project_462000771/mengting/projects/bias/Wan2.1/prompt2/selected_faces/detected_person/person_0488_face0.png,Black,Black,Female,20-29,"[3.4986835e-05 9.9805188e-01 1.0498124e-03 1.2179076e-05 1.4399947e-04
 7.0353277e-04 3.7150614e-06]",[2.7957436e-05 9.9968970e-01 3.2924836e-05 2.4945085e-04],[1.6064034e-04 9.9983937e-01],"[7.20302609e-08 9.41580365e-05 3.62523459e-02 7.93304324e-01
 1.67962462e-01 2.37494614e-03 1.16894535e-05 8.81449935e-08
 2.19494023e-09]",0,Black,20-39
/scratch/project_462000771/mengting/projects/bias/Wan2.1/prompt2/selected_faces/detected_person/person_0489_face0.png,White,White,Male,30-39,"[9.7429490e-01 1.0655600e-04 9.9208746e-03 1.2352983e-04 3.1678521e-04
 7.7454839e-04 1.4462812e-02]",[9.9953055e-01 6.2055078e-05 2.1371497e-04 1.9371086e-04],[9.9996895e-01 3.0996107e-05],"[7.6065561e-07 1.7074468e-05 9.9336624e-04 3.2177830e-01 6.3144588e-01
 4.5378141e-02 3.8255163e-04 3.7922389e-06 1.6792903e-07]",1,White,20-39
/scratch/project_462000771/mengting/projects/bias/Wan2.1/prompt2/selected_faces/detected_person/person_0490_face0.png,East Asian,Asian,Male,20-29,"[7.4263771e-05 8.2907482e-06 9.2365328e-05 9.4643086e-01 5.3372417e-02
 1.6557133e-05 5.1557045e-06]",[9.1215996e-05 4.3064530e-05 9.9978411e-01 8.1537117e-05],[0.986945   0.01305503],"[1.9039242e-05 5.2580796e-03 3.4528130e-01 5.7267135e-01 6.5255709e-02
 1.0143516e-02 9.2223275e-04 4.0901706e-04 3.9770770e-05]",0,Asian,20-39
/scratch/project_462000771/mengting/projects/bias/Wan2.1/prompt2/selected_faces/detected_person/person_0491_face0.png,Latino_Hispanic,White,Female,20-29,"[1.6116343e-01 5.7129741e-02 6.7860907e-01 5.1202945e-04 1.6462948e-03
 3.7816543e-02 6.3122824e-02]",[0.5178388  0.18573388 0.00911277 0.28731453],[3.1456727e-04 9.9968541e-01],"[3.07025488e-07 1.72019048e-04 4.46121618e-02 6.63938165e-01
 2.85309881e-01 5.91926463e-03 4.72453430e-05 9.10995766e-07
 1.13162875e-08]",0,Others,20-39
/scratch/project_462000771/mengting/projects/bias/Wan2.1/prompt2/selected_faces/detected_person/person_0492_face0.png,Latino_Hispanic,Black,Male,30-39,"[1.03013538e-01 1.08407915e-01 5.27180791e-01 1.19023825e-04
 1.14160764e-03 9.79147851e-02 1.62222326e-01]",[0.08734941 0.4909066  0.01241515 0.40932888],[9.9952424e-01 4.7577414e-04],"[2.4113674e-06 7.6100507e-05 8.1019793e-03 3.7908274e-01 5.6116158e-01
 5.0525401e-02 1.0226337e-03 2.6276881e-05 9.3164766e-07]",0,Others,20-39
/scratch/project_462000771/mengting/projects/bias/Wan2.1/prompt2/selected_faces/detected_person/person_0493_face0.png,Black,Black,Female,20-29,"[8.2025224e-05 9.5736158e-01 5.4921410e-03 7.0468523e-05 2.1717818e-03
 3.4806605e-02 1.5331469e-05]",[1.3748744e-05 9.9159038e-01 2.7066888e-04 8.1251077e-03],[0.00123314 0.99876684],"[5.6637369e-08 1.9737778e-04 1.3144049e-01 8.2620114e-01 4.1713741e-02
 4.4510505e-04 2.0582033e-06 3.9943306e-08 8.9288682e-10]",2,Black,20-39
/scratch/project_462000771/mengting/projects/bias/Wan2.1/prompt2/selected_faces/detected_person/person_0494_face0.png,White,White,Male,20-29,"[8.38698983e-01 2.48131655e-05 4.58352752e-02 4.62892791e-03
 4.31725103e-03 3.73161840e-03 1.02763124e-01]",[9.6932471e-01 1.4265180e-04 1.0950321e-02 1.9582357e-02],[0.92793614 0.07206388],"[1.2407719e-07 1.0191956e-05 5.9326920e-03 4.8380801e-01 4.8318020e-01
 2.6888745e-02 1.7752110e-04 2.3964494e-06 6.7028779e-08]",0,White,20-39
/scratch/project_462000771/mengting/projects/bias/Wan2.1/prompt2/selected_faces/detected_person/person_0495_face0.png,Indian,Indian,Female,20-29,"[7.9893479e-03 8.9202700e-03 4.5282632e-02 1.4144530e-04 5.8578345e-04
 9.1571343e-01 2.1367095e-02]",[1.08234305e-02 4.45426395e-03 5.96307764e-05 9.84662652e-01],[8.7364856e-04 9.9912632e-01],"[3.5377962e-08 7.5039534e-06 1.2308040e-02 7.6950419e-01 2.0909409e-01
 8.8941818e-03 1.8137133e-04 1.0228717e-05 4.1106472e-07]",0,Others,20-39
/scratch/project_462000771/mengting/projects/bias/Wan2.1/prompt2/selected_faces/detected_person/person_0496_face0.png,Latino_Hispanic,White,Male,30-39,"[0.35648334 0.00082779 0.38959548 0.00193313 0.00433605 0.03595419
 0.2108699 ]",[0.842898   0.00262959 0.00309898 0.1513733 ],[9.997800e-01 2.200394e-04],"[1.2759810e-06 4.5121404e-05 9.4023002e-03 4.7580573e-01 4.8121813e-01
 3.3163857e-02 3.5275304e-04 1.0504500e-05 3.7935345e-07]",1,Others,20-39
/scratch/project_462000771/mengting/projects/bias/Wan2.1/prompt2/selected_faces/detected_person/person_0497_face0.png,White,White,Female,20-29,"[9.7252250e-01 1.8379911e-04 1.4569921e-02 8.7589367e-05 2.4242453e-04
 1.1374851e-04 1.2280087e-02]",[9.9326044e-01 4.9057524e-03 1.1335248e-03 7.0019340e-04],[1.3790386e-04 9.9986207e-01],"[5.2750249e-09 6.4442661e-06 1.7980531e-02 5.8716297e-01 3.8391125e-01
 1.0902008e-02 3.6545604e-05 2.2774223e-07 3.1475007e-09]",0,White,20-39
/scratch/project_462000771/mengting/projects/bias/Wan2.1/prompt2/selected_faces/detected_person/person_0498_face0.png,White,White,Female,20-29,"[4.9971572e-01 3.2723547e-04 4.5184463e-01 1.9117708e-04 3.3215256e-04
 1.4353511e-02 3.3235654e-02]",[0.8005338  0.00261011 0.00131696 0.19553913],[0.00218558 0.9978144 ],"[9.3166221e-08 9.8040276e-05 7.4747674e-02 7.7103621e-01 1.5045494e-01
 3.6463684e-03 1.6419934e-05 2.1787974e-07 6.4215397e-09]",1,White,20-39
/scratch/project_462000771/mengting/projects/bias/Wan2.1/prompt2/selected_faces/detected_person/person_0499_face0.png,White,White,Male,30-39,"[0.43379396 0.00113698 0.18703431 0.00044501 0.00116777 0.0405191
 0.3359029 ]",[0.88671196 0.00119884 0.0013122  0.11077707],[0.99893427 0.00106572],"[1.3445004e-05 1.6214624e-04 1.4612119e-03 1.1163835e-01 7.1153647e-01
 1.7297387e-01 2.1755572e-03 3.7600417e-05 1.3630430e-06]",1,White,20-39
/scratch/project_462000771/mengting/projects/bias/Wan2.1/prompt2/selected_faces/detected_person/person_0500_face0.png,White,White,Male,60-69,"[8.6460453e-01 7.1730139e-04 3.8395520e-02 8.0764489e-03 5.9843231e-03
 2.4758084e-03 7.9746112e-02]",[9.9523908e-01 6.2296916e-05 3.8031177e-03 8.9549163e-04],[0.9954776  0.00452239],"[8.6346627e-05 6.6734545e-05 1.8882198e-04 2.5878975e-04 1.0423207e-03
 9.8946244e-03 2.1039531e-01 5.8691186e-01 1.9115521e-01]",0,White,60+
/scratch/project_462000771/mengting/projects/bias/Wan2.1/prompt2/selected_faces/detected_person/person_0501_face0.png,White,White,Male,30-39,"[7.5423288e-01 4.2510935e-04 6.7196004e-02 1.6985353e-04 4.0873166e-04
 3.4232570e-03 1.7414413e-01]",[9.9515176e-01 5.7651392e-05 1.0994961e-04 4.6806033e-03],[9.9998659e-01 1.3411224e-05],"[1.49166942e-06 5.02212379e-06 7.97845889e-04 1.13266245e-01
 5.43942571e-01 3.20926130e-01 2.07089595e-02 3.45796725e-04
 5.92644756e-06]",1,White,20-39
/scratch/project_462000771/mengting/projects/bias/Wan2.1/prompt2/selected_faces/detected_person/person_0502_face0.png,White,White,Female,20-29,"[9.2945623e-01 1.6675071e-05 6.7072096e-03 1.6902546e-05 2.9006638e-05
 4.8649684e-04 6.3287422e-02]",[9.9363595e-01 7.4619071e-05 1.4325592e-04 6.1460817e-03],[2.4689102e-04 9.9975312e-01],"[7.5923046e-09 3.5624571e-06 6.8297782e-03 5.1159102e-01 4.4557294e-01
 3.5484336e-02 5.1047030e-04 7.6855131e-06 3.0336150e-07]",2,White,20-39
/scratch/project_462000771/mengting/projects/bias/Wan2.1/prompt2/selected_faces/detected_person/person_0503_face0.png,Black,Black,Female,10-19,"[9.6724318e-07 9.9388939e-01 3.0256127e-04 1.9166807e-06 9.6090058e-05
 5.7073492e-03 1.7039616e-06]",[5.3121307e-06 9.9844557e-01 2.1675742e-05 1.5275014e-03],[0.00184041 0.9981596 ],"[7.7142246e-08 1.6192566e-03 4.9256319e-01 4.6112692e-01 4.4221241e-02
 4.6617779e-04 3.1255890e-06 3.4093787e-08 7.6090523e-10]",0,Black,10-19
/scratch/project_462000771/mengting/projects/bias/Wan2.1/prompt2/selected_faces/detected_person/person_0504_face0.png,Black,Black,Male,20-29,"[1.60142145e-06 9.99957263e-01 1.31255265e-05 2.98273619e-08
 6.61783986e-07 2.70790006e-05 2.56867764e-07]",[1.2098374e-06 9.9997026e-01 1.5911033e-06 2.6934375e-05],[9.9997544e-01 2.4560723e-05],"[1.78360239e-07 1.42597328e-05 3.18528386e-03 4.93031442e-01
 4.76287007e-01 2.72075851e-02 2.72330013e-04 1.85655256e-06
 1.10626374e-07]",1,Black,20-39
/scratch/project_462000771/mengting/projects/bias/Wan2.1/prompt2/selected_faces/detected_person/person_0505_face0.png,Black,Black,Male,30-39,"[7.2917680e-07 9.9992180e-01 1.6627142e-05 1.0959886e-08 1.9220835e-07
 5.9278773e-05 1.4054790e-06]",[9.0750846e-06 9.9983066e-01 3.9219744e-06 1.5634033e-04],[9.999917e-01 8.300438e-06],"[2.3597730e-07 5.4792249e-06 8.4063946e-04 1.4109343e-01 6.4042181e-01
 2.0853430e-01 8.9725032e-03 1.2696029e-04 4.6354307e-06]",1,Black,20-39
/scratch/project_462000771/mengting/projects/bias/Wan2.1/prompt2/selected_faces/detected_person/person_0506_face0.png,White,White,Male,20-29,"[5.6962359e-01 1.2936413e-04 2.1530162e-01 9.4810408e-03 1.2893371e-02
 1.3463516e-02 1.7910761e-01]",[7.1204233e-01 3.0627864e-04 1.6103117e-01 1.2662014e-01],[9.9996597e-01 3.4050932e-05],"[3.3376017e-07 1.4117277e-04 9.6480623e-02 7.7643406e-01 1.2357607e-01
 3.3337392e-03 3.2944612e-05 1.0170742e-06 3.0053172e-08]",1,White,20-39
/scratch/project_462000771/mengting/projects/bias/Wan2.1/prompt2/selected_faces/detected_person/person_0507_face0.png,Black,Black,Male,30-39,"[2.0988059e-06 9.9980390e-01 5.1022802e-05 4.3371611e-07 9.8487881e-06
 1.3195616e-04 6.2960419e-07]",[2.099953e-06 9.999351e-01 8.204835e-06 5.460511e-05],[9.9995840e-01 4.1575862e-05],"[1.0854885e-06 2.8302324e-05 1.9628222e-03 2.2823498e-01 6.4492643e-01
 1.2235549e-01 2.4732887e-03 1.6667394e-05 9.3235661e-07]",1,Black,20-39
/scratch/project_462000771/mengting/projects/bias/Wan2.1/prompt2/selected_faces/detected_person/person_0508_face0.png,Latino_Hispanic,Indian,Female,20-29,"[0.08713438 0.01759949 0.7250664  0.00183395 0.00626276 0.14729528
 0.01480773]",[2.1362629e-02 1.1311319e-01 1.8716551e-04 8.6533695e-01],[0.01343965 0.98656034],"[3.3510002e-08 6.0617640e-06 2.5713636e-02 7.4999619e-01 2.1682100e-01
 7.4038012e-03 5.8447444e-05 8.9816888e-07 1.3251724e-08]",2,Others,20-39
/scratch/project_462000771/mengting/projects/bias/Wan2.1/prompt2/selected_faces/detected_person/person_0509_face0.png,White,White,Male,30-39,"[9.9760342e-01 3.6716872e-05 1.5408329e-03 8.8728666e-07 3.4121069e-06
 3.7196445e-05 7.7761308e-04]",[9.9841231e-01 8.5929903e-04 6.9654605e-05 6.5877778e-04],[9.999076e-01 9.238672e-05],"[1.0924425e-09 8.4507462e-08 1.3746647e-04 2.8377914e-01 6.9885296e-01
 1.7199099e-02 3.1074698e-05 1.8685060e-07 4.9950812e-09]",1,White,20-39
/scratch/project_462000771/mengting/projects/bias/Wan2.1/prompt2/selected_faces/detected_person/person_0510_face0.png,Black,Black,Female,20-29,"[0.00205589 0.41795248 0.28099805 0.00469346 0.04966608 0.2431625
 0.00147159]",[9.5579727e-04 9.6979171e-01 2.1422722e-03 2.7110245e-02],[0.00533969 0.9946604 ],"[3.2047030e-08 1.2299520e-04 1.6748489e-01 7.6874936e-01 6.2935442e-02
 7.0418359e-04 3.0308493e-06 3.8894871e-08 6.9466988e-10]",0,Black,20-39
/scratch/project_462000771/mengting/projects/bias/Wan2.1/prompt2/selected_faces/detected_person/person_0511_face0.png,White,White,Male,30-39,"[6.2833112e-01 1.4971179e-03 1.4436756e-01 7.0338880e-05 3.1821412e-04
 5.1922775e-03 2.2022337e-01]",[0.9520704  0.01524461 0.0023182  0.03036674],[9.9999714e-01 2.8545558e-06],"[9.48938748e-07 1.18633479e-05 1.57041213e-04 8.32643881e-02
 8.12973559e-01 1.02801435e-01 7.86867342e-04 3.98083012e-06
 4.85250276e-08]",1,White,20-39
/scratch/project_462000771/mengting/projects/bias/Wan2.1/prompt2/selected_faces/detected_person/person_0512_face0.png,White,White,Male,30-39,"[9.9738592e-01 1.4213005e-06 6.6638272e-04 1.3030557e-05 1.7391270e-05
 3.6514262e-05 1.8793992e-03]",[9.9969095e-01 5.4962460e-05 1.0195587e-04 1.5212619e-04],[9.9998736e-01 1.2625402e-05],"[2.0407556e-07 6.3390576e-06 1.0032542e-03 1.6587199e-01 6.8715072e-01
 1.4407876e-01 1.8821770e-03 6.4685773e-06 1.4085424e-07]",1,White,20-39
/scratch/project_462000771/mengting/projects/bias/Wan2.1/prompt2/selected_faces/detected_person/person_0513_face0.png,East Asian,Asian,Female,30-39,"[1.8753533e-03 1.1003834e-05 2.1442277e-02 8.0579597e-01 1.6651450e-01
 3.7568295e-03 6.0402643e-04]",[9.9931681e-04 2.8354181e-05 9.9549496e-01 3.4773187e-03],[0.0011781  0.99882185],"[2.6859203e-07 4.0637435e-05 1.2867535e-02 3.8625315e-01 4.9019033e-01
 1.0518775e-01 4.9439250e-03 5.0755090e-04 8.8785464e-06]",1,Asian,20-39
/scratch/project_462000771/mengting/projects/bias/Wan2.1/prompt2/selected_faces/detected_person/person_0514_face0.png,White,White,Male,20-29,"[8.1510305e-01 4.2782944e-05 1.1573110e-02 7.6913455e-04 8.3260908e-04
 1.3849841e-03 1.7029427e-01]",[9.5995933e-01 9.4618282e-04 2.5014693e-02 1.4079817e-02],[9.9989730e-01 1.0275192e-04],"[1.8210025e-06 1.3947405e-04 1.8391253e-02 7.2156531e-01 2.5471279e-01
 5.1711914e-03 1.7926141e-05 2.2948950e-07 6.6063506e-09]",1,White,20-39
/scratch/project_462000771/mengting/projects/bias/Wan2.1/prompt2/selected_faces/detected_person/person_0515_face0.png,White,White,Male,30-39,"[7.4040538e-01 8.8151451e-04 8.6166322e-02 3.3932869e-04 7.8907638e-04
 2.2974894e-03 1.6912083e-01]",[0.862426   0.00791015 0.00762169 0.12204222],[9.999025e-01 9.752755e-05],"[6.9712934e-07 1.4256590e-05 2.3172793e-03 4.7944936e-01 4.9364257e-01
 2.4210701e-02 3.5672673e-04 8.1333210e-06 2.4392347e-07]",0,White,20-39
/scratch/project_462000771/mengting/projects/bias/Wan2.1/prompt2/selected_faces/detected_person/person_0516_face0.png,Southeast Asian,Asian,Female,20-29,"[0.00095114 0.2396238  0.04817163 0.19439745 0.38197425 0.13444856
 0.00043318]",[0.00079699 0.35166952 0.60868484 0.03884862],[2.521300e-04 9.997479e-01],"[2.33841941e-08 6.18564736e-05 7.23387673e-02 8.05630326e-01
 1.18298851e-01 3.65705439e-03 1.28221482e-05 3.27038180e-07
 1.24343496e-08]",2,Asian,20-39
/scratch/project_462000771/mengting/projects/bias/Wan2.1/prompt2/selected_faces/detected_person/person_0517_face0.png,White,White,Male,30-39,"[9.8242211e-01 3.4097375e-05 3.8476211e-03 7.1034126e-05 7.0756374e-05
 5.2659458e-04 1.3027734e-02]",[9.9730945e-01 7.4959993e-05 4.2020543e-05 2.5735293e-03],[9.999082e-01 9.184244e-05],"[1.0179116e-06 7.1683357e-06 3.8130084e-04 1.3258524e-01 7.0722514e-01
 1.5708642e-01 2.6751678e-03 3.6344234e-05 2.1508620e-06]",1,White,20-39
/scratch/project_462000771/mengting/projects/bias/Wan2.1/prompt2/selected_faces/detected_person/person_0518_face0.png,Black,Black,Male,20-29,"[8.4064130e-05 9.9703348e-01 1.6566573e-03 1.1425420e-05 1.4086899e-04
 1.0249858e-03 4.8477512e-05]",[1.2997481e-05 9.9893129e-01 3.7516915e-05 1.0181987e-03],[0.97686726 0.02313279],"[3.5310265e-07 8.3968756e-05 3.7414409e-02 6.6892225e-01 2.7952871e-01
 1.3705085e-02 3.3845872e-04 6.4311089e-06 3.3465858e-07]",1,Black,20-39
/scratch/project_462000771/mengting/projects/bias/Wan2.1/prompt2/selected_faces/detected_person/person_0520_face0.png,White,White,Male,40-49,"[9.8159450e-01 5.0762051e-06 3.7623774e-03 5.8766391e-06 1.7521001e-05
 5.8309559e-04 1.4031551e-02]",[9.89156723e-01 7.89789628e-05 2.16898479e-04 1.05473595e-02],[9.9999982e-01 1.8910443e-07],"[2.2194436e-06 8.5433649e-06 2.3020078e-04 1.3096234e-02 3.5999721e-01
 5.9591872e-01 3.0578455e-02 1.6636352e-04 1.9947627e-06]",1,White,40-59
/scratch/project_462000771/mengting/projects/bias/Wan2.1/prompt2/selected_faces/detected_person/person_0521_face0.png,White,White,Male,20-29,"[8.5361719e-01 1.6923244e-03 5.2970722e-02 3.3489923e-04 5.6401885e-04
 9.8814839e-04 8.9832775e-02]",[9.9904180e-01 1.3850845e-04 5.2454311e-04 2.9511508e-04],[0.66837114 0.33162883],"[1.7975667e-06 4.2294402e-04 9.7193822e-02 7.3213798e-01 1.6124146e-01
 8.8707004e-03 1.2673548e-04 4.3564664e-06 2.4035265e-07]",0,White,20-39
/scratch/project_462000771/mengting/projects/bias/Wan2.1/prompt2/selected_faces/detected_person/person_0522_face0.png,Black,Black,Male,20-29,"[1.7097756e-07 9.9983531e-01 1.2406636e-05 1.5737896e-07 9.7921848e-06
 1.4188871e-04 2.2202110e-07]",[6.8295702e-07 9.9776590e-01 5.6628131e-05 2.1767658e-03],[9.9999708e-01 2.9131334e-06],"[4.7599187e-09 6.3412708e-06 5.1799901e-02 9.0841329e-01 3.9435271e-02
 3.4404991e-04 1.1469414e-06 1.6926279e-08 9.0350255e-10]",1,Black,20-39
/scratch/project_462000771/mengting/projects/bias/Wan2.1/prompt2/selected_faces/detected_person/person_0523_face0.png,Indian,Indian,Female,30-39,"[0.00529497 0.01265024 0.2555047  0.00171516 0.01692757 0.7045916
 0.00331576]",[0.00540408 0.00653472 0.00282472 0.98523647],[1.9127391e-04 9.9980873e-01],"[1.0207981e-07 6.4967671e-06 3.8709873e-03 2.3130317e-01 5.8036745e-01
 1.7789091e-01 6.3780253e-03 1.8100474e-04 1.8713757e-06]",0,Others,20-39
/scratch/project_462000771/mengting/projects/bias/Wan2.1/prompt2/selected_faces/detected_person/person_0524_face0.png,White,White,Male,20-29,"[9.7955668e-01 8.7078365e-07 4.7677607e-04 6.3200214e-06 1.2280557e-05
 4.1802294e-05 1.9905364e-02]",[9.99836981e-01 2.63888910e-06 5.01032446e-05 1.10256224e-04],[0.99813354 0.00186647],"[8.8356288e-08 8.9975110e-06 2.2725139e-03 5.8358806e-01 4.1113937e-01
 2.9882721e-03 2.6490675e-06 2.8069996e-08 9.0055396e-10]",1,White,20-39
/scratch/project_462000771/mengting/projects/bias/Wan2.1/prompt2/selected_faces/detected_person/person_0525_face0.png,Middle Eastern,White,Male,30-39,"[2.9383487e-01 3.1257852e-04 2.3093317e-01 1.4182768e-04 4.4454637e-04
 1.1451372e-01 3.5981929e-01]",[0.54420805 0.00140562 0.00236281 0.4520235 ],[0.99872667 0.00127331],"[5.7566911e-08 6.1272613e-07 3.9365937e-04 1.3719448e-01 7.8342575e-01
 7.8345887e-02 6.3488906e-04 4.5086217e-06 1.3597898e-07]",1,White,20-39
/scratch/project_462000771/mengting/projects/bias/Wan2.1/prompt2/selected_faces/detected_person/person_0526_face0.png,Black,Black,Male,20-29,"[0.01594407 0.3919276  0.34600252 0.00193322 0.02964605 0.19259349
 0.02195307]",[0.01003944 0.5115716  0.02914582 0.4492432 ],[0.99799055 0.00200944],"[2.8805634e-05 4.3890704e-04 2.3790194e-02 4.8543990e-01 4.4411650e-01
 4.5461763e-02 6.8618834e-04 3.5564764e-05 2.2083486e-06]",1,Black,20-39
/scratch/project_462000771/mengting/projects/bias/Wan2.1/prompt2/selected_faces/detected_person/person_0527_face0.png,Middle Eastern,Indian,Male,30-39,"[9.1330372e-02 4.7179227e-04 2.8228083e-01 3.5464723e-04 1.9384961e-03
 1.1449174e-01 5.0913215e-01]",[0.43654168 0.00201368 0.01132626 0.55011845],[0.99861073 0.0013893 ],"[2.7184974e-06 3.8143036e-05 2.1467807e-03 2.5845429e-01 6.7072338e-01
 6.7965038e-02 6.5658119e-04 1.2494980e-05 4.8231806e-07]",1,Others,20-39
/scratch/project_462000771/mengting/projects/bias/Wan2.1/prompt2/selected_faces/detected_person/person_0528_face0.png,White,White,Male,20-29,"[0.4604898  0.00156783 0.33571526 0.10088207 0.06153665 0.00811986
 0.03168844]",[0.852801   0.01670164 0.03602761 0.09446967],[0.6333741  0.36662596],"[3.5923403e-08 5.2706589e-05 1.7805573e-01 7.7561432e-01 4.5400739e-02
 8.7068375e-04 5.5766354e-06 2.5504173e-07 1.6644821e-08]",1,White,20-39
/scratch/project_462000771/mengting/projects/bias/Wan2.1/prompt2/selected_faces/detected_person/person_0529_face0.png,White,White,Male,30-39,"[0.46036303 0.00159203 0.39059487 0.00088925 0.00217027 0.07254434
 0.07184617]",[0.7584634  0.00528497 0.00203506 0.23421651],[9.999523e-01 4.770418e-05],"[9.3999108e-07 1.7580223e-05 2.9079472e-03 4.3594319e-01 5.4002947e-01
 2.0996993e-02 1.0251031e-04 1.4225682e-06 2.8452703e-08]",0,White,20-39
/scratch/project_462000771/mengting/projects/bias/Wan2.1/prompt2/selected_faces/detected_person/person_0530_face0.png,White,White,Female,20-29,"[9.9914926e-01 2.1124940e-07 3.1547764e-04 1.3534623e-06 1.2019985e-06
 4.8730108e-06 5.2767788e-04]",[9.9988931e-01 3.7227983e-06 7.3401417e-05 3.3551816e-05],[1.3124355e-05 9.9998689e-01],"[2.4662172e-09 3.0801182e-06 8.1182104e-03 5.8341622e-01 3.9535120e-01
 1.3057748e-02 5.3249802e-05 2.8556559e-07 7.1871393e-09]",0,White,20-39
/scratch/project_462000771/mengting/projects/bias/Wan2.1/prompt2/selected_faces/detected_person/person_0532_face0.png,Latino_Hispanic,Black,Female,20-29,"[1.2130786e-02 2.6981869e-01 3.7770349e-01 2.1961107e-05 3.8616749e-04
 3.3919606e-01 7.4283313e-04]",[6.2235743e-03 9.8071009e-01 1.6173410e-04 1.2904597e-02],[1.6894182e-05 9.9998307e-01],"[3.4514480e-09 2.7970142e-05 7.2127052e-02 8.8657320e-01 4.1044276e-02
 2.2690011e-04 5.5515284e-07 3.1638037e-09 1.9661951e-11]",2,Others,20-39
/scratch/project_462000771/mengting/projects/bias/Wan2.1/prompt2/selected_faces/detected_person/person_0533_face0.png,East Asian,Asian,Female,20-29,"[4.6654211e-04 7.3401325e-06 1.4634792e-03 9.4185781e-01 5.5987641e-02
 1.2804520e-04 8.9076326e-05]",[1.1494560e-03 1.3130807e-04 9.9830443e-01 4.1484970e-04],[8.147349e-05 9.999186e-01],"[9.7207447e-08 9.8378499e-05 4.9799491e-02 7.7445924e-01 1.6901714e-01
 6.5768589e-03 4.5524714e-05 3.1916957e-06 6.2734024e-08]",1,Asian,20-39
/scratch/project_462000771/mengting/projects/bias/Wan2.1/prompt2/selected_faces/detected_person/person_0534_face0.png,Black,Black,Male,30-39,"[5.9683027e-04 9.9331969e-01 2.4334381e-03 1.5290147e-04 1.2289503e-03
 2.0980553e-03 1.7004934e-04]",[0.01859744 0.95592463 0.00309087 0.02238706],[9.9992764e-01 7.2401534e-05],"[3.0395060e-07 3.1459820e-06 2.1346060e-04 9.2115283e-02 6.8170637e-01
 2.1785896e-01 7.9670670e-03 1.2644753e-04 8.8955949e-06]",0,Black,20-39
/scratch/project_462000771/mengting/projects/bias/Wan2.1/prompt2/selected_faces/detected_person/person_0535_face0.png,White,White,Female,20-29,"[8.8370347e-01 1.1985057e-04 4.9907483e-02 1.2934441e-03 1.3790951e-03
 5.7325856e-04 6.3023351e-02]",[0.9522484  0.00356206 0.03991372 0.0042759 ],[0.02551123 0.97448874],"[2.4948528e-07 5.1254534e-05 2.8372195e-02 5.6921017e-01 3.7502444e-01
 2.6920987e-02 4.0773876e-04 1.2345036e-05 6.1794617e-07]",1,White,20-39
/scratch/project_462000771/mengting/projects/bias/Wan2.1/prompt2/selected_faces/detected_person/person_0536_face0.png,Latino_Hispanic,White,Male,20-29,"[0.25972202 0.01086945 0.5261949  0.05382304 0.05467443 0.03714123
 0.05757489]",[0.9572949  0.00339807 0.0305083  0.00879873],[0.9966192  0.00338076],"[1.4020014e-06 1.1831223e-04 5.6131154e-02 7.5105363e-01 1.8583044e-01
 6.7471839e-03 1.1107353e-04 6.4812998e-06 2.7373170e-07]",1,Others,20-39
/scratch/project_462000771/mengting/projects/bias/Wan2.1/prompt2/selected_faces/detected_person/person_0537_face0.png,White,White,Female,20-29,"[7.4915326e-01 2.2706219e-05 3.6643531e-02 7.4776275e-05 6.6665416e-05
 2.4945808e-03 2.1154448e-01]",[9.9006408e-01 2.7753841e-04 1.4770271e-04 9.5106782e-03],[5.624392e-04 9.994376e-01],"[3.63284114e-09 2.89187960e-06 1.88137181e-02 7.90792465e-01
 1.86046198e-01 4.32727346e-03 1.71315824e-05 3.48438562e-07
 1.04880415e-08]",2,White,20-39
/scratch/project_462000771/mengting/projects/bias/Wan2.1/prompt2/selected_faces/detected_person/person_0538_face0.png,Black,Black,Male,20-29,"[6.67308723e-06 9.99372661e-01 1.19214346e-04 3.63304395e-07
 2.03448199e-05 4.79945797e-04 7.95352946e-07]",[7.974373e-06 9.995396e-01 2.438918e-05 4.280911e-04],[9.9999410e-01 5.9225845e-06],"[1.4474190e-08 6.2966096e-06 2.1079574e-02 8.8635939e-01 9.1423750e-02
 1.1257767e-03 5.1681773e-06 4.8702010e-08 3.1356173e-09]",1,Black,20-39
/scratch/project_462000771/mengting/projects/bias/Wan2.1/prompt2/selected_faces/detected_person/person_0539_face0.png,Middle Eastern,White,Female,20-29,"[3.6110231e-01 1.2022321e-05 3.0498637e-02 9.9987810e-05 2.3318056e-04
 2.3855902e-03 6.0566819e-01]",[9.4569695e-01 1.3328201e-04 4.2830487e-03 4.9886629e-02],[1.2348614e-04 9.9987656e-01],"[1.70488420e-07 1.31566208e-04 3.37992869e-02 7.07031131e-01
 2.37176329e-01 2.16584522e-02 1.98810114e-04 4.20152446e-06
 1.11466846e-07]",0,White,20-39
/scratch/project_462000771/mengting/projects/bias/Wan2.1/prompt2/selected_faces/detected_person/person_0540_face0.png,Indian,Indian,Female,20-29,"[3.0818885e-02 3.7853600e-04 2.1476074e-01 1.5859083e-04 7.4964669e-04
 6.7279029e-01 8.0343284e-02]",[0.03834715 0.00359066 0.00126048 0.9568017 ],[1.7927807e-04 9.9982077e-01],"[4.4966377e-09 7.7156064e-06 3.9196581e-02 8.3712208e-01 1.1990365e-01
 3.7457030e-03 2.3672570e-05 6.1500339e-07 1.2825362e-08]",0,Others,20-39
/scratch/project_462000771/mengting/projects/bias/Wan2.1/prompt2/selected_faces/detected_person/person_0541_face0.png,East Asian,Asian,Female,30-39,"[4.5625888e-02 9.5401796e-05 1.5126808e-01 5.9376639e-01 2.0538098e-01
 8.7987719e-04 2.9833263e-03]",[4.4451546e-02 1.4336109e-03 9.5369416e-01 4.2077378e-04],[2.2211605e-06 9.9999774e-01],"[1.5922950e-07 1.7213437e-05 1.1594212e-03 5.5104695e-02 5.1262236e-01
 3.7062770e-01 5.7864565e-02 2.5833589e-03 2.0414525e-05]",0,Asian,20-39
/scratch/project_462000771/mengting/projects/bias/Wan2.1/prompt2/selected_faces/detected_person/person_0542_face0.png,White,White,Male,30-39,"[9.83007729e-01 3.13175042e-06 1.66742655e-03 1.08192480e-05
 3.09277566e-05 3.47344212e-05 1.52452625e-02]",[9.9935889e-01 5.5466680e-06 1.3311207e-04 5.0244620e-04],[0.9963441  0.00365589],"[7.0551522e-07 4.6471978e-05 8.6994674e-03 3.5459429e-01 5.8158088e-01
 5.4693002e-02 3.8037400e-04 4.7670560e-06 1.1175057e-07]",1,White,20-39
/scratch/project_462000771/mengting/projects/bias/Wan2.1/prompt2/selected_faces/detected_person/person_0543_face0.png,East Asian,Asian,Female,20-29,"[2.1174594e-04 6.7917449e-06 5.9448736e-04 9.1968340e-01 7.9215147e-02
 2.4553467e-04 4.2914398e-05]",[2.0723834e-04 1.0083318e-06 9.9965572e-01 1.3600675e-04],[1.2145834e-04 9.9987853e-01],"[4.4298949e-07 5.9234473e-05 1.8745823e-02 5.5830866e-01 3.8540179e-01
 3.6629647e-02 7.9322106e-04 6.0045666e-05 1.1291752e-06]",0,Asian,20-39
/scratch/project_462000771/mengting/projects/bias/Wan2.1/prompt2/selected_faces/detected_person/person_0544_face0.png,White,White,Male,30-39,"[9.3119675e-01 2.8725979e-05 8.8171707e-03 4.5824840e-05 9.8348122e-05
 2.7381000e-04 5.9539318e-02]",[9.9900597e-01 3.5287168e-05 1.8056293e-04 7.7817944e-04],[9.999234e-01 7.657569e-05],"[9.0425061e-07 1.4798451e-05 9.8248071e-04 3.8300982e-01 5.8859551e-01
 2.7240602e-02 1.5380619e-04 1.9556528e-06 7.9583117e-08]",1,White,20-39
/scratch/project_462000771/mengting/projects/bias/Wan2.1/prompt2/selected_faces/detected_person/person_0545_face0.png,Middle Eastern,White,Male,20-29,"[2.9699603e-01 1.3506971e-04 3.0795507e-02 1.2640608e-04 2.4653599e-04
 5.4704625e-02 6.1699581e-01]",[9.7794926e-01 1.0800083e-04 1.1997187e-03 2.0743063e-02],[9.999458e-01 5.412774e-05],"[1.3571754e-05 1.1331858e-03 3.5962824e-02 5.2590775e-01 4.0290138e-01
 3.3625606e-02 4.4969260e-04 5.7190955e-06 2.0022173e-07]",0,White,20-39
/scratch/project_462000771/mengting/projects/bias/Wan2.1/prompt2/selected_faces/detected_person/person_0546_face0.png,Indian,Indian,Male,20-29,"[1.7140958e-02 3.9081052e-02 4.0173501e-01 2.9065393e-04 8.9077037e-03
 4.8775429e-01 4.5090299e-02]",[0.01191065 0.01335679 0.00982778 0.9649048 ],[9.9999917e-01 8.2799244e-07],"[2.4085099e-07 1.5667998e-05 3.1030488e-03 5.5066800e-01 4.3878046e-01
 7.4193743e-03 1.3117603e-05 1.5334378e-07 2.6962765e-09]",1,Others,20-39
/scratch/project_462000771/mengting/projects/bias/Wan2.1/prompt2/selected_faces/detected_person/person_0547_face0.png,Black,Black,Female,20-29,"[9.9002182e-06 9.8715442e-01 9.9239347e-04 1.4539922e-04 5.2073733e-03
 6.4870818e-03 3.4144368e-06]",[2.5861464e-06 9.9925232e-01 1.7011703e-04 5.7490164e-04],[0.11893907 0.8810609 ],"[3.7988673e-07 3.7889346e-04 1.1905626e-01 7.8238350e-01 9.5124207e-02
 3.0069831e-03 4.9082904e-05 6.5297331e-07 3.4885886e-08]",1,Black,20-39
/scratch/project_462000771/mengting/projects/bias/Wan2.1/prompt2/selected_faces/detected_person/person_0548_face0.png,East Asian,Asian,Female,30-39,"[3.3382434e-04 7.4534619e-06 1.3877667e-03 8.5793090e-01 1.3995904e-01
 3.4718099e-04 3.3756463e-05]",[5.2187458e-04 1.9173577e-04 9.9905080e-01 2.3550326e-04],[2.3449022e-05 9.9997652e-01],"[9.8106540e-08 1.0975997e-05 5.3436533e-03 4.4076541e-01 4.9202061e-01
 6.0435936e-02 1.3528488e-03 7.0057482e-05 4.7030281e-07]",0,Asian,20-39
/scratch/project_462000771/mengting/projects/bias/Wan2.1/prompt2/selected_faces/detected_person/person_0549_face0.png,Black,Black,Male,30-39,"[5.0462398e-04 9.1614783e-01 6.1624870e-03 4.0426089e-06 1.5138560e-04
 7.5856626e-02 1.1730330e-03]",[5.4495066e-04 9.3218535e-01 3.4194374e-05 6.7235470e-02],[9.99895275e-01 1.04758125e-04],"[8.8500582e-07 7.7685880e-05 2.1280710e-02 4.3325144e-01 5.0005347e-01
 4.4622689e-02 6.8861333e-04 2.3938122e-05 5.6889127e-07]",0,Black,20-39
/scratch/project_462000771/mengting/projects/bias/Wan2.1/prompt2/selected_faces/detected_person/person_0550_face0.png,Black,Black,Male,20-29,"[1.3921990e-04 9.4647938e-01 8.6200582e-03 4.1787117e-04 1.1721642e-02
 3.2364056e-02 2.5776227e-04]",[6.0137671e-05 9.7757244e-01 6.8211346e-03 1.5546272e-02],[0.99568903 0.00431097],"[4.1236112e-07 4.6633460e-05 2.1642674e-02 7.2430503e-01 2.4463969e-01
 9.2371367e-03 1.2209383e-04 5.9445815e-06 3.1289809e-07]",0,Black,20-39
/scratch/project_462000771/mengting/projects/bias/Wan2.1/prompt2/selected_faces/detected_person/person_0551_face0.png,White,White,Female,30-39,"[9.6840543e-01 5.2674077e-06 5.5909348e-03 2.4459619e-04 1.7170831e-04
 7.3909920e-05 2.5508113e-02]",[9.9855566e-01 6.0271501e-05 1.2149982e-03 1.6918102e-04],[2.6708143e-04 9.9973291e-01],"[1.5222574e-07 1.2156036e-05 2.2841077e-03 1.5256934e-01 5.0987256e-01
 3.1582832e-01 1.8758379e-02 6.5389345e-04 2.1115142e-05]",1,White,20-39
/scratch/project_462000771/mengting/projects/bias/Wan2.1/prompt2/selected_faces/detected_person/person_0552_face0.png,East Asian,Asian,Male,20-29,"[2.4835841e-04 2.1825592e-06 2.9158324e-04 9.3080199e-01 6.8562537e-02
 7.1719121e-05 2.1632768e-05]",[6.663588e-05 4.763275e-06 9.998570e-01 7.161837e-05],[0.9969531  0.00304687],"[1.8173039e-06 7.8480423e-04 2.1679631e-01 6.9571632e-01 8.4047310e-02
 2.6159575e-03 3.2790209e-05 4.5309384e-06 1.4232867e-07]",1,Asian,20-39
/scratch/project_462000771/mengting/projects/bias/Wan2.1/prompt2/selected_faces/detected_person/person_0553_face0.png,Black,Black,Female,20-29,"[1.0046422e-07 9.9996620e-01 5.1582942e-06 5.6529636e-08 9.6817269e-07
 2.7593056e-05 4.1432376e-08]",[6.0110253e-08 9.9999505e-01 7.7620615e-07 4.0578348e-06],[0.00100152 0.9989985 ],"[5.5790872e-07 1.3125619e-03 8.3107375e-02 6.4746690e-01 2.5999266e-01
 7.9827262e-03 1.3641414e-04 7.9326730e-07 1.6815106e-08]",0,Black,20-39
/scratch/project_462000771/mengting/projects/bias/Wan2.1/prompt2/selected_faces/detected_person/person_0554_face0.png,White,White,Female,20-29,"[8.3490527e-01 5.7682115e-05 3.5053182e-02 2.2526960e-04 2.2991281e-04
 5.3991860e-04 1.2898883e-01]",[9.9817377e-01 4.6732274e-04 7.7199267e-04 5.8696588e-04],[0.12180784 0.8781921 ],"[1.31528637e-08 1.05738118e-05 7.23345354e-02 8.16640794e-01
 1.08740985e-01 2.25990452e-03 1.28707688e-05 3.61692059e-07
 1.24716006e-08]",0,White,20-39
/scratch/project_462000771/mengting/projects/bias/Wan2.1/prompt2/selected_faces/detected_person/person_0555_face0.png,Southeast Asian,Asian,Female,20-29,"[0.00534367 0.0019667  0.14554553 0.34125543 0.5004172  0.00456475
 0.00090673]",[0.00524715 0.06472678 0.9245324  0.00549363],[9.323097e-05 9.999068e-01],"[6.5001508e-08 1.9424744e-05 3.1508345e-02 6.4483166e-01 3.0557734e-01
 1.7904859e-02 1.5520715e-04 3.1189659e-06 1.8839678e-08]",1,Asian,20-39
/scratch/project_462000771/mengting/projects/bias/Wan2.1/prompt2/selected_faces/detected_person/person_0556_face0.png,Black,Black,Male,20-29,"[1.8396255e-05 9.9557430e-01 4.2934139e-04 3.0700050e-04 3.4749063e-03
 1.8807886e-04 8.0211985e-06]",[6.7353312e-06 9.9974084e-01 2.4086659e-04 1.1609453e-05],[0.92775804 0.07224195],"[4.6147570e-06 4.9354923e-03 3.2590902e-01 6.2454653e-01 4.3752763e-02
 8.4234885e-04 8.8359056e-06 2.8820844e-07 7.2270609e-08]",1,Black,20-39
/scratch/project_462000771/mengting/projects/bias/Wan2.1/prompt2/selected_faces/detected_person/person_0557_face0.png,White,White,Female,20-29,"[0.7675587  0.00161783 0.14910126 0.00514399 0.00451634 0.00634938
 0.06571249]",[0.95758814 0.00135005 0.00203215 0.03902961],[0.10062749 0.89937246],"[2.5408738e-07 9.0635032e-05 6.5496758e-02 7.2707033e-01 2.0034160e-01
 6.9381990e-03 5.9405953e-05 2.6304401e-06 2.4272114e-07]",1,White,20-39
/scratch/project_462000771/mengting/projects/bias/Wan2.1/prompt2/selected_faces/detected_person/person_0558_face0.png,Latino_Hispanic,Asian,Female,20-29,"[3.0017862e-02 2.0973712e-04 4.7277412e-01 1.9179259e-01 1.0497043e-01
 1.7311533e-01 2.7120009e-02]",[0.03349825 0.00427412 0.7394727  0.22275501],[0.00497873 0.9950213 ],"[2.9008877e-08 1.4677105e-04 2.3555823e-01 7.2964323e-01 3.4265488e-02
 3.8461873e-04 1.5238448e-06 8.7932435e-08 2.2359028e-09]",2,Others,20-39
/scratch/project_462000771/mengting/projects/bias/Wan2.1/prompt2/selected_faces/detected_person/person_0559_face0.png,Black,Black,Female,20-29,"[9.5308042e-07 9.9769598e-01 1.5687455e-04 8.4409767e-05 1.2683047e-03
 7.9270866e-04 8.0683066e-07]",[3.9305608e-08 9.9993306e-01 4.7830898e-05 1.9102194e-05],[2.9564506e-04 9.9970436e-01],"[2.3637897e-07 8.9575158e-04 9.8619848e-02 6.6482073e-01 2.2939956e-01
 6.1632870e-03 9.9319579e-05 1.2401185e-06 5.0087518e-08]",0,Black,20-39
/scratch/project_462000771/mengting/projects/bias/Wan2.1/prompt2/selected_faces/detected_person/person_0560_face0.png,East Asian,Asian,Female,20-29,"[0.00103068 0.0119158  0.02605548 0.5069055  0.45194495 0.0014029
 0.0007447 ]",[0.00208439 0.0850723  0.8983967  0.01444666],[0.20222679 0.7977732 ],"[3.2664533e-07 2.9306366e-05 2.4128485e-02 5.9843135e-01 3.3750317e-01
 3.8231872e-02 1.5465490e-03 1.2094284e-04 8.0283125e-06]",0,Asian,20-39
/scratch/project_462000771/mengting/projects/bias/Wan2.1/prompt2/selected_faces/detected_person/person_0561_face0.png,Black,Black,Male,20-29,"[3.3865578e-07 9.9986774e-01 2.1034070e-06 1.7086267e-08 2.6626927e-07
 1.2945170e-04 6.8069390e-08]",[8.611121e-08 9.999924e-01 8.722085e-08 7.521727e-06],[9.9982643e-01 1.7358141e-04],"[4.9246878e-09 2.3947352e-06 6.6492739e-03 7.4358946e-01 2.4399202e-01
 5.7242690e-03 4.2314623e-05 2.4593294e-07 1.1753342e-08]",0,Black,20-39
/scratch/project_462000771/mengting/projects/bias/Wan2.1/prompt2/selected_faces/detected_person/person_0562_face0.png,White,White,Female,30-39,"[8.7025315e-01 4.8326747e-04 6.2136292e-02 1.4519390e-03 1.4015926e-03
 3.1230457e-03 6.1150655e-02]",[9.8829812e-01 2.8075569e-04 5.4730210e-03 5.9480853e-03],[0.1906521 0.8093479],"[6.3255868e-07 1.2644879e-05 3.5548431e-03 2.2853309e-01 5.6702596e-01
 1.8733183e-01 1.2691720e-02 7.8355795e-04 6.5708868e-05]",1,White,20-39
/scratch/project_462000771/mengting/projects/bias/Wan2.1/prompt2/selected_faces/detected_person/person_0563_face0.png,Indian,Indian,Male,30-39,"[0.11552192 0.04558857 0.22226411 0.00076075 0.00486569 0.4764978
 0.13450119]",[0.01757466 0.07377165 0.00133687 0.90731686],[9.99896228e-01 1.03759965e-04],"[4.7674175e-07 1.0061294e-05 8.0389727e-04 2.0804104e-01 7.5514174e-01
 3.5869215e-02 1.3217791e-04 1.3901571e-06 2.6057865e-08]",0,Others,20-39
/scratch/project_462000771/mengting/projects/bias/Wan2.1/prompt2/selected_faces/detected_person/person_0564_face0.png,White,White,Female,20-29,"[5.1697189e-01 5.1260431e-04 3.1068501e-01 1.5556467e-04 2.4991602e-04
 1.1133918e-02 1.6029119e-01]",[9.5197326e-01 1.4172828e-02 3.1083811e-04 3.3543028e-02],[0.00184265 0.9981573 ],"[3.2975265e-08 7.0022375e-05 9.0333469e-02 7.3538840e-01 1.6944924e-01
 4.7384007e-03 2.0154146e-05 2.6345379e-07 5.1145688e-09]",0,White,20-39
/scratch/project_462000771/mengting/projects/bias/Wan2.1/prompt2/selected_faces/detected_person/person_0565_face0.png,Middle Eastern,White,Male,20-29,"[2.7296534e-01 4.2596208e-03 1.9681494e-01 2.5550646e-04 1.0456918e-03
 4.8096818e-03 5.1984918e-01]",[0.9652414  0.00462968 0.0034289  0.02670009],[9.9999458e-01 5.4464786e-06],"[1.1983475e-07 2.4889848e-06 2.0196876e-03 5.8496708e-01 4.0652090e-01
 6.4675421e-03 2.1850959e-05 2.6471338e-07 5.3562479e-09]",1,White,20-39
/scratch/project_462000771/mengting/projects/bias/Wan2.1/prompt2/selected_faces/detected_person/person_0566_face0.png,Southeast Asian,Black,Female,20-29,"[0.00296743 0.04804098 0.19412985 0.12533244 0.5525193  0.07576199
 0.001248  ]",[0.01223133 0.42066962 0.36410305 0.20299594],[1.7180289e-04 9.9982816e-01],"[5.0451202e-08 3.6361325e-05 3.1289700e-02 6.4167643e-01 3.0953735e-01
 1.7292259e-02 1.6423699e-04 3.5386179e-06 5.9922968e-08]",0,Asian,20-39
/scratch/project_462000771/mengting/projects/bias/Wan2.1/prompt2/selected_faces/detected_person/person_0567_face0.png,White,White,Male,20-29,"[9.29958820e-01 1.03365513e-04 2.89794151e-02 1.01982172e-04
 1.21098885e-04 8.63217632e-04 3.98720205e-02]",[0.967634   0.00312504 0.00520959 0.02403129],[9.999585e-01 4.141589e-05],"[1.3184280e-08 4.2655743e-06 2.3649452e-02 9.1602242e-01 6.0166351e-02
 1.5721490e-04 2.1218185e-07 4.1713974e-09 1.1789369e-10]",1,White,20-39
/scratch/project_462000771/mengting/projects/bias/Wan2.1/prompt2/selected_faces/detected_person/person_0568_face0.png,White,White,Female,20-29,"[9.1031945e-01 3.9902061e-05 6.6641115e-02 9.5479882e-05 1.0456814e-04
 2.5479891e-03 2.0251460e-02]",[9.9170268e-01 1.4799132e-04 3.9501282e-04 7.7543375e-03],[0.003985   0.99601495],"[5.6854901e-08 3.0419906e-05 3.3113789e-02 6.8480164e-01 2.6876497e-01
 1.3188630e-02 9.8727258e-05 1.7891963e-06 7.6247474e-08]",2,White,20-39
/scratch/project_462000771/mengting/projects/bias/Wan2.1/prompt2/selected_faces/detected_person/person_0569_face0.png,Latino_Hispanic,Black,Female,20-29,"[6.0606573e-02 1.3460377e-01 7.4663246e-01 1.7532471e-04 8.1245293e-04
 2.5943106e-02 3.1226352e-02]",[0.14019598 0.75724614 0.00080883 0.10174904],[0.00220026 0.99779975],"[4.7932740e-08 2.2697321e-05 5.0411507e-02 6.0288042e-01 3.3800116e-01
 8.6105261e-03 7.2390991e-05 1.2122231e-06 7.3595059e-09]",0,Others,20-39
/scratch/project_462000771/mengting/projects/bias/Wan2.1/prompt2/selected_faces/detected_person/person_0570_face0.png,Latino_Hispanic,White,Female,20-29,"[1.5727581e-01 5.5032928e-04 7.0457077e-01 1.7234676e-02 1.8070580e-02
 3.9720476e-02 6.2577426e-02]",[0.812035   0.00175005 0.01495921 0.1712557 ],[0.00179826 0.9982017 ],"[3.8046657e-08 2.0586078e-05 3.7913300e-02 6.2998998e-01 3.2034165e-01
 1.1666939e-02 6.5721331e-05 1.6688889e-06 3.2807780e-08]",2,Others,20-39
/scratch/project_462000771/mengting/projects/bias/Wan2.1/prompt2/selected_faces/detected_person/person_0571_face0.png,East Asian,Asian,Male,20-29,"[5.9652310e-02 2.3349507e-04 7.3317677e-02 5.4469585e-01 3.0670044e-01
 8.6535690e-03 6.7465934e-03]",[0.02896619 0.00520832 0.90491956 0.06090591],[9.9986541e-01 1.3460242e-04],"[1.3284688e-06 7.7516149e-04 2.0046046e-01 6.4471453e-01 1.4738037e-01
 6.5598842e-03 1.0231106e-04 5.6829508e-06 2.2600223e-07]",1,Asian,20-39
/scratch/project_462000771/mengting/projects/bias/Wan2.1/prompt2/selected_faces/detected_person/person_0572_face0.png,White,White,Female,20-29,"[6.8623728e-01 6.7402296e-05 1.3068761e-01 1.2404202e-03 7.3540484e-04
 3.8195869e-03 1.7721233e-01]",[9.7552818e-01 3.5742074e-04 1.5341698e-02 8.7726275e-03],[0.03232839 0.9676716 ],"[2.87473920e-08 2.94226229e-05 5.39983325e-02 7.95411170e-01
 1.46866247e-01 3.68067157e-03 1.36931485e-05 3.46338538e-07
 1.78986870e-08]",0,White,20-39
/scratch/project_462000771/mengting/projects/bias/Wan2.1/prompt2/selected_faces/detected_person/person_0573_face0.png,White,White,Female,20-29,"[9.3379086e-01 1.2858506e-05 1.1220908e-02 1.8129351e-04 1.8453025e-04
 2.1130072e-03 5.2496627e-02]",[0.90082276 0.00097765 0.00922629 0.08897326],[0.00438015 0.9956199 ],"[1.0718061e-07 5.4075848e-05 1.9116521e-02 7.6119459e-01 2.1082723e-01
 8.7217595e-03 8.2159931e-05 3.1134207e-06 3.7553727e-07]",0,White,20-39
/scratch/project_462000771/mengting/projects/bias/Wan2.1/prompt2/selected_faces/detected_person/person_0574_face0.png,Black,Black,Male,20-29,"[3.2791654e-08 9.9999821e-01 2.3055100e-07 9.9681963e-10 1.6709198e-08
 1.6064490e-06 1.1906231e-08]",[4.3486040e-08 9.9999607e-01 2.1019243e-07 3.7000632e-06],[9.999943e-01 5.728188e-06],"[1.2272093e-07 6.1991093e-05 2.4748167e-02 7.4728149e-01 2.1676204e-01
 1.1051375e-02 9.3848896e-05 8.2872396e-07 6.9744729e-08]",1,Black,20-39
/scratch/project_462000771/mengting/projects/bias/Wan2.1/prompt2/selected_faces/detected_person/person_0575_face0.png,White,White,Female,30-39,"[9.3562621e-01 8.6255845e-05 4.1900344e-02 5.1009580e-03 2.4254320e-03
 4.3329535e-04 1.4427495e-02]",[9.7768486e-01 4.8470029e-04 2.1081464e-02 7.4897462e-04],[0.01455582 0.9854442 ],"[2.2601243e-06 1.2431662e-04 7.4226353e-03 1.4982471e-01 5.3683931e-01
 2.8557944e-01 1.9602353e-02 5.6335976e-04 4.1588839e-05]",1,White,20-39
/scratch/project_462000771/mengting/projects/bias/Wan2.1/prompt2/selected_faces/detected_person/person_0576_face0.png,White,White,Female,30-39,"[9.3127072e-01 2.1237266e-04 3.4658778e-02 3.0118795e-04 3.1398321e-04
 2.7747423e-04 3.2965571e-02]",[0.98567224 0.00721459 0.00316161 0.00395162],[0.00412676 0.9958732 ],"[8.1772390e-07 4.1987401e-05 9.0769744e-03 4.4185135e-01 4.5225009e-01
 9.3057618e-02 3.5645636e-03 1.5262351e-04 3.9630490e-06]",1,White,20-39
/scratch/project_462000771/mengting/projects/bias/Wan2.1/prompt2/selected_faces/detected_person/person_0577_face0.png,White,White,Male,30-39,"[9.7625172e-01 2.4657199e-04 1.3877716e-02 9.1171678e-05 1.6174497e-04
 1.0288834e-03 8.3423192e-03]",[9.9634981e-01 5.9069833e-04 5.5473367e-05 3.0040366e-03],[9.999530e-01 4.700897e-05],"[3.1277898e-05 1.9471750e-03 9.5690172e-03 4.5501044e-01 5.1372790e-01
 1.9566642e-02 1.4578513e-04 1.6591433e-06 9.3456272e-08]",1,White,20-39
/scratch/project_462000771/mengting/projects/bias/Wan2.1/prompt2/selected_faces/detected_person/person_0579_face0.png,Latino_Hispanic,Indian,Female,20-29,"[0.02445718 0.12219372 0.60021406 0.00347157 0.01471312 0.21713743
 0.01781286]",[0.01544492 0.38933885 0.04182096 0.5533952 ],[4.1026884e-04 9.9958968e-01],"[3.1499816e-08 7.6646853e-04 2.7766716e-01 6.9022495e-01 3.1133601e-02
 2.0724020e-04 5.3170720e-07 1.1952870e-08 3.7724010e-10]",1,Others,20-39
/scratch/project_462000771/mengting/projects/bias/Wan2.1/prompt2/selected_faces/detected_person/person_0580_face0.png,East Asian,Asian,Female,20-29,"[1.8419060e-03 1.2974876e-05 3.3110732e-03 9.3660867e-01 5.7829771e-02
 2.1626563e-04 1.7938392e-04]",[3.2107423e-03 2.6620994e-05 9.9600589e-01 7.5677445e-04],[0.02476518 0.9752348 ],"[1.7469204e-06 9.4184111e-04 1.3296801e-01 7.7598250e-01 8.6854227e-02
 3.1946204e-03 5.0438426e-05 6.3373259e-06 3.2089429e-07]",1,Asian,20-39
/scratch/project_462000771/mengting/projects/bias/Wan2.1/prompt2/selected_faces/detected_person/person_0581_face0.png,White,White,Male,20-29,"[9.8732442e-01 1.6564384e-04 4.8250770e-03 6.2764541e-04 3.7787040e-04
 2.6636367e-04 6.4131366e-03]",[0.9918333  0.00301536 0.00156932 0.00358198],[9.9921286e-01 7.8713213e-04],"[7.0181102e-07 1.6055872e-05 2.5622474e-03 4.8995468e-01 4.8297474e-01
 2.4190655e-02 2.9501479e-04 5.5217438e-06 3.8380378e-07]",0,White,20-39
/scratch/project_462000771/mengting/projects/bias/Wan2.1/prompt2/selected_faces/detected_person/person_0582_face0.png,Latino_Hispanic,Indian,Male,30-39,"[2.6422098e-01 1.4715563e-04 3.9089736e-01 1.3448272e-03 2.9705842e-03
 1.6459590e-01 1.7582311e-01]",[2.3939478e-01 6.8011368e-04 9.1781914e-03 7.5074697e-01],[9.999572e-01 4.275966e-05],"[5.6265990e-06 2.5286982e-04 6.0009160e-03 4.5940983e-01 5.1670635e-01
 1.7569112e-02 5.4863405e-05 4.3044690e-07 7.1456716e-09]",1,Others,20-39
/scratch/project_462000771/mengting/projects/bias/Wan2.1/prompt2/selected_faces/detected_person/person_0583_face0.png,White,White,Male,20-29,"[9.9631369e-01 2.8958095e-05 1.4190275e-03 2.1957771e-05 4.9044407e-05
 8.9513567e-05 2.0777343e-03]",[9.99291480e-01 5.30336656e-05 5.50682249e-04 1.04800616e-04],[9.9999702e-01 3.0034516e-06],"[2.8892632e-07 5.2291140e-05 3.3029777e-03 5.5865484e-01 4.2866877e-01
 9.2952596e-03 2.5346568e-05 2.9111825e-07 1.3542975e-08]",1,White,20-39
/scratch/project_462000771/mengting/projects/bias/Wan2.1/prompt2/selected_faces/detected_person/person_0584_face0.png,East Asian,Asian,Female,20-29,"[2.1497258e-04 5.8171958e-07 2.8098447e-04 9.3776470e-01 6.1721087e-02
 9.5351061e-06 8.1499029e-06]",[1.1424134e-03 1.2008201e-05 9.9877232e-01 7.3283562e-05],[2.4475664e-04 9.9975526e-01],"[7.3299326e-08 9.6332093e-05 4.3804519e-02 7.3554486e-01 2.1273503e-01
 7.7698957e-03 4.6526617e-05 2.7605954e-06 4.6207088e-08]",1,Asian,20-39
/scratch/project_462000771/mengting/projects/bias/Wan2.1/prompt2/selected_faces/detected_person/person_0585_face0.png,White,White,Male,30-39,"[6.6820949e-01 3.9821123e-03 1.2653124e-01 1.3148726e-04 4.5129764e-04
 3.0050071e-02 1.7064427e-01]",[8.8275915e-01 4.3246611e-03 1.6823151e-04 1.1274800e-01],[9.999322e-01 6.777742e-05],"[9.1029072e-08 1.7423429e-06 3.6333490e-04 1.9828257e-01 7.4396461e-01
 5.6834053e-02 5.4740615e-04 6.0166744e-06 1.4705653e-07]",1,White,20-39
/scratch/project_462000771/mengting/projects/bias/Wan2.1/prompt2/selected_faces/detected_person/person_0586_face0.png,Black,Black,Male,20-29,"[7.9834514e-08 9.9997950e-01 1.2512114e-06 7.8108958e-10 2.5323885e-08
 1.9089332e-05 1.3303185e-07]",[3.0411869e-07 9.9999338e-01 1.1482053e-07 6.2183040e-06],[9.9999976e-01 2.4621394e-07],"[1.3758707e-08 3.1713159e-06 3.0847762e-03 5.4957670e-01 4.2607382e-01
 2.1130927e-02 1.2988018e-04 7.3183469e-07 2.3378808e-08]",1,Black,20-39
/scratch/project_462000771/mengting/projects/bias/Wan2.1/prompt2/selected_faces/detected_person/person_0588_face0.png,Black,Black,Male,20-29,"[1.07082336e-07 9.99997258e-01 1.29292187e-06 8.46362269e-09
 8.87449758e-08 1.14731824e-06 9.82302382e-08]",[2.4549973e-08 9.9999934e-01 8.5703562e-08 5.7001159e-07],[0.9968686  0.00313144],"[3.5030476e-07 2.4619745e-04 4.0296759e-02 7.1483988e-01 2.3484744e-01
 9.6850330e-03 8.3459738e-05 7.4348509e-07 7.5444575e-08]",1,Black,20-39
/scratch/project_462000771/mengting/projects/bias/Wan2.1/prompt2/selected_faces/detected_person/person_0589_face0.png,Latino_Hispanic,Indian,Male,30-39,"[6.4432658e-02 7.3977537e-03 4.1083351e-01 2.9777538e-04 1.1263948e-03
 2.3912938e-01 2.7678257e-01]",[0.07577971 0.02457084 0.00786591 0.89178354],[9.9999624e-01 3.7589512e-06],"[8.5886359e-07 1.6619106e-05 6.6791632e-04 1.8148504e-01 7.2765911e-01
 8.9343116e-02 8.1977976e-04 7.4822665e-06 1.2212998e-07]",1,Others,20-39
/scratch/project_462000771/mengting/projects/bias/Wan2.1/prompt2/selected_faces/detected_person/person_0590_face0.png,White,White,Male,20-29,"[7.4328506e-01 5.6860491e-04 2.9840533e-02 4.0292935e-04 8.3571830e-04
 7.4662361e-04 2.2432049e-01]",[0.8876877  0.01970834 0.05069413 0.04190985],[0.99811286 0.00188711],"[3.7043828e-06 5.2225543e-04 7.9700746e-02 7.1863037e-01 1.8690304e-01
 1.3796959e-02 4.1824853e-04 2.3152139e-05 1.5781312e-06]",1,White,20-39
/scratch/project_462000771/mengting/projects/bias/Wan2.1/prompt2/selected_faces/detected_person/person_0591_face0.png,East Asian,Asian,Female,30-39,"[2.95146456e-04 1.04675355e-05 5.43157384e-03 7.90128827e-01
 2.01392978e-01 2.67268810e-03 6.83665858e-05]",[3.1354101e-04 5.2473872e-05 9.9774730e-01 1.8866811e-03],[2.445549e-05 9.999755e-01],"[6.2883828e-08 1.6645388e-05 1.0242517e-02 3.7811086e-01 5.4883718e-01
 6.1754998e-02 9.7113749e-04 6.6144981e-05 4.0792594e-07]",0,Asian,20-39
/scratch/project_462000771/mengting/projects/bias/Wan2.1/prompt2/selected_faces/detected_person/person_0592_face0.png,White,White,Male,20-29,"[7.3959780e-01 1.7957536e-04 3.5933103e-02 7.8189114e-05 1.8885036e-04
 1.3094214e-03 2.2271313e-01]",[0.9372253  0.00162777 0.00281535 0.05833152],[9.9996132e-01 3.8682403e-05],"[1.2334048e-07 6.7176923e-05 1.2450074e-01 8.2040662e-01 5.3996511e-02
 1.0242617e-03 4.5086072e-06 1.5962419e-07 4.5496988e-09]",1,White,20-39
/scratch/project_462000771/mengting/projects/bias/Wan2.1/prompt2/selected_faces/detected_person/person_0593_face0.png,East Asian,Asian,Female,30-39,"[1.3367034e-04 2.4901239e-05 1.3505836e-03 6.4697409e-01 3.5115176e-01
 3.2636672e-04 3.8663449e-05]",[1.9987022e-04 8.8281959e-06 9.9964368e-01 1.4764788e-04],[5.4758991e-04 9.9945235e-01],"[1.2198510e-06 8.4976062e-05 6.7187725e-03 1.6877386e-01 5.4506940e-01
 2.6448441e-01 1.3995707e-02 8.5094443e-04 2.0704059e-05]",0,Asian,20-39
/scratch/project_462000771/mengting/projects/bias/Wan2.1/prompt2/selected_faces/detected_person/person_0594_face0.png,Latino_Hispanic,Black,Female,20-29,"[0.00613633 0.30245587 0.4025059  0.0150298  0.10189022 0.17063949
 0.00134235]",[0.0109843  0.6848001  0.04418412 0.2600315 ],[0.00587638 0.99412364],"[8.5016623e-08 1.6312796e-04 1.2577069e-01 6.8674910e-01 1.7915380e-01
 8.0663962e-03 9.4500465e-05 2.2183501e-06 9.5022443e-08]",1,Others,20-39
/scratch/project_462000771/mengting/projects/bias/Wan2.1/prompt2/selected_faces/detected_person/person_0595_face0.png,Latino_Hispanic,Indian,Male,10-19,"[0.02658712 0.19248854 0.39386103 0.00257627 0.03169319 0.32402164
 0.02877218]",[0.01634333 0.24193408 0.0118815  0.72984105],[0.7746545  0.22534548],"[8.4544572e-06 4.4109661e-02 7.8124547e-01 1.6734222e-01 7.0700259e-03
 2.2165626e-04 2.2933596e-06 2.3989730e-07 3.2930604e-08]",0,Others,10-19
/scratch/project_462000771/mengting/projects/bias/Wan2.1/prompt2/selected_faces/detected_person/person_0596_face0.png,White,White,Male,20-29,"[9.9208736e-01 2.4106246e-06 1.2386754e-03 9.6100212e-06 1.4850030e-05
 2.9524164e-05 6.6175852e-03]",[9.9926341e-01 6.3521999e-05 6.5795735e-05 6.0729455e-04],[9.9997753e-01 2.2529626e-05],"[5.2664888e-08 3.7185800e-06 2.0198452e-03 5.7495284e-01 4.1512796e-01
 7.8796111e-03 1.5921371e-05 9.4559049e-08 2.1486277e-09]",1,White,20-39
/scratch/project_462000771/mengting/projects/bias/Wan2.1/prompt2/selected_faces/detected_person/person_0597_face0.png,Latino_Hispanic,White,Male,30-39,"[3.2299659e-01 2.6956506e-04 4.4727021e-01 3.7718090e-04 1.5109548e-03
 3.1399585e-02 1.9617595e-01]",[0.91173506 0.00538019 0.02085559 0.06202912],[9.9981117e-01 1.8881763e-04],"[2.3218037e-07 6.3010780e-06 6.3403306e-04 2.9207030e-01 6.7487019e-01
 3.2328658e-02 8.9918401e-05 3.8274746e-07 6.1999490e-09]",1,Others,20-39
/scratch/project_462000771/mengting/projects/bias/Wan2.1/prompt2/selected_faces/detected_person/person_0598_face0.png,Latino_Hispanic,White,Female,20-29,"[0.04477001 0.00217069 0.4791818  0.00065805 0.0027295  0.40086353
 0.06962646]",[0.5723759  0.02238903 0.00279963 0.40243545],[8.3149134e-05 9.9991691e-01],"[2.1116034e-07 1.1962998e-03 2.5276533e-01 6.8500614e-01 5.9889160e-02
 1.1378601e-03 4.7502954e-06 1.9300550e-07 7.0346311e-09]",1,Others,20-39
/scratch/project_462000771/mengting/projects/bias/Wan2.1/prompt2/selected_faces/detected_person/person_0599_face0.png,East Asian,Asian,Male,10-19,"[2.8583160e-04 3.8688554e-06 4.6771477e-04 9.0844679e-01 9.0721436e-02
 5.1660438e-05 2.2696322e-05]",[5.0781632e-04 5.0509925e-06 9.9941027e-01 7.6840181e-05],[0.9988079  0.00119209],"[3.3595018e-07 1.0183101e-03 6.0397005e-01 3.8867649e-01 6.2767426e-03
 5.7629106e-05 3.4714233e-07 2.9290678e-08 6.2890315e-10]",1,Asian,10-19
/scratch/project_462000771/mengting/projects/bias/Wan2.1/prompt2/selected_faces/detected_person/person_0600_face0.png,White,White,Male,30-39,"[9.7771376e-01 1.5398848e-05 9.7721666e-03 2.6827653e-05 1.0921398e-04
 5.8836798e-04 1.1774158e-02]",[9.9892837e-01 2.7198425e-05 5.1046087e-04 5.3394114e-04],[9.9999905e-01 9.7909731e-07],"[3.3960393e-06 1.9776677e-04 3.6499873e-03 9.4995141e-02 6.9465435e-01
 2.0412889e-01 2.3570026e-03 1.3212911e-05 2.8083400e-07]",1,White,20-39
/scratch/project_462000771/mengting/projects/bias/Wan2.1/prompt2/selected_faces/detected_person/person_0601_face0.png,White,White,Female,20-29,"[0.4122556  0.00528868 0.2357621  0.00226638 0.00229407 0.0032474
 0.33888578]",[0.9646532  0.00578751 0.02275281 0.00680661],[9.743933e-04 9.990256e-01],"[4.5710586e-08 1.3068386e-05 2.5526442e-02 5.6579512e-01 3.8703007e-01
 2.1398656e-02 2.3016000e-04 6.2459389e-06 1.6657273e-07]",0,White,20-39
/scratch/project_462000771/mengting/projects/bias/Wan2.1/prompt2/selected_faces/detected_person/person_0602_face0.png,Latino_Hispanic,Indian,Female,30-39,"[0.40852898 0.06959195 0.43195626 0.00183277 0.00192535 0.02507614
 0.06108859]",[0.4514471  0.02632196 0.00986562 0.5123653 ],[5.0750103e-05 9.9994922e-01],"[4.1713213e-07 8.8813022e-06 1.1066807e-03 1.4794439e-01 5.4667103e-01
 2.8028369e-01 2.3287797e-02 6.9035136e-04 6.6262151e-06]",1,Others,20-39
/scratch/project_462000771/mengting/projects/bias/Wan2.1/prompt2/selected_faces/detected_person/person_0603_face0.png,White,White,Female,20-29,"[8.5931724e-01 6.6989464e-06 4.7911922e-03 8.4931143e-02 4.0058121e-03
 1.8926690e-05 4.6928950e-02]",[9.3245351e-01 5.2446753e-06 6.7470647e-02 7.0602808e-05],[0.00607705 0.99392295],"[2.09802656e-05 5.32662962e-03 1.14371695e-01 7.07541168e-01
 1.48313493e-01 2.26957258e-02 1.41493499e-03 2.45762320e-04
 6.95568815e-05]",1,White,20-39
/scratch/project_462000771/mengting/projects/bias/Wan2.1/prompt2/selected_faces/detected_person/person_0604_face0.png,White,White,Female,20-29,"[9.9908996e-01 5.2361008e-07 6.2125589e-04 9.4947598e-07 1.3006469e-06
 8.7340650e-06 2.7737184e-04]",[9.9992609e-01 3.4557788e-06 1.9224140e-05 5.1148556e-05],[5.1526126e-04 9.9948478e-01],"[2.1972809e-08 1.0249582e-05 9.7158449e-03 5.5276144e-01 4.1085488e-01
 2.6523856e-02 1.3280017e-04 8.5416821e-07 2.6307696e-08]",1,White,20-39
/scratch/project_462000771/mengting/projects/bias/Wan2.1/prompt2/selected_faces/detected_person/person_0605_face0.png,White,White,Female,30-39,"[9.9310809e-01 9.9708700e-07 3.4539739e-03 2.6203821e-05 2.3061077e-05
 1.8461469e-05 3.3691407e-03]",[9.9893278e-01 2.0424503e-05 9.9419628e-04 5.2545580e-05],[7.3491642e-06 9.9999267e-01],"[1.9231939e-08 8.3323839e-06 6.6700280e-03 3.0322558e-01 6.1837822e-01
 7.1116820e-02 5.9421291e-04 6.6763082e-06 8.9554142e-08]",1,White,20-39
/scratch/project_462000771/mengting/projects/bias/Wan2.1/prompt2/selected_faces/detected_person/person_0606_face0.png,East Asian,Asian,Female,20-29,"[2.87336260e-02 6.94081100e-05 1.02433495e-01 5.72988033e-01
 2.91771978e-01 8.76476173e-04 3.12689412e-03]",[1.5955230e-02 5.8343314e-05 9.8040015e-01 3.5862026e-03],[0.00409958 0.9959004 ],"[3.7858117e-06 1.7876091e-03 2.3008268e-01 6.9741839e-01 6.8169028e-02
 2.5145817e-03 2.0728372e-05 2.9726980e-06 2.3100263e-07]",0,Asian,20-39
/scratch/project_462000771/mengting/projects/bias/Wan2.1/prompt2/selected_faces/detected_person/person_0607_face0.png,East Asian,Asian,Female,30-39,"[1.9003014e-03 1.2401089e-05 1.7706344e-03 9.6685547e-01 2.9194282e-02
 7.5251890e-05 1.9171312e-04]",[1.7787518e-03 5.6369634e-05 9.9775791e-01 4.0690060e-04],[0.00240638 0.99759364],"[1.8638443e-07 1.2341679e-05 5.9951129e-03 2.8511974e-01 5.3109133e-01
 1.6876191e-01 8.0909058e-03 9.1102801e-04 1.7491964e-05]",1,Asian,20-39
/scratch/project_462000771/mengting/projects/bias/Wan2.1/prompt2/selected_faces/detected_person/person_0608_face0.png,White,White,Female,20-29,"[5.9618765e-01 1.3854864e-04 9.2175990e-02 1.6582871e-03 1.1902087e-03
 5.6556892e-03 3.0299363e-01]",[0.98962486 0.00122945 0.00183372 0.00731196],[2.6374208e-04 9.9973619e-01],"[1.3286414e-08 4.1342919e-05 1.0776967e-01 8.2688498e-01 6.4739920e-02
 5.6288403e-04 1.0943317e-06 2.6386575e-08 8.0160578e-10]",0,White,20-39
/scratch/project_462000771/mengting/projects/bias/Wan2.1/prompt2/selected_faces/detected_person/person_0609_face0.png,White,White,Male,20-29,"[0.6178852  0.00927768 0.20320632 0.00421113 0.01217302 0.01140484
 0.14184178]",[0.8967787  0.00480535 0.07947014 0.0189458 ],[9.9984682e-01 1.5318785e-04],"[6.4067217e-07 6.3622625e-05 2.0916030e-02 7.8609145e-01 1.8673934e-01
 6.0990793e-03 8.7478489e-05 2.2276163e-06 9.8257949e-08]",0,White,20-39
/scratch/project_462000771/mengting/projects/bias/Wan2.1/prompt2/selected_faces/detected_person/person_0610_face0.png,Latino_Hispanic,Indian,Male,20-29,"[0.02162327 0.08142377 0.3458796  0.00069255 0.00858127 0.3117887
 0.2300109 ]",[0.00690238 0.14279506 0.00547211 0.8448304 ],[9.9998820e-01 1.1774567e-05],"[1.2835008e-07 9.7303728e-06 7.5162053e-03 6.5541440e-01 3.3013588e-01
 6.8886536e-03 3.4000273e-05 9.9268163e-07 2.1652383e-08]",1,Others,20-39
/scratch/project_462000771/mengting/projects/bias/Wan2.1/prompt2/selected_faces/detected_person/person_0611_face0.png,White,White,Male,30-39,"[9.3631423e-01 1.1482305e-03 2.6928393e-02 6.0528262e-05 2.4186572e-04
 1.0138940e-03 3.4292925e-02]",[9.9964702e-01 6.2955114e-05 3.1786432e-05 2.5821204e-04],[9.9977517e-01 2.2484698e-04],"[5.2730286e-07 1.0345945e-05 9.2212926e-04 3.3498937e-01 6.1790073e-01
 4.5658149e-02 5.0517236e-04 1.2984305e-05 6.1901216e-07]",1,White,20-39
/scratch/project_462000771/mengting/projects/bias/Wan2.1/prompt2/selected_faces/detected_person/person_0612_face0.png,White,White,Male,30-39,"[0.59894025 0.00223962 0.33637303 0.00090189 0.00290633 0.01495899
 0.04367994]",[0.82835555 0.02617532 0.01178914 0.13367993],[9.9921542e-01 7.8460266e-04],"[2.5054658e-07 7.2039452e-06 1.2286062e-03 2.0955585e-01 7.2361958e-01
 6.5131642e-02 4.5337202e-04 3.5207181e-06 7.5123765e-08]",0,White,20-39
/scratch/project_462000771/mengting/projects/bias/Wan2.1/prompt2/selected_faces/detected_person/person_0613_face0.png,White,White,Male,30-39,"[4.3662450e-01 9.9866513e-05 1.7700200e-01 6.5245444e-04 1.9085107e-03
 1.4259686e-03 3.8228676e-01]",[9.7659642e-01 1.2326751e-04 3.4282149e-03 1.9852094e-02],[0.99881774 0.00118228],"[4.9491661e-07 7.5532334e-06 2.8809079e-03 2.0596071e-01 6.8630284e-01
 1.0367796e-01 1.1564497e-03 1.2703161e-05 2.9971292e-07]",1,White,20-39
/scratch/project_462000771/mengting/projects/bias/Wan2.1/prompt2/selected_faces/detected_person/person_0614_face0.png,Black,Black,Male,30-39,"[2.5960251e-03 7.8228468e-01 5.7981294e-02 4.1935666e-04 7.9455487e-03
 9.4780125e-02 5.3992953e-02]",[3.40014114e-04 8.72377217e-01 2.55374499e-02 1.01745345e-01],[9.9936616e-01 6.3382479e-04],"[2.5132636e-07 7.9880574e-06 3.0166011e-03 3.2019761e-01 5.9385628e-01
 7.9631947e-02 3.1340676e-03 1.4436926e-04 1.0825418e-05]",0,Black,20-39
/scratch/project_462000771/mengting/projects/bias/Wan2.1/prompt2/selected_faces/detected_person/person_0615_face0.png,White,White,Female,40-49,"[4.1759765e-01 9.0605623e-05 1.7871884e-01 1.0462514e-03 9.4550825e-04
 2.8749844e-03 3.9872611e-01]",[0.97188234 0.00169523 0.00963749 0.01678496],[4.070146e-06 9.999959e-01],"[3.7513491e-08 8.5016302e-07 1.2605987e-04 1.0152977e-02 2.0771904e-01
 6.4911926e-01 1.2947795e-01 3.3744471e-03 2.9459845e-05]",0,White,40-59
/scratch/project_462000771/mengting/projects/bias/Wan2.1/prompt2/selected_faces/detected_person/person_0616_face0.png,White,White,Male,30-39,"[6.8682081e-01 1.1316105e-03 7.1768716e-02 1.3866242e-04 4.6703496e-04
 2.4213947e-03 2.3725176e-01]",[9.33118880e-01 1.18359225e-02 2.33210128e-04 5.48119545e-02],[9.999982e-01 1.801712e-06],"[9.1191175e-08 2.8894026e-06 3.7094377e-04 1.6029917e-01 7.7474570e-01
 6.4272434e-02 3.0743601e-04 1.3755426e-06 2.4844079e-08]",1,White,20-39
/scratch/project_462000771/mengting/projects/bias/Wan2.1/prompt2/selected_faces/detected_person/person_0617_face0.png,Latino_Hispanic,White,Female,20-29,"[2.4712637e-01 5.0873205e-04 5.9716845e-01 2.1040775e-02 8.7978579e-03
 3.3993006e-02 9.1364749e-02]",[0.81809974 0.00517993 0.01808151 0.1586389 ],[0.00137005 0.99863   ],"[9.6876702e-09 1.5549140e-05 7.5322084e-02 8.2931286e-01 9.3765900e-02
 1.5775148e-03 5.9435624e-06 1.6361561e-07 3.4269982e-09]",2,Others,20-39
/scratch/project_462000771/mengting/projects/bias/Wan2.1/prompt2/selected_faces/detected_person/person_0618_face0.png,Latino_Hispanic,White,Female,20-29,"[2.3126420e-01 2.1968099e-04 7.1761537e-01 1.0464479e-02 8.0415681e-03
 6.7497934e-03 2.5644824e-02]",[0.7426001  0.00417012 0.24692374 0.00630608],[3.1574185e-05 9.9996841e-01],"[4.5140961e-08 1.3029311e-04 6.8976052e-02 6.8705720e-01 2.3893037e-01
 4.8923888e-03 1.3497910e-05 2.3325732e-07 2.8657723e-09]",1,Others,20-39
/scratch/project_462000771/mengting/projects/bias/Wan2.1/prompt2/selected_faces/detected_person/person_0620_face0.png,East Asian,Asian,Female,20-29,"[4.9573014e-04 2.4038477e-06 1.6239984e-03 9.0818435e-01 8.9574285e-02
 9.7055199e-05 2.2163978e-05]",[1.0780283e-03 8.3059189e-05 9.9852842e-01 3.1048924e-04],[0.1559964 0.8440036],"[3.5675935e-08 1.3559642e-05 4.6078850e-02 7.4238753e-01 2.0484971e-01
 6.6067306e-03 5.8871115e-05 4.7233607e-06 7.9770700e-08]",1,Asian,20-39
/scratch/project_462000771/mengting/projects/bias/Wan2.1/prompt2/selected_faces/detected_person/person_0621_face0.png,East Asian,Asian,Female,20-29,"[2.8762131e-03 3.6061002e-04 3.1057501e-02 7.0689058e-01 2.5640100e-01
 2.1597794e-03 2.5433424e-04]",[0.00925857 0.00855789 0.9748552  0.00732834],[0.09062872 0.9093713 ],"[6.7322752e-08 4.1842330e-05 5.3981580e-02 7.3874849e-01 1.9885392e-01
 8.2931146e-03 7.5999444e-05 4.7809940e-06 1.6706024e-07]",0,Asian,20-39
/scratch/project_462000771/mengting/projects/bias/Wan2.1/prompt2/selected_faces/detected_person/person_0622_face0.png,White,White,Male,20-29,"[0.89155716 0.01273756 0.05749173 0.00280138 0.00228971 0.00756937
 0.02555315]",[0.8276813  0.01936166 0.09961575 0.05334128],[0.99862784 0.00137213],"[3.4748716e-06 2.9547856e-04 3.3979844e-02 6.8078411e-01 2.7115101e-01
 1.3559424e-02 2.1982448e-04 6.3075154e-06 5.1953720e-07]",0,White,20-39
/scratch/project_462000771/mengting/projects/bias/Wan2.1/prompt2/selected_faces/detected_person/person_0623_face0.png,White,White,Male,30-39,"[9.4332302e-01 1.3705490e-04 2.1417035e-02 4.4233131e-04 5.8577606e-04
 2.3843374e-03 3.1710472e-02]",[0.920914   0.00097143 0.01429313 0.06382144],[9.9975711e-01 2.4281772e-04],"[4.0185711e-07 5.9398112e-06 1.1495415e-03 2.1805871e-01 6.6655916e-01
 1.1227464e-01 1.9200458e-03 3.0533873e-05 1.0079561e-06]",1,White,20-39
/scratch/project_462000771/mengting/projects/bias/Wan2.1/prompt2/selected_faces/detected_person/person_0624_face0.png,East Asian,Asian,Female,20-29,"[4.2703046e-05 3.2439968e-06 5.8867736e-05 9.5413691e-01 4.5745861e-02
 1.0732204e-05 1.7481335e-06]",[2.8422281e-05 3.2328182e-05 9.9992722e-01 1.1959268e-05],[0.02357801 0.97642195],"[1.1381410e-06 1.6171826e-04 1.8919452e-01 7.0112836e-01 1.0320024e-01
 6.1782198e-03 1.1677086e-04 1.8270364e-05 7.1730256e-07]",0,Asian,20-39
/scratch/project_462000771/mengting/projects/bias/Wan2.1/prompt2/selected_faces/detected_person/person_0625_face0.png,White,White,Male,30-39,"[9.4789398e-01 2.5946409e-05 2.6222605e-03 6.2778615e-04 4.7719351e-04
 1.7051439e-04 4.8182275e-02]",[9.9839789e-01 3.0983603e-05 1.4053569e-03 1.6572449e-04],[9.9989372e-01 1.0627295e-04],"[4.57680062e-06 3.97639124e-05 1.15831511e-03 1.53342009e-01
 6.91039324e-01 1.52999505e-01 1.40299171e-03 1.27530675e-05
 8.34601792e-07]",1,White,20-39
/scratch/project_462000771/mengting/projects/bias/Wan2.1/prompt2/selected_faces/detected_person/person_0626_face0.png,Black,Black,Male,30-39,"[2.4056824e-06 9.9631357e-01 1.5017259e-04 5.2767314e-06 3.7262629e-04
 3.1544596e-03 1.5045828e-06]",[5.5223068e-06 9.9935520e-01 7.4645766e-05 5.6466833e-04],[9.9999064e-01 9.3688077e-06],"[3.6413654e-09 3.1263889e-07 4.5363817e-04 4.3117231e-01 5.4610521e-01
 2.2065070e-02 2.0212200e-04 1.2291110e-06 6.9537521e-08]",1,Black,20-39
/scratch/project_462000771/mengting/projects/bias/Wan2.1/prompt2/selected_faces/detected_person/person_0628_face0.png,Middle Eastern,White,Female,20-29,"[0.298659   0.00165346 0.26056132 0.00066236 0.00101406 0.00320758
 0.43424216]",[0.9897926  0.00425809 0.00272112 0.0032281 ],[0.21441273 0.78558725],"[2.2373446e-07 3.5148486e-04 3.0951348e-01 6.3404107e-01 5.4992925e-02
 1.0949671e-03 5.6877088e-06 1.6296055e-07 7.6206401e-09]",1,White,20-39
/scratch/project_462000771/mengting/projects/bias/Wan2.1/prompt2/selected_faces/detected_person/person_0629_face0.png,White,White,Male,30-39,"[5.6908274e-01 1.3523390e-04 2.0224814e-01 2.3594294e-02 1.7137114e-02
 1.6220782e-02 1.7158167e-01]",[8.6317289e-01 8.8255125e-05 1.0496378e-01 3.1774983e-02],[9.9998349e-01 1.6526772e-05],"[3.1359950e-06 2.7777851e-05 5.5741839e-04 6.1338235e-02 7.1875423e-01
 2.1543871e-01 3.8444498e-03 3.5655768e-05 3.7215281e-07]",1,White,20-39
/scratch/project_462000771/mengting/projects/bias/Wan2.1/prompt2/selected_faces/detected_person/person_0630_face0.png,White,White,Male,20-29,"[9.38115180e-01 2.55346413e-06 1.49677331e-02 9.34300188e-05
 1.11725065e-04 6.99106837e-04 4.60102186e-02]",[9.9819624e-01 1.5716003e-05 5.8032497e-04 1.2076634e-03],[0.99239737 0.00760269],"[1.0006081e-08 3.0506935e-06 4.4940054e-02 8.2488537e-01 1.2805159e-01
 2.1145476e-03 5.3088006e-06 8.4419597e-08 1.6767255e-09]",1,White,20-39
/scratch/project_462000771/mengting/projects/bias/Wan2.1/prompt2/selected_faces/detected_person/person_0631_face0.png,Black,Black,Female,20-29,"[1.5990046e-05 9.8696923e-01 1.2220055e-03 6.0322227e-06 2.3448699e-04
 1.1545351e-02 6.9216917e-06]",[1.3137483e-05 9.8959237e-01 9.3744507e-05 1.0300749e-02],[7.7839824e-04 9.9922156e-01],"[1.00958395e-07 8.85015179e-04 3.20533991e-01 6.46832705e-01
 3.14933509e-02 2.53723876e-04 1.07814537e-06 1.20091137e-08
 2.12479145e-10]",1,Black,20-39
/scratch/project_462000771/mengting/projects/bias/Wan2.1/prompt2/selected_faces/detected_person/person_0632_face0.png,White,White,Female,40-49,"[9.9915951e-01 5.9791938e-07 4.1682727e-04 7.6516301e-07 1.2266129e-06
 9.7290176e-06 4.1137211e-04]",[9.9961323e-01 2.2592269e-05 4.2079169e-05 3.2208770e-04],[0.00290152 0.9970985 ],"[5.0162242e-08 1.1338717e-06 1.1623093e-04 7.5000594e-03 1.4744146e-01
 6.4919829e-01 1.9063732e-01 4.7544539e-03 3.5100762e-04]",0,White,40-59
/scratch/project_462000771/mengting/projects/bias/Wan2.1/prompt2/selected_faces/detected_person/person_0633_face0.png,East Asian,Asian,Female,30-39,"[9.9059124e-04 2.9866311e-05 6.3394480e-03 8.0724800e-01 1.8313968e-01
 1.9454273e-03 3.0697923e-04]",[5.5820905e-03 8.6369301e-04 9.9016756e-01 3.3865841e-03],[2.7795366e-04 9.9972206e-01],"[8.7325965e-08 4.6150149e-06 1.9644990e-03 1.8986237e-01 6.1585939e-01
 1.8310487e-01 8.5956594e-03 6.0191069e-04 6.5548179e-06]",0,Asian,20-39
/scratch/project_462000771/mengting/projects/bias/Wan2.1/prompt2/selected_faces/detected_person/person_0634_face0.png,White,White,Male,30-39,"[9.5841211e-01 1.2282055e-04 1.3284351e-02 9.2086157e-05 1.8478198e-04
 2.6481066e-04 2.7639076e-02]",[9.9491715e-01 2.4172445e-05 8.8722620e-04 4.1714213e-03],[9.9977303e-01 2.2696459e-04],"[1.0406923e-06 1.1417229e-05 4.7649935e-04 1.0437276e-01 6.6351527e-01
 2.2504246e-01 6.4959256e-03 8.2262792e-05 2.4703395e-06]",0,White,20-39
/scratch/project_462000771/mengting/projects/bias/Wan2.1/prompt2/selected_faces/detected_person/person_0635_face0.png,White,White,Female,20-29,"[6.9196796e-01 1.2923062e-03 2.8766319e-01 1.1786352e-03 6.0116750e-04
 8.7026060e-03 8.5941032e-03]",[0.91497254 0.01763843 0.00170255 0.06568651],[0.03850001 0.9615    ],"[1.1347247e-08 6.0846028e-06 2.6424373e-02 6.8140888e-01 2.8314310e-01
 8.9871725e-03 2.9915178e-05 4.6384881e-07 1.5708228e-08]",2,White,20-39
/scratch/project_462000771/mengting/projects/bias/Wan2.1/prompt2/selected_faces/detected_person/person_0636_face0.png,Latino_Hispanic,White,Female,30-39,"[0.16319108 0.03231047 0.70154136 0.00220454 0.00562113 0.02211214
 0.07301924]",[0.6684571  0.05805355 0.02139656 0.25209275],[0.02152718 0.9784728 ],"[2.8200136e-06 5.4353941e-04 4.3996301e-02 4.4404757e-01 4.5609701e-01
 5.3960595e-02 1.3103758e-03 3.9399372e-05 2.3179330e-06]",1,Others,20-39
/scratch/project_462000771/mengting/projects/bias/Wan2.1/prompt2/selected_faces/detected_person/person_0637_face0.png,White,White,Male,20-29,"[7.4162507e-01 2.4252725e-04 1.6260521e-01 2.7690284e-04 7.1240473e-04
 2.4839027e-02 6.9698930e-02]",[9.0737909e-01 8.4179954e-04 1.5598438e-03 9.0219259e-02],[9.9985987e-01 1.4011175e-04],"[5.34402034e-07 3.78237055e-05 1.05756745e-02 6.72402263e-01
 3.08677971e-01 8.26202985e-03 4.31538028e-05 5.78131164e-07
 2.39208102e-08]",1,White,20-39
/scratch/project_462000771/mengting/projects/bias/Wan2.1/prompt2/selected_faces/detected_person/person_0638_face0.png,White,White,Male,30-39,"[4.1827005e-01 2.4216098e-03 2.6765713e-01 2.3552956e-04 6.7828264e-04
 9.4077677e-02 2.1665972e-01]",[8.4038413e-01 1.0021789e-03 4.6427635e-04 1.5814939e-01],[9.9999279e-01 7.2060566e-06],"[3.0850895e-06 1.2573404e-05 3.5733363e-04 5.4326601e-02 6.2259603e-01
 3.1267264e-01 9.8920511e-03 1.3676475e-04 2.9018931e-06]",1,White,20-39
/scratch/project_462000771/mengting/projects/bias/Wan2.1/prompt2/selected_faces/detected_person/person_0639_face0.png,Black,Black,Male,20-29,"[2.80369350e-05 9.46104705e-01 2.07397481e-03 1.14413015e-05
 6.56156742e-04 5.10322824e-02 9.34032432e-05]",[2.8319349e-05 9.4707042e-01 2.3827606e-04 5.2662987e-02],[9.999905e-01 9.533783e-06],"[4.2207816e-07 6.2946950e-05 1.1371911e-02 7.7767229e-01 2.0875348e-01
 2.1340996e-03 4.7849462e-06 6.7059638e-08 3.6017627e-09]",0,Black,20-39
/scratch/project_462000771/mengting/projects/bias/Wan2.1/prompt2/selected_faces/detected_person/person_0640_face0.png,White,White,Male,20-29,"[8.6901152e-01 4.6344790e-05 3.8256977e-02 3.6340116e-03 2.5022689e-03
 2.5817046e-03 8.3967164e-02]",[0.9796196  0.00109261 0.00552866 0.01375909],[0.70058113 0.29941887],"[4.5323755e-08 5.5871274e-06 4.6833991e-03 5.5146259e-01 4.2130941e-01
 2.2394316e-02 1.4091545e-04 3.5470448e-06 1.9491340e-07]",0,White,20-39
/scratch/project_462000771/mengting/projects/bias/Wan2.1/prompt2/selected_faces/detected_person/person_0641_face0.png,Black,Black,Male,30-39,"[7.3120077e-06 9.9875498e-01 1.9683404e-04 2.2838594e-07 5.0361659e-06
 1.0249073e-03 1.0669317e-05]",[2.8146282e-05 9.9660957e-01 1.2089972e-05 3.3502309e-03],[9.9995136e-01 4.8664464e-05],"[1.7321787e-05 2.9549169e-04 6.6599171e-03 1.3929522e-01 5.1887316e-01
 3.0146757e-01 3.2924682e-02 4.4742765e-04 1.9216068e-05]",1,Black,20-39
/scratch/project_462000771/mengting/projects/bias/Wan2.1/prompt2/selected_faces/detected_person/person_0642_face0.png,Indian,Indian,Male,20-29,"[3.1331745e-03 6.4613767e-02 1.4640942e-01 2.8185081e-04 7.5727804e-03
 7.7581257e-01 2.1764385e-03]",[0.00322095 0.34048206 0.00211716 0.6541798 ],[9.9952602e-01 4.7400728e-04],"[5.0524495e-08 9.6569966e-06 2.5313906e-02 8.0864650e-01 1.6230832e-01
 3.6908265e-03 3.0097079e-05 6.7682498e-07 1.4229739e-08]",1,Others,20-39
/scratch/project_462000771/mengting/projects/bias/Wan2.1/prompt2/selected_faces/detected_person/person_0643_face0.png,Latino_Hispanic,Indian,Male,20-29,"[0.05044497 0.00117674 0.7121124  0.00382589 0.01402735 0.20094168
 0.0174709 ]",[0.29629412 0.01953461 0.08908352 0.5950877 ],[0.9103311 0.0896689],"[4.99558780e-07 1.95269211e-04 1.10954963e-01 7.75498927e-01
 1.11727335e-01 1.61657168e-03 6.21903109e-06 2.00693307e-07
 5.24638644e-09]",1,Others,20-39
/scratch/project_462000771/mengting/projects/bias/Wan2.1/prompt2/selected_faces/detected_person/person_0644_face0.png,East Asian,Asian,Female,20-29,"[1.7472310e-02 5.0329219e-04 8.0691591e-02 6.6882640e-01 2.2378817e-01
 3.3458518e-03 5.3723687e-03]",[7.9872543e-03 1.5479227e-02 9.7626245e-01 2.7106298e-04],[0.00384595 0.99615407],"[1.4012670e-07 7.6487646e-05 7.0084125e-02 8.0510420e-01 1.2148911e-01
 3.2135646e-03 2.9546311e-05 2.7444321e-06 1.1308589e-07]",1,Asian,20-39
/scratch/project_462000771/mengting/projects/bias/Wan2.1/prompt2/selected_faces/detected_person/person_0645_face0.png,Latino_Hispanic,Black,Female,20-29,"[0.01842659 0.1448646  0.38981366 0.05110468 0.27493528 0.11848356
 0.00237161]",[0.07530686 0.76541567 0.09634716 0.06293029],[0.21942668 0.78057337],"[3.0132599e-06 4.4231662e-03 3.4786707e-01 6.1568516e-01 3.1181796e-02
 8.3169108e-04 7.2155131e-06 7.2397449e-07 8.6633079e-08]",0,Others,20-39
/scratch/project_462000771/mengting/projects/bias/Wan2.1/prompt2/selected_faces/detected_person/person_0646_face0.png,Latino_Hispanic,White,Male,20-29,"[0.25783226 0.05276856 0.52066576 0.00885346 0.02284839 0.04657222
 0.09045936]",[0.7045428  0.11232575 0.12449139 0.05864003],[0.9979096  0.00209039],"[4.1647404e-06 7.3917763e-05 1.4240257e-02 5.3059757e-01 4.2035198e-01
 3.4053832e-02 6.5926404e-04 1.7859737e-05 1.2077394e-06]",1,Others,20-39
/scratch/project_462000771/mengting/projects/bias/Wan2.1/prompt2/selected_faces/detected_person/person_0647_face0.png,White,White,Male,30-39,"[7.7267325e-01 2.0184131e-04 3.1240238e-02 1.5220393e-05 1.4324088e-04
 5.4689366e-03 1.9025731e-01]",[9.8918301e-01 4.0222902e-05 4.0978823e-05 1.0735746e-02],[0.9989491  0.00105093],"[8.1352240e-08 7.3856741e-06 1.5756622e-03 2.2499827e-01 7.2148991e-01
 5.1715076e-02 2.1214980e-04 1.4579063e-06 3.6135244e-08]",0,White,20-39
/scratch/project_462000771/mengting/projects/bias/Wan2.1/prompt2/selected_faces/detected_person/person_0648_face0.png,Black,Black,Male,30-39,"[2.31515500e-03 8.67377520e-01 2.08609384e-02 1.05526451e-05
 2.66655203e-04 1.05113804e-01 4.05532913e-03]",[7.6109584e-04 9.7638696e-01 3.4123557e-04 2.2510665e-02],[9.9960965e-01 3.9030789e-04],"[1.5961582e-08 1.0987459e-06 1.3929184e-03 2.8776798e-01 6.7873913e-01
 3.1861600e-02 2.3501182e-04 2.1583267e-06 5.2814542e-08]",0,Black,20-39
/scratch/project_462000771/mengting/projects/bias/Wan2.1/prompt2/selected_faces/detected_person/person_0649_face0.png,White,White,Male,30-39,"[9.8398370e-01 3.4353108e-04 6.3887550e-03 1.0979781e-05 3.3522098e-05
 2.8522918e-03 6.3871769e-03]",[9.9449986e-01 2.9233180e-04 1.4057517e-05 5.1937816e-03],[9.995878e-01 4.121837e-04],"[1.4103782e-07 4.7198023e-06 3.8982299e-04 2.1503839e-01 7.3332161e-01
 5.0838083e-02 4.0367906e-04 3.4407490e-06 1.3781944e-07]",1,White,20-39
/scratch/project_462000771/mengting/projects/bias/Wan2.1/prompt2/selected_faces/detected_person/person_0650_face0.png,Black,Black,Male,30-39,"[3.93968577e-07 9.99962866e-01 1.05923455e-05 7.83196228e-08
 2.20850529e-06 2.34175313e-05 5.25063570e-07]",[4.7872873e-06 9.9957120e-01 1.6168904e-04 2.6227889e-04],[9.9997741e-01 2.2631157e-05],"[1.4976672e-07 4.0056289e-06 1.3328700e-03 2.8769198e-01 6.1796594e-01
 9.1371909e-02 1.6205299e-03 1.1936414e-05 7.2548374e-07]",1,Black,20-39
/scratch/project_462000771/mengting/projects/bias/Wan2.1/prompt2/selected_faces/detected_person/person_0651_face0.png,Black,Black,Male,30-39,"[5.1193766e-08 9.9994439e-01 1.3802213e-06 9.8492647e-10 2.8332911e-08
 5.4047174e-05 9.7118928e-08]",[8.0281993e-08 9.9998468e-01 2.3207571e-07 1.4925008e-05],[9.9999410e-01 5.8947644e-06],"[1.9934132e-09 5.1732633e-07 1.2800739e-03 4.2762297e-01 5.5008930e-01
 2.0936631e-02 7.0208276e-05 2.8170678e-07 6.0610508e-09]",1,Black,20-39
/scratch/project_462000771/mengting/projects/bias/Wan2.1/prompt2/selected_faces/detected_person/person_0652_face0.png,White,White,Male,20-29,"[5.8736855e-01 7.8899699e-05 2.1057373e-01 1.0539093e-04 4.2098408e-04
 3.5683878e-02 1.6576844e-01]",[9.8827600e-01 1.1622717e-05 1.0787925e-03 1.0633593e-02],[9.9999756e-01 2.4376529e-06],"[1.0288895e-06 4.7912490e-05 1.4225641e-02 5.4768872e-01 4.2126161e-01
 1.6717309e-02 5.6845722e-05 8.7664415e-07 1.3392886e-08]",0,White,20-39
/scratch/project_462000771/mengting/projects/bias/Wan2.1/prompt2/selected_faces/detected_person/person_0653_face0.png,Black,Black,Male,30-39,"[8.5393333e-07 9.9992466e-01 2.5071196e-05 3.8673477e-08 2.0008511e-06
 4.6402365e-05 8.8806138e-07]",[1.0842776e-06 9.9998432e-01 3.8077733e-06 1.0743867e-05],[9.9999851e-01 1.4987279e-06],"[3.6610579e-08 2.5393167e-06 4.5323058e-04 2.4308170e-01 6.8347800e-01
 7.2061256e-02 9.2015829e-04 3.0260510e-06 8.8314124e-08]",0,Black,20-39
/scratch/project_462000771/mengting/projects/bias/Wan2.1/prompt2/selected_faces/detected_person/person_0654_face0.png,White,White,Female,20-29,"[9.11160231e-01 1.15398776e-04 5.72165288e-02 1.00111547e-05
 2.36380802e-05 8.92037351e-04 3.05821113e-02]",[9.9830508e-01 1.9235317e-04 8.9387904e-05 1.4133173e-03],[2.1739275e-04 9.9978262e-01],"[1.6877397e-08 3.6325629e-05 3.7422240e-02 6.1695445e-01 3.3199072e-01
 1.3526889e-02 6.8474495e-05 9.1281993e-07 3.1999033e-08]",1,White,20-39
/scratch/project_462000771/mengting/projects/bias/Wan2.1/prompt2/selected_faces/detected_person/person_0655_face0.png,White,White,Male,20-29,"[9.9990737e-01 4.1496378e-07 2.1364773e-05 4.6320881e-07 1.3250170e-06
 3.0890244e-06 6.5967477e-05]",[9.9995977e-01 6.7551678e-06 1.6780048e-05 1.6678081e-05],[9.9998909e-01 1.0929473e-05],"[1.53232691e-07 5.35447616e-05 3.81495478e-03 5.95163107e-01
 3.90085518e-01 1.08365305e-02 4.60042575e-05 1.82619203e-07
 1.28209514e-08]",1,White,20-39
/scratch/project_462000771/mengting/projects/bias/Wan2.1/prompt2/selected_faces/detected_person/person_0656_face0.png,White,White,Male,30-39,"[5.0876927e-01 3.5147456e-04 1.6172490e-01 5.8363483e-04 1.2913822e-03
 1.4077922e-02 3.1320143e-01]",[0.7712349  0.0026849  0.00276675 0.22331345],[0.98257065 0.01742932],"[1.4666102e-07 3.3951403e-06 4.9190493e-03 3.9399749e-01 5.4787380e-01
 5.1917985e-02 1.2478784e-03 3.7764152e-05 2.5730083e-06]",1,White,20-39
/scratch/project_462000771/mengting/projects/bias/Wan2.1/prompt2/selected_faces/detected_person/person_0657_face0.png,Middle Eastern,Indian,Female,20-29,"[6.4253360e-02 1.8531205e-04 2.2161205e-01 3.1973358e-04 5.0383835e-04
 2.7981287e-02 6.8514442e-01]",[0.24632365 0.00179186 0.00106417 0.75082034],[2.3612172e-04 9.9976391e-01],"[6.9881301e-09 1.8351688e-05 9.2234589e-02 8.2184899e-01 8.5106194e-02
 7.8980590e-04 2.0336192e-06 4.5018083e-08 9.4163577e-10]",2,Others,20-39
/scratch/project_462000771/mengting/projects/bias/Wan2.1/prompt2/selected_faces/detected_person/person_0658_face0.png,White,White,Male,30-39,"[0.78065395 0.00141693 0.06487897 0.00226964 0.00192695 0.00215534
 0.14669827]",[9.9729532e-01 4.8842537e-04 7.0865767e-04 1.5075813e-03],[0.8903451  0.10965492],"[7.9324457e-07 2.0054444e-05 6.9893119e-03 4.0377948e-01 5.0770396e-01
 7.6566197e-02 4.5886226e-03 3.1407314e-04 3.7499969e-05]",1,White,20-39
/scratch/project_462000771/mengting/projects/bias/Wan2.1/prompt2/selected_faces/detected_person/person_0659_face0.png,Black,Black,Male,20-29,"[2.9785484e-08 9.9999738e-01 2.6209759e-07 2.0236544e-09 6.0338039e-08
 2.3223520e-06 1.9280561e-08]",[5.1242017e-07 9.9998850e-01 2.5890852e-06 8.3150799e-06],[9.9999869e-01 1.3252193e-06],"[4.6302461e-08 1.2137234e-05 5.0349385e-03 5.5627298e-01 4.1607514e-01
 2.2440687e-02 1.6323433e-04 7.2425229e-07 6.0488063e-08]",1,Black,20-39
/scratch/project_462000771/mengting/projects/bias/Wan2.1/prompt2/selected_faces/detected_person/person_0660_face0.png,Black,Black,Male,20-29,"[6.0528123e-07 9.9994063e-01 8.4089024e-06 9.0346781e-08 1.7738089e-06
 4.7992482e-05 5.5505262e-07]",[3.1901104e-07 9.9998826e-01 2.3058537e-06 9.0828498e-06],[9.9998748e-01 1.2528383e-05],"[6.0428384e-08 1.1742178e-05 1.3303401e-02 6.6976070e-01 2.9878756e-01
 1.7933190e-02 2.0053011e-04 2.7028727e-06 1.8259664e-07]",1,Black,20-39
/scratch/project_462000771/mengting/projects/bias/Wan2.1/prompt2/selected_faces/detected_person/person_0661_face0.png,Indian,Indian,Female,20-29,"[2.9573677e-02 4.8676957e-03 3.9448011e-01 2.8130788e-05 1.5973332e-04
 5.6825811e-01 2.6325956e-03]",[1.0981410e-01 1.6922751e-02 1.9959483e-04 8.7306350e-01],[4.9187615e-06 9.9999505e-01],"[2.1392503e-09 1.8669048e-06 1.2362495e-02 6.8882620e-01 2.9039615e-01
 8.3317030e-03 8.0951075e-05 7.0414836e-07 3.9498422e-09]",2,Others,20-39
/scratch/project_462000771/mengting/projects/bias/Wan2.1/prompt2/selected_faces/detected_person/person_0662_face0.png,East Asian,Asian,Male,20-29,"[3.1883054e-04 1.0126887e-04 2.9901781e-03 7.2375453e-01 2.7235371e-01
 4.4831299e-04 3.3212233e-05]",[6.1132386e-04 1.5011849e-04 9.9885142e-01 3.8717117e-04],[0.99682665 0.00317333],"[8.6894823e-07 1.1668842e-03 3.5070354e-01 6.1903030e-01 2.8410884e-02
 6.8118691e-04 5.6354465e-06 6.5408562e-07 2.3692451e-08]",1,Asian,20-39
/scratch/project_462000771/mengting/projects/bias/Wan2.1/prompt2/selected_faces/detected_person/person_0663_face0.png,Latino_Hispanic,Indian,Female,20-29,"[0.07909033 0.00682057 0.64245296 0.00087834 0.00418354 0.22919045
 0.03738381]",[0.31975335 0.132055   0.0055831  0.54260856],[4.1512765e-05 9.9995846e-01],"[6.9938215e-09 1.6295005e-05 5.2134883e-02 8.0750269e-01 1.3896421e-01
 1.3780989e-03 3.8201638e-06 4.2461298e-08 4.9788740e-10]",0,Others,20-39
/scratch/project_462000771/mengting/projects/bias/Wan2.1/prompt2/selected_faces/detected_person/person_0664_face0.png,Indian,Black,Female,20-29,"[5.7282782e-04 1.4025371e-01 3.6907338e-02 2.3900359e-03 9.2082217e-02
 7.2750860e-01 2.8528381e-04]",[0.0052294  0.6511162  0.02168317 0.3219712 ],[3.1495394e-05 9.9996847e-01],"[8.4546565e-09 6.3354222e-05 9.4855294e-02 8.5346454e-01 5.1034734e-02
 5.8099726e-04 1.1250714e-06 1.7924012e-08 4.9809434e-10]",0,Others,20-39
/scratch/project_462000771/mengting/projects/bias/Wan2.1/prompt2/selected_faces/detected_person/person_0665_face0.png,White,White,Male,20-29,"[9.0677732e-01 1.5194008e-04 5.0872114e-02 1.5096734e-06 7.8142584e-06
 5.5351560e-03 3.6654204e-02]",[9.9426615e-01 2.4068018e-04 3.3164783e-05 5.4600034e-03],[9.9997950e-01 2.0515932e-05],"[1.5840454e-08 1.8163336e-06 3.0573779e-03 7.2347230e-01 2.7092645e-01
 2.5376151e-03 4.4810572e-06 2.4819826e-08 4.6980869e-10]",1,White,20-39
/scratch/project_462000771/mengting/projects/bias/Wan2.1/prompt2/selected_faces/detected_person/person_0666_face0.png,White,White,Female,20-29,"[6.9469416e-01 1.4423446e-05 2.1975558e-01 1.8327441e-03 9.3990570e-04
 1.7603929e-03 8.1002824e-02]",[9.9247336e-01 3.9011889e-04 2.0289083e-03 5.1076408e-03],[3.5025162e-04 9.9964970e-01],"[4.7457437e-08 9.5949445e-06 1.3568955e-02 5.9969443e-01 3.6486772e-01
 2.1601185e-02 2.5387298e-04 4.1725011e-06 3.2933308e-08]",2,White,20-39
/scratch/project_462000771/mengting/projects/bias/Wan2.1/prompt2/selected_faces/detected_person/person_0667_face0.png,Black,Black,Female,20-29,"[3.6882554e-04 9.7383088e-01 1.0029298e-02 5.2041269e-04 4.6436442e-03
 1.0183790e-02 4.2321932e-04]",[4.6147248e-05 9.9419612e-01 3.4597743e-04 5.4118093e-03],[3.3730513e-04 9.9966264e-01],"[1.0612645e-07 3.7267877e-05 1.4383384e-02 5.9697056e-01 3.6418021e-01
 2.3884693e-02 5.3437875e-04 9.2845930e-06 1.2190350e-07]",2,Black,20-39
/scratch/project_462000771/mengting/projects/bias/Wan2.1/prompt2/selected_faces/detected_person/person_0668_face0.png,East Asian,Asian,Male,20-29,"[0.43779135 0.00077088 0.02033754 0.4679296  0.06351689 0.00546356
 0.0041902 ]",[0.2155058  0.00172163 0.76908356 0.01368906],[9.9986988e-01 1.3006841e-04],"[3.0600083e-07 1.2206304e-05 6.3397526e-03 6.1926574e-01 3.6607218e-01
 8.2641747e-03 4.3791817e-05 1.7349375e-06 4.3152479e-08]",1,Asian,20-39
/scratch/project_462000771/mengting/projects/bias/Wan2.1/prompt2/selected_faces/detected_person/person_0669_face0.png,Middle Eastern,White,Male,20-29,"[2.9283667e-01 3.2749097e-03 3.3212063e-01 1.6048805e-04 6.2982808e-04
 2.3031818e-02 3.4794566e-01]",[0.81308335 0.00743929 0.00318875 0.17628866],[9.9996811e-01 3.1876243e-05],"[3.5818612e-08 3.0889457e-06 7.5773294e-03 8.3126014e-01 1.5936549e-01
 1.7857703e-03 7.9715501e-06 1.1989250e-07 2.9147094e-09]",1,Others,20-39
/scratch/project_462000771/mengting/projects/bias/Wan2.1/prompt2/selected_faces/detected_person/person_0670_face0.png,White,White,Female,30-39,"[9.2355824e-01 7.7250179e-06 1.1449036e-02 2.2020422e-04 1.2133359e-04
 3.0913300e-04 6.4334378e-02]",[9.8699605e-01 1.7819240e-05 1.0257234e-02 2.7288864e-03],[0.00297977 0.99702024],"[5.5592233e-07 8.4152380e-05 1.0669126e-02 2.6132387e-01 5.0919205e-01
 2.1192758e-01 6.7181578e-03 8.2193888e-05 2.4196158e-06]",1,White,20-39
/scratch/project_462000771/mengting/projects/bias/Wan2.1/prompt2/selected_faces/detected_person/person_0671_face0.png,White,White,Male,20-29,"[9.9907118e-01 5.8668056e-06 2.4556578e-04 2.9505377e-06 8.0043665e-06
 1.8863266e-05 6.4747158e-04]",[9.9998605e-01 1.6316293e-06 5.2469759e-06 7.0740271e-06],[9.999957e-01 4.291031e-06],"[1.0615122e-07 2.1099793e-05 1.7510664e-02 8.4011787e-01 1.3842157e-01
 3.9062006e-03 2.2189648e-05 2.4429767e-07 1.1444232e-08]",0,White,20-39
/scratch/project_462000771/mengting/projects/bias/Wan2.1/prompt2/selected_faces/detected_person/person_0672_face0.png,Black,Black,Female,20-29,"[4.0359308e-05 9.8979008e-01 2.6440800e-03 1.5426111e-04 4.1529592e-03
 3.2100023e-03 8.3406403e-06]",[1.7887456e-05 9.9958831e-01 1.9636654e-04 1.9746528e-04],[9.488849e-05 9.999051e-01],"[1.0792198e-08 7.7529521e-06 1.2285435e-02 6.6621548e-01 3.1315055e-01
 8.2513411e-03 8.9032881e-05 4.1140311e-07 4.1156238e-09]",0,Black,20-39
/scratch/project_462000771/mengting/projects/bias/Wan2.1/prompt2/selected_faces/detected_person/person_0673_face0.png,White,White,Female,20-29,"[9.8471057e-01 1.4633754e-05 1.0451810e-02 1.9899581e-03 1.2917285e-03
 4.8021720e-05 1.4932788e-03]",[0.9138029  0.0090377  0.07019348 0.00696596],[4.3978766e-06 9.9999565e-01],"[4.7213975e-09 1.0368805e-05 1.7077463e-02 6.9365859e-01 2.8415948e-01
 5.0798077e-03 1.4196027e-05 1.3267672e-07 2.0687250e-09]",0,White,20-39
/scratch/project_462000771/mengting/projects/bias/Wan2.1/prompt2/selected_faces/detected_person/person_0674_face0.png,East Asian,Asian,Male,20-29,"[7.4795447e-04 7.0377869e-06 1.8887449e-03 8.2388157e-01 1.7317440e-01
 2.6397966e-04 3.6322101e-05]",[2.7884467e-04 3.6817048e-05 9.9893826e-01 7.4609515e-04],[9.9981356e-01 1.8648432e-04],"[3.8758608e-07 1.0247739e-03 4.8495886e-01 5.0111288e-01 1.2772213e-02
 1.3015801e-04 6.0264256e-07 8.5821981e-08 1.8556545e-09]",1,Asian,20-39
/scratch/project_462000771/mengting/projects/bias/Wan2.1/prompt2/selected_faces/detected_person/person_0675_face0.png,East Asian,Asian,Male,10-19,"[4.53932764e-04 2.12024179e-06 6.44914748e-04 9.33943629e-01
 6.48274496e-02 1.17092546e-04 1.08923432e-05]",[6.2133570e-04 3.1198175e-05 9.9909294e-01 2.5450930e-04],[0.9909499  0.00905005],"[1.6419075e-06 1.9572447e-03 5.5892086e-01 4.2862085e-01 1.0385965e-02
 1.1198380e-04 1.2536423e-06 2.0167784e-07 6.7410451e-09]",1,Asian,10-19
/scratch/project_462000771/mengting/projects/bias/Wan2.1/prompt2/selected_faces/detected_person/person_0676_face0.png,Latino_Hispanic,Black,Female,20-29,"[0.02537667 0.02479378 0.4781443  0.00064178 0.00343267 0.43885127
 0.02875951]",[0.05624861 0.8374671  0.00141731 0.10486694],[0.01530656 0.9846934 ],"[2.7755016e-08 8.7416913e-05 2.0059808e-01 7.4741036e-01 5.1369503e-02
 5.3290953e-04 1.6107267e-06 3.9217216e-08 7.3676881e-10]",0,Others,20-39
/scratch/project_462000771/mengting/projects/bias/Wan2.1/prompt2/selected_faces/detected_person/person_0677_face0.png,White,Indian,Male,20-29,"[4.2451978e-01 4.9974961e-04 2.2453582e-01 9.2518247e-05 5.9954909e-04
 2.8750589e-01 6.2246762e-02]",[0.36709732 0.00714145 0.00263192 0.6231293 ],[9.9999994e-01 5.0445944e-08],"[4.9242725e-08 8.4868088e-06 9.2836898e-03 6.8205887e-01 3.0127615e-01
 7.3481528e-03 2.4325689e-05 2.7527378e-07 5.0657696e-09]",1,White,20-39
/scratch/project_462000771/mengting/projects/bias/Wan2.1/prompt2/selected_faces/detected_person/person_0678_face0.png,Black,Black,Female,10-19,"[8.0275102e-05 9.8530269e-01 3.4087671e-03 9.6934360e-05 1.4238589e-03
 9.6309911e-03 5.6483299e-05]",[8.5076290e-06 9.9948597e-01 1.4909207e-05 4.9061980e-04],[0.1922486  0.80775136],"[2.2924562e-06 7.8682275e-03 5.1686883e-01 4.4112131e-01 3.3447903e-02
 6.7958375e-04 1.1256409e-05 6.3035515e-07 4.8914405e-08]",0,Black,10-19
/scratch/project_462000771/mengting/projects/bias/Wan2.1/prompt2/selected_faces/detected_person/person_0679_face0.png,White,White,Female,20-29,"[8.5356367e-01 2.9322098e-04 5.9190825e-02 2.2802281e-03 1.2494447e-03
 9.4792340e-04 8.2474686e-02]",[0.98299015 0.00190805 0.01289251 0.00220924],[0.01106542 0.9889346 ],"[5.4264135e-08 9.7346256e-06 1.2161506e-02 5.4043078e-01 4.0707424e-01
 3.9643377e-02 6.6293369e-04 1.6494487e-05 8.7600188e-07]",1,White,20-39
/scratch/project_462000771/mengting/projects/bias/Wan2.1/prompt2/selected_faces/detected_person/person_0680_face0.png,Black,Black,Female,20-29,"[4.2546362e-06 9.9089932e-01 5.7683937e-04 1.9997122e-05 8.0980617e-04
 7.6876553e-03 2.0967602e-06]",[1.7048862e-06 9.9868220e-01 3.1563872e-04 1.0004331e-03],[0.00559281 0.9944072 ],"[4.1214630e-08 5.8405047e-05 9.1263324e-02 7.7226537e-01 1.3294435e-01
 3.4317407e-03 3.6298930e-05 5.1706047e-07 7.4986799e-09]",0,Black,20-39
/scratch/project_462000771/mengting/projects/bias/Wan2.1/prompt2/selected_faces/detected_person/person_0681_face0.png,Black,Black,Male,30-39,"[1.3772474e-03 7.3739511e-01 1.2710586e-01 8.1483537e-04 3.3181589e-02
 9.9824935e-02 3.0044580e-04]",[9.0112671e-04 9.4828826e-01 2.2166995e-02 2.8643634e-02],[9.9982440e-01 1.7556282e-04],"[5.8220184e-07 3.0203876e-06 1.5394912e-03 3.3606911e-01 6.0708684e-01
 5.4727558e-02 5.6927546e-04 3.9781721e-06 9.8682463e-08]",0,Black,20-39
/scratch/project_462000771/mengting/projects/bias/Wan2.1/prompt2/selected_faces/detected_person/person_0682_face0.png,White,White,Male,20-29,"[8.4593272e-01 6.1295612e-04 6.6801079e-02 2.4220184e-04 4.9711380e-04
 1.9998562e-03 8.3914101e-02]",[9.9920505e-01 1.1591365e-04 3.2497646e-04 3.5409126e-04],[9.998206e-01 1.794525e-04],"[8.6039137e-07 1.8243207e-05 5.0799008e-03 5.2313447e-01 4.4224235e-01
 2.9158182e-02 3.5724169e-04 8.5008141e-06 2.4183248e-07]",1,White,20-39
/scratch/project_462000771/mengting/projects/bias/Wan2.1/prompt2/selected_faces/detected_person/person_0683_face0.png,White,White,Female,20-29,"[9.79290664e-01 1.94032982e-05 9.45777632e-03 1.04250794e-04
 7.19404270e-05 3.88360131e-05 1.10170590e-02]",[9.9808818e-01 7.0168532e-04 8.7324751e-04 3.3691886e-04],[0.00421924 0.99578077],"[1.3896880e-07 4.9207953e-05 2.8926905e-02 5.0161636e-01 4.2746809e-01
 4.0829316e-02 1.0810373e-03 2.8448663e-05 5.7185150e-07]",1,White,20-39
/scratch/project_462000771/mengting/projects/bias/Wan2.1/prompt2/selected_faces/detected_person/person_0684_face0.png,White,White,Female,20-29,"[9.86822844e-01 5.87091836e-06 7.31403846e-03 2.39200526e-05
 1.44580445e-05 5.65960945e-04 5.25280321e-03]",[9.9307173e-01 3.4889174e-04 3.3479615e-04 6.2445411e-03],[0.00203648 0.9979635 ],"[2.5026884e-08 1.7786817e-05 3.3500224e-02 7.8899258e-01 1.7062981e-01
 6.8097888e-03 4.8730515e-05 8.6944215e-07 3.8296303e-08]",1,White,20-39
/scratch/project_462000771/mengting/projects/bias/Wan2.1/prompt2/selected_faces/detected_person/person_0685_face0.png,White,White,Female,30-39,"[8.3871818e-01 2.1052527e-05 3.1392809e-02 1.1821563e-04 1.4284004e-04
 2.0688171e-03 1.2753806e-01]",[9.9262118e-01 4.0342413e-05 5.5400422e-04 6.7844330e-03],[1.5666477e-04 9.9984330e-01],"[1.0492490e-07 6.8580043e-06 2.6189717e-03 3.1483084e-01 5.4111737e-01
 1.3784705e-01 3.5178962e-03 5.9455579e-05 1.4359564e-06]",1,White,20-39
/scratch/project_462000771/mengting/projects/bias/Wan2.1/prompt2/selected_faces/detected_person/person_0686_face0.png,Black,Black,Male,20-29,"[1.5867264e-03 8.1954151e-01 4.9310386e-02 6.6019580e-05 3.7873464e-03
 1.2025165e-01 5.4562963e-03]",[0.00622127 0.6652152  0.0043933  0.3241703 ],[9.9997687e-01 2.3121675e-05],"[6.2851355e-09 5.0465553e-07 3.5925156e-03 6.7388117e-01 3.1869528e-01
 3.8209206e-03 9.4923125e-06 1.4308655e-07 3.4597911e-09]",1,Black,20-39
/scratch/project_462000771/mengting/projects/bias/Wan2.1/prompt2/selected_faces/detected_person/person_0687_face0.png,Middle Eastern,White,Female,20-29,"[0.37231398 0.00217925 0.2163888  0.00741567 0.0057029  0.01205657
 0.38394284]",[0.61992776 0.10410801 0.15924402 0.11672019],[6.4614374e-05 9.9993533e-01],"[3.2493308e-08 3.0241991e-04 1.8352728e-01 7.4393719e-01 7.1450785e-02
 7.8083441e-04 1.3526992e-06 4.0774434e-08 1.6366335e-09]",0,White,20-39
/scratch/project_462000771/mengting/projects/bias/Wan2.1/prompt2/selected_faces/detected_person/person_0688_face0.png,Indian,Indian,Male,20-29,"[5.3733760e-03 4.3395162e-02 3.1053528e-01 3.1137487e-04 9.3970839e-03
 6.1729783e-01 1.3689840e-02]",[6.2976504e-04 5.5392120e-02 1.3130241e-03 9.4266510e-01],[9.9999166e-01 8.2908718e-06],"[7.7366138e-07 9.0772337e-05 1.4431054e-02 6.0590255e-01 3.6774251e-01
 1.1783043e-02 4.8704213e-05 5.5465114e-07 1.3720598e-08]",1,Others,20-39
/scratch/project_462000771/mengting/projects/bias/Wan2.1/prompt2/selected_faces/detected_person/person_0689_face0.png,Black,Black,Male,20-29,"[9.1304076e-07 9.9994254e-01 1.3493872e-05 4.4045258e-08 9.6583449e-07
 4.1616633e-05 4.4249532e-07]",[1.6763612e-07 9.9999249e-01 1.7866290e-06 5.4841321e-06],[0.98918533 0.01081471],"[1.4537675e-07 4.9367605e-05 2.9832132e-02 7.2443366e-01 2.3822407e-01
 7.3889275e-03 7.0819769e-05 7.7115072e-07 4.1637986e-08]",1,Black,20-39
/scratch/project_462000771/mengting/projects/bias/Wan2.1/prompt2/selected_faces/detected_person/person_0690_face0.png,Black,Black,Male,20-29,"[2.5451011e-06 9.9984360e-01 9.6951691e-05 1.4189095e-06 2.5434001e-05
 1.3907142e-05 1.6223757e-05]",[1.9890858e-06 9.9989027e-01 1.9890245e-05 8.7827531e-05],[9.999933e-01 6.714279e-06],"[1.4395845e-06 5.0347811e-04 9.6390396e-02 6.6125333e-01 2.1824117e-01
 2.2749897e-02 8.3407114e-04 2.3781286e-05 2.3864266e-06]",1,Black,20-39
/scratch/project_462000771/mengting/projects/bias/Wan2.1/prompt2/selected_faces/detected_person/person_0691_face0.png,Latino_Hispanic,White,Female,20-29,"[4.6658114e-01 1.9104448e-04 4.7250971e-01 1.4375941e-03 1.3401866e-03
 1.6250113e-02 4.1690137e-02]",[0.92518926 0.01015912 0.01229482 0.05235683],[1.5089113e-05 9.9998492e-01],"[2.4442411e-08 1.8914219e-05 1.4569312e-02 4.8690018e-01 4.5179912e-01
 4.6129469e-02 5.7179667e-04 1.0962831e-05 1.8788901e-07]",2,Others,20-39
/scratch/project_462000771/mengting/projects/bias/Wan2.1/prompt2/selected_faces/detected_person/person_0692_face0.png,Black,Black,Male,20-29,"[2.2314216e-06 9.9937630e-01 3.3457116e-05 2.7087989e-07 5.9006475e-06
 5.8063550e-04 1.2880407e-06]",[2.377578e-05 9.989920e-01 3.892408e-05 9.452808e-04],[9.9996972e-01 3.0258343e-05],"[4.3193165e-09 9.3187509e-07 2.1053753e-03 5.6080627e-01 4.2846665e-01
 8.5935844e-03 2.6991174e-05 1.5936712e-07 5.9278684e-09]",1,Black,20-39
/scratch/project_462000771/mengting/projects/bias/Wan2.1/prompt2/selected_faces/detected_person/person_0693_face0.png,White,Asian,Female,20-29,"[8.5606247e-01 1.2324350e-04 3.8635872e-02 2.1424253e-02 6.4710751e-03
 4.0659830e-03 7.3217161e-02]",[0.40902618 0.00503657 0.4951716  0.09076564],[9.0532866e-04 9.9909467e-01],"[1.71631073e-05 1.10798487e-02 9.54295918e-02 7.73430824e-01
 1.13161296e-01 6.72834134e-03 1.43986093e-04 7.58196029e-06
 1.39528220e-06]",0,White,20-39
/scratch/project_462000771/mengting/projects/bias/Wan2.1/prompt2/selected_faces/detected_person/person_0694_face0.png,White,White,Female,20-29,"[9.9524224e-01 2.3733311e-07 3.2455907e-03 7.9889229e-05 4.1384814e-05
 4.8899205e-05 1.3418315e-03]",[9.9874866e-01 1.1361698e-05 6.6626433e-04 5.7368173e-04],[2.0246058e-04 9.9979752e-01],"[4.6941249e-08 3.2710406e-05 2.6917992e-02 6.0077226e-01 3.3905867e-01
 3.3020969e-02 1.9568689e-04 1.6469901e-06 3.8935116e-08]",1,White,20-39
/scratch/project_462000771/mengting/projects/bias/Wan2.1/prompt2/selected_faces/detected_person/person_0695_face0.png,White,White,Male,30-39,"[9.0755498e-01 1.5922384e-04 1.4863777e-02 3.8653990e-05 1.2781039e-04
 1.1203771e-03 7.6135263e-02]",[9.9564731e-01 2.8647078e-04 8.8786671e-04 3.1783322e-03],[9.9987108e-01 1.2885872e-04],"[4.71981053e-07 7.66126504e-06 7.34243600e-04 1.78133354e-01
 7.13465273e-01 1.06033638e-01 1.61093089e-03 1.41148075e-05
 3.35756937e-07]",1,White,20-39
/scratch/project_462000771/mengting/projects/bias/Wan2.1/prompt2/selected_faces/detected_person/person_0696_face0.png,White,White,Male,30-39,"[9.9681580e-01 7.9708871e-06 1.3584545e-03 1.6159785e-05 2.6078151e-05
 5.9779348e-05 1.7157180e-03]",[9.9963367e-01 2.4064388e-05 2.2875077e-04 1.1351056e-04],[9.9997205e-01 2.7975371e-05],"[1.8450808e-07 5.6716190e-06 6.7220343e-04 2.1262810e-01 6.8641174e-01
 9.9606052e-02 6.7142228e-04 4.6011428e-06 1.3101437e-07]",1,White,20-39
/scratch/project_462000771/mengting/projects/bias/Wan2.1/prompt2/selected_faces/detected_person/person_0697_face0.png,White,White,Female,20-29,"[9.9779040e-01 6.8611195e-07 4.7289146e-04 2.1053336e-05 1.0773805e-05
 7.2122139e-06 1.6969214e-03]",[9.9928081e-01 9.9964571e-05 1.7535772e-04 4.4385146e-04],[3.1828636e-04 9.9968171e-01],"[1.6706372e-09 5.7276848e-06 4.2127267e-02 8.4356689e-01 1.1222673e-01
 2.0672847e-03 6.0078137e-06 6.3261048e-08 3.0919229e-09]",1,White,20-39
/scratch/project_462000771/mengting/projects/bias/Wan2.1/prompt2/selected_faces/detected_person/person_0698_face0.png,White,White,Female,30-39,"[5.5980521e-01 1.2838561e-04 8.6026698e-02 6.2734628e-04 8.7085465e-04
 5.9889434e-03 3.4655270e-01]",[0.97269994 0.00099729 0.00186646 0.02443635],[0.00243088 0.9975691 ],"[2.7390743e-07 2.0747615e-05 5.5815876e-03 3.1810093e-01 5.5268615e-01
 1.1902427e-01 4.4925087e-03 9.1866052e-05 1.6285694e-06]",1,White,20-39
/scratch/project_462000771/mengting/projects/bias/Wan2.1/prompt2/selected_faces/detected_person/person_0699_face0.png,White,White,Male,30-39,"[9.5885772e-01 2.1578376e-04 3.7391610e-03 1.1359913e-04 1.5355919e-04
 2.7012103e-04 3.6650050e-02]",[9.9975359e-01 8.7007375e-06 1.3984679e-04 9.7904638e-05],[9.9992067e-01 7.9314916e-05],"[5.5292298e-07 3.6946369e-06 1.1040214e-03 3.2207900e-01 6.3162059e-01
 4.4643290e-02 5.3604180e-04 1.2108103e-05 6.2754367e-07]",0,White,20-39
/scratch/project_462000771/mengting/projects/bias/Wan2.1/prompt2/selected_faces/detected_person/person_0700_face0.png,White,White,Male,20-29,"[0.55565196 0.00098069 0.32687637 0.00232489 0.00391027 0.03703808
 0.07321765]",[0.8023175  0.01039677 0.01482968 0.17245612],[0.9880663  0.01193366],"[1.5638690e-07 1.0451288e-05 1.1241978e-02 6.3483810e-01 3.3422104e-01
 1.9416619e-02 2.6263591e-04 8.4973526e-06 5.0661725e-07]",1,White,20-39
/scratch/project_462000771/mengting/projects/bias/Wan2.1/prompt2/selected_faces/detected_person/person_0701_face0.png,White,White,Male,20-29,"[9.6797454e-01 1.8946403e-04 2.5477355e-02 3.1331385e-04 3.9615034e-04
 1.3581628e-03 4.2909025e-03]",[9.8200333e-01 1.3418455e-03 5.0506613e-04 1.6149832e-02],[0.99750966 0.00249034],"[3.7777188e-08 2.8174095e-06 7.3210564e-03 7.1876162e-01 2.6758575e-01
 6.2751872e-03 5.3011878e-05 5.0443128e-07 1.9017824e-08]",1,White,20-39
/scratch/project_462000771/mengting/projects/bias/Wan2.1/prompt2/selected_faces/detected_person/person_0702_face0.png,East Asian,Asian,Female,20-29,"[5.2677991e-04 9.9690997e-06 2.4118810e-03 8.6146402e-01 1.3517523e-01
 3.0188705e-04 1.1026230e-04]",[2.5750973e-04 2.3145560e-05 9.9949962e-01 2.1983353e-04],[6.9878275e-05 9.9993014e-01],"[4.9922495e-08 6.7448003e-05 5.4107629e-02 8.1700188e-01 1.2408893e-01
 4.6929666e-03 3.8571641e-05 2.4798942e-06 4.5903473e-08]",2,Asian,20-39
/scratch/project_462000771/mengting/projects/bias/Wan2.1/prompt2/selected_faces/detected_person/person_0703_face0.png,Latino_Hispanic,Asian,Female,30-39,"[0.04852504 0.00121672 0.37684232 0.31943592 0.21761397 0.01837176
 0.01799424]",[0.10188266 0.00489965 0.86154735 0.0316704 ],[6.561843e-04 9.993438e-01],"[9.1427353e-08 5.0630497e-06 2.2247967e-03 2.0663260e-01 6.6290927e-01
 1.2387549e-01 4.1717500e-03 1.7969005e-04 1.2103213e-06]",1,Others,20-39
/scratch/project_462000771/mengting/projects/bias/Wan2.1/prompt2/selected_faces/detected_person/person_0704_face0.png,Latino_Hispanic,Indian,Male,30-39,"[3.2040921e-01 1.2415094e-02 3.2194939e-01 1.7028656e-04 8.5712253e-04
 1.2382935e-01 2.2036953e-01]",[0.40487432 0.0471982  0.00189727 0.54603016],[9.9999672e-01 3.2365656e-06],"[7.8725847e-08 1.3631399e-06 2.5267710e-04 8.0151513e-02 7.8851604e-01
 1.3028510e-01 7.8842865e-04 4.7894623e-06 5.7868220e-08]",1,Others,20-39
/scratch/project_462000771/mengting/projects/bias/Wan2.1/prompt2/selected_faces/detected_person/person_0705_face0.png,East Asian,Asian,Female,20-29,"[1.3630099e-04 2.5782042e-06 3.1627328e-04 9.3930346e-01 6.0199007e-02
 3.5801822e-05 6.6237567e-06]",[1.0865828e-03 1.2761865e-05 9.9887401e-01 2.6637850e-05],[6.3706056e-04 9.9936295e-01],"[1.9936391e-07 1.1508204e-04 4.1532867e-02 6.8173045e-01 2.5385669e-01
 2.2348998e-02 3.7643246e-04 3.8327529e-05 9.8116880e-07]",2,Asian,20-39
/scratch/project_462000771/mengting/projects/bias/Wan2.1/prompt2/selected_faces/detected_person/person_0706_face0.png,Black,Black,Male,30-39,"[8.4007487e-02 7.8743720e-01 6.7414500e-02 5.0309744e-05 3.2570102e-04
 4.0513188e-02 2.0251676e-02]",[3.0300878e-02 9.4401896e-01 4.5467757e-05 2.5634667e-02],[9.9996734e-01 3.2685388e-05],"[5.5848886e-07 4.7708807e-05 2.3445860e-03 3.1168604e-01 6.5108520e-01
 3.4658637e-02 1.7418437e-04 2.8545476e-06 8.1234504e-08]",1,Black,20-39
/scratch/project_462000771/mengting/projects/bias/Wan2.1/prompt2/selected_faces/detected_person/person_0707_face0.png,Black,Black,Male,30-39,"[7.5417006e-07 9.9947727e-01 4.6476682e-05 1.4477002e-05 2.6446185e-04
 1.9573698e-04 7.7533696e-07]",[6.5044269e-06 9.9889523e-01 9.6710166e-04 1.3107860e-04],[0.99823594 0.0017641 ],"[2.8789995e-07 9.7479015e-06 3.3503780e-03 3.3666733e-01 5.6847417e-01
 8.9803480e-02 1.6673999e-03 2.4931564e-05 2.2695976e-06]",1,Black,20-39
/scratch/project_462000771/mengting/projects/bias/Wan2.1/prompt2/selected_faces/detected_person/person_0708_face0.png,East Asian,Asian,Female,20-29,"[1.0847268e-02 1.6191381e-05 6.7835446e-03 9.5256662e-01 2.7542047e-02
 1.5441410e-04 2.0898955e-03]",[2.8991740e-02 1.0519137e-04 9.6879429e-01 2.1087378e-03],[0.00638199 0.99361795],"[8.5295426e-07 2.0027126e-04 2.3000479e-02 6.0089278e-01 3.5102475e-01
 2.4360236e-02 4.9990980e-04 2.0212899e-05 4.4420486e-07]",0,Asian,20-39
/scratch/project_462000771/mengting/projects/bias/Wan2.1/prompt2/selected_faces/detected_person/person_0709_face0.png,Black,Black,Female,20-29,"[3.3611892e-07 9.9732602e-01 9.9079291e-05 4.2039672e-05 1.8440334e-03
 6.8839930e-04 1.3512033e-07]",[3.0469266e-07 9.9968123e-01 3.1082387e-04 7.6599435e-06],[1.3713808e-04 9.9986285e-01],"[2.1705153e-08 1.2277866e-05 1.3475743e-02 5.3240061e-01 4.3097189e-01
 2.2649914e-02 4.8654465e-04 2.9869364e-06 3.0722529e-08]",0,Black,20-39
/scratch/project_462000771/mengting/projects/bias/Wan2.1/prompt2/selected_faces/detected_person/person_0710_face0.png,White,White,Male,20-29,"[9.0117818e-01 1.1071579e-02 4.2641979e-02 6.1894818e-05 1.6570903e-04
 2.2198937e-03 4.2660762e-02]",[9.9714082e-01 7.7403308e-04 2.3765280e-04 1.8474759e-03],[0.9985623  0.00143775],"[6.1483769e-07 6.6346453e-05 9.1256425e-03 5.3649741e-01 4.3576735e-01
 1.8377660e-02 1.6188533e-04 2.9329049e-06 1.0412052e-07]",1,White,20-39
/scratch/project_462000771/mengting/projects/bias/Wan2.1/prompt2/selected_faces/detected_person/person_0711_face0.png,Black,Black,Male,20-29,"[2.7485529e-08 9.9999779e-01 1.7993513e-07 1.1812852e-09 3.3714592e-08
 1.9837526e-06 5.0582316e-09]",[4.0280557e-09 9.9999994e-01 3.2476294e-08 2.1323217e-08],[9.9972904e-01 2.7092692e-04],"[1.8725548e-09 2.5002748e-06 7.6353736e-03 8.3062017e-01 1.5970439e-01
 2.0299496e-03 7.6305387e-06 1.9632903e-08 1.1004497e-09]",1,Black,20-39
/scratch/project_462000771/mengting/projects/bias/Wan2.1/prompt2/selected_faces/detected_person/person_0712_face0.png,Black,Black,Male,20-29,"[9.1110461e-04 9.4508350e-01 1.9892067e-02 1.2533751e-03 1.9472940e-02
 1.2940554e-02 4.4642971e-04]",[2.5329820e-05 9.9670863e-01 5.5963093e-05 3.2101024e-03],[0.89876074 0.10123929],"[1.11234613e-07 1.60066611e-05 3.72342989e-02 7.24359751e-01
 2.24233165e-01 1.37447556e-02 3.96349700e-04 1.49981815e-05
 6.24739869e-07]",0,Black,20-39
/scratch/project_462000771/mengting/projects/bias/Wan2.1/prompt2/selected_faces/detected_person/person_0713_face0.png,White,White,Female,20-29,"[6.3096011e-01 1.1061477e-03 2.5297073e-01 5.3991715e-04 1.1547031e-03
 2.2517504e-02 9.0750910e-02]",[0.6464929  0.02066709 0.00424541 0.32859462],[0.0633827 0.9366173],"[4.5283349e-07 9.5774850e-04 2.4086398e-01 6.9353509e-01 6.3160963e-02
 1.4711485e-03 1.0232953e-05 3.7780489e-07 2.4476654e-08]",0,White,20-39
/scratch/project_462000771/mengting/projects/bias/Wan2.1/prompt2/selected_faces/detected_person/person_0714_face0.png,East Asian,Asian,Female,20-29,"[1.1564970e-04 1.5865960e-05 8.1886491e-04 8.3128369e-01 1.6762871e-01
 1.2290062e-04 1.4298326e-05]",[6.8858739e-05 1.2508954e-05 9.9987191e-01 4.6720652e-05],[0.07531844 0.9246816 ],"[8.6626125e-07 3.1262010e-04 2.1503291e-01 7.0556140e-01 7.6383442e-02
 2.6808304e-03 2.4117620e-05 3.6905128e-06 1.4210178e-07]",1,Asian,20-39
/scratch/project_462000771/mengting/projects/bias/Wan2.1/prompt2/selected_faces/detected_person/person_0715_face0.png,White,White,Male,30-39,"[4.7382650e-01 6.9862290e-05 1.1601234e-01 2.8096593e-04 6.7316799e-04
 3.6237326e-02 3.7289995e-01]",[8.5227907e-01 1.5936383e-04 1.8492530e-04 1.4737667e-01],[0.99814343 0.00185651],"[5.7253482e-07 1.8910350e-05 2.0921894e-03 3.2169834e-01 6.5054148e-01
 2.5575927e-02 7.1939074e-05 7.0588521e-07 1.6403561e-08]",1,White,20-39
/scratch/project_462000771/mengting/projects/bias/Wan2.1/prompt2/selected_faces/detected_person/person_0716_face0.png,Black,Black,Female,20-29,"[1.6259579e-05 9.8562390e-01 1.6160404e-03 8.8936044e-04 1.0728226e-02
 1.1208082e-03 5.3025074e-06]",[1.2189258e-05 9.9778843e-01 1.6820581e-03 5.1736849e-04],[0.00172986 0.99827015],"[1.5613783e-05 6.0226996e-03 1.2529759e-01 6.4150172e-01 2.1587795e-01
 1.0984221e-02 2.9366501e-04 6.2877925e-06 2.6138093e-07]",0,Black,20-39
/scratch/project_462000771/mengting/projects/bias/Wan2.1/prompt2/selected_faces/detected_person/person_0717_face0.png,Black,White,Male,30-39,"[0.29897565 0.32310104 0.23762536 0.00563401 0.01007479 0.09904892
 0.02554024]",[5.7437927e-01 2.0850576e-01 5.4742343e-04 2.1656747e-01],[9.9976224e-01 2.3772240e-04],"[5.4817142e-06 1.2585213e-05 2.3673398e-04 1.0587077e-01 6.5581286e-01
 2.2791086e-01 9.7030327e-03 4.2247420e-04 2.5201567e-05]",1,Black,20-39
/scratch/project_462000771/mengting/projects/bias/Wan2.1/prompt2/selected_faces/detected_person/person_0718_face0.png,East Asian,Asian,Male,20-29,"[4.7067262e-04 8.0189520e-06 8.6576707e-04 8.4328729e-01 1.5521429e-01
 8.6369415e-05 6.7549277e-05]",[1.0154176e-03 1.5292977e-05 9.9857509e-01 3.9421409e-04],[9.9926245e-01 7.3755882e-04],"[1.5028373e-06 8.3005033e-04 1.4838679e-01 7.5183022e-01 9.7016327e-02
 1.9164794e-03 1.7059750e-05 1.4681292e-06 4.3918526e-08]",0,Asian,20-39
/scratch/project_462000771/mengting/projects/bias/Wan2.1/prompt2/selected_faces/detected_person/person_0719_face0.png,White,White,Male,30-39,"[8.2215548e-01 1.3208723e-03 7.7631369e-02 1.1835288e-04 4.3902706e-04
 2.1941534e-03 9.6140742e-02]",[0.9813705  0.00291681 0.00108747 0.0146252 ],[9.9954093e-01 4.5907652e-04],"[8.35804315e-07 1.48995605e-05 8.54941318e-04 1.08564362e-01
 6.81552112e-01 2.04998568e-01 3.96273518e-03 5.01100185e-05
 1.49754669e-06]",1,White,20-39
/scratch/project_462000771/mengting/projects/bias/Wan2.1/prompt2/selected_faces/detected_person/person_0721_face0.png,White,White,Male,30-39,"[9.3944257e-01 6.5522756e-05 9.1784056e-03 7.6083420e-06 3.7426948e-05
 7.6740119e-04 5.0501123e-02]",[9.7561258e-01 1.1268382e-04 1.4010785e-04 2.4134567e-02],[9.9998909e-01 1.0956614e-05],"[1.2150252e-08 4.2271077e-07 3.0176813e-04 3.4868428e-01 6.3645118e-01
 1.4539057e-02 2.3196795e-05 1.2691571e-07 2.1554136e-09]",1,White,20-39
/scratch/project_462000771/mengting/projects/bias/Wan2.1/prompt2/selected_faces/detected_person/person_0722_face0.png,White,White,Male,30-39,"[8.9218938e-01 2.1851616e-04 2.4164042e-02 8.1396371e-05 1.9208422e-04
 1.1711073e-03 8.1983551e-02]",[9.9700314e-01 9.6338968e-05 1.3673294e-04 2.7637803e-03],[9.9998450e-01 1.5467329e-05],"[5.0230824e-07 1.4811581e-05 4.1868985e-03 3.3199131e-01 5.9922147e-01
 6.3860871e-02 7.1333576e-04 1.0613512e-05 1.5205232e-07]",1,White,20-39
/scratch/project_462000771/mengting/projects/bias/Wan2.1/prompt2/selected_faces/detected_person/person_0723_face0.png,White,White,Female,20-29,"[4.6425053e-01 4.4274985e-04 3.5919136e-01 1.0221710e-01 2.4868211e-02
 8.5924221e-03 4.0437624e-02]",[0.8482474  0.00195058 0.14708789 0.00271416],[0.05200557 0.9479945 ],"[3.5116681e-08 5.5003379e-06 1.6604725e-02 5.6703097e-01 3.9163998e-01
 2.4518920e-02 1.9240211e-04 7.2371649e-06 1.9664036e-07]",1,White,20-39
/scratch/project_462000771/mengting/projects/bias/Wan2.1/prompt2/selected_faces/detected_person/person_0724_face0.png,White,White,Male,30-39,"[9.9850363e-01 1.1650385e-05 7.0303760e-04 9.4156176e-06 1.1178649e-05
 5.4965374e-05 7.0626417e-04]",[9.9947113e-01 1.6867158e-05 1.1802904e-05 5.0016580e-04],[9.9998540e-01 1.4560331e-05],"[1.40041629e-06 1.09256245e-04 1.44140907e-02 4.53016251e-01
 4.59858567e-01 7.15143308e-02 1.07802404e-03 7.85973043e-06
 2.39229536e-07]",1,White,20-39
/scratch/project_462000771/mengting/projects/bias/Wan2.1/prompt2/selected_faces/detected_person/person_0725_face0.png,White,White,Female,30-39,"[8.7045497e-01 1.1172712e-04 4.8612859e-02 3.4823228e-04 3.4369464e-04
 1.8651609e-04 7.9942062e-02]",[9.9659812e-01 1.6180556e-03 1.1226600e-03 6.6120445e-04],[0.00432172 0.99567825],"[1.4177844e-08 2.6726398e-06 1.0102346e-02 4.6236256e-01 5.0729311e-01
 2.0033613e-02 2.0267788e-04 2.9775963e-06 2.3502993e-08]",0,White,20-39
/scratch/project_462000771/mengting/projects/bias/Wan2.1/prompt2/selected_faces/detected_person/person_0726_face0.png,White,White,Male,20-29,"[7.3506290e-01 3.9815699e-04 3.8984306e-02 3.0199703e-04 8.9061243e-04
 7.3806895e-04 2.2362395e-01]",[9.9763870e-01 3.7557136e-05 1.4619780e-03 8.6184224e-04],[0.99372697 0.00627302],"[1.69405666e-06 2.96614890e-04 6.80823252e-02 8.05891156e-01
 1.21332236e-01 4.34744358e-03 4.62986718e-05 2.16426156e-06
 1.29661288e-07]",1,White,20-39
/scratch/project_462000771/mengting/projects/bias/Wan2.1/prompt2/selected_faces/detected_person/person_0727_face0.png,Latino_Hispanic,Black,Female,20-29,"[0.08861764 0.12726864 0.71177644 0.01609737 0.03868441 0.00956553
 0.00798994]",[0.20101233 0.75395465 0.02411959 0.02091349],[0.22976281 0.7702372 ],"[1.6177825e-07 1.1631656e-04 1.5829061e-01 6.5723592e-01 1.7911077e-01
 5.1721944e-03 7.1072587e-05 2.9265523e-06 6.1785499e-08]",1,Others,20-39
/scratch/project_462000771/mengting/projects/bias/Wan2.1/prompt2/selected_faces/detected_person/person_0728_face0.png,Latino_Hispanic,White,Female,30-39,"[4.2034170e-01 1.7438983e-04 5.0207579e-01 6.6713511e-04 9.9695392e-04
 7.7993502e-03 6.7944676e-02]",[0.9743117  0.00450202 0.00582878 0.01535751],[1.3416443e-05 9.9998659e-01],"[1.5580301e-08 4.2174006e-06 3.3418497e-03 2.7606401e-01 6.4678752e-01
 7.2376467e-02 1.4084034e-03 1.7427043e-05 1.2730415e-07]",0,Others,20-39
/scratch/project_462000771/mengting/projects/bias/Wan2.1/prompt2/selected_faces/detected_person/person_0729_face0.png,White,White,Female,20-29,"[0.46872452 0.01388728 0.4097319  0.00061627 0.00066335 0.01372191
 0.0926547 ]",[0.92105633 0.00939109 0.00121548 0.06833715],[0.02894893 0.9710511 ],"[2.4945479e-07 3.4874971e-05 2.7287355e-02 6.2918711e-01 3.2951152e-01
 1.3757264e-02 2.1277512e-04 8.4657968e-06 3.4152561e-07]",1,White,20-39
/scratch/project_462000771/mengting/projects/bias/Wan2.1/prompt2/selected_faces/detected_person/person_0730_face0.png,Black,Black,Female,20-29,"[2.2971130e-04 5.2765149e-01 2.3118842e-02 7.9270241e-05 9.4279554e-04
 4.4541675e-01 2.5611478e-03]",[2.7889026e-05 9.8600131e-01 1.1513756e-04 1.3855666e-02],[1.7165704e-04 9.9982828e-01],"[3.3253130e-08 2.8596827e-05 1.7493241e-02 6.1234999e-01 3.4959558e-01
 2.0116799e-02 4.0790992e-04 7.6931719e-06 1.1266770e-07]",1,Black,20-39
/scratch/project_462000771/mengting/projects/bias/Wan2.1/prompt2/selected_faces/detected_person/person_0731_face0.png,White,White,Male,30-39,"[5.6699675e-01 1.7584028e-04 2.0029336e-01 2.1696647e-03 1.8343106e-03
 1.9569319e-02 2.0896079e-01]",[9.5375937e-01 2.9169518e-04 8.3967475e-03 3.7552197e-02],[0.9977794  0.00222058],"[3.72087129e-07 1.61251010e-05 2.96006817e-03 3.49964023e-01
 6.17243886e-01 2.97101755e-02 1.04045364e-04 1.31554009e-06
 2.72622653e-08]",1,White,20-39
/scratch/project_462000771/mengting/projects/bias/Wan2.1/prompt2/selected_faces/detected_person/person_0732_face0.png,Black,Black,Male,30-39,"[6.1877291e-03 8.6752433e-01 3.4494687e-02 4.9027229e-05 6.3150498e-04
 7.1297541e-02 1.9815214e-02]",[0.00510849 0.55855376 0.00156212 0.43477565],[0.9649079  0.03509212],"[5.4213324e-06 2.9204151e-04 1.7524714e-02 3.9899170e-01 5.3592592e-01
 4.5052852e-02 2.0322877e-03 1.6624828e-04 8.7641647e-06]",0,Black,20-39
/scratch/project_462000771/mengting/projects/bias/Wan2.1/prompt2/selected_faces/detected_person/person_0733_face0.png,White,White,Female,20-29,"[9.6979541e-01 4.1108386e-05 1.8194573e-02 7.8897271e-04 4.3446559e-04
 4.0703293e-05 1.0704729e-02]",[9.9772400e-01 3.0609276e-04 1.5960353e-03 3.7389633e-04],[4.1172487e-05 9.9995881e-01],"[1.1569449e-08 1.0986640e-04 1.5302387e-01 7.6525468e-01 8.0379292e-02
 1.2292160e-03 3.0235958e-06 6.4935598e-08 3.0975138e-09]",0,White,20-39
/scratch/project_462000771/mengting/projects/bias/Wan2.1/prompt2/selected_faces/detected_person/person_0734_face0.png,White,White,Female,20-29,"[9.5228940e-01 2.0982514e-04 2.8165242e-02 7.4406445e-04 9.5184456e-04
 2.9688593e-04 1.7342884e-02]",[9.8904896e-01 5.3524098e-04 9.9998480e-03 4.1602473e-04],[0.00292739 0.99707264],"[1.3884201e-07 1.1239086e-04 5.2036900e-02 7.4189043e-01 1.9924976e-01
 6.6527631e-03 5.5823395e-05 1.6889693e-06 9.2489600e-08]",0,White,20-39
/scratch/project_462000771/mengting/projects/bias/Wan2.1/prompt2/selected_faces/detected_person/person_0735_face0.png,White,White,Female,30-39,"[9.7387254e-01 2.8404379e-06 1.9847138e-02 7.9480436e-04 2.7756282e-04
 1.1516922e-04 5.0899871e-03]",[9.8166609e-01 7.1853261e-05 1.5661182e-02 2.6009283e-03],[2.4353285e-05 9.9997562e-01],"[2.4131802e-08 1.1059910e-05 8.0628004e-03 4.4100150e-01 5.1762170e-01
 3.3069823e-02 2.3118150e-04 1.9224769e-06 1.7063970e-08]",1,White,20-39
/scratch/project_462000771/mengting/projects/bias/Wan2.1/prompt2/selected_faces/detected_person/person_0736_face0.png,Indian,Indian,Female,20-29,"[2.9436457e-03 3.7472381e-03 9.0753257e-02 1.2015249e-04 1.6013840e-03
 8.9757752e-01 3.2567987e-03]",[3.3212546e-03 3.1993510e-03 1.0528920e-04 9.9337411e-01],[6.1974046e-05 9.9993801e-01],"[2.4130649e-08 1.4195190e-04 1.0713658e-01 8.3030164e-01 6.1340652e-02
 1.0750960e-03 3.9653087e-06 7.9488615e-08 2.4654983e-09]",2,Others,20-39
/scratch/project_462000771/mengting/projects/bias/Wan2.1/prompt2/selected_faces/detected_person/person_0737_face0.png,White,White,Female,20-29,"[4.1117120e-01 2.5529871e-04 2.3884647e-01 2.8131087e-03 2.8363829e-03
 1.5870517e-02 3.2820702e-01]",[0.6357511  0.00956608 0.02090955 0.3337732 ],[1.04175415e-04 9.99895811e-01],"[1.9634379e-08 1.9252619e-05 2.3101542e-02 6.7893010e-01 2.8837663e-01
 9.5241731e-03 4.7626858e-05 7.4112842e-07 1.2315870e-08]",1,White,20-39
/scratch/project_462000771/mengting/projects/bias/Wan2.1/prompt2/selected_faces/detected_person/person_0738_face0.png,Middle Eastern,White,Male,30-39,"[0.25397378 0.01461076 0.28989276 0.00255712 0.00827009 0.0044249
 0.4262706 ]",[0.9934905  0.00153768 0.00330459 0.00166719],[9.9977183e-01 2.2815760e-04],"[1.0748713e-05 2.9183319e-04 8.5501056e-03 3.6823338e-01 5.5037475e-01
 7.0634514e-02 1.8199788e-03 8.0712933e-05 3.9466295e-06]",0,Others,20-39
/scratch/project_462000771/mengting/projects/bias/Wan2.1/prompt2/selected_faces/detected_person/person_0739_face0.png,Latino_Hispanic,White,Female,20-29,"[3.7312442e-01 3.6206210e-04 5.0501573e-01 1.4902565e-02 1.7363967e-02
 1.2509740e-02 7.6721534e-02]",[0.83786726 0.00647992 0.14120983 0.01444302],[3.2805104e-04 9.9967194e-01],"[1.5061556e-08 1.5018919e-05 3.8485151e-02 7.3112804e-01 2.2589117e-01
 4.4651977e-03 1.5079745e-05 2.9506015e-07 3.1779559e-09]",0,Others,20-39
/scratch/project_462000771/mengting/projects/bias/Wan2.1/prompt2/selected_faces/detected_person/person_0740_face0.png,East Asian,Asian,Female,20-29,"[5.2316580e-04 1.4075762e-06 5.6044420e-04 9.6745872e-01 3.1293396e-02
 8.8459848e-05 7.4328600e-05]",[2.0165140e-04 5.7205548e-06 9.9958736e-01 2.0525751e-04],[0.0284669 0.9715331],"[3.2614146e-08 4.0137948e-05 1.6239126e-01 8.0490381e-01 3.2235414e-02
 4.2766513e-04 1.5302433e-06 1.6424787e-07 5.3447771e-09]",1,Asian,20-39
/scratch/project_462000771/mengting/projects/bias/Wan2.1/prompt2/selected_faces/detected_person/person_0741_face0.png,Black,Black,Male,30-39,"[1.6031197e-05 9.4960082e-01 9.1385772e-04 2.0631986e-05 5.5073178e-04
 4.8887316e-02 1.0661887e-05]",[4.3949280e-05 9.0284526e-01 4.8330054e-04 9.6627407e-02],[9.9987298e-01 1.2697869e-04],"[4.0390841e-08 2.5623519e-06 3.0609157e-03 4.7079122e-01 5.0012380e-01
 2.5891550e-02 1.2857829e-04 1.2337922e-06 6.3353291e-08]",1,Black,20-39
/scratch/project_462000771/mengting/projects/bias/Wan2.1/prompt2/selected_faces/detected_person/person_0742_face0.png,Black,Black,Male,30-39,"[1.3808085e-04 8.8994282e-01 1.9534988e-02 1.5491810e-04 8.4923478e-03
 8.1401251e-02 3.3554150e-04]",[1.2474459e-04 9.8516119e-01 8.4034782e-03 6.3104881e-03],[9.9999934e-01 6.5035255e-07],"[8.0011844e-08 1.7952817e-06 8.3253015e-04 2.6870567e-01 6.7957920e-01
 5.0516620e-02 3.6134166e-04 2.6030937e-06 5.7063943e-08]",0,Black,20-39
/scratch/project_462000771/mengting/projects/bias/Wan2.1/prompt2/selected_faces/detected_person/person_0743_face0.png,Latino_Hispanic,Asian,Female,20-29,"[0.02510787 0.00232356 0.60751873 0.12350646 0.18725105 0.04821701
 0.00607533]",[0.01936525 0.02902121 0.52044696 0.4311666 ],[0.00291513 0.99708486],"[5.7124268e-08 2.8628943e-04 2.5741807e-01 6.9907480e-01 4.2598143e-02
 6.2019774e-04 2.2533611e-06 1.1907730e-07 4.4002233e-09]",1,Others,20-39
/scratch/project_462000771/mengting/projects/bias/Wan2.1/prompt2/selected_faces/detected_person/person_0744_face0.png,White,White,Male,30-39,"[9.9670315e-01 9.2810302e-07 6.6238496e-04 5.4813663e-05 5.4744120e-05
 1.2862278e-05 2.5111330e-03]",[9.9956733e-01 8.4633884e-06 1.6999939e-04 2.5417039e-04],[9.9999636e-01 3.6091917e-06],"[1.6987754e-07 8.7607777e-06 1.6546935e-03 4.4157976e-01 5.4232246e-01
 1.4398993e-02 3.4977951e-05 1.9173901e-07 3.8407588e-09]",1,White,20-39
/scratch/project_462000771/mengting/projects/bias/Wan2.1/prompt2/selected_faces/detected_person/person_0745_face0.png,Southeast Asian,Asian,Female,20-29,"[1.8473776e-03 2.6302182e-03 6.1720446e-02 4.5548922e-01 4.6900746e-01
 8.9732464e-03 3.3207008e-04]",[0.0125876  0.04818532 0.8990892  0.04013788],[0.02268306 0.977317  ],"[2.8744799e-07 9.4618491e-04 2.3122875e-01 7.3605222e-01 3.1057669e-02
 7.1048515e-04 4.0267187e-06 3.0360297e-07 1.4324479e-08]",0,Asian,20-39
/scratch/project_462000771/mengting/projects/bias/Wan2.1/prompt2/selected_faces/detected_person/person_0746_face0.png,Black,Black,Female,30-39,"[3.2147117e-08 9.9998707e-01 2.1619580e-06 1.1166596e-08 1.5694313e-07
 1.0602150e-05 2.0603309e-08]",[1.3123862e-07 9.9999809e-01 9.5599512e-07 7.3087955e-07],[1.1717609e-04 9.9988288e-01],"[1.6283712e-08 3.4671416e-06 1.7374834e-03 2.3603721e-01 6.8645358e-01
 7.3696487e-02 2.0630884e-03 8.6148930e-06 8.8349438e-08]",0,Black,20-39
/scratch/project_462000771/mengting/projects/bias/Wan2.1/prompt2/selected_faces/detected_person/person_0747_face0.png,Black,Black,Male,20-29,"[3.9917919e-05 9.9426574e-01 7.6258811e-04 3.6172352e-07 8.3728455e-06
 4.6797562e-03 2.4342685e-04]",[4.9631080e-06 9.9893188e-01 3.4924130e-06 1.0597323e-03],[9.9999809e-01 1.9029944e-06],"[1.5065646e-07 1.8867284e-05 4.9718679e-03 6.7064172e-01 3.1632680e-01
 7.9977289e-03 4.1686959e-05 1.1150089e-06 6.8212209e-08]",0,Black,20-39
/scratch/project_462000771/mengting/projects/bias/Wan2.1/prompt2/selected_faces/detected_person/person_0748_face0.png,Indian,Indian,Female,20-29,"[0.04451422 0.00187499 0.36853102 0.00487713 0.01175058 0.5162276
 0.05222443]",[0.0386581  0.20585304 0.04960631 0.7058826 ],[0.0072452 0.9927548],"[1.0387095e-07 4.7955044e-05 6.8648972e-02 8.1279629e-01 1.1454118e-01
 3.9306730e-03 3.3479755e-05 1.3342280e-06 5.6357067e-08]",0,Others,20-39
/scratch/project_462000771/mengting/projects/bias/Wan2.1/prompt2/selected_faces/detected_person/person_0749_face0.png,White,White,Male,30-39,"[7.7445126e-01 8.4298175e-05 7.9316542e-02 9.9345154e-05 1.7770045e-04
 8.7505467e-03 1.3712031e-01]",[9.4095916e-01 1.0032788e-03 2.2064213e-04 5.7816949e-02],[9.9996674e-01 3.3309654e-05],"[9.2547089e-06 2.9683515e-04 4.8487852e-03 4.8864168e-01 4.9328217e-01
 1.2891247e-02 2.9812278e-05 1.9808543e-07 4.1835944e-09]",1,White,20-39
/scratch/project_462000771/mengting/projects/bias/Wan2.1/prompt2/selected_faces/detected_person/person_0750_face0.png,White,White,Female,20-29,"[7.4551392e-01 7.4860336e-06 2.6597876e-02 1.5224520e-03 6.7845738e-04
 5.4424722e-04 2.2513561e-01]",[9.9543500e-01 4.3913555e-05 2.8765728e-03 1.6444554e-03],[2.6186081e-04 9.9973816e-01],"[2.4367904e-07 1.1918417e-03 2.3227067e-01 7.2708505e-01 3.8784761e-02
 6.6579576e-04 1.5017372e-06 6.4424533e-08 3.4835912e-09]",0,White,20-39
/scratch/project_462000771/mengting/projects/bias/Wan2.1/prompt2/selected_faces/detected_person/person_0751_face0.png,Middle Eastern,Indian,Male,30-39,"[1.5041877e-01 1.4912472e-02 3.1615779e-01 3.0702146e-04 2.4632909e-03
 1.7233445e-01 3.4340623e-01]",[0.38072455 0.03361117 0.00229164 0.5833726 ],[9.9998754e-01 1.2460571e-05],"[1.5221666e-07 2.7958090e-06 4.4403493e-04 2.7850029e-01 6.9181085e-01
 2.9071668e-02 1.6738384e-04 2.6817916e-06 7.4030545e-08]",1,Others,20-39
/scratch/project_462000771/mengting/projects/bias/Wan2.1/prompt2/selected_faces/detected_person/person_0752_face0.png,White,White,Male,30-39,"[9.9844873e-01 6.0313810e-06 1.1102916e-03 3.6006979e-05 5.2249761e-05
 2.5762296e-05 3.2088396e-04]",[9.9752432e-01 5.2993990e-05 2.0125918e-03 4.1013621e-04],[9.9986583e-01 1.3412336e-04],"[5.6919031e-08 4.7965796e-06 1.6146072e-03 3.5967705e-01 5.8348721e-01
 5.4745004e-02 4.6770097e-04 3.3871243e-06 7.3525918e-08]",0,White,20-39
/scratch/project_462000771/mengting/projects/bias/Wan2.1/prompt2/selected_faces/detected_person/person_0753_face0.png,Black,Black,Female,20-29,"[1.8354879e-06 9.9912316e-01 1.2808829e-04 7.5340768e-06 2.5723834e-04
 4.8136030e-04 8.1198186e-07]",[2.5503475e-06 9.9972451e-01 9.6996024e-05 1.7603496e-04],[0.1208415 0.8791585],"[1.0679583e-07 1.1846801e-04 9.7074062e-02 7.5389552e-01 1.4529487e-01
 3.5721182e-03 4.4445380e-05 3.9134466e-07 2.2479966e-08]",0,Black,20-39
/scratch/project_462000771/mengting/projects/bias/Wan2.1/prompt2/selected_faces/detected_person/person_0754_face0.png,White,White,Female,30-39,"[8.2403320e-01 1.7671711e-04 8.5121319e-02 3.1712137e-03 2.8472147e-03
 1.1756145e-03 8.3474673e-02]",[9.7338247e-01 6.6785439e-04 1.0140632e-02 1.5809100e-02],[0.00291075 0.99708927],"[8.7124693e-07 7.4530901e-05 8.5481266e-03 3.8894269e-01 5.0352442e-01
 9.5637068e-02 3.1687915e-03 9.9940407e-05 3.5856310e-06]",1,White,20-39
/scratch/project_462000771/mengting/projects/bias/Wan2.1/prompt2/selected_faces/detected_person/person_0755_face0.png,Latino_Hispanic,Asian,Male,20-29,"[1.6922954e-01 4.1989505e-04 7.8124064e-01 1.0463442e-02 2.3830310e-02
 4.8542125e-03 9.9620167e-03]",[2.3410630e-01 4.9236370e-04 6.4304197e-01 1.2235940e-01],[0.99859023 0.00140982],"[2.3631314e-08 1.1278533e-05 8.2182623e-02 8.3777714e-01 7.9071924e-02
 9.5254433e-04 4.3903365e-06 1.0552177e-07 2.1979270e-09]",2,Others,20-39
/scratch/project_462000771/mengting/projects/bias/Wan2.1/prompt2/selected_faces/detected_person/person_0756_face0.png,White,White,Male,20-29,"[0.5643798  0.00163334 0.18313201 0.00454494 0.00421228 0.00594544
 0.23615228]",[0.5927957  0.04170315 0.20759779 0.15790339],[0.5485974  0.45140254],"[1.9926772e-06 1.0093496e-03 1.7088339e-01 7.2996199e-01 9.4623327e-02
 3.4771445e-03 3.9651946e-05 2.6967525e-06 5.0739391e-07]",1,White,20-39
/scratch/project_462000771/mengting/projects/bias/Wan2.1/prompt2/selected_faces/detected_person/person_0757_face0.png,White,White,Female,20-29,"[4.7645572e-01 4.0761809e-04 4.2116871e-01 1.0747507e-03 2.3536291e-03
 3.2067227e-03 9.5332734e-02]",[0.98376405 0.00301074 0.00379752 0.00942767],[0.1358254  0.86417454],"[2.2744952e-07 1.4312561e-04 1.4459556e-01 6.6706902e-01 1.8341689e-01
 4.7559165e-03 1.8909252e-05 4.2020460e-07 7.5787367e-09]",1,White,20-39
/scratch/project_462000771/mengting/projects/bias/Wan2.1/prompt2/selected_faces/detected_person/person_0758_face0.png,Black,Black,Male,20-29,"[6.4950250e-08 9.9999261e-01 1.1481609e-06 1.1683905e-07 1.0911156e-06
 4.8682582e-06 7.1160571e-08]",[2.4651558e-07 9.9996030e-01 2.1147794e-06 3.7326179e-05],[9.992436e-01 7.564046e-04],"[8.2521370e-07 1.1873291e-04 2.3309512e-02 5.2800030e-01 3.6765942e-01
 7.7848800e-02 3.0069670e-03 4.8471469e-05 7.0232722e-06]",1,Black,20-39
/scratch/project_462000771/mengting/projects/bias/Wan2.1/prompt2/selected_faces/detected_person/person_0759_face0.png,White,White,Male,30-39,"[9.7974783e-01 7.0787915e-05 7.9253027e-03 8.6891501e-05 1.6060250e-04
 1.0061772e-03 1.1002527e-02]",[0.9856574  0.00104324 0.00245558 0.01084377],[9.9999183e-01 8.1658318e-06],"[9.2702102e-08 2.7934905e-06 1.9611241e-04 1.6035296e-01 7.6717991e-01
 7.1936987e-02 3.2911004e-04 1.8828030e-06 7.6762355e-08]",1,White,20-39
/scratch/project_462000771/mengting/projects/bias/Wan2.1/prompt2/selected_faces/detected_person/person_0760_face0.png,White,White,Female,30-39,"[9.83381510e-01 4.31254848e-05 1.04624638e-02 1.16141666e-04
 8.55135149e-05 2.03072981e-04 5.70818968e-03]",[9.9906951e-01 7.1903887e-05 3.4511130e-04 5.1355746e-04],[0.00297525 0.9970248 ],"[6.4819481e-08 1.1953311e-05 9.5965341e-03 4.4540632e-01 4.9017435e-01
 5.3891040e-02 8.9721399e-04 2.1747826e-05 7.2469419e-07]",1,White,20-39
/scratch/project_462000771/mengting/projects/bias/Wan2.1/prompt2/selected_faces/detected_person/person_0761_face0.png,White,White,Female,20-29,"[9.5400828e-01 1.3555847e-06 1.3094506e-02 1.2608614e-05 2.4958033e-05
 1.5684833e-04 3.2701414e-02]",[9.8845452e-01 1.2120634e-05 1.7286981e-04 1.1360447e-02],[0.1659652 0.8340348],"[2.4511101e-08 7.9618412e-06 1.9878317e-02 7.2164309e-01 2.5260177e-01
 5.8489302e-03 1.9735620e-05 1.7089320e-07 5.2889400e-09]",1,White,20-39
/scratch/project_462000771/mengting/projects/bias/Wan2.1/prompt2/selected_faces/detected_person/person_0762_face0.png,White,White,Male,20-29,"[9.9234617e-01 2.6906855e-06 6.1224803e-04 2.0308797e-05 3.3209479e-05
 8.2913306e-05 6.9024139e-03]",[9.998339e-01 7.602457e-07 6.336110e-05 1.019569e-04],[0.8913845  0.10861548],"[3.16840465e-06 9.52122791e-05 1.30891865e-02 6.73670411e-01
 2.84530014e-01 2.79026702e-02 6.74708164e-04 3.17475387e-05
 2.89251579e-06]",0,White,20-39
/scratch/project_462000771/mengting/projects/bias/Wan2.1/prompt2/selected_faces/detected_person/person_0763_face0.png,East Asian,Asian,Female,20-29,"[5.9510097e-05 7.9209292e-07 1.2739660e-04 9.6901172e-01 3.0762175e-02
 3.0753919e-05 7.6808265e-06]",[3.93980969e-04 1.24115813e-05 9.99491930e-01 1.01638216e-04],[0.00564619 0.99435383],"[5.2730582e-07 1.3020771e-04 4.8138767e-02 7.1630996e-01 2.1679652e-01
 1.8094616e-02 4.6269334e-04 6.4338601e-05 2.3666535e-06]",1,Asian,20-39
/scratch/project_462000771/mengting/projects/bias/Wan2.1/prompt2/selected_faces/detected_person/person_0764_face0.png,White,White,Male,30-39,"[9.9458629e-01 2.6269121e-05 2.4212385e-03 8.5994572e-05 1.4049454e-04
 3.3470581e-04 2.4051892e-03]",[9.8679364e-01 3.3788697e-04 5.0270039e-04 1.2365800e-02],[9.999179e-01 8.203963e-05],"[1.1857323e-07 3.2572566e-06 5.1149057e-04 2.4877408e-01 6.9086069e-01
 5.9401754e-02 4.4619167e-04 2.2945001e-06 8.5076103e-08]",1,White,20-39
/scratch/project_462000771/mengting/projects/bias/Wan2.1/prompt2/selected_faces/detected_person/person_0765_face0.png,Black,Black,Female,30-39,"[1.34625416e-05 9.90306914e-01 6.93419541e-04 2.42023293e-06
 1.97885802e-05 8.95041972e-03 1.35730015e-05]",[6.1187056e-05 9.4518268e-01 2.9898989e-05 5.4726247e-02],[2.477521e-04 9.997522e-01],"[4.5550554e-08 4.3764499e-06 3.9782315e-03 4.0181473e-01 5.4066485e-01
 5.1623985e-02 1.8945824e-03 1.8924400e-05 2.6961766e-07]",0,Black,20-39
/scratch/project_462000771/mengting/projects/bias/Wan2.1/prompt2/selected_faces/detected_person/person_0766_face0.png,Latino_Hispanic,White,Female,20-29,"[0.24186924 0.00840429 0.662091   0.00512761 0.00280281 0.03222165
 0.04748335]",[0.9096031  0.03405627 0.00417762 0.05216299],[5.370009e-04 9.994630e-01],"[7.9312613e-08 4.0402575e-04 1.5790646e-01 7.7925861e-01 6.1622780e-02
 8.0465217e-04 3.3555318e-06 7.8239601e-08 3.6057581e-09]",0,Others,20-39
/scratch/project_462000771/mengting/projects/bias/Wan2.1/prompt2/selected_faces/detected_person/person_0767_face0.png,White,White,Male,20-29,"[9.8576200e-01 1.6437107e-05 9.0986928e-03 4.6587902e-05 7.2787050e-05
 1.1470344e-04 4.8887827e-03]",[9.9857432e-01 1.9268750e-04 9.9447439e-05 1.1336614e-03],[0.9983431  0.00165688],"[5.9252724e-08 7.2067846e-06 1.0386522e-02 6.9071615e-01 2.9222992e-01
 6.6239876e-03 3.5700625e-05 3.8251494e-07 1.4110097e-08]",1,White,20-39
/scratch/project_462000771/mengting/projects/bias/Wan2.1/prompt2/selected_faces/detected_person/person_0768_face0.png,Black,Black,Male,30-39,"[1.6875229e-05 9.9807125e-01 8.4271899e-04 8.2071392e-06 3.2182620e-04
 7.2748028e-04 1.1622482e-05]",[1.24359531e-05 9.99751449e-01 1.02023376e-04 1.34208283e-04],[9.999980e-01 2.056955e-06],"[1.3659532e-09 3.0346456e-08 5.6112977e-04 4.9182537e-01 4.9190909e-01
 1.5552075e-02 1.5143705e-04 8.2041066e-07 2.2576792e-08]",1,Black,20-39
/scratch/project_462000771/mengting/projects/bias/Wan2.1/prompt2/selected_faces/detected_person/person_0769_face0.png,White,White,Male,30-39,"[0.4245126  0.00130892 0.39728275 0.00139211 0.00366041 0.02341668
 0.14842649]",[0.916892   0.01626781 0.04853452 0.01830562],[9.999067e-01 9.324458e-05],"[3.5440411e-07 3.1602008e-06 1.0323679e-04 1.7189622e-02 5.6165707e-01
 4.1097039e-01 1.0044786e-02 3.1217216e-05 1.5847785e-07]",0,White,20-39
/scratch/project_462000771/mengting/projects/bias/Wan2.1/prompt2/selected_faces/detected_person/person_0770_face0.png,White,White,Male,10-19,"[9.7697872e-01 5.5117602e-05 1.4088805e-02 1.4605376e-04 4.7742322e-04
 1.3792889e-04 8.1158299e-03]",[0.9645398  0.0056343  0.02275048 0.00707541],[9.9999684e-01 3.1801746e-06],"[2.5761505e-08 1.3018916e-04 4.9784994e-01 4.9042377e-01 1.1398205e-02
 1.9695026e-04 9.3858529e-07 1.3372148e-08 3.3368622e-10]",1,White,10-19
/scratch/project_462000771/mengting/projects/bias/Wan2.1/prompt2/selected_faces/detected_person/person_0771_face0.png,White,White,Male,20-29,"[9.89460826e-01 1.47945620e-05 6.68871636e-03 1.80778698e-05
 5.40312467e-05 1.18732445e-04 3.64470039e-03]",[9.9405456e-01 5.9827067e-05 3.2015500e-04 5.5654328e-03],[9.9999881e-01 1.1789657e-06],"[1.1641239e-07 2.8998251e-05 3.5272483e-02 7.3773712e-01 2.1415105e-01
 1.2656712e-02 1.5213521e-04 1.3246904e-06 3.3401154e-08]",1,White,20-39
/scratch/project_462000771/mengting/projects/bias/Wan2.1/prompt2/selected_faces/detected_person/person_0772_face0.png,Latino_Hispanic,Indian,Female,20-29,"[0.01807008 0.00379307 0.6495439  0.00867496 0.03041646 0.26973087
 0.01977075]",[0.37209618 0.15159515 0.06993575 0.40637285],[2.5823765e-04 9.9974173e-01],"[1.0179822e-08 2.2648770e-05 6.5442093e-02 8.3092999e-01 1.0275207e-01
 8.5055566e-04 2.5350680e-06 4.6354113e-08 3.4872530e-10]",2,Others,20-39
/scratch/project_462000771/mengting/projects/bias/Wan2.1/prompt2/selected_faces/detected_person/person_0773_face0.png,White,White,Female,20-29,"[9.5855570e-01 1.5262031e-06 2.0363466e-03 7.4107788e-06 9.2085729e-06
 5.8617257e-05 3.9331064e-02]",[9.9930406e-01 6.9016663e-05 6.8249421e-05 5.5865495e-04],[3.3372817e-05 9.9996662e-01],"[4.5377475e-09 1.3633694e-05 3.3896897e-02 8.0484152e-01 1.5832190e-01
 2.9199754e-03 5.9737968e-06 7.9797594e-08 2.3245808e-09]",2,White,20-39
/scratch/project_462000771/mengting/projects/bias/Wan2.1/prompt2/selected_faces/detected_person/person_0774_face0.png,White,White,Female,20-29,"[0.4404844  0.0005652  0.41864777 0.00487762 0.00429074 0.00214331
 0.12899096]",[9.9663496e-01 1.6703983e-04 1.4651906e-03 1.7328096e-03],[0.00929987 0.9907001 ],"[9.53665520e-08 1.11172390e-04 1.31456241e-01 6.37783229e-01
 2.19695002e-01 1.08435964e-02 1.04692284e-04 5.63090225e-06
 2.83947514e-07]",1,White,20-39
/scratch/project_462000771/mengting/projects/bias/Wan2.1/prompt2/selected_faces/detected_person/person_0775_face0.png,White,White,Female,20-29,"[9.1129726e-01 1.9207906e-05 7.6488473e-02 2.5903881e-05 6.9252434e-05
 6.0140021e-04 1.1498522e-02]",[9.99325693e-01 1.94717995e-05 1.00123645e-04 5.54745377e-04],[4.702171e-05 9.999530e-01],"[3.6879331e-09 6.3384009e-06 1.4962260e-02 6.1961657e-01 3.5628614e-01
 9.0975892e-03 3.0920492e-05 2.4992843e-07 3.6080756e-09]",2,White,20-39
/scratch/project_462000771/mengting/projects/bias/Wan2.1/prompt2/selected_faces/detected_person/person_0776_face0.png,White,White,Female,40-49,"[8.2272875e-01 4.0443399e-05 8.6721547e-02 4.2729560e-04 5.4871454e-04
 3.5362255e-03 8.5997023e-02]",[9.4887704e-01 7.9998805e-04 1.7088974e-02 3.3233967e-02],[8.5792766e-05 9.9991423e-01],"[1.3486024e-07 2.2203981e-06 1.5012809e-04 5.2660443e-03 8.6218335e-02
 5.1932961e-01 3.5675153e-01 3.0446230e-02 1.8358337e-03]",1,White,40-59
/scratch/project_462000771/mengting/projects/bias/Wan2.1/prompt2/selected_faces/detected_person/person_0777_face0.png,Indian,Indian,Male,20-29,"[0.00417945 0.19043703 0.18217626 0.00181592 0.03315054 0.5831092
 0.00513159]",[0.0008375  0.3317975  0.00155633 0.6658087 ],[0.99835974 0.00164032],"[1.9461181e-06 1.7996122e-03 2.0398459e-01 6.8719667e-01 1.0335352e-01
 3.6134925e-03 4.8188962e-05 1.8524405e-06 9.8738106e-08]",0,Others,20-39
/scratch/project_462000771/mengting/projects/bias/Wan2.1/prompt2/selected_faces/detected_person/person_0778_face0.png,Black,Black,Male,20-29,"[3.6693084e-05 9.9625552e-01 7.9067284e-04 1.1270936e-05 3.1896442e-04
 2.5460543e-03 4.0969251e-05]",[2.0424809e-04 9.9564916e-01 6.0825056e-04 3.5383333e-03],[0.7507559  0.24924412],"[5.9883405e-07 7.0006594e-05 5.8025308e-02 7.7565253e-01 1.5638782e-01
 9.6134469e-03 2.3942674e-04 9.4382522e-06 1.3753564e-06]",1,Black,20-39
/scratch/project_462000771/mengting/projects/bias/Wan2.1/prompt2/selected_faces/detected_person/person_0779_face0.png,Black,Black,Male,20-29,"[1.7372947e-06 9.9835342e-01 1.0671911e-04 8.2989243e-07 2.8397897e-05
 1.5050487e-03 3.8810635e-06]",[1.0569927e-06 9.9943864e-01 9.6341782e-06 5.5064191e-04],[9.9910313e-01 8.9683733e-04],"[3.7774660e-07 3.9355771e-04 1.6039124e-01 7.6464343e-01 7.2562926e-02
 1.9904620e-03 1.7697157e-05 3.2981873e-07 1.8036308e-08]",0,Black,20-39
/scratch/project_462000771/mengting/projects/bias/Wan2.1/prompt2/selected_faces/detected_person/person_0780_face0.png,White,White,Female,20-29,"[9.8824519e-01 6.1140695e-06 3.9568827e-03 4.4228095e-03 8.7867631e-04
 5.1758758e-05 2.4386118e-03]",[0.829152   0.0009992  0.16766237 0.00218638],[1.1372027e-06 9.9999881e-01],"[1.6536014e-09 9.2587587e-05 1.9888501e-01 7.7235955e-01 2.8406311e-02
 2.5633420e-04 2.5789495e-07 3.0156495e-09 1.2076387e-10]",1,White,20-39
/scratch/project_462000771/mengting/projects/bias/Wan2.1/prompt2/selected_faces/detected_person/person_0781_face0.png,Black,Black,Female,30-39,"[1.3861872e-05 9.9822396e-01 4.9461011e-04 1.6061460e-05 2.0928925e-04
 1.0329101e-03 9.2301452e-06]",[1.6305685e-05 9.9830896e-01 2.4662937e-05 1.6501035e-03],[1.2339588e-04 9.9987662e-01],"[4.2830631e-08 7.2144408e-06 5.8755972e-03 4.5702401e-01 5.1000327e-01
 2.6723217e-02 3.6369509e-04 2.8295635e-06 5.4692734e-08]",0,Black,20-39
/scratch/project_462000771/mengting/projects/bias/Wan2.1/prompt2/selected_faces/detected_person/person_0782_face0.png,Latino_Hispanic,White,Female,20-29,"[0.26290002 0.00328026 0.49343792 0.00052212 0.00098556 0.04716766
 0.1917064 ]",[0.85898453 0.01283029 0.0030889  0.12509623],[0.00112562 0.9988744 ],"[5.8012063e-08 2.1152306e-05 2.9267503e-02 6.5613186e-01 3.0192831e-01
 1.2532580e-02 1.1555008e-04 2.9158589e-06 9.3346102e-08]",1,Others,20-39
/scratch/project_462000771/mengting/projects/bias/Wan2.1/prompt2/selected_faces/detected_person/person_0783_face0.png,White,White,Female,20-29,"[9.2823398e-01 1.6008475e-05 2.8242130e-02 2.2381330e-04 1.7250450e-04
 1.4711987e-03 4.1640446e-02]",[9.7410333e-01 2.8315693e-04 1.2812660e-03 2.4332188e-02],[0.00311427 0.9968857 ],"[1.2097937e-07 3.5014436e-05 1.3443479e-02 4.9042737e-01 4.3403801e-01
 6.1038479e-02 9.9354947e-04 2.2639178e-05 1.3823349e-06]",1,White,20-39
/scratch/project_462000771/mengting/projects/bias/Wan2.1/prompt2/selected_faces/detected_person/person_0784_face0.png,Black,Black,Male,20-29,"[1.3610808e-06 9.9973392e-01 2.6441305e-05 9.7854993e-08 2.7726528e-06
 2.3341744e-04 1.9445233e-06]",[6.6355477e-07 9.9987268e-01 2.7887845e-06 1.2376129e-04],[9.999913e-01 8.698923e-06],"[7.1585453e-07 3.2168024e-04 5.6673355e-02 7.1706146e-01 2.1637625e-01
 9.4873197e-03 7.7912904e-05 1.2026887e-06 7.3581482e-08]",1,Black,20-39
/scratch/project_462000771/mengting/projects/bias/Wan2.1/prompt2/selected_faces/detected_person/person_0785_face0.png,Black,Black,Male,20-29,"[9.7448192e-06 9.9864060e-01 2.4276508e-04 9.4221775e-07 1.7942381e-05
 1.0815094e-03 6.3831790e-06]",[3.3022873e-06 9.9990875e-01 1.2912887e-05 7.5047217e-05],[0.93401545 0.06598454],"[1.1980759e-07 3.7787413e-05 1.6888149e-02 6.2428284e-01 3.4278381e-01
 1.5769890e-02 2.3417480e-04 3.2462099e-06 7.2235622e-08]",0,Black,20-39
/scratch/project_462000771/mengting/projects/bias/Wan2.1/prompt2/selected_faces/detected_person/person_0786_face0.png,White,White,Female,30-39,"[9.9631298e-01 2.5071870e-06 2.7230808e-03 1.0788676e-05 1.9968127e-05
 9.0047315e-06 9.2159578e-04]",[9.9970865e-01 2.2555196e-05 1.8194305e-04 8.6768094e-05],[1.461209e-06 9.999985e-01],"[7.8977758e-09 1.4250094e-06 9.7402977e-04 1.2373669e-01 7.3605585e-01
 1.3749512e-01 1.7236724e-03 1.3123671e-05 9.5146824e-08]",2,White,20-39
/scratch/project_462000771/mengting/projects/bias/Wan2.1/prompt2/selected_faces/detected_person/person_0787_face0.png,White,White,Male,20-29,"[9.9315977e-01 2.7240144e-06 8.3663157e-04 4.7781464e-07 2.6439557e-06
 1.4824648e-05 5.9829322e-03]",[9.99862134e-01 3.50521418e-06 1.48950030e-05 1.19450655e-04],[9.9999928e-01 7.7470725e-07],"[3.0522293e-07 1.9898234e-04 1.2877297e-01 6.9945478e-01 1.5751322e-01
 1.3977401e-02 8.1737729e-05 6.4674867e-07 7.5302573e-09]",0,White,20-39
/scratch/project_462000771/mengting/projects/bias/Wan2.1/prompt2/selected_faces/detected_person/person_0788_face0.png,White,White,Male,30-39,"[7.6832139e-01 2.8803647e-03 3.1564035e-02 3.0718908e-05 9.0201996e-05
 3.3868439e-03 1.9372638e-01]",[9.9566275e-01 1.8543346e-03 2.0498454e-04 2.2780031e-03],[9.9991846e-01 8.1502527e-05],"[8.5627846e-07 2.5542915e-05 2.0206724e-03 2.1836488e-01 7.0966870e-01
 6.9269449e-02 6.3636433e-04 1.3180092e-05 2.9313304e-07]",0,White,20-39
/scratch/project_462000771/mengting/projects/bias/Wan2.1/prompt2/selected_faces/detected_person/person_0789_face0.png,East Asian,Asian,Female,20-29,"[4.0783249e-03 4.0699790e-05 7.3774001e-03 9.2270863e-01 6.3696161e-02
 1.0136436e-03 1.0850976e-03]",[1.8099057e-03 5.7792298e-05 9.9646848e-01 1.6638967e-03],[6.0547358e-05 9.9993944e-01],"[9.1388932e-09 7.0806877e-06 2.0029167e-02 7.7227002e-01 2.0201384e-01
 5.6526097e-03 2.6310126e-05 9.2956111e-07 1.5023151e-08]",0,Asian,20-39
/scratch/project_462000771/mengting/projects/bias/Wan2.1/prompt2/selected_faces/detected_person/person_0790_face0.png,Latino_Hispanic,Indian,Female,20-29,"[0.03366792 0.00163259 0.5508528  0.00123505 0.00292932 0.34026977
 0.0694125 ]",[0.20595342 0.00896446 0.01070583 0.7743763 ],[1.5809841e-05 9.9998420e-01],"[1.6437138e-08 7.6106217e-06 1.7805142e-02 4.9009407e-01 4.4209674e-01
 4.9018439e-02 9.6890243e-04 9.0141866e-06 5.6389705e-08]",0,Others,20-39
/scratch/project_462000771/mengting/projects/bias/Wan2.1/prompt2/selected_faces/detected_person/person_0791_face0.png,Latino_Hispanic,White,Male,20-29,"[0.05139349 0.28135228 0.62456363 0.00213399 0.01824037 0.0009759
 0.02134041]",[0.50793874 0.41392085 0.06918852 0.00895196],[9.9982560e-01 1.7444653e-04],"[1.0097174e-06 6.0926635e-05 1.5443448e-02 7.2766674e-01 2.5401309e-01
 2.7970457e-03 1.6731312e-05 9.4826038e-07 5.6720733e-08]",0,Others,20-39
/scratch/project_462000771/mengting/projects/bias/Wan2.1/prompt2/selected_faces/detected_person/person_0792_face0.png,White,White,Male,30-39,"[9.7048372e-01 1.0763558e-04 1.1657910e-02 6.6145993e-05 1.5605654e-04
 3.5803218e-04 1.7170535e-02]",[9.8890805e-01 9.5856813e-04 8.0185691e-03 2.1148701e-03],[0.5508018  0.44919813],"[1.8386393e-07 4.9888975e-05 1.3304523e-02 4.6515083e-01 4.8918042e-01
 3.2065146e-02 2.4629117e-04 2.5854461e-06 1.2903287e-07]",1,White,20-39
/scratch/project_462000771/mengting/projects/bias/Wan2.1/prompt2/selected_faces/detected_person/person_0793_face0.png,East Asian,Asian,Male,20-29,"[7.7396026e-04 4.4082836e-03 2.8371494e-03 6.4848775e-01 3.4276617e-01
 3.8873556e-04 3.3791538e-04]",[0.01515595 0.17855969 0.79895544 0.0073289 ],[0.98577267 0.01422733],"[8.6839384e-07 1.4162980e-04 6.0396362e-02 7.5792098e-01 1.7120376e-01
 1.0103809e-02 1.9936675e-04 2.9220188e-05 3.9244460e-06]",1,Asian,20-39
/scratch/project_462000771/mengting/projects/bias/Wan2.1/prompt2/selected_faces/detected_person/person_0794_face0.png,White,White,Female,20-29,"[9.6697384e-01 1.0483860e-04 1.8272329e-02 3.4588101e-04 1.7429890e-04
 1.0192826e-03 1.3109473e-02]",[9.9632740e-01 7.5285055e-04 8.1382244e-04 2.1059632e-03],[2.8089547e-04 9.9971914e-01],"[2.6465267e-08 2.8492545e-05 2.9774036e-02 7.3595214e-01 2.2588502e-01
 8.3081881e-03 5.1223284e-05 8.3956792e-07 4.0308368e-08]",1,White,20-39
/scratch/project_462000771/mengting/projects/bias/Wan2.1/prompt2/selected_faces/detected_person/person_0795_face0.png,White,White,Male,20-29,"[8.9238662e-01 6.0524289e-03 5.6901172e-02 4.6323054e-05 1.8964762e-04
 7.2204680e-03 3.7203319e-02]",[0.9883081  0.00316755 0.00203207 0.00649222],[9.990425e-01 9.574793e-04],"[3.2044476e-09 4.9606308e-07 1.9139345e-03 7.0078218e-01 2.9504636e-01
 2.2515322e-03 5.4026659e-06 4.4617348e-08 1.1662636e-09]",1,White,20-39
/scratch/project_462000771/mengting/projects/bias/Wan2.1/prompt2/selected_faces/detected_person/person_0796_face0.png,Middle Eastern,Indian,Female,20-29,"[0.05702451 0.00215035 0.30330893 0.00462098 0.0070508  0.25821587
 0.3676285 ]",[0.17541288 0.04766668 0.0205673  0.75635314],[0.00148495 0.99851507],"[9.1074874e-08 1.2052800e-04 1.3216405e-01 7.9394823e-01 7.2369769e-02
 1.3868061e-03 9.9390245e-06 5.2979595e-07 2.2020730e-08]",2,Others,20-39
/scratch/project_462000771/mengting/projects/bias/Wan2.1/prompt2/selected_faces/detected_person/person_0797_face0.png,White,White,Male,30-39,"[9.9909812e-01 4.7087991e-07 1.8210796e-04 9.4086845e-06 1.6564180e-05
 7.2344842e-06 6.8614463e-04]",[9.9967211e-01 7.6457836e-05 3.9272960e-05 2.1219616e-04],[9.9974948e-01 2.5052854e-04],"[4.9296472e-07 2.1791266e-05 2.1300656e-03 2.9725027e-01 6.1813891e-01
 8.1573486e-02 8.7831769e-04 6.3301968e-06 3.1366437e-07]",1,White,20-39
/scratch/project_462000771/mengting/projects/bias/Wan2.1/prompt2/selected_faces/detected_person/person_0798_face0.png,East Asian,White,Female,20-29,"[1.6225676e-01 2.5267882e-04 2.4891511e-01 4.7578433e-01 9.7218312e-02
 2.4655485e-03 1.3107271e-02]",[0.88958883 0.00217444 0.10641819 0.00181844],[0.05636853 0.9436314 ],"[4.0502371e-07 7.8005868e-04 2.9599860e-01 6.1958653e-01 8.1290275e-02
 2.3233632e-03 1.9265643e-05 1.4404339e-06 6.2504633e-08]",0,Asian,20-39
/scratch/project_462000771/mengting/projects/bias/Wan2.1/prompt2/selected_faces/detected_person/person_0799_face0.png,White,White,Male,20-29,"[7.0961946e-01 1.6327023e-04 7.4179791e-02 1.3019893e-04 3.1672930e-04
 9.9430028e-03 2.0564751e-01]",[0.9026652  0.00293023 0.00192107 0.09248349],[9.9998552e-01 1.4478291e-05],"[9.8292134e-08 1.3028649e-05 1.0562235e-02 8.0190378e-01 1.8564756e-01
 1.8681382e-03 5.1594461e-06 6.6040776e-08 1.8571896e-09]",1,White,20-39
/scratch/project_462000771/mengting/projects/bias/Wan2.1/prompt2/selected_faces/detected_person/person_0800_face0.png,Black,Black,Female,20-29,"[4.8103033e-05 9.9699664e-01 7.5360492e-04 3.0788524e-05 2.6094506e-04
 1.8984951e-03 1.1397127e-05]",[6.9056487e-06 9.9961334e-01 1.6014377e-05 3.6367078e-04],[0.0325468  0.96745324],"[5.7270907e-05 3.2156914e-02 2.7918896e-01 5.9054089e-01 9.4353676e-02
 3.6303212e-03 6.8506604e-05 3.1228144e-06 2.9323360e-07]",0,Black,20-39
/scratch/project_462000771/mengting/projects/bias/Wan2.1/prompt2/selected_faces/detected_person/person_0801_face0.png,Middle Eastern,White,Male,20-29,"[1.4679801e-01 2.8040493e-04 2.7133343e-01 5.1959959e-04 9.5661980e-04
 8.2880845e-03 5.7182378e-01]",[0.9590113  0.00286958 0.00520295 0.03291613],[9.9998748e-01 1.2537592e-05],"[1.8019625e-06 7.9858473e-05 3.3044289e-03 5.6692576e-01 4.2407298e-01
 5.6076790e-03 7.3946162e-06 8.4013891e-08 1.1357912e-09]",1,Others,20-39
/scratch/project_462000771/mengting/projects/bias/Wan2.1/prompt2/selected_faces/detected_person/person_0802_face0.png,Black,Black,Male,50-59,"[3.97854820e-02 7.57853866e-01 1.16955899e-01 1.17508214e-04
 1.81527459e-03 6.15609512e-02 2.19110101e-02]",[0.03642666 0.79376704 0.00800646 0.16179983],[9.9999839e-01 1.6630254e-06],"[2.6679829e-05 4.4152581e-05 5.0743669e-04 2.3728078e-03 1.8199347e-02
 1.5493476e-01 7.0097464e-01 1.2100144e-01 1.9387327e-03]",1,Black,40-59
/scratch/project_462000771/mengting/projects/bias/Wan2.1/prompt2/selected_faces/detected_person/person_0803_face0.png,White,White,Female,20-29,"[0.47040752 0.00145111 0.34661987 0.00130583 0.00079242 0.02559541
 0.1538278 ]",[0.8945157  0.02191825 0.00347979 0.08008631],[3.4072602e-04 9.9965930e-01],"[4.53279059e-09 3.61056373e-05 1.01292334e-01 8.40684533e-01
 5.70841432e-02 8.99862673e-04 2.84073076e-06 1.23643844e-07
 8.69850592e-09]",2,White,20-39
/scratch/project_462000771/mengting/projects/bias/Wan2.1/prompt2/selected_faces/detected_person/person_0804_face0.png,White,White,Female,20-29,"[8.9471149e-01 7.4326206e-05 7.7819973e-02 1.7107493e-03 6.9744169e-04
 2.8966393e-03 2.2089411e-02]",[9.8929107e-01 5.9106643e-04 3.1985149e-03 6.9193132e-03],[0.00597187 0.9940281 ],"[2.1994936e-08 4.9667428e-06 1.5771288e-02 6.2301761e-01 3.4139347e-01
 1.9682428e-02 1.2791100e-04 2.2368606e-06 6.2805810e-08]",0,White,20-39
/scratch/project_462000771/mengting/projects/bias/Wan2.1/prompt2/selected_faces/detected_person/person_0805_face0.png,Black,Black,Female,20-29,"[2.1163310e-04 7.9312944e-01 1.0098709e-02 2.4266077e-04 3.1222771e-03
 1.9313295e-01 6.2328079e-05]",[4.3249194e-04 9.7120768e-01 1.2189142e-03 2.7140928e-02],[1.0540228e-04 9.9989462e-01],"[7.6148243e-09 1.4081672e-05 2.7992034e-02 8.4103042e-01 1.2929335e-01
 1.6630911e-03 7.0100928e-06 5.9143595e-08 8.3684937e-10]",0,Black,20-39
/scratch/project_462000771/mengting/projects/bias/Wan2.1/prompt2/selected_faces/detected_person/person_0806_face0.png,White,White,Male,30-39,"[9.5117378e-01 2.6019043e-04 1.5171050e-02 3.4755145e-04 4.0282350e-04
 1.5885185e-03 3.1056093e-02]",[0.95437247 0.00113219 0.03416587 0.01032946],[0.9647618  0.03523822],"[3.1522391e-06 1.3493866e-04 6.8229120e-03 3.9348632e-01 5.2824265e-01
 6.9553919e-02 1.7048587e-03 4.6475496e-05 4.8371157e-06]",1,White,20-39
/scratch/project_462000771/mengting/projects/bias/Wan2.1/prompt2/selected_faces/detected_person/person_0807_face0.png,East Asian,Asian,Male,20-29,"[2.73278456e-05 1.95879537e-07 5.05024655e-05 9.48631525e-01
 5.12757599e-02 1.31902625e-05 1.54234158e-06]",[4.1508320e-05 1.2313330e-06 9.9993056e-01 2.6640517e-05],[9.9998611e-01 1.3872688e-05],"[1.5537496e-07 1.3107047e-04 1.6760141e-01 7.8074270e-01 5.1041722e-02
 4.8032688e-04 2.3309326e-06 2.3415633e-07 2.6094562e-09]",1,Asian,20-39
/scratch/project_462000771/mengting/projects/bias/Wan2.1/prompt2/selected_faces/detected_person/person_0808_face0.png,Black,White,Male,30-39,"[5.6510113e-02 7.0755911e-01 1.3914810e-01 5.3612271e-04 4.5788926e-03
 5.7051122e-02 3.4616530e-02]",[0.51608783 0.2747311  0.00802729 0.20115384],[9.9999076e-01 9.2002465e-06],"[3.9516038e-08 7.1843317e-07 1.2396832e-04 2.7899635e-01 7.0700991e-01
 1.3835592e-02 3.3062748e-05 3.3942871e-07 8.6096259e-09]",1,Black,20-39
/scratch/project_462000771/mengting/projects/bias/Wan2.1/prompt2/selected_faces/detected_person/person_0809_face0.png,White,Asian,Male,20-29,"[0.38467726 0.00770124 0.30680123 0.0164565  0.0155821  0.01493378
 0.25384778]",[0.33782756 0.01347392 0.57027304 0.07842547],[9.994733e-01 5.267135e-04],"[5.2486939e-06 4.5419813e-04 1.6335167e-01 6.5059227e-01 1.7865986e-01
 6.8702954e-03 6.3634398e-05 2.7142505e-06 8.1420552e-08]",1,White,20-39
/scratch/project_462000771/mengting/projects/bias/Wan2.1/prompt2/selected_faces/detected_person/person_0810_face0.png,White,White,Female,30-39,"[9.67167795e-01 1.08123195e-05 2.04648394e-02 2.30611069e-04
 2.00106879e-04 1.31613197e-04 1.17941871e-02]",[9.9154449e-01 1.2633536e-04 6.8938732e-03 1.4352836e-03],[6.1461174e-06 9.9999386e-01],"[9.0675073e-08 1.5879088e-05 2.7198545e-03 1.1536176e-01 5.1941687e-01
 3.4900439e-01 1.3218716e-02 2.5818674e-04 4.2707065e-06]",1,White,20-39
/scratch/project_462000771/mengting/projects/bias/Wan2.1/prompt2/selected_faces/detected_person/person_0811_face0.png,White,White,Female,20-29,"[9.1548932e-01 3.7979931e-05 4.9751054e-02 6.1285117e-04 6.6075433e-04
 7.9847610e-04 3.2649491e-02]",[9.7158134e-01 4.5181136e-04 1.2921671e-02 1.5045170e-02],[0.01914811 0.9808519 ],"[2.3398695e-07 6.6333057e-05 4.9901251e-02 7.0952374e-01 2.2548047e-01
 1.4865033e-02 1.5857183e-04 4.0949340e-06 1.7489920e-07]",1,White,20-39
/scratch/project_462000771/mengting/projects/bias/Wan2.1/prompt2/selected_faces/detected_person/person_0812_face0.png,Black,Black,Male,20-29,"[2.9923294e-06 9.9995303e-01 2.2628787e-05 1.4637678e-07 1.9928536e-06
 1.6428427e-05 2.8315274e-06]",[2.1481021e-06 9.9997914e-01 2.9922701e-06 1.5655743e-05],[9.9999875e-01 1.2909928e-06],"[2.4925669e-07 4.5714994e-05 2.3034191e-02 7.5080746e-01 2.1472806e-01
 1.1217737e-02 1.6288475e-04 3.4452628e-06 2.5316862e-07]",1,Black,20-39
/scratch/project_462000771/mengting/projects/bias/Wan2.1/prompt2/selected_faces/detected_person/person_0813_face0.png,Black,Black,Male,30-39,"[1.7663314e-04 9.7056574e-01 2.8437208e-03 4.9499213e-04 5.0942786e-03
 2.0711318e-02 1.1334931e-04]",[3.2249685e-05 9.2196387e-01 5.6597241e-03 7.2344095e-02],[9.9992055e-01 7.9439007e-05],"[2.5408801e-06 4.1459964e-05 2.0915293e-03 1.6876081e-01 5.6243867e-01
 2.4516168e-01 2.0603659e-02 8.1077340e-04 8.8886278e-05]",0,Black,20-39
/scratch/project_462000771/mengting/projects/bias/Wan2.1/prompt2/selected_faces/detected_person/person_0814_face0.png,White,White,Male,20-29,"[8.8817257e-01 1.7708537e-05 2.9123934e-02 7.3855021e-04 4.7544495e-04
 3.8409524e-03 7.7630825e-02]",[9.8682439e-01 8.4054096e-05 3.3787491e-03 9.7128451e-03],[9.9998713e-01 1.2841851e-05],"[6.5525754e-08 3.7095781e-06 2.6978855e-03 8.4438223e-01 1.5248969e-01
 4.2600808e-04 3.6117299e-07 7.5621456e-09 1.6275456e-10]",1,White,20-39
/scratch/project_462000771/mengting/projects/bias/Wan2.1/prompt2/selected_faces/detected_person/person_0815_face0.png,East Asian,Asian,Female,20-29,"[3.8632852e-04 1.0516053e-07 3.3690812e-04 9.7099006e-01 2.8127836e-02
 1.3163382e-04 2.7078455e-05]",[6.8062922e-04 2.0796037e-06 9.9911046e-01 2.0679814e-04],[0.00183044 0.99816954],"[8.8053405e-08 2.1505964e-04 2.5524825e-01 7.2149080e-01 2.2813501e-02
 2.3175224e-04 4.6768849e-07 4.9143893e-08 7.6944351e-10]",2,Asian,20-39
/scratch/project_462000771/mengting/projects/bias/Wan2.1/prompt2/selected_faces/detected_person/person_0816_face0.png,White,White,Male,30-39,"[9.6500188e-01 8.8432171e-05 7.8394813e-03 1.3711012e-04 3.1114579e-04
 3.5596133e-04 2.6266048e-02]",[9.9878114e-01 3.0454999e-05 1.1041000e-03 8.4285391e-05],[0.81988126 0.18011875],"[2.43294880e-06 1.13568305e-04 7.01690884e-03 1.76982373e-01
 5.10797203e-01 2.89325327e-01 1.53929191e-02 3.54477932e-04
 1.47687024e-05]",1,White,20-39
/scratch/project_462000771/mengting/projects/bias/Wan2.1/prompt2/selected_faces/detected_person/person_0817_face0.png,White,White,Female,20-29,"[9.5206070e-01 1.0149464e-04 2.7735839e-02 2.5846848e-05 2.7051854e-05
 2.8783307e-04 1.9761177e-02]",[9.9704391e-01 1.3277124e-03 4.6510148e-05 1.5818557e-03],[1.3730563e-04 9.9986267e-01],"[3.8220636e-09 2.6947753e-05 8.2815163e-02 7.7829516e-01 1.3657044e-01
 2.2875888e-03 4.6401337e-06 5.2224056e-08 1.8517455e-09]",1,White,20-39
/scratch/project_462000771/mengting/projects/bias/Wan2.1/prompt2/selected_faces/detected_person/person_0818_face0.png,White,Indian,Male,30-39,"[4.9916050e-01 3.9368463e-04 1.8412343e-01 2.7448413e-04 7.3325960e-04
 6.2385891e-02 2.5292870e-01]",[0.37716386 0.00113112 0.00181349 0.6198916 ],[9.9998325e-01 1.6772859e-05],"[1.24869496e-06 1.01398045e-05 2.01289819e-04 4.79854271e-02
 7.05295444e-01 2.44256228e-01 2.23802589e-03 1.19905744e-05
 2.47296896e-07]",1,White,20-39
/scratch/project_462000771/mengting/projects/bias/Wan2.1/prompt2/selected_faces/detected_person/person_0819_face0.png,White,White,Female,20-29,"[8.5116410e-01 9.9810095e-05 1.2324179e-01 1.9804577e-03 1.5973214e-03
 1.6643698e-03 2.0252101e-02]",[9.7635227e-01 7.2045537e-04 1.8568018e-02 4.3592439e-03],[0.01757764 0.98242235],"[8.1361257e-08 1.8115388e-04 1.7735149e-01 7.1233964e-01 1.0665651e-01
 3.4452353e-03 2.5074371e-05 7.1283313e-07 4.5783256e-08]",1,White,20-39
/scratch/project_462000771/mengting/projects/bias/Wan2.1/prompt2/selected_faces/detected_person/person_0820_face0.png,Latino_Hispanic,White,Female,20-29,"[0.29326534 0.00224233 0.56586796 0.00098635 0.0019253  0.00513096
 0.1305818 ]",[0.8270548  0.06065352 0.00836448 0.10392728],[5.046514e-04 9.994953e-01],"[3.2118310e-09 2.2661095e-05 1.8610492e-01 7.6305711e-01 5.0608732e-02
 2.0632091e-04 2.4272470e-07 2.7897822e-09 2.7684282e-11]",0,Others,20-39
/scratch/project_462000771/mengting/projects/bias/Wan2.1/prompt2/selected_faces/detected_person/person_0821_face0.png,White,White,Female,20-29,"[0.47382104 0.00086942 0.12170951 0.00200821 0.00249353 0.00462999
 0.39446825]",[0.91351014 0.01289105 0.00641373 0.06718516],[0.48294857 0.51705146],"[2.5167959e-05 1.6616234e-03 1.4945126e-01 4.2757645e-01 3.4161118e-01
 7.4370362e-02 4.8470255e-03 4.1948562e-04 3.7447473e-05]",1,White,20-39
/scratch/project_462000771/mengting/projects/bias/Wan2.1/prompt2/selected_faces/detected_person/person_0823_face0.png,Latino_Hispanic,Black,Female,20-29,"[0.05351448 0.08180405 0.8209594  0.0034923  0.01602086 0.01919441
 0.00501471]",[0.43092212 0.5439874  0.00480742 0.02028308],[0.00712896 0.992871  ],"[5.17608441e-07 3.66799009e-04 1.09091885e-01 6.51033580e-01
 2.27384731e-01 1.19467387e-02 1.68497034e-04 6.94938490e-06
 2.99376268e-07]",1,Others,20-39
/scratch/project_462000771/mengting/projects/bias/Wan2.1/prompt2/selected_faces/detected_person/person_0824_face0.png,Black,Black,Male,20-29,"[1.74928457e-04 9.69082117e-01 4.67220275e-03 1.36636675e-03
 9.09656286e-03 1.53284455e-02 2.79416592e-04]",[0.00215139 0.782724   0.20328088 0.0118438 ],[0.86957645 0.13042347],"[4.3919350e-05 4.7048186e-03 1.9709632e-01 6.7247719e-01 1.1153218e-01
 1.3711085e-02 4.0861373e-04 2.3260547e-05 2.7642702e-06]",0,Black,20-39
/scratch/project_462000771/mengting/projects/bias/Wan2.1/prompt2/selected_faces/detected_person/person_0825_face0.png,White,White,Male,20-29,"[7.7992994e-01 2.4919254e-05 1.3679330e-01 7.1723280e-03 5.7855956e-03
 8.9784069e-03 6.1315496e-02]",[9.9457175e-01 2.2994713e-05 1.7116009e-03 3.6936654e-03],[9.9997675e-01 2.3292452e-05],"[4.1688185e-08 1.1726879e-05 5.7814256e-03 8.5995692e-01 1.3350156e-01
 7.4753707e-04 8.5859961e-07 9.6411163e-09 1.9852553e-10]",1,White,20-39
/scratch/project_462000771/mengting/projects/bias/Wan2.1/prompt2/selected_faces/detected_person/person_0826_face0.png,Black,Black,Female,20-29,"[6.1696795e-05 9.1357666e-01 5.2620331e-03 2.6933776e-04 8.4937122e-03
 7.2323106e-02 1.3383847e-05]",[1.9000161e-05 9.9689001e-01 3.2482986e-04 2.7662008e-03],[0.02130288 0.9786971 ],"[1.0179285e-07 4.9187656e-04 2.6794052e-01 6.9658828e-01 3.4427587e-02
 5.4849306e-04 3.0434180e-06 6.0707919e-08 2.1877340e-09]",0,Black,20-39
/scratch/project_462000771/mengting/projects/bias/Wan2.1/prompt2/selected_faces/detected_person/person_0827_face0.png,White,White,Female,20-29,"[9.1812754e-01 8.5421395e-04 3.5830949e-02 1.3417983e-04 2.1281229e-04
 1.0893280e-03 4.3750979e-02]",[0.97020525 0.01781462 0.00110038 0.01087977],[0.20182133 0.7981787 ],"[2.7136525e-06 2.2194101e-04 2.4539784e-02 5.1893067e-01 4.1358954e-01
 4.1779362e-02 8.9022948e-04 3.9763210e-05 5.9952908e-06]",1,White,20-39
/scratch/project_462000771/mengting/projects/bias/Wan2.1/prompt2/selected_faces/detected_person/person_0828_face0.png,East Asian,Asian,Male,20-29,"[5.6050339e-04 2.8528323e-04 5.1568160e-03 5.3136802e-01 4.5642349e-01
 5.8047175e-03 4.0118577e-04]",[1.4327461e-03 4.7067727e-04 9.8906732e-01 9.0292897e-03],[9.999671e-01 3.291951e-05],"[1.0171124e-07 3.4327622e-04 3.1202844e-01 6.5382671e-01 3.3528674e-02
 2.7159267e-04 1.0847930e-06 5.6298830e-08 1.2689931e-09]",0,Asian,20-39
/scratch/project_462000771/mengting/projects/bias/Wan2.1/prompt2/selected_faces/detected_person/person_0829_face0.png,White,White,Female,20-29,"[9.9860477e-01 7.5765638e-07 5.2641099e-04 3.2935868e-06 1.9501579e-06
 9.8442079e-06 8.5301936e-04]",[9.9970430e-01 5.1985749e-05 1.0612608e-04 1.3768971e-04],[9.946943e-04 9.990053e-01],"[2.3297590e-08 6.4057123e-05 7.5280070e-02 8.1783140e-01 1.0448364e-01
 2.3331931e-03 7.5880266e-06 5.4287721e-08 1.7837761e-09]",1,White,20-39
/scratch/project_462000771/mengting/projects/bias/Wan2.1/prompt2/selected_faces/detected_person/person_0830_face0.png,Indian,Indian,Female,20-29,"[5.1341332e-03 2.8545612e-02 5.8918759e-02 5.7094137e-04 4.2405594e-03
 8.9448291e-01 8.1070997e-03]",[0.01526944 0.03956578 0.0015566  0.94360816],[0.00887933 0.99112064],"[3.7782357e-07 3.6069201e-04 1.3940664e-01 7.8518325e-01 7.2693832e-02
 2.3295637e-03 2.3958019e-05 1.6072370e-06 1.1342319e-07]",1,Others,20-39
/scratch/project_462000771/mengting/projects/bias/Wan2.1/prompt2/selected_faces/detected_person/person_0831_face0.png,Latino_Hispanic,White,Female,10-19,"[1.9645140e-01 4.8493361e-03 6.7032814e-01 3.0309177e-04 6.6122727e-04
 6.4828969e-03 1.2092389e-01]",[0.85262394 0.04507786 0.00252261 0.09977562],[0.00171892 0.99828106],"[5.8821762e-08 1.0999177e-03 4.9533352e-01 4.7486189e-01 2.8397333e-02
 3.0651290e-04 7.4312447e-07 2.6913131e-08 1.3876283e-09]",1,Others,10-19
/scratch/project_462000771/mengting/projects/bias/Wan2.1/prompt2/selected_faces/detected_person/person_0832_face0.png,White,White,Male,30-39,"[8.7407291e-01 2.4465850e-04 3.4065850e-02 8.7708351e-05 2.7098064e-04
 1.1925723e-02 7.9332143e-02]",[9.7699124e-01 2.8983521e-04 6.1973813e-04 2.2099199e-02],[9.999204e-01 7.958501e-05],"[1.2850558e-06 6.0841710e-05 4.2196782e-03 4.7219035e-01 5.0049269e-01
 2.2900838e-02 1.3229277e-04 1.8390921e-06 1.2654979e-07]",1,White,20-39
/scratch/project_462000771/mengting/projects/bias/Wan2.1/prompt2/selected_faces/detected_person/person_0833_face0.png,Black,Black,Female,20-29,"[1.09378256e-07 9.99991238e-01 4.38953020e-06 4.60562291e-08
 1.43373950e-06 2.69576299e-06 1.84264639e-08]",[4.5453930e-08 9.9999869e-01 8.4710302e-07 3.1079693e-07],[0.20878966 0.7912103 ],"[5.6196416e-08 4.1946161e-05 4.6621863e-02 8.1934321e-01 1.3100648e-01
 2.9588004e-03 2.7494225e-05 1.3184773e-07 5.8816632e-09]",1,Black,20-39
/scratch/project_462000771/mengting/projects/bias/Wan2.1/prompt2/selected_faces/detected_person/person_0834_face0.png,White,White,Male,20-29,"[9.9086636e-01 5.8687374e-07 3.3281958e-03 2.6135285e-05 2.9196292e-05
 6.6677429e-05 5.6827790e-03]",[9.9985182e-01 2.9211029e-07 1.8826629e-05 1.2910842e-04],[9.9995685e-01 4.3193246e-05],"[5.8622636e-09 1.3251770e-06 1.0110722e-03 5.4158074e-01 4.5039931e-01
 7.0007350e-03 6.7471324e-06 2.5057247e-08 5.3180366e-10]",1,White,20-39
/scratch/project_462000771/mengting/projects/bias/Wan2.1/prompt2/selected_faces/detected_person/person_0835_face0.png,White,White,Male,20-29,"[8.9537865e-01 5.0955227e-06 1.0981443e-02 3.9959682e-06 9.6537551e-06
 4.7422867e-04 9.3146965e-02]",[9.8671645e-01 7.8188583e-05 8.2351900e-05 1.3123035e-02],[9.9998456e-01 1.5450183e-05],"[7.3404870e-08 8.7817734e-06 5.5439086e-03 7.0371413e-01 2.8700101e-01
 3.7279287e-03 4.1367475e-06 2.4501482e-08 4.8898274e-10]",0,White,20-39
/scratch/project_462000771/mengting/projects/bias/Wan2.1/prompt2/selected_faces/detected_person/person_0836_face0.png,Black,Black,Male,30-39,"[3.8976559e-05 9.8791599e-01 6.4815470e-04 1.4551463e-06 3.2197560e-05
 1.1264012e-02 9.9072546e-05]",[1.6799913e-05 9.9803609e-01 8.8126420e-05 1.8590325e-03],[0.99833447 0.00166551],"[6.9183748e-09 6.5186032e-07 8.8196574e-04 3.8118806e-01 5.9260499e-01
 2.5197346e-02 1.2557380e-04 1.3366814e-06 5.6252187e-08]",1,Black,20-39
/scratch/project_462000771/mengting/projects/bias/Wan2.1/prompt2/selected_faces/detected_person/person_0837_face0.png,White,White,Male,30-39,"[9.9734914e-01 7.2674575e-06 9.2502276e-04 2.9449025e-06 5.7894003e-06
 5.0253366e-05 1.6595001e-03]",[9.9788731e-01 4.2312802e-04 4.4732009e-05 1.6448480e-03],[9.999168e-01 8.321473e-05],"[3.6006838e-08 3.0850506e-06 7.5261830e-04 3.5464895e-01 6.1447752e-01
 2.9940408e-02 1.7671655e-04 6.6632208e-07 2.1535470e-08]",1,White,20-39
/scratch/project_462000771/mengting/projects/bias/Wan2.1/prompt2/selected_faces/detected_person/person_0838_face0.png,Latino_Hispanic,Indian,Male,30-39,"[2.4091604e-01 8.1197955e-03 4.5192882e-01 3.6987584e-04 1.8440819e-03
 1.9539908e-01 1.0142228e-01]",[0.3627981  0.04408408 0.00343851 0.5896793 ],[9.997631e-01 2.369666e-04],"[5.9758474e-07 8.4908579e-06 5.7315972e-04 1.6077630e-01 7.8217208e-01
 5.6199912e-02 2.6665462e-04 2.7798635e-06 7.2157142e-08]",1,Others,20-39
/scratch/project_462000771/mengting/projects/bias/Wan2.1/prompt2/selected_faces/detected_person/person_0839_face0.png,White,White,Male,20-29,"[9.9794364e-01 3.3024271e-06 6.1468215e-04 2.4996407e-06 6.8198847e-06
 3.8152655e-05 1.3908888e-03]",[9.9883360e-01 3.5931065e-05 6.7616631e-05 1.0628444e-03],[9.9916553e-01 8.3446770e-04],"[1.2470920e-07 4.7825670e-05 1.2613962e-02 7.9501909e-01 1.8913351e-01
 3.1695811e-03 1.5797026e-05 1.3036872e-07 6.4012404e-09]",1,White,20-39
/scratch/project_462000771/mengting/projects/bias/Wan2.1/prompt2/selected_faces/detected_person/person_0840_face0.png,White,White,Female,20-29,"[9.7376055e-01 3.6358012e-06 5.7681785e-03 3.8780425e-05 3.4343262e-05
 5.2361793e-05 2.0342046e-02]",[9.9966854e-01 4.1398023e-05 1.8822188e-04 1.0182611e-04],[0.00171856 0.9982814 ],"[3.4823859e-08 4.2174750e-05 6.2083039e-02 7.0994323e-01 2.2363774e-01
 4.2795390e-03 1.4022851e-05 1.9756681e-07 4.2156589e-09]",0,White,20-39
/scratch/project_462000771/mengting/projects/bias/Wan2.1/prompt2/selected_faces/detected_person/person_0841_face0.png,East Asian,Asian,Female,20-29,"[4.3338235e-04 1.0567657e-05 2.2935034e-03 9.1493726e-01 8.1834562e-02
 4.6967863e-04 2.1040283e-05]",[1.1575306e-03 2.6929614e-04 9.9689108e-01 1.6820901e-03],[1.2563597e-04 9.9987435e-01],"[4.3723578e-08 5.6465087e-05 5.2140385e-02 8.0793971e-01 1.3628231e-01
 3.5561272e-03 2.3855426e-05 1.1517800e-06 1.4404514e-08]",0,Asian,20-39
/scratch/project_462000771/mengting/projects/bias/Wan2.1/prompt2/selected_faces/detected_person/person_0842_face0.png,White,White,Male,30-39,"[8.6191893e-01 5.4199464e-04 2.8785400e-02 1.2764790e-05 9.2124610e-05
 4.3440107e-03 1.0430475e-01]",[9.7053456e-01 1.2698093e-03 6.4865082e-05 2.8130749e-02],[9.9991673e-01 8.3282139e-05],"[2.8313173e-07 6.9900698e-06 2.9854837e-04 7.1561895e-02 7.7939594e-01
 1.4709383e-01 1.6333781e-03 8.9651239e-06 2.4063979e-07]",1,White,20-39
/scratch/project_462000771/mengting/projects/bias/Wan2.1/prompt2/selected_faces/detected_person/person_0843_face0.png,Latino_Hispanic,Indian,Female,20-29,"[0.0891654  0.00131407 0.60390663 0.01060449 0.01446937 0.18365195
 0.09688801]",[0.1059722  0.01229745 0.01243838 0.86929196],[0.05169377 0.9483062 ],"[1.3525480e-06 1.1491417e-03 2.4615036e-01 6.7678285e-01 7.2452135e-02
 3.3975139e-03 5.9921927e-05 5.8789365e-06 8.3926614e-07]",1,Others,20-39
/scratch/project_462000771/mengting/projects/bias/Wan2.1/prompt2/selected_faces/detected_person/person_0844_face0.png,White,White,Female,30-39,"[8.9408040e-01 1.6043766e-03 4.1136369e-02 1.7953134e-04 3.3157598e-04
 1.0414755e-03 6.1626270e-02]",[9.9705398e-01 4.1679569e-04 1.2857164e-04 2.4006327e-03],[0.24728712 0.75271285],"[1.1566017e-06 1.0334607e-04 1.9069450e-02 4.6266085e-01 4.6457711e-01
 5.2519884e-02 1.0289134e-03 3.5763693e-05 3.4803859e-06]",1,White,20-39
/scratch/project_462000771/mengting/projects/bias/Wan2.1/prompt2/selected_faces/detected_person/person_0845_face0.png,White,White,Male,20-29,"[9.7700977e-01 5.8154383e-04 1.7556898e-02 2.2288588e-05 2.8394999e-05
 8.3293894e-04 3.9681406e-03]",[0.98974514 0.00307048 0.00221484 0.00496955],[9.9939483e-01 6.0521037e-04],"[1.7176608e-07 3.9793089e-05 3.5984591e-02 8.6164498e-01 1.0130684e-01
 1.0191837e-03 4.2945821e-06 8.5919702e-08 7.0812134e-09]",1,White,20-39
/scratch/project_462000771/mengting/projects/bias/Wan2.1/prompt2/selected_faces/detected_person/person_0846_face0.png,White,White,Female,20-29,"[9.2655325e-01 1.1936152e-06 6.8818326e-03 1.1878987e-05 1.3513127e-05
 2.6150729e-04 6.6276856e-02]",[9.9839491e-01 1.2251626e-05 1.4646663e-04 1.4463799e-03],[0.0014459 0.9985541],"[3.03841863e-09 9.86325858e-07 6.64076256e-03 6.49383187e-01
 3.33558738e-01 1.03605259e-02 5.49915785e-05 7.76279649e-07
 1.18495915e-08]",1,White,20-39
/scratch/project_462000771/mengting/projects/bias/Wan2.1/prompt2/selected_faces/detected_person/person_0847_face0.png,Black,Black,Female,10-19,"[1.6583846e-07 9.9998689e-01 2.5529469e-06 1.4262454e-07 1.7179800e-06
 8.4758312e-06 3.2434837e-08]",[6.6850710e-08 9.9999517e-01 9.5465907e-07 3.7668826e-06],[0.00101708 0.99898297],"[8.0227414e-07 2.0611752e-02 6.3539374e-01 3.1913483e-01 2.4682913e-02
 1.7506635e-04 9.3450529e-07 1.1695415e-08 8.3854457e-10]",0,Black,10-19
/scratch/project_462000771/mengting/projects/bias/Wan2.1/prompt2/selected_faces/detected_person/person_0848_face0.png,Black,Black,Female,20-29,"[7.0498108e-06 9.9102736e-01 8.1025797e-04 3.2569594e-06 7.2618233e-05
 8.0743367e-03 5.1250036e-06]",[1.1156296e-06 9.9988586e-01 3.5718999e-06 1.0945554e-04],[4.8136426e-04 9.9951869e-01],"[1.9527729e-07 1.1469299e-03 1.7154376e-01 7.1946812e-01 1.0559946e-01
 2.2208262e-03 2.0520156e-05 1.9267729e-07 2.7377547e-09]",0,Black,20-39
/scratch/project_462000771/mengting/projects/bias/Wan2.1/prompt2/selected_faces/detected_person/person_0850_face0.png,East Asian,Asian,Male,20-29,"[5.9675262e-04 1.2996270e-05 2.4823507e-03 6.6876626e-01 3.2769066e-01
 4.2903586e-04 2.1948124e-05]",[1.21875352e-03 1.04733306e-04 9.97803867e-01 8.72650533e-04],[9.9980640e-01 1.9357196e-04],"[1.06802993e-07 3.60524398e-04 3.88813347e-01 5.99203348e-01
 1.15562649e-02 6.62098755e-05 1.74363294e-07 1.25772734e-08
 2.80667573e-10]",1,Asian,20-39
/scratch/project_462000771/mengting/projects/bias/Wan2.1/prompt2/selected_faces/detected_person/person_0851_face0.png,Black,Black,Female,20-29,"[1.6165973e-07 9.9995303e-01 1.8413450e-05 1.5534894e-08 2.3176196e-07
 2.8075721e-05 3.8817312e-08]",[2.3358506e-07 9.9998635e-01 3.6894428e-07 1.3017743e-05],[1.1130383e-05 9.9998885e-01],"[1.8023438e-09 1.7208258e-06 6.7079095e-03 6.7025840e-01 3.1307381e-01
 9.8713012e-03 8.6676955e-05 1.6725996e-07 5.8940525e-10]",0,Black,20-39
/scratch/project_462000771/mengting/projects/bias/Wan2.1/prompt2/selected_faces/detected_person/person_0852_face0.png,East Asian,Asian,Female,20-29,"[0.12464193 0.0014789  0.19164513 0.44090885 0.19383688 0.01334203
 0.03414628]",[0.39845848 0.00139328 0.597487   0.00266131],[0.26902044 0.7309795 ],"[1.7693963e-04 1.3241558e-01 4.0788087e-01 4.2100069e-01 3.7132729e-02
 1.3688196e-03 2.0908319e-05 3.0644464e-06 3.9224767e-07]",1,Asian,20-39
/scratch/project_462000771/mengting/projects/bias/Wan2.1/prompt2/selected_faces/detected_person/person_0853_face0.png,Latino_Hispanic,White,Female,20-29,"[0.31581408 0.00089339 0.55779755 0.01062871 0.00709452 0.01090982
 0.09686188]",[0.9593005  0.01580616 0.01146298 0.01343031],[6.717756e-05 9.999329e-01],"[3.4545263e-08 2.7855663e-04 2.1204765e-01 7.5807077e-01 2.9414037e-02
 1.8862920e-04 2.5390796e-07 4.4718558e-09 7.6311582e-11]",0,Others,20-39
/scratch/project_462000771/mengting/projects/bias/Wan2.1/prompt2/selected_faces/detected_person/person_0854_face0.png,Black,Black,Male,10-19,"[5.1413544e-06 9.9949884e-01 1.7821236e-04 8.1142935e-07 2.7903166e-05
 2.7005913e-04 1.8877277e-05]",[6.4140852e-07 9.9986345e-01 4.8962529e-06 1.3094235e-04],[9.999932e-01 6.781776e-06],"[4.8381590e-08 3.0218234e-04 5.4210222e-01 4.4916406e-01 8.1990706e-03
 2.3043682e-04 1.9123104e-06 8.1006846e-08 4.1043440e-09]",1,Black,10-19
/scratch/project_462000771/mengting/projects/bias/Wan2.1/prompt2/selected_faces/detected_person/person_0855_face0.png,Latino_Hispanic,White,Female,20-29,"[2.5524217e-01 3.1538901e-04 5.5646193e-01 8.5073698e-04 1.0840942e-03
 2.0450788e-02 1.6559483e-01]",[0.87767994 0.01700082 0.00707707 0.09824213],[1.1382650e-04 9.9988616e-01],"[2.94902804e-08 1.24557018e-05 2.01751348e-02 5.42643249e-01
 4.22970593e-01 1.40880924e-02 1.08604494e-04 1.79715767e-06
 1.71169070e-08]",0,Others,20-39
/scratch/project_462000771/mengting/projects/bias/Wan2.1/prompt2/selected_faces/detected_person/person_0856_face0.png,Black,Black,Male,20-29,"[6.5285414e-05 7.4323386e-01 4.5893034e-03 2.4450674e-06 1.7833672e-04
 2.5142485e-01 5.0596241e-04]",[1.16322015e-04 7.04566240e-01 2.00815834e-04 2.95116603e-01],[9.9999982e-01 1.6335767e-07],"[8.2721403e-09 2.5019842e-06 5.1430208e-03 6.1092001e-01 3.7558952e-01
 8.3256001e-03 1.9217894e-05 9.0826788e-08 1.4296722e-09]",1,Black,20-39
/scratch/project_462000771/mengting/projects/bias/Wan2.1/prompt2/selected_faces/detected_person/person_0857_face0.png,White,White,Male,30-39,"[9.9065787e-01 7.6748154e-05 4.3371855e-03 9.2819566e-04 9.3045022e-04
 7.1795279e-05 2.9978876e-03]",[9.9899244e-01 6.6725601e-04 2.5573076e-04 8.4666637e-05],[0.9409899  0.05901008],"[1.9469131e-05 3.5908812e-04 8.9369677e-03 1.6557409e-01 4.3416551e-01
 3.4100428e-01 4.6833877e-02 2.6302510e-03 4.7658768e-04]",1,White,20-39
/scratch/project_462000771/mengting/projects/bias/Wan2.1/prompt2/selected_faces/detected_person/person_0858_face0.png,White,Indian,Male,30-39,"[6.6475576e-01 4.9097752e-03 2.2253729e-01 5.6314538e-04 1.3296957e-03
 3.9563868e-02 6.6340469e-02]",[0.37879476 0.07190308 0.01263627 0.53666586],[9.9972278e-01 2.7721815e-04],"[2.8763407e-06 8.4330270e-05 2.7240224e-03 3.5325480e-01 6.0866511e-01
 3.4941439e-02 3.2379155e-04 3.4985803e-06 1.2139377e-07]",1,White,20-39
/scratch/project_462000771/mengting/projects/bias/Wan2.1/prompt2/selected_faces/detected_person/person_0859_face0.png,Latino_Hispanic,Indian,Female,20-29,"[0.01394916 0.00037552 0.3179477  0.23466255 0.2777701  0.1486691
 0.00662589]",[0.2559256  0.0209484  0.17823356 0.54489243],[3.1385414e-04 9.9968618e-01],"[8.96766483e-09 1.00759235e-05 4.46296558e-02 8.60274792e-01
 9.33729038e-02 1.70724513e-03 5.10209202e-06 1.81304173e-07
 2.38766384e-09]",2,Others,20-39
/scratch/project_462000771/mengting/projects/bias/Wan2.1/prompt2/selected_faces/detected_person/person_0860_face0.png,Black,Black,Male,20-29,"[3.6697852e-04 9.3528980e-01 3.1439114e-02 6.1817194e-04 2.2397172e-02
 9.0303887e-03 8.5833989e-04]",[0.00174467 0.7866353  0.19379666 0.01782341],[9.999433e-01 5.667877e-05],"[5.2000934e-07 1.4945899e-05 9.5665166e-03 6.6782796e-01 3.0360502e-01
 1.8664252e-02 3.0853841e-04 1.1650980e-05 7.0288911e-07]",0,Black,20-39
/scratch/project_462000771/mengting/projects/bias/Wan2.1/prompt2/selected_faces/detected_person/person_0861_face0.png,White,White,Male,20-29,"[9.8845977e-01 1.5486674e-05 4.1060173e-03 1.4468795e-06 7.4168061e-06
 2.1359201e-03 5.2740015e-03]",[9.8205173e-01 3.8267997e-05 2.9165829e-05 1.7880816e-02],[0.7657886 0.2342114],"[7.8126954e-09 6.7532565e-06 1.2987375e-02 8.2130170e-01 1.6404501e-01
 1.6568842e-03 2.2713562e-06 3.1942150e-08 1.3272015e-09]",1,White,20-39
/scratch/project_462000771/mengting/projects/bias/Wan2.1/prompt2/selected_faces/detected_person/person_0862_face0.png,Black,Black,Male,20-29,"[1.6597456e-06 9.9847072e-01 1.0197118e-04 4.1341727e-06 2.1920056e-04
 1.2018475e-03 4.2650169e-07]",[1.4235283e-06 9.9979603e-01 3.4544020e-05 1.6802592e-04],[9.9991661e-01 8.3362494e-05],"[2.0504995e-08 2.6567011e-06 1.1140768e-02 8.0806983e-01 1.7816521e-01
 2.6112653e-03 1.0109261e-05 9.2961820e-08 4.8213171e-09]",1,Black,20-39
/scratch/project_462000771/mengting/projects/bias/Wan2.1/prompt2/selected_faces/detected_person/person_0863_face0.png,Latino_Hispanic,Indian,Female,30-39,"[0.02057499 0.01162797 0.8028106  0.00158507 0.01147437 0.14401484
 0.00791207]",[0.21625097 0.07192577 0.0438286  0.6679946 ],[3.240641e-05 9.999676e-01],"[6.5481622e-08 2.6818102e-06 1.3956345e-03 7.1119711e-02 5.4806119e-01
 3.6085355e-01 1.8336823e-02 2.2950828e-04 9.6861027e-07]",0,Others,20-39
/scratch/project_462000771/mengting/projects/bias/Wan2.1/prompt2/selected_faces/detected_person/person_0864_face0.png,Black,Black,Male,30-39,"[3.1252923e-05 9.8440969e-01 1.6495688e-03 4.0998179e-06 1.3436947e-04
 1.3741980e-02 2.9067889e-05]",[3.6146717e-05 9.9753916e-01 2.0902074e-04 2.2156655e-03],[9.999005e-01 9.948082e-05],"[3.9746882e-07 3.1636093e-05 2.1015971e-03 3.8858104e-01 5.9497172e-01
 1.4283496e-02 3.0039198e-05 1.8198665e-07 4.5721560e-09]",1,Black,20-39
/scratch/project_462000771/mengting/projects/bias/Wan2.1/prompt2/selected_faces/detected_person/person_0865_face0.png,Latino_Hispanic,Indian,Male,20-29,"[2.0655282e-01 2.5108967e-03 5.5558574e-01 1.7040837e-04 1.0623580e-03
 9.3429580e-02 1.4068817e-01]",[0.13157627 0.01012968 0.0016506  0.85664344],[9.9997669e-01 2.3260576e-05],"[6.4667596e-08 5.0149492e-06 5.4334574e-03 7.6558965e-01 2.2490205e-01
 4.0568882e-03 1.2684988e-05 2.1094952e-07 6.2217000e-09]",0,Others,20-39
/scratch/project_462000771/mengting/projects/bias/Wan2.1/prompt2/selected_faces/detected_person/person_0866_face0.png,Black,Black,Male,30-39,"[4.5877719e-08 9.9998182e-01 1.2094242e-06 6.7134756e-09 1.2158925e-07
 1.6611581e-05 2.1575048e-07]",[2.3118274e-07 9.9997091e-01 1.3773719e-06 2.7429405e-05],[9.9999803e-01 1.9728211e-06],"[4.1786016e-08 3.0268752e-06 1.6082125e-03 3.0927849e-01 5.7871491e-01
 1.0853991e-01 1.8395486e-03 1.5053559e-05 8.3423129e-07]",1,Black,20-39
/scratch/project_462000771/mengting/projects/bias/Wan2.1/prompt2/selected_faces/detected_person/person_0867_face0.png,White,White,Female,20-29,"[9.1513258e-01 1.1834911e-05 2.2859121e-02 3.1352954e-04 7.9822174e-05
 3.5463995e-04 6.1248451e-02]",[9.9648023e-01 6.7374516e-05 7.2960590e-04 2.7227621e-03],[1.0357096e-04 9.9989641e-01],"[1.3154124e-08 1.0926953e-05 1.8216513e-02 6.6492289e-01 3.0724838e-01
 9.5685227e-03 3.2283922e-05 4.5209251e-07 9.8430721e-09]",2,White,20-39
/scratch/project_462000771/mengting/projects/bias/Wan2.1/prompt2/selected_faces/detected_person/person_0868_face0.png,White,White,Female,20-29,"[4.7381037e-01 2.5775659e-04 1.5622976e-01 9.4821327e-05 1.8466334e-04
 1.3524678e-02 3.5589796e-01]",[0.6840836  0.01428373 0.00147452 0.3001581 ],[0.00296214 0.9970379 ],"[2.2382377e-08 1.3794803e-05 3.3474017e-02 7.7374870e-01 1.8707058e-01
 5.6575094e-03 3.4899203e-05 5.4862096e-07 9.8581641e-09]",1,White,20-39
/scratch/project_462000771/mengting/projects/bias/Wan2.1/prompt2/selected_faces/detected_person/person_0869_face0.png,White,White,Female,30-39,"[9.9057096e-01 2.2341003e-06 2.8548625e-03 6.7261845e-04 1.8227608e-04
 1.5641041e-05 5.7012895e-03]",[9.9823105e-01 1.6245089e-05 1.3864692e-03 3.6623733e-04],[1.3118343e-04 9.9986887e-01],"[3.3541927e-08 2.7694068e-06 1.1053937e-03 1.2826072e-01 5.7632631e-01
 2.8547949e-01 8.7273521e-03 9.6448442e-05 1.4264906e-06]",1,White,20-39
/scratch/project_462000771/mengting/projects/bias/Wan2.1/prompt2/selected_faces/detected_person/person_0870_face0.png,East Asian,Asian,Female,10-19,"[5.5767992e-04 2.1058970e-06 2.6692087e-03 8.7109101e-01 1.2543553e-01
 2.1013017e-04 3.4348264e-05]",[1.1064926e-03 1.8172497e-05 9.9858338e-01 2.9192484e-04],[0.00192326 0.99807674],"[1.49238997e-06 1.27391545e-02 5.88688910e-01 3.95730913e-01
 2.78241653e-03 5.66303279e-05 3.66895478e-07 1.19187703e-07
 1.26070354e-08]",1,Asian,10-19
/scratch/project_462000771/mengting/projects/bias/Wan2.1/prompt2/selected_faces/detected_person/person_0871_face0.png,Latino_Hispanic,Indian,Male,20-29,"[6.0406737e-02 2.7513271e-03 5.0877380e-01 3.7811027e-04 2.0018502e-03
 5.0490193e-02 3.7519807e-01]",[0.42051163 0.00781369 0.13509904 0.43657568],[9.999982e-01 1.833564e-06],"[2.7115334e-07 2.7346343e-05 6.8140258e-03 6.5792853e-01 3.2998124e-01
 5.2350420e-03 1.3295939e-05 1.9552655e-07 3.2486893e-09]",0,Others,20-39
/scratch/project_462000771/mengting/projects/bias/Wan2.1/prompt2/selected_faces/detected_person/person_0872_face0.png,White,White,Male,30-39,"[8.5742813e-01 9.5074670e-04 8.0136403e-02 1.7622777e-04 4.2462061e-04
 1.8007761e-02 4.2876091e-02]",[9.5926392e-01 1.9078186e-03 2.6449273e-04 3.8563784e-02],[9.9997491e-01 2.5082727e-05],"[4.9635145e-07 9.0486292e-06 1.0101290e-03 1.5774399e-01 7.2535753e-01
 1.1466299e-01 1.1997608e-03 1.5577330e-05 4.9194762e-07]",1,White,20-39
/scratch/project_462000771/mengting/projects/bias/Wan2.1/prompt2/selected_faces/detected_person/person_0873_face0.png,Latino_Hispanic,White,Female,20-29,"[0.19735871 0.01021487 0.646175   0.00266714 0.00459127 0.03207151
 0.10692145]",[0.50310946 0.2787402  0.0345769  0.18357354],[0.00756336 0.99243665],"[3.1579848e-08 1.5695341e-05 4.7317930e-02 7.4720013e-01 2.0167582e-01
 3.7649868e-03 2.4523260e-05 8.7595868e-07 3.0091631e-08]",0,Others,20-39
/scratch/project_462000771/mengting/projects/bias/Wan2.1/prompt2/selected_faces/detected_person/person_0874_face0.png,White,White,Female,30-39,"[9.9975497e-01 2.4145441e-08 3.0859290e-05 2.0017353e-06 1.1839298e-06
 1.8184717e-07 2.1084964e-04]",[9.9993640e-01 8.8942743e-06 4.3361411e-05 1.1430752e-05],[1.8661581e-04 9.9981332e-01],"[5.01791995e-08 1.19270981e-05 6.66252244e-03 4.49037701e-01
 4.70716536e-01 7.25762099e-02 9.80508863e-04 1.41132305e-05
 4.33057352e-07]",2,White,20-39
/scratch/project_462000771/mengting/projects/bias/Wan2.1/prompt2/selected_faces/detected_person/person_0875_face0.png,Latino_Hispanic,Indian,Male,20-29,"[0.06089948 0.00229133 0.4648529  0.07194252 0.09675843 0.17771953
 0.12553579]",[0.25784877 0.02479466 0.35401365 0.36334294],[0.9954346  0.00456547],"[9.6282940e-07 3.1673630e-05 1.6421573e-02 6.7715168e-01 2.9437098e-01
 1.1927339e-02 8.7573295e-05 8.0689142e-06 2.4213600e-07]",0,Others,20-39
/scratch/project_462000771/mengting/projects/bias/Wan2.1/prompt2/selected_faces/detected_person/person_0876_face0.png,Black,Black,Female,20-29,"[3.9304236e-06 9.9928021e-01 1.5708618e-04 4.3376329e-07 5.9866452e-06
 5.5104343e-04 1.2100522e-06]",[5.7438333e-06 9.9994045e-01 9.9625561e-07 5.2861775e-05],[1.1205525e-04 9.9988788e-01],"[5.3721472e-08 5.9638394e-04 1.5804975e-01 7.4932426e-01 9.1368899e-02
 6.5764633e-04 2.9963990e-06 1.9223938e-08 3.0247133e-10]",0,Black,20-39
/scratch/project_462000771/mengting/projects/bias/Wan2.1/prompt2/selected_faces/detected_person/person_0877_face0.png,Middle Eastern,White,Male,20-29,"[1.20308995e-01 5.75605700e-05 1.03007525e-01 3.07889131e-04
 8.07878678e-04 3.26947798e-03 7.72240639e-01]",[9.6377081e-01 7.1141345e-04 1.6514810e-02 1.9003047e-02],[9.9999875e-01 1.1992546e-06],"[2.3598025e-08 2.3942152e-05 9.4686121e-02 8.6646134e-01 3.8625035e-02
 2.0314091e-04 3.3922049e-07 9.4628367e-09 1.2681431e-10]",1,White,20-39
/scratch/project_462000771/mengting/projects/bias/Wan2.1/prompt2/selected_faces/detected_person/person_0878_face0.png,White,White,Male,30-39,"[7.2303873e-01 3.9233326e-04 2.0341033e-01 6.4850850e-05 1.2485638e-04
 3.0697623e-02 4.2271324e-02]",[9.7957343e-01 6.5140099e-05 3.0830441e-05 2.0330591e-02],[9.999910e-01 9.027107e-06],"[3.15944391e-08 2.40764223e-07 4.94766937e-05 8.28302503e-02
 8.13836694e-01 1.02605775e-01 6.74256647e-04 3.31069828e-06
 3.49210687e-08]",1,White,20-39
/scratch/project_462000771/mengting/projects/bias/Wan2.1/prompt2/selected_faces/detected_person/person_0879_face0.png,White,White,Female,30-39,"[7.1920770e-01 5.2744359e-05 2.0951472e-01 2.7446058e-02 8.5304454e-03
 9.5767569e-04 3.4290608e-02]",[9.4090241e-01 5.0393253e-05 5.8822829e-02 2.2433704e-04],[7.352456e-05 9.999265e-01],"[2.7568221e-08 8.0867596e-07 2.1907270e-04 4.1021530e-02 5.4622418e-01
 3.8090983e-01 3.0915154e-02 7.0613931e-04 3.2607204e-06]",1,White,20-39
/scratch/project_462000771/mengting/projects/bias/Wan2.1/prompt2/selected_faces/detected_person/person_0880_face0.png,East Asian,White,Female,20-29,"[1.44877927e-02 5.67271745e-05 2.69315038e-02 8.34942400e-01
 1.21241614e-01 1.23394828e-03 1.10601785e-03]",[0.71091163 0.00167562 0.27167276 0.01574005],[0.00377226 0.9962277 ],"[9.32298292e-08 7.20903190e-05 5.94229028e-02 8.19349110e-01
 1.17920496e-01 3.21299396e-03 2.13154217e-05 1.05384674e-06
 3.45678188e-08]",2,Asian,20-39
/scratch/project_462000771/mengting/projects/bias/Wan2.1/prompt2/selected_faces/detected_person/person_0881_face0.png,East Asian,Asian,Female,20-29,"[7.6105137e-04 9.0273807e-07 1.4289184e-03 9.5284253e-01 4.4654604e-02
 2.6364709e-04 4.8324753e-05]",[6.0981163e-04 6.0343286e-06 9.9730128e-01 2.0828829e-03],[2.325318e-04 9.997675e-01],"[2.3361549e-06 8.9843767e-03 4.3426257e-01 5.4185665e-01 1.4475651e-02
 4.1472886e-04 3.1124991e-06 5.3725233e-07 3.9964956e-08]",1,Asian,20-39
/scratch/project_462000771/mengting/projects/bias/Wan2.1/prompt2/selected_faces/detected_person/person_0882_face0.png,Latino_Hispanic,Indian,Male,30-39,"[0.19301498 0.00179675 0.40678796 0.00060853 0.00153467 0.21252176
 0.18373537]",[0.45735434 0.00731195 0.00219904 0.53313464],[9.9998498e-01 1.5053518e-05],"[4.9568655e-07 2.7479717e-05 1.7046403e-03 4.2001727e-01 5.5917954e-01
 1.8999891e-02 6.9918671e-05 7.4027793e-07 1.5728160e-08]",1,Others,20-39
/scratch/project_462000771/mengting/projects/bias/Wan2.1/prompt2/selected_faces/detected_person/person_0883_face0.png,White,White,Male,30-39,"[8.07219744e-01 1.36151549e-03 3.97919491e-02 1.02590064e-04
 2.96606217e-04 4.12861397e-03 1.47099018e-01]",[0.9793146  0.00165637 0.00100198 0.01802717],[9.9999124e-01 8.7584031e-06],"[4.0961015e-07 5.4064317e-06 4.3047025e-04 1.0435200e-01 7.4590808e-01
 1.4683205e-01 2.4458908e-03 2.4889470e-05 7.8949762e-07]",0,White,20-39
/scratch/project_462000771/mengting/projects/bias/Wan2.1/prompt2/selected_faces/detected_person/person_0884_face0.png,White,White,Female,20-29,"[9.3872631e-01 4.4725221e-05 4.2537067e-02 7.5545269e-03 2.7124588e-03
 2.5549185e-04 8.1694080e-03]",[9.9139678e-01 4.0661209e-04 7.8513129e-03 3.4525592e-04],[3.1517344e-04 9.9968481e-01],"[4.12982573e-08 2.83689878e-04 2.02218190e-01 6.99488819e-01
 9.62775722e-02 1.72663887e-03 4.91659421e-06 1.05701865e-07
 5.41411049e-09]",0,White,20-39
/scratch/project_462000771/mengting/projects/bias/Wan2.1/prompt2/selected_faces/detected_person/person_0885_face0.png,Latino_Hispanic,White,Female,20-29,"[0.26568937 0.00057814 0.5545528  0.00717964 0.00861441 0.01723397
 0.14615163]",[0.86084425 0.02321494 0.01177505 0.10416573],[0.07704978 0.92295027],"[3.3816086e-08 1.8553294e-05 8.0225565e-02 7.6614541e-01 1.5057026e-01
 3.0213753e-03 1.8097460e-05 6.1697892e-07 1.9404355e-08]",0,Others,20-39
/scratch/project_462000771/mengting/projects/bias/Wan2.1/prompt2/selected_faces/detected_person/person_0886_face0.png,East Asian,Indian,Female,20-29,"[0.08337199 0.00168991 0.12955347 0.6234581  0.10864657 0.04670973
 0.00657034]",[0.30323857 0.04827463 0.13640517 0.5120816 ],[0.0044322 0.9955678],"[6.7611538e-08 1.2044248e-05 1.7411731e-02 7.3979121e-01 2.3210116e-01
 1.0537831e-02 1.3916379e-04 6.5905306e-06 1.6476339e-07]",0,Asian,20-39
/scratch/project_462000771/mengting/projects/bias/Wan2.1/prompt2/selected_faces/detected_person/person_0887_face0.png,East Asian,Asian,Female,20-29,"[1.1714369e-03 1.1430107e-05 1.3592689e-03 9.4792342e-01 4.9266648e-02
 2.2532986e-04 4.2460932e-05]",[4.7660057e-04 2.4014607e-05 9.9943966e-01 5.9752143e-05],[0.01634452 0.98365545],"[6.2704878e-08 1.3389954e-04 3.1799939e-01 6.6575736e-01 1.5946541e-02
 1.6227931e-04 4.2650180e-07 4.2620673e-08 1.2857018e-09]",2,Asian,20-39
/scratch/project_462000771/mengting/projects/bias/Wan2.1/prompt2/selected_faces/detected_person/person_0888_face0.png,White,White,Female,20-29,"[9.4698995e-01 3.5961624e-04 4.5690168e-02 5.0529238e-04 2.0993303e-04
 6.2208757e-04 5.6229578e-03]",[9.9329168e-01 5.7555875e-04 5.4192445e-03 7.1348413e-04],[0.00206145 0.99793863],"[1.32614858e-07 1.42847290e-04 1.02041677e-01 7.65985191e-01
 1.28126815e-01 3.68971308e-03 1.31754305e-05 4.17071362e-07
 2.89122770e-08]",1,White,20-39
/scratch/project_462000771/mengting/projects/bias/Wan2.1/prompt2/selected_faces/detected_person/person_0889_face0.png,White,White,Male,20-29,"[6.2121689e-01 6.6928515e-05 1.4550894e-02 1.4261837e-04 4.0310723e-04
 1.6475909e-03 3.6197200e-01]",[9.9604458e-01 2.3780851e-05 4.0268112e-04 3.5289917e-03],[9.9996567e-01 3.4281300e-05],"[3.7918088e-07 3.3970391e-05 2.1416200e-02 7.9733956e-01 1.7622156e-01
 4.9625109e-03 2.5141660e-05 6.8592590e-07 2.4388136e-08]",1,White,20-39
/scratch/project_462000771/mengting/projects/bias/Wan2.1/prompt2/selected_faces/detected_person/person_0891_face0.png,Black,Black,Male,20-29,"[3.9766849e-07 9.9995643e-01 7.6407086e-06 3.0739386e-07 8.5698593e-06
 2.6494410e-05 1.3221717e-07]",[1.2750441e-07 9.9999475e-01 2.2918020e-06 2.9444375e-06],[0.9984602 0.0015398],"[5.1603180e-08 6.3754531e-05 1.0009614e-01 8.3559024e-01 6.3034505e-02
 1.2085239e-03 6.6891635e-06 4.5569148e-08 4.1447694e-09]",0,Black,20-39
/scratch/project_462000771/mengting/projects/bias/Wan2.1/prompt2/selected_faces/detected_person/person_0892_face0.png,East Asian,Asian,Female,20-29,"[2.1796564e-03 4.4525284e-05 3.8478859e-03 8.6025798e-01 1.3314340e-01
 1.9153846e-04 3.3498640e-04]",[3.8400854e-03 5.5522943e-04 9.9540716e-01 1.9751066e-04],[0.00268825 0.9973118 ],"[2.3018426e-07 3.0475476e-05 1.3546084e-02 5.5266201e-01 3.8020995e-01
 5.2507918e-02 9.8667026e-04 5.4969812e-05 1.6932152e-06]",1,Asian,20-39
/scratch/project_462000771/mengting/projects/bias/Wan2.1/prompt2/selected_faces/detected_person/person_0893_face0.png,White,White,Male,20-29,"[7.3609394e-01 1.5541837e-03 6.5944679e-02 9.0743924e-05 3.1519713e-04
 1.2609066e-03 1.9474041e-01]",[0.97659534 0.00476941 0.00146144 0.01717379],[9.9970543e-01 2.9452107e-04],"[1.7930559e-07 2.9384332e-06 2.8797945e-03 5.4775941e-01 4.3112150e-01
 1.8004388e-02 2.2754744e-04 4.0777300e-06 1.3676045e-07]",1,White,20-39
/scratch/project_462000771/mengting/projects/bias/Wan2.1/prompt2/selected_faces/detected_person/person_0894_face0.png,White,White,Female,30-39,"[8.3138585e-01 1.8741445e-06 1.0003167e-01 2.7195786e-03 9.8112260e-04
 2.7951095e-03 6.2084921e-02]",[9.8690164e-01 4.6726555e-06 2.8947238e-03 1.0198974e-02],[3.7569280e-05 9.9996245e-01],"[2.7573808e-08 7.9168676e-06 1.0003213e-02 4.3279949e-01 5.1153427e-01
 4.5162424e-02 4.8413582e-04 8.3808027e-06 7.2873107e-08]",1,White,20-39
/scratch/project_462000771/mengting/projects/bias/Wan2.1/prompt2/selected_faces/detected_person/person_0895_face0.png,White,White,Female,40-49,"[9.9285525e-01 4.6582932e-06 5.7269731e-03 6.1082246e-05 4.3790493e-05
 4.3781220e-05 1.2643556e-03]",[9.9898702e-01 2.7883862e-05 7.0108759e-04 2.8398325e-04],[4.2034272e-04 9.9957973e-01],"[2.0366490e-07 7.4514974e-06 3.9075577e-04 2.1334538e-02 2.1029475e-01
 5.3617603e-01 2.2334161e-01 8.0789356e-03 3.7568042e-04]",1,White,40-59
/scratch/project_462000771/mengting/projects/bias/Wan2.1/prompt2/selected_faces/detected_person/person_0896_face0.png,White,White,Female,30-39,"[6.5956849e-01 2.1801381e-04 2.5339442e-01 3.8154434e-02 1.2343941e-02
 6.7726691e-04 3.5643421e-02]",[9.8458767e-01 9.0016889e-05 1.4958203e-02 3.6408039e-04],[4.661134e-04 9.995339e-01],"[2.1078838e-06 1.5035225e-04 8.6641358e-03 8.3058245e-02 5.8663917e-01
 2.9625362e-01 2.3831634e-02 1.3618598e-03 3.8811351e-05]",1,White,20-39
/scratch/project_462000771/mengting/projects/bias/Wan2.1/prompt2/selected_faces/detected_person/person_0897_face0.png,Southeast Asian,Asian,Male,20-29,"[3.7269734e-03 2.7621163e-03 5.6732621e-02 4.1378674e-01 5.1938695e-01
 3.2800992e-03 3.2446001e-04]",[0.02718658 0.00543911 0.9217932  0.0455811 ],[0.9922722  0.00772782],"[1.6705583e-07 1.2000489e-05 2.1424159e-02 6.8628019e-01 2.7809894e-01
 1.3888716e-02 2.7862514e-04 1.6536684e-05 7.6844583e-07]",0,Asian,20-39
/scratch/project_462000771/mengting/projects/bias/Wan2.1/prompt2/selected_faces/detected_person/person_0898_face0.png,White,White,Male,20-29,"[0.44453877 0.00379064 0.3237132  0.01381494 0.02908166 0.01556364
 0.16949716]",[0.8351285  0.00210317 0.14638308 0.01638524],[0.8507483  0.14925165],"[1.5286440e-05 1.9420934e-03 1.4238973e-01 6.1458021e-01 2.2118755e-01
 1.9341264e-02 4.9330428e-04 4.6146528e-05 4.4490080e-06]",0,White,20-39
/scratch/project_462000771/mengting/projects/bias/Wan2.1/prompt2/selected_faces/detected_person/person_0899_face0.png,White,White,Male,20-29,"[9.6590865e-01 9.4987308e-06 1.1523657e-02 8.0972968e-05 6.5171989e-05
 1.1084067e-04 2.2301259e-02]",[9.9801469e-01 6.6110537e-05 1.3140689e-03 6.0521800e-04],[9.9998379e-01 1.6180527e-05],"[3.4769084e-07 8.2731429e-05 1.2047703e-01 8.0791998e-01 6.9817349e-02
 1.6929152e-03 9.5149853e-06 1.7564447e-07 3.5335581e-09]",1,White,20-39
/scratch/project_462000771/mengting/projects/bias/Wan2.1/prompt2/selected_faces/detected_person/person_0900_face0.png,White,White,Male,30-39,"[9.73509073e-01 8.16481988e-05 1.13903945e-02 4.09085224e-05
 7.35526337e-05 4.72567568e-04 1.44318324e-02]",[9.9559015e-01 3.0438078e-04 1.2069643e-03 2.8985105e-03],[9.9992424e-01 7.5750562e-05],"[4.2802699e-07 1.2316249e-05 6.6039129e-04 3.7095875e-01 6.1162782e-01
 1.6681762e-02 5.8210946e-05 2.9659029e-07 1.0433557e-08]",1,White,20-39
/scratch/project_462000771/mengting/projects/bias/Wan2.1/prompt2/selected_faces/detected_person/person_0901_face0.png,Latino_Hispanic,White,Female,20-29,"[0.33333197 0.02830146 0.45510074 0.04125141 0.02984018 0.0224706
 0.08970357]",[0.47846925 0.34947023 0.1433345  0.02872599],[0.06083899 0.939161  ],"[3.5114749e-06 6.5169571e-04 9.9742524e-02 5.7130039e-01 2.8361726e-01
 4.2869601e-02 1.6765840e-03 1.2190354e-04 1.6586930e-05]",1,Others,20-39
/scratch/project_462000771/mengting/projects/bias/Wan2.1/prompt2/selected_faces/detected_person/person_0902_face0.png,White,White,Male,20-29,"[9.78939712e-01 3.23722561e-05 1.09007275e-02 9.67604647e-05
 1.78815884e-04 5.48411859e-04 9.30306222e-03]",[9.9753994e-01 2.0265057e-04 1.7786246e-04 2.0795236e-03],[9.9959832e-01 4.0162267e-04],"[1.36996698e-06 1.31308538e-04 5.95855433e-03 4.94221896e-01
 4.82612133e-01 1.69701260e-02 1.03397375e-04 1.12144505e-06
 6.37791970e-08]",1,White,20-39
/scratch/project_462000771/mengting/projects/bias/Wan2.1/prompt2/selected_faces/detected_person/person_0903_face0.png,White,White,Male,50-59,"[9.9871361e-01 6.1246391e-07 6.3072739e-04 7.0801521e-05 4.9970353e-05
 1.6794364e-05 5.1744160e-04]",[9.996810e-01 1.339672e-06 2.813565e-04 3.622911e-05],[0.9985108  0.00148921],"[3.0286250e-05 6.2972671e-05 5.5836554e-04 1.3791247e-03 2.7537705e-02
 3.1112066e-01 6.2292409e-01 3.5735320e-02 6.5154029e-04]",1,White,40-59
/scratch/project_462000771/mengting/projects/bias/Wan2.1/prompt2/selected_faces/detected_person/person_0904_face0.png,White,White,Female,20-29,"[5.7438803e-01 3.5971388e-02 2.9968035e-01 5.1315041e-04 8.9667540e-04
 3.2344606e-02 5.6205835e-02]",[0.8447928  0.08448453 0.00098305 0.06973973],[2.5622066e-04 9.9974376e-01],"[6.3124017e-09 9.3940989e-06 2.4669753e-02 7.7687997e-01 1.9609427e-01
 2.3370993e-03 9.4327470e-06 8.7803372e-08 1.4386293e-09]",1,White,20-39
/scratch/project_462000771/mengting/projects/bias/Wan2.1/prompt2/selected_faces/detected_person/person_0905_face0.png,White,White,Male,20-29,"[6.5943557e-01 4.5336472e-04 2.2948557e-01 5.5053611e-03 8.8159209e-03
 4.3166589e-02 5.3137626e-02]",[0.619428   0.00353343 0.12779684 0.24924177],[0.9953343  0.00466565],"[4.4207471e-07 5.4751352e-05 2.0510798e-02 7.1542329e-01 2.5526223e-01
 8.6901849e-03 5.6620109e-05 1.5349757e-06 7.1706509e-08]",1,White,20-39
/scratch/project_462000771/mengting/projects/bias/Wan2.1/prompt2/selected_faces/detected_person/person_0906_face0.png,White,White,Male,20-29,"[9.8917747e-01 4.4571643e-05 2.8268071e-03 2.8415518e-06 1.4753598e-05
 2.5657777e-04 7.6770238e-03]",[9.9989998e-01 1.5682761e-05 1.8874231e-05 6.5355947e-05],[9.9998885e-01 1.1127968e-05],"[3.5662065e-08 8.2478491e-06 4.6401392e-03 7.5736958e-01 2.3408656e-01
 3.8844289e-03 1.1015054e-05 7.4896150e-08 2.8781684e-09]",0,White,20-39
/scratch/project_462000771/mengting/projects/bias/Wan2.1/prompt2/selected_faces/detected_person/person_0907_face0.png,White,White,Male,20-29,"[9.9529409e-01 1.1301377e-06 1.2911358e-03 1.2300813e-05 2.5609281e-05
 9.3067043e-05 3.2826182e-03]",[9.9981016e-01 2.2809913e-06 4.4254324e-05 1.4329185e-04],[9.9999964e-01 3.9134426e-07],"[5.0319329e-08 2.7417962e-05 4.9808227e-02 8.5654879e-01 9.1560751e-02
 2.0487802e-03 5.8802984e-06 6.7276744e-08 1.2258218e-09]",1,White,20-39
/scratch/project_462000771/mengting/projects/bias/Wan2.1/prompt2/selected_faces/detected_person/person_0908_face0.png,Latino_Hispanic,White,Male,30-39,"[3.0557248e-01 1.4511669e-04 3.2389623e-01 1.2406417e-03 2.2587343e-03
 5.2771240e-02 3.1411558e-01]",[9.3293899e-01 5.1120896e-04 5.8877720e-03 6.0662009e-02],[9.9979872e-01 2.0130452e-04],"[2.7090206e-05 5.4143334e-04 5.7984600e-03 4.5735803e-01 5.0780290e-01
 2.8253900e-02 2.1499973e-04 3.0523981e-06 9.1560366e-08]",1,Others,20-39
/scratch/project_462000771/mengting/projects/bias/Wan2.1/prompt2/selected_faces/detected_person/person_0909_face0.png,White,White,Male,30-39,"[9.7984183e-01 3.8585749e-05 5.8776787e-03 2.5405115e-03 9.8207919e-04
 2.5676581e-04 1.0462526e-02]",[0.9914104  0.00130876 0.00569214 0.00158862],[9.9997270e-01 2.7276543e-05],"[6.2949674e-08 6.8973407e-07 2.9531427e-04 2.6851976e-01 7.0490831e-01
 2.6196320e-02 7.8845507e-05 7.2209377e-07 1.9713072e-08]",1,White,20-39
/scratch/project_462000771/mengting/projects/bias/Wan2.1/prompt2/selected_faces/detected_person/person_0910_face0.png,White,White,Male,20-29,"[7.7150095e-01 1.9993189e-05 1.1285815e-01 1.1404071e-02 8.5026342e-03
 8.7742513e-04 9.4836831e-02]",[9.6671969e-01 5.3883751e-04 2.3631135e-02 9.1103259e-03],[9.9987894e-01 1.2106238e-04],"[1.8733099e-06 1.8492380e-04 4.6917807e-02 5.7861227e-01 3.6011717e-01
 1.4040220e-02 1.2302591e-04 2.6308660e-06 5.0904600e-08]",1,White,20-39
/scratch/project_462000771/mengting/projects/bias/Wan2.1/prompt2/selected_faces/detected_person/person_0911_face0.png,White,White,Female,20-29,"[8.3620679e-01 3.0966077e-04 1.2903136e-01 8.0129874e-05 1.4093358e-04
 2.5082843e-03 3.1722695e-02]",[9.9604803e-01 2.8835839e-04 1.0471647e-04 3.5588287e-03],[0.00415353 0.99584645],"[7.1284973e-08 2.8113349e-04 1.6421701e-01 7.1709710e-01 1.1588266e-01
 2.5113570e-03 1.0399611e-05 2.1581016e-07 1.1830582e-08]",1,White,20-39
/scratch/project_462000771/mengting/projects/bias/Wan2.1/prompt2/selected_faces/detected_person/person_0912_face0.png,White,White,Male,20-29,"[4.97477949e-01 4.47697035e-04 1.16356805e-01 1.26967774e-04
 3.98926524e-04 1.51569061e-02 3.70034844e-01]",[0.5458897  0.00796796 0.00565085 0.4404915 ],[9.9999213e-01 7.8977728e-06],"[3.5345097e-06 3.6028319e-04 1.9849909e-02 6.2664795e-01 3.3454993e-01
 1.8493131e-02 9.3597693e-05 1.6273256e-06 3.1546200e-08]",1,White,20-39
/scratch/project_462000771/mengting/projects/bias/Wan2.1/prompt2/selected_faces/detected_person/person_0913_face0.png,White,White,Male,30-39,"[7.8893375e-01 1.2622866e-03 7.2557777e-02 2.8409777e-04 9.5682795e-04
 4.7661657e-03 1.3123912e-01]",[0.8419203  0.09977259 0.01398182 0.04432522],[9.9998111e-01 1.8894076e-05],"[5.7321057e-07 1.6110989e-05 9.7702304e-04 3.5880941e-01 6.1414063e-01
 2.5942149e-02 1.1229160e-04 1.7943768e-06 4.0515189e-08]",1,White,20-39
/scratch/project_462000771/mengting/projects/bias/Wan2.1/prompt2/selected_faces/detected_person/person_0914_face0.png,White,White,Female,20-29,"[8.4119475e-01 8.6348751e-05 1.0357767e-01 7.5737742e-04 4.6369302e-04
 1.2191368e-03 5.2700989e-02]",[9.9175274e-01 2.9051679e-04 1.5502205e-03 6.4064800e-03],[1.2357876e-04 9.9987644e-01],"[5.7100809e-09 2.3555722e-06 8.7674968e-03 5.0810373e-01 4.6513590e-01
 1.7885089e-02 1.0402317e-04 1.4184882e-06 1.5486741e-08]",2,White,20-39
/scratch/project_462000771/mengting/projects/bias/Wan2.1/prompt2/selected_faces/detected_person/person_0916_face0.png,White,White,Female,30-39,"[8.4742224e-01 2.6450373e-04 8.6385004e-02 2.9692875e-04 6.0387503e-04
 7.5866468e-04 6.4268813e-02]",[0.9875417  0.00102339 0.01039986 0.00103504],[0.02480678 0.9751932 ],"[9.5064374e-09 3.0823912e-07 1.9716517e-04 4.7377352e-02 6.8085718e-01
 2.6416227e-01 7.3333159e-03 7.1527051e-05 7.9330624e-07]",1,White,20-39
/scratch/project_462000771/mengting/projects/bias/Wan2.1/prompt2/selected_faces/detected_person/person_0917_face0.png,Latino_Hispanic,White,Female,30-39,"[0.22155888 0.00370106 0.6579326  0.00295496 0.00479934 0.06567566
 0.04337743]",[0.78009915 0.10656653 0.06080515 0.05252916],[6.923782e-04 9.993076e-01],"[9.5003543e-08 2.3479155e-05 1.8359266e-02 4.4836268e-01 4.8931730e-01
 4.3344304e-02 5.7797658e-04 1.4770339e-05 1.5390980e-07]",1,Others,20-39
/scratch/project_462000771/mengting/projects/bias/Wan2.1/prompt2/selected_faces/detected_person/person_0918_face0.png,White,White,Male,20-29,"[9.9207270e-01 1.8386739e-04 3.6450264e-03 4.1981035e-05 1.3983529e-04
 1.5410980e-04 3.7626256e-03]",[9.9753475e-01 6.4304186e-04 7.7371049e-04 1.0484840e-03],[9.9951136e-01 4.8868923e-04],"[3.5388564e-07 2.0971940e-05 6.1466410e-03 5.7821155e-01 3.8104373e-01
 3.4057308e-02 5.1169057e-04 7.3470642e-06 4.2164618e-07]",1,White,20-39
/scratch/project_462000771/mengting/projects/bias/Wan2.1/prompt2/selected_faces/detected_person/person_0919_face0.png,Black,Black,Male,20-29,"[3.7969679e-07 9.9995989e-01 3.0149013e-06 8.9202672e-09 1.4288838e-07
 3.6092606e-05 5.6993372e-07]",[3.9330305e-07 9.9997056e-01 2.9462191e-07 2.8727691e-05],[9.9999857e-01 1.4433632e-06],"[8.5868654e-09 4.3189380e-06 7.7118729e-03 6.3402480e-01 3.3893666e-01
 1.9216701e-02 1.0476249e-04 8.5169393e-07 3.1135844e-08]",1,Black,20-39
/scratch/project_462000771/mengting/projects/bias/Wan2.1/prompt2/selected_faces/detected_person/person_0920_face0.png,White,White,Male,30-39,"[0.41642308 0.00076093 0.41555193 0.00170742 0.00399734 0.0301518
 0.13140742]",[0.76203686 0.00726354 0.01043128 0.22026832],[0.99813795 0.00186204],"[2.0433449e-06 3.5674449e-05 1.7011912e-03 2.9277086e-01 6.6556174e-01
 3.9734211e-02 1.9159338e-04 2.6073635e-06 6.3500451e-08]",1,White,20-39
/scratch/project_462000771/mengting/projects/bias/Wan2.1/prompt2/selected_faces/detected_person/person_0921_face0.png,White,White,Male,30-39,"[4.5594704e-01 7.2782335e-04 2.3286685e-01 1.7523505e-04 4.8231918e-04
 1.8694289e-02 2.9110652e-01]",[6.9271827e-01 3.1375503e-03 6.7670865e-04 3.0346748e-01],[9.9994713e-01 5.2924937e-05],"[7.1494043e-07 6.3406214e-06 1.9084920e-04 3.9864272e-02 6.9651198e-01
 2.5924760e-01 4.1406159e-03 3.7101992e-05 5.2135636e-07]",1,White,20-39
/scratch/project_462000771/mengting/projects/bias/Wan2.1/prompt2/selected_faces/detected_person/person_0922_face0.png,White,White,Male,20-29,"[9.3685013e-01 4.8912429e-05 2.3898710e-02 1.3089906e-03 5.6203228e-04
 4.0672100e-04 3.6924582e-02]",[9.3733925e-01 4.6483055e-04 5.9110153e-02 3.0858028e-03],[0.9913681 0.0086319],"[1.2368605e-07 7.8011954e-06 1.0385672e-02 7.0155585e-01 2.7065030e-01
 1.7106241e-02 2.8514353e-04 8.3467748e-06 4.8992365e-07]",0,White,20-39
/scratch/project_462000771/mengting/projects/bias/Wan2.1/prompt2/selected_faces/detected_person/person_0923_face0.png,White,White,Female,30-39,"[8.9434743e-01 1.9798756e-05 3.1532504e-02 6.2284817e-04 2.4312326e-04
 4.2323112e-03 6.9001935e-02]",[9.6843785e-01 1.6758968e-04 2.1462010e-04 3.1179907e-02],[8.6374486e-05 9.9991357e-01],"[2.6196856e-09 4.2567385e-07 1.9055534e-03 3.9186394e-01 5.4573864e-01
 5.9786554e-02 6.9480727e-04 9.9597019e-06 1.1349163e-07]",2,White,20-39
/scratch/project_462000771/mengting/projects/bias/Wan2.1/prompt2/selected_faces/detected_person/person_0924_face0.png,Black,Black,Male,20-29,"[1.1888765e-06 9.9991012e-01 2.7211558e-05 1.8252656e-07 5.4836314e-06
 5.4347925e-05 1.5476005e-06]",[3.59424007e-07 9.99984980e-01 3.00096690e-06 1.15741095e-05],[9.999948e-01 5.159814e-06],"[2.3657826e-07 1.7127977e-04 6.5108784e-02 7.9988015e-01 1.2975349e-01
 5.0426484e-03 4.2854874e-05 5.6045116e-07 3.2785412e-08]",0,Black,20-39
/scratch/project_462000771/mengting/projects/bias/Wan2.1/prompt2/selected_faces/detected_person/person_0925_face0.png,White,White,Male,20-29,"[9.9550605e-01 1.9756303e-06 2.9662699e-03 7.7055971e-05 8.4978812e-05
 8.8250439e-05 1.2753365e-03]",[9.9859631e-01 3.3606027e-06 1.2777278e-03 1.2261378e-04],[9.9999124e-01 8.7478938e-06],"[1.8497628e-08 3.2797849e-05 7.7417083e-02 8.8612306e-01 3.6136467e-02
 2.9014295e-04 4.9260910e-07 5.6779559e-09 1.4503912e-10]",1,White,20-39
/scratch/project_462000771/mengting/projects/bias/Wan2.1/prompt2/selected_faces/detected_person/person_0926_face0.png,Indian,Indian,Male,20-29,"[0.03576381 0.00416289 0.37447068 0.00378788 0.02087503 0.5386792
 0.02226058]",[0.05208177 0.02514405 0.01352164 0.9092525 ],[9.9982524e-01 1.7477504e-04],"[1.04432054e-07 5.12472661e-06 5.74644795e-03 7.87987649e-01
 2.04996631e-01 1.26149796e-03 2.44286935e-06 3.78792357e-08
 7.03292702e-10]",1,Others,20-39
/scratch/project_462000771/mengting/projects/bias/Wan2.1/prompt2/selected_faces/detected_person/person_0927_face0.png,Black,Black,Male,20-29,"[4.9358823e-05 9.1749161e-01 5.4443320e-03 2.8867432e-04 2.3150943e-02
 5.3480703e-02 9.4366325e-05]",[3.2126074e-05 9.8838341e-01 1.8268772e-03 9.7575542e-03],[9.9948728e-01 5.1271176e-04],"[8.8369455e-07 7.7786899e-05 6.3277565e-02 8.1173009e-01 1.2068587e-01
 4.1853278e-03 4.0854451e-05 1.4637682e-06 7.4763051e-08]",0,Black,20-39
/scratch/project_462000771/mengting/projects/bias/Wan2.1/prompt2/selected_faces/detected_person/person_0928_face0.png,White,White,Male,20-29,"[9.9660909e-01 4.1362300e-06 2.8307687e-03 4.5251480e-05 3.7474812e-05
 7.1614028e-05 4.0163856e-04]",[9.9816102e-01 4.4837402e-04 4.3082525e-04 9.5979316e-04],[0.5849158 0.4150842],"[5.5830407e-09 1.6950986e-05 1.0779687e-01 8.4786874e-01 4.3866485e-02
 4.5002831e-04 8.5461585e-07 1.0899958e-08 7.7076417e-10]",1,White,20-39
/scratch/project_462000771/mengting/projects/bias/Wan2.1/prompt2/selected_faces/detected_person/person_0929_face0.png,Latino_Hispanic,Indian,Female,20-29,"[0.03281106 0.01854593 0.42722714 0.07960257 0.29293218 0.13195442
 0.01692672]",[0.03739746 0.17097917 0.04006498 0.7515584 ],[0.00527169 0.9947283 ],"[1.0511373e-07 4.5817138e-05 7.2294481e-02 7.2467363e-01 1.9268180e-01
 1.0180517e-02 1.1914582e-04 4.3654099e-06 2.1338425e-07]",1,Others,20-39
/scratch/project_462000771/mengting/projects/bias/Wan2.1/prompt2/selected_faces/detected_person/person_0930_face0.png,White,White,Male,20-29,"[9.1446948e-01 2.4491732e-04 1.7743446e-02 1.2168517e-04 1.7208133e-04
 1.2450890e-03 6.6003218e-02]",[0.9756249  0.00431265 0.00628042 0.01378207],[9.9916357e-01 8.3642505e-04],"[3.4373610e-07 1.1292230e-05 2.6871795e-03 5.7850325e-01 4.0981767e-01
 8.9382110e-03 4.1275136e-05 7.4235953e-07 2.6509090e-08]",1,White,20-39
/scratch/project_462000771/mengting/projects/bias/Wan2.1/prompt2/selected_faces/detected_person/person_0931_face0.png,Black,Black,Male,20-29,"[7.8477649e-07 9.9996942e-01 9.2931023e-06 1.2434117e-07 1.6699128e-06
 1.8364806e-05 3.7434287e-07]",[8.4588419e-07 9.9997324e-01 2.0863808e-06 2.3793353e-05],[9.993801e-01 6.199724e-04],"[8.9720423e-08 3.6247220e-05 3.6556944e-02 8.5435510e-01 1.0573520e-01
 3.3031884e-03 1.3079561e-05 1.1804318e-07 1.4101392e-08]",1,Black,20-39
/scratch/project_462000771/mengting/projects/bias/Wan2.1/prompt2/selected_faces/detected_person/person_0932_face0.png,Indian,Indian,Female,20-29,"[0.01249148 0.04879364 0.17602637 0.0014294  0.00918705 0.73338735
 0.01868472]",[0.01438504 0.27857783 0.00334388 0.7036932 ],[0.0016738  0.99832624],"[4.6841937e-08 8.2229026e-06 1.6111448e-02 6.9882047e-01 2.6346555e-01
 2.1156056e-02 4.2454136e-04 1.3208375e-05 4.8314092e-07]",2,Others,20-39
/scratch/project_462000771/mengting/projects/bias/Wan2.1/prompt2/selected_faces/detected_person/person_0933_face0.png,White,White,Male,30-39,"[9.3138462e-01 4.8825284e-05 1.6109975e-02 6.9342808e-05 1.1377752e-04
 7.4214686e-04 5.1531218e-02]",[9.9681753e-01 2.3567422e-04 2.2970731e-04 2.7170787e-03],[9.9986273e-01 1.3722536e-04],"[3.27863091e-07 7.31375940e-06 1.01568783e-03 3.50722164e-01
 6.20041370e-01 2.80964505e-02 1.15614836e-04 9.65281401e-07
 3.40336541e-08]",1,White,20-39
/scratch/project_462000771/mengting/projects/bias/Wan2.1/prompt2/selected_faces/detected_person/person_0934_face0.png,White,White,Female,20-29,"[5.5699223e-01 2.4594652e-04 1.3049471e-01 1.4975463e-03 1.4451753e-03
 6.2000924e-03 3.0312431e-01]",[0.96728045 0.00135127 0.01468995 0.01667834],[0.00243047 0.9975695 ],"[3.2923469e-07 4.3050750e-04 9.8288700e-02 7.6582980e-01 1.3086170e-01
 4.5568100e-03 3.0675485e-05 1.4023849e-06 1.1553534e-07]",0,White,20-39
/scratch/project_462000771/mengting/projects/bias/Wan2.1/prompt2/selected_faces/detected_person/person_0935_face0.png,White,White,Female,20-29,"[9.9963754e-01 8.8319831e-07 2.2657240e-04 3.2457945e-07 9.7183374e-07
 3.8362227e-06 1.2968812e-04]",[9.9963081e-01 3.7680649e-05 6.8530200e-05 2.6298972e-04],[5.7400757e-05 9.9994254e-01],"[9.7850639e-10 3.5698688e-06 1.7083736e-02 7.8129548e-01 2.0013164e-01
 1.4832724e-03 2.2915035e-06 1.6464055e-08 5.7219990e-10]",0,White,20-39
/scratch/project_462000771/mengting/projects/bias/Wan2.1/prompt2/selected_faces/detected_person/person_0936_face0.png,White,White,Female,20-29,"[9.9627966e-01 5.3744452e-07 1.6761173e-03 5.6579094e-05 3.5824007e-05
 1.7909451e-05 1.9333898e-03]",[9.9948329e-01 1.0631273e-05 4.6544505e-04 4.0694023e-05],[1.4799427e-04 9.9985200e-01],"[4.47760895e-09 1.53152778e-05 5.31569459e-02 8.31794322e-01
 1.13997735e-01 1.03380170e-03 1.84156943e-06 1.64703113e-08
 5.84721216e-10]",0,White,20-39
/scratch/project_462000771/mengting/projects/bias/Wan2.1/prompt2/selected_faces/detected_person/person_0937_face0.png,Southeast Asian,Asian,Female,20-29,"[0.01708496 0.00085003 0.21641997 0.30335614 0.39509368 0.05305395
 0.01414125]",[0.05162988 0.01460269 0.5396532  0.39411432],[9.817417e-04 9.990183e-01],"[4.14696260e-08 1.04963205e-04 1.74370423e-01 7.38173962e-01
 8.54540765e-02 1.88894744e-03 7.18448564e-06 4.49187297e-07
 1.67850231e-08]",1,Asian,20-39
/scratch/project_462000771/mengting/projects/bias/Wan2.1/prompt2/selected_faces/detected_person/person_0938_face0.png,White,White,Female,20-29,"[9.9867827e-01 6.0506864e-08 3.9318195e-04 1.3025390e-04 2.0579806e-05
 2.5001907e-06 7.7515293e-04]",[9.9939859e-01 2.1580161e-06 5.7404750e-04 2.5261004e-05],[1.7712280e-04 9.9982285e-01],"[6.7726424e-09 3.6664676e-06 1.1095508e-02 6.0617483e-01 3.6731368e-01
 1.5355208e-02 5.6367899e-05 6.4806699e-07 1.8944252e-08]",1,White,20-39
/scratch/project_462000771/mengting/projects/bias/Wan2.1/prompt2/selected_faces/detected_person/person_0939_face0.png,White,White,Female,20-29,"[8.7543648e-01 2.3156687e-04 1.0336796e-01 1.9650628e-04 2.1701411e-04
 6.0943742e-03 1.4456056e-02]",[0.9797991  0.00120012 0.00706964 0.01193115],[0.00156497 0.998435  ],"[3.6027462e-08 8.9981613e-06 1.0147950e-02 4.9085239e-01 4.6410784e-01
 3.4499902e-02 3.7714530e-04 5.6565978e-06 1.3259699e-07]",1,White,20-39
/scratch/project_462000771/mengting/projects/bias/Wan2.1/prompt2/selected_faces/detected_person/person_0940_face0.png,White,White,Male,30-39,"[8.3903718e-01 1.3297251e-04 9.0517744e-02 8.4073478e-03 9.0105636e-03
 1.8167185e-03 5.1077511e-02]",[9.7711229e-01 1.8242483e-04 1.6057238e-02 6.6481279e-03],[9.9995887e-01 4.1126772e-05],"[4.2782563e-07 2.0611258e-05 2.8391497e-03 4.0245718e-01 5.6344581e-01
 3.1046689e-02 1.8826230e-04 1.7964389e-06 5.3942298e-08]",1,White,20-39
/scratch/project_462000771/mengting/projects/bias/Wan2.1/prompt2/selected_faces/detected_person/person_0941_face0.png,East Asian,Asian,Female,20-29,"[0.00430487 0.00079057 0.0358888  0.6341552  0.27006248 0.05254214
 0.00225595]",[0.00253967 0.00113305 0.91805077 0.07827651],[0.0225061 0.9774939],"[2.5578083e-07 1.2535571e-04 8.9709975e-02 8.3247989e-01 7.5406171e-02
 2.2624526e-03 1.4432094e-05 1.4425761e-06 4.9796633e-08]",1,Asian,20-39
/scratch/project_462000771/mengting/projects/bias/Wan2.1/prompt2/selected_faces/detected_person/person_0942_face0.png,East Asian,Asian,Female,20-29,"[1.0460628e-01 6.1421120e-04 7.2574310e-02 7.1429330e-01 1.0189904e-01
 1.0268074e-03 4.9859816e-03]",[0.2035234  0.06961177 0.71392477 0.01294001],[0.01145718 0.98854285],"[4.71852360e-07 2.92064215e-04 1.02621228e-01 7.89035916e-01
 1.04202636e-01 3.80752445e-03 3.83320548e-05 1.74597631e-06
 8.75046879e-08]",0,Asian,20-39
/scratch/project_462000771/mengting/projects/bias/Wan2.1/prompt2/selected_faces/detected_person/person_0943_face0.png,Latino_Hispanic,White,Female,20-29,"[0.15299638 0.00285749 0.5926346  0.00421689 0.00387461 0.20865971
 0.03476027]",[0.7412751  0.04187446 0.04925287 0.16759756],[0.00419663 0.9958034 ],"[3.8474020e-08 1.6002577e-05 3.9708879e-02 7.3316139e-01 2.1545584e-01
 1.1565750e-02 8.9976122e-05 2.0440036e-06 6.2363142e-08]",1,Others,20-39
/scratch/project_462000771/mengting/projects/bias/Wan2.1/prompt2/selected_faces/detected_person/person_0944_face0.png,White,White,Male,30-39,"[9.9620473e-01 8.4244684e-06 1.8497531e-03 1.3457162e-04 1.4045920e-04
 1.8621247e-05 1.6433627e-03]",[9.9946475e-01 7.6897748e-05 2.0133973e-04 2.5706197e-04],[9.999953e-01 4.663275e-06],"[2.0970289e-07 9.3822027e-06 3.2629755e-03 4.8765510e-01 4.9046937e-01
 1.8458499e-02 1.4341976e-04 1.0543041e-06 2.8846184e-08]",1,White,20-39
/scratch/project_462000771/mengting/projects/bias/Wan2.1/prompt2/selected_faces/detected_person/person_0945_face0.png,East Asian,White,Female,20-29,"[1.9706921e-01 8.1221124e-06 3.3974808e-01 3.5024107e-01 9.9051587e-02
 8.3423993e-03 5.5395272e-03]",[0.49728775 0.00064808 0.33118215 0.17088203],[6.9371964e-07 9.9999934e-01],"[3.7060378e-08 4.5335732e-05 2.2090234e-02 7.6045579e-01 2.1344449e-01
 3.9423383e-03 2.1285608e-05 4.8707864e-07 3.0221512e-09]",2,Asian,20-39
/scratch/project_462000771/mengting/projects/bias/Wan2.1/prompt2/selected_faces/detected_person/person_0946_face0.png,White,White,Male,30-39,"[9.94909644e-01 1.11965055e-05 1.02412223e-03 4.73436667e-05
 5.34780302e-05 4.55557383e-05 3.90852708e-03]",[9.9966854e-01 5.2921046e-06 1.7355123e-04 1.5267747e-04],[9.997934e-01 2.065590e-04],"[3.5708756e-06 7.5373282e-05 6.9093765e-03 3.8245183e-01 4.5217612e-01
 1.5096310e-01 7.2696186e-03 1.4389990e-04 7.0631631e-06]",0,White,20-39
/scratch/project_462000771/mengting/projects/bias/Wan2.1/prompt2/selected_faces/detected_person/person_0947_face0.png,Black,Black,Female,20-29,"[8.7960160e-07 9.9963498e-01 8.3888481e-05 2.8467709e-06 1.0010770e-04
 1.7710659e-04 1.8384164e-07]",[8.7704699e-08 9.9999094e-01 6.8559125e-06 2.1889564e-06],[0.00170309 0.99829686],"[2.7653334e-08 6.9670736e-05 9.7569048e-02 8.4604341e-01 5.5695888e-02
 6.1956665e-04 2.3790701e-06 1.1570216e-08 2.3952559e-10]",0,Black,20-39
/scratch/project_462000771/mengting/projects/bias/Wan2.1/prompt2/selected_faces/detected_person/person_0948_face0.png,White,White,Female,30-39,"[9.6391928e-01 1.0476503e-04 2.6876878e-02 1.8820024e-04 4.1300576e-04
 6.4761576e-04 7.8503676e-03]",[0.96609205 0.00141646 0.00119103 0.0313005 ],[1.5035385e-05 9.9998498e-01],"[1.19484875e-08 9.99102099e-07 4.77712019e-04 1.47489622e-01
 6.76606536e-01 1.71332896e-01 4.03057132e-03 6.06061367e-05
 9.69713255e-07]",1,White,20-39
/scratch/project_462000771/mengting/projects/bias/Wan2.1/prompt2/selected_faces/detected_person/person_0949_face0.png,Latino_Hispanic,White,Female,20-29,"[0.39567733 0.00103278 0.523628   0.00339643 0.00647173 0.03106508
 0.03872863]",[0.95662934 0.0069674  0.014586   0.02181728],[0.01569406 0.9843059 ],"[1.7894180e-08 8.7540093e-06 4.7236472e-02 6.8512583e-01 2.5579938e-01
 1.1761000e-02 6.7001158e-05 1.4732012e-06 3.0886660e-08]",1,Others,20-39
/scratch/project_462000771/mengting/projects/bias/Wan2.1/prompt2/selected_faces/detected_person/person_0950_face0.png,Black,Black,Female,20-29,"[7.9301032e-08 9.9999797e-01 1.2486910e-06 8.9892183e-09 5.6656081e-08
 6.5624266e-07 3.5651986e-08]",[4.8797119e-08 9.9999982e-01 6.4955451e-08 5.7803742e-08],[0.0052819  0.99471813],"[1.2322168e-07 5.0096070e-05 1.1440132e-02 5.4161888e-01 4.2420176e-01
 2.2498250e-02 1.8973571e-04 1.0249674e-06 3.2181443e-08]",1,Black,20-39
/scratch/project_462000771/mengting/projects/bias/Wan2.1/prompt2/selected_faces/detected_person/person_0951_face0.png,Indian,Black,Female,20-29,"[2.4123149e-04 3.3284569e-01 7.9650842e-02 3.7619164e-03 2.0774770e-01
 3.7565839e-01 9.4153635e-05]",[3.7461337e-05 9.9676490e-01 3.3680481e-04 2.8608632e-03],[2.4917547e-04 9.9975079e-01],"[1.6359733e-06 4.8546994e-04 8.3129428e-02 4.8238546e-01 4.0824071e-01
 2.4940662e-02 8.0103922e-04 1.5462720e-05 1.8007682e-07]",0,Others,20-39
/scratch/project_462000771/mengting/projects/bias/Wan2.1/prompt2/selected_faces/detected_person/person_0952_face0.png,White,White,Male,20-29,"[9.9886751e-01 1.8771458e-06 4.2556957e-04 2.4178171e-06 4.6065988e-06
 1.0984358e-05 6.8714027e-04]",[9.99855936e-01 4.40096210e-06 2.93139474e-05 1.10387744e-04],[9.9990743e-01 9.2561611e-05],"[9.3007230e-08 8.7746033e-05 7.3924780e-02 8.5109240e-01 7.3900089e-02
 9.9180324e-04 3.0422350e-06 4.6270156e-08 2.1963296e-09]",1,White,20-39
/scratch/project_462000771/mengting/projects/bias/Wan2.1/prompt2/selected_faces/detected_person/person_0953_face0.png,Latino_Hispanic,White,Female,30-39,"[2.9496497e-01 3.4319353e-04 6.2422138e-01 2.0186051e-03 2.3536552e-03
 1.1707898e-02 6.4390369e-02]",[0.92909956 0.00408001 0.01564271 0.05117769],[1.3056127e-04 9.9986947e-01],"[4.9064699e-08 9.3743865e-06 8.7448135e-03 3.0774793e-01 6.0334063e-01
 7.8890137e-02 1.2341535e-03 3.2377582e-05 4.7437894e-07]",2,Others,20-39
/scratch/project_462000771/mengting/projects/bias/Wan2.1/prompt2/selected_faces/detected_person/person_0954_face0.png,East Asian,Asian,Female,30-39,"[2.0033016e-04 6.0049347e-06 1.6870457e-03 9.1959006e-01 7.8212135e-02
 2.4490792e-04 5.9572307e-05]",[4.3039914e-04 1.7268507e-05 9.9923819e-01 3.1413426e-04],[0.0013179  0.99868214],"[1.3426546e-07 2.2721531e-05 1.1093177e-02 4.4042143e-01 4.7309124e-01
 7.3744722e-02 1.4864104e-03 1.3876776e-04 1.3809032e-06]",0,Asian,20-39
/scratch/project_462000771/mengting/projects/bias/Wan2.1/prompt2/selected_faces/detected_person/person_0955_face0.png,Black,Black,Male,30-39,"[6.3267461e-04 9.8335695e-01 7.5915842e-03 3.1010099e-05 3.9453086e-04
 6.5906136e-03 1.4026791e-03]",[2.5158713e-04 9.9826550e-01 3.4857521e-04 1.1343134e-03],[9.9983966e-01 1.6039207e-04],"[1.6039397e-05 1.7501113e-04 5.3767064e-03 1.5398689e-01 5.3690791e-01
 2.8413945e-01 1.8862518e-02 5.1494787e-04 2.0507798e-05]",0,Black,20-39
/scratch/project_462000771/mengting/projects/bias/Wan2.1/prompt2/selected_faces/detected_person/person_0956_face0.png,White,White,Female,20-29,"[9.8254949e-01 6.1904702e-06 1.5081290e-02 7.9947240e-05 9.2725502e-05
 1.7477224e-04 2.0155841e-03]",[9.9746901e-01 2.3933953e-05 3.8803407e-04 2.1190520e-03],[0.18980788 0.81019217],"[3.2411915e-09 1.4972178e-06 1.7959287e-02 7.0217347e-01 2.7117077e-01
 8.6552203e-03 3.9473583e-05 3.0575805e-07 6.6936789e-09]",1,White,20-39
/scratch/project_462000771/mengting/projects/bias/Wan2.1/prompt2/selected_faces/detected_person/person_0957_face0.png,White,White,Female,30-39,"[8.6486495e-01 5.3985768e-05 2.2968533e-02 8.5288993e-05 9.4186616e-05
 2.9602419e-03 1.0897293e-01]",[9.8998249e-01 9.0571346e-05 1.5699575e-04 9.7699594e-03],[4.8199360e-04 9.9951804e-01],"[5.6733359e-08 9.9648287e-06 5.6942087e-03 3.8825756e-01 4.8782662e-01
 1.1569727e-01 2.4663040e-03 4.4970355e-05 3.0029253e-06]",0,White,20-39
/scratch/project_462000771/mengting/projects/bias/Wan2.1/prompt2/selected_faces/detected_person/person_0958_face0.png,White,White,Female,30-39,"[7.95615792e-01 1.20081415e-04 8.99110511e-02 4.45046555e-03
 2.63249897e-03 2.05798564e-03 1.05212077e-01]",[0.92935175 0.00207131 0.02106206 0.04751485],[3.141897e-05 9.999686e-01],"[1.46945647e-08 1.36737663e-06 3.20935599e-03 4.37801242e-01
 5.16446590e-01 4.19267118e-02 6.03315770e-04 1.12934695e-05
 1.03339154e-07]",2,White,20-39
/scratch/project_462000771/mengting/projects/bias/Wan2.1/prompt2/selected_faces/detected_person/person_0959_face0.png,Black,Black,Male,20-29,"[1.5570350e-07 9.9997258e-01 4.0947207e-06 2.3536224e-08 8.6499813e-07
 2.2114871e-05 1.8397289e-07]",[2.2803374e-07 9.9996966e-01 2.1389737e-06 2.7920967e-05],[9.9999869e-01 1.3635868e-06],"[6.7823564e-08 1.7158412e-05 2.0773007e-02 7.9974484e-01 1.7489237e-01
 4.5553404e-03 1.7098984e-05 1.6233388e-07 1.1126065e-08]",1,Black,20-39
/scratch/project_462000771/mengting/projects/bias/Wan2.1/prompt2/selected_faces/detected_person/person_0960_face0.png,Latino_Hispanic,Black,Female,20-29,"[0.11914673 0.01060286 0.79418695 0.00248645 0.01314768 0.02651287
 0.03391649]",[0.22759451 0.3997395  0.10984626 0.2628197 ],[0.01399897 0.986001  ],"[1.3275273e-07 1.8347289e-04 1.4390294e-01 7.4887133e-01 1.0507137e-01
 1.9610813e-03 9.3429589e-06 3.4848134e-07 8.9506926e-09]",1,Others,20-39
/scratch/project_462000771/mengting/projects/bias/Wan2.1/prompt2/selected_faces/detected_person/person_0961_face0.png,Latino_Hispanic,Asian,Male,30-39,"[0.04210659 0.04513064 0.47154498 0.04194293 0.281166   0.0719239
 0.04618494]",[0.13268779 0.19872071 0.44336224 0.22522932],[9.9980044e-01 1.9957464e-04],"[1.0594225e-06 1.4489506e-05 2.6591124e-03 4.1898724e-01 5.1600289e-01
 6.0986165e-02 1.3110408e-03 3.6753805e-05 1.3015979e-06]",0,Others,20-39
/scratch/project_462000771/mengting/projects/bias/Wan2.1/prompt2/selected_faces/detected_person/person_0962_face0.png,White,White,Male,20-29,"[9.9602997e-01 4.3010828e-06 1.0460441e-03 4.0114544e-05 9.2156159e-05
 1.3755781e-05 2.7735869e-03]",[9.9967051e-01 5.1030223e-05 2.0198428e-04 7.6466407e-05],[9.9988735e-01 1.1263803e-04],"[4.1833523e-08 1.3393081e-05 9.1836629e-03 7.7089256e-01 2.1648079e-01
 3.4154144e-03 1.4005762e-05 1.6549015e-07 8.3142160e-09]",1,White,20-39
/scratch/project_462000771/mengting/projects/bias/Wan2.1/prompt2/selected_faces/detected_person/person_0963_face0.png,Latino_Hispanic,Indian,Male,20-29,"[0.19498569 0.00136515 0.4128085  0.00059802 0.00284042 0.02824712
 0.3591551 ]",[0.09980121 0.0591135  0.02645619 0.8146291 ],[9.9953163e-01 4.6838092e-04],"[1.9884162e-06 1.6953859e-04 2.4841001e-02 5.2332371e-01 4.1930655e-01
 3.1923115e-02 4.2185336e-04 1.1838393e-05 5.3304024e-07]",0,Others,20-39
/scratch/project_462000771/mengting/projects/bias/Wan2.1/prompt2/selected_faces/detected_person/person_0964_face0.png,White,White,Female,20-29,"[6.6995347e-01 5.5540429e-04 2.5461859e-01 5.5845622e-03 6.1841533e-03
 1.9069421e-03 6.1196953e-02]",[0.99444306 0.00116381 0.00255584 0.00183725],[0.07372747 0.9262726 ],"[3.0887696e-07 7.2158808e-05 4.7074541e-02 4.9472883e-01 4.1071793e-01
 4.6281897e-02 1.0678369e-03 5.3030370e-05 3.4510449e-06]",1,White,20-39
/scratch/project_462000771/mengting/projects/bias/Wan2.1/prompt2/selected_faces/detected_person/person_0965_face0.png,White,White,Male,30-39,"[9.98287737e-01 6.48577998e-06 3.27307062e-04 1.14718193e-06
 2.38858502e-06 1.45406775e-05 1.36038486e-03]",[9.9958110e-01 2.7909708e-05 4.6061195e-05 3.4484937e-04],[9.9981755e-01 1.8248393e-04],"[2.7541529e-07 5.0126941e-06 7.6061382e-04 1.5435682e-01 6.4192754e-01
 1.9782896e-01 5.0978311e-03 2.2391841e-05 5.2859639e-07]",1,White,20-39
/scratch/project_462000771/mengting/projects/bias/Wan2.1/prompt2/selected_faces/detected_person/person_0966_face0.png,East Asian,Asian,Female,20-29,"[2.9412424e-04 2.7209360e-06 7.3034380e-04 9.4682837e-01 5.2055012e-02
 7.3088981e-05 1.6339929e-05]",[2.0324822e-04 2.8273729e-05 9.9971485e-01 5.3604159e-05],[2.0057245e-04 9.9979937e-01],"[1.5772143e-07 3.2618260e-05 1.7794685e-02 6.4514869e-01 3.1221390e-01
 2.4199480e-02 5.7065359e-04 3.9225728e-05 5.3142020e-07]",2,Asian,20-39
/scratch/project_462000771/mengting/projects/bias/Wan2.1/prompt2/selected_faces/detected_person/person_0967_face0.png,Indian,Indian,Female,20-29,"[0.04889112 0.0280134  0.3795417  0.00276215 0.00433881 0.44074646
 0.09570642]",[0.07987504 0.11795484 0.00499758 0.79717255],[5.6227722e-04 9.9943775e-01],"[1.8616214e-07 6.9796093e-05 2.3607370e-02 6.0087097e-01 3.4777948e-01
 2.7004750e-02 6.4201507e-04 2.4620778e-05 7.9181746e-07]",1,Others,20-39
/scratch/project_462000771/mengting/projects/bias/Wan2.1/prompt2/selected_faces/detected_person/person_0968_face0.png,Black,Black,Male,30-39,"[5.6394083e-07 9.9984950e-01 4.0826748e-05 8.2581636e-07 3.8880309e-05
 6.4003245e-05 5.4061561e-06]",[7.0854380e-06 9.9974293e-01 1.4906962e-04 1.0089043e-04],[0.9807902  0.01920981],"[1.1600234e-07 1.0627283e-05 3.8390269e-03 3.5911894e-01 5.7705110e-01
 5.7973579e-02 1.9405111e-03 6.1127394e-05 4.9714404e-06]",0,Black,20-39
/scratch/project_462000771/mengting/projects/bias/Wan2.1/prompt2/selected_faces/detected_person/person_0969_face0.png,Middle Eastern,White,Male,30-39,"[1.9987690e-01 2.5058363e-04 8.3834365e-02 8.0708531e-04 1.2722816e-03
 7.7486956e-03 7.0621014e-01]",[0.9609799  0.001988   0.01009917 0.02693298],[9.9956191e-01 4.3805855e-04],"[3.4140558e-05 3.8748558e-04 3.7885823e-03 1.5032627e-01 6.4081180e-01
 2.0100273e-01 3.5882278e-03 5.8764999e-05 1.9665702e-06]",1,White,20-39
/scratch/project_462000771/mengting/projects/bias/Wan2.1/prompt2/selected_faces/detected_person/person_0970_face0.png,White,White,Female,20-29,"[8.1761289e-01 1.4086670e-04 6.0348544e-02 1.1503740e-02 5.9570847e-03
 3.3561857e-03 1.0108077e-01]",[0.5619652  0.01271144 0.3377329  0.08759039],[0.00896777 0.99103224],"[4.1140730e-08 1.1442459e-04 1.6485441e-01 7.5626516e-01 7.7275790e-02
 1.4840155e-03 5.9810372e-06 2.0467340e-07 1.2603316e-08]",1,White,20-39
/scratch/project_462000771/mengting/projects/bias/Wan2.1/prompt2/selected_faces/detected_person/person_0971_face0.png,East Asian,Asian,Female,20-29,"[2.7705549e-04 9.8699029e-06 9.4492029e-04 9.3599695e-01 6.2606737e-02
 1.3758856e-04 2.6909333e-05]",[4.0226727e-04 7.3241674e-05 9.9945045e-01 7.4049371e-05],[0.00407096 0.9959291 ],"[1.7953461e-07 2.8817041e-04 1.3917467e-01 8.0930060e-01 5.0312638e-02
 9.1719674e-04 5.9428812e-06 6.6627200e-07 1.9647487e-08]",1,Asian,20-39
/scratch/project_462000771/mengting/projects/bias/Wan2.1/prompt2/selected_faces/detected_person/person_0972_face0.png,East Asian,Asian,Female,20-29,"[5.8331911e-04 3.9431757e-06 1.7669604e-03 9.2134559e-01 7.5813025e-02
 3.6159329e-04 1.2562152e-04]",[3.4110987e-04 2.2329184e-06 9.9945676e-01 1.9986466e-04],[0.00220084 0.9977992 ],"[1.3185846e-07 2.5364458e-05 1.1879120e-02 5.3072256e-01 4.0485197e-01
 5.1179223e-02 1.2330359e-03 1.0678652e-04 1.8321938e-06]",0,Asian,20-39
/scratch/project_462000771/mengting/projects/bias/Wan2.1/prompt2/selected_faces/detected_person/person_0973_face0.png,Black,Black,Male,20-29,"[4.72516222e-05 8.08371902e-01 3.34301963e-03 3.40149156e-03
 7.98337609e-02 1.04986936e-01 1.56025344e-05]",[2.1720270e-04 7.5289404e-01 7.6457471e-02 1.7043127e-01],[9.9999881e-01 1.1996184e-06],"[2.6323603e-08 7.5900020e-06 3.2922145e-02 9.0374768e-01 6.2298764e-02
 1.0177529e-03 5.8200999e-06 1.4042421e-07 5.1346478e-09]",0,Black,20-39
/scratch/project_462000771/mengting/projects/bias/Wan2.1/prompt2/selected_faces/detected_person/person_0974_face0.png,White,White,Male,20-29,"[9.9742430e-01 6.4413903e-06 1.6381852e-03 8.3554827e-05 8.9197150e-05
 8.7666249e-06 7.4965472e-04]",[9.9893171e-01 6.5902527e-04 3.7495702e-04 3.4309985e-05],[0.9952708  0.00472924],"[1.3083303e-07 1.7125033e-04 1.6869494e-01 7.8071958e-01 4.8930626e-02
 1.4705809e-03 1.2716207e-05 2.0508391e-07 1.1105481e-08]",1,White,20-39
/scratch/project_462000771/mengting/projects/bias/Wan2.1/prompt2/selected_faces/detected_person/person_0976_face0.png,Black,Black,Male,20-29,"[1.5806238e-07 9.9997652e-01 2.8434358e-06 3.8095667e-08 5.5680522e-07
 1.9712912e-05 2.6873280e-07]",[3.3028010e-07 9.9999225e-01 4.3075725e-06 3.0639887e-06],[9.9983215e-01 1.6781354e-04],"[1.9214161e-07 1.1492208e-04 4.0283501e-02 7.6733214e-01 1.8477240e-01
 7.4309995e-03 6.4537038e-05 1.2672061e-06 1.1951809e-07]",1,Black,20-39
/scratch/project_462000771/mengting/projects/bias/Wan2.1/prompt2/selected_faces/detected_person/person_0977_face0.png,White,White,Male,30-39,"[9.7974318e-01 1.2499403e-05 1.9663980e-03 2.9715247e-05 4.3687680e-05
 1.2924601e-04 1.8075207e-02]",[9.9931157e-01 4.1627169e-05 4.9973431e-04 1.4713095e-04],[9.991573e-01 8.427328e-04],"[5.8541609e-06 1.2989689e-04 3.4816707e-03 1.6335362e-01 5.8697069e-01
 2.3901805e-01 6.9020735e-03 1.3386915e-04 4.2908941e-06]",1,White,20-39
/scratch/project_462000771/mengting/projects/bias/Wan2.1/prompt2/selected_faces/detected_person/person_0978_face0.png,Black,Black,Male,20-29,"[9.9471788e-07 9.9985641e-01 2.8698809e-05 2.5546606e-07 1.3146289e-05
 1.0028160e-04 2.6029443e-07]",[1.7766192e-06 9.9997455e-01 1.1193061e-05 1.2448365e-05],[9.9998516e-01 1.4805327e-05],"[2.3291953e-08 1.0554554e-06 1.3748943e-03 5.1772225e-01 4.6580479e-01
 1.5018656e-02 7.8064593e-05 2.4219096e-07 1.3353522e-08]",0,Black,20-39
/scratch/project_462000771/mengting/projects/bias/Wan2.1/prompt2/selected_faces/detected_person/person_0979_face0.png,East Asian,White,Female,20-29,"[1.5001084e-03 1.1266448e-05 6.9580735e-03 8.8442469e-01 1.0643901e-01
 4.6411288e-04 2.0274810e-04]",[0.41159633 0.01204437 0.3219689  0.2543904 ],[0.00238665 0.9976133 ],"[2.2871783e-08 1.5446194e-05 3.3241693e-02 7.4691528e-01 2.1375282e-01
 6.0408683e-03 3.2521606e-05 1.3889309e-06 2.5802938e-08]",0,Asian,20-39
/scratch/project_462000771/mengting/projects/bias/Wan2.1/prompt2/selected_faces/detected_person/person_0980_face0.png,White,White,Male,30-39,"[5.27451992e-01 9.20449942e-03 1.13050096e-01 2.42474853e-05
 2.06653029e-04 1.21803964e-02 3.37882072e-01]",[0.86514425 0.02778385 0.00148164 0.10559025],[9.99896228e-01 1.03762955e-04],"[3.3558686e-07 1.9044628e-06 8.9682711e-05 3.2329597e-02 6.6643488e-01
 2.9594079e-01 5.1403120e-03 6.0466584e-05 2.2075264e-06]",1,White,20-39
/scratch/project_462000771/mengting/projects/bias/Wan2.1/prompt2/selected_faces/detected_person/person_0981_face0.png,East Asian,Asian,Female,20-29,"[2.70808960e-04 1.69066207e-05 4.67523350e-04 9.27773893e-01
 7.14062527e-02 5.41124027e-05 1.04430155e-05]",[4.7995438e-04 2.3600955e-04 9.9921191e-01 7.2103947e-05],[0.0080581  0.99194187],"[8.9824482e-08 1.6710378e-04 1.0878923e-01 7.8892279e-01 9.8919109e-02
 3.1747159e-03 2.4219065e-05 2.7668088e-06 1.3635123e-07]",1,Asian,20-39
/scratch/project_462000771/mengting/projects/bias/Wan2.1/prompt2/selected_faces/detected_person/person_0982_face0.png,East Asian,Asian,Female,20-29,"[0.07949465 0.02236518 0.32146418 0.35565433 0.16450615 0.0361393
 0.02037615]",[0.23473558 0.13307498 0.45758086 0.17460856],[0.14939477 0.85060525],"[3.0133009e-07 3.7664984e-05 4.0872172e-02 7.6359606e-01 1.8676965e-01
 8.6126626e-03 1.0559011e-04 5.6557151e-06 2.1032898e-07]",1,Asian,20-39
/scratch/project_462000771/mengting/projects/bias/Wan2.1/prompt2/selected_faces/detected_person/person_0983_face0.png,Latino_Hispanic,White,Female,20-29,"[0.36001253 0.00590932 0.44788015 0.00091264 0.00191092 0.00833349
 0.17504093]",[0.9380633  0.00564118 0.01100027 0.04529525],[0.21178958 0.78821045],"[1.5574839e-06 1.0150538e-03 2.5966644e-01 6.3993651e-01 9.5557354e-02
 3.7676371e-03 5.2327137e-05 2.8654069e-06 1.5818364e-07]",1,Others,20-39
/scratch/project_462000771/mengting/projects/bias/Wan2.1/prompt2/selected_faces/detected_person/person_0984_face0.png,Middle Eastern,White,Male,20-29,"[0.39327928 0.00129893 0.16172583 0.00054751 0.00143244 0.0101851
 0.43153083]",[0.98232794 0.00152085 0.00585027 0.01030097],[9.9997240e-01 2.7607193e-05],"[1.5712763e-07 2.9251851e-05 4.6827503e-02 7.7307540e-01 1.7707551e-01
 2.9788075e-03 1.2807450e-05 5.5896135e-07 8.8482830e-09]",1,White,20-39
/scratch/project_462000771/mengting/projects/bias/Wan2.1/prompt2/selected_faces/detected_person/person_0985_face0.png,White,White,Female,20-29,"[8.5377538e-01 2.5821175e-02 7.4314415e-02 2.1187414e-04 2.5615635e-04
 1.8539336e-03 4.3767106e-02]",[0.91696244 0.07481302 0.00505979 0.00316465],[0.03609136 0.9639087 ],"[2.3424893e-06 3.1233922e-04 2.9508734e-02 5.8670062e-01 3.6395961e-01
 1.9057116e-02 4.3480567e-04 2.2335780e-05 2.0360208e-06]",0,White,20-39
/scratch/project_462000771/mengting/projects/bias/Wan2.1/prompt2/selected_faces/detected_person/person_0986_face0.png,East Asian,Asian,Male,20-29,"[8.5296313e-04 3.0101868e-05 2.9652736e-03 8.3679503e-01 1.5916434e-01
 1.2486872e-04 6.7472676e-05]",[9.4991102e-04 2.3502775e-04 9.9874783e-01 6.7197201e-05],[0.5993028  0.40069708],"[5.49707181e-07 1.56127819e-04 1.21010803e-01 7.68939257e-01
 1.04989864e-01 4.79692221e-03 9.19564627e-05 1.37454135e-05
 7.49702906e-07]",1,Asian,20-39
/scratch/project_462000771/mengting/projects/bias/Wan2.1/prompt2/selected_faces/detected_person/person_0987_face0.png,White,White,Male,30-39,"[8.1344616e-01 8.7621977e-04 9.5039509e-02 1.3543859e-04 4.1629470e-04
 5.0772894e-03 8.5009083e-02]",[0.9506065  0.00457583 0.00101215 0.04380548],[9.9998826e-01 1.1762552e-05],"[1.2252564e-06 5.3614702e-05 7.3900847e-03 3.0652347e-01 6.0342795e-01
 8.1454523e-02 1.1333358e-03 1.5202662e-05 5.5545030e-07]",1,White,20-39
/scratch/project_462000771/mengting/projects/bias/Wan2.1/prompt2/selected_faces/detected_person/person_0988_face0.png,Latino_Hispanic,White,Female,20-29,"[2.5903693e-01 3.3647902e-04 6.4677554e-01 3.0996507e-02 2.4352383e-02
 6.3924203e-03 3.2109726e-02]",[0.93062556 0.00677539 0.03948301 0.02311602],[4.5418004e-05 9.9995458e-01],"[2.1534863e-08 8.1658320e-05 1.0039334e-01 6.3615525e-01 2.5525925e-01
 8.0518452e-03 5.7601850e-05 9.9312024e-07 1.1141103e-08]",2,Others,20-39
/scratch/project_462000771/mengting/projects/bias/Wan2.1/prompt2/selected_faces/detected_person/person_0989_face0.png,White,White,Female,20-29,"[0.60348916 0.00087061 0.24815309 0.02390745 0.00603573 0.01384643
 0.10369752]",[0.90943444 0.0153049  0.01360225 0.06165844],[0.00379024 0.99620974],"[2.4211346e-08 2.5366814e-06 8.2814973e-03 5.3440666e-01 4.3222529e-01
 2.4838096e-02 2.3923672e-04 6.5449981e-06 1.4433057e-07]",2,White,20-39
/scratch/project_462000771/mengting/projects/bias/Wan2.1/prompt2/selected_faces/detected_person/person_0990_face0.png,Black,Black,Female,20-29,"[1.7659617e-07 9.9991482e-01 2.4191901e-05 5.9413566e-07 1.2233765e-05
 4.8047685e-05 1.1040772e-08]",[7.6475622e-08 9.9998200e-01 1.3543416e-05 4.2090574e-06],[8.2716069e-05 9.9991727e-01],"[6.9025553e-08 1.1837267e-04 5.3467497e-02 6.2794846e-01 3.0809096e-01
 1.0186139e-02 1.8738612e-04 1.1396687e-06 1.0094720e-08]",0,Black,20-39
/scratch/project_462000771/mengting/projects/bias/Wan2.1/prompt2/selected_faces/detected_person/person_0991_face0.png,White,White,Male,20-29,"[9.6367043e-01 5.6582385e-06 5.9933225e-03 9.5053321e-05 1.2752255e-04
 3.3930221e-04 2.9768750e-02]",[9.9494857e-01 2.8571085e-05 1.4270544e-03 3.5957985e-03],[9.999309e-01 6.907400e-05],"[5.9770919e-08 7.3889780e-05 1.3455367e-01 8.2276863e-01 4.1798607e-02
 8.0311048e-04 1.9919280e-06 4.3657291e-08 1.2949694e-09]",1,White,20-39
/scratch/project_462000771/mengting/projects/bias/Wan2.1/prompt2/selected_faces/detected_person/person_0992_face0.png,Latino_Hispanic,White,Female,20-29,"[0.35716003 0.00592556 0.60411173 0.00262313 0.00359242 0.00806144
 0.01852569]",[0.92168313 0.04983844 0.0041585  0.02431992],[0.01827227 0.9817277 ],"[2.0642594e-07 4.5982871e-04 2.4557525e-01 6.5443194e-01 9.6119553e-02
 3.3858093e-03 2.6320024e-05 9.8054466e-07 7.6569627e-08]",1,Others,20-39
/scratch/project_462000771/mengting/projects/bias/Wan2.1/prompt2/selected_faces/detected_person/person_0993_face0.png,Middle Eastern,White,Male,30-39,"[4.1907725e-01 9.5449376e-04 1.0323323e-01 5.9760958e-05 1.8550341e-04
 6.5053469e-03 4.6998444e-01]",[0.9636519  0.00760023 0.00362102 0.02512688],[9.9999934e-01 6.1161961e-07],"[3.4442294e-07 3.5540559e-06 2.7932151e-04 1.5951099e-01 7.7891028e-01
 6.1004698e-02 2.8936379e-04 1.4987812e-06 1.8698868e-08]",1,White,20-39
/scratch/project_462000771/mengting/projects/bias/Wan2.1/prompt2/selected_faces/detected_person/person_0994_face0.png,East Asian,White,Female,20-29,"[0.33802328 0.00081875 0.20774397 0.35558444 0.08513454 0.00156755
 0.01112744]",[0.97165567 0.00266625 0.02376206 0.00191605],[0.3976687  0.60233134],"[3.35085304e-07 1.01417085e-04 1.21408954e-01 7.65072107e-01
 1.09898970e-01 3.48747475e-03 2.92948043e-05 1.42816486e-06
 9.95186653e-08]",1,Asian,20-39
/scratch/project_462000771/mengting/projects/bias/Wan2.1/prompt2/selected_faces/detected_person/person_0995_face0.png,Black,Black,Female,20-29,"[5.0639646e-04 9.6774268e-01 7.1159969e-03 9.7708638e-05 2.0652614e-03
 2.2442343e-02 2.9644214e-05]",[2.5132182e-04 9.9689627e-01 8.9595895e-05 2.7628504e-03],[0.0373166  0.96268344],"[4.1917932e-08 1.6897311e-04 1.6919523e-01 8.0335855e-01 2.6967574e-02
 3.0877977e-04 7.2859223e-07 1.6433670e-08 1.2141540e-09]",2,Black,20-39
/scratch/project_462000771/mengting/projects/bias/Wan2.1/prompt2/selected_faces/detected_person/person_0996_face0.png,White,White,Male,20-29,"[8.6661571e-01 3.7308644e-05 6.9302596e-02 2.6300701e-03 1.9938697e-03
 1.9081803e-04 5.9229612e-02]",[9.9913782e-01 2.3841718e-05 5.7498203e-04 2.6337334e-04],[0.99841535 0.00158458],"[3.4244613e-07 4.9268780e-05 7.3943153e-02 8.0222481e-01 1.1932894e-01
 4.3957368e-03 5.5874465e-05 1.8157168e-06 8.9950916e-08]",1,White,20-39
/scratch/project_462000771/mengting/projects/bias/Wan2.1/prompt2/selected_faces/detected_person/person_0997_face0.png,White,White,Female,30-39,"[8.6672604e-01 1.7425664e-05 8.0233425e-02 3.9634467e-03 1.8298288e-03
 1.5472471e-03 4.5682676e-02]",[9.6821409e-01 6.4719788e-04 2.6946142e-02 4.1925041e-03],[9.215263e-05 9.999079e-01],"[1.7367922e-08 6.0378316e-06 6.2711481e-03 2.7420223e-01 6.4048421e-01
 7.8109466e-02 9.1215118e-04 1.4499451e-05 1.6008055e-07]",0,White,20-39
/scratch/project_462000771/mengting/projects/bias/Wan2.1/prompt2/selected_faces/detected_person/person_0998_face0.png,Middle Eastern,White,Male,20-29,"[3.8262916e-01 7.5261369e-03 1.3746621e-01 9.9140714e-05 2.7099246e-04
 2.9306499e-02 4.4270185e-01]",[0.49711666 0.31561163 0.0010231  0.18624859],[9.9940497e-01 5.9501478e-04],"[5.1000821e-08 9.9547506e-06 6.9066091e-03 7.4231791e-01 2.4964504e-01
 1.1178809e-03 2.5567913e-06 4.0917712e-08 7.3166440e-10]",1,White,20-39
/scratch/project_462000771/mengting/projects/bias/Wan2.1/prompt2/selected_faces/detected_person/person_0999_face0.png,Latino_Hispanic,Indian,Female,20-29,"[5.8724415e-02 1.6010567e-04 7.6165628e-01 7.7229780e-03 1.1055142e-02
 1.3998839e-01 2.0692663e-02]",[0.38846302 0.00152727 0.06744738 0.5425623 ],[7.8879326e-05 9.9992114e-01],"[1.3581780e-08 1.3993769e-05 3.9581068e-02 6.2926805e-01 3.1491244e-01
 1.6129209e-02 9.3497081e-05 1.7792440e-06 1.8421296e-08]",0,Others,20-39
