face_name_align,race,race4,gender,age,race_scores_fair,race_scores_fair_4,gender_scores_fair,age_scores_fair,attractiveness,race_final,age_final
/scratch/project_462000771/mengting/projects/bias/SD3/prompt2/selected_faces/detected_sad/sad_person_0000_face0.png,White,White,Male,30-39,"[9.5720631e-01 1.7521246e-05 3.2307453e-02 2.0069396e-04 1.8549305e-04
 4.7439663e-04 9.6081058e-03]",[9.9735922e-01 2.1362626e-05 1.2596537e-03 1.3597222e-03],[0.8396664 0.1603336],"[5.3423247e-07 6.0694751e-06 1.2245442e-03 1.0354717e-01 6.5159273e-01
 2.3858207e-01 4.9992455e-03 4.6601705e-05 1.0356397e-06]",1,White,20-39
/scratch/project_462000771/mengting/projects/bias/SD3/prompt2/selected_faces/detected_sad/sad_person_0001_face0.png,White,White,Male,20-29,"[8.3930153e-01 4.5191409e-04 6.4773925e-02 8.9199835e-04 1.4447111e-03
 1.1048244e-03 9.2031084e-02]",[9.8481417e-01 3.0119947e-04 5.3914567e-03 9.4931377e-03],[9.9995208e-01 4.7900336e-05],"[4.2050470e-07 4.7729859e-06 1.4203978e-02 5.4761517e-01 3.6402658e-01
 6.9564514e-02 4.4450285e-03 1.3630008e-04 3.2004029e-06]",1,White,20-39
/scratch/project_462000771/mengting/projects/bias/SD3/prompt2/selected_faces/detected_sad/sad_person_0002_face0.png,White,White,Female,20-29,"[9.7747695e-01 3.4921992e-04 1.2978581e-02 2.5538498e-04 1.5216165e-04
 3.8729183e-04 8.4004616e-03]",[0.978974   0.00436285 0.00429651 0.01236667],[0.35851282 0.6414872 ],"[1.2990863e-06 3.4792506e-04 7.3414244e-02 6.1905408e-01 2.8508633e-01
 2.1678235e-02 4.0708264e-04 9.9431245e-06 7.6028681e-07]",1,White,20-39
/scratch/project_462000771/mengting/projects/bias/SD3/prompt2/selected_faces/detected_sad/sad_person_0003_face0.png,White,White,Male,50-59,"[0.79078305 0.00370144 0.02918175 0.00529401 0.01204561 0.00139133
 0.15760282]",[9.8782122e-01 6.4116326e-04 7.4181543e-03 4.1195033e-03],[9.9982786e-01 1.7214243e-04],"[7.0580107e-05 6.2329513e-05 4.9254566e-04 2.5681453e-03 2.2280399e-02
 1.3931978e-01 4.0938532e-01 3.7594298e-01 4.9877830e-02]",0,White,40-59
/scratch/project_462000771/mengting/projects/bias/SD3/prompt2/selected_faces/detected_sad/sad_person_0004_face0.png,White,White,Male,30-39,"[9.9616045e-01 2.9759693e-05 1.9721158e-03 2.5526035e-06 8.6802002e-06
 5.6307104e-05 1.7701511e-03]",[9.9962366e-01 4.2918997e-05 2.1347989e-04 1.1990350e-04],[9.9901646e-01 9.8350982e-04],"[4.0946597e-07 4.8673232e-06 1.3182987e-03 1.5793575e-01 5.8968067e-01
 2.3806556e-01 1.2706516e-02 2.7503748e-04 1.2960555e-05]",0,White,20-39
/scratch/project_462000771/mengting/projects/bias/SD3/prompt2/selected_faces/detected_sad/sad_person_0005_face0.png,White,White,Male,30-39,"[5.7428944e-01 7.0509559e-04 2.1953799e-01 7.3225448e-05 2.5928931e-04
 5.3852177e-03 1.9974974e-01]",[9.7391480e-01 8.5804414e-04 7.9216476e-04 2.4435055e-02],[9.9999917e-01 8.3560172e-07],"[1.3400523e-07 1.1676096e-06 1.0999111e-03 2.3506752e-01 6.4830083e-01
 1.1259516e-01 2.9116224e-03 2.3392460e-05 2.9459332e-07]",1,White,20-39
/scratch/project_462000771/mengting/projects/bias/SD3/prompt2/selected_faces/detected_sad/sad_person_0006_face0.png,Middle Eastern,White,Male,20-29,"[4.1203156e-01 3.8101748e-02 1.2213659e-01 1.6919045e-04 1.1667933e-03
 9.3298862e-03 4.1706419e-01]",[0.6033161  0.03388192 0.02334526 0.33945665],[9.9942225e-01 5.7768845e-04],"[6.8651707e-07 4.3268246e-05 7.7810794e-02 7.0960534e-01 1.7981490e-01
 2.9421801e-02 3.0817802e-03 2.1325710e-04 8.1083908e-06]",0,White,20-39
/scratch/project_462000771/mengting/projects/bias/SD3/prompt2/selected_faces/detected_sad/sad_person_0007_face0.png,White,White,Male,40-49,"[5.6291676e-01 2.5839750e-03 1.7750914e-01 2.4580306e-04 1.0729331e-03
 8.9781307e-02 1.6588999e-01]",[0.6933939  0.00176036 0.01670828 0.28813744],[0.92228967 0.07771035],"[9.4655634e-06 4.0390642e-05 2.7839306e-03 5.1810049e-02 2.2343953e-01
 4.3838653e-01 2.5121281e-01 2.9451445e-02 2.8658577e-03]",1,White,40-59
/scratch/project_462001220/mengting/projects_771/bias/SD3/prompt2/complete_selected_faces/detected_sad/0008_face0.png,White,White,Male,40-49,"[9.5378113e-01 3.0675285e-05 3.0349098e-02 4.2035721e-05 7.1814771e-05
 7.2811305e-04 1.4997152e-02]",[9.9953938e-01 1.2776291e-05 1.5566290e-04 2.9221229e-04],[0.84490925 0.15509067],"[1.00801060e-06 3.72912928e-06 1.91644795e-04 8.56088381e-03
 2.39749715e-01 6.27588272e-01 1.21491686e-01 2.36687437e-03
 4.61970776e-05]",1,White,40-59
/scratch/project_462000771/mengting/projects/bias/SD3/prompt2/selected_faces/detected_sad/sad_person_0009_face0.png,White,White,Male,20-29,"[7.2118694e-01 1.6887563e-04 1.9072208e-01 1.5289970e-03 4.3476517e-03
 6.4619929e-03 7.5583443e-02]",[9.9656653e-01 1.0349651e-05 1.1387360e-03 2.2844363e-03],[9.9999714e-01 2.9178534e-06],"[8.8066912e-07 6.4108877e-05 5.3387329e-02 6.4681381e-01 2.8148615e-01
 1.7995875e-02 2.4870128e-04 3.0716362e-06 4.8637137e-08]",1,White,20-39
/scratch/project_462000771/mengting/projects/bias/SD3/prompt2/selected_faces/detected_sad/sad_person_0010_face0.png,White,White,Male,20-29,"[7.7357215e-01 3.0251223e-04 1.6939294e-01 5.6630699e-04 1.2612138e-03
 3.9564269e-03 5.0948497e-02]",[0.904834   0.00147391 0.0507439  0.04294823],[9.9999976e-01 2.2132852e-07],"[1.15763035e-08 1.08893591e-05 1.26977935e-01 8.50122988e-01
 2.27383655e-02 1.49385130e-04 4.41640822e-07 8.41986125e-09
 1.23517613e-10]",1,White,20-39
/scratch/project_462001220/mengting/projects_771/bias/SD3/prompt2/complete_selected_faces/detected_sad/0011_face0.png,White,White,Male,40-49,"[6.6524398e-01 2.1919986e-04 1.8975291e-01 3.4706667e-04 7.2834117e-04
 6.7831413e-03 1.3692528e-01]",[9.4635272e-01 2.7489034e-04 2.2404920e-03 5.1131953e-02],[9.999941e-01 5.919696e-06],"[4.1006060e-06 7.8524936e-06 4.5575152e-04 9.4926776e-03 2.4447949e-01
 6.2624776e-01 1.1785876e-01 1.4397129e-03 1.3944108e-05]",1,White,40-59
/scratch/project_462000771/mengting/projects/bias/SD3/prompt2/selected_faces/detected_sad/sad_person_0012_face0.png,White,White,Male,40-49,"[0.52792996 0.009969   0.32201657 0.00066788 0.00592381 0.03788504
 0.09560779]",[0.7162027  0.00649636 0.01079103 0.26650995],[9.999939e-01 6.048760e-06],"[8.2832008e-07 9.7147540e-06 1.6418581e-03 4.0041637e-02 3.8212460e-01
 5.0987911e-01 6.5571107e-02 7.1073388e-04 2.0422840e-05]",1,White,40-59
/scratch/project_462000771/mengting/projects/bias/SD3/prompt2/selected_faces/detected_sad/sad_person_0013_face0.png,White,White,Male,20-29,"[7.13152289e-01 3.21127649e-04 1.32633075e-01 2.03177944e-04
 1.36466441e-03 1.21145286e-01 3.11803054e-02]",[0.91976464 0.00131205 0.00327317 0.07565013],[1.0000000e+00 2.7184601e-08],"[3.6982289e-07 1.4189260e-04 9.8594040e-02 5.0801420e-01 3.4109679e-01
 5.1573776e-02 5.7270954e-04 6.1357282e-06 9.1832341e-08]",1,White,20-39
/scratch/project_462000771/mengting/projects/bias/SD3/prompt2/selected_faces/detected_sad/sad_person_0014_face0.png,White,White,Male,40-49,"[9.8023951e-01 3.0937726e-06 7.6330402e-03 1.4113943e-04 1.0606797e-04
 2.3844573e-04 1.1638804e-02]",[9.9931103e-01 1.6723619e-06 1.2331016e-04 5.6391483e-04],[9.9999374e-01 6.3107495e-06],"[6.1650525e-08 4.5692587e-07 2.6150694e-04 3.8406372e-02 4.0958589e-01
 5.2369940e-01 2.7845293e-02 1.9827549e-04 2.7616929e-06]",1,White,40-59
/scratch/project_462000771/mengting/projects/bias/SD3/prompt2/selected_faces/detected_sad/sad_person_0015_face0.png,White,White,Male,20-29,"[5.8064061e-01 1.6781315e-04 3.5287708e-01 4.0133900e-04 1.0422154e-03
 2.4896800e-03 6.2381253e-02]",[9.8825026e-01 6.5568107e-04 2.6040627e-03 8.4899366e-03],[0.99749    0.00250997],"[6.0338557e-08 9.2917918e-07 4.8357742e-03 5.7731932e-01 3.9326128e-01
 2.4176050e-02 4.0231968e-04 4.1893150e-06 5.8486709e-08]",1,White,20-39
/scratch/project_462000771/mengting/projects/bias/SD3/prompt2/selected_faces/detected_sad/sad_person_0016_face0.png,White,White,Male,20-29,"[9.9709868e-01 7.6691713e-06 1.3218927e-03 6.4314831e-05 9.7915101e-05
 3.1837808e-05 1.3778039e-03]",[9.9863714e-01 4.2445194e-05 1.0174381e-03 3.0299168e-04],[9.999330e-01 6.697517e-05],"[1.7370064e-07 3.3612003e-05 6.5062672e-02 6.1476272e-01 2.6475072e-01
 5.3114094e-02 2.2438215e-03 3.0912099e-05 1.3130200e-06]",1,White,20-39
/scratch/project_462000771/mengting/projects/bias/SD3/prompt2/selected_faces/detected_sad/sad_person_0017_face0.png,White,White,Male,30-39,"[9.1726124e-01 1.6068624e-04 4.4071119e-02 2.9515687e-04 4.5875800e-04
 2.9040236e-02 8.7127602e-03]",[0.6751866  0.00185613 0.00222105 0.32073623],[9.9998111e-01 1.8922117e-05],"[6.09907147e-07 1.29576483e-05 8.39565415e-03 2.55942136e-01
 4.96494979e-01 2.23364666e-01 1.55651625e-02 2.18378045e-04
 5.52319716e-06]",1,White,20-39
/scratch/project_462000771/mengting/projects/bias/SD3/prompt2/selected_faces/detected_sad/sad_person_0018_face0.png,White,White,Male,30-39,"[4.69540745e-01 1.19793454e-04 2.65596747e-01 3.97862284e-04
 1.20598543e-03 1.08000739e-02 2.52338797e-01]",[8.4796697e-01 3.4926733e-04 4.1544219e-03 1.4752930e-01],[9.9998504e-01 1.4947329e-05],"[2.3871584e-07 4.6605446e-06 1.3727230e-03 2.1073131e-01 7.2517008e-01
 6.2323827e-02 3.9454864e-04 2.6176706e-06 3.3679559e-08]",1,White,20-39
/scratch/project_462000771/mengting/projects/bias/SD3/prompt2/selected_faces/detected_sad/sad_person_0019_face0.png,White,White,Female,50-59,"[9.85146224e-01 2.59158242e-06 3.86312720e-03 1.29647640e-04
 1.40575823e-04 3.39676481e-04 1.03780925e-02]",[9.9374926e-01 4.6154919e-06 6.0314811e-03 2.1462134e-04],[0.03647413 0.9635259 ],"[4.67103519e-06 4.23242273e-05 8.11180042e-04 9.88029502e-03
 4.53895032e-02 2.99717516e-01 3.95278484e-01 1.41013190e-01
 1.07862785e-01]",1,White,40-59
/scratch/project_462000771/mengting/projects/bias/SD3/prompt2/selected_faces/detected_sad/sad_person_0020_face0.png,Latino_Hispanic,Black,Male,20-29,"[0.25310504 0.14345591 0.4186219  0.01734797 0.05108997 0.03825095
 0.07812823]",[0.40956968 0.4265403  0.05080473 0.11308524],[0.9730609  0.02693905],"[1.1091132e-05 2.7420754e-03 1.3557112e-01 7.0063281e-01 1.5589789e-01
 5.0694384e-03 6.9571950e-05 5.3022140e-06 7.0968116e-07]",0,Others,20-39
/scratch/project_462000771/mengting/projects/bias/SD3/prompt2/selected_faces/detected_sad/sad_person_0021_face0.png,Latino_Hispanic,Indian,Male,20-29,"[0.10943911 0.00480304 0.70034707 0.00145163 0.01674189 0.07505452
 0.09216274]",[0.277633   0.02116575 0.03202466 0.6691766 ],[9.9999940e-01 5.7354026e-07],"[6.5237549e-07 1.2455703e-04 9.9810526e-02 7.0362061e-01 1.8643524e-01
 9.8435972e-03 1.6097094e-04 3.7537891e-06 7.7871086e-08]",0,Others,20-39
/scratch/project_462000771/mengting/projects/bias/SD3/prompt2/selected_faces/detected_sad/sad_person_0022_face0.png,East Asian,Asian,Male,20-29,"[2.1862984e-01 1.3676626e-04 8.2476415e-02 5.4092705e-01 9.4590195e-02
 1.4838994e-02 4.8400797e-02]",[0.14151423 0.00157959 0.7747072  0.08219901],[9.999497e-01 5.038559e-05],"[8.1328960e-07 3.9238337e-05 3.1000726e-02 8.0036819e-01 1.6597573e-01
 2.5936062e-03 2.0260873e-05 1.4682765e-06 2.7114329e-08]",1,Asian,20-39
/scratch/project_462000771/mengting/projects/bias/SD3/prompt2/selected_faces/detected_sad/sad_person_0023_face0.png,Indian,Asian,Male,40-49,"[0.00448045 0.19248013 0.1686245  0.04015677 0.29283684 0.29913995
 0.0022814 ]",[0.00160454 0.25025004 0.39941537 0.34873   ],[9.9902004e-01 9.7996066e-04],"[1.1317785e-04 7.3622883e-04 6.2535061e-03 3.5733987e-02 1.6881521e-01
 4.6116012e-01 2.4327534e-01 7.6374501e-02 7.5378595e-03]",0,Others,40-59
/scratch/project_462000771/mengting/projects/bias/SD3/prompt2/selected_faces/detected_sad/sad_person_0024_face0.png,White,Black,Female,30-39,"[0.59175944 0.0027375  0.23690322 0.0011994  0.00170613 0.01703176
 0.14866257]",[0.2819506  0.5863099  0.07494523 0.05679427],[0.03701759 0.9629824 ],"[9.3004394e-07 4.2708300e-05 1.2260494e-02 3.9177471e-01 5.1039046e-01
 8.2762435e-02 2.6733512e-03 9.1302216e-05 3.6090273e-06]",0,White,20-39
/scratch/project_462000771/mengting/projects/bias/SD3/prompt2/selected_faces/detected_sad/sad_person_0025_face0.png,White,White,Male,70+,"[0.49192324 0.00164917 0.0456799  0.00159863 0.01181676 0.07082134
 0.37651095]",[9.6007138e-01 7.0511183e-04 2.3039110e-02 1.6184349e-02],[0.9940129  0.00598712],"[1.07693595e-05 1.95311550e-05 1.64703568e-04 5.29597630e-04
 1.75256806e-03 1.62548423e-02 1.41103849e-01 3.51671249e-01
 4.88492846e-01]",0,White,60+
/scratch/project_462001220/mengting/projects_771/bias/SD3/prompt2/complete_selected_faces/detected_sad/0026_face0.png,White,White,Male,30-39,"[5.7781869e-01 1.3134412e-03 3.6118150e-01 3.1937361e-05 3.0086975e-04
 3.0711543e-02 2.8641952e-02]",[0.8835715  0.00236979 0.00497432 0.10908445],[1.0000000e+00 1.9695246e-08],"[8.6595762e-08 1.3120208e-06 3.0298738e-04 5.4644030e-02 5.3972477e-01
 3.8985199e-01 1.5410591e-02 6.3861131e-05 3.8904395e-07]",1,White,20-39
/scratch/project_462000771/mengting/projects/bias/SD3/prompt2/selected_faces/detected_sad/sad_person_0027_face0.png,White,White,Female,40-49,"[9.4740665e-01 1.1970162e-04 1.2944164e-02 3.0662625e-03 1.3144154e-03
 7.8675768e-04 3.4362033e-02]",[9.9165940e-01 8.1881444e-05 7.5528962e-03 7.0581061e-04],[0.03711038 0.9628896 ],"[3.60793238e-05 7.26081373e-04 7.27922609e-03 1.15969278e-01
 3.24868411e-01 4.23641682e-01 1.04131036e-01 1.53861605e-02
 7.96205457e-03]",1,White,40-59
/scratch/project_462000771/mengting/projects/bias/SD3/prompt2/selected_faces/detected_sad/sad_person_0028_face0.png,White,White,Male,20-29,"[9.85154688e-01 1.05127685e-04 3.28057376e-03 2.14517349e-05
 3.74580486e-05 7.30349129e-05 1.13277230e-02]",[9.9957156e-01 1.0251453e-05 1.4641689e-04 2.7178272e-04],[9.999991e-01 9.605286e-07],"[1.6026593e-07 5.0949879e-05 5.0618153e-02 7.2303361e-01 2.1401092e-01
 1.2161315e-02 1.2276566e-04 2.0368923e-06 5.8208446e-08]",1,White,20-39
/scratch/project_462000771/mengting/projects/bias/SD3/prompt2/selected_faces/detected_sad/sad_person_0029_face0.png,Southeast Asian,Indian,Male,20-29,"[0.09536859 0.01044261 0.23625807 0.18426529 0.379357   0.07392632
 0.02038212]",[0.22397645 0.03275044 0.22781773 0.51545537],[9.9986273e-01 1.3725921e-04],"[2.1238159e-07 5.0493913e-05 7.3552914e-02 7.0692581e-01 2.1077012e-01
 8.5822511e-03 1.1518941e-04 2.8248267e-06 1.3998743e-07]",1,Asian,20-39
/scratch/project_462000771/mengting/projects/bias/SD3/prompt2/selected_faces/detected_sad/sad_person_0030_face0.png,White,White,Female,40-49,"[9.5623422e-01 9.0530368e-05 1.3596372e-02 1.3531678e-05 2.9240089e-05
 1.1640576e-03 2.8872011e-02]",[9.8218858e-01 3.6269575e-04 1.1052180e-03 1.6343530e-02],[0.0179124  0.98208755],"[4.1966547e-07 2.0425232e-05 1.6753095e-03 9.2094898e-02 4.0295547e-01
 4.5264637e-01 4.8528124e-02 1.9197254e-03 1.5923945e-04]",0,White,40-59
/scratch/project_462000771/mengting/projects/bias/SD3/prompt2/selected_faces/detected_sad/sad_person_0031_face0.png,White,White,Male,20-29,"[8.8635588e-01 1.2406352e-04 9.1031216e-02 1.3803010e-03 1.3545322e-03
 5.8895111e-04 1.9165160e-02]",[9.9815267e-01 1.9346623e-04 1.1821050e-03 4.7179734e-04],[9.9978292e-01 2.1711187e-04],"[9.0843656e-08 4.9267005e-06 2.3427133e-02 6.1064726e-01 3.5006943e-01
 1.5584460e-02 2.5869004e-04 7.7875557e-06 1.6542006e-07]",1,White,20-39
/scratch/project_462000771/mengting/projects/bias/SD3/prompt2/selected_faces/detected_sad/sad_person_0032_face0.png,White,White,Male,30-39,"[8.6175668e-01 2.6415456e-03 3.6482994e-02 1.2364365e-04 7.7268621e-04
 2.4428703e-03 9.5779642e-02]",[9.9414885e-01 8.8298577e-04 8.7526673e-04 4.0928973e-03],[9.9986714e-01 1.3285562e-04],"[7.5525918e-08 1.9741874e-06 2.3745534e-03 3.9632899e-01 5.1773405e-01
 8.1131421e-02 2.3712590e-03 5.4435164e-05 3.2732476e-06]",1,White,20-39
/scratch/project_462000771/mengting/projects/bias/SD3/prompt2/selected_faces/detected_sad/sad_person_0033_face0.png,White,White,Male,20-29,"[9.9800068e-01 2.2991705e-06 3.6360079e-04 2.0256020e-06 4.0789096e-06
 1.7506880e-05 1.6098053e-03]",[9.9978292e-01 2.4846600e-05 1.0435760e-05 1.8186007e-04],[0.9539882  0.04601185],"[6.8240212e-08 1.8671930e-05 4.2663604e-02 7.4738985e-01 1.8406357e-01
 2.5110174e-02 7.4501225e-04 8.6372092e-06 4.0000126e-07]",1,White,20-39
/scratch/project_462000771/mengting/projects/bias/SD3/prompt2/selected_faces/detected_sad/sad_person_0034_face0.png,White,White,Male,30-39,"[8.7741452e-01 2.1169695e-05 7.3303588e-02 2.3119655e-05 1.1754461e-04
 2.5700729e-03 4.6550002e-02]",[9.9778265e-01 7.8279754e-06 2.0459880e-05 2.1890425e-03],[9.9999893e-01 1.1152214e-06],"[3.3760867e-07 1.6826047e-05 1.0701801e-02 2.4805893e-01 5.6948233e-01
 1.6920792e-01 2.5193791e-03 1.2390525e-05 1.1345797e-07]",1,White,20-39
/scratch/project_462000771/mengting/projects/bias/SD3/prompt2/selected_faces/detected_sad/sad_person_0035_face0.png,Middle Eastern,White,Male,30-39,"[0.42785645 0.00067266 0.08291468 0.00062527 0.00171079 0.04775791
 0.43846226]",[9.75743771e-01 1.11420595e-04 2.15661284e-02 2.57880706e-03],[0.9956032  0.00439686],"[4.9498260e-07 8.7135049e-06 3.8648373e-03 2.4694088e-01 5.4003024e-01
 1.8961389e-01 1.7645640e-02 1.7329871e-03 1.6231650e-04]",1,White,20-39
/scratch/project_462000771/mengting/projects/bias/SD3/prompt2/selected_faces/detected_sad/sad_person_0036_face0.png,Latino_Hispanic,White,Male,30-39,"[0.35343593 0.13696349 0.3632663  0.00097059 0.00295126 0.03634144
 0.106071  ]",[0.5983682  0.09071746 0.02824588 0.28266844],[0.9972534  0.00274657],"[5.2692025e-07 2.3255909e-06 2.7611811e-04 4.3748960e-02 5.6769735e-01
 3.5985941e-01 2.7992535e-02 4.1271243e-04 9.9990712e-06]",0,Others,20-39
/scratch/project_462000771/mengting/projects/bias/SD3/prompt2/selected_faces/detected_sad/sad_person_0037_face0.png,White,White,Male,20-29,"[9.8097444e-01 2.0569799e-04 9.7966278e-03 1.8968733e-05 1.1112393e-04
 2.1351469e-03 6.7580291e-03]",[0.9606121  0.01384021 0.00199575 0.02355192],[9.9998635e-01 1.3706480e-05],"[6.2033479e-07 3.4812929e-05 1.6790263e-02 4.8521069e-01 3.7341902e-01
 1.2035050e-01 4.1243620e-03 6.6419132e-05 3.2333887e-06]",0,White,20-39
/scratch/project_462000771/mengting/projects/bias/SD3/prompt2/selected_faces/detected_sad/sad_person_0038_face0.png,White,White,Male,30-39,"[0.6145409  0.00133396 0.14650148 0.00063537 0.00156457 0.00873768
 0.22668612]",[9.8710734e-01 9.1964495e-05 9.1093108e-03 3.6912777e-03],[9.9966782e-01 3.3219176e-04],"[1.4797270e-07 1.9865104e-06 3.0048387e-03 4.1329810e-01 5.1935315e-01
 6.3354649e-02 9.7736996e-04 9.5895330e-06 2.1577323e-07]",0,White,20-39
/scratch/project_462000771/mengting/projects/bias/SD3/prompt2/selected_faces/detected_sad/sad_person_0039_face0.png,Middle Eastern,Indian,Male,30-39,"[0.13735569 0.0016477  0.31255603 0.00110771 0.0063566  0.1874052
 0.35357106]",[0.0855976  0.00438836 0.00686372 0.9031503 ],[9.9999988e-01 5.1183015e-08],"[5.5748382e-07 4.0997915e-05 7.6291575e-03 4.2829344e-01 5.1348495e-01
 5.0132815e-02 4.1289668e-04 5.1338675e-06 9.5686268e-08]",1,Others,20-39
/scratch/project_462000771/mengting/projects/bias/SD3/prompt2/selected_faces/detected_sad/sad_person_0040_face0.png,White,White,Female,40-49,"[0.47936246 0.00051767 0.4275509  0.0046181  0.00874266 0.02192251
 0.05728568]",[0.9192125  0.00106242 0.02222297 0.05750211],[0.45888004 0.54112   ],"[1.2591740e-05 8.7843757e-05 4.8655961e-03 4.0658809e-02 3.1724364e-01
 4.8857641e-01 1.4192668e-01 6.4064329e-03 2.2200313e-04]",1,White,40-59
/scratch/project_462000771/mengting/projects/bias/SD3/prompt2/selected_faces/detected_sad/sad_person_0041_face0.png,Indian,Indian,Male,30-39,"[0.18458317 0.0090137  0.27223894 0.00117761 0.01235119 0.36930975
 0.15132563]",[0.09395487 0.00890469 0.00187761 0.89526284],[1.0000000e+00 2.9129293e-08],"[2.9005901e-07 7.8970315e-06 3.6473377e-03 2.9317364e-01 5.7868731e-01
 1.2114893e-01 3.2795486e-03 5.4054053e-05 1.0085633e-06]",1,Others,20-39
/scratch/project_462000771/mengting/projects/bias/SD3/prompt2/selected_faces/detected_sad/sad_person_0042_face0.png,White,White,Male,40-49,"[9.1097522e-01 1.5189778e-03 4.5184575e-02 9.8407458e-05 4.7096566e-04
 3.3294891e-03 3.8422350e-02]",[0.98794085 0.00149727 0.00600811 0.00455378],[0.8309089  0.16909106],"[6.4402781e-07 1.6584918e-05 1.8441466e-03 3.9633527e-02 3.4071189e-01
 5.4457068e-01 7.1044661e-02 2.0646537e-03 1.1322018e-04]",0,White,40-59
/scratch/project_462000771/mengting/projects/bias/SD3/prompt2/selected_faces/detected_sad/sad_person_0043_face0.png,Latino_Hispanic,Indian,Male,20-29,"[0.27822837 0.00543032 0.5017915  0.02884275 0.05240534 0.05520615
 0.07809566]",[0.07684164 0.04448205 0.05775858 0.8209177 ],[0.9988507  0.00114929],"[4.7790115e-07 3.9250262e-05 7.3117122e-02 7.9192507e-01 1.2811118e-01
 6.5709469e-03 2.2418528e-04 1.1300443e-05 5.0924882e-07]",1,Others,20-39
/scratch/project_462000771/mengting/projects/bias/SD3/prompt2/selected_faces/detected_sad/sad_person_0044_face0.png,White,White,Male,30-39,"[8.6839586e-01 7.1315488e-05 2.1323252e-02 8.5301948e-04 6.3063577e-04
 1.4491278e-03 1.0727677e-01]",[9.9829507e-01 2.2446639e-04 5.7524059e-04 9.0519921e-04],[0.9897342  0.01026579],"[4.0045666e-08 4.8255708e-07 2.1910525e-03 4.2547503e-01 5.2298349e-01
 4.8179306e-02 1.1535140e-03 1.6642942e-05 4.3665963e-07]",1,White,20-39
/scratch/project_462000771/mengting/projects/bias/SD3/prompt2/selected_faces/detected_sad/sad_person_0045_face0.png,White,White,Male,50-59,"[8.0548424e-01 5.1755370e-03 6.6988587e-02 7.8158366e-05 2.7613912e-04
 2.1046177e-02 1.0095117e-01]",[9.8983073e-01 6.0771639e-04 2.5996868e-04 9.3015404e-03],[9.9984074e-01 1.5923231e-04],"[2.3496596e-05 8.7996968e-06 8.2752515e-05 1.9640289e-03 2.7153898e-02
 2.0625795e-01 5.8162647e-01 1.7498043e-01 7.9020448e-03]",0,White,40-59
/scratch/project_462000771/mengting/projects/bias/SD3/prompt2/selected_faces/detected_sad/sad_person_0046_face0.png,White,White,Male,20-29,"[9.9738765e-01 6.2452614e-07 2.0241542e-03 9.5521091e-07 8.9145333e-06
 1.1485330e-04 4.6278269e-04]",[9.9573076e-01 3.6051271e-05 1.6591088e-04 4.0672501e-03],[1.000000e+00 7.648955e-09],"[1.6580867e-07 1.6310796e-04 1.1453934e-01 7.1977603e-01 1.5888894e-01
 6.6016223e-03 3.0639494e-05 1.1591990e-07 1.1357130e-09]",1,White,20-39
/scratch/project_462000771/mengting/projects/bias/SD3/prompt2/selected_faces/detected_sad/sad_person_0047_face0.png,Indian,Indian,Male,30-39,"[1.5565282e-02 6.2034279e-03 1.5517923e-01 3.1935426e-05 4.8854965e-04
 6.8342197e-01 1.3910961e-01]",[0.01595698 0.0613641  0.00149367 0.9211853 ],[9.9994934e-01 5.0676077e-05],"[1.0253835e-06 6.6491543e-06 1.2772341e-03 8.6641088e-02 6.4549482e-01
 2.5592244e-01 1.0462646e-02 1.8956930e-04 4.5324964e-06]",0,Others,20-39
/scratch/project_462000771/mengting/projects/bias/SD3/prompt2/selected_faces/detected_sad/sad_person_0048_face0.png,White,White,Female,30-39,"[0.5854799  0.02395146 0.21552831 0.00069866 0.00102575 0.02093197
 0.15238404]",[0.7714333  0.03775557 0.02462712 0.16618402],[0.02106865 0.97893137],"[4.5441075e-06 8.5846208e-05 5.7167020e-03 2.2502083e-01 5.8522916e-01
 1.7043068e-01 1.2287524e-02 1.1463887e-03 7.8372068e-05]",1,White,20-39
/scratch/project_462000771/mengting/projects/bias/SD3/prompt2/selected_faces/detected_sad/sad_person_0049_face0.png,White,White,Male,30-39,"[9.49329972e-01 3.07088543e-04 3.42043974e-02 2.06644872e-05
 1.07003405e-04 3.92272836e-03 1.21081648e-02]",[9.781809e-01 5.025767e-04 5.258692e-04 2.079066e-02],[9.9996132e-01 3.8678376e-05],"[3.4555168e-08 7.9186520e-07 2.1995539e-03 3.7010446e-01 5.2459288e-01
 9.9612460e-02 3.4435038e-03 4.4759789e-05 1.5396188e-06]",1,White,20-39
/scratch/project_462000771/mengting/projects/bias/SD3/prompt2/selected_faces/detected_sad/sad_person_0050_face0.png,White,White,Male,30-39,"[9.2837077e-01 1.8175729e-04 4.6024516e-02 6.4369218e-05 2.4743599e-04
 3.9271256e-03 2.1184117e-02]",[0.9758793  0.00119934 0.00159269 0.02132867],[9.9999976e-01 2.0966429e-07],"[1.8372619e-07 4.7907188e-06 5.8429181e-03 4.5199636e-01 4.6364573e-01
 7.7016480e-02 1.4781679e-03 1.5115248e-05 2.8756321e-07]",1,White,20-39
/scratch/project_462000771/mengting/projects/bias/SD3/prompt2/selected_faces/detected_sad/sad_person_0051_face0.png,White,White,Male,40-49,"[6.2882751e-01 1.6546590e-02 8.6937323e-02 1.4011677e-04 6.4403273e-04
 3.8462626e-03 2.6305822e-01]",[0.87897694 0.0793092  0.00235581 0.0393581 ],[9.9999350e-01 6.4916276e-06],"[1.4227605e-06 6.0017396e-06 3.6435126e-04 1.2092611e-02 2.0622462e-01
 5.9435695e-01 1.8167667e-01 5.1888376e-03 8.8513174e-05]",1,White,40-59
/scratch/project_462000771/mengting/projects/bias/SD3/prompt2/selected_faces/detected_sad/sad_person_0052_face0.png,White,Asian,Male,20-29,"[0.48723173 0.00628454 0.1472517  0.15891019 0.04859366 0.01826838
 0.1334597 ]",[0.3705601  0.06854024 0.52495664 0.03594301],[0.9479956 0.0520044],"[2.5261508e-05 7.7516417e-04 2.7940221e-02 4.8243818e-01 4.3377584e-01
 5.3242564e-02 1.6503786e-03 1.3774840e-04 1.4645322e-05]",0,White,20-39
/scratch/project_462000771/mengting/projects/bias/SD3/prompt2/selected_faces/detected_sad/sad_person_0053_face0.png,Black,Black,Male,10-19,"[4.89235827e-05 9.95173812e-01 1.05877721e-03 1.27324965e-05
 2.85212271e-04 2.75310874e-03 6.67451241e-04]",[3.4869677e-06 9.9979430e-01 6.3215004e-05 1.3897414e-04],[9.9998182e-01 1.8228928e-05],"[2.6873213e-06 7.8608226e-03 7.1388048e-01 2.4186519e-01 3.2877140e-02
 3.3895101e-03 1.1767389e-04 6.1470882e-06 3.4457534e-07]",1,Black,10-19
/scratch/project_462000771/mengting/projects/bias/SD3/prompt2/selected_faces/detected_sad/sad_person_0054_face0.png,White,Indian,Male,20-29,"[6.0244989e-01 4.9593108e-04 1.4680220e-01 2.0505517e-04 1.0253870e-03
 3.4922421e-02 2.1409906e-01]",[0.33629608 0.00166808 0.00148494 0.6605509 ],[9.9999684e-01 3.2013156e-06],"[7.34822549e-07 1.01613645e-04 3.04591600e-02 6.90387785e-01
 2.71562755e-01 7.45231705e-03 3.51535782e-05 4.37753954e-07
 1.18596875e-08]",1,White,20-39
/scratch/project_462000771/mengting/projects/bias/SD3/prompt2/selected_faces/detected_sad/sad_person_0055_face0.png,White,White,Female,50-59,"[0.62672836 0.00117556 0.06382491 0.00201106 0.00392043 0.02675933
 0.27558038]",[9.521367e-01 3.568875e-04 3.760637e-02 9.899976e-03],[0.2682674 0.7317326],"[5.1759773e-05 3.1441936e-04 1.4050964e-03 5.6748698e-03 2.9454598e-02
 1.4432876e-01 3.5533845e-01 2.6336792e-01 2.0006406e-01]",0,White,40-59
/scratch/project_462000771/mengting/projects/bias/SD3/prompt2/selected_faces/detected_sad/sad_person_0056_face0.png,White,White,Male,20-29,"[9.7993547e-01 2.5989684e-05 1.5250571e-03 3.5848716e-05 5.9480670e-05
 7.3376446e-05 1.8344853e-02]",[9.9553263e-01 2.6823769e-04 3.0908701e-03 1.1083322e-03],[9.9999863e-01 1.3256725e-06],"[1.4924154e-06 4.6516446e-04 6.3497677e-02 7.9860216e-01 1.3422294e-01
 3.1948627e-03 1.5300651e-05 3.5125083e-07 1.0143465e-08]",1,White,20-39
/scratch/project_462000771/mengting/projects/bias/SD3/prompt2/selected_faces/detected_sad/sad_person_0057_face0.png,Middle Eastern,White,Male,30-39,"[1.5127920e-01 6.7793083e-04 1.0414416e-01 6.4023639e-06 7.3834402e-05
 8.0062365e-03 7.3581225e-01]",[9.6205789e-01 1.1228644e-03 7.3387747e-04 3.6085401e-02],[1.0000000e+00 3.2278166e-08],"[5.0853157e-07 1.8188115e-05 9.3764318e-03 2.9636362e-01 5.7563567e-01
 1.1708507e-01 1.5058657e-03 1.4541432e-05 1.2729036e-07]",1,White,20-39
/scratch/project_462000771/mengting/projects/bias/SD3/prompt2/selected_faces/detected_sad/sad_person_0058_face0.png,Latino_Hispanic,White,Male,20-29,"[0.22883126 0.00548914 0.33960214 0.00775227 0.02415358 0.12595099
 0.2682206 ]",[0.8476118  0.00781502 0.02704016 0.11753301],[9.999587e-01 4.129716e-05],"[3.2598081e-07 3.3457796e-05 2.8099272e-02 7.7292192e-01 1.9157898e-01
 7.2711781e-03 9.1837835e-05 2.9923951e-06 1.2920528e-07]",0,Others,20-39
/scratch/project_462000771/mengting/projects/bias/SD3/prompt2/selected_faces/detected_sad/sad_person_0059_face0.png,White,White,Male,20-29,"[4.2340043e-01 2.3754749e-03 2.7282041e-01 2.8556056e-04 8.9798635e-04
 8.7687615e-03 2.9145136e-01]",[0.832817   0.01175726 0.03175766 0.12366804],[9.9942225e-01 5.7774084e-04],"[3.0756260e-07 3.8040064e-06 6.6068736e-03 5.5879217e-01 4.1117927e-01
 2.2745635e-02 6.4954482e-04 2.1691501e-05 7.8325974e-07]",1,White,20-39
/scratch/project_462000771/mengting/projects/bias/SD3/prompt2/selected_faces/detected_sad/sad_person_0060_face0.png,White,White,Male,20-29,"[6.6864979e-01 1.4434920e-03 2.5589189e-01 4.6799829e-05 6.8649964e-04
 4.7239844e-02 2.6041642e-02]",[9.3609303e-01 6.8907682e-03 8.9827197e-04 5.6117956e-02],[1.000000e+00 3.504422e-09],"[1.3022603e-08 2.4462215e-05 1.1128795e-01 8.3183402e-01 5.5653960e-02
 1.1953550e-03 4.2557022e-06 2.7691563e-08 3.3438827e-10]",1,White,20-39
/scratch/project_462000771/mengting/projects/bias/SD3/prompt2/selected_faces/detected_sad/sad_person_0061_face0.png,Middle Eastern,Indian,Male,20-29,"[2.0585294e-01 5.1259889e-05 1.0023274e-01 1.2871755e-04 1.0443791e-03
 1.4785895e-01 5.4483104e-01]",[1.7576508e-01 6.4679561e-04 5.8192913e-03 8.1776881e-01],[9.999902e-01 9.770171e-06],"[1.07154598e-07 7.12903566e-05 1.22308999e-01 7.72956371e-01
 1.01830654e-01 2.82213674e-03 1.02457852e-05 1.62003360e-07
 2.94663782e-09]",1,White,20-39
/scratch/project_462000771/mengting/projects/bias/SD3/prompt2/selected_faces/detected_sad/sad_person_0062_face0.png,White,White,Male,20-29,"[4.7485751e-01 4.7260028e-04 3.5912144e-01 3.1126425e-02 6.5588914e-02
 3.4789488e-02 3.4043591e-02]",[9.3457675e-01 4.1636336e-04 4.8121978e-02 1.6884943e-02],[9.9988037e-01 1.1961774e-04],"[2.51722625e-08 5.03616729e-06 7.50422105e-02 8.11665356e-01
 1.08479396e-01 4.70246375e-03 9.98078467e-05 5.60031867e-06
 1.32475378e-07]",1,White,20-39
/scratch/project_462000771/mengting/projects/bias/SD3/prompt2/selected_faces/detected_sad/sad_person_0063_face0.png,White,White,Male,30-39,"[9.8456794e-01 2.0363012e-05 4.0231762e-03 2.2422327e-03 1.0991399e-03
 1.0501538e-04 7.9421354e-03]",[9.7637373e-01 1.4750262e-04 2.2588216e-02 8.9058193e-04],[9.9999863e-01 1.3138841e-06],"[6.8757936e-07 3.0550495e-05 2.2519026e-02 3.2375383e-01 5.0130725e-01
 1.4785033e-01 4.4339704e-03 1.0289053e-04 1.4513876e-06]",1,White,20-39
/scratch/project_462000771/mengting/projects/bias/SD3/prompt2/selected_faces/detected_sad/sad_person_0064_face0.png,Latino_Hispanic,Indian,Male,20-29,"[3.2152314e-02 1.7600640e-03 6.6271961e-01 3.6917048e-04 3.0249434e-03
 3.6658011e-02 2.6331598e-01]",[0.02528271 0.00963023 0.029822   0.9352651 ],[9.9999952e-01 4.6270202e-07],"[1.1710065e-06 7.8962730e-05 2.1088444e-02 6.7551392e-01 2.8913355e-01
 1.4068913e-02 1.1336688e-04 1.6698984e-06 1.7932713e-08]",1,Others,20-39
/scratch/project_462000771/mengting/projects/bias/SD3/prompt2/selected_faces/detected_sad/sad_person_0065_face0.png,Middle Eastern,White,Male,20-29,"[2.5094441e-01 5.0884541e-05 6.0333867e-02 1.9668920e-04 4.9569260e-04
 3.2392147e-04 6.8765455e-01]",[9.9825054e-01 2.5489211e-05 5.3543848e-04 1.1884727e-03],[9.9999994e-01 1.0140522e-07],"[1.9862664e-07 8.2389015e-05 1.1486244e-01 7.5717258e-01 1.2294402e-01
 4.9048974e-03 3.3054406e-05 4.4039430e-07 4.1787289e-09]",1,White,20-39
/scratch/project_462000771/mengting/projects/bias/SD3/prompt2/selected_faces/detected_sad/sad_person_0066_face0.png,White,Indian,Male,30-39,"[6.9959879e-01 2.1279557e-03 2.1737054e-01 4.3446993e-04 2.1172089e-03
 4.2261664e-02 3.6089439e-02]",[0.3371962  0.03082583 0.01701312 0.6149649 ],[0.8032757  0.19672434],"[5.4590539e-05 1.7133715e-03 6.1196353e-02 1.5408805e-01 3.6285466e-01
 3.5604924e-01 6.0779776e-02 3.0694108e-03 1.9451644e-04]",0,White,20-39
/scratch/project_462000771/mengting/projects/bias/SD3/prompt2/selected_faces/detected_sad/sad_person_0067_face0.png,East Asian,Asian,Male,20-29,"[1.7549864e-03 1.9309040e-05 9.7476710e-03 6.8830425e-01 2.9883811e-01
 9.8974805e-04 3.4593281e-04]",[4.8909930e-04 2.9397770e-05 9.9893922e-01 5.4228766e-04],[9.9999809e-01 1.8838333e-06],"[4.10449665e-08 1.45779095e-05 4.33884971e-02 8.34248006e-01
 1.20719433e-01 1.61569600e-03 1.29862119e-05 7.92803348e-07
 1.16374945e-08]",1,Asian,20-39
/scratch/project_462000771/mengting/projects/bias/SD3/prompt2/selected_faces/detected_sad/sad_person_0068_face0.png,White,White,Male,20-29,"[8.7745261e-01 1.1019401e-02 8.7785318e-02 4.1136457e-04 1.2460490e-03
 5.2033467e-03 1.6881848e-02]",[0.6709721  0.17045441 0.05453877 0.10403475],[9.9999672e-01 3.2563694e-06],"[1.7214745e-07 4.1795440e-04 3.3260286e-01 6.3499379e-01 3.1115253e-02
 8.6180994e-04 7.9232213e-06 2.3284353e-07 1.2427639e-08]",1,White,20-39
/scratch/project_462000771/mengting/projects/bias/SD3/prompt2/selected_faces/detected_sad/sad_person_0069_face0.png,White,White,Male,20-29,"[9.4753128e-01 2.8733779e-03 3.5559159e-02 4.7119058e-04 6.4092118e-04
 3.9490228e-04 1.2529174e-02]",[9.9941313e-01 3.1132362e-04 2.0974869e-04 6.5823573e-05],[0.80119836 0.19880162],"[6.6953812e-06 1.5016743e-04 2.3251800e-02 6.7607838e-01 2.8014740e-01
 1.9468434e-02 8.4453874e-04 4.7960268e-05 4.5738461e-06]",1,White,20-39
/scratch/project_462000771/mengting/projects/bias/SD3/prompt2/selected_faces/detected_sad/sad_person_0070_face0.png,White,Asian,Female,20-29,"[0.36984947 0.00459409 0.25236455 0.20367727 0.08949406 0.01601365
 0.06400695]",[0.31387034 0.00745636 0.64884007 0.02983319],[0.01693917 0.98306084],"[4.6757072e-05 1.5953694e-02 2.8529328e-01 6.2026161e-01 7.3658958e-02
 4.6960893e-03 8.0954829e-05 7.6138858e-06 1.0871402e-06]",0,White,20-39
/scratch/project_462000771/mengting/projects/bias/SD3/prompt2/selected_faces/detected_sad/sad_person_0071_face0.png,Middle Eastern,White,Male,20-29,"[0.23341838 0.03413938 0.18251257 0.0014351  0.00575353 0.00494006
 0.53780097]",[0.7983169  0.07796481 0.04753039 0.07618789],[9.9923545e-01 7.6449895e-04],"[1.1246141e-06 7.2955132e-05 2.8101385e-02 7.4215192e-01 2.1704446e-01
 1.2318911e-02 3.0040077e-04 8.4635203e-06 4.7569631e-07]",1,White,20-39
/scratch/project_462000771/mengting/projects/bias/SD3/prompt2/selected_faces/detected_sad/sad_person_0072_face0.png,White,White,Male,20-29,"[8.4948850e-01 4.4339354e-04 1.0305437e-01 2.8599275e-04 2.3706029e-03
 1.9361174e-02 2.4996037e-02]",[0.90185386 0.00223886 0.00837967 0.08752761],[0.85000527 0.14999479],"[3.30236435e-06 3.37384845e-04 1.21977806e-01 5.28206706e-01
 2.94623464e-01 5.19212410e-02 2.79517588e-03 1.22780708e-04
 1.22052925e-05]",1,White,20-39
/scratch/project_462000771/mengting/projects/bias/SD3/prompt2/selected_faces/detected_sad/sad_person_0073_face0.png,White,White,Male,20-29,"[9.9057990e-01 5.4061957e-06 5.6530093e-03 1.6641323e-05 2.1222848e-05
 1.0505798e-04 3.6187388e-03]",[9.9832833e-01 5.4454806e-05 3.4498636e-04 1.2721545e-03],[0.9987991  0.00120088],"[1.7973468e-07 1.3188566e-05 1.8631330e-02 5.1680166e-01 4.1642630e-01
 4.7471870e-02 6.4777484e-04 7.5523435e-06 1.5117189e-07]",1,White,20-39
/scratch/project_462000771/mengting/projects/bias/SD3/prompt2/selected_faces/detected_sad/sad_person_0074_face0.png,White,White,Male,20-29,"[9.9855179e-01 5.8629939e-07 6.9644587e-04 2.6835676e-07 8.4731732e-07
 2.6987520e-05 7.2314736e-04]",[9.9288529e-01 1.5883795e-04 1.0802027e-04 6.8478384e-03],[0.7979117  0.20208827],"[3.1424960e-08 3.1347381e-06 7.9495590e-03 6.7292976e-01 2.9217923e-01
 2.6629742e-02 3.0616371e-04 2.2029383e-06 7.1661859e-08]",1,White,20-39
/scratch/project_462000771/mengting/projects/bias/SD3/prompt2/selected_faces/detected_sad/sad_person_0075_face0.png,Middle Eastern,White,Male,30-39,"[0.03347293 0.05130469 0.27539378 0.00092392 0.01283105 0.2625601
 0.3635135 ]",[0.471021   0.03214104 0.08293697 0.413901  ],[9.9988633e-01 1.1367886e-04],"[5.2342239e-06 1.8711436e-04 3.1290222e-02 3.8309166e-01 4.4316378e-01
 1.3381909e-01 8.0421353e-03 3.8006197e-04 2.0657139e-05]",0,Others,20-39
/scratch/project_462000771/mengting/projects/bias/SD3/prompt2/selected_faces/detected_sad/sad_person_0076_face0.png,White,White,Male,30-39,"[6.2504035e-01 1.4258553e-03 2.6476711e-01 3.9069302e-04 1.4488385e-03
 2.4157168e-02 8.2770094e-02]",[0.8030588  0.01434567 0.00493187 0.17766373],[9.999334e-01 6.654821e-05],"[3.7061758e-07 4.1919511e-06 8.0208888e-04 8.0670372e-02 5.8407056e-01
 3.2197851e-01 1.2374646e-02 9.7032811e-05 2.0764310e-06]",0,White,20-39
/scratch/project_462000771/mengting/projects/bias/SD3/prompt2/selected_faces/detected_sad/sad_person_0077_face0.png,White,White,Male,30-39,"[6.6211355e-01 1.4992633e-04 1.7130849e-01 5.1301983e-03 5.3732982e-03
 9.3685016e-03 1.4655611e-01]",[9.0912396e-01 6.4072292e-04 1.9609351e-02 7.0625953e-02],[0.9910849  0.00891515],"[1.1651661e-05 7.7870733e-05 1.9415334e-03 3.8808528e-02 4.6813434e-01
 4.5258999e-01 3.7557051e-02 8.4750250e-04 3.1609434e-05]",1,White,20-39
/scratch/project_462000771/mengting/projects/bias/SD3/prompt2/selected_faces/detected_sad/sad_person_0078_face0.png,White,White,Male,20-29,"[9.2454088e-01 1.3639207e-04 1.7474812e-02 9.7069598e-04 1.0514782e-03
 1.8821206e-03 5.3943653e-02]",[9.6606159e-01 5.1913306e-04 2.6131598e-02 7.2876778e-03],[9.9999863e-01 1.3039515e-06],"[4.8737485e-07 1.5762541e-04 1.2523526e-01 7.7302444e-01 9.8281339e-02
 3.2703143e-03 2.9448398e-05 1.1362354e-06 2.4205681e-08]",0,White,20-39
/scratch/project_462000771/mengting/projects/bias/SD3/prompt2/selected_faces/detected_sad/sad_person_0079_face0.png,White,White,Male,30-39,"[9.7704417e-01 2.7491710e-06 8.2710478e-03 2.0608911e-03 1.0344057e-03
 1.5819029e-05 1.1571000e-02]",[9.9534255e-01 4.9425594e-06 4.5697652e-03 8.2820094e-05],[9.9999994e-01 7.7876457e-08],"[2.8414227e-08 5.8620418e-07 1.7344238e-03 3.5488418e-01 6.1721230e-01
 2.6010351e-02 1.5714692e-04 9.7474958e-07 6.5394423e-09]",1,White,20-39
/scratch/project_462000771/mengting/projects/bias/SD3/prompt2/selected_faces/detected_sad/sad_person_0080_face0.png,White,White,Male,20-29,"[8.9710259e-01 1.5163904e-05 1.0995903e-02 4.1967237e-06 1.1599258e-05
 1.0873114e-03 9.0783238e-02]",[9.6148747e-01 3.6970334e-05 3.1542298e-04 3.8160123e-02],[9.9999779e-01 2.2155555e-06],"[2.0096803e-07 1.0359886e-05 1.8791296e-02 7.8251195e-01 1.8805832e-01
 1.0527706e-02 9.9217366e-05 9.4145173e-07 1.6404027e-08]",1,White,20-39
/scratch/project_462000771/mengting/projects/bias/SD3/prompt2/selected_faces/detected_sad/sad_person_0081_face0.png,Black,Black,Male,10-19,"[2.5168017e-06 9.9985737e-01 4.1793530e-05 2.8596376e-06 2.0091078e-05
 7.0562266e-05 4.6410128e-06]",[7.4063405e-07 9.9993938e-01 1.7440747e-05 4.2373067e-05],[0.9855798  0.01442022],"[1.6520009e-05 2.0356189e-02 5.4996073e-01 3.4322193e-01 7.5227492e-02
 1.0531506e-02 6.1246048e-04 6.0162933e-05 1.2930397e-05]",1,Black,10-19
/scratch/project_462000771/mengting/projects/bias/SD3/prompt2/selected_faces/detected_sad/sad_person_0082_face0.png,White,White,Male,30-39,"[7.5444919e-01 5.1992264e-04 1.5584010e-01 8.0192869e-05 3.0497974e-04
 8.9819282e-03 7.9823747e-02]",[0.938826   0.01655175 0.00354719 0.041075  ],[9.9996710e-01 3.2881922e-05],"[7.5728099e-09 2.3191048e-07 1.6431027e-03 3.4286100e-01 5.9688252e-01
 5.7392847e-02 1.2136680e-03 6.5211730e-06 9.8301172e-08]",1,White,20-39
/scratch/project_462000771/mengting/projects/bias/SD3/prompt2/selected_faces/detected_sad/sad_person_0083_face0.png,White,White,Male,30-39,"[8.2760412e-01 4.4607893e-03 6.0340270e-02 1.6383388e-05 2.6341676e-04
 2.6467459e-02 8.0847576e-02]",[7.4405336e-01 2.5195202e-02 3.2019606e-04 2.3043121e-01],[9.9997783e-01 2.2177881e-05],"[2.3976773e-08 5.3330547e-07 6.9665643e-05 2.3337752e-02 7.4133682e-01
 2.3370510e-01 1.5462134e-03 3.7820573e-06 8.6002380e-08]",1,White,20-39
/scratch/project_462000771/mengting/projects/bias/SD3/prompt2/selected_faces/detected_sad/sad_person_0084_face0.png,Indian,Indian,Male,30-39,"[6.9016688e-02 2.1116029e-01 2.2214368e-01 8.0909878e-05 1.8858231e-03
 3.5977083e-01 1.3594182e-01]",[0.23465931 0.07781173 0.00080518 0.6867238 ],[9.9997914e-01 2.0833590e-05],"[1.7953802e-06 1.3599459e-05 5.4018982e-03 3.7293100e-01 5.2368313e-01
 8.8362195e-02 8.7222345e-03 8.4890169e-04 3.5259680e-05]",0,Others,20-39
/scratch/project_462000771/mengting/projects/bias/SD3/prompt2/selected_faces/detected_sad/sad_person_0085_face0.png,White,White,Male,40-49,"[9.5088154e-01 1.0005707e-04 1.6890552e-02 8.1537954e-05 1.7074413e-04
 1.6238490e-03 3.0251710e-02]",[9.9487919e-01 3.7602691e-05 1.0814149e-03 4.0017995e-03],[0.9383407  0.06165925],"[3.9924004e-07 4.6962559e-06 5.7294441e-04 3.2128751e-02 3.6075476e-01
 5.5717474e-01 4.8469853e-02 8.4390369e-04 4.9944312e-05]",1,White,40-59
/scratch/project_462000771/mengting/projects/bias/SD3/prompt2/selected_faces/detected_sad/sad_person_0086_face0.png,White,White,Male,30-39,"[7.3329824e-01 4.2815221e-04 5.3028472e-02 1.1019457e-05 5.7930374e-05
 3.9561326e-03 2.0922005e-01]",[9.9609631e-01 5.9797956e-05 2.2055825e-05 3.8217572e-03],[9.9995244e-01 4.7537695e-05],"[5.7730929e-08 1.1982320e-06 8.4709155e-04 2.7531126e-01 6.8076438e-01
 4.2737070e-02 3.3661671e-04 2.1846547e-06 5.0980859e-08]",1,White,20-39
/scratch/project_462000771/mengting/projects/bias/SD3/prompt2/selected_faces/detected_sad/sad_person_0087_face0.png,Latino_Hispanic,Black,Male,30-39,"[0.2932088  0.20245102 0.31029087 0.00042238 0.00311322 0.10243489
 0.08807881]",[0.34766954 0.5247845  0.00215923 0.12538669],[9.99883890e-01 1.16113224e-04],"[6.6858120e-06 1.4298338e-04 1.2794103e-02 2.4726821e-01 5.1484406e-01
 2.0291188e-01 2.1195512e-02 7.8315084e-04 5.3300657e-05]",1,Others,20-39
/scratch/project_462000771/mengting/projects/bias/SD3/prompt2/selected_faces/detected_sad/sad_person_0088_face0.png,East Asian,Asian,Male,20-29,"[3.7562915e-03 3.8183905e-04 1.7644016e-02 6.5657508e-01 3.1708068e-01
 3.6961893e-03 8.6586835e-04]",[0.00187006 0.00408715 0.98291    0.01113284],[0.6292231  0.37077686],"[4.0769402e-07 5.8620277e-05 4.3363962e-02 6.8666470e-01 2.5225297e-01
 1.7040914e-02 5.7896494e-04 3.6977657e-05 2.4815008e-06]",1,Asian,20-39
/scratch/project_462000771/mengting/projects/bias/SD3/prompt2/selected_faces/detected_sad/sad_person_0089_face0.png,Latino_Hispanic,White,Male,20-29,"[0.25908428 0.01030749 0.5612745  0.00691593 0.01381033 0.00597885
 0.14262852]",[0.66053027 0.11425389 0.2118899  0.01332591],[0.99798596 0.00201399],"[6.0452675e-07 1.5399703e-04 2.1591635e-01 6.3586837e-01 1.3884713e-01
 8.8414010e-03 3.5376733e-04 1.7031487e-05 1.3198879e-06]",1,Others,20-39
/scratch/project_462000771/mengting/projects/bias/SD3/prompt2/selected_faces/detected_sad/sad_person_0090_face0.png,White,White,Male,20-29,"[8.19282115e-01 1.22795219e-03 7.02403337e-02 7.28590312e-05
 1.74699439e-04 1.01228373e-03 1.07989736e-01]",[9.9307936e-01 2.9429648e-04 4.2176176e-05 6.5841847e-03],[9.999914e-01 8.584247e-06],"[9.6865438e-07 3.6496596e-05 1.0263239e-02 5.0682569e-01 4.2953247e-01
 5.1862817e-02 1.4607155e-03 1.7234832e-05 3.8023813e-07]",1,White,20-39
/scratch/project_462000771/mengting/projects/bias/SD3/prompt2/selected_faces/detected_sad/sad_person_0091_face0.png,White,White,Male,20-29,"[0.92019117 0.00670607 0.05244566 0.0054815  0.00451987 0.00129125
 0.0093646 ]",[0.9756033  0.00988884 0.00971482 0.004793  ],[9.9999356e-01 6.4542046e-06],"[1.23404405e-07 5.38885215e-05 1.18550524e-01 8.24584842e-01
 5.55758327e-02 1.22180383e-03 1.26834748e-05 3.84896026e-07
 1.76905157e-08]",1,White,20-39
/scratch/project_462000771/mengting/projects/bias/SD3/prompt2/selected_faces/detected_sad/sad_person_0092_face0.png,White,White,Male,30-39,"[6.3065785e-01 1.8822256e-03 1.9720826e-01 5.1771803e-04 1.3188100e-03
 1.0367205e-02 1.5804788e-01]",[0.8107436  0.15721187 0.00221444 0.02983017],[9.9999845e-01 1.5280652e-06],"[9.6481313e-07 7.7220830e-06 1.7578170e-03 2.0060363e-01 6.3384730e-01
 1.5840201e-01 5.3228522e-03 5.6610035e-05 1.0476593e-06]",1,White,20-39
/scratch/project_462000771/mengting/projects/bias/SD3/prompt2/selected_faces/detected_sad/sad_person_0093_face0.png,White,White,Male,30-39,"[9.3920124e-01 3.0671339e-04 4.0131550e-02 1.6027447e-04 5.7409354e-04
 3.8424940e-03 1.5783671e-02]",[9.3959063e-01 1.1326951e-03 2.2747229e-04 5.9049193e-02],[9.999735e-01 2.648845e-05],"[2.5802242e-06 9.7618497e-05 3.8856942e-02 3.5895216e-01 3.7837413e-01
 2.0566680e-01 1.7630931e-02 4.0897873e-04 9.8616420e-06]",1,White,20-39
/scratch/project_462000771/mengting/projects/bias/SD3/prompt2/selected_faces/detected_sad/sad_person_0094_face0.png,White,White,Male,10-19,"[0.76043755 0.01479218 0.11007    0.00359511 0.00658313 0.00951862
 0.09500332]",[0.81279874 0.0231534  0.10581788 0.05822993],[0.9858752  0.01412484],"[2.2723336e-06 4.0207398e-03 5.5406839e-01 3.9026129e-01 4.8381716e-02
 3.1986665e-03 6.1794592e-05 4.6304167e-06 4.6508433e-07]",0,White,10-19
/scratch/project_462000771/mengting/projects/bias/SD3/prompt2/selected_faces/detected_sad/sad_person_0095_face0.png,White,White,Male,20-29,"[9.0438271e-01 3.5413919e-05 6.1219361e-02 8.4724517e-05 2.9641399e-04
 2.0378041e-03 3.1943586e-02]",[9.9612063e-01 3.6644822e-05 7.2493649e-04 3.1177690e-03],[1.000000e+00 2.018857e-08],"[2.1116248e-06 5.8159669e-04 7.6206617e-02 6.0405546e-01 2.9967391e-01
 1.9397389e-02 8.2190061e-05 7.4446490e-07 7.3969217e-09]",1,White,20-39
/scratch/project_462000771/mengting/projects/bias/SD3/prompt2/selected_faces/detected_sad/sad_person_0096_face0.png,White,White,Female,20-29,"[6.1695230e-01 6.6896457e-05 2.4994715e-01 3.2508071e-03 2.7040401e-03
 2.6516622e-02 1.0056214e-01]",[8.5439706e-01 3.3999258e-04 1.0764508e-02 1.3449848e-01],[0.37792245 0.6220775 ],"[4.36777242e-07 2.90001226e-05 2.21187603e-02 4.46958184e-01
 4.27669466e-01 1.00952744e-01 2.21609185e-03 5.31579426e-05
 2.12121358e-06]",1,White,20-39
/scratch/project_462000771/mengting/projects/bias/SD3/prompt2/selected_faces/detected_sad/sad_person_0097_face0.png,White,White,Male,50-59,"[9.2047638e-01 6.7348289e-04 1.3704407e-02 1.8493754e-04 6.9278816e-04
 1.9789494e-03 6.2289033e-02]",[0.9344231  0.00231752 0.05740504 0.00585431],[9.9997872e-01 2.1322116e-05],"[1.2472658e-06 1.4059005e-06 9.7940429e-05 2.1185761e-03 3.6106147e-02
 3.5775220e-01 5.3863740e-01 6.3104831e-02 2.1802287e-03]",1,White,40-59
/scratch/project_462000771/mengting/projects/bias/SD3/prompt2/selected_faces/detected_sad/sad_person_0098_face0.png,White,White,Male,20-29,"[9.1197282e-01 2.2829363e-05 6.7593314e-02 3.5705070e-03 3.7345991e-03
 1.0582058e-03 1.2047738e-02]",[9.4705808e-01 1.7741718e-04 2.9514529e-02 2.3249859e-02],[9.9999976e-01 1.8853245e-07],"[1.9423597e-08 6.4233504e-06 8.0354132e-02 8.5958493e-01 5.9435688e-02
 6.1571674e-04 3.1544150e-06 3.8246725e-08 4.9835869e-10]",1,White,20-39
/scratch/project_462000771/mengting/projects/bias/SD3/prompt2/selected_faces/detected_sad/sad_person_0099_face0.png,White,White,Male,30-39,"[0.44165814 0.00064869 0.18070486 0.00844706 0.01168504 0.02663134
 0.33022484]",[0.5482587  0.00439125 0.03692821 0.41042185],[9.9999815e-01 1.8437402e-06],"[6.0373821e-07 6.6245766e-06 9.4180793e-04 2.8679073e-01 6.7015922e-01
 4.1812763e-02 2.8586166e-04 2.2791592e-06 4.7219437e-08]",1,White,20-39
/scratch/project_462000771/mengting/projects/bias/SD3/prompt2/selected_faces/detected_sad/sad_person_0100_face0.png,White,White,Male,40-49,"[6.5150976e-01 6.4551388e-04 2.6838040e-01 1.0266242e-03 1.8492964e-03
 7.7664685e-03 6.8821974e-02]",[9.9484432e-01 9.5970032e-04 9.8496093e-04 3.2110182e-03],[9.9997449e-01 2.5489071e-05],"[1.1834770e-06 6.3361977e-06 9.4212673e-04 4.1367624e-02 3.9747804e-01
 5.0839388e-01 5.1154807e-02 6.4493978e-04 1.1110102e-05]",1,White,40-59
/scratch/project_462000771/mengting/projects/bias/SD3/prompt2/selected_faces/detected_sad/sad_person_0101_face0.png,White,White,Male,40-49,"[4.9935237e-01 3.8372894e-04 4.6785107e-01 3.7776644e-04 9.0921408e-04
 1.2055771e-02 1.9070018e-02]",[0.92555493 0.00217578 0.00458596 0.06768336],[9.9996978e-01 3.0243864e-05],"[6.2587214e-06 2.5162139e-05 6.0047279e-04 3.6759386e-03 1.3850869e-01
 6.8346798e-01 1.7254211e-01 1.1665935e-03 6.7361716e-06]",1,White,40-59
/scratch/project_462000771/mengting/projects/bias/SD3/prompt2/selected_faces/detected_sad/sad_person_0102_face0.png,Latino_Hispanic,White,Male,40-49,"[0.21182905 0.00217969 0.63379616 0.00933225 0.01758784 0.03454743
 0.09072756]",[0.8387163  0.00179839 0.09340431 0.06608103],[9.9999851e-01 1.5350416e-06],"[1.1824671e-04 4.0601028e-04 3.2937927e-03 2.4966527e-02 3.3559090e-01
 5.3601873e-01 9.7450167e-02 2.1434384e-03 1.2288067e-05]",1,Others,40-59
/scratch/project_462000771/mengting/projects/bias/SD3/prompt2/selected_faces/detected_sad/sad_person_0103_face0.png,White,White,Male,20-29,"[9.5410228e-01 1.0737775e-04 2.4300478e-02 1.5024633e-05 8.7230837e-05
 1.4207723e-03 1.9966744e-02]",[9.3715924e-01 3.5801073e-04 2.6984207e-04 6.2212944e-02],[9.999901e-01 9.915912e-06],"[5.9483842e-08 3.0441731e-06 6.9175507e-03 7.3761386e-01 2.4684560e-01
 8.5659986e-03 5.3272950e-05 6.2321868e-07 2.2259032e-08]",1,White,20-39
/scratch/project_462000771/mengting/projects/bias/SD3/prompt2/selected_faces/detected_sad/sad_person_0104_face0.png,White,White,Male,20-29,"[9.6648973e-01 3.8343886e-05 1.1880871e-02 3.4527183e-03 1.2275249e-03
 3.6942551e-04 1.6541388e-02]",[0.77287    0.00079124 0.21240672 0.01393204],[9.9988824e-01 1.1177149e-04],"[8.3129135e-07 1.3895368e-04 1.3009341e-01 6.5463793e-01 2.0269658e-01
 1.2285919e-02 1.4401518e-04 2.3324285e-06 7.3710623e-08]",1,White,20-39
/scratch/project_462000771/mengting/projects/bias/SD3/prompt2/selected_faces/detected_sad/sad_person_0105_face0.png,White,White,Male,30-39,"[0.81557316 0.00470198 0.06107409 0.00240441 0.00575633 0.04998721
 0.06050282]",[0.8834079  0.00101519 0.00343719 0.11213975],[9.9994636e-01 5.3607549e-05],"[3.56858692e-07 3.19755077e-06 1.90311926e-03 3.74111533e-01
 4.92260903e-01 1.23341136e-01 8.13589618e-03 2.23647672e-04
 2.01222738e-05]",0,White,20-39
/scratch/project_462000771/mengting/projects/bias/SD3/prompt2/selected_faces/detected_sad/sad_person_0106_face0.png,White,White,Male,30-39,"[7.6085830e-01 2.5520117e-03 2.0921807e-01 2.2916317e-04 1.1518958e-03
 1.2923278e-02 1.3067356e-02]",[9.9594307e-01 7.2297687e-04 3.3547322e-04 2.9985418e-03],[9.9994826e-01 5.1774095e-05],"[5.0762446e-06 4.2868131e-05 7.0448723e-03 1.1413336e-01 4.2000279e-01
 3.9052078e-01 6.7086525e-02 1.1298578e-03 3.3887107e-05]",1,White,20-39
/scratch/project_462000771/mengting/projects/bias/SD3/prompt2/selected_faces/detected_sad/sad_person_0107_face0.png,White,White,Male,40-49,"[7.8060442e-01 3.3706946e-03 1.3003355e-01 1.7671892e-04 7.5681321e-04
 3.0489804e-03 8.2008757e-02]",[0.93318117 0.00629034 0.00565267 0.05487579],[9.9998146e-01 1.8547200e-05],"[8.1836970e-07 1.3065556e-06 2.7333680e-04 2.0657748e-02 2.5460082e-01
 5.6185913e-01 1.5599681e-01 6.3772891e-03 2.3280527e-04]",1,White,40-59
/scratch/project_462000771/mengting/projects/bias/SD3/prompt2/selected_faces/detected_sad/sad_person_0108_face0.png,Latino_Hispanic,White,Male,30-39,"[2.6565424e-01 2.7025277e-03 4.4609606e-01 9.0129128e-05 1.0806846e-03
 7.0300996e-02 2.1407545e-01]",[0.60262126 0.00672281 0.00113021 0.3895257 ],[1.0000000e+00 3.4099163e-09],"[5.0659938e-08 1.1665518e-06 3.0207227e-03 3.4239572e-01 5.8575159e-01
 6.7661226e-02 1.1600606e-03 9.2957962e-06 7.2016441e-08]",1,Others,20-39
/scratch/project_462000771/mengting/projects/bias/SD3/prompt2/selected_faces/detected_sad/sad_person_0109_face0.png,Southeast Asian,Asian,Male,10-19,"[5.3026797e-03 4.0166409e-04 1.7356753e-02 4.1035429e-01 5.5301869e-01
 1.3258414e-02 3.0744303e-04]",[0.01688907 0.01105312 0.94133645 0.03072133],[9.99912e-01 8.80168e-05],"[6.4631678e-08 3.5578909e-04 5.4992080e-01 4.4556966e-01 4.1346303e-03
 1.8899078e-05 6.6931911e-08 3.9742525e-09 1.4327728e-10]",1,Asian,10-19
/scratch/project_462000771/mengting/projects/bias/SD3/prompt2/selected_faces/detected_sad/sad_person_0110_face0.png,White,White,Male,30-39,"[6.0636783e-01 5.7020377e-05 6.1012842e-02 5.7629277e-05 2.4303510e-04
 5.1825554e-03 3.2707909e-01]",[0.7895765  0.0010515  0.01428862 0.19508341],[9.9992526e-01 7.4771073e-05],"[5.3504088e-08 4.2747646e-07 1.1377457e-03 3.3177403e-01 6.2197912e-01
 4.4297293e-02 8.0006046e-04 1.0959089e-05 3.2174540e-07]",1,White,20-39
/scratch/project_462000771/mengting/projects/bias/SD3/prompt2/selected_faces/detected_sad/sad_person_0111_face0.png,White,White,Male,30-39,"[4.93453503e-01 1.42153923e-03 1.02989584e-01 4.59861156e-04
 9.83765931e-04 7.24455016e-03 3.93447250e-01]",[0.97123396 0.0033033  0.00663801 0.01882467],[9.9985313e-01 1.4687185e-04],"[1.6699166e-06 3.7900802e-06 7.2456640e-04 6.8673104e-02 6.1873853e-01
 2.9551703e-01 1.5553531e-02 7.5965864e-04 2.8077800e-05]",1,White,20-39
/scratch/project_462000771/mengting/projects/bias/SD3/prompt2/selected_faces/detected_sad/sad_person_0112_face0.png,Black,Black,Male,30-39,"[1.0747240e-06 9.9646181e-01 5.6890247e-05 7.9803067e-07 2.7741862e-05
 3.4491450e-03 2.6509977e-06]",[1.3517173e-06 9.9751896e-01 3.1071111e-05 2.4486070e-03],[9.9998587e-01 1.4117774e-05],"[3.6859785e-07 1.9109637e-05 5.7157339e-03 1.6991277e-01 4.3552274e-01
 3.5389513e-01 3.4122672e-02 7.6399487e-04 4.7513851e-05]",0,Black,20-39
/scratch/project_462000771/mengting/projects/bias/SD3/prompt2/selected_faces/detected_sad/sad_person_0113_face0.png,Middle Eastern,White,Male,30-39,"[2.5951874e-01 5.9527945e-04 2.4645016e-01 2.7657984e-04 9.0013607e-04
 2.3609025e-02 4.6865010e-01]",[0.8519918  0.00474259 0.00631184 0.13695382],[0.9987259  0.00127412],"[3.6560141e-07 2.4356684e-06 5.6758733e-04 9.7040467e-02 6.7648923e-01
 2.1815300e-01 7.6751974e-03 6.9466019e-05 2.2254494e-06]",1,White,20-39
/scratch/project_462000771/mengting/projects/bias/SD3/prompt2/selected_faces/detected_sad/sad_person_0114_face0.png,White,White,Male,20-29,"[8.4808362e-01 4.9731899e-03 9.2092916e-02 3.9946940e-04 1.2460968e-03
 3.4230191e-03 4.9781691e-02]",[0.96304965 0.00660335 0.01162539 0.01872165],[9.9999046e-01 9.5456226e-06],"[8.0663746e-08 4.8352281e-06 7.0531606e-03 5.6697679e-01 3.9162743e-01
 3.3453513e-02 8.7470427e-04 9.2139917e-06 2.7415513e-07]",1,White,20-39
/scratch/project_462000771/mengting/projects/bias/SD3/prompt2/selected_faces/detected_sad/sad_person_0115_face0.png,Latino_Hispanic,Indian,Male,20-29,"[0.11750264 0.02520341 0.39717084 0.00499368 0.01307241 0.19285376
 0.24920326]",[0.10751705 0.00677954 0.0214601  0.86424327],[0.997567   0.00243301],"[8.6311557e-06 1.6049042e-04 1.9611623e-02 5.9021443e-01 3.4427717e-01
 4.3480005e-02 2.0921291e-03 1.4457472e-04 1.0976288e-05]",0,Others,20-39
/scratch/project_462000771/mengting/projects/bias/SD3/prompt2/selected_faces/detected_sad/sad_person_0116_face0.png,White,White,Male,40-49,"[7.68599987e-01 6.58079298e-05 1.36877503e-02 1.82274416e-05
 1.09864304e-04 3.27384355e-03 2.14244485e-01]",[9.7123474e-01 1.1921444e-04 2.2124415e-04 2.8424824e-02],[9.998684e-01 1.316146e-04],"[5.2880296e-06 4.0393003e-05 4.1102502e-03 3.0876681e-02 2.2184257e-01
 5.8669144e-01 1.5097412e-01 5.3165359e-03 1.4272168e-04]",1,White,40-59
/scratch/project_462000771/mengting/projects/bias/SD3/prompt2/selected_faces/detected_sad/sad_person_0117_face0.png,Middle Eastern,White,Male,20-29,"[1.6901591e-01 2.0090662e-04 3.0836269e-01 1.5549866e-03 3.8054008e-03
 5.0177839e-02 4.6688232e-01]",[6.9982016e-01 3.4102451e-04 8.1544146e-02 2.1829464e-01],[9.9999934e-01 6.7211113e-07],"[7.7011572e-07 5.9555859e-05 2.4593063e-02 6.9039088e-01 2.7171165e-01
 1.3116596e-02 1.2365500e-04 3.7102325e-06 6.0651864e-08]",1,Others,20-39
/scratch/project_462000771/mengting/projects/bias/SD3/prompt2/selected_faces/detected_sad/sad_person_0118_face0.png,White,White,Male,30-39,"[9.6357268e-01 7.6368661e-04 2.2575233e-02 2.3840093e-04 1.5799736e-03
 2.5495104e-03 8.7205116e-03]",[0.97232133 0.0016525  0.00872094 0.01730524],[9.9999529e-01 4.7291005e-06],"[2.2616878e-06 1.6615960e-04 2.2387261e-02 2.4369267e-01 4.2547244e-01
 2.8416428e-01 2.3710296e-02 3.8639971e-04 1.8220404e-05]",0,White,20-39
/scratch/project_462000771/mengting/projects/bias/SD3/prompt2/selected_faces/detected_sad/sad_person_0119_face0.png,Black,Black,Male,30-39,"[1.9396104e-05 9.8799479e-01 4.9889437e-04 2.7161550e-05 6.7350100e-04
 1.0518279e-02 2.6803507e-04]",[4.3342757e-06 9.9471259e-01 1.0817309e-04 5.1748981e-03],[9.9999857e-01 1.4688912e-06],"[1.1299043e-05 4.2027808e-04 2.1147182e-02 3.8215443e-01 4.1719982e-01
 1.5716700e-01 1.9522807e-02 2.1969476e-03 1.8019367e-04]",0,Black,20-39
/scratch/project_462000771/mengting/projects/bias/SD3/prompt2/selected_faces/detected_sad/sad_person_0120_face0.png,Middle Eastern,White,Male,20-29,"[1.2591292e-01 1.7981247e-04 3.2408097e-01 1.9618994e-02 5.1348705e-02
 9.8674685e-02 3.8018391e-01]",[0.41748658 0.00060787 0.23786929 0.34403625],[9.999995e-01 4.150997e-07],"[6.4402073e-08 3.3947006e-05 1.0399113e-01 8.2111871e-01 7.2055735e-02
 2.7749087e-03 2.4135985e-05 1.3309855e-06 1.7625329e-08]",1,Others,20-39
/scratch/project_462000771/mengting/projects/bias/SD3/prompt2/selected_faces/detected_sad/sad_person_0121_face0.png,Middle Eastern,White,Male,20-29,"[3.4336704e-01 3.7411237e-04 2.5384662e-01 3.2878055e-03 1.2430982e-02
 4.6450263e-03 3.8204843e-01]",[9.0641373e-01 4.6214107e-05 9.0579070e-02 2.9610053e-03],[9.9999851e-01 1.4729279e-06],"[6.8809857e-07 3.4212473e-05 2.7222876e-02 4.6292096e-01 4.1852123e-01
 8.8959903e-02 2.3023628e-03 3.7411144e-05 3.8190052e-07]",1,White,20-39
/scratch/project_462000771/mengting/projects/bias/SD3/prompt2/selected_faces/detected_sad/sad_person_0122_face0.png,White,White,Male,30-39,"[9.0474850e-01 8.5302105e-05 4.4651341e-02 7.1320293e-04 1.0021059e-03
 2.4671312e-03 4.6332605e-02]",[0.9774054  0.00171457 0.00229988 0.01858016],[9.9999475e-01 5.2523346e-06],"[9.2001756e-08 1.1520930e-06 5.6516868e-04 7.0756160e-02 5.2033246e-01
 3.9406666e-01 1.4176000e-02 1.0114739e-04 1.1976284e-06]",1,White,20-39
/scratch/project_462000771/mengting/projects/bias/SD3/prompt2/selected_faces/detected_sad/sad_person_0123_face0.png,White,White,Male,50-59,"[9.2276675e-01 1.0658979e-04 9.6094497e-03 2.0707944e-04 6.3407136e-04
 2.6163859e-03 6.4059645e-02]",[9.9246758e-01 1.2763853e-04 3.3211701e-03 4.0836087e-03],[0.9936951  0.00630487],"[4.2984135e-05 1.4318574e-04 1.8735100e-03 2.5848860e-03 1.5197295e-02
 1.1726872e-01 5.4444993e-01 2.3302032e-01 8.5419215e-02]",1,White,40-59
/scratch/project_462000771/mengting/projects/bias/SD3/prompt2/selected_faces/detected_sad/sad_person_0124_face0.png,White,White,Male,40-49,"[0.8397345  0.00551113 0.06991186 0.00132168 0.00221469 0.00328669
 0.07801946]",[0.98983246 0.00192769 0.00249298 0.00574686],[9.9996483e-01 3.5182045e-05],"[1.7845152e-05 7.8440971e-05 2.6303502e-03 2.9128648e-02 2.1011609e-01
 4.9819356e-01 2.4728617e-01 1.2235369e-02 3.1361627e-04]",1,White,40-59
/scratch/project_462000771/mengting/projects/bias/SD3/prompt2/selected_faces/detected_sad/sad_person_0125_face0.png,Latino_Hispanic,Black,Male,30-39,"[1.2926950e-02 2.9016295e-01 4.3926579e-01 9.3103052e-05 1.9967332e-03
 1.0851072e-01 1.4704365e-01]",[0.00325163 0.9358291  0.00096582 0.05995351],[9.9999976e-01 2.4085628e-07],"[1.5217279e-06 7.3589108e-05 1.6988389e-02 4.0086550e-01 4.9872282e-01
 8.0068983e-02 3.2302111e-03 4.8251739e-05 7.4684419e-07]",1,Others,20-39
/scratch/project_462000771/mengting/projects/bias/SD3/prompt2/selected_faces/detected_sad/sad_person_0126_face0.png,White,White,Male,20-29,"[0.5829828  0.00568186 0.31369776 0.00109103 0.00186277 0.01803023
 0.07665374]",[0.67856365 0.03105747 0.04733463 0.24304423],[0.99713826 0.00286177],"[1.1053401e-07 6.9702564e-06 2.0916229e-02 6.3338691e-01 3.3047029e-01
 1.5017612e-02 1.9843190e-04 3.3899894e-06 7.4498971e-08]",1,White,20-39
/scratch/project_462000771/mengting/projects/bias/SD3/prompt2/selected_faces/detected_sad/sad_person_0127_face0.png,Latino_Hispanic,White,Male,30-39,"[2.0682421e-01 2.2004863e-04 4.5929214e-01 1.1018855e-03 3.9646220e-03
 7.0481397e-02 2.5811568e-01]",[9.3851149e-01 7.7956771e-05 3.4833734e-03 5.7927195e-02],[1.000000e+00 5.733494e-08],"[1.4729918e-06 2.5184207e-05 5.4323189e-03 1.2677699e-01 6.3316351e-01
 2.2691031e-01 7.6067746e-03 8.2852908e-05 6.5362866e-07]",1,Others,20-39
/scratch/project_462000771/mengting/projects/bias/SD3/prompt2/selected_faces/detected_sad/sad_person_0128_face0.png,White,White,Male,20-29,"[5.2549630e-01 3.5677345e-05 1.1211065e-01 8.0375641e-04 2.0084218e-03
 1.2434131e-02 3.4711102e-01]",[9.7358477e-01 5.1309151e-05 5.1715784e-03 2.1192411e-02],[9.9997014e-01 2.9852707e-05],"[1.3944064e-06 1.4227802e-04 1.1027111e-01 6.9639093e-01 1.8126515e-01
 1.1810880e-02 1.1568368e-04 2.5098884e-06 4.9740024e-08]",1,White,20-39
/scratch/project_462000771/mengting/projects/bias/SD3/prompt2/selected_faces/detected_sad/sad_person_0129_face0.png,White,White,Male,20-29,"[9.0326768e-01 1.3664149e-04 6.6174559e-02 1.2348787e-04 2.7209462e-04
 7.0599644e-03 2.2965575e-02]",[0.98522025 0.00118835 0.00204881 0.01154261],[9.9997413e-01 2.5868541e-05],"[1.5322679e-07 3.3700366e-05 8.3755381e-02 7.7030283e-01 1.3801961e-01
 7.7867713e-03 9.9187055e-05 2.1984474e-06 9.6932169e-08]",1,White,20-39
/scratch/project_462000771/mengting/projects/bias/SD3/prompt2/selected_faces/detected_sad/sad_person_0130_face0.png,White,White,Male,40-49,"[9.8065925e-01 2.1464433e-04 1.0149976e-02 8.3096120e-06 1.3994362e-04
 3.2584537e-03 5.5694962e-03]",[9.7743678e-01 7.7801335e-05 6.1743427e-04 2.1867994e-02],[9.9999988e-01 1.5339776e-07],"[1.4763309e-07 2.9623841e-06 7.5144414e-04 1.8157057e-02 1.6921417e-01
 6.8168694e-01 1.2882464e-01 1.3422261e-03 2.0489924e-05]",1,White,40-59
/scratch/project_462000771/mengting/projects/bias/SD3/prompt2/selected_faces/detected_sad/sad_person_0131_face0.png,Middle Eastern,White,Male,10-19,"[3.2718962e-01 7.8848854e-04 1.9962427e-01 2.3960056e-04 1.2930789e-03
 1.1891566e-01 3.5194919e-01]",[0.7171008  0.00323236 0.00882883 0.27083802],[9.9999785e-01 2.1681326e-06],"[7.0179254e-07 6.4158050e-04 5.7665229e-01 3.4767473e-01 6.6117086e-02
 8.7428559e-03 1.6213146e-04 8.3810291e-06 2.2714572e-07]",1,White,10-19
/scratch/project_462000771/mengting/projects/bias/SD3/prompt2/selected_faces/detected_sad/sad_person_0132_face0.png,White,White,Male,20-29,"[0.43319562 0.0100877  0.36364242 0.02369877 0.04331429 0.02571607
 0.10034509]",[0.50140184 0.00838757 0.4418972  0.04831336],[9.992730e-01 7.270327e-04],"[1.4209307e-07 2.7281716e-05 9.2322133e-02 8.2523459e-01 8.0704488e-02
 1.6827238e-03 2.7416952e-05 1.1080756e-06 3.9194582e-08]",0,White,20-39
/scratch/project_462000771/mengting/projects/bias/SD3/prompt2/selected_faces/detected_sad/sad_person_0133_face0.png,Indian,Indian,Male,20-29,"[2.4169587e-02 9.2088216e-04 3.1675428e-01 9.3148592e-06 2.5949051e-04
 4.6737227e-01 1.9051418e-01]",[8.1156723e-02 2.7486703e-03 6.8811263e-04 9.1540647e-01],[1.0000000e+00 1.2903383e-08],"[6.30617933e-07 2.27098571e-04 7.56333247e-02 6.60671890e-01
 2.47497022e-01 1.58114526e-02 1.56727852e-04 1.82711983e-06
 1.42194905e-08]",1,Others,20-39
/scratch/project_462000771/mengting/projects/bias/SD3/prompt2/selected_faces/detected_sad/sad_person_0134_face0.png,Middle Eastern,White,Male,30-39,"[1.5403052e-01 2.7584517e-03 3.7548202e-01 1.9090352e-05 2.5643298e-04
 5.1335994e-02 4.1611755e-01]",[0.8889264  0.01459889 0.00128986 0.09518486],[9.9999726e-01 2.7557680e-06],"[4.1268390e-08 1.7265535e-06 3.4946799e-03 2.1582092e-01 6.4473820e-01
 1.3367832e-01 2.2350284e-03 3.0232512e-05 8.0831620e-07]",1,Others,20-39
/scratch/project_462000771/mengting/projects/bias/SD3/prompt2/selected_faces/detected_sad/sad_person_0135_face0.png,White,White,Male,50-59,"[8.7162375e-01 4.1649266e-04 3.3488687e-02 1.4187617e-03 2.7044560e-03
 7.2959219e-03 8.3051898e-02]",[9.9730557e-01 4.9607883e-05 1.3132326e-03 1.3315206e-03],[9.9961281e-01 3.8723243e-04],"[7.0558999e-06 6.6366711e-06 1.9485626e-04 2.8725502e-03 3.2795340e-02
 2.8082141e-01 6.1522931e-01 6.4557925e-02 3.5147930e-03]",1,White,40-59
/scratch/project_462000771/mengting/projects/bias/SD3/prompt2/selected_faces/detected_sad/sad_person_0136_face0.png,White,White,Male,50-59,"[6.7447448e-01 1.0090950e-03 7.4623793e-02 1.9188350e-05 9.4894196e-05
 6.1893491e-03 2.4358931e-01]",[9.8711127e-01 6.4805266e-04 2.0322575e-04 1.2037412e-02],[0.9989677  0.00103225],"[3.9224392e-06 2.9547982e-06 7.1868053e-05 6.5614819e-04 2.5880024e-02
 3.0084509e-01 6.2017626e-01 5.1283527e-02 1.0803002e-03]",0,White,40-59
/scratch/project_462000771/mengting/projects/bias/SD3/prompt2/selected_faces/detected_sad/sad_person_0137_face0.png,White,White,Male,20-29,"[0.7387484  0.00598497 0.0938227  0.00348718 0.00450907 0.01244047
 0.14100726]",[9.8231894e-01 7.0046249e-04 3.7978590e-03 1.3182767e-02],[9.9996746e-01 3.2537308e-05],"[7.6019484e-07 4.2234173e-05 2.7167549e-02 8.1616580e-01 1.5222129e-01
 4.3594427e-03 4.0715084e-05 2.1204537e-06 7.8495717e-08]",1,White,20-39
/scratch/project_462000771/mengting/projects/bias/SD3/prompt2/selected_faces/detected_sad/sad_person_0138_face0.png,White,White,Male,30-39,"[9.5277244e-01 3.9426872e-04 2.9587207e-02 4.3575383e-05 1.2216283e-04
 5.7686964e-04 1.6503513e-02]",[9.9784964e-01 4.7291123e-04 2.3166946e-04 1.4457188e-03],[9.9999881e-01 1.1789276e-06],"[1.1868911e-07 1.0013759e-06 1.6585360e-03 2.2828543e-01 5.0888836e-01
 2.4211115e-01 1.8786103e-02 2.6553846e-04 3.7380578e-06]",1,White,20-39
/scratch/project_462000771/mengting/projects/bias/SD3/prompt2/selected_faces/detected_sad/sad_person_0139_face0.png,Latino_Hispanic,Indian,Male,30-39,"[0.01804153 0.0326119  0.68077344 0.00072069 0.00799311 0.22266783
 0.03719147]",[0.01106986 0.30825466 0.01215046 0.6685251 ],[9.999994e-01 5.876503e-07],"[4.2772788e-07 3.4630777e-06 2.0209788e-03 1.3097949e-01 6.3117999e-01
 2.2352980e-01 1.2130935e-02 1.5344955e-04 1.5021127e-06]",1,Others,20-39
/scratch/project_462000771/mengting/projects/bias/SD3/prompt2/selected_faces/detected_sad/sad_person_0140_face0.png,White,White,Male,30-39,"[8.6791074e-01 4.7518691e-04 9.2951417e-02 7.1477640e-04 1.5901158e-03
 1.2416155e-03 3.5116181e-02]",[9.8833090e-01 9.1280893e-04 9.4096945e-04 9.8153865e-03],[9.999652e-01 3.481765e-05],"[2.1905396e-07 3.5636510e-06 2.1841212e-03 3.1249669e-01 5.5057734e-01
 1.2965839e-01 5.0044642e-03 7.3049196e-05 2.1458438e-06]",1,White,20-39
/scratch/project_462000771/mengting/projects/bias/SD3/prompt2/selected_faces/detected_sad/sad_person_0141_face0.png,White,White,Male,30-39,"[8.5765302e-01 4.9102850e-02 4.2720944e-02 9.2398775e-05 1.9304507e-03
 3.7056081e-02 1.1444405e-02]",[0.76499546 0.07657865 0.00354764 0.15487823],[9.999998e-01 1.445368e-07],"[2.0910090e-06 1.6218935e-04 2.4186213e-02 2.3926017e-01 3.9179394e-01
 3.0993509e-01 3.3795595e-02 8.4118970e-04 2.3467052e-05]",1,White,20-39
/scratch/project_462000771/mengting/projects/bias/SD3/prompt2/selected_faces/detected_sad/sad_person_0142_face0.png,Middle Eastern,White,Male,30-39,"[3.4919134e-01 4.2516841e-03 1.8607853e-01 2.0220130e-05 1.5088552e-04
 3.3171758e-02 4.2713553e-01]",[0.72459644 0.03194232 0.00075604 0.24270515],[9.9999732e-01 2.6531754e-06],"[5.4451573e-07 9.6874601e-06 3.0871090e-03 3.0421570e-01 6.3224185e-01
 5.9658799e-02 7.7508076e-04 1.0976100e-05 2.5936708e-07]",1,White,20-39
/scratch/project_462000771/mengting/projects/bias/SD3/prompt2/selected_faces/detected_sad/sad_person_0143_face0.png,White,White,Male,40-49,"[9.1424090e-01 9.8895427e-05 3.3877026e-02 6.9967675e-05 1.4297382e-04
 5.5679372e-03 4.6002213e-02]",[7.0401633e-01 3.4166462e-04 1.4040213e-02 2.8160173e-01],[0.73567975 0.26432025],"[1.5508909e-06 5.6028175e-06 4.6932715e-04 1.6176088e-02 1.9059671e-01
 5.7626450e-01 2.0909800e-01 6.9850734e-03 4.0304623e-04]",1,White,40-59
/scratch/project_462000771/mengting/projects/bias/SD3/prompt2/selected_faces/detected_sad/sad_person_0144_face0.png,White,White,Male,20-29,"[9.1482192e-01 4.1594112e-06 7.5296280e-03 1.8846396e-05 5.2384621e-05
 1.9657273e-04 7.7376492e-02]",[9.98120785e-01 1.09828936e-04 8.23113951e-05 1.68706977e-03],[1.0000000e+00 8.6753325e-09],"[3.4004668e-08 6.3454885e-05 3.3628225e-01 6.4644402e-01 1.7040895e-02
 1.6898400e-04 2.9618232e-07 3.9929415e-09 3.5422457e-11]",1,White,20-39
/scratch/project_462001220/mengting/projects_771/bias/SD3/prompt2/complete_selected_faces/detected_sad/0145_face0.png,White,White,Male,50-59,"[8.5601288e-01 3.2142034e-05 1.0973997e-01 7.4478181e-04 1.4865263e-03
 4.8708073e-03 2.7112851e-02]",[9.9683195e-01 4.1000776e-06 2.0301735e-03 1.1337486e-03],[9.998109e-01 1.891127e-04],"[2.0520416e-05 3.4897999e-05 9.7507716e-04 1.5914965e-03 3.8766831e-02
 3.6188972e-01 5.5679601e-01 3.9251585e-02 6.7382038e-04]",1,White,40-59
/scratch/project_462000771/mengting/projects/bias/SD3/prompt2/selected_faces/detected_sad/sad_person_0146_face0.png,White,White,Male,20-29,"[7.4845344e-01 1.6066912e-04 4.2972378e-02 2.1752410e-05 1.1825348e-04
 1.8686634e-03 2.0640486e-01]",[9.9771672e-01 2.6134923e-05 1.6196420e-05 2.2408781e-03],[9.999990e-01 9.428176e-07],"[4.13276581e-07 1.18362375e-04 1.15645535e-01 7.30073810e-01
 1.44971222e-01 9.05175135e-03 1.36767077e-04 2.12623081e-06
 3.34552475e-08]",1,White,20-39
/scratch/project_462000771/mengting/projects/bias/SD3/prompt2/selected_faces/detected_sad/sad_person_0147_face0.png,Latino_Hispanic,Black,Male,20-29,"[0.25018308 0.27214506 0.32104462 0.00365407 0.01054216 0.05765812
 0.08477297]",[0.01266805 0.76107186 0.12098656 0.10527349],[0.8242026  0.17579743],"[1.1565369e-04 1.6761007e-02 2.4344185e-01 4.6355256e-01 2.1825542e-01
 4.9281441e-02 6.9034630e-03 1.3453225e-03 3.4327648e-04]",0,Others,20-39
/scratch/project_462000771/mengting/projects/bias/SD3/prompt2/selected_faces/detected_sad/sad_person_0148_face0.png,Latino_Hispanic,White,Male,30-39,"[2.2982590e-01 3.0757106e-04 7.1066868e-01 8.5319532e-04 1.3623734e-03
 2.9419439e-02 2.7562818e-02]",[0.8729846  0.00419291 0.01265623 0.1101663 ],[9.999911e-01 8.897938e-06],"[1.4358969e-06 9.3631315e-06 4.5770273e-04 3.2551318e-02 6.7608476e-01
 2.8635228e-01 4.5278557e-03 1.5225134e-05 7.7918301e-08]",0,Others,20-39
/scratch/project_462000771/mengting/projects/bias/SD3/prompt2/selected_faces/detected_sad/sad_person_0149_face0.png,White,White,Male,20-29,"[9.9840081e-01 7.9582860e-06 7.2637416e-04 7.3856258e-06 1.3356143e-05
 4.4024258e-05 8.0021285e-04]",[9.9848747e-01 8.8938352e-05 5.5577228e-04 8.6777913e-04],[0.72234297 0.277657  ],"[3.7957778e-07 7.6850505e-05 1.9890662e-02 5.7765067e-01 3.5045776e-01
 5.1104110e-02 8.0672564e-04 1.1910237e-05 9.7144004e-07]",1,White,20-39
/scratch/project_462000771/mengting/projects/bias/SD3/prompt2/selected_faces/detected_sad/sad_person_0150_face0.png,White,White,Male,20-29,"[8.4364319e-01 4.6721482e-04 8.9204581e-03 1.0685422e-04 2.4155917e-04
 9.6209086e-03 1.3699983e-01]",[0.84292364 0.00539952 0.08062001 0.07105682],[0.995285   0.00471498],"[8.2809956e-06 2.7769569e-03 2.6781514e-01 6.3934594e-01 7.9210438e-02
 1.0373454e-02 4.4164938e-04 2.6767750e-05 1.4431677e-06]",0,White,20-39
/scratch/project_462000771/mengting/projects/bias/SD3/prompt2/selected_faces/detected_sad/sad_person_0151_face0.png,White,White,Male,20-29,"[9.00146365e-01 9.45270585e-06 1.90564338e-02 1.10770794e-04
 2.35450862e-04 4.55699814e-03 7.58845508e-02]",[0.80293685 0.00418926 0.11017381 0.08270016],[0.761774   0.23822598],"[3.7710472e-06 8.8847341e-04 2.0256425e-01 5.8695865e-01 1.8190953e-01
 2.7096413e-02 5.6126009e-04 1.5911657e-05 1.7223621e-06]",1,White,20-39
/scratch/project_462000771/mengting/projects/bias/SD3/prompt2/selected_faces/detected_sad/sad_person_0152_face0.png,White,White,Male,20-29,"[8.8895011e-01 2.2219749e-04 9.1740079e-02 3.2480857e-05 9.5558498e-05
 3.2898462e-03 1.5669664e-02]",[9.4884330e-01 2.2871112e-03 4.2800367e-04 4.8441678e-02],[0.94091994 0.05908006],"[1.6529344e-07 2.8295157e-05 4.4512507e-02 6.4223617e-01 2.8838274e-01
 2.4486117e-02 3.4665241e-04 7.1450531e-06 2.1305421e-07]",1,White,20-39
/scratch/project_462000771/mengting/projects/bias/SD3/prompt2/selected_faces/detected_sad/sad_person_0153_face0.png,Black,Black,Male,30-39,"[0.06332681 0.64376223 0.225865   0.00815422 0.03208645 0.01947533
 0.00733004]",[0.03290291 0.8853965  0.06457289 0.01712772],[0.99637735 0.00362263],"[3.6109967e-07 1.8376128e-05 1.5977090e-02 4.4310766e-01 4.7069424e-01
 6.6697314e-02 3.3961318e-03 9.9103650e-05 9.7346738e-06]",0,Black,20-39
/scratch/project_462000771/mengting/projects/bias/SD3/prompt2/selected_faces/detected_sad/sad_person_0154_face0.png,White,White,Male,30-39,"[9.7452241e-01 4.2772099e-05 1.3001644e-02 2.5128526e-05 8.0291262e-05
 2.6211590e-03 9.7066509e-03]",[0.9569275  0.00905651 0.00153353 0.03248249],[9.9969125e-01 3.0872136e-04],"[7.4856721e-06 3.1823953e-04 3.8669683e-02 2.4999623e-01 3.9922166e-01
 2.8608149e-01 2.5316376e-02 3.7640380e-04 1.2380654e-05]",1,White,20-39
/scratch/project_462000771/mengting/projects/bias/SD3/prompt2/selected_faces/detected_sad/sad_person_0155_face0.png,White,White,Female,40-49,"[6.6752815e-01 4.6335207e-03 7.3864892e-02 2.6460857e-05 6.4614986e-05
 1.8931520e-03 2.5198922e-01]",[9.9609458e-01 1.0283720e-03 2.1411170e-04 2.6629022e-03],[0.08209147 0.91790855],"[1.3478163e-07 3.6985505e-06 1.0201888e-03 6.3986674e-02 4.3463394e-01
 4.4675717e-01 5.1477242e-02 2.0142777e-03 1.0663443e-04]",1,White,40-59
/scratch/project_462000771/mengting/projects/bias/SD3/prompt2/selected_faces/detected_sad/sad_person_0156_face0.png,White,White,Male,30-39,"[7.4451357e-01 9.2531409e-04 1.6285142e-01 1.7986806e-04 4.2507204e-04
 7.9155630e-03 8.3189234e-02]",[0.8005045  0.00707557 0.00215231 0.19026768],[9.999129e-01 8.711336e-05],"[3.9776566e-07 2.0998636e-05 1.8264061e-02 3.7474075e-01 5.1518488e-01
 8.9664266e-02 2.0941431e-03 2.9576709e-05 9.1138872e-07]",1,White,20-39
/scratch/project_462000771/mengting/projects/bias/SD3/prompt2/selected_faces/detected_sad/sad_person_0157_face0.png,Black,Black,Male,20-29,"[6.7274345e-07 9.9993724e-01 3.3362492e-05 1.9979069e-08 1.1892083e-06
 2.4122099e-05 3.4486548e-06]",[1.0427104e-06 9.9995387e-01 6.0790280e-06 3.9008824e-05],[9.999958e-01 4.210829e-06],"[4.0172601e-08 6.3882280e-06 1.9799342e-02 7.1799755e-01 2.4492551e-01
 1.7098088e-02 1.6981584e-04 3.1719435e-06 1.2145036e-07]",1,Black,20-39
/scratch/project_462000771/mengting/projects/bias/SD3/prompt2/selected_faces/detected_sad/sad_person_0158_face0.png,Black,Black,Male,30-39,"[7.76230809e-06 9.97429430e-01 1.12519774e-04 2.64362588e-05
 1.16687722e-03 1.25449628e-03 2.51405550e-06]",[4.9985774e-06 9.9974906e-01 2.2028782e-04 2.5699190e-05],[0.9981367  0.00186333],"[2.6452739e-07 1.4562590e-05 8.3699888e-03 3.9864096e-01 4.3673930e-01
 1.3705115e-01 1.7295482e-02 1.5712184e-03 3.1704837e-04]",0,Black,20-39
/scratch/project_462000771/mengting/projects/bias/SD3/prompt2/selected_faces/detected_sad/sad_person_0159_face0.png,White,White,Male,40-49,"[0.49115178 0.00120327 0.29493883 0.0013292  0.00988007 0.1451398
 0.05635695]",[0.53499687 0.00482284 0.00692398 0.45325634],[9.9999994e-01 7.9635925e-08],"[5.9228529e-07 1.2220430e-05 2.3553355e-03 4.6371911e-02 4.3868151e-01
 4.8338711e-01 2.8892057e-02 2.9480419e-04 4.3432497e-06]",1,White,40-59
/scratch/project_462000771/mengting/projects/bias/SD3/prompt2/selected_faces/detected_sad/sad_person_0160_face0.png,Black,Black,Male,20-29,"[1.6896657e-06 9.9972904e-01 6.3039683e-05 1.5168223e-06 4.5300727e-05
 1.5293539e-04 6.3311159e-06]",[1.5430267e-06 9.9947286e-01 2.0627670e-04 3.1931631e-04],[9.999901e-01 9.853103e-06],"[5.0360057e-07 9.6734169e-05 3.8157642e-02 5.5648345e-01 3.4150639e-01
 6.0914800e-02 2.7380316e-03 9.4720097e-05 7.7222221e-06]",0,Black,20-39
/scratch/project_462000771/mengting/projects/bias/SD3/prompt2/selected_faces/detected_sad/sad_person_0161_face0.png,Middle Eastern,Black,Male,30-39,"[4.1782379e-02 5.1371343e-02 2.4870835e-01 2.6355776e-05 1.9329763e-04
 1.1068162e-02 6.4685011e-01]",[0.3287663  0.43452698 0.00270307 0.23400371],[9.9999946e-01 5.4386396e-07],"[6.6542248e-07 4.0647901e-06 5.6122488e-04 1.5345798e-01 7.0198429e-01
 1.4024581e-01 3.7039423e-03 4.1237941e-05 7.6284664e-07]",1,Others,20-39
/scratch/project_462000771/mengting/projects/bias/SD3/prompt2/selected_faces/detected_sad/sad_person_0162_face0.png,White,Indian,Male,20-29,"[0.36568636 0.00062146 0.27406716 0.0179307  0.03268032 0.15467393
 0.15433997]",[0.30738643 0.00114467 0.07295952 0.6185094 ],[9.9999833e-01 1.6892657e-06],"[8.82322695e-08 1.01132755e-05 1.76669229e-02 7.56161809e-01
 2.17846259e-01 8.23998824e-03 7.33191118e-05 1.56823035e-06
 2.40787230e-08]",0,White,20-39
/scratch/project_462000771/mengting/projects/bias/SD3/prompt2/selected_faces/detected_sad/sad_person_0163_face0.png,White,White,Male,30-39,"[9.4765574e-01 9.1623595e-05 4.3878805e-02 2.6270101e-04 5.4453011e-04
 7.9890440e-04 6.7677372e-03]",[9.9785650e-01 6.6173094e-04 2.5073590e-04 1.2310731e-03],[9.999170e-01 8.300436e-05],"[1.4548502e-07 2.3254483e-06 1.2973415e-03 1.7905398e-01 6.2095231e-01
 1.9126800e-01 7.3735635e-03 5.0898685e-05 1.4032430e-06]",0,White,20-39
/scratch/project_462000771/mengting/projects/bias/SD3/prompt2/selected_faces/detected_sad/sad_person_0164_face0.png,Latino_Hispanic,White,Male,40-49,"[2.9121247e-01 1.5512443e-03 5.4580164e-01 2.4686111e-04 8.5917878e-04
 1.1911043e-01 4.1218128e-02]",[0.84355354 0.00180892 0.00123276 0.15340476],[0.9983576  0.00164244],"[1.8461971e-06 1.1396114e-05 7.0156890e-04 1.7249929e-02 3.2017618e-01
 5.8443165e-01 7.5976200e-02 1.4115642e-03 3.9753821e-05]",1,Others,40-59
/scratch/project_462000771/mengting/projects/bias/SD3/prompt2/selected_faces/detected_sad/sad_person_0165_face0.png,Southeast Asian,Asian,Male,20-29,"[3.5264794e-04 1.2398607e-04 2.5578277e-02 3.9800832e-01 5.7073748e-01
 5.0531668e-03 1.4610232e-04]",[1.0633540e-03 2.3926119e-04 9.8427558e-01 1.4421829e-02],[1.0000000e+00 5.0901082e-08],"[1.4390655e-07 1.2857452e-05 1.8611593e-02 5.5598217e-01 4.0140140e-01
 2.3735762e-02 2.4826988e-04 7.7673194e-06 4.2436827e-08]",1,Asian,20-39
/scratch/project_462000771/mengting/projects/bias/SD3/prompt2/selected_faces/detected_sad/sad_person_0166_face0.png,White,White,Male,20-29,"[0.56875265 0.01178754 0.3421088  0.00059315 0.00388225 0.02198312
 0.05089255]",[0.9100225  0.00894679 0.00265672 0.07837404],[9.9977928e-01 2.2073775e-04],"[3.9385250e-06 4.2895635e-04 7.5892441e-02 5.3616428e-01 3.3678886e-01
 4.8905030e-02 1.7865488e-03 2.8604492e-05 1.2981437e-06]",1,White,20-39
/scratch/project_462000771/mengting/projects/bias/SD3/prompt2/selected_faces/detected_sad/sad_person_0167_face0.png,Black,White,Male,30-39,"[1.6307887e-01 2.8824764e-01 2.2784315e-01 2.2989378e-04 1.7840733e-03
 3.1522181e-02 2.8729418e-01]",[0.3675252  0.30871305 0.0060308  0.3177309 ],[9.9987423e-01 1.2577919e-04],"[2.3512355e-06 2.9698913e-05 2.6309611e-03 3.8188428e-01 5.7912350e-01
 3.5723392e-02 5.7985430e-04 2.4609750e-05 1.2469467e-06]",1,Black,20-39
/scratch/project_462000771/mengting/projects/bias/SD3/prompt2/selected_faces/detected_sad/sad_person_0168_face0.png,White,White,Male,30-39,"[9.0565407e-01 1.7667810e-03 4.6346370e-02 6.0576371e-05 1.6766659e-04
 2.9026486e-03 4.3101929e-02]",[9.7466081e-01 1.0366387e-02 4.7603736e-04 1.4496795e-02],[0.99312    0.00687995],"[2.8893794e-07 6.6382322e-06 3.5082877e-03 2.6821694e-01 5.6070876e-01
 1.5916674e-01 8.2638245e-03 1.2241495e-04 6.1607834e-06]",1,White,20-39
/scratch/project_462000771/mengting/projects/bias/SD3/prompt2/selected_faces/detected_sad/sad_person_0169_face0.png,White,White,Male,40-49,"[6.6770732e-01 2.4747398e-02 2.0884262e-01 2.3622430e-04 3.6991739e-03
 9.0180198e-03 8.5749224e-02]",[0.86960727 0.01093548 0.1044317  0.01502555],[9.999980e-01 1.984579e-06],"[1.4744177e-06 2.4267794e-05 1.9225371e-03 4.3819878e-02 4.1047609e-01
 4.7613892e-01 6.6869043e-02 7.2934432e-04 1.8435285e-05]",1,White,40-59
/scratch/project_462000771/mengting/projects/bias/SD3/prompt2/selected_faces/detected_sad/sad_person_0170_face0.png,White,White,Male,40-49,"[0.6593883  0.01094623 0.19571054 0.01307255 0.02207104 0.02938265
 0.06942867]",[0.54145646 0.00373367 0.3923107  0.06249917],[0.87587494 0.12412507],"[3.0161002e-06 2.3435019e-05 1.3370126e-03 3.2354936e-02 2.0503259e-01
 5.1408464e-01 2.2580817e-01 1.9875448e-02 1.4807155e-03]",0,White,40-59
/scratch/project_462000771/mengting/projects/bias/SD3/prompt2/selected_faces/detected_sad/sad_person_0171_face0.png,White,White,Male,30-39,"[0.68177277 0.00657193 0.1856627  0.01526968 0.01565867 0.00575252
 0.0893117 ]",[0.8973043  0.0054963  0.07066847 0.02653096],[0.9949304 0.0050696],"[6.86066699e-07 5.99167879e-06 1.85302855e-03 1.55664206e-01
 5.81240654e-01 2.43887022e-01 1.70319322e-02 3.06053029e-04
 1.04741475e-05]",1,White,20-39
/scratch/project_462000771/mengting/projects/bias/SD3/prompt2/selected_faces/detected_sad/sad_person_0172_face0.png,Latino_Hispanic,Indian,Male,20-29,"[0.1363246  0.00160079 0.744318   0.00338753 0.01521029 0.04782297
 0.05133573]",[0.4470766  0.00074687 0.04248445 0.5096921 ],[9.9999952e-01 5.1036454e-07],"[5.1567366e-07 3.6515376e-05 3.0483069e-02 6.7895448e-01 2.6669621e-01
 2.3505168e-02 3.1910042e-04 4.8264346e-06 6.0397497e-08]",1,Others,20-39
/scratch/project_462000771/mengting/projects/bias/SD3/prompt2/selected_faces/detected_sad/sad_person_0173_face0.png,Middle Eastern,Indian,Male,30-39,"[0.09132956 0.00607654 0.10210157 0.001393   0.00694266 0.07722016
 0.7149365 ]",[0.02370888 0.03808748 0.2554605  0.68274313],[9.990207e-01 9.792962e-04],"[1.4984588e-05 2.0554062e-04 1.9380329e-02 1.9620782e-01 4.6749407e-01
 2.8299311e-01 3.0885691e-02 2.5471479e-03 2.7127998e-04]",0,Others,20-39
/scratch/project_462000771/mengting/projects/bias/SD3/prompt2/selected_faces/detected_sad/sad_person_0174_face0.png,White,White,Male,30-39,"[9.0037721e-01 3.7147183e-04 8.4537037e-02 4.5562134e-04 5.6609802e-04
 6.9984924e-03 6.6940757e-03]",[9.6884769e-01 5.2144536e-04 1.7368379e-03 2.8894024e-02],[9.9999267e-01 7.3109159e-06],"[1.3991712e-06 5.0747440e-05 1.0660040e-02 3.8201824e-01 5.5551451e-01
 5.1174033e-02 5.7273859e-04 8.1325497e-06 1.6246534e-07]",1,White,20-39
/scratch/project_462000771/mengting/projects/bias/SD3/prompt2/selected_faces/detected_sad/sad_person_0175_face0.png,Latino_Hispanic,Indian,Male,30-39,"[2.4853196e-02 3.8360185e-03 8.1237769e-01 2.8452851e-04 2.3355931e-03
 1.3139831e-01 2.4914628e-02]",[0.03811514 0.01011961 0.0237576  0.92800766],[9.9999976e-01 2.4513463e-07],"[1.3698303e-07 1.3799206e-06 4.9513078e-04 1.5766513e-01 7.1269864e-01
 1.2733713e-01 1.7899399e-03 1.2393487e-05 1.0873413e-07]",1,Others,20-39
/scratch/project_462000771/mengting/projects/bias/SD3/prompt2/selected_faces/detected_sad/sad_person_0176_face0.png,White,White,Male,20-29,"[9.80309010e-01 3.31651900e-05 1.26051735e-02 1.85656827e-04
 3.22209817e-04 1.03820313e-03 5.50649362e-03]",[0.98698485 0.00266018 0.00427133 0.00608362],[9.9984115e-01 1.5883833e-04],"[4.3008555e-07 1.8178773e-04 1.5968728e-01 7.1986824e-01 1.1499841e-01
 5.2031348e-03 5.9638365e-05 1.0819591e-06 7.4864715e-08]",1,White,20-39
/scratch/project_462000771/mengting/projects/bias/SD3/prompt2/selected_faces/detected_sad/sad_person_0177_face0.png,White,White,Male,20-29,"[9.6488053e-01 5.6382536e-04 2.8532382e-02 3.1410943e-04 2.7165032e-04
 3.7420902e-04 5.0633065e-03]",[9.9810469e-01 7.6014799e-04 4.6860985e-04 6.6653133e-04],[9.99897897e-01 1.02093494e-04],"[6.8251592e-07 4.8664475e-05 2.4953377e-02 5.3947282e-01 3.9611560e-01
 3.8454428e-02 9.3956507e-04 1.4453162e-05 5.0305806e-07]",1,White,20-39
/scratch/project_462000771/mengting/projects/bias/SD3/prompt2/selected_faces/detected_sad/sad_person_0178_face0.png,Latino_Hispanic,White,Male,20-29,"[0.2599103  0.00191394 0.57676136 0.00068704 0.00697942 0.07752197
 0.07622604]",[0.7784348  0.01687825 0.00702859 0.19765839],[9.9999988e-01 1.2814141e-07],"[2.6763157e-08 4.9131745e-06 3.4156520e-02 7.3881656e-01 2.1543680e-01
 1.1472665e-02 1.1120480e-04 1.3312483e-06 2.3119762e-08]",1,Others,20-39
/scratch/project_462000771/mengting/projects/bias/SD3/prompt2/selected_faces/detected_sad/sad_person_0179_face0.png,White,White,Male,40-49,"[9.0277308e-01 8.2077057e-04 4.8427884e-02 1.2138242e-04 8.8037521e-04
 1.2509689e-02 3.4466889e-02]",[0.92701805 0.00168747 0.00199256 0.06930199],[0.8359412 0.1640588],"[3.4871667e-07 5.9257832e-06 7.4403750e-04 4.9633730e-02 3.6851889e-01
 5.0196254e-01 7.6358125e-02 2.4121786e-03 3.6430190e-04]",1,White,40-59
/scratch/project_462000771/mengting/projects/bias/SD3/prompt2/selected_faces/detected_sad/sad_person_0180_face0.png,White,White,Male,20-29,"[9.8036444e-01 1.7282396e-04 6.9049969e-03 6.4431932e-03 1.0587644e-03
 8.2150873e-05 4.9736085e-03]",[0.85215014 0.00137971 0.1405561  0.00591402],[0.99728036 0.00271958],"[3.0225078e-07 8.9198649e-05 2.0952888e-01 7.0234257e-01 8.3889835e-02
 4.1032173e-03 4.4595283e-05 1.2980784e-06 6.5331790e-08]",0,White,20-39
/scratch/project_462000771/mengting/projects/bias/SD3/prompt2/selected_faces/detected_sad/sad_person_0181_face0.png,Latino_Hispanic,Black,Male,20-29,"[0.06440244 0.0244445  0.8289972  0.0019031  0.0129159  0.01136668
 0.05597024]",[0.25245342 0.35886398 0.09482503 0.29385757],[9.9998844e-01 1.1579381e-05],"[5.7877975e-07 1.5076806e-04 1.4690201e-01 7.6347822e-01 8.4945716e-02
 4.3904842e-03 1.2914526e-04 3.0306173e-06 7.1589035e-08]",1,Others,20-39
/scratch/project_462000771/mengting/projects/bias/SD3/prompt2/selected_faces/detected_sad/sad_person_0182_face0.png,White,White,Male,40-49,"[9.8302132e-01 1.2864363e-05 5.7324958e-03 1.0387452e-04 9.4629781e-05
 4.6316665e-04 1.0571656e-02]",[9.9934852e-01 6.3868822e-05 2.2578570e-04 3.6182752e-04],[0.9813438  0.01865623],"[1.1941468e-06 1.1497941e-05 1.5675775e-03 7.8572296e-02 4.1253632e-01
 4.7560897e-01 3.0791705e-02 8.5683854e-04 5.3578231e-05]",1,White,40-59
/scratch/project_462000771/mengting/projects/bias/SD3/prompt2/selected_faces/detected_sad/sad_person_0183_face0.png,Latino_Hispanic,White,Male,20-29,"[2.9877704e-01 1.1616305e-04 3.9649272e-01 1.9136481e-03 6.2281219e-03
 4.1869726e-02 2.5460258e-01]",[0.54979223 0.00093555 0.06562159 0.38365063],[0.7475261  0.25247386],"[1.9181539e-07 6.0525304e-05 9.0014897e-02 7.2737467e-01 1.7632101e-01
 6.1581340e-03 6.8298796e-05 2.2115105e-06 1.3335054e-07]",1,Others,20-39
/scratch/project_462000771/mengting/projects/bias/SD3/prompt2/selected_faces/detected_sad/sad_person_0184_face0.png,White,Black,Male,20-29,"[4.2354289e-01 1.7689126e-02 4.1666117e-01 5.1381088e-05 1.9130349e-04
 2.5544383e-03 1.3930967e-01]",[0.4510143  0.5095879  0.02564465 0.01375313],[9.9997878e-01 2.1174214e-05],"[3.6970864e-08 4.8505490e-07 2.1058875e-03 5.3687751e-01 4.4435695e-01
 1.6458333e-02 1.9945505e-04 1.3878348e-06 2.2295401e-08]",0,White,20-39
/scratch/project_462000771/mengting/projects/bias/SD3/prompt2/selected_faces/detected_sad/sad_person_0185_face0.png,White,White,Male,20-29,"[7.5183833e-01 1.4426777e-03 1.6616900e-01 9.8306256e-05 1.9925936e-04
 1.0839758e-02 6.9412671e-02]",[0.9673578  0.00168273 0.00107676 0.02988274],[0.9913182  0.00868179],"[8.4939707e-08 4.0924392e-06 1.4084638e-02 5.8850139e-01 3.7456515e-01
 2.2573559e-02 2.6879369e-04 2.3949267e-06 4.4874032e-08]",1,White,20-39
/scratch/project_462000771/mengting/projects/bias/SD3/prompt2/selected_faces/detected_sad/sad_person_0186_face0.png,White,White,Male,40-49,"[9.4865215e-01 3.6747839e-05 1.3653290e-02 4.3153070e-04 1.6681432e-03
 4.7397139e-03 3.0818388e-02]",[9.70402479e-01 1.08070766e-04 5.38587151e-03 2.41035949e-02],[9.9951702e-01 4.8301718e-04],"[9.62096124e-07 1.55156904e-05 1.40276062e-03 2.04775296e-02
 2.09050640e-01 6.94863081e-01 7.25396723e-02 1.54197507e-03
 1.07902975e-04]",1,White,40-59
/scratch/project_462000771/mengting/projects/bias/SD3/prompt2/selected_faces/detected_sad/sad_person_0187_face0.png,White,White,Male,30-39,"[7.558060e-01 7.652598e-04 8.043864e-02 7.985642e-05 2.081985e-04
 8.911274e-04 1.618109e-01]",[9.9710947e-01 1.5763059e-03 6.4332114e-04 6.7080889e-04],[0.99813855 0.00186141],"[1.1940462e-07 6.5862275e-07 1.6833235e-03 2.4245103e-01 5.1587963e-01
 2.2530209e-01 1.4452498e-02 2.2478349e-04 5.9004910e-06]",1,White,20-39
/scratch/project_462000771/mengting/projects/bias/SD3/prompt2/selected_faces/detected_sad/sad_person_0188_face0.png,Indian,Indian,Male,30-39,"[1.8392333e-01 9.9609373e-05 2.4160008e-01 1.1356852e-03 5.4335585e-03
 4.3035206e-01 1.3745570e-01]",[3.3765358e-01 3.8157203e-04 6.3404469e-03 6.5562439e-01],[9.9999791e-01 2.0607006e-06],"[3.7938257e-06 8.1730097e-05 9.7012948e-03 2.2101262e-01 6.0640240e-01
 1.5922627e-01 3.4956965e-03 7.4996678e-05 1.2132434e-06]",1,Others,20-39
/scratch/project_462000771/mengting/projects/bias/SD3/prompt2/selected_faces/detected_sad/sad_person_0189_face0.png,Latino_Hispanic,Indian,Male,20-29,"[2.5143200e-01 1.1111920e-02 3.7358055e-01 5.1038813e-05 4.0497084e-04
 3.0723086e-02 3.3269638e-01]",[0.39188722 0.0175891  0.0080425  0.58248115],[9.9999988e-01 1.1922002e-07],"[5.9296223e-08 2.5803083e-06 1.8882009e-03 5.1359087e-01 4.6805298e-01
 1.6372634e-02 9.2002141e-05 6.7860287e-07 9.7964490e-09]",0,Others,20-39
/scratch/project_462000771/mengting/projects/bias/SD3/prompt2/selected_faces/detected_sad/sad_person_0190_face0.png,White,White,Female,20-29,"[7.9092294e-01 4.3709163e-04 1.8084222e-01 8.4448860e-05 3.6872082e-04
 3.3087942e-03 2.4035843e-02]",[0.659411   0.14133607 0.00714346 0.19210947],[0.13521895 0.864781  ],"[7.5222010e-07 1.5095870e-04 5.7989102e-02 5.2396208e-01 3.8101524e-01
 3.6279671e-02 5.9186917e-04 9.5817231e-06 7.5339472e-07]",1,White,20-39
/scratch/project_462000771/mengting/projects/bias/SD3/prompt2/selected_faces/detected_sad/sad_person_0191_face0.png,White,White,Male,20-29,"[8.8662487e-01 4.8757147e-02 5.3547215e-02 1.2965763e-05 9.0639238e-05
 2.6447710e-03 8.3223283e-03]",[0.72247946 0.2501695  0.00163934 0.02571174],[9.998811e-01 1.189246e-04],"[3.5769824e-07 1.4862824e-04 5.3482745e-02 6.9579166e-01 2.4103680e-01
 9.4311750e-03 1.0640044e-04 2.0880968e-06 1.0486065e-07]",1,White,20-39
/scratch/project_462000771/mengting/projects/bias/SD3/prompt2/selected_faces/detected_sad/sad_person_0192_face0.png,White,White,Male,20-29,"[6.8316793e-01 2.0004871e-04 2.0950806e-01 8.2286960e-04 1.6866291e-03
 4.4245511e-02 6.0368925e-02]",[7.8692091e-01 3.8889144e-04 6.6214418e-03 2.0606871e-01],[9.9999923e-01 7.6769425e-07],"[8.7499893e-07 4.4914978e-04 2.7504069e-01 6.2608069e-01 9.4608486e-02
 3.7979719e-03 2.1676575e-05 4.3416867e-07 7.1399588e-09]",1,White,20-39
/scratch/project_462000771/mengting/projects/bias/SD3/prompt2/selected_faces/detected_sad/sad_person_0193_face0.png,White,White,Male,20-29,"[5.0220275e-01 1.4489723e-03 2.1956943e-01 1.8922618e-04 1.0422249e-03
 1.2468670e-02 2.6307875e-01]",[0.62082464 0.0047469  0.00668682 0.3677416 ],[9.9987590e-01 1.2408358e-04],"[7.2753174e-08 3.5036726e-06 6.3298573e-03 5.9951478e-01 3.8414568e-01
 9.9163959e-03 8.8416375e-05 1.3134277e-06 2.8912041e-08]",1,White,20-39
/scratch/project_462000771/mengting/projects/bias/SD3/prompt2/selected_faces/detected_sad/sad_person_0194_face0.png,White,White,Male,20-29,"[8.8816971e-01 9.0781708e-05 8.1039287e-02 1.3761879e-04 9.8662334e-04
 7.8607164e-03 2.1715274e-02]",[9.9263149e-01 3.0784559e-04 7.2572386e-04 6.3349470e-03],[9.9999988e-01 6.2157426e-08],"[3.8644203e-08 2.8043951e-05 1.0560921e-01 7.3215026e-01 1.4983445e-01
 1.2261912e-02 1.1512864e-04 1.0176077e-06 1.5648133e-08]",1,White,20-39
/scratch/project_462000771/mengting/projects/bias/SD3/prompt2/selected_faces/detected_sad/sad_person_0195_face0.png,White,White,Male,30-39,"[5.4931867e-01 2.3546797e-04 1.5067823e-01 8.7545346e-04 1.6625739e-03
 1.5437037e-02 2.8179255e-01]",[9.7299445e-01 5.5437599e-04 1.7229250e-03 2.4728278e-02],[0.99657017 0.00342983],"[8.7520510e-07 4.0499945e-05 5.8756871e-03 3.4181124e-01 6.1667240e-01
 3.5254486e-02 3.3882816e-04 5.7338107e-06 2.1196232e-07]",1,White,20-39
/scratch/project_462000771/mengting/projects/bias/SD3/prompt2/selected_faces/detected_sad/sad_person_0196_face0.png,White,White,Male,10-19,"[0.5870428  0.00479232 0.13376    0.00068647 0.00335976 0.04074294
 0.22961566]",[0.67398465 0.01346081 0.05376093 0.25879365],[0.8871205  0.11287955],"[5.24472969e-04 9.86039639e-02 7.39101410e-01 1.19897544e-01
 3.03902291e-02 1.01050036e-02 9.21244442e-04 3.54099262e-04
 1.02033067e-04]",1,White,10-19
/scratch/project_462000771/mengting/projects/bias/SD3/prompt2/selected_faces/detected_sad/sad_person_0197_face0.png,Black,Black,Male,20-29,"[1.6940576e-05 9.9864274e-01 5.0075445e-04 2.3209828e-05 6.5348693e-04
 1.3023842e-04 3.2652333e-05]",[7.7798632e-06 9.9979615e-01 1.3991179e-04 5.6097215e-05],[9.9999624e-01 3.7657555e-06],"[2.9994890e-08 5.5893811e-06 1.8294729e-02 7.4812239e-01 2.2360581e-01
 9.7197760e-03 2.4814991e-04 3.3032115e-06 1.9627478e-07]",1,Black,20-39
/scratch/project_462000771/mengting/projects/bias/SD3/prompt2/selected_faces/detected_sad/sad_person_0198_face0.png,White,White,Male,30-39,"[7.1280694e-01 4.2297623e-05 2.5530478e-01 4.8836909e-04 5.5780588e-04
 4.4158371e-03 2.6383972e-02]",[9.8178679e-01 4.8195794e-05 5.3613057e-04 1.7628836e-02],[9.9982625e-01 1.7377174e-04],"[9.7848476e-07 2.8476443e-05 7.1955826e-03 2.6694995e-01 6.1776000e-01
 1.0649107e-01 1.5641419e-03 9.7111561e-06 1.3005356e-07]",1,White,20-39
/scratch/project_462000771/mengting/projects/bias/SD3/prompt2/selected_faces/detected_sad/sad_person_0199_face0.png,White,White,Male,30-39,"[7.8617084e-01 1.1741673e-03 1.6373166e-01 3.9242201e-05 4.3608673e-04
 2.2753583e-02 2.5694450e-02]",[0.9432722  0.00166988 0.00407914 0.05097885],[0.9913406  0.00865944],"[1.9344932e-06 2.2184893e-05 9.9976454e-04 4.8586689e-02 5.5863684e-01
 3.7055650e-01 2.0884307e-02 2.9968264e-04 1.2047927e-05]",0,White,20-39
/scratch/project_462000771/mengting/projects/bias/SD3/prompt2/selected_faces/detected_sad/sad_person_0200_face0.png,White,White,Male,30-39,"[7.5126576e-01 2.2488854e-05 1.3442305e-01 6.0250254e-06 5.0812014e-05
 3.7792180e-02 7.6439671e-02]",[8.6219811e-01 2.5057867e-05 1.2129231e-03 1.3656385e-01],[9.9999905e-01 9.2968406e-07],"[8.9556323e-08 2.5146664e-06 2.7543742e-03 2.0807131e-01 6.3500178e-01
 1.5265283e-01 1.5084204e-03 8.6668633e-06 1.1092647e-07]",1,White,20-39
/scratch/project_462000771/mengting/projects/bias/SD3/prompt2/selected_faces/detected_sad/sad_person_0201_face0.png,White,White,Male,20-29,"[9.3180341e-01 2.0078050e-04 5.6807414e-02 5.7124731e-04 1.6555510e-03
 5.0860913e-03 3.8754910e-03]",[0.9195833  0.00815169 0.04774298 0.024522  ],[9.9999923e-01 7.6545757e-07],"[7.5281097e-09 2.5534864e-06 3.8300429e-02 8.2406729e-01 1.3362810e-01
 3.9660065e-03 3.5200817e-05 3.1551622e-07 6.6762871e-09]",1,White,20-39
/scratch/project_462000771/mengting/projects/bias/SD3/prompt2/selected_faces/detected_sad/sad_person_0202_face0.png,East Asian,Asian,Male,20-29,"[2.7355933e-04 9.4111704e-07 8.8409269e-03 7.5405425e-01 2.3654710e-01
 2.5052216e-04 3.2661694e-05]",[1.3035326e-05 5.6152840e-07 9.9986285e-01 1.2357494e-04],[0.9982414  0.00175859],"[1.18036965e-07 1.58354524e-05 1.74015071e-02 5.14330089e-01
 4.51251715e-01 1.68353766e-02 1.60031210e-04 5.23514245e-06
 3.19344977e-08]",0,Asian,20-39
/scratch/project_462000771/mengting/projects/bias/SD3/prompt2/selected_faces/detected_sad/sad_person_0203_face0.png,White,White,Female,30-39,"[6.7173260e-01 6.5928418e-04 1.9098791e-01 2.6934347e-04 1.0445771e-03
 2.9687013e-02 1.0561935e-01]",[9.9217933e-01 5.4706208e-05 3.5159031e-04 7.4143894e-03],[0.23908739 0.76091266],"[3.5935789e-06 1.8304080e-04 2.8487025e-02 3.8210440e-01 4.6083871e-01
 1.2121812e-01 6.8286043e-03 3.0834632e-04 2.8161276e-05]",1,White,20-39
/scratch/project_462001220/mengting/projects_771/bias/SD3/prompt2/complete_selected_faces/detected_sad/0204_face0.png,Latino_Hispanic,White,Male,30-39,"[2.5955117e-01 6.5632118e-04 6.6229033e-01 4.4249013e-04 2.9228830e-03
 5.5521581e-02 1.8615160e-02]",[7.5412822e-01 6.4856204e-04 2.6559724e-02 2.1866354e-01],[9.9999970e-01 3.0927916e-07],"[2.0687426e-06 3.3344029e-05 4.0237657e-03 1.3209531e-01 5.9675497e-01
 2.5812140e-01 8.9322766e-03 3.6543104e-05 2.3668190e-07]",1,Others,20-39
/scratch/project_462000771/mengting/projects/bias/SD3/prompt2/selected_faces/detected_sad/sad_person_0205_face0.png,Latino_Hispanic,Asian,Male,20-29,"[0.00995525 0.00304711 0.6314434  0.0882187  0.24330445 0.01330186
 0.01072933]",[0.00523171 0.00250449 0.96124256 0.03102126],[9.9999595e-01 4.0817708e-06],"[5.1913236e-07 1.7669709e-05 1.3994110e-02 5.4355699e-01 4.0307629e-01
 3.8357791e-02 9.7305706e-04 2.3207283e-05 2.6576990e-07]",1,Others,20-39
/scratch/project_462000771/mengting/projects/bias/SD3/prompt2/selected_faces/detected_sad/sad_person_0206_face0.png,White,White,Male,30-39,"[7.0426214e-01 4.0484927e-04 1.6274253e-01 5.7812891e-04 2.0844894e-03
 3.6254771e-02 9.3673088e-02]",[9.1232461e-01 6.3785474e-04 6.0559534e-03 8.0981590e-02],[9.999981e-01 1.896002e-06],"[1.5897787e-06 8.0643476e-05 3.7906013e-02 3.4529674e-01 4.2212796e-01
 1.8541534e-01 8.9929663e-03 1.7459979e-04 4.1763351e-06]",1,White,20-39
/scratch/project_462000771/mengting/projects/bias/SD3/prompt2/selected_faces/detected_sad/sad_person_0207_face0.png,Latino_Hispanic,White,Male,30-39,"[0.24508911 0.00086258 0.6626252  0.00134386 0.00269139 0.04971813
 0.03766964]",[0.79771703 0.00183613 0.0058024  0.19464439],[0.99887806 0.00112189],"[2.7473286e-07 2.9017754e-06 6.0018487e-03 3.6118540e-01 5.5027485e-01
 7.9797782e-02 2.6973146e-03 3.8985167e-05 7.4340045e-07]",1,Others,20-39
/scratch/project_462000771/mengting/projects/bias/SD3/prompt2/selected_faces/detected_sad/sad_person_0208_face0.png,White,White,Male,20-29,"[7.2258985e-01 6.0851005e-04 5.4065913e-02 3.1958225e-05 1.9726335e-04
 1.3876465e-02 2.0863008e-01]",[0.53211194 0.00163371 0.00239426 0.46386012],[9.999999e-01 7.049004e-08],"[2.6964736e-07 8.5889997e-06 8.5901357e-03 6.7743850e-01 2.9632303e-01
 1.7414745e-02 2.2127150e-04 3.3708800e-06 6.6963764e-08]",1,White,20-39
/scratch/project_462000771/mengting/projects/bias/SD3/prompt2/selected_faces/detected_sad/sad_person_0209_face0.png,White,White,Male,20-29,"[5.8799106e-01 9.3867024e-04 2.8498492e-01 2.1236837e-04 5.5929244e-04
 1.9428287e-02 1.0588549e-01]",[0.87949556 0.00536218 0.00652518 0.10861714],[9.9997419e-01 2.5799733e-05],"[1.4849424e-07 2.5950332e-05 4.4068869e-02 8.2541752e-01 1.2720650e-01
 3.2614125e-03 1.9318140e-05 3.1453624e-07 1.2718821e-08]",1,White,20-39
/scratch/project_462000771/mengting/projects/bias/SD3/prompt2/selected_faces/detected_sad/sad_person_0210_face0.png,White,White,Male,30-39,"[4.9121293e-01 6.8139998e-05 4.7248527e-01 8.8148791e-04 1.1016779e-03
 1.6442462e-03 3.2606218e-02]",[9.9234444e-01 3.4497545e-05 2.8362924e-03 4.7847694e-03],[9.9977416e-01 2.2583595e-04],"[1.5267221e-06 1.5107821e-05 4.4371225e-03 5.6208499e-02 5.2083009e-01
 3.8764277e-01 3.0643689e-02 2.1969795e-04 1.4746967e-06]",1,White,20-39
/scratch/project_462000771/mengting/projects/bias/SD3/prompt2/selected_faces/detected_sad/sad_person_0211_face0.png,Black,Black,Male,10-19,"[4.7801543e-05 9.9888957e-01 4.1490258e-04 1.6615314e-06 1.5931426e-05
 2.5346360e-04 3.7686116e-04]",[1.1787249e-05 9.9974620e-01 8.8027682e-06 2.3319328e-04],[9.999268e-01 7.326175e-05],"[7.2997905e-06 8.7578595e-03 6.7057568e-01 2.7818784e-01 3.8008373e-02
 4.2518834e-03 1.9449991e-04 1.5080507e-05 1.5619343e-06]",0,Black,10-19
/scratch/project_462000771/mengting/projects/bias/SD3/prompt2/selected_faces/detected_sad/sad_person_0212_face0.png,East Asian,Asian,Male,20-29,"[7.3408170e-05 2.6780703e-05 8.0873177e-04 7.3567945e-01 2.6311922e-01
 2.8026637e-04 1.2181977e-05]",[7.70391580e-06 1.68501829e-05 9.99870300e-01 1.05126455e-04],[9.990164e-01 9.835489e-04],"[3.8348654e-07 2.2042183e-04 9.5315240e-02 6.0507202e-01 2.8322667e-01
 1.5590853e-02 5.3707755e-04 3.6044388e-05 1.3584386e-06]",0,Asian,20-39
/scratch/project_462000771/mengting/projects/bias/SD3/prompt2/selected_faces/detected_sad/sad_person_0213_face0.png,White,White,Female,30-39,"[9.9542177e-01 4.0510618e-06 3.8694325e-04 3.4595771e-06 3.1141089e-06
 3.3157488e-05 4.1474905e-03]",[9.9943203e-01 5.0927392e-05 6.0906664e-06 5.1096885e-04],[0.34074292 0.65925705],"[6.7143123e-06 1.2737377e-04 1.3582195e-02 2.9026434e-01 3.9279401e-01
 2.5629178e-01 4.5223612e-02 1.6679231e-03 4.2028078e-05]",1,White,20-39
/scratch/project_462000771/mengting/projects/bias/SD3/prompt2/selected_faces/detected_sad/sad_person_0214_face0.png,White,Indian,Male,20-29,"[0.43834496 0.00243239 0.07238364 0.12999338 0.08509029 0.02286625
 0.24888915]",[0.20298454 0.01366726 0.10720291 0.67614526],[9.9981427e-01 1.8570553e-04],"[2.5922657e-06 3.5080011e-04 1.4612374e-01 6.2794262e-01 1.9676991e-01
 2.7637690e-02 1.0744882e-03 9.3208648e-05 4.9934638e-06]",0,White,20-39
/scratch/project_462000771/mengting/projects/bias/SD3/prompt2/selected_faces/detected_sad/sad_person_0215_face0.png,Southeast Asian,Asian,Male,20-29,"[4.3256077e-05 5.5209320e-04 3.0074522e-03 2.7658382e-01 7.1916598e-01
 6.2542094e-04 2.1957596e-05]",[1.35793225e-05 3.52544521e-05 9.99650478e-01 3.00671090e-04],[9.9999863e-01 1.3537291e-06],"[2.5230537e-07 2.8857852e-05 2.4012126e-02 6.1269015e-01 3.3624044e-01
 2.6368624e-02 6.2119449e-04 3.7356058e-05 9.5470386e-07]",0,Asian,20-39
/scratch/project_462000771/mengting/projects/bias/SD3/prompt2/selected_faces/detected_sad/sad_person_0216_face0.png,White,White,Female,40-49,"[7.2226149e-01 1.2344980e-02 1.0570084e-01 6.2541607e-05 3.0744830e-04
 4.3960556e-02 1.1536213e-01]",[0.44734925 0.21164604 0.00284749 0.3381573 ],[0.34865353 0.65134645],"[4.53975154e-05 3.50483635e-04 4.06417856e-03 6.35537505e-02
 2.92708874e-01 3.84353518e-01 1.91185847e-01 4.92221750e-02
 1.45158395e-02]",0,White,40-59
/scratch/project_462000771/mengting/projects/bias/SD3/prompt2/selected_faces/detected_sad/sad_person_0217_face0.png,White,White,Male,20-29,"[9.7900450e-01 1.1823126e-05 1.4782879e-02 2.1215116e-04 4.6084874e-04
 5.6170154e-04 4.9660527e-03]",[9.9676597e-01 8.1702774e-06 1.0518089e-03 2.1739833e-03],[9.9999976e-01 2.0492480e-07],"[2.2104844e-08 2.0296777e-05 1.7396678e-01 7.8811371e-01 3.6865119e-02
 1.0259142e-03 8.0233976e-06 1.0886915e-07 1.8646544e-09]",1,White,20-39
/scratch/project_462000771/mengting/projects/bias/SD3/prompt2/selected_faces/detected_sad/sad_person_0218_face0.png,White,White,Male,20-29,"[6.5460670e-01 1.5687398e-04 2.2626823e-01 2.7556762e-03 6.9675711e-03
 2.3840414e-02 8.5404463e-02]",[7.9873240e-01 1.9255352e-04 8.3653934e-02 1.1742103e-01],[9.9985147e-01 1.4857510e-04],"[2.0196738e-07 7.1997074e-06 3.0894157e-02 7.4286771e-01 2.1445972e-01
 1.1566758e-02 1.9712813e-04 6.9288390e-06 1.8139183e-07]",1,White,20-39
/scratch/project_462000771/mengting/projects/bias/SD3/prompt2/selected_faces/detected_sad/sad_person_0219_face0.png,Black,Black,Male,30-39,"[1.5371419e-05 9.9978042e-01 1.3141920e-04 3.6100903e-07 3.7342261e-06
 2.7352702e-05 4.1313797e-05]",[1.1161281e-05 9.9970049e-01 2.7015469e-05 2.6134113e-04],[9.9999475e-01 5.2168029e-06],"[2.3186335e-07 9.8836981e-06 6.6768699e-03 4.2448789e-01 4.6462595e-01
 9.8179229e-02 5.8250437e-03 1.8066778e-04 1.4228915e-05]",1,Black,20-39
/scratch/project_462000771/mengting/projects/bias/SD3/prompt2/selected_faces/detected_sad/sad_person_0220_face0.png,Black,Black,Male,20-29,"[4.00576682e-05 9.99411047e-01 2.31446305e-04 8.63971195e-07
 1.06280195e-05 2.77884334e-04 2.81025295e-05]",[1.2234120e-06 9.9996322e-01 2.0381660e-06 3.3476357e-05],[9.999909e-01 9.172143e-06],"[3.62088429e-07 2.92101700e-04 1.68809325e-01 6.99025333e-01
 1.23093754e-01 8.55927262e-03 2.09015634e-04 1.01443102e-05
 6.28202315e-07]",1,Black,20-39
/scratch/project_462000771/mengting/projects/bias/SD3/prompt2/selected_faces/detected_sad/sad_person_0221_face0.png,Middle Eastern,White,Male,40-49,"[4.1847113e-01 1.1105100e-03 3.2658871e-02 2.3712964e-05 1.1577035e-04
 9.5340591e-03 5.3808600e-01]",[9.4081891e-01 1.9980341e-03 5.4763089e-04 5.6635384e-02],[0.9702162  0.02978381],"[4.2993697e-06 8.2452416e-06 7.0271018e-04 2.7236413e-02 1.6856472e-01
 4.2330998e-01 3.3847260e-01 3.8350474e-02 3.3506465e-03]",1,White,40-59
/scratch/project_462000771/mengting/projects/bias/SD3/prompt2/selected_faces/detected_sad/sad_person_0222_face0.png,Latino_Hispanic,Indian,Male,20-29,"[0.1662835  0.01059755 0.59857553 0.00078991 0.00543395 0.11299331
 0.10532627]",[0.06522235 0.03346571 0.01356619 0.88774574],[9.9999952e-01 4.8355287e-07],"[1.72472724e-07 1.14309645e-04 1.87985346e-01 7.49927282e-01
 6.08232208e-02 1.14121474e-03 8.20160312e-06 2.61543306e-07
 6.61651800e-09]",1,Others,20-39
/scratch/project_462001220/mengting/projects_771/bias/SD3/prompt2/complete_selected_faces/detected_sad/0223_face0.png,White,White,Male,50-59,"[9.25875545e-01 1.11704154e-04 3.80267464e-02 9.05924462e-05
 2.15887371e-03 1.42293675e-02 1.95070636e-02]",[9.9212784e-01 1.8066073e-04 1.9094248e-03 5.7820692e-03],[9.9998653e-01 1.3488722e-05],"[2.7956667e-05 1.0780636e-04 1.3456015e-03 5.5230025e-04 5.4115662e-03
 1.0348747e-01 7.5645483e-01 1.2807646e-01 4.5360019e-03]",0,White,40-59
/scratch/project_462000771/mengting/projects/bias/SD3/prompt2/selected_faces/detected_sad/sad_person_0224_face0.png,Latino_Hispanic,White,Male,30-39,"[2.2675689e-01 4.8201382e-02 5.1509237e-01 1.5103839e-04 8.9712912e-04
 1.7442059e-02 1.9145915e-01]",[0.78430754 0.0303485  0.0012621  0.18408187],[9.9999899e-01 1.0461141e-06],"[1.1677844e-06 7.7452287e-06 1.5578575e-03 1.9221644e-01 6.7171049e-01
 1.3087089e-01 3.5877107e-03 4.6773584e-05 9.6278166e-07]",1,Others,20-39
/scratch/project_462000771/mengting/projects/bias/SD3/prompt2/selected_faces/detected_sad/sad_person_0225_face0.png,Middle Eastern,Asian,Male,50-59,"[0.3474598  0.00059723 0.02194422 0.07734296 0.02151066 0.00366719
 0.527478  ]",[0.13681893 0.00203065 0.85727286 0.00387757],[9.9918103e-01 8.1892050e-04],"[4.6409081e-05 3.7721431e-05 3.8234639e-04 3.2927645e-03 2.9651089e-02
 1.8284817e-01 4.8913553e-01 2.6343730e-01 3.1168731e-02]",1,White,40-59
/scratch/project_462000771/mengting/projects/bias/SD3/prompt2/selected_faces/detected_sad/sad_person_0226_face0.png,Indian,Indian,Male,20-29,"[0.17832315 0.00168068 0.2505685  0.01384917 0.02412307 0.32429978
 0.20715563]",[0.16908194 0.00768605 0.21135965 0.6118723 ],[9.9999911e-01 9.0656187e-07],"[1.0471852e-07 1.4924445e-05 1.9418513e-02 8.4773135e-01 1.3012327e-01
 2.6949914e-03 1.6342272e-05 5.0508510e-07 1.2272685e-08]",1,Others,20-39
/scratch/project_462000771/mengting/projects/bias/SD3/prompt2/selected_faces/detected_sad/sad_person_0227_face0.png,Indian,Indian,Male,20-29,"[2.3518007e-01 2.8750810e-03 2.6749009e-01 8.9586792e-05 1.2139651e-03
 4.4109303e-01 5.2058227e-02]",[1.2243112e-01 6.5962848e-04 4.6191886e-03 8.7229002e-01],[1.00000000e+00 1.38927865e-08],"[2.9789382e-07 7.4770905e-05 5.1554486e-02 5.4843295e-01 3.5803372e-01
 4.1140601e-02 7.5238472e-04 1.0668818e-05 1.5354323e-07]",1,Others,20-39
/scratch/project_462000771/mengting/projects/bias/SD3/prompt2/selected_faces/detected_sad/sad_person_0228_face0.png,Indian,Indian,Male,30-39,"[4.3042138e-02 8.0166422e-02 2.8142077e-01 1.0254672e-05 3.2867654e-04
 5.6653374e-01 2.8497944e-02]",[2.9977523e-02 1.2184941e-02 6.4199744e-04 9.5719558e-01],[9.9999970e-01 3.1162085e-07],"[1.7098085e-06 2.9590623e-05 3.6863843e-03 7.0277132e-02 4.8054993e-01
 4.1671902e-01 2.8369846e-02 3.6198585e-04 4.4731651e-06]",1,Others,20-39
/scratch/project_462000771/mengting/projects/bias/SD3/prompt2/selected_faces/detected_sad/sad_person_0229_face0.png,Black,Black,Male,20-29,"[4.7098767e-04 7.0927471e-01 1.2229917e-01 1.5038780e-03 1.3895357e-01
 2.6549691e-02 9.4796141e-04]",[5.5669888e-04 8.1182623e-01 1.6569857e-01 2.1918451e-02],[9.999991e-01 9.402854e-07],"[1.7719229e-07 4.4326669e-05 6.6320121e-02 7.5100052e-01 1.6942810e-01
 1.2726749e-02 4.7097748e-04 8.6804985e-06 3.3249515e-07]",1,Black,20-39
/scratch/project_462000771/mengting/projects/bias/SD3/prompt2/selected_faces/detected_sad/sad_person_0230_face0.png,Black,Black,Male,20-29,"[1.1250705e-05 9.9597484e-01 8.0419314e-04 4.7017847e-06 3.1399538e-04
 2.6880731e-03 2.0296837e-04]",[4.1229218e-06 9.9955636e-01 1.8858656e-04 2.5097234e-04],[9.9989033e-01 1.0967174e-04],"[1.8222813e-06 1.9279406e-03 2.5244743e-01 6.3956964e-01 9.9719740e-02
 6.1742761e-03 1.5478295e-04 4.2805382e-06 1.5938838e-07]",1,Black,20-39
/scratch/project_462000771/mengting/projects/bias/SD3/prompt2/selected_faces/detected_sad/sad_person_0231_face0.png,Latino_Hispanic,White,Male,40-49,"[2.6818895e-01 7.5164757e-04 6.2381691e-01 3.6726793e-04 1.8404914e-03
 4.0091902e-02 6.4942896e-02]",[8.9618081e-01 4.1548151e-04 2.1956561e-03 1.0120807e-01],[9.9995679e-01 4.3200987e-05],"[2.9991861e-06 9.2510854e-06 1.1224672e-03 1.3224033e-02 2.3629619e-01
 6.1659741e-01 1.3017575e-01 2.5290544e-03 4.2810847e-05]",0,Others,40-59
/scratch/project_462000771/mengting/projects/bias/SD3/prompt2/selected_faces/detected_sad/sad_person_0232_face0.png,White,White,Male,30-39,"[4.6534237e-01 1.3268393e-03 7.4710935e-02 7.9481673e-05 2.4043539e-04
 1.1943609e-02 4.4635633e-01]",[0.73475003 0.01649459 0.00396575 0.24478953],[0.99893737 0.00106265],"[1.3154187e-05 8.8452703e-05 5.6037479e-03 1.0520408e-01 4.5233303e-01
 3.8010103e-01 5.2903019e-02 3.4766910e-03 2.7680537e-04]",1,White,20-39
/scratch/project_462000771/mengting/projects/bias/SD3/prompt2/selected_faces/detected_sad/sad_person_0233_face0.png,White,White,Male,20-29,"[6.4919895e-01 1.7228378e-04 1.5516715e-01 3.8636441e-04 9.1781997e-04
 2.1387318e-02 1.7277007e-01]",[8.9936906e-01 5.6039722e-04 2.9855382e-03 9.7084999e-02],[0.91554457 0.08445546],"[1.28397335e-06 1.53934641e-04 1.11782834e-01 7.06798971e-01
 1.68482646e-01 1.25266649e-02 2.39063767e-04 1.35483851e-05
 1.00851082e-06]",0,White,20-39
/scratch/project_462000771/mengting/projects/bias/SD3/prompt2/selected_faces/detected_sad/sad_person_0234_face0.png,White,White,Male,40-49,"[9.6368754e-01 4.7261259e-04 1.4704735e-02 1.8465700e-05 6.6887747e-05
 2.8132342e-03 1.8236618e-02]",[9.9159867e-01 6.0991745e-04 2.9254414e-04 7.4988306e-03],[0.9977754  0.00222465],"[1.0628103e-05 8.3009421e-05 2.6791459e-03 4.1649386e-02 2.5365222e-01
 5.5764884e-01 1.3950785e-01 4.5915358e-03 1.7738188e-04]",1,White,40-59
/scratch/project_462000771/mengting/projects/bias/SD3/prompt2/selected_faces/detected_sad/sad_person_0235_face0.png,White,White,Male,20-29,"[7.7358520e-01 5.1192573e-04 1.7167804e-01 3.1660984e-05 9.3991883e-05
 2.9672030e-03 5.1132020e-02]",[0.90028673 0.00090553 0.00238163 0.09642606],[9.9952948e-01 4.7051022e-04],"[2.0572384e-07 1.8509958e-05 4.4209097e-02 7.9316646e-01 1.5308253e-01
 9.3802223e-03 1.4002695e-04 2.8083875e-06 6.9486738e-08]",1,White,20-39
/scratch/project_462000771/mengting/projects/bias/SD3/prompt2/selected_faces/detected_sad/sad_person_0236_face0.png,White,White,Male,20-29,"[9.0182585e-01 1.8145804e-03 2.5914352e-02 2.5396013e-05 2.1006168e-04
 3.3876635e-03 6.6822156e-02]",[9.9225825e-01 9.7296247e-04 1.0714596e-04 6.6616703e-03],[0.9987069  0.00129314],"[1.1985130e-06 6.7254667e-05 2.2481509e-02 6.6054291e-01 2.6177672e-01
 5.2016754e-02 3.0096879e-03 9.8745739e-05 5.2273222e-06]",1,White,20-39
/scratch/project_462000771/mengting/projects/bias/SD3/prompt2/selected_faces/detected_sad/sad_person_0237_face0.png,White,White,Female,50-59,"[9.9414426e-01 1.0462895e-04 2.2973616e-03 1.7934442e-05 8.3760686e-05
 7.2979083e-04 2.6220777e-03]",[9.9861354e-01 3.2421351e-05 4.2479718e-04 9.2924770e-04],[0.45098007 0.54901993],"[3.5543042e-06 2.7994534e-05 3.6122222e-04 5.5292598e-03 4.6744827e-02
 3.4152299e-01 4.8473826e-01 9.9596471e-02 2.1475453e-02]",1,White,40-59
/scratch/project_462000771/mengting/projects/bias/SD3/prompt2/selected_faces/detected_sad/sad_person_0238_face0.png,Latino_Hispanic,White,Male,30-39,"[0.46211997 0.00246904 0.47612405 0.00468785 0.02179336 0.00721487
 0.0255909 ]",[0.94394946 0.00511629 0.02914226 0.02179198],[9.9997824e-01 2.1704931e-05],"[6.3892367e-07 1.5978112e-05 3.1111459e-03 1.4566918e-01 5.9305263e-01
 2.4800044e-01 1.0039441e-02 1.0835340e-04 2.1732594e-06]",1,Others,20-39
/scratch/project_462000771/mengting/projects/bias/SD3/prompt2/selected_faces/detected_sad/sad_person_0239_face0.png,Black,Black,Male,40-49,"[0.00185688 0.6697388  0.07102031 0.00531151 0.05863336 0.17210034
 0.02133873]",[2.8800298e-04 9.7478974e-01 1.0674978e-02 1.4247256e-02],[0.9824928  0.01750726],"[3.6292844e-05 4.3018541e-04 2.7034541e-03 5.4070191e-03 9.1259785e-02
 5.0710952e-01 3.4524235e-01 4.2340074e-02 5.4713315e-03]",0,Black,40-59
/scratch/project_462000771/mengting/projects/bias/SD3/prompt2/selected_faces/detected_sad/sad_person_0240_face0.png,Latino_Hispanic,White,Male,20-29,"[0.4091781  0.00201855 0.42308512 0.00141932 0.00408978 0.03019661
 0.13001242]",[0.6321473  0.06186038 0.05642672 0.24956557],[0.9755318  0.02446819],"[2.6272744e-06 1.3565663e-03 3.6653480e-01 5.6592864e-01 6.3868158e-02
 2.2743100e-03 3.3337001e-05 1.4910714e-06 1.1614419e-07]",1,Others,20-39
/scratch/project_462000771/mengting/projects/bias/SD3/prompt2/selected_faces/detected_sad/sad_person_0241_face0.png,White,White,Male,20-29,"[5.7488477e-01 1.8090046e-04 2.4360929e-01 1.0027102e-03 2.7437340e-03
 3.7849128e-02 1.3972946e-01]",[8.9987624e-01 2.0359113e-04 6.2221736e-03 9.3697913e-02],[9.9999285e-01 7.1207742e-06],"[6.0099057e-07 7.7964854e-05 4.8999704e-02 6.1388648e-01 3.1919545e-01
 1.7720953e-02 1.1657925e-04 2.1862456e-06 5.4649178e-08]",1,White,20-39
/scratch/project_462000771/mengting/projects/bias/SD3/prompt2/selected_faces/detected_sad/sad_person_0242_face0.png,White,White,Male,20-29,"[6.7349285e-01 1.3862269e-03 2.2582507e-01 1.2590694e-04 1.1332054e-03
 3.5944581e-02 6.2092215e-02]",[0.7416162  0.00096243 0.02716001 0.23026139],[1.0000000e+00 1.5024794e-08],"[2.6766795e-08 1.1252527e-05 4.3308526e-02 7.7219576e-01 1.7509855e-01
 9.3143769e-03 7.0987277e-05 5.2003338e-07 7.9402556e-09]",1,White,20-39
/scratch/project_462000771/mengting/projects/bias/SD3/prompt2/selected_faces/detected_sad/sad_person_0243_face0.png,East Asian,Asian,Male,30-39,"[1.01030925e-02 5.76863022e-05 1.02942191e-01 6.91473365e-01
 1.78876087e-01 4.60831774e-03 1.19393235e-02]",[9.7894168e-04 3.0122477e-05 9.9445105e-01 4.5398162e-03],[9.999978e-01 2.156465e-06],"[3.6857648e-06 5.1788382e-05 4.8361435e-03 2.7021599e-01 6.5538734e-01
 6.7647010e-02 1.7416030e-03 1.1502205e-04 1.3785404e-06]",1,Asian,20-39
/scratch/project_462000771/mengting/projects/bias/SD3/prompt2/selected_faces/detected_sad/sad_person_0244_face0.png,White,White,Male,40-49,"[0.54263633 0.00164145 0.29058146 0.00155522 0.0046601  0.07028747
 0.08863791]",[0.85317326 0.00154276 0.02398155 0.12130242],[0.99383414 0.00616586],"[1.7139140e-05 3.6263893e-05 1.3610505e-03 8.3969580e-03 1.0865791e-01
 4.7824317e-01 3.6484689e-01 3.6103677e-02 2.3369850e-03]",1,White,40-59
/scratch/project_462000771/mengting/projects/bias/SD3/prompt2/selected_faces/detected_sad/sad_person_0245_face0.png,White,White,Male,20-29,"[9.3734020e-01 1.7631456e-04 2.6425604e-02 1.9163442e-04 3.3257293e-04
 5.1131058e-03 3.0420642e-02]",[0.9240236  0.00300067 0.03321617 0.03975951],[9.9999267e-01 7.3123483e-06],"[4.6257063e-07 3.1265670e-05 2.6670199e-02 7.6938230e-01 1.9367065e-01
 1.0116905e-02 1.2479869e-04 3.2545456e-06 1.6384536e-07]",1,White,20-39
/scratch/project_462000771/mengting/projects/bias/SD3/prompt2/selected_faces/detected_sad/sad_person_0246_face0.png,White,White,Female,40-49,"[7.9701036e-01 1.2063755e-03 7.7532917e-02 9.4331263e-05 5.8867875e-04
 1.1326157e-02 1.1224112e-01]",[0.88403183 0.00411586 0.0169735  0.09487884],[0.07829393 0.921706  ],"[2.1519368e-07 2.5225349e-06 5.3410500e-04 4.9161661e-02 3.8422391e-01
 4.8875222e-01 7.3235787e-02 3.8889276e-03 2.0065384e-04]",0,White,40-59
/scratch/project_462000771/mengting/projects/bias/SD3/prompt2/selected_faces/detected_sad/sad_person_0247_face0.png,Middle Eastern,Indian,Male,20-29,"[7.7840485e-02 7.8485608e-03 2.2624223e-01 3.7366717e-05 4.7967743e-04
 5.3494778e-03 6.8220222e-01]",[0.21786422 0.09039763 0.00732014 0.68441796],[9.999995e-01 4.834196e-07],"[3.3151366e-08 7.8861940e-06 3.0596824e-02 8.4101129e-01 1.2571391e-01
 2.6492313e-03 2.0558757e-05 3.3001103e-07 4.9607327e-09]",1,Others,20-39
/scratch/project_462000771/mengting/projects/bias/SD3/prompt2/selected_faces/detected_sad/sad_person_0248_face0.png,White,White,Male,40-49,"[9.3442303e-01 5.8976861e-05 2.5867572e-02 2.7758506e-04 4.7877370e-04
 5.9613155e-04 3.8298078e-02]",[9.9972486e-01 2.5162608e-06 2.2635088e-04 4.6307850e-05],[0.9971544  0.00284562],"[1.9506631e-06 7.0458691e-06 4.7002823e-04 7.8592552e-03 1.0215153e-01
 4.3717235e-01 4.0508738e-01 4.3895788e-02 3.3546784e-03]",1,White,40-59
/scratch/project_462000771/mengting/projects/bias/SD3/prompt2/selected_faces/detected_sad/sad_person_0249_face0.png,White,White,Male,20-29,"[0.724153   0.01700127 0.21733707 0.00199621 0.00361901 0.02200789
 0.01388556]",[0.93386626 0.02160208 0.0222403  0.02229136],[9.9995899e-01 4.1008807e-05],"[2.1723650e-07 8.6634827e-06 6.1852038e-03 6.0417193e-01 3.7162167e-01
 1.7658405e-02 3.4653096e-04 7.0677961e-06 3.7597471e-07]",1,White,20-39
/scratch/project_462000771/mengting/projects/bias/SD3/prompt2/selected_faces/detected_sad/sad_person_0250_face0.png,Middle Eastern,White,Male,20-29,"[0.34892645 0.00072863 0.18924248 0.00244622 0.01715895 0.08005296
 0.3614443 ]",[0.86497116 0.00090562 0.03383481 0.1002884 ],[9.999951e-01 4.891856e-06],"[5.6656205e-07 3.2609256e-04 2.8992262e-01 6.4207339e-01 6.4745136e-02
 2.8942716e-03 3.6849320e-05 1.0622086e-06 2.6117585e-08]",1,White,20-39
/scratch/project_462000771/mengting/projects/bias/SD3/prompt2/selected_faces/detected_sad/sad_person_0251_face0.png,Middle Eastern,Indian,Male,20-29,"[4.6974171e-02 2.6373859e-03 2.4538125e-01 3.0893043e-05 6.9522893e-04
 6.7090370e-02 6.3719070e-01]",[0.07962789 0.00098159 0.00104811 0.9183424 ],[9.9999982e-01 1.6684191e-07],"[1.16513705e-08 1.73667752e-06 9.82953515e-03 7.56752670e-01
 2.28804961e-01 4.58797812e-03 2.27120381e-05 3.73205438e-07
 5.38618528e-09]",0,Others,20-39
/scratch/project_462000771/mengting/projects/bias/SD3/prompt2/selected_faces/detected_sad/sad_person_0252_face0.png,White,White,Female,20-29,"[0.61812305 0.01542462 0.320571   0.0016535  0.00306411 0.01235988
 0.02880383]",[0.6743457  0.21663964 0.04163826 0.06737638],[0.4544729 0.5455271],"[1.3271404e-06 3.3575189e-04 8.7980047e-02 7.6022935e-01 1.4610538e-01
 5.2488674e-03 9.4464514e-05 4.2662450e-06 4.8227048e-07]",0,White,20-39
/scratch/project_462000771/mengting/projects/bias/SD3/prompt2/selected_faces/detected_sad/sad_person_0253_face0.png,White,White,Male,30-39,"[9.6982211e-01 5.9328140e-06 1.7292550e-02 9.7067154e-04 8.6942146e-04
 4.6927415e-04 1.0569943e-02]",[9.9811631e-01 5.2237588e-06 8.8512868e-04 9.9334144e-04],[9.9984610e-01 1.5395526e-04],"[4.5992269e-06 3.3655888e-05 4.6106246e-03 9.0312526e-02 5.1872289e-01
 3.6698887e-01 1.9056648e-02 2.6496159e-04 5.2232349e-06]",1,White,20-39
/scratch/project_462000771/mengting/projects/bias/SD3/prompt2/selected_faces/detected_sad/sad_person_0254_face0.png,Black,White,Male,40-49,"[0.24807027 0.38994163 0.06413415 0.01898137 0.03586831 0.07175399
 0.1712503 ]",[0.46947268 0.3971202  0.03805257 0.09535453],[0.9645648  0.03543526],"[1.2528147e-05 3.4785939e-05 4.6798939e-04 4.4706240e-02 2.8971118e-01
 3.6628839e-01 2.2167929e-01 6.4108342e-02 1.2991246e-02]",0,Black,40-59
/scratch/project_462000771/mengting/projects/bias/SD3/prompt2/selected_faces/detected_sad/sad_person_0255_face0.png,White,White,Male,20-29,"[9.4420373e-01 1.0009226e-03 4.5645811e-02 3.2440057e-05 8.2838989e-05
 2.3884391e-03 6.6458918e-03]",[9.9137622e-01 1.7433126e-04 2.2316026e-04 8.2263192e-03],[9.9998772e-01 1.2271639e-05],"[6.68764244e-08 1.02417318e-04 1.09342135e-01 8.59715939e-01
 3.03565320e-02 4.80566028e-04 2.32478715e-06 4.56841995e-08
 1.43455814e-09]",1,White,20-39
/scratch/project_462000771/mengting/projects/bias/SD3/prompt2/selected_faces/detected_sad/sad_person_0256_face0.png,White,White,Male,30-39,"[9.3929458e-01 5.8220734e-04 3.4674320e-02 1.7310417e-04 7.9453073e-04
 2.8478703e-04 2.4196390e-02]",[0.99246037 0.001952   0.00222538 0.00336221],[9.9996269e-01 3.7289756e-05],"[1.9683296e-07 4.8328502e-06 3.1645424e-03 3.9765382e-01 5.1210225e-01
 8.2860708e-02 4.0884553e-03 1.1902492e-04 6.3010157e-06]",1,White,20-39
/scratch/project_462000771/mengting/projects/bias/SD3/prompt2/selected_faces/detected_sad/sad_person_0257_face0.png,East Asian,Asian,Male,20-29,"[1.16125593e-04 1.92002190e-05 7.11787958e-03 6.57380939e-01
 3.34880471e-01 3.65670363e-04 1.19846685e-04]",[3.5338198e-05 4.3535911e-05 9.9806756e-01 1.8535352e-03],[1.000000e+00 1.542946e-08],"[2.9641831e-07 9.1261696e-05 8.7349094e-02 7.6010048e-01 1.4838332e-01
 4.0035951e-03 6.6226967e-05 5.6986196e-06 3.5422111e-08]",1,Asian,20-39
/scratch/project_462000771/mengting/projects/bias/SD3/prompt2/selected_faces/detected_sad/sad_person_0258_face0.png,Latino_Hispanic,White,Male,20-29,"[3.0964869e-01 4.2332304e-04 5.1027030e-01 1.4140101e-03 3.6751004e-03
 2.7973820e-02 1.4659482e-01]",[0.59075236 0.00405335 0.09526263 0.3099317 ],[9.9999952e-01 4.6346798e-07],"[1.3700145e-07 7.9975398e-06 1.0133055e-02 5.8646202e-01 3.7914872e-01
 2.4030153e-02 2.1578096e-04 2.1127012e-06 2.3854893e-08]",1,Others,20-39
/scratch/project_462000771/mengting/projects/bias/SD3/prompt2/selected_faces/detected_sad/sad_person_0259_face0.png,White,White,Male,30-39,"[7.9497027e-01 6.4302579e-04 7.8557380e-02 3.5894038e-05 8.4178857e-05
 1.7398380e-03 1.2396937e-01]",[9.2397422e-01 1.6334513e-02 8.5788488e-04 5.8833413e-02],[0.96485984 0.03514013],"[6.7668402e-08 8.1807565e-07 2.1363103e-03 4.2559075e-01 5.2669042e-01
 4.4406123e-02 1.1500922e-03 2.4540466e-05 8.0420750e-07]",1,White,20-39
/scratch/project_462000771/mengting/projects/bias/SD3/prompt2/selected_faces/detected_sad/sad_person_0260_face0.png,White,White,Male,40-49,"[9.9744701e-01 3.3033048e-06 3.9440914e-04 3.2663288e-06 6.8909994e-06
 2.3646786e-05 2.1214508e-03]",[9.9981928e-01 1.6870328e-05 3.1176685e-05 1.3271118e-04],[0.78794307 0.21205696],"[6.9029545e-07 1.0492205e-05 1.3996440e-03 1.0893388e-01 3.8802069e-01
 4.5335177e-01 4.6855889e-02 1.3102981e-03 1.1656211e-04]",1,White,40-59
/scratch/project_462000771/mengting/projects/bias/SD3/prompt2/selected_faces/detected_sad/sad_person_0261_face0.png,White,White,Male,30-39,"[9.8955774e-01 2.3300912e-05 6.5921582e-03 4.7285316e-04 9.2823524e-04
 6.1370118e-04 1.8119762e-03]",[9.7204679e-01 5.2489595e-06 2.6083309e-02 1.8646992e-03],[9.9999994e-01 7.5719313e-08],"[1.4900618e-07 5.3170247e-06 4.4046678e-03 4.3422425e-01 4.8340335e-01
 7.6542929e-02 1.4092255e-03 1.0017541e-05 1.2334048e-07]",1,White,20-39
/scratch/project_462000771/mengting/projects/bias/SD3/prompt2/selected_faces/detected_sad/sad_person_0262_face0.png,White,White,Male,40-49,"[7.9104936e-01 1.1902051e-04 4.8480492e-02 8.8695640e-05 3.2137459e-04
 3.5499146e-03 1.5639116e-01]",[0.97556543 0.00165258 0.00202403 0.02075793],[0.86429316 0.13570684],"[2.3739653e-06 1.8282910e-05 9.0648606e-04 3.9749451e-02 3.0632862e-01
 5.0611228e-01 1.3949254e-01 6.8154312e-03 5.7447416e-04]",1,White,40-59
/scratch/project_462000771/mengting/projects/bias/SD3/prompt2/selected_faces/detected_sad/sad_person_0263_face0.png,White,White,Male,20-29,"[7.28207171e-01 1.29332839e-04 1.67476475e-01 4.69142571e-03
 6.51499676e-03 1.29400715e-02 8.00405219e-02]",[9.0115583e-01 6.1984104e-04 9.1551626e-03 8.9069091e-02],[9.999951e-01 4.877885e-06],"[3.6212509e-08 1.2578075e-05 8.9579120e-02 8.5222524e-01 5.7225361e-02
 9.5058378e-04 6.9333701e-06 1.6090343e-07 3.1499272e-09]",0,White,20-39
/scratch/project_462000771/mengting/projects/bias/SD3/prompt2/selected_faces/detected_sad/sad_person_0264_face0.png,White,White,Male,20-29,"[0.5447883  0.00054604 0.2817962  0.00083919 0.00122053 0.02223102
 0.14857869]",[0.89277494 0.0018973  0.0400938  0.065234  ],[0.9958322  0.00416787],"[2.0573893e-06 1.3642496e-04 3.4416478e-02 5.2658677e-01 4.1083404e-01
 2.7718214e-02 3.0099336e-04 4.8807970e-06 1.5872556e-07]",1,White,20-39
/scratch/project_462000771/mengting/projects/bias/SD3/prompt2/selected_faces/detected_sad/sad_person_0265_face0.png,Latino_Hispanic,Indian,Male,30-39,"[8.7026015e-02 1.5134268e-03 8.5796666e-01 3.8244188e-04 1.6824917e-03
 1.5724506e-02 3.5704557e-02]",[0.37359583 0.0032473  0.01171833 0.6114386 ],[1.000000e+00 2.402366e-08],"[2.8470910e-07 7.4886357e-06 7.7819414e-03 3.4981927e-01 5.7393003e-01
 6.7211978e-02 1.2408562e-03 8.1347571e-06 4.1923890e-08]",1,Others,20-39
/scratch/project_462000771/mengting/projects/bias/SD3/prompt2/selected_faces/detected_sad/sad_person_0266_face0.png,Latino_Hispanic,Indian,Male,20-29,"[2.6274478e-01 1.9582075e-03 3.1360734e-01 2.3607770e-05 3.0681078e-04
 1.3333055e-01 2.8802878e-01]",[0.391132   0.0104132  0.00104011 0.59741473],[1.0000000e+00 2.2596117e-08],"[6.1105226e-07 3.5378609e-05 3.0491879e-02 5.5246669e-01 3.5894647e-01
 5.6141995e-02 1.8671678e-03 4.9218721e-05 6.0279342e-07]",1,Others,20-39
/scratch/project_462000771/mengting/projects/bias/SD3/prompt2/selected_faces/detected_sad/sad_person_0267_face0.png,Latino_Hispanic,Asian,Male,20-29,"[0.02264708 0.00308275 0.7582689  0.00173063 0.0125038  0.02744333
 0.17432353]",[0.02726894 0.00223308 0.6824014  0.28809652],[9.9999863e-01 1.3132683e-06],"[1.1341358e-06 2.0230655e-05 1.1283052e-02 5.1435721e-01 4.0142661e-01
 7.0458800e-02 2.3661244e-03 8.5578788e-05 1.3099403e-06]",1,Others,20-39
/scratch/project_462000771/mengting/projects/bias/SD3/prompt2/selected_faces/detected_sad/sad_person_0268_face0.png,Latino_Hispanic,White,Male,30-39,"[2.4235956e-01 4.6361447e-04 6.2651336e-01 1.7305927e-03 3.5553619e-03
 4.0640859e-03 1.2131342e-01]",[9.3712616e-01 6.9275493e-04 2.3175465e-02 3.9005633e-02],[9.9999982e-01 1.7270395e-07],"[1.2456461e-07 4.2778379e-06 4.4782124e-03 2.7891481e-01 6.4034098e-01
 7.5402156e-02 8.5475750e-04 4.5952861e-06 3.2902218e-08]",0,Others,20-39
/scratch/project_462000771/mengting/projects/bias/SD3/prompt2/selected_faces/detected_sad/sad_person_0269_face0.png,White,White,Male,40-49,"[9.5533192e-01 2.5126705e-04 1.9366153e-02 5.3428670e-05 1.8737830e-04
 3.7011486e-03 2.1108700e-02]",[9.6835560e-01 9.2744845e-04 2.5256182e-04 3.0464431e-02],[0.998899   0.00110104],"[3.2780713e-07 1.9078425e-06 2.0573284e-04 1.5614057e-02 2.6832512e-01
 6.2791705e-01 8.5977346e-02 1.8389978e-03 1.1951166e-04]",0,White,40-59
/scratch/project_462000771/mengting/projects/bias/SD3/prompt2/selected_faces/detected_sad/sad_person_0270_face0.png,Latino_Hispanic,Indian,Male,10-19,"[0.2296093  0.00073153 0.4888754  0.00072008 0.00434546 0.04403063
 0.23168765]",[0.20165534 0.00950195 0.02224193 0.7666007 ],[9.9999982e-01 2.4388387e-07],"[3.8442467e-09 5.2962085e-05 6.5818471e-01 3.3988240e-01 1.8716613e-03
 8.2284860e-06 1.9443155e-08 8.7519103e-10 1.2300130e-11]",1,Others,10-19
/scratch/project_462000771/mengting/projects/bias/SD3/prompt2/selected_faces/detected_sad/sad_person_0271_face0.png,White,White,Male,20-29,"[5.3410494e-01 3.0409254e-04 2.8779212e-01 1.2970500e-03 3.1348537e-03
 2.3866363e-02 1.4950059e-01]",[8.4712970e-01 7.5767905e-04 6.6555729e-03 1.4545697e-01],[9.999931e-01 6.911259e-06],"[7.2557089e-07 3.0591145e-05 6.4459019e-03 5.3593194e-01 4.3539184e-01
 2.2000965e-02 1.9603038e-04 2.0012940e-06 3.6343373e-08]",1,White,20-39
/scratch/project_462000771/mengting/projects/bias/SD3/prompt2/selected_faces/detected_sad/sad_person_0272_face0.png,White,White,Male,30-39,"[9.8972869e-01 7.8705765e-05 5.8212765e-03 1.8277453e-05 4.5744669e-05
 9.6740274e-05 4.2106602e-03]",[9.9885547e-01 4.0291247e-04 2.5368924e-04 4.8788675e-04],[9.997143e-01 2.856948e-04],"[1.0039053e-07 3.4881818e-06 8.9239096e-03 4.1166559e-01 4.5167267e-01
 1.2367857e-01 4.0168799e-03 3.7724229e-05 1.1090361e-06]",0,White,20-39
/scratch/project_462000771/mengting/projects/bias/SD3/prompt2/selected_faces/detected_sad/sad_person_0273_face0.png,White,White,Male,20-29,"[9.7956920e-01 9.8668133e-05 1.4189139e-02 1.3517565e-03 9.8521798e-04
 7.7211950e-04 3.0338708e-03]",[8.6505932e-01 6.2822085e-04 1.2524922e-01 9.0632522e-03],[9.9999994e-01 1.0591480e-07],"[8.9473609e-08 2.0504235e-06 5.3140316e-03 6.5352857e-01 3.1963766e-01
 2.1094775e-02 4.1543861e-04 7.2561261e-06 1.3697056e-07]",1,White,20-39
/scratch/project_462000771/mengting/projects/bias/SD3/prompt2/selected_faces/detected_sad/sad_person_0274_face0.png,Black,Black,Male,20-29,"[2.70119108e-06 9.99891520e-01 5.94435078e-05 5.69266767e-08
 1.38890937e-06 3.14501049e-05 1.33660205e-05]",[1.0058575e-06 9.9997991e-01 1.4525647e-06 1.7667591e-05],[9.9999988e-01 1.4605463e-07],"[1.9170134e-08 5.5669227e-07 2.0491392e-03 4.8413435e-01 4.6773219e-01
 4.5365032e-02 7.0674485e-04 1.1445543e-05 4.7404004e-07]",0,Black,20-39
/scratch/project_462000771/mengting/projects/bias/SD3/prompt2/selected_faces/detected_sad/sad_person_0275_face0.png,White,White,Male,50-59,"[0.3220043  0.0011847  0.29070625 0.00708339 0.04070923 0.10129893
 0.2370132 ]",[8.58597934e-01 1.05740975e-04 1.25625253e-01 1.56710837e-02],[0.95336604 0.04663393],"[2.4173447e-05 4.5276269e-05 4.1524653e-04 8.2325359e-04 1.0228520e-02
 8.8484727e-02 4.7433174e-01 3.5260376e-01 7.3043302e-02]",0,White,40-59
/scratch/project_462000771/mengting/projects/bias/SD3/prompt2/selected_faces/detected_sad/sad_person_0276_face0.png,White,White,Male,30-39,"[9.5309383e-01 8.8992470e-05 2.6532976e-02 6.7322463e-04 6.0859416e-04
 7.4536930e-04 1.8256990e-02]",[9.9563360e-01 1.6095741e-04 5.2192161e-04 3.6835403e-03],[9.993182e-01 6.818442e-04],"[1.1239060e-06 1.9640407e-05 7.4165631e-03 2.6392475e-01 5.5378801e-01
 1.6659130e-01 8.1312321e-03 1.2354417e-04 3.8270518e-06]",1,White,20-39
/scratch/project_462000771/mengting/projects/bias/SD3/prompt2/selected_faces/detected_sad/sad_person_0277_face0.png,Latino_Hispanic,White,Male,30-39,"[0.21388632 0.03688004 0.30180335 0.00034128 0.0022978  0.18099332
 0.2637979 ]",[0.68200284 0.02497683 0.00283642 0.29018387],[0.9213006 0.0786994],"[7.2057637e-06 5.2032359e-05 3.7571199e-03 1.1768929e-01 4.5340833e-01
 3.6060485e-01 5.9199672e-02 4.9291956e-03 3.5229910e-04]",1,Others,20-39
/scratch/project_462000771/mengting/projects/bias/SD3/prompt2/selected_faces/detected_sad/sad_person_0278_face0.png,Latino_Hispanic,White,Male,20-29,"[1.3060717e-01 5.6287477e-04 6.6708517e-01 1.4278705e-03 5.1668482e-03
 4.9600296e-02 1.4554986e-01]",[0.6491262  0.00252486 0.11073942 0.23760955],[9.994140e-01 5.860334e-04],"[6.7713069e-07 2.7478012e-05 2.2003766e-02 6.8679971e-01 2.8054726e-01
 1.0489842e-02 1.2798264e-04 3.1264494e-06 7.4853133e-08]",1,Others,20-39
/scratch/project_462000771/mengting/projects/bias/SD3/prompt2/selected_faces/detected_sad/sad_person_0279_face0.png,White,White,Male,30-39,"[8.4988600e-01 1.2636257e-03 7.9890721e-02 3.9825260e-04 8.2581973e-04
 2.6318617e-03 6.5103829e-02]",[0.98612714 0.00384234 0.00135612 0.00867437],[9.9999851e-01 1.4359562e-06],"[5.3815666e-06 7.2784831e-05 8.4758820e-03 1.2720433e-01 5.5235034e-01
 2.8952113e-01 2.2025699e-02 3.3978347e-04 4.7500903e-06]",1,White,20-39
/scratch/project_462000771/mengting/projects/bias/SD3/prompt2/selected_faces/detected_sad/sad_person_0280_face0.png,White,White,Male,30-39,"[7.5672048e-01 7.3240612e-05 5.3994022e-02 1.0124969e-03 1.5639547e-03
 3.2373369e-03 1.8339838e-01]",[0.97376406 0.00129828 0.00225417 0.02268346],[9.9999565e-01 4.3182336e-06],"[5.9288545e-06 4.0956620e-05 1.2736788e-03 8.0890201e-02 6.4709777e-01
 2.6430550e-01 6.3348361e-03 5.0348975e-05 8.3217628e-07]",1,White,20-39
/scratch/project_462000771/mengting/projects/bias/SD3/prompt2/selected_faces/detected_sad/sad_person_0281_face0.png,Black,Black,Female,30-39,"[9.1998363e-06 9.9965084e-01 2.1212004e-04 1.1639279e-05 6.0847746e-05
 3.7280675e-05 1.8115968e-05]",[3.28771739e-06 9.99982417e-01 1.08832955e-05 3.35695631e-06],[0.09749305 0.90250695],"[1.0303600e-06 6.6898079e-05 9.9273175e-03 2.7836961e-01 5.3626412e-01
 1.6677423e-01 8.4020253e-03 1.8437739e-04 1.0349161e-05]",1,Black,20-39
/scratch/project_462000771/mengting/projects/bias/SD3/prompt2/selected_faces/detected_sad/sad_person_0282_face0.png,Middle Eastern,Indian,Male,30-39,"[8.2673341e-02 6.1563109e-03 1.7427211e-01 1.5674117e-05 1.4220038e-04
 4.6509922e-02 6.9023049e-01]",[0.15820494 0.05428011 0.00635825 0.78115666],[9.9999970e-01 3.2230253e-07],"[3.6465306e-07 1.4255174e-05 4.1389312e-03 4.4486442e-01 5.0946712e-01
 4.0963553e-02 5.4700434e-04 4.2517013e-06 6.3357056e-08]",1,Others,20-39
/scratch/project_462000771/mengting/projects/bias/SD3/prompt2/selected_faces/detected_sad/sad_person_0283_face0.png,White,White,Male,30-39,"[9.5584458e-01 8.3006627e-05 1.7376399e-02 1.8236209e-05 5.9610051e-05
 1.4411914e-03 2.5176955e-02]",[9.5334560e-01 1.3355222e-03 2.9116648e-04 4.5027819e-02],[9.9942511e-01 5.7484943e-04],"[3.2730757e-05 9.8548153e-05 1.0678417e-03 5.1535793e-02 4.7055572e-01
 4.3554756e-01 3.9979715e-02 1.1410448e-03 4.0991148e-05]",1,White,20-39
/scratch/project_462000771/mengting/projects/bias/SD3/prompt2/selected_faces/detected_sad/sad_person_0284_face0.png,Latino_Hispanic,White,Male,30-39,"[1.8722896e-01 8.4540825e-03 4.7892720e-01 8.4969746e-05 4.8238476e-04
 1.0421688e-02 3.1440079e-01]",[0.56162804 0.14959487 0.00172973 0.28704733],[9.9999905e-01 9.1826200e-07],"[7.7263557e-08 9.8321721e-07 1.6995126e-03 3.4218627e-01 5.6531453e-01
 8.6945496e-02 3.8135124e-03 3.8973929e-05 6.4123327e-07]",1,Others,20-39
/scratch/project_462000771/mengting/projects/bias/SD3/prompt2/selected_faces/detected_sad/sad_person_0285_face0.png,White,White,Male,40-49,"[7.43167996e-01 6.77034771e-03 9.03355554e-02 5.87553717e-04
 7.72004947e-03 3.31228860e-02 1.18295625e-01]",[0.5068893  0.00234385 0.0932547  0.39751223],[0.9985951  0.00140486],"[2.3690770e-06 1.1958254e-05 6.5765984e-04 1.5986599e-02 1.2957765e-01
 4.3164948e-01 3.5303837e-01 5.6644067e-02 1.2431818e-02]",0,White,40-59
/scratch/project_462000771/mengting/projects/bias/SD3/prompt2/selected_faces/detected_sad/sad_person_0286_face0.png,Indian,Indian,Male,10-19,"[0.0897453  0.00489614 0.19958676 0.0014121  0.0036563  0.5297424
 0.17096101]",[0.02507625 0.02148727 0.00239902 0.95103747],[9.9952775e-01 4.7222001e-04],"[1.39744288e-05 1.43851694e-02 8.55299056e-01 1.22272335e-01
 7.30444118e-03 7.03841681e-04 1.80253155e-05 2.85877786e-06
 2.28297750e-07]",1,Others,10-19
/scratch/project_462000771/mengting/projects/bias/SD3/prompt2/selected_faces/detected_sad/sad_person_0287_face0.png,White,White,Male,40-49,"[8.5527140e-01 2.2672899e-03 7.6577291e-02 3.4154570e-04 1.2292197e-03
 9.3055936e-03 5.5007730e-02]",[9.8557377e-01 1.3216276e-03 3.9583197e-04 1.2708842e-02],[9.9999374e-01 6.3011898e-06],"[7.1532904e-06 1.1952318e-05 2.3956240e-04 4.9055973e-03 9.4587877e-02
 5.1452470e-01 3.6978713e-01 1.5557007e-02 3.7905143e-04]",0,White,40-59
/scratch/project_462000771/mengting/projects/bias/SD3/prompt2/selected_faces/detected_sad/sad_person_0288_face0.png,Black,Black,Male,30-39,"[3.1533258e-05 9.9454886e-01 9.6656592e-04 5.3077751e-05 2.4879056e-03
 1.8478697e-03 6.4220905e-05]",[1.2761907e-04 9.6207666e-01 2.1416977e-02 1.6378865e-02],[0.9960407  0.00395931],"[2.04222688e-05 4.52132989e-03 1.15029484e-01 1.51536494e-01
 3.28993559e-01 2.93819755e-01 9.81789753e-02 6.93803374e-03
 9.61929327e-04]",0,Black,20-39
/scratch/project_462001220/mengting/projects_771/bias/SD3/prompt2/complete_selected_faces/detected_sad/0289_face0.png,Latino_Hispanic,White,Male,50-59,"[0.28148022 0.00151566 0.6524674  0.00084341 0.00461813 0.02968786
 0.02938731]",[0.9011645  0.00115811 0.0308069  0.06687053],[9.9999464e-01 5.3832186e-06],"[4.1376614e-05 1.1547355e-04 1.0495891e-03 9.8293577e-04 4.4774182e-02
 4.4204587e-01 5.0127250e-01 9.6648568e-03 5.3243410e-05]",0,Others,40-59
/scratch/project_462000771/mengting/projects/bias/SD3/prompt2/selected_faces/detected_sad/sad_person_0290_face0.png,White,White,Male,20-29,"[7.2657883e-01 1.7398344e-04 1.1628521e-01 1.3812831e-04 5.5289711e-04
 2.2565746e-03 1.5401436e-01]",[0.94325215 0.00128937 0.00336958 0.052089  ],[9.9999988e-01 1.2667476e-07],"[3.4821490e-08 2.9664930e-05 2.6495913e-01 6.9333589e-01 4.1008312e-02
 6.6358072e-04 3.2192349e-06 9.0974744e-08 9.9329622e-10]",1,White,20-39
/scratch/project_462000771/mengting/projects/bias/SD3/prompt2/selected_faces/detected_sad/sad_person_0291_face0.png,White,White,Male,30-39,"[5.9353352e-01 3.3003255e-04 2.1743985e-01 1.2149725e-03 2.8469383e-03
 9.3821585e-03 1.7525259e-01]",[0.9178848  0.0012101  0.00320892 0.07769608],[9.9997377e-01 2.6162259e-05],"[9.9119388e-06 6.9246293e-05 3.2745479e-03 1.2442080e-01 6.9197237e-01
 1.7578714e-01 4.4192378e-03 4.5978697e-05 6.6438309e-07]",1,White,20-39
/scratch/project_462000771/mengting/projects/bias/SD3/prompt2/selected_faces/detected_sad/sad_person_0292_face0.png,White,White,Male,20-29,"[6.7154920e-01 5.3293223e-04 1.3443169e-01 2.3237588e-04 8.3184300e-04
 3.6368808e-03 1.8878508e-01]",[9.5286405e-01 3.9992874e-04 8.1261480e-04 4.5923352e-02],[9.9998838e-01 1.1628966e-05],"[1.1751251e-07 2.6064865e-05 3.1716719e-02 8.3959210e-01 1.2488195e-01
 3.7539799e-03 2.8855431e-05 2.8422835e-07 8.1344487e-09]",1,White,20-39
/scratch/project_462000771/mengting/projects/bias/SD3/prompt2/selected_faces/detected_sad/sad_person_0293_face0.png,White,White,Male,30-39,"[9.5298111e-01 3.9093124e-05 3.7292879e-02 1.1417646e-04 2.6825845e-04
 1.1974394e-03 8.1070913e-03]",[9.8962319e-01 2.3133159e-04 5.8396009e-04 9.5614986e-03],[9.9999624e-01 3.7197774e-06],"[2.3670340e-07 3.4983718e-06 1.0716105e-03 9.9471636e-02 5.3681284e-01
 3.4414703e-01 1.8370148e-02 1.2118407e-04 1.7207201e-06]",1,White,20-39
/scratch/project_462000771/mengting/projects/bias/SD3/prompt2/selected_faces/detected_sad/sad_person_0294_face0.png,White,White,Female,30-39,"[5.4392934e-01 2.4064847e-04 3.0937472e-01 1.1863918e-03 2.8229689e-03
 2.9955830e-02 1.1249018e-01]",[0.8048872  0.00107734 0.00217549 0.19186   ],[0.11343993 0.8865601 ],"[6.6138512e-07 4.7057969e-05 2.3589695e-02 4.1478482e-01 4.7739297e-01
 8.0645114e-02 3.4759243e-03 6.1431703e-05 2.3068899e-06]",1,White,20-39
/scratch/project_462000771/mengting/projects/bias/SD3/prompt2/selected_faces/detected_sad/sad_person_0295_face0.png,White,White,Male,20-29,"[9.0472192e-01 1.8734485e-04 5.2202940e-02 7.7025281e-05 2.6775559e-04
 1.2703787e-03 4.1272666e-02]",[9.93217707e-01 1.18931304e-04 4.35854687e-04 6.22747885e-03],[9.9999988e-01 1.1470707e-07],"[1.49647761e-07 6.47860288e-05 7.08929598e-02 8.13510418e-01
 1.12545945e-01 2.96731573e-03 1.81098058e-05 2.86081956e-07
 3.61209929e-09]",1,White,20-39
/scratch/project_462000771/mengting/projects/bias/SD3/prompt2/selected_faces/detected_sad/sad_person_0296_face0.png,Southeast Asian,Asian,Male,20-29,"[0.00182718 0.00146489 0.05849358 0.0978307  0.74519295 0.09425912
 0.00093159]",[0.00459373 0.01845752 0.57431734 0.40263143],[9.999002e-01 9.973325e-05],"[1.0858713e-06 1.5105474e-03 3.1891257e-01 6.3987410e-01 3.8919043e-02
 7.7659206e-04 5.6138879e-06 4.0599619e-07 2.2317549e-08]",1,Asian,20-39
/scratch/project_462000771/mengting/projects/bias/SD3/prompt2/selected_faces/detected_sad/sad_person_0297_face0.png,White,White,Female,30-39,"[9.2681450e-01 2.3120299e-05 2.7620645e-02 4.5694131e-05 8.4799263e-05
 1.1497064e-03 4.4261530e-02]",[9.7170371e-01 4.8652157e-04 1.4519537e-03 2.6357820e-02],[0.05303412 0.9469659 ],"[3.50372673e-08 4.47399816e-06 7.73203094e-03 3.90560418e-01
 4.95583475e-01 1.04439124e-01 1.66775112e-03 1.22666379e-05
 3.88583345e-07]",1,White,20-39
/scratch/project_462000771/mengting/projects/bias/SD3/prompt2/selected_faces/detected_sad/sad_person_0298_face0.png,White,Black,Male,20-29,"[0.4953185  0.04899693 0.39004606 0.00158133 0.01007644 0.03131584
 0.02266488]",[0.07639102 0.71422106 0.01682905 0.1925589 ],[0.98702216 0.01297785],"[1.1216157e-06 6.2581021e-05 3.6637310e-02 5.2314413e-01 4.0004912e-01
 3.8674012e-02 1.3705965e-03 5.7261954e-05 3.8370836e-06]",1,White,20-39
/scratch/project_462000771/mengting/projects/bias/SD3/prompt2/selected_faces/detected_sad/sad_person_0299_face0.png,Southeast Asian,Asian,Male,20-29,"[0.00128225 0.0041506  0.14201881 0.02685033 0.62241143 0.20046209
 0.00282447]",[0.00096371 0.004452   0.7424821  0.25210214],[9.9997485e-01 2.5133342e-05],"[4.9464558e-07 4.0532873e-04 1.9744414e-01 7.1148562e-01 8.7644070e-02
 2.9785226e-03 3.9838484e-05 1.8605239e-06 6.5540924e-08]",1,Asian,20-39
/scratch/project_462000771/mengting/projects/bias/SD3/prompt2/selected_faces/detected_sad/sad_person_0300_face0.png,Middle Eastern,White,Male,20-29,"[3.9717820e-01 2.2796229e-03 1.2065958e-01 3.5065259e-05 1.4701011e-04
 4.7579654e-03 4.7494256e-01]",[9.1600329e-01 1.5992852e-02 5.1896839e-04 6.7484893e-02],[9.9996608e-01 3.3928925e-05],"[2.3476487e-06 2.3754126e-05 6.5848362e-03 5.5719787e-01 3.7650305e-01
 5.6995288e-02 2.6164192e-03 7.4367097e-05 2.0657023e-06]",1,White,20-39
/scratch/project_462000771/mengting/projects/bias/SD3/prompt2/selected_faces/detected_sad/sad_person_0301_face0.png,Black,Black,Male,20-29,"[1.3670858e-06 9.9983537e-01 2.0995047e-05 7.9564315e-06 1.0442296e-04
 2.8772172e-05 1.0395327e-06]",[1.3503033e-06 9.9991274e-01 2.6657492e-05 5.9215465e-05],[9.9998927e-01 1.0704659e-05],"[5.1713539e-07 2.1052183e-04 5.0516844e-02 6.6074181e-01 2.5725251e-01
 2.9909166e-02 1.3259354e-03 3.7918242e-05 4.8539046e-06]",1,Black,20-39
/scratch/project_462000771/mengting/projects/bias/SD3/prompt2/selected_faces/detected_sad/sad_person_0302_face0.png,White,Asian,Male,20-29,"[0.44469747 0.00255757 0.25981614 0.02028169 0.02976211 0.16011207
 0.08277291]",[0.31564564 0.00647705 0.36057186 0.31730545],[9.9999958e-01 3.7583413e-07],"[1.9184067e-07 5.8190917e-06 4.0246560e-03 5.8089215e-01 3.9949724e-01
 1.5456334e-02 1.2202493e-04 1.5614999e-06 3.9625615e-08]",0,White,20-39
/scratch/project_462000771/mengting/projects/bias/SD3/prompt2/selected_faces/detected_sad/sad_person_0303_face0.png,Latino_Hispanic,White,Male,30-39,"[2.1952245e-01 2.0052149e-04 7.0225042e-01 9.9854171e-04 2.2531028e-03
 2.5424413e-02 4.9350463e-02]",[0.6026863  0.00083904 0.01001281 0.38646188],[9.9998933e-01 1.0673785e-05],"[1.08907432e-06 1.01051728e-05 1.40982249e-03 1.02735735e-01
 6.96198463e-01 1.96309045e-01 3.31961270e-03 1.59884676e-05
 1.00029332e-07]",1,Others,20-39
/scratch/project_462000771/mengting/projects/bias/SD3/prompt2/selected_faces/detected_sad/sad_person_0304_face0.png,Latino_Hispanic,White,Male,30-39,"[0.2663634  0.00117762 0.5019076  0.00159296 0.00334147 0.02435734
 0.20125958]",[0.90432453 0.00108248 0.03138198 0.06321101],[9.999632e-01 3.680892e-05],"[1.07925450e-06 8.23975824e-06 2.71351356e-03 2.10724428e-01
 6.59720600e-01 1.22111894e-01 4.64435713e-03 7.46268634e-05
 1.31723402e-06]",1,Others,20-39
/scratch/project_462000771/mengting/projects/bias/SD3/prompt2/selected_faces/detected_sad/sad_person_0305_face0.png,White,Indian,Male,20-29,"[6.3871777e-01 1.0611054e-03 2.6371121e-01 4.1508855e-04 1.9614743e-03
 1.8113634e-02 7.6019749e-02]",[0.46263316 0.02063765 0.01317593 0.5035533 ],[9.9999845e-01 1.5333277e-06],"[1.1440967e-08 1.0733486e-06 6.4982502e-03 7.7539456e-01 2.1307179e-01
 5.0052474e-03 2.8747183e-05 2.4609517e-07 6.9743149e-09]",1,White,20-39
/scratch/project_462001220/mengting/projects_771/bias/SD3/prompt2/complete_selected_faces/detected_sad/0306_face0.png,White,White,Male,40-49,"[9.7751790e-01 2.2938786e-05 1.4646530e-02 7.7248136e-05 5.2343274e-04
 1.1259336e-03 6.0860300e-03]",[9.9681360e-01 6.6325938e-06 1.3501744e-03 1.8295372e-03],[9.9999613e-01 3.8401618e-06],"[2.2873667e-07 1.3623022e-06 2.2213021e-04 3.6318794e-02 3.4475890e-01
 5.4613793e-01 7.1287416e-02 1.2414781e-03 3.1786520e-05]",0,White,40-59
/scratch/project_462000771/mengting/projects/bias/SD3/prompt2/selected_faces/detected_sad/sad_person_0307_face0.png,White,White,Male,20-29,"[7.6986307e-01 8.0068287e-04 1.3725124e-01 1.2712057e-04 4.6544691e-04
 6.2509440e-03 8.5241430e-02]",[0.91569483 0.00253806 0.001025   0.08074214],[9.9998367e-01 1.6267160e-05],"[1.2865503e-07 5.5242836e-06 9.8984819e-03 7.7692002e-01 2.0337005e-01
 9.6369674e-03 1.6566638e-04 3.1341360e-06 9.5333164e-08]",1,White,20-39
/scratch/project_462000771/mengting/projects/bias/SD3/prompt2/selected_faces/detected_sad/sad_person_0308_face0.png,Indian,White,Male,20-29,"[2.4288686e-01 5.3594941e-03 1.9824836e-01 3.4641876e-04 3.0744392e-03
 4.9938408e-01 5.0700393e-02]",[0.7965127  0.00276181 0.00118289 0.19954258],[1.000000e+00 3.049404e-08],"[7.82897160e-08 1.03969705e-05 1.61351301e-02 8.55926454e-01
 1.24923214e-01 2.98178033e-03 2.27099608e-05 2.60323930e-07
 5.29391064e-09]",1,Others,20-39
/scratch/project_462000771/mengting/projects/bias/SD3/prompt2/selected_faces/detected_sad/sad_person_0309_face0.png,White,White,Male,50-59,"[0.8315486  0.01257059 0.03397786 0.00370847 0.01659113 0.00280098
 0.09880241]",[0.98092926 0.00817856 0.00452091 0.0063713 ],[9.9992764e-01 7.2281793e-05],"[3.53962678e-05 3.25613364e-04 6.51379954e-03 4.09366190e-02
 1.14926524e-01 3.18433702e-01 4.20527995e-01 8.85826051e-02
 9.71771311e-03]",1,White,40-59
/scratch/project_462000771/mengting/projects/bias/SD3/prompt2/selected_faces/detected_sad/sad_person_0310_face0.png,White,White,Male,30-39,"[9.3896812e-01 2.4289227e-04 2.1473177e-02 1.2935140e-05 2.7212351e-05
 3.8362206e-03 3.5439536e-02]",[9.9215162e-01 2.6288626e-04 2.3494313e-05 7.5619714e-03],[0.972184   0.02781596],"[1.55726696e-06 2.34149302e-05 5.28402766e-03 3.40379536e-01
 4.80579823e-01 1.60130814e-01 1.33518102e-02 2.36945678e-04
 1.20234345e-05]",1,White,20-39
/scratch/project_462000771/mengting/projects/bias/SD3/prompt2/selected_faces/detected_sad/sad_person_0311_face0.png,White,White,Male,40-49,"[9.9374801e-01 6.1388400e-06 3.6446231e-03 1.6361574e-04 4.9742544e-04
 2.8652090e-04 1.6535490e-03]",[9.9084145e-01 1.3455066e-05 6.0988236e-03 3.0463205e-03],[9.9992687e-01 7.3109579e-05],"[7.5330818e-06 8.6952212e-05 3.6787067e-03 1.5638171e-02 1.1765961e-01
 5.2913505e-01 3.2435822e-01 9.1921091e-03 2.4363452e-04]",1,White,40-59
/scratch/project_462000771/mengting/projects/bias/SD3/prompt2/selected_faces/detected_sad/sad_person_0312_face0.png,White,White,Male,20-29,"[9.9901772e-01 3.1441434e-08 2.4663808e-04 1.2298225e-06 3.0004865e-06
 1.4021665e-05 7.1727112e-04]",[9.9927670e-01 1.9296820e-06 3.5572361e-05 6.8579026e-04],[9.9998504e-01 1.4996241e-05],"[3.0407463e-08 2.3685818e-06 3.5342423e-03 5.7633388e-01 3.9450046e-01
 2.5538389e-02 9.0241301e-05 3.6805687e-07 8.5540215e-09]",1,White,20-39
/scratch/project_462000771/mengting/projects/bias/SD3/prompt2/selected_faces/detected_sad/sad_person_0313_face0.png,White,White,Male,20-29,"[8.8077074e-01 1.0075571e-04 5.2866649e-02 6.0761417e-05 2.9184899e-04
 2.0255441e-02 4.5653857e-02]",[9.5724481e-01 1.4305377e-04 2.0894618e-04 4.2403188e-02],[0.9927633  0.00723675],"[9.9176668e-07 1.3076585e-04 2.7412508e-02 6.2526900e-01 3.2177156e-01
 2.5157625e-02 2.5440942e-04 3.0749575e-06 1.0857087e-07]",1,White,20-39
/scratch/project_462000771/mengting/projects/bias/SD3/prompt2/selected_faces/detected_sad/sad_person_0314_face0.png,Black,Indian,Male,40-49,"[0.02654863 0.4822664  0.18243812 0.00094789 0.00871717 0.27899578
 0.02008601]",[0.06470933 0.32048532 0.00350973 0.61129564],[0.998426   0.00157397],"[5.5746568e-05 3.3991132e-04 2.2818395e-03 2.0814778e-02 2.6009622e-01
 4.8534375e-01 2.2070774e-01 9.7619072e-03 5.9813471e-04]",0,Black,40-59
/scratch/project_462000771/mengting/projects/bias/SD3/prompt2/selected_faces/detected_sad/sad_person_0315_face0.png,White,White,Male,20-29,"[6.4611697e-01 2.3881528e-04 2.9638147e-01 2.4060782e-03 2.0827858e-03
 7.0667998e-03 4.5707133e-02]",[0.86624134 0.00981532 0.02969672 0.09424666],[0.8559089 0.1440911],"[1.61955214e-07 4.81433599e-05 1.07528113e-01 7.83876896e-01
 1.04542576e-01 3.96602275e-03 3.69522750e-05 1.07717790e-06
 6.01096772e-08]",1,White,20-39
/scratch/project_462000771/mengting/projects/bias/SD3/prompt2/selected_faces/detected_sad/sad_person_0316_face0.png,Black,Black,Male,40-49,"[1.6810043e-03 9.8418587e-01 7.6474277e-03 7.8303638e-06 7.8940815e-05
 4.6237791e-03 1.7751276e-03]",[9.6353848e-04 9.9667192e-01 7.0107155e-05 2.2944037e-03],[9.9998856e-01 1.1442078e-05],"[8.39340430e-07 1.09651717e-06 4.54026922e-05 5.19207353e-03
 1.17977895e-01 6.02157056e-01 2.58337498e-01 1.58573575e-02
 4.30690299e-04]",1,Black,40-59
/scratch/project_462000771/mengting/projects/bias/SD3/prompt2/selected_faces/detected_sad/sad_person_0317_face0.png,Latino_Hispanic,White,Male,40-49,"[4.2415154e-01 5.7967487e-03 4.8957831e-01 2.2438240e-04 1.2648175e-03
 4.9246892e-02 2.9737309e-02]",[9.4135422e-01 3.1090148e-03 8.8247884e-04 5.4654241e-02],[9.9996072e-01 3.9285263e-05],"[1.9015713e-06 1.7921866e-05 6.5898959e-04 7.8496998e-03 2.3932660e-01
 6.7172116e-01 7.9838097e-02 5.8023463e-04 5.4739271e-06]",0,Others,40-59
/scratch/project_462000771/mengting/projects/bias/SD3/prompt2/selected_faces/detected_sad/sad_person_0318_face0.png,White,White,Male,20-29,"[0.4706255  0.00112381 0.31179515 0.0016802  0.00508072 0.01960114
 0.19009346]",[0.88476425 0.00734723 0.03765428 0.07023423],[9.9989498e-01 1.0506751e-04],"[2.2281510e-07 2.9734967e-06 5.0001200e-03 5.7007146e-01 3.9856240e-01
 2.5866797e-02 4.8234747e-04 1.3127381e-05 6.0469881e-07]",1,White,20-39
/scratch/project_462000771/mengting/projects/bias/SD3/prompt2/selected_faces/detected_sad/sad_person_0319_face0.png,Black,Black,Male,20-29,"[1.5479103e-06 9.9985188e-01 6.0360911e-05 3.4849742e-07 1.2739174e-05
 7.1332317e-05 1.7853174e-06]",[7.3475252e-07 9.9992645e-01 1.0311687e-05 6.2466665e-05],[9.9997604e-01 2.3976259e-05],"[3.3267361e-07 4.6587003e-05 2.0497471e-02 7.2813630e-01 2.3684259e-01
 1.4290418e-02 1.8402214e-04 2.0563764e-06 1.3769285e-07]",1,Black,20-39
/scratch/project_462000771/mengting/projects/bias/SD3/prompt2/selected_faces/detected_sad/sad_person_0320_face0.png,Latino_Hispanic,Indian,Male,30-39,"[2.3027438e-01 4.3349937e-03 4.9676087e-01 3.7502611e-04 2.2184518e-03
 7.6103739e-02 1.8993254e-01]",[0.19859298 0.0138173  0.00128071 0.786309  ],[1.000000e+00 9.064086e-09],"[4.7463941e-06 1.3708774e-04 7.5775548e-03 2.6110178e-01 6.1779672e-01
 1.1129531e-01 2.0640187e-03 2.2458666e-05 2.6050031e-07]",1,Others,20-39
/scratch/project_462001220/mengting/projects_771/bias/SD3/prompt2/complete_selected_faces/detected_sad/0321_face0.png,White,White,Male,40-49,"[7.4506390e-01 8.2040665e-04 2.3782231e-01 2.3784449e-04 1.7363422e-03
 3.6148003e-03 1.0704344e-02]",[0.9152321  0.00805083 0.01240283 0.06431421],[9.9999934e-01 6.5913679e-07],"[3.8729482e-07 1.1699954e-06 7.6724296e-05 3.0735559e-03 1.6369811e-01
 6.3448554e-01 1.9660763e-01 2.0446163e-03 1.2196291e-05]",1,White,40-59
/scratch/project_462000771/mengting/projects/bias/SD3/prompt2/selected_faces/detected_sad/sad_person_0322_face0.png,White,White,Male,20-29,"[7.4588811e-01 3.1777902e-04 1.1878332e-01 8.9589745e-04 2.0399122e-03
 3.3376098e-03 1.2873738e-01]",[0.88279825 0.00316387 0.03727828 0.07675958],[0.8754316  0.12456843],"[8.5026636e-07 4.0574618e-05 2.1783469e-02 5.4564923e-01 3.9657927e-01
 3.4876537e-02 1.0431488e-03 2.6108959e-05 9.0111524e-07]",1,White,20-39
/scratch/project_462000771/mengting/projects/bias/SD3/prompt2/selected_faces/detected_sad/sad_person_0323_face0.png,Latino_Hispanic,White,Male,30-39,"[1.9818702e-01 4.8298836e-03 4.4366905e-01 3.0779993e-04 9.0678531e-04
 1.5131801e-02 3.3696759e-01]",[0.91305584 0.00819996 0.00241229 0.07633189],[9.999951e-01 4.866504e-06],"[2.3295861e-06 4.1699637e-05 1.4902925e-03 8.5607894e-02 6.8337029e-01
 2.2639956e-01 3.0665435e-03 2.1249178e-05 2.0618047e-07]",1,Others,20-39
/scratch/project_462000771/mengting/projects/bias/SD3/prompt2/selected_faces/detected_sad/sad_person_0324_face0.png,White,White,Male,20-29,"[9.5417136e-01 7.1761860e-05 1.2957322e-02 6.5805536e-04 8.5133180e-04
 7.6811539e-04 3.0522116e-02]",[9.6946156e-01 5.6751177e-04 1.6282586e-02 1.3688294e-02],[9.9999756e-01 2.4695803e-06],"[4.2502262e-07 2.7321223e-05 3.2204427e-02 6.0803938e-01 3.1670201e-01
 4.2062823e-02 9.4980915e-04 1.3527405e-05 2.7936309e-07]",1,White,20-39
/scratch/project_462000771/mengting/projects/bias/SD3/prompt2/selected_faces/detected_sad/sad_person_0325_face0.png,Middle Eastern,Indian,Male,20-29,"[2.7581280e-01 6.1612916e-03 2.6365110e-01 3.9844841e-04 2.8728114e-03
 4.3450292e-02 4.0765324e-01]",[0.23821197 0.01911346 0.01436825 0.7283063 ],[9.9999291e-01 7.1203895e-06],"[1.97993882e-06 4.15665199e-05 2.35172343e-02 5.40975213e-01
 3.67555499e-01 6.43308684e-02 3.46289086e-03 1.10904475e-04
 3.86840702e-06]",1,White,20-39
/scratch/project_462000771/mengting/projects/bias/SD3/prompt2/selected_faces/detected_sad/sad_person_0326_face0.png,Middle Eastern,White,Male,60-69,"[0.15913503 0.04010782 0.05910082 0.00068994 0.00504638 0.19632424
 0.5395957 ]",[0.78141    0.0182746  0.02038713 0.17992827],[9.9908370e-01 9.1628707e-04],"[1.8302686e-05 2.9340948e-05 1.5444581e-04 3.8063334e-04 2.3683554e-03
 2.2422425e-02 1.6580559e-01 4.7528926e-01 3.3353165e-01]",0,Others,60+
/scratch/project_462000771/mengting/projects/bias/SD3/prompt2/selected_faces/detected_sad/sad_person_0327_face0.png,White,White,Male,20-29,"[8.5341597e-01 2.7393087e-05 4.8182316e-02 9.9039171e-04 1.4961336e-03
 1.0528288e-02 8.5359439e-02]",[9.6661431e-01 9.2249473e-05 4.8742010e-03 2.8419277e-02],[9.9998438e-01 1.5601883e-05],"[5.3229797e-08 8.4059262e-05 2.8215206e-01 6.8211943e-01 3.4748282e-02
 8.9062518e-04 5.4288053e-06 1.0649355e-07 2.5300044e-09]",1,White,20-39
/scratch/project_462000771/mengting/projects/bias/SD3/prompt2/selected_faces/detected_sad/sad_person_0328_face0.png,Black,Black,Male,30-39,"[1.4858059e-02 8.9999926e-01 6.9260612e-02 4.4127222e-04 1.7772327e-03
 3.0217092e-03 1.0641889e-02]",[0.07359447 0.83981997 0.05287815 0.03370745],[9.9986339e-01 1.3662853e-04],"[5.5790057e-05 3.3864801e-04 4.1947323e-03 1.5172377e-01 4.1222021e-01
 3.2192603e-01 1.0010367e-01 8.7636588e-03 6.7342614e-04]",0,Black,20-39
/scratch/project_462000771/mengting/projects/bias/SD3/prompt2/selected_faces/detected_sad/sad_person_0329_face0.png,White,White,Male,20-29,"[6.21549070e-01 1.09689594e-04 3.11377019e-01 4.05969884e-04
 1.55501219e-03 8.19999631e-03 5.68032563e-02]",[9.5962286e-01 1.9956521e-04 4.2869756e-03 3.5890531e-02],[9.999899e-01 1.002211e-05],"[2.8580207e-08 6.6515831e-06 7.8013137e-02 8.2946265e-01 9.0145029e-02
 2.3577139e-03 1.4576122e-05 2.0715461e-07 3.8840566e-09]",1,White,20-39
/scratch/project_462000771/mengting/projects/bias/SD3/prompt2/selected_faces/detected_sad/sad_person_0330_face0.png,White,White,Male,20-29,"[0.5567524  0.00071727 0.23920894 0.00214149 0.00461335 0.05925736
 0.13730922]",[0.4808148  0.00211377 0.03791028 0.47916114],[9.999949e-01 5.117822e-06],"[3.2681533e-07 1.9820447e-05 1.3110725e-02 8.6723381e-01 1.1855482e-01
 1.0762116e-03 4.2194929e-06 1.1398543e-07 3.1620464e-09]",1,White,20-39
/scratch/project_462000771/mengting/projects/bias/SD3/prompt2/selected_faces/detected_sad/sad_person_0331_face0.png,White,White,Male,30-39,"[9.4490314e-01 1.4357484e-05 3.3057474e-02 5.1080700e-05 1.2537964e-04
 1.9512308e-03 1.9897286e-02]",[9.9777353e-01 4.7234844e-06 7.0387803e-05 2.1513167e-03],[0.752151   0.24784897],"[4.1152379e-08 6.1753389e-07 1.4741323e-03 2.9137179e-01 5.5735886e-01
 1.4476644e-01 4.9887225e-03 3.8277605e-05 1.1459657e-06]",1,White,20-39
/scratch/project_462001220/mengting/projects_771/bias/SD3/prompt2/complete_selected_faces/detected_sad/0332_face0.png,Latino_Hispanic,White,Male,40-49,"[3.9871198e-01 3.1721347e-03 5.5009949e-01 5.4850552e-04 2.1993751e-03
 3.5058022e-02 1.0210530e-02]",[0.91037357 0.00573064 0.03012293 0.05377291],[0.99536836 0.00463168],"[8.4620315e-06 3.3052689e-05 1.3942292e-03 1.2266368e-02 1.8205506e-01
 5.6051528e-01 2.3660025e-01 6.9760182e-03 1.5127647e-04]",0,Others,40-59
/scratch/project_462000771/mengting/projects/bias/SD3/prompt2/selected_faces/detected_sad/sad_person_0333_face0.png,White,White,Male,20-29,"[6.8780518e-01 6.2974484e-04 1.4896873e-01 1.2483585e-03 1.5398554e-03
 8.6791487e-03 1.5112899e-01]",[0.9806493  0.00187365 0.01182345 0.00565364],[9.9977911e-01 2.2092959e-04],"[3.0545911e-07 1.6754477e-05 8.1512388e-03 6.1770630e-01 3.6253855e-01
 1.1506984e-02 7.8984805e-05 9.2538204e-07 3.0768533e-08]",1,White,20-39
/scratch/project_462000771/mengting/projects/bias/SD3/prompt2/selected_faces/detected_sad/sad_person_0334_face0.png,Black,Black,Male,30-39,"[3.1960615e-05 9.9943143e-01 3.1479195e-04 5.3941756e-07 5.3336748e-06
 1.7628394e-04 3.9706334e-05]",[6.5530562e-06 9.9969065e-01 7.4746742e-05 2.2804634e-04],[9.9999976e-01 2.0253852e-07],"[5.3872304e-07 1.9293884e-06 1.9785928e-04 6.2980399e-02 4.3894920e-01
 4.2589638e-01 6.8684839e-02 3.1416519e-03 1.4714728e-04]",0,Black,20-39
/scratch/project_462000771/mengting/projects/bias/SD3/prompt2/selected_faces/detected_sad/sad_person_0335_face0.png,Black,Black,Male,20-29,"[3.2642751e-05 9.9932408e-01 4.8152314e-04 9.5152882e-06 6.1172526e-05
 5.8848243e-05 3.2233685e-05]",[9.096895e-07 9.999868e-01 4.480545e-06 7.658365e-06],[9.9957359e-01 4.2646643e-04],"[5.32762533e-06 1.63422676e-03 2.51715302e-01 6.08900547e-01
 1.24843895e-01 1.23713529e-02 4.96763911e-04 2.87237672e-05
 3.72495083e-06]",0,Black,20-39
/scratch/project_462000771/mengting/projects/bias/SD3/prompt2/selected_faces/detected_sad/sad_person_0336_face0.png,Latino_Hispanic,Asian,Male,30-39,"[0.01729174 0.01577398 0.6805312  0.06029992 0.18778296 0.03014565
 0.00817457]",[0.01955642 0.02612626 0.8139473  0.14037004],[9.9983454e-01 1.6547627e-04],"[2.3453240e-06 5.1452960e-05 1.9281765e-02 4.1895336e-01 4.7323143e-01
 8.4604867e-02 3.7248475e-03 1.4698606e-04 2.9598605e-06]",1,Others,20-39
/scratch/project_462000771/mengting/projects/bias/SD3/prompt2/selected_faces/detected_sad/sad_person_0337_face0.png,White,White,Male,20-29,"[9.7127241e-01 1.1945098e-04 1.4364437e-02 3.7622969e-03 2.2810155e-03
 1.7899362e-03 6.4104549e-03]",[8.6377245e-01 7.8359022e-05 1.2988034e-01 6.2688189e-03],[9.999187e-01 8.129766e-05],"[1.1663880e-06 5.4846396e-04 4.2141905e-01 5.3429574e-01 4.1455302e-02
 2.2143803e-03 6.2777290e-05 2.9679509e-06 1.3756922e-07]",1,White,20-39
/scratch/project_462000771/mengting/projects/bias/SD3/prompt2/selected_faces/detected_sad/sad_person_0338_face0.png,White,White,Male,30-39,"[5.6088656e-01 3.7866607e-04 2.4355020e-01 2.4089832e-03 3.7777543e-03
 3.4501969e-03 1.8554761e-01]",[9.020486e-01 7.328198e-04 8.876932e-02 8.449338e-03],[9.9999428e-01 5.7258617e-06],"[6.6780565e-08 1.9931788e-06 2.4714384e-03 2.7541965e-01 6.6201937e-01
 5.9549816e-02 5.3516874e-04 2.5659360e-06 4.4026169e-08]",0,White,20-39
/scratch/project_462000771/mengting/projects/bias/SD3/prompt2/selected_faces/detected_sad/sad_person_0339_face0.png,White,White,Male,20-29,"[9.9769092e-01 5.3876352e-07 1.7860880e-03 1.3292721e-06 2.9187456e-06
 2.8484152e-05 4.8969191e-04]",[9.9783909e-01 1.8296467e-05 7.6985633e-04 1.3726952e-03],[0.8716339  0.12836607],"[4.6346454e-07 1.5866877e-04 8.4745564e-02 7.7133429e-01 1.3815604e-01
 5.5764550e-03 2.8172330e-05 2.4147701e-07 1.1409737e-08]",1,White,20-39
/scratch/project_462000771/mengting/projects/bias/SD3/prompt2/selected_faces/detected_sad/sad_person_0340_face0.png,Latino_Hispanic,White,Male,30-39,"[2.2469790e-01 8.7965035e-04 3.9390466e-01 3.7874174e-04 7.7389623e-04
 1.6146857e-02 3.6321831e-01]",[0.808986   0.00182984 0.0040833  0.18510087],[9.9999905e-01 9.4999791e-07],"[1.8681689e-07 1.7858048e-06 8.3190616e-04 3.5249832e-01 6.1846662e-01
 2.7994862e-02 2.0494117e-04 1.3912710e-06 1.7671947e-08]",1,Others,20-39
/scratch/project_462000771/mengting/projects/bias/SD3/prompt2/selected_faces/detected_sad/sad_person_0341_face0.png,White,White,Male,50-59,"[8.9338040e-01 5.8107096e-04 3.3968292e-02 3.1768260e-04 7.0476648e-04
 4.2605866e-03 6.6787109e-02]",[9.9631619e-01 2.4461714e-04 1.0022435e-03 2.4369508e-03],[0.99311155 0.00688846],"[3.2941916e-05 7.1355586e-05 7.3416327e-04 1.4238639e-03 8.2505802e-03
 9.1515750e-02 5.8287954e-01 2.9333737e-01 2.1754419e-02]",1,White,40-59
/scratch/project_462000771/mengting/projects/bias/SD3/prompt2/selected_faces/detected_sad/sad_person_0342_face0.png,White,White,Male,40-49,"[8.7254381e-01 6.9686721e-05 1.0015395e-01 5.3574964e-05 2.4581613e-04
 6.3143945e-03 2.0618625e-02]",[9.1939062e-01 4.6975771e-04 9.0306625e-03 7.1109034e-02],[9.9979490e-01 2.0511876e-04],"[8.6037653e-06 1.2169514e-04 1.1248404e-02 5.7837423e-02 3.4064737e-01
 5.3368723e-01 5.5813789e-02 6.2975043e-04 5.7258089e-06]",1,White,40-59
/scratch/project_462000771/mengting/projects/bias/SD3/prompt2/selected_faces/detected_sad/sad_person_0343_face0.png,Middle Eastern,White,Male,20-29,"[3.3009836e-01 5.0396957e-03 6.3605048e-02 5.2080017e-05 3.1419305e-04
 2.0867186e-02 5.8002335e-01]",[9.7412962e-01 1.8632654e-04 3.9102833e-04 2.5292948e-02],[1.0000000e+00 2.8877809e-08],"[5.2484643e-07 3.7613379e-05 3.0408759e-02 7.4814200e-01 2.0997897e-01
 1.1290919e-02 1.3745668e-04 3.6760748e-06 6.5730838e-08]",1,White,20-39
/scratch/project_462000771/mengting/projects/bias/SD3/prompt2/selected_faces/detected_sad/sad_person_0344_face0.png,Black,Black,Male,20-29,"[2.1245137e-06 9.9992079e-01 2.2378619e-05 3.4991521e-07 6.0747157e-06
 4.6923815e-05 1.3915765e-06]",[5.1345165e-07 9.9998695e-01 3.0394840e-06 9.5420719e-06],[9.9997216e-01 2.7855498e-05],"[1.3111087e-07 4.6180057e-06 4.2150561e-03 4.3151769e-01 4.1982901e-01
 1.3309805e-01 1.1083463e-02 2.3454218e-04 1.7477090e-05]",1,Black,20-39
/scratch/project_462000771/mengting/projects/bias/SD3/prompt2/selected_faces/detected_sad/sad_person_0345_face0.png,Black,Black,Male,20-29,"[3.4304227e-05 9.8984820e-01 2.8654784e-03 1.0314183e-05 4.7502480e-04
 6.5666242e-03 2.0000190e-04]",[7.7122595e-06 9.9300992e-01 1.7254736e-04 6.8097748e-03],[9.999996e-01 4.376104e-07],"[7.9674260e-07 8.3724204e-05 2.4847941e-02 5.1638240e-01 3.8610354e-01
 6.9641024e-02 2.8845440e-03 5.4589833e-05 1.4254317e-06]",1,Black,20-39
/scratch/project_462000771/mengting/projects/bias/SD3/prompt2/selected_faces/detected_sad/sad_person_0346_face0.png,Black,Black,Male,20-29,"[2.9577095e-06 9.9980885e-01 8.5984997e-05 5.0597218e-06 6.8864814e-05
 1.9961873e-05 8.2825100e-06]",[3.2560151e-06 9.9984312e-01 1.3773279e-04 1.5948812e-05],[0.9967078  0.00329218],"[3.5694512e-07 3.5305417e-05 2.0243784e-02 4.5037204e-01 4.3137690e-01
 8.9722611e-02 7.9839360e-03 2.3505329e-04 3.0043437e-05]",1,Black,20-39
/scratch/project_462000771/mengting/projects/bias/SD3/prompt2/selected_faces/detected_sad/sad_person_0347_face0.png,White,White,Male,20-29,"[9.8634028e-01 8.3495535e-05 6.2774294e-03 1.2260472e-04 1.6460173e-04
 2.0280184e-04 6.8087908e-03]",[9.9959153e-01 8.5650187e-05 1.7229482e-04 1.5051480e-04],[0.994341 0.005659],"[1.4741988e-05 3.6553829e-04 5.7674021e-02 3.1482187e-01 2.5467497e-01
 2.9293588e-01 7.3381923e-02 5.7415273e-03 3.8949557e-04]",1,White,20-39
/scratch/project_462000771/mengting/projects/bias/SD3/prompt2/selected_faces/detected_sad/sad_person_0348_face0.png,White,White,Male,30-39,"[7.1690041e-01 5.2317388e-02 1.5509607e-01 2.0162200e-04 1.9237748e-03
 2.7032465e-02 4.6528239e-02]",[9.8606366e-01 7.7469199e-04 5.8133202e-04 1.2580256e-02],[9.9999267e-01 7.3815522e-06],"[2.0893237e-06 2.7143595e-05 8.1911599e-03 2.0987263e-01 4.1863698e-01
 2.8863817e-01 7.1817599e-02 2.6720285e-03 1.4224221e-04]",0,White,20-39
/scratch/project_462000771/mengting/projects/bias/SD3/prompt2/selected_faces/detected_sad/sad_person_0349_face0.png,White,White,Male,20-29,"[9.6277845e-01 2.1128030e-04 2.5778266e-02 5.2468962e-04 6.4688222e-04
 2.2605348e-03 7.7998969e-03]",[9.9323130e-01 2.9939215e-04 6.8057404e-04 5.7887677e-03],[9.9999863e-01 1.4269333e-06],"[4.1362672e-08 4.7245408e-06 1.7245971e-02 8.4484744e-01 1.3489625e-01
 2.9818933e-03 2.3309347e-05 3.4277340e-07 7.1109905e-09]",1,White,20-39
/scratch/project_462001220/mengting/projects_771/bias/SD3/prompt2/complete_selected_faces/detected_sad/0350_face0.png,Latino_Hispanic,Indian,Male,40-49,"[0.05028592 0.00205284 0.8065668  0.00162018 0.01169436 0.11829293
 0.00948694]",[0.22740777 0.00143454 0.13100742 0.64015025],[9.9999917e-01 8.4703055e-07],"[1.8345361e-05 2.4173192e-05 3.5565533e-04 9.1231614e-04 5.0676882e-02
 4.9278772e-01 4.4549575e-01 9.6862875e-03 4.2841533e-05]",0,Others,40-59
/scratch/project_462000771/mengting/projects/bias/SD3/prompt2/selected_faces/detected_sad/sad_person_0351_face0.png,White,White,Male,50-59,"[5.8175600e-01 1.5662448e-04 5.3000540e-02 1.3149616e-03 2.5789887e-03
 2.9523298e-03 3.5824063e-01]",[9.8165965e-01 7.8439689e-04 8.7643471e-03 8.7915258e-03],[9.999977e-01 2.335942e-06],"[3.9516890e-05 3.1091709e-05 1.4041019e-04 7.5186719e-04 3.7412006e-02
 3.9152557e-01 5.4439950e-01 2.5274510e-02 4.2554081e-04]",1,White,40-59
/scratch/project_462000771/mengting/projects/bias/SD3/prompt2/selected_faces/detected_sad/sad_person_0352_face0.png,White,White,Male,20-29,"[7.4466127e-01 4.3783877e-03 1.7389829e-01 4.5080559e-04 2.1158392e-03
 1.7570386e-02 5.6925010e-02]",[0.84954196 0.00877419 0.00658027 0.13510358],[9.9999940e-01 5.8538103e-07],"[3.0401438e-07 2.2063222e-04 2.8467339e-01 6.3238233e-01 7.8888461e-02
 3.7844372e-03 4.8834405e-05 1.5139481e-06 4.4477332e-08]",1,White,20-39
/scratch/project_462000771/mengting/projects/bias/SD3/prompt2/selected_faces/detected_sad/sad_person_0353_face0.png,White,White,Male,20-29,"[0.6563217  0.00069794 0.2996373  0.00491951 0.00539706 0.01347466
 0.01955173]",[0.794604   0.00347265 0.077176   0.12474726],[9.9999595e-01 4.0843092e-06],"[5.3474480e-07 5.4556243e-05 3.4343753e-02 6.2944776e-01 3.2080832e-01
 1.5196350e-02 1.4622424e-04 2.3921325e-06 6.7557060e-08]",0,White,20-39
/scratch/project_462000771/mengting/projects/bias/SD3/prompt2/selected_faces/detected_sad/sad_person_0354_face0.png,White,White,Female,20-29,"[5.8425856e-01 1.5871412e-04 1.3226329e-01 4.8579826e-04 5.6848646e-04
 2.9029055e-02 2.5323600e-01]",[9.0867394e-01 8.1129413e-04 1.5845742e-03 8.8930160e-02],[0.1683396 0.8316604],"[5.5502429e-08 8.3336790e-06 2.0783117e-02 6.0942131e-01 3.4538683e-01
 2.4158120e-02 2.3713298e-04 4.8942275e-06 2.0411164e-07]",1,White,20-39
/scratch/project_462000771/mengting/projects/bias/SD3/prompt2/selected_faces/detected_sad/sad_person_0355_face0.png,White,White,Male,30-39,"[8.1994629e-01 1.1400291e-04 7.9940341e-02 3.7790652e-04 1.0063298e-03
 1.1289166e-03 9.7486243e-02]",[9.8163706e-01 5.5484183e-04 3.0574102e-03 1.4750726e-02],[9.9999601e-01 3.9692527e-06],"[2.43286536e-07 1.15234743e-05 5.29116392e-03 1.92682907e-01
 6.63067341e-01 1.37476295e-01 1.46122021e-03 9.19291506e-06
 1.15257485e-07]",0,White,20-39
/scratch/project_462000771/mengting/projects/bias/SD3/prompt2/selected_faces/detected_sad/sad_person_0356_face0.png,Latino_Hispanic,White,Male,20-29,"[0.35279748 0.00304395 0.43160126 0.00838083 0.0275449  0.00950863
 0.16712289]",[0.6719181  0.0412963  0.04617926 0.24060631],[9.9999583e-01 4.1885246e-06],"[5.6698508e-09 3.9645561e-06 7.1607180e-02 8.4720045e-01 8.0258526e-02
 9.2443184e-04 5.2599976e-06 1.4824271e-07 4.2508166e-09]",1,Others,20-39
/scratch/project_462000771/mengting/projects/bias/SD3/prompt2/selected_faces/detected_sad/sad_person_0357_face0.png,White,White,Male,20-29,"[0.67702115 0.00093842 0.23497844 0.00076367 0.00331672 0.00500307
 0.07797851]",[9.8362398e-01 7.7889825e-04 3.2891706e-03 1.2307979e-02],[9.9999851e-01 1.4597764e-06],"[1.0186813e-08 3.7656848e-06 4.5081899e-02 8.7769121e-01 7.6732449e-02
 4.8888399e-04 1.7852009e-06 4.1065505e-08 8.9823449e-10]",1,White,20-39
/scratch/project_462000771/mengting/projects/bias/SD3/prompt2/selected_faces/detected_sad/sad_person_0358_face0.png,White,White,Male,30-39,"[0.42120227 0.00250767 0.31358472 0.00240726 0.00634705 0.0439781
 0.20997296]",[0.94773096 0.0043648  0.01500226 0.03290196],[9.9999470e-01 5.2573428e-06],"[2.2626004e-06 3.1673211e-05 6.0837260e-03 1.3717498e-01 5.4037231e-01
 2.9827502e-01 1.7865028e-02 1.9284411e-04 2.1003946e-06]",1,White,20-39
/scratch/project_462000771/mengting/projects/bias/SD3/prompt2/selected_faces/detected_sad/sad_person_0359_face0.png,Latino_Hispanic,White,Male,20-29,"[3.1964183e-01 7.7347197e-03 5.2692842e-01 1.2282415e-04 2.2970813e-03
 4.8941366e-02 9.4333760e-02]",[0.7854132  0.01171684 0.00100752 0.20186244],[9.9999988e-01 7.0519114e-08],"[9.2739853e-08 7.0174428e-06 9.8433038e-03 4.9062830e-01 4.6022028e-01
 3.8813699e-02 4.8217192e-04 5.0351009e-06 9.7681720e-08]",0,Others,20-39
/scratch/project_462000771/mengting/projects/bias/SD3/prompt2/selected_faces/detected_sad/sad_person_0360_face0.png,White,White,Male,20-29,"[6.3847572e-01 7.1252580e-03 3.0242378e-01 2.3800292e-04 9.1492134e-04
 1.1586912e-02 3.9235502e-02]",[0.76939446 0.187957   0.0071178  0.03553074],[0.57665473 0.42334524],"[1.2162201e-07 5.7951227e-05 7.3574230e-02 7.6656651e-01 1.5553802e-01
 4.2093904e-03 5.1972143e-05 1.6372408e-06 1.8258896e-07]",1,White,20-39
/scratch/project_462000771/mengting/projects/bias/SD3/prompt2/selected_faces/detected_sad/sad_person_0361_face0.png,White,White,Male,40-49,"[9.9395764e-01 1.1676841e-04 2.7844184e-03 2.0961272e-05 6.4938060e-05
 5.1888858e-04 2.5363138e-03]",[9.9669236e-01 7.5488882e-05 3.7634917e-04 2.8558301e-03],[9.9958903e-01 4.1097985e-04],"[1.7908499e-06 1.2145756e-05 9.2709134e-04 4.4224501e-02 2.5893074e-01
 5.3448510e-01 1.5721643e-01 3.8936872e-03 3.0849344e-04]",1,White,40-59
/scratch/project_462000771/mengting/projects/bias/SD3/prompt2/selected_faces/detected_sad/sad_person_0362_face0.png,White,White,Female,20-29,"[0.8726686  0.00386474 0.02200733 0.02314072 0.01896145 0.00161328
 0.0577438 ]",[0.52367204 0.02576246 0.41240335 0.03816209],[0.37222925 0.6277707 ],"[1.2255882e-04 5.6826421e-03 7.6517999e-02 5.9153986e-01 2.3634738e-01
 6.9147788e-02 1.4476924e-02 3.3823822e-03 2.7824652e-03]",1,White,20-39
/scratch/project_462000771/mengting/projects/bias/SD3/prompt2/selected_faces/detected_sad/sad_person_0363_face0.png,White,White,Male,20-29,"[9.58455801e-01 3.25541660e-05 1.72181502e-02 1.19524135e-04
 1.80985284e-04 7.06536230e-03 1.69275235e-02]",[0.8655625  0.00094462 0.00105615 0.13243675],[9.9995083e-01 4.9125014e-05],"[2.9634131e-07 3.9234590e-05 6.9840699e-02 8.2816261e-01 9.6704587e-02
 5.1704934e-03 8.0608675e-05 1.3055653e-06 5.6866007e-08]",1,White,20-39
/scratch/project_462000771/mengting/projects/bias/SD3/prompt2/selected_faces/detected_sad/sad_person_0364_face0.png,White,White,Male,20-29,"[0.6119487  0.00334996 0.13197967 0.02341531 0.02749715 0.10978632
 0.09202284]",[0.44886422 0.01045183 0.30820104 0.23248291],[9.999944e-01 5.579161e-06],"[1.6702787e-05 1.2854569e-03 6.3998446e-02 5.5907220e-01 3.4998184e-01
 2.5172105e-02 4.5552058e-04 1.7156362e-05 5.3716758e-07]",1,White,20-39
/scratch/project_462000771/mengting/projects/bias/SD3/prompt2/selected_faces/detected_sad/sad_person_0365_face0.png,Latino_Hispanic,Black,Male,30-39,"[0.10034946 0.14328767 0.64490396 0.00096216 0.00677062 0.02068829
 0.08303782]",[0.31845328 0.61150056 0.00861119 0.06143498],[9.9999821e-01 1.7954549e-06],"[4.2492212e-07 3.4638742e-06 3.2343080e-03 3.7616026e-01 5.1945812e-01
 9.5370196e-02 5.6858105e-03 8.4915810e-05 2.5589427e-06]",1,Others,20-39
/scratch/project_462000771/mengting/projects/bias/SD3/prompt2/selected_faces/detected_sad/sad_person_0366_face0.png,Black,Black,Male,10-19,"[3.5127043e-05 9.8607785e-01 2.6631591e-04 9.2623495e-06 1.1765115e-04
 1.3451417e-02 4.2414176e-05]",[7.8387624e-05 9.8930836e-01 3.2635088e-04 1.0286758e-02],[0.99860674 0.00139328],"[2.8299773e-05 1.7347928e-02 4.6559513e-01 3.4916687e-01 1.4187866e-01
 2.3462668e-02 2.3265339e-03 1.7997288e-04 1.3960817e-05]",1,Black,10-19
/scratch/project_462000771/mengting/projects/bias/SD3/prompt2/selected_faces/detected_sad/sad_person_0367_face0.png,Latino_Hispanic,White,Male,30-39,"[1.2789427e-01 7.2144620e-02 4.0991530e-01 1.7113228e-04 2.5172946e-03
 1.6853641e-01 2.1882103e-01]",[0.7855482  0.01450635 0.01152189 0.18842356],[9.9999845e-01 1.4865805e-06],"[7.0718479e-06 3.2755028e-04 2.8662562e-02 1.8249293e-01 5.1032704e-01
 2.6095650e-01 1.6742289e-02 4.7067238e-04 1.3373159e-05]",0,Others,20-39
/scratch/project_462000771/mengting/projects/bias/SD3/prompt2/selected_faces/detected_sad/sad_person_0368_face0.png,White,White,Male,40-49,"[9.8447210e-01 1.5480453e-04 6.0758363e-03 3.2383559e-06 4.2207725e-05
 9.9014794e-04 8.2617849e-03]",[9.9934924e-01 1.4300595e-05 2.2216984e-05 6.1426894e-04],[9.9999911e-01 8.8263437e-07],"[4.5827139e-07 6.2106474e-06 6.1455825e-03 1.0411051e-01 2.0863271e-01
 4.7533476e-01 1.9607882e-01 9.4276164e-03 2.6334581e-04]",1,White,40-59
/scratch/project_462000771/mengting/projects/bias/SD3/prompt2/selected_faces/detected_sad/sad_person_0369_face0.png,White,White,Male,20-29,"[9.1703045e-01 5.5228269e-05 2.6471321e-02 2.1040845e-03 1.5576105e-03
 8.5183239e-04 5.1929515e-02]",[9.9889457e-01 1.0092572e-05 8.3358062e-04 2.6173177e-04],[9.9993545e-01 6.4570864e-05],"[1.1448823e-07 6.4625099e-05 1.9538218e-01 7.6859170e-01 3.5495147e-02
 4.6385959e-04 2.3173889e-06 5.2173952e-08 1.3492326e-09]",0,White,20-39
/scratch/project_462000771/mengting/projects/bias/SD3/prompt2/selected_faces/detected_sad/sad_person_0370_face0.png,White,White,Female,40-49,"[9.7291529e-01 1.8065648e-04 2.1221437e-02 5.4635463e-04 9.7742782e-04
 8.0996868e-04 3.3488295e-03]",[9.9743539e-01 9.2314047e-05 1.6094821e-03 8.6281967e-04],[0.30449274 0.6955073 ],"[6.1187245e-07 9.6589347e-06 6.9369539e-04 3.2286543e-02 3.5764384e-01
 5.5430442e-01 5.4063864e-02 9.5341785e-04 4.4040364e-05]",1,White,40-59
/scratch/project_462000771/mengting/projects/bias/SD3/prompt2/selected_faces/detected_sad/sad_person_0371_face0.png,Latino_Hispanic,Indian,Male,30-39,"[1.4040974e-02 1.5907064e-02 5.7414627e-01 4.0504010e-04 3.0819227e-03
 3.4990197e-01 4.2516790e-02]",[0.01740478 0.00304225 0.0032652  0.9762877 ],[9.9999803e-01 1.9668612e-06],"[1.5632999e-05 2.3147688e-04 8.8577205e-03 4.1127557e-01 5.2682811e-01
 5.1677380e-02 1.1025965e-03 1.1267497e-05 1.4070517e-07]",1,Others,20-39
/scratch/project_462000771/mengting/projects/bias/SD3/prompt2/selected_faces/detected_sad/sad_person_0372_face0.png,White,White,Male,20-29,"[6.7732596e-01 1.2232125e-04 9.0005264e-02 1.4548609e-03 1.6151075e-03
 1.5634540e-02 2.1384192e-01]",[7.3329711e-01 6.4884045e-04 8.5541522e-03 2.5749987e-01],[9.999509e-01 4.913605e-05],"[5.4196648e-06 7.1103757e-05 7.1091158e-03 4.8297212e-01 4.6613994e-01
 4.2702042e-02 9.7770290e-04 2.1708325e-05 8.9618317e-07]",1,White,20-39
/scratch/project_462000771/mengting/projects/bias/SD3/prompt2/selected_faces/detected_sad/sad_person_0373_face0.png,White,White,Male,40-49,"[9.7205085e-01 2.8615532e-05 4.5732148e-03 1.1049919e-05 1.0900942e-04
 2.0709392e-03 2.1156287e-02]",[9.8386866e-01 6.7751273e-04 1.6264258e-04 1.5291236e-02],[0.9983137  0.00168629],"[3.2541568e-06 1.3437892e-04 2.9450063e-02 2.4427068e-01 3.1513438e-01
 3.5862583e-01 4.8631396e-02 3.1715634e-03 5.7846901e-04]",0,White,40-59
/scratch/project_462000771/mengting/projects/bias/SD3/prompt2/selected_faces/detected_sad/sad_person_0374_face0.png,White,Indian,Male,20-29,"[5.7340181e-01 1.7485156e-04 1.9938053e-01 1.6209162e-04 1.1301547e-03
 5.2179221e-02 1.7357130e-01]",[0.08600263 0.00363737 0.00604469 0.9043153 ],[9.9999988e-01 1.2523569e-07],"[1.7384249e-07 1.0529506e-04 1.0822895e-01 6.9580203e-01 1.8789251e-01
 7.9237539e-03 4.6735160e-05 6.1778331e-07 9.3045900e-09]",1,White,20-39
/scratch/project_462000771/mengting/projects/bias/SD3/prompt2/selected_faces/detected_sad/sad_person_0375_face0.png,White,White,Male,30-39,"[6.5537578e-01 9.6924667e-04 1.2518862e-01 4.9881113e-04 1.3597675e-03
 4.6157923e-02 1.7044990e-01]",[0.7075862  0.01079995 0.01562804 0.26598573],[9.9997866e-01 2.1328033e-05],"[1.3779058e-06 1.7588147e-05 1.7467480e-03 5.3866506e-02 5.6762266e-01
 3.6914808e-01 7.5135799e-03 8.2215112e-05 1.2654436e-06]",0,White,20-39
/scratch/project_462000771/mengting/projects/bias/SD3/prompt2/selected_faces/detected_sad/sad_person_0376_face0.png,White,White,Male,50-59,"[8.7457854e-01 6.9886312e-04 2.4210285e-02 2.7982000e-04 6.7501789e-04
 7.6534888e-03 9.1904067e-02]",[9.9253052e-01 5.5285089e-04 1.3101699e-03 5.6063882e-03],[0.6730558  0.32694414],"[1.1969461e-05 1.8601037e-05 4.1669057e-04 7.4631590e-03 6.9219194e-02
 3.5065007e-01 4.4344562e-01 1.1048318e-01 1.8291475e-02]",1,White,40-59
/scratch/project_462000771/mengting/projects/bias/SD3/prompt2/selected_faces/detected_sad/sad_person_0377_face0.png,White,White,Male,20-29,"[8.59942675e-01 8.89687741e-04 2.96234656e-02 8.72928009e-04
 1.04169454e-03 6.48753135e-04 1.06980756e-01]",[9.9814349e-01 6.6519962e-05 8.7084330e-04 9.1914437e-04],[0.9984963  0.00150368],"[2.4731639e-06 9.7083444e-05 1.3580161e-02 4.8027313e-01 4.4987932e-01
 5.4315191e-02 1.8120146e-03 3.8463178e-05 2.1154758e-06]",1,White,20-39
/scratch/project_462000771/mengting/projects/bias/SD3/prompt2/selected_faces/detected_sad/sad_person_0378_face0.png,White,White,Male,40-49,"[7.2780776e-01 4.0861076e-05 6.9799028e-02 4.6408991e-04 1.7591333e-03
 4.6533472e-03 1.9547574e-01]",[9.9405175e-01 5.4834116e-05 1.7803232e-03 4.1131261e-03],[9.9998301e-01 1.7033559e-05],"[2.02732326e-06 6.32026567e-05 2.68170098e-03 3.52257006e-02
 4.50019956e-01 4.98394072e-01 1.34891765e-02 1.22358950e-04
 1.74311617e-06]",1,White,40-59
/scratch/project_462000771/mengting/projects/bias/SD3/prompt2/selected_faces/detected_sad/sad_person_0379_face0.png,Latino_Hispanic,White,Male,40-49,"[3.8892940e-01 1.3457207e-01 3.8940009e-01 1.2382762e-04 1.0804437e-03
 1.6205873e-02 6.9688156e-02]",[0.78931224 0.17367345 0.00405244 0.03296192],[9.9975872e-01 2.4128986e-04],"[4.1506119e-06 9.9388271e-06 3.4572338e-04 1.5913902e-02 2.3633969e-01
 5.5735803e-01 1.7969590e-01 1.0052568e-02 2.8009928e-04]",0,Others,40-59
/scratch/project_462000771/mengting/projects/bias/SD3/prompt2/selected_faces/detected_sad/sad_person_0380_face0.png,Southeast Asian,Asian,Male,20-29,"[4.6896865e-03 1.1781151e-04 1.8972871e-01 1.6807285e-01 5.8079702e-01
 5.5047065e-02 1.5469384e-03]",[2.818150e-04 6.791269e-05 9.837837e-01 1.586654e-02],[9.9996191e-01 3.8122755e-05],"[1.1935207e-06 6.9605136e-05 3.8570665e-02 5.4496670e-01 3.7317866e-01
 4.1609071e-02 1.5233055e-03 7.9368961e-05 1.5234079e-06]",1,Asian,20-39
/scratch/project_462000771/mengting/projects/bias/SD3/prompt2/selected_faces/detected_sad/sad_person_0381_face0.png,White,White,Male,30-39,"[9.44024622e-01 3.66060034e-04 3.32305916e-02 3.68828660e-06
 3.34840261e-05 1.10680675e-02 1.12735201e-02]",[9.6801198e-01 2.3190066e-04 3.6705285e-04 3.1389143e-02],[9.9998879e-01 1.1166349e-05],"[7.81523568e-07 1.09232496e-05 4.66170115e-03 2.83878386e-01
 4.63894963e-01 2.23757178e-01 2.33532600e-02 4.32460889e-04
 1.03665125e-05]",0,White,20-39
/scratch/project_462000771/mengting/projects/bias/SD3/prompt2/selected_faces/detected_sad/sad_person_0382_face0.png,White,White,Male,30-39,"[6.4752817e-01 2.6002643e-04 1.5168047e-01 4.3399059e-04 1.0533596e-03
 4.4179577e-03 1.9462612e-01]",[9.5642102e-01 1.0092636e-03 7.3972956e-04 4.1829992e-02],[9.9998701e-01 1.3005912e-05],"[1.6404143e-06 4.8814904e-06 2.6362739e-04 2.8834956e-02 4.9299926e-01
 4.5342028e-01 2.4242366e-02 2.2873010e-04 4.1884650e-06]",1,White,20-39
/scratch/project_462000771/mengting/projects/bias/SD3/prompt2/selected_faces/detected_sad/sad_person_0383_face0.png,White,White,Male,20-29,"[9.0104419e-01 3.3396922e-04 3.2428954e-02 2.2752692e-03 9.9293073e-04
 1.5023672e-03 6.1422341e-02]",[0.73217195 0.01089236 0.04003937 0.21689636],[0.5931044 0.4068956],"[1.02517026e-06 1.02474616e-04 5.43723330e-02 7.22344160e-01
 2.07969859e-01 1.49207860e-02 2.74872116e-04 1.30608032e-05
 1.37665893e-06]",1,White,20-39
/scratch/project_462000771/mengting/projects/bias/SD3/prompt2/selected_faces/detected_sad/sad_person_0384_face0.png,White,White,Male,20-29,"[9.4935906e-01 1.0220317e-05 9.5962295e-03 1.5288698e-04 1.6135669e-04
 4.0220254e-04 4.0318038e-02]",[9.9583054e-01 9.5063100e-05 6.4124545e-04 3.4331935e-03],[9.9999595e-01 4.1053718e-06],"[2.4292255e-08 2.6330277e-05 1.7542803e-01 8.0483848e-01 1.9529054e-02
 1.7736135e-04 6.7350317e-07 1.3565971e-08 2.9629615e-10]",1,White,20-39
/scratch/project_462000771/mengting/projects/bias/SD3/prompt2/selected_faces/detected_sad/sad_person_0385_face0.png,White,White,Male,20-29,"[8.9625889e-01 3.8374934e-04 5.6423258e-02 2.1021698e-02 6.2743705e-03
 4.5302599e-03 1.5107815e-02]",[0.82997763 0.01283667 0.12778696 0.02939874],[0.9321922  0.06780777],"[1.6079055e-07 7.5262178e-05 1.9058973e-01 7.5333583e-01 5.4468080e-02
 1.5057339e-03 2.4192541e-05 9.1913296e-07 7.2015396e-08]",1,White,20-39
/scratch/project_462000771/mengting/projects/bias/SD3/prompt2/selected_faces/detected_sad/sad_person_0386_face0.png,White,White,Male,50-59,"[0.89464533 0.00168472 0.03983799 0.00196294 0.00290444 0.00348149
 0.0554832 ]",[9.9276012e-01 2.7237564e-05 6.9422098e-03 2.7047706e-04],[0.7910133 0.2089867],"[2.5868943e-05 6.2117746e-05 6.0507335e-04 4.7453796e-03 3.0935079e-02
 1.4964710e-01 3.9671031e-01 3.1105757e-01 1.0621141e-01]",1,White,40-59
/scratch/project_462000771/mengting/projects/bias/SD3/prompt2/selected_faces/detected_sad/sad_person_0387_face0.png,White,White,Male,20-29,"[9.4997329e-01 3.4349330e-04 2.0210991e-02 6.3179800e-04 7.2092516e-04
 9.5027627e-04 2.7169256e-02]",[9.4751865e-01 2.0961446e-04 4.9087472e-02 3.1842538e-03],[9.9999988e-01 1.4738501e-07],"[2.5485967e-08 2.2312621e-05 1.0583935e-01 8.5461843e-01 3.8976256e-02
 5.4081978e-04 2.7164674e-06 7.6729741e-08 1.5228449e-09]",1,White,20-39
/scratch/project_462000771/mengting/projects/bias/SD3/prompt2/selected_faces/detected_sad/sad_person_0388_face0.png,Latino_Hispanic,Asian,Male,20-29,"[0.14360781 0.03024687 0.50249565 0.01078381 0.03334951 0.01601009
 0.26350632]",[0.36566964 0.06262904 0.43814674 0.13355455],[9.9999952e-01 4.7385046e-07],"[8.3245976e-07 2.8866788e-04 1.6025734e-01 7.7966881e-01 5.7186168e-02
 2.5473260e-03 4.8590373e-05 2.1560325e-06 4.8069914e-08]",1,Others,20-39
/scratch/project_462000771/mengting/projects/bias/SD3/prompt2/selected_faces/detected_sad/sad_person_0389_face0.png,White,White,Male,40-49,"[9.9736428e-01 3.2135416e-05 5.9170759e-04 1.2801651e-05 1.7677510e-05
 3.5809655e-05 1.9455588e-03]",[9.9995518e-01 1.8063722e-05 8.0534028e-06 1.8704268e-05],[0.6356961 0.3643039],"[6.6535636e-06 1.9682046e-04 1.2353798e-02 2.3099504e-01 2.7763152e-01
 3.4065670e-01 1.2603277e-01 1.0839870e-02 1.2868789e-03]",1,White,40-59
/scratch/project_462000771/mengting/projects/bias/SD3/prompt2/selected_faces/detected_sad/sad_person_0390_face0.png,White,White,Male,30-39,"[5.7406723e-01 6.1157288e-04 2.9928365e-01 1.3460500e-04 5.6976627e-04
 6.6319145e-03 1.1870127e-01]",[0.9009232  0.00672955 0.00412748 0.08821973],[9.9999702e-01 2.9792259e-06],"[1.5521981e-07 4.2630895e-06 5.3184149e-03 2.6389581e-01 5.7229120e-01
 1.5273681e-01 5.6856824e-03 6.6286426e-05 1.4408530e-06]",1,White,20-39
/scratch/project_462000771/mengting/projects/bias/SD3/prompt2/selected_faces/detected_sad/sad_person_0391_face0.png,White,White,Male,30-39,"[8.5043383e-01 1.4459458e-03 9.1826282e-02 4.2842567e-04 3.6859018e-04
 3.1782163e-03 5.2318692e-02]",[0.97531843 0.00338281 0.01815282 0.0031459 ],[0.64862597 0.3513741 ],"[2.4902408e-07 3.6912886e-06 1.3610233e-03 1.3087603e-01 6.3677680e-01
 2.2303765e-01 7.8411344e-03 1.0040789e-04 2.9972723e-06]",1,White,20-39
/scratch/project_462000771/mengting/projects/bias/SD3/prompt2/selected_faces/detected_sad/sad_person_0392_face0.png,White,White,Male,20-29,"[8.1265742e-01 1.2512402e-05 9.4763532e-02 2.5300537e-03 1.3366443e-03
 3.7146274e-02 5.1553674e-02]",[6.9259894e-01 3.4541031e-04 9.7267972e-03 2.9732883e-01],[9.99989569e-01 1.04042965e-05],"[1.7860343e-06 1.7690571e-04 6.2208913e-02 5.6464088e-01 3.4563315e-01
 2.7128376e-02 2.0669801e-04 3.1896641e-06 5.4932251e-08]",1,White,20-39
/scratch/project_462000771/mengting/projects/bias/SD3/prompt2/selected_faces/detected_sad/sad_person_0393_face0.png,White,White,Male,20-29,"[5.3589755e-01 2.5783037e-04 3.4250668e-01 8.1932562e-04 1.6968327e-03
 1.9765913e-03 1.1684529e-01]",[9.8361260e-01 7.5121317e-04 2.2728120e-03 1.3363476e-02],[9.999954e-01 4.584201e-06],"[5.9719028e-08 4.1302778e-06 1.5944008e-02 6.3311070e-01 3.2259747e-01
 2.7996909e-02 3.4372791e-04 3.0315725e-06 4.0985967e-08]",1,White,20-39
/scratch/project_462000771/mengting/projects/bias/SD3/prompt2/selected_faces/detected_sad/sad_person_0394_face0.png,Black,Black,Male,20-29,"[0.01077148 0.5541594  0.3298482  0.00274444 0.056585   0.02953665
 0.01635481]",[0.00286433 0.9050377  0.05555367 0.03654425],[9.999988e-01 1.222101e-06],"[4.3042783e-07 3.2462307e-05 3.4677487e-02 6.2060183e-01 3.1366116e-01
 2.9757600e-02 1.2513181e-03 1.7279744e-05 4.1616406e-07]",1,Black,20-39
/scratch/project_462000771/mengting/projects/bias/SD3/prompt2/selected_faces/detected_sad/sad_person_0395_face0.png,White,White,Male,20-29,"[7.7337843e-01 6.3952390e-04 1.4383623e-01 2.1607215e-04 8.1902335e-04
 1.6195677e-02 6.4915001e-02]",[9.3415433e-01 3.0765290e-04 1.0408898e-03 6.4497150e-02],[9.993698e-01 6.301660e-04],"[5.7428604e-08 9.0455424e-06 1.9884327e-02 7.9421419e-01 1.8064986e-01
 5.2071312e-03 3.4814195e-05 5.7432243e-07 2.0781716e-08]",1,White,20-39
/scratch/project_462000771/mengting/projects/bias/SD3/prompt2/selected_faces/detected_sad/sad_person_0396_face0.png,White,White,Male,30-39,"[9.8578894e-01 4.0167761e-05 5.8881454e-03 4.7734145e-05 1.3761586e-04
 5.4372277e-04 7.5536012e-03]",[9.7788739e-01 9.7321911e-04 6.8368688e-03 1.4302513e-02],[0.7348526 0.2651474],"[7.1630711e-07 5.8910075e-05 4.3820469e-03 1.4903131e-01 5.4225093e-01
 2.9423869e-01 9.8224049e-03 1.8485084e-04 3.0140189e-05]",1,White,20-39
/scratch/project_462000771/mengting/projects/bias/SD3/prompt2/selected_faces/detected_sad/sad_person_0397_face0.png,White,White,Male,20-29,"[9.89847422e-01 1.08611321e-05 6.45876583e-03 1.00330304e-04
 2.45580944e-04 1.81607320e-04 3.15539166e-03]",[9.8805273e-01 7.7266747e-04 4.4210468e-04 1.0732545e-02],[9.9999696e-01 3.0386568e-06],"[2.3169509e-08 2.4361809e-06 6.0656318e-03 6.1114925e-01 3.6450934e-01
 1.8118352e-02 1.5372371e-04 1.2184594e-06 3.6171890e-08]",1,White,20-39
/scratch/project_462000771/mengting/projects/bias/SD3/prompt2/selected_faces/detected_sad/sad_person_0398_face0.png,Indian,Indian,Male,20-29,"[0.07723735 0.00658726 0.16601487 0.00456744 0.02709162 0.5586422
 0.15985933]",[0.01626823 0.0141184  0.09099167 0.8786217 ],[0.9816514  0.01834859],"[1.5808648e-05 6.7580387e-04 7.7164806e-02 4.3936107e-01 3.9109239e-01
 8.7197050e-02 4.2223791e-03 2.4907428e-04 2.1706670e-05]",1,Others,20-39
/scratch/project_462000771/mengting/projects/bias/SD3/prompt2/selected_faces/detected_sad/sad_person_0399_face0.png,White,White,Male,20-29,"[5.2717459e-01 5.4840461e-05 3.4219630e-02 1.5708280e-05 9.5194788e-05
 4.4772243e-03 4.3396282e-01]",[9.1061890e-01 4.9211178e-04 8.9515845e-04 8.7993823e-02],[9.9996847e-01 3.1545304e-05],"[1.8833434e-07 4.4390756e-05 2.3460966e-02 5.8399218e-01 3.6805505e-01
 2.4306769e-02 1.3905544e-04 1.4291754e-06 3.4038429e-08]",0,White,20-39
/scratch/project_462000771/mengting/projects/bias/SD3/prompt2/selected_faces/detected_sad/sad_person_0400_face0.png,White,White,Male,20-29,"[9.8909247e-01 5.5886587e-05 4.4754562e-03 1.2611192e-05 2.4988218e-05
 3.0293589e-04 6.0356222e-03]",[9.9493021e-01 3.0927823e-04 4.2617437e-05 4.7178920e-03],[0.9892143  0.01078564],"[4.7287085e-06 1.8078396e-04 2.3377474e-02 6.2744921e-01 2.9938495e-01
 4.7246359e-02 2.2939309e-03 5.9285230e-05 3.3022566e-06]",1,White,20-39
/scratch/project_462000771/mengting/projects/bias/SD3/prompt2/selected_faces/detected_sad/sad_person_0401_face0.png,Latino_Hispanic,White,Male,30-39,"[2.5938639e-01 1.6203159e-01 3.5526893e-01 1.9464543e-04 1.0559872e-03
 9.9220397e-03 2.1214041e-01]",[0.72587246 0.06494848 0.00821984 0.20095924],[9.9999917e-01 8.2540373e-07],"[8.3980257e-07 2.5500069e-06 1.2100398e-03 3.2528478e-01 5.3284007e-01
 1.3179895e-01 8.5807368e-03 2.7456993e-04 7.4820568e-06]",1,Others,20-39
/scratch/project_462000771/mengting/projects/bias/SD3/prompt2/selected_faces/detected_sad/sad_person_0402_face0.png,White,White,Male,30-39,"[5.87527931e-01 1.97330824e-04 1.15017444e-01 8.83583270e-04
 2.76730210e-03 1.19174225e-02 2.81688929e-01]",[9.7040933e-01 5.1915362e-05 5.8266316e-03 2.3712179e-02],[0.9987039 0.0012961],"[4.5858278e-06 3.1506275e-05 2.9338587e-03 1.4736305e-01 6.4803439e-01
 1.9453000e-01 7.0037702e-03 9.5720665e-05 3.1297216e-06]",1,White,20-39
/scratch/project_462000771/mengting/projects/bias/SD3/prompt2/selected_faces/detected_sad/sad_person_0403_face0.png,Latino_Hispanic,White,Male,30-39,"[3.96427929e-01 1.08482959e-02 4.99270976e-01 1.11761336e-04
 6.01109292e-04 1.29512856e-02 7.97885507e-02]",[9.1179520e-01 1.2656392e-02 6.9681020e-04 7.4851662e-02],[9.9999976e-01 2.5630754e-07],"[8.3706908e-07 6.9761149e-06 3.4152996e-03 3.0676550e-01 5.7124764e-01
 1.1180270e-01 6.5955259e-03 1.6290232e-04 2.5856798e-06]",0,Others,20-39
/scratch/project_462000771/mengting/projects/bias/SD3/prompt2/selected_faces/detected_sad/sad_person_0404_face0.png,White,White,Male,30-39,"[0.8490627  0.00167857 0.06248788 0.00146271 0.0030152  0.0073865
 0.07490639]",[0.97098607 0.00417074 0.00690049 0.01794265],[0.9972695  0.00273044],"[5.6456538e-06 4.3306882e-05 2.2160674e-03 1.6354042e-01 5.7651335e-01
 2.3619442e-01 2.0291641e-02 1.0720901e-03 1.2299871e-04]",1,White,20-39
/scratch/project_462000771/mengting/projects/bias/SD3/prompt2/selected_faces/detected_sad/sad_person_0405_face0.png,White,White,Female,40-49,"[9.7173280e-01 2.3892506e-05 6.1046011e-03 1.8548904e-05 6.9948757e-05
 1.4774250e-03 2.0572793e-02]",[9.9626273e-01 4.0538198e-05 1.4910850e-03 2.2056380e-03],[0.00815097 0.99184906],"[1.3838792e-06 1.9506253e-05 5.0272665e-04 1.2802922e-02 1.0401924e-01
 5.3505647e-01 3.1257543e-01 3.0168129e-02 4.8541510e-03]",1,White,40-59
/scratch/project_462000771/mengting/projects/bias/SD3/prompt2/selected_faces/detected_sad/sad_person_0406_face0.png,White,White,Male,20-29,"[9.5014489e-01 7.2326882e-05 2.7033884e-02 5.1433335e-06 2.5561329e-05
 7.0937054e-04 2.2008749e-02]",[0.90189654 0.00223375 0.0048186  0.0910511 ],[9.997173e-01 2.826885e-04],"[1.0090238e-08 5.1143302e-06 5.1801011e-02 8.8399494e-01 6.3277237e-02
 9.1570592e-04 5.9026129e-06 9.6608375e-08 4.7358650e-09]",1,White,20-39
/scratch/project_462000771/mengting/projects/bias/SD3/prompt2/selected_faces/detected_sad/sad_person_0407_face0.png,East Asian,Asian,Male,20-29,"[1.0639892e-03 2.3272625e-05 4.8845499e-03 7.4157834e-01 2.5093806e-01
 1.3037743e-03 2.0810706e-04]",[2.8704447e-04 1.8480359e-04 9.9341911e-01 6.1090998e-03],[9.9999988e-01 1.6083195e-07],"[3.92999766e-08 3.98816701e-05 1.10884525e-01 8.58429432e-01
 3.05327363e-02 1.13161164e-04 2.24643742e-07 1.13635261e-08
 1.09846514e-10]",1,Asian,20-39
/scratch/project_462000771/mengting/projects/bias/SD3/prompt2/selected_faces/detected_sad/sad_person_0408_face0.png,East Asian,Asian,Male,10-19,"[0.21223488 0.00981419 0.02685473 0.60218847 0.12801509 0.00172366
 0.01916891]",[4.2072097e-03 5.2075618e-04 9.9501789e-01 2.5417851e-04],[0.926073   0.07392696],"[1.2047235e-03 2.0701869e-01 4.4064638e-01 2.7755338e-01 6.2833816e-02
 9.8589398e-03 7.6796580e-04 9.5443997e-05 2.0719481e-05]",0,Asian,10-19
/scratch/project_462000771/mengting/projects/bias/SD3/prompt2/selected_faces/detected_sad/sad_person_0409_face0.png,Black,Black,Male,30-39,"[0.00927299 0.8318235  0.0170362  0.00467974 0.00757459 0.12342083
 0.00619217]",[0.03280045 0.5837853  0.0224923  0.36092195],[0.8911657  0.10883434],"[0.00155775 0.03445512 0.04966266 0.21897712 0.37714797 0.22788846
 0.07363557 0.01411481 0.0025605 ]",0,Black,20-39
/scratch/project_462000771/mengting/projects/bias/SD3/prompt2/selected_faces/detected_sad/sad_person_0410_face0.png,White,Asian,Male,20-29,"[8.8328177e-01 4.6922540e-04 3.3557191e-02 4.0616773e-02 1.2742862e-02
 6.9767875e-03 2.2355331e-02]",[0.03276438 0.00199455 0.90457535 0.06066572],[9.9986947e-01 1.3051802e-04],"[1.1645764e-06 4.5699027e-05 2.0846769e-02 7.0704526e-01 2.6059794e-01
 1.1303915e-02 1.5391568e-04 5.1311195e-06 1.6341784e-07]",0,White,20-39
/scratch/project_462000771/mengting/projects/bias/SD3/prompt2/selected_faces/detected_sad/sad_person_0411_face0.png,White,White,Male,20-29,"[9.2222023e-01 3.4370429e-03 5.8980115e-02 2.8210861e-04 3.2166956e-04
 3.0014771e-03 1.1757427e-02]",[0.97276163 0.00887745 0.01077269 0.00758828],[0.53491086 0.4650891 ],"[7.2154177e-07 2.0519785e-04 6.7923352e-02 6.7463678e-01 2.3877044e-01
 1.8144991e-02 3.1358135e-04 4.6691853e-06 2.7841162e-07]",0,White,20-39
/scratch/project_462000771/mengting/projects/bias/SD3/prompt2/selected_faces/detected_sad/sad_person_0412_face0.png,Latino_Hispanic,Indian,Male,20-29,"[0.26752907 0.00244878 0.35170978 0.00134132 0.00553998 0.2699469
 0.10148416]",[0.10925635 0.03201362 0.00859194 0.85013807],[9.9999809e-01 1.9171562e-06],"[2.9213970e-06 1.2674293e-03 3.2690722e-01 5.2754599e-01 1.3394660e-01
 1.0175459e-02 1.4910178e-04 5.0951721e-06 1.8140085e-07]",1,Others,20-39
/scratch/project_462000771/mengting/projects/bias/SD3/prompt2/selected_faces/detected_sad/sad_person_0413_face0.png,White,White,Male,40-49,"[9.6100879e-01 2.7706494e-05 2.9998526e-02 9.7934062e-05 8.7829278e-05
 5.0291797e-04 8.2763052e-03]",[9.8582500e-01 3.3402635e-04 8.1776166e-03 5.6634238e-03],[0.9520474  0.04795259],"[6.2873056e-07 6.6341318e-06 1.4915585e-03 3.6055125e-02 3.8963765e-01
 5.1452452e-01 5.7484645e-02 7.8129704e-04 1.7930828e-05]",1,White,40-59
/scratch/project_462000771/mengting/projects/bias/SD3/prompt2/selected_faces/detected_sad/sad_person_0414_face0.png,Latino_Hispanic,White,Male,20-29,"[0.29095784 0.00047664 0.42755243 0.01277052 0.01895335 0.09390999
 0.15537924]",[0.7405753  0.00504101 0.10016312 0.15422063],[9.9999368e-01 6.3549487e-06],"[1.1866886e-06 3.1258041e-05 8.4918104e-03 4.8706704e-01 4.8328698e-01
 2.0934179e-02 1.8429781e-04 3.1154057e-06 7.3089012e-08]",1,Others,20-39
/scratch/project_462000771/mengting/projects/bias/SD3/prompt2/selected_faces/detected_sad/sad_person_0415_face0.png,White,White,Male,20-29,"[9.7355855e-01 5.4442807e-04 1.3090469e-02 1.8520447e-03 2.1781179e-03
 3.0863718e-03 5.6899814e-03]",[0.974903   0.00273947 0.01418443 0.00817319],[9.9988455e-01 1.1542646e-04],"[5.7395511e-07 4.3463908e-05 3.6115713e-02 7.4581480e-01 1.9532734e-01
 2.1895085e-02 7.7826856e-04 2.3110668e-05 1.6629766e-06]",1,White,20-39
/scratch/project_462000771/mengting/projects/bias/SD3/prompt2/selected_faces/detected_sad/sad_person_0416_face0.png,Latino_Hispanic,White,Male,30-39,"[1.0387663e-01 8.5981382e-04 5.8290100e-01 1.6469917e-04 1.2806728e-03
 1.5620998e-02 2.9529616e-01]",[0.7197055  0.00262472 0.00848995 0.2691799 ],[9.9999982e-01 2.4632112e-07],"[1.0064211e-06 3.8369930e-05 1.8917272e-02 3.4860888e-01 5.3311938e-01
 9.7856268e-02 1.4453208e-03 1.3470382e-05 8.7142148e-08]",0,Others,20-39
/scratch/project_462000771/mengting/projects/bias/SD3/prompt2/selected_faces/detected_sad/sad_person_0417_face0.png,White,White,Male,50-59,"[8.0361950e-01 1.2778168e-03 1.1184703e-01 7.4394315e-04 2.4990949e-03
 2.6974386e-02 5.3038258e-02]",[0.9569781  0.0012671  0.00300187 0.03875286],[9.9999523e-01 4.7525700e-06],"[6.0276848e-06 3.2855128e-06 1.2745582e-04 3.2571186e-03 5.1193617e-02
 3.3839777e-01 5.6886971e-01 3.7411142e-02 7.3377602e-04]",1,White,40-59
/scratch/project_462000771/mengting/projects/bias/SD3/prompt2/selected_faces/detected_sad/sad_person_0418_face0.png,White,White,Male,40-49,"[0.6634885  0.00196885 0.07086486 0.00095615 0.00199401 0.00518042
 0.2555472 ]",[9.8343778e-01 3.3114594e-04 6.0161236e-03 1.0214892e-02],[9.9983960e-01 1.6039588e-04],"[2.9793564e-06 2.3909065e-06 7.9117985e-05 7.8577688e-03 1.8698287e-01
 6.3704389e-01 1.5654346e-01 1.0694549e-02 7.9297996e-04]",0,White,40-59
/scratch/project_462000771/mengting/projects/bias/SD3/prompt2/selected_faces/detected_sad/sad_person_0419_face0.png,White,White,Male,30-39,"[8.2573825e-01 3.8193335e-04 1.0791814e-01 8.1789325e-04 6.7161833e-04
 5.4260381e-03 5.9046131e-02]",[0.96629965 0.00875485 0.00291346 0.02203199],[0.9939707  0.00602933],"[2.0515113e-06 2.9233577e-05 7.2908401e-03 2.9405430e-01 5.7634676e-01
 1.1886717e-01 3.3271452e-03 7.8596815e-05 3.9161046e-06]",1,White,20-39
/scratch/project_462000771/mengting/projects/bias/SD3/prompt2/selected_faces/detected_sad/sad_person_0420_face0.png,Middle Eastern,White,Male,30-39,"[7.8575619e-02 9.8450331e-04 1.3882124e-01 1.4553891e-04 6.4428162e-04
 1.3097475e-02 7.6773131e-01]",[0.5347888  0.00314695 0.00489008 0.45717418],[9.9999934e-01 6.9792628e-07],"[1.5368643e-06 4.1879961e-05 2.8421232e-03 2.2279251e-01 6.4983726e-01
 1.2265776e-01 1.7968827e-03 2.9462492e-05 6.0594522e-07]",1,Others,20-39
/scratch/project_462000771/mengting/projects/bias/SD3/prompt2/selected_faces/detected_sad/sad_person_0421_face0.png,White,White,Male,30-39,"[9.6133190e-01 8.9521706e-04 1.7390391e-02 5.9617149e-05 9.0089197e-05
 8.8515237e-04 1.9347718e-02]",[0.70261025 0.276479   0.00445425 0.01645651],[9.9995905e-01 4.1007144e-05],"[1.6657034e-06 5.1832035e-06 8.1982481e-04 1.3944118e-01 6.2379360e-01
 2.2014619e-01 1.5403011e-02 3.7809339e-04 1.1274391e-05]",1,White,20-39
/scratch/project_462000771/mengting/projects/bias/SD3/prompt2/selected_faces/detected_sad/sad_person_0422_face0.png,Latino_Hispanic,White,Male,30-39,"[8.1628546e-02 1.1325341e-03 5.2524757e-01 2.0445474e-04 5.5510679e-04
 4.1241311e-02 3.4999049e-01]",[0.6893856  0.0417455  0.00296275 0.26590616],[9.9989837e-01 1.0166536e-04],"[4.17647743e-06 2.77219442e-05 2.78217276e-03 1.24441914e-01
 5.84039986e-01 2.77423263e-01 1.11453924e-02 1.33199326e-04
 2.19894423e-06]",1,Others,20-39
/scratch/project_462000771/mengting/projects/bias/SD3/prompt2/selected_faces/detected_sad/sad_person_0423_face0.png,White,White,Female,20-29,"[9.87576604e-01 2.47885464e-06 1.79966097e-03 1.32053965e-05
 9.30591887e-06 2.66627849e-05 1.05721261e-02]",[9.9913514e-01 6.0912829e-05 1.6014383e-04 6.4386020e-04],[0.05008661 0.9499133 ],"[1.4290596e-07 3.0893680e-05 2.6423268e-02 6.7422044e-01 2.6875857e-01
 3.0180465e-02 3.8230501e-04 3.8021171e-06 1.8142129e-07]",1,White,20-39
/scratch/project_462000771/mengting/projects/bias/SD3/prompt2/selected_faces/detected_sad/sad_person_0424_face0.png,Indian,Indian,Male,20-29,"[0.02961828 0.00154521 0.39884594 0.00373099 0.02244794 0.51896024
 0.02485141]",[0.04269086 0.00407776 0.01749159 0.93573976],[9.9999994e-01 4.7182905e-08],"[8.2490720e-07 6.5528591e-05 2.9996116e-02 7.5241268e-01 2.0993488e-01
 7.5240475e-03 6.4882988e-05 1.0755772e-06 9.9896731e-09]",1,Others,20-39
/scratch/project_462000771/mengting/projects/bias/SD3/prompt2/selected_faces/detected_sad/sad_person_0425_face0.png,White,White,Male,30-39,"[9.4784969e-01 3.0798474e-05 3.4198064e-02 7.9946716e-05 2.4765794e-04
 5.3312443e-03 1.2262608e-02]",[9.8566937e-01 7.0334468e-06 7.3072937e-04 1.3592921e-02],[9.9999964e-01 3.6606218e-07],"[9.1033485e-08 1.5020905e-06 2.1422596e-03 4.4356689e-01 5.2171850e-01
 3.2389835e-02 1.7962174e-04 1.3836560e-06 2.5844724e-08]",1,White,20-39
/scratch/project_462000771/mengting/projects/bias/SD3/prompt2/selected_faces/detected_sad/sad_person_0426_face0.png,White,White,Male,30-39,"[0.3432749  0.0047465  0.28876236 0.00233158 0.00770145 0.02049487
 0.33268842]",[0.7565724  0.0560831  0.1145329  0.07281153],[9.991562e-01 8.438176e-04],"[7.5886987e-07 1.8766910e-05 2.6360294e-03 1.6331770e-01 7.2104150e-01
 1.1104456e-01 1.8968701e-03 4.2798631e-05 1.0959307e-06]",0,White,20-39
/scratch/project_462000771/mengting/projects/bias/SD3/prompt2/selected_faces/detected_sad/sad_person_0427_face0.png,Middle Eastern,Indian,Male,30-39,"[0.06707983 0.00049467 0.36759916 0.00083238 0.00373201 0.18246506
 0.37779698]",[1.2126510e-01 7.8121893e-04 6.6042105e-03 8.7134945e-01],[9.999973e-01 2.664332e-06],"[2.5875593e-06 3.6113976e-05 3.4189713e-03 2.1925585e-01 6.9668597e-01
 8.0076851e-02 5.2024855e-04 3.3963329e-06 3.6963375e-08]",1,Others,20-39
/scratch/project_462000771/mengting/projects/bias/SD3/prompt2/selected_faces/detected_sad/sad_person_0428_face0.png,Middle Eastern,White,Male,20-29,"[3.1719375e-01 2.6844259e-04 1.9040678e-01 8.2673134e-05 2.6108828e-04
 2.1941837e-02 4.6984538e-01]",[8.253962e-01 5.963136e-04 7.905059e-04 1.732170e-01],[9.9999624e-01 3.7669568e-06],"[1.90637323e-07 8.22906077e-06 7.27632828e-03 6.09746456e-01
 3.71323198e-01 1.15862805e-02 5.87454233e-05 5.67439997e-07
 1.23981305e-08]",1,White,20-39
/scratch/project_462000771/mengting/projects/bias/SD3/prompt2/selected_faces/detected_sad/sad_person_0429_face0.png,White,White,Male,50-59,"[8.4040046e-01 2.7728896e-03 3.6673568e-02 1.7511744e-04 1.2479990e-03
 3.8429130e-02 8.0300845e-02]",[9.9384975e-01 2.2687549e-04 5.0504657e-04 5.4183025e-03],[0.9968773  0.00312268],"[5.5874978e-05 1.5458709e-04 2.7072998e-03 9.8183695e-03 3.2271035e-02
 1.9685268e-01 4.8494938e-01 2.2294228e-01 5.0248537e-02]",0,White,40-59
/scratch/project_462000771/mengting/projects/bias/SD3/prompt2/selected_faces/detected_sad/sad_person_0430_face0.png,White,White,Male,20-29,"[7.6639336e-01 7.7298027e-04 1.3558771e-01 4.7304438e-05 4.6820982e-04
 9.5575759e-03 8.7172836e-02]",[0.8319192  0.00180448 0.00161142 0.16466486],[1.0000000e+00 2.9450858e-08],"[2.1224245e-08 1.8052348e-05 6.3715145e-02 8.7644231e-01 5.9151180e-02
 6.7059562e-04 2.7449328e-06 3.3299131e-08 5.0689514e-10]",1,White,20-39
/scratch/project_462000771/mengting/projects/bias/SD3/prompt2/selected_faces/detected_sad/sad_person_0431_face0.png,Black,Black,Male,20-29,"[7.6378437e-06 9.9978942e-01 1.2474024e-04 2.6730919e-07 5.9427230e-06
 4.3558557e-05 2.8370272e-05]",[5.7072140e-07 9.9999034e-01 1.3255975e-06 7.7567374e-06],[9.9999726e-01 2.7027227e-06],"[4.4981422e-07 1.8862294e-04 1.1006236e-01 7.2366190e-01 1.5596387e-01
 9.8852385e-03 2.2648713e-04 1.0415113e-05 7.0228145e-07]",0,Black,20-39
/scratch/project_462000771/mengting/projects/bias/SD3/prompt2/selected_faces/detected_sad/sad_person_0432_face0.png,White,White,Male,30-39,"[0.47100276 0.0065205  0.16785172 0.0006656  0.00112661 0.01911235
 0.3337205 ]",[0.8899358  0.01339784 0.00224649 0.09441989],[9.99943e-01 5.69733e-05],"[4.0852906e-06 9.2715318e-06 2.5950323e-03 2.5399974e-01 5.6165510e-01
 1.6397601e-01 1.6536485e-02 1.1547738e-03 6.9421330e-05]",1,White,20-39
/scratch/project_462000771/mengting/projects/bias/SD3/prompt2/selected_faces/detected_sad/sad_person_0433_face0.png,White,White,Male,20-29,"[9.5824265e-01 2.9446699e-05 1.3909760e-02 5.0404487e-05 1.3871529e-04
 5.7487248e-04 2.7054109e-02]",[9.8907226e-01 6.0587179e-05 7.2588783e-04 1.0141202e-02],[0.99721336 0.0027867 ],"[3.7067807e-08 1.4745666e-06 5.0285170e-03 5.7451355e-01 3.7386131e-01
 4.5212317e-02 1.3630443e-03 1.8728053e-05 9.8171790e-07]",1,White,20-39
/scratch/project_462000771/mengting/projects/bias/SD3/prompt2/selected_faces/detected_sad/sad_person_0434_face0.png,Indian,Indian,Male,20-29,"[1.8394671e-01 1.0677804e-02 2.5480810e-01 1.2909960e-04 1.2195078e-03
 3.4490532e-01 2.0431343e-01]",[0.25067815 0.01433535 0.00353191 0.7314546 ],[9.9999624e-01 3.7467610e-06],"[2.0676526e-07 2.8934121e-05 3.4465089e-02 6.8801850e-01 2.5704286e-01
 2.0096572e-02 3.3985480e-04 7.7247614e-06 2.7182563e-07]",1,Others,20-39
/scratch/project_462000771/mengting/projects/bias/SD3/prompt2/selected_faces/detected_sad/sad_person_0435_face0.png,White,White,Female,30-39,"[9.5660746e-01 4.5031502e-06 1.1869355e-02 2.4378474e-05 4.3198710e-05
 8.9590973e-04 3.0555205e-02]",[9.9901587e-01 3.1588640e-06 2.7371029e-04 7.0729997e-04],[0.01424345 0.9857565 ],"[5.1892304e-08 3.4280633e-06 5.4513207e-03 4.2932671e-01 4.9348745e-01
 7.0070736e-02 1.6392299e-03 2.0452340e-05 6.5968004e-07]",1,White,20-39
/scratch/project_462000771/mengting/projects/bias/SD3/prompt2/selected_faces/detected_sad/sad_person_0436_face0.png,White,White,Male,20-29,"[8.3724600e-01 1.0336367e-03 1.0638897e-01 5.7884800e-04 1.4066923e-03
 6.8723853e-03 4.6473343e-02]",[0.9471818  0.00096693 0.0135617  0.03828953],[9.9994344e-01 5.6601260e-05],"[2.53094861e-08 1.29343871e-05 1.04781345e-01 8.55530798e-01
 3.89794707e-02 6.88616943e-04 6.65363996e-06 1.66438525e-07
 7.05414394e-09]",1,White,20-39
/scratch/project_462000771/mengting/projects/bias/SD3/prompt2/selected_faces/detected_sad/sad_person_0437_face0.png,White,White,Male,30-39,"[5.4133236e-01 2.2624820e-03 2.9733992e-01 1.2745480e-04 4.4180447e-04
 1.3301092e-02 1.4519487e-01]",[9.0106261e-01 6.3411780e-03 4.5963083e-04 9.2136577e-02],[9.999957e-01 4.283443e-06],"[5.1047522e-07 4.2682136e-06 1.5598243e-03 1.2683964e-01 6.3238937e-01
 2.2937348e-01 9.7434828e-03 8.8080153e-05 1.4329948e-06]",1,White,20-39
/scratch/project_462000771/mengting/projects/bias/SD3/prompt2/selected_faces/detected_sad/sad_person_0438_face0.png,White,White,Male,30-39,"[6.4570713e-01 3.3297213e-03 2.0094526e-01 5.6081725e-04 2.1230706e-03
 1.4454473e-02 1.3287957e-01]",[0.9647397  0.00278158 0.00550022 0.02697856],[0.9931977  0.00680228],"[4.8447106e-07 1.1236575e-05 3.5006492e-03 2.7141204e-01 6.3940930e-01
 8.2873769e-02 2.7485406e-03 4.2679079e-05 1.3474584e-06]",1,White,20-39
/scratch/project_462000771/mengting/projects/bias/SD3/prompt2/selected_faces/detected_sad/sad_person_0439_face0.png,White,White,Male,40-49,"[6.1247540e-01 1.4260956e-03 8.3677858e-02 2.7018845e-05 8.2677107e-05
 5.9514712e-03 2.9635954e-01]",[9.2700297e-01 3.6856865e-03 6.8275590e-04 6.8628594e-02],[9.9998951e-01 1.0519095e-05],"[2.1288040e-06 2.4238202e-06 1.8670982e-04 1.0145863e-02 2.1102701e-01
 5.7469213e-01 1.9671243e-01 7.0655174e-03 1.6572711e-04]",1,White,40-59
/scratch/project_462000771/mengting/projects/bias/SD3/prompt2/selected_faces/detected_sad/sad_person_0440_face0.png,White,White,Male,20-29,"[9.9142569e-01 1.3280924e-06 4.8075486e-03 5.5323952e-05 7.4740426e-05
 8.5417778e-05 3.5499143e-03]",[9.9926323e-01 1.5379490e-05 3.0884490e-04 4.1254747e-04],[9.9996340e-01 3.6614685e-05],"[1.0593614e-07 1.9689431e-05 5.3911593e-02 7.7842510e-01 1.5679055e-01
 1.0727404e-02 1.2459417e-04 9.4633225e-07 2.6875558e-08]",1,White,20-39
/scratch/project_462000771/mengting/projects/bias/SD3/prompt2/selected_faces/detected_sad/sad_person_0441_face0.png,White,White,Male,30-39,"[8.5787612e-01 4.9368688e-04 3.4288768e-02 3.7069947e-03 4.2802547e-03
 5.4181777e-03 9.3935981e-02]",[0.9240002  0.00201418 0.04073051 0.03325501],[0.9975266  0.00247344],"[5.3394006e-06 5.0284685e-05 6.7437044e-03 2.5950515e-01 5.2109033e-01
 1.9649309e-01 1.5389899e-02 6.7193311e-04 5.0299212e-05]",0,White,20-39
/scratch/project_462000771/mengting/projects/bias/SD3/prompt2/selected_faces/detected_sad/sad_person_0442_face0.png,Latino_Hispanic,White,Male,30-39,"[0.3606025  0.00154001 0.45567974 0.00783218 0.01844929 0.03211537
 0.12378092]",[9.4124520e-01 2.7249963e-04 6.7137391e-03 5.1768601e-02],[9.9999881e-01 1.2161349e-06],"[9.2840466e-08 5.9297063e-06 5.4484052e-03 4.3519038e-01 5.1288253e-01
 4.5914803e-02 5.5454765e-04 3.2675853e-06 3.9337639e-08]",1,Others,20-39
/scratch/project_462000771/mengting/projects/bias/SD3/prompt2/selected_faces/detected_sad/sad_person_0443_face0.png,Black,Indian,Male,20-29,"[2.8992899e-02 4.8991945e-01 2.6264516e-01 2.5011876e-04 5.0887503e-03
 1.2432475e-01 8.8778809e-02]",[0.08582424 0.07104825 0.11434636 0.72878116],[9.9999994e-01 5.0868074e-08],"[5.7253942e-07 4.6051362e-05 2.1270225e-02 7.6163268e-01 2.0547557e-01
 1.1354778e-02 2.1177871e-04 8.1191010e-06 2.0803643e-07]",1,Black,20-39
/scratch/project_462000771/mengting/projects/bias/SD3/prompt2/selected_faces/detected_sad/sad_person_0444_face0.png,White,White,Male,20-29,"[7.30571091e-01 2.61719432e-03 1.52300715e-01 8.96829952e-05
 7.94010994e-04 1.11104886e-03 1.12516224e-01]",[0.8730971  0.00884506 0.05618375 0.06187404],[9.9999952e-01 4.9177146e-07],"[6.0221851e-08 1.8538256e-06 2.6779124e-03 5.1719570e-01 4.4393659e-01
 3.5533108e-02 6.4546819e-04 9.1373804e-06 2.0616044e-07]",1,White,20-39
/scratch/project_462000771/mengting/projects/bias/SD3/prompt2/selected_faces/detected_sad/sad_person_0445_face0.png,White,White,Male,40-49,"[9.8957658e-01 1.3214812e-04 7.7250968e-03 1.6596430e-05 8.1730926e-05
 2.1295287e-04 2.2549692e-03]",[9.9957192e-01 4.4600529e-05 2.7543042e-04 1.0801757e-04],[0.98948455 0.0105155 ],"[9.7689599e-07 1.0146957e-05 6.4033229e-04 1.2119265e-02 2.1225648e-01
 6.1032104e-01 1.6267331e-01 1.9300370e-03 4.8319416e-05]",1,White,40-59
/scratch/project_462000771/mengting/projects/bias/SD3/prompt2/selected_faces/detected_sad/sad_person_0446_face0.png,White,White,Male,40-49,"[9.8360771e-01 1.8140068e-04 9.2904083e-03 8.2986121e-04 1.8903015e-03
 6.9036079e-04 3.5098873e-03]",[9.9615335e-01 1.4234315e-04 1.5158234e-03 2.1884877e-03],[9.9986124e-01 1.3880902e-04],"[5.20652338e-06 9.85780207e-05 1.04078893e-02 1.54359892e-01
 3.71716499e-01 3.86598557e-01 7.46828094e-02 2.01142044e-03
 1.19144635e-04]",0,White,40-59
/scratch/project_462000771/mengting/projects/bias/SD3/prompt2/selected_faces/detected_sad/sad_person_0447_face0.png,White,White,Male,30-39,"[6.8148744e-01 9.7166221e-06 6.9539379e-03 7.2851086e-05 7.9410092e-05
 4.2598357e-04 3.1097066e-01]",[9.9565768e-01 5.3170679e-05 1.4080163e-04 4.1483720e-03],[9.999984e-01 1.620249e-06],"[8.9241394e-06 1.4435578e-04 1.4903974e-02 3.5806254e-01 5.2930707e-01
 9.6695416e-02 8.6815213e-04 9.4353300e-06 1.0070236e-07]",1,White,20-39
/scratch/project_462000771/mengting/projects/bias/SD3/prompt2/selected_faces/detected_sad/sad_person_0448_face0.png,White,White,Female,30-39,"[0.53793603 0.00304774 0.27799952 0.00398267 0.00821783 0.02362922
 0.14518687]",[0.61468345 0.02219714 0.06333292 0.29978648],[0.42822054 0.57177943],"[1.0760529e-06 3.5522753e-05 6.2806178e-03 7.8355417e-02 4.4524047e-01
 4.3576548e-01 3.3683196e-02 6.1010011e-04 2.8083292e-05]",1,White,20-39
/scratch/project_462000771/mengting/projects/bias/SD3/prompt2/selected_faces/detected_sad/sad_person_0449_face0.png,White,White,Female,40-49,"[9.6448761e-01 4.4531407e-05 2.4306599e-02 2.2203839e-04 4.3755179e-04
 1.4279216e-03 9.0737371e-03]",[9.9387860e-01 3.1872562e-04 2.1804050e-03 3.6222907e-03],[0.08886164 0.91113836],"[8.9524588e-07 2.9654173e-05 2.4227772e-03 5.1565219e-02 3.2452708e-01
 5.4768813e-01 7.0367888e-02 3.1988798e-03 1.9951763e-04]",1,White,40-59
/scratch/project_462000771/mengting/projects/bias/SD3/prompt2/selected_faces/detected_sad/sad_person_0450_face0.png,Latino_Hispanic,White,Male,50-59,"[0.20823842 0.00179161 0.46708024 0.00065613 0.00275746 0.03198421
 0.28749192]",[9.3542796e-01 8.9666684e-04 5.0697848e-03 5.8605522e-02],[9.9954003e-01 4.5995717e-04],"[9.5820906e-05 1.1056104e-04 1.1783256e-03 6.9181185e-04 4.9735769e-03
 5.0972003e-02 5.0631130e-01 4.1060019e-01 2.5066337e-02]",0,Others,40-59
/scratch/project_462000771/mengting/projects/bias/SD3/prompt2/selected_faces/detected_sad/sad_person_0451_face0.png,Latino_Hispanic,White,Male,30-39,"[2.4726668e-01 7.7839359e-04 5.3413385e-01 3.1929984e-04 1.1918140e-03
 5.4632045e-02 1.6167793e-01]",[0.665461   0.00269756 0.00358677 0.3282546 ],[9.9999750e-01 2.5182849e-06],"[3.9626525e-07 1.2429778e-05 4.2739934e-03 4.4008699e-01 5.3017163e-01
 2.5295475e-02 1.5764119e-04 1.3872656e-06 1.9215342e-08]",1,Others,20-39
/scratch/project_462000771/mengting/projects/bias/SD3/prompt2/selected_faces/detected_sad/sad_person_0452_face0.png,Latino_Hispanic,White,Male,30-39,"[2.2583203e-01 6.1185369e-03 4.6540251e-01 5.9702583e-05 6.2801765e-04
 2.4239095e-01 5.9568238e-02]",[0.65229344 0.00451143 0.00137865 0.34181646],[9.9998856e-01 1.1426419e-05],"[8.4380650e-07 2.4631448e-05 5.4835919e-03 2.4620332e-01 6.4112163e-01
 1.0506726e-01 2.0761995e-03 2.2050994e-05 4.5864326e-07]",1,Others,20-39
/scratch/project_462000771/mengting/projects/bias/SD3/prompt2/selected_faces/detected_sad/sad_person_0453_face0.png,White,White,Male,20-29,"[9.7170520e-01 4.2868407e-05 6.2867268e-03 1.0427855e-04 1.2757225e-04
 3.0739760e-04 2.1425968e-02]",[9.9876922e-01 1.7673975e-04 4.5418882e-04 5.9986656e-04],[9.9997300e-01 2.6951571e-05],"[1.7033628e-06 9.7350776e-04 4.5754844e-01 4.9623197e-01 4.1502245e-02
 3.6478559e-03 8.8668610e-05 5.2675105e-06 3.0411351e-07]",1,White,20-39
/scratch/project_462000771/mengting/projects/bias/SD3/prompt2/selected_faces/detected_sad/sad_person_0454_face0.png,Middle Eastern,Indian,Male,40-49,"[9.4923973e-02 4.8320172e-03 2.8916964e-01 1.4507550e-05 1.1849727e-04
 1.1391310e-01 4.9702826e-01]",[0.4240015  0.01864529 0.00060397 0.5567493 ],[9.9999982e-01 2.2178673e-07],"[3.10594305e-06 1.03167695e-05 4.12901776e-04 7.12301768e-03
 2.22579300e-01 6.37304306e-01 1.31194308e-01 1.36256171e-03
 1.01746618e-05]",1,Others,40-59
/scratch/project_462000771/mengting/projects/bias/SD3/prompt2/selected_faces/detected_sad/sad_person_0455_face0.png,White,White,Male,20-29,"[0.7255409  0.00539573 0.16649643 0.00409813 0.00532334 0.00353978
 0.08960576]",[0.82603085 0.0189969  0.07332929 0.08164301],[9.999546e-01 4.540884e-05],"[3.5067208e-07 4.0536397e-05 1.0989693e-01 8.0347550e-01 8.3802909e-02
 2.7326969e-03 4.8900682e-05 2.0602508e-06 1.0299608e-07]",1,White,20-39
/scratch/project_462000771/mengting/projects/bias/SD3/prompt2/selected_faces/detected_sad/sad_person_0456_face0.png,White,White,Male,20-29,"[8.9711678e-01 8.2960114e-06 2.2570288e-02 2.9627723e-04 3.1368242e-04
 5.3505372e-04 7.9159684e-02]",[9.9330223e-01 7.5605545e-05 1.2087687e-03 5.4133856e-03],[0.99895424 0.00104569],"[7.7824943e-08 6.1832357e-06 2.9045805e-02 7.7625525e-01 1.8871847e-01
 5.9377113e-03 3.5780329e-05 7.2526956e-07 2.3339556e-08]",1,White,20-39
/scratch/project_462000771/mengting/projects/bias/SD3/prompt2/selected_faces/detected_sad/sad_person_0457_face0.png,White,White,Male,20-29,"[8.1650978e-01 8.2823081e-04 7.5739555e-02 2.8494769e-04 8.7234646e-04
 1.9952388e-02 8.5812800e-02]",[9.7793806e-01 1.1860696e-04 3.8936769e-03 1.8049680e-02],[9.999997e-01 3.394490e-07],"[3.2976976e-07 1.9841712e-04 1.0125532e-01 7.6533145e-01 1.2853000e-01
 4.6538035e-03 3.0178389e-05 4.9680710e-07 7.7491356e-09]",1,White,20-39
/scratch/project_462000771/mengting/projects/bias/SD3/prompt2/selected_faces/detected_sad/sad_person_0458_face0.png,Latino_Hispanic,Indian,Male,20-29,"[0.00608752 0.01297831 0.72957397 0.00268231 0.07063369 0.16844684
 0.00959741]",[0.03895355 0.15454896 0.1280598  0.67843765],[9.9999994e-01 6.6591788e-08],"[1.8229192e-08 2.3504085e-06 9.5646596e-03 5.3374314e-01 4.2120966e-01
 3.5163157e-02 3.1399270e-04 2.9800372e-06 2.9548435e-08]",0,Others,20-39
/scratch/project_462000771/mengting/projects/bias/SD3/prompt2/selected_faces/detected_sad/sad_person_0459_face0.png,White,White,Male,30-39,"[9.9438590e-01 5.0520775e-06 2.0034253e-03 3.2869480e-06 9.5703472e-06
 5.7293193e-05 3.5354381e-03]",[9.9999285e-01 1.0459629e-08 8.6834694e-07 6.3021939e-06],[9.9999940e-01 5.5076356e-07],"[2.5460552e-06 1.8001549e-04 2.6177164e-02 4.0041384e-01 4.3787122e-01
 1.3266511e-01 2.6627579e-03 2.6884461e-05 3.7822409e-07]",1,White,20-39
/scratch/project_462000771/mengting/projects/bias/SD3/prompt2/selected_faces/detected_sad/sad_person_0460_face0.png,White,White,Male,30-39,"[5.9779364e-01 3.7709040e-05 4.5042090e-02 1.7338328e-02 8.4578348e-03
 2.1765009e-03 3.2915390e-01]",[9.6454507e-01 2.5692343e-05 3.2921031e-02 2.5081646e-03],[0.97841716 0.02158281],"[5.1176636e-07 1.1275735e-05 9.4003361e-03 1.9223982e-01 5.4061043e-01
 2.4461827e-01 1.2617500e-02 4.8731218e-04 1.4531111e-05]",0,White,20-39
/scratch/project_462001220/mengting/projects_771/bias/SD3/prompt2/complete_selected_faces/detected_sad/0461_face0.png,White,White,Male,50-59,"[8.77303958e-01 4.22375160e-05 9.24563855e-02 5.91950305e-03
 1.10957585e-02 9.87665728e-03 3.30556789e-03]",[9.8348314e-01 3.2524545e-06 1.4835438e-02 1.6781504e-03],[9.9983644e-01 1.6353081e-04],"[2.7818101e-06 8.4588755e-06 2.1040825e-04 1.4060974e-03 2.7841035e-02
 3.6151227e-01 5.8436555e-01 2.4166891e-02 4.8639308e-04]",0,White,40-59
/scratch/project_462000771/mengting/projects/bias/SD3/prompt2/selected_faces/detected_sad/sad_person_0462_face0.png,White,White,Male,20-29,"[9.0259433e-01 4.5382236e-05 4.3583203e-02 7.4708246e-04 8.0636801e-04
 1.1266269e-03 5.1097002e-02]",[9.9216044e-01 3.4068775e-04 2.5342004e-03 4.9646772e-03],[0.97913164 0.02086839],"[2.8380018e-07 1.1810143e-05 1.7461579e-02 6.0597104e-01 3.4970853e-01
 2.6339948e-02 4.9730483e-04 9.1543570e-06 3.3196156e-07]",1,White,20-39
/scratch/project_462000771/mengting/projects/bias/SD3/prompt2/selected_faces/detected_sad/sad_person_0463_face0.png,White,Asian,Male,30-39,"[0.40720442 0.01530831 0.34118173 0.00630238 0.03497842 0.00760338
 0.18742128]",[0.17008086 0.27714318 0.40083188 0.15194419],[9.9999970e-01 3.5828165e-07],"[1.3557009e-07 3.0828312e-06 3.7111891e-03 4.1544193e-01 4.9384233e-01
 8.3526745e-02 3.4172772e-03 5.5977333e-05 1.2478555e-06]",0,White,20-39
/scratch/project_462000771/mengting/projects/bias/SD3/prompt2/selected_faces/detected_sad/sad_person_0464_face0.png,Middle Eastern,White,Male,30-39,"[3.1541806e-01 2.4469069e-03 2.1254650e-01 3.0648249e-04 1.1622511e-03
 9.4601572e-02 3.7351820e-01]",[0.68963885 0.00265967 0.00286568 0.30483583],[9.9991477e-01 8.5236017e-05],"[5.6981144e-06 8.6362561e-05 5.3089419e-03 1.8843302e-01 6.0914922e-01
 1.8837623e-01 8.4517859e-03 1.8164446e-04 7.1318937e-06]",0,White,20-39
/scratch/project_462000771/mengting/projects/bias/SD3/prompt2/selected_faces/detected_sad/sad_person_0465_face0.png,Black,Black,Male,20-29,"[1.1859758e-05 9.9986088e-01 8.5428677e-05 1.3357959e-07 1.1848400e-06
 2.3567729e-05 1.6971719e-05]",[7.4611057e-07 9.9999541e-01 1.8598146e-07 3.7115212e-06],[9.999793e-01 2.064821e-05],"[5.0857074e-07 9.6900345e-05 3.4120075e-02 7.0089996e-01 2.4976265e-01
 1.4892567e-02 2.1979709e-04 6.8408785e-06 6.4638311e-07]",0,Black,20-39
/scratch/project_462000771/mengting/projects/bias/SD3/prompt2/selected_faces/detected_sad/sad_person_0466_face0.png,White,White,Male,20-29,"[7.9133236e-01 2.9397032e-05 6.9504485e-02 2.0257507e-05 9.6635282e-05
 2.6207864e-03 1.3639614e-01]",[9.8514283e-01 3.9745704e-05 3.7341446e-04 1.4443987e-02],[9.9979770e-01 2.0227504e-04],"[3.5954258e-08 8.7333363e-05 4.5648038e-01 5.3341579e-01 9.8373499e-03
 1.7834564e-04 7.1838639e-07 1.8920492e-08 5.3515364e-10]",0,White,20-39
/scratch/project_462000771/mengting/projects/bias/SD3/prompt2/selected_faces/detected_sad/sad_person_0467_face0.png,White,White,Male,20-29,"[7.2003555e-01 6.3925533e-04 1.5874104e-01 2.8191801e-04 1.4736946e-03
 3.4173485e-02 8.4655076e-02]",[0.6241122  0.02621654 0.11799919 0.23167202],[9.999934e-01 6.620860e-06],"[1.5354753e-07 4.6516328e-05 9.5758550e-02 6.5188032e-01 2.3507218e-01
 1.7089365e-02 1.5171776e-04 1.1962769e-06 3.1593924e-08]",0,White,20-39
/scratch/project_462000771/mengting/projects/bias/SD3/prompt2/selected_faces/detected_sad/sad_person_0468_face0.png,White,White,Male,40-49,"[6.5807772e-01 9.8895084e-04 5.6376100e-02 2.6340585e-04 1.0311228e-03
 4.4030743e-03 2.7885959e-01]",[0.9265509  0.00263556 0.02955506 0.04125842],[9.9994934e-01 5.0690498e-05],"[5.3817002e-06 2.6548078e-05 7.2186877e-04 5.5346116e-03 7.4912772e-02
 5.7783675e-01 3.2465148e-01 1.5874209e-02 4.3641881e-04]",0,White,40-59
/scratch/project_462000771/mengting/projects/bias/SD3/prompt2/selected_faces/detected_sad/sad_person_0469_face0.png,Latino_Hispanic,White,Male,30-39,"[3.7679236e-02 1.2355069e-02 6.5224564e-01 1.5670748e-04 1.8285179e-03
 1.6990080e-01 1.2583406e-01]",[0.6493581  0.02045152 0.00225853 0.32793188],[9.9999934e-01 6.3065460e-07],"[8.5828071e-07 1.1222164e-05 5.3063809e-04 3.9123673e-02 5.9393543e-01
 3.5575974e-01 1.0560275e-02 7.7696161e-05 5.1573187e-07]",0,Others,20-39
/scratch/project_462000771/mengting/projects/bias/SD3/prompt2/selected_faces/detected_sad/sad_person_0470_face0.png,White,White,Male,30-39,"[8.9478332e-01 3.9921681e-04 6.0189247e-02 5.0971098e-03 5.9471242e-03
 2.3069438e-03 3.1276941e-02]",[0.85198843 0.01665672 0.09567662 0.03567827],[9.9999845e-01 1.5486687e-06],"[2.5912055e-07 4.9439086e-06 2.3356229e-03 2.4969529e-01 5.8888519e-01
 1.5421025e-01 4.8376066e-03 3.0390336e-05 4.4115825e-07]",0,White,20-39
/scratch/project_462000771/mengting/projects/bias/SD3/prompt2/selected_faces/detected_sad/sad_person_0471_face0.png,Latino_Hispanic,Black,Male,40-49,"[0.08652054 0.20502958 0.37464795 0.00145998 0.01011212 0.25414786
 0.06808197]",[0.26507002 0.34275678 0.24244921 0.14972404],[0.81714433 0.18285567],"[1.7145807e-04 1.1586351e-03 4.1138474e-03 4.9775939e-02 3.2232153e-01
 4.3945810e-01 1.5952252e-01 2.1705713e-02 1.7723097e-03]",0,Others,40-59
/scratch/project_462000771/mengting/projects/bias/SD3/prompt2/selected_faces/detected_sad/sad_person_0472_face0.png,White,White,Male,20-29,"[9.8779941e-01 3.2768166e-05 8.7090172e-03 4.8785945e-04 3.4189416e-04
 2.5159548e-04 2.3774854e-03]",[9.8821265e-01 2.0100969e-04 8.9648506e-03 2.6214775e-03],[9.9997962e-01 2.0351199e-05],"[7.7976161e-08 3.1644289e-05 1.0078401e-01 8.2900470e-01 6.7328073e-02
 2.8055282e-03 4.4781063e-05 1.0718651e-06 5.7021811e-08]",1,White,20-39
/scratch/project_462000771/mengting/projects/bias/SD3/prompt2/selected_faces/detected_sad/sad_person_0473_face0.png,Latino_Hispanic,White,Male,20-29,"[0.3764647  0.00049024 0.39559492 0.00115881 0.00192789 0.01478971
 0.20957373]",[0.82727677 0.00152564 0.00588813 0.1653095 ],[9.9998665e-01 1.3326611e-05],"[7.7066332e-08 4.9595642e-06 1.6750650e-02 7.2794628e-01 2.4740048e-01
 7.8358753e-03 6.0597191e-05 1.0972273e-06 2.7701232e-08]",1,Others,20-39
/scratch/project_462000771/mengting/projects/bias/SD3/prompt2/selected_faces/detected_sad/sad_person_0474_face0.png,White,White,Male,30-39,"[6.7432517e-01 3.6682075e-04 1.5791005e-01 4.3628228e-04 1.3538096e-03
 1.3439656e-02 1.5216832e-01]",[9.6847975e-01 1.5352354e-04 1.7004437e-03 2.9666180e-02],[9.9998981e-01 1.0177735e-05],"[2.1056957e-07 1.0264123e-05 7.2525837e-03 3.8443780e-01 5.1447803e-01
 9.2148766e-02 1.6567395e-03 1.5205188e-05 3.7780976e-07]",0,White,20-39
/scratch/project_462000771/mengting/projects/bias/SD3/prompt2/selected_faces/detected_sad/sad_person_0475_face0.png,Indian,Indian,Male,20-29,"[0.05131729 0.04326479 0.26004636 0.00061584 0.00429766 0.46562463
 0.17483339]",[0.03252471 0.02799119 0.00530086 0.9341833 ],[9.9994564e-01 5.4348209e-05],"[1.8516878e-06 3.5704407e-04 1.4328378e-01 6.2803018e-01 2.0798525e-01
 1.9936757e-02 3.8704244e-04 1.7311606e-05 7.7831606e-07]",0,Others,20-39
/scratch/project_462000771/mengting/projects/bias/SD3/prompt2/selected_faces/detected_sad/sad_person_0476_face0.png,Middle Eastern,White,Male,30-39,"[2.1105246e-01 7.1872985e-03 2.3645416e-01 5.9915892e-05 2.1986142e-04
 1.9699033e-02 5.2532732e-01]",[8.515925e-01 6.948547e-02 7.953819e-04 7.812664e-02],[9.9999863e-01 1.3775298e-06],"[2.9688491e-07 1.7176558e-06 4.8107811e-04 1.5613912e-01 7.2111070e-01
 1.1985667e-01 2.3770176e-03 3.2529657e-05 8.2356587e-07]",1,Others,20-39
/scratch/project_462000771/mengting/projects/bias/SD3/prompt2/selected_faces/detected_sad/sad_person_0477_face0.png,Latino_Hispanic,Indian,Male,20-29,"[3.0115554e-01 6.6387164e-03 4.3034947e-01 6.3958243e-05 1.1972544e-03
 1.3446385e-01 1.2613119e-01]",[0.3247871  0.005266   0.00231486 0.667632  ],[1.000000e+00 8.513128e-09],"[8.6543622e-08 6.2235599e-06 1.3131724e-02 5.6058091e-01 3.9043987e-01
 3.5289053e-02 5.4331543e-04 8.8048118e-06 9.0785036e-08]",1,Others,20-39
/scratch/project_462000771/mengting/projects/bias/SD3/prompt2/selected_faces/detected_sad/sad_person_0478_face0.png,White,White,Male,40-49,"[9.3909103e-01 1.3844768e-04 5.2703591e-03 4.6300549e-05 3.0346905e-04
 1.3956818e-03 5.3754739e-02]",[9.9275935e-01 1.7871759e-04 2.8108405e-03 4.2510834e-03],[0.9980145  0.00198551],"[5.0703320e-06 1.9882547e-05 8.9084730e-04 1.3344481e-02 1.2853312e-01
 6.0072935e-01 2.4556065e-01 1.0021231e-02 8.9534122e-04]",1,White,40-59
/scratch/project_462000771/mengting/projects/bias/SD3/prompt2/selected_faces/detected_sad/sad_person_0479_face0.png,White,White,Male,20-29,"[9.5173949e-01 1.3789543e-04 2.2028001e-02 1.8290630e-05 8.9179353e-05
 1.2010088e-03 2.4786221e-02]",[9.0604770e-01 2.0214375e-03 6.6068833e-04 9.1270119e-02],[9.996206e-01 3.794331e-04],"[5.2441401e-08 1.6384174e-06 3.8009146e-03 5.2564764e-01 4.2902958e-01
 4.0528137e-02 9.6897921e-04 2.2201384e-05 8.4633791e-07]",1,White,20-39
/scratch/project_462000771/mengting/projects/bias/SD3/prompt2/selected_faces/detected_sad/sad_person_0480_face0.png,White,White,Male,20-29,"[9.7402400e-01 1.1845907e-05 1.6760506e-02 1.1880314e-04 1.9840956e-04
 8.1805250e-04 8.0684628e-03]",[9.9018288e-01 7.3389157e-05 3.1255188e-03 6.6182590e-03],[9.999033e-01 9.670626e-05],"[2.41004273e-07 1.47895535e-05 1.74609777e-02 5.24643838e-01
 4.08552200e-01 4.86723445e-02 6.48670946e-04 6.71257249e-06
 1.75508305e-07]",1,White,20-39
/scratch/project_462000771/mengting/projects/bias/SD3/prompt2/selected_faces/detected_sad/sad_person_0481_face0.png,White,White,Male,40-49,"[7.6776183e-01 9.8725902e-03 8.1991352e-02 1.8189789e-05 7.5851865e-05
 2.1296775e-03 1.3815053e-01]",[9.7868675e-01 1.5562750e-02 2.3075724e-04 5.5197463e-03],[9.999988e-01 1.193172e-06],"[4.5563473e-07 8.1033500e-07 7.0960792e-05 2.0426825e-02 4.7004634e-01
 4.7899920e-01 2.9988647e-02 4.5877113e-04 8.0139353e-06]",1,White,40-59
/scratch/project_462000771/mengting/projects/bias/SD3/prompt2/selected_faces/detected_sad/sad_person_0482_face0.png,Middle Eastern,White,Male,20-29,"[1.5695493e-01 2.2014042e-03 9.9546663e-02 1.4722391e-04 7.4511295e-04
 6.4224273e-02 6.7618042e-01]",[8.1547409e-01 4.7462163e-04 2.5938055e-03 1.8145745e-01],[9.9999785e-01 2.1752708e-06],"[1.2881118e-06 3.0495350e-05 9.9473903e-03 6.5825659e-01 3.1678793e-01
 1.4771661e-02 1.9440537e-04 9.8856917e-06 3.1586652e-07]",0,White,20-39
/scratch/project_462000771/mengting/projects/bias/SD3/prompt2/selected_faces/detected_sad/sad_person_0483_face0.png,White,White,Male,20-29,"[6.6557652e-01 4.6380563e-04 2.1707235e-01 3.2561796e-04 1.9845644e-03
 5.1059719e-02 6.3517526e-02]",[9.0613431e-01 1.8197631e-04 1.1508972e-03 9.2532828e-02],[9.9998981e-01 1.0209859e-05],"[9.7600427e-08 2.0439364e-05 1.5762691e-01 7.1573293e-01 1.1752886e-01
 8.8548409e-03 2.2910041e-04 6.5410577e-06 2.2126568e-07]",1,White,20-39
/scratch/project_462000771/mengting/projects/bias/SD3/prompt2/selected_faces/detected_sad/sad_person_0484_face0.png,White,White,Male,30-39,"[9.5331877e-01 1.0731267e-04 3.3681996e-02 4.8746133e-05 1.8642473e-04
 4.9970049e-04 1.2157118e-02]",[9.9562252e-01 7.1427086e-04 3.5229017e-04 3.3109584e-03],[9.9999505e-01 4.9522273e-06],"[1.7611900e-07 8.8382922e-07 4.5035727e-04 6.8943828e-02 5.3625029e-01
 3.6954811e-01 2.4614180e-02 1.8943952e-04 2.7423639e-06]",1,White,20-39
/scratch/project_462000771/mengting/projects/bias/SD3/prompt2/selected_faces/detected_sad/sad_person_0485_face0.png,White,White,Male,40-49,"[7.4514079e-01 5.4548908e-04 2.0028777e-01 2.0952818e-04 7.6707645e-04
 3.2623786e-02 2.0425608e-02]",[9.3722230e-01 2.4463690e-04 1.0064015e-02 5.2469075e-02],[0.8482705  0.15172955],"[2.2042482e-06 1.0065538e-05 7.2899141e-04 5.0791841e-02 4.0824360e-01
 4.8101956e-01 5.7894759e-02 1.2777785e-03 3.1163763e-05]",1,White,40-59
/scratch/project_462000771/mengting/projects/bias/SD3/prompt2/selected_faces/detected_sad/sad_person_0486_face0.png,White,White,Male,20-29,"[5.2198678e-01 2.5492680e-04 4.1848519e-01 1.6876901e-04 4.9950002e-04
 6.8059894e-03 5.1798776e-02]",[9.7618717e-01 4.2083449e-04 9.4448740e-04 2.2447502e-02],[1.0000000e+00 1.8612958e-08],"[1.8586435e-07 5.1388479e-06 7.3278011e-03 6.2241870e-01 3.4980747e-01
 2.0236963e-02 2.0198047e-04 1.7523955e-06 1.2437987e-08]",1,White,20-39
/scratch/project_462000771/mengting/projects/bias/SD3/prompt2/selected_faces/detected_sad/sad_person_0487_face0.png,White,White,Male,20-29,"[8.16282809e-01 3.20395775e-04 1.22919105e-01 4.82492149e-03
 7.46282144e-03 1.88881822e-03 4.63011600e-02]",[9.3329567e-01 7.8084107e-05 5.7506938e-02 9.1192927e-03],[9.9994004e-01 5.9984832e-05],"[1.0867429e-07 3.8607832e-06 4.1604610e-03 5.0453496e-01 4.4448894e-01
 4.6034712e-02 7.6897081e-04 7.7505001e-06 1.8093401e-07]",0,White,20-39
/scratch/project_462000771/mengting/projects/bias/SD3/prompt2/selected_faces/detected_sad/sad_person_0488_face0.png,White,Asian,Female,30-39,"[4.4888556e-01 2.4824178e-05 2.6149035e-01 2.2565769e-01 5.6669902e-02
 2.1582877e-03 5.1133567e-03]",[1.5054047e-01 3.8034304e-05 8.4853995e-01 8.8157732e-04],[0.46370456 0.5362955 ],"[3.7589206e-07 1.6200764e-05 3.6746049e-03 1.2729830e-01 6.2231517e-01
 2.3947206e-01 7.0799924e-03 1.4201496e-04 1.2934699e-06]",1,White,20-39
/scratch/project_462000771/mengting/projects/bias/SD3/prompt2/selected_faces/detected_sad/sad_person_0489_face0.png,East Asian,Asian,Male,30-39,"[1.2943514e-02 2.0614163e-04 1.8757918e-01 4.0456024e-01 3.7875649e-01
 1.0417237e-02 5.5371742e-03]",[1.1320256e-02 1.7671045e-04 9.7379798e-01 1.4705052e-02],[9.9999976e-01 2.0314518e-07],"[1.9365699e-07 6.2203294e-06 4.0614051e-03 4.3526992e-01 5.1138294e-01
 4.8149023e-02 1.0924907e-03 3.7443526e-05 3.8116906e-07]",1,Asian,20-39
/scratch/project_462000771/mengting/projects/bias/SD3/prompt2/selected_faces/detected_sad/sad_person_0490_face0.png,White,White,Male,20-29,"[9.83517289e-01 6.81452002e-05 1.33377435e-02 5.14638996e-05
 4.94253254e-05 2.66845193e-04 2.70906580e-03]",[9.9696130e-01 3.5282629e-04 1.8534901e-04 2.5005755e-03],[9.9999034e-01 9.6243120e-06],"[4.6822439e-08 1.2997721e-06 2.0416463e-03 5.4431248e-01 4.3708906e-01
 1.6463134e-02 9.1721689e-05 6.1427630e-07 1.2446269e-08]",1,White,20-39
/scratch/project_462000771/mengting/projects/bias/SD3/prompt2/selected_faces/detected_sad/sad_person_0491_face0.png,White,White,Male,30-39,"[7.7890831e-01 2.3803332e-04 1.6794439e-01 4.2854424e-04 1.9041622e-03
 5.6858095e-03 4.4890780e-02]",[9.6980089e-01 1.4667460e-04 2.5992303e-03 2.7453171e-02],[9.9999964e-01 3.6221601e-07],"[1.03460172e-06 5.29960125e-05 1.14591643e-02 3.65131408e-01
 5.40118217e-01 8.18401948e-02 1.38570706e-03 1.11238005e-05
 1.55471909e-07]",1,White,20-39
/scratch/project_462000771/mengting/projects/bias/SD3/prompt2/selected_faces/detected_sad/sad_person_0492_face0.png,White,White,Male,20-29,"[9.5214695e-01 4.0992128e-04 3.3079751e-02 2.2815788e-04 7.0949190e-04
 7.4550109e-03 5.9707821e-03]",[9.7224110e-01 7.2913989e-04 3.1503779e-03 2.3879288e-02],[9.9999964e-01 3.6183039e-07],"[2.56866315e-07 6.80987723e-05 9.37679186e-02 7.34592378e-01
 1.57502174e-01 1.38140265e-02 2.51950172e-04 3.05740969e-06
 9.65246016e-08]",1,White,20-39
/scratch/project_462000771/mengting/projects/bias/SD3/prompt2/selected_faces/detected_sad/sad_person_0493_face0.png,White,White,Male,20-29,"[5.8938062e-01 6.6208984e-03 8.9329772e-02 5.3103454e-04 9.5794135e-04
 1.1347939e-02 3.0183184e-01]",[9.7953224e-01 4.5677377e-03 3.7164689e-04 1.5528437e-02],[0.8457782  0.15422174],"[2.4094609e-06 2.1559448e-04 3.4301724e-02 6.5140754e-01 2.9329863e-01
 2.0259552e-02 4.8861513e-04 2.3820101e-05 2.0934999e-06]",0,White,20-39
/scratch/project_462000771/mengting/projects/bias/SD3/prompt2/selected_faces/detected_sad/sad_person_0494_face0.png,Indian,Indian,Male,20-29,"[0.1672468  0.00459494 0.2873315  0.00119242 0.00949387 0.45877403
 0.07136646]",[0.41360587 0.00559523 0.07619315 0.50460577],[9.9966806e-01 3.3194252e-04],"[8.7337389e-07 1.3300982e-05 1.9263629e-02 5.9072500e-01 3.2027620e-01
 6.4192548e-02 5.0419169e-03 4.5169488e-04 3.4839668e-05]",1,Others,20-39
/scratch/project_462000771/mengting/projects/bias/SD3/prompt2/selected_faces/detected_sad/sad_person_0495_face0.png,Latino_Hispanic,Indian,Male,30-39,"[1.34440675e-01 1.15350075e-02 3.81940573e-01 2.02336509e-04
 2.08566710e-03 3.80743831e-01 8.90519395e-02]",[0.38323554 0.02649657 0.00203537 0.5882325 ],[9.999990e-01 9.662152e-07],"[7.4195037e-07 2.3190019e-05 4.6946355e-03 1.9904140e-01 6.4081067e-01
 1.5212719e-01 3.2474617e-03 5.3060972e-05 1.6367404e-06]",1,Others,20-39
/scratch/project_462000771/mengting/projects/bias/SD3/prompt2/selected_faces/detected_sad/sad_person_0496_face0.png,White,White,Male,20-29,"[6.0221100e-01 3.4836490e-02 2.1850154e-01 5.4772181e-04 1.3974640e-03
 4.9115218e-02 9.3390584e-02]",[0.83811176 0.01025829 0.00167102 0.1499589 ],[0.91633064 0.08366942],"[1.2112690e-07 5.5405035e-06 4.4978056e-03 5.1313704e-01 4.4353646e-01
 3.7482619e-02 1.2978294e-03 3.9816157e-05 2.7405258e-06]",0,White,20-39
/scratch/project_462000771/mengting/projects/bias/SD3/prompt2/selected_faces/detected_sad/sad_person_0497_face0.png,Latino_Hispanic,White,Male,30-39,"[1.08001150e-01 2.07954901e-04 5.42328060e-01 1.13749215e-04
 8.75203696e-04 3.91547121e-02 3.09319168e-01]",[0.86009985 0.00172329 0.00313532 0.13504156],[9.9999946e-01 5.4642436e-07],"[7.7515386e-07 2.6887374e-05 5.7142265e-03 2.5671229e-01 6.0095692e-01
 1.3487606e-01 1.6987337e-03 1.3984016e-05 1.2302554e-07]",1,Others,20-39
/scratch/project_462000771/mengting/projects/bias/SD3/prompt2/selected_faces/detected_sad/sad_person_0498_face0.png,White,White,Male,20-29,"[9.3327081e-01 3.8613053e-03 4.6108130e-02 4.3047457e-03 3.5531726e-03
 1.3124863e-04 8.7706726e-03]",[9.8551792e-01 1.2139494e-03 1.3043948e-02 2.2423569e-04],[9.999962e-01 3.850109e-06],"[1.8467507e-08 1.2200807e-06 2.4581155e-02 8.5121244e-01 1.1860699e-01
 5.4979357e-03 9.8320881e-05 1.8790736e-06 5.7142248e-08]",1,White,20-39
/scratch/project_462000771/mengting/projects/bias/SD3/prompt2/selected_faces/detected_sad/sad_person_0499_face0.png,Black,Black,Male,10-19,"[4.3583776e-05 9.3798566e-01 1.3844694e-03 4.1707967e-06 1.2434134e-04
 5.8628131e-02 1.8296750e-03]",[3.6464273e-05 8.6125350e-01 4.4678035e-04 1.3826321e-01],[9.9999529e-01 4.7021117e-06],"[1.24778177e-04 3.12759355e-02 5.81325352e-01 2.27990091e-01
 9.73299220e-02 4.98310439e-02 1.00127729e-02 1.99616817e-03
 1.13906644e-04]",0,Black,10-19
/scratch/project_462000771/mengting/projects/bias/SD3/prompt2/selected_faces/detected_sad/sad_person_0500_face0.png,White,White,Male,20-29,"[0.869045   0.03618133 0.03658372 0.00926085 0.01282087 0.00231718
 0.03379099]",[0.9316719  0.03401295 0.03144128 0.00287386],[0.9926112  0.00738879],"[1.7906383e-06 1.4830177e-04 8.5313050e-03 5.1443934e-01 4.4763595e-01
 2.8646857e-02 5.7107682e-04 2.2034419e-05 3.2540524e-06]",0,White,20-39
/scratch/project_462000771/mengting/projects/bias/SD3/prompt2/selected_faces/detected_sad/sad_person_0501_face0.png,Middle Eastern,White,Male,30-39,"[2.3385189e-02 2.1102596e-03 2.4557285e-01 2.2534524e-04 1.3439773e-03
 1.4272655e-02 7.1308970e-01]",[0.5771896  0.00869755 0.07543173 0.3386811 ],[9.9999225e-01 7.7684181e-06],"[8.3703628e-07 5.6142479e-05 2.4756314e-02 3.9194602e-01 5.1307601e-01
 6.8916246e-02 1.2320672e-03 1.6112901e-05 1.9466511e-07]",1,Others,20-39
/scratch/project_462000771/mengting/projects/bias/SD3/prompt2/selected_faces/detected_sad/sad_person_0502_face0.png,Latino_Hispanic,Indian,Male,30-39,"[2.6483862e-02 1.7041424e-02 6.2017888e-01 1.0861532e-04 2.5364640e-03
 1.2814844e-01 2.0550233e-01]",[0.0400912  0.06903823 0.01881056 0.87206006],[9.9999923e-01 7.9830915e-07],"[2.0890943e-07 1.5122542e-06 2.4095635e-04 6.1165556e-02 7.1912444e-01
 2.1377128e-01 5.6711254e-03 2.4682342e-05 2.8574908e-07]",1,Others,20-39
/scratch/project_462000771/mengting/projects/bias/SD3/prompt2/selected_faces/detected_sad/sad_person_0503_face0.png,Middle Eastern,Indian,Male,40-49,"[4.1676048e-02 1.1869040e-03 4.1972384e-01 2.6033049e-05 1.8537251e-04
 6.8641827e-02 4.6856007e-01]",[0.399179   0.00775947 0.00157579 0.5914857 ],[9.9999988e-01 1.6895356e-07],"[5.1904831e-06 2.1034100e-05 1.0377334e-03 1.2834084e-02 2.8704458e-01
 6.0583937e-01 9.2218041e-02 9.9364575e-04 6.3028529e-06]",1,Others,40-59
/scratch/project_462000771/mengting/projects/bias/SD3/prompt2/selected_faces/detected_sad/sad_person_0504_face0.png,White,White,Male,20-29,"[8.0484337e-01 3.1343830e-04 7.7398002e-02 9.5231617e-03 1.7092699e-02
 3.4384951e-02 5.6444302e-02]",[0.6968114  0.00389698 0.03851565 0.26077592],[9.9998289e-01 1.7114713e-05],"[5.4943501e-07 5.3665699e-05 6.4126603e-02 6.1385119e-01 2.7617791e-01
 4.4746954e-02 1.0203362e-03 2.2054312e-05 7.1891196e-07]",1,White,20-39
/scratch/project_462000771/mengting/projects/bias/SD3/prompt2/selected_faces/detected_sad/sad_person_0505_face0.png,East Asian,Asian,Male,20-29,"[2.9084766e-05 9.2070823e-06 8.5867691e-04 6.8696898e-01 3.1207001e-01
 5.6047153e-05 8.0754689e-06]",[1.2563388e-05 1.4332799e-05 9.9987781e-01 9.5220159e-05],[9.9999952e-01 5.4356707e-07],"[5.7188132e-08 5.0921958e-06 5.7509299e-03 5.1055694e-01 4.6430013e-01
 1.9153135e-02 2.2584674e-04 7.7592867e-06 7.1176665e-08]",0,Asian,20-39
/scratch/project_462000771/mengting/projects/bias/SD3/prompt2/selected_faces/detected_sad/sad_person_0506_face0.png,White,White,Male,50-59,"[0.32683775 0.1675141  0.20077401 0.00103919 0.00288546 0.21901861
 0.08193079]",[0.8144488  0.04734669 0.0118578  0.1263467 ],[9.9972481e-01 2.7525084e-04],"[2.6221966e-05 3.1115742e-05 1.1077554e-04 8.0711197e-04 1.1199967e-02
 1.9544908e-01 6.7025989e-01 1.1835478e-01 3.7609786e-03]",1,White,40-59
/scratch/project_462000771/mengting/projects/bias/SD3/prompt2/selected_faces/detected_sad/sad_person_0507_face0.png,Latino_Hispanic,Black,Male,30-39,"[3.0501014e-01 6.4036362e-02 4.5518088e-01 1.0439881e-04 8.2805863e-04
 5.5606999e-02 1.1923323e-01]",[0.24941081 0.6271909  0.00066722 0.12273106],[9.9999988e-01 1.3460586e-07],"[2.1252032e-07 5.5666233e-06 2.5968933e-03 3.6012673e-01 5.7214850e-01
 6.3621558e-02 1.4874192e-03 1.2942515e-05 2.1061406e-07]",1,Others,20-39
/scratch/project_462000771/mengting/projects/bias/SD3/prompt2/selected_faces/detected_sad/sad_person_0508_face0.png,Latino_Hispanic,Indian,Male,20-29,"[0.36129025 0.0145338  0.37488917 0.01388064 0.03274414 0.14936188
 0.05330011]",[0.19821882 0.02050822 0.02097777 0.76029515],[9.9998796e-01 1.2001577e-05],"[3.29887325e-06 5.93979203e-04 1.19279586e-01 6.47588611e-01
 2.12117538e-01 1.99008491e-02 4.92931111e-04 2.22468516e-05
 9.52336109e-07]",0,Others,20-39
/scratch/project_462000771/mengting/projects/bias/SD3/prompt2/selected_faces/detected_sad/sad_person_0509_face0.png,Black,Black,Male,20-29,"[1.4938619e-05 9.9921274e-01 3.2793917e-04 3.3339720e-06 7.2857576e-05
 3.2644017e-04 4.1779189e-05]",[1.9223768e-05 9.9943119e-01 1.6235949e-04 3.8719890e-04],[9.9999249e-01 7.5172075e-06],"[5.02153352e-06 3.17693315e-03 2.88657159e-01 6.30858660e-01
 7.32912645e-02 3.90357664e-03 1.03325074e-04 3.81646714e-06
 2.77814507e-07]",0,Black,20-39
/scratch/project_462000771/mengting/projects/bias/SD3/prompt2/selected_faces/detected_sad/sad_person_0510_face0.png,White,White,Male,30-39,"[8.2978725e-01 9.3002716e-05 1.1997933e-01 1.2139771e-03 2.3993875e-03
 5.8897864e-03 4.0637340e-02]",[9.9273181e-01 4.2257688e-04 2.7766880e-03 4.0689264e-03],[9.9994588e-01 5.4137276e-05],"[3.8817410e-07 4.6047251e-05 3.6952626e-02 3.5543069e-01 5.0593185e-01
 1.0030633e-01 1.3152722e-03 1.6581249e-05 2.5542607e-07]",0,White,20-39
/scratch/project_462000771/mengting/projects/bias/SD3/prompt2/selected_faces/detected_sad/sad_person_0511_face0.png,White,White,Male,40-49,"[9.6162969e-01 2.9540356e-06 1.9884504e-02 1.0014898e-04 1.9044874e-04
 1.3294737e-03 1.6862679e-02]",[9.9182087e-01 1.1894232e-05 1.5749838e-03 6.5922029e-03],[0.77706856 0.22293143],"[7.0097835e-06 3.5548554e-05 1.1289462e-03 1.6067700e-02 1.9570428e-01
 5.6776154e-01 2.1280003e-01 6.1201369e-03 3.7474252e-04]",1,White,40-59
/scratch/project_462000771/mengting/projects/bias/SD3/prompt2/selected_faces/detected_sad/sad_person_0512_face0.png,Middle Eastern,Asian,Male,20-29,"[1.6635548e-01 3.6039291e-04 1.8031372e-01 1.2592970e-03 3.1604173e-03
 3.6587529e-03 6.4489198e-01]",[0.30008757 0.00087049 0.62867165 0.07037028],[9.9999875e-01 1.2524933e-06],"[3.1004571e-08 2.8651241e-06 1.2229132e-02 8.0326444e-01 1.7995839e-01
 4.5201899e-03 2.4667172e-05 2.6787848e-07 2.9458849e-09]",1,Others,20-39
/scratch/project_462000771/mengting/projects/bias/SD3/prompt2/selected_faces/detected_sad/sad_person_0513_face0.png,White,White,Male,20-29,"[0.8297167  0.00099153 0.13346374 0.01131055 0.0039098  0.00348199
 0.01712557]",[0.91268057 0.00232354 0.07481354 0.01018238],[0.9956982  0.00430177],"[6.2555978e-07 1.8144716e-04 2.0610309e-01 7.0202315e-01 8.8880442e-02
 2.7706942e-03 3.9332048e-05 1.1538662e-06 7.7250633e-08]",1,White,20-39
/scratch/project_462000771/mengting/projects/bias/SD3/prompt2/selected_faces/detected_sad/sad_person_0514_face0.png,White,White,Male,20-29,"[9.1651386e-01 9.9505749e-05 5.7477999e-02 2.0216196e-03 2.4077590e-03
 9.2400319e-04 2.0555194e-02]",[9.9298739e-01 2.2700556e-04 4.3224338e-03 2.4631538e-03],[9.9999952e-01 4.4880096e-07],"[3.0763655e-08 4.9987761e-06 2.8648930e-02 8.4091598e-01 1.2746291e-01
 2.9467966e-03 2.0102596e-05 2.8616213e-07 4.8151838e-09]",1,White,20-39
/scratch/project_462001220/mengting/projects_771/bias/SD3/prompt2/complete_selected_faces/detected_sad/0515_face0.png,Latino_Hispanic,White,Male,30-39,"[1.3436858e-01 1.8622639e-03 6.8433112e-01 4.3264732e-05 4.5038134e-04
 2.9958466e-02 1.4898592e-01]",[0.61248225 0.01851387 0.01929804 0.34970585],[9.9999946e-01 5.0492247e-07],"[2.6169232e-07 3.5864966e-06 7.0075446e-04 1.6080326e-01 7.5360143e-01
 8.3831467e-02 1.0544361e-03 4.8225124e-06 3.3508023e-08]",1,Others,20-39
/scratch/project_462000771/mengting/projects/bias/SD3/prompt2/selected_faces/detected_sad/sad_person_0516_face0.png,Latino_Hispanic,Indian,Male,40-49,"[0.10001934 0.00085394 0.77636904 0.0018511  0.00795365 0.04569424
 0.06725875]",[0.33745036 0.03261609 0.09541364 0.5345199 ],[9.9920106e-01 7.9897756e-04],"[4.1855633e-06 1.4396611e-05 7.5528916e-04 7.4543646e-03 2.0737989e-01
 6.5633649e-01 1.2689829e-01 1.1472785e-03 9.8126984e-06]",0,Others,40-59
/scratch/project_462000771/mengting/projects/bias/SD3/prompt2/selected_faces/detected_sad/sad_person_0517_face0.png,White,Indian,Male,20-29,"[3.92930239e-01 2.09649705e-04 1.10928364e-01 2.51979684e-03
 1.44339055e-02 2.96086669e-01 1.82891354e-01]",[1.4552399e-02 6.5137685e-04 2.1557532e-02 9.6323872e-01],[1.0000000e+00 2.4699066e-08],"[1.68766206e-07 1.93302549e-05 3.31824012e-02 5.77084064e-01
 3.45183015e-01 4.39633727e-02 5.58629283e-04 8.89537841e-06
 1.05245306e-07]",1,White,20-39
/scratch/project_462000771/mengting/projects/bias/SD3/prompt2/selected_faces/detected_sad/sad_person_0518_face0.png,Middle Eastern,White,Male,20-29,"[2.1966720e-01 9.0483204e-03 3.2035986e-01 9.3764349e-05 1.0355671e-03
 7.8380123e-02 3.7141514e-01]",[0.57491237 0.00635919 0.00379196 0.4149365 ],[9.9999946e-01 5.5916001e-07],"[2.5302757e-07 5.0642320e-06 4.5930506e-03 4.8584923e-01 4.6893206e-01
 3.9477959e-02 1.1023824e-03 3.8574424e-05 1.3054008e-06]",1,Others,20-39
/scratch/project_462000771/mengting/projects/bias/SD3/prompt2/selected_faces/detected_sad/sad_person_0519_face0.png,Middle Eastern,White,Male,20-29,"[3.9108920e-01 2.7158429e-04 1.6374554e-01 3.0805188e-04 1.0320573e-03
 4.0351801e-02 4.0320176e-01]",[7.3793823e-01 2.4699260e-04 8.7511603e-04 2.6093966e-01],[9.9999678e-01 3.1740242e-06],"[4.10540366e-07 2.48515953e-05 1.97377130e-02 7.01333940e-01
 2.67157465e-01 1.15690725e-02 1.73344641e-04 3.16027604e-06
 5.59143984e-08]",1,White,20-39
/scratch/project_462000771/mengting/projects/bias/SD3/prompt2/selected_faces/detected_sad/sad_person_0520_face0.png,Latino_Hispanic,White,Male,20-29,"[4.0251428e-01 3.2483504e-04 4.2839512e-01 1.8943148e-03 5.1706629e-03
 2.9445434e-02 1.3225526e-01]",[0.8427824  0.00387218 0.03679915 0.11654631],[9.9999994e-01 5.1032899e-08],"[2.32624771e-07 3.43821775e-05 7.47889206e-02 6.91100717e-01
 2.23560259e-01 1.04010375e-02 1.11550231e-04 2.95597283e-06
 2.80099748e-08]",1,Others,20-39
/scratch/project_462000771/mengting/projects/bias/SD3/prompt2/selected_faces/detected_sad/sad_person_0521_face0.png,White,White,Male,20-29,"[8.3373576e-01 9.0829702e-04 4.9299095e-02 2.1085398e-04 6.1228056e-04
 5.2182032e-03 1.1001543e-01]",[9.7785455e-01 2.7117651e-04 3.1567531e-04 2.1558626e-02],[0.9957447  0.00425528],"[2.2201293e-06 2.6816892e-04 1.3973327e-01 7.6789200e-01 8.5818663e-02
 6.0663554e-03 2.0273910e-04 1.4861229e-05 1.7759832e-06]",1,White,20-39
/scratch/project_462000771/mengting/projects/bias/SD3/prompt2/selected_faces/detected_sad/sad_person_0522_face0.png,White,White,Male,20-29,"[9.9483377e-01 3.0507440e-06 2.0876168e-03 2.3001725e-05 2.7229153e-05
 3.2281172e-05 2.9931252e-03]",[9.9985135e-01 5.4878797e-06 4.3853401e-05 9.9209523e-05],[9.9999923e-01 7.5468773e-07],"[8.5105157e-08 1.6720636e-05 1.0004506e-01 7.6136571e-01 1.2930980e-01
 9.1186650e-03 1.4213768e-04 1.8354693e-06 3.3771816e-08]",1,White,20-39
/scratch/project_462000771/mengting/projects/bias/SD3/prompt2/selected_faces/detected_sad/sad_person_0523_face0.png,White,White,Male,20-29,"[8.7073904e-01 1.3819755e-03 7.4846141e-02 5.0389888e-05 3.7209463e-04
 1.9743918e-02 3.2866430e-02]",[0.9121236  0.0014547  0.00303605 0.08338564],[9.9999976e-01 2.4866202e-07],"[2.1959018e-08 2.9440077e-06 6.5666917e-03 7.1225137e-01 2.6937976e-01
 1.1729852e-02 6.8705194e-05 6.7765052e-07 1.5894193e-08]",1,White,20-39
/scratch/project_462000771/mengting/projects/bias/SD3/prompt2/selected_faces/detected_sad/sad_person_0524_face0.png,White,White,Male,40-49,"[7.3814356e-01 8.0632530e-03 4.9741704e-02 2.1640431e-05 3.5923973e-04
 2.2263357e-02 1.8140730e-01]",[9.7332406e-01 1.8835022e-03 5.2905856e-05 2.4739632e-02],[9.9999964e-01 3.5637092e-07],"[7.3609647e-07 1.6744892e-06 5.2599444e-05 7.5411075e-04 4.7126401e-02
 6.2040675e-01 3.2185090e-01 9.6394215e-03 1.6743639e-04]",0,White,40-59
/scratch/project_462000771/mengting/projects/bias/SD3/prompt2/selected_faces/detected_sad/sad_person_0525_face0.png,Latino_Hispanic,Indian,Male,20-29,"[2.1382821e-01 1.7795565e-02 5.8413231e-01 1.7058609e-04 1.4324971e-03
 5.3673860e-02 1.2896690e-01]",[0.27814338 0.21507253 0.00603699 0.50074714],[9.999920e-01 7.955761e-06],"[1.6519651e-07 2.2178017e-05 2.7593898e-02 7.3967952e-01 2.2100091e-01
 1.1563111e-02 1.3845130e-04 1.6758584e-06 5.6303669e-08]",1,Others,20-39
/scratch/project_462000771/mengting/projects/bias/SD3/prompt2/selected_faces/detected_sad/sad_person_0526_face0.png,Middle Eastern,White,Male,20-29,"[2.3978920e-01 1.3891446e-04 1.0597449e-01 1.3746184e-05 1.6582730e-04
 9.2822477e-02 5.6109530e-01]",[5.1862597e-01 1.3936069e-04 3.7260918e-04 4.8086202e-01],[9.9999970e-01 2.2973232e-07],"[6.0192315e-07 1.4887658e-04 6.9657274e-02 6.2124181e-01 2.8274262e-01
 2.5955684e-02 2.5029728e-04 2.8499908e-06 4.2920615e-08]",1,White,20-39
/scratch/project_462000771/mengting/projects/bias/SD3/prompt2/selected_faces/detected_sad/sad_person_0527_face0.png,White,White,Male,20-29,"[9.5847464e-01 2.2156166e-05 1.7139796e-02 6.1493425e-05 1.8581125e-04
 9.8175788e-04 2.3134349e-02]",[9.9752158e-01 1.7400638e-05 4.9768476e-04 1.9634292e-03],[0.64299864 0.3570013 ],"[1.5409871e-07 6.6901535e-05 6.0845193e-02 7.2448975e-01 1.9925991e-01
 1.5170745e-02 1.6437988e-04 2.8495258e-06 1.3493847e-07]",1,White,20-39
/scratch/project_462000771/mengting/projects/bias/SD3/prompt2/selected_faces/detected_sad/sad_person_0528_face0.png,White,White,Male,20-29,"[8.57848942e-01 1.74379197e-03 2.73721628e-02 4.64123092e-04
 1.01946422e-03 9.55858326e-04 1.10595666e-01]",[0.95998055 0.02416024 0.01294523 0.00291398],[0.98940206 0.01059797],"[1.6791167e-06 2.0117939e-05 7.3962109e-03 4.8990417e-01 4.1873255e-01
 7.7321053e-02 6.2755598e-03 3.3004177e-04 1.8570579e-05]",1,White,20-39
/scratch/project_462000771/mengting/projects/bias/SD3/prompt2/selected_faces/detected_sad/sad_person_0529_face0.png,Latino_Hispanic,White,Male,30-39,"[1.6549313e-01 3.6288820e-02 4.8086011e-01 1.0106487e-04 6.1332009e-04
 3.7533239e-02 2.7911028e-01]",[0.9056318  0.04347866 0.00117114 0.04971848],[9.9999607e-01 3.9212850e-06],"[3.8128201e-07 8.7933868e-06 2.4321580e-03 1.2592246e-01 5.8878183e-01
 2.6611561e-01 1.6637115e-02 1.0022731e-04 1.4608507e-06]",1,Others,20-39
/scratch/project_462000771/mengting/projects/bias/SD3/prompt2/selected_faces/detected_sad/sad_person_0530_face0.png,White,White,Male,30-39,"[8.2320851e-01 1.6291968e-04 6.8832450e-02 2.6798840e-05 1.1641473e-04
 8.6374497e-03 9.9015489e-02]",[0.7807922  0.00353769 0.0031615  0.21250862],[0.8508044 0.1491956],"[1.4946610e-06 1.9207566e-05 6.0836324e-03 1.2649691e-01 4.4680449e-01
 3.6576042e-01 5.2375097e-02 2.3471513e-03 1.1168758e-04]",1,White,20-39
/scratch/project_462000771/mengting/projects/bias/SD3/prompt2/selected_faces/detected_sad/sad_person_0531_face0.png,Latino_Hispanic,Indian,Male,20-29,"[0.162133   0.04311943 0.48272064 0.00128298 0.01790612 0.17625113
 0.1165867 ]",[0.04413419 0.01392676 0.07832588 0.8636132 ],[0.99808806 0.00191194],"[2.6790160e-06 2.6730204e-04 5.7199109e-02 6.6963321e-01 2.6188344e-01
 1.0834667e-02 1.7181986e-04 7.5036733e-06 3.3793492e-07]",0,Others,20-39
/scratch/project_462000771/mengting/projects/bias/SD3/prompt2/selected_faces/detected_sad/sad_person_0532_face0.png,White,Indian,Male,20-29,"[0.4689167  0.0368242  0.18235089 0.00167227 0.01168636 0.10214953
 0.19640002]",[0.35194707 0.06409657 0.02152622 0.56243014],[9.9999607e-01 3.9265547e-06],"[8.3795577e-08 3.8185608e-06 1.6549932e-02 6.2736821e-01 3.1999108e-01
 3.4767117e-02 1.2978230e-03 2.1350193e-05 6.0012496e-07]",1,White,20-39
/scratch/project_462000771/mengting/projects/bias/SD3/prompt2/selected_faces/detected_sad/sad_person_0533_face0.png,White,White,Male,20-29,"[0.667045   0.00107229 0.13579084 0.00106044 0.00219261 0.00179917
 0.19103968]",[9.9461377e-01 2.4863574e-04 4.1772583e-03 9.6036209e-04],[9.995270e-01 4.729846e-04],"[6.8463311e-07 2.3806664e-05 3.3315081e-02 6.3639814e-01 2.9540178e-01
 3.3340812e-02 1.4650398e-03 5.2510921e-05 2.2189538e-06]",1,White,20-39
/scratch/project_462000771/mengting/projects/bias/SD3/prompt2/selected_faces/detected_sad/sad_person_0534_face0.png,White,White,Male,20-29,"[9.7880125e-01 5.4568646e-04 1.2972734e-02 8.0412615e-04 5.5733608e-04
 8.3698088e-04 5.4818541e-03]",[0.68403685 0.0082585  0.2761318  0.0315728 ],[9.9998486e-01 1.5137174e-05],"[3.7887428e-06 5.4063956e-04 8.0791935e-02 4.8468307e-01 3.6678210e-01
 6.4917758e-02 2.2245827e-03 5.2686177e-05 3.4151453e-06]",1,White,20-39
/scratch/project_462000771/mengting/projects/bias/SD3/prompt2/selected_faces/detected_sad/sad_person_0535_face0.png,Latino_Hispanic,Asian,Female,20-29,"[0.07665431 0.11804126 0.29536238 0.2814298  0.15526833 0.03526363
 0.0379804 ]",[0.06320423 0.17827317 0.7309266  0.02759593],[0.00459789 0.9954021 ],"[8.7464839e-05 1.3561807e-02 1.0023486e-01 6.4529765e-01 2.0931292e-01
 2.9003605e-02 2.0278080e-03 3.7260278e-04 1.0133248e-04]",0,Others,20-39
/scratch/project_462000771/mengting/projects/bias/SD3/prompt2/selected_faces/detected_sad/sad_person_0536_face0.png,Latino_Hispanic,Indian,Male,20-29,"[1.23624399e-01 5.63701615e-03 6.55871689e-01 2.48735712e-04
 2.89613917e-03 1.09691404e-01 1.02030635e-01]",[0.24320625 0.04710587 0.03598494 0.6737029 ],[9.9999994e-01 6.1437220e-08],"[3.3774644e-08 2.1803180e-05 8.4504053e-02 8.6637217e-01 4.8137221e-02
 9.5841795e-04 5.9837957e-06 2.1818956e-07 3.5289902e-09]",1,Others,20-39
/scratch/project_462000771/mengting/projects/bias/SD3/prompt2/selected_faces/detected_sad/sad_person_0537_face0.png,White,White,Male,60-69,"[9.0647519e-01 2.2641207e-04 1.0135437e-02 3.6890851e-04 6.5955386e-04
 1.9291007e-03 8.0205359e-02]",[9.9796194e-01 3.9892362e-05 1.6188276e-03 3.7933749e-04],[0.9978439  0.00215612],"[9.7275544e-05 9.4935327e-05 8.5115683e-04 1.2431291e-03 4.6647177e-03
 3.7729334e-02 3.7057406e-01 4.6871480e-01 1.1603062e-01]",1,White,60+
/scratch/project_462000771/mengting/projects/bias/SD3/prompt2/selected_faces/detected_sad/sad_person_0538_face0.png,White,White,Female,20-29,"[9.7604406e-01 2.3537211e-06 2.8385008e-03 2.2638537e-06 6.7360170e-06
 1.2259670e-04 2.0983422e-02]",[9.9362576e-01 7.6527016e-05 1.0948792e-04 6.1881579e-03],[0.12440194 0.8755981 ],"[2.0949516e-08 1.7100782e-06 8.7927561e-03 6.0254949e-01 3.5017008e-01
 3.7948672e-02 5.3060259e-04 6.4552237e-06 2.1981103e-07]",1,White,20-39
/scratch/project_462000771/mengting/projects/bias/SD3/prompt2/selected_faces/detected_sad/sad_person_0539_face0.png,White,White,Male,30-39,"[9.0633702e-01 7.2019553e-05 6.3337751e-02 9.9504286e-05 1.9550161e-04
 7.4071600e-03 2.2551017e-02]",[9.9340999e-01 2.7425938e-05 7.7020319e-04 5.7923528e-03],[9.9999958e-01 3.9641995e-07],"[5.1254115e-06 6.0281825e-05 1.5641997e-02 2.6566291e-01 6.1452276e-01
 1.0259411e-01 1.5019948e-03 1.0755413e-05 1.1188779e-07]",1,White,20-39
/scratch/project_462000771/mengting/projects/bias/SD3/prompt2/selected_faces/detected_sad/sad_person_0540_face0.png,White,White,Male,40-49,"[5.1257735e-01 1.5148608e-04 3.5750708e-01 3.4723879e-04 1.7077781e-03
 3.7201174e-02 9.0507895e-02]",[9.5078957e-01 2.0893629e-05 2.2279036e-03 4.6961620e-02],[9.9999911e-01 9.4359535e-07],"[9.8935561e-07 1.7409595e-05 5.2817194e-03 3.1991757e-02 3.6660263e-01
 5.2469975e-01 6.9671139e-02 1.7174290e-03 1.7211511e-05]",1,White,40-59
/scratch/project_462000771/mengting/projects/bias/SD3/prompt2/selected_faces/detected_sad/sad_person_0541_face0.png,Southeast Asian,Asian,Male,20-29,"[1.6290488e-04 6.2015570e-05 6.9190562e-03 4.3192002e-01 5.5287862e-01
 7.9910224e-03 6.6386368e-05]",[1.0160593e-03 4.9609604e-04 8.6664039e-01 1.3184749e-01],[9.999993e-01 6.807946e-07],"[6.2986111e-08 1.3024999e-04 2.2768921e-01 7.4721873e-01 2.4596890e-02
 3.6278192e-04 1.9983329e-06 1.4568444e-07 1.3883484e-09]",0,Asian,20-39
/scratch/project_462000771/mengting/projects/bias/SD3/prompt2/selected_faces/detected_sad/sad_person_0542_face0.png,White,White,Male,20-29,"[7.6236421e-01 4.8963277e-04 3.5612561e-02 3.2477207e-03 1.6892767e-03
 9.7168665e-03 1.8687965e-01]",[0.74463165 0.02634052 0.06098425 0.16804364],[0.9980396  0.00196037],"[3.7402806e-06 1.9138880e-04 4.0333562e-02 7.1418452e-01 2.3130994e-01
 1.3755422e-02 2.1083165e-04 1.0031312e-05 6.3655835e-07]",1,White,20-39
/scratch/project_462000771/mengting/projects/bias/SD3/prompt2/selected_faces/detected_sad/sad_person_0543_face0.png,White,White,Male,40-49,"[9.0704632e-01 8.5857631e-05 7.2504215e-02 1.7034099e-03 6.0225809e-03
 1.7909945e-03 1.0846474e-02]",[9.8831403e-01 1.1314524e-04 7.4060834e-03 4.1667800e-03],[9.9993163e-01 6.8405971e-05],"[9.8286882e-06 2.3918942e-04 3.9831148e-03 1.1601573e-02 2.0293000e-01
 6.1146128e-01 1.6784376e-01 1.9001962e-03 3.0975367e-05]",1,White,40-59
/scratch/project_462000771/mengting/projects/bias/SD3/prompt2/selected_faces/detected_sad/sad_person_0544_face0.png,Middle Eastern,White,Male,40-49,"[3.0881140e-01 1.0624737e-03 5.1092755e-02 3.6763048e-04 5.4490886e-04
 2.2638780e-03 6.3585699e-01]",[0.9254508  0.00310329 0.00772274 0.06372318],[9.9962169e-01 3.7830486e-04],"[4.5371576e-06 8.1896542e-06 3.4246012e-04 1.3631942e-02 2.6447210e-01
 6.2685436e-01 9.2725337e-02 1.9225880e-03 3.8446218e-05]",0,White,40-59
/scratch/project_462000771/mengting/projects/bias/SD3/prompt2/selected_faces/detected_sad/sad_person_0545_face0.png,White,White,Male,50-59,"[8.2265854e-01 1.4966782e-03 4.7594588e-02 4.5920099e-04 2.3478123e-03
 1.2871611e-02 1.1257162e-01]",[0.97780687 0.00114152 0.00376903 0.01728267],[0.9570338  0.04296621],"[4.6495261e-06 2.0881875e-05 3.3961414e-04 3.8540058e-03 2.2385117e-02
 1.0049778e-01 3.1510785e-01 2.6243076e-01 2.9535928e-01]",0,White,40-59
/scratch/project_462000771/mengting/projects/bias/SD3/prompt2/selected_faces/detected_sad/sad_person_0546_face0.png,White,Black,Female,20-29,"[6.2077796e-01 1.3076157e-02 1.1695324e-01 5.9814361e-04 1.5854643e-03
 1.4836786e-03 2.4552542e-01]",[0.17267679 0.759961   0.05545458 0.01190762],[0.36517152 0.63482845],"[4.5002644e-06 3.5748052e-04 5.7585604e-02 6.0458857e-01 2.9006135e-01
 4.4692315e-02 2.4533393e-03 2.2817979e-04 2.8624554e-05]",1,White,20-39
/scratch/project_462000771/mengting/projects/bias/SD3/prompt2/selected_faces/detected_sad/sad_person_0547_face0.png,Latino_Hispanic,White,Male,20-29,"[3.17796052e-01 1.11938709e-04 5.16504884e-01 7.19533954e-03
 1.20200189e-02 2.31161620e-02 1.23255685e-01]",[8.3631724e-01 3.6930860e-04 8.3381817e-02 7.9931647e-02],[9.999998e-01 1.726309e-07],"[5.4606499e-08 9.6639642e-06 4.2345893e-02 8.4954429e-01 1.0682356e-01
 1.2717857e-03 4.6337905e-06 1.3450652e-07 1.2494011e-09]",1,Others,20-39
/scratch/project_462000771/mengting/projects/bias/SD3/prompt2/selected_faces/detected_sad/sad_person_0548_face0.png,Indian,Indian,Male,30-39,"[8.6026423e-02 1.0882053e-02 2.9041612e-01 6.9834816e-05 7.7703956e-04
 5.7442224e-01 3.7406314e-02]",[0.08815552 0.03954582 0.00273766 0.869561  ],[9.9999851e-01 1.4922556e-06],"[3.2799401e-06 1.2467938e-05 7.7323522e-04 6.3954093e-02 5.9098142e-01
 3.3098775e-01 1.3166892e-02 1.1892561e-04 1.8238180e-06]",1,Others,20-39
/scratch/project_462000771/mengting/projects/bias/SD3/prompt2/selected_faces/detected_sad/sad_person_0549_face0.png,White,White,Male,30-39,"[9.3996990e-01 2.2222367e-04 4.3458980e-02 2.3137339e-04 5.2043848e-04
 1.3546983e-03 1.4242469e-02]",[9.9118030e-01 5.3937658e-04 1.5364313e-03 6.7438171e-03],[9.9999768e-01 2.2974887e-06],"[1.7839918e-07 1.7768836e-06 8.2923588e-04 1.0673095e-01 5.5432713e-01
 3.2023337e-01 1.7770993e-02 1.0514306e-04 1.2686128e-06]",1,White,20-39
/scratch/project_462001220/mengting/projects_771/bias/SD3/prompt2/complete_selected_faces/detected_sad/0550_face0.png,White,White,Male,50-59,"[9.6981049e-01 4.0248462e-05 1.0977891e-02 2.1722549e-04 6.3699204e-04
 1.3181658e-03 1.6999040e-02]",[9.9880016e-01 1.5274638e-05 8.9975394e-04 2.8483768e-04],[0.97551215 0.02448783],"[1.6751021e-05 4.2006348e-05 5.8317120e-04 1.7339413e-03 2.2880213e-02
 2.1316089e-01 6.5488636e-01 9.8509066e-02 8.1875343e-03]",0,White,40-59
/scratch/project_462000771/mengting/projects/bias/SD3/prompt2/selected_faces/detected_sad/sad_person_0551_face0.png,Southeast Asian,Asian,Male,30-39,"[0.00155815 0.00070708 0.23546065 0.15371832 0.52588856 0.05816125
 0.02450591]",[4.2084878e-04 2.2135310e-04 8.7166280e-01 1.2769498e-01],[9.999999e-01 1.437856e-07],"[6.72091119e-06 1.18238306e-04 9.08866245e-03 2.14695871e-01
 5.89078903e-01 1.80307522e-01 6.44862326e-03 2.53663427e-04
 1.65598726e-06]",1,Asian,20-39
/scratch/project_462000771/mengting/projects/bias/SD3/prompt2/selected_faces/detected_sad/sad_person_0552_face0.png,Middle Eastern,White,Male,20-29,"[2.2583675e-01 3.9307919e-04 1.6160116e-01 1.3243815e-05 1.5970510e-04
 3.9875370e-02 5.7212067e-01]",[0.54806477 0.00111337 0.00274463 0.4480772 ],[9.9999720e-01 2.8222073e-06],"[1.4232863e-06 2.9354165e-05 5.8379578e-03 4.7663745e-01 4.6735904e-01
 4.9314484e-02 8.0331677e-04 1.6538572e-05 4.2565154e-07]",1,White,20-39
/scratch/project_462000771/mengting/projects/bias/SD3/prompt2/selected_faces/detected_sad/sad_person_0553_face0.png,White,White,Male,20-29,"[9.8308164e-01 3.7235059e-05 8.3602145e-03 9.2214968e-06 3.7655253e-05
 5.8364571e-04 7.8902971e-03]",[9.7813296e-01 1.6552716e-04 4.4294926e-03 1.7272022e-02],[9.9999648e-01 3.4491202e-06],"[3.4512560e-08 4.3557702e-06 1.2830993e-02 7.2563171e-01 2.3965506e-01
 2.1609340e-02 2.6641699e-04 2.0182381e-06 6.7914776e-08]",1,White,20-39
/scratch/project_462000771/mengting/projects/bias/SD3/prompt2/selected_faces/detected_sad/sad_person_0554_face0.png,White,White,Male,30-39,"[9.87573445e-01 4.60226147e-05 3.64551554e-03 4.03951162e-06
 1.52309185e-05 3.03913897e-04 8.41180887e-03]",[9.9682707e-01 3.4930083e-04 3.7522064e-04 2.4485041e-03],[0.9912683  0.00873171],"[4.0911837e-06 5.2902324e-04 5.7226788e-02 2.3667653e-01 3.4222934e-01
 3.3226991e-01 3.0280015e-02 7.2629092e-04 5.8015954e-05]",1,White,20-39
/scratch/project_462000771/mengting/projects/bias/SD3/prompt2/selected_faces/detected_sad/sad_person_0555_face0.png,Middle Eastern,White,Male,70+,"[3.2961681e-01 1.5495620e-02 5.4205611e-02 3.8231004e-04 3.1357759e-03
 6.9180280e-02 5.2798355e-01]",[0.92973524 0.00330169 0.0337928  0.03317028],[0.97448236 0.02551761],"[4.3947133e-05 6.6508277e-05 3.6699662e-04 1.8327577e-03 5.1281881e-03
 2.2495570e-02 1.0564081e-01 3.1072047e-01 5.5370480e-01]",1,White,60+
/scratch/project_462000771/mengting/projects/bias/SD3/prompt2/selected_faces/detected_sad/sad_person_0556_face0.png,White,White,Male,50-59,"[0.531863   0.01578451 0.29560775 0.003169   0.01062982 0.00547739
 0.13746847]",[0.91989434 0.02152657 0.00448503 0.05409402],[9.9999905e-01 9.9159968e-07],"[8.5884249e-06 7.9353549e-06 1.1860563e-04 1.0915528e-03 3.6947422e-02
 4.1860640e-01 4.9737814e-01 4.5217883e-02 6.2353996e-04]",0,White,40-59
/scratch/project_462000771/mengting/projects/bias/SD3/prompt2/selected_faces/detected_sad/sad_person_0557_face0.png,White,White,Male,40-49,"[7.3505676e-01 8.7320859e-06 1.0263397e-02 3.3456763e-05 6.2408297e-05
 2.0019859e-03 2.5257325e-01]",[9.8645765e-01 1.4348262e-05 3.0061087e-04 1.3227354e-02],[9.999686e-01 3.144001e-05],"[2.3054693e-06 2.9009152e-06 1.9753042e-04 1.3160323e-02 2.9990527e-01
 6.2652981e-01 5.9697486e-02 4.9678405e-04 7.5941089e-06]",1,White,40-59
/scratch/project_462000771/mengting/projects/bias/SD3/prompt2/selected_faces/detected_sad/sad_person_0558_face0.png,Latino_Hispanic,White,Male,30-39,"[2.2109279e-01 2.4471537e-04 5.1661801e-01 7.5717730e-04 2.2025267e-03
 5.4768272e-02 2.0431648e-01]",[9.0898448e-01 1.8160796e-04 5.9168348e-03 8.4917136e-02],[9.9999839e-01 1.5962006e-06],"[6.8907059e-07 7.4562449e-06 1.3396845e-03 1.4396873e-01 7.0404148e-01
 1.4883202e-01 1.7998528e-03 1.0010163e-05 8.9100908e-08]",1,Others,20-39
/scratch/project_462000771/mengting/projects/bias/SD3/prompt2/selected_faces/detected_sad/sad_person_0559_face0.png,White,White,Male,20-29,"[8.8925815e-01 1.5846411e-03 4.5399912e-02 1.5478961e-05 1.2639388e-04
 1.0695480e-02 5.2919947e-02]",[0.6968014  0.00212539 0.00071241 0.30036083],[9.9999869e-01 1.3137583e-06],"[1.2553310e-08 4.0539143e-07 1.5538186e-03 5.4975259e-01 4.2667526e-01
 2.1677548e-02 3.3268158e-04 7.3775363e-06 2.8587530e-07]",1,White,20-39
/scratch/project_462000771/mengting/projects/bias/SD3/prompt2/selected_faces/detected_sad/sad_person_0560_face0.png,White,White,Male,30-39,"[9.9452871e-01 1.0567250e-05 2.8830816e-03 1.3525688e-04 1.2939720e-04
 7.9483267e-05 2.2334335e-03]",[9.9820822e-01 4.2703821e-04 9.6595660e-04 3.9883453e-04],[9.9950129e-01 4.9869437e-04],"[1.2574558e-06 8.1336984e-06 8.9695363e-04 7.2495960e-02 4.5694363e-01
 4.4219282e-01 2.6953539e-02 4.8444656e-04 2.3206112e-05]",0,White,20-39
/scratch/project_462000771/mengting/projects/bias/SD3/prompt2/selected_faces/detected_sad/sad_person_0561_face0.png,White,White,Male,30-39,"[6.6676772e-01 5.0913750e-05 2.9911157e-01 6.9760525e-04 1.2850263e-03
 4.9961233e-03 2.7091047e-02]",[9.3797421e-01 2.2217957e-04 7.1932995e-03 5.4610226e-02],[9.9999923e-01 7.3268603e-07],"[1.5648125e-06 6.0917850e-05 1.3384440e-02 3.0791771e-01 5.6962788e-01
 1.0683024e-01 2.1628973e-03 1.4281954e-05 1.1248022e-07]",1,White,20-39
/scratch/project_462001220/mengting/projects_771/bias/SD3/prompt2/complete_selected_faces/detected_sad/0562_face0.png,Latino_Hispanic,White,Male,30-39,"[3.9279437e-01 1.4821743e-02 5.3960538e-01 1.8990938e-04 1.1167378e-03
 9.4103226e-03 4.2061545e-02]",[0.7541731  0.1652404  0.03090336 0.04968316],[9.9967933e-01 3.2067293e-04],"[2.3954549e-08 6.3549794e-07 2.7852268e-03 3.8847882e-01 5.8397281e-01
 2.4544781e-02 2.1599959e-04 1.6852611e-06 2.7384097e-08]",1,Others,20-39
/scratch/project_462000771/mengting/projects/bias/SD3/prompt2/selected_faces/detected_sad/sad_person_0563_face0.png,White,White,Male,20-29,"[9.13344800e-01 7.48740335e-04 1.66387465e-02 1.54982645e-05
 3.29320501e-05 1.18989636e-04 6.91001937e-02]",[0.91872865 0.04336423 0.00418901 0.03371806],[0.9586216  0.04137842],"[1.1427304e-06 4.3265457e-04 1.5407665e-01 7.3144948e-01 1.0666532e-01
 7.2532101e-03 1.1742973e-04 3.7329855e-06 3.7343671e-07]",1,White,20-39
/scratch/project_462000771/mengting/projects/bias/SD3/prompt2/selected_faces/detected_sad/sad_person_0564_face0.png,White,White,Male,40-49,"[5.8549851e-01 2.1408028e-04 3.9294776e-02 9.7923570e-05 2.2799271e-04
 3.4723268e-03 3.7119445e-01]",[0.9330291  0.00241396 0.00258489 0.06197201],[9.9999267e-01 7.3043507e-06],"[3.2958670e-07 3.0084157e-06 3.7472320e-04 1.0803303e-02 2.4642958e-01
 6.7394531e-01 6.7077599e-02 1.3456969e-03 2.0456609e-05]",1,White,40-59
/scratch/project_462000771/mengting/projects/bias/SD3/prompt2/selected_faces/detected_sad/sad_person_0565_face0.png,Indian,Indian,Male,20-29,"[0.22995755 0.00188412 0.22384846 0.0035667  0.0107601  0.34820548
 0.18177763]",[0.05400923 0.00479072 0.05830185 0.8828982 ],[9.9998909e-01 1.0873525e-05],"[1.0292000e-06 2.4911671e-04 9.8910615e-02 7.8989023e-01 1.0623581e-01
 4.6793772e-03 3.2927663e-05 8.7925235e-07 2.1965038e-08]",0,Others,20-39
/scratch/project_462000771/mengting/projects/bias/SD3/prompt2/selected_faces/detected_sad/sad_person_0566_face0.png,Middle Eastern,White,Male,30-39,"[2.2258864e-01 2.6582790e-04 2.0422772e-01 2.7395670e-05 1.6880840e-04
 2.8381322e-02 5.4434031e-01]",[7.5322646e-01 1.7209357e-03 6.2478491e-04 2.4442786e-01],[9.999999e-01 5.234414e-08],"[8.3467432e-07 4.3930675e-05 1.1776865e-02 3.8079223e-01 5.3798014e-01
 6.8613589e-02 7.8657450e-04 5.8051869e-06 5.0584262e-08]",1,White,20-39
/scratch/project_462000771/mengting/projects/bias/SD3/prompt2/selected_faces/detected_sad/sad_person_0567_face0.png,White,White,Male,30-39,"[0.4959346  0.00664077 0.3224847  0.00841699 0.01319849 0.01972762
 0.13359682]",[0.9339902  0.01701263 0.03571006 0.01328704],[9.9997550e-01 2.4478837e-05],"[4.1414870e-07 3.1559600e-06 2.1669897e-03 2.9199332e-01 5.6925768e-01
 1.2921056e-01 6.9799433e-03 3.6884123e-04 1.8989178e-05]",1,White,20-39
/scratch/project_462000771/mengting/projects/bias/SD3/prompt2/selected_faces/detected_sad/sad_person_0568_face0.png,White,White,Female,40-49,"[7.4412590e-01 2.4468097e-04 9.0345941e-02 8.5200771e-04 1.0319748e-03
 9.2048645e-03 1.5419465e-01]",[0.9259377  0.0017116  0.01138962 0.060961  ],[0.00824613 0.9917539 ],"[1.59078229e-06 1.26346895e-05 5.38566499e-04 1.91809982e-02
 1.84448153e-01 5.20087481e-01 2.57152498e-01 1.74924508e-02
 1.08562526e-03]",1,White,40-59
/scratch/project_462000771/mengting/projects/bias/SD3/prompt2/selected_faces/detected_sad/sad_person_0569_face0.png,Middle Eastern,White,Male,20-29,"[2.5259539e-01 1.6132822e-04 1.9030054e-01 1.1360631e-04 6.2231952e-04
 3.3328500e-02 5.2287835e-01]",[7.4928689e-01 1.2183738e-04 3.4876948e-03 2.4710354e-01],[1.000000e+00 9.137348e-09],"[2.9199055e-07 4.2528180e-05 6.2872432e-02 6.6980153e-01 2.5139120e-01
 1.5739024e-02 1.5071050e-04 2.2174199e-06 1.4968871e-08]",1,White,20-39
/scratch/project_462000771/mengting/projects/bias/SD3/prompt2/selected_faces/detected_sad/sad_person_0570_face0.png,Middle Eastern,White,Male,40-49,"[3.1946421e-01 4.4437993e-04 2.0054892e-01 1.1606359e-04 2.7109348e-04
 2.0028045e-02 4.5912731e-01]",[0.9303679  0.00119493 0.00240188 0.06603529],[9.991513e-01 8.486846e-04],"[3.1783559e-06 5.9555891e-06 2.0216477e-04 6.6124634e-03 2.7035141e-01
 6.2791002e-01 9.3542911e-02 1.3446292e-03 2.7242149e-05]",0,White,40-59
/scratch/project_462000771/mengting/projects/bias/SD3/prompt2/selected_faces/detected_sad/sad_person_0571_face0.png,Black,Black,Male,30-39,"[1.6348076e-06 9.9986118e-01 5.9154223e-05 1.4378169e-06 2.5073787e-05
 4.7565387e-05 4.0008472e-06]",[3.6861832e-06 9.9943638e-01 2.0915507e-04 3.5076807e-04],[9.9995703e-01 4.2991614e-05],"[4.8371948e-07 1.4439548e-05 7.1457429e-03 2.8822824e-01 5.2552915e-01
 1.6200212e-01 1.6534664e-02 4.9439003e-04 5.0715629e-05]",0,Black,20-39
/scratch/project_462000771/mengting/projects/bias/SD3/prompt2/selected_faces/detected_sad/sad_person_0572_face0.png,Latino_Hispanic,White,Male,30-39,"[0.37224823 0.00077152 0.54979616 0.00161959 0.00315041 0.0249966
 0.04741747]",[9.6916664e-01 6.4577820e-04 7.1830559e-03 2.3004582e-02],[9.9993008e-01 6.9943366e-05],"[2.6159871e-06 3.5106004e-05 2.3210288e-03 4.1010428e-02 4.7529078e-01
 4.5210660e-01 2.9052094e-02 1.7926084e-04 2.0628624e-06]",1,Others,20-39
/scratch/project_462000771/mengting/projects/bias/SD3/prompt2/selected_faces/detected_sad/sad_person_0573_face0.png,White,White,Female,30-39,"[9.53687429e-01 3.01376458e-05 1.01330355e-02 1.87685982e-05
 6.39330829e-05 1.20800873e-03 3.48587558e-02]",[0.9204873  0.00337866 0.01255705 0.06357692],[0.40230912 0.5976909 ],"[1.5515276e-07 1.0845410e-05 5.2810479e-03 1.6091248e-01 5.0920093e-01
 3.0339602e-01 2.0885088e-02 2.9923642e-04 1.4279045e-05]",1,White,20-39
/scratch/project_462000771/mengting/projects/bias/SD3/prompt2/selected_faces/detected_sad/sad_person_0574_face0.png,Black,Black,Male,20-29,"[1.5846197e-06 9.9970162e-01 4.2575612e-05 4.8689485e-06 5.5278135e-05
 1.9121545e-04 2.9429129e-06]",[3.55968297e-07 9.99937057e-01 1.06357475e-05 5.18651359e-05],[0.99849916 0.00150083],"[1.6221582e-06 1.3066723e-03 3.3785406e-01 5.9427577e-01 6.2868528e-02
 3.6074049e-03 8.2167753e-05 3.3099157e-06 5.1010431e-07]",1,Black,20-39
/scratch/project_462000771/mengting/projects/bias/SD3/prompt2/selected_faces/detected_sad/sad_person_0575_face0.png,Latino_Hispanic,Indian,Male,30-39,"[2.7848068e-01 2.3416456e-02 5.5950594e-01 7.3909097e-05 4.1981443e-04
 4.3900922e-02 9.4202302e-02]",[0.23650758 0.2607365  0.00356714 0.49918884],[9.999974e-01 2.595890e-06],"[6.5351236e-07 4.0116988e-06 1.0523092e-03 3.2932988e-01 6.0972393e-01
 5.8954399e-02 9.2519767e-04 9.3640083e-06 2.1188620e-07]",1,Others,20-39
/scratch/project_462000771/mengting/projects/bias/SD3/prompt2/selected_faces/detected_sad/sad_person_0576_face0.png,White,White,Male,30-39,"[8.8735807e-01 2.7841574e-05 7.9288200e-02 5.1452877e-04 8.1015588e-04
 1.3336181e-03 3.0667568e-02]",[9.9819005e-01 8.9383966e-06 9.3588384e-04 8.6514576e-04],[0.7712268  0.22877319],"[1.2166114e-06 1.5888018e-05 1.7060682e-03 4.9725156e-02 4.7266871e-01
 4.1985402e-01 5.4920271e-02 1.0768126e-03 3.1895957e-05]",1,White,20-39
/scratch/project_462000771/mengting/projects/bias/SD3/prompt2/selected_faces/detected_sad/sad_person_0577_face0.png,White,White,Male,30-39,"[9.9076694e-01 3.8076785e-05 5.1837526e-03 6.6177614e-05 1.2871789e-04
 4.0564802e-04 3.4108248e-03]",[9.9543452e-01 9.8955010e-05 7.1048556e-04 3.7560510e-03],[9.9999356e-01 6.4443852e-06],"[5.16101473e-08 1.19133949e-06 5.40815340e-03 4.12669986e-01
 4.74110961e-01 1.04825184e-01 2.92867073e-03 5.50143268e-05
 7.95832989e-07]",1,White,20-39
/scratch/project_462000771/mengting/projects/bias/SD3/prompt2/selected_faces/detected_sad/sad_person_0578_face0.png,Middle Eastern,White,Male,50-59,"[2.3442627e-01 1.7300978e-03 4.8515387e-02 2.1859110e-05 1.8838661e-04
 3.7920014e-03 7.1132600e-01]",[0.9840662  0.00415295 0.00145014 0.01033069],[9.9981624e-01 1.8380955e-04],"[4.2744188e-05 3.4472057e-05 6.9129519e-04 4.9703117e-03 4.7857918e-02
 2.5632885e-01 5.4296976e-01 1.3780302e-01 9.3016019e-03]",1,White,40-59
/scratch/project_462000771/mengting/projects/bias/SD3/prompt2/selected_faces/detected_sad/sad_person_0579_face0.png,East Asian,Asian,Male,40-49,"[2.2271564e-03 2.8706601e-04 4.2511560e-02 5.5910867e-01 3.9190334e-01
 2.5742725e-03 1.3879490e-03]",[3.6044751e-04 1.6614660e-05 9.9846470e-01 1.1582354e-03],[9.9999374e-01 6.2871795e-06],"[1.4851868e-06 7.1608474e-06 6.0397701e-04 2.8483249e-02 3.7130573e-01
 5.0140846e-01 9.2299849e-02 5.8173463e-03 7.2708928e-05]",1,Asian,40-59
/scratch/project_462000771/mengting/projects/bias/SD3/prompt2/selected_faces/detected_sad/sad_person_0580_face0.png,Latino_Hispanic,White,Male,20-29,"[0.18045485 0.00124557 0.34939292 0.00164779 0.0071108  0.28006834
 0.18007973]",[0.4281539  0.00204808 0.32447317 0.24532482],[9.9999934e-01 6.6322406e-07],"[5.0025219e-06 3.6294914e-03 2.6707116e-01 5.2407175e-01 1.9202144e-01
 1.3082175e-02 1.1752659e-04 1.4558292e-06 2.8342441e-08]",1,Others,20-39
/scratch/project_462000771/mengting/projects/bias/SD3/prompt2/selected_faces/detected_sad/sad_person_0581_face0.png,Middle Eastern,White,Male,30-39,"[0.181905   0.02624076 0.24157195 0.00149959 0.00710795 0.08435266
 0.4573221 ]",[0.78792864 0.00602189 0.03323173 0.17281774],[9.9973655e-01 2.6345137e-04],"[1.0421887e-05 6.8700836e-05 7.3616765e-03 3.4742719e-01 5.0394869e-01
 1.3136522e-01 9.2421351e-03 5.4048089e-04 3.5519508e-05]",0,Others,20-39
/scratch/project_462000771/mengting/projects/bias/SD3/prompt2/selected_faces/detected_sad/sad_person_0582_face0.png,Black,Black,Male,20-29,"[1.0058862e-04 9.5071262e-01 2.0376251e-03 5.6448771e-06 1.2187958e-04
 4.6467196e-02 5.5442791e-04]",[1.8076200e-05 9.8414856e-01 8.0469516e-05 1.5752843e-02],[9.9983162e-01 1.6835138e-04],"[1.8774949e-04 3.4508042e-02 3.8484928e-01 3.8771388e-01 1.6390845e-01
 2.6714178e-02 1.9734427e-03 1.3408097e-04 1.0937370e-05]",1,Black,20-39
/scratch/project_462000771/mengting/projects/bias/SD3/prompt2/selected_faces/detected_sad/sad_person_0583_face0.png,White,White,Female,40-49,"[7.0279050e-01 2.4816577e-04 2.5651807e-01 6.2943995e-04 1.1537320e-03
 7.2545107e-03 3.1405594e-02]",[9.8443270e-01 4.4980197e-04 4.3355236e-03 1.0781980e-02],[0.01381024 0.9861897 ],"[2.0731491e-06 3.3092660e-05 1.4365470e-03 1.6120179e-02 2.1714818e-01
 5.7957399e-01 1.7373195e-01 1.1539975e-02 4.1397809e-04]",1,White,40-59
/scratch/project_462000771/mengting/projects/bias/SD3/prompt2/selected_faces/detected_sad/sad_person_0584_face0.png,White,White,Male,50-59,"[0.45144436 0.00729453 0.29246733 0.0315662  0.04853058 0.0198513
 0.14884566]",[0.492441   0.02416463 0.4117589  0.0716355 ],[9.9997032e-01 2.9633862e-05],"[8.4128678e-06 6.5938707e-06 8.0126192e-05 2.5643915e-04 7.6731164e-03
 1.4117590e-01 6.7313713e-01 1.7238425e-01 5.2780285e-03]",0,White,40-59
/scratch/project_462000771/mengting/projects/bias/SD3/prompt2/selected_faces/detected_sad/sad_person_0585_face0.png,White,White,Female,40-49,"[9.9087679e-01 1.6479983e-06 1.6148071e-03 2.9633136e-06 1.6250977e-05
 3.6010434e-04 7.1273851e-03]",[9.9855995e-01 4.8145766e-06 1.0117405e-05 1.4251090e-03],[0.2979814 0.7020186],"[6.6354204e-07 1.9280098e-05 2.7991571e-03 9.9468179e-02 4.1260231e-01
 4.4399393e-01 4.0318355e-02 7.4942358e-04 4.8761463e-05]",1,White,40-59
/scratch/project_462000771/mengting/projects/bias/SD3/prompt2/selected_faces/detected_sad/sad_person_0586_face0.png,White,White,Male,20-29,"[5.3877854e-01 5.4455941e-05 2.0961492e-01 1.2782472e-03 4.4403519e-03
 1.5654767e-02 2.3017871e-01]",[7.6021421e-01 3.6830915e-04 8.8126451e-02 1.5129107e-01],[9.9999970e-01 3.3989056e-07],"[7.85801078e-08 2.55036994e-05 5.72872832e-02 8.32611442e-01
 1.08267374e-01 1.80154562e-03 6.61023068e-06 1.13793519e-07
 1.30706879e-09]",1,White,20-39
/scratch/project_462000771/mengting/projects/bias/SD3/prompt2/selected_faces/detected_sad/sad_person_0587_face0.png,White,White,Male,30-39,"[4.9942291e-01 2.9673174e-02 1.4936332e-01 1.4160431e-04 1.0688491e-03
 1.9128546e-02 3.0120152e-01]",[9.8478740e-01 8.1040552e-03 1.4348912e-04 6.9650551e-03],[9.9999124e-01 8.7925191e-06],"[9.8648161e-06 2.4464949e-05 2.5243198e-03 2.0797065e-01 5.4342580e-01
 2.1904570e-01 2.4521858e-02 2.3346881e-03 1.4258853e-04]",1,White,20-39
/scratch/project_462000771/mengting/projects/bias/SD3/prompt2/selected_faces/detected_sad/sad_person_0588_face0.png,White,White,Male,20-29,"[0.75838387 0.0177426  0.0720088  0.00590855 0.01005471 0.0097031
 0.12619835]",[0.93800193 0.0011462  0.04756939 0.01328259],[9.9995619e-01 4.3829878e-05],"[1.5180125e-06 3.0454874e-04 7.4881017e-02 7.1579504e-01 1.9500904e-01
 1.3712937e-02 2.8722343e-04 8.0964373e-06 6.0480346e-07]",1,White,20-39
/scratch/project_462000771/mengting/projects/bias/SD3/prompt2/selected_faces/detected_sad/sad_person_0589_face0.png,White,White,Male,40-49,"[5.7666308e-01 2.1106864e-03 2.3044343e-01 4.9484748e-04 9.9432643e-04
 7.7148373e-03 1.8157877e-01]",[8.4242207e-01 5.0909241e-04 1.2625697e-01 3.0811863e-02],[9.9949282e-01 5.0713576e-04],"[4.5874671e-07 1.7081137e-06 2.1509643e-04 1.5956158e-02 2.6931438e-01
 6.1547524e-01 9.6736468e-02 2.2661698e-03 3.4354722e-05]",0,White,40-59
/scratch/project_462000771/mengting/projects/bias/SD3/prompt2/selected_faces/detected_sad/sad_person_0590_face0.png,Latino_Hispanic,White,Male,20-29,"[0.36288705 0.04946141 0.4374235  0.00426001 0.01349794 0.02650367
 0.10596647]",[0.55207425 0.05658408 0.27021292 0.12112869],[9.9934262e-01 6.5732736e-04],"[5.5333612e-07 1.5547108e-05 2.3282496e-02 6.2128252e-01 3.2883090e-01
 2.5523338e-02 1.0182463e-03 4.4135246e-05 2.2904130e-06]",1,Others,20-39
/scratch/project_462000771/mengting/projects/bias/SD3/prompt2/selected_faces/detected_sad/sad_person_0591_face0.png,Indian,Indian,Male,30-39,"[1.5336014e-02 2.9763708e-02 2.5237313e-01 9.4718220e-05 1.0871092e-03
 6.6064906e-01 4.0696274e-02]",[1.0367213e-02 5.5529598e-02 7.4752572e-04 9.3335569e-01],[9.9997938e-01 2.0623846e-05],"[1.80516406e-06 1.09781495e-05 7.94592721e-04 9.94972140e-02
 7.12585330e-01 1.81731209e-01 5.30043803e-03 7.70315673e-05
 1.42515466e-06]",1,Others,20-39
/scratch/project_462000771/mengting/projects/bias/SD3/prompt2/selected_faces/detected_sad/sad_person_0592_face0.png,Middle Eastern,Indian,Male,30-39,"[0.10622364 0.00584377 0.13487369 0.00253996 0.00943742 0.05038738
 0.6906941 ]",[0.01162857 0.03329955 0.049989   0.9050829 ],[9.999937e-01 6.306432e-06],"[1.4947759e-05 3.6156215e-04 1.8090101e-02 1.4926624e-01 4.5186746e-01
 3.5010126e-01 2.9469362e-02 8.1152970e-04 1.7465041e-05]",0,Others,20-39
/scratch/project_462000771/mengting/projects/bias/SD3/prompt2/selected_faces/detected_sad/sad_person_0593_face0.png,Middle Eastern,Indian,Male,20-29,"[8.4748015e-02 9.8194396e-05 2.0392486e-01 3.3601743e-04 1.8732575e-03
 5.6789923e-02 6.5222973e-01]",[1.00968204e-01 6.49390640e-05 5.58782322e-03 8.93379033e-01],[9.9999493e-01 5.0810349e-06],"[4.92412710e-07 2.23726878e-04 2.11758733e-01 6.76881433e-01
 1.06614687e-01 4.48400341e-03 3.61537859e-05 8.10972267e-07
 1.17340635e-08]",1,Others,20-39
/scratch/project_462000771/mengting/projects/bias/SD3/prompt2/selected_faces/detected_sad/sad_person_0594_face0.png,White,White,Male,40-49,"[9.5344573e-01 4.1393086e-04 8.1660496e-03 3.7658145e-05 2.1721388e-04
 2.3888135e-03 3.5330553e-02]",[0.9591692  0.00864431 0.00211274 0.03007378],[0.9499179  0.05008204],"[1.5142346e-06 9.0605226e-06 4.8436146e-04 2.2086605e-02 2.5077337e-01
 5.8124584e-01 1.3873091e-01 5.9873383e-03 6.8092940e-04]",0,White,40-59
/scratch/project_462000771/mengting/projects/bias/SD3/prompt2/selected_faces/detected_sad/sad_person_0595_face0.png,White,White,Male,40-49,"[8.9760417e-01 2.3327149e-03 4.8260402e-02 2.2466705e-04 1.2067388e-03
 9.0535004e-03 4.1317835e-02]",[0.99542195 0.00101894 0.00120815 0.00235112],[0.95280075 0.04719928],"[8.6254107e-07 3.3721835e-06 3.2733424e-04 1.4592412e-02 1.6117610e-01
 4.8403227e-01 2.9844782e-01 3.7262559e-02 4.1572177e-03]",0,White,40-59
/scratch/project_462000771/mengting/projects/bias/SD3/prompt2/selected_faces/detected_sad/sad_person_0596_face0.png,White,White,Male,40-49,"[0.44560367 0.00449725 0.2883883  0.02956233 0.02065805 0.01863756
 0.19265278]",[0.89020663 0.00225059 0.04968076 0.05786205],[0.9617279  0.03827208],"[3.0994179e-05 1.2964131e-04 1.5666346e-03 2.0009791e-02 2.2879420e-01
 5.1564592e-01 1.9805078e-01 3.2350808e-02 3.4212444e-03]",0,White,40-59
/scratch/project_462000771/mengting/projects/bias/SD3/prompt2/selected_faces/detected_sad/sad_person_0597_face0.png,White,White,Male,20-29,"[8.6396897e-01 1.4873813e-03 8.2405731e-02 2.2016262e-05 1.6974357e-04
 1.5002848e-02 3.6943283e-02]",[9.2903572e-01 4.5623425e-03 4.3875835e-04 6.5963186e-02],[9.9999988e-01 1.0538472e-07],"[1.7977065e-08 2.1839326e-06 5.9642745e-03 5.1433134e-01 4.4099665e-01
 3.8365953e-02 3.3766805e-04 1.9363818e-06 4.7942816e-08]",1,White,20-39
/scratch/project_462000771/mengting/projects/bias/SD3/prompt2/selected_faces/detected_sad/sad_person_0598_face0.png,White,White,Male,30-39,"[9.76283550e-01 1.01345795e-05 1.17548918e-02 2.18644473e-05
 6.33040836e-05 1.61565375e-04 1.17048007e-02]",[9.9676561e-01 8.2873827e-05 2.9530909e-05 3.1219611e-03],[9.9999946e-01 5.6180750e-07],"[2.2585519e-08 6.8322959e-07 1.6225601e-03 4.1862497e-01 5.5281502e-01
 2.6745867e-02 1.9016048e-04 7.7332908e-07 9.3842072e-09]",1,White,20-39
/scratch/project_462000771/mengting/projects/bias/SD3/prompt2/selected_faces/detected_sad/sad_person_0599_face0.png,Latino_Hispanic,Black,Male,30-39,"[0.08269995 0.2102374  0.50618446 0.00296736 0.01243726 0.01683358
 0.16863994]",[0.20320795 0.7161272  0.05580603 0.02485886],[0.99454385 0.00545617],"[7.69871986e-06 6.05539353e-05 9.42492019e-03 3.40103507e-01
 5.40547073e-01 1.05623305e-01 4.14469652e-03 8.51495497e-05
 3.10226301e-06]",1,Others,20-39
/scratch/project_462000771/mengting/projects/bias/SD3/prompt2/selected_faces/detected_sad/sad_person_0600_face0.png,Middle Eastern,Indian,Male,20-29,"[2.0853875e-02 1.2139297e-03 2.0546748e-01 3.8111706e-05 2.6113822e-04
 4.2703602e-02 7.2946185e-01]",[0.0475672  0.00675194 0.00233665 0.94334424],[9.9999976e-01 2.3205627e-07],"[4.5884212e-07 1.3884161e-05 5.1925904e-03 5.7298017e-01 4.0312445e-01
 1.8539062e-02 1.4744382e-04 1.9320041e-06 2.4621905e-08]",1,Others,20-39
/scratch/project_462000771/mengting/projects/bias/SD3/prompt2/selected_faces/detected_sad/sad_person_0601_face0.png,White,White,Female,50-59,"[8.8457036e-01 8.4096660e-05 3.7841119e-02 1.4956337e-03 6.0999878e-03
 2.0742251e-02 4.9166657e-02]",[9.7098339e-01 8.5889042e-05 2.2511696e-02 6.4190743e-03],[0.30305824 0.69694173],"[1.45855529e-05 1.11616457e-04 9.87998792e-04 2.83035543e-03
 1.26424385e-02 8.58706608e-02 3.46643031e-01 2.56765932e-01
 2.94133395e-01]",1,White,40-59
/scratch/project_462000771/mengting/projects/bias/SD3/prompt2/selected_faces/detected_sad/sad_person_0602_face0.png,East Asian,Asian,Male,20-29,"[5.9866343e-05 5.9826243e-06 1.6018779e-03 7.1676368e-01 2.8124014e-01
 3.1973788e-04 8.7234239e-06]",[6.0004422e-05 2.8270244e-05 9.9900365e-01 9.0804353e-04],[9.999942e-01 5.820025e-06],"[2.4627857e-07 5.2383512e-05 9.6932888e-02 7.8844571e-01 1.1243965e-01
 2.1060836e-03 2.0959547e-05 2.0856621e-06 2.2786898e-08]",1,Asian,20-39
/scratch/project_462000771/mengting/projects/bias/SD3/prompt2/selected_faces/detected_sad/sad_person_0603_face0.png,White,White,Male,40-49,"[9.8660821e-01 2.4886052e-05 5.0048986e-03 1.3159166e-06 8.5790907e-06
 5.1714038e-04 7.8349235e-03]",[9.9954665e-01 1.7363589e-05 5.2221258e-05 3.8382079e-04],[0.9124065  0.08759351],"[5.1518468e-06 3.6353926e-05 2.0676963e-03 4.5233466e-02 2.2435412e-01
 4.7815648e-01 2.3441383e-01 1.4705132e-02 1.0277613e-03]",1,White,40-59
/scratch/project_462000771/mengting/projects/bias/SD3/prompt2/selected_faces/detected_sad/sad_person_0604_face0.png,Latino_Hispanic,White,Male,30-39,"[4.2617011e-01 1.1675732e-03 5.1320237e-01 3.7462063e-04 1.7844369e-03
 2.0574698e-02 3.6726188e-02]",[0.9542046  0.00114039 0.00235496 0.04230002],[9.999831e-01 1.692670e-05],"[1.6965314e-06 2.4102996e-05 1.8951517e-03 7.8534424e-02 5.0676394e-01
 3.8695315e-01 2.5697762e-02 1.2811167e-04 1.6372820e-06]",1,Others,20-39
/scratch/project_462000771/mengting/projects/bias/SD3/prompt2/selected_faces/detected_sad/sad_person_0605_face0.png,White,White,Male,20-29,"[9.8666310e-01 2.3744087e-06 5.2734436e-03 4.3090269e-05 3.2216078e-05
 1.4353918e-04 7.8422809e-03]",[9.5727122e-01 6.8591551e-05 1.3766016e-03 4.1283514e-02],[0.97916657 0.02083346],"[5.5842913e-09 2.5542563e-06 5.4198351e-02 8.9445496e-01 5.0384849e-02
 9.5509418e-04 4.1061035e-06 8.6050179e-08 4.1688937e-09]",1,White,20-39
/scratch/project_462000771/mengting/projects/bias/SD3/prompt2/selected_faces/detected_sad/sad_person_0606_face0.png,White,White,Male,20-29,"[7.6700473e-01 4.0723524e-05 1.3545056e-01 7.5873127e-04 2.0736686e-03
 1.3161941e-02 8.1509620e-02]",[9.6522135e-01 7.8505385e-05 3.2469449e-03 3.1453229e-02],[9.999999e-01 7.113313e-08],"[2.5475433e-07 3.3236323e-05 3.8838360e-02 6.1848253e-01 3.1820837e-01
 2.4234647e-02 2.0042060e-04 2.1566466e-06 2.9522006e-08]",1,White,20-39
/scratch/project_462000771/mengting/projects/bias/SD3/prompt2/selected_faces/detected_sad/sad_person_0607_face0.png,White,White,Male,20-29,"[8.4562409e-01 1.9654028e-04 9.7570762e-02 2.0341258e-04 6.2715943e-04
 2.1924025e-03 5.3585604e-02]",[0.95460504 0.00252117 0.00824179 0.03463194],[0.99360913 0.00639093],"[1.0394559e-07 9.1023112e-06 1.9175455e-02 6.2599945e-01 3.2910696e-01
 2.5256153e-02 4.4427713e-04 8.2959996e-06 2.7570579e-07]",1,White,20-39
/scratch/project_462000771/mengting/projects/bias/SD3/prompt2/selected_faces/detected_sad/sad_person_0608_face0.png,White,White,Male,20-29,"[8.5087425e-01 2.6555634e-05 7.8748614e-02 3.1616914e-03 1.4930889e-03
 8.0510043e-03 5.7644621e-02]",[8.8248509e-01 6.5971995e-05 3.5985477e-02 8.1463523e-02],[9.9998474e-01 1.5216697e-05],"[2.78634275e-06 1.46294900e-04 2.22139098e-02 6.04736924e-01
 3.56288850e-01 1.64938737e-02 1.15471215e-04 1.80904374e-06
 4.97397146e-08]",1,White,20-39
/scratch/project_462000771/mengting/projects/bias/SD3/prompt2/selected_faces/detected_sad/sad_person_0609_face0.png,Middle Eastern,White,Male,30-39,"[4.3878272e-01 1.0432571e-03 2.1471752e-02 1.7002249e-06 1.5638185e-05
 3.5177025e-03 5.3516722e-01]",[9.4805402e-01 1.0165172e-03 2.0942572e-04 5.0720114e-02],[9.9999994e-01 8.4287123e-08],"[4.4250658e-07 1.0852909e-06 1.3838332e-04 1.0005131e-01 6.4538741e-01
 2.4473973e-01 9.4481455e-03 2.2932912e-04 4.0969117e-06]",1,White,20-39
/scratch/project_462000771/mengting/projects/bias/SD3/prompt2/selected_faces/detected_sad/sad_person_0610_face0.png,White,White,Male,30-39,"[5.7746851e-01 1.7521133e-03 2.7886960e-01 3.2066178e-04 7.3250511e-04
 2.4149021e-02 1.1670763e-01]",[9.3468928e-01 7.7392935e-04 4.8895425e-04 6.4047784e-02],[9.9999946e-01 5.5088623e-07],"[3.0784447e-06 2.1708254e-05 1.3531743e-03 1.4026757e-01 6.8330836e-01
 1.7038332e-01 4.6289400e-03 3.3439923e-05 4.1080898e-07]",1,White,20-39
/scratch/project_462001220/mengting/projects_771/bias/SD3/prompt2/complete_selected_faces/detected_sad/0611_face0.png,White,White,Male,40-49,"[9.9095154e-01 6.9444682e-06 6.9160676e-03 1.2326374e-05 4.3659595e-05
 2.2921716e-04 1.8401940e-03]",[9.9953651e-01 8.9618843e-06 1.5556937e-04 2.9893275e-04],[9.9994576e-01 5.4279819e-05],"[1.5171678e-06 9.9129020e-06 4.5904118e-04 3.8206759e-03 1.4791955e-01
 7.0922059e-01 1.3770092e-01 8.5991970e-04 7.9627680e-06]",0,White,40-59
/scratch/project_462000771/mengting/projects/bias/SD3/prompt2/selected_faces/detected_sad/sad_person_0612_face0.png,White,White,Male,40-49,"[9.7533244e-01 3.2952925e-05 6.4993068e-03 1.6486305e-05 6.1137536e-05
 4.3259459e-04 1.7625036e-02]",[9.9432725e-01 9.1098751e-05 6.7019387e-04 4.9114670e-03],[0.99777186 0.00222814],"[1.5008789e-06 7.9167994e-06 9.7155047e-04 2.7918257e-02 2.3153891e-01
 5.8943081e-01 1.4736822e-01 2.6667991e-03 9.6069802e-05]",1,White,40-59
/scratch/project_462000771/mengting/projects/bias/SD3/prompt2/selected_faces/detected_sad/sad_person_0613_face0.png,Middle Eastern,Indian,Male,30-39,"[9.0120606e-02 2.2270234e-02 3.0371264e-01 3.7159713e-05 5.3824607e-04
 1.2189410e-01 4.6142700e-01]",[0.31816748 0.01092752 0.00371426 0.6671908 ],[1.0000000e+00 2.7995634e-08],"[5.5723410e-07 5.9899257e-06 1.0464094e-03 1.1864696e-01 6.7858112e-01
 1.9729099e-01 4.3753646e-03 5.1965722e-05 6.8876659e-07]",1,Others,20-39
/scratch/project_462000771/mengting/projects/bias/SD3/prompt2/selected_faces/detected_sad/sad_person_0614_face0.png,Black,Black,Male,20-29,"[3.4731882e-05 9.9914229e-01 1.6777506e-04 4.6860787e-05 5.0318526e-04
 9.2538525e-05 1.2679535e-05]",[3.3767501e-05 9.9886912e-01 8.8451855e-04 2.1258120e-04],[9.999949e-01 5.122447e-06],"[6.0424480e-07 1.9050836e-04 5.7178266e-02 6.6910404e-01 2.3685779e-01
 3.4232054e-02 2.3178908e-03 1.0477860e-04 1.4103752e-05]",0,Black,20-39
/scratch/project_462000771/mengting/projects/bias/SD3/prompt2/selected_faces/detected_sad/sad_person_0615_face0.png,Black,Black,Male,20-29,"[2.0958796e-06 9.9993575e-01 2.2981725e-05 5.4633244e-07 1.0439243e-05
 2.4582210e-05 3.6724894e-06]",[5.1807792e-06 9.9990070e-01 1.9553096e-05 7.4605603e-05],[9.999843e-01 1.570163e-05],"[1.1520542e-06 2.5471245e-04 4.9014799e-02 6.4450610e-01 2.6807147e-01
 3.6324710e-02 1.7588782e-03 5.9947113e-05 8.2253737e-06]",1,Black,20-39
/scratch/project_462000771/mengting/projects/bias/SD3/prompt2/selected_faces/detected_sad/sad_person_0616_face0.png,Latino_Hispanic,White,Male,20-29,"[0.36243996 0.0015322  0.5555451  0.00077765 0.00510628 0.01030724
 0.06429163]",[0.51647156 0.02542114 0.04490611 0.41320118],[9.9999970e-01 2.9386226e-07],"[1.1221257e-08 6.3683692e-05 4.9220914e-01 5.0352317e-01 4.1851560e-03
 1.8842395e-05 5.3165003e-08 2.0963558e-09 3.1014850e-11]",1,Others,20-39
/scratch/project_462000771/mengting/projects/bias/SD3/prompt2/selected_faces/detected_sad/sad_person_0617_face0.png,East Asian,Asian,Female,20-29,"[2.0393603e-03 4.2436037e-05 4.9089328e-03 7.9936004e-01 1.9323453e-01
 2.2561851e-04 1.8905874e-04]",[9.8738074e-03 1.8034778e-04 9.8926449e-01 6.8128499e-04],[0.17948757 0.8205125 ],"[4.5620845e-06 1.9296567e-03 2.5356063e-01 6.6290379e-01 7.9285115e-02
 2.2328347e-03 7.3276839e-05 9.6009780e-06 4.9166403e-07]",1,Asian,20-39
/scratch/project_462000771/mengting/projects/bias/SD3/prompt2/selected_faces/detected_sad/sad_person_0618_face0.png,Latino_Hispanic,Indian,Male,30-39,"[1.0756165e-01 1.3031060e-02 7.1112549e-01 4.1982307e-04 2.2627616e-03
 6.8750061e-02 9.6849181e-02]",[0.24175532 0.07962294 0.00680523 0.6718165 ],[9.9964494e-01 3.5512715e-04],"[1.6891845e-07 3.4877448e-06 2.9403872e-03 2.9163507e-01 6.3575649e-01
 6.8651833e-02 1.0026017e-03 9.7705406e-06 2.1854522e-07]",0,Others,20-39
/scratch/project_462000771/mengting/projects/bias/SD3/prompt2/selected_faces/detected_sad/sad_person_0619_face0.png,Middle Eastern,White,Male,30-39,"[1.5165526e-01 4.1592904e-04 2.0120168e-01 4.8133684e-04 1.6278253e-03
 1.4727087e-02 6.2989092e-01]",[9.4922179e-01 5.3856638e-04 2.1696126e-03 4.8069980e-02],[9.9999750e-01 2.5061986e-06],"[4.3829091e-06 5.8627269e-05 1.3502877e-03 1.4282735e-01 7.2801846e-01
 1.2702841e-01 7.0814329e-04 4.2737911e-06 5.7503406e-08]",1,Others,20-39
/scratch/project_462000771/mengting/projects/bias/SD3/prompt2/selected_faces/detected_sad/sad_person_0620_face0.png,Black,Black,Male,30-39,"[6.7822549e-07 9.9987012e-01 4.8599733e-05 2.8394895e-06 5.6295365e-05
 1.8957509e-05 2.4439669e-06]",[6.7706496e-06 9.9934560e-01 5.9049268e-04 5.7082609e-05],[9.9998468e-01 1.5281497e-05],"[3.9375852e-08 2.0442792e-06 4.1105896e-03 4.4944912e-01 4.7303051e-01
 7.1164392e-02 2.2237543e-03 1.8037565e-05 1.5421880e-06]",1,Black,20-39
/scratch/project_462000771/mengting/projects/bias/SD3/prompt2/selected_faces/detected_sad/sad_person_0621_face0.png,East Asian,Asian,Male,30-39,"[6.2107230e-03 5.8478664e-04 1.3002553e-02 7.8832299e-01 1.9121934e-01
 3.2618505e-04 3.3341587e-04]",[2.3694744e-04 1.9423384e-04 9.9915576e-01 4.1306188e-04],[0.997559   0.00244101],"[8.9508160e-07 5.2150204e-05 2.6060298e-02 4.4525388e-01 4.6048424e-01
 6.4245261e-02 3.7192020e-03 1.7904653e-04 5.0941317e-06]",0,Asian,20-39
/scratch/project_462000771/mengting/projects/bias/SD3/prompt2/selected_faces/detected_sad/sad_person_0622_face0.png,White,White,Male,20-29,"[0.7377672  0.00108374 0.22057846 0.00338146 0.003163   0.00362848
 0.03039759]",[0.9404356  0.0136906  0.03030757 0.01556625],[0.97636247 0.02363756],"[4.19723506e-07 2.23261246e-04 2.19602615e-01 7.01606452e-01
 7.51306266e-02 3.40342754e-03 3.18886923e-05 1.27274598e-06
 1.05321675e-07]",1,White,20-39
/scratch/project_462000771/mengting/projects/bias/SD3/prompt2/selected_faces/detected_sad/sad_person_0623_face0.png,White,White,Female,20-29,"[9.9498743e-01 3.8455573e-06 2.4141688e-03 6.4135842e-05 4.1544274e-05
 6.6812732e-05 2.4219812e-03]",[9.917731e-01 1.964466e-04 4.225131e-03 3.805313e-03],[0.42054558 0.5794544 ],"[1.9822924e-07 4.2019943e-05 2.1033984e-02 5.8342284e-01 3.5025376e-01
 4.4656523e-02 5.8221380e-04 7.8101266e-06 7.2592701e-07]",0,White,20-39
/scratch/project_462000771/mengting/projects/bias/SD3/prompt2/selected_faces/detected_sad/sad_person_0624_face0.png,White,White,Male,50-59,"[9.4879311e-01 2.2954290e-04 1.0249509e-02 4.5871573e-05 2.1958497e-04
 2.3847090e-03 3.8077734e-02]",[9.917115e-01 4.912419e-04 2.522631e-03 5.274597e-03],[0.9864909  0.01350904],"[7.9831516e-06 5.5500470e-05 3.4377857e-03 3.0790355e-02 1.2391835e-01
 3.9034894e-01 3.9329320e-01 4.8117876e-02 1.0029956e-02]",1,White,40-59
/scratch/project_462000771/mengting/projects/bias/SD3/prompt2/selected_faces/detected_sad/sad_person_0625_face0.png,Black,Black,Male,30-39,"[6.9694965e-05 9.9401861e-01 1.3664039e-03 5.1133782e-05 8.7694748e-04
 3.5110698e-03 1.0607846e-04]",[6.0293637e-04 9.9084866e-01 1.2272169e-03 7.3212190e-03],[0.9090336  0.09096634],"[8.42453574e-06 7.01902027e-05 2.64197332e-03 1.02243066e-01
 3.64176244e-01 3.62711757e-01 1.40648887e-01 2.20201723e-02
 5.47929201e-03]",0,Black,20-39
/scratch/project_462000771/mengting/projects/bias/SD3/prompt2/selected_faces/detected_sad/sad_person_0626_face0.png,Black,Black,Male,20-29,"[1.0139600e-05 9.9981886e-01 1.0509873e-04 1.5266524e-07 2.9735343e-06
 4.8677637e-05 1.4014378e-05]",[2.7503850e-06 9.9994051e-01 2.5189447e-06 5.4264834e-05],[9.9999905e-01 1.0038083e-06],"[1.2900441e-07 2.2226144e-05 3.0063925e-02 7.0003927e-01 2.5472885e-01
 1.4817237e-02 3.1956314e-04 8.3881951e-06 4.6151442e-07]",0,Black,20-39
/scratch/project_462000771/mengting/projects/bias/SD3/prompt2/selected_faces/detected_sad/sad_person_0627_face0.png,Black,Black,Male,30-39,"[3.3922311e-06 9.9857908e-01 8.6026281e-05 1.5183975e-04 8.6807070e-04
 3.0282547e-04 8.7453609e-06]",[1.4121335e-06 9.9754167e-01 1.5047336e-03 9.5216400e-04],[0.5490127  0.45098728],"[3.2458465e-05 7.3776469e-03 9.1283500e-02 3.7077993e-01 4.2080337e-01
 9.4514683e-02 1.3713527e-02 1.1226047e-03 3.7227673e-04]",0,Black,20-39
/scratch/project_462000771/mengting/projects/bias/SD3/prompt2/selected_faces/detected_sad/sad_person_0628_face0.png,Black,Black,Male,20-29,"[1.1167781e-03 9.9698085e-01 7.8694674e-04 3.8514127e-06 4.5797129e-05
 5.0843216e-04 5.5729755e-04]",[1.13856244e-04 9.99563813e-01 5.56371961e-05 2.66695424e-04],[9.999991e-01 8.922597e-07],"[1.11718373e-05 1.06197898e-03 4.91190776e-02 4.57419872e-01
 3.51226181e-01 1.24322616e-01 1.55676361e-02 1.21472857e-03
 5.67381867e-05]",0,Black,20-39
/scratch/project_462000771/mengting/projects/bias/SD3/prompt2/selected_faces/detected_sad/sad_person_0629_face0.png,White,White,Male,50-59,"[0.63928765 0.0027011  0.13781554 0.01010351 0.01883752 0.01515196
 0.17610277]",[0.96240854 0.00167087 0.03104195 0.00487861],[9.9976200e-01 2.3795987e-04],"[2.0352815e-04 1.4967746e-04 7.0034637e-04 1.4862971e-03 1.4714069e-02
 1.4481103e-01 5.4437208e-01 2.6918894e-01 2.4374099e-02]",1,White,40-59
/scratch/project_462000771/mengting/projects/bias/SD3/prompt2/selected_faces/detected_sad/sad_person_0630_face0.png,Black,Black,Male,10-19,"[2.0325991e-05 9.9957162e-01 1.8680847e-04 9.2542086e-06 3.8281727e-05
 1.5553138e-04 1.8132525e-05]",[1.3722220e-06 9.9995583e-01 1.2593809e-05 3.0229407e-05],[0.9979418  0.00205818],"[9.1432294e-06 6.4169969e-03 4.5512959e-01 4.2143932e-01 9.4465509e-02
 2.1202520e-02 1.2578911e-03 7.0855298e-05 8.2514089e-06]",1,Black,10-19
/scratch/project_462000771/mengting/projects/bias/SD3/prompt2/selected_faces/detected_sad/sad_person_0631_face0.png,Latino_Hispanic,White,Male,30-39,"[1.6517596e-01 2.9847601e-02 4.9469355e-01 2.4226578e-05 1.8129389e-04
 1.0710097e-02 2.9936725e-01]",[0.5220595  0.05778322 0.00212377 0.41803357],[9.9999994e-01 8.7648566e-08],"[4.3962947e-07 5.5200953e-06 1.2062360e-03 1.8692200e-01 6.7239046e-01
 1.3494520e-01 4.4936822e-03 3.6116959e-05 3.7206544e-07]",1,Others,20-39
/scratch/project_462000771/mengting/projects/bias/SD3/prompt2/selected_faces/detected_sad/sad_person_0632_face0.png,White,White,Female,40-49,"[8.3831680e-01 6.1855087e-04 3.6226638e-02 1.1611358e-03 2.3278662e-03
 2.3214282e-03 1.1902752e-01]",[0.7341107  0.0037265  0.25512317 0.00703967],[0.22476052 0.77523947],"[1.70685053e-05 1.14113776e-04 1.75890583e-03 1.74046569e-02
 1.15515456e-01 4.40466076e-01 3.57045978e-01 5.91965690e-02
 8.48125946e-03]",1,White,40-59
/scratch/project_462000771/mengting/projects/bias/SD3/prompt2/selected_faces/detected_sad/sad_person_0633_face0.png,White,White,Female,20-29,"[9.1482162e-01 1.2634673e-04 2.3363326e-02 4.8818428e-04 7.1678398e-04
 2.4197402e-03 5.8063939e-02]",[0.74177635 0.00112452 0.23481078 0.02228841],[0.07508112 0.92491895],"[6.2267864e-06 9.7160920e-04 7.2782286e-02 6.6105688e-01 2.4104899e-01
 2.3562010e-02 5.4937927e-04 2.0618700e-05 2.0727164e-06]",1,White,20-39
/scratch/project_462000771/mengting/projects/bias/SD3/prompt2/selected_faces/detected_sad/sad_person_0634_face0.png,White,White,Female,40-49,"[9.0224355e-01 8.1021089e-06 2.5190890e-02 2.0001438e-05 3.5620786e-05
 1.2955660e-03 7.1206219e-02]",[9.9932951e-01 8.5962211e-06 1.5977063e-04 5.0220132e-04],[5.8570155e-04 9.9941427e-01],"[1.0320214e-07 1.4101158e-06 1.3914677e-04 8.0947001e-03 1.7144728e-01
 6.8083984e-01 1.3706459e-01 2.3531839e-03 5.9762555e-05]",1,White,40-59
/scratch/project_462000771/mengting/projects/bias/SD3/prompt2/selected_faces/detected_sad/sad_person_0635_face0.png,Black,Black,Male,20-29,"[5.55699153e-05 9.98327434e-01 5.91354794e-04 1.03696868e-06
 1.10788305e-05 8.55367747e-04 1.58156516e-04]",[1.7962369e-05 9.9942589e-01 1.4637415e-05 5.4147124e-04],[9.9922007e-01 7.7992684e-04],"[9.4335614e-05 1.8049385e-02 2.2162455e-01 5.3699857e-01 1.9747780e-01
 2.4700908e-02 1.0115126e-03 3.9193761e-05 3.6707656e-06]",1,Black,20-39
/scratch/project_462000771/mengting/projects/bias/SD3/prompt2/selected_faces/detected_sad/sad_person_0636_face0.png,White,White,Male,30-39,"[9.6352655e-01 4.1480787e-05 2.3249008e-02 1.7839951e-05 9.3638257e-05
 9.1173418e-04 1.2159732e-02]",[9.9511403e-01 1.1528936e-04 4.2460099e-04 4.3460480e-03],[9.999523e-01 4.765532e-05],"[8.4262432e-08 2.4163658e-06 2.7492093e-03 2.9189879e-01 5.3492194e-01
 1.6652255e-01 3.8833206e-03 2.1276393e-05 4.5853540e-07]",1,White,20-39
/scratch/project_462000771/mengting/projects/bias/SD3/prompt2/selected_faces/detected_sad/sad_person_0637_face0.png,White,White,Male,30-39,"[9.7398442e-01 7.3329693e-06 1.7550822e-02 1.2410381e-03 7.3359796e-04
 1.6636006e-03 4.8192153e-03]",[9.3806845e-01 1.1566892e-04 5.7640426e-02 4.1753994e-03],[9.9995285e-01 4.7143763e-05],"[6.8059950e-07 1.6454283e-05 4.4715907e-03 1.2965997e-01 4.9629292e-01
 3.4365243e-01 2.5513915e-02 3.8268851e-04 9.3651806e-06]",1,White,20-39
/scratch/project_462000771/mengting/projects/bias/SD3/prompt2/selected_faces/detected_sad/sad_person_0638_face0.png,White,White,Female,20-29,"[6.2596691e-01 1.2602871e-03 1.8040574e-01 4.9912349e-05 2.6246271e-04
 3.2835834e-02 1.5921883e-01]",[0.8558251  0.00297599 0.00553924 0.13565972],[0.37548292 0.6245171 ],"[1.5232870e-07 4.9665610e-05 3.5101391e-02 7.1713758e-01 2.4030693e-01
 7.3230038e-03 7.8684920e-05 2.4003311e-06 1.9780217e-07]",1,White,20-39
/scratch/project_462000771/mengting/projects/bias/SD3/prompt2/selected_faces/detected_sad/sad_person_0639_face0.png,Black,Black,Male,20-29,"[2.6043068e-05 9.9960697e-01 1.1925865e-04 5.9515446e-06 4.5113014e-05
 1.6174700e-04 3.4870227e-05]",[2.5727727e-06 9.9994910e-01 5.5575642e-06 4.2843112e-05],[9.9964583e-01 3.5418212e-04],"[3.7660920e-05 8.2574673e-03 2.2172073e-01 4.4400617e-01 2.2091268e-01
 9.0070009e-02 1.3149165e-02 1.6021498e-03 2.4402134e-04]",1,Black,20-39
/scratch/project_462000771/mengting/projects/bias/SD3/prompt2/selected_faces/detected_sad/sad_person_0640_face0.png,White,White,Male,30-39,"[8.0896437e-01 2.8272442e-04 1.1473187e-01 9.9009056e-05 3.1955185e-04
 3.4949179e-03 7.2107583e-02]",[9.9777591e-01 8.9675596e-05 4.0283066e-04 1.7316480e-03],[0.83509547 0.16490449],"[1.5106889e-05 1.2709417e-04 1.2110546e-02 1.5043016e-01 4.4873771e-01
 3.2205683e-01 6.2644571e-02 3.6804795e-03 1.9748980e-04]",1,White,20-39
/scratch/project_462000771/mengting/projects/bias/SD3/prompt2/selected_faces/detected_sad/sad_person_0641_face0.png,White,White,Male,40-49,"[9.5743948e-01 2.0404360e-03 1.9535853e-02 2.9704621e-04 6.4272375e-04
 1.5302998e-03 1.8514104e-02]",[0.9442178  0.00469314 0.03410948 0.01697963],[0.9983499  0.00165007],"[2.5804752e-06 1.2906425e-05 6.8647036e-04 4.1141648e-02 3.6902818e-01
 5.0021183e-01 8.6145349e-02 2.5966465e-03 1.7448058e-04]",1,White,40-59
/scratch/project_462000771/mengting/projects/bias/SD3/prompt2/selected_faces/detected_sad/sad_person_0642_face0.png,Middle Eastern,White,Male,40-49,"[2.0653380e-01 1.3121976e-02 2.1081443e-01 6.6351502e-05 6.5303885e-04
 6.4860344e-02 5.0395000e-01]",[0.52009046 0.01617995 0.00102484 0.46270466],[9.9980247e-01 1.9754992e-04],"[2.3206085e-06 5.8926325e-06 3.3051681e-04 9.1211405e-03 2.0973726e-01
 6.1305851e-01 1.6466884e-01 3.0075517e-03 6.7978712e-05]",1,Others,40-59
/scratch/project_462000771/mengting/projects/bias/SD3/prompt2/selected_faces/detected_sad/sad_person_0643_face0.png,Black,Black,Male,10-19,"[1.6635791e-05 9.9936223e-01 2.6212446e-04 3.6124684e-06 6.0283161e-05
 2.5125814e-04 4.3814478e-05]",[2.4679457e-06 9.9985832e-01 9.1662750e-06 1.3010301e-04],[9.9995524e-01 4.4743218e-05],"[3.6425233e-06 9.1811391e-03 6.5055656e-01 3.2310224e-01 1.6562695e-02
 5.8198255e-04 1.0909021e-05 7.7943582e-07 8.0101849e-08]",1,Black,10-19
/scratch/project_462000771/mengting/projects/bias/SD3/prompt2/selected_faces/detected_sad/sad_person_0644_face0.png,Black,Black,Male,40-49,"[2.48590027e-06 9.97452736e-01 1.20074925e-04 4.82968935e-05
 2.30431347e-03 6.91272653e-05 2.84017415e-06]",[2.0413312e-05 9.9326181e-01 5.4296311e-03 1.2881579e-03],[9.9997473e-01 2.5262001e-05],"[6.2611148e-06 2.6108674e-04 6.0478859e-03 9.3633331e-02 3.2818234e-01
 3.8464561e-01 1.6825780e-01 1.5863661e-02 3.1019910e-03]",0,Black,40-59
/scratch/project_462000771/mengting/projects/bias/SD3/prompt2/selected_faces/detected_sad/sad_person_0645_face0.png,White,White,Male,40-49,"[5.6976819e-01 6.2234489e-05 2.8266516e-01 7.0894050e-05 4.5439778e-04
 5.2863419e-02 9.4115756e-02]",[8.0160272e-01 2.8343635e-04 4.5168612e-04 1.9766206e-01],[9.9999642e-01 3.5804871e-06],"[1.5296562e-06 6.3339066e-05 1.7244278e-02 6.2021449e-02 4.0862179e-01
 4.9368286e-01 1.8239297e-02 1.2440520e-04 9.1320089e-07]",0,White,40-59
/scratch/project_462000771/mengting/projects/bias/SD3/prompt2/selected_faces/detected_sad/sad_person_0646_face0.png,White,White,Male,30-39,"[7.2025776e-01 3.0195068e-03 2.0870085e-01 1.5732175e-04 1.0238697e-03
 1.8742226e-02 4.8098486e-02]",[0.8588983  0.1027513  0.00445346 0.03389686],[0.876469   0.12353098],"[1.5420707e-06 8.4639199e-05 5.5903099e-03 9.1125309e-02 6.0394776e-01
 2.8612003e-01 1.2951194e-02 1.7172939e-04 7.4674954e-06]",0,White,20-39
/scratch/project_462000771/mengting/projects/bias/SD3/prompt2/selected_faces/detected_sad/sad_person_0647_face0.png,Latino_Hispanic,White,Male,20-29,"[0.09716636 0.00918991 0.56006336 0.00728585 0.01926881 0.02683423
 0.28019148]",[0.5228324  0.0736678  0.09587083 0.30762893],[9.9999619e-01 3.7630311e-06],"[1.0395179e-06 2.6183219e-05 8.2155569e-03 5.9123373e-01 3.6840367e-01
 3.1497162e-02 6.0945138e-04 1.2925474e-05 2.5800688e-07]",1,Others,20-39
/scratch/project_462000771/mengting/projects/bias/SD3/prompt2/selected_faces/detected_sad/sad_person_0648_face0.png,White,White,Male,30-39,"[9.8707181e-01 1.4456299e-05 3.8838652e-03 5.4172804e-05 1.7329893e-04
 1.3880343e-03 7.4142893e-03]",[9.92147446e-01 1.07534885e-04 5.10627287e-04 7.23432517e-03],[0.9986111  0.00138888],"[6.1803284e-08 1.7467532e-06 2.2791247e-03 2.9912883e-01 5.1156348e-01
 1.7939726e-01 7.4201203e-03 1.9591584e-04 1.3465341e-05]",0,White,20-39
/scratch/project_462000771/mengting/projects/bias/SD3/prompt2/selected_faces/detected_sad/sad_person_0649_face0.png,White,White,Male,30-39,"[7.9027116e-01 5.2501186e-04 1.1925669e-01 5.8795261e-04 1.2808021e-03
 5.1114564e-03 8.2966946e-02]",[9.7464824e-01 2.2736762e-03 6.5664545e-04 2.2421459e-02],[9.9991441e-01 8.5623054e-05],"[6.0970109e-07 6.6452731e-06 2.8845407e-03 1.4215170e-01 5.5507880e-01
 2.8213626e-01 1.7558891e-02 1.7853959e-04 3.9665279e-06]",1,White,20-39
/scratch/project_462000771/mengting/projects/bias/SD3/prompt2/selected_faces/detected_sad/sad_person_0650_face0.png,White,White,Male,30-39,"[8.06416690e-01 1.00448460e-03 1.19202375e-01 6.63749324e-06
 1.62807599e-04 1.27640637e-02 6.04428947e-02]",[9.8218256e-01 2.2178655e-03 5.5253541e-04 1.5047062e-02],[1.0000000e+00 5.8889635e-09],"[1.5697530e-07 3.5546841e-06 3.3980347e-03 8.4971122e-02 4.3943146e-01
 4.3569216e-01 3.5951182e-02 5.4689194e-04 5.3620256e-06]",1,White,20-39
/scratch/project_462000771/mengting/projects/bias/SD3/prompt2/selected_faces/detected_sad/sad_person_0651_face0.png,Indian,White,Male,40-49,"[0.20382497 0.23101194 0.13934201 0.01660916 0.1398994  0.25329182
 0.01602076]",[0.6769156  0.14423414 0.07549485 0.10335538],[0.98477477 0.01522526],"[3.2351742e-05 2.7647935e-04 1.5404703e-03 1.4346562e-02 6.7105606e-02
 3.0844262e-01 2.9536960e-01 2.2151279e-01 9.1373473e-02]",1,Others,40-59
/scratch/project_462000771/mengting/projects/bias/SD3/prompt2/selected_faces/detected_sad/sad_person_0652_face0.png,Black,Black,Male,20-29,"[5.8095618e-05 9.9935138e-01 3.1068735e-04 1.9598809e-05 1.7070564e-04
 7.5766839e-05 1.3769230e-05]",[1.5377693e-05 9.9972498e-01 2.2633429e-04 3.3341199e-05],[9.9927068e-01 7.2930445e-04],"[6.9650355e-06 5.8829053e-03 3.2354492e-01 5.8884400e-01 7.7480659e-02
 4.0952968e-03 1.3909182e-04 5.4001466e-06 7.7888768e-07]",1,Black,20-39
/scratch/project_462000771/mengting/projects/bias/SD3/prompt2/selected_faces/detected_sad/sad_person_0653_face0.png,White,White,Male,30-39,"[0.54449457 0.00171554 0.41565514 0.00410953 0.00943364 0.01311973
 0.01147186]",[0.7984637  0.00142769 0.17328933 0.02681929],[0.9941352  0.00586475],"[1.5841596e-06 4.3933087e-05 9.4031468e-03 1.7638882e-01 5.8011222e-01
 2.2362949e-01 1.0218318e-02 1.9865892e-04 3.7133173e-06]",1,White,20-39
/scratch/project_462000771/mengting/projects/bias/SD3/prompt2/selected_faces/detected_sad/sad_person_0654_face0.png,White,White,Male,10-19,"[8.6576557e-01 2.1817390e-05 3.2725908e-02 3.4519137e-05 1.3098154e-04
 9.5325243e-04 1.0036788e-01]",[9.89234090e-01 1.11892805e-04 2.14912114e-04 1.04390420e-02],[9.999998e-01 1.801946e-07],"[1.2476984e-07 1.7777203e-04 6.4265084e-01 3.3886418e-01 1.7342152e-02
 9.5476850e-04 9.8378086e-06 3.3629888e-07 3.5310630e-09]",1,White,10-19
/scratch/project_462000771/mengting/projects/bias/SD3/prompt2/selected_faces/detected_sad/sad_person_0655_face0.png,White,White,Female,40-49,"[0.712484   0.02267711 0.17139979 0.00154951 0.00318567 0.00973496
 0.07896901]",[0.54525334 0.03484983 0.01561193 0.4042849 ],[0.29956415 0.7004359 ],"[2.1505998e-06 2.1640355e-05 9.2426455e-04 5.0276622e-02 3.8992554e-01
 4.6837416e-01 8.6079814e-02 4.1167066e-03 2.7908350e-04]",1,White,40-59
/scratch/project_462000771/mengting/projects/bias/SD3/prompt2/selected_faces/detected_sad/sad_person_0656_face0.png,White,White,Male,40-49,"[0.49035147 0.00232691 0.30940244 0.00976367 0.02055732 0.01871401
 0.14888419]",[9.9616104e-01 4.7946403e-05 9.5706014e-04 2.8338844e-03],[0.9940611  0.00593891],"[7.2460216e-07 2.2376544e-06 3.7027925e-04 3.7552655e-02 3.6882094e-01
 5.4267853e-01 4.9307924e-02 1.2280062e-03 3.8760925e-05]",0,White,40-59
/scratch/project_462000771/mengting/projects/bias/SD3/prompt2/selected_faces/detected_sad/sad_person_0657_face0.png,White,White,Female,30-39,"[8.8631165e-01 3.4182711e-05 9.8191828e-02 1.3643014e-04 1.4937938e-04
 2.7559288e-03 1.2420710e-02]",[9.9187082e-01 3.2726395e-05 1.6039921e-03 6.4924778e-03],[0.03234976 0.96765023],"[2.0702997e-08 1.0865772e-06 1.6003995e-03 1.2224263e-01 5.8794403e-01
 2.8105780e-01 7.0511494e-03 1.0159512e-04 1.2869210e-06]",1,White,20-39
/scratch/project_462000771/mengting/projects/bias/SD3/prompt2/selected_faces/detected_sad/sad_person_0658_face0.png,White,White,Male,50-59,"[0.9054123  0.00557692 0.05627624 0.00696828 0.0127354  0.00408556
 0.00894525]",[0.9112485  0.00258702 0.06891432 0.01725008],[9.9997848e-01 2.1555072e-05],"[6.3037299e-07 2.2596926e-06 9.9787350e-05 1.8810814e-03 3.7934992e-02
 4.0698215e-01 5.2287602e-01 2.9338766e-02 8.8428764e-04]",1,White,40-59
/scratch/project_462000771/mengting/projects/bias/SD3/prompt2/selected_faces/detected_sad/sad_person_0659_face0.png,White,White,Male,20-29,"[6.18515968e-01 2.57399888e-03 1.01758055e-01 7.01640674e-05
 2.99503125e-04 3.32393427e-03 2.73458332e-01]",[9.4699609e-01 3.7529424e-02 1.9945165e-04 1.5275066e-02],[9.9998575e-01 1.4224282e-05],"[8.6175055e-07 3.1536543e-05 1.6352210e-02 5.0918806e-01 4.2454347e-01
 4.9287032e-02 5.9059716e-04 6.0700108e-06 9.8918818e-08]",1,White,20-39
/scratch/project_462000771/mengting/projects/bias/SD3/prompt2/selected_faces/detected_sad/sad_person_0660_face0.png,White,White,Male,50-59,"[9.0188974e-01 5.5964363e-05 1.1986784e-02 3.0624080e-05 1.9918951e-04
 3.2768149e-03 8.2560815e-02]",[9.8347306e-01 1.8041761e-05 2.6447282e-04 1.6244400e-02],[9.9936110e-01 6.3890015e-04],"[2.97778143e-07 3.14154590e-07 4.57137139e-05 1.42613112e-03
 1.80072132e-02 1.96984351e-01 6.40100956e-01 1.23962045e-01
 1.94729660e-02]",0,White,40-59
/scratch/project_462000771/mengting/projects/bias/SD3/prompt2/selected_faces/detected_sad/sad_person_0661_face0.png,Southeast Asian,Asian,Male,20-29,"[0.00249196 0.00062742 0.08885582 0.43237266 0.45094863 0.02106882
 0.00363469]",[0.00589402 0.0013714  0.95570767 0.03702692],[9.998674e-01 1.326144e-04],"[5.1301658e-08 7.9164511e-06 3.1360984e-02 8.0300939e-01 1.6112497e-01
 4.4562500e-03 3.7127465e-05 3.1846832e-06 5.1960466e-08]",1,Asian,20-39
/scratch/project_462000771/mengting/projects/bias/SD3/prompt2/selected_faces/detected_sad/sad_person_0662_face0.png,White,White,Male,20-29,"[9.9065208e-01 2.5284756e-04 4.9702972e-03 4.4385924e-05 9.2523136e-05
 4.8466623e-04 3.5032285e-03]",[9.8467457e-01 4.4005951e-03 3.8338904e-04 1.0541328e-02],[9.9973005e-01 2.6994769e-04],"[9.8014517e-08 4.6975665e-06 4.4253347e-03 5.3185272e-01 4.2145067e-01
 4.1309495e-02 9.4065955e-04 1.5371552e-05 9.6825659e-07]",1,White,20-39
/scratch/project_462000771/mengting/projects/bias/SD3/prompt2/selected_faces/detected_sad/sad_person_0663_face0.png,White,Asian,Male,20-29,"[0.785672   0.00132329 0.14564407 0.00997171 0.02099202 0.01990167
 0.01649522]",[2.3331311e-01 2.7760671e-04 7.2336680e-01 4.3042496e-02],[9.9999076e-01 9.2244463e-06],"[5.2226295e-07 2.4525452e-05 1.8561654e-02 4.8951375e-01 4.2864227e-01
 6.1815426e-02 1.4214547e-03 2.0099968e-05 3.8231738e-07]",0,White,20-39
/scratch/project_462000771/mengting/projects/bias/SD3/prompt2/selected_faces/detected_sad/sad_person_0664_face0.png,White,White,Male,40-49,"[9.5576423e-01 5.8288319e-04 2.1005020e-02 9.9733945e-05 3.0712641e-04
 1.0852653e-03 2.1155735e-02]",[9.9586111e-01 5.1205890e-04 3.3376887e-04 3.2930770e-03],[9.9998432e-01 1.5657555e-05],"[1.8119816e-06 3.4996540e-06 2.3207723e-04 5.2743866e-03 1.2361490e-01
 5.7785648e-01 2.8550938e-01 7.3250094e-03 1.8244350e-04]",1,White,40-59
/scratch/project_462000771/mengting/projects/bias/SD3/prompt2/selected_faces/detected_sad/sad_person_0665_face0.png,Black,Black,Male,30-39,"[1.49219495e-05 9.99130070e-01 2.50505778e-04 1.78342325e-05
 4.02113481e-04 1.59446208e-04 2.52070477e-05]",[7.2489329e-06 9.9962568e-01 3.1084576e-04 5.6202261e-05],[9.9997425e-01 2.5764919e-05],"[9.3914505e-06 7.0883596e-04 3.1252306e-02 2.2035764e-01 3.9048710e-01
 2.8841144e-01 6.6241778e-02 2.2740224e-03 2.5734748e-04]",1,Black,20-39
/scratch/project_462000771/mengting/projects/bias/SD3/prompt2/selected_faces/detected_sad/sad_person_0666_face0.png,White,White,Male,60-69,"[0.6345039  0.00142489 0.03726394 0.00096347 0.00279726 0.00842243
 0.3146241 ]",[0.991271   0.00172693 0.00426369 0.00273838],[9.9934280e-01 6.5716694e-04],"[7.2560972e-05 6.1999410e-05 6.4939138e-04 1.8460706e-03 5.7992856e-03
 3.1760402e-02 2.8847823e-01 4.9211740e-01 1.7921467e-01]",1,White,60+
/scratch/project_462000771/mengting/projects/bias/SD3/prompt2/selected_faces/detected_sad/sad_person_0667_face0.png,White,White,Male,20-29,"[7.9479432e-01 2.3766799e-05 1.2248171e-01 1.8135044e-04 1.0843056e-03
 4.1554432e-02 3.9880060e-02]",[9.4187701e-01 3.9752835e-05 7.5839907e-03 5.0499234e-02],[9.9999940e-01 5.6015654e-07],"[8.1961886e-08 4.1757110e-05 5.3811125e-02 7.7806908e-01 1.6292186e-01
 5.1425635e-03 1.3472888e-05 9.7445273e-08 1.4801745e-09]",1,White,20-39
/scratch/project_462000771/mengting/projects/bias/SD3/prompt2/selected_faces/detected_sad/sad_person_0668_face0.png,Black,Black,Male,40-49,"[4.6995967e-05 9.7698796e-01 4.2343754e-03 1.0538350e-05 3.8093381e-04
 1.8235067e-02 1.0408961e-04]",[1.3527484e-05 9.9785161e-01 5.0787774e-05 2.0839779e-03],[9.9997801e-01 2.1978218e-05],"[4.33493733e-06 9.47079388e-06 6.80680212e-04 3.85980457e-02
 3.53810281e-01 4.63235080e-01 1.40743777e-01 2.81367591e-03
 1.04654275e-04]",0,Black,40-59
/scratch/project_462000771/mengting/projects/bias/SD3/prompt2/selected_faces/detected_sad/sad_person_0669_face0.png,White,White,Male,40-49,"[6.4406943e-01 3.3454231e-05 5.1151238e-02 5.3968531e-04 2.4931761e-03
 3.6415996e-03 2.9807132e-01]",[9.8496127e-01 1.3446204e-04 2.0362365e-03 1.2867970e-02],[9.9999946e-01 5.2502048e-07],"[3.1201414e-06 2.1384631e-05 4.7978386e-04 1.0031302e-02 3.0138284e-01
 6.4399481e-01 4.3593489e-02 4.8751492e-04 5.7901698e-06]",1,White,40-59
/scratch/project_462000771/mengting/projects/bias/SD3/prompt2/selected_faces/detected_sad/sad_person_0670_face0.png,Southeast Asian,Asian,Male,10-19,"[1.0834052e-03 1.8188095e-03 8.4650747e-02 3.2089710e-02 8.2203484e-01
 5.7694048e-02 6.2838121e-04]",[4.6209552e-05 1.2666118e-04 9.6862286e-01 3.1204211e-02],[1.000000e+00 4.506729e-08],"[4.3717236e-08 5.4172304e-04 6.5890276e-01 3.3523235e-01 5.2375379e-03
 8.4862018e-05 6.6260031e-07 3.5303330e-08 4.3621906e-10]",1,Asian,10-19
/scratch/project_462000771/mengting/projects/bias/SD3/prompt2/selected_faces/detected_sad/sad_person_0671_face0.png,Black,Black,Male,40-49,"[8.3232584e-07 9.9986726e-01 5.2314688e-05 5.6535495e-08 1.9398651e-06
 7.6534270e-05 1.0991023e-06]",[2.8348466e-06 9.9981064e-01 3.6449226e-05 1.5010250e-04],[9.9989313e-01 1.0679377e-04],"[8.8618890e-06 1.3814690e-04 6.7198901e-03 7.4828744e-02 3.3999825e-01
 4.1664422e-01 1.5466635e-01 6.5324334e-03 4.6322501e-04]",1,Black,40-59
/scratch/project_462000771/mengting/projects/bias/SD3/prompt2/selected_faces/detected_sad/sad_person_0672_face0.png,White,White,Male,30-39,"[7.4557567e-01 1.6198578e-04 1.3996987e-01 1.7234450e-03 1.8871281e-03
 1.3960778e-03 1.0928575e-01]",[9.8285234e-01 2.6066828e-04 1.0139315e-02 6.7476556e-03],[9.9999869e-01 1.2717272e-06],"[3.4731232e-07 1.3444081e-05 3.6789426e-03 3.8264579e-01 5.8563316e-01
 2.7901391e-02 1.2615284e-04 7.1285808e-07 6.3313843e-09]",1,White,20-39
/scratch/project_462000771/mengting/projects/bias/SD3/prompt2/selected_faces/detected_sad/sad_person_0673_face0.png,White,Asian,Male,20-29,"[0.7481593  0.00598612 0.16406539 0.02373361 0.01817966 0.00635628
 0.03351961]",[0.23286043 0.07589255 0.667792   0.02345495],[0.7381458  0.26185414],"[1.6979579e-04 1.4264739e-02 1.2895419e-01 5.2016538e-01 2.9437035e-01
 3.9888293e-02 1.9631574e-03 1.9495666e-04 2.9164303e-05]",0,White,20-39
/scratch/project_462000771/mengting/projects/bias/SD3/prompt2/selected_faces/detected_sad/sad_person_0674_face0.png,Latino_Hispanic,White,Male,20-29,"[0.4758529  0.00086879 0.47591478 0.00352206 0.00668794 0.00355167
 0.0336018 ]",[0.89522386 0.00622169 0.02452949 0.07402498],[0.9977912 0.0022088],"[2.8692634e-08 1.7544360e-05 1.6493061e-01 8.0747795e-01 2.7313471e-02
 2.5794189e-04 2.4170013e-06 8.5691752e-08 3.0737453e-09]",0,Others,20-39
/scratch/project_462000771/mengting/projects/bias/SD3/prompt2/selected_faces/detected_sad/sad_person_0675_face0.png,White,White,Male,20-29,"[9.74509239e-01 1.14729904e-04 1.54827330e-02 4.65002950e-06
 2.48790057e-05 1.01048197e-03 8.85327905e-03]",[9.9713880e-01 7.3477247e-05 4.1432326e-05 2.7463143e-03],[9.9998945e-01 1.0573728e-05],"[3.0980564e-07 1.6098435e-05 1.1839227e-02 6.8970972e-01 2.8562593e-01
 1.2667986e-02 1.3888508e-04 1.7177606e-06 3.3380985e-08]",1,White,20-39
/scratch/project_462000771/mengting/projects/bias/SD3/prompt2/selected_faces/detected_sad/sad_person_0676_face0.png,White,White,Male,20-29,"[9.8540068e-01 1.6551756e-05 5.7377624e-03 5.4978605e-06 1.2439996e-05
 1.8825760e-04 8.6388541e-03]",[9.9652666e-01 1.6478989e-04 5.0248094e-05 3.2583221e-03],[0.9842881  0.01571189],"[9.0571554e-08 8.6970744e-05 2.1786694e-01 7.3539525e-01 4.5243539e-02
 1.3912659e-03 1.5582198e-05 3.1784893e-07 2.1355806e-08]",1,White,20-39
/scratch/project_462000771/mengting/projects/bias/SD3/prompt2/selected_faces/detected_sad/sad_person_0677_face0.png,White,White,Male,40-49,"[7.8694725e-01 7.1281707e-04 5.3187173e-02 6.2181934e-04 1.2664769e-03
 3.1251791e-03 1.5413931e-01]",[0.939434   0.01554266 0.01869208 0.02633123],[0.98421085 0.01578913],"[2.06962868e-05 5.93898621e-05 1.74058974e-03 1.37228295e-02
 1.36386946e-01 5.11720777e-01 3.12884748e-01 2.24720854e-02
 9.92020126e-04]",1,White,40-59
/scratch/project_462000771/mengting/projects/bias/SD3/prompt2/selected_faces/detected_sad/sad_person_0678_face0.png,White,White,Male,20-29,"[7.7081084e-01 1.1632750e-04 1.6976529e-01 3.1356369e-03 2.8331815e-03
 2.8802173e-03 5.0458506e-02]",[9.8351586e-01 4.2132084e-04 7.5484416e-03 8.5143214e-03],[9.9979514e-01 2.0486534e-04],"[1.0824953e-07 5.2635614e-06 6.6563147e-03 6.3184178e-01 3.4886938e-01
 1.2539764e-02 8.6590764e-05 7.7855935e-07 2.0821442e-08]",0,White,20-39
/scratch/project_462000771/mengting/projects/bias/SD3/prompt2/selected_faces/detected_sad/sad_person_0679_face0.png,White,White,Male,40-49,"[9.1951287e-01 7.0954724e-05 2.0186257e-02 6.4914588e-05 4.3978766e-04
 2.5246174e-03 5.7200633e-02]",[9.9431044e-01 5.5365628e-05 7.6151278e-04 4.8726983e-03],[9.997447e-01 2.552588e-04],"[2.4744056e-06 1.0048039e-05 3.0181269e-04 3.1502412e-03 5.0545771e-02
 4.7088274e-01 4.5458815e-01 1.9000623e-02 1.5181086e-03]",0,White,40-59
/scratch/project_462000771/mengting/projects/bias/SD3/prompt2/selected_faces/detected_sad/sad_person_0680_face0.png,Middle Eastern,White,Female,20-29,"[3.8063917e-01 1.8490186e-03 2.0932734e-01 4.4079963e-05 1.4020861e-04
 2.4540992e-02 3.8345921e-01]",[0.86217606 0.00159656 0.00144394 0.13478339],[0.33332035 0.6666796 ],"[9.05423931e-08 1.18321645e-04 7.36464560e-02 8.35923970e-01
 8.86317492e-02 1.67068676e-03 8.60036198e-06 1.60869874e-07
 8.29952551e-09]",1,White,20-39
/scratch/project_462000771/mengting/projects/bias/SD3/prompt2/selected_faces/detected_sad/sad_person_0681_face0.png,Middle Eastern,Indian,Male,30-39,"[0.28275192 0.00059096 0.26897544 0.00067474 0.00253925 0.0228162
 0.42165148]",[0.34940204 0.03522389 0.07645431 0.5389198 ],[9.999953e-01 4.728278e-06],"[1.1386693e-06 4.2420311e-06 7.7400374e-04 4.8510034e-02 5.5176544e-01
 3.8314587e-01 1.5562869e-02 2.3263504e-04 3.7356581e-06]",0,White,20-39
/scratch/project_462000771/mengting/projects/bias/SD3/prompt2/selected_faces/detected_sad/sad_person_0682_face0.png,White,White,Male,40-49,"[6.7555499e-01 3.6468601e-04 2.2818376e-01 2.5894335e-02 2.5647951e-02
 1.8031649e-02 2.6322614e-02]",[7.3479366e-01 5.9678638e-04 2.2618127e-01 3.8428232e-02],[0.67218226 0.3278178 ],"[1.8662118e-05 1.2392228e-04 9.3567674e-04 8.0138762e-03 1.5597740e-01
 5.8848017e-01 2.3499587e-01 1.0730094e-02 7.2435680e-04]",0,White,40-59
/scratch/project_462000771/mengting/projects/bias/SD3/prompt2/selected_faces/detected_sad/sad_person_0683_face0.png,White,White,Male,20-29,"[8.7499022e-01 4.4375888e-04 9.4526477e-02 2.8625387e-03 2.6447137e-03
 2.2502439e-03 2.2282073e-02]",[0.9898401  0.00315223 0.00507147 0.00193624],[9.9996459e-01 3.5445257e-05],"[1.6494690e-06 8.6933011e-05 7.8903019e-02 5.1481646e-01 3.2262006e-01
 7.9498328e-02 3.9421157e-03 1.2818469e-04 3.2388120e-06]",1,White,20-39
/scratch/project_462000771/mengting/projects/bias/SD3/prompt2/selected_faces/detected_sad/sad_person_0684_face0.png,White,White,Male,20-29,"[8.2647330e-01 1.1128786e-02 8.5655853e-02 3.1103179e-04 7.4112602e-04
 1.5793428e-02 5.9896436e-02]",[0.7963305  0.02279017 0.00285371 0.17802563],[9.9997830e-01 2.1695112e-05],"[8.0148760e-07 3.2523207e-04 1.4095579e-01 7.8350270e-01 7.2082870e-02
 3.0780975e-03 5.2195741e-05 2.1394230e-06 1.7919268e-07]",1,White,20-39
/scratch/project_462000771/mengting/projects/bias/SD3/prompt2/selected_faces/detected_sad/sad_person_0685_face0.png,Latino_Hispanic,Black,Male,30-39,"[0.33715612 0.03240426 0.37794358 0.00213279 0.01815302 0.12290344
 0.10930676]",[0.2829928  0.39953983 0.23493627 0.08253104],[0.97896165 0.02103831],"[8.1572571e-06 4.9259060e-04 4.0176656e-02 3.9289981e-01 4.5898911e-01
 1.0104745e-01 6.0895626e-03 2.7547235e-04 2.1201498e-05]",0,Others,20-39
/scratch/project_462000771/mengting/projects/bias/SD3/prompt2/selected_faces/detected_sad/sad_person_0686_face0.png,East Asian,Asian,Male,20-29,"[8.9395755e-05 1.7158603e-06 4.1912668e-04 9.0130967e-01 9.8148130e-02
 2.7430990e-05 4.5440306e-06]",[3.9507027e-05 3.5985733e-05 9.9987769e-01 4.6822210e-05],[0.996734 0.003266],"[3.72487676e-08 1.11520885e-05 6.48898631e-02 7.35108793e-01
 1.95754483e-01 4.17859899e-03 5.32857957e-05 3.59828550e-06
 6.73525165e-08]",1,Asian,20-39
/scratch/project_462000771/mengting/projects/bias/SD3/prompt2/selected_faces/detected_sad/sad_person_0687_face0.png,Black,Black,Male,20-29,"[9.9685087e-07 9.9991345e-01 1.6412074e-05 6.0727714e-08 2.7150511e-06
 6.5460124e-05 8.3026879e-07]",[1.6481896e-07 9.9999166e-01 1.2727758e-06 6.9416760e-06],[9.9999875e-01 1.2576738e-06],"[1.3569719e-07 9.7709191e-05 5.8250647e-02 8.4962678e-01 8.9417771e-02
 2.5858688e-03 2.0788555e-05 3.5896230e-07 2.2132484e-08]",1,Black,20-39
/scratch/project_462000771/mengting/projects/bias/SD3/prompt2/selected_faces/detected_sad/sad_person_0688_face0.png,White,White,Male,30-39,"[4.5980763e-01 3.6677376e-03 2.7013764e-01 2.4888515e-05 1.9640494e-04
 6.3818000e-02 2.0234776e-01]",[9.3347877e-01 7.0832402e-04 4.6396855e-04 6.5348901e-02],[9.9999493e-01 5.0283284e-06],"[1.04575896e-07 8.93771698e-07 2.02319439e-04 2.50813831e-02
 5.07163584e-01 4.47504550e-01 1.99798886e-02 6.63976607e-05
 8.32408659e-07]",1,White,20-39
/scratch/project_462000771/mengting/projects/bias/SD3/prompt2/selected_faces/detected_sad/sad_person_0689_face0.png,Black,Black,Male,20-29,"[6.4958425e-07 9.9978864e-01 4.4291479e-05 7.7606806e-08 5.6566200e-06
 1.5797086e-04 2.6662051e-06]",[2.8523809e-07 9.9994785e-01 1.9393754e-06 4.9939001e-05],[9.9999976e-01 2.4517394e-07],"[8.7085226e-08 2.3915836e-05 2.5857572e-02 7.8199339e-01 1.8634561e-01
 5.7383468e-03 4.0599407e-05 4.5281305e-07 1.5675514e-08]",1,Black,20-39
/scratch/project_462000771/mengting/projects/bias/SD3/prompt2/selected_faces/detected_sad/sad_person_0690_face0.png,Latino_Hispanic,Indian,Male,20-29,"[1.7294985e-01 9.8122851e-05 3.8029063e-01 1.2855991e-03 6.4237439e-03
 2.6058239e-01 1.7836973e-01]",[0.33239937 0.00157517 0.07455534 0.5914701 ],[9.9999994e-01 9.2384127e-08],"[9.4209057e-08 1.5228402e-04 3.4077829e-01 6.0748476e-01 5.0260775e-02
 1.3169375e-03 6.6772886e-06 1.7875588e-07 2.1556608e-09]",1,Others,20-39
/scratch/project_462000771/mengting/projects/bias/SD3/prompt2/selected_faces/detected_sad/sad_person_0691_face0.png,White,White,Male,30-39,"[5.6455725e-01 6.5598893e-04 2.0582071e-01 8.3734980e-05 2.6091063e-04
 9.4030462e-03 2.1921836e-01]",[9.8206353e-01 1.8179513e-04 4.6136489e-04 1.7293349e-02],[9.9999791e-01 2.0890554e-06],"[3.7681122e-07 5.1301308e-06 3.8522994e-03 3.0454314e-01 5.9003550e-01
 9.8948367e-02 2.5907422e-03 2.4158422e-05 3.1336134e-07]",1,White,20-39
/scratch/project_462000771/mengting/projects/bias/SD3/prompt2/selected_faces/detected_sad/sad_person_0692_face0.png,Black,White,Male,40-49,"[1.5227979e-01 4.5720744e-01 2.7344772e-01 2.7236715e-04 2.0435425e-03
 5.6058712e-02 5.8690514e-02]",[0.5595607  0.3692543  0.02040904 0.05077586],[1.000000e+00 4.491216e-08],"[9.6278363e-06 2.7907452e-05 7.4418314e-04 1.8728731e-02 1.8944940e-01
 5.5956906e-01 2.1545844e-01 1.5790161e-02 2.2237988e-04]",1,Black,40-59
/scratch/project_462000771/mengting/projects/bias/SD3/prompt2/selected_faces/detected_sad/sad_person_0693_face0.png,Black,Black,Male,30-39,"[2.4454335e-05 9.9685168e-01 7.4306852e-04 2.1470956e-05 4.5648660e-04
 1.8101794e-03 9.2588722e-05]",[1.1624257e-05 9.9972957e-01 6.0959293e-05 1.9780740e-04],[9.9943304e-01 5.6696642e-04],"[1.8114222e-06 1.5220413e-05 4.5301765e-03 3.4164912e-01 5.2323681e-01
 1.2170319e-01 8.4982105e-03 3.3216208e-04 3.3390061e-05]",0,Black,20-39
/scratch/project_462000771/mengting/projects/bias/SD3/prompt2/selected_faces/detected_sad/sad_person_0694_face0.png,White,White,Male,40-49,"[9.7226161e-01 9.8531837e-06 1.9758493e-02 5.1893049e-04 4.5473102e-04
 2.0786000e-03 4.9177837e-03]",[9.9926037e-01 2.4636356e-06 4.1762460e-04 3.1954280e-04],[0.9921282  0.00787186],"[7.9653972e-07 1.0332861e-05 8.4933033e-04 7.0245884e-02 4.4267052e-01
 4.6411115e-01 2.1816866e-02 2.8464221e-04 1.0498879e-05]",1,White,40-59
/scratch/project_462000771/mengting/projects/bias/SD3/prompt2/selected_faces/detected_sad/sad_person_0695_face0.png,White,White,Male,30-39,"[6.2737370e-01 2.0181673e-02 2.2064938e-01 6.9300870e-05 2.9527905e-04
 4.9571257e-02 8.1859499e-02]",[0.7946326  0.00542115 0.00425286 0.19569331],[9.9995333e-01 4.6678026e-05],"[1.0738947e-05 2.3107267e-04 2.6908843e-02 3.8570008e-01 4.4356290e-01
 1.3531224e-01 8.0426764e-03 2.2182541e-04 9.6356061e-06]",1,White,20-39
/scratch/project_462000771/mengting/projects/bias/SD3/prompt2/selected_faces/detected_sad/sad_person_0696_face0.png,Middle Eastern,White,Male,20-29,"[1.4689380e-01 1.3962694e-04 1.4981323e-01 2.8307163e-03 3.0147906e-03
 2.9462301e-03 6.9436157e-01]",[8.844290e-01 7.998224e-04 4.705789e-02 6.771334e-02],[9.9999762e-01 2.3824693e-06],"[8.9600769e-07 8.0222424e-05 2.4484953e-02 6.5278614e-01 3.1357941e-01
 9.0240976e-03 4.3483851e-05 7.5979744e-07 1.0083945e-08]",1,Others,20-39
/scratch/project_462000771/mengting/projects/bias/SD3/prompt2/selected_faces/detected_sad/sad_person_0697_face0.png,Indian,Indian,Male,30-39,"[0.00438409 0.01013464 0.2813365  0.01469035 0.27318943 0.41299063
 0.00327443]",[0.00218356 0.03132338 0.2407299  0.72576314],[9.996807e-01 3.193412e-04],"[2.2451159e-06 3.5534264e-05 1.7608736e-02 3.3487511e-01 5.2681142e-01
 1.1256902e-01 7.8464905e-03 2.4170142e-04 9.7028933e-06]",0,Others,20-39
/scratch/project_462000771/mengting/projects/bias/SD3/prompt2/selected_faces/detected_sad/sad_person_0698_face0.png,Middle Eastern,White,Male,30-39,"[1.4579046e-01 1.7138140e-04 1.8778975e-01 5.0429639e-04 1.3189123e-03
 2.3910815e-02 6.4051431e-01]",[6.3562089e-01 5.1657879e-04 3.0983072e-03 3.6076421e-01],[9.9997079e-01 2.9164887e-05],"[3.0145029e-06 5.3322216e-05 3.3252344e-03 3.2882261e-01 6.1597383e-01
 5.1465597e-02 3.5330383e-04 2.9901626e-06 4.6691540e-08]",1,Others,20-39
/scratch/project_462000771/mengting/projects/bias/SD3/prompt2/selected_faces/detected_sad/sad_person_0699_face0.png,White,White,Female,30-39,"[7.2887963e-01 4.3984174e-04 5.4027576e-02 1.2977541e-04 4.0796492e-04
 6.6121547e-03 2.0950310e-01]",[0.64493114 0.01897423 0.00668241 0.3294122 ],[0.40171245 0.5982876 ],"[3.6971710e-07 4.1569342e-06 1.0239725e-03 8.0611803e-02 5.4545248e-01
 3.4521955e-01 2.6977761e-02 6.8059599e-04 2.9316454e-05]",0,White,20-39
/scratch/project_462000771/mengting/projects/bias/SD3/prompt2/selected_faces/detected_sad/sad_person_0700_face0.png,Latino_Hispanic,White,Male,30-39,"[2.9166153e-01 2.4163354e-02 4.3204591e-01 1.2145480e-04 9.0919004e-04
 1.3111486e-02 2.3798710e-01]",[7.4613047e-01 1.7373209e-01 4.6363947e-04 7.9673797e-02],[9.9999976e-01 2.3978004e-07],"[1.8509516e-07 6.8021535e-07 2.8372608e-04 4.7748834e-02 5.3540522e-01
 3.9015439e-01 2.6105072e-02 2.9809482e-04 3.8906510e-06]",1,Others,20-39
/scratch/project_462000771/mengting/projects/bias/SD3/prompt2/selected_faces/detected_sad/sad_person_0701_face0.png,Latino_Hispanic,Indian,Male,20-29,"[0.21922566 0.00112541 0.35845786 0.01217071 0.02704968 0.10876472
 0.27320603]",[0.44696477 0.00784071 0.02508408 0.52011037],[9.9996674e-01 3.3240860e-05],"[4.4182066e-06 1.3954543e-04 2.0551542e-02 5.3142422e-01 4.0774542e-01
 3.9269209e-02 8.3714304e-04 2.7738281e-05 7.8196899e-07]",1,Others,20-39
/scratch/project_462000771/mengting/projects/bias/SD3/prompt2/selected_faces/detected_sad/sad_person_0702_face0.png,White,White,Male,30-39,"[8.79317939e-01 1.61856902e-03 1.04888685e-01 5.83124987e-04
 7.42157630e-04 3.70692089e-03 9.14263725e-03]",[0.91437757 0.0026971  0.06934517 0.01358007],[0.98814213 0.01185786],"[1.0631568e-07 5.1076272e-06 3.8310483e-03 3.2923758e-01 5.9323615e-01
 7.2575517e-02 1.0992048e-03 1.4564798e-05 7.0184620e-07]",1,White,20-39
/scratch/project_462000771/mengting/projects/bias/SD3/prompt2/selected_faces/detected_sad/sad_person_0703_face0.png,White,Indian,Male,20-29,"[0.4398325  0.1926703  0.25902876 0.00085432 0.00505117 0.07993513
 0.02262786]",[0.06453921 0.2062696  0.00492725 0.7242639 ],[9.9999774e-01 2.2371678e-06],"[7.9322666e-07 2.4517669e-05 1.1782589e-02 4.8942861e-01 4.2989266e-01
 6.6119105e-02 2.6668988e-03 8.0687809e-05 4.1680792e-06]",1,White,20-39
/scratch/project_462000771/mengting/projects/bias/SD3/prompt2/selected_faces/detected_sad/sad_person_0704_face0.png,White,White,Male,30-39,"[0.6533967  0.00917282 0.25135684 0.00081718 0.00234694 0.03609705
 0.04681251]",[0.9229087  0.01042285 0.00433282 0.06233563],[9.999992e-01 7.768461e-07],"[1.0800410e-07 1.8695235e-06 2.0268087e-04 8.9361213e-02 7.5045967e-01
 1.5801914e-01 1.9475032e-03 7.6408069e-06 1.7077593e-07]",1,White,20-39
/scratch/project_462000771/mengting/projects/bias/SD3/prompt2/selected_faces/detected_sad/sad_person_0705_face0.png,White,White,Male,20-29,"[0.6159143  0.00300949 0.11779213 0.00083579 0.00208989 0.00537565
 0.2549828 ]",[0.9190674  0.02560305 0.00718078 0.04814875],[9.9983168e-01 1.6836588e-04],"[7.7634439e-07 2.5213193e-04 1.1814721e-01 7.5421256e-01 1.2058509e-01
 6.6718063e-03 1.2740276e-04 2.9388762e-06 8.9789403e-08]",1,White,20-39
/scratch/project_462000771/mengting/projects/bias/SD3/prompt2/selected_faces/detected_sad/sad_person_0706_face0.png,Latino_Hispanic,White,Male,30-39,"[0.3254515  0.00200429 0.47375417 0.00351445 0.00715789 0.03157425
 0.15654346]",[0.80895764 0.00412495 0.00880863 0.17810869],[9.9995106e-01 4.8942908e-05],"[5.4479324e-06 8.3753017e-05 6.8076756e-03 3.8025832e-01 5.4172468e-01
 6.9948964e-02 1.1590323e-03 1.1900870e-05 2.4624561e-07]",0,Others,20-39
/scratch/project_462000771/mengting/projects/bias/SD3/prompt2/selected_faces/detected_sad/sad_person_0707_face0.png,Latino_Hispanic,White,Male,30-39,"[3.6549270e-01 3.3362489e-02 5.5423874e-01 2.1023980e-04 1.0810192e-03
 3.2773532e-02 1.2841261e-02]",[9.7985339e-01 5.9061842e-03 3.1507006e-04 1.3925417e-02],[0.87817174 0.12182828],"[2.5430563e-06 7.3370931e-05 9.4887437e-03 1.9066499e-01 5.9316987e-01
 1.9282056e-01 1.3507691e-02 2.6525225e-04 6.9627763e-06]",0,Others,20-39
/scratch/project_462000771/mengting/projects/bias/SD3/prompt2/selected_faces/detected_sad/sad_person_0708_face0.png,Indian,White,Female,60-69,"[1.0055652e-01 7.5201638e-02 5.6182995e-02 3.6464946e-04 2.0583842e-03
 4.4340843e-01 3.2222739e-01]",[0.82377553 0.01448653 0.00103532 0.16070266],[0.46493202 0.535068  ],"[5.39772918e-05 1.12664056e-04 3.80094367e-04 4.83617140e-03
 2.99574640e-02 1.19898997e-01 3.19637060e-01 3.84687424e-01
 1.40436158e-01]",0,Others,60+
/scratch/project_462000771/mengting/projects/bias/SD3/prompt2/selected_faces/detected_sad/sad_person_0709_face0.png,White,White,Male,30-39,"[7.5875276e-01 3.9049152e-03 1.4838028e-01 4.5270175e-05 2.4458254e-04
 1.3572483e-02 7.5099647e-02]",[0.85954696 0.02046651 0.00305332 0.11693324],[9.9999893e-01 1.1095638e-06],"[9.7828183e-07 6.7504534e-06 1.7931844e-03 1.2673549e-01 5.1196092e-01
 3.3027035e-01 2.8947677e-02 2.8135462e-04 3.3176279e-06]",1,White,20-39
/scratch/project_462000771/mengting/projects/bias/SD3/prompt2/selected_faces/detected_sad/sad_person_0710_face0.png,White,White,Male,20-29,"[9.0793186e-01 8.9490908e-04 7.7767953e-02 1.2133310e-03 1.0210726e-03
 4.3351101e-03 6.8358467e-03]",[0.7859373  0.05531623 0.05965232 0.09909415],[0.95115995 0.04884006],"[7.3422291e-07 4.7194637e-05 2.5816580e-02 5.2587515e-01 3.6247149e-01
 8.2230419e-02 3.4767697e-03 7.5649994e-05 5.9123859e-06]",0,White,20-39
/scratch/project_462000771/mengting/projects/bias/SD3/prompt2/selected_faces/detected_sad/sad_person_0711_face0.png,White,White,Male,20-29,"[9.59793091e-01 1.13235066e-04 2.21560895e-02 6.92190370e-05
 1.68065657e-04 7.65774574e-04 1.69345960e-02]",[9.9220711e-01 8.8230023e-05 1.0128381e-03 6.6919271e-03],[9.9999994e-01 1.1214626e-07],"[4.71096087e-08 7.63240450e-07 1.78418297e-03 5.00942588e-01
 4.55314100e-01 4.14224938e-02 5.28726145e-04 7.04112881e-06
 1.01512704e-07]",0,White,20-39
/scratch/project_462000771/mengting/projects/bias/SD3/prompt2/selected_faces/detected_sad/sad_person_0712_face0.png,Latino_Hispanic,White,Male,20-29,"[0.10037003 0.00205658 0.7436351  0.01704132 0.04893813 0.0385206
 0.04943818]",[0.6235677  0.00482356 0.03943355 0.3321752 ],[9.9999499e-01 5.0528683e-06],"[1.3138406e-07 2.2587699e-05 4.6920862e-02 8.3585548e-01 1.1539841e-01
 1.7922573e-03 1.0030765e-05 2.1780824e-07 3.9497414e-09]",1,Others,20-39
/scratch/project_462000771/mengting/projects/bias/SD3/prompt2/selected_faces/detected_sad/sad_person_0713_face0.png,Latino_Hispanic,White,Male,40-49,"[3.2849714e-01 3.5651471e-04 6.1685693e-01 9.8495663e-04 3.9187572e-03
 2.5026441e-02 2.4359230e-02]",[9.5369267e-01 1.3887011e-04 1.0654321e-02 3.5514224e-02],[9.999993e-01 6.582306e-07],"[8.4525913e-05 1.1731574e-03 1.4138873e-02 3.8082600e-02 4.0339553e-01
 4.9599388e-01 4.6742857e-02 3.8671182e-04 1.8436721e-06]",1,Others,40-59
/scratch/project_462000771/mengting/projects/bias/SD3/prompt2/selected_faces/detected_sad/sad_person_0714_face0.png,White,White,Male,30-39,"[5.1130134e-01 1.2238955e-04 2.4275875e-01 1.3460140e-02 9.5417267e-03
 1.8001188e-02 2.0481455e-01]",[9.2588258e-01 4.1723123e-04 2.1062896e-02 5.2637324e-02],[9.9953336e-01 4.6663833e-04],"[1.5635721e-06 1.0142823e-05 2.3841627e-03 8.5861176e-02 5.5680990e-01
 3.2085326e-01 3.3087488e-02 9.5707749e-04 3.5216646e-05]",1,White,20-39
/scratch/project_462000771/mengting/projects/bias/SD3/prompt2/selected_faces/detected_sad/sad_person_0715_face0.png,White,White,Male,50-59,"[7.3735470e-01 1.3761183e-04 1.7220942e-02 1.1041099e-04 4.8284087e-04
 2.7211055e-03 2.4197231e-01]",[9.9374866e-01 2.3865311e-04 2.2939646e-04 5.7832669e-03],[9.9999452e-01 5.5048595e-06],"[1.6542818e-06 1.4454795e-06 5.9862577e-05 5.3903059e-04 1.9086681e-02
 3.4979463e-01 5.7113981e-01 5.6873281e-02 2.5036051e-03]",0,White,40-59
/scratch/project_462000771/mengting/projects/bias/SD3/prompt2/selected_faces/detected_sad/sad_person_0716_face0.png,Black,Black,Male,20-29,"[6.8953326e-05 9.9920809e-01 1.7749512e-04 5.3794032e-05 2.7837316e-04
 1.9338379e-04 1.9851928e-05]",[9.1749860e-07 9.9998432e-01 1.3317755e-06 1.3346211e-05],[0.9973356  0.00266443],"[1.0790101e-04 1.7750563e-02 1.5172051e-01 5.0368917e-01 2.6387903e-01
 5.6405451e-02 5.6091268e-03 6.1443169e-04 2.2378912e-04]",0,Black,20-39
/scratch/project_462000771/mengting/projects/bias/SD3/prompt2/selected_faces/detected_sad/sad_person_0717_face0.png,White,Black,Male,10-19,"[7.4431008e-01 2.2532251e-02 1.9392967e-01 1.4096471e-04 3.7904826e-04
 1.4257898e-02 2.4450077e-02]",[0.4324949  0.49146158 0.01129696 0.06474651],[0.88886905 0.111131  ],"[1.2869590e-06 3.1141466e-03 6.4616019e-01 3.3619675e-01 1.4318232e-02
 2.0774553e-04 1.5641745e-06 6.8630115e-08 4.0730557e-09]",1,White,10-19
/scratch/project_462000771/mengting/projects/bias/SD3/prompt2/selected_faces/detected_sad/sad_person_0718_face0.png,White,White,Male,30-39,"[4.7490868e-01 3.2011390e-05 2.0153491e-01 1.4398750e-02 1.5120347e-02
 1.1960638e-02 2.8204477e-01]",[9.0121335e-01 8.2659557e-05 7.6599948e-02 2.2104017e-02],[9.9999738e-01 2.6296339e-06],"[2.4994590e-06 1.7782679e-05 9.3940867e-04 2.0796293e-02 5.0890678e-01
 4.5131630e-01 1.7916299e-02 1.0393285e-04 7.1700214e-07]",1,White,20-39
/scratch/project_462000771/mengting/projects/bias/SD3/prompt2/selected_faces/detected_sad/sad_person_0719_face0.png,Latino_Hispanic,White,Male,30-39,"[0.32283828 0.00568472 0.46635267 0.00663373 0.0138738  0.0663744
 0.11824247]",[0.86549234 0.00111495 0.01135961 0.12203312],[9.9999851e-01 1.4934809e-06],"[1.6663499e-04 6.2422128e-04 1.0036806e-02 6.4665772e-02 4.6542177e-01
 3.9128008e-01 6.4828098e-02 2.9344328e-03 4.2120555e-05]",1,Others,20-39
/scratch/project_462000771/mengting/projects/bias/SD3/prompt2/selected_faces/detected_sad/sad_person_0720_face0.png,White,White,Male,20-29,"[6.25552356e-01 1.50422697e-04 2.56262273e-01 3.18004197e-04
 9.64426377e-04 4.45240084e-03 1.12300016e-01]",[9.8152345e-01 1.5535313e-04 2.3860582e-03 1.5935127e-02],[9.9999785e-01 2.1409967e-06],"[2.3127694e-07 7.2869945e-05 4.1988432e-02 8.7216800e-01 8.4469214e-02
 1.2955130e-03 5.7228335e-06 7.5718795e-08 1.5037785e-09]",1,White,20-39
/scratch/project_462000771/mengting/projects/bias/SD3/prompt2/selected_faces/detected_sad/sad_person_0721_face0.png,White,White,Male,20-29,"[9.7578353e-01 1.3879972e-05 1.0139652e-02 1.0694533e-04 1.1673292e-04
 5.8398964e-05 1.3780914e-02]",[9.9833995e-01 1.1475851e-05 8.0355915e-04 8.4504235e-04],[9.9970001e-01 3.0000988e-04],"[2.1841860e-08 9.0834419e-06 1.3172914e-01 8.2792985e-01 3.9193857e-02
 1.1282546e-03 9.5682017e-06 1.6769661e-07 6.5345542e-09]",1,White,20-39
/scratch/project_462000771/mengting/projects/bias/SD3/prompt2/selected_faces/detected_sad/sad_person_0722_face0.png,White,White,Male,50-59,"[0.5150768  0.0168653  0.18314451 0.00143274 0.00553517 0.11272417
 0.16522129]",[0.955066   0.00588806 0.0025007  0.03654522],[0.65876096 0.34123904],"[2.7382688e-05 5.5776600e-05 9.3159603e-04 8.6045284e-03 7.4820317e-02
 3.4692210e-01 3.7981868e-01 1.6201577e-01 2.6803784e-02]",1,White,40-59
/scratch/project_462000771/mengting/projects/bias/SD3/prompt2/selected_faces/detected_sad/sad_person_0723_face0.png,Latino_Hispanic,White,Male,40-49,"[0.32764035 0.00102627 0.514638   0.00315364 0.00740269 0.08431532
 0.06182377]",[0.7367515  0.00382494 0.10104519 0.1583784 ],[0.9943294 0.0056706],"[5.8497690e-06 2.4502397e-05 1.0210566e-03 3.1626128e-02 3.1947368e-01
 5.5495989e-01 9.0721250e-02 2.1028165e-03 6.4791326e-05]",1,Others,40-59
/scratch/project_462000771/mengting/projects/bias/SD3/prompt2/selected_faces/detected_sad/sad_person_0724_face0.png,Middle Eastern,White,Male,40-49,"[0.35334638 0.01703811 0.17172985 0.00070898 0.00378046 0.01039023
 0.44300604]",[0.65410507 0.0366025  0.18401054 0.12528197],[9.999993e-01 6.722803e-07],"[4.1949980e-07 1.0493773e-06 2.9734866e-04 1.9640019e-02 2.6417795e-01
 5.8567578e-01 1.2721948e-01 2.9383947e-03 4.9546103e-05]",1,White,40-59
/scratch/project_462000771/mengting/projects/bias/SD3/prompt2/selected_faces/detected_sad/sad_person_0725_face0.png,Middle Eastern,Indian,Male,20-29,"[5.6800485e-02 5.1141594e-02 3.8690072e-01 8.6865519e-05 5.1174476e-04
 1.6771413e-02 4.8778716e-01]",[0.03953379 0.16626635 0.01582123 0.7783786 ],[9.9999970e-01 2.6877478e-07],"[1.7279780e-07 1.3889944e-05 2.0574506e-02 8.0118644e-01 1.7128511e-01
 6.8307775e-03 1.0659220e-04 2.6032558e-06 5.0597400e-08]",1,Others,20-39
/scratch/project_462000771/mengting/projects/bias/SD3/prompt2/selected_faces/detected_sad/sad_person_0726_face0.png,Indian,Indian,Male,30-39,"[0.12615381 0.00130565 0.36720994 0.00100197 0.01650718 0.4085446
 0.07927684]",[0.05701789 0.01823741 0.00401637 0.9207284 ],[9.999983e-01 1.682529e-06],"[3.3436254e-06 3.7263520e-04 8.1646398e-02 2.2382444e-01 4.1966736e-01
 2.6069495e-01 1.3484104e-02 3.0225841e-04 4.3790715e-06]",0,Others,20-39
/scratch/project_462000771/mengting/projects/bias/SD3/prompt2/selected_faces/detected_sad/sad_person_0727_face0.png,Middle Eastern,White,Male,30-39,"[1.0260057e-01 1.6678050e-03 2.6143935e-01 6.2695712e-05 5.2551983e-04
 4.7841270e-02 5.8586276e-01]",[0.5623163  0.00285996 0.0050813  0.42974243],[9.9999994e-01 9.8300781e-08],"[3.1213078e-06 2.6362544e-05 6.2986366e-03 2.4348253e-01 5.5505681e-01
 1.8666358e-01 8.2560042e-03 2.1007373e-04 2.9398859e-06]",1,Others,20-39
/scratch/project_462000771/mengting/projects/bias/SD3/prompt2/selected_faces/detected_sad/sad_person_0728_face0.png,White,White,Male,40-49,"[9.3116182e-01 8.0583217e-05 4.9320165e-02 7.5896030e-05 1.7023925e-04
 4.8544505e-03 1.4336810e-02]",[9.8891622e-01 8.3792559e-04 1.3517959e-03 8.8941120e-03],[0.9821065  0.01789352],"[3.6297726e-07 4.1224112e-06 6.0310139e-04 3.7026279e-02 4.0015423e-01
 5.1377177e-01 4.7780260e-02 6.2904600e-04 3.0778843e-05]",1,White,40-59
/scratch/project_462000771/mengting/projects/bias/SD3/prompt2/selected_faces/detected_sad/sad_person_0729_face0.png,White,White,Male,20-29,"[9.7449404e-01 1.0287624e-05 1.1057198e-02 9.4659161e-04 1.2799473e-03
 5.8529479e-04 1.1626625e-02]",[9.8403478e-01 1.8522270e-04 9.5610255e-03 6.2189535e-03],[9.9999952e-01 4.6682118e-07],"[2.9828293e-08 4.3230921e-05 1.6949318e-01 7.8852749e-01 4.1230548e-02
 7.0183910e-04 3.6173512e-06 5.9409693e-08 1.3581996e-09]",1,White,20-39
/scratch/project_462000771/mengting/projects/bias/SD3/prompt2/selected_faces/detected_sad/sad_person_0730_face0.png,White,White,Male,20-29,"[9.2382675e-01 2.3668308e-03 3.2670721e-02 3.1504453e-05 9.9579585e-05
 1.1013725e-02 2.9990856e-02]",[9.0195823e-01 1.4181930e-02 3.8797868e-04 8.3471864e-02],[9.9998367e-01 1.6284206e-05],"[8.6161315e-08 4.9220120e-07 1.4011161e-03 5.6795585e-01 3.7624443e-01
 4.9202595e-02 4.9793995e-03 2.0948357e-04 6.6291045e-06]",1,White,20-39
/scratch/project_462000771/mengting/projects/bias/SD3/prompt2/selected_faces/detected_sad/sad_person_0731_face0.png,White,White,Male,20-29,"[7.4113464e-01 1.0693340e-04 1.5959983e-01 9.9404040e-04 1.7204901e-03
 5.8050207e-03 9.0639107e-02]",[9.4272208e-01 4.5187524e-04 2.4762044e-02 3.2063942e-02],[9.9999952e-01 4.3188348e-07],"[4.8686154e-08 1.0323539e-05 4.7831323e-02 8.0921245e-01 1.4048246e-01
 2.4464652e-03 1.6565455e-05 3.4045726e-07 5.3393543e-09]",1,White,20-39
/scratch/project_462000771/mengting/projects/bias/SD3/prompt2/selected_faces/detected_sad/sad_person_0732_face0.png,Middle Eastern,White,Male,20-29,"[1.4265338e-01 1.2186709e-04 1.0389761e-01 3.1488040e-04 6.3024799e-04
 2.3488435e-03 7.5003320e-01]",[9.5311403e-01 6.4751461e-05 5.3118132e-03 4.1509442e-02],[9.9999875e-01 1.2457896e-06],"[4.4285575e-06 7.3644558e-05 9.3956441e-03 5.5904645e-01 4.1565910e-01
 1.5738076e-02 8.1616628e-05 9.8639816e-07 1.0489796e-08]",1,White,20-39
/scratch/project_462000771/mengting/projects/bias/SD3/prompt2/selected_faces/detected_sad/sad_person_0733_face0.png,White,White,Male,20-29,"[6.7862272e-01 9.7721419e-04 1.2563422e-01 1.3400931e-04 8.3193806e-04
 1.1329042e-01 8.0509543e-02]",[0.64213693 0.01107259 0.00240015 0.34439033],[9.999565e-01 4.355559e-05],"[2.8601417e-07 2.1152315e-04 1.6653091e-01 7.3991966e-01 8.7447219e-02
 5.7939230e-03 9.4075156e-05 2.2891099e-06 1.3189612e-07]",1,White,20-39
/scratch/project_462000771/mengting/projects/bias/SD3/prompt2/selected_faces/detected_sad/sad_person_0734_face0.png,White,White,Male,40-49,"[9.7254002e-01 2.0683788e-04 1.2635240e-02 2.3500135e-03 2.7725135e-03
 2.0417841e-03 7.4535604e-03]",[0.76464826 0.00609594 0.17071293 0.05854288],[0.80445486 0.19554508],"[3.3035833e-06 3.3489196e-05 9.1952196e-04 2.8131146e-02 1.8949427e-01
 5.5094248e-01 2.1077034e-01 1.6256753e-02 3.4486763e-03]",1,White,40-59
/scratch/project_462000771/mengting/projects/bias/SD3/prompt2/selected_faces/detected_sad/sad_person_0735_face0.png,White,White,Male,20-29,"[7.8820878e-01 2.1831514e-04 5.1172350e-02 1.4682933e-04 8.9383265e-04
 1.3341552e-02 1.4601839e-01]",[0.8038707  0.00577407 0.01727379 0.17308149],[9.9999964e-01 3.5902710e-07],"[1.2230853e-06 1.1452005e-04 4.8096873e-02 5.1151145e-01 3.8711759e-01
 5.2336991e-02 8.0795324e-04 1.3190276e-05 2.2282155e-07]",1,White,20-39
/scratch/project_462000771/mengting/projects/bias/SD3/prompt2/selected_faces/detected_sad/sad_person_0736_face0.png,White,White,Male,30-39,"[8.0276334e-01 2.0435120e-03 1.1490138e-01 1.8253832e-04 9.0710196e-04
 9.6465508e-03 6.9555648e-02]",[9.2831987e-01 1.5137192e-03 3.2227763e-04 6.9844149e-02],[9.9973327e-01 2.6679147e-04],"[8.6064432e-08 5.9562103e-07 1.1327381e-03 1.9476962e-01 5.9630060e-01
 1.9078042e-01 1.6779834e-02 2.3054903e-04 5.5594965e-06]",0,White,20-39
/scratch/project_462000771/mengting/projects/bias/SD3/prompt2/selected_faces/detected_sad/sad_person_0737_face0.png,White,White,Male,20-29,"[9.0873384e-01 2.6014470e-03 5.8524035e-02 5.4712227e-04 1.1139686e-03
 5.8663776e-03 2.2613194e-02]",[0.82964325 0.01303579 0.13267215 0.02464877],[9.999999e-01 6.985354e-08],"[3.9027032e-08 4.9951477e-06 2.8359467e-02 8.1984276e-01 1.4712952e-01
 4.6096719e-03 5.2447540e-05 1.1935467e-06 2.4827800e-08]",1,White,20-39
/scratch/project_462000771/mengting/projects/bias/SD3/prompt2/selected_faces/detected_sad/sad_person_0738_face0.png,Latino_Hispanic,White,Male,30-39,"[0.1718279  0.01879627 0.4919473  0.00109262 0.00487268 0.03859854
 0.27286467]",[0.5268248  0.00961913 0.01913578 0.44442028],[9.9998671e-01 1.3301176e-05],"[3.4437409e-07 5.0104632e-06 1.7485479e-03 3.3261672e-01 5.9912670e-01
 6.5297954e-02 1.1866787e-03 1.7496182e-05 5.5592170e-07]",0,Others,20-39
/scratch/project_462000771/mengting/projects/bias/SD3/prompt2/selected_faces/detected_sad/sad_person_0739_face0.png,White,White,Male,40-49,"[9.7838765e-01 4.1229989e-05 1.6001424e-02 2.4145393e-05 9.2716080e-05
 9.1140537e-04 4.5414194e-03]",[9.9936461e-01 6.2859399e-06 3.3422167e-04 2.9485096e-04],[9.9999893e-01 1.0391213e-06],"[8.0854790e-07 3.7413658e-06 2.3969078e-04 3.6639671e-03 6.7847125e-02
 5.1594669e-01 4.0507302e-01 7.1601914e-03 6.4703876e-05]",1,White,40-59
/scratch/project_462000771/mengting/projects/bias/SD3/prompt2/selected_faces/detected_sad/sad_person_0740_face0.png,White,White,Male,20-29,"[9.7209185e-01 2.4910250e-03 1.7450828e-02 3.7846153e-04 2.7398078e-04
 7.5479585e-04 6.5588490e-03]",[0.9760202  0.00332461 0.01760889 0.00304629],[0.99769646 0.0023036 ],"[1.1483783e-05 1.1106363e-03 1.5983045e-01 5.4608363e-01 2.4752457e-01
 4.2888869e-02 2.4754880e-03 6.8209927e-05 6.6395432e-06]",0,White,20-39
/scratch/project_462000771/mengting/projects/bias/SD3/prompt2/selected_faces/detected_sad/sad_person_0741_face0.png,White,Indian,Male,20-29,"[4.9154580e-01 3.8099932e-04 3.2800999e-01 1.0406433e-03 1.5796577e-03
 1.2951921e-01 4.7923680e-02]",[0.24052076 0.00467578 0.00686541 0.7479381 ],[9.9999851e-01 1.4898673e-06],"[5.6283659e-07 2.1635558e-05 1.7902927e-02 5.4267085e-01 4.1402364e-01
 2.5139881e-02 2.3756557e-04 2.9494856e-06 4.9175796e-08]",1,White,20-39
/scratch/project_462000771/mengting/projects/bias/SD3/prompt2/selected_faces/detected_sad/sad_person_0742_face0.png,Latino_Hispanic,Indian,Male,30-39,"[1.8053688e-01 4.2759445e-03 4.4383156e-01 1.3570105e-04 7.1271032e-04
 1.2504716e-01 2.4546002e-01]",[0.3492346  0.26699302 0.00414096 0.37963134],[9.9998236e-01 1.7628387e-05],"[6.4331618e-07 2.6521145e-06 1.6295395e-04 4.4440415e-02 7.0723701e-01
 2.4414718e-01 3.9911480e-03 1.7657534e-05 2.3368618e-07]",1,Others,20-39
/scratch/project_462000771/mengting/projects/bias/SD3/prompt2/selected_faces/detected_sad/sad_person_0743_face0.png,Latino_Hispanic,White,Male,30-39,"[0.11559598 0.00449566 0.5767025  0.05536342 0.10827143 0.08888582
 0.05068519]",[0.7941646  0.00205723 0.08245651 0.12132162],[9.990499e-01 9.501260e-04],"[4.23372921e-06 5.03786250e-05 5.67615777e-03 1.93306968e-01
 6.43602371e-01 1.48090646e-01 8.90099630e-03 3.55402997e-04
 1.28655165e-05]",1,Others,20-39
/scratch/project_462000771/mengting/projects/bias/SD3/prompt2/selected_faces/detected_sad/sad_person_0744_face0.png,White,White,Male,20-29,"[8.52861583e-01 1.09971144e-04 3.68292183e-02 3.60835438e-05
 1.18720454e-04 1.49112276e-03 1.08553164e-01]",[9.7203875e-01 6.8017514e-04 4.8890471e-04 2.6792204e-02],[9.9980849e-01 1.9149586e-04],"[8.1929699e-08 2.1421940e-06 5.9258193e-03 6.4065731e-01 3.2944116e-01
 2.3509985e-02 4.5431644e-04 8.7803401e-06 4.0285272e-07]",1,White,20-39
/scratch/project_462000771/mengting/projects/bias/SD3/prompt2/selected_faces/detected_sad/sad_person_0745_face0.png,White,White,Male,30-39,"[9.9824077e-01 3.0436121e-07 1.0137627e-03 1.1477965e-06 7.6141073e-06
 1.6897777e-04 5.6733296e-04]",[9.9953723e-01 3.7562379e-06 3.1214713e-05 4.2791935e-04],[9.9999338e-01 6.6024395e-06],"[2.12383256e-07 1.69704363e-05 1.70760171e-03 1.00815326e-01
 6.26517951e-01 2.68805027e-01 2.13228352e-03 4.67169639e-06
 1.14822448e-07]",1,White,20-39
/scratch/project_462001220/mengting/projects_771/bias/SD3/prompt2/complete_selected_faces/detected_sad/0746_face0.png,White,White,Male,40-49,"[8.0012643e-01 9.9330064e-05 1.0070681e-01 8.1317958e-05 2.7426388e-04
 4.6918779e-03 9.4019897e-02]",[9.9867195e-01 4.4006774e-05 2.5489350e-04 1.0292098e-03],[0.99290705 0.00709298],"[1.78338496e-06 7.79377751e-06 5.77804924e-04 5.23044914e-03
 1.19027987e-01 5.54311097e-01 3.12526226e-01 8.20477586e-03
 1.12088026e-04]",0,White,40-59
/scratch/project_462000771/mengting/projects/bias/SD3/prompt2/selected_faces/detected_sad/sad_person_0747_face0.png,White,White,Male,10-19,"[7.7183306e-01 7.6070544e-04 1.6888413e-01 2.0246045e-03 3.6061816e-03
 5.8085043e-03 4.7082782e-02]",[0.6838504  0.00161434 0.00701032 0.3075249 ],[9.9999857e-01 1.3936121e-06],"[2.3176999e-07 6.8737433e-04 6.0777342e-01 3.8397408e-01 7.4828477e-03
 8.1730199e-05 2.1360592e-07 9.8346185e-09 2.2954443e-10]",1,White,10-19
/scratch/project_462000771/mengting/projects/bias/SD3/prompt2/selected_faces/detected_sad/sad_person_0748_face0.png,Black,Black,Male,20-29,"[7.49612882e-05 9.89628613e-01 4.82225930e-03 2.34583058e-05
 7.42281321e-04 4.58937138e-03 1.19094955e-04]",[2.5835875e-06 9.9969155e-01 4.3218632e-05 2.6267761e-04],[9.9999720e-01 2.8156971e-06],"[2.2494205e-06 5.7261519e-04 1.2172265e-01 5.8996874e-01 2.4227118e-01
 4.3920096e-02 1.5269922e-03 1.5083896e-05 4.0192432e-07]",1,Black,20-39
/scratch/project_462000771/mengting/projects/bias/SD3/prompt2/selected_faces/detected_sad/sad_person_0749_face0.png,White,White,Female,40-49,"[9.7091836e-01 4.9662201e-05 1.2949558e-02 8.2665280e-04 1.0015089e-03
 1.6543051e-03 1.2599817e-02]",[0.94452685 0.00248822 0.0332367  0.01974829],[0.26595816 0.73404187],"[8.9487594e-07 6.5590980e-06 3.5691683e-04 1.5202414e-02 1.6384830e-01
 6.2461650e-01 1.8496446e-01 1.0000256e-02 1.0036167e-03]",0,White,40-59
/scratch/project_462000771/mengting/projects/bias/SD3/prompt2/selected_faces/detected_sad/sad_person_0750_face0.png,Middle Eastern,White,Male,30-39,"[3.5326514e-01 4.1431193e-03 1.5249993e-01 2.1607519e-04 9.0956147e-04
 2.3020716e-02 4.6594536e-01]",[0.89108926 0.00149535 0.00225953 0.10515577],[9.999927e-01 7.284383e-06],"[1.1213463e-06 1.3371618e-05 4.0342724e-03 3.5949153e-01 5.4886526e-01
 8.5271165e-02 2.2664045e-03 5.4729491e-05 2.1781484e-06]",1,White,20-39
/scratch/project_462000771/mengting/projects/bias/SD3/prompt2/selected_faces/detected_sad/sad_person_0751_face0.png,Latino_Hispanic,Asian,Male,20-29,"[8.1929214e-02 3.5880235e-04 4.6320382e-01 3.2111146e-02 5.4287627e-02
 2.7709964e-01 9.1009736e-02]",[0.0680561  0.00128693 0.56280184 0.36785513],[0.98068017 0.01931985],"[4.8641857e-07 5.0788418e-05 5.3838685e-02 5.3024620e-01 3.6368027e-01
 5.0866164e-02 1.2740572e-03 4.2008269e-05 1.2617496e-06]",1,Others,20-39
/scratch/project_462000771/mengting/projects/bias/SD3/prompt2/selected_faces/detected_sad/sad_person_0752_face0.png,Middle Eastern,White,Male,20-29,"[3.6072004e-01 1.5239576e-03 2.0557486e-01 2.4920817e-05 3.3399125e-04
 1.6167795e-02 4.1565448e-01]",[0.5886309  0.01268673 0.00435197 0.39433032],[1.0000000e+00 1.2738832e-08],"[3.6331588e-07 1.4167457e-04 4.8317082e-02 7.1581489e-01 2.2755875e-01
 8.1191370e-03 4.7418573e-05 6.8259465e-07 8.6424921e-09]",1,White,20-39
/scratch/project_462000771/mengting/projects/bias/SD3/prompt2/selected_faces/detected_sad/sad_person_0753_face0.png,White,Asian,Male,20-29,"[5.8847022e-01 2.5096253e-04 1.7233084e-01 1.3301972e-01 4.4609375e-02
 1.2073404e-02 4.9245551e-02]",[0.36665383 0.00063725 0.62781924 0.00488973],[9.999028e-01 9.726913e-05],"[1.5372109e-06 6.4429070e-05 3.0932486e-02 5.6395841e-01 3.7328964e-01
 3.1070413e-02 6.6140736e-04 2.0905518e-05 6.5538575e-07]",1,White,20-39
/scratch/project_462000771/mengting/projects/bias/SD3/prompt2/selected_faces/detected_sad/sad_person_0754_face0.png,Latino_Hispanic,Indian,Male,20-29,"[0.43756425 0.0032062  0.46794638 0.00182469 0.00481696 0.03310055
 0.05154101]",[0.3756225  0.00171877 0.03121113 0.5914476 ],[9.9993104e-01 6.8965819e-05],"[3.0620651e-08 2.9684470e-06 1.2678966e-02 8.3165270e-01 1.5400036e-01
 1.6593011e-03 5.6427311e-06 6.8381766e-08 1.5106693e-09]",1,Others,20-39
/scratch/project_462000771/mengting/projects/bias/SD3/prompt2/selected_faces/detected_sad/sad_person_0755_face0.png,Black,Black,Male,30-39,"[1.42130075e-05 9.99268293e-01 3.32051830e-04 4.23815607e-07
 3.72636282e-06 3.19153827e-04 6.20424762e-05]",[1.0714915e-05 9.9949229e-01 1.1119495e-05 4.8585146e-04],[9.9986827e-01 1.3169683e-04],"[4.80530571e-06 2.60287896e-04 1.14081465e-02 1.97925016e-01
 5.46618819e-01 2.24180862e-01 1.91362277e-02 4.39123862e-04
 2.66931747e-05]",1,Black,20-39
/scratch/project_462000771/mengting/projects/bias/SD3/prompt2/selected_faces/detected_sad/sad_person_0756_face0.png,White,White,Male,20-29,"[5.5633765e-01 1.0236070e-03 1.1365390e-01 4.7805763e-05 5.1827024e-04
 6.2561095e-02 2.6585770e-01]",[0.62101644 0.00476884 0.00523949 0.36897525],[9.9999934e-01 6.2077595e-07],"[5.5272412e-08 5.5559462e-06 1.2199214e-02 5.8151382e-01 3.7437674e-01
 3.1573266e-02 3.2617728e-04 5.0021235e-06 1.0031935e-07]",1,White,20-39
/scratch/project_462000771/mengting/projects/bias/SD3/prompt2/selected_faces/detected_sad/sad_person_0757_face0.png,Black,Black,Male,30-39,"[1.8762925e-05 9.7373235e-01 1.7994093e-03 6.5398513e-06 7.9098571e-04
 2.3566598e-02 8.5350206e-05]",[4.2035281e-05 9.8072624e-01 7.4846356e-04 1.8483223e-02],[9.9999714e-01 2.8955844e-06],"[5.66251970e-07 1.06766951e-04 2.08801199e-02 3.32907945e-01
 5.21951079e-01 1.17618375e-01 6.47658296e-03 5.70402299e-05
 1.56525607e-06]",0,Black,20-39
/scratch/project_462000771/mengting/projects/bias/SD3/prompt2/selected_faces/detected_sad/sad_person_0758_face0.png,White,White,Male,50-59,"[7.8573304e-01 3.5582300e-02 4.4702817e-02 3.4495830e-04 2.9245913e-03
 4.1817747e-02 8.8894464e-02]",[0.914232   0.01034432 0.00311547 0.07230823],[9.9999988e-01 1.4384258e-07],"[9.8482155e-07 2.9205999e-06 2.6789267e-04 3.4782928e-03 3.3926532e-02
 3.1029251e-01 5.6180185e-01 8.7228596e-02 3.0003085e-03]",0,White,40-59
/scratch/project_462000771/mengting/projects/bias/SD3/prompt2/selected_faces/detected_sad/sad_person_0759_face0.png,Latino_Hispanic,Black,Female,30-39,"[3.6029091e-01 6.9546282e-02 4.3005401e-01 7.3476775e-05 3.5863119e-04
 2.8646495e-02 1.1103019e-01]",[0.1404151  0.6818031  0.00858136 0.16920045],[0.0069487 0.9930513],"[7.9708553e-07 1.6045070e-04 2.5818499e-02 3.7634835e-01 5.6386054e-01
 3.2716744e-02 1.0639573e-03 2.9507735e-05 1.1861993e-06]",0,Others,20-39
/scratch/project_462000771/mengting/projects/bias/SD3/prompt2/selected_faces/detected_sad/sad_person_0760_face0.png,White,White,Male,30-39,"[7.7936769e-01 4.3045721e-04 8.6528577e-02 7.9970705e-06 3.7680351e-05
 2.2939870e-03 1.3133363e-01]",[9.9212736e-01 4.1016124e-04 4.3377586e-05 7.4191308e-03],[9.9997830e-01 2.1731836e-05],"[4.6799474e-07 3.5665048e-06 1.5212478e-03 4.3634126e-01 5.2441514e-01
 3.7239600e-02 4.7430320e-04 4.3152181e-06 7.1444546e-08]",1,White,20-39
/scratch/project_462000771/mengting/projects/bias/SD3/prompt2/selected_faces/detected_sad/sad_person_0761_face0.png,Middle Eastern,Black,Male,30-39,"[7.70981386e-02 1.14145473e-01 1.43212035e-01 9.55243231e-05
 1.34807697e-03 1.15077915e-02 6.52592957e-01]",[0.13288787 0.49351    0.00137369 0.37222847],[1.0000000e+00 3.4500633e-08],"[4.4436842e-07 3.5130904e-06 9.9387649e-04 1.2537390e-01 4.9831182e-01
 3.4210816e-01 3.1736080e-02 1.4355512e-03 3.6660800e-05]",1,Others,20-39
/scratch/project_462000771/mengting/projects/bias/SD3/prompt2/selected_faces/detected_sad/sad_person_0762_face0.png,White,White,Male,40-49,"[5.2824807e-01 2.7882191e-04 1.4315397e-01 3.3721176e-04 8.3657645e-04
 1.9297222e-02 3.0784816e-01]",[9.9566835e-01 5.9215086e-05 2.4004339e-04 4.0324074e-03],[0.9963727  0.00362729],"[4.94466485e-06 1.36112376e-05 6.01462147e-04 7.78369466e-03
 1.23580284e-01 4.73380536e-01 3.48684847e-01 4.19518873e-02
 3.99878947e-03]",0,White,40-59
/scratch/project_462000771/mengting/projects/bias/SD3/prompt2/selected_faces/detected_sad/sad_person_0763_face0.png,White,White,Male,20-29,"[8.4949929e-01 7.1083667e-04 9.0292357e-02 5.0279009e-03 1.0970408e-02
 1.5760062e-02 2.7739221e-02]",[0.9469687  0.00552801 0.02078748 0.02671586],[0.9774978  0.02250215],"[7.5857537e-07 4.3947384e-05 1.7140228e-02 5.2590656e-01 4.0517992e-01
 5.0026748e-02 1.6441641e-03 5.3587093e-05 4.0181180e-06]",1,White,20-39
/scratch/project_462000771/mengting/projects/bias/SD3/prompt2/selected_faces/detected_sad/sad_person_0764_face0.png,Middle Eastern,Asian,Male,20-29,"[0.03805013 0.00108593 0.30708644 0.00097193 0.0076331  0.01737183
 0.62780064]",[0.17678829 0.00268862 0.6868402  0.13368289],[9.9999988e-01 1.2750219e-07],"[1.7851551e-07 2.3141594e-05 3.5901342e-02 8.2232708e-01 1.3756867e-01
 4.1323677e-03 4.5790061e-05 1.4232968e-06 1.4159167e-08]",1,Others,20-39
/scratch/project_462001220/mengting/projects_771/bias/SD3/prompt2/complete_selected_faces/detected_sad/0765_face0.png,White,White,Male,30-39,"[8.5421264e-01 2.1262309e-03 7.5572766e-02 1.4092067e-05 7.2298710e-05
 1.6935710e-03 6.6308387e-02]",[9.9168915e-01 4.3514371e-03 1.9552147e-04 3.7639178e-03],[9.9957138e-01 4.2861313e-04],"[1.1127397e-06 9.4664219e-06 1.3822220e-03 7.7337898e-02 5.8607346e-01
 3.1474179e-01 2.0302637e-02 1.4964599e-04 1.8837776e-06]",1,White,20-39
/scratch/project_462000771/mengting/projects/bias/SD3/prompt2/selected_faces/detected_sad/sad_person_0766_face0.png,White,White,Male,30-39,"[6.11838102e-01 5.27447155e-05 4.28393669e-02 1.13490474e-04
 3.78942466e-04 1.16886450e-02 3.33088756e-01]",[0.61258984 0.00198371 0.0021737  0.38325274],[0.7898696 0.2101304],"[1.54744957e-05 2.44148559e-05 1.90719985e-03 1.11121446e-01
 4.68802094e-01 3.76899540e-01 3.91182341e-02 2.01419485e-03
 9.72923153e-05]",1,White,20-39
/scratch/project_462000771/mengting/projects/bias/SD3/prompt2/selected_faces/detected_sad/sad_person_0767_face0.png,East Asian,Asian,Male,20-29,"[0.03738152 0.00097732 0.16883795 0.36223087 0.32481527 0.06839503
 0.03736211]",[0.00788685 0.00110735 0.9431628  0.04784298],[1.0000000e+00 1.7888421e-08],"[1.11209545e-07 2.62400954e-05 3.76255549e-02 9.08593178e-01
 5.33445552e-02 4.08088614e-04 2.10940402e-06 1.82456589e-07
 2.23767205e-09]",1,Asian,20-39
/scratch/project_462000771/mengting/projects/bias/SD3/prompt2/selected_faces/detected_sad/sad_person_0768_face0.png,Middle Eastern,Indian,Male,30-39,"[0.2017967  0.00838921 0.30753803 0.00060493 0.00455626 0.04890997
 0.42820486]",[0.10934021 0.03596969 0.02232064 0.8323695 ],[9.999642e-01 3.578259e-05],"[1.4595493e-06 3.8253616e-05 8.3608991e-03 2.8332424e-01 5.9235072e-01
 1.1271470e-01 3.1341563e-03 7.1647293e-05 3.9807505e-06]",0,Others,20-39
/scratch/project_462000771/mengting/projects/bias/SD3/prompt2/selected_faces/detected_sad/sad_person_0769_face0.png,White,White,Male,30-39,"[4.1015229e-01 1.9406326e-04 2.6884046e-01 1.0202267e-03 1.8141116e-03
 1.6815536e-02 3.0116341e-01]",[0.8675234  0.00089568 0.00491547 0.12666549],[9.9996495e-01 3.5016292e-05],"[1.3657948e-05 1.1409973e-04 7.1363458e-03 1.6759089e-01 6.6906399e-01
 1.5127140e-01 4.7225575e-03 8.5144406e-05 2.0301627e-06]",1,White,20-39
/scratch/project_462000771/mengting/projects/bias/SD3/prompt2/selected_faces/detected_sad/sad_person_0770_face0.png,Latino_Hispanic,Indian,Male,30-39,"[1.14840366e-01 1.12134025e-01 5.01205385e-01 5.33610801e-05
 6.21231331e-04 4.83544581e-02 2.22791180e-01]",[0.04736215 0.37988394 0.00508335 0.5676705 ],[9.9999982e-01 1.5038158e-07],"[1.6693475e-06 2.6344425e-05 5.0075175e-03 2.2033310e-01 5.9298581e-01
 1.7254044e-01 8.9842258e-03 1.1952456e-04 1.3042119e-06]",1,Others,20-39
/scratch/project_462000771/mengting/projects/bias/SD3/prompt2/selected_faces/detected_sad/sad_person_0771_face0.png,White,Asian,Male,20-29,"[0.60771984 0.00114659 0.26681492 0.07402988 0.02642189 0.00649933
 0.01736765]",[0.187817   0.01851924 0.77563804 0.01802572],[9.996848e-01 3.152478e-04],"[1.7798499e-07 2.5958365e-05 8.5797168e-02 8.5235208e-01 6.0306963e-02
 1.5063924e-03 1.0859640e-05 3.8792498e-07 1.8135690e-08]",1,White,20-39
/scratch/project_462000771/mengting/projects/bias/SD3/prompt2/selected_faces/detected_sad/sad_person_0772_face0.png,Black,Black,Male,40-49,"[7.2289462e-05 9.9676210e-01 2.0842969e-03 6.8060826e-06 1.3081147e-04
 7.4831001e-04 1.9538926e-04]",[2.4563897e-05 9.9881291e-01 8.1800832e-04 3.4451380e-04],[9.999859e-01 1.417134e-05],"[1.2866625e-05 3.1248998e-04 1.7112905e-02 1.3984640e-01 3.4853446e-01
 3.7188214e-01 1.1701052e-01 5.0694146e-03 2.1882172e-04]",1,Black,40-59
/scratch/project_462000771/mengting/projects/bias/SD3/prompt2/selected_faces/detected_sad/sad_person_0773_face0.png,White,White,Male,30-39,"[0.6004404  0.00224315 0.13901305 0.00264246 0.00821992 0.00688635
 0.2405546 ]",[0.9690183  0.00128327 0.00372859 0.02596986],[9.9994862e-01 5.1385785e-05],"[3.3128723e-07 7.4339723e-06 2.5464278e-03 3.5258767e-01 5.8398724e-01
 6.0041416e-02 8.2301453e-04 6.3297171e-06 1.4032628e-07]",1,White,20-39
/scratch/project_462000771/mengting/projects/bias/SD3/prompt2/selected_faces/detected_sad/sad_person_0774_face0.png,White,White,Male,20-29,"[6.9949394e-01 2.0234930e-04 2.4562661e-01 5.4216776e-03 5.5443244e-03
 5.8171037e-03 3.7894014e-02]",[9.8934561e-01 3.7423601e-05 5.7955724e-03 4.8213638e-03],[9.9997896e-01 2.1057758e-05],"[1.0016487e-06 6.3545951e-05 3.2543354e-02 7.2057122e-01 2.3261507e-01
 1.4049556e-02 1.5364187e-04 2.5274189e-06 5.0869509e-08]",0,White,20-39
/scratch/project_462000771/mengting/projects/bias/SD3/prompt2/selected_faces/detected_sad/sad_person_0775_face0.png,White,White,Male,20-29,"[9.4294268e-01 1.9212926e-05 2.1246258e-02 1.5047593e-06 1.3880949e-05
 7.9179596e-04 3.4984726e-02]",[9.7716337e-01 1.2861387e-04 4.8473554e-05 2.2659509e-02],[1.0000000e+00 1.0228953e-08],"[1.2244359e-08 7.6021233e-06 2.7006000e-02 9.1579014e-01 5.6626499e-02
 5.6883757e-04 8.5497101e-07 5.0357398e-09 5.5560903e-11]",1,White,20-39
/scratch/project_462000771/mengting/projects/bias/SD3/prompt2/selected_faces/detected_sad/sad_person_0776_face0.png,Latino_Hispanic,White,Male,30-39,"[0.35488132 0.00694462 0.3864271  0.00104142 0.00276485 0.09086642
 0.15707423]",[0.6434857  0.00627819 0.00698655 0.34324956],[0.9979087 0.0020913],"[3.8482740e-06 4.7067933e-05 4.8717945e-03 2.9996592e-01 5.9393132e-01
 9.6639909e-02 4.4065258e-03 1.2681400e-04 6.8180902e-06]",1,Others,20-39
/scratch/project_462000771/mengting/projects/bias/SD3/prompt2/selected_faces/detected_sad/sad_person_0777_face0.png,White,White,Male,20-29,"[9.2236227e-01 6.0547463e-04 4.1454569e-02 1.1120584e-02 5.7368195e-03
 2.5615029e-03 1.6158817e-02]",[9.6523947e-01 6.7711511e-04 2.5468325e-02 8.6151119e-03],[9.999833e-01 1.670593e-05],"[9.7393190e-08 1.9311854e-05 3.6821146e-02 8.8010472e-01 8.2001619e-02
 1.0467010e-03 6.2462318e-06 1.7287566e-07 7.5340090e-09]",1,White,20-39
/scratch/project_462000771/mengting/projects/bias/SD3/prompt2/selected_faces/detected_sad/sad_person_0778_face0.png,Latino_Hispanic,Black,Male,30-39,"[0.01057035 0.43487746 0.47771212 0.00166838 0.03053824 0.0382462
 0.0063872 ]",[0.01305888 0.85825115 0.044321   0.08436893],[9.999916e-01 8.412341e-06],"[1.7569477e-06 5.5507393e-05 2.3109768e-02 3.8367197e-01 4.3015349e-01
 1.5140237e-01 1.1450292e-02 1.5181463e-04 2.9974062e-06]",1,Others,20-39
/scratch/project_462000771/mengting/projects/bias/SD3/prompt2/selected_faces/detected_sad/sad_person_0779_face0.png,East Asian,Asian,Male,20-29,"[0.10010338 0.00303161 0.02481748 0.72301584 0.13731702 0.00300305
 0.00871156]",[0.16389777 0.00536769 0.8215095  0.00922507],[0.99495465 0.00504535],"[1.5850243e-06 9.5116658e-05 2.8798318e-02 5.5785787e-01 3.7873378e-01
 3.3681348e-02 7.8824389e-04 3.9712053e-05 3.9872634e-06]",0,Asian,20-39
/scratch/project_462000771/mengting/projects/bias/SD3/prompt2/selected_faces/detected_sad/sad_person_0780_face0.png,White,White,Male,20-29,"[6.2744731e-01 2.8345566e-03 2.2213165e-01 1.3458423e-05 1.1899222e-04
 2.4529543e-02 1.2292448e-01]",[8.1830686e-01 1.1335025e-02 5.5113219e-04 1.6980697e-01],[9.9999958e-01 3.9164962e-07],"[3.4922920e-07 1.3146360e-04 7.9572074e-02 7.4367821e-01 1.6652212e-01
 1.0005091e-02 8.9875582e-05 8.8023489e-07 1.7027759e-08]",1,White,20-39
/scratch/project_462000771/mengting/projects/bias/SD3/prompt2/selected_faces/detected_sad/sad_person_0781_face0.png,Latino_Hispanic,White,Male,20-29,"[3.9410040e-01 7.8945086e-05 5.4010230e-01 3.7065102e-03 4.7991709e-03
 5.1807677e-03 5.2031912e-02]",[9.1838962e-01 3.0527482e-04 2.8938930e-02 5.2366152e-02],[9.999205e-01 7.951573e-05],"[1.3125234e-07 1.2457765e-05 3.9231703e-02 8.1015921e-01 1.4630878e-01
 4.2539258e-03 3.2965934e-05 8.1043839e-07 1.6199520e-08]",1,Others,20-39
/scratch/project_462000771/mengting/projects/bias/SD3/prompt2/selected_faces/detected_sad/sad_person_0782_face0.png,White,White,Female,30-39,"[9.8477668e-01 6.8858702e-05 7.9972157e-03 9.7095726e-05 1.2480897e-04
 4.5068428e-04 6.4846789e-03]",[0.9782052  0.00141756 0.01294236 0.00743499],[0.22737166 0.7726283 ],"[2.23766250e-07 8.11318114e-06 5.02823386e-03 3.74980360e-01
 4.95801598e-01 1.19327016e-01 4.76822536e-03 8.05922682e-05
 5.60517810e-06]",1,White,20-39
/scratch/project_462000771/mengting/projects/bias/SD3/prompt2/selected_faces/detected_sad/sad_person_0783_face0.png,White,Asian,Female,10-19,"[0.4252654  0.00277014 0.18952382 0.12866959 0.02343067 0.02273583
 0.20760463]",[0.14250073 0.04699322 0.6184518  0.19205435],[0.2958912  0.70410883],"[2.2962664e-05 1.3747671e-02 5.8363307e-01 3.2370216e-01 7.2162449e-02
 6.4231763e-03 2.8752632e-04 1.8928100e-05 2.0822060e-06]",0,White,10-19
/scratch/project_462000771/mengting/projects/bias/SD3/prompt2/selected_faces/detected_sad/sad_person_0784_face0.png,Latino_Hispanic,White,Male,30-39,"[0.36809883 0.06716216 0.45801055 0.00418688 0.01652211 0.02909775
 0.05692165]",[0.44025597 0.33762935 0.01685853 0.20525621],[0.9930761  0.00692393],"[2.4090411e-06 1.4635073e-05 8.4600858e-03 2.2914720e-01 4.6766785e-01
 2.4463226e-01 4.5971673e-02 3.8062672e-03 2.9764586e-04]",1,Others,20-39
/scratch/project_462000771/mengting/projects/bias/SD3/prompt2/selected_faces/detected_sad/sad_person_0785_face0.png,White,White,Female,40-49,"[9.8397362e-01 2.2555482e-04 9.2394957e-03 9.1264123e-04 5.1788514e-04
 1.4692491e-04 4.9838368e-03]",[9.76046681e-01 4.25810926e-04 2.34208629e-02 1.06693115e-04],[0.3458593  0.65414065],"[1.0770956e-05 1.0823547e-04 1.8363419e-03 2.7300991e-02 1.9827710e-01
 5.8359426e-01 1.7616776e-01 1.1705600e-02 9.9898467e-04]",1,White,40-59
/scratch/project_462001220/mengting/projects_771/bias/SD3/prompt2/complete_selected_faces/detected_sad/0786_face0.png,White,White,Male,50-59,"[9.5360601e-01 5.7068042e-05 2.9066667e-02 5.2952330e-04 1.1747507e-03
 1.4678527e-03 1.4098074e-02]",[9.9942040e-01 2.5497225e-06 3.6926608e-04 2.0788582e-04],[9.9999285e-01 7.1437908e-06],"[2.0386949e-05 4.0750572e-05 4.2573793e-04 9.0804556e-04 2.0463292e-02
 2.5284138e-01 6.8716633e-01 3.7355948e-02 7.7808619e-04]",1,White,40-59
/scratch/project_462000771/mengting/projects/bias/SD3/prompt2/selected_faces/detected_sad/sad_person_0787_face0.png,White,White,Female,30-39,"[8.6381233e-01 1.9833098e-04 7.4223198e-02 7.4020907e-05 1.8988548e-04
 8.3121774e-04 6.0670957e-02]",[9.903263e-01 8.910606e-04 4.926566e-03 3.856022e-03],[0.12423348 0.8757665 ],"[2.5758490e-07 3.8821504e-06 1.7342744e-03 9.5289737e-02 4.7566289e-01
 3.7824899e-01 4.7234897e-02 1.7719882e-03 5.3090571e-05]",0,White,20-39
/scratch/project_462000771/mengting/projects/bias/SD3/prompt2/selected_faces/detected_sad/sad_person_0788_face0.png,Middle Eastern,Asian,Male,70+,"[0.13894443 0.01099623 0.18757488 0.06892964 0.09768093 0.08226094
 0.41361296]",[0.155214   0.00254364 0.6854077  0.1568347 ],[0.9658632  0.03413676],"[5.1450177e-05 1.1261974e-04 2.9792238e-04 6.3727750e-04 1.1359366e-03
 4.4853906e-03 5.5951241e-02 3.9916763e-01 5.3816050e-01]",1,Others,60+
/scratch/project_462000771/mengting/projects/bias/SD3/prompt2/selected_faces/detected_sad/sad_person_0789_face0.png,White,Asian,Female,20-29,"[0.68889093 0.00519934 0.15953088 0.02758    0.02416738 0.00598685
 0.0886446 ]",[0.04089471 0.00860678 0.92202544 0.02847305],[0.3712095 0.6287905],"[6.3610191e-06 5.3161895e-04 4.5776006e-02 4.4190404e-01 4.1900748e-01
 8.7389208e-02 4.9944040e-03 3.4350666e-04 4.7298545e-05]",0,White,20-39
/scratch/project_462000771/mengting/projects/bias/SD3/prompt2/selected_faces/detected_sad/sad_person_0790_face0.png,White,White,Male,40-49,"[8.5938573e-01 3.0562346e-04 4.9554557e-02 5.0472463e-06 4.5612844e-05
 1.4732160e-02 7.5971253e-02]",[9.9421459e-01 8.6182496e-05 2.0909104e-04 5.4900688e-03],[0.99671197 0.00328804],"[2.0796854e-06 8.1158223e-06 9.4377052e-04 2.8728034e-02 2.0696001e-01
 5.2763242e-01 2.2887088e-01 6.6115255e-03 2.4308608e-04]",1,White,40-59
/scratch/project_462000771/mengting/projects/bias/SD3/prompt2/selected_faces/detected_sad/sad_person_0791_face0.png,Middle Eastern,Indian,Male,30-39,"[2.6372522e-01 5.4048665e-05 1.0417490e-01 1.1312385e-03 1.7559560e-03
 4.1245267e-02 5.8791339e-01]",[4.6278492e-01 5.0490629e-04 8.8457800e-03 5.2786440e-01],[9.9981266e-01 1.8731170e-04],"[4.9628812e-07 5.0451204e-06 2.5606342e-03 4.0749076e-01 5.5165464e-01
 3.7824102e-02 4.5283008e-04 1.1083046e-05 4.0505239e-07]",1,White,20-39
/scratch/project_462000771/mengting/projects/bias/SD3/prompt2/selected_faces/detected_sad/sad_person_0792_face0.png,White,White,Male,20-29,"[7.0524442e-01 7.5635465e-04 5.6368411e-02 1.1927384e-04 4.0541371e-04
 5.7811700e-02 1.7929442e-01]",[0.68856096 0.00169573 0.00762271 0.30212063],[9.999423e-01 5.774129e-05],"[2.4184812e-06 1.1765177e-03 3.6602604e-01 4.3571886e-01 1.5791559e-01
 3.7948336e-02 1.1876523e-03 2.3583139e-05 1.0005955e-06]",1,White,20-39
/scratch/project_462000771/mengting/projects/bias/SD3/prompt2/selected_faces/detected_sad/sad_person_0793_face0.png,White,White,Female,30-39,"[0.68912107 0.00299374 0.11667747 0.00091959 0.00811867 0.10071672
 0.08145282]",[0.47794625 0.00675314 0.11905201 0.39624858],[0.4090669  0.59093314],"[1.7555473e-07 1.1836388e-05 2.5430953e-03 1.5347518e-01 6.1539310e-01
 2.1927850e-01 9.1028390e-03 1.8184973e-04 1.3436342e-05]",1,White,20-39
/scratch/project_462000771/mengting/projects/bias/SD3/prompt2/selected_faces/detected_sad/sad_person_0794_face0.png,White,White,Male,20-29,"[9.9982798e-01 6.8320747e-07 8.8839093e-05 4.3158625e-06 5.1434258e-06
 9.3873240e-07 7.2172385e-05]",[9.9992114e-01 8.0177142e-06 4.9449998e-05 2.1422564e-05],[9.9998373e-01 1.6316904e-05],"[1.3555896e-08 8.6391074e-06 6.1791159e-02 8.8468087e-01 5.2535221e-02
 9.7832340e-04 5.7383841e-06 4.4609017e-08 1.1438785e-09]",1,White,20-39
/scratch/project_462000771/mengting/projects/bias/SD3/prompt2/selected_faces/detected_sad/sad_person_0795_face0.png,Indian,Indian,Male,20-29,"[1.4531451e-01 2.5882697e-04 1.8109414e-01 4.8230632e-04 3.8799925e-03
 4.1943595e-01 2.4953432e-01]",[0.36805302 0.00110037 0.02168328 0.60916334],[9.9999934e-01 6.7332269e-07],"[3.5021318e-07 3.6354261e-04 2.7031693e-01 6.5711522e-01 6.7012206e-02
 5.1376275e-03 5.2763840e-05 1.3472213e-06 2.4845640e-08]",1,Others,20-39
/scratch/project_462000771/mengting/projects/bias/SD3/prompt2/selected_faces/detected_sad/sad_person_0796_face0.png,Latino_Hispanic,Indian,Male,20-29,"[0.004936   0.03325174 0.4574375  0.00144397 0.05741199 0.15780325
 0.28771552]",[0.00146216 0.04918932 0.0849431  0.8644054 ],[9.9999630e-01 3.6525512e-06],"[7.7236001e-07 5.5392500e-04 2.6571611e-01 6.4901674e-01 8.0673575e-02
 3.9690165e-03 6.5552973e-05 4.1881726e-06 9.0098084e-08]",1,Others,20-39
/scratch/project_462000771/mengting/projects/bias/SD3/prompt2/selected_faces/detected_sad/sad_person_0797_face0.png,Black,Black,Male,20-29,"[8.2351544e-06 9.9895793e-01 3.2831388e-04 1.0581168e-05 3.3690582e-04
 3.1251219e-04 4.5456905e-05]",[6.50797165e-06 9.99685049e-01 1.02663056e-04 2.05688557e-04],[9.9999803e-01 1.9372362e-06],"[2.5581687e-06 4.1358103e-04 6.9143429e-02 4.9227250e-01 3.2360208e-01
 1.0035256e-01 1.3787610e-02 3.9694351e-04 2.8709976e-05]",1,Black,20-39
/scratch/project_462000771/mengting/projects/bias/SD3/prompt2/selected_faces/detected_sad/sad_person_0798_face0.png,White,White,Male,20-29,"[0.77120024 0.0380757  0.1227382  0.00247188 0.00546292 0.01389813
 0.04615295]",[0.920113   0.02884006 0.01613419 0.03491272],[0.99092734 0.0090726 ],"[1.6727591e-06 2.3088457e-04 8.2262851e-02 6.0992581e-01 2.7685827e-01
 2.9798575e-02 8.6673547e-04 5.1330411e-05 3.9172969e-06]",1,White,20-39
/scratch/project_462000771/mengting/projects/bias/SD3/prompt2/selected_faces/detected_sad/sad_person_0799_face0.png,Indian,Indian,Male,20-29,"[6.1833560e-02 1.4983875e-03 3.4775990e-01 5.3178159e-05 1.0444082e-03
 5.2876967e-01 5.9040941e-02]",[2.1292800e-02 1.7170522e-02 7.6076627e-04 9.6077591e-01],[9.9999994e-01 4.7918636e-08],"[2.0707897e-07 6.0397364e-05 5.1912930e-02 7.1495414e-01 2.2663830e-01
 6.3976012e-03 3.5742454e-05 6.7062746e-07 7.5256201e-09]",1,Others,20-39
/scratch/project_462000771/mengting/projects/bias/SD3/prompt2/selected_faces/detected_sad/sad_person_0800_face0.png,White,White,Male,40-49,"[9.04677391e-01 1.09839224e-04 2.55935378e-02 4.28809362e-05
 2.66389077e-04 3.65314889e-03 6.56567290e-02]",[9.9121404e-01 1.2699277e-04 4.0964986e-04 8.2492810e-03],[0.90067315 0.09932685],"[4.0607615e-06 1.9955431e-05 2.3094702e-03 7.4759811e-02 2.3343055e-01
 3.2125375e-01 3.1105500e-01 4.7176767e-02 9.9906223e-03]",1,White,40-59
/scratch/project_462000771/mengting/projects/bias/SD3/prompt2/selected_faces/detected_sad/sad_person_0801_face0.png,Middle Eastern,Indian,Male,20-29,"[0.11931539 0.00104107 0.3690986  0.00076854 0.002781   0.0285465
 0.4784489 ]",[0.27544495 0.00090536 0.01520399 0.70844567],[9.9999958e-01 4.5867066e-07],"[5.19617288e-07 6.42735540e-06 2.14856956e-03 5.58367014e-01
 4.25057352e-01 1.42978048e-02 1.20840334e-04 1.57795898e-06
 1.87758626e-08]",1,Others,20-39
/scratch/project_462000771/mengting/projects/bias/SD3/prompt2/selected_faces/detected_sad/sad_person_0802_face0.png,Latino_Hispanic,White,Male,20-29,"[2.6520222e-01 1.1799263e-01 5.3926122e-01 3.1584332e-04 4.8085125e-03
 4.7521468e-02 2.4898076e-02]",[0.47695827 0.27683017 0.13242851 0.11378302],[9.999949e-01 5.077510e-06],"[1.6269291e-06 1.3948299e-04 3.6506370e-02 4.9565181e-01 3.8650095e-01
 7.6880306e-02 4.2489134e-03 6.7780093e-05 2.7298265e-06]",1,Others,20-39
/scratch/project_462000771/mengting/projects/bias/SD3/prompt2/selected_faces/detected_sad/sad_person_0803_face0.png,Latino_Hispanic,Indian,Male,20-29,"[3.0019203e-01 2.9652042e-04 3.4939262e-01 1.9909014e-04 1.1144481e-03
 1.5664931e-01 1.9215596e-01]",[0.14038838 0.00092665 0.00154994 0.857135  ],[9.9999803e-01 2.0264486e-06],"[2.1256430e-07 1.6726512e-05 3.1626567e-02 8.0882668e-01 1.5448299e-01
 4.9747680e-03 6.9787180e-05 2.2872919e-06 3.9484352e-08]",1,Others,20-39
/scratch/project_462000771/mengting/projects/bias/SD3/prompt2/selected_faces/detected_sad/sad_person_0804_face0.png,Black,Black,Male,30-39,"[1.0092581e-04 9.9892473e-01 5.6930789e-04 1.8413073e-05 4.9412996e-05
 1.3331024e-04 2.0397235e-04]",[8.9208461e-06 9.9997228e-01 9.1717475e-06 9.6273516e-06],[0.93678737 0.06321257],"[5.6876266e-05 1.9011879e-03 1.9235030e-02 1.3865153e-01 4.0033504e-01
 3.6935702e-01 6.3166097e-02 6.1898371e-03 1.1074259e-03]",0,Black,20-39
/scratch/project_462001220/mengting/projects_771/bias/SD3/prompt2/complete_selected_faces/detected_sad/0805_face0.png,White,White,Male,30-39,"[7.6675034e-01 1.0421469e-03 1.7557257e-01 2.8967077e-04 1.5470560e-03
 9.2533845e-03 4.5544911e-02]",[0.6865696  0.03732424 0.02477893 0.25132725],[9.9999839e-01 1.6156963e-06],"[2.2849855e-07 2.4342794e-06 2.5634130e-04 2.7397590e-02 5.5786079e-01
 3.9998433e-01 1.4437991e-02 5.9808506e-05 6.1759192e-07]",0,White,20-39
/scratch/project_462000771/mengting/projects/bias/SD3/prompt2/selected_faces/detected_sad/sad_person_0806_face0.png,White,White,Male,20-29,"[8.5035890e-01 9.2569062e-05 7.0939168e-02 2.0115518e-04 5.3656515e-04
 2.1243810e-03 7.5747333e-02]",[9.1862708e-01 6.0326979e-04 1.4680296e-03 7.9301558e-02],[9.9977720e-01 2.2277088e-04],"[4.1824205e-07 1.1193202e-04 1.3344598e-01 7.1436924e-01 1.4354859e-01
 8.3999988e-03 1.2162813e-04 2.1671922e-06 7.3382665e-08]",1,White,20-39
/scratch/project_462000771/mengting/projects/bias/SD3/prompt2/selected_faces/detected_sad/sad_person_0807_face0.png,Middle Eastern,Indian,Male,40-49,"[4.5341142e-02 5.4620914e-02 1.1596628e-01 5.3650725e-05 3.9541454e-04
 1.0290674e-01 6.8071586e-01]",[0.02527738 0.2424509  0.00843144 0.7238403 ],[0.99588066 0.00411934],"[3.7742491e-05 4.0612194e-05 3.7395101e-04 1.1138205e-02 2.3866498e-01
 5.6020278e-01 1.7374252e-01 1.5084152e-02 7.1503030e-04]",0,Others,40-59
/scratch/project_462000771/mengting/projects/bias/SD3/prompt2/selected_faces/detected_sad/sad_person_0808_face0.png,White,Indian,Male,40-49,"[0.49371994 0.01851699 0.11393149 0.00064201 0.00225546 0.05065566
 0.32027847]",[0.22655624 0.02517035 0.00479993 0.7434735 ],[0.99301714 0.00698284],"[4.2818074e-06 1.9054398e-05 3.6411243e-04 1.5013111e-02 2.2995722e-01
 5.3158426e-01 1.9961789e-01 1.9847818e-02 3.5923407e-03]",1,White,40-59
/scratch/project_462000771/mengting/projects/bias/SD3/prompt2/selected_faces/detected_sad/sad_person_0809_face0.png,White,White,Male,30-39,"[0.45648035 0.00094334 0.26880294 0.0200484  0.01188565 0.02474711
 0.2170922 ]",[0.801846   0.00164942 0.09560467 0.10089988],[9.9979866e-01 2.0136233e-04],"[2.5072286e-06 4.5918274e-05 1.4585906e-02 4.3766305e-01 5.0425059e-01
 4.2797558e-02 6.3343445e-04 2.0213698e-05 8.3509309e-07]",1,White,20-39
/scratch/project_462000771/mengting/projects/bias/SD3/prompt2/selected_faces/detected_sad/sad_person_0810_face0.png,Latino_Hispanic,White,Male,30-39,"[1.0691570e-01 1.5599030e-03 6.8359196e-01 3.4542367e-04 9.5884630e-04
 6.2284786e-02 1.4434336e-01]",[0.7876151  0.00209483 0.00163914 0.20865083],[9.9999696e-01 2.9944295e-06],"[1.5547887e-06 4.8973146e-05 5.2512172e-03 4.7405756e-01 4.9336833e-01
 2.7072750e-02 1.9835212e-04 1.2793500e-06 1.6370567e-08]",1,Others,20-39
/scratch/project_462000771/mengting/projects/bias/SD3/prompt2/selected_faces/detected_sad/sad_person_0811_face0.png,Middle Eastern,White,Male,20-29,"[3.7546834e-01 9.0981848e-05 1.8068084e-01 1.3153027e-02 2.1019489e-02
 1.1097779e-02 3.9848956e-01]",[9.3327820e-01 6.2234307e-05 4.1096728e-02 2.5562825e-02],[9.9999994e-01 6.7328230e-08],"[5.2818820e-07 4.2585900e-05 1.8058132e-02 5.9911430e-01 3.6105567e-01
 2.1460494e-02 2.6026258e-04 7.9293468e-06 6.6923619e-08]",1,White,20-39
/scratch/project_462000771/mengting/projects/bias/SD3/prompt2/selected_faces/detected_sad/sad_person_0812_face0.png,White,White,Male,40-49,"[9.1446871e-01 1.1517494e-02 2.7619364e-02 3.8358362e-03 3.1146696e-03
 4.4341286e-04 3.9000377e-02]",[0.689857   0.2955258  0.01125189 0.00336535],[9.9999970e-01 2.6952313e-07],"[8.2096713e-06 7.2751078e-05 3.5128645e-03 4.8452836e-02 3.2398009e-01
 4.7128150e-01 1.4360023e-01 8.8008689e-03 2.9065815e-04]",1,White,40-59
/scratch/project_462000771/mengting/projects/bias/SD3/prompt2/selected_faces/detected_sad/sad_person_0813_face0.png,White,White,Male,20-29,"[0.45223293 0.00296402 0.41851833 0.0030025  0.01619029 0.06614333
 0.04094865]",[0.52639866 0.02487036 0.04021509 0.40851596],[9.9991077e-01 8.9205685e-05],"[2.0229098e-07 4.2735981e-05 8.2414627e-02 7.7790761e-01 1.3661206e-01
 2.9861473e-03 3.5481138e-05 1.1858149e-06 3.3558585e-08]",1,White,20-39
/scratch/project_462000771/mengting/projects/bias/SD3/prompt2/selected_faces/detected_sad/sad_person_0814_face0.png,Southeast Asian,Asian,Male,40-49,"[1.3600787e-04 5.4922036e-04 2.4486057e-02 3.7296450e-01 5.9965444e-01
 2.1503186e-03 5.9485355e-05]",[2.7203232e-05 4.2547917e-04 9.9728805e-01 2.2592756e-03],[9.9998873e-01 1.1279559e-05],"[6.46979288e-07 8.11871269e-06 1.63318764e-03 8.42802599e-02
 3.45315844e-01 4.33508039e-01 1.21260375e-01 1.37268500e-02
 2.66713236e-04]",0,Asian,40-59
/scratch/project_462000771/mengting/projects/bias/SD3/prompt2/selected_faces/detected_sad/sad_person_0815_face0.png,White,White,Male,30-39,"[8.0663395e-01 3.6551396e-04 1.4454992e-01 5.4973952e-04 8.3563331e-04
 5.5846628e-03 4.1480508e-02]",[9.9655753e-01 1.6335403e-05 4.6689020e-04 2.9592081e-03],[9.9951124e-01 4.8876653e-04],"[7.0202623e-07 3.8560070e-06 7.5507315e-04 8.6990431e-02 6.2262464e-01
 2.7903089e-01 1.0466513e-02 1.2584381e-04 2.0927932e-06]",1,White,20-39
/scratch/project_462000771/mengting/projects/bias/SD3/prompt2/selected_faces/detected_sad/sad_person_0816_face0.png,Black,Black,Male,20-29,"[1.3788279e-04 9.9538201e-01 2.5080540e-03 2.2217782e-05 2.1469126e-04
 1.3135384e-03 4.2161718e-04]",[3.8079092e-05 9.8361009e-01 1.2990294e-03 1.5052701e-02],[0.99705684 0.00294321],"[4.4139968e-05 5.5404464e-03 1.9635798e-01 4.0395474e-01 3.0456939e-01
 7.8777589e-02 9.5466599e-03 1.0564633e-03 1.5260723e-04]",1,Black,20-39
/scratch/project_462000771/mengting/projects/bias/SD3/prompt2/selected_faces/detected_sad/sad_person_0817_face0.png,White,White,Male,20-29,"[5.6447160e-01 7.5676170e-04 9.7255699e-02 1.4375504e-04 4.3933737e-04
 1.3691421e-03 3.3556363e-01]",[0.9702956  0.00405821 0.02051854 0.00512756],[9.9999958e-01 4.1660937e-07],"[7.7145991e-08 1.9455911e-05 4.2707637e-02 6.2392509e-01 3.1975335e-01
 1.3527519e-02 6.6202323e-05 6.9099258e-07 9.7500044e-09]",1,White,20-39
/scratch/project_462000771/mengting/projects/bias/SD3/prompt2/selected_faces/detected_sad/sad_person_0818_face0.png,White,White,Male,50-59,"[9.5993769e-01 7.7187935e-05 6.9770101e-03 2.4289166e-05 2.9660396e-05
 1.0174616e-03 3.1936817e-02]",[9.9971694e-01 2.1610131e-05 7.4696174e-05 1.8664697e-04],[9.9998707e-01 1.2889973e-05],"[2.55370196e-05 7.68458085e-06 5.55509650e-05 4.88120131e-05
 8.21237918e-04 2.69929133e-02 4.92574096e-01 4.67996299e-01
 1.14777805e-02]",0,White,40-59
/scratch/project_462000771/mengting/projects/bias/SD3/prompt2/selected_faces/detected_sad/sad_person_0819_face0.png,White,White,Male,20-29,"[0.4136527  0.06073698 0.3289918  0.0039398  0.00820126 0.0239976
 0.16047981]",[0.97592866 0.01232452 0.00796266 0.0037841 ],[0.99332    0.00668002],"[2.9183527e-06 4.5676634e-04 1.2777065e-01 7.8239101e-01 8.6379901e-02
 2.9596887e-03 3.6904650e-05 1.9945460e-06 2.0669752e-07]",1,White,20-39
/scratch/project_462000771/mengting/projects/bias/SD3/prompt2/selected_faces/detected_sad/sad_person_0820_face0.png,White,White,Male,40-49,"[5.0372672e-01 7.2988253e-03 2.9402858e-01 3.2022691e-04 2.4172566e-03
 3.2979596e-02 1.5922882e-01]",[0.92201555 0.00615931 0.02245639 0.04936872],[9.9960500e-01 3.9498313e-04],"[2.8643518e-04 4.5718745e-04 2.5066610e-03 1.2942907e-02 1.1887712e-01
 4.4606596e-01 3.8165030e-01 3.4843557e-02 2.3698399e-03]",1,White,40-59
/scratch/project_462000771/mengting/projects/bias/SD3/prompt2/selected_faces/detected_sad/sad_person_0821_face0.png,White,White,Male,20-29,"[0.6831519  0.00110495 0.15773469 0.00068364 0.00129574 0.01028133
 0.14574787]",[0.9798899  0.00234505 0.00187478 0.01589029],[9.9999803e-01 1.9420399e-06],"[1.2940525e-07 1.0979089e-04 1.4424701e-01 7.8449458e-01 7.0254557e-02
 8.9064450e-04 3.1069499e-06 9.2986824e-08 2.0623223e-09]",0,White,20-39
/scratch/project_462000771/mengting/projects/bias/SD3/prompt2/selected_faces/detected_sad/sad_person_0822_face0.png,Middle Eastern,White,Male,30-39,"[2.4114743e-01 5.0354557e-04 3.0785856e-01 4.4165182e-04 8.7783305e-04
 4.6146773e-03 4.4455633e-01]",[9.7928119e-01 1.5489223e-04 1.6281633e-03 1.8935861e-02],[9.9999946e-01 5.5709637e-07],"[3.9472607e-06 1.2564758e-04 1.0942937e-02 3.8242909e-01 5.6886017e-01
 3.7320118e-02 3.1494786e-04 3.1233653e-06 2.7683175e-08]",1,Others,20-39
/scratch/project_462000771/mengting/projects/bias/SD3/prompt2/selected_faces/detected_sad/sad_person_0823_face0.png,White,White,Male,20-29,"[9.7890842e-01 2.2549786e-05 1.1002323e-02 1.8335557e-04 3.3081829e-04
 6.2957749e-04 8.9230137e-03]",[9.9732703e-01 3.7926729e-05 1.1415387e-03 1.4934342e-03],[9.9947762e-01 5.2243745e-04],"[2.5896043e-06 2.4581776e-04 7.1747154e-02 5.1170582e-01 3.2580802e-01
 8.6831942e-02 3.5737024e-03 8.1117854e-05 3.8613557e-06]",1,White,20-39
/scratch/project_462000771/mengting/projects/bias/SD3/prompt2/selected_faces/detected_sad/sad_person_0824_face0.png,White,White,Male,20-29,"[9.5664620e-01 6.7159508e-06 3.1661730e-02 2.1747965e-03 2.3637540e-03
 1.4463791e-03 5.7005081e-03]",[9.7212565e-01 2.6710788e-05 1.0486452e-02 1.7361185e-02],[9.9999464e-01 5.3633712e-06],"[2.0682185e-07 2.9769639e-05 2.0995634e-02 5.4971784e-01 3.9388973e-01
 3.5037067e-02 3.2812392e-04 1.6233224e-06 2.3554440e-08]",1,White,20-39
/scratch/project_462000771/mengting/projects/bias/SD3/prompt2/selected_faces/detected_sad/sad_person_0825_face0.png,Latino_Hispanic,Indian,Male,30-39,"[0.20203932 0.00109879 0.38442415 0.00190546 0.00626346 0.05274452
 0.3515243 ]",[0.3952062  0.00128162 0.04337033 0.5601418 ],[9.9999636e-01 3.6039846e-06],"[2.3514101e-06 2.7177712e-05 6.2597725e-03 3.8819322e-01 5.0721562e-01
 9.4073355e-02 4.0712543e-03 1.5170990e-04 5.5297860e-06]",1,Others,20-39
/scratch/project_462000771/mengting/projects/bias/SD3/prompt2/selected_faces/detected_sad/sad_person_0826_face0.png,White,White,Male,20-29,"[0.7507853  0.00113744 0.12295763 0.00397815 0.01096009 0.01085875
 0.09932262]",[0.8982331  0.00493354 0.06306236 0.03377103],[0.8751429  0.12485715],"[5.5368537e-07 3.0568754e-05 2.0366827e-02 4.7680858e-01 3.8438761e-01
 1.0845487e-01 9.1331685e-03 6.3718506e-04 1.8052886e-04]",0,White,20-39
/scratch/project_462000771/mengting/projects/bias/SD3/prompt2/selected_faces/detected_sad/sad_person_0827_face0.png,East Asian,Asian,Male,20-29,"[9.8464043e-05 2.1222954e-06 3.2174640e-04 9.3430060e-01 6.5261453e-02
 1.1095475e-05 4.5778015e-06]",[4.7378020e-05 4.5027118e-06 9.9993241e-01 1.5727086e-05],[0.9986798  0.00132018],"[2.9081484e-09 9.2667983e-07 3.6205541e-02 8.2081652e-01 1.4155228e-01
 1.4188370e-03 5.6843924e-06 2.4763514e-07 2.7564118e-09]",1,Asian,20-39
/scratch/project_462000771/mengting/projects/bias/SD3/prompt2/selected_faces/detected_sad/sad_person_0828_face0.png,White,Indian,Male,30-39,"[0.43473604 0.00139904 0.2907635  0.00158319 0.00385733 0.05368282
 0.21397808]",[0.24273124 0.01400303 0.02971301 0.7135527 ],[0.99526167 0.00473833],"[3.3772579e-07 7.0836418e-06 1.6603788e-03 2.0062028e-01 7.1280909e-01
 8.3818443e-02 1.0657434e-03 1.7946628e-05 7.2984056e-07]",1,White,20-39
/scratch/project_462000771/mengting/projects/bias/SD3/prompt2/selected_faces/detected_sad/sad_person_0829_face0.png,Middle Eastern,White,Male,30-39,"[2.8974900e-01 3.7322210e-03 5.3123515e-02 3.4503228e-05 4.3327649e-04
 4.2600110e-02 6.1032742e-01]",[0.7873699  0.00867388 0.00209946 0.20185678],[9.999964e-01 3.600725e-06],"[2.87642843e-06 4.59407202e-05 7.08420388e-03 3.85231018e-01
 4.87499952e-01 1.16017416e-01 4.01539262e-03 9.97001262e-05
 3.61515458e-06]",1,White,20-39
/scratch/project_462000771/mengting/projects/bias/SD3/prompt2/selected_faces/detected_sad/sad_person_0830_face0.png,White,White,Male,10-19,"[0.84761065 0.00247592 0.0883952  0.01320773 0.01378583 0.00968851
 0.02483619]",[0.41906124 0.06895156 0.37908974 0.13289742],[9.9998307e-01 1.6860917e-05],"[5.2076763e-07 7.9990586e-04 5.3326511e-01 4.2099902e-01 4.2966455e-02
 1.9444684e-03 2.3855355e-05 7.0810074e-07 3.7791473e-08]",1,White,10-19
/scratch/project_462000771/mengting/projects/bias/SD3/prompt2/selected_faces/detected_sad/sad_person_0831_face0.png,Latino_Hispanic,White,Male,30-39,"[4.2674312e-01 1.7499275e-04 4.8630238e-01 6.4228820e-03 5.7403012e-03
 1.8948715e-02 5.5667602e-02]",[8.4741175e-01 4.8379714e-04 2.1796254e-02 1.3030818e-01],[9.9999934e-01 6.8356280e-07],"[3.6519828e-07 5.9285535e-06 2.1893398e-03 2.0325685e-01 6.8254650e-01
 1.1065479e-01 1.3362826e-03 9.8230839e-06 5.9918051e-08]",0,Others,20-39
/scratch/project_462000771/mengting/projects/bias/SD3/prompt2/selected_faces/detected_sad/sad_person_0832_face0.png,White,White,Male,50-59,"[8.2468879e-01 2.2895371e-03 6.0034636e-02 5.0856813e-04 1.4090810e-03
 1.8511191e-02 9.2558250e-02]",[9.9542987e-01 4.8656024e-05 3.3787967e-04 4.1836016e-03],[0.9913803  0.00861971],"[6.5445696e-05 5.8713027e-05 4.1576853e-04 2.8671438e-03 2.5866307e-02
 1.9501701e-01 5.7139164e-01 1.8602902e-01 1.8288877e-02]",1,White,40-59
/scratch/project_462000771/mengting/projects/bias/SD3/prompt2/selected_faces/detected_sad/sad_person_0833_face0.png,Black,Black,Male,30-39,"[1.9466891e-06 9.9981743e-01 7.2535317e-05 4.3921645e-07 1.2668727e-05
 8.8382207e-05 6.6223333e-06]",[2.5455245e-07 9.9998903e-01 3.4114973e-06 7.2282264e-06],[9.9978638e-01 2.1363018e-04],"[4.4167362e-07 1.9900863e-05 9.7367121e-03 4.4509861e-01 4.8175892e-01
 6.1802763e-02 1.5433114e-03 3.6722678e-05 2.6743692e-06]",0,Black,20-39
/scratch/project_462000771/mengting/projects/bias/SD3/prompt2/selected_faces/detected_sad/sad_person_0834_face0.png,White,White,Male,30-39,"[9.8446476e-01 1.0652378e-04 7.0418753e-03 4.6611572e-06 1.8041033e-05
 8.0463500e-04 7.5593432e-03]",[9.8928910e-01 1.4169936e-03 1.7543758e-04 9.1184620e-03],[0.99111015 0.00888987],"[3.7343071e-07 1.9951645e-05 1.3449335e-02 4.1415787e-01 4.6609196e-01
 1.0150790e-01 4.7060307e-03 6.4259206e-05 2.2708907e-06]",1,White,20-39
/scratch/project_462000771/mengting/projects/bias/SD3/prompt2/selected_faces/detected_sad/sad_person_0835_face0.png,Black,Black,Male,20-29,"[6.2219668e-05 9.5431244e-01 3.2847687e-03 1.3690168e-03 3.8924564e-02
 1.8285186e-03 2.1851002e-04]",[6.6149812e-05 9.8321402e-01 1.2510867e-02 4.2089908e-03],[9.9999970e-01 2.7258008e-07],"[1.4572596e-06 2.2642607e-04 3.1000905e-02 4.1702211e-01 3.6979255e-01
 1.6059417e-01 2.0503886e-02 8.0324564e-04 5.5261462e-05]",0,Black,20-39
/scratch/project_462000771/mengting/projects/bias/SD3/prompt2/selected_faces/detected_sad/sad_person_0836_face0.png,Latino_Hispanic,White,Male,30-39,"[0.2553767  0.02035451 0.402391   0.00068485 0.00304473 0.08777151
 0.23037665]",[0.9478203  0.01580436 0.0029842  0.03339114],[0.6585444  0.34145558],"[1.5653185e-06 3.3934848e-05 1.0436334e-02 2.5493833e-01 5.6362230e-01
 1.5725328e-01 1.3135518e-02 5.4593466e-04 3.2800286e-05]",1,Others,20-39
/scratch/project_462001220/mengting/projects_771/bias/SD3/prompt2/complete_selected_faces/detected_sad/0837_face0.png,Latino_Hispanic,White,Male,50-59,"[2.9538459e-01 7.1236864e-05 6.4525133e-01 1.4801349e-03 7.8069046e-03
 4.2134348e-02 7.8713624e-03]",[8.2803202e-01 1.6592960e-04 1.2232704e-01 4.9475037e-02],[9.9999577e-01 4.1960388e-06],"[3.9961462e-05 1.1489103e-04 1.6013236e-03 3.4491660e-04 1.1404217e-02
 2.1412590e-01 7.1322674e-01 5.8837295e-02 3.0476222e-04]",1,Others,40-59
/scratch/project_462000771/mengting/projects/bias/SD3/prompt2/selected_faces/detected_sad/sad_person_0838_face0.png,White,White,Male,30-39,"[6.6439134e-01 1.1172697e-04 1.3107818e-01 2.0151779e-03 3.6244525e-03
 4.2654248e-03 1.9451363e-01]",[9.7843891e-01 7.0998556e-04 1.4985531e-02 5.8655930e-03],[9.999923e-01 7.718389e-06],"[5.2943972e-07 2.2651449e-05 1.0398023e-02 3.8036349e-01 5.6002843e-01
 4.8462979e-02 7.1895058e-04 4.8858674e-06 9.1389026e-08]",1,White,20-39
/scratch/project_462000771/mengting/projects/bias/SD3/prompt2/selected_faces/detected_sad/sad_person_0839_face0.png,White,White,Male,30-39,"[6.9145244e-01 1.7262807e-03 2.1104150e-01 6.4550538e-04 1.6949925e-03
 1.0355362e-02 8.3083972e-02]",[0.9591783  0.00176776 0.02639497 0.01265899],[0.9373832  0.06261676],"[6.26785209e-07 7.83145697e-06 5.05773164e-03 2.38314644e-01
 5.53987801e-01 1.87914386e-01 1.43862413e-02 3.16839956e-04
 1.38960995e-05]",1,White,20-39
/scratch/project_462000771/mengting/projects/bias/SD3/prompt2/selected_faces/detected_sad/sad_person_0840_face0.png,Latino_Hispanic,White,Male,30-39,"[1.2931345e-01 1.0726217e-03 8.2811302e-01 5.2794669e-04 1.9726988e-03
 6.3879983e-03 3.2612190e-02]",[0.6099357  0.03409947 0.00757671 0.34838814],[9.9981707e-01 1.8293523e-04],"[2.1039158e-07 4.0984091e-06 4.5464435e-03 2.7199280e-01 6.3686633e-01
 8.5113138e-02 1.4666608e-03 1.0225017e-05 9.0620240e-08]",1,Others,20-39
/scratch/project_462000771/mengting/projects/bias/SD3/prompt2/selected_faces/detected_sad/sad_person_0841_face0.png,Black,Black,Male,10-19,"[8.8043242e-05 9.9876744e-01 8.8280335e-04 4.7289222e-06 5.5577995e-05
 4.9440157e-05 1.5202514e-04]",[3.8642323e-05 9.9970800e-01 8.9807450e-05 1.6349727e-04],[9.996764e-01 3.236306e-04],"[1.0730412e-05 8.7238196e-03 4.8736453e-01 3.5731858e-01 1.2909302e-01
 1.6590441e-02 8.4540702e-04 4.7893744e-05 5.5108621e-06]",0,Black,10-19
/scratch/project_462000771/mengting/projects/bias/SD3/prompt2/selected_faces/detected_sad/sad_person_0842_face0.png,White,White,Male,20-29,"[7.4727333e-01 1.2867323e-04 1.1233004e-01 1.2081244e-04 2.8827239e-04
 1.2089395e-02 1.2776944e-01]",[0.73291487 0.0202082  0.00172313 0.24515383],[9.9999970e-01 2.7803856e-07],"[4.4293873e-08 3.8663102e-06 8.9537455e-03 6.9021404e-01 2.8802052e-01
 1.2715780e-02 9.1407237e-05 5.9680735e-07 1.3273937e-08]",1,White,20-39
/scratch/project_462000771/mengting/projects/bias/SD3/prompt2/selected_faces/detected_sad/sad_person_0843_face0.png,White,White,Male,40-49,"[0.35798237 0.03246941 0.30824637 0.00637724 0.01600685 0.03558129
 0.24333641]",[0.6950349  0.06644262 0.08959775 0.14892472],[9.9968189e-01 3.1815778e-04],"[1.5286063e-06 3.5478545e-06 2.9338273e-04 4.4173252e-02 3.9786890e-01
 4.6714115e-01 8.4837198e-02 5.4994714e-03 1.8162027e-04]",0,White,40-59
/scratch/project_462000771/mengting/projects/bias/SD3/prompt2/selected_faces/detected_sad/sad_person_0844_face0.png,White,White,Male,50-59,"[9.5005953e-01 1.3975777e-04 1.2680401e-02 6.7527377e-04 1.3116418e-03
 1.4761261e-03 3.3657234e-02]",[9.9856311e-01 5.7488887e-05 5.9112714e-04 7.8824401e-04],[9.9990505e-01 9.4929252e-05],"[6.5604305e-05 4.6537061e-05 2.2380811e-04 1.3522306e-03 9.6761305e-03
 8.0165341e-02 5.1841092e-01 3.4077129e-01 4.9288154e-02]",1,White,40-59
/scratch/project_462000771/mengting/projects/bias/SD3/prompt2/selected_faces/detected_sad/sad_person_0845_face0.png,White,White,Male,30-39,"[9.8304886e-01 2.7094469e-05 6.2458874e-03 3.7680019e-04 4.9820688e-04
 3.7818271e-04 9.4250888e-03]",[9.926421e-01 4.794160e-05 4.529578e-03 2.780413e-03],[0.9978495  0.00215047],"[2.9745001e-06 3.7514459e-05 2.5306921e-03 1.1130229e-01 5.0375730e-01
 3.5732722e-01 2.4187425e-02 8.1496284e-04 3.9689934e-05]",1,White,20-39
/scratch/project_462000771/mengting/projects/bias/SD3/prompt2/selected_faces/detected_sad/sad_person_0846_face0.png,White,White,Male,30-39,"[4.8557585e-01 4.6553998e-03 3.6886331e-01 4.6518960e-04 1.4876878e-03
 2.6866641e-02 1.1208592e-01]",[0.9048405  0.00527834 0.0224115  0.0674696 ],[0.9967848  0.00321518],"[1.86862133e-06 2.92364839e-05 1.76663790e-03 1.04794025e-01
 6.27301335e-01 2.53191620e-01 1.24295605e-02 4.66370984e-04
 1.91744130e-05]",0,White,20-39
/scratch/project_462000771/mengting/projects/bias/SD3/prompt2/selected_faces/detected_sad/sad_person_0847_face0.png,White,White,Male,30-39,"[9.5078260e-01 3.7518748e-05 3.9578989e-02 4.9243510e-05 1.1427597e-04
 2.2536719e-03 7.1837516e-03]",[9.9016201e-01 1.0456788e-04 1.2162801e-04 9.6117668e-03],[0.99675196 0.00324807],"[6.8244947e-07 8.3098867e-06 7.9724053e-03 3.1147379e-01 4.3193528e-01
 2.2460453e-01 2.3579802e-02 4.1548585e-04 9.7147040e-06]",1,White,20-39
/scratch/project_462000771/mengting/projects/bias/SD3/prompt2/selected_faces/detected_sad/sad_person_0848_face0.png,White,White,Male,30-39,"[9.88694847e-01 5.85452472e-05 5.40234335e-03 3.46844812e-04
 5.76098741e-04 1.01499725e-04 4.81967581e-03]",[0.99467677 0.00102497 0.00269399 0.00160432],[0.79201657 0.20798343],"[1.0599166e-06 4.5584253e-05 1.2097040e-02 3.1324634e-01 5.1121569e-01
 1.5688904e-01 6.3813678e-03 1.1855010e-04 5.3139765e-06]",1,White,20-39
/scratch/project_462000771/mengting/projects/bias/SD3/prompt2/selected_faces/detected_sad/sad_person_0849_face0.png,Middle Eastern,White,Male,30-39,"[3.4863961e-01 1.2836293e-03 1.9016083e-01 3.1323751e-05 4.9697224e-04
 2.7135355e-02 4.3225223e-01]",[0.7497556  0.00133104 0.00108216 0.24783121],[9.9999976e-01 2.3448773e-07],"[2.4532926e-07 6.6960038e-06 2.0255090e-03 2.5684199e-01 6.3593423e-01
 1.0368429e-01 1.4936534e-03 1.3172465e-05 2.5468717e-07]",1,White,20-39
/scratch/project_462000771/mengting/projects/bias/SD3/prompt2/selected_faces/detected_sad/sad_person_0850_face0.png,East Asian,Asian,Male,30-39,"[7.8388024e-04 2.4504366e-04 2.8492877e-02 5.6329900e-01 4.0559793e-01
 1.4064810e-03 1.7483169e-04]",[2.6446106e-04 3.8017819e-04 9.9843705e-01 9.1827533e-04],[9.9999285e-01 7.1601148e-06],"[4.1630267e-07 1.5780730e-05 6.2537920e-03 2.6193854e-01 5.9053004e-01
 1.3439742e-01 6.6489838e-03 2.1244530e-04 2.5418080e-06]",1,Asian,20-39
/scratch/project_462000771/mengting/projects/bias/SD3/prompt2/selected_faces/detected_sad/sad_person_0851_face0.png,Latino_Hispanic,White,Male,20-29,"[0.17958143 0.00547944 0.65269214 0.02447702 0.04458333 0.0394609
 0.05372567]",[0.468022   0.26793393 0.05376119 0.21028286],[0.97770095 0.02229898],"[1.5875239e-07 1.0318750e-05 2.9852256e-02 6.9176638e-01 2.6761401e-01
 1.0614536e-02 1.3915570e-04 3.1487400e-06 8.3265348e-08]",1,Others,20-39
/scratch/project_462000771/mengting/projects/bias/SD3/prompt2/selected_faces/detected_sad/sad_person_0852_face0.png,White,White,Male,20-29,"[8.5309893e-01 7.6843789e-05 1.0193024e-01 5.6905358e-04 9.0290181e-04
 2.1362083e-03 4.1285772e-02]",[9.9827963e-01 3.5970013e-05 1.3812202e-04 1.5463054e-03],[9.999652e-01 3.482368e-05],"[9.9348973e-08 3.3265683e-06 4.7142310e-03 5.3390908e-01 4.3934059e-01
 2.1810183e-02 2.1974814e-04 2.6698610e-06 5.3074572e-08]",1,White,20-39
/scratch/project_462000771/mengting/projects/bias/SD3/prompt2/selected_faces/detected_sad/sad_person_0853_face0.png,Latino_Hispanic,Indian,Male,20-29,"[0.11035506 0.0080728  0.4106514  0.04598011 0.31114617 0.04750604
 0.06628844]",[0.06834387 0.0269342  0.23675148 0.6679704 ],[9.99891281e-01 1.08699795e-04],"[2.3202291e-07 2.7547268e-05 3.0659202e-02 6.1597383e-01 3.2037920e-01
 3.2069668e-02 8.7072334e-04 1.8872235e-05 8.0981647e-07]",0,Others,20-39
/scratch/project_462000771/mengting/projects/bias/SD3/prompt2/selected_faces/detected_sad/sad_person_0854_face0.png,Black,Black,Female,30-39,"[6.6310051e-05 9.8011619e-01 2.7121969e-03 9.6826098e-04 1.5187688e-02
 9.0090919e-04 4.8399495e-05]",[2.8011628e-04 9.8741329e-01 1.0179406e-02 2.1271824e-03],[0.44434714 0.5556529 ],"[3.49826660e-05 8.15613952e-04 5.90190571e-03 1.08830750e-01
 4.48318303e-01 3.05713505e-01 1.05426185e-01 1.74353234e-02
 7.52340350e-03]",0,Black,20-39
/scratch/project_462000771/mengting/projects/bias/SD3/prompt2/selected_faces/detected_sad/sad_person_0855_face0.png,Black,Black,Male,20-29,"[1.3143599e-05 9.9919540e-01 3.0747300e-04 8.2873009e-07 1.4760767e-05
 3.3207110e-04 1.3621921e-04]",[4.8419543e-06 9.9992824e-01 2.5036781e-05 4.1915497e-05],[9.9999791e-01 2.0803864e-06],"[3.4808372e-06 2.2783238e-04 3.0277023e-02 5.6941742e-01 3.4408411e-01
 5.3205788e-02 2.5768315e-03 1.9112512e-04 1.6317390e-05]",0,Black,20-39
/scratch/project_462000771/mengting/projects/bias/SD3/prompt2/selected_faces/detected_sad/sad_person_0856_face0.png,Latino_Hispanic,White,Male,30-39,"[0.30817673 0.0015886  0.3930786  0.0006751  0.00453089 0.21762373
 0.07432631]",[9.7031617e-01 3.7999026e-04 3.4826700e-04 2.8955635e-02],[9.9999958e-01 4.7074053e-07],"[4.3689968e-07 5.2551281e-06 1.7360761e-03 1.2803732e-01 6.6232938e-01
 2.0346500e-01 4.3877773e-03 3.8159069e-05 6.6820303e-07]",1,Others,20-39
/scratch/project_462000771/mengting/projects/bias/SD3/prompt2/selected_faces/detected_sad/sad_person_0857_face0.png,Middle Eastern,White,Male,20-29,"[2.6641509e-01 1.7410512e-04 3.2334602e-01 2.1434901e-04 1.5025195e-03
 7.7846333e-02 3.3050162e-01]",[0.54573774 0.00123017 0.06955446 0.3834777 ],[9.9999934e-01 6.4228226e-07],"[7.9441907e-07 1.5843345e-04 8.2378373e-02 5.7597035e-01 3.1385562e-01
 2.7261689e-02 3.6941265e-04 5.2414566e-06 6.5237572e-08]",1,Others,20-39
/scratch/project_462000771/mengting/projects/bias/SD3/prompt2/selected_faces/detected_sad/sad_person_0858_face0.png,Middle Eastern,White,Male,20-29,"[2.4370199e-01 2.8171863e-03 3.1709912e-01 1.3323055e-04 9.0949587e-04
 9.3125217e-02 3.4221381e-01]",[0.6377447  0.04605559 0.00120288 0.31499678],[9.9999988e-01 1.2492852e-07],"[8.7047184e-08 6.6438253e-05 1.2543751e-01 8.2454216e-01 4.9503103e-02
 4.4940124e-04 1.1947087e-06 4.5989697e-08 7.4305728e-10]",1,Others,20-39
/scratch/project_462000771/mengting/projects/bias/SD3/prompt2/selected_faces/detected_sad/sad_person_0859_face0.png,White,White,Male,30-39,"[9.5735854e-01 4.7208472e-05 1.5839284e-02 3.4755376e-05 7.8233068e-05
 6.3966174e-04 2.6002254e-02]",[9.84462857e-01 2.29094512e-04 4.47687606e-04 1.48602575e-02],[0.99891627 0.00108369],"[5.5246210e-07 6.5463664e-06 5.5126264e-03 3.2902592e-01 4.8607206e-01
 1.6847742e-01 1.0774003e-02 1.2665699e-04 4.1926878e-06]",1,White,20-39
/scratch/project_462000771/mengting/projects/bias/SD3/prompt2/selected_faces/detected_sad/sad_person_0860_face0.png,White,White,Male,40-49,"[9.61601019e-01 5.44339964e-05 1.81191228e-02 2.41446542e-05
 1.15466704e-04 3.80130624e-03 1.62844211e-02]",[9.907777e-01 2.697524e-04 5.150190e-04 8.437546e-03],[0.98128384 0.0187161 ],"[2.8895840e-07 1.7888351e-06 5.9725420e-04 5.3560004e-02 3.1287214e-01
 4.9843159e-01 1.3036102e-01 4.0080477e-03 1.6787069e-04]",1,White,40-59
/scratch/project_462000771/mengting/projects/bias/SD3/prompt2/selected_faces/detected_sad/sad_person_0861_face0.png,White,White,Male,30-39,"[9.6541816e-01 2.7648686e-04 2.7672747e-02 3.6540514e-04 2.7014344e-04
 9.4876997e-04 5.0484217e-03]",[9.9697310e-01 7.4700183e-05 4.5833699e-04 2.4938795e-03],[9.9927872e-01 7.2124886e-04],"[3.6906974e-06 1.6850836e-04 2.0167995e-02 4.1794923e-01 4.8664370e-01
 7.3964156e-02 1.0851051e-03 1.6764852e-05 8.7598312e-07]",1,White,20-39
/scratch/project_462000771/mengting/projects/bias/SD3/prompt2/selected_faces/detected_sad/sad_person_0862_face0.png,Indian,Indian,Male,10-19,"[0.05810146 0.00643688 0.2387643  0.00084327 0.017145   0.47649714
 0.20221196]",[0.09564726 0.01199851 0.0499001  0.84245414],[9.9999380e-01 6.2457298e-06],"[7.3190540e-07 2.1052998e-03 6.4608306e-01 3.1012627e-01 3.8658969e-02
 2.9787424e-03 4.5069370e-05 1.8813465e-06 6.1882005e-08]",1,Others,10-19
/scratch/project_462000771/mengting/projects/bias/SD3/prompt2/selected_faces/detected_sad/sad_person_0863_face0.png,White,White,Male,20-29,"[7.8334093e-01 5.1873508e-03 1.2141425e-01 3.4226215e-04 3.9757187e-03
 2.8657386e-02 5.7082035e-02]",[0.8545802  0.00549803 0.03543876 0.10448299],[9.9999970e-01 3.5360674e-07],"[9.2899349e-08 5.0660851e-06 1.6792823e-02 5.8315223e-01 3.5303575e-01
 4.5535818e-02 1.4447544e-03 3.2694803e-05 7.7666186e-07]",1,White,20-39
/scratch/project_462000771/mengting/projects/bias/SD3/prompt2/selected_faces/detected_sad/sad_person_0864_face0.png,Black,Black,Male,20-29,"[6.8523455e-06 9.9987602e-01 6.4970161e-05 9.0171898e-07 1.4532911e-05
 3.3864286e-05 2.8989662e-06]",[2.7552524e-06 9.9997240e-01 8.0802956e-06 1.6828235e-05],[9.9997044e-01 2.9531187e-05],"[4.5190479e-08 4.1521213e-05 9.6061751e-02 8.1075531e-01 9.0664819e-02
 2.4393620e-03 3.6168040e-05 9.7584029e-07 8.2527755e-08]",0,Black,20-39
/scratch/project_462000771/mengting/projects/bias/SD3/prompt2/selected_faces/detected_sad/sad_person_0865_face0.png,White,White,Male,30-39,"[0.5389452  0.00100322 0.40209085 0.01209351 0.01617133 0.00942909
 0.02026676]",[0.97216576 0.00168972 0.02280498 0.00333954],[9.999836e-01 1.642535e-05],"[5.3897787e-07 1.1865530e-05 1.4082276e-03 1.3365783e-01 7.1789992e-01
 1.4421318e-01 2.7908047e-03 1.7421100e-05 2.3690421e-07]",0,White,20-39
/scratch/project_462000771/mengting/projects/bias/SD3/prompt2/selected_faces/detected_sad/sad_person_0866_face0.png,White,White,Male,50-59,"[0.73370516 0.00519481 0.16482086 0.00312476 0.0079808  0.01255433
 0.07261916]",[0.989117   0.00411862 0.00451821 0.00224606],[9.9999785e-01 2.1591288e-06],"[1.9851316e-06 1.4376359e-06 5.3958003e-05 7.1754918e-04 2.8580109e-02
 4.1603848e-01 5.2049708e-01 3.3703774e-02 4.0567346e-04]",1,White,40-59
/scratch/project_462000771/mengting/projects/bias/SD3/prompt2/selected_faces/detected_sad/sad_person_0867_face0.png,Latino_Hispanic,White,Male,30-39,"[0.2951456  0.02145118 0.32186615 0.00111926 0.00364347 0.16833057
 0.1884437 ]",[0.92242706 0.00288294 0.00242397 0.07226605],[9.9975139e-01 2.4862983e-04],"[1.3235476e-06 2.6699094e-05 6.2205857e-03 4.6727034e-01 4.7575778e-01
 4.9235094e-02 1.4342401e-03 5.1145966e-05 2.7709789e-06]",0,Others,20-39
/scratch/project_462000771/mengting/projects/bias/SD3/prompt2/selected_faces/detected_sad/sad_person_0868_face0.png,Black,Black,Male,20-29,"[3.1974574e-05 9.9040848e-01 1.5672309e-03 1.4860606e-04 6.6140145e-03
 1.1721940e-03 5.7510329e-05]",[4.8282644e-05 9.9394065e-01 1.7488729e-03 4.2621419e-03],[9.9998194e-01 1.8106175e-05],"[1.9309327e-07 1.4880109e-05 1.3329279e-02 5.8737683e-01 3.7018341e-01
 2.7952388e-02 1.1186413e-03 2.1515109e-05 2.8285474e-06]",1,Black,20-39
/scratch/project_462000771/mengting/projects/bias/SD3/prompt2/selected_faces/detected_sad/sad_person_0869_face0.png,East Asian,Asian,Male,40-49,"[1.1049397e-04 1.8059643e-04 1.0816936e-02 5.0891447e-01 4.7874889e-01
 1.1403466e-03 8.8273257e-05]",[7.7463330e-05 7.6455042e-05 9.9629068e-01 3.5553507e-03],[9.9998516e-01 1.4886729e-05],"[5.8309543e-06 1.9830944e-05 5.2153773e-04 5.5032666e-03 1.3628362e-01
 5.4477262e-01 2.7760994e-01 3.4939259e-02 3.4409654e-04]",0,Asian,40-59
/scratch/project_462000771/mengting/projects/bias/SD3/prompt2/selected_faces/detected_sad/sad_person_0870_face0.png,White,White,Male,30-39,"[6.8270743e-01 8.4845480e-05 1.3710897e-01 1.5821018e-03 2.4670355e-03
 1.0255819e-02 1.6579385e-01]",[9.6919638e-01 8.2372098e-05 5.3302883e-03 2.5390964e-02],[0.98515743 0.01484257],"[6.2439238e-07 1.0056307e-05 3.3950426e-03 1.3632679e-01 6.2794423e-01
 2.2188799e-01 1.0210355e-02 2.1582832e-04 9.1154352e-06]",1,White,20-39
/scratch/project_462000771/mengting/projects/bias/SD3/prompt2/selected_faces/detected_sad/sad_person_0871_face0.png,White,White,Male,30-39,"[8.8799369e-01 5.2158278e-03 8.6850442e-02 1.9607815e-04 1.4084643e-03
 5.5272188e-03 1.2808269e-02]",[0.9759839  0.00295639 0.00254815 0.01851164],[0.97013617 0.02986379],"[4.8032115e-07 2.1685179e-05 9.4769523e-03 3.6121053e-01 5.2240413e-01
 9.8991960e-02 7.6601952e-03 2.1690155e-04 1.7208213e-05]",0,White,20-39
/scratch/project_462000771/mengting/projects/bias/SD3/prompt2/selected_faces/detected_sad/sad_person_0872_face0.png,White,White,Male,30-39,"[8.8799059e-01 3.7593802e-04 8.8792518e-02 5.4766919e-04 1.2860647e-03
 4.5016445e-03 1.6505590e-02]",[9.7968990e-01 3.1640797e-04 3.8309800e-03 1.6162818e-02],[9.999941e-01 5.875279e-06],"[6.3202606e-06 4.2457683e-05 5.2622436e-03 2.4858402e-01 5.6960559e-01
 1.6689382e-01 9.4471462e-03 1.5506342e-04 3.3199547e-06]",1,White,20-39
/scratch/project_462000771/mengting/projects/bias/SD3/prompt2/selected_faces/detected_sad/sad_person_0873_face0.png,Latino_Hispanic,Indian,Male,40-49,"[0.2298804  0.00089695 0.40675664 0.00651119 0.01312007 0.05972238
 0.28311235]",[0.33305645 0.00077    0.19714499 0.46902862],[0.9951838  0.00481615],"[5.9304472e-05 2.4345102e-04 4.4526961e-03 2.4088044e-02 2.1327040e-01
 4.4076121e-01 2.9344961e-01 2.2372961e-02 1.3022956e-03]",1,Others,40-59
/scratch/project_462000771/mengting/projects/bias/SD3/prompt2/selected_faces/detected_sad/sad_person_0874_face0.png,White,White,Male,40-49,"[9.4944102e-01 4.9007288e-04 2.0525528e-02 5.9280752e-05 1.6154164e-04
 2.8485882e-03 2.6473999e-02]",[9.9125820e-01 8.7030057e-04 3.0191531e-04 7.5695897e-03],[9.9999124e-01 8.7192002e-06],"[6.2080636e-07 1.0101313e-06 1.3888068e-04 9.2709651e-03 1.3062787e-01
 5.3745288e-01 3.1219831e-01 1.0112844e-02 1.9663687e-04]",1,White,40-59
/scratch/project_462000771/mengting/projects/bias/SD3/prompt2/selected_faces/detected_sad/sad_person_0875_face0.png,Latino_Hispanic,White,Male,50-59,"[0.09692078 0.13393441 0.3986738  0.00219172 0.01618274 0.14492913
 0.20716745]",[0.3923517  0.23521614 0.07687185 0.29556033],[9.9999458e-01 5.4202587e-06],"[4.4948702e-05 6.4351880e-05 4.3704998e-04 6.4253551e-04 1.0474582e-02
 1.7241684e-01 6.4586228e-01 1.6391668e-01 6.1407113e-03]",0,Others,40-59
/scratch/project_462000771/mengting/projects/bias/SD3/prompt2/selected_faces/detected_sad/sad_person_0876_face0.png,White,White,Male,40-49,"[7.5412107e-01 1.3594984e-04 2.9343177e-02 5.3672347e-04 1.3314643e-03
 1.9795448e-03 2.1255206e-01]",[9.9774450e-01 2.2756871e-05 1.1419117e-03 1.0907988e-03],[9.9979436e-01 2.0562137e-04],"[6.4470073e-06 4.1809828e-05 8.6067739e-04 1.2352392e-02 2.0279865e-01
 6.8830943e-01 9.3353853e-02 2.1979222e-03 7.8797850e-05]",1,White,40-59
/scratch/project_462000771/mengting/projects/bias/SD3/prompt2/selected_faces/detected_sad/sad_person_0877_face0.png,Middle Eastern,Indian,Male,30-39,"[1.10235624e-01 3.20178333e-05 8.70689824e-02 1.37960478e-05
 7.09050291e-05 7.84214735e-02 7.24157214e-01]",[3.90573829e-01 1.05258616e-04 6.45782638e-05 6.09256327e-01],[9.9999756e-01 2.4586691e-06],"[1.2673270e-06 9.5820087e-06 7.2698580e-04 1.4033885e-01 7.2545761e-01
 1.3226257e-01 1.1965435e-03 6.4630126e-06 1.2202459e-07]",1,White,20-39
/scratch/project_462000771/mengting/projects/bias/SD3/prompt2/selected_faces/detected_sad/sad_person_0878_face0.png,White,White,Male,20-29,"[8.8230467e-01 6.4929933e-05 9.2916325e-02 6.7310968e-05 2.4340686e-04
 3.1144796e-03 2.1288803e-02]",[9.97157931e-01 1.11159694e-04 1.64931989e-04 2.56597926e-03],[9.999994e-01 6.100660e-07],"[2.8300914e-08 9.1591410e-06 8.9939326e-02 8.2205403e-01 8.4569715e-02
 3.3861494e-03 4.0814150e-05 7.8904299e-07 1.4367793e-08]",1,White,20-39
/scratch/project_462000771/mengting/projects/bias/SD3/prompt2/selected_faces/detected_sad/sad_person_0879_face0.png,White,White,Male,40-49,"[7.3864651e-01 6.4879062e-04 4.9221959e-02 7.9492180e-05 3.8892805e-04
 5.1326216e-03 2.0588179e-01]",[9.9091727e-01 2.2387729e-04 1.8009623e-04 8.6787604e-03],[9.9939615e-01 6.0385599e-04],"[1.07278584e-05 2.76406117e-05 9.59031691e-04 1.90190915e-02
 1.91900358e-01 5.15127659e-01 2.57043630e-01 1.48952305e-02
 1.01669389e-03]",1,White,40-59
/scratch/project_462000771/mengting/projects/bias/SD3/prompt2/selected_faces/detected_sad/sad_person_0880_face0.png,White,White,Male,30-39,"[9.8357117e-01 3.0205038e-04 7.2696842e-03 2.2763723e-05 8.3092833e-05
 1.7992032e-04 8.5711647e-03]",[9.9936610e-01 5.1694136e-05 2.6871622e-04 3.1344706e-04],[9.9976617e-01 2.3385874e-04],"[3.7320876e-07 4.6365135e-06 1.8746095e-03 2.3253720e-01 5.6914186e-01
 1.8479878e-01 1.1484855e-02 1.5240911e-04 5.2575974e-06]",1,White,20-39
/scratch/project_462000771/mengting/projects/bias/SD3/prompt2/selected_faces/detected_sad/sad_person_0881_face0.png,White,White,Male,20-29,"[8.9151132e-01 4.0983537e-04 2.3231465e-02 2.4089095e-06 4.1685664e-05
 1.2115977e-02 7.2687320e-02]",[0.68341553 0.00848269 0.00086229 0.30723956],[1.000000e+00 2.078458e-08],"[1.4820193e-07 2.1357315e-05 2.2160381e-02 6.6279316e-01 2.9674119e-01
 1.8172272e-02 1.1022959e-04 1.2621538e-06 1.9707185e-08]",1,White,20-39
/scratch/project_462000771/mengting/projects/bias/SD3/prompt2/selected_faces/detected_sad/sad_person_0882_face0.png,White,White,Female,20-29,"[0.41079378 0.00242117 0.19613647 0.00109556 0.002034   0.00992867
 0.37759036]",[0.72623265 0.03034518 0.22211047 0.02131165],[0.05297632 0.9470237 ],"[1.4690406e-05 7.3424377e-03 2.6190019e-01 5.8882815e-01 1.3275374e-01
 8.8678021e-03 2.6538025e-04 2.5117133e-05 2.5067632e-06]",0,White,20-39
/scratch/project_462000771/mengting/projects/bias/SD3/prompt2/selected_faces/detected_sad/sad_person_0883_face0.png,White,White,Male,40-49,"[4.57346857e-01 1.06928128e-04 3.98167521e-01 5.76912193e-04
 1.12215918e-03 3.18032093e-02 1.10876486e-01]",[9.7313541e-01 1.2715974e-04 6.1342149e-04 2.6124105e-02],[9.9998635e-01 1.3677783e-05],"[1.3565992e-06 9.1361462e-06 6.0840684e-04 2.9704005e-02 4.5138025e-01
 4.9733898e-01 2.0854471e-02 1.0270723e-04 7.1943799e-07]",1,White,40-59
/scratch/project_462000771/mengting/projects/bias/SD3/prompt2/selected_faces/detected_sad/sad_person_0884_face0.png,East Asian,Asian,Male,30-39,"[1.5254931e-03 1.3359085e-04 2.1806374e-02 6.6449869e-01 3.1004849e-01
 1.6582016e-03 3.2917812e-04]",[2.3566170e-04 3.4388879e-05 9.9919182e-01 5.3814286e-04],[9.999219e-01 7.808427e-05],"[1.0666308e-06 2.1079521e-05 8.2539478e-03 2.7472177e-01 5.4824895e-01
 1.5556496e-01 1.2096400e-02 1.0719384e-03 1.9902656e-05]",1,Asian,20-39
/scratch/project_462000771/mengting/projects/bias/SD3/prompt2/selected_faces/detected_sad/sad_person_0885_face0.png,White,White,Male,30-39,"[9.5345950e-01 2.9223360e-05 1.9335812e-02 6.8335583e-05 1.3605085e-04
 2.9783393e-04 2.6673224e-02]",[9.9954265e-01 1.6953292e-05 1.7510331e-04 2.6528089e-04],[9.9999863e-01 1.3579643e-06],"[4.3906607e-07 6.7885435e-06 1.5706754e-03 4.0101832e-01 5.6797379e-01
 2.9219465e-02 2.0892645e-04 1.5627959e-06 2.8070989e-08]",1,White,20-39
/scratch/project_462000771/mengting/projects/bias/SD3/prompt2/selected_faces/detected_sad/sad_person_0886_face0.png,White,White,Male,30-39,"[8.0076241e-01 1.1989285e-04 1.5184595e-01 1.4400756e-03 1.4618164e-03
 4.9937991e-03 3.9376110e-02]",[9.9286562e-01 5.4250378e-04 2.9147731e-03 3.6771067e-03],[0.9732139  0.02678611],"[6.5578911e-07 1.0696000e-05 6.1549358e-03 2.6329762e-01 5.2089411e-01
 1.9656396e-01 1.2762122e-02 3.0483701e-04 1.1066185e-05]",1,White,20-39
/scratch/project_462000771/mengting/projects/bias/SD3/prompt2/selected_faces/detected_sad/sad_person_0887_face0.png,White,White,Male,20-29,"[0.7597004  0.00080931 0.08135742 0.00158366 0.00352488 0.01854409
 0.13448018]",[9.3402165e-01 7.4347894e-04 1.2882332e-02 5.2352566e-02],[9.9999595e-01 4.0360815e-06],"[4.6681976e-08 4.2279295e-05 1.0332345e-01 8.4866297e-01 4.7294538e-02
 6.7360990e-04 3.0059318e-06 6.4802236e-08 1.8214439e-09]",1,White,20-39
/scratch/project_462000771/mengting/projects/bias/SD3/prompt2/selected_faces/detected_sad/sad_person_0888_face0.png,White,White,Male,40-49,"[7.8938091e-01 7.0443298e-03 7.1630269e-02 7.8884966e-04 8.8650491e-03
 6.1882157e-02 6.0408499e-02]",[9.8789233e-01 4.6234488e-04 3.1589598e-03 8.4863631e-03],[9.9935699e-01 6.4305606e-04],"[8.4333597e-06 3.4210101e-05 2.9637507e-04 3.3814705e-03 5.8092479e-02
 4.9185526e-01 4.1911453e-01 2.5690941e-02 1.5263901e-03]",0,White,40-59
/scratch/project_462000771/mengting/projects/bias/SD3/prompt2/selected_faces/detected_sad/sad_person_0889_face0.png,White,White,Male,20-29,"[8.3493191e-01 1.8114840e-04 1.0361720e-01 3.3613044e-04 5.7905453e-04
 6.8503735e-04 5.9669524e-02]",[0.9742726  0.00358361 0.00455003 0.01759386],[9.9999356e-01 6.4424830e-06],"[5.9826789e-08 4.7472640e-06 1.1009219e-02 7.7192336e-01 2.0985663e-01
 7.1373177e-03 6.8063513e-05 5.8536978e-07 1.0054002e-08]",1,White,20-39
/scratch/project_462000771/mengting/projects/bias/SD3/prompt2/selected_faces/detected_sad/sad_person_0890_face0.png,Middle Eastern,White,Male,40-49,"[0.3741807  0.00254875 0.19699293 0.00066733 0.00583321 0.02319843
 0.39657867]",[8.920066e-01 4.232160e-04 6.512059e-02 4.244956e-02],[0.99776834 0.00223165],"[5.0732418e-05 2.2227541e-04 2.6144125e-03 7.1057216e-03 1.1444806e-01
 5.6713057e-01 2.9043230e-01 1.7433507e-02 5.6244509e-04]",0,White,40-59
/scratch/project_462000771/mengting/projects/bias/SD3/prompt2/selected_faces/detected_sad/sad_person_0891_face0.png,White,White,Male,30-39,"[9.9846971e-01 9.5070959e-07 4.4605540e-04 1.8094392e-05 5.1858002e-05
 1.9117228e-05 9.9423551e-04]",[9.9731332e-01 1.2986580e-04 1.0242292e-03 1.5325245e-03],[9.9998385e-01 1.6194430e-05],"[7.3452549e-07 1.3123512e-04 3.8658153e-02 2.7964064e-01 4.5839423e-01
 2.1694684e-01 6.1602946e-03 6.6388413e-05 1.4780214e-06]",1,White,20-39
/scratch/project_462000771/mengting/projects/bias/SD3/prompt2/selected_faces/detected_sad/sad_person_0892_face0.png,Middle Eastern,Indian,Male,20-29,"[1.5545601e-01 3.1294050e-03 2.8960571e-01 1.4396368e-04 8.1810128e-04
 1.0508750e-02 5.4033804e-01]",[0.37189847 0.02317553 0.00799901 0.596927  ],[9.9998653e-01 1.3446534e-05],"[1.4372652e-07 7.0914293e-06 4.3172701e-03 5.5263680e-01 4.2265427e-01
 2.0209128e-02 1.7335187e-04 1.8786457e-06 3.6863721e-08]",1,Others,20-39
/scratch/project_462000771/mengting/projects/bias/SD3/prompt2/selected_faces/detected_sad/sad_person_0893_face0.png,White,Indian,Male,20-29,"[0.5157156  0.0029009  0.24260709 0.00361697 0.0170914  0.0267705
 0.19129749]",[0.20615648 0.02036177 0.03945668 0.73402506],[9.999993e-01 6.548651e-07],"[1.3566341e-08 1.6507553e-05 2.4149327e-01 7.4402398e-01 1.4321385e-02
 1.4374511e-04 1.0383270e-06 5.2162655e-08 1.1330871e-09]",1,White,20-39
/scratch/project_462000771/mengting/projects/bias/SD3/prompt2/selected_faces/detected_sad/sad_person_0894_face0.png,White,Asian,Male,20-29,"[5.84319472e-01 2.27672761e-04 1.19551376e-01 2.03630924e-01
 5.37097305e-02 3.92769370e-03 3.46331187e-02]",[1.4043835e-01 2.6373696e-04 8.5840344e-01 8.9445413e-04],[9.9980718e-01 1.9280662e-04],"[5.80326343e-07 3.92149850e-05 5.76533563e-02 7.25952446e-01
 2.03323603e-01 1.26791075e-02 3.38597951e-04 1.27488756e-05
 3.63094557e-07]",1,White,20-39
/scratch/project_462000771/mengting/projects/bias/SD3/prompt2/selected_faces/detected_sad/sad_person_0895_face0.png,White,White,Male,20-29,"[0.5992731  0.00110169 0.18402949 0.05556417 0.04331396 0.0432501
 0.07346751]",[0.8566705  0.01040491 0.0684519  0.06447268],[9.999945e-01 5.512914e-06],"[9.7882173e-07 9.2307244e-05 6.3648231e-02 6.3874900e-01 2.7360639e-01
 2.3297356e-02 5.8735459e-04 1.7955037e-05 3.9813625e-07]",1,White,20-39
/scratch/project_462000771/mengting/projects/bias/SD3/prompt2/selected_faces/detected_sad/sad_person_0896_face0.png,Middle Eastern,White,Male,30-39,"[2.1609277e-02 4.9758086e-04 9.5668346e-02 3.1168832e-04 1.1707859e-03
 3.8316266e-03 8.7691069e-01]",[0.7387939  0.00342835 0.05045017 0.20732765],[9.9999946e-01 5.7457345e-07],"[4.1229964e-06 4.3710399e-05 1.1986131e-03 5.3567979e-02 5.9219283e-01
 3.4422827e-01 8.6863646e-03 7.7357261e-05 6.9551817e-07]",1,Others,20-39
/scratch/project_462000771/mengting/projects/bias/SD3/prompt2/selected_faces/detected_sad/sad_person_0897_face0.png,Black,Black,Male,30-39,"[1.9521402e-05 9.9630487e-01 1.7250127e-03 8.3835238e-07 5.0975941e-05
 1.7047387e-03 1.9399637e-04]",[1.5347554e-05 9.9613899e-01 1.5976003e-04 3.6860032e-03],[9.9999779e-01 2.2605786e-06],"[4.9672026e-06 4.7741909e-04 6.0750242e-02 3.4213036e-01 3.9041501e-01
 1.7599097e-01 2.8434347e-02 1.7323931e-03 6.4291416e-05]",1,Black,20-39
/scratch/project_462000771/mengting/projects/bias/SD3/prompt2/selected_faces/detected_sad/sad_person_0898_face0.png,White,White,Male,20-29,"[8.2275480e-01 3.1041747e-04 1.3884737e-01 1.1250170e-04 3.4258861e-04
 2.2078131e-03 3.5424475e-02]",[9.9854761e-01 1.1631381e-04 1.7019823e-04 1.1658081e-03],[9.9999785e-01 2.1717478e-06],"[1.01094145e-07 3.76618414e-06 3.33400583e-03 5.53739071e-01
 4.24760401e-01 1.80411246e-02 1.20944387e-04 5.99904808e-07
 1.04191207e-08]",1,White,20-39
/scratch/project_462000771/mengting/projects/bias/SD3/prompt2/selected_faces/detected_sad/sad_person_0899_face0.png,Southeast Asian,Indian,Male,20-29,"[0.00640502 0.0069631  0.31390014 0.05314858 0.36788943 0.23848581
 0.0132079 ]",[0.00684239 0.01615837 0.05873308 0.9182662 ],[9.9997753e-01 2.2525943e-05],"[1.5323986e-06 9.5780269e-05 3.0713273e-02 6.9319671e-01 2.5739589e-01
 1.8147429e-02 4.2541168e-04 2.3082197e-05 8.4308340e-07]",1,Asian,20-39
/scratch/project_462001220/mengting/projects_771/bias/SD3/prompt2/complete_selected_faces/detected_sad/0900_face0.png,White,White,Male,50-59,"[9.5481128e-01 1.0119368e-04 2.7488466e-02 9.4289047e-05 2.7637288e-04
 2.0394016e-03 1.5189001e-02]",[9.9899876e-01 1.5342353e-05 1.4693571e-04 8.3903212e-04],[0.99241155 0.00758851],"[2.6224898e-05 5.1221799e-05 8.5597439e-04 1.0314909e-03 1.1297547e-02
 1.4689276e-01 7.0241988e-01 1.3107765e-01 6.3472409e-03]",0,White,40-59
/scratch/project_462000771/mengting/projects/bias/SD3/prompt2/selected_faces/detected_sad/sad_person_0901_face0.png,White,Indian,Female,40-49,"[8.0011141e-01 1.1275101e-03 7.8544818e-02 2.3362118e-05 1.7324211e-04
 3.5329752e-02 8.4689870e-02]",[0.07721917 0.00342163 0.00852544 0.9108338 ],[0.3019642  0.69803584],"[2.0748622e-07 2.7384042e-06 4.1198210e-04 3.3125330e-02 4.1214377e-01
 4.8860216e-01 6.3423157e-02 2.1672992e-03 1.2340290e-04]",1,White,40-59
/scratch/project_462000771/mengting/projects/bias/SD3/prompt2/selected_faces/detected_sad/sad_person_0902_face0.png,Middle Eastern,White,Male,20-29,"[1.4141797e-01 3.8629326e-03 1.6504538e-01 4.5795733e-04 1.7768154e-03
 9.5601581e-02 5.9183741e-01]",[0.622033   0.01434081 0.00772534 0.35590088],[9.9999422e-01 5.8098935e-06],"[1.3613236e-07 2.2008206e-05 3.2162882e-02 8.5089433e-01 1.1467833e-01
 2.2258775e-03 1.5894635e-05 4.6611433e-07 1.1124905e-08]",1,Others,20-39
/scratch/project_462000771/mengting/projects/bias/SD3/prompt2/selected_faces/detected_sad/sad_person_0903_face0.png,White,White,Female,30-39,"[8.8688570e-01 1.8321280e-04 1.4050733e-02 1.7399115e-04 1.9789784e-04
 2.6248631e-03 9.5883653e-02]",[0.8032848  0.01366183 0.00505734 0.17799608],[0.34436366 0.65563637],"[1.1260297e-06 4.3315133e-05 1.5901525e-02 3.9494416e-01 4.5265016e-01
 1.3019998e-01 6.0992190e-03 1.4659455e-04 1.3902555e-05]",1,White,20-39
/scratch/project_462000771/mengting/projects/bias/SD3/prompt2/selected_faces/detected_sad/sad_person_0904_face0.png,White,White,Male,20-29,"[9.9372780e-01 2.4456214e-05 3.9563961e-03 6.2226703e-05 6.6700530e-05
 2.5907284e-04 1.9032978e-03]",[9.8976403e-01 5.2328146e-04 1.4847647e-04 9.5642144e-03],[9.999847e-01 1.536451e-05],"[1.65487961e-07 1.08954600e-05 1.00852335e-02 5.79896033e-01
 3.87116998e-01 2.27086358e-02 1.80517018e-04 1.51234008e-06
 2.82618586e-08]",1,White,20-39
/scratch/project_462000771/mengting/projects/bias/SD3/prompt2/selected_faces/detected_sad/sad_person_0905_face0.png,Latino_Hispanic,White,Male,20-29,"[2.4492295e-01 3.2842902e-03 6.1148298e-01 3.7298349e-04 1.8229116e-03
 4.4116188e-02 9.3997620e-02]",[9.1193211e-01 1.8368422e-03 8.4393291e-04 8.5387029e-02],[9.9999338e-01 6.6730836e-06],"[3.5001211e-08 1.7964708e-06 4.5783296e-03 7.2580361e-01 2.5994468e-01
 9.5806373e-03 8.9985195e-05 8.8606799e-07 2.5658380e-08]",1,Others,20-39
/scratch/project_462000771/mengting/projects/bias/SD3/prompt2/selected_faces/detected_sad/sad_person_0906_face0.png,Latino_Hispanic,Indian,Male,20-29,"[1.0450385e-01 6.2196297e-03 3.9716455e-01 2.0103577e-04 1.4237408e-03
 3.0568352e-01 1.8480368e-01]",[0.02755519 0.04247677 0.00548526 0.9244828 ],[9.9999946e-01 5.4909373e-07],"[6.1407228e-08 9.3108529e-06 1.5132689e-02 7.4034965e-01 2.3921353e-01
 5.2703656e-03 2.4053610e-05 4.1021531e-07 8.3183664e-09]",1,Others,20-39
/scratch/project_462000771/mengting/projects/bias/SD3/prompt2/selected_faces/detected_sad/sad_person_0907_face0.png,Black,Black,Male,40-49,"[1.1010319e-04 9.9539167e-01 1.8682941e-03 3.4398051e-06 5.5953900e-05
 2.3977011e-03 1.7299115e-04]",[7.9608166e-05 9.9882197e-01 2.5863013e-05 1.0724774e-03],[9.9998963e-01 1.0375576e-05],"[2.9098950e-05 5.5640424e-04 1.6092174e-02 9.6689753e-02 3.1556979e-01
 4.2489466e-01 1.3887960e-01 6.9469661e-03 3.4149463e-04]",1,Black,40-59
/scratch/project_462000771/mengting/projects/bias/SD3/prompt2/selected_faces/detected_sad/sad_person_0908_face0.png,Middle Eastern,Indian,Male,20-29,"[2.0713173e-02 6.3045219e-02 2.8350136e-01 3.2739367e-04 1.0695850e-02
 1.7049195e-01 4.5122507e-01]",[0.04189071 0.12335057 0.02333038 0.8114283 ],[9.9997443e-01 2.5602794e-05],"[5.9828217e-06 1.0561815e-03 1.6779903e-01 5.4152429e-01 2.4603134e-01
 4.1572314e-02 1.9128615e-03 9.4873569e-05 3.0933743e-06]",1,Others,20-39
/scratch/project_462000771/mengting/projects/bias/SD3/prompt2/selected_faces/detected_sad/sad_person_0909_face0.png,Latino_Hispanic,Asian,Male,20-29,"[0.37797922 0.00135927 0.46856177 0.07017088 0.04560425 0.00781502
 0.02850959]",[0.16459547 0.00138359 0.80852515 0.02549579],[9.997424e-01 2.576462e-04],"[2.0583224e-08 2.0391060e-06 3.5767965e-02 8.6313778e-01 9.9011928e-02
 2.0486368e-03 3.0275571e-05 1.2877349e-06 4.2728082e-08]",1,Others,20-39
/scratch/project_462000771/mengting/projects/bias/SD3/prompt2/selected_faces/detected_sad/sad_person_0910_face0.png,White,Asian,Male,30-39,"[0.45409137 0.0006328  0.17661586 0.16820465 0.16583113 0.01832661
 0.01629757]",[0.18386166 0.00142729 0.8064829  0.00822809],[9.9997693e-01 2.3099043e-05],"[1.0826627e-06 6.3700878e-05 1.3496863e-02 1.6630480e-01 6.2455595e-01
 1.8723685e-01 8.2646143e-03 7.5149037e-05 9.4401986e-07]",1,White,20-39
/scratch/project_462000771/mengting/projects/bias/SD3/prompt2/selected_faces/detected_sad/sad_person_0911_face0.png,White,White,Male,20-29,"[9.4678903e-01 2.7418422e-04 2.8629174e-02 8.6469698e-04 3.2172704e-03
 5.6403214e-03 1.4585387e-02]",[0.42551848 0.00702014 0.38891348 0.17854793],[9.9997401e-01 2.5996447e-05],"[1.2487133e-06 6.9650363e-05 7.2842993e-02 4.6109512e-01 3.1048799e-01
 1.4121912e-01 1.3906270e-02 3.5873984e-04 1.8906550e-05]",1,White,20-39
/scratch/project_462000771/mengting/projects/bias/SD3/prompt2/selected_faces/detected_sad/sad_person_0912_face0.png,White,Black,Male,30-39,"[0.83119965 0.02945271 0.0589982  0.00158177 0.00441721 0.00707321
 0.06727724]",[0.20294058 0.4046813  0.13079445 0.2615836 ],[0.9898981  0.01010191],"[3.38412465e-05 5.92814176e-04 8.80821608e-03 2.05396920e-01
 3.90149951e-01 2.83897817e-01 9.31394249e-02 1.39485365e-02
 4.03254153e-03]",0,White,20-39
/scratch/project_462000771/mengting/projects/bias/SD3/prompt2/selected_faces/detected_sad/sad_person_0913_face0.png,White,White,Male,20-29,"[0.6237949  0.00091021 0.14328216 0.00228421 0.0026246  0.00268019
 0.2244237 ]",[0.9896966  0.00146669 0.00729562 0.00154113],[9.9999702e-01 2.9340304e-06],"[1.2267288e-06 7.0139987e-04 1.8761995e-01 6.1607611e-01 1.8560787e-01
 9.9069504e-03 8.3629719e-05 2.8183715e-06 7.6662509e-08]",1,White,20-39
/scratch/project_462000771/mengting/projects/bias/SD3/prompt2/selected_faces/detected_sad/sad_person_0914_face0.png,Black,Black,Male,20-29,"[1.2723311e-05 9.9952155e-01 2.4679551e-04 2.8421719e-06 2.9885765e-05
 1.2920321e-04 5.7116766e-05]",[3.9684719e-06 9.9992687e-01 1.8390167e-05 5.0809358e-05],[0.9987486 0.0012514],"[9.9117824e-07 3.4588363e-04 1.3917117e-01 6.5614837e-01 1.8718490e-01
 1.6456073e-02 6.5915997e-04 2.9610650e-05 3.8659109e-06]",1,Black,20-39
/scratch/project_462000771/mengting/projects/bias/SD3/prompt2/selected_faces/detected_sad/sad_person_0915_face0.png,White,White,Male,30-39,"[0.56045514 0.00287022 0.22892942 0.00257665 0.01523196 0.08318119
 0.10675537]",[9.9027437e-01 5.7888457e-05 2.6485296e-03 7.0192446e-03],[9.9995083e-01 4.9102073e-05],"[7.5524116e-07 3.4468765e-05 4.8303506e-03 2.0401090e-01 6.4002848e-01
 1.4842243e-01 2.6350745e-03 3.6098059e-05 1.4379053e-06]",0,White,20-39
/scratch/project_462000771/mengting/projects/bias/SD3/prompt2/selected_faces/detected_sad/sad_person_0916_face0.png,White,White,Male,20-29,"[0.63253874 0.00097226 0.16023809 0.01508566 0.03719509 0.07156581
 0.08240431]",[0.7832755  0.00401559 0.0384207  0.17428814],[0.9979356  0.00206437],"[8.5909456e-08 4.8125003e-06 6.7749061e-03 6.5195525e-01 3.2957616e-01
 1.1604412e-02 7.9818601e-05 4.3008286e-06 2.1965130e-07]",0,White,20-39
/scratch/project_462000771/mengting/projects/bias/SD3/prompt2/selected_faces/detected_sad/sad_person_0917_face0.png,White,White,Male,40-49,"[8.2714969e-01 3.9395266e-03 4.7944680e-02 3.1347634e-05 4.3734442e-04
 1.4746324e-02 1.0575116e-01]",[9.9720812e-01 6.4505549e-04 9.5532152e-05 2.0513274e-03],[0.9987138  0.00128619],"[1.0169917e-05 5.5820376e-05 6.9309765e-04 1.2924298e-02 1.5549071e-01
 5.4307383e-01 2.6531345e-01 2.0353051e-02 2.0856063e-03]",1,White,40-59
/scratch/project_462000771/mengting/projects/bias/SD3/prompt2/selected_faces/detected_sad/sad_person_0918_face0.png,White,White,Male,20-29,"[0.43203616 0.00375277 0.10272669 0.00114845 0.00418472 0.07584459
 0.38030657]",[0.7542391  0.00608599 0.01456428 0.22511059],[9.999773e-01 2.273987e-05],"[1.1823748e-05 2.2478204e-03 1.7011942e-01 6.6872090e-01 1.4430453e-01
 1.4379515e-02 2.0721185e-04 8.5760430e-06 2.6048664e-07]",1,White,20-39
/scratch/project_462000771/mengting/projects/bias/SD3/prompt2/selected_faces/detected_sad/sad_person_0919_face0.png,White,White,Male,30-39,"[4.6903983e-01 2.9641606e-03 3.2884204e-01 3.6794977e-04 1.2520951e-03
 1.1266085e-02 1.8626785e-01]",[0.8897964  0.03844209 0.00478181 0.06697969],[9.9999756e-01 2.4233830e-06],"[3.3390728e-07 2.4235824e-06 2.1895838e-03 1.9601431e-01 5.4750764e-01
 2.3923419e-01 1.4872957e-02 1.7527507e-04 3.3211718e-06]",1,White,20-39
/scratch/project_462000771/mengting/projects/bias/SD3/prompt2/selected_faces/detected_sad/sad_person_0920_face0.png,White,Asian,Male,20-29,"[4.8389265e-01 1.9609346e-04 3.6140302e-01 9.5256306e-03 3.5333458e-02
 1.5970726e-02 9.3678333e-02]",[4.0859893e-01 3.7925405e-05 5.8508289e-01 6.2802653e-03],[1.0000000e+00 1.7845531e-08],"[3.4057489e-08 6.6344128e-06 2.4810374e-02 7.9633999e-01 1.7458659e-01
 4.2378209e-03 1.8300243e-05 2.5896492e-07 1.7537135e-09]",0,White,20-39
/scratch/project_462000771/mengting/projects/bias/SD3/prompt2/selected_faces/detected_sad/sad_person_0921_face0.png,White,White,Male,20-29,"[5.1479381e-01 1.4412224e-04 9.4864711e-02 7.6364068e-04 3.7164662e-03
 6.1162651e-02 3.2455456e-01]",[9.2161357e-01 1.5516758e-04 1.2175501e-02 6.6055767e-02],[9.999993e-01 6.819246e-07],"[1.0929289e-06 3.2405183e-04 3.3931831e-01 5.3086776e-01 1.0310707e-01
 2.4896109e-02 1.4117075e-03 7.2090465e-05 1.8374592e-06]",1,White,20-39
/scratch/project_462000771/mengting/projects/bias/SD3/prompt2/selected_faces/detected_sad/sad_person_0922_face0.png,Latino_Hispanic,White,Male,40-49,"[9.1136128e-02 4.0176196e-04 7.1613944e-01 4.7440818e-03 1.0643946e-02
 5.5810492e-02 1.2112408e-01]",[7.2562009e-01 1.7050505e-04 8.1522323e-02 1.9268703e-01],[9.999993e-01 6.944495e-07],"[5.8365163e-07 2.6499349e-06 1.4660216e-04 5.0116447e-03 2.7283344e-01
 6.8470114e-01 3.7163295e-02 1.4014675e-04 5.3097858e-07]",1,Others,40-59
/scratch/project_462000771/mengting/projects/bias/SD3/prompt2/selected_faces/detected_sad/sad_person_0923_face0.png,Latino_Hispanic,Indian,Male,30-39,"[0.0429944  0.01781151 0.53671986 0.00061203 0.00421475 0.33228728
 0.06536022]",[0.05640046 0.09233677 0.00234843 0.8489143 ],[0.99812436 0.00187561],"[8.6190880e-07 1.2869274e-05 5.3542973e-03 3.7672228e-01 5.6171292e-01
 5.5037338e-02 1.1227906e-03 3.5308753e-05 1.3563169e-06]",0,Others,20-39
/scratch/project_462000771/mengting/projects/bias/SD3/prompt2/selected_faces/detected_sad/sad_person_0924_face0.png,Latino_Hispanic,White,Male,30-39,"[0.33535254 0.00314512 0.5397134  0.0010166  0.0021008  0.03856979
 0.08010174]",[0.9540301  0.00181733 0.0071516  0.03700097],[0.99349475 0.00650525],"[5.7021552e-06 6.1168226e-05 4.6781297e-03 2.3882401e-01 6.4883411e-01
 1.0536843e-01 2.1896297e-03 3.8012484e-05 8.6420346e-07]",1,Others,20-39
/scratch/project_462000771/mengting/projects/bias/SD3/prompt2/selected_faces/detected_sad/sad_person_0925_face0.png,White,White,Male,30-39,"[8.9873886e-01 4.8764198e-04 4.0655915e-02 3.8003491e-04 4.8521571e-04
 4.3921187e-03 5.4860227e-02]",[9.9821752e-01 1.7053935e-04 1.9452053e-04 1.4173981e-03],[0.8410819  0.15891807],"[3.9892980e-06 2.0567433e-05 5.4217824e-03 2.5845087e-01 4.8452452e-01
 2.3007034e-01 2.0416396e-02 1.0121837e-03 7.9359743e-05]",1,White,20-39
/scratch/project_462000771/mengting/projects/bias/SD3/prompt2/selected_faces/detected_sad/sad_person_0926_face0.png,White,White,Male,30-39,"[9.3800867e-01 5.5604828e-06 6.6449977e-03 3.7135840e-05 9.3061324e-05
 1.5207082e-03 5.3689849e-02]",[9.9491316e-01 2.2471992e-05 7.4759941e-05 4.9895812e-03],[9.999843e-01 1.567532e-05],"[2.1566871e-06 5.5148514e-05 9.8760845e-03 1.7995360e-01 5.4279166e-01
 2.6092908e-01 6.3356962e-03 5.5719815e-05 7.8424722e-07]",1,White,20-39
/scratch/project_462001220/mengting/projects_771/bias/SD3/prompt2/complete_selected_faces/detected_sad/0927_face0.png,White,White,Male,30-39,"[9.8036909e-01 4.3550528e-05 1.5472432e-02 1.3328224e-05 3.5329245e-05
 8.2975219e-04 3.2365604e-03]",[0.9311907  0.00147101 0.00455812 0.06278021],[9.9999994e-01 4.0140154e-08],"[8.3498186e-08 2.7638962e-06 6.2543554e-03 3.5111269e-01 5.5847490e-01
 8.2953885e-02 1.1926106e-03 8.6124228e-06 6.8283242e-08]",0,White,20-39
/scratch/project_462000771/mengting/projects/bias/SD3/prompt2/selected_faces/detected_sad/sad_person_0928_face0.png,White,White,Male,10-19,"[7.46007562e-01 6.03139959e-03 2.14935631e-01 1.33634676e-04
 3.45704873e-04 1.03656575e-02 2.21803635e-02]",[0.7191879  0.05769237 0.00263104 0.22048871],[9.9937022e-01 6.2978116e-04],"[1.28284555e-05 1.84829757e-02 7.68608153e-01 1.57767609e-01
 4.79769222e-02 6.93356898e-03 2.09834790e-04 7.49516539e-06
 5.63415654e-07]",1,White,10-19
/scratch/project_462001220/mengting/projects_771/bias/SD3/prompt2/complete_selected_faces/detected_sad/0929_face0.png,White,White,Male,40-49,"[8.7249261e-01 4.8254445e-04 9.0488993e-02 1.0085085e-03 1.9790789e-03
 7.1200263e-03 2.6428234e-02]",[9.8687315e-01 6.1295595e-04 8.9085912e-03 3.6051644e-03],[0.9374048  0.06259526],"[2.1287999e-05 1.0450008e-04 1.0917485e-03 1.2615790e-02 1.8122783e-01
 5.7120371e-01 2.2262947e-01 1.0616023e-02 4.8969121e-04]",0,White,40-59
/scratch/project_462000771/mengting/projects/bias/SD3/prompt2/selected_faces/detected_sad/sad_person_0930_face0.png,White,White,Male,40-49,"[0.5683525  0.00139433 0.27502677 0.02135494 0.02247575 0.02974031
 0.08165529]",[0.9240583  0.00207822 0.02855514 0.04530824],[0.9947129  0.00528716],"[4.8883335e-06 2.6629090e-05 1.4379820e-03 2.5094766e-02 2.5255743e-01
 5.4134297e-01 1.7053805e-01 8.5308105e-03 4.6642966e-04]",1,White,40-59
/scratch/project_462000771/mengting/projects/bias/SD3/prompt2/selected_faces/detected_sad/sad_person_0931_face0.png,White,White,Male,30-39,"[8.1292331e-01 1.3017785e-03 1.4705208e-01 9.5396543e-05 6.8575458e-04
 5.7069617e-03 3.2234691e-02]",[0.987416   0.00205671 0.00191908 0.00860815],[9.9999619e-01 3.8216945e-06],"[5.6348544e-09 2.6548011e-07 1.8821649e-03 4.6794608e-01 5.0463146e-01
 2.5316801e-02 2.2055864e-04 2.5903219e-06 5.9720236e-08]",1,White,20-39
/scratch/project_462000771/mengting/projects/bias/SD3/prompt2/selected_faces/detected_sad/sad_person_0932_face0.png,Black,Black,Male,20-29,"[2.7561548e-05 9.9959958e-01 2.4876592e-04 2.1277174e-06 3.0963161e-05
 2.9579242e-05 6.1279068e-05]",[2.8813395e-06 9.9996829e-01 6.6171738e-06 2.2252054e-05],[9.9999970e-01 3.2319417e-07],"[9.2302780e-06 3.6425900e-03 1.8225472e-01 5.9726644e-01 1.8433356e-01
 3.0707827e-02 1.6829448e-03 9.4885763e-05 7.8119847e-06]",0,Black,20-39
/scratch/project_462000771/mengting/projects/bias/SD3/prompt2/selected_faces/detected_sad/sad_person_0933_face0.png,White,White,Male,20-29,"[7.6969594e-01 1.4162067e-04 3.3255212e-02 1.2167799e-04 4.8592192e-04
 4.6203691e-03 1.9167924e-01]",[9.3676394e-01 5.1274570e-04 1.1204800e-03 6.1602846e-02],[9.9999839e-01 1.5761321e-06],"[5.8854727e-07 1.3955568e-04 1.7163472e-01 5.1076651e-01 2.4476126e-01
 6.9825120e-02 2.7793893e-03 8.9801339e-05 3.0832553e-06]",1,White,20-39
/scratch/project_462000771/mengting/projects/bias/SD3/prompt2/selected_faces/detected_sad/sad_person_0934_face0.png,Latino_Hispanic,Indian,Male,30-39,"[0.01587086 0.00383028 0.74663043 0.00140733 0.01565576 0.03624071
 0.18036465]",[0.03208505 0.02230394 0.14462455 0.80098647],[9.9999875e-01 1.2277931e-06],"[1.1421896e-06 2.4754101e-05 7.6641976e-03 3.6909273e-01 5.7244611e-01
 4.9745589e-02 1.0083289e-03 1.6905908e-05 2.3920643e-07]",1,Others,20-39
/scratch/project_462000771/mengting/projects/bias/SD3/prompt2/selected_faces/detected_sad/sad_person_0935_face0.png,White,White,Male,40-49,"[9.5989245e-01 4.0109843e-04 1.7675914e-02 8.2091283e-05 2.4745683e-04
 1.8482290e-03 1.9852730e-02]",[9.9615157e-01 2.9366257e-04 9.7767203e-05 3.4570300e-03],[9.999905e-01 9.446862e-06],"[5.9261737e-07 3.4674058e-06 1.4479664e-03 1.0285481e-01 3.8800791e-01
 4.1665387e-01 8.9024432e-02 1.9397059e-03 6.7256085e-05]",1,White,40-59
/scratch/project_462000771/mengting/projects/bias/SD3/prompt2/selected_faces/detected_sad/sad_person_0936_face0.png,White,White,Male,30-39,"[9.5507866e-01 1.4789506e-05 9.9948952e-03 2.3040320e-05 1.1607501e-04
 1.8835639e-03 3.2888982e-02]",[9.9319565e-01 1.2720580e-04 1.8680829e-03 4.8090480e-03],[0.9380209  0.06197917],"[5.6502458e-08 3.4698596e-06 2.7744547e-03 2.4933882e-01 5.9084946e-01
 1.5241615e-01 4.5669167e-03 4.7912541e-05 2.8229053e-06]",1,White,20-39
/scratch/project_462000771/mengting/projects/bias/SD3/prompt2/selected_faces/detected_sad/sad_person_0937_face0.png,White,White,Male,40-49,"[9.5965385e-01 1.3318020e-03 1.6097907e-02 4.3523219e-06 3.7517129e-05
 1.5339367e-03 2.1340504e-02]",[9.8955333e-01 2.8976882e-03 9.1888913e-04 6.6300947e-03],[0.9945879  0.00541203],"[3.3227858e-05 4.5919447e-04 1.3993598e-02 9.3323782e-02 2.8785408e-01
 4.5687023e-01 1.3982457e-01 7.1672611e-03 4.7409453e-04]",1,White,40-59
/scratch/project_462000771/mengting/projects/bias/SD3/prompt2/selected_faces/detected_sad/sad_person_0938_face0.png,White,White,Male,20-29,"[9.4596165e-01 6.1670403e-06 1.8666361e-02 8.1196056e-05 7.3162766e-05
 2.9616014e-04 3.4915302e-02]",[9.9692988e-01 9.4768711e-07 1.0557825e-04 2.9635958e-03],[0.98940736 0.01059264],"[2.6881692e-08 2.0534883e-06 1.0519374e-02 7.4777806e-01 2.3656040e-01
 5.1083392e-03 3.1215204e-05 5.0123066e-07 1.2505284e-08]",1,White,20-39
/scratch/project_462000771/mengting/projects/bias/SD3/prompt2/selected_faces/detected_sad/sad_person_0939_face0.png,White,White,Female,20-29,"[9.3557155e-01 7.5644966e-05 2.3456119e-02 3.6173300e-05 9.2597671e-05
 1.4263900e-03 3.9341409e-02]",[9.9328345e-01 1.6784860e-04 6.7179173e-04 5.8768336e-03],[0.48089656 0.5191034 ],"[2.0039388e-07 8.2138058e-06 8.6361626e-03 5.0542390e-01 4.4263437e-01
 4.2596463e-02 6.8818254e-04 1.1898313e-05 5.9913577e-07]",1,White,20-39
/scratch/project_462000771/mengting/projects/bias/SD3/prompt2/selected_faces/detected_sad/sad_person_0940_face0.png,White,White,Male,40-49,"[9.8519951e-01 2.4228877e-05 5.5272821e-03 2.1463414e-04 5.6240248e-04
 6.6002662e-04 7.8119300e-03]",[9.7928268e-01 2.2838736e-05 2.0262484e-02 4.3201374e-04],[0.99830574 0.00169421],"[3.7079162e-06 3.7850983e-05 1.8453557e-03 2.7634511e-02 1.7456278e-01
 5.9920156e-01 1.8929976e-01 6.7143124e-03 7.0017349e-04]",0,White,40-59
/scratch/project_462000771/mengting/projects/bias/SD3/prompt2/selected_faces/detected_sad/sad_person_0941_face0.png,White,White,Male,20-29,"[8.8024461e-01 3.6314470e-04 3.7971340e-02 9.5661875e-04 1.3184390e-03
 1.2060967e-03 7.7939667e-02]",[9.8384541e-01 8.9518807e-04 3.3916261e-03 1.1867818e-02],[9.9999678e-01 3.2683665e-06],"[4.3050653e-07 9.4322946e-05 7.7260755e-02 8.2766128e-01 9.2846736e-02
 2.1180199e-03 1.7971095e-05 4.3003917e-07 1.1690512e-08]",1,White,20-39
/scratch/project_462000771/mengting/projects/bias/SD3/prompt2/selected_faces/detected_sad/sad_person_0942_face0.png,White,White,Male,30-39,"[0.5361042  0.00235646 0.34879667 0.00119581 0.00344193 0.03076085
 0.07734412]",[9.6922457e-01 1.8326471e-04 1.7676353e-03 2.8824531e-02],[0.99471366 0.00528629],"[4.3018695e-06 3.7488862e-05 3.5257509e-03 7.6164961e-02 4.8888418e-01
 3.7761533e-01 5.2014545e-02 1.6587618e-03 9.4695846e-05]",0,White,20-39
/scratch/project_462000771/mengting/projects/bias/SD3/prompt2/selected_faces/detected_sad/sad_person_0943_face0.png,White,White,Female,20-29,"[8.5137665e-01 3.7341419e-05 3.8871959e-02 1.5842052e-04 8.7191096e-05
 3.8325295e-03 1.0563599e-01]",[0.95218223 0.00229982 0.00410545 0.04141252],[0.03595211 0.96404785],"[4.57763889e-08 4.71970961e-05 1.07445344e-01 7.86352158e-01
 1.04294315e-01 1.85357267e-03 7.28111036e-06 1.01823737e-07
 6.65225874e-09]",1,White,20-39
/scratch/project_462000771/mengting/projects/bias/SD3/prompt2/selected_faces/detected_sad/sad_person_0944_face0.png,Middle Eastern,Indian,Male,30-39,"[0.05331192 0.00659982 0.1648405  0.00099642 0.00349488 0.06651089
 0.70424557]",[0.34320927 0.00814805 0.00863537 0.6400073 ],[9.9994171e-01 5.8266978e-05],"[8.4177691e-06 5.4450233e-05 3.7945206e-03 2.7041882e-01 5.6985724e-01
 1.4889218e-01 6.7751803e-03 1.9215203e-04 7.0117176e-06]",0,Others,20-39
/scratch/project_462000771/mengting/projects/bias/SD3/prompt2/selected_faces/detected_sad/sad_person_0945_face0.png,Middle Eastern,White,Male,40-49,"[2.1846536e-01 3.4044628e-04 1.2782419e-01 3.0384547e-04 4.7611645e-03
 5.2992530e-02 5.9531254e-01]",[9.140165e-01 7.498199e-04 7.701553e-03 7.753217e-02],[9.9997640e-01 2.3588911e-05],"[4.4216395e-06 3.3206306e-05 3.3278081e-03 3.9273206e-02 3.1577188e-01
 5.7257944e-01 6.7233466e-02 1.7045641e-03 7.2000374e-05]",1,White,40-59
/scratch/project_462000771/mengting/projects/bias/SD3/prompt2/selected_faces/detected_sad/sad_person_0946_face0.png,White,White,Male,20-29,"[6.0717499e-01 2.6610642e-04 2.7547327e-01 5.8664021e-04 1.5349414e-03
 1.8879762e-02 9.6084341e-02]",[8.3997142e-01 2.6873848e-04 1.5684196e-03 1.5819137e-01],[9.9999851e-01 1.4921276e-06],"[2.2794025e-07 4.5232919e-06 3.8807141e-03 6.0137659e-01 3.8169631e-01
 1.2937018e-02 1.0373267e-04 8.7054218e-07 1.1591381e-08]",1,White,20-39
/scratch/project_462000771/mengting/projects/bias/SD3/prompt2/selected_faces/detected_sad/sad_person_0947_face0.png,White,White,Male,50-59,"[0.5073842  0.00117309 0.31092197 0.00186679 0.00372394 0.0281685
 0.14676145]",[0.888955   0.00177259 0.00365682 0.10561566],[0.9985517  0.00144827],"[6.1145634e-05 7.5495991e-05 8.7237486e-04 1.6719933e-03 3.0702034e-02
 2.7871001e-01 6.1118168e-01 7.4018292e-02 2.7069803e-03]",1,White,40-59
/scratch/project_462000771/mengting/projects/bias/SD3/prompt2/selected_faces/detected_sad/sad_person_0948_face0.png,Latino_Hispanic,Indian,Male,30-39,"[0.13730823 0.00079945 0.53730136 0.01557745 0.03266169 0.1932336
 0.08311827]",[3.4565207e-01 3.9605642e-04 4.4249512e-02 6.0970241e-01],[1.0000000e+00 2.8592768e-09],"[6.2936337e-08 5.6411278e-07 7.4503419e-04 1.7827217e-01 6.5385151e-01
 1.6428919e-01 2.8030176e-03 3.8281883e-05 1.1480819e-07]",1,Others,20-39
/scratch/project_462000771/mengting/projects/bias/SD3/prompt2/selected_faces/detected_sad/sad_person_0949_face0.png,White,White,Male,30-39,"[4.9049851e-01 2.6706323e-02 4.0811509e-01 2.8230337e-04 1.6063304e-03
 2.7091330e-02 4.5700077e-02]",[0.6785479  0.10966244 0.00643567 0.205354  ],[9.9999660e-01 3.4610255e-06],"[3.28238184e-06 1.50488719e-04 1.44500202e-02 2.61283666e-01
 5.08962929e-01 2.03143254e-01 1.18828118e-02 1.20850695e-04
 2.61025320e-06]",1,White,20-39
/scratch/project_462000771/mengting/projects/bias/SD3/prompt2/selected_faces/detected_sad/sad_person_0950_face0.png,Middle Eastern,Indian,Male,30-39,"[1.5816912e-01 2.7807986e-03 2.3240037e-01 1.8002314e-04 6.6106522e-04
 1.4087363e-01 4.6493500e-01]",[0.31730747 0.00633027 0.00513972 0.67122257],[9.9998301e-01 1.7068563e-05],"[5.1082401e-07 8.0370910e-06 1.9763298e-03 1.3189128e-01 6.8858612e-01
 1.7294809e-01 4.5613404e-03 2.7907581e-05 3.8200182e-07]",1,Others,20-39
/scratch/project_462000771/mengting/projects/bias/SD3/prompt2/selected_faces/detected_sad/sad_person_0951_face0.png,White,White,Male,30-39,"[0.5540073  0.00474549 0.350314   0.00470964 0.01058788 0.01292855
 0.06270715]",[0.8907175  0.0069807  0.07934663 0.02295519],[0.9598413 0.0401587],"[1.0631317e-06 1.2724628e-05 2.1330756e-03 9.8278835e-02 5.4367369e-01
 3.2935962e-01 2.5807802e-02 7.0603151e-04 2.7260707e-05]",0,White,20-39
/scratch/project_462000771/mengting/projects/bias/SD3/prompt2/selected_faces/detected_sad/sad_person_0952_face0.png,White,White,Male,20-29,"[6.2921906e-01 4.9390490e-03 1.1607769e-01 1.0540498e-04 1.3212612e-03
 4.0263616e-02 2.0807390e-01]",[9.3658704e-01 1.7749380e-04 5.6598056e-03 5.7575669e-02],[9.9999255e-01 7.4198547e-06],"[1.4131081e-07 4.7536061e-05 2.4560660e-02 6.9123083e-01 2.7079520e-01
 1.3235990e-02 1.2729745e-04 2.2122592e-06 9.6736763e-08]",1,White,20-39
/scratch/project_462000771/mengting/projects/bias/SD3/prompt2/selected_faces/detected_sad/sad_person_0953_face0.png,White,White,Male,20-29,"[8.3386844e-01 7.9703238e-03 1.3096805e-01 1.8753221e-05 7.5554250e-05
 3.4770488e-03 2.3621855e-02]",[0.5111642  0.4692849  0.00147671 0.01807414],[0.9717024  0.02829762],"[1.3723219e-07 8.4055255e-06 8.6557008e-03 5.7855403e-01 3.8798809e-01
 2.4167500e-02 6.1304896e-04 1.2389185e-05 7.0697519e-07]",1,White,20-39
/scratch/project_462000771/mengting/projects/bias/SD3/prompt2/selected_faces/detected_sad/sad_person_0954_face0.png,White,White,Male,20-29,"[9.45849895e-01 1.14043745e-04 3.19164582e-02 1.24428899e-03
 1.51956023e-03 7.24775344e-03 1.21079795e-02]",[9.8492235e-01 1.0733635e-04 1.5103137e-03 1.3459914e-02],[9.99999881e-01 1.10222636e-07],"[9.6021367e-08 1.0371658e-05 1.5578994e-02 8.6582577e-01 1.1650094e-01
 2.0703464e-03 1.3306809e-05 2.1753853e-07 3.7710799e-09]",1,White,20-39
/scratch/project_462000771/mengting/projects/bias/SD3/prompt2/selected_faces/detected_sad/sad_person_0955_face0.png,White,White,Male,30-39,"[9.7211260e-01 4.9873623e-05 1.7556544e-02 3.6677800e-05 9.7019874e-05
 1.3108250e-03 8.8364603e-03]",[9.9701178e-01 1.8234849e-05 4.7334947e-04 2.4965496e-03],[0.9977701  0.00222995],"[1.3337103e-07 1.6954186e-06 7.8636501e-04 6.5150954e-02 5.0684202e-01
 4.0314043e-01 2.3769343e-02 2.9483519e-04 1.4136240e-05]",1,White,20-39
/scratch/project_462000771/mengting/projects/bias/SD3/prompt2/selected_faces/detected_sad/sad_person_0956_face0.png,White,White,Female,40-49,"[9.88788724e-01 7.83525502e-06 3.47495289e-03 3.40168162e-06
 1.38665955e-05 2.08414000e-04 7.50284037e-03]",[9.9853379e-01 1.3894633e-04 5.5444794e-04 7.7290524e-04],[0.09326665 0.90673333],"[2.17606498e-07 8.84153178e-06 7.08258711e-04 1.88150518e-02
 2.14311764e-01 6.46097302e-01 1.18347846e-01 1.61934528e-03
 9.12742544e-05]",1,White,40-59
/scratch/project_462000771/mengting/projects/bias/SD3/prompt2/selected_faces/detected_sad/sad_person_0957_face0.png,White,White,Female,20-29,"[7.5315768e-01 2.8380993e-04 5.0386216e-02 1.3308850e-04 2.7138909e-04
 2.5287822e-03 1.9323911e-01]",[9.756167e-01 5.430483e-04 9.586032e-04 2.288165e-02],[0.3611083  0.63889164],"[5.7057887e-06 2.4299689e-04 3.3691835e-02 5.6034952e-01 3.4706876e-01
 5.6428727e-02 2.1001014e-03 1.0220516e-04 1.0048736e-05]",1,White,20-39
/scratch/project_462000771/mengting/projects/bias/SD3/prompt2/selected_faces/detected_sad/sad_person_0958_face0.png,White,White,Male,30-39,"[9.3285620e-01 2.2750985e-04 3.6802959e-02 8.7313028e-04 1.3072849e-03
 5.6065503e-03 2.2326378e-02]",[9.9428093e-01 1.0446986e-03 4.6567238e-04 4.2086700e-03],[9.995154e-01 4.845905e-04],"[3.4258761e-07 1.1982157e-05 5.4470608e-03 3.6638096e-01 5.6706041e-01
 6.0405716e-02 6.8426994e-04 8.8857460e-06 3.3452875e-07]",1,White,20-39
/scratch/project_462000771/mengting/projects/bias/SD3/prompt2/selected_faces/detected_sad/sad_person_0959_face0.png,Indian,Indian,Male,30-39,"[1.9518944e-02 1.8638126e-03 8.0707476e-02 2.0519534e-05 5.0974073e-04
 7.3562551e-01 1.6175400e-01]",[2.8104722e-01 2.3009613e-02 3.7117337e-04 6.9557196e-01],[9.9999881e-01 1.1994977e-06],"[1.9316991e-07 1.2581529e-05 1.5581751e-02 3.9107579e-01 5.0149375e-01
 9.0058021e-02 1.7445030e-03 3.2833377e-05 6.0908229e-07]",1,Others,20-39
/scratch/project_462000771/mengting/projects/bias/SD3/prompt2/selected_faces/detected_sad/sad_person_0960_face0.png,White,White,Male,30-39,"[8.6635351e-01 1.4698064e-04 8.3624132e-02 2.3619717e-04 1.3913048e-03
 7.6900618e-03 4.0557805e-02]",[9.4648325e-01 2.7410564e-04 1.8275398e-03 5.1415078e-02],[9.9975866e-01 2.4136543e-04],"[7.5051537e-07 1.6148166e-05 5.1704003e-03 1.8611373e-01 5.6899333e-01
 2.3312621e-01 6.5324684e-03 4.5885135e-05 1.0598236e-06]",1,White,20-39
/scratch/project_462000771/mengting/projects/bias/SD3/prompt2/selected_faces/detected_sad/sad_person_0961_face0.png,White,White,Male,20-29,"[3.5759470e-01 1.7306875e-04 1.5656044e-01 1.0231171e-01 7.5499751e-02
 1.9825953e-01 1.0960070e-01]",[5.1915890e-01 4.2903624e-04 1.3776390e-01 3.4264812e-01],[0.99203485 0.00796514],"[2.1604448e-05 2.3159392e-03 1.2581280e-01 7.7561927e-01 9.3472496e-02
 2.7272280e-03 2.7801281e-05 2.5428076e-06 2.3630513e-07]",1,White,20-39
/scratch/project_462000771/mengting/projects/bias/SD3/prompt2/selected_faces/detected_sad/sad_person_0962_face0.png,White,White,Male,20-29,"[9.6275204e-01 7.0517563e-05 1.4907748e-02 5.2905839e-04 6.4081786e-04
 6.7089172e-04 2.0428969e-02]",[0.9506521  0.00361518 0.03627729 0.00945544],[9.9999946e-01 5.7905351e-07],"[2.01173634e-07 1.06593689e-04 1.56865805e-01 7.66850889e-01
 7.32406378e-02 2.91041448e-03 2.49618188e-05 5.80826509e-07
 1.17395205e-08]",0,White,20-39
/scratch/project_462000771/mengting/projects/bias/SD3/prompt2/selected_faces/detected_sad/sad_person_0963_face0.png,White,White,Male,20-29,"[0.54613584 0.00165713 0.3697684  0.00113022 0.00460627 0.05574555
 0.02095654]",[0.8967375  0.0012485  0.00663494 0.09537897],[9.9999738e-01 2.6564312e-06],"[4.3937556e-09 1.8043003e-05 2.3457122e-01 7.5448018e-01 1.0865333e-02
 6.5030428e-05 1.3004328e-07 2.8203184e-09 7.8144366e-11]",1,White,20-39
/scratch/project_462000771/mengting/projects/bias/SD3/prompt2/selected_faces/detected_sad/sad_person_0964_face0.png,White,White,Male,40-49,"[9.7729021e-01 8.1641156e-06 5.6126150e-03 1.9295272e-05 5.3795673e-05
 8.5183617e-04 1.6164055e-02]",[9.9953133e-01 1.4658102e-05 6.0217812e-05 3.9374840e-04],[0.94499576 0.05500422],"[1.19947003e-06 1.39948625e-05 1.04771473e-03 1.25169707e-02
 1.49364054e-01 6.38217926e-01 1.94714725e-01 3.88298929e-03
 2.40469759e-04]",1,White,40-59
/scratch/project_462000771/mengting/projects/bias/SD3/prompt2/selected_faces/detected_sad/sad_person_0965_face0.png,Latino_Hispanic,White,Male,30-39,"[1.6583152e-01 2.3495238e-03 5.9420645e-01 3.3708254e-04 1.7365793e-03
 1.3397828e-01 1.0156063e-01]",[0.84000164 0.00625062 0.00509223 0.14865549],[9.9997938e-01 2.0648633e-05],"[6.29298995e-08 6.49390586e-07 7.40891148e-04 1.24288276e-01
 6.90202713e-01 1.79491445e-01 5.24845999e-03 2.71838635e-05
 3.38608800e-07]",1,Others,20-39
/scratch/project_462000771/mengting/projects/bias/SD3/prompt2/selected_faces/detected_sad/sad_person_0966_face0.png,Black,Black,Male,20-29,"[4.2000097e-06 9.9971044e-01 1.9140381e-04 2.1800547e-07 5.5356977e-06
 7.3331968e-05 1.4857811e-05]",[2.4783537e-06 9.9994403e-01 4.7441254e-06 4.8742138e-05],[9.9999809e-01 1.9284366e-06],"[4.9371562e-07 7.6806718e-05 3.3062648e-02 6.7783588e-01 2.5729766e-01
 3.0963531e-02 7.5051404e-04 1.1907715e-05 4.8718482e-07]",1,Black,20-39
/scratch/project_462000771/mengting/projects/bias/SD3/prompt2/selected_faces/detected_sad/sad_person_0967_face0.png,White,White,Female,20-29,"[0.43725908 0.04302852 0.38605484 0.00044375 0.0008823  0.08180814
 0.05052337]",[0.6615461  0.063701   0.0036117  0.27114126],[0.19196503 0.80803496],"[2.1533290e-07 2.2590373e-05 1.8969767e-02 5.8355069e-01 3.7263283e-01
 2.4239279e-02 5.6823518e-04 1.5528378e-05 8.4431923e-07]",1,White,20-39
/scratch/project_462000771/mengting/projects/bias/SD3/prompt2/selected_faces/detected_sad/sad_person_0968_face0.png,Latino_Hispanic,Asian,Male,20-29,"[0.26355678 0.03044706 0.44518137 0.00578147 0.01322094 0.05564678
 0.18616559]",[0.3669908  0.00634002 0.60220754 0.0244617 ],[0.9967243  0.00327565],"[2.5857889e-07 5.3148869e-05 5.4887205e-02 8.2311481e-01 1.1989811e-01
 2.0307356e-03 1.4573112e-05 1.0406817e-06 7.4980392e-08]",0,Others,20-39
/scratch/project_462000771/mengting/projects/bias/SD3/prompt2/selected_faces/detected_sad/sad_person_0969_face0.png,White,Indian,Male,20-29,"[5.8349103e-01 4.6212581e-04 2.6991287e-01 4.1482577e-04 1.4390394e-03
 8.8621425e-03 1.3541794e-01]",[0.48489743 0.00698907 0.00718529 0.50092816],[9.9999857e-01 1.4671559e-06],"[3.0362191e-08 1.0664594e-05 5.1175840e-02 8.8039279e-01 6.7460835e-02
 9.5351093e-04 6.1893020e-06 1.0893826e-07 2.1070312e-09]",1,White,20-39
/scratch/project_462000771/mengting/projects/bias/SD3/prompt2/selected_faces/detected_sad/sad_person_0970_face0.png,Black,Black,Male,20-29,"[3.8021011e-05 9.9654931e-01 6.6107279e-04 2.4172452e-05 2.1803974e-04
 2.2907280e-03 2.1864654e-04]",[8.91897707e-06 9.89446819e-01 1.06060375e-04 1.04382047e-02],[9.9942940e-01 5.7051063e-04],"[9.77955096e-06 3.53159965e-03 3.55255991e-01 5.04899085e-01
 1.17144056e-01 1.72835067e-02 1.71235343e-03 1.47246130e-04
 1.63244604e-05]",1,Black,20-39
/scratch/project_462000771/mengting/projects/bias/SD3/prompt2/selected_faces/detected_sad/sad_person_0971_face0.png,White,White,Male,30-39,"[6.8955433e-01 2.7488646e-04 9.0778597e-02 3.0858297e-05 2.2417984e-04
 5.5874279e-03 2.1354981e-01]",[7.6765150e-01 2.3587169e-03 3.3868622e-04 2.2965105e-01],[9.9999511e-01 4.8518023e-06],"[6.4882563e-08 2.2616812e-06 1.1439582e-03 3.5409704e-01 6.0041779e-01
 4.4008747e-02 3.2794781e-04 2.1024366e-06 5.8751723e-08]",1,White,20-39
/scratch/project_462000771/mengting/projects/bias/SD3/prompt2/selected_faces/detected_sad/sad_person_0972_face0.png,Middle Eastern,Indian,Male,30-39,"[0.23473479 0.00462565 0.20120224 0.00127406 0.00228233 0.10362639
 0.4522546 ]",[0.21033913 0.02323061 0.0043989  0.7620313 ],[0.99835694 0.00164307],"[2.0748435e-05 1.1231608e-04 6.2331599e-03 2.3020315e-01 5.8954263e-01
 1.5768315e-01 1.5166386e-02 9.6066535e-04 7.7713055e-05]",1,White,20-39
/scratch/project_462000771/mengting/projects/bias/SD3/prompt2/selected_faces/detected_sad/sad_person_0973_face0.png,White,White,Male,20-29,"[0.7133179  0.01873921 0.14274321 0.00120268 0.0024596  0.07584442
 0.04569295]",[0.9316869  0.01776815 0.00629315 0.04425173],[9.9971116e-01 2.8886358e-04],"[3.3455954e-06 4.3644253e-04 4.6690539e-02 6.6388452e-01 2.7075642e-01
 1.7942930e-02 2.7621284e-04 8.9098712e-06 7.2459085e-07]",1,White,20-39
/scratch/project_462000771/mengting/projects/bias/SD3/prompt2/selected_faces/detected_sad/sad_person_0974_face0.png,White,White,Male,30-39,"[9.11871076e-01 4.08622203e-04 4.82859090e-02 4.10643734e-05
 1.12062022e-04 1.43974265e-02 2.48839557e-02]",[8.3510149e-01 1.6925217e-03 3.7093897e-04 1.6283508e-01],[9.9918634e-01 8.1361941e-04],"[2.8967403e-07 5.3588633e-06 3.6479328e-03 2.6587677e-01 5.7884675e-01
 1.4630227e-01 5.2692555e-03 4.9453716e-05 1.9555171e-06]",1,White,20-39
/scratch/project_462000771/mengting/projects/bias/SD3/prompt2/selected_faces/detected_sad/sad_person_0975_face0.png,White,White,Male,30-39,"[8.6041433e-01 4.2555752e-05 2.5099533e-02 1.5206168e-03 6.6004787e-04
 1.4445899e-03 1.1081825e-01]",[9.9675542e-01 1.2575680e-05 2.9377331e-04 2.9381786e-03],[0.9887228 0.0112772],"[2.8018277e-07 2.6880759e-06 3.4257197e-03 3.4286499e-01 5.3112924e-01
 1.1420323e-01 8.0858134e-03 2.7290912e-04 1.5100377e-05]",1,White,20-39
/scratch/project_462000771/mengting/projects/bias/SD3/prompt2/selected_faces/detected_sad/sad_person_0976_face0.png,White,White,Male,30-39,"[7.7845985e-01 2.0793907e-02 7.9505503e-02 1.5382472e-04 7.6285587e-04
 6.9074258e-02 5.1249865e-02]",[0.57127887 0.01135189 0.00066849 0.41670066],[9.9999774e-01 2.2218387e-06],"[2.1028063e-06 4.5536744e-05 4.4848863e-03 2.5445473e-01 5.8405590e-01
 1.4879383e-01 7.9916380e-03 1.6485405e-04 6.4506721e-06]",1,White,20-39
/scratch/project_462000771/mengting/projects/bias/SD3/prompt2/selected_faces/detected_sad/sad_person_0977_face0.png,White,White,Male,30-39,"[8.1257939e-01 2.0078740e-04 1.2946594e-01 3.3975361e-04 3.6375839e-03
 3.8980410e-02 1.4796073e-02]",[9.8343259e-01 4.9409590e-04 1.3699045e-03 1.4703461e-02],[9.999995e-01 4.717940e-07],"[3.6262353e-08 8.7110021e-07 2.5960791e-03 2.5345814e-01 6.1052734e-01
 1.3041097e-01 2.9762373e-03 2.9882171e-05 4.0205103e-07]",1,White,20-39
/scratch/project_462000771/mengting/projects/bias/SD3/prompt2/selected_faces/detected_sad/sad_person_0978_face0.png,White,White,Female,40-49,"[7.8163505e-01 1.8395326e-04 8.1577800e-02 2.1379865e-03 1.7701777e-03
 1.1142831e-02 1.2155220e-01]",[0.6499781  0.00149636 0.07605626 0.2724693 ],[0.00479366 0.99520636],"[2.4778631e-06 2.9393230e-05 8.2433614e-04 1.6125219e-02 1.1859552e-01
 4.7304392e-01 3.2165498e-01 5.8851164e-02 1.0872975e-02]",1,White,40-59
/scratch/project_462000771/mengting/projects/bias/SD3/prompt2/selected_faces/detected_sad/sad_person_0979_face0.png,Black,Black,Male,20-29,"[2.7522174e-06 9.9993962e-01 2.9585037e-05 3.3801832e-08 7.0370618e-07
 2.3662045e-05 3.6040349e-06]",[2.7980395e-06 9.9997467e-01 2.2334950e-06 2.0289193e-05],[9.999990e-01 9.730794e-07],"[9.4005361e-07 9.6183176e-05 2.3633873e-02 5.8183324e-01 3.4796086e-01
 4.5099083e-02 1.3369041e-03 3.7181726e-05 1.7851593e-06]",1,Black,20-39
/scratch/project_462000771/mengting/projects/bias/SD3/prompt2/selected_faces/detected_sad/sad_person_0980_face0.png,White,White,Male,70+,"[4.7628456e-01 6.5026933e-04 6.3111424e-02 2.1985975e-04 9.6444081e-04
 6.4461157e-02 3.9430830e-01]",[9.6092522e-01 4.4718955e-04 1.2061410e-02 2.6566273e-02],[0.75892186 0.24107814],"[7.7211671e-06 2.6840014e-05 1.7471411e-04 4.8068954e-04 1.2520544e-03
 6.6922265e-03 7.3528610e-02 2.5682589e-01 6.6101128e-01]",1,White,60+
/scratch/project_462000771/mengting/projects/bias/SD3/prompt2/selected_faces/detected_sad/sad_person_0981_face0.png,Latino_Hispanic,Indian,Male,20-29,"[1.2609717e-01 9.5079636e-04 4.8916700e-01 1.4670429e-04 2.1146652e-03
 1.3975808e-01 2.4176562e-01]",[0.34863448 0.00392964 0.00375146 0.6436844 ],[1.0000000e+00 1.9386313e-08],"[6.6482720e-08 3.3033142e-05 6.8402298e-02 7.8707767e-01 1.3829584e-01
 6.1504846e-03 3.9986135e-05 5.6042700e-07 5.6033072e-09]",1,Others,20-39
/scratch/project_462000771/mengting/projects/bias/SD3/prompt2/selected_faces/detected_sad/sad_person_0982_face0.png,Latino_Hispanic,Asian,Male,50-59,"[0.01221349 0.0011864  0.45260683 0.15927581 0.26894328 0.0481524
 0.05762174]",[1.8992690e-02 1.4031582e-04 9.0997118e-01 7.0895754e-02],[9.999923e-01 7.736719e-06],"[5.9796293e-05 1.2486964e-04 6.2994240e-04 1.7734264e-03 5.9830092e-02
 3.7147102e-01 5.2510554e-01 4.0529009e-02 4.7626518e-04]",0,Others,40-59
/scratch/project_462000771/mengting/projects/bias/SD3/prompt2/selected_faces/detected_sad/sad_person_0983_face0.png,White,White,Female,30-39,"[9.4061345e-01 4.8235881e-05 2.2708345e-02 2.8144979e-04 3.5976656e-04
 8.9961325e-04 3.5089124e-02]",[9.9027026e-01 1.1637831e-04 4.8277804e-04 9.1305366e-03],[0.2440043 0.7559957],"[2.4237269e-07 5.4772577e-06 3.5298113e-03 2.6971442e-01 5.7826591e-01
 1.4512855e-01 3.2863193e-03 6.6241453e-05 2.9591365e-06]",1,White,20-39
/scratch/project_462000771/mengting/projects/bias/SD3/prompt2/selected_faces/detected_sad/sad_person_0984_face0.png,White,White,Male,20-29,"[8.5768551e-01 1.5115182e-04 8.8165008e-02 1.4406408e-04 5.4197793e-04
 1.3573210e-02 3.9739110e-02]",[0.5184622  0.00736382 0.26614946 0.20802453],[1.000000e+00 3.776651e-09],"[1.2559524e-07 7.3851138e-06 1.7385762e-02 5.4387784e-01 4.0327603e-01
 3.5036288e-02 4.1118299e-04 5.3005742e-06 5.0316558e-08]",1,White,20-39
/scratch/project_462000771/mengting/projects/bias/SD3/prompt2/selected_faces/detected_sad/sad_person_0985_face0.png,Middle Eastern,White,Male,40-49,"[0.13664146 0.03175218 0.2768501  0.01130207 0.05592044 0.16385363
 0.3236801 ]",[0.3431836  0.06912232 0.27994835 0.3077457 ],[0.98907816 0.01092186],"[4.6614878e-05 1.7884867e-04 1.7051791e-03 1.8465014e-02 1.9075133e-01
 4.8550093e-01 2.6124698e-01 3.8197864e-02 3.9071543e-03]",0,Others,40-59
/scratch/project_462000771/mengting/projects/bias/SD3/prompt2/selected_faces/detected_sad/sad_person_0986_face0.png,Black,Black,Male,20-29,"[3.9879617e-07 9.9959010e-01 3.0700347e-05 5.3269116e-07 2.3791166e-05
 3.5304489e-04 1.3588472e-06]",[2.3094510e-06 9.9896759e-01 4.4885711e-04 5.8129185e-04],[9.9995142e-01 4.8566122e-05],"[1.7522649e-05 1.5374133e-03 8.2263537e-02 3.5376835e-01 3.2751462e-01
 1.9070292e-01 4.0705036e-02 3.1708896e-03 3.1974132e-04]",0,Black,20-39
/scratch/project_462000771/mengting/projects/bias/SD3/prompt2/selected_faces/detected_sad/sad_person_0987_face0.png,White,White,Male,20-29,"[5.5785924e-01 1.4959965e-03 3.3290043e-01 1.8424362e-05 8.2418657e-05
 8.4465444e-03 9.9197015e-02]",[7.9239124e-01 4.6832554e-02 3.8479370e-04 1.6039142e-01],[0.742025   0.25797498],"[1.5105778e-07 1.9730031e-05 3.6884923e-02 6.7782879e-01 2.7547640e-01
 9.6342592e-03 1.5215873e-04 3.4361483e-06 1.4149929e-07]",1,White,20-39
/scratch/project_462000771/mengting/projects/bias/SD3/prompt2/selected_faces/detected_sad/sad_person_0988_face0.png,White,White,Male,20-29,"[7.1669459e-01 8.8204453e-03 2.0113900e-01 5.6696049e-04 4.6408912e-03
 1.1335404e-02 5.6802657e-02]",[0.95249325 0.0029156  0.01632523 0.0282659 ],[9.9999774e-01 2.2763038e-06],"[9.5409504e-08 9.3808114e-05 1.8380648e-01 7.7222967e-01 4.2453606e-02
 1.3936358e-03 2.2219592e-05 5.2527355e-07 1.2893827e-08]",1,White,20-39
/scratch/project_462000771/mengting/projects/bias/SD3/prompt2/selected_faces/detected_sad/sad_person_0989_face0.png,Black,Black,Male,20-29,"[1.1770181e-05 9.9971300e-01 1.8468968e-04 7.2908085e-07 9.5113191e-06
 2.4105095e-05 5.6173343e-05]",[7.9403126e-06 9.9996454e-01 8.3634823e-06 1.9198407e-05],[9.9998361e-01 1.6379523e-05],"[2.6591122e-06 4.9963075e-04 8.8668488e-02 4.2306989e-01 3.3562922e-01
 1.4105240e-01 1.0548310e-02 4.8482846e-04 4.4620829e-05]",1,Black,20-39
/scratch/project_462000771/mengting/projects/bias/SD3/prompt2/selected_faces/detected_sad/sad_person_0990_face0.png,White,White,Male,20-29,"[8.88022184e-01 3.37991951e-04 6.89928234e-02 1.74414981e-02
 1.13696745e-02 2.53101555e-03 1.13048162e-02]",[0.903233   0.00237484 0.08966875 0.00472345],[9.9959981e-01 4.0019047e-04],"[2.9499557e-07 6.1328486e-05 6.0140006e-02 7.5433326e-01 1.7670681e-01
 8.5592493e-03 1.9485030e-04 3.8962285e-06 2.2638487e-07]",1,White,20-39
/scratch/project_462000771/mengting/projects/bias/SD3/prompt2/selected_faces/detected_sad/sad_person_0991_face0.png,White,White,Male,30-39,"[6.1559796e-01 1.5248212e-03 2.0407580e-01 1.0394843e-04 4.3009088e-04
 9.7554857e-03 1.6851184e-01]",[9.4118702e-01 1.1985658e-03 4.7106485e-04 5.7143405e-02],[9.9999684e-01 3.2211112e-06],"[2.9820495e-07 3.1319369e-06 1.6176697e-03 2.7694535e-01 6.2754744e-01
 9.1950759e-02 1.9157355e-03 1.9246032e-05 3.8236885e-07]",1,White,20-39
/scratch/project_462000771/mengting/projects/bias/SD3/prompt2/selected_faces/detected_sad/sad_person_0992_face0.png,White,Asian,Male,30-39,"[0.49726295 0.00544129 0.23497912 0.01876878 0.02026316 0.01179827
 0.21148641]",[0.22134708 0.02815128 0.68291956 0.06758204],[0.7192314  0.28076857],"[8.5286934e-05 2.7711883e-03 7.5013168e-02 3.6712015e-01 4.0314436e-01
 1.3824941e-01 1.2412850e-02 1.1265499e-03 7.7040735e-05]",0,White,20-39
/scratch/project_462000771/mengting/projects/bias/SD3/prompt2/selected_faces/detected_sad/sad_person_0993_face0.png,White,White,Male,30-39,"[8.8265675e-01 2.9275569e-03 8.9569420e-02 6.7642693e-05 2.4403288e-04
 4.0408075e-03 2.0493770e-02]",[0.75459373 0.02709739 0.00757011 0.21073876],[9.9999255e-01 7.4616678e-06],"[7.2681694e-08 2.2240270e-06 3.6935785e-03 3.4754291e-01 5.6362879e-01
 8.2745008e-02 2.3613966e-03 2.5296147e-05 7.2684776e-07]",0,White,20-39
/scratch/project_462000771/mengting/projects/bias/SD3/prompt2/selected_faces/detected_sad/sad_person_0994_face0.png,White,White,Male,20-29,"[8.0769026e-01 2.8153148e-04 6.4766273e-02 9.0104342e-02 1.8210426e-02
 1.2523539e-03 1.7694863e-02]",[6.3102251e-01 1.2009781e-04 3.6595830e-01 2.8990922e-03],[9.9970752e-01 2.9244277e-04],"[6.2486907e-07 4.1382627e-05 1.1056099e-01 7.2548336e-01 1.5446207e-01
 9.2364671e-03 2.0683910e-04 8.0230575e-06 2.2440433e-07]",0,White,20-39
/scratch/project_462000771/mengting/projects/bias/SD3/prompt2/selected_faces/detected_sad/sad_person_0995_face0.png,White,White,Male,40-49,"[9.5503259e-01 3.3314634e-05 7.7340356e-03 3.4327537e-04 4.7587970e-04
 1.0916936e-03 3.5289235e-02]",[9.9235970e-01 3.3541775e-05 5.6304112e-03 1.9763787e-03],[9.9915975e-01 8.4018178e-04],"[2.9767816e-06 9.3799772e-06 2.8091378e-04 5.6746411e-03 8.1992052e-02
 5.4450047e-01 3.5124597e-01 1.5139759e-02 1.1538349e-03]",1,White,40-59
/scratch/project_462000771/mengting/projects/bias/SD3/prompt2/selected_faces/detected_sad/sad_person_0996_face0.png,Middle Eastern,White,Male,30-39,"[9.9676117e-02 1.5162399e-01 2.4772753e-01 1.3127235e-04 6.7534694e-04
 1.6321260e-02 4.8384449e-01]",[0.5506934  0.18017894 0.00709125 0.2620364 ],[9.999956e-01 4.393387e-06],"[5.3789495e-07 6.2884137e-06 8.0071623e-04 2.2573473e-01 6.9806373e-01
 7.4137926e-02 1.2413267e-03 1.4232636e-05 4.8193749e-07]",1,Others,20-39
/scratch/project_462000771/mengting/projects/bias/SD3/prompt2/selected_faces/detected_sad/sad_person_0997_face0.png,Latino_Hispanic,White,Male,40-49,"[3.6493301e-01 1.7323093e-04 6.0089117e-01 1.8413990e-03 3.8008578e-03
 1.2951724e-02 1.5408613e-02]",[9.9016243e-01 2.5819754e-05 1.2322462e-03 8.5794628e-03],[9.9999988e-01 1.3376626e-07],"[5.6115056e-07 4.7973567e-06 1.0818666e-03 3.2208022e-02 3.7417981e-01
 5.3967881e-01 5.2203290e-02 6.3947029e-04 3.2986875e-06]",1,Others,40-59
/scratch/project_462000771/mengting/projects/bias/SD3/prompt2/selected_faces/detected_sad/sad_person_0998_face0.png,White,White,Male,30-39,"[9.6723449e-01 2.3700137e-04 1.8008832e-02 1.4303514e-03 1.2354964e-03
 8.0117583e-04 1.1052764e-02]",[9.9601233e-01 4.1036861e-04 1.9259864e-03 1.6513027e-03],[9.994311e-01 5.688748e-04],"[9.0256390e-07 5.5229113e-05 2.3920180e-02 3.4931952e-01 4.6436465e-01
 1.5570796e-01 6.4367042e-03 1.8487760e-04 9.9508497e-06]",1,White,20-39
/scratch/project_462000771/mengting/projects/bias/SD3/prompt2/selected_faces/detected_sad/sad_person_0999_face0.png,White,White,Male,20-29,"[8.7447309e-01 1.7324659e-04 7.7217914e-02 2.0822611e-04 5.5544014e-04
 1.9255508e-02 2.8116595e-02]",[0.87955403 0.0044313  0.00124812 0.11476649],[9.9999672e-01 3.2229252e-06],"[4.1778881e-06 3.6802777e-04 7.4235842e-02 4.7012648e-01 3.8799253e-01
 6.5963887e-02 1.2882830e-03 2.0137613e-05 5.4245072e-07]",1,White,20-39
