face_name_align,race,race4,gender,age,race_scores_fair,race_scores_fair_4,gender_scores_fair,age_scores_fair,attractiveness,race_final,age_final
/scratch/project_462000771/mengting/projects/bias/kolors/prompt2/selected_faces/detected_angry/angry_person_0000_face0.png,White,White,Male,40-49,"[8.1452501e-01 1.2201574e-03 9.8083265e-02 2.9909113e-04 2.3437554e-03
 2.9805165e-02 5.3723492e-02]",[9.7886312e-01 8.9996232e-04 9.0152156e-03 1.1221718e-02],[0.9453967  0.05460327],"[7.7295063e-06 1.0709477e-04 2.2121775e-03 3.7651405e-02 2.2066523e-01
 4.6356672e-01 2.5157934e-01 2.1546492e-02 2.6638194e-03]",1,White,40-59
/scratch/project_462000771/mengting/projects/bias/kolors/prompt2/selected_faces/detected_angry/angry_person_0001_face0.png,Middle Eastern,White,Male,60-69,"[0.21100427 0.00929978 0.05949009 0.00079525 0.00479802 0.06345068
 0.6511619 ]",[0.9127217  0.00516536 0.03398167 0.04813127],[0.9983892  0.00161083],"[5.00845890e-05 1.12201385e-04 4.38076910e-04 6.81848091e-04
 2.18578056e-03 1.69083290e-02 1.70629829e-01 4.05025899e-01
 4.03967857e-01]",0,White,60+
/scratch/project_462000771/mengting/projects/bias/kolors/prompt2/selected_faces/detected_angry/angry_person_0002_face0.png,Indian,Indian,Male,70+,"[0.0082013  0.0449761  0.0425022  0.00107237 0.0900462  0.79861355
 0.01458833]",[0.06968263 0.26147687 0.04463027 0.6242103 ],[0.9982805 0.0017195],"[9.4785219e-06 5.3331230e-05 2.4026555e-04 2.7966453e-04 8.0751325e-04
 7.6002409e-03 7.0081547e-02 4.1647434e-01 5.0445366e-01]",1,Others,60+
/scratch/project_462000771/mengting/projects/bias/kolors/prompt2/selected_faces/detected_angry/angry_person_0003_face0.png,Black,Asian,Male,50-59,"[0.02146706 0.45943916 0.06153971 0.00279316 0.10325711 0.34473678
 0.00676695]",[0.20773587 0.0636213  0.489731   0.23891181],[9.9975491e-01 2.4511907e-04],"[6.2353411e-06 8.3867562e-05 6.3139846e-04 5.2576703e-03 5.4446686e-02
 3.3473256e-01 4.3815023e-01 1.2692106e-01 3.9770335e-02]",0,Black,40-59
/scratch/project_462000771/mengting/projects/bias/kolors/prompt2/selected_faces/detected_angry/angry_person_0004_face0.png,White,Asian,Male,40-49,"[0.31283465 0.17975174 0.11618035 0.03863011 0.26059017 0.08349004
 0.00852293]",[0.00926031 0.00372803 0.97579265 0.01121908],[9.9954444e-01 4.5552760e-04],"[9.0478278e-07 1.3726111e-05 3.5492258e-04 1.4248910e-02 1.1897984e-01
 5.1573420e-01 2.8517979e-01 5.5379242e-02 1.0108402e-02]",0,White,40-59
/scratch/project_462000771/mengting/projects/bias/kolors/prompt2/selected_faces/detected_angry/angry_person_0005_face0.png,White,White,Male,30-39,"[9.5727575e-01 3.9960339e-04 2.0449884e-02 1.7191458e-04 6.5346330e-04
 1.7169773e-03 1.9332260e-02]",[0.96938354 0.00202585 0.01820223 0.01038838],[0.9936085  0.00639154],"[2.6232911e-08 9.5057982e-07 4.9963524e-04 2.3441100e-01 7.0004600e-01
 6.4451322e-02 5.8369082e-04 7.0549463e-06 2.7291247e-07]",0,White,20-39
/scratch/project_462000771/mengting/projects/bias/kolors/prompt2/selected_faces/detected_angry/angry_person_0006_face0.png,Southeast Asian,Asian,Male,50-59,"[0.00521336 0.24509719 0.11430408 0.01271106 0.36890867 0.24968775
 0.00407792]",[8.1282447e-04 2.1332025e-03 9.8735440e-01 9.6995421e-03],[0.98362833 0.01637167],"[6.1759827e-05 1.0682703e-03 5.0128545e-03 8.4259734e-03 4.8435342e-02
 2.3898183e-01 3.4199122e-01 2.5820810e-01 9.7814724e-02]",0,Asian,40-59
/scratch/project_462000771/mengting/projects/bias/kolors/prompt2/selected_faces/detected_angry/angry_person_0007_face0.png,White,White,Male,20-29,"[0.6057989  0.00164942 0.13717419 0.00208152 0.00686938 0.05054618
 0.19588038]",[9.3403548e-01 9.2181528e-04 2.0145906e-02 4.4896755e-02],[0.94379467 0.05620534],"[1.5420468e-06 2.7029064e-05 5.3276489e-03 4.1025564e-01 3.8854393e-01
 1.5586990e-01 3.3832919e-02 4.7645406e-03 1.3768878e-03]",0,White,20-39
/scratch/project_462000771/mengting/projects/bias/kolors/prompt2/selected_faces/detected_angry/angry_person_0008_face0.png,White,White,Male,30-39,"[9.2588300e-01 2.3678966e-05 4.0945392e-02 1.4707033e-04 2.9514285e-04
 3.7986462e-04 3.2325830e-02]",[9.9730539e-01 2.2421502e-05 2.3689570e-03 3.0317940e-04],[0.9573265  0.04267352],"[1.42821349e-07 2.73623459e-06 7.00910750e-04 1.16654776e-01
 6.94679737e-01 1.83847547e-01 4.06627450e-03 4.67812861e-05
 1.18412026e-06]",1,White,20-39
/scratch/project_462000771/mengting/projects/bias/kolors/prompt2/selected_faces/detected_angry/angry_person_0009_face0.png,White,White,Male,40-49,"[0.77254325 0.02384514 0.12724014 0.00729839 0.01567868 0.00852176
 0.04487263]",[0.9204409  0.00326229 0.05248994 0.02380687],[0.9718482  0.02815184],"[3.4884151e-06 2.7732971e-05 9.0784446e-04 5.1102951e-02 3.6573184e-01
 4.9742523e-01 8.1485651e-02 3.0960410e-03 2.1920851e-04]",0,White,40-59
/scratch/project_462000771/mengting/projects/bias/kolors/prompt2/selected_faces/detected_angry/angry_person_0010_face0.png,White,Asian,Male,40-49,"[6.4857578e-01 2.1243985e-03 1.8574403e-01 2.5110701e-04 3.8267507e-03
 1.3555492e-01 2.3922915e-02]",[0.29513448 0.01333233 0.5505668  0.14096631],[0.9841497  0.01585034],"[1.2378933e-05 6.8251800e-05 1.4047073e-03 8.7260315e-03 8.6964220e-02
 4.4304958e-01 4.2430076e-01 3.3030931e-02 2.4431681e-03]",0,White,40-59
/scratch/project_462000771/mengting/projects/bias/kolors/prompt2/selected_faces/detected_angry/angry_person_0011_face0.png,White,White,Female,50-59,"[0.6252174  0.00080853 0.22735345 0.00089808 0.0102691  0.03168189
 0.10377161]",[9.9030817e-01 3.2124607e-04 4.2996062e-03 5.0710044e-03],[0.1693405  0.83065957],"[1.7799975e-05 1.4074844e-04 9.3133881e-04 2.3722658e-03 1.7414607e-02
 1.1226506e-01 3.6392206e-01 2.7121496e-01 2.3172116e-01]",1,White,40-59
/scratch/project_462000771/mengting/projects/bias/kolors/prompt2/selected_faces/detected_angry/angry_person_0012_face0.png,Latino_Hispanic,White,Female,60-69,"[0.11987873 0.02531151 0.40698102 0.00267597 0.0251483  0.3542655
 0.06573894]",[0.5759123  0.03179218 0.02782711 0.3644685 ],[0.18233547 0.8176645 ],"[5.0694758e-05 4.6850723e-04 1.1762608e-03 4.3628598e-03 2.6742525e-02
 1.2008647e-01 2.4721734e-01 3.3196765e-01 2.6792771e-01]",0,Others,60+
/scratch/project_462000771/mengting/projects/bias/kolors/prompt2/selected_faces/detected_angry/angry_person_0013_face0.png,White,White,Male,50-59,"[6.8928099e-01 1.4287859e-02 1.0720623e-01 4.4297220e-05 5.4920046e-04
 2.5709398e-02 1.6292204e-01]",[0.9929284  0.00117801 0.00181125 0.00408233],[0.99780023 0.00219974],"[3.14913018e-06 1.04629735e-05 2.39438203e-04 5.27643086e-03
 1.13483861e-01 4.15350318e-01 4.36566204e-01 2.71137990e-02
 1.95644679e-03]",0,White,40-59
/scratch/project_462000771/mengting/projects/bias/kolors/prompt2/selected_faces/detected_angry/angry_person_0014_face0.png,Middle Eastern,Asian,Male,50-59,"[2.6702183e-01 2.6911765e-02 4.4068206e-02 7.9198624e-05 2.7288825e-03
 1.2561870e-01 5.3357136e-01]",[0.30809674 0.04282514 0.43460703 0.21447112],[0.9205708  0.07942919],"[1.4953913e-05 2.6030108e-04 2.6401565e-03 1.4257009e-02 6.6678435e-02
 3.1529194e-01 3.5273111e-01 1.6489272e-01 8.3233453e-02]",0,White,40-59
/scratch/project_462000771/mengting/projects/bias/kolors/prompt2/selected_faces/detected_angry/angry_person_0015_face0.png,Indian,Indian,Male,60-69,"[9.7938895e-04 7.7243328e-02 1.4529264e-02 2.3187471e-04 1.0316597e-02
 8.8997555e-01 6.7240079e-03]",[0.016882   0.1931845  0.06553098 0.7244026 ],[0.9874012 0.0125988],"[3.3034798e-05 1.6163499e-04 2.9288782e-04 3.4749825e-04 1.4464027e-03
 1.4634773e-02 1.3836448e-01 4.3539292e-01 4.0932637e-01]",0,Others,60+
/scratch/project_462000771/mengting/projects/bias/kolors/prompt2/selected_faces/detected_angry/angry_person_0016_face0.png,White,White,Male,40-49,"[9.8292124e-01 8.2471990e-04 7.1084825e-03 6.1166087e-05 5.0451822e-04
 2.5054039e-03 6.0744015e-03]",[9.9817109e-01 9.5203628e-05 8.7677734e-04 8.5691747e-04],[0.9930117  0.00698826],"[9.9346034e-06 7.4954398e-05 8.6711755e-04 1.4535481e-02 1.3792795e-01
 4.5141298e-01 3.7312376e-01 1.9936232e-02 2.1115844e-03]",0,White,40-59
/scratch/project_462000771/mengting/projects/bias/kolors/prompt2/selected_faces/detected_angry/angry_person_0017_face0.png,White,White,Male,50-59,"[0.75878555 0.02530889 0.10999838 0.0015172  0.00533353 0.03467206
 0.0643845 ]",[0.864474   0.00796888 0.10308803 0.02446911],[0.9906506 0.0093494],"[4.2623149e-05 1.3849612e-04 1.3245816e-03 6.9369473e-03 4.5584105e-02
 2.1459697e-01 6.0328954e-01 1.1148949e-01 1.6597252e-02]",0,White,40-59
/scratch/project_462000771/mengting/projects/bias/kolors/prompt2/selected_faces/detected_angry/angry_person_0018_face0.png,Indian,Asian,Male,60-69,"[2.2498919e-03 2.9554563e-02 6.6001631e-02 1.8846166e-04 1.4082459e-02
 8.8153297e-01 6.3900230e-03]",[0.00768978 0.11552358 0.5293046  0.34748206],[0.9824737  0.01752633],"[1.14037444e-04 8.53937352e-04 3.04768840e-03 2.56144488e-03
 9.01907776e-03 6.70173988e-02 2.87707150e-01 4.06248301e-01
 2.23431006e-01]",0,Others,60+
/scratch/project_462000771/mengting/projects/bias/kolors/prompt2/selected_faces/detected_angry/angry_person_0019_face0.png,White,Indian,Female,70+,"[0.3972301  0.03519411 0.1850788  0.01366518 0.19967851 0.14459519
 0.02455812]",[0.1230657  0.08906928 0.19689216 0.5909729 ],[0.18705635 0.81294364],"[4.08371096e-04 1.46452552e-02 1.01371137e-02 1.49266245e-02
 4.34980690e-02 9.05916020e-02 1.15081370e-01 1.70277447e-01
 5.40434122e-01]",1,White,60+
/scratch/project_462000771/mengting/projects/bias/kolors/prompt2/selected_faces/detected_angry/angry_person_0020_face0.png,White,Asian,Male,50-59,"[0.31883758 0.18999603 0.22240184 0.00737696 0.04952202 0.1623346
 0.04953092]",[0.04819354 0.04285818 0.881203   0.02774526],[0.9734921  0.02650786],"[7.0715364e-06 1.5558227e-05 8.0917140e-05 3.4472819e-03 5.4183751e-02
 3.2418582e-01 4.5068410e-01 1.2520434e-01 4.2191152e-02]",0,White,40-59
/scratch/project_462000771/mengting/projects/bias/kolors/prompt2/selected_faces/detected_angry/angry_person_0021_face0.png,White,White,Male,30-39,"[0.55189747 0.018464   0.3836031  0.00055498 0.00149552 0.01225338
 0.03173153]",[0.90193635 0.04305086 0.02781929 0.02719346],[0.935443   0.06455701],"[1.0002946e-05 3.9932650e-04 3.2048322e-02 2.9390001e-01 5.0264102e-01
 1.5675329e-01 1.2918038e-02 1.1868344e-03 1.4320026e-04]",0,White,20-39
/scratch/project_462000771/mengting/projects/bias/kolors/prompt2/selected_faces/detected_angry/angry_person_0022_face0.png,White,White,Male,40-49,"[9.8299617e-01 1.5916119e-03 2.5711677e-03 1.5024119e-05 1.5755747e-04
 3.6753661e-03 8.9931646e-03]",[0.97941357 0.00957251 0.00114499 0.00986897],[0.9948048  0.00519519],"[4.2028458e-07 4.8155430e-06 2.1670885e-04 3.9517973e-02 2.7611667e-01
 5.2824676e-01 1.4733472e-01 7.4521038e-03 1.1098089e-03]",0,White,40-59
/scratch/project_462000771/mengting/projects/bias/kolors/prompt2/selected_faces/detected_angry/angry_person_0023_face0.png,White,White,Female,40-49,"[9.1849488e-01 2.0807364e-03 3.5398677e-02 8.9951136e-05 2.5671138e-04
 1.3836524e-03 4.2295448e-02]",[9.9964136e-01 2.2777067e-05 2.4625630e-04 8.9533278e-05],[0.12014307 0.879857  ],"[3.6313283e-04 1.8515499e-02 3.1822644e-02 8.7461144e-02 2.6245362e-01
 4.5269084e-01 1.4070605e-01 5.6622261e-03 3.2489630e-04]",0,White,40-59
/scratch/project_462000771/mengting/projects/bias/kolors/prompt2/selected_faces/detected_angry/angry_person_0024_face0.png,White,White,Male,50-59,"[0.42387104 0.13844857 0.105483   0.00455555 0.11442271 0.13344222
 0.07977691]",[0.88330567 0.00302667 0.09036162 0.02330603],[9.9970329e-01 2.9670933e-04],"[2.6877231e-05 1.0176921e-04 7.0848817e-04 2.7277507e-03 1.9006927e-02
 1.5483488e-01 5.5540615e-01 2.2451267e-01 4.2674474e-02]",0,White,40-59
/scratch/project_462000771/mengting/projects/bias/kolors/prompt2/selected_faces/detected_angry/angry_person_0025_face0.png,Indian,Indian,Male,70+,"[2.0256515e-03 1.1841174e-01 1.6416404e-02 1.5802369e-04 4.4022417e-03
 8.3683836e-01 2.1747505e-02]",[0.01890911 0.21469569 0.15086335 0.6155318 ],[0.9944015  0.00559851],"[1.2747584e-05 9.2502290e-05 3.3637549e-04 1.5653264e-03 5.0487723e-03
 2.5598077e-02 8.7069862e-02 3.3479163e-01 5.4548466e-01]",1,Others,60+
/scratch/project_462000771/mengting/projects/bias/kolors/prompt2/selected_faces/detected_angry/angry_person_0026_face0.png,White,White,Male,50-59,"[4.86761689e-01 2.91494220e-01 8.16034526e-02 3.24007182e-04
 5.12311328e-03 1.15159415e-01 1.95341744e-02]",[0.7338553  0.08039704 0.08163664 0.1041109 ],[0.9984163  0.00158366],"[4.0280920e-05 1.9694501e-04 1.4348094e-03 8.7047918e-03 4.0882163e-02
 1.9107333e-01 4.7112733e-01 2.2828196e-01 5.8258291e-02]",0,White,40-59
/scratch/project_462000771/mengting/projects/bias/kolors/prompt2/selected_faces/detected_angry/angry_person_0027_face0.png,White,White,Male,30-39,"[9.0864283e-01 3.1580424e-03 4.5692250e-02 6.5351369e-06 1.1278300e-04
 4.2635342e-03 3.8124055e-02]",[0.97576314 0.01420888 0.0033069  0.00672108],[9.9998093e-01 1.9036443e-05],"[1.3413600e-07 2.6546920e-06 3.8278254e-04 1.3057914e-01 7.1431202e-01
 1.5027699e-01 4.3790760e-03 6.4573833e-05 2.6155069e-06]",0,White,20-39
/scratch/project_462000771/mengting/projects/bias/kolors/prompt2/selected_faces/detected_angry/angry_person_0028_face0.png,White,White,Male,30-39,"[0.8581091  0.00240967 0.0557067  0.00528027 0.00752631 0.00217597
 0.06879196]",[0.89374053 0.03506383 0.05500845 0.01618718],[9.9961692e-01 3.8307733e-04],"[8.2045665e-07 2.1570520e-06 3.2725636e-04 2.1354640e-01 5.6253415e-01
 1.9872425e-01 2.2782527e-02 1.8566513e-03 2.2584111e-04]",0,White,20-39
/scratch/project_462000771/mengting/projects/bias/kolors/prompt2/selected_faces/detected_angry/angry_person_0029_face0.png,White,White,Male,40-49,"[4.1578546e-01 1.7645182e-02 2.5097820e-01 7.2287672e-05 1.3852604e-03
 6.9704175e-02 2.4442941e-01]",[0.949032   0.00817798 0.01677441 0.02601554],[9.9969643e-01 3.0358907e-04],"[2.6787609e-06 1.7016040e-05 4.0470329e-04 1.0969338e-02 2.3717846e-01
 5.7500857e-01 1.7335671e-01 2.9617618e-03 1.0091275e-04]",0,White,40-59
/scratch/project_462000771/mengting/projects/bias/kolors/prompt2/selected_faces/detected_angry/angry_person_0030_face0.png,Middle Eastern,Indian,Male,60-69,"[2.8583951e-02 6.9321170e-02 6.9363102e-02 5.2934408e-04 3.2545961e-03
 5.4764640e-02 7.7418315e-01]",[0.11083328 0.17424345 0.08028273 0.6346405 ],[0.9981917  0.00180828],"[6.7666551e-05 1.1408286e-04 2.8468459e-04 5.6279195e-04 2.8420291e-03
 2.4126017e-02 2.5641790e-01 4.4605783e-01 2.6952693e-01]",1,Others,60+
/scratch/project_462000771/mengting/projects/bias/kolors/prompt2/selected_faces/detected_angry/angry_person_0031_face0.png,White,White,Female,30-39,"[9.1197342e-01 8.1662909e-04 3.4328926e-02 4.2696550e-04 1.0689133e-03
 2.0793118e-03 4.9305800e-02]",[9.9569958e-01 2.5413671e-04 2.1896774e-03 1.8566037e-03],[0.14872178 0.85127825],"[2.1693447e-07 2.3213829e-06 6.1628362e-04 1.5565479e-01 5.3681952e-01
 2.8024453e-01 2.5977345e-02 6.6083024e-04 2.4237130e-05]",0,White,20-39
/scratch/project_462000771/mengting/projects/bias/kolors/prompt2/selected_faces/detected_angry/angry_person_0032_face0.png,White,White,Male,40-49,"[0.618851   0.05534242 0.19151194 0.00366633 0.01839898 0.07413321
 0.03809618]",[0.861066   0.01597032 0.07382779 0.04913589],[0.7452687 0.2547313],"[1.6182493e-06 2.2659007e-05 7.8899640e-04 2.4503477e-02 1.4926440e-01
 3.7078851e-01 3.3027428e-01 9.9789925e-02 2.4566121e-02]",0,White,40-59
/scratch/project_462000771/mengting/projects/bias/kolors/prompt2/selected_faces/detected_angry/angry_person_0033_face0.png,White,White,Male,40-49,"[7.6205462e-01 3.7375402e-02 8.2091317e-02 4.1165922e-04 4.3098941e-03
 5.3798627e-02 5.9958473e-02]",[0.9196695  0.00130614 0.0757215  0.00330285],[0.9984016  0.00159843],"[1.62819069e-05 1.03911465e-04 1.14029832e-03 1.28972465e-02
 8.72833580e-02 3.99931997e-01 3.94006014e-01 8.55394229e-02
 1.90814398e-02]",0,White,40-59
/scratch/project_462000771/mengting/projects/bias/kolors/prompt2/selected_faces/detected_angry/angry_person_0034_face0.png,White,White,Male,20-29,"[9.3086940e-01 3.0737993e-04 5.0227668e-02 3.7853376e-04 2.0103415e-03
 2.4897244e-03 1.3717053e-02]",[0.9276273  0.00307058 0.05563288 0.01366913],[0.9988784 0.0011216],"[1.3268818e-08 1.7034341e-06 2.9950130e-03 5.1826733e-01 4.5581156e-01
 2.2742797e-02 1.7843836e-04 3.0249571e-06 1.6172022e-07]",0,White,20-39
/scratch/project_462000771/mengting/projects/bias/kolors/prompt2/selected_faces/detected_angry/angry_person_0035_face0.png,Latino_Hispanic,Asian,Male,40-49,"[0.08350628 0.00137875 0.5763065  0.00194889 0.09293618 0.21780205
 0.02612131]",[0.17794222 0.00390626 0.68814033 0.13001116],[0.9988952  0.00110479],"[3.2273423e-05 7.6704996e-04 6.4674504e-03 6.3689603e-03 7.9008520e-02
 5.1798409e-01 3.6674306e-01 2.0687157e-02 1.9414283e-03]",0,Others,40-59
/scratch/project_462000771/mengting/projects/bias/kolors/prompt2/selected_faces/detected_angry/angry_person_0036_face0.png,Middle Eastern,Indian,Male,50-59,"[2.1952721e-01 1.2054516e-01 1.2905450e-01 2.5557459e-04 7.5673847e-03
 2.4082559e-01 2.8222454e-01]",[0.12950186 0.08942062 0.1817748  0.5993027 ],[0.99737364 0.00262636],"[6.3480140e-05 5.1155780e-04 3.0544787e-03 6.8918276e-03 4.0166695e-02
 2.6323935e-01 5.1346964e-01 1.4671677e-01 2.5886238e-02]",0,Others,40-59
/scratch/project_462000771/mengting/projects/bias/kolors/prompt2/selected_faces/detected_angry/angry_person_0038_face0.png,White,Asian,Male,50-59,"[0.33875802 0.01591666 0.30326074 0.00393424 0.02146592 0.15975308
 0.15691139]",[0.30791777 0.00817169 0.43075275 0.25315776],[0.8307465  0.16925359],"[2.7743727e-04 1.3704969e-03 3.6615606e-03 9.8989345e-03 6.2244318e-02
 3.0580649e-01 4.3891338e-01 1.3189499e-01 4.5932494e-02]",0,White,40-59
/scratch/project_462000771/mengting/projects/bias/kolors/prompt2/selected_faces/detected_angry/angry_person_0039_face0.png,White,White,Female,20-29,"[0.76501954 0.00474061 0.07942693 0.00129253 0.00391655 0.00563021
 0.13997366]",[0.7463813  0.02838217 0.22043319 0.00480336],[0.02666535 0.97333467],"[1.7370187e-06 5.5563537e-04 4.2141169e-02 6.0405761e-01 2.8495726e-01
 6.0744524e-02 5.5274107e-03 1.6126662e-03 4.0199931e-04]",0,White,20-39
/scratch/project_462000771/mengting/projects/bias/kolors/prompt2/selected_faces/detected_angry/angry_person_0040_face0.png,White,White,Female,40-49,"[0.39245725 0.19682036 0.16785383 0.00055192 0.00227387 0.03720187
 0.20284083]",[0.47287184 0.05804687 0.03007193 0.43900934],[0.09688547 0.90311456],"[1.82858275e-05 2.83906993e-04 1.68550783e-03 2.93549597e-02
 2.09199011e-01 3.66705447e-01 2.11889580e-01 1.22026406e-01
 5.88369295e-02]",0,White,40-59
/scratch/project_462000771/mengting/projects/bias/kolors/prompt2/selected_faces/detected_angry/angry_person_0041_face0.png,White,White,Male,40-49,"[7.8543341e-01 3.7096340e-02 1.1349012e-01 5.6766014e-04 1.0102674e-02
 4.3176994e-02 1.0132790e-02]",[0.9678316  0.00315146 0.01362572 0.01539119],[9.9906540e-01 9.3459146e-04],"[2.4517080e-06 2.1043761e-05 7.8680681e-04 2.9484052e-02 2.2315058e-01
 4.6049133e-01 2.6313409e-01 2.0373065e-02 2.5566078e-03]",0,White,40-59
/scratch/project_462000771/mengting/projects/bias/kolors/prompt2/selected_faces/detected_angry/angry_person_0042_face0.png,Latino_Hispanic,White,Male,50-59,"[0.29935294 0.01591348 0.47989738 0.00095684 0.00702544 0.05275936
 0.14409453]",[9.5163852e-01 5.5375777e-04 5.0193467e-03 4.2788383e-02],[0.94961864 0.0503814 ],"[4.3714692e-05 1.6967446e-04 1.3950838e-03 9.7423522e-03 1.0847126e-01
 3.5608852e-01 4.4691652e-01 6.8458937e-02 8.7139346e-03]",1,Others,40-59
/scratch/project_462000771/mengting/projects/bias/kolors/prompt2/selected_faces/detected_angry/angry_person_0043_face0.png,White,White,Male,30-39,"[9.7971648e-01 2.5812848e-05 1.2264673e-02 2.1897786e-04 2.9839590e-04
 1.2119173e-03 6.2637506e-03]",[7.5343800e-01 5.5515277e-04 2.2200890e-01 2.3997867e-02],[0.9987274  0.00127262],"[8.7977540e-08 2.4455539e-06 1.3514890e-03 2.1904965e-01 6.6346467e-01
 1.1514450e-01 9.8013622e-04 6.8673330e-06 1.9794285e-07]",0,White,20-39
/scratch/project_462000771/mengting/projects/bias/kolors/prompt2/selected_faces/detected_angry/angry_person_0044_face0.png,White,White,Male,50-59,"[0.4856637  0.03984287 0.23297149 0.00172977 0.0214302  0.13768063
 0.08068126]",[0.41143748 0.12626438 0.05537472 0.40692335],[0.9751344  0.02486558],"[4.2235923e-05 1.8363062e-04 9.4043056e-04 1.7400167e-03 2.1978199e-02
 2.0705554e-01 5.6070429e-01 1.6833159e-01 3.9024029e-02]",0,White,40-59
/scratch/project_462000771/mengting/projects/bias/kolors/prompt2/selected_faces/detected_angry/angry_person_0045_face0.png,White,White,Male,50-59,"[0.8642696  0.00810443 0.0336532  0.00165923 0.00493869 0.00408071
 0.08329414]",[0.954623   0.00096938 0.04236049 0.00204718],[9.9917066e-01 8.2929892e-04],"[2.7183440e-05 1.2299676e-04 9.2463422e-04 5.7719513e-03 7.7600092e-02
 4.2708620e-01 4.6532315e-01 2.1084089e-02 2.0597742e-03]",0,White,40-59
/scratch/project_462000771/mengting/projects/bias/kolors/prompt2/selected_faces/detected_angry/angry_person_0046_face0.png,White,White,Male,50-59,"[0.5286948  0.28845945 0.07362498 0.00079132 0.0116674  0.0747904
 0.02197159]",[0.62118286 0.2223303  0.04818474 0.10830215],[9.995760e-01 4.240226e-04],"[1.1938848e-05 3.9005154e-05 3.0003375e-04 2.4093434e-03 2.2647349e-02
 1.7210113e-01 6.4436430e-01 1.4068729e-01 1.7439609e-02]",0,White,40-59
/scratch/project_462000771/mengting/projects/bias/kolors/prompt2/selected_faces/detected_angry/angry_person_0048_face0.png,White,White,Male,70+,"[0.44789228 0.00157286 0.1329916  0.00208406 0.04038683 0.09690803
 0.27816433]",[0.910054   0.0023553  0.08026918 0.0073215 ],[0.98047936 0.01952063],"[1.40593756e-05 1.18143624e-04 7.64604192e-04 8.06933036e-04
 3.06444964e-03 1.98197644e-02 1.57302752e-01 3.06071579e-01
 5.12037635e-01]",0,White,60+
/scratch/project_462000771/mengting/projects/bias/kolors/prompt2/selected_faces/detected_angry/angry_person_0049_face0.png,White,White,Male,40-49,"[9.6828091e-01 5.1008294e-05 1.7986676e-02 2.6052163e-05 1.6433703e-04
 2.3864794e-03 1.1104551e-02]",[9.8580176e-01 9.4119168e-05 7.9111038e-03 6.1930460e-03],[9.9997300e-01 2.7007725e-05],"[1.2937998e-07 1.9031623e-06 3.0346980e-04 2.1795711e-02 4.2305699e-01
 5.3307003e-01 2.1689313e-02 8.0706413e-05 1.7019780e-06]",1,White,40-59
/scratch/project_462000771/mengting/projects/bias/kolors/prompt2/selected_faces/detected_angry/angry_person_0050_face0.png,Latino_Hispanic,White,Male,50-59,"[0.14043316 0.0601908  0.42514434 0.00076468 0.01764026 0.24053302
 0.11529384]",[8.9513737e-01 5.9641589e-04 7.3569357e-02 3.0696783e-02],[0.998378   0.00162204],"[2.6253936e-05 6.7798610e-05 6.1184034e-04 4.8160735e-03 4.9709618e-02
 2.4868988e-01 5.8112144e-01 9.8890841e-02 1.6066333e-02]",0,Others,40-59
/scratch/project_462000771/mengting/projects/bias/kolors/prompt2/selected_faces/detected_angry/angry_person_0051_face0.png,White,White,Male,40-49,"[7.92004049e-01 1.09623978e-02 1.02546625e-01 2.68399366e-04
 1.31095026e-03 1.75200552e-02 7.53874853e-02]",[9.7990865e-01 5.6952040e-04 1.3768565e-02 5.7531828e-03],[0.99151653 0.0084835 ],"[3.0529543e-05 1.3014376e-04 6.5760396e-04 8.4267985e-03 1.2574027e-01
 4.3977493e-01 4.0120053e-01 2.1538040e-02 2.5011133e-03]",0,White,40-59
/scratch/project_462000771/mengting/projects/bias/kolors/prompt2/selected_faces/detected_angry/angry_person_0052_face0.png,Indian,Indian,Male,70+,"[0.00480601 0.24743047 0.04105408 0.00200642 0.02308843 0.55650985
 0.12510476]",[0.02031507 0.10804413 0.053722   0.81791884],[0.98849016 0.01150983],"[7.9306999e-05 3.7838629e-04 3.3723627e-04 3.7812997e-04 2.2679595e-03
 1.6270127e-02 1.1295136e-01 3.3837891e-01 5.2895856e-01]",0,Others,60+
/scratch/project_462000771/mengting/projects/bias/kolors/prompt2/selected_faces/detected_angry/angry_person_0053_face0.png,White,White,Male,30-39,"[9.9157375e-01 4.8929887e-05 4.4284314e-03 1.1328275e-04 1.5457009e-04
 2.3364612e-04 3.4474612e-03]",[9.9719781e-01 1.9214222e-05 1.8294017e-03 9.5365668e-04],[0.9708846  0.02911537],"[1.0586142e-08 4.7512967e-07 2.8063118e-04 1.5274990e-01 6.6137677e-01
 1.8123406e-01 4.3196278e-03 3.6651785e-05 1.8659698e-06]",1,White,20-39
/scratch/project_462000771/mengting/projects/bias/kolors/prompt2/selected_faces/detected_angry/angry_person_0054_face0.png,White,White,Male,50-59,"[0.5843431  0.11975143 0.16921072 0.00539776 0.03746548 0.05406212
 0.02976942]",[0.40184808 0.0568703  0.37784743 0.16343416],[9.99897480e-01 1.02502614e-04],"[9.8315550e-06 1.1665471e-05 8.8202891e-05 7.0300489e-04 5.3952876e-03
 6.1577573e-02 5.3136051e-01 3.6421025e-01 3.6643613e-02]",1,White,40-59
/scratch/project_462000771/mengting/projects/bias/kolors/prompt2/selected_faces/detected_angry/angry_person_0055_face0.png,Latino_Hispanic,Asian,Male,40-49,"[0.04838554 0.2884359  0.32435817 0.00869634 0.04690005 0.13923387
 0.14399019]",[0.06665509 0.13122965 0.50240594 0.29970932],[0.96938634 0.03061365],"[0.00034063 0.00234802 0.00585588 0.03133939 0.15547214 0.3249359
 0.29502836 0.14677033 0.03790938]",1,Others,40-59
/scratch/project_462000771/mengting/projects/bias/kolors/prompt2/selected_faces/detected_angry/angry_person_0056_face0.png,White,Asian,Male,30-39,"[0.8779461  0.01274703 0.05022767 0.00221256 0.01273663 0.00853644
 0.03559362]",[0.12324524 0.00652782 0.8299153  0.04031166],[0.99207455 0.00792539],"[5.2682356e-07 1.6618080e-05 2.4853284e-03 1.4758867e-01 4.0383947e-01
 3.3150509e-01 9.8984018e-02 1.3442512e-02 2.1377800e-03]",0,White,20-39
/scratch/project_462000771/mengting/projects/bias/kolors/prompt2/selected_faces/detected_angry/angry_person_0057_face0.png,Latino_Hispanic,Indian,Male,30-39,"[0.04533972 0.16412118 0.41823062 0.0014915  0.03719511 0.2963749
 0.03724697]",[0.06196472 0.34827757 0.06799892 0.52175885],[0.9898321  0.01016791],"[1.1154463e-05 3.2562920e-04 2.0689668e-02 2.7529174e-01 4.5232788e-01
 2.1084335e-01 2.9027328e-02 9.9289315e-03 1.5543911e-03]",0,Others,20-39
/scratch/project_462000771/mengting/projects/bias/kolors/prompt2/selected_faces/detected_angry/angry_person_0058_face0.png,Indian,Asian,Male,70+,"[0.08155175 0.06945663 0.13819106 0.00145045 0.04905053 0.55330426
 0.1069953 ]",[0.00999115 0.00331978 0.8212981  0.16539091],[0.9915572  0.00844286],"[2.8432050e-05 1.4393755e-04 6.3073257e-04 1.3757605e-03 6.2090154e-03
 3.3407498e-02 1.5424082e-01 3.3393851e-01 4.7002527e-01]",0,Others,60+
/scratch/project_462000771/mengting/projects/bias/kolors/prompt2/selected_faces/detected_angry/angry_person_0059_face0.png,Latino_Hispanic,Asian,Male,20-29,"[0.44377273 0.00568222 0.44455093 0.00586434 0.03053222 0.01818982
 0.05140778]",[0.31226534 0.00165765 0.64690137 0.03917563],[9.999131e-01 8.686466e-05],"[1.6610700e-07 2.7176129e-05 3.5182033e-02 5.9908527e-01 3.4799719e-01
 1.7473029e-02 2.3021249e-04 4.7765511e-06 1.7213280e-07]",0,Others,20-39
/scratch/project_462000771/mengting/projects/bias/kolors/prompt2/selected_faces/detected_angry/angry_person_0060_face0.png,White,White,Male,20-29,"[8.8167745e-01 1.6656946e-04 7.3691577e-02 2.9820946e-04 9.3094376e-04
 2.7066336e-03 4.0528703e-02]",[9.8349726e-01 7.4664284e-05 2.2396708e-03 1.4188451e-02],[0.9897772  0.01022275],"[4.6741806e-07 6.4462241e-05 1.7262461e-02 5.6963634e-01 3.7175876e-01
 4.0433694e-02 8.2454138e-04 1.7890221e-05 1.2990362e-06]",0,White,20-39
/scratch/project_462000771/mengting/projects/bias/kolors/prompt2/selected_faces/detected_angry/angry_person_0061_face0.png,Black,Black,Male,50-59,"[0.05596287 0.8515356  0.03379406 0.01228201 0.02349294 0.01147889
 0.01145367]",[0.42330155 0.44647878 0.12107767 0.00914201],[0.88120073 0.1187993 ],"[1.7567298e-05 5.5505530e-05 1.8659685e-04 6.8024527e-03 5.8124993e-02
 2.2808667e-01 4.4066435e-01 2.0874925e-01 5.7312593e-02]",0,Black,40-59
/scratch/project_462000771/mengting/projects/bias/kolors/prompt2/selected_faces/detected_angry/angry_person_0063_face0.png,White,White,Male,50-59,"[9.7327518e-01 3.7857861e-04 1.1196686e-02 5.5657696e-05 5.5773224e-04
 4.7563063e-03 9.7797997e-03]",[8.9571530e-01 2.0732947e-04 9.2534170e-02 1.1543254e-02],[0.9945869  0.00541309],"[5.7354459e-06 5.9506739e-05 1.4133039e-03 1.2249805e-02 7.6464005e-02
 3.6484000e-01 4.9618688e-01 4.0823162e-02 7.9575991e-03]",0,White,40-59
/scratch/project_462000771/mengting/projects/bias/kolors/prompt2/selected_faces/detected_angry/angry_person_0064_face0.png,White,White,Female,50-59,"[7.9022735e-01 8.2559534e-04 1.0976780e-01 1.9901778e-04 1.7098088e-03
 2.6611619e-02 7.0658803e-02]",[0.84503794 0.00087913 0.07703049 0.07705246],[0.01183998 0.98816   ],"[4.2283245e-06 4.9000217e-05 3.1492327e-04 2.1975692e-03 1.9867795e-02
 1.4427970e-01 2.9080853e-01 2.6336503e-01 2.7911317e-01]",0,White,40-59
/scratch/project_462000771/mengting/projects/bias/kolors/prompt2/selected_faces/detected_angry/angry_person_0065_face0.png,White,Black,Male,40-49,"[3.5349074e-01 3.1454059e-01 7.6790757e-02 2.6990965e-04 1.7161448e-03
 2.7732480e-02 2.2545941e-01]",[0.0719094  0.78723675 0.10663857 0.03421525],[0.86277705 0.13722299],"[1.4641548e-06 8.4754183e-06 1.9380650e-04 1.2751723e-02 2.2056921e-01
 5.0038338e-01 2.3839472e-01 2.4007436e-02 3.6897715e-03]",0,White,40-59
/scratch/project_462000771/mengting/projects/bias/kolors/prompt2/selected_faces/detected_angry/angry_person_0066_face0.png,White,White,Male,50-59,"[5.9981591e-01 4.5191874e-03 3.7762862e-02 3.6802783e-04 1.3622829e-02
 3.2610822e-01 1.7802991e-02]",[9.8360968e-01 8.2045014e-04 9.6109919e-03 5.9588035e-03],[0.98342276 0.01657724],"[2.3887978e-06 2.7051905e-05 5.6640210e-04 4.4393782e-03 1.6178027e-02
 1.1363115e-01 4.6820760e-01 2.1820793e-01 1.7873999e-01]",0,White,40-59
/scratch/project_462000771/mengting/projects/bias/kolors/prompt2/selected_faces/detected_angry/angry_person_0067_face0.png,White,White,Male,50-59,"[0.5370667  0.02031457 0.13022575 0.00177169 0.03881416 0.16434836
 0.10745881]",[0.44219717 0.00604598 0.3435881  0.20816873],[9.9965096e-01 3.4906340e-04],"[6.2709980e-05 1.9040781e-04 1.4924686e-03 4.7030011e-03 1.7238306e-02
 9.7906873e-02 5.3330868e-01 2.8396884e-01 6.1128706e-02]",1,White,40-59
/scratch/project_462000771/mengting/projects/bias/kolors/prompt2/selected_faces/detected_angry/angry_person_0068_face0.png,Indian,Asian,Male,70+,"[0.00143773 0.06253817 0.01995023 0.0016525  0.08387731 0.82585984
 0.00468425]",[0.00476077 0.03749486 0.70952207 0.24822234],[0.9510098  0.04899016],"[2.7977842e-06 2.6340087e-05 7.0626018e-05 1.2838718e-04 4.6852799e-04
 3.6415055e-03 3.0756380e-02 2.5861752e-01 7.0628786e-01]",0,Others,60+
/scratch/project_462000771/mengting/projects/bias/kolors/prompt2/selected_faces/detected_angry/angry_person_0069_face0.png,Latino_Hispanic,White,Male,50-59,"[0.31607202 0.01275168 0.32408962 0.00043074 0.00791087 0.14167581
 0.19706929]",[0.48730716 0.00414469 0.42700535 0.08154277],[0.6842629 0.3157371],"[1.37071969e-04 6.92561967e-04 4.37356532e-03 1.84690002e-02
 1.25619382e-01 3.50003749e-01 3.76588017e-01 1.03275985e-01
 2.08406225e-02]",0,Others,40-59
/scratch/project_462000771/mengting/projects/bias/kolors/prompt2/selected_faces/detected_angry/angry_person_0070_face0.png,White,White,Male,30-39,"[7.8957003e-01 9.9157209e-05 5.1415868e-02 1.0092736e-03 2.2167482e-03
 4.1365358e-03 1.5155242e-01]",[9.9677193e-01 8.3218576e-05 2.5628798e-03 5.8191037e-04],[0.9982876  0.00171239],"[6.3947009e-06 1.1440443e-04 6.4091855e-03 4.1844067e-01 5.1880074e-01
 5.5245958e-02 9.4558293e-04 3.4004668e-05 2.9642840e-06]",0,White,20-39
/scratch/project_462000771/mengting/projects/bias/kolors/prompt2/selected_faces/detected_angry/angry_person_0071_face0.png,White,White,Female,20-29,"[0.62829006 0.02110827 0.26633078 0.00102157 0.0011093  0.01119452
 0.07094552]",[0.98703676 0.00144922 0.00496596 0.00654798],[0.05459703 0.945403  ],"[1.4419579e-06 1.0368722e-03 1.1900828e-01 6.8313879e-01 1.8450272e-01
 1.2149178e-02 1.5568803e-04 6.7459359e-06 3.6444990e-07]",0,White,20-39
/scratch/project_462000771/mengting/projects/bias/kolors/prompt2/selected_faces/detected_angry/angry_person_0072_face0.png,White,White,Male,30-39,"[7.6942378e-01 3.3375623e-03 1.2515198e-01 3.2929191e-05 2.9628380e-04
 1.5499732e-02 8.6257711e-02]",[9.414628e-01 1.703664e-02 8.868937e-04 4.061365e-02],[0.99853355 0.00146649],"[4.9491064e-07 5.4708496e-05 1.4173571e-02 4.4178843e-01 4.9381450e-01
 4.9467977e-02 6.8328623e-04 1.6547106e-05 5.1289857e-07]",0,White,20-39
/scratch/project_462000771/mengting/projects/bias/kolors/prompt2/selected_faces/detected_angry/angry_person_0073_face0.png,Middle Eastern,Asian,Female,70+,"[0.0350816  0.04916718 0.18472584 0.05879623 0.10892586 0.25761253
 0.30569077]",[0.19438168 0.01957068 0.74771863 0.03832902],[0.282674   0.71732605],"[6.3286818e-05 2.9252420e-04 3.3623446e-04 2.3016017e-03 9.6620023e-03
 2.9873334e-02 7.7499576e-02 3.2447472e-01 5.5549669e-01]",0,Others,60+
/scratch/project_462000771/mengting/projects/bias/kolors/prompt2/selected_faces/detected_angry/angry_person_0074_face0.png,White,White,Male,40-49,"[0.48612326 0.14221787 0.11958198 0.00290279 0.01072319 0.10588378
 0.13256718]",[0.433957   0.02836996 0.42141825 0.11625479],[0.998844   0.00115596],"[1.4771678e-06 1.0722143e-05 3.8937179e-04 2.9099684e-02 3.3462036e-01
 5.4042733e-01 9.2989080e-02 2.3632280e-03 9.8813951e-05]",0,White,40-59
/scratch/project_462000771/mengting/projects/bias/kolors/prompt2/selected_faces/detected_angry/angry_person_0076_face0.png,White,White,Male,50-59,"[6.8254822e-01 5.0223625e-04 1.4796530e-01 9.6630931e-05 7.4293191e-04
 1.5791627e-02 1.5235311e-01]",[0.9635977  0.00595274 0.00942816 0.02102144],[0.9728074  0.02719255],"[6.5285394e-06 4.2347870e-05 7.4135617e-04 2.5765439e-03 5.3422756e-02
 4.3980473e-01 4.8231429e-01 2.0170188e-02 9.2125230e-04]",0,White,40-59
/scratch/project_462000771/mengting/projects/bias/kolors/prompt2/selected_faces/detected_angry/angry_person_0077_face0.png,White,White,Male,40-49,"[0.46770847 0.01567861 0.15958764 0.00367969 0.15771194 0.13249832
 0.06313529]",[0.4482529  0.11524619 0.40670776 0.02979316],[0.5499293  0.45007068],"[4.1769657e-05 4.8782025e-03 2.2149518e-02 4.8563860e-02 1.4645602e-01
 3.0393839e-01 2.8713030e-01 1.1710300e-01 6.9738843e-02]",0,White,40-59
/scratch/project_462000771/mengting/projects/bias/kolors/prompt2/selected_faces/detected_angry/angry_person_0078_face0.png,Middle Eastern,Indian,Male,40-49,"[0.32964182 0.07344002 0.05722565 0.00244475 0.00871691 0.04016369
 0.4883672 ]",[0.2478158  0.24172375 0.0278137  0.48264676],[0.9952071  0.00479294],"[1.1623624e-05 2.3794968e-05 1.7875600e-04 8.7171150e-03 1.3118801e-01
 4.8204121e-01 3.1037018e-01 5.6428049e-02 1.1041240e-02]",0,White,40-59
/scratch/project_462000771/mengting/projects/bias/kolors/prompt2/selected_faces/detected_angry/angry_person_0079_face0.png,White,White,Male,30-39,"[8.27743411e-01 1.55541638e-03 1.07726045e-01 1.32058150e-04
 6.48132293e-04 2.13657203e-03 6.00584075e-02]",[9.9915677e-01 5.7157289e-05 3.5148300e-04 4.3459827e-04],[0.99691594 0.00308408],"[2.5432104e-07 6.9318985e-06 2.6520167e-03 3.9428821e-01 5.5597162e-01
 4.6281897e-02 7.8949705e-04 9.3463204e-06 2.1682168e-07]",1,White,20-39
/scratch/project_462000771/mengting/projects/bias/kolors/prompt2/selected_faces/detected_angry/angry_person_0081_face0.png,White,White,Male,30-39,"[8.4078884e-01 1.1652484e-02 6.4708106e-02 9.6716132e-05 4.7203942e-04
 1.0183083e-02 7.2098792e-02]",[0.98957896 0.00109474 0.00168102 0.00764528],[0.97072357 0.02927639],"[1.0674017e-06 2.9105588e-05 1.2462370e-03 1.3492307e-01 6.7601150e-01
 1.8213965e-01 5.5349548e-03 1.0810033e-04 6.2944914e-06]",1,White,20-39
/scratch/project_462000771/mengting/projects/bias/kolors/prompt2/selected_faces/detected_angry/angry_person_0082_face0.png,Middle Eastern,Indian,Male,50-59,"[2.1235006e-01 2.4548283e-02 1.6313197e-01 2.0853270e-04 3.7942242e-03
 2.2195138e-01 3.7401557e-01]",[0.1129748  0.08647393 0.03527341 0.76527786],[0.9942356  0.00576444],"[0.00047869 0.00412142 0.01222366 0.01573414 0.0928339  0.36244848
 0.40821567 0.08783351 0.01611049]",0,Others,40-59
/scratch/project_462000771/mengting/projects/bias/kolors/prompt2/selected_faces/detected_angry/angry_person_0083_face0.png,Indian,Asian,Male,60-69,"[0.07027514 0.05480834 0.08650372 0.01312441 0.21060523 0.49434352
 0.07033964]",[0.11256351 0.15010609 0.5839301  0.15340044],[0.9971925  0.00280748],"[5.3166937e-06 2.2863805e-05 2.5542933e-04 4.6057561e-03 1.2956471e-02
 8.8700727e-02 2.8183419e-01 3.7912086e-01 2.3249841e-01]",0,Others,60+
/scratch/project_462000771/mengting/projects/bias/kolors/prompt2/selected_faces/detected_angry/angry_person_0084_face0.png,Southeast Asian,Asian,Male,40-49,"[0.03465838 0.23818935 0.13840887 0.01253972 0.29791856 0.2728297
 0.00545537]",[0.01518869 0.04239148 0.73265666 0.20976317],[0.99759245 0.00240756],"[2.8169218e-06 5.4510085e-05 1.0467803e-03 2.4933740e-02 1.8023261e-01
 4.8129636e-01 2.5945911e-01 4.5216080e-02 7.7579566e-03]",0,Asian,40-59
/scratch/project_462000771/mengting/projects/bias/kolors/prompt2/selected_faces/detected_angry/angry_person_0085_face0.png,White,White,Male,50-59,"[7.2394973e-01 1.6552020e-02 2.0799717e-02 5.0857384e-04 3.2330803e-03
 1.4644154e-02 2.2031285e-01]",[9.6921456e-01 4.6427752e-04 2.8197784e-02 2.1233850e-03],[0.993067   0.00693297],"[2.0854859e-05 1.7949738e-04 1.5835080e-03 7.8407023e-03 6.2682182e-02
 3.8519403e-01 4.6267155e-01 6.7663178e-02 1.2164520e-02]",0,White,40-59
/scratch/project_462000771/mengting/projects/bias/kolors/prompt2/selected_faces/detected_angry/angry_person_0086_face0.png,White,White,Male,50-59,"[7.88687825e-01 3.28410231e-02 4.53729220e-02 6.16702542e-04
 2.15165550e-03 1.48050673e-02 1.15524784e-01]",[0.9422407  0.01404358 0.03786954 0.00584616],[0.797728   0.20227203],"[8.5145934e-05 5.4372655e-04 1.6428125e-03 2.2334687e-02 6.7165114e-02
 1.5247110e-01 3.1460094e-01 2.2272162e-01 2.1843484e-01]",0,White,40-59
/scratch/project_462000771/mengting/projects/bias/kolors/prompt2/selected_faces/detected_angry/angry_person_0087_face0.png,Indian,Asian,Male,70+,"[0.02351715 0.06326467 0.07118381 0.00597246 0.04324122 0.5382726
 0.2545481 ]",[0.00258601 0.04416287 0.60110855 0.35214254],[0.97677255 0.0232275 ],"[8.1955204e-06 3.6556248e-05 9.8864337e-05 3.9484262e-04 1.1059488e-03
 6.3200649e-03 4.3044992e-02 2.6010412e-01 6.8888634e-01]",0,Others,60+
/scratch/project_462000771/mengting/projects/bias/kolors/prompt2/selected_faces/detected_angry/angry_person_0088_face0.png,Indian,Indian,Male,60-69,"[0.04500099 0.00559299 0.17065394 0.00241511 0.06678312 0.62740403
 0.08214983]",[0.06835968 0.00222092 0.45700082 0.47241855],[9.9968785e-01 3.1213911e-04],"[8.4906831e-05 3.8493643e-04 1.7399588e-03 4.4352605e-04 1.6414812e-03
 3.5776272e-02 4.1572362e-01 4.3752193e-01 1.0668346e-01]",0,Others,60+
/scratch/project_462000771/mengting/projects/bias/kolors/prompt2/selected_faces/detected_angry/angry_person_0089_face0.png,White,White,Male,30-39,"[9.3434352e-01 8.9558179e-04 3.7793331e-02 1.2829274e-04 6.4641755e-04
 1.5084833e-03 2.4684262e-02]",[9.991036e-01 7.646174e-05 8.053501e-05 7.393911e-04],[9.9924314e-01 7.5691490e-04],"[3.9506185e-07 1.0448145e-05 2.4039391e-03 3.0241939e-01 6.1867100e-01
 7.5083956e-02 1.3894126e-03 2.0916277e-05 5.4964363e-07]",0,White,20-39
/scratch/project_462000771/mengting/projects/bias/kolors/prompt2/selected_faces/detected_angry/angry_person_0090_face0.png,Indian,White,Male,50-59,"[3.14868540e-02 8.41989219e-02 1.23495854e-01 2.61684560e-04
 1.10976622e-02 6.47147059e-01 1.02312021e-01]",[0.8413735  0.04870498 0.01331737 0.09660411],[9.999096e-01 9.040596e-05],"[3.2754382e-05 1.7587401e-04 9.3360845e-04 1.7500210e-03 1.6566655e-02
 2.0474844e-01 6.3131225e-01 1.2728293e-01 1.7197512e-02]",0,Others,40-59
/scratch/project_462000771/mengting/projects/bias/kolors/prompt2/selected_faces/detected_angry/angry_person_0091_face0.png,White,Black,Male,50-59,"[6.5611029e-01 2.8858492e-01 3.6504574e-02 2.4036522e-04 1.7646997e-03
 9.2089809e-03 7.5861234e-03]",[0.33635566 0.61165535 0.02908294 0.02290602],[0.99817055 0.00182946],"[3.5800902e-06 2.6828893e-05 3.1800315e-04 1.2578913e-02 1.1389204e-01
 3.9540663e-01 4.0502363e-01 6.1369292e-02 1.1381108e-02]",0,White,40-59
/scratch/project_462000771/mengting/projects/bias/kolors/prompt2/selected_faces/detected_angry/angry_person_0092_face0.png,Middle Eastern,White,Male,60-69,"[0.11499666 0.03041249 0.12364046 0.00197689 0.00968146 0.18951015
 0.52978194]",[0.7268028  0.01109365 0.24376091 0.01834261],[0.979455   0.02054496],"[2.2464257e-05 5.3873013e-05 9.1182148e-05 1.2985156e-04 6.6608173e-04
 7.3923222e-03 1.6077437e-01 4.5230874e-01 3.7856114e-01]",0,Others,60+
/scratch/project_462000771/mengting/projects/bias/kolors/prompt2/selected_faces/detected_angry/angry_person_0093_face0.png,White,White,Male,20-29,"[9.8712248e-01 5.5658306e-06 3.9972709e-03 5.5293905e-05 2.0015929e-04
 5.8534008e-04 8.0339815e-03]",[9.9774027e-01 1.8560791e-05 1.1767622e-03 1.0643536e-03],[9.996649e-01 3.351058e-04],"[2.3938478e-08 4.3454293e-06 8.2521243e-03 6.4258385e-01 3.0837205e-01
 4.0160984e-02 6.1684480e-04 9.2057990e-06 4.4060786e-07]",0,White,20-39
/scratch/project_462000771/mengting/projects/bias/kolors/prompt2/selected_faces/detected_angry/angry_person_0094_face0.png,White,White,Male,60-69,"[0.7338962  0.00412181 0.08156412 0.00227822 0.02533971 0.04127264
 0.11152721]",[0.8856184  0.00210688 0.10099549 0.01127915],[0.9921161  0.00788387],"[4.2585427e-05 1.8822662e-04 2.1680861e-03 7.0280326e-03 1.2632321e-02
 4.9044281e-02 2.3335491e-01 4.0102345e-01 2.9451808e-01]",0,White,60+
/scratch/project_462000771/mengting/projects/bias/kolors/prompt2/selected_faces/detected_angry/angry_person_0096_face0.png,Black,Asian,Male,50-59,"[0.0430089  0.45129374 0.08575499 0.00640581 0.16248241 0.23180275
 0.0192514 ]",[0.29592752 0.01026981 0.65510666 0.03869598],[9.9979633e-01 2.0366306e-04],"[6.9200150e-06 5.2308696e-05 3.7883042e-04 1.1229845e-03 7.4546412e-03
 8.7030046e-02 4.6378866e-01 3.3234718e-01 1.0781846e-01]",0,Black,40-59
/scratch/project_462000771/mengting/projects/bias/kolors/prompt2/selected_faces/detected_angry/angry_person_0097_face0.png,White,White,Male,30-39,"[0.7958857  0.00237487 0.14280595 0.00380948 0.01074737 0.00600613
 0.03837053]",[0.58917814 0.00849754 0.24749707 0.15482731],[0.9786046  0.02139542],"[1.2938202e-07 3.7233922e-06 1.0802046e-03 2.1130873e-01 6.4348626e-01
 1.3852978e-01 5.3823199e-03 1.9748800e-04 1.1324105e-05]",0,White,20-39
/scratch/project_462000771/mengting/projects/bias/kolors/prompt2/selected_faces/detected_angry/angry_person_0098_face0.png,White,White,Male,30-39,"[9.5559895e-01 2.8048812e-03 1.7434094e-02 3.1786846e-04 6.7233539e-04
 2.8003384e-03 2.0371441e-02]",[0.88614714 0.02196785 0.06274921 0.02913584],[0.97961473 0.02038528],"[5.2185278e-06 6.4787571e-05 1.5782741e-03 1.7473738e-01 4.2351365e-01
 3.3165091e-01 5.9780695e-02 7.3389029e-03 1.3302026e-03]",0,White,20-39
/scratch/project_462000771/mengting/projects/bias/kolors/prompt2/selected_faces/detected_angry/angry_person_0099_face0.png,Latino_Hispanic,Asian,Male,50-59,"[0.18859117 0.05197033 0.33245543 0.00743807 0.0954187  0.22855996
 0.09556632]",[0.24233979 0.07578842 0.5832035  0.09866827],[0.9966317  0.00336832],"[1.10654306e-04 7.52411957e-04 2.05349899e-03 1.66880584e-03
 1.05285486e-02 1.15583502e-01 5.56314051e-01 2.55050182e-01
 5.79383709e-02]",0,Others,40-59
/scratch/project_462000771/mengting/projects/bias/kolors/prompt2/selected_faces/detected_angry/angry_person_0100_face0.png,White,White,Male,30-39,"[8.1352270e-01 1.1947060e-02 2.3458887e-02 4.3253470e-04 2.8097993e-03
 1.1417209e-02 1.3641179e-01]",[0.41790473 0.02623477 0.3335962  0.2222643 ],[0.99342245 0.00657751],"[2.7786766e-06 4.7743095e-05 1.8271407e-03 1.6748226e-01 4.7452316e-01
 3.0287048e-01 4.6774819e-02 5.2233436e-03 1.2482840e-03]",0,White,20-39
/scratch/project_462000771/mengting/projects/bias/kolors/prompt2/selected_faces/detected_angry/angry_person_0101_face0.png,Indian,Asian,Male,40-49,"[0.04629191 0.11125064 0.27750763 0.00783357 0.15992862 0.38522002
 0.01196765]",[0.02096961 0.16132489 0.45214385 0.36556163],[0.9795336  0.02046645],"[1.3833883e-05 4.7769176e-04 7.5478475e-03 1.1674405e-01 2.8742450e-01
 3.5216862e-01 1.5371436e-01 5.5373747e-02 2.6535347e-02]",0,Others,40-59
/scratch/project_462000771/mengting/projects/bias/kolors/prompt2/selected_faces/detected_angry/angry_person_0102_face0.png,Indian,Asian,Male,50-59,"[1.8550031e-02 1.1492053e-01 2.3072596e-01 4.6002746e-04 3.2336477e-02
 5.9095812e-01 1.2048806e-02]",[0.00859144 0.2988351  0.5544355  0.13813797],[0.97422373 0.02577624],"[1.6728640e-05 1.8694192e-04 2.6901548e-03 1.1960663e-02 6.9544159e-02
 2.4068625e-01 3.0912235e-01 2.7499145e-01 9.0801291e-02]",0,Others,40-59
/scratch/project_462000771/mengting/projects/bias/kolors/prompt2/selected_faces/detected_angry/angry_person_0103_face0.png,White,White,Male,50-59,"[5.2708977e-01 1.5548266e-02 1.9047908e-01 4.2801804e-04 7.4618794e-03
 1.9191177e-01 6.7081176e-02]",[0.75232303 0.02057661 0.15336724 0.07373311],[0.5539413  0.44605872],"[1.1246473e-05 5.7118668e-05 7.7258813e-04 9.1865016e-03 5.8598250e-02
 2.5103927e-01 3.4826052e-01 2.3338860e-01 9.8685846e-02]",0,White,40-59
/scratch/project_462000771/mengting/projects/bias/kolors/prompt2/selected_faces/detected_angry/angry_person_0104_face0.png,White,White,Male,30-39,"[8.9587343e-01 5.3185580e-05 4.0121328e-02 7.9376245e-05 2.7843981e-04
 3.4762130e-04 6.3246556e-02]",[9.9952424e-01 1.3831593e-05 1.7362379e-04 2.8830578e-04],[9.9954581e-01 4.5417165e-04],"[3.9496975e-08 1.5071769e-06 2.1762031e-03 3.0892980e-01 6.2757254e-01
 6.0701381e-02 6.1362510e-04 4.7632820e-06 6.1126237e-08]",1,White,20-39
/scratch/project_462000771/mengting/projects/bias/kolors/prompt2/selected_faces/detected_angry/angry_person_0105_face0.png,White,Asian,Male,40-49,"[0.45286503 0.11580377 0.19116679 0.001317   0.0209203  0.18531938
 0.03260773]",[0.34226078 0.08735774 0.35031706 0.22006443],[0.9812122  0.01878783],"[4.3465593e-06 5.0071456e-05 8.3427475e-04 2.0082342e-02 1.9105269e-01
 5.4047954e-01 2.0376796e-01 3.5070080e-02 8.6587230e-03]",0,White,40-59
/scratch/project_462000771/mengting/projects/bias/kolors/prompt2/selected_faces/detected_angry/angry_person_0106_face0.png,Indian,Indian,Female,20-29,"[0.11894099 0.05870785 0.20758751 0.00717199 0.04689343 0.547362
 0.01333623]",[0.07201583 0.1202826  0.14354898 0.6641526 ],[0.4244165 0.5755835],"[1.4587883e-06 1.2183770e-04 1.9832779e-02 4.5396540e-01 3.5440949e-01
 1.4465049e-01 2.0987969e-02 4.2281435e-03 1.8024344e-03]",0,Others,20-39
/scratch/project_462000771/mengting/projects/bias/kolors/prompt2/selected_faces/detected_angry/angry_person_0108_face0.png,White,White,Male,40-49,"[5.7300740e-01 2.0924397e-02 1.4979495e-01 1.2901556e-04 2.5829109e-03
 7.4925125e-02 1.7863610e-01]",[0.94494104 0.00277964 0.03941195 0.01286743],[9.9989140e-01 1.0854928e-04],"[2.7546887e-06 2.8279926e-05 6.8684801e-04 2.5128054e-02 3.4872711e-01
 5.3795600e-01 8.4609069e-02 2.7247272e-03 1.3715195e-04]",1,White,40-59
/scratch/project_462000771/mengting/projects/bias/kolors/prompt2/selected_faces/detected_angry/angry_person_0109_face0.png,White,White,Male,50-59,"[9.1110921e-01 1.6728550e-02 2.1929447e-02 5.0558726e-04 1.8161972e-03
 7.6283976e-03 4.0282622e-02]",[9.7872448e-01 2.0452280e-04 1.9593598e-02 1.4772889e-03],[0.9803645  0.01963554],"[1.7942029e-05 6.0189795e-05 3.7162483e-04 6.3307718e-03 6.3335992e-02
 3.1563795e-01 5.1489520e-01 8.0590785e-02 1.8759551e-02]",0,White,40-59
/scratch/project_462000771/mengting/projects/bias/kolors/prompt2/selected_faces/detected_angry/angry_person_0110_face0.png,White,White,Male,40-49,"[8.0513376e-01 3.5814703e-02 1.0197275e-01 5.3071289e-04 4.0798369e-03
 2.0778637e-02 3.1689584e-02]",[0.93143123 0.00252141 0.05501382 0.01103352],[0.68166333 0.3183366 ],"[1.0893861e-05 2.9122600e-04 3.4779629e-03 4.5938600e-02 2.9264989e-01
 4.6364239e-01 1.7837425e-01 1.4169678e-02 1.4450564e-03]",0,White,40-59
/scratch/project_462000771/mengting/projects/bias/kolors/prompt2/selected_faces/detected_angry/angry_person_0111_face0.png,Middle Eastern,Asian,Male,60-69,"[0.13169564 0.1330462  0.16877007 0.00939676 0.05068321 0.19193809
 0.31447   ]",[0.04165564 0.2604352  0.53527933 0.16262986],[0.99732476 0.00267526],"[4.0164301e-05 6.5859836e-05 3.0721180e-04 7.5881311e-04 3.0504274e-03
 2.3790523e-02 2.2500794e-01 4.5824376e-01 2.8873530e-01]",0,Others,60+
/scratch/project_462000771/mengting/projects/bias/kolors/prompt2/selected_faces/detected_angry/angry_person_0112_face0.png,White,White,Female,40-49,"[7.0303291e-01 9.6337562e-03 7.6418556e-02 1.0710934e-04 1.3101987e-03
 2.1734159e-02 1.8776329e-01]",[9.8535186e-01 8.4953650e-04 4.5618662e-03 9.2367074e-03],[0.42010498 0.579895  ],"[3.7379614e-06 4.4996261e-05 8.3045615e-04 3.8674966e-02 3.0610061e-01
 4.9313861e-01 1.4935406e-01 1.0754813e-02 1.0977986e-03]",0,White,40-59
/scratch/project_462000771/mengting/projects/bias/kolors/prompt2/selected_faces/detected_angry/angry_person_0113_face0.png,White,White,Male,20-29,"[9.4022739e-01 3.2930856e-04 5.6149866e-02 3.5115201e-05 1.6504669e-04
 3.2862465e-04 2.7645621e-03]",[9.99254942e-01 2.90341733e-04 1.00544574e-04 3.54138640e-04],[9.9986833e-01 1.3169536e-04],"[2.8817723e-08 1.1746378e-05 7.9058900e-02 8.4751648e-01 7.1637690e-02
 1.7575278e-03 1.7194112e-05 4.0542980e-07 1.7309848e-08]",1,White,20-39
/scratch/project_462000771/mengting/projects/bias/kolors/prompt2/selected_faces/detected_angry/angry_person_0114_face0.png,Indian,Indian,Male,50-59,"[4.24181744e-02 3.31649766e-03 7.80993924e-02 2.95404578e-04
 1.48812495e-02 7.98900843e-01 6.20884225e-02]",[0.21087395 0.00298074 0.2811037  0.5050416 ],[0.98589146 0.01410854],"[6.3618056e-05 6.3751068e-04 3.9759320e-03 4.1266419e-03 1.6211424e-02
 1.2623279e-01 3.9936331e-01 2.4805486e-01 2.0133393e-01]",0,Others,40-59
/scratch/project_462000771/mengting/projects/bias/kolors/prompt2/selected_faces/detected_angry/angry_person_0115_face0.png,White,White,Male,40-49,"[8.1890535e-01 7.1113288e-02 3.7289128e-02 9.3854898e-05 1.1122659e-03
 3.0883964e-02 4.0602110e-02]",[0.9269003  0.00658533 0.04028393 0.02623039],[9.9994618e-01 5.3835578e-05],"[1.0736338e-06 2.0716843e-05 8.0355350e-04 3.1650718e-02 3.1887174e-01
 5.3232563e-01 1.1365796e-01 2.5484236e-03 1.2009844e-04]",0,White,40-59
/scratch/project_462000771/mengting/projects/bias/kolors/prompt2/selected_faces/detected_angry/angry_person_0116_face0.png,Black,White,Male,40-49,"[3.9708817e-01 5.0089175e-01 4.3650575e-02 4.9199647e-04 5.4683732e-03
 2.6551234e-02 2.5857886e-02]",[0.8272949  0.14679956 0.01779226 0.00811323],[0.9854479  0.01455216],"[5.62745242e-07 6.08951359e-06 3.92110058e-04 8.05446059e-02
 3.57851475e-01 3.66868734e-01 1.51843220e-01 2.94756498e-02
 1.30174365e-02]",0,Black,40-59
/scratch/project_462000771/mengting/projects/bias/kolors/prompt2/selected_faces/detected_angry/angry_person_0117_face0.png,White,White,Male,30-39,"[6.5362924e-01 2.0762820e-05 2.6718679e-01 8.6722139e-04 2.1693439e-03
 2.6371520e-02 4.9755119e-02]",[7.7718794e-01 4.2840238e-05 8.8772783e-03 2.1389189e-01],[0.50547576 0.4945242 ],"[4.48779883e-06 1.61045129e-04 2.27302108e-02 4.21694010e-01
 4.28680062e-01 1.19996555e-01 6.33574184e-03 3.67279543e-04
 3.06227739e-05]",1,White,20-39
/scratch/project_462000771/mengting/projects/bias/kolors/prompt2/selected_faces/detected_angry/angry_person_0118_face0.png,Indian,Indian,Male,60-69,"[0.00304363 0.08251044 0.04786001 0.00091775 0.05617498 0.8009958
 0.00849732]",[0.00566356 0.04218139 0.3051029  0.6470521 ],[0.9971101  0.00288989],"[1.12448535e-04 8.82141234e-04 1.41466351e-03 1.02969457e-03
 2.54696188e-03 1.30854649e-02 1.03832997e-01 4.69503045e-01
 4.07592595e-01]",0,Others,60+
/scratch/project_462000771/mengting/projects/bias/kolors/prompt2/selected_faces/detected_angry/angry_person_0119_face0.png,White,Black,Male,50-59,"[0.32722327 0.31229192 0.15947479 0.0018233  0.01244534 0.13145931
 0.05528212]",[0.1335498  0.45396847 0.09598832 0.31649348],[0.99866635 0.00133363],"[1.9343657e-05 1.0709991e-04 1.0686209e-03 8.4781619e-03 5.6609243e-02
 2.8769317e-01 5.0310785e-01 1.1106033e-01 3.1856146e-02]",0,White,40-59
/scratch/project_462000771/mengting/projects/bias/kolors/prompt2/selected_faces/detected_angry/angry_person_0120_face0.png,White,Asian,Male,40-49,"[0.782808   0.01981051 0.06979386 0.00141992 0.00849538 0.0806585
 0.03701377]",[0.30095807 0.04705178 0.48651522 0.16547495],[0.99154145 0.00845859],"[4.8372334e-07 2.5679492e-06 1.6887020e-04 2.1071890e-02 2.2574766e-01
 5.4343539e-01 1.8714148e-01 1.8453224e-02 3.9783861e-03]",0,White,40-59
/scratch/project_462000771/mengting/projects/bias/kolors/prompt2/selected_faces/detected_angry/angry_person_0121_face0.png,Indian,Asian,Male,50-59,"[0.05459681 0.03762065 0.1010189  0.00120127 0.0370611  0.4846429
 0.28385836]",[0.31879786 0.03703764 0.3546025  0.289562  ],[9.9981821e-01 1.8181374e-04],"[1.8480013e-04 8.0686755e-04 2.2950126e-03 1.3453451e-03 3.8573160e-03
 5.1293030e-02 4.3855509e-01 3.9954090e-01 1.0212174e-01]",0,Others,40-59
/scratch/project_462000771/mengting/projects/bias/kolors/prompt2/selected_faces/detected_angry/angry_person_0122_face0.png,Middle Eastern,White,Male,60-69,"[0.12043613 0.02060313 0.14802597 0.00139842 0.00706635 0.12711425
 0.57535577]",[0.3656542  0.13599724 0.23982193 0.2585266 ],[0.9936779  0.00632213],"[1.4604861e-04 1.6314886e-04 2.6575054e-04 4.7462407e-04 3.0739044e-03
 2.8302681e-02 3.2105947e-01 4.4372153e-01 2.0279275e-01]",0,Others,60+
/scratch/project_462000771/mengting/projects/bias/kolors/prompt2/selected_faces/detected_angry/angry_person_0123_face0.png,White,White,Male,30-39,"[0.63106436 0.01577091 0.24719238 0.00780324 0.01538382 0.01801293
 0.06477236]",[0.97830814 0.00163348 0.01226702 0.00779137],[0.98676324 0.01323672],"[6.84542613e-07 9.34182845e-06 7.78027344e-04 1.23537824e-01
 6.26135290e-01 2.35003844e-01 1.40199475e-02 4.86191886e-04
 2.87917519e-05]",0,White,20-39
/scratch/project_462000771/mengting/projects/bias/kolors/prompt2/selected_faces/detected_angry/angry_person_0124_face0.png,White,Asian,Male,60-69,"[0.42977953 0.04314752 0.2616845  0.01024178 0.04887626 0.0597509
 0.14651951]",[0.12929416 0.23912574 0.48212844 0.14945161],[0.9953865  0.00461346],"[7.0279777e-05 3.5091885e-04 2.0359107e-03 4.6258550e-03 1.7709540e-02
 8.7881997e-02 3.2711625e-01 3.5388872e-01 2.0632055e-01]",0,White,60+
/scratch/project_462000771/mengting/projects/bias/kolors/prompt2/selected_faces/detected_angry/angry_person_0125_face0.png,Indian,Indian,Male,70+,"[0.01282642 0.14453037 0.03659985 0.00172411 0.02788154 0.7394909
 0.03694684]",[0.02595218 0.11339027 0.25668752 0.60397005],[0.94063723 0.05936279],"[1.2355249e-05 3.7950038e-05 5.3592219e-05 1.3740752e-04 4.5306853e-04
 3.5188713e-03 5.0688837e-02 3.1995144e-01 6.2514651e-01]",0,Others,60+
/scratch/project_462000771/mengting/projects/bias/kolors/prompt2/selected_faces/detected_angry/angry_person_0126_face0.png,White,White,Female,40-49,"[0.53897506 0.22865626 0.15106693 0.0007491  0.00300016 0.01662977
 0.06092267]",[0.9874255  0.00547654 0.00292135 0.00417655],[0.16556877 0.83443123],"[2.7144804e-06 5.2546227e-05 1.1524216e-03 6.1669245e-02 3.7068599e-01
 4.2832401e-01 1.1219396e-01 2.1694375e-02 4.2246371e-03]",0,White,40-59
/scratch/project_462000771/mengting/projects/bias/kolors/prompt2/selected_faces/detected_angry/angry_person_0127_face0.png,White,White,Male,30-39,"[0.696154   0.17129506 0.05554709 0.02050673 0.02741374 0.01830682
 0.01077652]",[0.8953242  0.03191196 0.04183962 0.03092421],[0.8956263  0.10437372],"[1.7758668e-06 9.7727752e-05 2.2996550e-03 1.9781032e-01 4.0691879e-01
 2.9542723e-01 8.0251403e-02 1.3627955e-02 3.5652178e-03]",0,White,20-39
/scratch/project_462000771/mengting/projects/bias/kolors/prompt2/selected_faces/detected_angry/angry_person_0128_face0.png,Latino_Hispanic,White,Male,50-59,"[0.08735986 0.05667199 0.46682534 0.00092735 0.05481718 0.3113282
 0.02207007]",[0.73247516 0.00303605 0.21196099 0.05252783],[9.9998093e-01 1.9078372e-05],"[8.0759291e-06 3.3200788e-05 6.9908105e-04 2.5654442e-03 2.8474512e-02
 2.2078723e-01 5.9261435e-01 1.4593019e-01 8.8879112e-03]",1,Others,40-59
/scratch/project_462000771/mengting/projects/bias/kolors/prompt2/selected_faces/detected_angry/angry_person_0129_face0.png,White,White,Male,40-49,"[0.36254522 0.3282493  0.22496018 0.00065842 0.00615392 0.03879905
 0.03863385]",[0.90402114 0.02552728 0.04078978 0.02966183],[0.9911807  0.00881924],"[1.1993728e-06 1.1489619e-05 2.7773154e-04 8.5281581e-03 1.5832116e-01
 5.7493824e-01 2.4572586e-01 1.1473576e-02 7.2257943e-04]",0,White,40-59
/scratch/project_462000771/mengting/projects/bias/kolors/prompt2/selected_faces/detected_angry/angry_person_0130_face0.png,White,White,Male,20-29,"[5.9867871e-01 3.7137652e-04 7.9560772e-02 5.8235269e-04 1.3281179e-03
 1.1904740e-02 3.0757394e-01]",[8.1534177e-01 3.6862565e-04 3.0367547e-03 1.8125279e-01],[0.99327606 0.00672392],"[2.4695028e-06 1.6650035e-04 1.8333320e-02 5.2513355e-01 4.1795439e-01
 3.7771791e-02 6.1047287e-04 2.5121853e-05 2.4427652e-06]",0,White,20-39
/scratch/project_462000771/mengting/projects/bias/kolors/prompt2/selected_faces/detected_angry/angry_person_0131_face0.png,Indian,Asian,Male,70+,"[0.01865026 0.21289851 0.05509978 0.00282818 0.0499327  0.6095806
 0.05100991]",[0.18063085 0.03827035 0.6637824  0.11731642],[0.9940165  0.00598351],"[2.0963994e-04 1.0246116e-03 1.6005049e-03 1.4128255e-03 2.2756257e-03
 1.1061562e-02 8.6276792e-02 4.2743900e-01 4.6869949e-01]",0,Others,60+
/scratch/project_462000771/mengting/projects/bias/kolors/prompt2/selected_faces/detected_angry/angry_person_0132_face0.png,Middle Eastern,White,Male,50-59,"[0.3320085  0.00217679 0.24699949 0.00209152 0.01339392 0.05165062
 0.35167924]",[0.41735995 0.06303095 0.38460642 0.13500267],[0.9945308  0.00546925],"[2.7621008e-04 7.3906587e-04 2.1156440e-03 2.7630290e-03 2.6226865e-02
 1.9612341e-01 5.6783295e-01 1.6742411e-01 3.6498655e-02]",0,White,40-59
/scratch/project_462000771/mengting/projects/bias/kolors/prompt2/selected_faces/detected_angry/angry_person_0133_face0.png,White,White,Male,30-39,"[8.7246847e-01 2.9191980e-03 5.5986322e-02 9.0276459e-05 6.0097309e-04
 1.9817291e-02 4.8117582e-02]",[0.78908503 0.06281496 0.04431285 0.10378718],[0.9932443  0.00675575],"[8.14353200e-07 1.07880105e-05 1.17089658e-03 7.18971267e-02
 4.40395713e-01 4.35846388e-01 4.82282862e-02 2.22665723e-03
 2.23382754e-04]",0,White,20-39
/scratch/project_462000771/mengting/projects/bias/kolors/prompt2/selected_faces/detected_angry/angry_person_0134_face0.png,White,White,Male,50-59,"[0.37659922 0.0078105  0.31308505 0.00176163 0.0117798  0.0704246
 0.21853921]",[9.7778779e-01 4.0716826e-04 1.6759614e-02 5.0453618e-03],[9.9931771e-01 6.8225374e-04],"[2.1502955e-04 3.4279499e-04 1.7479643e-03 1.6330194e-03 9.3951272e-03
 8.9221098e-02 6.3714993e-01 2.3082523e-01 2.9469769e-02]",1,White,40-59
/scratch/project_462000771/mengting/projects/bias/kolors/prompt2/selected_faces/detected_angry/angry_person_0135_face0.png,White,White,Male,30-39,"[9.71389055e-01 3.98335559e-03 1.91421174e-02 1.01514685e-04
 1.00304605e-03 3.48332361e-03 8.97487393e-04]",[0.89280313 0.00254482 0.09863495 0.00601697],[9.9991506e-01 8.4926076e-05],"[1.89124059e-08 4.21921612e-07 1.15987692e-04 6.16538115e-02
 6.47443116e-01 2.76324362e-01 1.43929655e-02 6.68232096e-05
 2.43956401e-06]",0,White,20-39
/scratch/project_462000771/mengting/projects/bias/kolors/prompt2/selected_faces/detected_angry/angry_person_0136_face0.png,White,White,Male,30-39,"[9.3507159e-01 1.6269123e-04 5.3489607e-02 1.0025831e-03 1.9961442e-03
 1.7174225e-03 6.5600094e-03]",[9.9529260e-01 9.7744109e-05 4.3526879e-03 2.5694244e-04],[0.93014795 0.06985203],"[1.9039862e-06 3.9940867e-05 4.5325062e-03 2.0864640e-01 5.2746671e-01
 2.3440211e-01 2.3961836e-02 8.8352844e-04 6.5057386e-05]",0,White,20-39
/scratch/project_462000771/mengting/projects/bias/kolors/prompt2/selected_faces/detected_angry/angry_person_0137_face0.png,Indian,White,Male,50-59,"[1.05851563e-02 1.21307604e-01 3.15035321e-02 1.96456400e-04
 1.07819485e-02 8.15244138e-01 1.03811342e-02]",[0.39946052 0.03275869 0.3793465  0.18843429],[9.997564e-01 2.436573e-04],"[1.1514271e-05 8.9417270e-05 5.0765579e-04 1.5273928e-03 1.7015006e-02
 2.0091727e-01 5.5888462e-01 1.8702979e-01 3.4017339e-02]",0,Others,40-59
/scratch/project_462000771/mengting/projects/bias/kolors/prompt2/selected_faces/detected_angry/angry_person_0138_face0.png,White,White,Male,40-49,"[0.5892583  0.00327615 0.1482892  0.00139797 0.01094413 0.19103608
 0.05579811]",[0.4654575  0.01609117 0.37263572 0.1458156 ],[0.996888   0.00311196],"[2.17630281e-06 1.29972495e-05 6.76742289e-04 2.89314371e-02
 1.82121098e-01 5.54658890e-01 1.99145645e-01 2.78249886e-02
 6.62604719e-03]",0,White,40-59
/scratch/project_462000771/mengting/projects/bias/kolors/prompt2/selected_faces/detected_angry/angry_person_0139_face0.png,White,White,Female,50-59,"[0.669238   0.0339537  0.08954792 0.01872191 0.11815732 0.05813753
 0.01224371]",[0.69457215 0.0027987  0.29335526 0.00927382],[0.32755652 0.6724435 ],"[2.6449818e-06 2.8210539e-05 2.5082685e-04 3.8176696e-03 4.1276909e-02
 2.4000578e-01 4.6577150e-01 1.6030367e-01 8.8542819e-02]",0,White,40-59
/scratch/project_462000771/mengting/projects/bias/kolors/prompt2/selected_faces/detected_angry/angry_person_0140_face0.png,Indian,Indian,Male,30-39,"[0.01111246 0.06887157 0.1447039  0.00147181 0.01583874 0.7125548
 0.04544671]",[0.00221363 0.01071368 0.45674196 0.5303307 ],[0.96974283 0.03025713],"[1.5885968e-05 5.0867419e-04 9.8037515e-03 1.7516285e-01 5.3579074e-01
 2.5545132e-01 1.9985972e-02 2.8651673e-03 4.1564103e-04]",0,Others,20-39
/scratch/project_462000771/mengting/projects/bias/kolors/prompt2/selected_faces/detected_angry/angry_person_0141_face0.png,White,White,Male,50-59,"[0.28617874 0.18241018 0.23763911 0.00479504 0.015596   0.13242549
 0.1409554 ]",[0.56752723 0.23950838 0.13382027 0.05914414],[0.9848964  0.01510358],"[1.19518496e-04 5.10898128e-04 1.68371596e-03 9.55477450e-03
 6.11425601e-02 2.00330555e-01 4.35516566e-01 2.01992169e-01
 8.91491994e-02]",0,White,40-59
/scratch/project_462000771/mengting/projects/bias/kolors/prompt2/selected_faces/detected_angry/angry_person_0142_face0.png,Latino_Hispanic,White,Female,30-39,"[2.7382690e-01 6.2173209e-03 6.0523218e-01 5.2570988e-04 1.8449180e-03
 2.8761439e-02 8.3591446e-02]",[0.7056416  0.06200749 0.0303047  0.2020462 ],[0.04270392 0.9572961 ],"[4.4467751e-07 1.7035059e-05 2.7563369e-03 9.5185906e-02 6.2786806e-01
 2.5771117e-01 1.5984163e-02 4.6588641e-04 1.0966852e-05]",0,Others,20-39
/scratch/project_462000771/mengting/projects/bias/kolors/prompt2/selected_faces/detected_angry/angry_person_0143_face0.png,Indian,White,Male,50-59,"[0.30876276 0.01668232 0.21929163 0.00227742 0.06277315 0.32887292
 0.06133983]",[0.5904013  0.03109352 0.33118415 0.04732111],[0.9978376  0.00216241],"[2.7900429e-05 2.2245200e-04 3.4082572e-03 4.3370533e-03 1.8684922e-02
 1.3425218e-01 5.2123988e-01 2.6190609e-01 5.5921271e-02]",0,Others,40-59
/scratch/project_462000771/mengting/projects/bias/kolors/prompt2/selected_faces/detected_angry/angry_person_0144_face0.png,White,White,Male,40-49,"[7.8250706e-01 5.4874815e-02 4.7289409e-02 2.0013619e-04 2.2302070e-03
 5.8539003e-02 5.4359429e-02]",[0.8882831  0.00361258 0.07533752 0.03276676],[9.9970186e-01 2.9814130e-04],"[5.3242616e-06 1.4960357e-04 2.6855380e-03 4.5174945e-02 2.5876039e-01
 4.8669508e-01 1.9062680e-01 1.4133854e-02 1.7684510e-03]",0,White,40-59
/scratch/project_462000771/mengting/projects/bias/kolors/prompt2/selected_faces/detected_angry/angry_person_0145_face0.png,White,White,Male,40-49,"[8.2517332e-01 5.7294492e-05 7.4300155e-02 1.1087012e-04 2.4986933e-03
 3.2449841e-02 6.5409891e-02]",[9.75394666e-01 1.02735125e-04 1.74130108e-02 7.08962511e-03],[0.9951126  0.00488743],"[6.4029638e-07 1.7545006e-05 8.0049084e-04 1.0578674e-02 2.0930676e-01
 6.5381110e-01 1.2417260e-01 1.2489877e-03 6.3228137e-05]",1,White,40-59
/scratch/project_462000771/mengting/projects/bias/kolors/prompt2/selected_faces/detected_angry/angry_person_0146_face0.png,White,White,Male,50-59,"[0.5191914  0.03667703 0.12409854 0.00387423 0.01956431 0.03312988
 0.26346463]",[0.8777253  0.0020069  0.11440089 0.0058669 ],[9.9922484e-01 7.7515549e-04],"[5.79867083e-05 1.10632915e-04 5.21033769e-04 1.73177698e-03
 1.15406578e-02 8.39847252e-02 4.57865387e-01 3.43641162e-01
 1.00546733e-01]",0,White,40-59
/scratch/project_462000771/mengting/projects/bias/kolors/prompt2/selected_faces/detected_angry/angry_person_0147_face0.png,Black,White,Male,50-59,"[0.13510294 0.54504544 0.20466468 0.00201047 0.01017287 0.04375133
 0.05925224]",[0.490115   0.14040576 0.21660553 0.15287377],[0.9976721  0.00232798],"[2.4888842e-04 6.7219173e-04 1.3465602e-03 4.7955653e-03 3.5107102e-02
 1.9357997e-01 6.1123753e-01 1.3470268e-01 1.8309467e-02]",1,Black,40-59
/scratch/project_462000771/mengting/projects/bias/kolors/prompt2/selected_faces/detected_angry/angry_person_0148_face0.png,Middle Eastern,White,Male,50-59,"[0.03637015 0.01344104 0.16325748 0.00057157 0.01032777 0.32521766
 0.45081428]",[0.44769764 0.03474978 0.3238096  0.19374296],[9.9994081e-01 5.9196936e-05],"[1.1863796e-04 4.0770543e-04 1.7012674e-03 8.5216563e-04 6.3369838e-03
 9.4948500e-02 5.7191604e-01 2.8308621e-01 4.0632449e-02]",0,Others,40-59
/scratch/project_462000771/mengting/projects/bias/kolors/prompt2/selected_faces/detected_angry/angry_person_0149_face0.png,Latino_Hispanic,Asian,Male,30-39,"[0.27533662 0.01044389 0.34120244 0.08241074 0.17171842 0.04277043
 0.07611759]",[0.3630963  0.01807054 0.4636718  0.15516138],[0.993993   0.00600706],"[9.55529003e-07 1.90758001e-05 3.50000383e-03 2.72927463e-01
 5.25739431e-01 1.82375744e-01 1.41035952e-02 1.22760411e-03
 1.06172716e-04]",0,Others,20-39
/scratch/project_462000771/mengting/projects/bias/kolors/prompt2/selected_faces/detected_angry/angry_person_0150_face0.png,Indian,White,Female,70+,"[2.4044827e-01 1.0082093e-03 1.9266886e-01 1.5138752e-04 5.8465758e-03
 3.9463070e-01 1.6524599e-01]",[0.80555356 0.00378577 0.02122807 0.1694326 ],[0.3401569 0.6598431],"[7.73466581e-06 9.40485916e-05 9.92938527e-04 1.99528388e-03
 5.93305891e-03 3.13585252e-02 1.05585165e-01 2.58408397e-01
 5.95624804e-01]",1,Others,60+
/scratch/project_462000771/mengting/projects/bias/kolors/prompt2/selected_faces/detected_angry/angry_person_0151_face0.png,White,White,Male,30-39,"[8.9387047e-01 6.7286207e-03 6.4326003e-02 3.9731164e-04 2.2997917e-03
 4.2940793e-03 2.8083617e-02]",[0.91821754 0.00448814 0.00276463 0.07452966],[0.9730316  0.02696842],"[1.5532401e-06 4.8066227e-05 2.2493564e-03 2.0534325e-01 5.9181541e-01
 1.8806599e-01 1.1676017e-02 6.8409910e-04 1.1618974e-04]",0,White,20-39
/scratch/project_462000771/mengting/projects/bias/kolors/prompt2/selected_faces/detected_angry/angry_person_0152_face0.png,White,White,Female,20-29,"[6.9262928e-01 8.2924236e-03 5.2422568e-02 3.7295220e-04 1.9084137e-03
 1.4110412e-01 1.0327022e-01]",[9.4479024e-01 1.1437532e-03 4.0475570e-04 5.3661294e-02],[0.10392397 0.89607596],"[3.8564983e-07 4.4217413e-05 6.8068593e-03 5.0504071e-01 3.6516419e-01
 1.0160805e-01 1.6722877e-02 3.2413695e-03 1.3714278e-03]",0,White,20-39
/scratch/project_462000771/mengting/projects/bias/kolors/prompt2/selected_faces/detected_angry/angry_person_0153_face0.png,Black,Black,Male,50-59,"[1.0385824e-02 6.8679816e-01 2.0414470e-02 1.2855862e-04 1.4450847e-03
 2.4113104e-01 3.9696779e-02]",[0.00353109 0.50440437 0.0086646  0.48340002],[0.9894071  0.01059291],"[1.0199042e-05 5.1027218e-05 2.0699576e-04 2.6488570e-03 2.4570800e-02
 1.3674341e-01 3.8201553e-01 3.2571864e-01 1.2803450e-01]",0,Black,40-59
/scratch/project_462000771/mengting/projects/bias/kolors/prompt2/selected_faces/detected_angry/angry_person_0154_face0.png,Indian,White,Male,50-59,"[3.8388643e-01 3.6488243e-03 8.4894128e-02 3.1464410e-04 8.3292956e-03
 4.9561262e-01 2.3314049e-02]",[0.68989193 0.05636298 0.07011109 0.18363394],[0.9369077  0.06309224],"[1.1796850e-05 1.1018462e-04 1.9170117e-03 1.0000678e-02 6.0698871e-02
 3.6836815e-01 4.3541351e-01 9.4513461e-02 2.8966324e-02]",0,Others,40-59
/scratch/project_462000771/mengting/projects/bias/kolors/prompt2/selected_faces/detected_angry/angry_person_0155_face0.png,White,White,Male,30-39,"[9.6466869e-01 4.1830976e-04 1.4959846e-02 2.5410810e-04 3.2147672e-04
 6.3762133e-04 1.8739872e-02]",[9.9867743e-01 5.9626636e-05 4.2271634e-04 8.4016286e-04],[0.99344265 0.0065573 ],"[9.3706285e-07 6.7755527e-06 3.5280542e-04 8.8245869e-02 5.7969958e-01
 3.1742084e-01 1.3931097e-02 3.2723037e-04 1.4934290e-05]",0,White,20-39
/scratch/project_462000771/mengting/projects/bias/kolors/prompt2/selected_faces/detected_angry/angry_person_0156_face0.png,Latino_Hispanic,Asian,Female,30-39,"[0.13427505 0.02228368 0.40371794 0.01324189 0.01324723 0.04192192
 0.37131232]",[0.26822707 0.1536474  0.3599382  0.21818732],[0.00485402 0.995146  ],"[6.4965236e-05 4.9037328e-03 2.1256436e-02 2.5073865e-01 4.8837921e-01
 1.7201066e-01 4.6695843e-02 1.2553484e-02 3.3970256e-03]",0,Others,20-39
/scratch/project_462000771/mengting/projects/bias/kolors/prompt2/selected_faces/detected_angry/angry_person_0157_face0.png,White,White,Male,50-59,"[0.78065866 0.00953983 0.10736179 0.00108187 0.01174693 0.02607674
 0.0635342 ]",[0.6170932  0.00187739 0.36966482 0.01136455],[0.9868818  0.01311815],"[1.7012613e-05 1.5401155e-04 1.7830980e-03 1.1277221e-02 8.4596947e-02
 3.5801217e-01 4.2433351e-01 9.2970036e-02 2.6855906e-02]",0,White,40-59
/scratch/project_462000771/mengting/projects/bias/kolors/prompt2/selected_faces/detected_angry/angry_person_0158_face0.png,Latino_Hispanic,Asian,Male,70+,"[0.11630823 0.03716915 0.29736778 0.00681804 0.25004718 0.27870834
 0.0135813 ]",[0.23655702 0.14974014 0.33463788 0.27906492],[0.8194168  0.18058316],"[2.0219586e-05 3.6619330e-04 1.8563143e-03 4.9512852e-03 2.3491027e-02
 1.2809503e-01 2.5052199e-01 2.7341688e-01 3.1728113e-01]",0,Others,60+
/scratch/project_462000771/mengting/projects/bias/kolors/prompt2/selected_faces/detected_angry/angry_person_0160_face0.png,Indian,Indian,Male,70+,"[2.7344923e-04 3.9657605e-01 1.6362095e-02 1.1161501e-03 5.6123227e-02
 5.2832550e-01 1.2235049e-03]",[0.00139842 0.10412037 0.39100003 0.50348115],[0.90764076 0.09235924],"[9.63723141e-06 1.12939015e-04 1.36365561e-04 2.17055742e-04
 8.01125134e-04 3.83134629e-03 1.97625253e-02 1.93511903e-01
 7.81617105e-01]",0,Others,60+
/scratch/project_462000771/mengting/projects/bias/kolors/prompt2/selected_faces/detected_angry/angry_person_0161_face0.png,White,White,Male,30-39,"[8.6002243e-01 6.9770720e-03 6.2394340e-02 2.5723578e-04 6.0276790e-03
 2.5761217e-02 3.8559992e-02]",[9.8047751e-01 1.1072961e-04 8.2904501e-03 1.1121270e-02],[9.9981779e-01 1.8226073e-04],"[2.5895602e-06 8.4981322e-04 1.0920143e-01 2.5417611e-01 3.3564669e-01
 2.6185676e-01 3.6489535e-02 1.6614354e-03 1.1564239e-04]",0,White,20-39
/scratch/project_462000771/mengting/projects/bias/kolors/prompt2/selected_faces/detected_angry/angry_person_0162_face0.png,Indian,Asian,Male,70+,"[0.12065046 0.00640456 0.27041775 0.01117625 0.11077044 0.30690992
 0.17367056]",[2.8313735e-01 3.6961699e-04 7.1184826e-01 4.6447860e-03],[0.5240386  0.47596145],"[8.6974178e-05 4.1147217e-04 9.4428594e-04 1.0680052e-03 4.2978707e-03
 1.8076967e-02 1.0412240e-01 3.0852598e-01 5.6246608e-01]",1,Others,60+
/scratch/project_462000771/mengting/projects/bias/kolors/prompt2/selected_faces/detected_angry/angry_person_0163_face0.png,White,White,Male,40-49,"[9.0121585e-01 3.8017898e-03 7.6557748e-02 2.4707129e-04 1.3502344e-03
 3.6474352e-03 1.3179899e-02]",[0.96799064 0.01605085 0.00528888 0.01066957],[0.98441553 0.01558441],"[8.5273609e-07 7.5244334e-06 6.0548750e-04 3.1744398e-02 3.3558086e-01
 5.1400435e-01 1.1502878e-01 2.9689784e-03 5.8804595e-05]",0,White,40-59
/scratch/project_462000771/mengting/projects/bias/kolors/prompt2/selected_faces/detected_angry/angry_person_0164_face0.png,White,White,Male,40-49,"[9.4770151e-01 5.7650437e-03 2.0216467e-02 3.1906427e-05 1.5931876e-04
 3.3826814e-03 2.2743030e-02]",[0.9402994  0.01194996 0.01878933 0.02896129],[0.92417747 0.07582252],"[2.0186833e-06 1.9654377e-05 2.8928951e-04 1.1939055e-02 2.3807260e-01
 6.2022460e-01 1.2618794e-01 3.1470824e-03 1.1778139e-04]",0,White,40-59
/scratch/project_462000771/mengting/projects/bias/kolors/prompt2/selected_faces/detected_angry/angry_person_0165_face0.png,Indian,Asian,Male,70+,"[0.02132126 0.14621654 0.12472475 0.00102465 0.04424907 0.6364599
 0.02600383]",[0.00297007 0.02575595 0.7724864  0.19878757],[0.9877209  0.01227911],"[8.1851809e-05 1.7449168e-03 5.8537577e-03 6.1001522e-03 2.4723142e-02
 9.7651169e-02 1.8319583e-01 3.3874354e-01 3.4190562e-01]",0,Others,60+
/scratch/project_462000771/mengting/projects/bias/kolors/prompt2/selected_faces/detected_angry/angry_person_0166_face0.png,Middle Eastern,White,Male,70+,"[0.06145948 0.03004878 0.04532693 0.00065155 0.00779232 0.2744656
 0.5802554 ]",[0.82784027 0.05063302 0.06596096 0.05556572],[0.98710525 0.01289476],"[1.3938003e-05 6.6027475e-05 2.0913854e-04 4.8878760e-04 1.2122277e-03
 7.2566494e-03 6.9938205e-02 2.6931363e-01 6.5150136e-01]",0,Others,60+
/scratch/project_462000771/mengting/projects/bias/kolors/prompt2/selected_faces/detected_angry/angry_person_0167_face0.png,Middle Eastern,Indian,Male,60-69,"[1.4216293e-02 7.3609399e-03 6.5117851e-02 4.1214767e-04 6.1252145e-03
 3.7019673e-01 5.3657085e-01]",[0.01045657 0.02851067 0.27450433 0.6865284 ],[0.9885189  0.01148108],"[1.0215259e-04 2.2540250e-04 3.7529413e-04 3.2800858e-04 8.4699522e-04
 7.5559430e-03 1.4945032e-01 4.8728746e-01 3.5382840e-01]",1,Others,60+
/scratch/project_462000771/mengting/projects/bias/kolors/prompt2/selected_faces/detected_angry/angry_person_0168_face0.png,Indian,Asian,Male,70+,"[0.01027434 0.00571375 0.17888537 0.00183468 0.04736619 0.64220273
 0.11372291]",[0.00290831 0.00706101 0.7271462  0.26288453],[0.9142511  0.08574885],"[6.9201495e-05 8.7749207e-04 1.7902072e-03 8.3095976e-04 1.2705191e-03
 4.3991194e-03 3.3964776e-02 2.2125755e-01 7.3554015e-01]",0,Others,60+
/scratch/project_462000771/mengting/projects/bias/kolors/prompt2/selected_faces/detected_angry/angry_person_0169_face0.png,White,White,Male,40-49,"[7.5451601e-01 9.5938168e-02 8.5686952e-02 6.9528195e-04 3.6282034e-03
 3.5624284e-02 2.3911143e-02]",[0.99407303 0.00290789 0.00168378 0.00133532],[9.993493e-01 6.506517e-04],"[4.9115270e-06 2.4314504e-05 2.4230365e-04 2.9725429e-02 3.5831738e-01
 4.8342854e-01 1.2295336e-01 4.7432715e-03 5.6057656e-04]",1,White,40-59
/scratch/project_462000771/mengting/projects/bias/kolors/prompt2/selected_faces/detected_angry/angry_person_0170_face0.png,Middle Eastern,White,Male,50-59,"[0.21048886 0.04226505 0.02592146 0.00161916 0.01218881 0.07923483
 0.62828183]",[0.91805893 0.01535349 0.02493447 0.04165311],[0.9949342  0.00506572],"[4.9718779e-05 1.4239881e-04 4.9179670e-04 1.4514986e-03 7.1552717e-03
 6.7499205e-02 4.1394711e-01 3.2808501e-01 1.8117803e-01]",0,White,40-59
/scratch/project_462000771/mengting/projects/bias/kolors/prompt2/selected_faces/detected_angry/angry_person_0171_face0.png,White,White,Female,30-39,"[9.4943184e-01 1.2080960e-04 1.9953132e-02 1.7870088e-05 7.4703836e-05
 1.8008801e-03 2.8600784e-02]",[9.9798560e-01 5.0957442e-05 3.6080345e-04 1.6026624e-03],[0.06561088 0.9343891 ],"[4.1447203e-07 2.3014170e-05 6.4718919e-03 3.3323810e-01 4.4419640e-01
 1.9405195e-01 2.0442013e-02 1.4309885e-03 1.4518351e-04]",0,White,20-39
/scratch/project_462000771/mengting/projects/bias/kolors/prompt2/selected_faces/detected_angry/angry_person_0172_face0.png,White,White,Male,30-39,"[0.4979062  0.02414458 0.39693663 0.00331508 0.01234052 0.05375203
 0.01160497]",[0.8377222  0.02125432 0.12183884 0.01918462],[9.9963808e-01 3.6192252e-04],"[8.52504229e-07 5.43097412e-05 8.22697766e-03 3.09191346e-01
 5.75430572e-01 1.04789644e-01 2.23706779e-03 6.58269419e-05
 3.43957890e-06]",0,White,20-39
/scratch/project_462000771/mengting/projects/bias/kolors/prompt2/selected_faces/detected_angry/angry_person_0173_face0.png,Latino_Hispanic,Asian,Male,40-49,"[0.05583811 0.22656079 0.3224637  0.00330821 0.12758401 0.25899556
 0.00524956]",[0.06322788 0.07538421 0.8277386  0.03364927],[9.999189e-01 8.109461e-05],"[7.8093408e-06 8.7013919e-05 1.4205773e-03 1.1435244e-02 9.5347017e-02
 4.4881934e-01 4.0865880e-01 3.1414550e-02 2.8095490e-03]",0,Others,40-59
/scratch/project_462000771/mengting/projects/bias/kolors/prompt2/selected_faces/detected_angry/angry_person_0174_face0.png,Middle Eastern,White,Male,50-59,"[3.8795343e-01 2.5333462e-03 1.2612303e-01 3.8649884e-04 2.9664270e-03
 5.3469278e-02 4.2656794e-01]",[0.9643279  0.00814538 0.00542028 0.02210638],[0.98012596 0.019874  ],"[1.1039547e-04 7.4907619e-04 4.2483574e-03 1.1116223e-02 4.4904143e-02
 2.1133849e-01 5.1243794e-01 1.6269967e-01 5.2395668e-02]",0,White,40-59
/scratch/project_462000771/mengting/projects/bias/kolors/prompt2/selected_faces/detected_angry/angry_person_0175_face0.png,White,White,Male,30-39,"[9.6190917e-01 3.9668314e-05 2.5448635e-02 1.7248103e-05 1.7047304e-04
 9.4726530e-04 1.1467619e-02]",[9.9029326e-01 2.9151092e-04 2.7811588e-03 6.6340626e-03],[9.996983e-01 3.017056e-04],"[4.0996349e-07 3.6498459e-05 1.3497145e-02 3.0874822e-01 5.2333194e-01
 1.5068068e-01 3.6540118e-03 4.9943585e-05 1.1602140e-06]",0,White,20-39
/scratch/project_462000771/mengting/projects/bias/kolors/prompt2/selected_faces/detected_angry/angry_person_0176_face0.png,Black,Indian,Male,50-59,"[0.03482226 0.6012075  0.13439536 0.00150693 0.02107053 0.17136584
 0.03563168]",[0.27872738 0.15552376 0.14600915 0.41973966],[9.9998999e-01 1.0023514e-05],"[3.2649289e-06 1.0843497e-05 7.7253535e-05 6.3845067e-04 2.5038077e-02
 4.1064611e-01 5.2953625e-01 3.2740563e-02 1.3091922e-03]",0,Black,40-59
/scratch/project_462000771/mengting/projects/bias/kolors/prompt2/selected_faces/detected_angry/angry_person_0177_face0.png,White,White,Male,20-29,"[9.4746572e-01 3.8151420e-04 2.3575641e-02 1.0108990e-03 1.4575694e-03
 6.5072393e-04 2.5457917e-02]",[9.6250439e-01 8.2462805e-04 3.2267388e-02 4.4035809e-03],[9.9917233e-01 8.2769711e-04],"[1.6352356e-08 2.9035264e-06 8.9874053e-03 7.6166123e-01 2.2326706e-01
 6.0371147e-03 4.3406650e-05 7.1565466e-07 2.1762808e-08]",0,White,20-39
/scratch/project_462000771/mengting/projects/bias/kolors/prompt2/selected_faces/detected_angry/angry_person_0178_face0.png,White,White,Female,40-49,"[0.9166034  0.00274255 0.04357467 0.00384713 0.01653844 0.00590628
 0.01078746]",[6.5822667e-01 5.5563677e-04 3.3971211e-01 1.5055875e-03],[0.3658959 0.6341041],"[4.81421557e-06 5.16923828e-05 6.89019857e-04 1.98143814e-02
 1.60973325e-01 4.69968319e-01 2.93566018e-01 4.35558856e-02
 1.13766035e-02]",0,White,40-59
/scratch/project_462000771/mengting/projects/bias/kolors/prompt2/selected_faces/detected_angry/angry_person_0179_face0.png,Indian,Asian,Male,50-59,"[0.07527281 0.01087632 0.11659401 0.00052338 0.02246739 0.49997726
 0.27428883]",[0.04536523 0.00465253 0.7996612  0.15032105],[9.9946219e-01 5.3781725e-04],"[1.0655738e-04 4.4945176e-04 2.8447115e-03 1.4761802e-03 5.0291521e-03
 5.4138269e-02 4.1990298e-01 3.9641449e-01 1.1963815e-01]",0,Others,40-59
/scratch/project_462000771/mengting/projects/bias/kolors/prompt2/selected_faces/detected_angry/angry_person_0180_face0.png,White,White,Male,40-49,"[0.8966223  0.00399815 0.05340183 0.00114997 0.00522933 0.01819752
 0.02140094]",[0.9741465  0.00260757 0.00383696 0.01940907],[0.9972284 0.0027716],"[1.56961880e-06 8.45164050e-06 2.13120584e-04 5.71166305e-03
 1.08238846e-01 5.31260431e-01 3.35284680e-01 1.77472811e-02
 1.53399643e-03]",0,White,40-59
/scratch/project_462000771/mengting/projects/bias/kolors/prompt2/selected_faces/detected_angry/angry_person_0181_face0.png,Black,Black,Male,30-39,"[0.03726068 0.6740581  0.10521002 0.0192005  0.04922879 0.10353585
 0.01150608]",[0.09814676 0.76943976 0.00600032 0.12641318],[0.6358973  0.36410266],"[0.00035526 0.02086119 0.04836639 0.25161108 0.3366113  0.23404197
 0.08294795 0.02144667 0.00375819]",0,Black,20-39
/scratch/project_462000771/mengting/projects/bias/kolors/prompt2/selected_faces/detected_angry/angry_person_0182_face0.png,White,White,Female,50-59,"[8.9976811e-01 1.1240971e-04 4.4086501e-02 1.1963816e-03 3.6583715e-03
 1.0792095e-02 4.0386107e-02]",[9.9832374e-01 1.8809384e-05 1.0270781e-03 6.3040771e-04],[0.01840414 0.9815959 ],"[8.0012629e-05 2.6742499e-03 9.5862001e-03 4.0669508e-02 9.8670527e-02
 2.6731929e-01 2.9817209e-01 1.8318872e-01 9.9639401e-02]",0,White,40-59
/scratch/project_462000771/mengting/projects/bias/kolors/prompt2/selected_faces/detected_angry/angry_person_0183_face0.png,Indian,Black,Male,70+,"[0.00425085 0.13390374 0.05106492 0.00366323 0.09812192 0.69408554
 0.01490984]",[0.0203845  0.4618389  0.13785249 0.37992415],[0.9987623  0.00123767],"[2.14332704e-05 1.06268715e-04 2.23133306e-04 3.48676578e-04
 8.33096972e-04 8.65095388e-03 9.31688845e-02 4.38757956e-01
 4.57889646e-01]",0,Others,60+
/scratch/project_462000771/mengting/projects/bias/kolors/prompt2/selected_faces/detected_angry/angry_person_0184_face0.png,Black,Asian,Female,60-69,"[0.21995972 0.45634058 0.2700523  0.00218742 0.0148917  0.01602928
 0.020539  ]",[0.06076236 0.21345292 0.70048004 0.02530472],[0.23334002 0.76666   ],"[6.20494211e-06 6.60517690e-05 4.03514452e-04 5.88116003e-03
 7.39480034e-02 1.81294605e-01 2.92054951e-01 3.26750189e-01
 1.19595304e-01]",1,Black,60+
/scratch/project_462000771/mengting/projects/bias/kolors/prompt2/selected_faces/detected_angry/angry_person_0185_face0.png,Middle Eastern,Asian,Male,70+,"[0.06880601 0.0028371  0.12079536 0.002427   0.0149888  0.09147516
 0.6986706 ]",[0.30951992 0.00137213 0.67098445 0.01812355],[0.84215134 0.15784869],"[9.6926902e-05 2.6493115e-04 6.6718087e-04 9.6218393e-04 3.8647985e-03
 1.6257895e-02 1.0626387e-01 2.9280457e-01 5.7881767e-01]",0,Others,60+
/scratch/project_462000771/mengting/projects/bias/kolors/prompt2/selected_faces/detected_angry/angry_person_0186_face0.png,White,White,Male,40-49,"[0.74818903 0.00425242 0.13135144 0.00100589 0.00598719 0.02080588
 0.08840813]",[0.9446176  0.00103708 0.05247477 0.0018705 ],[0.9942739  0.00572608],"[7.1752761e-06 4.6789410e-05 1.4176001e-03 1.7887466e-02 1.6950069e-01
 5.1446795e-01 2.7516517e-01 1.9529644e-02 1.9775224e-03]",0,White,40-59
/scratch/project_462000771/mengting/projects/bias/kolors/prompt2/selected_faces/detected_angry/angry_person_0187_face0.png,Indian,White,Male,70+,"[3.53804566e-02 1.43668605e-02 2.08387501e-03 4.15539944e-05
 1.82655687e-03 9.39281642e-01 7.01904856e-03]",[0.74621177 0.00399899 0.03306484 0.21672441],[0.94766814 0.05233187],"[2.89286436e-06 2.98803898e-05 1.48529463e-04 3.73461307e-03
 8.12894665e-03 3.68583575e-02 1.08696595e-01 2.99867600e-01
 5.42532623e-01]",0,Others,60+
/scratch/project_462000771/mengting/projects/bias/kolors/prompt2/selected_faces/detected_angry/angry_person_0188_face0.png,Black,Asian,Male,60-69,"[0.00888336 0.80213535 0.06314728 0.01029813 0.02467133 0.05216035
 0.03870423]",[0.0517616  0.18964754 0.5177164  0.2408744 ],[0.9869818  0.01301822],"[1.6577302e-04 4.5074330e-04 4.1970081e-04 2.7581565e-03 1.4975151e-02
 7.4784309e-02 2.5409666e-01 4.1256875e-01 2.3978072e-01]",0,Black,60+
/scratch/project_462000771/mengting/projects/bias/kolors/prompt2/selected_faces/detected_angry/angry_person_0189_face0.png,White,White,Male,50-59,"[6.45336807e-01 1.59320310e-02 1.19161114e-01 4.77177382e-04
 4.65856586e-03 7.92017728e-02 1.35232508e-01]",[0.9462255  0.00141271 0.04038364 0.01197816],[0.99495333 0.00504671],"[8.0461577e-05 2.0953304e-04 7.1461394e-04 1.9508895e-03 1.9410443e-02
 1.3165982e-01 5.6028205e-01 2.1888828e-01 6.6803962e-02]",0,White,40-59
/scratch/project_462000771/mengting/projects/bias/kolors/prompt2/selected_faces/detected_angry/angry_person_0190_face0.png,White,White,Male,40-49,"[9.52806473e-01 1.41211523e-04 5.35170920e-03 3.49748043e-05
 1.01676946e-04 1.05108472e-03 4.05128896e-02]",[9.9043906e-01 2.8693720e-04 6.1573600e-04 8.6581809e-03],[0.90074664 0.09925333],"[9.6463157e-07 5.7912407e-06 4.8688974e-04 2.4851428e-02 1.0745286e-01
 3.9240879e-01 3.5864338e-01 9.5344923e-02 2.0805044e-02]",0,White,40-59
/scratch/project_462000771/mengting/projects/bias/kolors/prompt2/selected_faces/detected_angry/angry_person_0191_face0.png,Indian,Indian,Male,50-59,"[6.6580407e-02 8.9009456e-02 7.6471843e-02 1.6732154e-04 5.1673129e-03
 7.5040442e-01 1.2199196e-02]",[0.02825497 0.10748791 0.33861074 0.5256464 ],[9.9948096e-01 5.1902753e-04],"[1.2607647e-05 5.6153251e-05 3.4813205e-04 2.5680102e-03 4.0058639e-02
 3.4419888e-01 5.4059744e-01 6.5200210e-02 6.9599445e-03]",0,Others,40-59
/scratch/project_462000771/mengting/projects/bias/kolors/prompt2/selected_faces/detected_angry/angry_person_0192_face0.png,Indian,White,Male,50-59,"[3.3938974e-01 6.7756020e-02 1.9762240e-01 2.4346629e-04 1.2766190e-02
 3.6945194e-01 1.2770302e-02]",[0.45022276 0.01760715 0.33580932 0.19636075],[9.99879539e-01 1.20415294e-04],"[1.6373371e-05 2.4878173e-04 2.2373754e-03 3.1205304e-03 4.6949212e-02
 4.0961424e-01 5.0811231e-01 2.8616242e-02 1.0849433e-03]",0,Others,40-59
/scratch/project_462000771/mengting/projects/bias/kolors/prompt2/selected_faces/detected_angry/angry_person_0193_face0.png,White,White,Female,40-49,"[8.6487257e-01 1.4437758e-03 2.0282742e-02 6.3864289e-05 2.5821899e-04
 1.5646331e-03 1.1151414e-01]",[0.7763912  0.1867935  0.01287581 0.02393942],[0.22698115 0.77301884],"[8.04863987e-07 1.78613645e-05 9.61029902e-04 6.77590370e-02
 3.82135212e-01 4.30263430e-01 1.13065675e-01 5.35392528e-03
 4.42989636e-04]",0,White,40-59
/scratch/project_462000771/mengting/projects/bias/kolors/prompt2/selected_faces/detected_angry/angry_person_0194_face0.png,White,White,Male,20-29,"[9.9275136e-01 7.3690753e-04 2.3786812e-03 3.2332703e-04 3.9553535e-04
 1.2551234e-04 3.2887112e-03]",[9.9335968e-01 2.7322414e-04 8.8961632e-04 5.4774522e-03],[0.9489343  0.05106571],"[8.87329975e-07 3.25243782e-05 3.31672188e-03 4.43798095e-01
 4.28382486e-01 1.13008834e-01 1.06384847e-02 7.42345059e-04
 7.96426466e-05]",0,White,20-39
/scratch/project_462000771/mengting/projects/bias/kolors/prompt2/selected_faces/detected_angry/angry_person_0195_face0.png,White,White,Male,40-49,"[8.9753020e-01 2.7988714e-04 1.4382943e-02 1.0089664e-04 4.7611716e-04
 1.6633788e-03 8.5566469e-02]",[9.9381065e-01 3.3443456e-04 1.2870422e-03 4.5678089e-03],[9.9995637e-01 4.3656892e-05],"[4.8205707e-06 6.5785855e-05 1.3310672e-03 3.1056121e-02 3.0670914e-01
 5.9020394e-01 6.9990396e-02 6.1932788e-04 1.9430550e-05]",1,White,40-59
/scratch/project_462000771/mengting/projects/bias/kolors/prompt2/selected_faces/detected_angry/angry_person_0196_face0.png,Indian,Indian,Male,30-39,"[0.04433272 0.1582296  0.27742717 0.02121495 0.1253855  0.32285038
 0.05055967]",[0.12440898 0.1560775  0.3101579  0.4093556 ],[0.99611497 0.00388496],"[3.1531592e-05 4.4258311e-04 4.4849943e-03 1.4583218e-01 4.5528042e-01
 3.3525342e-01 4.5039713e-02 1.0590904e-02 3.0443061e-03]",0,Others,20-39
/scratch/project_462000771/mengting/projects/bias/kolors/prompt2/selected_faces/detected_angry/angry_person_0197_face0.png,White,Asian,Male,70+,"[0.60902315 0.00459443 0.0638188  0.00754535 0.03125602 0.0098039
 0.2739583 ]",[0.48023602 0.0032429  0.5129391  0.00358207],[0.861825   0.13817503],"[5.3608266e-05 2.0925159e-04 5.3760194e-04 1.2101618e-03 6.3567776e-03
 4.2674862e-02 2.4663681e-01 3.2471552e-01 3.7760538e-01]",0,White,60+
/scratch/project_462000771/mengting/projects/bias/kolors/prompt2/selected_faces/detected_angry/angry_person_0198_face0.png,White,White,Male,40-49,"[9.5585155e-01 1.1364264e-04 6.1380886e-03 2.6208520e-05 1.9796148e-04
 4.3042016e-04 3.7242062e-02]",[9.9688792e-01 2.5879688e-05 2.9128233e-03 1.7347775e-04],[9.9915415e-01 8.4586046e-04],"[1.12865355e-05 9.64640276e-05 1.26320205e-03 4.28811740e-03
 6.56024665e-02 4.82672691e-01 4.29441005e-01 1.52575718e-02
 1.36711274e-03]",0,White,40-59
/scratch/project_462000771/mengting/projects/bias/kolors/prompt2/selected_faces/detected_angry/angry_person_0199_face0.png,White,White,Male,30-39,"[8.7822002e-01 3.0053775e-03 9.4451495e-02 3.4562568e-04 2.3962508e-03
 7.9409564e-03 1.3640322e-02]",[0.6436037  0.03116702 0.0465249  0.27870438],[0.9976522  0.00234777],"[1.0035839e-07 6.1693249e-06 5.1223491e-03 3.6134955e-01 5.0629306e-01
 1.2213788e-01 4.9791494e-03 1.0403764e-04 7.7311415e-06]",0,White,20-39
/scratch/project_462000771/mengting/projects/bias/kolors/prompt2/selected_faces/detected_angry/angry_person_0200_face0.png,White,White,Male,40-49,"[0.75524896 0.00408567 0.14696713 0.00092048 0.00765385 0.02893366
 0.0561903 ]",[0.95988977 0.00650747 0.0069986  0.02660412],[9.998730e-01 1.270077e-04],"[2.4117115e-05 1.3876279e-04 1.6680949e-03 6.9823540e-03 9.9771932e-02
 5.5118608e-01 3.3105859e-01 8.7954886e-03 3.7459753e-04]",0,White,40-59
/scratch/project_462000771/mengting/projects/bias/kolors/prompt2/selected_faces/detected_angry/angry_person_0201_face0.png,Indian,Asian,Male,60-69,"[0.01772372 0.26222104 0.1500896  0.00221425 0.03249731 0.49418852
 0.04106557]",[0.02904584 0.06939966 0.5831021  0.3184524 ],[0.99644595 0.00355408],"[6.3563552e-05 2.4951849e-04 1.3413285e-03 2.6305274e-03 6.7871311e-03
 2.4955124e-02 1.7394547e-01 4.1467059e-01 3.7535673e-01]",0,Others,60+
/scratch/project_462000771/mengting/projects/bias/kolors/prompt2/selected_faces/detected_angry/angry_person_0202_face0.png,Black,White,Male,40-49,"[1.7859291e-01 3.3267006e-01 1.8089457e-01 3.2093842e-04 4.7096657e-03
 1.2689914e-01 1.7591277e-01]",[0.94169116 0.01754546 0.01677402 0.02398939],[9.997598e-01 2.401968e-04],"[1.0245092e-05 4.4170378e-05 6.2308187e-04 4.8416941e-03 8.5190006e-02
 4.9233592e-01 3.7653667e-01 3.8051207e-02 2.3670613e-03]",0,Black,40-59
/scratch/project_462000771/mengting/projects/bias/kolors/prompt2/selected_faces/detected_angry/angry_person_0203_face0.png,Indian,Indian,Male,60-69,"[3.4602734e-03 5.5857439e-02 1.0275590e-02 1.2598223e-04 5.7123126e-03
 9.2218637e-01 2.3820288e-03]",[0.02732978 0.38897467 0.04422832 0.5394672 ],[0.998213   0.00178698],"[6.6281286e-06 1.3746702e-05 6.8217196e-05 4.3987730e-04 3.4499827e-03
 5.0298274e-02 3.9769518e-01 4.2595419e-01 1.2207385e-01]",0,Others,60+
/scratch/project_462000771/mengting/projects/bias/kolors/prompt2/selected_faces/detected_angry/angry_person_0204_face0.png,Southeast Asian,Asian,Male,40-49,"[0.27574742 0.07416147 0.20265158 0.02192265 0.317679   0.10296914
 0.00486871]",[0.10137817 0.04428005 0.6843551  0.16998664],[0.9932389 0.0067611],"[2.3108737e-07 3.5087744e-06 3.1721967e-04 2.5277546e-02 2.2316316e-01
 5.5739313e-01 1.7894197e-01 1.2845880e-02 2.0573533e-03]",0,Asian,40-59
/scratch/project_462000771/mengting/projects/bias/kolors/prompt2/selected_faces/detected_angry/angry_person_0205_face0.png,White,White,Male,50-59,"[0.4615112  0.01292758 0.07682372 0.00222185 0.01522823 0.07850052
 0.35278693]",[0.958353   0.00305921 0.01809936 0.02048845],[0.99864036 0.0013596 ],"[2.68192925e-05 5.79207481e-05 5.02592709e-04 3.35648726e-03
 1.51318070e-02 1.00112736e-01 4.12536591e-01 3.12702477e-01
 1.55572549e-01]",0,White,40-59
/scratch/project_462000771/mengting/projects/bias/kolors/prompt2/selected_faces/detected_angry/angry_person_0206_face0.png,Black,Black,Male,50-59,"[9.1215469e-02 5.4479492e-01 4.9874235e-02 1.8597316e-04 3.2767139e-03
 7.2038732e-02 2.3861386e-01]",[0.01445674 0.44112098 0.39617357 0.14824866],[0.9756736  0.02432632],"[8.0350310e-06 8.0274142e-05 3.8524554e-04 3.1167138e-03 3.1740177e-02
 2.1047039e-01 4.3066743e-01 2.4430448e-01 7.9227164e-02]",0,Black,40-59
/scratch/project_462000771/mengting/projects/bias/kolors/prompt2/selected_faces/detected_angry/angry_person_0207_face0.png,White,White,Male,50-59,"[0.616963   0.11135385 0.11075429 0.00165711 0.01709408 0.04523958
 0.09693811]",[0.85767674 0.00150612 0.137021   0.00379612],[9.991748e-01 8.252384e-04],"[1.9558005e-05 5.7542286e-05 4.2535170e-04 4.7117081e-03 4.9758393e-02
 2.9977372e-01 4.5739996e-01 1.5375112e-01 3.4102619e-02]",0,White,40-59
/scratch/project_462000771/mengting/projects/bias/kolors/prompt2/selected_faces/detected_angry/angry_person_0208_face0.png,Indian,Indian,Male,50-59,"[2.6197997e-01 3.4877785e-02 4.7296524e-02 3.1711062e-04 1.5889417e-02
 5.0737983e-01 1.3225946e-01]",[0.28552216 0.08223958 0.24478042 0.38745785],[9.9981380e-01 1.8620295e-04],"[2.3170512e-06 7.9887313e-06 1.6179704e-04 5.8991262e-03 4.2514283e-02
 2.2248335e-01 4.1719079e-01 1.9185232e-01 1.1988807e-01]",0,Others,40-59
/scratch/project_462000771/mengting/projects/bias/kolors/prompt2/selected_faces/detected_angry/angry_person_0209_face0.png,Middle Eastern,Asian,Male,50-59,"[0.10020913 0.10545722 0.16021502 0.00173417 0.02505462 0.15116483
 0.456165  ]",[0.23427664 0.02606624 0.6370872  0.10256988],[9.9998862e-01 1.1400433e-05],"[5.07572040e-05 9.32211187e-05 3.99687589e-04 7.63929042e-04
 8.44309106e-03 1.16286464e-01 6.43263936e-01 2.10127905e-01
 2.05709953e-02]",0,Others,40-59
/scratch/project_462000771/mengting/projects/bias/kolors/prompt2/selected_faces/detected_angry/angry_person_0210_face0.png,White,White,Male,40-49,"[5.65176845e-01 1.65847123e-01 1.04242675e-01 4.07607091e-04
 1.55984692e-03 4.51916642e-02 1.17574267e-01]",[0.9744807  0.00358086 0.00165771 0.02028072],[0.9799446  0.02005539],"[2.3685764e-06 1.3654988e-05 3.3059370e-04 4.1937511e-02 4.0373203e-01
 4.3956670e-01 1.0688154e-01 6.7861541e-03 7.4941141e-04]",1,White,40-59
/scratch/project_462000771/mengting/projects/bias/kolors/prompt2/selected_faces/detected_angry/angry_person_0211_face0.png,White,White,Male,30-39,"[3.9088213e-01 2.7107573e-03 1.7130058e-01 6.5897439e-05 1.5807450e-03
 1.2910002e-01 3.0435991e-01]",[0.9423157  0.00228622 0.00486964 0.05052842],[9.9999356e-01 6.4915484e-06],"[1.7268423e-05 1.2395422e-03 1.9011965e-02 1.8718106e-01 5.4399341e-01
 2.3858944e-01 9.7845383e-03 1.7879695e-04 3.9998995e-06]",0,White,20-39
/scratch/project_462000771/mengting/projects/bias/kolors/prompt2/selected_faces/detected_angry/angry_person_0212_face0.png,White,White,Male,40-49,"[8.0497909e-01 9.4081489e-03 3.9606098e-02 7.3441697e-05 3.8752251e-04
 7.3581995e-03 1.3818745e-01]",[0.9689132  0.00545889 0.00622594 0.01940197],[0.9536029 0.0463971],"[1.5708740e-06 1.1365068e-05 3.4208532e-04 1.8478636e-02 2.0193346e-01
 5.0312239e-01 2.4345957e-01 2.6697472e-02 5.9533785e-03]",0,White,40-59
/scratch/project_462000771/mengting/projects/bias/kolors/prompt2/selected_faces/detected_angry/angry_person_0213_face0.png,White,Black,Male,50-59,"[7.1559024e-01 1.6430776e-01 6.2562972e-02 4.0168510e-04 2.1485889e-03
 1.7936798e-02 3.7051849e-02]",[0.17836122 0.51506954 0.14681855 0.15975064],[9.9966145e-01 3.3859821e-04],"[2.6153930e-06 1.0855400e-05 1.4014124e-04 4.1603455e-03 6.9356479e-02
 3.7498361e-01 5.0473696e-01 4.2373586e-02 4.2354027e-03]",0,White,40-59
/scratch/project_462000771/mengting/projects/bias/kolors/prompt2/selected_faces/detected_angry/angry_person_0214_face0.png,Latino_Hispanic,Asian,Male,50-59,"[0.2307051  0.0488565  0.29645035 0.02229974 0.12670816 0.1500085
 0.1249716 ]",[0.07984673 0.00506052 0.8915903  0.02350247],[0.9702249  0.02977506],"[9.0147390e-05 5.8112654e-04 2.1398922e-03 5.2672005e-03 2.0546261e-02
 9.1522500e-02 4.0578875e-01 3.0445832e-01 1.6960581e-01]",0,Others,40-59
/scratch/project_462000771/mengting/projects/bias/kolors/prompt2/selected_faces/detected_angry/angry_person_0215_face0.png,Black,White,Male,50-59,"[0.26940885 0.6212857  0.05432133 0.00282852 0.01877179 0.02183286
 0.01155109]",[0.5432831  0.0926967  0.3481375  0.01588266],[0.9655817  0.03441831],"[7.4506615e-06 4.8564361e-05 2.5975759e-04 6.8620876e-03 6.6001810e-02
 2.4363419e-01 4.4056684e-01 1.7168921e-01 7.0930146e-02]",0,Black,40-59
/scratch/project_462000771/mengting/projects/bias/kolors/prompt2/selected_faces/detected_angry/angry_person_0216_face0.png,Indian,Indian,Male,50-59,"[0.01444839 0.16577002 0.06044014 0.00115824 0.05304618 0.6938381
 0.01129895]",[0.25075945 0.11608253 0.19452615 0.43863186],[9.9954873e-01 4.5123970e-04],"[2.8919292e-05 3.6161509e-04 1.1140368e-03 2.8426670e-03 2.0246282e-02
 2.0051545e-01 4.4321665e-01 2.5417995e-01 7.7494398e-02]",0,Others,40-59
/scratch/project_462000771/mengting/projects/bias/kolors/prompt2/selected_faces/detected_angry/angry_person_0217_face0.png,Middle Eastern,Indian,Male,70+,"[9.8862331e-03 2.3116462e-02 3.7734576e-02 1.9578189e-04 2.3125862e-03
 6.2772587e-02 8.6398178e-01]",[0.00286788 0.14328666 0.04824683 0.8055986 ],[0.99802244 0.00197755],"[2.5514732e-05 4.1298223e-05 1.1580888e-04 1.9264537e-04 9.4354607e-04
 8.0175800e-03 1.2663731e-01 3.7124908e-01 4.9277720e-01]",0,Others,60+
/scratch/project_462000771/mengting/projects/bias/kolors/prompt2/selected_faces/detected_angry/angry_person_0218_face0.png,White,Indian,Male,20-29,"[0.85449755 0.01189238 0.02668275 0.00150905 0.00606206 0.02132685
 0.07802936]",[0.348637   0.06451551 0.13955183 0.4472956 ],[0.9062922  0.09370781],"[1.1135066e-05 1.2148629e-03 2.3952931e-02 5.8529836e-01 3.2055259e-01
 6.3026719e-02 5.0480403e-03 6.6042051e-04 2.3501301e-04]",0,White,20-39
/scratch/project_462000771/mengting/projects/bias/kolors/prompt2/selected_faces/detected_angry/angry_person_0219_face0.png,White,White,Male,50-59,"[0.31348976 0.04982814 0.24740976 0.00163426 0.06793369 0.17344734
 0.1462571 ]",[0.8668293  0.01082844 0.1126247  0.00971756],[9.9932706e-01 6.7290117e-04],"[4.4871929e-05 7.6822631e-05 3.0603402e-04 4.3430398e-04 3.8258035e-03
 5.4328609e-02 4.8032200e-01 3.6799470e-01 9.2666820e-02]",1,White,40-59
/scratch/project_462000771/mengting/projects/bias/kolors/prompt2/selected_faces/detected_angry/angry_person_0220_face0.png,White,White,Male,40-49,"[9.4906557e-01 2.0397801e-03 1.1654307e-02 2.2272965e-05 4.2373280e-04
 1.5742812e-02 2.1051446e-02]",[0.98898876 0.00142505 0.00169013 0.00789607],[9.993324e-01 6.675939e-04],"[7.6729530e-06 3.4741822e-04 3.3734320e-03 6.9999635e-02 3.7073764e-01
 4.9083862e-01 6.2582046e-02 1.9082366e-03 2.0531824e-04]",0,White,40-59
/scratch/project_462000771/mengting/projects/bias/kolors/prompt2/selected_faces/detected_angry/angry_person_0221_face0.png,White,White,Male,50-59,"[9.0493363e-01 1.7068255e-03 5.2503247e-02 3.7856464e-04 4.2794193e-03
 1.8542267e-02 1.7656088e-02]",[9.9695927e-01 6.3606217e-06 2.0831507e-03 9.5133437e-04],[0.99488187 0.00511813],"[2.1231392e-05 1.1035705e-04 1.8467889e-03 1.3529848e-02 1.0639963e-01
 4.0692019e-01 4.2587262e-01 3.9699048e-02 5.6002331e-03]",0,White,40-59
/scratch/project_462000771/mengting/projects/bias/kolors/prompt2/selected_faces/detected_angry/angry_person_0223_face0.png,White,White,Male,40-49,"[9.8067868e-01 9.4937853e-04 1.1009557e-02 2.9777602e-05 4.3033913e-04
 1.9396095e-03 4.9625216e-03]",[9.9054378e-01 8.2603504e-04 7.0357295e-03 1.5944322e-03],[9.999182e-01 8.181979e-05],"[1.8279074e-07 2.3459620e-06 1.3872696e-04 2.9048746e-02 4.4920892e-01
 4.6730018e-01 5.3876959e-02 4.0695767e-04 1.6945256e-05]",0,White,40-59
/scratch/project_462000771/mengting/projects/bias/kolors/prompt2/selected_faces/detected_angry/angry_person_0224_face0.png,Indian,Indian,Male,50-59,"[7.4072336e-03 8.3678141e-02 7.6958552e-02 2.4708462e-04 8.4545976e-03
 7.5770527e-01 6.5549202e-02]",[0.00154185 0.09397258 0.01399857 0.890487  ],[0.98247075 0.01752922],"[1.6993693e-04 1.4369326e-03 3.9102430e-03 6.0258224e-03 4.3427877e-02
 2.3161124e-01 3.6553633e-01 2.3897517e-01 1.0890641e-01]",0,Others,40-59
/scratch/project_462000771/mengting/projects/bias/kolors/prompt2/selected_faces/detected_angry/angry_person_0225_face0.png,White,White,Male,50-59,"[3.2753667e-01 1.3484719e-01 1.4449418e-01 8.5899592e-05 1.9986923e-03
 2.3274894e-01 1.5828845e-01]",[0.8011481  0.03112662 0.02343025 0.144295  ],[9.9993145e-01 6.8577028e-05],"[8.3356776e-05 2.5905692e-04 1.0108117e-03 7.7424647e-04 6.4881523e-03
 9.2889860e-02 7.2013432e-01 1.6797198e-01 1.0388193e-02]",1,White,40-59
/scratch/project_462000771/mengting/projects/bias/kolors/prompt2/selected_faces/detected_angry/angry_person_0226_face0.png,White,White,Male,30-39,"[9.7070265e-01 3.7455985e-03 1.0133586e-02 4.4878187e-05 2.7439042e-04
 1.7058356e-03 1.3393135e-02]",[9.9983364e-01 8.6974787e-06 5.3913768e-06 1.5227287e-04],[0.8714587  0.12854129],"[5.0228192e-07 6.9898770e-06 7.0234278e-04 1.0936639e-01 4.7373456e-01
 3.6909127e-01 4.4589434e-02 2.2772166e-03 2.3135649e-04]",0,White,20-39
/scratch/project_462000771/mengting/projects/bias/kolors/prompt2/selected_faces/detected_angry/angry_person_0227_face0.png,Black,Asian,Male,40-49,"[0.23089711 0.31108126 0.28248167 0.04206817 0.06735415 0.02791375
 0.03820384]",[0.03985919 0.01374553 0.93806666 0.0083286 ],[0.9679761  0.03202398],"[5.9732970e-06 1.7589597e-05 3.0089944e-04 1.5817910e-02 1.8841718e-01
 5.0804502e-01 2.5449976e-01 2.9389827e-02 3.5058898e-03]",0,Black,40-59
/scratch/project_462000771/mengting/projects/bias/kolors/prompt2/selected_faces/detected_angry/angry_person_0229_face0.png,White,White,Male,30-39,"[9.5834035e-01 1.2021782e-04 2.1717275e-02 4.8407470e-04 2.6081712e-03
 1.9942238e-03 1.4735765e-02]",[9.9154723e-01 5.3406866e-06 7.6465663e-03 8.0086367e-04],[9.992908e-01 7.091688e-04],"[3.5407155e-07 4.6352867e-05 5.2927136e-03 3.3963624e-01 5.2276289e-01
 1.2845409e-01 3.7478053e-03 5.4913307e-05 4.6606342e-06]",0,White,20-39
/scratch/project_462000771/mengting/projects/bias/kolors/prompt2/selected_faces/detected_angry/angry_person_0230_face0.png,Middle Eastern,Indian,Male,50-59,"[0.04679998 0.07832249 0.0771912  0.00078624 0.00847737 0.24741688
 0.54100585]",[0.40292957 0.11370865 0.06050207 0.4228597 ],[0.9921297  0.00787039],"[4.2524232e-05 6.0090693e-05 1.2953571e-04 9.0768887e-04 1.4338279e-02
 1.5343681e-01 5.0225025e-01 2.4740888e-01 8.1425950e-02]",0,Others,40-59
/scratch/project_462000771/mengting/projects/bias/kolors/prompt2/selected_faces/detected_angry/angry_person_0231_face0.png,Indian,Asian,Male,50-59,"[0.07041392 0.00383294 0.14492029 0.00114524 0.03949395 0.6658021
 0.07439151]",[0.2317777  0.00327179 0.49260297 0.27234757],[9.991277e-01 8.723127e-04],"[9.4514500e-05 9.8423741e-04 4.3712440e-03 3.3242495e-03 1.1623833e-02
 1.1202155e-01 4.8409688e-01 2.9589435e-01 8.7589152e-02]",0,Others,40-59
/scratch/project_462000771/mengting/projects/bias/kolors/prompt2/selected_faces/detected_angry/angry_person_0232_face0.png,White,White,Male,40-49,"[6.2280190e-01 2.8527710e-01 6.3202463e-02 4.3073000e-04 1.4842578e-03
 1.2866532e-02 1.3936959e-02]",[0.6690161  0.18970132 0.03390469 0.10737788],[0.99672663 0.00327339],"[1.9564784e-06 1.7910977e-05 3.7944401e-04 5.1706031e-02 3.7466973e-01
 4.3296981e-01 1.2344646e-01 1.4926586e-02 1.8821470e-03]",0,White,40-59
/scratch/project_462000771/mengting/projects/bias/kolors/prompt2/selected_faces/detected_angry/angry_person_0233_face0.png,Latino_Hispanic,Asian,Female,30-39,"[0.25349104 0.01931406 0.3595155  0.00772873 0.01435164 0.07759157
 0.26800752]",[0.20064214 0.00912345 0.5474618  0.24277258],[0.10008419 0.8999158 ],"[0.000662   0.01300108 0.02337039 0.12917115 0.26271147 0.22283827
 0.12092413 0.10886347 0.1184581 ]",0,Others,20-39
/scratch/project_462000771/mengting/projects/bias/kolors/prompt2/selected_faces/detected_angry/angry_person_0234_face0.png,White,White,Male,40-49,"[0.5302027  0.03010748 0.33488873 0.0011941  0.01906093 0.06595128
 0.01859479]",[0.5168982  0.00938759 0.45709008 0.01662412],[0.9651728  0.03482712],"[3.6106790e-06 2.8314340e-05 6.2900654e-04 3.3054957e-03 8.4744595e-02
 5.4866707e-01 3.4735700e-01 1.4846177e-02 4.1876500e-04]",0,White,40-59
/scratch/project_462000771/mengting/projects/bias/kolors/prompt2/selected_faces/detected_angry/angry_person_0235_face0.png,Middle Eastern,Indian,Male,60-69,"[0.05511256 0.11928323 0.12266383 0.00275661 0.01368074 0.24103057
 0.44547248]",[0.06780516 0.09089075 0.18864797 0.65265614],[0.9932952  0.00670486],"[5.8031925e-05 9.1143527e-05 2.7221450e-04 9.8651287e-04 5.9834658e-03
 4.6699543e-02 3.2066998e-01 4.6788812e-01 1.5735100e-01]",0,Others,60+
/scratch/project_462000771/mengting/projects/bias/kolors/prompt2/selected_faces/detected_angry/angry_person_0236_face0.png,Indian,White,Male,60-69,"[0.09288684 0.19615223 0.19552396 0.00738613 0.14938235 0.33336577
 0.02530268]",[0.6293124  0.03887837 0.15633878 0.17547043],[0.9988494  0.00115065],"[3.0786573e-04 1.2225424e-03 2.9531929e-03 3.2684112e-03 9.4737215e-03
 4.7783177e-02 2.6988092e-01 5.1568455e-01 1.4942566e-01]",0,Others,60+
/scratch/project_462000771/mengting/projects/bias/kolors/prompt2/selected_faces/detected_angry/angry_person_0237_face0.png,Indian,White,Male,60-69,"[0.21103382 0.00502069 0.04466318 0.00051828 0.01317647 0.409925
 0.31566247]",[0.69263554 0.00480109 0.11372653 0.18883683],[0.99891204 0.00108798],"[7.1933180e-05 1.5677158e-04 1.0701574e-03 2.2199349e-03 4.0519042e-03
 2.6946329e-02 2.6020777e-01 4.4663256e-01 2.5864264e-01]",0,Others,60+
/scratch/project_462000771/mengting/projects/bias/kolors/prompt2/selected_faces/detected_angry/angry_person_0238_face0.png,Middle Eastern,White,Male,60-69,"[1.4683937e-01 1.8359374e-02 2.5856931e-02 7.4133521e-04 6.2259152e-03
 3.0154735e-02 7.7182239e-01]",[0.90377164 0.00750587 0.05934099 0.02938151],[9.990976e-01 9.024848e-04],"[1.1425789e-04 2.5871868e-04 5.4668984e-04 2.3708937e-03 1.3142570e-02
 7.6219492e-02 2.6495695e-01 3.4813464e-01 2.9425579e-01]",0,White,60+
/scratch/project_462000771/mengting/projects/bias/kolors/prompt2/selected_faces/detected_angry/angry_person_0239_face0.png,White,Asian,Male,30-39,"[0.45762393 0.05034606 0.32456383 0.03890521 0.09875314 0.00958286
 0.02022494]",[0.190165   0.08347265 0.72470576 0.00165662],[0.99084604 0.00915396],"[3.8144185e-07 1.6853752e-05 2.2296517e-03 2.4742079e-01 6.2537897e-01
 1.1963727e-01 4.8502106e-03 4.0338183e-04 6.2521831e-05]",0,White,20-39
/scratch/project_462000771/mengting/projects/bias/kolors/prompt2/selected_faces/detected_angry/angry_person_0240_face0.png,Indian,Asian,Male,60-69,"[0.11058111 0.19562787 0.11342268 0.00849403 0.11283991 0.3014
 0.15763439]",[0.27109605 0.05444524 0.6076132  0.06684554],[9.9960053e-01 3.9950426e-04],"[3.5334637e-05 1.5104972e-04 4.9714220e-04 1.3334183e-03 7.6221079e-03
 7.3822573e-02 3.5289034e-01 3.7452054e-01 1.8912742e-01]",0,Others,60+
/scratch/project_462000771/mengting/projects/bias/kolors/prompt2/selected_faces/detected_angry/angry_person_0241_face0.png,Middle Eastern,White,Female,20-29,"[2.3048480e-01 9.1474729e-05 9.5691562e-02 1.4931950e-04 5.7506491e-04
 2.2231637e-02 6.5077615e-01]",[9.6654874e-01 1.9708148e-04 1.0493626e-02 2.2760596e-02],[0.36446163 0.63553834],"[8.2224878e-06 1.7083712e-02 3.5222059e-01 5.5420613e-01 7.1953021e-02
 4.4535710e-03 7.0145019e-05 4.2885576e-06 3.6673600e-07]",1,White,20-39
/scratch/project_462000771/mengting/projects/bias/kolors/prompt2/selected_faces/detected_angry/angry_person_0242_face0.png,White,Asian,Male,30-39,"[0.7458236  0.00351836 0.09110122 0.00151447 0.02441953 0.11031912
 0.02330376]",[0.43664652 0.00235689 0.50150645 0.05949016],[9.9920213e-01 7.9792395e-04],"[1.0281657e-06 4.5841851e-05 1.7363975e-03 8.8817567e-02 4.3964794e-01
 4.2576599e-01 4.2618122e-02 1.2410647e-03 1.2604479e-04]",1,White,20-39
/scratch/project_462000771/mengting/projects/bias/kolors/prompt2/selected_faces/detected_angry/angry_person_0243_face0.png,Southeast Asian,Asian,Male,60-69,"[0.00686638 0.18594766 0.10358163 0.03121459 0.37250608 0.25621113
 0.04367247]",[0.00493686 0.02132511 0.95765793 0.01608007],[9.9987072e-01 1.2924123e-04],"[8.7714609e-05 3.0318982e-04 5.2191678e-04 7.1719906e-04 2.7422446e-03
 2.5921216e-02 1.6425784e-01 5.1515663e-01 2.9029202e-01]",0,Asian,60+
/scratch/project_462000771/mengting/projects/bias/kolors/prompt2/selected_faces/detected_angry/angry_person_0244_face0.png,Indian,Asian,Male,70+,"[0.02690275 0.03693295 0.10481182 0.00446721 0.09214889 0.71519667
 0.01953964]",[0.38326567 0.00080797 0.6106113  0.00531511],[0.98544276 0.01455726],"[1.4447368e-05 8.6654982e-05 2.3370834e-04 5.4533273e-04 1.5560372e-03
 1.1684488e-02 8.2410142e-02 3.4401694e-01 5.5945218e-01]",1,Others,60+
/scratch/project_462000771/mengting/projects/bias/kolors/prompt2/selected_faces/detected_angry/angry_person_0245_face0.png,Latino_Hispanic,White,Male,40-49,"[0.3373138  0.00653334 0.3700773  0.00072457 0.01717438 0.22421211
 0.0439645 ]",[0.8920094  0.00458194 0.03715487 0.06625379],[9.9967271e-01 3.2725363e-04],"[1.9204310e-06 2.4352441e-05 9.8838890e-04 1.9044340e-02 2.4460599e-01
 6.1074191e-01 1.2130650e-01 3.1099415e-03 1.7663551e-04]",0,Others,40-59
/scratch/project_462000771/mengting/projects/bias/kolors/prompt2/selected_faces/detected_angry/angry_person_0246_face0.png,Indian,White,Male,70+,"[0.02899697 0.01387192 0.0889727  0.01079252 0.09076838 0.5177838
 0.24881369]",[0.42171395 0.00704764 0.3326646  0.2385738 ],[0.98668694 0.01331308],"[1.8813178e-05 6.7534311e-05 1.7634455e-04 5.2929611e-04 1.1128967e-03
 7.0959609e-03 3.9054994e-02 2.7036819e-01 6.8157595e-01]",0,Others,60+
/scratch/project_462000771/mengting/projects/bias/kolors/prompt2/selected_faces/detected_angry/angry_person_0247_face0.png,Indian,Asian,Male,70+,"[0.1188706  0.0476653  0.21394645 0.00747124 0.17036033 0.35765487
 0.08403114]",[0.26769432 0.00215008 0.71468097 0.01547455],[0.9943522  0.00564776],"[2.8602366e-05 1.1079555e-04 4.0361626e-04 1.1500122e-03 7.0104138e-03
 4.2359732e-02 1.9729839e-01 3.1409392e-01 4.3754449e-01]",0,Others,60+
/scratch/project_462000771/mengting/projects/bias/kolors/prompt2/selected_faces/detected_angry/angry_person_0248_face0.png,Indian,Asian,Female,70+,"[0.00075371 0.0624898  0.03103423 0.00668457 0.14292581 0.75031567
 0.00579628]",[0.00222116 0.19590929 0.63946694 0.16240259],[0.22308472 0.77691525],"[1.5963165e-06 2.5997431e-05 4.0528041e-05 7.9204568e-05 3.0570634e-04
 1.3592109e-03 7.8766439e-03 1.1865701e-01 8.7165409e-01]",1,Others,60+
/scratch/project_462000771/mengting/projects/bias/kolors/prompt2/selected_faces/detected_angry/angry_person_0249_face0.png,White,White,Male,40-49,"[8.6233997e-01 2.5923621e-02 6.9893070e-02 5.4973678e-04 5.9934952e-03
 1.8737119e-02 1.6563045e-02]",[0.8375253  0.03495742 0.08969074 0.03782655],[0.87728655 0.12271341],"[2.9702530e-06 2.6702541e-05 4.7834794e-04 9.7892862e-03 1.1853584e-01
 4.0961358e-01 4.0390244e-01 4.9761638e-02 7.8891106e-03]",0,White,40-59
/scratch/project_462000771/mengting/projects/bias/kolors/prompt2/selected_faces/detected_angry/angry_person_0250_face0.png,Black,Black,Male,40-49,"[7.7864222e-02 8.9757448e-01 9.4627831e-03 7.9269608e-05 4.7215898e-04
 7.3441979e-03 7.2029638e-03]",[0.4704112  0.50089175 0.00435944 0.02433767],[0.9976008  0.00239924],"[1.2006193e-06 8.0929385e-06 8.6502689e-05 1.3915910e-02 1.8888491e-01
 4.5306236e-01 2.8948402e-01 4.4836160e-02 9.7207669e-03]",0,Black,40-59
/scratch/project_462000771/mengting/projects/bias/kolors/prompt2/selected_faces/detected_angry/angry_person_0251_face0.png,Indian,Asian,Male,70+,"[0.00079522 0.30804238 0.00760704 0.00329287 0.08760627 0.5909508
 0.00170535]",[3.9676836e-04 9.0212025e-02 6.8315369e-01 2.2623752e-01],[0.9616131  0.03838686],"[1.8967839e-06 2.1883097e-05 5.3775562e-05 2.1608267e-04 7.9719292e-04
 7.6481313e-03 3.7091266e-02 2.5641277e-01 6.9775701e-01]",0,Others,60+
/scratch/project_462000771/mengting/projects/bias/kolors/prompt2/selected_faces/detected_angry/angry_person_0252_face0.png,White,White,Male,60-69,"[0.7581192  0.01065949 0.01782043 0.00088873 0.00664417 0.01693934
 0.18892866]",[9.9597549e-01 7.4874784e-04 1.8126301e-03 1.4630631e-03],[0.99819314 0.00180685],"[1.0492498e-05 2.8495468e-05 2.0217717e-04 8.5134630e-04 2.7596687e-03
 2.1788320e-02 2.8740087e-01 4.1600567e-01 2.7095291e-01]",0,White,60+
/scratch/project_462000771/mengting/projects/bias/kolors/prompt2/selected_faces/detected_angry/angry_person_0253_face0.png,Black,Indian,Male,40-49,"[0.21453309 0.47508878 0.12830856 0.0144893  0.02030314 0.10784871
 0.03942838]",[0.39781106 0.11766531 0.05745274 0.42707092],[0.92153275 0.07846732],"[3.2694336e-06 2.0086203e-05 4.6605410e-04 5.6285147e-02 2.4496272e-01
 3.3765036e-01 2.4595438e-01 9.5093861e-02 1.9564081e-02]",0,Black,40-59
/scratch/project_462000771/mengting/projects/bias/kolors/prompt2/selected_faces/detected_angry/angry_person_0254_face0.png,White,White,Female,50-59,"[6.6930598e-01 9.0661412e-03 2.4183826e-01 8.7220942e-05 1.3682914e-03
 3.9372683e-02 3.8961396e-02]",[0.8824471  0.0180288  0.04777528 0.05174874],[0.03793898 0.96206105],"[1.1129590e-05 1.2709289e-04 6.3116441e-04 2.4495376e-03 3.8571127e-02
 3.5344693e-01 4.7069216e-01 1.1627339e-01 1.7797442e-02]",1,White,40-59
/scratch/project_462000771/mengting/projects/bias/kolors/prompt2/selected_faces/detected_angry/angry_person_0255_face0.png,Black,Indian,Male,50-59,"[0.00687847 0.6595595  0.0393841  0.0019567  0.03261077 0.25310132
 0.00650913]",[0.02907624 0.2561276  0.2054889  0.5093072 ],[0.9978596  0.00214041],"[1.1032305e-04 5.5013614e-04 1.2653584e-03 5.2804030e-03 2.9479548e-02
 1.7931002e-01 4.5246011e-01 2.3648852e-01 9.5055558e-02]",0,Black,40-59
/scratch/project_462000771/mengting/projects/bias/kolors/prompt2/selected_faces/detected_angry/angry_person_0256_face0.png,Middle Eastern,Asian,Male,50-59,"[0.17408562 0.141006   0.23851024 0.00362165 0.02701934 0.12840769
 0.28734943]",[0.08393978 0.03545123 0.8277522  0.05285684],[0.9985928  0.00140724],"[6.6887937e-05 2.7003078e-04 9.1457681e-04 9.8412428e-03 9.5726706e-02
 3.1745958e-01 4.1279894e-01 1.3165648e-01 3.1265546e-02]",0,Others,40-59
/scratch/project_462000771/mengting/projects/bias/kolors/prompt2/selected_faces/detected_angry/angry_person_0258_face0.png,White,White,Male,40-49,"[9.6221876e-01 3.3154161e-04 2.8738657e-02 2.3925958e-04 1.4099309e-03
 2.4421271e-03 4.6196422e-03]",[9.9176306e-01 1.8512373e-04 7.3606423e-03 6.9114467e-04],[9.9982733e-01 1.7270431e-04],"[3.6011406e-07 7.4126492e-06 3.5910140e-04 3.5934877e-02 4.5846742e-01
 4.7844970e-01 2.6631463e-02 1.4479599e-04 4.8479974e-06]",1,White,40-59
/scratch/project_462000771/mengting/projects/bias/kolors/prompt2/selected_faces/detected_angry/angry_person_0259_face0.png,Latino_Hispanic,Asian,Male,50-59,"[0.2627782  0.1760981  0.3356248  0.00523094 0.07186503 0.12720717
 0.02119577]",[0.28356162 0.24375015 0.36745247 0.10523576],[9.9982429e-01 1.7572237e-04],"[1.4137366e-05 8.6580432e-05 9.3437050e-04 4.2137415e-03 5.3663045e-02
 3.7868118e-01 5.0912517e-01 4.9792152e-02 3.4895677e-03]",0,Others,40-59
/scratch/project_462000771/mengting/projects/bias/kolors/prompt2/selected_faces/detected_angry/angry_person_0260_face0.png,White,White,Male,40-49,"[4.0323696e-01 1.8868348e-02 2.6833630e-01 1.3126274e-04 1.8377774e-03
 4.5851588e-02 2.6173779e-01]",[0.7726671  0.02766572 0.06532814 0.13433906],[9.9997818e-01 2.1799773e-05],"[1.5780966e-05 4.7012076e-05 2.5746651e-04 1.0836680e-03 5.3186949e-02
 5.4044437e-01 3.9682913e-01 7.9314522e-03 2.0422351e-04]",1,White,40-59
/scratch/project_462000771/mengting/projects/bias/kolors/prompt2/selected_faces/detected_angry/angry_person_0261_face0.png,Indian,Asian,Female,40-49,"[2.8896788e-02 3.3194013e-02 2.8665295e-01 2.5252212e-04 9.0920106e-03
 5.5397791e-01 8.7933816e-02]",[0.00289705 0.08066212 0.8448638  0.07157704],[0.48414546 0.51585454],"[4.2917318e-06 6.4071770e-05 3.4690241e-03 6.3684478e-02 3.2685652e-01
 3.5330179e-01 1.6417117e-01 6.2648699e-02 2.5799934e-02]",0,Others,40-59
/scratch/project_462000771/mengting/projects/bias/kolors/prompt2/selected_faces/detected_angry/angry_person_0262_face0.png,Middle Eastern,White,Male,50-59,"[2.0045219e-01 5.6239199e-03 1.8312600e-02 2.0910002e-04 9.9162350e-04
 4.1136727e-02 7.3327380e-01]",[0.98448914 0.0015873  0.00101935 0.01290424],[0.98849356 0.01150644],"[4.8095386e-05 1.4100879e-04 5.1860261e-04 4.4525699e-03 1.7625492e-02
 7.8633018e-02 4.7293937e-01 2.5212079e-01 1.7352104e-01]",0,White,40-59
/scratch/project_462000771/mengting/projects/bias/kolors/prompt2/selected_faces/detected_angry/angry_person_0263_face0.png,White,White,Male,40-49,"[4.7693506e-01 5.8119312e-02 9.2874266e-02 3.6785967e-04 2.3226445e-03
 3.3596266e-02 3.3578452e-01]",[0.8408555  0.02831024 0.02155239 0.10928186],[0.9928603  0.00713973],"[8.4524527e-06 3.3172208e-05 3.7854692e-04 1.0514290e-02 1.3840222e-01
 4.7959152e-01 3.2823497e-01 3.6965750e-02 5.8710710e-03]",0,White,40-59
/scratch/project_462000771/mengting/projects/bias/kolors/prompt2/selected_faces/detected_angry/angry_person_0264_face0.png,White,White,Male,40-49,"[0.6182547  0.1635248  0.08006512 0.00092972 0.01012727 0.06043287
 0.06666554]",[0.7324882  0.01241852 0.23340693 0.02168636],[0.9800658  0.01993413],"[1.3143908e-05 1.2817928e-04 1.0252851e-03 1.2775190e-02 1.0981928e-01
 4.1591650e-01 3.7506160e-01 6.8455867e-02 1.6804975e-02]",0,White,40-59
/scratch/project_462000771/mengting/projects/bias/kolors/prompt2/selected_faces/detected_angry/angry_person_0265_face0.png,White,White,Male,30-39,"[7.8159481e-01 6.9107702e-03 1.3402383e-01 3.2969186e-04 3.3582717e-03
 5.3690858e-02 2.0091766e-02]",[0.4008649  0.01566114 0.24359305 0.33988088],[0.9980665  0.00193351],"[9.1033804e-08 2.8276174e-06 7.5479009e-04 1.6156588e-01 6.5712619e-01
 1.7478980e-01 5.6582070e-03 9.5770345e-05 6.4228188e-06]",0,White,20-39
/scratch/project_462000771/mengting/projects/bias/kolors/prompt2/selected_faces/detected_angry/angry_person_0266_face0.png,White,Indian,Male,50-59,"[0.38688204 0.02001765 0.31723052 0.00475098 0.0452994  0.12430545
 0.10151398]",[0.34394395 0.0816587  0.20094354 0.37345374],[0.9754334  0.02456666],"[2.97077699e-04 2.24373769e-03 6.91634510e-03 6.84450893e-03
 4.69670296e-02 2.76216120e-01 5.42808950e-01 1.02426015e-01
 1.52801927e-02]",0,White,40-59
/scratch/project_462000771/mengting/projects/bias/kolors/prompt2/selected_faces/detected_angry/angry_person_0267_face0.png,Middle Eastern,Indian,Male,40-49,"[0.20844018 0.01311535 0.26723114 0.00042735 0.0092028  0.13461742
 0.36696574]",[0.37668893 0.00679877 0.19182093 0.42469144],[9.9996310e-01 3.6932037e-05],"[4.8743377e-06 2.6397533e-05 7.9065328e-04 1.8910049e-02 2.1781747e-01
 5.3959531e-01 2.1367815e-01 8.6160274e-03 5.6103285e-04]",0,Others,40-59
/scratch/project_462000771/mengting/projects/bias/kolors/prompt2/selected_faces/detected_angry/angry_person_0268_face0.png,Indian,Indian,Male,70+,"[1.9226512e-03 8.0182865e-02 2.6987927e-02 5.1401707e-04 2.8421978e-02
 8.3831024e-01 2.3660293e-02]",[0.01098384 0.19049425 0.05280951 0.74571246],[9.9934757e-01 6.5242068e-04],"[1.9784173e-05 1.1655208e-04 4.1641717e-04 4.7647025e-04 8.2952459e-04
 5.3192899e-03 5.1935740e-02 3.8044810e-01 5.6043810e-01]",0,Others,60+
/scratch/project_462000771/mengting/projects/bias/kolors/prompt2/selected_faces/detected_angry/angry_person_0269_face0.png,White,White,Male,20-29,"[9.7509885e-01 5.5371405e-04 1.1525535e-02 3.1007078e-04 2.9514098e-04
 4.3553719e-04 1.1781044e-02]",[9.9944699e-01 2.7853210e-05 1.8902592e-04 3.3613335e-04],[0.9794675  0.02053245],"[2.8381010e-07 1.1594297e-05 7.4903555e-03 6.3786298e-01 2.8945604e-01
 6.1230905e-02 3.7150877e-03 2.1184483e-04 2.0877847e-05]",0,White,20-39
/scratch/project_462000771/mengting/projects/bias/kolors/prompt2/selected_faces/detected_angry/angry_person_0270_face0.png,Latino_Hispanic,Asian,Male,50-59,"[0.21646358 0.01632784 0.38655326 0.00095442 0.00980305 0.27690747
 0.0929903 ]",[0.21294007 0.08378639 0.41474268 0.28853086],[0.949394   0.05060599],"[0.0008086  0.00385882 0.00647895 0.00903641 0.05745156 0.3156513
 0.47532374 0.10972396 0.02166669]",0,Others,40-59
/scratch/project_462000771/mengting/projects/bias/kolors/prompt2/selected_faces/detected_angry/angry_person_0271_face0.png,Latino_Hispanic,White,Female,70+,"[0.3266425  0.04113838 0.33220002 0.00355137 0.01217424 0.06712702
 0.2171665 ]",[0.6721734  0.03315954 0.18911283 0.10555425],[0.11390632 0.8860937 ],"[2.7867256e-05 2.9896948e-04 6.9845485e-04 2.2100708e-03 1.0403450e-02
 3.9642204e-02 1.1529542e-01 3.4477606e-01 4.8664752e-01]",0,Others,60+
/scratch/project_462000771/mengting/projects/bias/kolors/prompt2/selected_faces/detected_angry/angry_person_0272_face0.png,White,White,Male,30-39,"[5.8620274e-01 4.6600829e-04 1.8664503e-01 9.2777977e-05 1.0433270e-03
 5.9980042e-02 1.6557001e-01]",[9.9481505e-01 8.4062325e-05 1.0042561e-03 4.0966277e-03],[9.9994993e-01 5.0137482e-05],"[4.5770307e-06 1.5780376e-04 3.0844503e-03 7.9730324e-02 5.9955710e-01
 3.1126398e-01 6.1604138e-03 4.0396699e-05 9.3498176e-07]",1,White,20-39
/scratch/project_462000771/mengting/projects/bias/kolors/prompt2/selected_faces/detected_angry/angry_person_0273_face0.png,White,White,Male,40-49,"[7.8525114e-01 5.8300053e-03 5.8899496e-02 5.9593096e-04 3.5670423e-03
 9.8804027e-02 4.7052339e-02]",[0.46804407 0.02750968 0.25638518 0.24806109],[0.9842456  0.01575438],"[4.6846730e-05 1.5585302e-04 1.2962192e-03 2.7763491e-02 1.7191814e-01
 5.2471912e-01 2.2578865e-01 3.8789988e-02 9.5217880e-03]",1,White,40-59
/scratch/project_462000771/mengting/projects/bias/kolors/prompt2/selected_faces/detected_angry/angry_person_0274_face0.png,Latino_Hispanic,White,Male,50-59,"[0.06192452 0.00617072 0.48574567 0.00057505 0.01113107 0.18571563
 0.24873738]",[0.40629396 0.02232692 0.25229326 0.31908593],[9.9998945e-01 1.0579083e-05],"[2.7189129e-05 1.5024983e-04 2.7126926e-03 6.0948436e-03 7.1090497e-02
 4.2243192e-01 4.7746369e-01 1.9443648e-02 5.8528432e-04]",0,Others,40-59
/scratch/project_462000771/mengting/projects/bias/kolors/prompt2/selected_faces/detected_angry/angry_person_0275_face0.png,White,White,Male,30-39,"[4.4360149e-01 3.0597102e-02 2.8711206e-01 2.9710872e-04 2.7493222e-03
 2.7071834e-02 2.0857111e-01]",[0.9113291  0.02383366 0.04285693 0.02198032],[9.996844e-01 3.156228e-04],"[4.0639006e-07 4.4060098e-06 7.8542792e-04 8.2019001e-02 5.7195473e-01
 3.1517097e-01 2.9286763e-02 7.4383093e-04 3.4498466e-05]",0,White,20-39
/scratch/project_462000771/mengting/projects/bias/kolors/prompt2/selected_faces/detected_angry/angry_person_0277_face0.png,White,White,Male,20-29,"[6.4027923e-01 4.7827535e-04 5.9259664e-02 2.3053819e-05 1.1073527e-04
 7.0101796e-03 2.9283884e-01]",[9.6207613e-01 8.5271004e-04 2.2539031e-03 3.4817331e-02],[0.5896158 0.4103842],"[1.1679641e-07 2.6593530e-05 1.9181963e-02 6.1561114e-01 3.3488724e-01
 2.9107852e-02 1.1249628e-03 5.3192183e-05 6.8731792e-06]",0,White,20-39
/scratch/project_462000771/mengting/projects/bias/kolors/prompt2/selected_faces/detected_angry/angry_person_0278_face0.png,White,White,Female,70+,"[8.0342722e-01 8.0393744e-04 7.3798276e-02 2.7809385e-04 5.8241677e-03
 7.7143706e-02 3.8724620e-02]",[9.9407274e-01 5.1866657e-05 3.7784779e-03 2.0969068e-03],[0.06141403 0.93858594],"[5.8217420e-06 5.5176231e-05 1.8244833e-04 2.2080530e-04 1.1513564e-03
 1.1313467e-02 6.8472043e-02 2.3472674e-01 6.8387216e-01]",0,White,60+
/scratch/project_462000771/mengting/projects/bias/kolors/prompt2/selected_faces/detected_angry/angry_person_0279_face0.png,Middle Eastern,White,Male,50-59,"[2.9076278e-01 4.0633199e-03 9.0402812e-02 2.0858440e-04 1.8733017e-03
 5.2563678e-02 5.6012559e-01]",[0.83205503 0.00721105 0.08764689 0.07308702],[0.9732614 0.0267386],"[0.0006378  0.0024576  0.00704471 0.00881887 0.04159672 0.21654001
 0.52013946 0.1633241  0.03944077]",0,White,40-59
/scratch/project_462000771/mengting/projects/bias/kolors/prompt2/selected_faces/detected_angry/angry_person_0281_face0.png,White,White,Male,40-49,"[7.6341587e-01 1.3813990e-02 1.3917071e-01 4.4714898e-04 6.3021062e-03
 5.2167043e-02 2.4683138e-02]",[0.96909267 0.00978603 0.0120591  0.00906213],[9.9942875e-01 5.7126500e-04],"[1.14172781e-06 6.44871125e-06 1.76957416e-04 3.17345234e-03
 7.57653713e-02 5.32306075e-01 3.76792997e-01 1.10922335e-02
 6.85293053e-04]",0,White,40-59
/scratch/project_462000771/mengting/projects/bias/kolors/prompt2/selected_faces/detected_angry/angry_person_0282_face0.png,Black,Black,Male,30-39,"[0.0097624  0.7913389  0.02258901 0.03359536 0.09711263 0.04137015
 0.00423151]",[0.08651605 0.36456853 0.20769206 0.34122333],[0.95904213 0.0409579 ],"[1.49122825e-05 7.38708768e-04 7.55961053e-03 1.78536907e-01
 3.58137101e-01 2.82713383e-01 9.83046666e-02 5.14928438e-02
 2.25018822e-02]",0,Black,20-39
/scratch/project_462000771/mengting/projects/bias/kolors/prompt2/selected_faces/detected_angry/angry_person_0283_face0.png,Middle Eastern,White,Male,40-49,"[0.16664872 0.00392564 0.12905386 0.00060586 0.00992103 0.28867364
 0.4011712 ]",[0.4817308  0.0362188  0.05010029 0.4319501 ],[0.95292634 0.04707364],"[5.28006512e-06 2.15820946e-05 4.13542439e-04 9.10081249e-03
 1.06965706e-01 5.50178945e-01 2.89915174e-01 3.67029421e-02
 6.69603469e-03]",0,Others,40-59
/scratch/project_462000771/mengting/projects/bias/kolors/prompt2/selected_faces/detected_angry/angry_person_0284_face0.png,White,White,Female,30-39,"[0.6866833  0.00170304 0.14054005 0.00074795 0.00313521 0.00764037
 0.15955003]",[0.91018456 0.0064165  0.00943651 0.07396241],[0.19673075 0.8032692 ],"[5.8547062e-07 2.2951795e-05 3.5588299e-03 2.3109885e-01 5.3997552e-01
 2.1418767e-01 1.0631729e-02 4.8154773e-04 4.2321917e-05]",0,White,20-39
/scratch/project_462000771/mengting/projects/bias/kolors/prompt2/selected_faces/detected_angry/angry_person_0285_face0.png,Indian,Indian,Male,40-49,"[1.7560435e-05 3.4605950e-01 1.7010912e-03 1.4877318e-04 2.5480391e-02
 6.2656879e-01 2.3872806e-05]",[1.9278219e-05 1.8973044e-01 3.7219974e-01 4.3805054e-01],[0.9986898  0.00131018],"[1.3643921e-05 4.6039475e-04 4.6822741e-03 2.4921237e-02 9.0370223e-02
 2.8088585e-01 2.5054964e-01 2.4219051e-01 1.0592621e-01]",0,Others,40-59
/scratch/project_462000771/mengting/projects/bias/kolors/prompt2/selected_faces/detected_angry/angry_person_0286_face0.png,White,White,Male,40-49,"[0.67418814 0.00387973 0.17272384 0.00135412 0.01068707 0.04859734
 0.08856975]",[0.9399104  0.0010453  0.01715756 0.04188674],[0.9889627  0.01103725],"[7.7229459e-05 1.1128549e-03 5.2175503e-03 1.5141997e-02 1.2168436e-01
 4.4128036e-01 3.4511977e-01 5.6414701e-02 1.3951282e-02]",0,White,40-59
/scratch/project_462000771/mengting/projects/bias/kolors/prompt2/selected_faces/detected_angry/angry_person_0287_face0.png,Black,Asian,Male,40-49,"[0.00259269 0.5878513  0.0162129  0.00803638 0.09875471 0.28449386
 0.0020582 ]",[0.00507186 0.02786322 0.79132855 0.17573641],[0.9968531  0.00314688],"[5.9373660e-06 1.5453254e-04 2.1912027e-03 6.8642631e-02 2.9764622e-01
 4.0542322e-01 1.6390745e-01 5.0984506e-02 1.1044196e-02]",0,Black,40-59
/scratch/project_462000771/mengting/projects/bias/kolors/prompt2/selected_faces/detected_angry/angry_person_0288_face0.png,Black,White,Male,40-49,"[0.03856378 0.9112826  0.02391527 0.0013226  0.00305666 0.01808831
 0.00377085]",[0.5979552  0.10885693 0.01475342 0.2784344 ],[0.93023264 0.06976738],"[1.5954174e-05 1.2157540e-04 9.7947486e-04 2.3481367e-02 1.4306331e-01
 3.9974371e-01 3.4889010e-01 7.2809912e-02 1.0894613e-02]",0,Black,40-59
/scratch/project_462000771/mengting/projects/bias/kolors/prompt2/selected_faces/detected_angry/angry_person_0289_face0.png,White,White,Male,50-59,"[0.62315655 0.00236769 0.0548411  0.00075908 0.00894714 0.06588436
 0.24404404]",[0.8842851  0.00804089 0.08620517 0.02146888],[0.9819749  0.01802516],"[5.2838445e-06 2.7108450e-05 4.9188442e-04 6.5097609e-03 4.8701778e-02
 2.2008194e-01 5.0925899e-01 1.3285744e-01 8.2065701e-02]",0,White,40-59
/scratch/project_462000771/mengting/projects/bias/kolors/prompt2/selected_faces/detected_angry/angry_person_0290_face0.png,Indian,Asian,Male,70+,"[0.03227575 0.01898698 0.13065423 0.02026472 0.19921914 0.52661645
 0.0719827 ]",[0.21712089 0.01932729 0.63480574 0.12874609],[0.8404986  0.15950137],"[8.3992027e-06 6.6669221e-05 1.7469999e-04 3.6123378e-04 3.9522079e-04
 1.3132439e-03 9.6463505e-03 1.3111316e-01 8.5692102e-01]",0,Others,60+
/scratch/project_462000771/mengting/projects/bias/kolors/prompt2/selected_faces/detected_angry/angry_person_0291_face0.png,White,White,Male,50-59,"[0.6448215  0.04985279 0.05833698 0.0012529  0.03935869 0.19201896
 0.01435812]",[0.67563224 0.04680419 0.07576875 0.20179488],[0.9968726  0.00312743],"[4.5780525e-06 2.9259618e-05 4.7453344e-04 9.5473770e-03 5.5488732e-02
 2.6705244e-01 5.0282311e-01 1.2544681e-01 3.9133180e-02]",0,White,40-59
/scratch/project_462000771/mengting/projects/bias/kolors/prompt2/selected_faces/detected_angry/angry_person_0293_face0.png,White,White,Male,40-49,"[7.5796705e-01 1.5902674e-03 1.3670923e-01 2.0746446e-04 4.1669896e-03
 4.7203019e-02 5.2155931e-02]",[0.87051004 0.00551548 0.05648499 0.06748946],[0.9940803 0.0059197],"[9.3366825e-06 9.0243571e-05 9.5265231e-04 4.8121205e-03 8.1788510e-02
 5.0645161e-01 3.9713630e-01 8.2596121e-03 4.9962604e-04]",0,White,40-59
/scratch/project_462000771/mengting/projects/bias/kolors/prompt2/selected_faces/detected_angry/angry_person_0294_face0.png,Indian,Indian,Male,60-69,"[4.0065572e-02 7.8625724e-02 3.8890477e-02 1.9022985e-04 3.7122644e-03
 4.4164774e-01 3.9686805e-01]",[0.12794697 0.08447987 0.05470395 0.73286915],[9.9982548e-01 1.7450722e-04],"[2.7189302e-05 1.2618634e-04 6.0581317e-04 5.6914869e-04 1.3212796e-03
 1.2900811e-02 1.9158691e-01 5.5951291e-01 2.3334979e-01]",0,Others,60+
/scratch/project_462000771/mengting/projects/bias/kolors/prompt2/selected_faces/detected_angry/angry_person_0295_face0.png,White,White,Female,30-39,"[6.8070769e-01 1.3100473e-02 1.0410502e-01 4.4601926e-05 1.5209126e-04
 1.0533826e-02 1.9135633e-01]",[0.93862337 0.04481444 0.0065874  0.00997477],[0.01916748 0.9808325 ],"[2.4473181e-07 7.4944378e-06 6.6074618e-04 7.6337829e-02 5.8219445e-01
 3.0495700e-01 3.3935741e-02 1.8171628e-03 8.9337613e-05]",0,White,20-39
/scratch/project_462000771/mengting/projects/bias/kolors/prompt2/selected_faces/detected_angry/angry_person_0296_face0.png,Latino_Hispanic,Asian,Male,50-59,"[0.24119875 0.02014206 0.28813127 0.00373948 0.04416937 0.11807542
 0.28454366]",[1.1190425e-01 7.6951622e-04 8.7575603e-01 1.1570189e-02],[0.82036006 0.1796399 ],"[5.5855497e-05 3.6173395e-04 2.9269648e-03 1.8675772e-02 9.8561130e-02
 2.3913626e-01 3.2013968e-01 1.8128246e-01 1.3886006e-01]",0,Others,40-59
/scratch/project_462000771/mengting/projects/bias/kolors/prompt2/selected_faces/detected_angry/angry_person_0297_face0.png,White,Asian,Male,40-49,"[0.4218946  0.1522306  0.18969871 0.02195655 0.08227922 0.068707
 0.06323335]",[0.08603159 0.00758117 0.89302254 0.01336473],[0.9453946  0.05460542],"[2.4133362e-05 2.1208294e-04 2.1559945e-03 5.7577878e-02 2.0285060e-01
 3.8932917e-01 2.3283543e-01 7.9575136e-02 3.5439648e-02]",0,White,40-59
/scratch/project_462000771/mengting/projects/bias/kolors/prompt2/selected_faces/detected_angry/angry_person_0298_face0.png,White,White,Male,30-39,"[8.9431763e-01 1.6337923e-04 6.0063414e-02 1.4970781e-03 8.0869207e-03
 5.6475610e-03 3.0223902e-02]",[0.8534309  0.00091916 0.13987488 0.00577499],[0.9978844  0.00211559],"[8.5450061e-08 1.2421243e-06 4.3884211e-04 8.8631302e-02 5.7315528e-01
 3.2410371e-01 1.3333447e-02 3.2121912e-04 1.4907475e-05]",1,White,20-39
/scratch/project_462000771/mengting/projects/bias/kolors/prompt2/selected_faces/detected_angry/angry_person_0299_face0.png,White,White,Male,30-39,"[6.9848394e-01 3.6999159e-03 3.8418572e-02 6.2644562e-05 5.6651467e-04
 3.8897034e-03 2.5487873e-01]",[9.8977929e-01 5.2671013e-03 7.8873220e-04 4.1648229e-03],[9.9907774e-01 9.2218781e-04],"[2.7702058e-07 1.4135318e-05 3.9092908e-03 2.4810466e-01 6.1492193e-01
 1.2891161e-01 4.0280628e-03 1.0276629e-04 7.2563776e-06]",0,White,20-39
/scratch/project_462000771/mengting/projects/bias/kolors/prompt2/selected_faces/detected_angry/angry_person_0300_face0.png,Black,Asian,Male,70+,"[0.00620626 0.57473856 0.01478349 0.00090298 0.01884619 0.33554474
 0.04897777]",[0.01302504 0.17989445 0.48646715 0.32061335],[9.9982452e-01 1.7549234e-04],"[8.6597065e-06 3.2549538e-05 8.6712724e-05 8.4805244e-04 2.6371160e-03
 1.6281532e-02 8.5711420e-02 4.2440212e-01 4.6999183e-01]",0,Black,60+
/scratch/project_462000771/mengting/projects/bias/kolors/prompt2/selected_faces/detected_angry/angry_person_0301_face0.png,White,White,Male,40-49,"[8.8976133e-01 3.1258838e-04 8.0315173e-02 6.2007550e-04 6.7930901e-03
 1.1731317e-02 1.0466436e-02]",[9.3221551e-01 4.4002337e-04 5.7841487e-02 9.5029538e-03],[0.99858844 0.00141157],"[3.94390827e-06 4.86470854e-05 1.07379735e-03 8.11840314e-03
 1.19652316e-01 5.40374041e-01 3.20093900e-01 9.97435488e-03
 6.60613645e-04]",0,White,40-59
/scratch/project_462000771/mengting/projects/bias/kolors/prompt2/selected_faces/detected_angry/angry_person_0302_face0.png,White,White,Male,40-49,"[0.61652523 0.01273805 0.26734036 0.00356675 0.05330249 0.03690845
 0.00961858]",[0.4604838  0.01234859 0.374552   0.15261567],[0.9668217  0.03317834],"[1.30508161e-05 2.20759932e-04 1.05092833e-02 1.11445725e-01
 3.13767791e-01 3.77404630e-01 1.42942622e-01 3.71408500e-02
 6.55529927e-03]",0,White,40-59
/scratch/project_462000771/mengting/projects/bias/kolors/prompt2/selected_faces/detected_angry/angry_person_0303_face0.png,Indian,White,Male,50-59,"[8.8022109e-03 3.5011610e-01 3.5931736e-02 4.3769737e-04 2.6847623e-02
 5.7366532e-01 4.1993265e-03]",[0.49562684 0.03038262 0.12979889 0.34419164],[9.9984455e-01 1.5539152e-04],"[4.4283479e-05 3.3079166e-04 1.1695260e-03 3.7217767e-03 3.4376543e-02
 3.0481318e-01 4.6992365e-01 1.5995449e-01 2.5665825e-02]",0,Others,40-59
/scratch/project_462000771/mengting/projects/bias/kolors/prompt2/selected_faces/detected_angry/angry_person_0304_face0.png,White,White,Male,70+,"[0.73926663 0.00456302 0.05420929 0.01083631 0.02234542 0.00964279
 0.15913649]",[9.98095036e-01 1.64918347e-05 1.78078120e-03 1.07761865e-04],[0.96763486 0.03236517],"[2.2711127e-05 1.2892597e-04 1.3001177e-03 1.4468275e-01 1.7869398e-01
 1.7365597e-01 1.2787941e-01 1.4578865e-01 2.2784747e-01]",0,White,60+
/scratch/project_462000771/mengting/projects/bias/kolors/prompt2/selected_faces/detected_angry/angry_person_0305_face0.png,White,White,Female,40-49,"[9.8879814e-01 2.1172105e-03 2.9358375e-03 7.1379087e-05 3.2877713e-04
 6.0237851e-04 5.1462706e-03]",[9.9741232e-01 3.3786626e-05 2.4064670e-03 1.4744503e-04],[0.24526063 0.7547394 ],"[2.9921748e-06 3.1537787e-05 1.8306058e-04 1.0771170e-02 1.7251739e-01
 5.4470617e-01 2.4585281e-01 2.0795291e-02 5.1395996e-03]",0,White,40-59
/scratch/project_462000771/mengting/projects/bias/kolors/prompt2/selected_faces/detected_angry/angry_person_0306_face0.png,Black,Asian,Male,20-29,"[0.0013245  0.88038886 0.01269501 0.02110839 0.06981988 0.01377037
 0.00089299]",[0.00522203 0.424038   0.5590564  0.0116835 ],[0.9950351 0.0049649],"[3.3370707e-06 7.6286757e-04 4.6792228e-02 6.6153479e-01 2.4056208e-01
 4.2821694e-02 4.7631827e-03 2.0405895e-03 7.1921770e-04]",0,Black,20-39
/scratch/project_462000771/mengting/projects/bias/kolors/prompt2/selected_faces/detected_angry/angry_person_0307_face0.png,Latino_Hispanic,Asian,Male,40-49,"[0.03113769 0.04429918 0.4146604  0.04888988 0.3286475  0.12353561
 0.00882982]",[0.02248296 0.05978375 0.8635499  0.05418339],[0.9941645  0.00583548],"[1.08296608e-05 1.01979116e-04 2.77201296e-03 8.91531408e-02
 3.88484895e-01 4.02547717e-01 8.71489272e-02 2.42032744e-02
 5.57723595e-03]",0,Others,40-59
/scratch/project_462000771/mengting/projects/bias/kolors/prompt2/selected_faces/detected_angry/angry_person_0308_face0.png,White,White,Male,20-29,"[6.4199287e-01 2.2944791e-04 2.4864493e-01 1.7030481e-05 1.3674278e-04
 9.8111928e-03 9.9167757e-02]",[9.1240102e-01 3.9878293e-04 3.8486524e-03 8.3351500e-02],[0.50253534 0.49746466],"[6.1306672e-08 3.4104691e-05 3.4999453e-02 6.2813079e-01 3.1825104e-01
 1.8445887e-02 1.3606211e-04 2.4760077e-06 6.6686525e-08]",0,White,20-39
/scratch/project_462000771/mengting/projects/bias/kolors/prompt2/selected_faces/detected_angry/angry_person_0309_face0.png,White,White,Male,40-49,"[0.72003406 0.0208112  0.10252444 0.00361549 0.01251624 0.04386637
 0.09663215]",[0.81530064 0.00852061 0.10459295 0.07158586],[0.94330937 0.05669066],"[6.8277077e-05 2.4827389e-04 1.1869894e-03 3.1817839e-02 1.4441706e-01
 3.6591920e-01 3.2559100e-01 9.3371987e-02 3.7379280e-02]",0,White,40-59
/scratch/project_462000771/mengting/projects/bias/kolors/prompt2/selected_faces/detected_angry/angry_person_0310_face0.png,Latino_Hispanic,Indian,Female,30-39,"[2.4692464e-01 8.6029433e-03 5.0798589e-01 1.2948242e-05 1.2646585e-04
 1.9560562e-01 4.0741540e-02]",[0.1365953  0.02222876 0.0013304  0.8398455 ],[2.7749667e-04 9.9972254e-01],"[8.38273380e-08 3.90565310e-06 1.25985104e-03 1.12799875e-01
 5.64015806e-01 2.97502995e-01 2.34426595e-02 9.43924126e-04
 3.08984527e-05]",0,Others,20-39
/scratch/project_462000771/mengting/projects/bias/kolors/prompt2/selected_faces/detected_angry/angry_person_0311_face0.png,Black,White,Male,60-69,"[0.19297981 0.35988447 0.1684963  0.01368473 0.04332216 0.05438518
 0.16724733]",[0.5374748  0.3095848  0.08027707 0.07266336],[0.97264653 0.02735345],"[1.4228773e-05 2.7962540e-05 7.5766737e-05 2.2017295e-03 1.4201978e-02
 5.9214558e-02 2.0451500e-01 3.7967142e-01 3.4007740e-01]",0,Black,60+
/scratch/project_462000771/mengting/projects/bias/kolors/prompt2/selected_faces/detected_angry/angry_person_0312_face0.png,White,White,Male,30-39,"[9.6940976e-01 2.9429499e-04 1.5924567e-02 4.5803314e-05 3.5327100e-04
 1.9692397e-03 1.2002990e-02]",[0.9908118  0.0014802  0.00489584 0.00281209],[0.98964196 0.01035806],"[4.7614284e-07 7.0274618e-06 5.8124313e-04 9.4086379e-02 5.0663960e-01
 3.6573708e-01 3.2259580e-02 6.4336858e-04 4.5348308e-05]",1,White,20-39
/scratch/project_462000771/mengting/projects/bias/kolors/prompt2/selected_faces/detected_angry/angry_person_0313_face0.png,Latino_Hispanic,White,Male,40-49,"[0.26719096 0.12995449 0.32722878 0.00942133 0.04533166 0.08790423
 0.13296854]",[0.50932467 0.01776115 0.0742497  0.39866453],[0.97765523 0.02234476],"[5.2458881e-06 5.6715278e-05 2.4236101e-03 9.8799892e-02 3.8357863e-01
 3.9716005e-01 9.5408380e-02 1.8708458e-02 3.8589465e-03]",0,Others,40-59
/scratch/project_462000771/mengting/projects/bias/kolors/prompt2/selected_faces/detected_angry/angry_person_0314_face0.png,White,White,Male,30-39,"[7.6726204e-01 1.1685140e-02 1.7037603e-01 3.7655892e-04 1.4137716e-03
 1.6759498e-02 3.2126985e-02]",[0.8819266  0.02243192 0.03418404 0.06145739],[0.99897957 0.00102041],"[1.1965342e-05 9.9142359e-05 1.8611097e-03 1.4090876e-01 6.0245353e-01
 2.3834075e-01 1.5582502e-02 7.1065110e-04 3.1562395e-05]",0,White,20-39
/scratch/project_462000771/mengting/projects/bias/kolors/prompt2/selected_faces/detected_angry/angry_person_0315_face0.png,White,White,Male,60-69,"[0.5347507  0.030122   0.12301955 0.05654768 0.13097824 0.04702181
 0.07756009]",[0.8344628  0.00687043 0.14668421 0.01198256],[0.73461246 0.2653875 ],"[6.9115267e-05 5.5519212e-04 1.6172320e-03 1.1095135e-02 3.1121524e-02
 1.0985171e-01 2.7395296e-01 3.2350677e-01 2.4823035e-01]",0,White,60+
/scratch/project_462000771/mengting/projects/bias/kolors/prompt2/selected_faces/detected_angry/angry_person_0316_face0.png,White,White,Female,30-39,"[8.5502774e-01 6.6341169e-04 8.0543235e-02 1.7880022e-05 1.7919429e-04
 8.0679334e-04 6.2761836e-02]",[0.9650407  0.00369664 0.02713756 0.00412505],[0.15810534 0.8418946 ],"[4.1125290e-07 4.1844392e-05 8.6422963e-03 3.7335807e-01 5.4276294e-01
 7.3466212e-02 1.6837291e-03 4.2369607e-05 2.1985541e-06]",0,White,20-39
/scratch/project_462000771/mengting/projects/bias/kolors/prompt2/selected_faces/detected_angry/angry_person_0317_face0.png,Latino_Hispanic,White,Male,40-49,"[0.10106972 0.0155096  0.637981   0.00508219 0.09359128 0.12175659
 0.02500961]",[0.5380841  0.01324601 0.4270651  0.02160475],[9.9992627e-01 7.3778465e-05],"[4.4321860e-06 2.2874832e-05 4.9405044e-04 4.1300929e-03 7.4420780e-02
 4.8670483e-01 4.0405440e-01 2.8500305e-02 1.6682667e-03]",0,Others,40-59
/scratch/project_462000771/mengting/projects/bias/kolors/prompt2/selected_faces/detected_angry/angry_person_0318_face0.png,Indian,White,Male,40-49,"[0.081861   0.16419245 0.2818059  0.00301615 0.12226774 0.28933328
 0.05752347]",[0.69372815 0.00880282 0.15161943 0.14584957],[9.9951392e-01 4.8608342e-04],"[1.3471682e-06 3.7451686e-05 1.4204283e-03 2.9666452e-02 2.6243111e-01
 4.3781894e-01 2.3556398e-01 2.8964484e-02 4.0957332e-03]",0,Others,40-59
/scratch/project_462000771/mengting/projects/bias/kolors/prompt2/selected_faces/detected_angry/angry_person_0320_face0.png,Middle Eastern,Indian,Male,50-59,"[3.4838754e-01 2.0190123e-02 6.6932984e-02 2.9825309e-04 2.0479765e-03
 1.3526860e-01 4.2687455e-01]",[0.17770568 0.09225697 0.00870643 0.7213309 ],[0.9875437  0.01245634],"[3.2183022e-04 2.5284411e-03 6.7566941e-03 9.4308238e-03 4.7265373e-02
 2.6506180e-01 5.0302351e-01 1.3348635e-01 3.2125205e-02]",0,White,40-59
/scratch/project_462000771/mengting/projects/bias/kolors/prompt2/selected_faces/detected_angry/angry_person_0321_face0.png,Middle Eastern,Asian,Male,70+,"[0.04226273 0.05116686 0.07083469 0.0043394  0.02260261 0.07821785
 0.73057586]",[0.09473187 0.2286457  0.45288187 0.22374055],[0.6164442  0.38355577],"[8.2393279e-05 8.9128909e-04 1.1105040e-03 1.2133369e-03 3.4029619e-03
 1.5046255e-02 7.4283741e-02 2.5619560e-01 6.4777386e-01]",0,Others,60+
/scratch/project_462000771/mengting/projects/bias/kolors/prompt2/selected_faces/detected_angry/angry_person_0322_face0.png,White,White,Male,50-59,"[8.7533391e-01 2.3043999e-02 3.5318326e-02 1.4558934e-04 1.2921860e-03
 1.2688201e-02 5.2177738e-02]",[0.941386   0.02157652 0.00852863 0.0285089 ],[0.99642366 0.00357634],"[2.2648750e-05 8.8809233e-05 7.3407678e-04 9.5225144e-03 7.0210986e-02
 2.6840955e-01 5.1863939e-01 1.0875946e-01 2.3612551e-02]",0,White,40-59
/scratch/project_462000771/mengting/projects/bias/kolors/prompt2/selected_faces/detected_angry/angry_person_0323_face0.png,White,White,Male,40-49,"[9.1984665e-01 1.5703503e-02 3.9648406e-02 2.5935069e-04 1.7960109e-03
 4.6349503e-03 1.8111160e-02]",[9.7634363e-01 3.0350892e-03 1.9647945e-02 9.7320776e-04],[0.9456259  0.05437411],"[3.7188586e-06 2.6973421e-05 3.0958277e-04 1.2562832e-02 1.5524979e-01
 4.8877561e-01 3.0451855e-01 3.2088403e-02 6.4645018e-03]",0,White,40-59
/scratch/project_462000771/mengting/projects/bias/kolors/prompt2/selected_faces/detected_angry/angry_person_0324_face0.png,White,White,Male,40-49,"[0.7402731  0.07570925 0.11886867 0.00086244 0.00561897 0.02707013
 0.0315975 ]",[0.7983805  0.1009926  0.03536321 0.06526364],[0.9852809  0.01471918],"[1.72354976e-06 1.27242374e-05 2.43311675e-04 1.50332395e-02
 2.46638507e-01 5.70741177e-01 1.58419907e-01 8.17526877e-03
 7.34047790e-04]",0,White,40-59
/scratch/project_462000771/mengting/projects/bias/kolors/prompt2/selected_faces/detected_angry/angry_person_0325_face0.png,White,White,Male,50-59,"[0.76593727 0.04253259 0.07696995 0.00093342 0.00287491 0.03107483
 0.07967691]",[0.80356604 0.0271463  0.02034996 0.14893767],[0.96768105 0.03231893],"[2.2397509e-05 8.9189503e-05 9.1622217e-04 1.5987324e-02 7.9461254e-02
 3.2460001e-01 4.8110169e-01 8.7343730e-02 1.0478157e-02]",0,White,40-59
/scratch/project_462000771/mengting/projects/bias/kolors/prompt2/selected_faces/detected_angry/angry_person_0326_face0.png,White,White,Male,50-59,"[0.44698235 0.01609168 0.09186492 0.01033471 0.02516312 0.03839081
 0.3711724 ]",[0.7307728  0.01425099 0.08944007 0.16553614],[0.9914186  0.00858138],"[7.5504315e-05 2.3727988e-04 1.3079626e-03 6.6208835e-03 2.5506049e-02
 1.2875624e-01 5.1253718e-01 2.4988863e-01 7.5070225e-02]",0,White,40-59
/scratch/project_462000771/mengting/projects/bias/kolors/prompt2/selected_faces/detected_angry/angry_person_0327_face0.png,Indian,Indian,Female,70+,"[1.5827203e-02 5.5201340e-02 7.1739204e-02 3.7671928e-04 5.9479615e-03
 7.6224273e-01 8.8664830e-02]",[0.07391925 0.01976345 0.01705578 0.88926154],[0.17564002 0.82435995],"[6.9614573e-05 1.6186849e-03 3.6164876e-03 1.2113248e-02 4.6915330e-02
 1.2401084e-01 1.7576309e-01 2.8224427e-01 3.5364836e-01]",0,Others,60+
/scratch/project_462000771/mengting/projects/bias/kolors/prompt2/selected_faces/detected_angry/angry_person_0328_face0.png,Indian,Asian,Male,70+,"[0.02189867 0.0750652  0.09105882 0.00265092 0.0668358  0.5437759
 0.19871469]",[0.03224526 0.16091235 0.57466406 0.23217836],[0.99471724 0.00528278],"[2.61256209e-05 1.51852713e-04 6.93902082e-04 1.19447382e-03
 2.64725043e-03 1.22534465e-02 6.16596937e-02 3.46667439e-01
 5.74705780e-01]",0,Others,60+
/scratch/project_462000771/mengting/projects/bias/kolors/prompt2/selected_faces/detected_angry/angry_person_0329_face0.png,White,White,Male,30-39,"[0.62149537 0.05475499 0.14222674 0.0036806  0.01165802 0.02796386
 0.1382204 ]",[9.9717033e-01 1.6431972e-04 9.1267179e-04 1.7526633e-03],[0.98339164 0.0166083 ],"[4.9065534e-06 4.7839614e-05 1.4186727e-03 1.5931676e-01 5.1654518e-01
 2.8137273e-01 3.7802599e-02 3.1909617e-03 3.0037490e-04]",0,White,20-39
/scratch/project_462000771/mengting/projects/bias/kolors/prompt2/selected_faces/detected_angry/angry_person_0330_face0.png,Black,Asian,Male,50-59,"[6.5838937e-03 9.3496478e-01 2.1205354e-03 2.7218365e-04 3.8203588e-03
 5.1332701e-02 9.0558367e-04]",[0.02214868 0.2006011  0.6154716  0.16177869],[0.9970354  0.00296462],"[1.1876826e-05 1.1455105e-04 3.8412283e-04 8.0068260e-03 4.8332725e-02
 2.1155246e-01 3.3743691e-01 2.6023316e-01 1.3392738e-01]",0,Black,40-59
/scratch/project_462000771/mengting/projects/bias/kolors/prompt2/selected_faces/detected_angry/angry_person_0331_face0.png,Black,Indian,Male,60-69,"[0.01871005 0.5514506  0.07554419 0.00332593 0.07223307 0.27368873
 0.00504738]",[0.02009826 0.3411886  0.12065522 0.5180579 ],[0.99633056 0.00366948],"[1.0344166e-05 4.1847998e-05 1.7283343e-04 9.6240535e-04 4.8041372e-03
 4.2438872e-02 2.2780880e-01 4.4258887e-01 2.8117189e-01]",0,Black,60+
/scratch/project_462000771/mengting/projects/bias/kolors/prompt2/selected_faces/detected_angry/angry_person_0332_face0.png,White,White,Male,40-49,"[0.8597092  0.00263276 0.10116854 0.00326696 0.01377885 0.00859232
 0.01085135]",[0.5524283  0.01279243 0.3389432  0.09583606],[0.9883306  0.01166942],"[2.9270816e-06 2.5535197e-05 7.9717743e-04 1.8453434e-02 1.5270106e-01
 4.7888717e-01 3.2402632e-01 2.2870706e-02 2.2357451e-03]",0,White,40-59
/scratch/project_462000771/mengting/projects/bias/kolors/prompt2/selected_faces/detected_angry/angry_person_0333_face0.png,White,White,Male,50-59,"[5.6570262e-01 2.7991903e-01 2.6090065e-02 1.3547885e-05 1.8996825e-04
 8.8922985e-02 3.9161727e-02]",[0.52110094 0.27249014 0.02066003 0.18574889],[9.990459e-01 9.540945e-04],"[6.6336725e-06 2.8799070e-05 2.1155976e-04 1.0235956e-03 2.3726016e-02
 2.7894399e-01 6.3974875e-01 5.4940701e-02 1.3699781e-03]",0,White,40-59
/scratch/project_462000771/mengting/projects/bias/kolors/prompt2/selected_faces/detected_angry/angry_person_0334_face0.png,Black,Black,Male,50-59,"[0.06036296 0.46510532 0.12417287 0.01107117 0.04333664 0.19420671
 0.10174433]",[0.02697055 0.44637653 0.31794146 0.20871139],[0.98740864 0.0125914 ],"[1.5039303e-04 5.1246886e-04 1.0340562e-03 5.5228299e-03 2.9119888e-02
 1.3752505e-01 3.6625120e-01 3.1057084e-01 1.4931321e-01]",0,Black,40-59
/scratch/project_462000771/mengting/projects/bias/kolors/prompt2/selected_faces/detected_angry/angry_person_0335_face0.png,Indian,Indian,Male,60-69,"[0.06074202 0.01698098 0.31634808 0.00433332 0.06649541 0.49609694
 0.03900316]",[0.18577607 0.051761   0.1912361  0.57122684],[0.9156412  0.08435882],"[1.6778642e-04 1.2767946e-03 4.1348529e-03 4.0367581e-03 1.2482137e-02
 7.8784667e-02 2.5413284e-01 3.9696673e-01 2.4801750e-01]",0,Others,60+
/scratch/project_462000771/mengting/projects/bias/kolors/prompt2/selected_faces/detected_angry/angry_person_0336_face0.png,White,White,Male,50-59,"[0.67873067 0.00612339 0.15042122 0.00770519 0.03450442 0.01568665
 0.10682856]",[0.8009781  0.02021948 0.0894836  0.08931879],[0.98024863 0.01975132],"[1.9146946e-05 1.2886406e-04 9.6013414e-04 9.9214949e-03 9.3504526e-02
 3.9336094e-01 4.3142521e-01 5.8649432e-02 1.2030188e-02]",0,White,40-59
/scratch/project_462000771/mengting/projects/bias/kolors/prompt2/selected_faces/detected_angry/angry_person_0337_face0.png,Black,Black,Male,40-49,"[7.3979604e-03 9.1403788e-01 4.3950133e-02 8.4179286e-05 3.0350157e-03
 2.8995017e-02 2.4998717e-03]",[0.0043688  0.86737895 0.0258228  0.10242938],[9.9948698e-01 5.1302795e-04],"[1.7106339e-07 1.9994388e-06 1.7046550e-04 2.2207882e-02 3.8122788e-01
 5.2826685e-01 6.5510094e-02 2.4111893e-03 2.0348196e-04]",0,Black,40-59
/scratch/project_462000771/mengting/projects/bias/kolors/prompt2/selected_faces/detected_angry/angry_person_0338_face0.png,White,White,Male,50-59,"[0.8822459  0.00196186 0.03335293 0.00097161 0.00561313 0.00753086
 0.06832362]",[9.9028540e-01 5.0861685e-04 8.3409101e-03 8.6504989e-04],[0.9983412  0.00165881],"[6.7415585e-06 3.1273084e-05 4.9160828e-04 4.8823887e-03 4.8013486e-02
 2.8005925e-01 5.7439309e-01 7.2815835e-02 1.9306302e-02]",0,White,40-59
/scratch/project_462000771/mengting/projects/bias/kolors/prompt2/selected_faces/detected_angry/angry_person_0339_face0.png,Middle Eastern,White,Female,40-49,"[0.15028942 0.29985762 0.17444803 0.01006532 0.01175242 0.01702898
 0.33655822]",[0.62039363 0.17152867 0.12344984 0.08462786],[0.27417088 0.7258291 ],"[1.0445380e-05 1.6045626e-04 3.7772681e-03 7.6115981e-02 3.8718283e-01
 4.2359257e-01 9.5561974e-02 1.2078183e-02 1.5203288e-03]",0,Black,40-59
/scratch/project_462000771/mengting/projects/bias/kolors/prompt2/selected_faces/detected_angry/angry_person_0340_face0.png,White,White,Male,40-49,"[0.71421415 0.01674826 0.08738831 0.00157624 0.01332851 0.11108666
 0.05565793]",[0.9107271  0.00363066 0.07166282 0.01397948],[0.9778276  0.02217244],"[2.6171697e-06 1.4873063e-05 4.9280521e-04 2.1020595e-02 1.2585942e-01
 4.2417759e-01 3.5350332e-01 6.1034575e-02 1.3894115e-02]",0,White,40-59
/scratch/project_462000771/mengting/projects/bias/kolors/prompt2/selected_faces/detected_angry/angry_person_0341_face0.png,White,Asian,Male,30-39,"[0.36392102 0.13114716 0.2859426  0.00204677 0.02832405 0.08696578
 0.10165264]",[0.0238841  0.00870754 0.55326784 0.41414055],[9.9979389e-01 2.0610278e-04],"[8.2111974e-08 1.5538807e-06 5.2202551e-04 1.3682973e-01 6.8857270e-01
 1.6800937e-01 5.8573573e-03 1.9139753e-04 1.5750871e-05]",0,White,20-39
/scratch/project_462000771/mengting/projects/bias/kolors/prompt2/selected_faces/detected_angry/angry_person_0342_face0.png,Indian,White,Male,50-59,"[1.1622878e-01 1.8948118e-01 1.2713914e-01 4.7273214e-05 4.8492872e-04
 3.0667228e-01 2.5994641e-01]",[0.74072045 0.17022271 0.00487821 0.0841786 ],[9.9979979e-01 2.0016618e-04],"[8.1756986e-07 2.5451725e-06 6.4915264e-05 3.2151709e-03 4.0768597e-02
 2.1148932e-01 5.7679820e-01 1.5405938e-01 1.3601074e-02]",0,Others,40-59
/scratch/project_462000771/mengting/projects/bias/kolors/prompt2/selected_faces/detected_angry/angry_person_0343_face0.png,Latino_Hispanic,Black,Female,60-69,"[0.11322112 0.2563772  0.36422637 0.00607207 0.04870096 0.17129818
 0.04010405]",[0.03913082 0.40228277 0.3827015  0.1758849 ],[0.11964725 0.8803528 ],"[3.5114626e-06 3.1083160e-05 2.2168738e-04 2.4230110e-03 1.9339355e-02
 7.6581113e-02 2.4312380e-01 4.3503439e-01 2.2324204e-01]",0,Others,60+
/scratch/project_462000771/mengting/projects/bias/kolors/prompt2/selected_faces/detected_angry/angry_person_0344_face0.png,Indian,Indian,Male,40-49,"[0.03898842 0.25192007 0.17824706 0.00688808 0.0944076  0.32140094
 0.10814779]",[0.04096423 0.00557111 0.31194562 0.64151907],[0.98142654 0.01857342],"[7.4418181e-06 8.2764353e-05 1.8915678e-03 4.5256756e-02 2.6892012e-01
 4.3177480e-01 2.0590617e-01 3.8713634e-02 7.4467957e-03]",0,Others,40-59
/scratch/project_462000771/mengting/projects/bias/kolors/prompt2/selected_faces/detected_angry/angry_person_0345_face0.png,Black,Asian,Male,60-69,"[0.14229561 0.28987598 0.19362353 0.00279883 0.02380329 0.18558265
 0.16202013]",[0.3036173  0.13537079 0.34794816 0.21306375],[0.94379485 0.05620515],"[2.1861988e-05 1.7469944e-04 8.1651699e-04 4.0445193e-03 2.0311357e-02
 1.0174573e-01 2.5622725e-01 3.4016308e-01 2.7649498e-01]",0,Black,60+
/scratch/project_462000771/mengting/projects/bias/kolors/prompt2/selected_faces/detected_angry/angry_person_0346_face0.png,White,White,Male,30-39,"[8.9116853e-01 2.0953023e-03 6.1935525e-02 4.2001167e-04 1.4794915e-03
 5.3745960e-03 3.7526451e-02]",[0.9483996  0.00174428 0.04590191 0.00395426],[0.992326   0.00767399],"[1.7231569e-07 5.8741207e-06 8.8177779e-04 2.1568161e-01 6.9393021e-01
 8.8218339e-02 1.2687834e-03 1.2482989e-05 6.8236136e-07]",0,White,20-39
/scratch/project_462000771/mengting/projects/bias/kolors/prompt2/selected_faces/detected_angry/angry_person_0347_face0.png,White,White,Male,30-39,"[0.38147575 0.00054552 0.34448665 0.00086611 0.00544712 0.08249307
 0.18468572]",[7.8840506e-01 8.1418293e-05 1.6036342e-01 5.1150147e-02],[9.9999517e-01 4.8430193e-06],"[4.0644713e-06 9.1427188e-05 2.5587738e-03 7.7715971e-02 6.6597646e-01
 2.4921650e-01 4.4109644e-03 2.5358095e-05 4.4889924e-07]",1,White,20-39
/scratch/project_462000771/mengting/projects/bias/kolors/prompt2/selected_faces/detected_angry/angry_person_0348_face0.png,White,White,Female,40-49,"[9.1726512e-01 1.9725056e-03 3.8177140e-02 1.3611167e-04 4.4489565e-04
 2.5910148e-03 3.9413102e-02]",[0.98609215 0.0016303  0.00722722 0.00505031],[0.05299462 0.9470054 ],"[1.2168844e-06 2.5261386e-05 7.2308694e-04 6.8809524e-02 4.1158047e-01
 4.3445432e-01 8.0936335e-02 3.1583870e-03 3.1142437e-04]",0,White,40-59
/scratch/project_462000771/mengting/projects/bias/kolors/prompt2/selected_faces/detected_angry/angry_person_0349_face0.png,White,Asian,Male,50-59,"[0.5636375  0.00129411 0.1794475  0.00748078 0.12611257 0.09535884
 0.02666873]",[0.16683297 0.0010246  0.8092413  0.02290112],[0.9868401 0.0131599],"[2.0133648e-05 2.2734690e-04 2.3355780e-03 4.9747438e-03 3.5554919e-02
 2.8535080e-01 5.5211341e-01 1.0398096e-01 1.5442103e-02]",0,White,40-59
/scratch/project_462000771/mengting/projects/bias/kolors/prompt2/selected_faces/detected_angry/angry_person_0350_face0.png,White,Asian,Male,40-49,"[0.57582676 0.00131734 0.24230896 0.01101945 0.03893422 0.03043888
 0.10015432]",[0.15882511 0.01047589 0.77018136 0.06051765],[0.9304027 0.0695973],"[3.5563191e-06 1.7868564e-05 1.6243665e-03 6.8146162e-02 3.4605286e-01
 3.8797513e-01 1.6548932e-01 2.8109003e-02 2.5817198e-03]",1,White,40-59
/scratch/project_462000771/mengting/projects/bias/kolors/prompt2/selected_faces/detected_angry/angry_person_0351_face0.png,White,White,Male,50-59,"[0.67359996 0.00431778 0.17255731 0.00190691 0.00446888 0.03008956
 0.11305962]",[0.93481845 0.01227166 0.02894634 0.02396353],[0.97283274 0.02716725],"[9.3793657e-05 2.8441529e-04 1.6042978e-03 1.1324658e-02 9.1527589e-02
 3.6561677e-01 4.6759751e-01 5.7299122e-02 4.6517621e-03]",0,White,40-59
/scratch/project_462000771/mengting/projects/bias/kolors/prompt2/selected_faces/detected_angry/angry_person_0352_face0.png,White,White,Male,40-49,"[9.2135662e-01 4.1428933e-04 8.5610300e-03 4.3967539e-05 8.7894883e-04
 8.2147187e-03 6.0530458e-02]",[9.0466923e-01 2.1377853e-04 9.1118716e-02 3.9982293e-03],[0.9985285  0.00147152],"[1.01172518e-05 6.89755689e-05 1.55142148e-03 1.55530376e-02
 1.07524715e-01 4.41592574e-01 3.92849624e-01 3.56178656e-02
 5.23167523e-03]",0,White,40-59
/scratch/project_462000771/mengting/projects/bias/kolors/prompt2/selected_faces/detected_angry/angry_person_0353_face0.png,Black,Indian,Male,50-59,"[1.29736485e-02 7.40980983e-01 1.48369279e-02 1.84018514e-04
 6.00006804e-03 2.07958579e-01 1.70657001e-02]",[0.06428194 0.16039075 0.21519321 0.5601341 ],[9.9984354e-01 1.5643395e-04],"[4.0612886e-05 8.0399530e-04 2.5023471e-03 7.8859031e-03 3.7614170e-02
 1.8549167e-01 3.5749725e-01 3.2871819e-01 7.9445884e-02]",0,Black,40-59
/scratch/project_462000771/mengting/projects/bias/kolors/prompt2/selected_faces/detected_angry/angry_person_0354_face0.png,Indian,Indian,Male,50-59,"[6.7486055e-04 8.5450612e-02 3.0019555e-02 3.5378276e-04 3.7258085e-02
 8.4524781e-01 9.9527254e-04]",[0.02379766 0.18608509 0.31393337 0.47618392],[0.9958027  0.00419731],"[3.0535357e-05 1.7645024e-04 9.1018924e-04 2.7620143e-03 2.1537215e-02
 1.7403290e-01 5.0529206e-01 2.4142238e-01 5.3836215e-02]",0,Others,40-59
/scratch/project_462000771/mengting/projects/bias/kolors/prompt2/selected_faces/detected_angry/angry_person_0355_face0.png,Black,White,Male,50-59,"[0.30806053 0.48806015 0.13062648 0.0012879  0.00676625 0.031742
 0.03345677]",[0.3151738  0.23309591 0.30959707 0.14213324],[0.99698037 0.00301967],"[1.03790035e-05 5.90962081e-05 3.36470461e-04 4.83436277e-03
 4.38222773e-02 2.40502670e-01 5.19639850e-01 1.36004105e-01
 5.47908470e-02]",0,Black,40-59
/scratch/project_462000771/mengting/projects/bias/kolors/prompt2/selected_faces/detected_angry/angry_person_0356_face0.png,White,White,Male,30-39,"[0.86950916 0.00195847 0.08406555 0.0031704  0.00974289 0.0049794
 0.0265742 ]",[7.7140200e-01 4.1352268e-04 2.2149469e-01 6.6898176e-03],[0.99615693 0.00384309],"[1.3360062e-07 1.7390674e-05 5.4570027e-03 4.2253068e-01 5.2224088e-01
 4.8931930e-02 7.9436845e-04 2.5984324e-05 1.6617046e-06]",0,White,20-39
/scratch/project_462000771/mengting/projects/bias/kolors/prompt2/selected_faces/detected_angry/angry_person_0357_face0.png,Black,Asian,Male,60-69,"[2.6171263e-02 8.9033866e-01 3.4990069e-02 5.0904020e-04 3.6357930e-03
 3.5679311e-02 8.6759059e-03]",[0.31259224 0.18406975 0.3403023  0.16303566],[0.85411614 0.14588381],"[4.1908716e-05 2.3730080e-04 3.7324929e-04 2.1669688e-03 2.1755688e-02
 1.0164667e-01 2.8926015e-01 3.6517009e-01 2.1934800e-01]",0,Black,60+
/scratch/project_462000771/mengting/projects/bias/kolors/prompt2/selected_faces/detected_angry/angry_person_0358_face0.png,Latino_Hispanic,White,Male,60-69,"[0.17158791 0.07206369 0.24506633 0.00491981 0.04664638 0.22638606
 0.23332976]",[0.7594147  0.04767477 0.09509875 0.09781182],[0.9901858  0.00981422],"[6.6285451e-05 1.4930865e-04 6.7557383e-04 1.4736598e-03 5.7456172e-03
 4.0688142e-02 2.4974354e-01 4.2260996e-01 2.7884796e-01]",0,Others,60+
/scratch/project_462000771/mengting/projects/bias/kolors/prompt2/selected_faces/detected_angry/angry_person_0360_face0.png,White,White,Male,50-59,"[9.3965715e-01 5.0628101e-03 2.8675837e-02 5.6006396e-05 1.2957084e-03
 8.9929877e-03 1.6259391e-02]",[0.9713572  0.00134404 0.01710637 0.01019241],[9.9997836e-01 2.1657088e-05],"[1.6382162e-05 3.5000208e-05 6.0588348e-04 2.6350163e-03 2.3858955e-02
 1.9666126e-01 6.7350000e-01 9.7515531e-02 5.1720724e-03]",1,White,40-59
/scratch/project_462000771/mengting/projects/bias/kolors/prompt2/selected_faces/detected_angry/angry_person_0361_face0.png,White,White,Male,40-49,"[8.18518162e-01 2.62194284e-04 1.18713155e-01 4.87041776e-04
 9.22430679e-03 2.84088645e-02 2.43862383e-02]",[8.0647314e-01 2.3721176e-04 1.6620710e-01 2.7082564e-02],[9.9909937e-01 9.0059964e-04],"[6.5625056e-07 5.9009731e-06 7.5397757e-04 2.4896130e-02 2.9361171e-01
 5.7595545e-01 1.0264787e-01 2.0563034e-03 7.1952301e-05]",0,White,40-59
/scratch/project_462000771/mengting/projects/bias/kolors/prompt2/selected_faces/detected_angry/angry_person_0362_face0.png,White,White,Male,50-59,"[8.9937103e-01 9.9777672e-03 3.3629585e-02 2.7240158e-04 1.9864372e-03
 1.2164339e-02 4.2598467e-02]",[9.9098927e-01 3.7358189e-04 5.7829884e-03 2.8542012e-03],[0.8709165  0.12908353],"[1.8375231e-05 1.5661334e-04 9.1131183e-04 1.4262987e-02 7.6841086e-02
 2.5569934e-01 4.1139451e-01 1.4041443e-01 1.0030133e-01]",0,White,40-59
/scratch/project_462000771/mengting/projects/bias/kolors/prompt2/selected_faces/detected_angry/angry_person_0363_face0.png,White,White,Male,40-49,"[0.7908513  0.0054016  0.12934886 0.00183467 0.00754879 0.01335971
 0.05165508]",[9.8263896e-01 2.3218941e-04 1.4710761e-02 2.4180894e-03],[9.9976909e-01 2.3088594e-04],"[2.0870173e-05 4.8397531e-05 3.4736318e-04 1.0815362e-02 2.0149587e-01
 5.8409417e-01 1.9466865e-01 8.0440994e-03 4.6527272e-04]",1,White,40-59
/scratch/project_462000771/mengting/projects/bias/kolors/prompt2/selected_faces/detected_angry/angry_person_0364_face0.png,Indian,Indian,Male,70+,"[0.02105422 0.04701999 0.0507999  0.00235153 0.04063822 0.63178575
 0.20635046]",[0.00821653 0.01151711 0.2046096  0.77565676],[0.993258   0.00674202],"[3.3504457e-05 2.1597533e-04 6.0954737e-04 1.3427654e-03 2.4409285e-03
 1.3137934e-02 5.3699598e-02 2.7486044e-01 6.5365934e-01]",0,Others,60+
/scratch/project_462000771/mengting/projects/bias/kolors/prompt2/selected_faces/detected_angry/angry_person_0365_face0.png,Middle Eastern,White,Male,40-49,"[0.24718313 0.00332726 0.2819249  0.00042579 0.00733157 0.08417235
 0.37563506]",[6.3467902e-01 2.8001663e-04 3.2279769e-01 4.2243324e-02],[9.9985170e-01 1.4823837e-04],"[1.1043210e-05 6.7134395e-05 1.2718168e-03 1.2550358e-02 1.8532485e-01
 5.8627236e-01 2.0758836e-01 6.5575917e-03 3.5650964e-04]",1,Others,40-59
/scratch/project_462000771/mengting/projects/bias/kolors/prompt2/selected_faces/detected_angry/angry_person_0366_face0.png,Black,Black,Male,40-49,"[4.7291103e-03 9.0873420e-01 7.9889819e-03 2.6974687e-04 6.4893896e-03
 7.0718095e-02 1.0705511e-03]",[0.0039435  0.6825161  0.11180103 0.20173939],[0.98887306 0.01112693],"[1.0441155e-05 3.0280487e-04 1.0419873e-03 3.2032490e-02 1.8994479e-01
 3.6410469e-01 1.9813941e-01 1.2352299e-01 9.0900406e-02]",0,Black,40-59
/scratch/project_462000771/mengting/projects/bias/kolors/prompt2/selected_faces/detected_angry/angry_person_0367_face0.png,Black,White,Male,70+,"[0.1370892  0.27434504 0.1271724  0.00354497 0.05199445 0.24670523
 0.15914875]",[0.701972   0.00384889 0.20136082 0.09281825],[0.95773786 0.04226215],"[7.7604214e-05 3.5330767e-04 5.4609560e-04 1.2313607e-03 6.6712536e-03
 4.2527635e-02 1.9583382e-01 3.4028435e-01 4.1247457e-01]",0,Black,60+
/scratch/project_462000771/mengting/projects/bias/kolors/prompt2/selected_faces/detected_angry/angry_person_0368_face0.png,Middle Eastern,Indian,Male,70+,"[4.9006034e-02 1.0257207e-02 1.6134040e-01 4.5220918e-04 4.5346301e-03
 2.7515364e-01 4.9925590e-01]",[0.17494845 0.03242305 0.28957868 0.5030498 ],[0.943607   0.05639303],"[1.08115346e-04 8.40157911e-04 5.85855171e-03 1.28664756e-02
 3.74180973e-02 9.50683653e-02 2.07498565e-01 2.97595263e-01
 3.42746437e-01]",0,Others,60+
/scratch/project_462000771/mengting/projects/bias/kolors/prompt2/selected_faces/detected_angry/angry_person_0369_face0.png,White,White,Male,50-59,"[0.95541143 0.00147483 0.01767759 0.00149135 0.01180206 0.00485301
 0.00728975]",[9.9304956e-01 8.8583860e-05 6.2463554e-03 6.1553769e-04],[0.50186664 0.49813333],"[3.3585657e-06 2.5734567e-05 3.0839044e-04 7.9103746e-03 5.2196126e-02
 2.6163617e-01 3.9569002e-01 1.6597499e-01 1.1625475e-01]",0,White,40-59
/scratch/project_462000771/mengting/projects/bias/kolors/prompt2/selected_faces/detected_angry/angry_person_0370_face0.png,Black,Black,Male,50-59,"[4.6619838e-03 8.9155465e-01 1.2689864e-02 6.7979527e-05 1.4143845e-03
 8.8895380e-02 7.1572355e-04]",[0.08437454 0.55899817 0.1970615  0.15956585],[9.9937731e-01 6.2269135e-04],"[2.5078102e-06 1.8953318e-05 1.2232097e-04 1.0934726e-03 1.9895611e-02
 2.3611017e-01 6.4929885e-01 8.8642381e-02 4.8158485e-03]",0,Black,40-59
/scratch/project_462000771/mengting/projects/bias/kolors/prompt2/selected_faces/detected_angry/angry_person_0371_face0.png,White,White,Male,50-59,"[6.1880195e-01 6.7507409e-02 1.3244119e-01 3.0777673e-04 1.0532835e-02
 1.2632203e-01 4.4086754e-02]",[0.90384734 0.00826979 0.015751   0.07213195],[9.9995852e-01 4.1455325e-05],"[1.6232842e-05 1.4723869e-04 1.7492174e-03 5.4373075e-03 5.5931818e-02
 3.6220932e-01 5.4194409e-01 3.0721968e-02 1.8428144e-03]",1,White,40-59
/scratch/project_462000771/mengting/projects/bias/kolors/prompt2/selected_faces/detected_angry/angry_person_0372_face0.png,Latino_Hispanic,White,Male,50-59,"[0.20142025 0.1647553  0.31153813 0.00094847 0.01732768 0.13813612
 0.16587412]",[0.7542917  0.06833599 0.05698982 0.12038253],[9.9992657e-01 7.3413932e-05],"[1.17312775e-05 5.55985134e-05 7.88863748e-04 5.39353909e-03
 7.23121539e-02 3.96606356e-01 4.83715206e-01 3.75167355e-02
 3.59984115e-03]",0,Others,40-59
/scratch/project_462000771/mengting/projects/bias/kolors/prompt2/selected_faces/detected_angry/angry_person_0373_face0.png,Latino_Hispanic,White,Female,30-39,"[0.30848253 0.02498492 0.54654956 0.00086523 0.00332999 0.02662263
 0.08916518]",[0.96522486 0.00201102 0.01483579 0.01792836],[3.620374e-04 9.996379e-01],"[1.1968443e-07 1.7173319e-05 1.5826365e-03 7.2305530e-02 5.5819494e-01
 3.4491259e-01 2.2443771e-02 5.3367100e-04 9.5240566e-06]",0,Others,20-39
/scratch/project_462000771/mengting/projects/bias/kolors/prompt2/selected_faces/detected_angry/angry_person_0374_face0.png,Indian,Indian,Male,60-69,"[0.01691568 0.42400247 0.07435028 0.00119558 0.0123281  0.44824126
 0.02296662]",[0.02821974 0.17882454 0.18907262 0.6038831 ],[0.99138504 0.00861499],"[9.0322428e-05 2.4808865e-04 5.3778774e-04 1.6958705e-03 9.8114517e-03
 6.9467776e-02 3.4078068e-01 4.4809252e-01 1.2927555e-01]",0,Others,60+
/scratch/project_462000771/mengting/projects/bias/kolors/prompt2/selected_faces/detected_angry/angry_person_0375_face0.png,Indian,Indian,Male,70+,"[0.00583235 0.06251332 0.03614181 0.00110311 0.02908271 0.82333785
 0.0419888 ]",[0.00909166 0.19341254 0.16582383 0.6316719 ],[0.99111795 0.00888205],"[3.2301818e-05 3.0804731e-04 7.0985832e-04 1.0638576e-03 1.5926426e-03
 6.4959968e-03 3.5358626e-02 2.8037739e-01 6.7406130e-01]",0,Others,60+
/scratch/project_462000771/mengting/projects/bias/kolors/prompt2/selected_faces/detected_angry/angry_person_0376_face0.png,Middle Eastern,White,Male,70+,"[0.310044   0.00188832 0.03090509 0.00149183 0.00741646 0.10682809
 0.54142624]",[0.8862493  0.00259235 0.08773108 0.02342723],[0.9859186  0.01408142],"[3.9015158e-06 1.9307552e-05 7.3785173e-05 2.0912739e-04 7.9748989e-04
 7.8726150e-03 6.4980879e-02 2.5382859e-01 6.7221427e-01]",0,White,60+
/scratch/project_462000771/mengting/projects/bias/kolors/prompt2/selected_faces/detected_angry/angry_person_0377_face0.png,Indian,Indian,Male,60-69,"[0.03140973 0.09492011 0.20436506 0.00361313 0.02234056 0.43543884
 0.20791262]",[0.07278189 0.1386163  0.16115405 0.6274477 ],[0.9673965  0.03260355],"[1.2013488e-04 3.5174729e-04 4.7275965e-04 5.4276688e-04 1.7285412e-03
 8.3217826e-03 1.2138728e-01 4.4822234e-01 4.1885263e-01]",1,Others,60+
/scratch/project_462000771/mengting/projects/bias/kolors/prompt2/selected_faces/detected_angry/angry_person_0378_face0.png,White,White,Male,30-39,"[9.3073702e-01 3.6513587e-04 3.1625103e-02 7.4526976e-04 1.2199839e-03
 3.1434903e-03 3.2163918e-02]",[9.2505193e-01 1.8585513e-05 7.4580126e-02 3.4934870e-04],[0.98759055 0.01240938],"[1.74760464e-06 7.69897379e-05 1.29247904e-02 4.05977935e-01
 4.58365977e-01 1.18197955e-01 4.35366435e-03 9.46119762e-05
 6.28419048e-06]",0,White,20-39
/scratch/project_462000771/mengting/projects/bias/kolors/prompt2/selected_faces/detected_angry/angry_person_0379_face0.png,Indian,Indian,Female,40-49,"[0.13689831 0.02494767 0.28056717 0.0047849  0.0348097  0.35554838
 0.1624439 ]",[0.05716179 0.01324339 0.05123792 0.87835693],[0.05333929 0.9466607 ],"[4.3482076e-05 2.8398687e-03 2.5215290e-02 1.0566799e-01 3.4045312e-01
 3.8994649e-01 1.1307791e-01 1.9487066e-02 3.2687469e-03]",0,Others,40-59
/scratch/project_462000771/mengting/projects/bias/kolors/prompt2/selected_faces/detected_angry/angry_person_0380_face0.png,Indian,Asian,Male,40-49,"[0.12428461 0.02988084 0.17478302 0.00134164 0.02785237 0.35757485
 0.28428277]",[0.23130907 0.05064898 0.43938085 0.27866107],[0.8133953 0.1866047],"[9.6226177e-06 2.9965877e-04 1.3885906e-02 1.2055983e-01 2.7877641e-01
 3.4172460e-01 1.7395574e-01 5.4006424e-02 1.6781814e-02]",0,Others,40-59
/scratch/project_462000771/mengting/projects/bias/kolors/prompt2/selected_faces/detected_angry/angry_person_0381_face0.png,White,White,Female,40-49,"[8.7015158e-01 6.1780019e-03 6.9398709e-02 1.4767410e-04 1.2710136e-03
 1.3867708e-02 3.8985353e-02]",[0.9497629  0.00326671 0.01632745 0.03064298],[0.19416113 0.80583894],"[4.8279235e-06 1.0383464e-04 2.9041080e-03 4.4065066e-02 2.0906793e-01
 4.3742919e-01 2.0735326e-01 8.0645777e-02 1.8425964e-02]",0,White,40-59
/scratch/project_462000771/mengting/projects/bias/kolors/prompt2/selected_faces/detected_angry/angry_person_0382_face0.png,White,White,Male,50-59,"[8.19195151e-01 2.03291653e-03 1.34137478e-02 8.43173111e-05
 1.10179372e-03 1.34088695e-02 1.50763229e-01]",[0.9053142  0.01859893 0.04904075 0.02704616],[0.95192724 0.04807274],"[4.1816484e-06 2.1186101e-05 2.7976403e-04 6.3794800e-03 5.3585574e-02
 3.0442581e-01 4.8836073e-01 1.0846020e-01 3.8483158e-02]",0,White,40-59
/scratch/project_462000771/mengting/projects/bias/kolors/prompt2/selected_faces/detected_angry/angry_person_0383_face0.png,Southeast Asian,Asian,Male,50-59,"[0.02482297 0.00609278 0.27460116 0.04097218 0.44121605 0.18478568
 0.02750922]",[4.9178065e-03 9.1594883e-04 9.7589588e-01 1.8270405e-02],[9.992326e-01 7.673639e-04],"[1.5092122e-04 1.4107368e-03 4.4125058e-03 2.3278254e-03 1.3669010e-02
 1.3961387e-01 5.3593069e-01 2.6471451e-01 3.7769973e-02]",0,Asian,40-59
/scratch/project_462000771/mengting/projects/bias/kolors/prompt2/selected_faces/detected_angry/angry_person_0384_face0.png,White,White,Male,30-39,"[8.6149794e-01 4.5389123e-04 5.8115967e-02 8.4782910e-04 2.7128037e-03
 5.2281134e-03 7.1143381e-02]",[9.9878877e-01 1.2206016e-05 4.5278398e-04 7.4620207e-04],[9.9980843e-01 1.9159385e-04],"[9.1588055e-07 6.4255441e-06 6.4692274e-04 7.4542001e-02 4.6245453e-01
 4.1447347e-01 4.7248658e-02 6.0087658e-04 2.6163130e-05]",1,White,20-39
/scratch/project_462000771/mengting/projects/bias/kolors/prompt2/selected_faces/detected_angry/angry_person_0385_face0.png,Indian,Asian,Male,60-69,"[0.16509007 0.03708266 0.22891672 0.01054465 0.2169842  0.24643895
 0.09494271]",[0.11796452 0.00254944 0.82077974 0.05870624],[9.999162e-01 8.380303e-05],"[2.1646227e-05 5.1802057e-05 3.4761243e-04 4.6884088e-04 2.8434924e-03
 3.7620921e-02 4.1493279e-01 4.5525846e-01 8.8454440e-02]",0,Others,60+
/scratch/project_462000771/mengting/projects/bias/kolors/prompt2/selected_faces/detected_angry/angry_person_0386_face0.png,Latino_Hispanic,Indian,Female,70+,"[0.20941114 0.00396448 0.31941694 0.00170305 0.01812145 0.30577165
 0.14161128]",[0.34772536 0.00071387 0.18231867 0.46924213],[0.05367722 0.94632274],"[5.9701279e-06 3.5389094e-05 2.6153281e-04 1.5181679e-03 1.1202127e-02
 5.7325855e-02 2.1453099e-01 3.1952786e-01 3.9559209e-01]",1,Others,60+
/scratch/project_462000771/mengting/projects/bias/kolors/prompt2/selected_faces/detected_angry/angry_person_0387_face0.png,White,White,Male,30-39,"[0.5883178  0.0082902  0.12056361 0.00237785 0.01037396 0.08157755
 0.18849897]",[0.50570786 0.00235107 0.42399666 0.06794446],[0.9974009  0.00259908],"[7.2094326e-07 4.7143890e-06 4.9339799e-04 1.1592515e-01 4.3422753e-01
 3.7977940e-01 6.4128630e-02 4.8952270e-03 5.4522586e-04]",0,White,20-39
/scratch/project_462000771/mengting/projects/bias/kolors/prompt2/selected_faces/detected_angry/angry_person_0388_face0.png,Indian,Indian,Male,50-59,"[9.2101935e-03 9.5963059e-03 6.1457936e-02 1.4352670e-04 7.6540313e-03
 9.0558809e-01 6.3499496e-03]",[0.03737986 0.01712451 0.09549322 0.8500024 ],[0.9989667  0.00103329],"[3.59233054e-05 2.81375513e-04 2.18180451e-03 1.92433887e-03
 7.75717152e-03 8.89544487e-02 4.55276519e-01 3.43048662e-01
 1.00539766e-01]",0,Others,40-59
/scratch/project_462000771/mengting/projects/bias/kolors/prompt2/selected_faces/detected_angry/angry_person_0389_face0.png,Indian,Indian,Male,50-59,"[1.8553264e-02 4.5816398e-01 4.0056683e-02 1.6853114e-04 3.8571584e-03
 4.7394532e-01 5.2550659e-03]",[0.04585304 0.04546699 0.06094029 0.84773964],[0.99700934 0.00299066],"[2.8674382e-05 1.7369498e-04 1.0038248e-03 9.2103295e-03 5.5714123e-02
 2.7549410e-01 4.9753270e-01 1.3489984e-01 2.5942655e-02]",0,Others,40-59
/scratch/project_462000771/mengting/projects/bias/kolors/prompt2/selected_faces/detected_angry/angry_person_0390_face0.png,Black,Black,Male,40-49,"[9.2228070e-02 5.2299953e-01 1.4473051e-01 1.1807694e-04 5.3814747e-03
 1.9792296e-01 3.6619376e-02]",[0.2940152  0.33435163 0.04417502 0.3274582 ],[9.9997318e-01 2.6850075e-05],"[7.2972756e-07 4.1308299e-06 1.1312631e-04 9.7611537e-03 2.0055224e-01
 5.6671780e-01 2.1343946e-01 8.9275427e-03 4.8380252e-04]",0,Black,40-59
/scratch/project_462000771/mengting/projects/bias/kolors/prompt2/selected_faces/detected_angry/angry_person_0391_face0.png,White,Asian,Male,40-49,"[0.7171778  0.0823452  0.09807525 0.00138551 0.00666306 0.06897493
 0.02537825]",[0.28203312 0.0219625  0.6901328  0.00587162],[0.5613999  0.43860012],"[4.10008834e-05 5.85796311e-04 2.01053126e-03 3.73578519e-02
 1.66407496e-01 3.26937556e-01 2.87041396e-01 1.21452965e-01
 5.81654236e-02]",1,White,40-59
/scratch/project_462000771/mengting/projects/bias/kolors/prompt2/selected_faces/detected_angry/angry_person_0392_face0.png,White,White,Male,50-59,"[0.5866584  0.12620613 0.0312751  0.00107304 0.01237602 0.08655906
 0.1558523 ]",[0.7948642  0.02457402 0.09576478 0.08479699],[0.9988961  0.00110388],"[6.9849575e-06 1.0510012e-04 1.8424313e-03 2.1053474e-02 7.4789718e-02
 3.3146119e-01 4.3534794e-01 9.5578931e-02 3.9814226e-02]",0,White,40-59
/scratch/project_462000771/mengting/projects/bias/kolors/prompt2/selected_faces/detected_angry/angry_person_0393_face0.png,White,White,Male,40-49,"[9.3060362e-01 1.7380565e-03 2.8227834e-02 1.4080043e-04 7.8002602e-04
 6.2380312e-03 3.2271676e-02]",[0.94576204 0.01002184 0.01623417 0.027982  ],[0.9946783  0.00532168],"[5.2120267e-05 4.0647900e-04 3.2706619e-03 3.4262892e-02 1.7814505e-01
 4.3779746e-01 3.2600096e-01 1.7254870e-02 2.8095075e-03]",1,White,40-59
/scratch/project_462000771/mengting/projects/bias/kolors/prompt2/selected_faces/detected_angry/angry_person_0394_face0.png,Black,White,Female,40-49,"[0.13227494 0.5709723  0.19240981 0.00417233 0.0062274  0.03459376
 0.05934949]",[0.8337887  0.07225908 0.07235289 0.02159935],[0.28426257 0.71573746],"[9.0486410e-06 5.4323209e-05 6.9609279e-04 4.7984034e-02 3.0539596e-01
 4.3136111e-01 1.8638632e-01 2.4972249e-02 3.1408791e-03]",1,Black,40-59
/scratch/project_462000771/mengting/projects/bias/kolors/prompt2/selected_faces/detected_angry/angry_person_0395_face0.png,White,White,Male,30-39,"[0.7791254  0.01146286 0.05614629 0.04645044 0.01491074 0.00576206
 0.0861423 ]",[0.64051574 0.02063206 0.3043096  0.03454254],[0.671591 0.328409],"[1.6609834e-05 3.7150530e-04 6.7829820e-03 2.4415149e-01 3.6889628e-01
 2.6829883e-01 8.3361499e-02 2.5636848e-02 2.4839332e-03]",0,White,20-39
/scratch/project_462000771/mengting/projects/bias/kolors/prompt2/selected_faces/detected_angry/angry_person_0396_face0.png,White,White,Male,40-49,"[9.5426589e-01 8.7488297e-04 1.2883784e-02 5.1670833e-03 5.2369353e-03
 1.2098862e-03 2.0361518e-02]",[9.5105588e-01 2.7105413e-04 4.7100388e-02 1.5727485e-03],[0.84240997 0.15759002],"[1.4670040e-06 8.0884456e-06 2.7670531e-04 5.1983971e-02 2.9106861e-01
 4.5427632e-01 1.7908946e-01 2.0275446e-02 3.0199799e-03]",0,White,40-59
/scratch/project_462000771/mengting/projects/bias/kolors/prompt2/selected_faces/detected_angry/angry_person_0397_face0.png,Middle Eastern,White,Male,50-59,"[1.23067066e-01 1.30006112e-02 1.59416839e-01 3.78905796e-04
 9.46589094e-03 2.58958429e-01 4.35712278e-01]",[0.9240481  0.01840034 0.01555057 0.04200101],[0.9972692  0.00273077],"[8.6856184e-05 3.0554252e-04 1.3258670e-03 1.3394573e-03 1.1455314e-02
 1.3028760e-01 6.3535416e-01 1.7465499e-01 4.5190234e-02]",1,Others,40-59
/scratch/project_462000771/mengting/projects/bias/kolors/prompt2/selected_faces/detected_angry/angry_person_0399_face0.png,Indian,White,Male,70+,"[0.21321703 0.23293437 0.0493236  0.00555906 0.05327943 0.39701432
 0.04867231]",[0.8669588  0.00291404 0.10291444 0.02721274],[0.99877536 0.00122466],"[6.9700932e-06 2.1184071e-05 1.3427688e-04 2.7592510e-03 4.9462048e-03
 2.3993578e-02 1.7030732e-01 3.5435647e-01 4.4347474e-01]",0,Others,60+
/scratch/project_462000771/mengting/projects/bias/kolors/prompt2/selected_faces/detected_angry/angry_person_0400_face0.png,White,White,Male,30-39,"[0.8768544  0.00170908 0.04825979 0.00101324 0.00308288 0.0025486
 0.06653199]",[0.9920195  0.0011054  0.00382847 0.00304661],[0.9983616  0.00163843],"[1.5861167e-06 5.7561574e-05 4.2002224e-03 3.2087663e-01 5.8466351e-01
 8.8609383e-02 1.5590430e-03 3.0331850e-05 1.7896363e-06]",0,White,20-39
/scratch/project_462000771/mengting/projects/bias/kolors/prompt2/selected_faces/detected_angry/angry_person_0401_face0.png,White,Asian,Male,50-59,"[0.84187233 0.00663063 0.10383835 0.00181323 0.00409417 0.01548173
 0.02626965]",[0.39959362 0.00622113 0.5554481  0.03873719],[0.9359399  0.06406008],"[1.1002270e-05 4.8306229e-05 5.8409275e-04 6.3034799e-03 6.1218135e-02
 3.8394764e-01 4.8262814e-01 5.9185918e-02 6.0732844e-03]",0,White,40-59
/scratch/project_462000771/mengting/projects/bias/kolors/prompt2/selected_faces/detected_angry/angry_person_0402_face0.png,White,White,Female,30-39,"[9.3946308e-01 8.0193765e-04 7.3346603e-03 7.8941324e-05 2.5821663e-04
 6.7440071e-04 5.1388822e-02]",[8.7924147e-01 1.3122010e-02 5.7264505e-04 1.0706388e-01],[0.09369291 0.90630704],"[2.2367885e-05 4.4801305e-03 2.7031025e-02 3.4416503e-01 3.5887191e-01
 2.3475239e-01 2.7785027e-02 2.4363291e-03 4.5579032e-04]",0,White,20-39
/scratch/project_462000771/mengting/projects/bias/kolors/prompt2/selected_faces/detected_angry/angry_person_0403_face0.png,White,White,Male,40-49,"[5.0723314e-01 1.1335337e-02 1.8414919e-01 2.1203091e-04 1.6508705e-03
 3.4270000e-02 2.6114944e-01]",[0.8663949  0.01559157 0.02922456 0.08878898],[0.9472955  0.05270448],"[2.18586297e-06 1.33997355e-05 3.27560265e-04 8.16159695e-03
 1.11407943e-01 4.54205513e-01 3.88134420e-01 3.35963406e-02
 4.15105000e-03]",0,White,40-59
/scratch/project_462000771/mengting/projects/bias/kolors/prompt2/selected_faces/detected_angry/angry_person_0404_face0.png,Middle Eastern,White,Male,50-59,"[1.9015341e-01 3.3261182e-03 1.5821032e-01 2.5186007e-04 4.9913549e-03
 1.0533374e-01 5.3773320e-01]",[9.8133194e-01 6.5454491e-04 1.0922866e-02 7.0906971e-03],[0.98611486 0.01388516],"[1.3136797e-04 4.8330502e-04 2.9090289e-03 3.5463497e-03 2.9124154e-02
 1.7575951e-01 6.3278061e-01 1.2862684e-01 2.6638778e-02]",0,White,40-59
/scratch/project_462000771/mengting/projects/bias/kolors/prompt2/selected_faces/detected_angry/angry_person_0405_face0.png,Indian,Asian,Male,60-69,"[0.05077901 0.04030709 0.05817631 0.00452459 0.09927788 0.5368218
 0.21011333]",[0.02164546 0.0174802  0.86246026 0.09841407],[0.9970732  0.00292685],"[9.3912837e-05 3.5623845e-04 1.2851377e-03 2.0341319e-03 7.0284079e-03
 4.0229779e-02 2.5046232e-01 4.2513940e-01 2.7337068e-01]",0,Others,60+
/scratch/project_462000771/mengting/projects/bias/kolors/prompt2/selected_faces/detected_angry/angry_person_0406_face0.png,Indian,Indian,Male,70+,"[0.00903239 0.16599712 0.08229411 0.00544539 0.05326094 0.63244987
 0.05152013]",[0.004033   0.4418143  0.01381457 0.54033816],[0.7817976  0.21820235],"[1.1751186e-05 6.5236753e-05 8.1919461e-05 1.3966253e-04 5.5796711e-04
 3.4814600e-03 4.1464821e-02 2.5556645e-01 6.9863069e-01]",0,Others,60+
/scratch/project_462000771/mengting/projects/bias/kolors/prompt2/selected_faces/detected_angry/angry_person_0407_face0.png,White,Asian,Male,50-59,"[7.18783796e-01 4.61538285e-02 4.66267429e-02 1.06933599e-04
 4.35656402e-03 1.12849414e-01 7.11228475e-02]",[0.16113742 0.02308455 0.69734037 0.11843772],[0.9989463  0.00105371],"[8.9237665e-06 5.8917845e-05 1.0547756e-03 1.0516657e-02 7.7537969e-02
 2.9951817e-01 4.7275251e-01 1.1143336e-01 2.7118694e-02]",0,White,40-59
/scratch/project_462000771/mengting/projects/bias/kolors/prompt2/selected_faces/detected_angry/angry_person_0408_face0.png,White,White,Male,40-49,"[9.30624068e-01 2.21714340e-02 2.60999762e-02 5.68591058e-04
 1.97692588e-03 1.24123255e-02 6.14674063e-03]",[0.8626999  0.0713455  0.00471067 0.06124393],[0.99396336 0.00603663],"[2.5917139e-05 2.4673698e-04 2.9109719e-03 2.7973099e-02 1.2175384e-01
 4.1955590e-01 4.0054697e-01 2.5692483e-02 1.2940546e-03]",0,White,40-59
/scratch/project_462000771/mengting/projects/bias/kolors/prompt2/selected_faces/detected_angry/angry_person_0409_face0.png,Indian,Indian,Male,70+,"[0.02593632 0.26385155 0.04343837 0.00159085 0.0275539  0.45658347
 0.18104549]",[0.00963949 0.2638142  0.2474439  0.47910234],[0.99772394 0.00227607],"[1.7320317e-05 7.8926008e-05 3.0692373e-04 6.1163970e-04 2.3353542e-03
 1.7342437e-02 1.1903270e-01 4.1339919e-01 4.4687551e-01]",0,Others,60+
/scratch/project_462000771/mengting/projects/bias/kolors/prompt2/selected_faces/detected_angry/angry_person_0410_face0.png,White,Asian,Male,40-49,"[6.57247305e-01 1.03552174e-02 1.73163354e-01 1.75100824e-04
 8.96297954e-03 1.07220784e-01 4.28753234e-02]",[0.01427005 0.00711966 0.9273691  0.05124114],[9.9983406e-01 1.6598101e-04],"[2.41299199e-06 7.70407860e-05 3.17191333e-03 1.15115475e-02
 1.28116950e-01 6.18075550e-01 2.32212469e-01 6.41976343e-03
 4.12382622e-04]",0,White,40-59
/scratch/project_462000771/mengting/projects/bias/kolors/prompt2/selected_faces/detected_angry/angry_person_0411_face0.png,Indian,Asian,Male,30-39,"[1.33614782e-02 1.01763465e-01 2.78706521e-01 3.68053414e-04
 1.17589431e-02 5.79082787e-01 1.49587141e-02]",[0.00153659 0.1256623  0.74955785 0.12324326],[0.997559   0.00244099],"[1.14844420e-06 7.11329922e-05 9.92739573e-03 2.11822063e-01
 5.51482916e-01 2.11766928e-01 1.37536107e-02 1.06209633e-03
 1.12701615e-04]",0,Others,20-39
/scratch/project_462000771/mengting/projects/bias/kolors/prompt2/selected_faces/detected_angry/angry_person_0412_face0.png,Middle Eastern,Asian,Male,70+,"[0.28436938 0.04959569 0.11364896 0.03974437 0.12512365 0.03517078
 0.35234722]",[0.32192898 0.00578716 0.65318435 0.01909949],[0.94578904 0.05421093],"[8.0627306e-06 1.9728190e-05 5.8784735e-05 4.6516370e-04 1.2085232e-03
 5.1635229e-03 3.2952253e-02 2.2203650e-01 7.3808753e-01]",0,White,60+
/scratch/project_462000771/mengting/projects/bias/kolors/prompt2/selected_faces/detected_angry/angry_person_0413_face0.png,Middle Eastern,White,Male,50-59,"[0.15563914 0.01244545 0.28952163 0.00118236 0.03590974 0.11438687
 0.39091477]",[0.8218597  0.01815784 0.08383469 0.07614779],[9.9961638e-01 3.8360304e-04],"[4.5573841e-05 1.2804392e-04 1.2760659e-03 2.1727972e-03 2.2977920e-02
 2.3849808e-01 6.0934031e-01 1.1231945e-01 1.3241806e-02]",0,Others,40-59
/scratch/project_462000771/mengting/projects/bias/kolors/prompt2/selected_faces/detected_angry/angry_person_0414_face0.png,White,White,Male,40-49,"[9.4736505e-01 2.5721520e-04 2.4909165e-02 9.1468632e-05 7.7657116e-04
 1.0888340e-02 1.5712185e-02]",[0.9402375  0.00187832 0.02597463 0.03190953],[0.9692986 0.0307014],"[5.9276258e-06 3.9654169e-05 7.0646044e-04 1.6813980e-02 2.1757373e-01
 5.9830618e-01 1.6099223e-01 5.0518280e-03 5.0998945e-04]",1,White,40-59
/scratch/project_462000771/mengting/projects/bias/kolors/prompt2/selected_faces/detected_angry/angry_person_0415_face0.png,White,Asian,Male,40-49,"[8.6040449e-01 3.7738024e-03 4.5985099e-02 2.8469041e-04 3.0073957e-03
 1.9481005e-02 6.7063555e-02]",[0.38416746 0.00975247 0.55241716 0.05366287],[0.9261872  0.07381276],"[3.8305716e-06 6.0277576e-05 8.6748326e-04 1.9135172e-02 1.6745487e-01
 5.1363564e-01 2.5814188e-01 3.0108858e-02 1.0591950e-02]",0,White,40-59
/scratch/project_462000771/mengting/projects/bias/kolors/prompt2/selected_faces/detected_angry/angry_person_0416_face0.png,White,White,Male,40-49,"[9.5517081e-01 7.1971200e-04 3.1202488e-02 8.9163269e-04 3.3951469e-03
 1.8762819e-03 6.7439629e-03]",[9.9629557e-01 7.6992164e-06 3.6375558e-03 5.9094815e-05],[0.9036221  0.09637792],"[3.7318530e-06 1.6430720e-05 2.4172392e-04 6.7634284e-03 9.0867512e-02
 4.4977385e-01 4.2498067e-01 2.5243506e-02 2.1090689e-03]",1,White,40-59
/scratch/project_462000771/mengting/projects/bias/kolors/prompt2/selected_faces/detected_angry/angry_person_0417_face0.png,White,White,Male,30-39,"[8.7819952e-01 1.0024047e-03 5.9997674e-02 1.4915079e-04 7.0666632e-04
 9.1676367e-03 5.0776988e-02]",[0.9874259  0.00138057 0.00586043 0.0053331 ],[9.9971282e-01 2.8712317e-04],"[1.1676180e-07 1.3342991e-06 3.7286806e-04 1.8452099e-01 7.0099151e-01
 1.1205467e-01 2.0193905e-03 3.7024689e-05 2.1288108e-06]",0,White,20-39
/scratch/project_462000771/mengting/projects/bias/kolors/prompt2/selected_faces/detected_angry/angry_person_0418_face0.png,White,White,Male,30-39,"[6.7072016e-01 8.3829882e-04 2.3550107e-01 6.1402199e-05 5.0017965e-04
 2.4100963e-02 6.8277873e-02]",[9.8971164e-01 2.0277889e-04 1.3567102e-03 8.7289214e-03],[0.7211737  0.27882627],"[6.0736756e-06 1.0861934e-04 5.1749256e-03 8.8191122e-02 4.5372224e-01
 3.9309770e-01 5.6617081e-02 2.9019536e-03 1.8026662e-04]",0,White,20-39
/scratch/project_462000771/mengting/projects/bias/kolors/prompt2/selected_faces/detected_angry/angry_person_0419_face0.png,White,White,Male,30-39,"[9.2685455e-01 3.0147683e-04 4.2839024e-02 1.8858894e-04 1.3383721e-03
 3.5381855e-03 2.4939796e-02]",[9.8528147e-01 1.3131417e-04 8.2501648e-03 6.3371030e-03],[9.9999851e-01 1.4713513e-06],"[5.9174226e-08 3.2270896e-06 1.0639376e-03 8.2967922e-02 6.0532200e-01
 3.0296725e-01 7.6429313e-03 3.2067142e-05 6.6177728e-07]",0,White,20-39
/scratch/project_462000771/mengting/projects/bias/kolors/prompt2/selected_faces/detected_angry/angry_person_0420_face0.png,Indian,Asian,Male,70+,"[0.05277351 0.03005153 0.12274957 0.00334505 0.06493838 0.46286967
 0.2632723 ]",[0.01005628 0.01664301 0.9150808  0.05821992],[0.9963859  0.00361413],"[3.2471133e-05 1.7536535e-04 1.1053855e-03 1.8343260e-03 3.1542291e-03
 1.4917315e-02 1.2794976e-01 3.9696768e-01 4.5386347e-01]",0,Others,60+
/scratch/project_462000771/mengting/projects/bias/kolors/prompt2/selected_faces/detected_angry/angry_person_0421_face0.png,White,Asian,Male,70+,"[0.34470552 0.00897941 0.10151435 0.00803877 0.04601641 0.18416724
 0.30657828]",[0.07547363 0.02619149 0.7025474  0.19578752],[0.9827872  0.01721287],"[7.4615935e-05 4.7249772e-04 2.1111183e-03 5.2443016e-03 8.8211000e-03
 3.2070342e-02 1.0929854e-01 3.1396022e-01 5.2794731e-01]",0,White,60+
/scratch/project_462000771/mengting/projects/bias/kolors/prompt2/selected_faces/detected_angry/angry_person_0422_face0.png,White,White,Male,20-29,"[9.9273819e-01 3.6926026e-04 2.1833498e-03 4.8523125e-06 1.7508421e-05
 7.7241122e-05 4.6095578e-03]",[9.992265e-01 9.651655e-05 6.996270e-05 6.069361e-04],[0.99390846 0.0060915 ],"[2.0780750e-08 4.9517053e-06 7.4302168e-03 6.4208180e-01 3.1592742e-01
 3.3694882e-02 8.3855545e-04 2.1126983e-05 1.0780285e-06]",0,White,20-39
/scratch/project_462000771/mengting/projects/bias/kolors/prompt2/selected_faces/detected_angry/angry_person_0423_face0.png,Indian,Indian,Male,40-49,"[0.09390964 0.06774539 0.12027224 0.00191151 0.0156075  0.36629596
 0.33425778]",[0.01249561 0.00970596 0.4468052  0.5309932 ],[0.9548746  0.04512541],"[2.6742186e-05 2.4396011e-04 2.0544278e-03 1.8877123e-02 1.0969242e-01
 3.5601062e-01 2.9955101e-01 1.3968162e-01 7.3862061e-02]",0,Others,40-59
/scratch/project_462000771/mengting/projects/bias/kolors/prompt2/selected_faces/detected_angry/angry_person_0424_face0.png,White,White,Male,40-49,"[0.7755399  0.02420441 0.07431132 0.00077764 0.00705061 0.05980153
 0.05831469]",[0.92891294 0.00957182 0.05576378 0.00575147],[0.995039 0.004961],"[5.2447026e-06 2.1226557e-05 3.2074907e-04 8.1235245e-03 9.9460594e-02
 4.1411361e-01 4.1178644e-01 5.2949134e-02 1.3219462e-02]",0,White,40-59
/scratch/project_462000771/mengting/projects/bias/kolors/prompt2/selected_faces/detected_angry/angry_person_0425_face0.png,White,White,Male,50-59,"[0.59062517 0.03842536 0.10729402 0.00095995 0.01100316 0.08218182
 0.1695105 ]",[0.6984581  0.08633687 0.16375528 0.0514498 ],[0.99880123 0.00119879],"[1.0948417e-06 1.0889946e-06 4.1867988e-05 7.8716818e-03 9.6001193e-02
 3.2855317e-01 3.9984584e-01 1.4223868e-01 2.5445297e-02]",1,White,40-59
/scratch/project_462000771/mengting/projects/bias/kolors/prompt2/selected_faces/detected_angry/angry_person_0426_face0.png,Black,Indian,Male,50-59,"[1.5457973e-01 5.9977108e-01 8.9009762e-02 1.2136647e-04 7.8512979e-04
 1.1768646e-01 3.8046420e-02]",[0.01975417 0.27610865 0.07042937 0.63370776],[0.9654032  0.03459674],"[1.3621364e-05 2.0190040e-04 1.2693668e-03 1.2537497e-02 4.6859350e-02
 1.7527679e-01 3.7282994e-01 2.8030652e-01 1.1070504e-01]",0,Black,40-59
/scratch/project_462000771/mengting/projects/bias/kolors/prompt2/selected_faces/detected_angry/angry_person_0427_face0.png,White,White,Male,40-49,"[9.3515682e-01 1.1063275e-02 3.6304001e-02 2.1049075e-04 1.2164493e-03
 4.4635185e-03 1.1585292e-02]",[9.7521240e-01 2.7554904e-03 2.1194352e-02 8.3770737e-04],[0.73995197 0.26004803],"[2.7414703e-06 2.6734273e-05 4.9158873e-04 3.0901736e-02 2.1360821e-01
 3.9879397e-01 3.1545100e-01 3.3854071e-02 6.8699950e-03]",1,White,40-59
/scratch/project_462000771/mengting/projects/bias/kolors/prompt2/selected_faces/detected_angry/angry_person_0428_face0.png,Indian,Indian,Male,40-49,"[2.2884713e-02 2.1568285e-01 3.7856355e-02 6.0313203e-05 2.1923643e-03
 6.7771816e-01 4.3605231e-02]",[0.03771301 0.21432336 0.07411379 0.6738498 ],[9.9986798e-01 1.3201503e-04],"[4.7424314e-06 3.5245594e-05 6.3464523e-04 1.9219290e-02 1.5338238e-01
 4.8839083e-01 2.8297335e-01 4.9341302e-02 6.0181757e-03]",0,Others,40-59
/scratch/project_462000771/mengting/projects/bias/kolors/prompt2/selected_faces/detected_angry/angry_person_0430_face0.png,Black,White,Male,50-59,"[9.6155345e-02 4.3155703e-01 5.3483892e-02 2.2057725e-04 4.9089533e-03
 3.8319537e-01 3.0478854e-02]",[0.44712302 0.1984779  0.16452326 0.18987586],[0.99772334 0.00227669],"[1.2120546e-05 6.6266664e-05 6.0564466e-04 1.4542969e-02 1.2791225e-01
 3.2864276e-01 3.5793543e-01 1.2884840e-01 4.1434161e-02]",0,Black,40-59
/scratch/project_462000771/mengting/projects/bias/kolors/prompt2/selected_faces/detected_angry/angry_person_0431_face0.png,White,White,Male,30-39,"[5.3169978e-01 1.3857875e-02 6.6844344e-02 8.4940315e-05 3.8933958e-04
 7.2263656e-03 3.7989739e-01]",[0.9706615  0.00504552 0.00129083 0.02300215],[0.92199534 0.07800461],"[6.9619591e-07 6.7901460e-06 7.4769114e-04 7.4151926e-02 5.5771053e-01
 3.2963219e-01 3.6331329e-02 1.3509423e-03 6.7817222e-05]",0,White,20-39
/scratch/project_462000771/mengting/projects/bias/kolors/prompt2/selected_faces/detected_angry/angry_person_0432_face0.png,White,Asian,Male,30-39,"[0.69768393 0.03251761 0.13328621 0.01617104 0.07851157 0.02177631
 0.02005337]",[0.3051232  0.03368868 0.34987587 0.31131223],[9.9938297e-01 6.1701215e-04],"[1.81976327e-06 1.00075624e-04 8.67888052e-03 3.73370320e-01
 4.74669933e-01 1.33901551e-01 8.64573848e-03 5.28853328e-04
 1.02877886e-04]",1,White,20-39
/scratch/project_462000771/mengting/projects/bias/kolors/prompt2/selected_faces/detected_angry/angry_person_0433_face0.png,White,White,Male,30-39,"[0.58397216 0.00472357 0.29789495 0.00344097 0.01493068 0.07544281
 0.01959482]",[0.91404456 0.00187223 0.05267756 0.03140566],[0.99797386 0.00202613],"[7.7918560e-07 1.6818924e-05 1.5471193e-03 1.5930000e-01 6.2475407e-01
 2.0705315e-01 7.0055965e-03 2.9161005e-04 3.0860312e-05]",0,White,20-39
/scratch/project_462000771/mengting/projects/bias/kolors/prompt2/selected_faces/detected_angry/angry_person_0434_face0.png,Indian,Indian,Male,60-69,"[0.00292527 0.00933736 0.05401496 0.00111297 0.03196415 0.8984905
 0.00215477]",[0.01707059 0.02660878 0.19169793 0.7646227 ],[9.995249e-01 4.751527e-04],"[1.0035914e-04 6.9796480e-04 1.9492139e-03 1.1941863e-03 6.1551300e-03
 8.2967989e-02 3.5862610e-01 4.0360934e-01 1.4469969e-01]",0,Others,60+
/scratch/project_462000771/mengting/projects/bias/kolors/prompt2/selected_faces/detected_angry/angry_person_0435_face0.png,Black,White,Male,40-49,"[0.12110692 0.49043018 0.10937501 0.00126962 0.05100832 0.19105215
 0.03575778]",[0.52795976 0.05392985 0.05144056 0.3666698 ],[9.99888778e-01 1.11252266e-04],"[3.3629485e-06 3.7775739e-05 8.1016193e-04 2.5826264e-02 1.8459943e-01
 4.7713226e-01 2.6203653e-01 4.1853610e-02 7.7005839e-03]",0,Black,40-59
/scratch/project_462000771/mengting/projects/bias/kolors/prompt2/selected_faces/detected_angry/angry_person_0437_face0.png,White,White,Male,40-49,"[9.8132771e-01 2.6762432e-06 5.1427452e-04 1.1145176e-05 5.8435344e-05
 1.2765532e-04 1.7958108e-02]",[9.8341900e-01 1.2012522e-05 1.5679153e-02 8.8985672e-04],[0.9307373  0.06926269],"[6.21445724e-06 5.63893809e-05 7.18687661e-04 1.64347924e-02
 1.16218306e-01 5.65868437e-01 2.93015152e-01 7.13679381e-03
 5.45244955e-04]",1,White,40-59
/scratch/project_462000771/mengting/projects/bias/kolors/prompt2/selected_faces/detected_angry/angry_person_0438_face0.png,White,White,Male,30-39,"[7.9137671e-01 4.8356346e-04 5.7321362e-02 6.3182466e-05 7.9238956e-04
 1.5907068e-02 1.3405582e-01]",[9.804662e-01 3.500362e-04 9.601321e-03 9.582501e-03],[9.9965429e-01 3.4567225e-04],"[9.9976705e-07 5.6485518e-05 4.2097783e-03 2.0952003e-01 5.2030617e-01
 2.5184956e-01 1.3775190e-02 2.5962334e-04 2.2116821e-05]",0,White,20-39
/scratch/project_462000771/mengting/projects/bias/kolors/prompt2/selected_faces/detected_angry/angry_person_0439_face0.png,Black,Asian,Male,40-49,"[0.08872494 0.45685253 0.02963061 0.00764103 0.19827735 0.19019006
 0.02868349]",[0.01951505 0.12277503 0.7881059  0.06960405],[9.9978709e-01 2.1284472e-04],"[1.7082161e-06 2.1960126e-05 3.8645032e-04 1.4949799e-02 9.0996824e-02
 3.5282278e-01 3.0231458e-01 1.6080543e-01 7.7700540e-02]",0,Black,40-59
/scratch/project_462000771/mengting/projects/bias/kolors/prompt2/selected_faces/detected_angry/angry_person_0440_face0.png,White,White,Male,30-39,"[0.877166   0.00385451 0.05610574 0.00688155 0.0099245  0.01369298
 0.0323748 ]",[9.7119647e-01 4.8473119e-04 1.1540849e-02 1.6777894e-02],[0.94850695 0.05149298],"[1.5011919e-06 2.9882598e-05 2.1558998e-03 1.5983786e-01 4.9498168e-01
 3.0693442e-01 3.2956392e-02 2.7063717e-03 3.9601963e-04]",0,White,20-39
/scratch/project_462000771/mengting/projects/bias/kolors/prompt2/selected_faces/detected_angry/angry_person_0441_face0.png,White,White,Male,30-39,"[7.115850e-01 6.969249e-04 1.914640e-01 6.484262e-04 4.863226e-03
 4.616959e-03 8.612551e-02]",[9.9398726e-01 2.2438298e-04 5.0280513e-03 7.6041662e-04],[0.9823261  0.01767391],"[1.4157773e-06 1.1148517e-05 1.1438178e-03 6.4643890e-02 5.1330131e-01
 3.8122454e-01 3.9039068e-02 6.2203570e-04 1.2809831e-05]",1,White,20-39
/scratch/project_462000771/mengting/projects/bias/kolors/prompt2/selected_faces/detected_angry/angry_person_0442_face0.png,White,White,Male,30-39,"[7.9673147e-01 9.3662389e-02 5.4471057e-02 1.2893537e-04 1.2114594e-03
 2.0970607e-02 3.2823995e-02]",[0.9741775  0.00198839 0.01764919 0.00618492],[9.9931639e-01 6.8358064e-04],"[2.0116443e-06 2.0998110e-05 3.3662291e-04 4.7254447e-02 4.9155647e-01
 4.0210953e-01 5.6562621e-02 1.9915358e-03 1.6581993e-04]",0,White,20-39
/scratch/project_462000771/mengting/projects/bias/kolors/prompt2/selected_faces/detected_angry/angry_person_0443_face0.png,White,White,Male,50-59,"[4.1143376e-01 2.8806233e-01 5.3294100e-02 9.3247174e-05 2.1785500e-03
 2.3555900e-01 9.3789827e-03]",[0.56184    0.08360008 0.07386369 0.2806963 ],[9.994853e-01 5.147320e-04],"[1.6434209e-05 8.0462596e-05 6.1860017e-04 4.3219044e-03 3.4990024e-02
 2.0562729e-01 5.9979445e-01 1.4154811e-01 1.3002710e-02]",0,White,40-59
/scratch/project_462000771/mengting/projects/bias/kolors/prompt2/selected_faces/detected_angry/angry_person_0445_face0.png,White,White,Male,40-49,"[9.0050632e-01 4.3454813e-03 5.3211208e-02 2.5782100e-04 1.9585339e-03
 2.1460284e-02 1.8260337e-02]",[0.8192132  0.00515173 0.14239496 0.03324011],[0.9669536  0.03304639],"[5.4516672e-06 1.1644551e-04 2.0466084e-03 5.6771103e-02 2.8464708e-01
 4.2012838e-01 2.0464204e-01 2.5310619e-02 6.3323402e-03]",0,White,40-59
/scratch/project_462000771/mengting/projects/bias/kolors/prompt2/selected_faces/detected_angry/angry_person_0446_face0.png,White,White,Male,40-49,"[0.7914727  0.00732472 0.05587523 0.00152247 0.0110429  0.02278209
 0.10997994]",[9.6285653e-01 9.5137156e-04 1.9947691e-02 1.6244465e-02],[0.9552781  0.04472193],"[2.2638419e-06 1.6087333e-05 5.1350903e-04 4.6603642e-02 2.5767916e-01
 4.0974921e-01 2.4662720e-01 3.1821270e-02 6.9877310e-03]",0,White,40-59
/scratch/project_462000771/mengting/projects/bias/kolors/prompt2/selected_faces/detected_angry/angry_person_0447_face0.png,Indian,Indian,Male,50-59,"[2.0201208e-02 1.4460546e-01 8.5792970e-03 2.2534815e-04 7.7060978e-03
 8.1628108e-01 2.4014558e-03]",[0.08913668 0.2935064  0.10906529 0.50829166],[0.9988372  0.00116284],"[2.1830210e-06 2.5020454e-05 2.5684980e-04 6.1815302e-03 2.6194975e-02
 1.6103373e-01 2.9254505e-01 2.9062521e-01 2.2313546e-01]",0,Others,40-59
/scratch/project_462000771/mengting/projects/bias/kolors/prompt2/selected_faces/detected_angry/angry_person_0448_face0.png,White,White,Male,40-49,"[6.4128846e-01 2.5946170e-01 6.7470707e-02 5.9603142e-05 4.3519886e-04
 1.9221256e-02 1.2063137e-02]",[0.7431839  0.152452   0.00270564 0.1016584 ],[0.99855876 0.00144123],"[6.6836645e-07 1.2448349e-05 1.7680232e-04 1.7892113e-02 3.6982709e-01
 5.5388618e-01 5.7385817e-02 7.8679912e-04 3.2033608e-05]",0,White,40-59
/scratch/project_462000771/mengting/projects/bias/kolors/prompt2/selected_faces/detected_angry/angry_person_0449_face0.png,White,Indian,Male,40-49,"[0.25804436 0.2165382  0.1760288  0.00101059 0.01283329 0.257643
 0.07790175]",[0.00782366 0.12046626 0.10068507 0.77102506],[0.9937952  0.00620478],"[6.5861668e-06 8.6254193e-05 1.5368831e-03 6.5432459e-02 3.4427914e-01
 4.3719131e-01 1.3356422e-01 1.5460132e-02 2.4430060e-03]",0,White,40-59
/scratch/project_462000771/mengting/projects/bias/kolors/prompt2/selected_faces/detected_angry/angry_person_0450_face0.png,Southeast Asian,Asian,Male,70+,"[0.01359433 0.06354067 0.12194553 0.02059649 0.4272925  0.29941937
 0.05361107]",[0.00334386 0.00636837 0.96466917 0.02561862],[0.98785657 0.01214341],"[6.5832690e-05 3.6393889e-04 9.1166561e-04 1.0515455e-03 1.9268208e-03
 6.7773885e-03 5.0081149e-02 3.4293213e-01 5.9588945e-01]",0,Asian,60+
/scratch/project_462000771/mengting/projects/bias/kolors/prompt2/selected_faces/detected_angry/angry_person_0451_face0.png,White,White,Male,40-49,"[0.9279593  0.0040573  0.01415469 0.00095686 0.00307833 0.00311935
 0.04667412]",[9.9123162e-01 1.6087435e-04 7.3255207e-03 1.2819510e-03],[0.98670286 0.01329715],"[1.7643721e-05 1.3123036e-04 1.4950586e-03 3.9734047e-02 2.1862018e-01
 4.8736739e-01 2.2281277e-01 2.4930898e-02 4.8908368e-03]",0,White,40-59
/scratch/project_462000771/mengting/projects/bias/kolors/prompt2/selected_faces/detected_angry/angry_person_0452_face0.png,White,White,Female,30-39,"[9.6122509e-01 1.0359363e-03 2.4537807e-02 1.1504350e-05 4.0701329e-05
 3.7339033e-04 1.2775569e-02]",[9.8446822e-01 2.1060323e-03 8.1036973e-04 1.2615413e-02],[0.13883525 0.86116475],"[3.4547122e-07 2.8225621e-05 3.8749853e-03 2.7416959e-01 5.7070756e-01
 1.4650807e-01 4.5570144e-03 1.4316577e-04 1.1007049e-05]",0,White,20-39
/scratch/project_462000771/mengting/projects/bias/kolors/prompt2/selected_faces/detected_angry/angry_person_0453_face0.png,Black,Black,Male,60-69,"[2.1055106e-04 9.6616703e-01 3.5335100e-03 9.0510890e-05 2.6607292e-03
 2.6756788e-02 5.8086525e-04]",[0.00242619 0.7055868  0.17275333 0.11923365],[0.9978934  0.00210663],"[8.1123408e-06 7.2434363e-05 2.9065961e-04 1.6873035e-03 1.0472414e-02
 5.6094877e-02 1.6817634e-01 4.3301642e-01 3.3018139e-01]",0,Black,60+
/scratch/project_462000771/mengting/projects/bias/kolors/prompt2/selected_faces/detected_angry/angry_person_0454_face0.png,Indian,Asian,Male,50-59,"[0.28867245 0.02319426 0.1181761  0.00208601 0.05576722 0.41002437
 0.10207956]",[0.26498514 0.00937802 0.38586125 0.33977556],[0.9921035  0.00789654],"[3.7163765e-05 2.6107536e-04 1.4285492e-03 5.2973418e-03 2.6162408e-02
 1.1782381e-01 3.7246665e-01 2.8333926e-01 1.9318374e-01]",0,Others,40-59
/scratch/project_462000771/mengting/projects/bias/kolors/prompt2/selected_faces/detected_angry/angry_person_0455_face0.png,Indian,Asian,Female,40-49,"[0.13966021 0.16279027 0.18595897 0.02695874 0.16950068 0.2669261
 0.04820498]",[0.03958352 0.11446628 0.50424904 0.34170115],[0.48306733 0.51693267],"[1.24181870e-05 1.51968532e-04 1.23584003e-03 1.51611436e-02
 1.00040525e-01 3.11924964e-01 3.05723876e-01 1.54644489e-01
 1.11104727e-01]",0,Others,40-59
/scratch/project_462000771/mengting/projects/bias/kolors/prompt2/selected_faces/detected_angry/angry_person_0456_face0.png,Latino_Hispanic,Asian,Male,50-59,"[0.21711174 0.00760587 0.39063337 0.00100991 0.04345179 0.30617929
 0.03400814]",[0.12133276 0.00549346 0.8150498  0.058124  ],[0.9477633 0.0522367],"[2.2021037e-05 1.9407966e-04 1.6970815e-03 2.6156267e-03 3.1051431e-02
 2.6868439e-01 4.4463000e-01 1.8892699e-01 6.2178355e-02]",0,Others,40-59
/scratch/project_462000771/mengting/projects/bias/kolors/prompt2/selected_faces/detected_angry/angry_person_0457_face0.png,Middle Eastern,Black,Male,50-59,"[0.02879386 0.18459369 0.09936534 0.00129659 0.00812707 0.3176852
 0.36013833]",[0.00694445 0.5890753  0.04969562 0.3542846 ],[0.9895506 0.0104494],"[2.7337240e-04 5.3396996e-04 5.8293890e-04 9.1978017e-04 7.8619579e-03
 8.7998562e-02 5.2255249e-01 2.8457886e-01 9.4698101e-02]",1,Others,40-59
/scratch/project_462000771/mengting/projects/bias/kolors/prompt2/selected_faces/detected_angry/angry_person_0458_face0.png,White,White,Male,40-49,"[9.7051495e-01 2.9487547e-03 1.7025998e-02 1.1279293e-04 1.2471431e-03
 2.9326782e-03 5.2178199e-03]",[0.89345765 0.00112586 0.08165464 0.02376183],[9.99986649e-01 1.33655985e-05],"[5.1037904e-07 1.7471259e-05 1.0019657e-03 1.9812785e-02 2.9818743e-01
 6.0231924e-01 7.8121267e-02 5.2718830e-04 1.2162993e-05]",0,White,40-59
/scratch/project_462000771/mengting/projects/bias/kolors/prompt2/selected_faces/detected_angry/angry_person_0459_face0.png,White,White,Male,40-49,"[8.0352211e-01 5.3420230e-03 1.2293641e-01 6.6770022e-05 8.6619402e-04
 8.2199657e-03 5.9046630e-02]",[9.9620765e-01 1.9007704e-04 1.0328162e-03 2.5694461e-03],[9.999565e-01 4.352370e-05],"[3.8047799e-06 2.3182951e-05 2.9317991e-04 1.0739575e-02 2.7967203e-01
 5.9269214e-01 1.1539213e-01 1.1394467e-03 4.4403168e-05]",0,White,40-59
/scratch/project_462000771/mengting/projects/bias/kolors/prompt2/selected_faces/detected_angry/angry_person_0460_face0.png,Indian,Asian,Male,60-69,"[0.06311417 0.19602896 0.21440725 0.00717106 0.06316599 0.28744638
 0.16866624]",[0.00871146 0.06959251 0.78693044 0.1347656 ],[0.99241054 0.00758948],"[1.6246618e-04 3.6218142e-04 4.6291426e-04 9.1231545e-04 4.9948664e-03
 4.1210528e-02 3.5268381e-01 4.3686733e-01 1.6234367e-01]",0,Others,60+
/scratch/project_462000771/mengting/projects/bias/kolors/prompt2/selected_faces/detected_angry/angry_person_0461_face0.png,Black,Indian,Male,40-49,"[2.1693927e-01 4.6820197e-01 1.4721048e-01 2.4922870e-04 2.0452940e-03
 4.8963264e-02 1.1639054e-01]",[0.23275357 0.18217526 0.04055957 0.54451156],[0.99537575 0.00462428],"[7.2706193e-06 1.2843685e-04 2.9653471e-03 6.5774664e-02 2.8724837e-01
 4.5226219e-01 1.6384833e-01 2.5218047e-02 2.5473649e-03]",0,Black,40-59
/scratch/project_462000771/mengting/projects/bias/kolors/prompt2/selected_faces/detected_angry/angry_person_0462_face0.png,Southeast Asian,Asian,Male,50-59,"[0.06008106 0.06785972 0.03247284 0.04713478 0.4876702  0.30100957
 0.00377179]",[0.0033877  0.00292912 0.9577052  0.03597802],[0.9429571  0.05704289],"[4.9357232e-06 4.0710853e-05 3.3911882e-04 6.8535907e-03 3.2316767e-02
 1.7078216e-01 2.8439969e-01 2.7629483e-01 2.2896820e-01]",0,Asian,40-59
/scratch/project_462000771/mengting/projects/bias/kolors/prompt2/selected_faces/detected_angry/angry_person_0463_face0.png,White,White,Male,40-49,"[9.2911768e-01 2.9321998e-05 2.4826681e-02 3.0488993e-05 1.8096321e-04
 1.3964140e-03 4.4418488e-02]",[9.9985170e-01 1.6148821e-06 5.7236466e-05 8.9469810e-05],[0.8317813 0.1682187],"[1.2931821e-06 2.3122129e-05 6.2244805e-03 1.2322049e-01 2.8843051e-01
 3.9611131e-01 1.6495249e-01 1.9420588e-02 1.6157125e-03]",1,White,40-59
/scratch/project_462000771/mengting/projects/bias/kolors/prompt2/selected_faces/detected_angry/angry_person_0464_face0.png,Indian,Indian,Male,30-39,"[0.04202509 0.09717146 0.22009099 0.00084797 0.01867826 0.57695997
 0.04422623]",[0.01115889 0.00519767 0.4744149  0.5092286 ],[0.97304136 0.02695865],"[1.6043890e-06 3.3210235e-05 3.4604557e-03 1.1523847e-01 4.7525978e-01
 3.4466955e-01 5.3202000e-02 7.3517798e-03 7.8310003e-04]",0,Others,20-39
/scratch/project_462000771/mengting/projects/bias/kolors/prompt2/selected_faces/detected_angry/angry_person_0465_face0.png,Indian,Asian,Male,50-59,"[0.02161596 0.00460139 0.23368745 0.00402053 0.0996678  0.600763
 0.03564382]",[0.04237093 0.03670803 0.47326693 0.44765413],[0.9931858  0.00681416],"[2.2776323e-04 1.6628394e-03 4.1546007e-03 2.9041525e-03 1.0968179e-02
 8.2053073e-02 4.1437426e-01 3.3940959e-01 1.4424561e-01]",1,Others,40-59
/scratch/project_462000771/mengting/projects/bias/kolors/prompt2/selected_faces/detected_angry/angry_person_0466_face0.png,Indian,Asian,Male,60-69,"[9.5374500e-03 1.2561738e-01 4.2005576e-02 4.0868402e-04 1.9842347e-02
 7.8526872e-01 1.7319808e-02]",[0.02164687 0.07683855 0.46095267 0.44056192],[0.9942222  0.00577781],"[2.1933065e-05 1.9318111e-04 1.8866204e-03 1.0246428e-02 3.7574660e-02
 1.2648675e-01 3.1197408e-01 3.2992890e-01 1.8168747e-01]",0,Others,60+
/scratch/project_462000771/mengting/projects/bias/kolors/prompt2/selected_faces/detected_angry/angry_person_0467_face0.png,White,White,Male,40-49,"[6.5188402e-01 7.7530026e-02 1.1743752e-01 5.6929351e-04 7.2262352e-03
 5.8687042e-02 8.6665876e-02]",[0.8461464  0.00333652 0.05691045 0.09360671],[0.98812145 0.01187853],"[1.5761339e-05 1.7654040e-04 2.8689266e-03 5.1411547e-02 2.0569468e-01
 4.2581892e-01 2.3811181e-01 6.0776308e-02 1.5125565e-02]",0,White,40-59
/scratch/project_462000771/mengting/projects/bias/kolors/prompt2/selected_faces/detected_angry/angry_person_0468_face0.png,White,White,Male,50-59,"[8.3747697e-01 2.9027329e-03 4.2967144e-02 9.3993229e-05 1.4840020e-03
 5.8900122e-02 5.6175094e-02]",[0.5819109  0.01147392 0.15296464 0.2536506 ],[0.99177694 0.00822309],"[3.8276310e-05 3.6571559e-04 2.6297295e-03 9.3278578e-03 6.0024194e-02
 3.5042277e-01 5.1275402e-01 5.4483183e-02 9.9542914e-03]",0,White,40-59
/scratch/project_462000771/mengting/projects/bias/kolors/prompt2/selected_faces/detected_angry/angry_person_0469_face0.png,Middle Eastern,White,Male,70+,"[0.14249451 0.0165307  0.12304033 0.02857817 0.05107795 0.16712934
 0.471149  ]",[0.5307973  0.00939097 0.34525213 0.11455964],[0.7610225  0.23897749],"[2.5194231e-04 1.8317775e-03 4.1626114e-03 9.3745189e-03 1.5377862e-02
 4.6331003e-02 1.2405182e-01 2.5956464e-01 5.3905380e-01]",0,Others,60+
/scratch/project_462000771/mengting/projects/bias/kolors/prompt2/selected_faces/detected_angry/angry_person_0470_face0.png,White,White,Male,20-29,"[0.44025254 0.00392573 0.35667706 0.00419725 0.02942333 0.06197919
 0.10354492]",[9.7441661e-01 6.4113701e-04 5.0368262e-03 1.9905435e-02],[9.9982452e-01 1.7546101e-04],"[1.1336697e-06 4.7677962e-04 1.9278744e-01 6.7927897e-01 1.1915746e-01
 8.1312247e-03 1.5379454e-04 1.2434608e-05 8.0489934e-07]",0,White,20-39
/scratch/project_462000771/mengting/projects/bias/kolors/prompt2/selected_faces/detected_angry/angry_person_0471_face0.png,Indian,Asian,Male,60-69,"[0.01205601 0.07393152 0.06371482 0.00095245 0.05864815 0.78515476
 0.00554225]",[0.00481897 0.01703708 0.57228297 0.40586102],[0.9916029  0.00839707],"[4.8618726e-06 3.7970996e-05 2.8252357e-04 2.2492148e-03 2.2457626e-02
 1.4823022e-01 3.0938116e-01 3.1003976e-01 2.0731659e-01]",0,Others,60+
/scratch/project_462000771/mengting/projects/bias/kolors/prompt2/selected_faces/detected_angry/angry_person_0472_face0.png,White,White,Male,40-49,"[0.40100837 0.17363963 0.15795834 0.00040364 0.00734613 0.13677274
 0.12287104]",[0.5281422  0.03608101 0.30261397 0.13316277],[9.9907434e-01 9.2565053e-04],"[4.1894227e-06 3.2984761e-05 6.2554074e-04 3.3615235e-02 3.3865443e-01
 4.8525175e-01 1.3029703e-01 9.9867387e-03 1.5321749e-03]",0,White,40-59
/scratch/project_462000771/mengting/projects/bias/kolors/prompt2/selected_faces/detected_angry/angry_person_0474_face0.png,White,Black,Male,30-39,"[0.6048193  0.02275086 0.29182038 0.00090854 0.00262958 0.01252402
 0.0645474 ]",[0.29347715 0.5129337  0.0494013  0.14418788],[0.62771434 0.37228566],"[1.9644381e-06 6.2192608e-05 6.3804528e-03 2.0496827e-01 5.8218199e-01
 1.9418627e-01 1.1815042e-02 3.8056364e-04 2.3357710e-05]",0,White,20-39
/scratch/project_462000771/mengting/projects/bias/kolors/prompt2/selected_faces/detected_angry/angry_person_0475_face0.png,White,White,Male,50-59,"[0.58419055 0.16917254 0.11072699 0.00340166 0.01071634 0.03460014
 0.08719178]",[0.6475559  0.24511653 0.03266779 0.07465979],[0.9886745  0.01132544],"[1.0153646e-05 1.5510454e-05 7.5564923e-05 2.4334628e-03 3.7076775e-02
 2.8096181e-01 5.4021424e-01 1.1845041e-01 2.0762086e-02]",0,White,40-59
/scratch/project_462000771/mengting/projects/bias/kolors/prompt2/selected_faces/detected_angry/angry_person_0476_face0.png,Latino_Hispanic,White,Male,50-59,"[0.33468327 0.00581017 0.374062   0.00615757 0.1260749  0.12452207
 0.02869006]",[0.5845287  0.0141843  0.33118764 0.07009941],[0.9790524  0.02094762],"[5.5803021e-06 3.0287452e-05 4.4142915e-04 3.4060967e-03 5.5483732e-02
 3.5947028e-01 4.5919260e-01 9.8412365e-02 2.3557635e-02]",0,Others,40-59
/scratch/project_462000771/mengting/projects/bias/kolors/prompt2/selected_faces/detected_angry/angry_person_0477_face0.png,Middle Eastern,White,Male,70+,"[0.0724024  0.00395007 0.12780891 0.00213383 0.05173542 0.32818624
 0.41378307]",[0.8929777  0.00378271 0.07844044 0.02479923],[0.988907   0.01109304],"[1.9694262e-04 1.2622813e-03 3.4590757e-03 1.9301351e-03 4.6704989e-03
 3.1617686e-02 2.0882751e-01 3.6254412e-01 3.8549170e-01]",0,Others,60+
/scratch/project_462000771/mengting/projects/bias/kolors/prompt2/selected_faces/detected_angry/angry_person_0478_face0.png,White,White,Female,30-39,"[9.6026725e-01 8.3798004e-05 1.3804890e-02 3.7692043e-05 9.6822230e-05
 4.6176132e-04 2.5247637e-02]",[9.9966204e-01 1.1444820e-04 1.1818089e-04 1.0536441e-04],[0.16118343 0.8388165 ],"[2.5535053e-07 9.5477690e-06 1.8981413e-03 1.6848446e-01 4.6998122e-01
 3.2579699e-01 3.2847989e-02 9.3060388e-04 5.0739458e-05]",0,White,20-39
/scratch/project_462000771/mengting/projects/bias/kolors/prompt2/selected_faces/detected_angry/angry_person_0479_face0.png,White,White,Male,30-39,"[6.6551369e-01 5.4280225e-02 1.6714674e-01 4.7387270e-04 1.9916464e-03
 3.1091752e-02 7.9502150e-02]",[9.9754226e-01 2.3588570e-04 1.5452097e-03 6.7668909e-04],[0.95549613 0.04450387],"[2.51536426e-06 3.82648686e-05 1.11024070e-03 1.08048126e-01
 5.54709136e-01 2.92460740e-01 4.19136174e-02 1.57562562e-03
 1.41699580e-04]",0,White,20-39
/scratch/project_462000771/mengting/projects/bias/kolors/prompt2/selected_faces/detected_angry/angry_person_0480_face0.png,White,White,Male,40-49,"[9.8600984e-01 1.2490288e-03 6.5542334e-03 3.7622096e-05 2.8512673e-04
 1.1464515e-03 4.7177109e-03]",[0.6776709 0.007838  0.2852846 0.0292065],[0.9986053  0.00139473],"[1.2224392e-06 9.4795105e-06 1.8458134e-04 3.5240727e-03 8.4037781e-02
 5.5258703e-01 3.4916747e-01 9.5803542e-03 9.0811058e-04]",0,White,40-59
/scratch/project_462000771/mengting/projects/bias/kolors/prompt2/selected_faces/detected_angry/angry_person_0481_face0.png,Middle Eastern,White,Female,50-59,"[2.7082592e-01 6.4689200e-03 1.3947229e-01 3.2617350e-04 1.4613372e-03
 3.5827801e-02 5.4561758e-01]",[0.91840875 0.00883978 0.02143775 0.05131378],[0.19856644 0.80143356],"[2.0869358e-05 1.0208564e-04 6.0859730e-04 3.4877800e-03 2.5401823e-02
 1.3152528e-01 3.3470964e-01 3.1480926e-01 1.8933463e-01]",0,White,40-59
/scratch/project_462000771/mengting/projects/bias/kolors/prompt2/selected_faces/detected_angry/angry_person_0482_face0.png,Middle Eastern,White,Male,60-69,"[0.11828722 0.03551689 0.14739747 0.00675594 0.04786329 0.26483202
 0.37934718]",[0.89182806 0.00421169 0.06662147 0.03733874],[0.9860353  0.01396469],"[8.5181120e-05 1.5091525e-04 2.9834564e-04 7.0335815e-04 3.0373882e-03
 2.3855446e-02 3.1290787e-01 4.4679037e-01 2.1217111e-01]",0,Others,60+
/scratch/project_462000771/mengting/projects/bias/kolors/prompt2/selected_faces/detected_angry/angry_person_0483_face0.png,Indian,Asian,Male,50-59,"[0.24731094 0.0091808  0.30858865 0.00248859 0.04283918 0.32050315
 0.06908868]",[0.24852443 0.00700846 0.7143895  0.03007756],[0.9874634  0.01253659],"[1.6715667e-04 1.4985764e-03 5.9482218e-03 2.8239281e-03 8.6873099e-03
 7.6826125e-02 4.9036381e-01 3.1213498e-01 1.0154988e-01]",0,Others,40-59
/scratch/project_462000771/mengting/projects/bias/kolors/prompt2/selected_faces/detected_angry/angry_person_0484_face0.png,White,White,Male,20-29,"[7.5214541e-01 3.7487885e-03 2.0291743e-01 1.5301185e-04 6.8820018e-04
 3.5862166e-03 3.6760934e-02]",[9.9561447e-01 6.6017872e-04 1.1066227e-03 2.6186681e-03],[9.9997848e-01 2.1508884e-05],"[2.26729426e-08 7.47455806e-06 2.85791140e-02 8.57995272e-01
 1.11597605e-01 1.80910784e-03 1.10987048e-05 2.77930781e-07
 1.24130306e-08]",1,White,20-39
/scratch/project_462000771/mengting/projects/bias/kolors/prompt2/selected_faces/detected_angry/angry_person_0485_face0.png,White,White,Male,40-49,"[6.8378258e-01 2.4423201e-02 2.2982536e-01 3.3125089e-05 5.0999771e-04
 3.1887371e-02 2.9538361e-02]",[0.93957126 0.01567538 0.01153185 0.03322153],[0.99514395 0.00485605],"[6.5715526e-06 3.7525391e-05 1.0926147e-03 3.0761629e-02 3.4138918e-01
 4.8128337e-01 1.3925250e-01 5.9953853e-03 1.8123488e-04]",0,White,40-59
/scratch/project_462000771/mengting/projects/bias/kolors/prompt2/selected_faces/detected_angry/angry_person_0486_face0.png,Southeast Asian,Asian,Male,70+,"[0.11669746 0.05807223 0.18265696 0.03764936 0.3122273  0.11106511
 0.18163154]",[0.44997925 0.02415704 0.52039844 0.00546523],[0.7576437  0.24235632],"[1.5317457e-05 5.2834566e-05 5.6411121e-05 4.8184771e-05 2.0197732e-04
 1.5918533e-03 3.2719880e-02 2.4058399e-01 7.2472954e-01]",0,Asian,60+
/scratch/project_462000771/mengting/projects/bias/kolors/prompt2/selected_faces/detected_angry/angry_person_0487_face0.png,White,White,Male,30-39,"[0.9079839  0.01276582 0.04590357 0.00387449 0.00355495 0.00341796
 0.0224993 ]",[0.95287436 0.00168906 0.04058965 0.0048469 ],[0.9468615  0.05313852],"[4.2173033e-06 7.8381418e-05 2.4056069e-03 2.4474244e-01 5.8030897e-01
 1.6147332e-01 1.0307445e-02 6.1212602e-04 6.7417328e-05]",0,White,20-39
/scratch/project_462000771/mengting/projects/bias/kolors/prompt2/selected_faces/detected_angry/angry_person_0488_face0.png,Indian,Asian,Male,70+,"[0.01380139 0.01948808 0.08434479 0.00191653 0.08164568 0.7753295
 0.02347406]",[0.3076435  0.05104998 0.5603436  0.08096293],[0.9765491  0.02345092],"[9.8269611e-06 6.2495514e-05 2.5136254e-04 1.1835700e-03 6.0833101e-03
 4.5312811e-02 1.2673219e-01 2.6960811e-01 5.5075634e-01]",0,Others,60+
/scratch/project_462000771/mengting/projects/bias/kolors/prompt2/selected_faces/detected_angry/angry_person_0489_face0.png,Indian,Asian,Male,70+,"[3.6459519e-03 1.7592529e-02 3.4757878e-03 2.5776701e-04 2.0104267e-02
 9.5334005e-01 1.5836292e-03]",[0.23033941 0.1306045  0.4217051  0.21735102],[0.97708344 0.02291656],"[2.6073628e-06 1.6586611e-05 6.9443427e-05 3.2702833e-04 1.2662908e-03
 1.0838742e-02 5.0456647e-02 2.9455373e-01 6.4246887e-01]",0,Others,60+
/scratch/project_462000771/mengting/projects/bias/kolors/prompt2/selected_faces/detected_angry/angry_person_0490_face0.png,Indian,Indian,Male,50-59,"[0.05680952 0.05668669 0.15223919 0.00246933 0.02081488 0.45642734
 0.25455302]",[0.1403701  0.1939837  0.07947037 0.5861758 ],[0.9953849  0.00461518],"[0.0005996  0.00243134 0.0050598  0.00377292 0.01955991 0.16634762
 0.49804145 0.24813177 0.05605558]",0,Others,40-59
/scratch/project_462000771/mengting/projects/bias/kolors/prompt2/selected_faces/detected_angry/angry_person_0491_face0.png,Middle Eastern,White,Male,50-59,"[0.3243702  0.02973218 0.16148409 0.00261847 0.03606859 0.08758396
 0.3581425 ]",[0.93375146 0.01725455 0.02680842 0.02218555],[0.99800724 0.00199277],"[4.6055819e-05 1.7701768e-04 1.1711352e-03 2.5465356e-03 2.1006739e-02
 1.4394675e-01 5.7448000e-01 2.0409170e-01 5.2534066e-02]",0,White,40-59
/scratch/project_462000771/mengting/projects/bias/kolors/prompt2/selected_faces/detected_angry/angry_person_0492_face0.png,Indian,Asian,Male,70+,"[0.01100303 0.26697183 0.03546464 0.00143228 0.12365326 0.55859363
 0.0028813 ]",[0.32750088 0.03832353 0.52693176 0.10724385],[0.99201345 0.00798655],"[2.0568281e-05 2.1648408e-04 5.7026307e-04 2.1697767e-03 1.2872026e-02
 5.9076108e-02 1.5398109e-01 3.7054393e-01 4.0054974e-01]",0,Others,60+
/scratch/project_462000771/mengting/projects/bias/kolors/prompt2/selected_faces/detected_angry/angry_person_0493_face0.png,White,White,Male,40-49,"[9.0883970e-01 2.3662781e-03 5.4456469e-02 6.8100664e-05 9.3888800e-04
 6.2799244e-03 2.7050653e-02]",[0.86136913 0.02821252 0.06008507 0.05033325],[9.9987835e-01 1.2172003e-04],"[4.4075141e-06 3.7187965e-05 8.0884044e-04 3.7828125e-03 8.7992601e-02
 5.5490750e-01 3.4654695e-01 5.7846052e-03 1.3510379e-04]",0,White,40-59
/scratch/project_462000771/mengting/projects/bias/kolors/prompt2/selected_faces/detected_angry/angry_person_0494_face0.png,Indian,Asian,Male,40-49,"[2.8225912e-02 1.3189589e-02 1.1599635e-01 3.9218721e-04 2.1374632e-02
 8.0412662e-01 1.6694756e-02]",[0.02890011 0.00244601 0.60423255 0.36442128],[0.98826396 0.01173605],"[2.9230373e-06 2.5832418e-05 7.1193458e-04 6.7204265e-03 9.6889049e-02
 4.7473928e-01 3.6254132e-01 4.8766539e-02 9.6027711e-03]",0,Others,40-59
/scratch/project_462000771/mengting/projects/bias/kolors/prompt2/selected_faces/detected_angry/angry_person_0495_face0.png,White,White,Female,20-29,"[8.9776999e-01 1.5467682e-04 7.2982842e-03 2.8894427e-05 4.7841211e-05
 2.1681687e-04 9.4483428e-02]",[9.9978274e-01 4.4497087e-06 7.3763731e-05 1.3906384e-04],[0.26769894 0.73230106],"[2.7157239e-07 4.1441985e-05 9.6671367e-03 6.5532404e-01 3.0462721e-01
 2.9291060e-02 9.9575566e-04 4.4230015e-05 8.7934677e-06]",0,White,20-39
/scratch/project_462000771/mengting/projects/bias/kolors/prompt2/selected_faces/detected_angry/angry_person_0496_face0.png,White,White,Male,20-29,"[9.9103165e-01 7.6308716e-06 1.7182457e-03 7.8045654e-05 8.2021572e-05
 2.2774131e-05 7.0596281e-03]",[9.9918193e-01 3.5554844e-05 3.6579676e-04 4.1669709e-04],[0.9892901  0.01070988],"[1.3183435e-07 1.2713343e-04 8.5563831e-02 8.0337018e-01 1.0250482e-01
 8.2433317e-03 1.8450429e-04 5.4994671e-06 5.5076862e-07]",0,White,20-39
/scratch/project_462000771/mengting/projects/bias/kolors/prompt2/selected_faces/detected_angry/angry_person_0497_face0.png,Indian,Indian,Male,50-59,"[1.1524246e-04 5.2114442e-02 8.7363347e-03 1.3002937e-04 2.0769306e-02
 9.1804457e-01 9.0112560e-05]",[1.1571990e-04 1.9401744e-01 3.8558325e-01 4.2028359e-01],[9.992878e-01 7.121943e-04],"[3.9725248e-05 1.0891707e-03 7.5732516e-03 1.5840592e-02 4.8453707e-02
 2.8304750e-01 3.2436696e-01 2.4285625e-01 7.6732866e-02]",0,Others,40-59
/scratch/project_462000771/mengting/projects/bias/kolors/prompt2/selected_faces/detected_angry/angry_person_0498_face0.png,Middle Eastern,White,Male,60-69,"[0.13967478 0.19115151 0.1296755  0.00287465 0.00733979 0.06239732
 0.46688646]",[0.78044707 0.04756118 0.11833037 0.05366145],[0.99337953 0.00662047],"[1.13365946e-04 2.63956143e-04 6.59928133e-04 1.32610754e-03
 4.05078335e-03 2.44955681e-02 3.22206497e-01 4.82883334e-01
 1.64000526e-01]",0,Black,60+
/scratch/project_462000771/mengting/projects/bias/kolors/prompt2/selected_faces/detected_angry/angry_person_0499_face0.png,Indian,White,Male,60-69,"[0.25156662 0.00839667 0.07286823 0.00296306 0.04898702 0.33353886
 0.28167957]",[0.50550175 0.00809954 0.3725427  0.11385605],[0.99578947 0.00421053],"[2.4330814e-04 1.3629652e-03 5.2390303e-03 2.5094077e-03 4.5979759e-03
 3.7419416e-02 2.9841357e-01 3.9611319e-01 2.5410119e-01]",1,Others,60+
/scratch/project_462000771/mengting/projects/bias/kolors/prompt2/selected_faces/detected_angry/angry_person_0500_face0.png,White,White,Male,20-29,"[9.8155016e-01 7.4349111e-05 9.8862592e-03 3.4783956e-05 1.0701852e-04
 1.0097550e-04 8.2464023e-03]",[9.9149674e-01 1.4594296e-04 2.1176867e-03 6.2395972e-03],[9.9955684e-01 4.4312835e-04],"[1.3197617e-08 1.1140245e-05 4.0213432e-02 8.6629528e-01 9.1420941e-02
 2.0481802e-03 1.0772035e-05 2.4358164e-07 1.2249250e-08]",0,White,20-39
/scratch/project_462000771/mengting/projects/bias/kolors/prompt2/selected_faces/detected_angry/angry_person_0501_face0.png,Southeast Asian,Asian,Male,40-49,"[0.13630183 0.13558248 0.20450045 0.0675022  0.35314292 0.07832251
 0.0246476 ]",[0.0055279  0.01612364 0.97358865 0.00475976],[0.98264027 0.01735971],"[1.0548529e-05 1.7200779e-04 3.6301510e-03 3.0240517e-02 1.1676946e-01
 3.5102555e-01 2.9495725e-01 1.2993994e-01 7.3254615e-02]",0,Asian,40-59
/scratch/project_462000771/mengting/projects/bias/kolors/prompt2/selected_faces/detected_angry/angry_person_0502_face0.png,White,White,Male,30-39,"[9.48586404e-01 7.67372898e-04 3.09796575e-02 1.02006175e-04
 3.67353583e-04 4.75496287e-03 1.44422622e-02]",[0.91477025 0.00334709 0.00226472 0.07961791],[0.5876107  0.41238925],"[4.1762371e-07 1.4874886e-05 5.7091080e-03 4.1297799e-01 4.5963308e-01
 1.1232178e-01 8.9225238e-03 3.8188644e-04 3.8375805e-05]",0,White,20-39
/scratch/project_462000771/mengting/projects/bias/kolors/prompt2/selected_faces/detected_angry/angry_person_0503_face0.png,Indian,Asian,Male,70+,"[0.09601574 0.01649034 0.20833534 0.00935485 0.07365437 0.3753426
 0.22080679]",[0.09567761 0.0381986  0.6337334  0.23239036],[0.66818476 0.3318152 ],"[4.9182341e-05 6.0695823e-04 1.3282022e-03 1.4038731e-03 2.1499614e-03
 6.3325539e-03 4.4002924e-02 2.0216815e-01 7.4195820e-01]",0,Others,60+
/scratch/project_462000771/mengting/projects/bias/kolors/prompt2/selected_faces/detected_angry/angry_person_0504_face0.png,White,White,Male,20-29,"[9.8802495e-01 3.3185595e-06 4.8707677e-03 1.2756916e-06 3.7992904e-06
 5.2502750e-05 7.0433952e-03]",[9.9970633e-01 1.5669075e-05 9.5464884e-06 2.6849660e-04],[0.9715778  0.02842217],"[2.95136307e-08 1.34405482e-05 4.53645550e-02 8.40870678e-01
 1.08249776e-01 5.43615641e-03 6.36683399e-05 1.58620912e-06
 7.70292843e-08]",0,White,20-39
/scratch/project_462000771/mengting/projects/bias/kolors/prompt2/selected_faces/detected_angry/angry_person_0505_face0.png,White,White,Male,40-49,"[7.4291849e-01 3.3361081e-03 1.8300916e-01 4.8218225e-04 1.2605972e-02
 2.5923420e-02 3.1724636e-02]",[9.9079317e-01 4.3135139e-04 5.8489540e-03 2.9265650e-03],[9.9997830e-01 2.1704322e-05],"[2.5038141e-06 3.9696799e-05 1.4694011e-03 1.1194800e-02 1.6908038e-01
 6.0016483e-01 2.1483488e-01 3.1160493e-03 9.7498953e-05]",0,White,40-59
/scratch/project_462000771/mengting/projects/bias/kolors/prompt2/selected_faces/detected_angry/angry_person_0506_face0.png,White,White,Male,30-39,"[0.5625812  0.00812435 0.34046352 0.0010923  0.00743394 0.03185268
 0.04845209]",[0.58247423 0.00407474 0.37219834 0.04125273],[9.999726e-01 2.744661e-05],"[2.7163773e-07 8.5456104e-06 1.8820299e-03 7.1505450e-02 5.9612042e-01
 3.1485620e-01 1.5527717e-02 9.7453885e-05 1.9546244e-06]",1,White,20-39
/scratch/project_462000771/mengting/projects/bias/kolors/prompt2/selected_faces/detected_angry/angry_person_0507_face0.png,Indian,Indian,Male,50-59,"[0.00703295 0.38560158 0.01631457 0.00102266 0.03905493 0.54206353
 0.00890989]",[0.00701159 0.27503586 0.23736987 0.48058265],[0.9971154  0.00288469],"[2.9147226e-05 4.5742688e-04 1.9470348e-03 1.1514504e-02 5.3746097e-02
 2.2681063e-01 3.0662772e-01 2.6055309e-01 1.3831435e-01]",0,Others,40-59
/scratch/project_462000771/mengting/projects/bias/kolors/prompt2/selected_faces/detected_angry/angry_person_0508_face0.png,Indian,Indian,Male,60-69,"[4.4884956e-03 1.0435336e-02 3.7622299e-02 3.0106123e-04 2.6347471e-02
 9.1725004e-01 3.5552853e-03]",[0.02442074 0.02292514 0.22260141 0.73005265],[0.99045694 0.00954301],"[7.8943332e-05 6.5887050e-04 2.7573628e-03 1.6394840e-03 5.0650979e-03
 4.4738106e-02 2.2562881e-01 4.5933774e-01 2.6009566e-01]",0,Others,60+
/scratch/project_462000771/mengting/projects/bias/kolors/prompt2/selected_faces/detected_angry/angry_person_0509_face0.png,Latino_Hispanic,Asian,Male,40-49,"[0.2909381  0.0186174  0.5533511  0.001849   0.00619558 0.04294819
 0.08610059]",[0.44717082 0.00436372 0.5102218  0.0382437 ],[0.6988187  0.30118135],"[7.2414186e-06 4.1801482e-05 1.2606202e-03 2.8804328e-02 2.5687665e-01
 4.1886008e-01 2.3906386e-01 4.7789052e-02 7.2964304e-03]",0,Others,40-59
/scratch/project_462000771/mengting/projects/bias/kolors/prompt2/selected_faces/detected_angry/angry_person_0510_face0.png,Indian,Asian,Female,70+,"[0.00081944 0.11176692 0.0311482  0.00581013 0.3267814  0.5226988
 0.00097507]",[0.00746688 0.03398111 0.680833   0.27771905],[0.06225103 0.93774897],"[6.4364390e-06 8.1155282e-05 2.9643628e-04 1.4127156e-03 1.3413570e-02
 5.8457173e-02 1.4150895e-01 3.6496007e-01 4.1986349e-01]",0,Others,60+
/scratch/project_462000771/mengting/projects/bias/kolors/prompt2/selected_faces/detected_angry/angry_person_0511_face0.png,Indian,Asian,Male,50-59,"[0.03496776 0.23018096 0.1772613  0.00258816 0.06982788 0.46076363
 0.02441032]",[0.20175354 0.03736832 0.63563097 0.12524712],[9.9956155e-01 4.3849557e-04],"[7.8230798e-05 5.8351323e-04 3.0026510e-03 4.4274116e-03 1.9377906e-02
 1.5789111e-01 4.4145650e-01 3.2560888e-01 4.7573760e-02]",0,Others,40-59
/scratch/project_462000771/mengting/projects/bias/kolors/prompt2/selected_faces/detected_angry/angry_person_0512_face0.png,White,White,Male,30-39,"[9.9694937e-01 1.0509040e-05 1.6210868e-03 1.2528681e-04 1.7607592e-04
 1.1581168e-04 1.0019589e-03]",[6.5418941e-01 1.3591548e-04 3.4464398e-01 1.0306491e-03],[9.9969375e-01 3.0623036e-04],"[1.3638644e-06 3.0343266e-05 2.7960748e-03 2.7959859e-01 5.2229172e-01
 1.8924254e-01 5.9924037e-03 4.5298148e-05 1.5517107e-06]",0,White,20-39
/scratch/project_462000771/mengting/projects/bias/kolors/prompt2/selected_faces/detected_angry/angry_person_0513_face0.png,White,Asian,Male,30-39,"[0.8244346  0.00382603 0.07799002 0.02007737 0.04201346 0.00303168
 0.0286269 ]",[0.27546307 0.01021411 0.71301895 0.00130384],[0.58011544 0.4198846 ],"[9.95821551e-07 6.00234052e-05 8.20872653e-03 2.87914872e-01
 5.76385796e-01 1.21594079e-01 5.70849609e-03 1.20747834e-04
 6.26160045e-06]",0,White,20-39
/scratch/project_462000771/mengting/projects/bias/kolors/prompt2/selected_faces/detected_angry/angry_person_0514_face0.png,Black,Black,Male,60-69,"[0.01383821 0.58213186 0.06575752 0.00060175 0.01012752 0.24226908
 0.08527404]",[0.03442504 0.47716275 0.14905582 0.3393564 ],[0.9970471  0.00295286],"[7.4280884e-05 5.8834028e-04 2.5927990e-03 5.1595904e-03 2.6210498e-02
 1.3261770e-01 3.1281331e-01 3.8732520e-01 1.3261834e-01]",0,Black,60+
/scratch/project_462000771/mengting/projects/bias/kolors/prompt2/selected_faces/detected_angry/angry_person_0515_face0.png,White,White,Male,30-39,"[8.5465950e-01 4.8617215e-04 8.6461529e-02 5.4417539e-04 1.8225050e-03
 3.9714216e-03 5.2054688e-02]",[9.6656454e-01 1.2180416e-04 2.5403600e-02 7.9100281e-03],[0.9972129  0.00278711],"[5.90530540e-08 1.57381646e-06 9.88508225e-04 1.99724108e-01
 6.84114158e-01 1.12778015e-01 2.35530967e-03 3.68999790e-05
 1.35703044e-06]",0,White,20-39
/scratch/project_462000771/mengting/projects/bias/kolors/prompt2/selected_faces/detected_angry/angry_person_0516_face0.png,White,White,Male,50-59,"[9.2109603e-01 3.4784441e-04 3.1055173e-02 6.7158084e-04 2.8115613e-03
 2.2949979e-03 4.1722804e-02]",[9.99114871e-01 1.24983007e-05 7.71876774e-04 1.00746984e-04],[0.9792919 0.0207081],"[1.3183608e-05 8.8870285e-05 9.6910977e-04 8.5938545e-03 7.0051573e-02
 4.2083988e-01 4.4939646e-01 4.3215733e-02 6.8313656e-03]",1,White,40-59
/scratch/project_462000771/mengting/projects/bias/kolors/prompt2/selected_faces/detected_angry/angry_person_0517_face0.png,Latino_Hispanic,White,Male,40-49,"[0.35640225 0.01384597 0.38534746 0.00072132 0.01839629 0.20830505
 0.01698176]",[0.46898758 0.00559471 0.20395583 0.32146192],[0.95502657 0.04497347],"[1.78377486e-05 1.04649676e-04 2.11527827e-03 1.28936647e-02
 1.19152382e-01 4.87863332e-01 3.00652236e-01 6.46025538e-02
 1.25980182e-02]",0,Others,40-59
/scratch/project_462000771/mengting/projects/bias/kolors/prompt2/selected_faces/detected_angry/angry_person_0518_face0.png,Indian,Indian,Male,40-49,"[7.8871353e-03 2.9365084e-01 1.4188015e-01 2.2782521e-04 1.4608517e-02
 5.3703803e-01 4.7075665e-03]",[0.05072173 0.14783053 0.16241321 0.63903457],[9.9929738e-01 7.0259185e-04],"[2.3545138e-06 1.4822660e-05 5.4426474e-04 9.2464658e-03 1.2785062e-01
 5.1332873e-01 3.0589780e-01 3.8685706e-02 4.4292086e-03]",0,Others,40-59
/scratch/project_462000771/mengting/projects/bias/kolors/prompt2/selected_faces/detected_angry/angry_person_0519_face0.png,Southeast Asian,Asian,Male,50-59,"[0.02707416 0.03893856 0.22058412 0.03302176 0.3664164  0.16563512
 0.14832993]",[0.01422019 0.01412727 0.9309136  0.04073885],[9.9963522e-01 3.6477362e-04],"[2.9904073e-05 5.6848681e-04 7.6877964e-03 2.1879710e-02 6.7444302e-02
 2.8574318e-01 4.3409950e-01 1.6104186e-01 2.1505255e-02]",0,Asian,40-59
/scratch/project_462000771/mengting/projects/bias/kolors/prompt2/selected_faces/detected_angry/angry_person_0520_face0.png,Indian,White,Male,50-59,"[0.02076043 0.01360142 0.16536109 0.00080897 0.03251685 0.64686334
 0.12008794]",[0.4069442  0.03546324 0.17930263 0.3782899 ],[9.9940890e-01 5.9109775e-04],"[3.3034525e-05 7.9983671e-05 3.1445891e-04 2.5239665e-04 2.3492738e-03
 6.7740113e-02 5.7747400e-01 2.9282621e-01 5.8930598e-02]",0,Others,40-59
/scratch/project_462000771/mengting/projects/bias/kolors/prompt2/selected_faces/detected_angry/angry_person_0521_face0.png,White,Asian,Male,40-49,"[0.7172353  0.09075295 0.08123083 0.01643345 0.0168814  0.00826842
 0.06919761]",[0.33984134 0.03635866 0.6113945  0.01240547],[0.91329336 0.08670664],"[1.28071974e-06 1.01983551e-05 1.01595349e-03 1.03767686e-01
 3.22316498e-01 3.90255719e-01 1.47965744e-01 2.86601502e-02
 6.00673212e-03]",0,White,40-59
/scratch/project_462000771/mengting/projects/bias/kolors/prompt2/selected_faces/detected_angry/angry_person_0522_face0.png,White,White,Male,30-39,"[6.62903607e-01 4.41454817e-03 1.97118685e-01 3.08644841e-04
 1.35207619e-03 1.12894457e-02 1.22613035e-01]",[0.9486292  0.0021049  0.00427931 0.04498656],[0.7257188 0.2742812],"[2.6437592e-06 3.1609731e-04 1.4149595e-02 4.6589810e-01 4.7098979e-01
 4.7656376e-02 9.4327860e-04 4.0946154e-05 3.0941912e-06]",0,White,20-39
/scratch/project_462000771/mengting/projects/bias/kolors/prompt2/selected_faces/detected_angry/angry_person_0523_face0.png,White,White,Male,60-69,"[0.6525721  0.00595753 0.04133849 0.0013081  0.0159842  0.09578986
 0.18704973]",[0.6296258  0.01444334 0.24837103 0.10755989],[0.99704605 0.00295393],"[1.0938247e-04 6.5734342e-04 3.3090408e-03 2.5853973e-03 5.6830873e-03
 3.7929535e-02 2.7078840e-01 3.7560692e-01 3.0333087e-01]",0,White,60+
/scratch/project_462000771/mengting/projects/bias/kolors/prompt2/selected_faces/detected_angry/angry_person_0524_face0.png,White,Indian,Male,30-39,"[0.5668024  0.00640525 0.3267849  0.00506417 0.01348909 0.05470093
 0.02675333]",[0.32846197 0.0056408  0.26365542 0.4022418 ],[0.88530004 0.11469995],"[1.4268477e-05 3.8983597e-04 2.3272958e-02 2.8955781e-01 4.2959708e-01
 2.0260620e-01 4.5019597e-02 8.1517063e-03 1.3905859e-03]",1,White,20-39
/scratch/project_462000771/mengting/projects/bias/kolors/prompt2/selected_faces/detected_angry/angry_person_0525_face0.png,Black,Black,Male,60-69,"[0.00441618 0.78240675 0.0356645  0.00121479 0.01062891 0.13655075
 0.02911815]",[0.04599825 0.61095095 0.12231202 0.22073884],[0.98283255 0.01716744],"[9.3584873e-05 1.8997307e-04 2.0320059e-04 8.4745919e-04 6.8236124e-03
 4.3410230e-02 2.0747876e-01 4.2822254e-01 3.1273067e-01]",0,Black,60+
/scratch/project_462000771/mengting/projects/bias/kolors/prompt2/selected_faces/detected_angry/angry_person_0526_face0.png,Indian,Asian,Male,50-59,"[8.3421385e-03 4.2315532e-02 8.7198839e-02 7.6228805e-04 3.4060769e-02
 8.1080967e-01 1.6510848e-02]",[6.4513902e-04 5.5999281e-03 8.8782787e-01 1.0592711e-01],[0.98538876 0.01461121],"[4.8415917e-05 2.7964159e-04 1.8849906e-03 6.1637699e-03 4.2685390e-02
 2.2623070e-01 3.2889363e-01 2.6826671e-01 1.2554671e-01]",0,Others,40-59
/scratch/project_462000771/mengting/projects/bias/kolors/prompt2/selected_faces/detected_angry/angry_person_0527_face0.png,Indian,Asian,Male,60-69,"[0.08313793 0.09793206 0.07455824 0.00500356 0.12347426 0.557076
 0.05881794]",[0.301776   0.01005809 0.6023112  0.08585475],[0.99834514 0.00165485],"[3.2701806e-05 8.6429769e-05 2.6685867e-04 6.7181210e-04 2.2829128e-03
 1.8838827e-02 1.7267025e-01 4.4598448e-01 3.5916570e-01]",0,Others,60+
/scratch/project_462000771/mengting/projects/bias/kolors/prompt2/selected_faces/detected_angry/angry_person_0528_face0.png,White,White,Male,40-49,"[0.49564603 0.34424898 0.01972284 0.01525918 0.10555267 0.01373948
 0.00583084]",[0.76838344 0.0256049  0.19675829 0.00925335],[0.99747455 0.00252549],"[7.1251623e-07 8.0493219e-06 2.9075681e-04 5.0299764e-02 1.8953656e-01
 3.5066029e-01 2.7788085e-01 8.5831784e-02 4.5491312e-02]",1,White,40-59
/scratch/project_462000771/mengting/projects/bias/kolors/prompt2/selected_faces/detected_angry/angry_person_0529_face0.png,Latino_Hispanic,Asian,Male,50-59,"[0.19059853 0.01069775 0.27173832 0.00723327 0.08598111 0.21374038
 0.22001058]",[0.20184709 0.01547823 0.6731505  0.10952421],[0.99071944 0.00928058],"[0.00063266 0.00368925 0.00758415 0.00443673 0.0264587  0.15842713
 0.43456686 0.26444238 0.09976204]",0,Others,40-59
/scratch/project_462000771/mengting/projects/bias/kolors/prompt2/selected_faces/detected_angry/angry_person_0530_face0.png,White,White,Male,30-39,"[8.5288399e-01 3.1145370e-02 8.6576790e-02 3.7507052e-04 2.5695593e-03
 7.0292181e-03 1.9419877e-02]",[0.98746073 0.00161202 0.00606119 0.0048661 ],[0.99054384 0.00945614],"[9.6533097e-07 1.4461872e-05 8.4864494e-04 5.0807785e-02 4.5416006e-01
 4.4068110e-01 5.2181866e-02 1.2202456e-03 8.4855485e-05]",0,White,20-39
/scratch/project_462000771/mengting/projects/bias/kolors/prompt2/selected_faces/detected_angry/angry_person_0531_face0.png,Black,Asian,Male,40-49,"[0.00404512 0.36722377 0.03234309 0.00817309 0.23497573 0.352432
 0.00080724]",[0.00251981 0.24601118 0.3771602  0.3743088 ],[0.99791586 0.00208418],"[6.3787884e-06 9.5648524e-05 1.4230111e-03 2.0421628e-02 1.0789008e-01
 3.8872832e-01 2.2889656e-01 1.7572387e-01 7.6814480e-02]",0,Black,40-59
/scratch/project_462000771/mengting/projects/bias/kolors/prompt2/selected_faces/detected_angry/angry_person_0532_face0.png,White,White,Male,50-59,"[7.2309500e-01 3.2127383e-03 7.5131789e-02 7.1848463e-04 4.0416834e-03
 3.6352266e-02 1.5744799e-01]",[0.68926996 0.01737326 0.09429511 0.19906168],[0.94593096 0.05406902],"[0.00060739 0.0049491  0.0110549  0.00952624 0.04103982 0.24934557
 0.54767007 0.11511448 0.02069243]",0,White,40-59
/scratch/project_462000771/mengting/projects/bias/kolors/prompt2/selected_faces/detected_angry/angry_person_0533_face0.png,Latino_Hispanic,White,Male,50-59,"[0.22128037 0.01519139 0.49355552 0.00106331 0.02242064 0.1926518
 0.05383701]",[0.81693256 0.01553757 0.07800524 0.0895246 ],[0.99375254 0.00624748],"[7.3835668e-05 3.1642689e-04 1.8558934e-03 3.6572351e-03 3.6001284e-02
 1.9657487e-01 5.8324426e-01 1.4781700e-01 3.0459177e-02]",1,Others,40-59
/scratch/project_462000771/mengting/projects/bias/kolors/prompt2/selected_faces/detected_angry/angry_person_0534_face0.png,Black,Asian,Male,30-39,"[0.1312528  0.4379466  0.096452   0.11108423 0.12053759 0.07223489
 0.0304919 ]",[0.02790346 0.13267997 0.4950406  0.34437597],[0.9859627  0.01403735],"[9.3535427e-06 7.0780778e-05 1.0871192e-03 1.2544331e-01 3.7825793e-01
 3.4996808e-01 1.0055383e-01 3.3377927e-02 1.1231564e-02]",0,Black,20-39
/scratch/project_462000771/mengting/projects/bias/kolors/prompt2/selected_faces/detected_angry/angry_person_0535_face0.png,White,Asian,Female,70+,"[4.4552141e-01 2.0519245e-02 1.8194517e-01 2.9084325e-04 7.0743659e-03
 2.2023550e-01 1.2441344e-01]",[0.3384853  0.05212476 0.45969    0.14969991],[0.40526024 0.59473974],"[1.8173338e-05 4.3968920e-04 3.7747924e-03 2.5178371e-02 6.9724485e-02
 1.5811563e-01 1.4344579e-01 2.3248509e-01 3.6681804e-01]",0,White,60+
/scratch/project_462000771/mengting/projects/bias/kolors/prompt2/selected_faces/detected_angry/angry_person_0536_face0.png,White,White,Male,40-49,"[7.6151139e-01 3.3573754e-02 5.8378238e-02 2.4497692e-04 1.0486546e-03
 1.8754948e-02 1.2648790e-01]",[0.7991192  0.01475673 0.00990895 0.17621516],[0.9745832  0.02541684],"[1.2994483e-05 6.1681218e-05 3.7159584e-04 8.7608546e-03 1.1416012e-01
 4.5905718e-01 3.6688414e-01 4.3905418e-02 6.7859897e-03]",0,White,40-59
/scratch/project_462000771/mengting/projects/bias/kolors/prompt2/selected_faces/detected_angry/angry_person_0537_face0.png,White,White,Male,50-59,"[6.1736065e-01 3.6306053e-02 7.2810397e-02 5.3736469e-04 4.4660717e-03
 1.8206192e-02 2.5031322e-01]",[0.7878486  0.02489281 0.1676099  0.01964871],[0.9885276  0.01147238],"[2.6956086e-05 1.6082665e-04 8.1047695e-04 3.1531930e-03 2.1464637e-02
 1.2779032e-01 3.8444251e-01 2.6289940e-01 1.9925176e-01]",0,White,40-59
/scratch/project_462000771/mengting/projects/bias/kolors/prompt2/selected_faces/detected_angry/angry_person_0538_face0.png,White,White,Male,50-59,"[0.6054634  0.11771254 0.13873592 0.0026796  0.05488933 0.06770573
 0.01281354]",[0.9788571  0.00218916 0.01326589 0.00568783],[9.996123e-01 3.876886e-04],"[1.36898291e-06 5.68425321e-06 1.01029545e-04 4.13118443e-03
 6.88011348e-02 3.84714454e-01 4.92748469e-01 4.54522073e-02
 4.04428178e-03]",0,White,40-59
/scratch/project_462000771/mengting/projects/bias/kolors/prompt2/selected_faces/detected_angry/angry_person_0539_face0.png,White,White,Male,30-39,"[9.64821458e-01 1.21058365e-04 2.50380859e-02 4.49275940e-05
 4.52621985e-04 3.20327049e-03 6.31851936e-03]",[9.8567474e-01 4.5886103e-05 4.5423196e-03 9.7370772e-03],[0.99863595 0.00136403],"[1.1913259e-07 4.2628594e-06 8.0590934e-04 1.3647081e-01 6.7488807e-01
 1.8517879e-01 2.6302037e-03 2.1217042e-05 6.9792571e-07]",0,White,20-39
/scratch/project_462000771/mengting/projects/bias/kolors/prompt2/selected_faces/detected_angry/angry_person_0540_face0.png,Black,Indian,Male,50-59,"[0.1359124  0.46673867 0.03789724 0.00146676 0.04231279 0.27463594
 0.04103613]",[0.21368352 0.16693093 0.25092766 0.36845794],[9.9988478e-01 1.1522763e-04],"[1.6050770e-05 9.1320231e-05 4.8002685e-04 1.3333707e-03 6.6232234e-03
 7.0329092e-02 4.3824995e-01 3.8496003e-01 9.7916953e-02]",0,Black,40-59
/scratch/project_462000771/mengting/projects/bias/kolors/prompt2/selected_faces/detected_angry/angry_person_0541_face0.png,White,White,Male,40-49,"[9.8070574e-01 3.7513580e-04 5.0120461e-03 1.6412110e-05 1.7343952e-04
 2.1375462e-03 1.1579624e-02]",[9.9899590e-01 1.6846574e-05 7.5445446e-04 2.3281295e-04],[0.97581255 0.02418747],"[7.6890831e-07 7.0071851e-06 2.9063915e-04 7.8051398e-03 7.2870262e-02
 4.9096403e-01 3.9303604e-01 3.1368833e-02 3.6572614e-03]",0,White,40-59
/scratch/project_462000771/mengting/projects/bias/kolors/prompt2/selected_faces/detected_angry/angry_person_0542_face0.png,Black,Asian,Male,50-59,"[0.0928261  0.45541167 0.07311676 0.00054844 0.01266066 0.35418695
 0.01124941]",[0.11084378 0.08132687 0.6600428  0.14778653],[0.99448776 0.0055123 ],"[2.6055304e-06 2.2722330e-05 3.1680003e-04 4.2300024e-03 3.5525542e-02
 2.0923381e-01 4.1203651e-01 2.2470050e-01 1.1393145e-01]",0,Black,40-59
/scratch/project_462000771/mengting/projects/bias/kolors/prompt2/selected_faces/detected_angry/angry_person_0543_face0.png,White,White,Female,30-39,"[8.9450467e-01 4.5989736e-04 6.6593520e-02 1.3878967e-05 8.8259476e-05
 6.2659848e-04 3.7713148e-02]",[9.8947096e-01 4.4424334e-03 5.1177763e-03 9.6885441e-04],[0.01198346 0.98801655],"[4.9750465e-08 1.3487675e-06 3.2606462e-04 6.5925367e-02 6.2105721e-01
 2.9446065e-01 1.7718934e-02 4.9769180e-04 1.2714753e-05]",0,White,20-39
/scratch/project_462000771/mengting/projects/bias/kolors/prompt2/selected_faces/detected_angry/angry_person_0544_face0.png,White,White,Male,40-49,"[9.9070317e-01 6.3792174e-04 1.8537126e-03 3.0381589e-05 4.0875247e-04
 5.0294152e-03 1.3366466e-03]",[9.9444151e-01 7.0119408e-05 2.6569772e-03 2.8312982e-03],[0.98937315 0.01062689],"[2.6875239e-06 4.7251797e-05 7.9893571e-04 3.6223888e-02 1.6122130e-01
 4.5100197e-01 3.1220880e-01 3.0107703e-02 8.3873793e-03]",0,White,40-59
/scratch/project_462000771/mengting/projects/bias/kolors/prompt2/selected_faces/detected_angry/angry_person_0545_face0.png,White,White,Male,40-49,"[8.4264839e-01 6.2069266e-05 6.3862041e-02 2.1799803e-03 4.4492809e-03
 3.4123997e-03 8.3385751e-02]",[9.8622322e-01 8.6974876e-04 1.0936622e-02 1.9704048e-03],[0.98635936 0.01364066],"[1.3545559e-05 1.0684873e-04 2.7013514e-03 1.2155461e-02 1.4850169e-01
 5.5571461e-01 2.6675692e-01 1.3613788e-02 4.3580108e-04]",0,White,40-59
/scratch/project_462000771/mengting/projects/bias/kolors/prompt2/selected_faces/detected_angry/angry_person_0546_face0.png,White,White,Male,40-49,"[8.5514462e-01 2.8635303e-03 5.6941755e-02 1.9213876e-04 5.2604703e-03
 6.0300060e-02 1.9297438e-02]",[0.8184216  0.00541064 0.01035943 0.16580832],[0.99763596 0.00236404],"[2.1634688e-07 4.1612147e-06 2.0614723e-04 9.2252828e-03 1.8312711e-01
 6.2265313e-01 1.8100101e-01 3.5031557e-03 2.7985437e-04]",0,White,40-59
/scratch/project_462000771/mengting/projects/bias/kolors/prompt2/selected_faces/detected_angry/angry_person_0547_face0.png,Indian,Indian,Male,70+,"[0.12447255 0.01504938 0.19776517 0.0054755  0.01992904 0.33037707
 0.30693135]",[0.07810976 0.01904334 0.40720233 0.4956446 ],[0.9630505  0.03694952],"[0.00064655 0.0098606  0.01435148 0.01438567 0.02866786 0.09677055
 0.20196754 0.29798034 0.3353694 ]",0,Others,60+
/scratch/project_462000771/mengting/projects/bias/kolors/prompt2/selected_faces/detected_angry/angry_person_0548_face0.png,White,White,Female,40-49,"[9.7080731e-01 5.7276855e-05 1.0363367e-02 7.9521895e-05 3.5622384e-04
 7.0800132e-04 1.7628422e-02]",[9.4986373e-01 6.3780090e-04 4.5558538e-02 3.9398614e-03],[0.3107738 0.6892262],"[1.0951587e-07 2.2493400e-06 1.4260493e-04 2.1945707e-02 3.3364120e-01
 5.5002630e-01 9.3152829e-02 1.0371757e-03 5.1803050e-05]",0,White,40-59
/scratch/project_462000771/mengting/projects/bias/kolors/prompt2/selected_faces/detected_angry/angry_person_0549_face0.png,White,White,Male,20-29,"[0.8389837  0.02653778 0.04334059 0.02868029 0.01600146 0.0121069
 0.03434926]",[0.968815   0.01292403 0.0103656  0.00789533],[0.9717761  0.02822391],"[1.34680813e-04 4.39057651e-04 4.40831156e-03 3.39018077e-01
 1.95968464e-01 1.65960401e-01 1.10503115e-01 1.27044261e-01
 5.65236583e-02]",1,White,20-39
/scratch/project_462000771/mengting/projects/bias/kolors/prompt2/selected_faces/detected_angry/angry_person_0552_face0.png,White,White,Female,20-29,"[9.9889278e-01 3.9328224e-06 1.7516931e-04 5.4573670e-06 7.5181738e-06
 2.8358492e-05 8.8673102e-04]",[9.9991530e-01 5.7994789e-06 4.4710690e-05 3.4134482e-05],[0.0142896  0.98571044],"[2.5064637e-06 7.7123352e-04 1.8577140e-02 6.6275638e-01 2.5762039e-01
 5.7748836e-02 2.3487275e-03 1.3405469e-04 4.0710918e-05]",0,White,20-39
/scratch/project_462000771/mengting/projects/bias/kolors/prompt2/selected_faces/detected_angry/angry_person_0553_face0.png,White,White,Male,30-39,"[0.8008898  0.00968575 0.12509811 0.00098517 0.00345428 0.03344551
 0.02644132]",[0.98475605 0.00175096 0.00949459 0.00399836],[0.98178786 0.01821219],"[1.4732506e-05 1.4756636e-04 2.1023490e-03 1.4210795e-01 5.4505503e-01
 2.8502065e-01 2.3235464e-02 2.0155706e-03 3.0067988e-04]",0,White,20-39
/scratch/project_462000771/mengting/projects/bias/kolors/prompt2/selected_faces/detected_angry/angry_person_0554_face0.png,White,White,Male,40-49,"[0.4659291  0.12304088 0.29475468 0.0009444  0.01857273 0.02758179
 0.06917654]",[0.9860775  0.00419091 0.00724188 0.00248973],[9.9978465e-01 2.1541980e-04],"[9.2112814e-06 4.3052867e-05 4.1113651e-04 2.9314207e-02 3.8068798e-01
 5.0427014e-01 8.2206808e-02 2.8880849e-03 1.6935274e-04]",0,White,40-59
/scratch/project_462000771/mengting/projects/bias/kolors/prompt2/selected_faces/detected_angry/angry_person_0555_face0.png,White,White,Male,30-39,"[8.1413090e-01 7.0345621e-03 7.4510209e-02 9.9460340e-05 1.0285079e-03
 1.0105184e-02 9.3091190e-02]",[0.7500131  0.02181234 0.21534318 0.01283131],[9.9999791e-01 2.0248922e-06],"[1.0865554e-06 3.6202819e-05 1.6346967e-03 1.6611302e-01 6.1774844e-01
 2.0798521e-01 6.3732136e-03 1.0530899e-04 2.8589191e-06]",0,White,20-39
/scratch/project_462000771/mengting/projects/bias/kolors/prompt2/selected_faces/detected_angry/angry_person_0556_face0.png,White,White,Male,30-39,"[8.8378364e-01 1.7707012e-04 5.1456761e-02 2.4512286e-05 2.4526345e-04
 1.2373083e-02 5.1939525e-02]",[9.7816390e-01 2.8560418e-04 2.2605595e-03 1.9289870e-02],[9.9994504e-01 5.4967659e-05],"[4.0917837e-07 8.1850822e-06 3.8314928e-04 5.0955657e-02 5.6977773e-01
 3.6638707e-01 1.2414134e-02 7.1211020e-05 2.4311350e-06]",1,White,20-39
/scratch/project_462000771/mengting/projects/bias/kolors/prompt2/selected_faces/detected_angry/angry_person_0557_face0.png,Middle Eastern,Indian,Male,60-69,"[0.04198127 0.05962979 0.06751054 0.00088791 0.00356208 0.1564851
 0.66994333]",[0.39018592 0.10192335 0.03167604 0.4762147 ],[0.99821687 0.00178312],"[2.1048039e-04 3.0651843e-04 6.1006768e-04 1.0385583e-03 2.2637786e-03
 1.2863602e-02 2.1072911e-01 5.1965684e-01 2.5232106e-01]",0,Others,60+
/scratch/project_462000771/mengting/projects/bias/kolors/prompt2/selected_faces/detected_angry/angry_person_0558_face0.png,White,White,Male,20-29,"[0.45394388 0.00575535 0.2810217  0.00072846 0.00303341 0.0833978
 0.17211935]",[0.5913917  0.00168171 0.00102683 0.40589976],[0.9969234  0.00307661],"[1.1107879e-06 5.5589982e-05 8.0341231e-03 5.4412901e-01 4.0654796e-01
 4.0146530e-02 1.0298693e-03 5.1620318e-05 4.1623953e-06]",1,White,20-39
/scratch/project_462000771/mengting/projects/bias/kolors/prompt2/selected_faces/detected_angry/angry_person_0559_face0.png,White,White,Male,20-29,"[9.9927324e-01 8.5396241e-06 2.8471381e-04 1.5587480e-06 5.7512066e-06
 6.8478250e-05 3.5778095e-04]",[9.9938250e-01 1.3337520e-04 4.5337857e-04 3.0714822e-05],[9.990226e-01 9.773449e-04],"[3.1568246e-07 2.7806298e-05 1.9125224e-03 5.5148602e-01 4.2284366e-01
 2.3376737e-02 3.4912064e-04 3.5170201e-06 2.8665033e-07]",0,White,20-39
/scratch/project_462000771/mengting/projects/bias/kolors/prompt2/selected_faces/detected_angry/angry_person_0560_face0.png,Indian,Indian,Male,50-59,"[5.1638042e-04 5.2792005e-02 7.3236530e-03 1.8689601e-05 1.5164211e-03
 9.3667465e-01 1.1581638e-03]",[0.00395765 0.02196549 0.02652187 0.947555  ],[9.997933e-01 2.066774e-04],"[8.7341914e-06 5.5392105e-05 5.8893219e-04 3.0500109e-03 1.8301679e-02
 1.7523162e-01 5.6615728e-01 1.9514298e-01 4.1463368e-02]",0,Others,40-59
/scratch/project_462000771/mengting/projects/bias/kolors/prompt2/selected_faces/detected_angry/angry_person_0561_face0.png,White,White,Male,40-49,"[9.6154928e-01 3.7984818e-04 2.3157960e-02 3.1745880e-05 3.5182547e-04
 1.0374258e-02 4.1550188e-03]",[0.9748885  0.00222201 0.00884151 0.01404805],[0.99765086 0.00234915],"[4.5156517e-05 5.0926988e-04 4.6891076e-03 8.1695337e-03 7.8669161e-02
 4.8515138e-01 4.1012660e-01 1.2191240e-02 4.4854273e-04]",0,White,40-59
/scratch/project_462000771/mengting/projects/bias/kolors/prompt2/selected_faces/detected_angry/angry_person_0562_face0.png,Indian,White,Male,70+,"[0.14539894 0.10692372 0.18325612 0.01859756 0.18745527 0.23440237
 0.12396605]",[0.60871863 0.02072478 0.19426464 0.1762919 ],[0.9951562  0.00484372],"[1.3922853e-05 4.2946798e-05 1.7296834e-04 6.7339512e-04 2.1028733e-03
 1.2209258e-02 1.1199695e-01 3.0353013e-01 5.6925756e-01]",0,Others,60+
/scratch/project_462000771/mengting/projects/bias/kolors/prompt2/selected_faces/detected_angry/angry_person_0563_face0.png,White,White,Male,40-49,"[8.57338071e-01 2.44293991e-03 1.76580660e-02 1.03696453e-04
 8.87289876e-04 9.93225630e-03 1.11637734e-01]",[9.6017587e-01 5.9497386e-04 3.3440065e-02 5.7891239e-03],[9.9918437e-01 8.1560510e-04],"[9.9167164e-06 2.3319981e-04 2.9094107e-03 4.0361308e-02 2.6158550e-01
 5.1816958e-01 1.7012222e-01 5.9633730e-03 6.4545928e-04]",0,White,40-59
/scratch/project_462000771/mengting/projects/bias/kolors/prompt2/selected_faces/detected_angry/angry_person_0564_face0.png,Indian,Asian,Male,60-69,"[0.00945039 0.01641708 0.05953344 0.00638998 0.37062532 0.5351209
 0.00246292]",[0.20345993 0.01244848 0.45440066 0.32969093],[9.991058e-01 8.942007e-04],"[1.3587701e-05 9.6186879e-05 5.1324966e-04 1.0286509e-03 4.8007905e-03
 6.5271981e-02 3.3825797e-01 4.0528819e-01 1.8472935e-01]",0,Others,60+
/scratch/project_462000771/mengting/projects/bias/kolors/prompt2/selected_faces/detected_angry/angry_person_0566_face0.png,White,White,Male,50-59,"[0.72775745 0.01898266 0.11172149 0.00179625 0.01115306 0.05419515
 0.07439395]",[0.82684433 0.07996884 0.06019084 0.03299594],[0.993583   0.00641698],"[1.9371342e-05 4.0175462e-05 2.5895503e-04 4.0236353e-03 5.5897847e-02
 3.5358068e-01 4.9994144e-01 7.5515337e-02 1.0722581e-02]",0,White,40-59
/scratch/project_462000771/mengting/projects/bias/kolors/prompt2/selected_faces/detected_angry/angry_person_0567_face0.png,Middle Eastern,White,Male,50-59,"[0.26592335 0.03865371 0.27191055 0.0007478  0.00235121 0.01363899
 0.40677437]",[0.6879776  0.03374874 0.24401414 0.03425951],[0.9975557  0.00244431],"[2.8329338e-05 2.6294849e-05 3.1627284e-04 3.4181844e-03 2.5289970e-02
 1.0690480e-01 5.1962233e-01 2.8771782e-01 5.6675941e-02]",0,Others,40-59
/scratch/project_462000771/mengting/projects/bias/kolors/prompt2/selected_faces/detected_angry/angry_person_0568_face0.png,White,White,Male,50-59,"[0.8228331  0.02521192 0.06888316 0.00432519 0.01386246 0.01283487
 0.05204929]",[8.3215231e-01 5.3843897e-04 1.6457188e-01 2.7373191e-03],[0.9959612  0.00403885],"[4.0757208e-05 1.4129597e-04 8.3881652e-04 3.0751077e-03 2.1556115e-02
 1.6566087e-01 6.4203632e-01 1.4215784e-01 2.4492912e-02]",0,White,40-59
/scratch/project_462000771/mengting/projects/bias/kolors/prompt2/selected_faces/detected_angry/angry_person_0569_face0.png,Indian,Asian,Male,70+,"[0.01132514 0.13637346 0.04665564 0.00424074 0.09627144 0.681888
 0.02324564]",[0.00108974 0.00222117 0.81595486 0.18073423],[0.9873198  0.01268017],"[3.9101396e-05 5.9395982e-04 3.1789120e-03 1.6594891e-02 3.8620472e-02
 9.5949210e-02 1.1574799e-01 2.7458960e-01 4.5468590e-01]",0,Others,60+
/scratch/project_462000771/mengting/projects/bias/kolors/prompt2/selected_faces/detected_angry/angry_person_0570_face0.png,White,White,Female,50-59,"[9.2018586e-01 1.0459961e-03 4.6218846e-02 4.9592892e-04 3.0418860e-03
 4.3746210e-03 2.4636965e-02]",[9.6862096e-01 1.9814183e-04 2.9507326e-02 1.6736374e-03],[0.03377815 0.96622187],"[2.2109600e-06 2.6976179e-05 2.0752646e-04 2.0266594e-03 4.0326715e-02
 3.1381395e-01 5.0288224e-01 1.1063188e-01 3.0081831e-02]",1,White,40-59
/scratch/project_462000771/mengting/projects/bias/kolors/prompt2/selected_faces/detected_angry/angry_person_0571_face0.png,White,White,Male,40-49,"[5.5921024e-01 1.2209744e-02 1.4706844e-01 1.1531956e-04 6.9428142e-04
 2.1944458e-02 2.5875750e-01]",[9.9474955e-01 2.0820204e-04 2.9583042e-04 4.7464031e-03],[9.991842e-01 8.157925e-04],"[6.7187691e-05 2.6860752e-04 1.2047263e-03 3.4608640e-02 3.9611810e-01
 4.8011750e-01 8.5806668e-02 1.7349047e-03 7.3741539e-05]",1,White,40-59
/scratch/project_462000771/mengting/projects/bias/kolors/prompt2/selected_faces/detected_angry/angry_person_0572_face0.png,White,White,Male,30-39,"[0.61731213 0.00166233 0.31792328 0.00608781 0.02959156 0.01696225
 0.0104607 ]",[0.5050143  0.00674859 0.46037582 0.02786126],[0.9988212  0.00117885],"[4.5957504e-06 6.8399342e-05 3.9475509e-03 7.6184228e-02 4.7971597e-01
 3.9308572e-01 4.5241717e-02 1.6690108e-03 8.2811406e-05]",0,White,20-39
/scratch/project_462000771/mengting/projects/bias/kolors/prompt2/selected_faces/detected_angry/angry_person_0573_face0.png,Middle Eastern,White,Male,60-69,"[0.13804099 0.12658131 0.12814434 0.00266847 0.02726473 0.12954219
 0.44775796]",[0.35852745 0.16909686 0.3583828  0.11399288],[0.99665904 0.00334096],"[2.3474621e-04 6.0094049e-04 1.4202492e-03 1.4091521e-03 6.3392599e-03
 4.0044349e-02 2.6765251e-01 4.0588409e-01 2.7641463e-01]",0,White,60+
/scratch/project_462000771/mengting/projects/bias/kolors/prompt2/selected_faces/detected_angry/angry_person_0574_face0.png,Southeast Asian,Asian,Female,70+,"[0.11741786 0.02279397 0.20917563 0.11441026 0.48240787 0.02914039
 0.02465398]",[0.02552145 0.00637247 0.9611197  0.00698633],[0.28294197 0.717058  ],"[1.2913714e-05 1.0795848e-04 2.8943075e-04 1.6142456e-03 1.2456395e-02
 6.8105437e-02 2.0735648e-01 3.1822327e-01 3.9183387e-01]",0,Asian,60+
/scratch/project_462000771/mengting/projects/bias/kolors/prompt2/selected_faces/detected_angry/angry_person_0575_face0.png,White,White,Male,40-49,"[4.99449253e-01 3.29753180e-04 2.01082557e-01 5.09982789e-03
 1.33855445e-02 1.52635034e-02 2.65389502e-01]",[0.6864131  0.0142744  0.03818732 0.2611252 ],[0.9580895  0.04191056],"[0.00234616 0.02360454 0.03222288 0.07741552 0.26746932 0.41001555
 0.16599292 0.0179237  0.00300942]",0,White,40-59
/scratch/project_462000771/mengting/projects/bias/kolors/prompt2/selected_faces/detected_angry/angry_person_0576_face0.png,White,White,Male,40-49,"[0.7371148  0.04584502 0.07975899 0.00103007 0.00814094 0.06081223
 0.06729794]",[0.7279553  0.00346719 0.2567561  0.01182136],[0.98453397 0.01546607],"[2.0221474e-05 1.4640343e-04 9.4569888e-04 1.7016044e-02 1.4024530e-01
 4.6305519e-01 3.2779640e-01 3.8069312e-02 1.2705369e-02]",0,White,40-59
/scratch/project_462000771/mengting/projects/bias/kolors/prompt2/selected_faces/detected_angry/angry_person_0577_face0.png,Black,Black,Male,40-49,"[8.1710359e-03 9.3823582e-01 2.9384030e-02 1.3840410e-04 2.2217801e-03
 1.9658949e-02 2.1899850e-03]",[0.00256029 0.9178567  0.01464941 0.06493366],[0.9855493  0.01445073],"[1.8078221e-05 2.2493946e-04 1.6773157e-03 2.6355159e-02 2.1342632e-01
 5.0094020e-01 2.1401870e-01 3.7864622e-02 5.4746680e-03]",0,Black,40-59
/scratch/project_462000771/mengting/projects/bias/kolors/prompt2/selected_faces/detected_angry/angry_person_0578_face0.png,Indian,Asian,Male,60-69,"[0.02717485 0.11697428 0.15893963 0.00460003 0.06405652 0.46930736
 0.1589473 ]",[0.03064849 0.07126723 0.56202394 0.3360603 ],[0.99121845 0.00878154],"[1.2824034e-04 3.3711849e-04 6.0201966e-04 6.7460764e-04 1.9202906e-03
 1.2526161e-02 1.3619179e-01 4.6395195e-01 3.8366783e-01]",0,Others,60+
/scratch/project_462000771/mengting/projects/bias/kolors/prompt2/selected_faces/detected_angry/angry_person_0579_face0.png,White,Asian,Male,20-29,"[0.8186144  0.00867795 0.07921271 0.0015262  0.00597783 0.00355179
 0.08243917]",[0.18120565 0.00150673 0.8151064  0.00218117],[0.97941196 0.02058803],"[1.4143318e-06 1.8261859e-04 1.3698506e-02 5.2490348e-01 4.2221710e-01
 3.7920967e-02 1.0213203e-03 4.8827591e-05 5.7576653e-06]",0,White,20-39
/scratch/project_462000771/mengting/projects/bias/kolors/prompt2/selected_faces/detected_angry/angry_person_0580_face0.png,White,White,Male,20-29,"[6.0729992e-01 9.5793257e-05 5.1192593e-02 5.9156289e-04 1.5849315e-03
 1.2453689e-02 3.2678169e-01]",[9.8702776e-01 2.7409620e-05 1.4433766e-03 1.1501427e-02],[0.8809061  0.11909387],"[5.4475472e-06 3.8492406e-04 5.4312259e-02 6.9720131e-01 2.1613340e-01
 2.9794836e-02 1.9542440e-03 1.7171739e-04 4.1902127e-05]",0,White,20-39
/scratch/project_462000771/mengting/projects/bias/kolors/prompt2/selected_faces/detected_angry/angry_person_0581_face0.png,White,White,Male,50-59,"[0.635364   0.01371161 0.23452277 0.00103186 0.02350327 0.03577626
 0.05609016]",[0.91319823 0.00166711 0.05951937 0.02561531],[9.9998879e-01 1.1223606e-05],"[1.7627219e-05 1.0646857e-04 1.2758552e-03 3.8378257e-03 4.7429893e-02
 3.5320234e-01 5.6844831e-01 2.4558872e-02 1.1227144e-03]",1,White,40-59
/scratch/project_462000771/mengting/projects/bias/kolors/prompt2/selected_faces/detected_angry/angry_person_0582_face0.png,Black,Indian,Male,40-49,"[2.1600041e-04 5.7268065e-01 2.0063758e-02 1.0360179e-04 1.4829131e-02
 3.9120805e-01 8.9898059e-04]",[0.0013083  0.24774218 0.0422355  0.708714  ],[9.995915e-01 4.084330e-04],"[1.9942640e-06 4.6945843e-05 2.4792044e-03 2.1833794e-02 1.4400075e-01
 5.0364190e-01 2.8153011e-01 4.1045379e-02 5.4197987e-03]",0,Black,40-59
/scratch/project_462000771/mengting/projects/bias/kolors/prompt2/selected_faces/detected_angry/angry_person_0583_face0.png,White,White,Male,30-39,"[8.5748875e-01 3.4542772e-04 3.2950491e-02 1.5150156e-03 2.3271302e-03
 7.7153109e-03 9.7657844e-02]",[9.9511456e-01 1.6916923e-05 1.9710956e-03 2.8974623e-03],[0.97836655 0.02163346],"[4.3301056e-06 2.3069862e-05 9.7595021e-04 1.1711257e-01 4.6777931e-01
 3.5677862e-01 5.3633783e-02 3.3258030e-03 3.6657794e-04]",0,White,20-39
/scratch/project_462000771/mengting/projects/bias/kolors/prompt2/selected_faces/detected_angry/angry_person_0584_face0.png,Black,Black,Male,40-49,"[3.4497547e-01 5.1010257e-01 9.7240202e-02 1.2227836e-04 1.5532369e-03
 2.1209870e-02 2.4796408e-02]",[0.37979785 0.5135613  0.08182974 0.0248111 ],[9.999443e-01 5.567608e-05],"[4.8457518e-06 4.4041979e-05 5.6087365e-04 5.1273782e-02 4.2861813e-01
 4.3215191e-01 8.3224125e-02 3.8649428e-03 2.5740798e-04]",0,Black,40-59
/scratch/project_462000771/mengting/projects/bias/kolors/prompt2/selected_faces/detected_angry/angry_person_0585_face0.png,White,White,Male,40-49,"[9.4599915e-01 2.7339249e-03 2.6517762e-02 3.2734862e-04 1.8491219e-03
 2.3953547e-03 2.0177390e-02]",[0.9234462  0.01770092 0.02179709 0.03705583],[0.93347466 0.06652532],"[2.1132028e-06 3.8209277e-05 1.6263111e-03 9.4705373e-02 3.4310341e-01
 4.5598307e-01 9.4542354e-02 9.1464520e-03 8.5271185e-04]",0,White,40-59
/scratch/project_462000771/mengting/projects/bias/kolors/prompt2/selected_faces/detected_angry/angry_person_0586_face0.png,Indian,White,Male,60-69,"[0.1914471  0.07931034 0.14720108 0.00217888 0.09066287 0.32138076
 0.1678189 ]",[0.69911575 0.01790241 0.23391008 0.04907184],[9.9951303e-01 4.8695228e-04],"[1.6131969e-05 6.3125080e-05 6.6923659e-04 2.6729258e-03 1.0824032e-02
 6.0963713e-02 3.1990173e-01 3.8848236e-01 2.1640675e-01]",0,Others,60+
/scratch/project_462000771/mengting/projects/bias/kolors/prompt2/selected_faces/detected_angry/angry_person_0587_face0.png,Indian,Indian,Male,40-49,"[0.15867646 0.19078606 0.05531795 0.00087696 0.06599941 0.52466846
 0.00367479]",[0.13397744 0.32368243 0.15063344 0.39170668],[9.994815e-01 5.184823e-04],"[9.1176418e-07 2.7760350e-05 6.3044496e-04 1.4471465e-02 1.1231425e-01
 4.3580416e-01 3.7419897e-01 4.9473081e-02 1.3078978e-02]",0,Others,40-59
/scratch/project_462000771/mengting/projects/bias/kolors/prompt2/selected_faces/detected_angry/angry_person_0588_face0.png,Black,Indian,Male,40-49,"[1.21250205e-01 5.39570212e-01 1.50525108e-01 1.35423586e-04
 9.15512152e-04 1.22464448e-01 6.51391372e-02]",[0.191817   0.36856848 0.01391925 0.4256952 ],[0.98184276 0.01815726],"[5.1268376e-06 3.9682982e-05 6.2750577e-04 4.2611794e-03 7.2015151e-02
 4.3703642e-01 4.2794067e-01 5.5389937e-02 2.6843406e-03]",0,Black,40-59
/scratch/project_462000771/mengting/projects/bias/kolors/prompt2/selected_faces/detected_angry/angry_person_0589_face0.png,White,White,Male,40-49,"[0.84016633 0.00410678 0.02795867 0.00122645 0.00154699 0.00869347
 0.11630139]",[0.93088156 0.00169131 0.04851561 0.01891157],[0.95090085 0.04909915],"[3.2832591e-05 1.3351905e-04 9.0272463e-04 3.3680853e-02 1.9248953e-01
 4.0014526e-01 3.2258117e-01 3.7560232e-02 1.2473895e-02]",0,White,40-59
/scratch/project_462000771/mengting/projects/bias/kolors/prompt2/selected_faces/detected_angry/angry_person_0590_face0.png,White,White,Male,50-59,"[0.40958878 0.03825537 0.23182641 0.00151145 0.01314415 0.11681482
 0.18885906]",[0.56608903 0.0327995  0.25393325 0.14717816],[0.9958959  0.00410404],"[3.22686137e-05 1.17361546e-04 8.40660359e-04 6.44914247e-03
 7.46719539e-02 3.60750437e-01 4.79302198e-01 6.44626766e-02
 1.33732995e-02]",0,White,40-59
/scratch/project_462000771/mengting/projects/bias/kolors/prompt2/selected_faces/detected_angry/angry_person_0591_face0.png,Indian,Asian,Male,60-69,"[0.00853421 0.02263385 0.12453247 0.00432563 0.18081033 0.62075
 0.03841346]",[0.03509232 0.01255732 0.8037681  0.14858226],[0.99685794 0.00314204],"[8.2437757e-05 6.1188533e-04 2.3722681e-03 1.9062298e-03 4.6101273e-03
 3.2986302e-02 2.1634270e-01 4.4156873e-01 2.9951933e-01]",0,Others,60+
/scratch/project_462000771/mengting/projects/bias/kolors/prompt2/selected_faces/detected_angry/angry_person_0594_face0.png,Indian,Asian,Male,60-69,"[0.00220364 0.0155906  0.03289107 0.00230493 0.0970739  0.8467094
 0.00322652]",[0.00269392 0.02119716 0.82801867 0.14809026],[0.99311155 0.00688848],"[6.7961315e-05 3.4459934e-04 1.2754302e-03 1.6613160e-03 5.5108978e-03
 4.3930598e-02 1.7841643e-01 4.2898029e-01 3.3981252e-01]",0,Others,60+
/scratch/project_462000771/mengting/projects/bias/kolors/prompt2/selected_faces/detected_angry/angry_person_0595_face0.png,White,White,Male,40-49,"[8.6520517e-01 4.2778719e-03 4.6808902e-02 1.1805110e-04 5.8648060e-04
 9.9434424e-03 7.3060095e-02]",[0.92403674 0.00135964 0.00098637 0.07361723],[0.99583167 0.00416831],"[9.1429201e-06 7.4342221e-05 1.2443494e-03 5.9992906e-02 3.6585522e-01
 4.6870211e-01 9.5572703e-02 7.0732473e-03 1.4759381e-03]",0,White,40-59
/scratch/project_462000771/mengting/projects/bias/kolors/prompt2/selected_faces/detected_angry/angry_person_0596_face0.png,White,White,Male,50-59,"[0.3720725  0.33453977 0.14904064 0.00410047 0.02789577 0.05558454
 0.05676633]",[0.6039269  0.07103087 0.19874528 0.12629688],[0.9951249  0.00487513],"[1.7174445e-05 3.1134325e-05 1.7398452e-04 2.1518320e-03 3.5901710e-02
 3.2276866e-01 5.4558265e-01 8.4134467e-02 9.2383102e-03]",0,White,40-59
/scratch/project_462000771/mengting/projects/bias/kolors/prompt2/selected_faces/detected_angry/angry_person_0597_face0.png,White,White,Male,30-39,"[7.7913702e-01 3.2047755e-03 1.5288942e-01 2.6152696e-04 1.5154429e-03
 5.6095375e-03 5.7382334e-02]",[0.98590225 0.00214045 0.00953328 0.00242406],[0.9075989 0.0924011],"[2.78213179e-06 3.46753513e-05 2.44280859e-03 8.37121159e-02
 5.36494792e-01 3.49928021e-01 2.69509424e-02 4.23660735e-04
 1.02527365e-05]",1,White,20-39
/scratch/project_462000771/mengting/projects/bias/kolors/prompt2/selected_faces/detected_angry/angry_person_0598_face0.png,Indian,White,Male,60-69,"[0.02842639 0.03831645 0.15693726 0.00206187 0.02654143 0.6216526
 0.12606394]",[0.87867    0.00615141 0.06624655 0.04893206],[0.9951664  0.00483357],"[8.4343999e-05 1.7004932e-04 4.9017242e-04 6.3590601e-04 3.9705359e-03
 3.6135599e-02 3.3563018e-01 4.5162410e-01 1.7125911e-01]",0,Others,60+
/scratch/project_462000771/mengting/projects/bias/kolors/prompt2/selected_faces/detected_angry/angry_person_0599_face0.png,White,White,Male,40-49,"[9.9101090e-01 3.8412858e-03 2.5047809e-03 1.3143196e-05 1.1901073e-04
 4.5539791e-04 2.0554734e-03]",[0.5528658  0.3119225  0.08261264 0.05259912],[0.9925903  0.00740974],"[2.1698514e-07 3.8254670e-06 1.6417500e-04 1.8907690e-02 2.3456842e-01
 5.4021293e-01 1.9778112e-01 7.4608396e-03 9.0079621e-04]",0,White,40-59
/scratch/project_462000771/mengting/projects/bias/kolors/prompt2/selected_faces/detected_angry/angry_person_0600_face0.png,White,White,Male,30-39,"[9.8824668e-01 1.1905967e-04 8.5167335e-03 2.2531125e-05 9.0336966e-05
 3.7674390e-04 2.6278642e-03]",[0.9786321  0.00306369 0.01525896 0.0030452 ],[0.9986134  0.00138655],"[1.24876784e-08 3.31542822e-07 4.04392602e-04 2.34844550e-01
 6.66672766e-01 9.69297811e-02 1.13975187e-03 8.18995886e-06
 2.77491665e-07]",1,White,20-39
/scratch/project_462000771/mengting/projects/bias/kolors/prompt2/selected_faces/detected_angry/angry_person_0601_face0.png,Indian,Indian,Male,70+,"[0.00492123 0.00764582 0.07501908 0.00100225 0.02561717 0.7552162
 0.1305783 ]",[0.00307683 0.01775776 0.1233407  0.8558247 ],[0.9816197  0.01838027],"[1.1382235e-04 1.2192732e-03 2.1477633e-03 1.0083850e-03 1.9118123e-03
 9.8661538e-03 5.7874266e-02 2.6191518e-01 6.6394335e-01]",0,Others,60+
/scratch/project_462000771/mengting/projects/bias/kolors/prompt2/selected_faces/detected_angry/angry_person_0602_face0.png,Black,Asian,Male,70+,"[0.10806307 0.27475163 0.23577446 0.00547232 0.07559443 0.17690566
 0.12343843]",[0.23521021 0.03646782 0.66800725 0.06031474],[0.8478986  0.15210141],"[2.67412161e-05 2.62326008e-04 9.41638544e-04 3.16573936e-03
 1.13767637e-02 4.09454964e-02 1.01142384e-01 3.14022303e-01
 5.28116643e-01]",0,Black,60+
/scratch/project_462000771/mengting/projects/bias/kolors/prompt2/selected_faces/detected_angry/angry_person_0604_face0.png,Middle Eastern,White,Male,50-59,"[0.08565208 0.01159394 0.17356297 0.00087992 0.02694593 0.345153
 0.35621214]",[0.5872477  0.0160964  0.33016148 0.06649431],[9.9943304e-01 5.6696049e-04],"[1.0960890e-04 7.7911111e-04 4.6422454e-03 6.0434779e-03 2.0469444e-02
 1.1978746e-01 5.1452488e-01 2.5039834e-01 8.3245374e-02]",0,Others,40-59
/scratch/project_462000771/mengting/projects/bias/kolors/prompt2/selected_faces/detected_angry/angry_person_0605_face0.png,White,White,Male,50-59,"[0.5707505  0.07987016 0.17563286 0.00142149 0.00675839 0.05498238
 0.11058423]",[0.4127895  0.2595391  0.11282294 0.21484846],[0.99886197 0.00113806],"[4.2600084e-05 1.1133125e-04 9.3244598e-04 3.9350465e-03 3.6200903e-02
 2.1748132e-01 5.6587011e-01 1.5691102e-01 1.8515233e-02]",1,White,40-59
/scratch/project_462000771/mengting/projects/bias/kolors/prompt2/selected_faces/detected_angry/angry_person_0606_face0.png,Middle Eastern,White,Male,50-59,"[0.2847519  0.00943909 0.09927922 0.00380549 0.0245931  0.07018884
 0.5079423 ]",[0.8750391  0.01935491 0.0368128  0.06879313],[0.9793648 0.0206352],"[1.60005235e-04 4.16255352e-04 1.02244085e-03 2.05582567e-03
 1.22698154e-02 1.10659644e-01 4.63606238e-01 2.86191970e-01
 1.23617798e-01]",0,White,40-59
/scratch/project_462000771/mengting/projects/bias/kolors/prompt2/selected_faces/detected_angry/angry_person_0608_face0.png,Indian,Asian,Male,70+,"[0.00737344 0.09119125 0.03370168 0.00309482 0.12055415 0.72875154
 0.01533312]",[0.0015267  0.01894699 0.89190793 0.08761834],[0.977205   0.02279504],"[3.1033176e-06 2.0174628e-05 5.6685789e-05 1.9699387e-04 5.2207639e-04
 2.5260660e-03 2.1880101e-02 2.1966261e-01 7.5513220e-01]",0,Others,60+
/scratch/project_462000771/mengting/projects/bias/kolors/prompt2/selected_faces/detected_angry/angry_person_0609_face0.png,White,White,Male,20-29,"[0.6761321  0.00127772 0.0194879  0.09618918 0.06352175 0.00275157
 0.14063981]",[0.8009862  0.07247353 0.09770636 0.0288339 ],[0.6893708 0.3106292],"[0.0013031  0.00274529 0.00395875 0.45192918 0.30836508 0.14831333
 0.03769881 0.02450945 0.02117706]",0,White,20-39
/scratch/project_462000771/mengting/projects/bias/kolors/prompt2/selected_faces/detected_angry/angry_person_0610_face0.png,Black,Asian,Male,70+,"[0.01404593 0.5695515  0.04883032 0.0042635  0.01717015 0.21198927
 0.13414925]",[0.00455763 0.3114646  0.48119375 0.20278397],[0.99357915 0.00642086],"[5.31320511e-05 1.74815432e-04 1.99953327e-04 6.97856885e-04
 2.81001558e-03 1.38290785e-02 1.10650904e-01 4.03478533e-01
 4.68105733e-01]",1,Black,60+
/scratch/project_462000771/mengting/projects/bias/kolors/prompt2/selected_faces/detected_angry/angry_person_0611_face0.png,Indian,Black,Male,70+,"[0.00716695 0.28878978 0.04763817 0.00852618 0.03406905 0.39484358
 0.21896634]",[0.00648028 0.55159706 0.07167097 0.37025166],[0.9801133  0.01988664],"[2.3532650e-05 8.7046312e-05 1.0431577e-04 2.0636158e-04 4.3079580e-04
 1.8352066e-03 2.4560407e-02 2.3094238e-01 7.4180990e-01]",0,Others,60+
/scratch/project_462000771/mengting/projects/bias/kolors/prompt2/selected_faces/detected_angry/angry_person_0612_face0.png,Latino_Hispanic,Indian,Male,30-39,"[1.52949199e-01 9.40886587e-02 5.62673390e-01 3.16668622e-04
 2.62372242e-03 7.74601623e-02 1.09888256e-01]",[0.15201208 0.01832258 0.02107024 0.80859506],[0.9923238  0.00767617],"[1.7468183e-06 6.0241036e-05 5.8418801e-03 2.6325363e-01 5.6154889e-01
 1.5797016e-01 1.0679275e-02 6.1124231e-04 3.2896576e-05]",0,Others,20-39
/scratch/project_462000771/mengting/projects/bias/kolors/prompt2/selected_faces/detected_angry/angry_person_0613_face0.png,White,Asian,Male,40-49,"[0.72240883 0.07085171 0.14076321 0.00147648 0.01173136 0.0299514
 0.02281707]",[0.3207277  0.07572525 0.56309754 0.0404495 ],[0.9966343  0.00336572],"[9.2166838e-06 4.8917798e-05 6.0172559e-04 1.7296724e-02 2.0220132e-01
 4.5963106e-01 2.8446919e-01 3.0573396e-02 5.1685674e-03]",0,White,40-59
/scratch/project_462000771/mengting/projects/bias/kolors/prompt2/selected_faces/detected_angry/angry_person_0614_face0.png,White,White,Male,20-29,"[9.9009234e-01 8.6574189e-05 2.1695471e-03 3.3615498e-04 2.5073337e-04
 6.1969295e-05 7.0026196e-03]",[9.6365464e-01 5.3160595e-05 3.4942716e-02 1.3494845e-03],[0.7262806  0.27371937],"[3.85651703e-07 1.10613735e-04 2.81246677e-02 6.96269333e-01
 2.51380861e-01 2.37104744e-02 3.90221307e-04 1.18708904e-05
 1.65063773e-06]",0,White,20-39
/scratch/project_462000771/mengting/projects/bias/kolors/prompt2/selected_faces/detected_angry/angry_person_0615_face0.png,White,White,Male,50-59,"[0.66700524 0.0021612  0.14109533 0.00238734 0.01068585 0.04472383
 0.13194112]",[0.6494417  0.01183425 0.15787633 0.18084762],[0.96134824 0.03865175],"[0.00079731 0.00868153 0.02996308 0.02385444 0.08670247 0.32942605
 0.40700293 0.09586959 0.01770255]",0,White,40-59
/scratch/project_462000771/mengting/projects/bias/kolors/prompt2/selected_faces/detected_angry/angry_person_0616_face0.png,White,White,Female,40-49,"[8.1868273e-01 3.0307672e-03 8.5976750e-02 3.8307076e-05 1.0397350e-04
 3.1273540e-03 8.9040153e-02]",[9.9607134e-01 5.5044628e-04 3.5514892e-04 3.0230887e-03],[0.01230838 0.9876916 ],"[3.5858216e-07 5.9656181e-06 2.1590434e-04 1.9872691e-02 2.2688961e-01
 5.1743966e-01 2.1805324e-01 1.6505780e-02 1.0168331e-03]",0,White,40-59
/scratch/project_462000771/mengting/projects/bias/kolors/prompt2/selected_faces/detected_angry/angry_person_0617_face0.png,Black,White,Female,40-49,"[0.15089892 0.4052884  0.2720746  0.00042609 0.004559   0.04688476
 0.11986814]",[0.8984711  0.07875174 0.00588887 0.0168883 ],[0.40350595 0.596494  ],"[5.25777386e-06 1.04248640e-04 2.55861087e-03 4.21019346e-02
 2.39889026e-01 3.85951012e-01 2.12579533e-01 1.02184266e-01
 1.46260224e-02]",0,Black,40-59
/scratch/project_462000771/mengting/projects/bias/kolors/prompt2/selected_faces/detected_angry/angry_person_0618_face0.png,White,White,Male,40-49,"[7.7159011e-01 5.9486181e-04 4.0020492e-02 1.3578315e-04 4.7202379e-04
 1.3096907e-02 1.7408983e-01]",[0.9400123  0.00242478 0.00403354 0.05352943],[0.9117456  0.08825436],"[2.3259750e-05 2.5560363e-04 2.9203987e-03 5.3368315e-02 3.4258977e-01
 5.3249598e-01 6.6538706e-02 1.6982807e-03 1.0971857e-04]",0,White,40-59
/scratch/project_462000771/mengting/projects/bias/kolors/prompt2/selected_faces/detected_angry/angry_person_0620_face0.png,Black,Asian,Male,40-49,"[0.16812389 0.6187748  0.02568344 0.02252419 0.12564656 0.0373481
 0.00189911]",[0.22041109 0.01507543 0.73011434 0.03439913],[0.9818486  0.01815139],"[5.3719305e-06 6.7257351e-05 5.3975283e-04 2.7602250e-02 2.0247383e-01
 4.5591119e-01 2.7290478e-01 3.2417599e-02 8.0779567e-03]",0,Black,40-59
/scratch/project_462000771/mengting/projects/bias/kolors/prompt2/selected_faces/detected_angry/angry_person_0621_face0.png,White,White,Male,30-39,"[9.2279822e-01 2.8369729e-03 5.1279243e-02 3.4587525e-04 8.0342713e-04
 1.5302318e-03 2.0405959e-02]",[0.9795386  0.01204896 0.00512618 0.00328619],[0.8774862  0.12251382],"[2.9303774e-06 2.4223757e-04 1.6604854e-02 3.0775264e-01 5.1634085e-01
 1.4895743e-01 9.5033068e-03 5.4487522e-04 5.0890478e-05]",0,White,20-39
/scratch/project_462000771/mengting/projects/bias/kolors/prompt2/selected_faces/detected_angry/angry_person_0622_face0.png,White,White,Male,50-59,"[7.1164978e-01 1.4149198e-01 3.2173064e-02 1.1816532e-04 6.9308409e-04
 3.3061620e-02 8.0812335e-02]",[0.7790035  0.06305896 0.09585889 0.06207861],[0.99886304 0.00113691],"[4.4908297e-06 1.6490656e-05 1.3163257e-04 3.5976232e-03 4.5755845e-02
 2.4086465e-01 6.1984062e-01 7.7454984e-02 1.2333604e-02]",0,White,40-59
/scratch/project_462000771/mengting/projects/bias/kolors/prompt2/selected_faces/detected_angry/angry_person_0623_face0.png,Middle Eastern,White,Male,40-49,"[1.06441416e-01 5.74157340e-03 5.21524549e-02 3.31668562e-05
 2.33519648e-04 1.89483203e-02 8.16449523e-01]",[0.98915786 0.00231436 0.0058161  0.00271166],[9.991462e-01 8.538057e-04],"[1.2833516e-05 5.0180624e-05 7.0450589e-04 6.9039240e-03 8.7382324e-02
 4.7064447e-01 4.1187406e-01 2.1648461e-02 7.7929243e-04]",0,White,40-59
/scratch/project_462000771/mengting/projects/bias/kolors/prompt2/selected_faces/detected_angry/angry_person_0624_face0.png,Black,White,Male,40-49,"[0.26664296 0.31126004 0.12348658 0.00134865 0.00718893 0.15751311
 0.13255975]",[0.3636692  0.16444236 0.13983983 0.3320486 ],[0.9317671  0.06823294],"[9.9517902e-06 8.1594830e-05 1.0991975e-03 3.3166144e-02 1.8267331e-01
 3.8948050e-01 2.5800020e-01 9.9876620e-02 3.5612553e-02]",0,Black,40-59
/scratch/project_462000771/mengting/projects/bias/kolors/prompt2/selected_faces/detected_angry/angry_person_0625_face0.png,White,White,Male,40-49,"[8.6059201e-01 1.2660429e-02 6.7452691e-02 5.5308745e-05 5.5368390e-04
 2.2126647e-02 3.6559217e-02]",[0.9506628  0.00857228 0.01305158 0.02771337],[0.9983757  0.00162426],"[3.3412724e-07 2.2900317e-06 1.3227259e-04 1.6057219e-02 3.3520639e-01
 5.6383544e-01 8.3216891e-02 1.4579791e-03 9.1143615e-05]",0,White,40-59
/scratch/project_462000771/mengting/projects/bias/kolors/prompt2/selected_faces/detected_angry/angry_person_0626_face0.png,White,White,Male,30-39,"[9.65387464e-01 2.50027078e-04 6.53913757e-03 1.39643935e-05
 7.16146533e-05 8.15829088e-04 2.69219354e-02]",[0.9895955  0.0023242  0.00299367 0.0050867 ],[9.9964064e-01 3.5930049e-04],"[9.4507487e-07 2.7028411e-05 1.5541086e-03 1.1031334e-01 4.3314061e-01
 4.0832675e-01 4.6053492e-02 5.5292144e-04 3.0855757e-05]",0,White,20-39
/scratch/project_462000771/mengting/projects/bias/kolors/prompt2/selected_faces/detected_angry/angry_person_0627_face0.png,White,Asian,Male,40-49,"[0.46797067 0.12218896 0.14210927 0.00743333 0.06199425 0.14634573
 0.05195777]",[0.00620591 0.01175665 0.8938742  0.08816326],[0.992764 0.007236],"[1.5703888e-06 2.3877334e-05 8.3898817e-04 4.5459259e-02 2.2397685e-01
 3.6581242e-01 2.3200518e-01 8.7382108e-02 4.4499729e-02]",0,White,40-59
/scratch/project_462000771/mengting/projects/bias/kolors/prompt2/selected_faces/detected_angry/angry_person_0628_face0.png,Black,White,Female,60-69,"[0.07523295 0.29863578 0.24481031 0.00229637 0.01196779 0.22727963
 0.13977711]",[0.5657697  0.1352723  0.20407842 0.09487958],[0.07494227 0.9250577 ],"[1.1818470e-04 3.0154737e-03 4.1372376e-03 1.1088815e-02 3.4661137e-02
 8.4470212e-02 1.8759474e-01 3.4768316e-01 3.2723099e-01]",0,Black,60+
/scratch/project_462000771/mengting/projects/bias/kolors/prompt2/selected_faces/detected_angry/angry_person_0629_face0.png,White,White,Male,30-39,"[8.26901436e-01 3.57921654e-03 1.19653985e-01 4.47411672e-04
 1.68056961e-03 3.82611901e-03 4.39113490e-02]",[9.9884307e-01 1.2467554e-04 7.4696535e-04 2.8524673e-04],[0.9925041  0.00749591],"[4.8504990e-07 2.8122120e-06 2.7657163e-04 5.6383852e-02 5.5097806e-01
 3.6245686e-01 2.9106308e-02 7.5925083e-04 3.5803387e-05]",1,White,20-39
/scratch/project_462000771/mengting/projects/bias/kolors/prompt2/selected_faces/detected_angry/angry_person_0630_face0.png,White,White,Male,50-59,"[7.2516072e-01 6.6030403e-03 1.0510716e-02 3.5099176e-04 1.7720278e-03
 6.0563516e-03 2.4954614e-01]",[9.2321491e-01 7.6767436e-04 5.4964442e-02 2.1052947e-02],[0.9810363  0.01896368],"[1.37527850e-05 7.03836777e-05 5.19504305e-04 1.09899845e-02
 8.06787163e-02 3.94919962e-01 4.71183479e-01 3.63917202e-02
 5.23248781e-03]",0,White,40-59
/scratch/project_462000771/mengting/projects/bias/kolors/prompt2/selected_faces/detected_angry/angry_person_0632_face0.png,Indian,Indian,Male,70+,"[0.08327531 0.25856188 0.0535122  0.07908444 0.21179374 0.2806669
 0.03310559]",[0.17466392 0.11618661 0.12575996 0.5833895 ],[0.82157695 0.178423  ],"[1.9493101e-04 5.2842177e-03 1.0686215e-02 9.8298892e-02 7.9345040e-02
 9.3632169e-02 6.9575481e-02 1.5890178e-01 4.8408130e-01]",0,Others,60+
/scratch/project_462000771/mengting/projects/bias/kolors/prompt2/selected_faces/detected_angry/angry_person_0633_face0.png,White,Indian,Male,50-59,"[7.9746974e-01 2.5675397e-02 3.0784419e-02 2.7256037e-04 1.4489304e-03
 1.6058171e-02 1.2829080e-01]",[0.09580944 0.11240409 0.39311594 0.39867055],[0.995458   0.00454195],"[1.0335546e-05 8.7044195e-05 1.9944888e-03 5.9503283e-02 1.8569352e-01
 3.2906851e-01 3.4204096e-01 6.9963776e-02 1.1638159e-02]",0,White,40-59
/scratch/project_462000771/mengting/projects/bias/kolors/prompt2/selected_faces/detected_angry/angry_person_0634_face0.png,Indian,Indian,Male,70+,"[0.01776105 0.41532978 0.03713728 0.0062377  0.04260803 0.43573034
 0.04519587]",[0.0014023  0.18131591 0.04415176 0.77313006],[0.99467486 0.00532515],"[5.1067545e-05 2.0917886e-04 4.9561763e-04 1.9653435e-03 3.3775859e-03
 1.3240992e-02 6.7485988e-02 3.5417715e-01 5.5899709e-01]",0,Others,60+
/scratch/project_462000771/mengting/projects/bias/kolors/prompt2/selected_faces/detected_angry/angry_person_0635_face0.png,Black,Black,Male,50-59,"[0.04755613 0.743683   0.08603863 0.00316885 0.02332216 0.07703718
 0.01919413]",[0.04810309 0.5508011  0.22924645 0.17184946],[0.9945382  0.00546182],"[1.4094567e-05 4.0771403e-05 2.1161782e-04 6.4086313e-03 7.9388797e-02
 3.7429398e-01 3.7859410e-01 1.2539926e-01 3.5648748e-02]",0,Black,40-59
/scratch/project_462000771/mengting/projects/bias/kolors/prompt2/selected_faces/detected_angry/angry_person_0636_face0.png,Indian,Asian,Male,70+,"[0.01356805 0.01618365 0.0374218  0.0033942  0.07780626 0.46663117
 0.3849949 ]",[0.1232578  0.10658321 0.5342334  0.23592556],[0.9907818  0.00921824],"[9.3774242e-06 4.8599122e-05 1.5062776e-04 2.1835597e-04 6.1321841e-04
 5.6053842e-03 6.5946870e-02 2.9398882e-01 6.3341880e-01]",0,Others,60+
/scratch/project_462000771/mengting/projects/bias/kolors/prompt2/selected_faces/detected_angry/angry_person_0638_face0.png,White,White,Male,50-59,"[0.81166756 0.00623538 0.11465605 0.00097859 0.01307947 0.02403258
 0.02935038]",[0.7152199  0.01920578 0.18221326 0.08336101],[0.9954775 0.0045225],"[1.8010232e-05 1.1509380e-04 2.1551526e-03 1.0542302e-02 5.3203277e-02
 2.7066809e-01 5.3843617e-01 1.0312781e-01 2.1734035e-02]",0,White,40-59
/scratch/project_462000771/mengting/projects/bias/kolors/prompt2/selected_faces/detected_angry/angry_person_0639_face0.png,Indian,White,Male,40-49,"[0.22886324 0.12753536 0.22257358 0.00072648 0.03126864 0.3538969
 0.03513587]",[0.62261957 0.11957505 0.01245452 0.24535085],[9.9923164e-01 7.6833839e-04],"[1.2106177e-05 1.2332971e-04 1.6951858e-03 2.2425067e-02 1.8307991e-01
 5.1520336e-01 2.4453273e-01 2.9118234e-02 3.8100602e-03]",0,Others,40-59
/scratch/project_462000771/mengting/projects/bias/kolors/prompt2/selected_faces/detected_angry/angry_person_0640_face0.png,White,Asian,Male,30-39,"[0.40206555 0.16863279 0.18491368 0.06608142 0.12523013 0.02814062
 0.02493579]",[0.06268133 0.07398534 0.7818264  0.08150692],[0.98475057 0.01524941],"[2.63280745e-05 2.67435069e-04 1.37065328e-03 1.11238815e-01
 5.07272780e-01 3.43096375e-01 3.31436917e-02 3.03011131e-03
 5.53890015e-04]",0,White,20-39
/scratch/project_462000771/mengting/projects/bias/kolors/prompt2/selected_faces/detected_angry/angry_person_0641_face0.png,Indian,Indian,Male,70+,"[6.1158207e-04 1.7393644e-03 1.0889839e-02 5.2579398e-05 8.7615084e-03
 9.7564369e-01 2.3014206e-03]",[0.00331756 0.01691051 0.08491829 0.89485365],[0.95073956 0.04926043],"[3.0139323e-05 2.4154648e-04 8.8450575e-04 6.4447103e-04 3.0993824e-03
 3.7125681e-02 1.9740883e-01 3.4974444e-01 4.1082102e-01]",0,Others,60+
/scratch/project_462000771/mengting/projects/bias/kolors/prompt2/selected_faces/detected_angry/angry_person_0642_face0.png,Indian,Asian,Male,70+,"[0.19175442 0.09226079 0.23159109 0.01066163 0.10397892 0.3181217
 0.05163147]",[0.0623937  0.3497903  0.39129522 0.19652076],[0.93618304 0.06381694],"[5.9455739e-05 7.2995486e-04 1.9472789e-03 3.2038474e-03 5.5491817e-03
 2.2118734e-02 9.1300480e-02 2.9664412e-01 5.7844692e-01]",0,Others,60+
/scratch/project_462000771/mengting/projects/bias/kolors/prompt2/selected_faces/detected_angry/angry_person_0643_face0.png,White,White,Male,50-59,"[4.75583225e-01 1.02141589e-01 1.12092085e-01 8.65899419e-05
 8.78979452e-04 4.70030382e-02 2.62214541e-01]",[0.546817   0.2928142  0.02705943 0.13330938],[9.993641e-01 6.358967e-04],"[1.8894048e-05 6.9184600e-05 6.3190795e-04 3.4258780e-03 3.9733786e-02
 2.4580377e-01 6.2072074e-01 8.0099285e-02 9.4966004e-03]",0,White,40-59
/scratch/project_462000771/mengting/projects/bias/kolors/prompt2/selected_faces/detected_angry/angry_person_0644_face0.png,Black,Indian,Male,30-39,"[0.04236325 0.6902437  0.12631413 0.00136114 0.0256309  0.10933844
 0.00474835]",[0.1395473  0.34840992 0.13750143 0.37454134],[0.992674   0.00732604],"[1.5154272e-05 3.4679659e-04 3.8019225e-03 1.1928852e-01 4.4906980e-01
 3.5531962e-01 6.0838666e-02 9.2673879e-03 2.0521213e-03]",0,Black,20-39
/scratch/project_462000771/mengting/projects/bias/kolors/prompt2/selected_faces/detected_angry/angry_person_0645_face0.png,White,White,Male,50-59,"[0.3826146  0.17819256 0.07500942 0.00292172 0.01993302 0.07850119
 0.26282746]",[0.6169319  0.01080163 0.34443465 0.02783177],[0.9963456  0.00365443],"[2.58324217e-05 1.05725216e-04 6.57518278e-04 3.01217800e-03
 1.54142780e-02 9.76217985e-02 5.11987686e-01 2.75015414e-01
 9.61596742e-02]",0,White,40-59
/scratch/project_462000771/mengting/projects/bias/kolors/prompt2/selected_faces/detected_angry/angry_person_0646_face0.png,Latino_Hispanic,Indian,Male,40-49,"[3.0862275e-01 4.9222969e-02 3.1004426e-01 3.0043890e-04 1.1441396e-03
 1.2260130e-01 2.0806421e-01]",[0.03024795 0.01461799 0.00348107 0.951653  ],[0.5458091  0.45419094],"[3.0818994e-06 2.3238837e-05 6.3611416e-04 1.6205903e-02 2.0987977e-01
 4.9538562e-01 2.5716215e-01 1.9609420e-02 1.0946437e-03]",0,Others,40-59
/scratch/project_462000771/mengting/projects/bias/kolors/prompt2/selected_faces/detected_angry/angry_person_0647_face0.png,White,White,Male,40-49,"[0.7545797  0.01107105 0.05099533 0.0052756  0.02704551 0.13974701
 0.01128585]",[0.78365284 0.00857289 0.1352703  0.07250395],[0.9700479  0.02995214],"[1.7229059e-06 1.3256123e-05 4.1239930e-04 4.1300304e-02 1.7204726e-01
 3.9836371e-01 2.1429284e-01 9.6146680e-02 7.7421859e-02]",0,White,40-59
/scratch/project_462000771/mengting/projects/bias/kolors/prompt2/selected_faces/detected_angry/angry_person_0648_face0.png,White,White,Male,30-39,"[9.5197070e-01 4.7732105e-05 1.5907587e-02 1.6762198e-05 8.2062506e-05
 1.3400060e-03 3.0635236e-02]",[9.9501312e-01 1.3586965e-04 2.5391372e-04 4.5971093e-03],[9.990908e-01 9.091984e-04],"[5.1383296e-08 6.4930296e-06 2.6683293e-03 3.8767460e-01 5.7768667e-01
 3.1831440e-02 1.3142925e-04 9.3824002e-07 2.8945168e-08]",0,White,20-39
/scratch/project_462000771/mengting/projects/bias/kolors/prompt2/selected_faces/detected_angry/angry_person_0649_face0.png,White,White,Male,30-39,"[0.558939   0.0067745  0.38381922 0.00152835 0.00860937 0.01494724
 0.02538238]",[0.98531055 0.00160707 0.01050918 0.00257322],[9.9970162e-01 2.9841164e-04],"[2.3241068e-07 1.8058981e-06 4.7827023e-04 8.4558420e-02 6.1503494e-01
 2.8457296e-01 1.5068385e-02 2.7586473e-04 9.1146485e-06]",1,White,20-39
/scratch/project_462000771/mengting/projects/bias/kolors/prompt2/selected_faces/detected_angry/angry_person_0650_face0.png,White,White,Female,40-49,"[5.6176656e-01 1.3717325e-02 2.2216350e-01 5.0590001e-04 5.6453454e-03
 1.0131225e-01 9.4889119e-02]",[0.91916865 0.0010245  0.04474764 0.03505921],[0.01904258 0.98095745],"[6.4191699e-06 1.4497615e-04 1.3162380e-03 1.7033687e-02 1.0624800e-01
 2.6731822e-01 2.1835087e-01 2.1557200e-01 1.7400959e-01]",0,White,40-59
/scratch/project_462000771/mengting/projects/bias/kolors/prompt2/selected_faces/detected_angry/angry_person_0651_face0.png,Middle Eastern,Indian,Male,50-59,"[1.9665834e-01 1.2123222e-01 1.1255899e-01 1.6882237e-04 2.7978357e-03
 2.3259725e-01 3.3398658e-01]",[0.3494606  0.04526432 0.03886133 0.56641376],[0.99152184 0.00847817],"[2.3248340e-05 1.3356218e-04 2.0258862e-03 1.4617171e-02 5.8921296e-02
 2.4006259e-01 4.3300736e-01 2.0800208e-01 4.3206878e-02]",0,Others,40-59
/scratch/project_462000771/mengting/projects/bias/kolors/prompt2/selected_faces/detected_angry/angry_person_0652_face0.png,White,White,Male,40-49,"[7.4354720e-01 2.0681361e-03 1.5301055e-01 1.0635388e-04 2.0498033e-03
 8.2398951e-03 9.0978056e-02]",[9.7743523e-01 5.5461389e-04 1.8722195e-02 3.2879363e-03],[9.9984545e-01 1.5457341e-04],"[1.5015007e-06 7.6478409e-06 2.8458648e-04 1.5208955e-02 2.8074616e-01
 6.0646009e-01 9.5683679e-02 1.5571042e-03 5.0288512e-05]",0,White,40-59
/scratch/project_462000771/mengting/projects/bias/kolors/prompt2/selected_faces/detected_angry/angry_person_0653_face0.png,White,White,Male,30-39,"[0.5354981  0.00119038 0.37919062 0.00145249 0.00516855 0.0129616
 0.06453826]",[9.2667949e-01 4.5592716e-04 6.8175234e-02 4.6893824e-03],[9.9953604e-01 4.6398083e-04],"[5.3378488e-07 2.0811280e-05 6.2607704e-03 3.2335368e-01 6.0457748e-01
 6.4787507e-02 9.7902748e-04 1.9772526e-05 4.2796515e-07]",0,White,20-39
/scratch/project_462000771/mengting/projects/bias/kolors/prompt2/selected_faces/detected_angry/angry_person_0654_face0.png,White,White,Male,50-59,"[9.9419850e-01 7.4109173e-04 1.9687503e-03 7.2273120e-05 1.0409901e-03
 1.2098660e-03 7.6856388e-04]",[9.7659642e-01 2.6170092e-04 2.0698683e-02 2.4431630e-03],[9.9979180e-01 2.0820025e-04],"[1.7144607e-06 2.3485814e-05 4.7669123e-04 7.1908408e-03 8.4584191e-02
 4.1694883e-01 4.6048498e-01 2.6831053e-02 3.4582729e-03]",0,White,40-59
/scratch/project_462000771/mengting/projects/bias/kolors/prompt2/selected_faces/detected_angry/angry_person_0655_face0.png,White,White,Male,50-59,"[0.8392301  0.00175766 0.0537669  0.00180702 0.01376558 0.02317411
 0.06649856]",[0.8729017  0.0009355  0.11072183 0.0154409 ],[9.9903840e-01 9.6155907e-04],"[6.0402312e-05 4.8510372e-04 4.0215119e-03 3.3158455e-03 1.7256707e-02
 1.2547205e-01 5.5909771e-01 2.4021673e-01 5.0073922e-02]",0,White,40-59
/scratch/project_462000771/mengting/projects/bias/kolors/prompt2/selected_faces/detected_angry/angry_person_0656_face0.png,White,White,Male,30-39,"[8.8849497e-01 1.4852735e-03 8.7144643e-02 2.0771389e-04 1.0354845e-03
 7.4021220e-03 1.4229847e-02]",[0.56999594 0.0012363  0.32610685 0.10266092],[9.9967086e-01 3.2910990e-04],"[1.0895637e-07 5.5462524e-06 1.4376326e-03 2.3660684e-01 6.7158228e-01
 8.9215197e-02 1.1383707e-03 1.3385060e-05 6.2198836e-07]",0,White,20-39
/scratch/project_462000771/mengting/projects/bias/kolors/prompt2/selected_faces/detected_angry/angry_person_0657_face0.png,White,Asian,Male,40-49,"[0.34952727 0.1845059  0.10747655 0.01640106 0.14977561 0.17388399
 0.01842966]",[0.0430584  0.0124644  0.86570174 0.0787755 ],[0.9902493  0.00975073],"[1.0833260e-05 1.4854778e-04 2.0210671e-03 3.6243476e-02 1.2486805e-01
 2.9088521e-01 2.8332475e-01 1.7591140e-01 8.6586677e-02]",0,White,40-59
/scratch/project_462000771/mengting/projects/bias/kolors/prompt2/selected_faces/detected_angry/angry_person_0658_face0.png,White,White,Male,30-39,"[9.7564197e-01 6.1799842e-04 5.3822226e-03 1.3113585e-05 1.4014123e-04
 7.9293526e-04 1.7411524e-02]",[9.9902779e-01 2.7363416e-05 6.6011133e-05 8.7882276e-04],[0.99291813 0.00708188],"[2.3542898e-06 5.4391508e-05 2.0219255e-03 1.4474979e-01 4.9870920e-01
 3.2833868e-01 2.5531521e-02 5.5249472e-04 3.9706847e-05]",0,White,20-39
/scratch/project_462000771/mengting/projects/bias/kolors/prompt2/selected_faces/detected_angry/angry_person_0659_face0.png,White,White,Male,40-49,"[7.88036644e-01 8.12899880e-03 6.88601881e-02 1.21315905e-04
 2.05883896e-03 4.78172377e-02 8.49767625e-02]",[9.5221037e-01 9.5044496e-04 8.8876067e-03 3.7951615e-02],[9.999980e-01 2.061943e-06],"[5.0231943e-06 2.6214142e-05 3.1586332e-04 1.9323291e-02 3.0383101e-01
 5.8945775e-01 8.4811330e-02 2.1695772e-03 5.9945258e-05]",1,White,40-59
/scratch/project_462000771/mengting/projects/bias/kolors/prompt2/selected_faces/detected_angry/angry_person_0660_face0.png,White,White,Male,50-59,"[6.2805796e-01 9.4419882e-02 5.9884071e-02 4.6394937e-04 9.3236631e-03
 1.1958557e-01 8.8265076e-02]",[0.7075954  0.05561135 0.17477752 0.06201576],[0.9980905  0.00190945],"[1.0679077e-04 5.9360435e-04 3.3987092e-03 5.0661918e-03 1.6861230e-02
 9.6055113e-02 4.4251245e-01 3.4491077e-01 9.0495169e-02]",0,White,40-59
/scratch/project_462000771/mengting/projects/bias/kolors/prompt2/selected_faces/detected_angry/angry_person_0661_face0.png,White,White,Male,20-29,"[0.7672066  0.00650424 0.0731255  0.00538663 0.00706786 0.00452577
 0.1361835 ]",[0.5338227  0.05116275 0.26833192 0.14668258],[0.98922336 0.01077663],"[2.7862501e-07 9.0774971e-05 5.6778677e-02 6.9032913e-01 2.3987345e-01
 1.2710905e-02 2.0810177e-04 8.2880997e-06 4.4788831e-07]",0,White,20-39
/scratch/project_462000771/mengting/projects/bias/kolors/prompt2/selected_faces/detected_angry/angry_person_0662_face0.png,White,White,Male,60-69,"[0.49270558 0.00606652 0.12647797 0.03282531 0.05985633 0.10714146
 0.17492686]",[9.6220660e-01 4.1579772e-04 3.1506948e-02 5.8707087e-03],[0.97656864 0.02343137],"[5.3372183e-05 2.4206709e-04 2.2721533e-03 3.1952839e-02 5.8328889e-02
 1.3601603e-01 3.0634236e-01 3.1228063e-01 1.5251166e-01]",1,White,60+
/scratch/project_462000771/mengting/projects/bias/kolors/prompt2/selected_faces/detected_angry/angry_person_0663_face0.png,Middle Eastern,White,Female,60-69,"[0.30353513 0.03467418 0.23096384 0.00051396 0.00779834 0.11291461
 0.3095999 ]",[0.9754477  0.00847573 0.00358963 0.01248694],[0.384009 0.615991],"[6.82529208e-05 1.14270253e-03 5.66012412e-03 1.41374050e-02
 3.76177542e-02 1.04500495e-01 1.78742409e-01 3.32861722e-01
 3.25269192e-01]",0,White,60+
/scratch/project_462000771/mengting/projects/bias/kolors/prompt2/selected_faces/detected_angry/angry_person_0664_face0.png,White,White,Male,30-39,"[6.2311077e-01 1.6088519e-03 2.6505446e-01 3.4005454e-04 1.0079737e-03
 9.1153206e-03 9.9762529e-02]",[9.7620839e-01 7.9158577e-04 2.7099894e-03 2.0290045e-02],[0.52869886 0.47130114],"[2.89861276e-07 1.12639145e-05 6.34996220e-03 4.19564098e-01
 4.65825558e-01 1.03286803e-01 4.60014259e-03 3.33979930e-04
 2.79005144e-05]",0,White,20-39
/scratch/project_462000771/mengting/projects/bias/kolors/prompt2/selected_faces/detected_angry/angry_person_0665_face0.png,White,White,Male,50-59,"[0.30844644 0.03191928 0.28532895 0.00197519 0.03806587 0.09778577
 0.23647851]",[0.69714713 0.01860621 0.11883648 0.16541019],[9.9993324e-01 6.6797948e-05],"[7.0905378e-05 1.0104771e-04 4.6640384e-04 5.1248400e-04 7.3209973e-03
 1.3627067e-01 6.8264240e-01 1.6252422e-01 1.0090906e-02]",0,White,40-59
/scratch/project_462000771/mengting/projects/bias/kolors/prompt2/selected_faces/detected_angry/angry_person_0666_face0.png,White,White,Male,20-29,"[0.767511   0.0143095  0.14959748 0.00235462 0.00877064 0.01580551
 0.04165126]",[0.9818538  0.00323754 0.0099606  0.00494811],[0.9920438  0.00795619],"[2.1048756e-07 6.0439934e-06 2.9016149e-03 4.6157783e-01 4.4582167e-01
 8.5273594e-02 4.2622299e-03 1.4576572e-04 1.1067364e-05]",0,White,20-39
/scratch/project_462000771/mengting/projects/bias/kolors/prompt2/selected_faces/detected_angry/angry_person_0667_face0.png,White,White,Male,30-39,"[9.7836709e-01 6.8492646e-04 7.1024480e-03 3.4362962e-03 3.9337063e-03
 1.1412823e-03 5.3342702e-03]",[0.76030815 0.00156589 0.21951692 0.0186091 ],[0.98128873 0.01871127],"[1.2345166e-06 1.4623879e-05 8.7792351e-04 1.7324722e-01 4.1353688e-01
 3.3487093e-01 6.9371730e-02 6.9739874e-03 1.1054522e-03]",0,White,20-39
/scratch/project_462000771/mengting/projects/bias/kolors/prompt2/selected_faces/detected_angry/angry_person_0668_face0.png,White,White,Male,40-49,"[3.75617206e-01 6.32795617e-02 1.84510350e-01 1.00349585e-04
 3.08693456e-03 2.93349862e-01 8.00557584e-02]",[0.9378927  0.01910614 0.01357749 0.02942373],[9.9990928e-01 9.0691414e-05],"[5.7970014e-06 1.9988005e-05 2.4730476e-04 4.0207761e-03 8.0419935e-02
 4.8672011e-01 4.0911746e-01 1.8454500e-02 9.9411351e-04]",0,White,40-59
/scratch/project_462000771/mengting/projects/bias/kolors/prompt2/selected_faces/detected_angry/angry_person_0669_face0.png,White,White,Male,50-59,"[9.8068124e-01 7.4415300e-03 6.1447150e-03 5.2713347e-04 9.7649521e-04
 8.0873282e-04 3.4200486e-03]",[9.9220717e-01 3.9279268e-05 7.2826929e-03 4.7085230e-04],[0.84202796 0.15797202],"[6.1041865e-06 6.0494360e-05 3.9756706e-04 1.3299345e-02 8.8077903e-02
 3.4657365e-01 4.8299131e-01 5.7460018e-02 1.1133631e-02]",0,White,40-59
/scratch/project_462000771/mengting/projects/bias/kolors/prompt2/selected_faces/detected_angry/angry_person_0670_face0.png,Latino_Hispanic,White,Male,30-39,"[1.9794422e-01 7.4482873e-02 4.8575863e-01 1.2873203e-04 1.3656118e-03
 5.9776820e-02 1.8054307e-01]",[0.9768343  0.01072055 0.00644182 0.00600333],[0.96201116 0.03798888],"[1.2798492e-05 7.1423441e-05 1.6382766e-03 5.7942055e-02 4.5475957e-01
 4.1420564e-01 6.8441302e-02 2.7538419e-03 1.7514684e-04]",0,Others,20-39
/scratch/project_462000771/mengting/projects/bias/kolors/prompt2/selected_faces/detected_angry/angry_person_0671_face0.png,Indian,Asian,Male,70+,"[2.1335633e-02 7.8283139e-02 5.1062331e-02 4.9769576e-04 1.8431731e-02
 6.1165804e-01 2.1873143e-01]",[0.01363952 0.03331506 0.58655065 0.36649477],[0.988721   0.01127903],"[6.3517195e-06 6.5134271e-05 4.0901720e-04 1.8149000e-03 3.4950159e-03
 1.9501342e-02 6.8787031e-02 2.6080066e-01 6.4512056e-01]",0,Others,60+
/scratch/project_462000771/mengting/projects/bias/kolors/prompt2/selected_faces/detected_angry/angry_person_0672_face0.png,Indian,Asian,Male,40-49,"[0.00934976 0.16884144 0.08359549 0.00623671 0.11968742 0.5939946
 0.01829463]",[4.9421709e-04 5.6982059e-02 6.1686468e-01 3.2565904e-01],[0.9665698  0.03343026],"[7.3183423e-06 1.0995458e-04 2.4822014e-03 4.6732679e-02 2.5915313e-01
 4.0595055e-01 1.9925997e-01 6.6090137e-02 2.0214140e-02]",0,Others,40-59
/scratch/project_462000771/mengting/projects/bias/kolors/prompt2/selected_faces/detected_angry/angry_person_0673_face0.png,Black,Indian,Male,50-59,"[0.02035567 0.5480865  0.10515025 0.00113161 0.02155157 0.293013
 0.0107114 ]",[0.18995415 0.19434328 0.02257022 0.59313244],[9.994821e-01 5.179336e-04],"[4.0815848e-05 1.5478185e-04 4.4929198e-04 1.3050042e-03 1.0092520e-02
 9.0650119e-02 4.2241770e-01 3.6826125e-01 1.0662846e-01]",0,Black,40-59
/scratch/project_462000771/mengting/projects/bias/kolors/prompt2/selected_faces/detected_angry/angry_person_0674_face0.png,White,White,Male,40-49,"[9.7303289e-01 8.6629866e-03 5.8194655e-03 2.7818256e-04 2.1111846e-03
 4.9031433e-03 5.1921490e-03]",[9.4140404e-01 2.8086043e-04 5.4094635e-02 4.2205048e-03],[9.9911386e-01 8.8615163e-04],"[2.0230391e-05 1.9537969e-04 1.4804981e-03 2.3377465e-02 1.5551439e-01
 5.0663495e-01 2.8331572e-01 2.4863677e-02 4.5977244e-03]",0,White,40-59
/scratch/project_462000771/mengting/projects/bias/kolors/prompt2/selected_faces/detected_angry/angry_person_0675_face0.png,Indian,Asian,Male,60-69,"[1.3851492e-04 4.9634039e-02 8.7608006e-03 1.9546285e-04 3.4979295e-02
 9.0470779e-01 1.5841410e-03]",[0.00152122 0.05001253 0.70399755 0.24446863],[9.9996543e-01 3.4547495e-05],"[4.31622675e-06 1.15883195e-05 1.05069113e-04 4.72962245e-04
 2.48707109e-03 3.73493545e-02 2.12163076e-01 5.44606984e-01
 2.02799544e-01]",0,Others,60+
/scratch/project_462000771/mengting/projects/bias/kolors/prompt2/selected_faces/detected_angry/angry_person_0676_face0.png,White,White,Male,40-49,"[8.4795398e-01 7.1909772e-03 9.0975679e-02 7.9557701e-04 1.6316138e-02
 2.5978871e-02 1.0788678e-02]",[0.74442947 0.00260987 0.2372186  0.01574208],[0.9847862  0.01521382],"[1.1567462e-06 2.1483933e-05 4.6724052e-04 8.5293492e-03 1.6409507e-01
 5.5367911e-01 2.6564839e-01 7.0158383e-03 5.4239784e-04]",0,White,40-59
/scratch/project_462000771/mengting/projects/bias/kolors/prompt2/selected_faces/detected_angry/angry_person_0677_face0.png,White,White,Male,20-29,"[9.9138600e-01 7.3534153e-05 6.0029998e-03 1.6596603e-05 4.2254258e-05
 4.5991939e-05 2.4327205e-03]",[9.9881554e-01 1.7459886e-04 8.2237227e-04 1.8750293e-04],[0.83726805 0.16273196],"[7.3592609e-08 5.6053595e-05 5.6868691e-02 7.8385305e-01 1.5027021e-01
 8.8044237e-03 1.4254379e-04 4.6238306e-06 2.8540450e-07]",0,White,20-39
/scratch/project_462000771/mengting/projects/bias/kolors/prompt2/selected_faces/detected_angry/angry_person_0678_face0.png,Middle Eastern,Asian,Male,50-59,"[0.13237311 0.25166106 0.10916569 0.00095663 0.00834021 0.0861598
 0.41134343]",[0.20807883 0.14501129 0.57058054 0.07632936],[0.9965975  0.00340242],"[1.2990003e-05 3.5148234e-05 2.4871141e-04 3.0703014e-03 3.2521989e-02
 2.4883278e-01 4.9341047e-01 1.7765307e-01 4.4214658e-02]",0,Black,40-59
/scratch/project_462000771/mengting/projects/bias/kolors/prompt2/selected_faces/detected_angry/angry_person_0679_face0.png,Latino_Hispanic,White,Male,20-29,"[4.0036058e-01 4.5275399e-03 5.3844035e-01 4.9350888e-04 1.8829068e-03
 3.0817026e-03 5.1213328e-02]",[0.90202534 0.01280911 0.06410646 0.02105901],[0.97404253 0.02595744],"[3.34436265e-08 1.23578875e-05 3.43934223e-02 6.52426958e-01
 3.01110953e-01 1.19414674e-02 1.12097543e-04 2.58550313e-06
 1.06880599e-07]",0,Others,20-39
/scratch/project_462000771/mengting/projects/bias/kolors/prompt2/selected_faces/detected_angry/angry_person_0680_face0.png,White,White,Male,40-49,"[0.85026115 0.0183329  0.06430695 0.00695031 0.01341038 0.01582489
 0.0309135 ]",[0.93458027 0.0053434  0.02311097 0.03696536],[0.9842051  0.01579486],"[5.9403166e-05 5.5838906e-04 3.0934296e-03 4.5360174e-02 2.5933415e-01
 5.2245331e-01 1.5435231e-01 1.3275324e-02 1.5135445e-03]",0,White,40-59
/scratch/project_462000771/mengting/projects/bias/kolors/prompt2/selected_faces/detected_angry/angry_person_0681_face0.png,White,White,Male,40-49,"[9.6455479e-01 8.0675341e-04 2.1433774e-02 2.7057630e-04 2.9547364e-03
 5.9100031e-03 4.0694545e-03]",[0.7458142  0.00164103 0.2412946  0.01125017],[0.9819037  0.01809636],"[4.6833114e-07 7.3667411e-06 2.2709520e-04 5.9103360e-03 1.2864435e-01
 6.5174198e-01 2.0790225e-01 5.2382611e-03 3.2791009e-04]",0,White,40-59
/scratch/project_462000771/mengting/projects/bias/kolors/prompt2/selected_faces/detected_angry/angry_person_0682_face0.png,Middle Eastern,Indian,Male,50-59,"[8.0822416e-02 1.2648264e-01 7.3734641e-02 3.0283740e-04 2.4943464e-03
 1.7752257e-01 5.3864056e-01]",[0.24549332 0.24030468 0.03961568 0.47458637],[9.9975383e-01 2.4622394e-04],"[1.7704097e-04 1.5296837e-04 5.7553395e-04 8.3757349e-04 3.7131852e-03
 3.9729450e-02 5.2721971e-01 3.7762839e-01 4.9966086e-02]",0,Others,40-59
/scratch/project_462000771/mengting/projects/bias/kolors/prompt2/selected_faces/detected_angry/angry_person_0683_face0.png,White,White,Male,30-39,"[9.6895760e-01 1.1843635e-04 1.0327364e-02 5.6849356e-05 3.6883619e-04
 1.3202488e-03 1.8850693e-02]",[9.9388027e-01 8.4168460e-05 5.6268317e-03 4.0866027e-04],[9.9945992e-01 5.4008485e-04],"[1.0493847e-06 2.7783924e-05 3.7546249e-03 2.2616644e-01 4.6840155e-01
 2.6313907e-01 3.7184924e-02 1.1729882e-03 1.5157224e-04]",0,White,20-39
/scratch/project_462000771/mengting/projects/bias/kolors/prompt2/selected_faces/detected_angry/angry_person_0684_face0.png,White,White,Male,40-49,"[8.3008492e-01 3.1747419e-02 4.5669593e-02 4.8318773e-04 3.7543972e-03
 3.0281076e-02 5.7979390e-02]",[0.7381232  0.00734978 0.14371088 0.11081613],[0.9911903  0.00880973],"[6.0075354e-06 3.5684930e-05 4.9027265e-04 9.7778253e-03 8.8658109e-02
 4.2245093e-01 4.1254652e-01 5.8465607e-02 7.5690239e-03]",0,White,40-59
/scratch/project_462000771/mengting/projects/bias/kolors/prompt2/selected_faces/detected_angry/angry_person_0685_face0.png,Black,Indian,Male,70+,"[0.01920146 0.7617034  0.04456328 0.00404421 0.05003974 0.10648252
 0.01396543]",[0.00656654 0.45482242 0.04542789 0.49318317],[0.9916843 0.0083156],"[1.0491708e-05 1.6720276e-04 8.9795666e-04 4.1228579e-03 1.3576261e-02
 6.8796366e-02 1.6081382e-01 3.4748501e-01 4.0412995e-01]",0,Black,60+
/scratch/project_462000771/mengting/projects/bias/kolors/prompt2/selected_faces/detected_angry/angry_person_0686_face0.png,Indian,Asian,Male,60-69,"[0.02843138 0.03487534 0.03526662 0.001374   0.04997863 0.8116051
 0.03846896]",[0.01484783 0.00201555 0.90841544 0.07472117],[9.9985981e-01 1.4017476e-04],"[1.11202153e-05 2.36911092e-05 1.13059825e-04 2.13034742e-04
 4.63038392e-04 6.40529953e-03 1.21686637e-01 5.80435634e-01
 2.90648401e-01]",0,Others,60+
/scratch/project_462000771/mengting/projects/bias/kolors/prompt2/selected_faces/detected_angry/angry_person_0687_face0.png,White,White,Male,40-49,"[9.3346214e-01 8.3519639e-03 1.8918270e-02 1.2916811e-04 4.3335388e-04
 3.8565225e-03 3.4848616e-02]",[0.9725069  0.0110912  0.00830592 0.00809594],[0.99899113 0.00100884],"[7.6192514e-06 2.7838450e-05 2.3278125e-04 5.5870605e-03 8.2956500e-02
 4.4993129e-01 4.4328266e-01 1.6734252e-02 1.2399745e-03]",0,White,40-59
/scratch/project_462000771/mengting/projects/bias/kolors/prompt2/selected_faces/detected_angry/angry_person_0688_face0.png,Latino_Hispanic,Indian,Male,50-59,"[0.2796519  0.06245714 0.45966083 0.00533929 0.05319731 0.08664639
 0.05304719]",[0.24174674 0.03343194 0.21237165 0.5124497 ],[0.94477063 0.05522938],"[5.41533445e-05 6.94590562e-04 3.47541436e-03 1.01827439e-02
 8.08809698e-02 3.66667867e-01 4.01691616e-01 1.08690105e-01
 2.76626498e-02]",0,Others,40-59
/scratch/project_462000771/mengting/projects/bias/kolors/prompt2/selected_faces/detected_angry/angry_person_0689_face0.png,Indian,White,Male,50-59,"[0.10659855 0.06608161 0.23567837 0.00306156 0.04172371 0.27989963
 0.2669565 ]",[0.44595984 0.02303502 0.33426186 0.19674325],[9.998604e-01 1.396277e-04],"[6.4337197e-05 2.0983157e-04 7.2513300e-04 7.2696444e-04 6.8045827e-03
 6.3640572e-02 4.4620883e-01 3.8365567e-01 9.7964041e-02]",0,Others,40-59
/scratch/project_462000771/mengting/projects/bias/kolors/prompt2/selected_faces/detected_angry/angry_person_0690_face0.png,Latino_Hispanic,Asian,Male,40-49,"[0.30873463 0.05675978 0.40525585 0.00256845 0.03292717 0.0796378
 0.11411632]",[0.33148196 0.02295198 0.44301605 0.20255001],[9.9974072e-01 2.5925227e-04],"[1.6306915e-06 1.7339882e-05 9.9491130e-04 2.4929507e-02 3.2358596e-01
 5.6427372e-01 8.3664350e-02 2.4212163e-03 1.1129076e-04]",0,Others,40-59
/scratch/project_462000771/mengting/projects/bias/kolors/prompt2/selected_faces/detected_angry/angry_person_0691_face0.png,Middle Eastern,White,Male,30-39,"[0.18732923 0.01955301 0.21245688 0.00063665 0.00773712 0.09436104
 0.47792602]",[0.7187119  0.00483306 0.01992666 0.25652835],[0.99059314 0.00940684],"[1.1655428e-04 6.0913889e-03 1.1953951e-01 2.4808495e-01 3.1701955e-01
 2.2491331e-01 6.8120085e-02 1.3779101e-02 2.3355873e-03]",0,Others,20-39
/scratch/project_462000771/mengting/projects/bias/kolors/prompt2/selected_faces/detected_angry/angry_person_0692_face0.png,White,White,Male,30-39,"[6.8110305e-01 8.2008559e-03 1.9397721e-01 7.2341682e-05 5.8523234e-04
 2.3546904e-02 9.2514455e-02]",[9.9627876e-01 1.5317203e-04 7.8640541e-04 2.7816943e-03],[9.9984318e-01 1.5678578e-04],"[5.5284772e-07 6.7516758e-06 2.0977773e-04 3.4696184e-02 5.6741500e-01
 3.8033748e-01 1.7195631e-02 1.3337932e-04 5.2518658e-06]",0,White,20-39
/scratch/project_462000771/mengting/projects/bias/kolors/prompt2/selected_faces/detected_angry/angry_person_0693_face0.png,Indian,Asian,Male,30-39,"[4.8716618e-03 8.7500632e-02 2.7083674e-01 2.0554083e-04 4.5159180e-02
 5.8653110e-01 4.8951302e-03]",[0.00371522 0.04273357 0.5324293  0.42112198],[9.9999791e-01 2.1000028e-06],"[5.2582543e-08 7.2869875e-06 7.4469224e-03 2.7457333e-01 5.4568487e-01
 1.6533847e-01 6.7706509e-03 1.7099707e-04 7.3817000e-06]",0,Others,20-39
/scratch/project_462000771/mengting/projects/bias/kolors/prompt2/selected_faces/detected_angry/angry_person_0694_face0.png,White,White,Male,40-49,"[9.69435155e-01 6.14011707e-03 1.20635405e-02 3.62382096e-04
 9.19983373e-04 3.16843460e-03 7.91044626e-03]",[0.99022233 0.00234111 0.00376039 0.00367608],[0.9949011  0.00509883],"[2.4247331e-06 2.0434753e-05 3.3462516e-04 3.2619163e-02 3.0923575e-01
 5.5268013e-01 1.0102825e-01 3.7854002e-03 2.9380951e-04]",0,White,40-59
/scratch/project_462000771/mengting/projects/bias/kolors/prompt2/selected_faces/detected_angry/angry_person_0695_face0.png,White,White,Male,30-39,"[0.80451035 0.00116772 0.15363349 0.00396122 0.00694816 0.01252629
 0.01725267]",[9.3830907e-01 2.9721112e-05 5.8697186e-02 2.9640365e-03],[0.99899405 0.00100594],"[2.4279271e-07 3.3807171e-06 1.3127268e-03 3.1595811e-01 5.9922940e-01
 8.1876971e-02 1.5848191e-03 3.2091233e-05 2.2563524e-06]",0,White,20-39
/scratch/project_462000771/mengting/projects/bias/kolors/prompt2/selected_faces/detected_angry/angry_person_0696_face0.png,White,White,Male,20-29,"[6.9010377e-01 2.8570567e-03 2.0060712e-01 2.3740246e-05 1.0449754e-03
 1.7027862e-02 8.8335454e-02]",[9.4543976e-01 5.6897342e-04 3.1911213e-02 2.2080097e-02],[9.9999744e-01 2.5471406e-06],"[2.34573037e-08 5.83714791e-06 7.00312899e-03 5.05900979e-01
 4.57087249e-01 2.97148824e-02 2.84630019e-04 3.16730234e-06
 1.03568574e-07]",0,White,20-39
/scratch/project_462000771/mengting/projects/bias/kolors/prompt2/selected_faces/detected_angry/angry_person_0697_face0.png,Latino_Hispanic,White,Male,30-39,"[0.3395675  0.02085208 0.48362505 0.00290909 0.03384357 0.01638673
 0.10281596]",[0.6923773  0.00202635 0.10250236 0.20309395],[0.6231918  0.37680823],"[2.12514824e-05 2.89707124e-04 4.89203772e-03 1.16558820e-01
 4.02709275e-01 2.82714427e-01 1.18359864e-01 5.25738224e-02
 2.18807831e-02]",0,Others,20-39
/scratch/project_462000771/mengting/projects/bias/kolors/prompt2/selected_faces/detected_angry/angry_person_0698_face0.png,White,White,Female,50-59,"[6.63410544e-01 3.71331652e-03 2.18623966e-01 1.49893211e-04
 4.74246335e-04 8.68521165e-03 1.04942724e-01]",[9.9755454e-01 7.1611670e-05 1.4362796e-03 9.3753834e-04],[0.01064996 0.98935   ],"[6.5362860e-06 4.1263902e-05 2.5571324e-04 3.4503154e-03 5.0349072e-02
 3.1150356e-01 4.9721175e-01 1.2201329e-01 1.5168487e-02]",0,White,40-59
/scratch/project_462000771/mengting/projects/bias/kolors/prompt2/selected_faces/detected_angry/angry_person_0699_face0.png,Latino_Hispanic,Asian,Male,30-39,"[0.36255127 0.02166977 0.4417812  0.01250223 0.10937666 0.03767926
 0.0144397 ]",[0.33508924 0.01868145 0.5903297  0.05589963],[9.9977958e-01 2.2041534e-04],"[8.6558124e-08 2.5138256e-06 1.4231749e-03 1.4559077e-01 5.8000118e-01
 2.5809157e-01 1.4537880e-02 3.3699986e-04 1.5784053e-05]",0,Others,20-39
/scratch/project_462000771/mengting/projects/bias/kolors/prompt2/selected_faces/detected_angry/angry_person_0700_face0.png,White,White,Male,40-49,"[0.7460523  0.13781875 0.04569584 0.00196475 0.01359506 0.0397553
 0.01511801]",[0.6151654  0.01391481 0.30259058 0.06832921],[0.9360391  0.06396087],"[3.6440927e-06 3.6685906e-05 3.0646028e-04 1.7801832e-02 1.5207285e-01
 4.4812801e-01 2.9742104e-01 5.8776069e-02 2.5453487e-02]",0,White,40-59
/scratch/project_462000771/mengting/projects/bias/kolors/prompt2/selected_faces/detected_angry/angry_person_0701_face0.png,White,White,Male,40-49,"[0.8237631  0.00827966 0.05452552 0.01112978 0.04332411 0.02376278
 0.03521512]",[0.82017726 0.00190845 0.1661545  0.01175977],[0.5269522  0.47304776],"[3.67484317e-05 1.34889863e-03 1.03058955e-02 7.67073706e-02
 1.52127653e-01 3.11675638e-01 2.32671976e-01 1.13384478e-01
 1.01741299e-01]",0,White,40-59
/scratch/project_462000771/mengting/projects/bias/kolors/prompt2/selected_faces/detected_angry/angry_person_0702_face0.png,White,Asian,Male,40-49,"[0.4803347  0.03322126 0.07352795 0.00083383 0.01493228 0.35320422
 0.04394574]",[0.02586919 0.00392965 0.83012885 0.14007236],[0.96964526 0.03035472],"[2.6978012e-05 2.8370330e-04 2.3354762e-03 3.7018392e-02 1.6670045e-01
 3.8642326e-01 2.8934076e-01 7.7421121e-02 4.0449809e-02]",0,White,40-59
/scratch/project_462000771/mengting/projects/bias/kolors/prompt2/selected_faces/detected_angry/angry_person_0703_face0.png,White,White,Male,40-49,"[7.3715127e-01 9.0359291e-03 1.1955250e-01 3.8994179e-04 2.8392854e-03
 8.4835634e-02 4.6195485e-02]",[0.9451726  0.00359541 0.03245158 0.01878035],[0.96577466 0.03422536],"[1.9921006e-04 1.5400785e-03 7.5716348e-03 3.4394227e-02 1.8552746e-01
 4.8375434e-01 2.6996294e-01 1.5344235e-02 1.7058834e-03]",0,White,40-59
/scratch/project_462000771/mengting/projects/bias/kolors/prompt2/selected_faces/detected_angry/angry_person_0704_face0.png,White,White,Male,20-29,"[9.5382482e-01 2.2670843e-05 1.3896895e-02 2.2393067e-05 6.4440064e-05
 2.5847738e-04 3.1910259e-02]",[9.9956489e-01 2.9168035e-05 8.2659017e-06 3.9767343e-04],[0.8102868 0.1897132],"[1.6643945e-08 9.0089188e-06 4.6650980e-02 8.3347267e-01 1.1737795e-01
 2.4765877e-03 1.2540593e-05 2.0831845e-07 5.7394067e-09]",1,White,20-39
/scratch/project_462000771/mengting/projects/bias/kolors/prompt2/selected_faces/detected_angry/angry_person_0705_face0.png,Indian,White,Male,70+,"[0.2618355  0.08055747 0.07178961 0.00889727 0.11033066 0.30346265
 0.16312684]",[0.50949717 0.04625116 0.32829234 0.11595933],[0.9095945  0.09040551],"[5.2057294e-06 3.5836580e-05 8.2480314e-05 2.3988100e-04 8.7420375e-04
 6.1296532e-03 4.6497781e-02 2.1552424e-01 7.3061073e-01]",0,Others,60+
/scratch/project_462000771/mengting/projects/bias/kolors/prompt2/selected_faces/detected_angry/angry_person_0706_face0.png,White,Asian,Male,70+,"[0.38028738 0.03009954 0.13017097 0.01671528 0.09462412 0.25797826
 0.0901245 ]",[0.06115037 0.00680759 0.9139135  0.01812856],[0.8026247  0.19737534],"[1.50018395e-05 8.77205675e-05 5.00784197e-04 1.67088269e-03
 7.61328824e-03 5.51378615e-02 2.19193414e-01 3.18021864e-01
 3.97759169e-01]",0,White,60+
/scratch/project_462000771/mengting/projects/bias/kolors/prompt2/selected_faces/detected_angry/angry_person_0707_face0.png,White,White,Male,40-49,"[9.6461320e-01 5.3414432e-03 2.0958049e-02 3.5656552e-04 1.4922507e-03
 1.6771959e-03 5.5612712e-03]",[9.9887758e-01 1.5903577e-04 6.0374651e-04 3.5968193e-04],[0.9831129  0.01688709],"[3.6848121e-06 3.4255692e-05 4.0306649e-04 1.3205832e-02 1.6031106e-01
 5.4100233e-01 2.7248380e-01 1.1434047e-02 1.1219503e-03]",0,White,40-59
/scratch/project_462000771/mengting/projects/bias/kolors/prompt2/selected_faces/detected_angry/angry_person_0708_face0.png,Black,Asian,Male,70+,"[0.14268908 0.33621678 0.0917761  0.01787101 0.06541047 0.18175931
 0.16427727]",[0.38446432 0.05469524 0.4321856  0.12865481],[0.99899435 0.0010057 ],"[1.9228768e-05 3.4744782e-05 1.2751235e-04 4.0993732e-03 6.2244022e-03
 2.5396520e-02 9.4567008e-02 3.4042144e-01 5.2910972e-01]",0,Black,60+
/scratch/project_462000771/mengting/projects/bias/kolors/prompt2/selected_faces/detected_angry/angry_person_0709_face0.png,White,White,Male,30-39,"[9.9553519e-01 7.4668496e-05 2.7258096e-03 8.2089493e-05 6.5961963e-04
 3.6055752e-04 5.6204910e-04]",[8.5137862e-01 1.3163302e-04 1.4323474e-01 5.2549592e-03],[9.9989384e-01 1.0618564e-04],"[1.5590565e-07 4.8399265e-06 5.9984374e-04 4.9046781e-02 4.8482150e-01
 4.2648399e-01 3.8811687e-02 2.2267261e-04 8.6149666e-06]",1,White,20-39
/scratch/project_462000771/mengting/projects/bias/kolors/prompt2/selected_faces/detected_angry/angry_person_0710_face0.png,White,White,Male,30-39,"[8.5838997e-01 7.6548597e-03 1.0969241e-01 8.7582062e-05 7.6572545e-04
 6.1541209e-03 1.7255351e-02]",[0.91847634 0.0188376  0.02758119 0.03510493],[0.99871325 0.00128672],"[9.1449287e-08 1.0735822e-06 2.6150627e-04 4.1897234e-02 5.3567940e-01
 3.9615312e-01 2.5660366e-02 3.3586987e-04 1.1413356e-05]",1,White,20-39
/scratch/project_462000771/mengting/projects/bias/kolors/prompt2/selected_faces/detected_angry/angry_person_0711_face0.png,Black,Black,Male,50-59,"[3.58731896e-02 8.74866843e-01 1.23024415e-02 3.08657851e-04
 3.47180688e-03 5.59089445e-02 1.72681026e-02]",[0.10392927 0.34900153 0.24385832 0.3032109 ],[9.9921364e-01 7.8639324e-04],"[2.4166384e-05 1.1991721e-04 1.9896611e-04 3.6521654e-03 3.1355955e-02
 1.4623292e-01 3.4004208e-01 2.9325271e-01 1.8512109e-01]",0,Black,40-59
/scratch/project_462000771/mengting/projects/bias/kolors/prompt2/selected_faces/detected_angry/angry_person_0712_face0.png,White,White,Male,50-59,"[0.5266665  0.06069665 0.1592792  0.00054927 0.00963349 0.09490312
 0.1482716 ]",[0.7651289  0.00549045 0.18460412 0.04477651],[9.9996090e-01 3.9089515e-05],"[1.15958814e-04 1.23460346e-03 9.38586518e-03 3.31356078e-02
 9.67503265e-02 2.70548254e-01 4.69539762e-01 1.10381655e-01
 8.90790019e-03]",0,White,40-59
/scratch/project_462000771/mengting/projects/bias/kolors/prompt2/selected_faces/detected_angry/angry_person_0713_face0.png,White,White,Male,30-39,"[9.6413845e-01 3.9597335e-03 1.4040272e-02 4.6626927e-05 3.1800897e-04
 3.4357872e-04 1.7153403e-02]",[9.989031e-01 2.020823e-04 7.991940e-04 9.549003e-05],[9.9938738e-01 6.1264157e-04],"[1.7444988e-07 8.4661281e-07 6.9826754e-05 2.6931372e-02 4.9411511e-01
 4.4394156e-01 3.4133725e-02 7.6952908e-04 3.7870959e-05]",1,White,20-39
/scratch/project_462000771/mengting/projects/bias/kolors/prompt2/selected_faces/detected_angry/angry_person_0714_face0.png,White,White,Male,40-49,"[9.6263331e-01 2.7766512e-03 1.2384185e-02 5.3836161e-04 7.9507688e-03
 9.3512842e-03 4.3655555e-03]",[0.8933979  0.00202116 0.09969479 0.00488608],[9.9991578e-01 8.4207255e-05],"[7.4328767e-07 2.1261669e-05 1.4315305e-03 3.3183146e-02 1.8472689e-01
 4.8054144e-01 2.9216313e-01 7.4273609e-03 5.0444866e-04]",0,White,40-59
/scratch/project_462000771/mengting/projects/bias/kolors/prompt2/selected_faces/detected_angry/angry_person_0716_face0.png,Black,Asian,Male,70+,"[0.01016098 0.77258086 0.04461303 0.00279823 0.02637829 0.116749
 0.02671962]",[0.01807511 0.20508268 0.62286055 0.15398161],[0.64815843 0.35184154],"[3.0053530e-05 3.7483318e-04 7.2055310e-04 2.9683085e-03 1.3578381e-02
 4.8364386e-02 1.1590923e-01 3.3418986e-01 4.8386434e-01]",0,Black,60+
/scratch/project_462000771/mengting/projects/bias/kolors/prompt2/selected_faces/detected_angry/angry_person_0717_face0.png,White,White,Male,50-59,"[8.7423486e-01 7.1993927e-03 3.6756579e-02 1.9693574e-04 3.8332066e-03
 3.0654093e-02 4.7124941e-02]",[9.8306125e-01 7.0794660e-04 8.0472324e-03 8.1835501e-03],[9.9976647e-01 2.3354072e-04],"[9.0199146e-06 1.1710587e-04 2.2514835e-03 3.0162691e-03 3.1589035e-02
 3.2231218e-01 5.7152319e-01 6.5947279e-02 3.2344477e-03]",0,White,40-59
/scratch/project_462000771/mengting/projects/bias/kolors/prompt2/selected_faces/detected_angry/angry_person_0718_face0.png,White,White,Male,20-29,"[7.8240496e-01 2.3699927e-03 4.4774171e-02 9.9051053e-05 6.8607164e-04
 1.2226987e-02 1.5743874e-01]",[9.9197638e-01 3.4203389e-04 1.3974463e-03 6.2841098e-03],[0.8764469 0.1235531],"[4.6126453e-07 3.6565565e-05 1.2376998e-02 4.9173650e-01 4.1895109e-01
 7.2414644e-02 4.3000774e-03 1.6523727e-04 1.8375191e-05]",0,White,20-39
/scratch/project_462000771/mengting/projects/bias/kolors/prompt2/selected_faces/detected_angry/angry_person_0719_face0.png,Black,Indian,Male,60-69,"[0.1525343  0.41162315 0.00975346 0.00062332 0.00691492 0.37907693
 0.03947391]",[0.01331723 0.14187628 0.0096708  0.8351357 ],[0.9967097  0.00329029],"[2.0938192e-05 1.2527985e-04 4.1956815e-04 2.4757350e-03 8.4213102e-03
 6.1208062e-02 2.8844041e-01 4.0159556e-01 2.3729303e-01]",0,Black,60+
/scratch/project_462000771/mengting/projects/bias/kolors/prompt2/selected_faces/detected_angry/angry_person_0720_face0.png,Latino_Hispanic,White,Male,40-49,"[2.7937827e-01 1.2947229e-01 3.7317306e-01 1.3299202e-04 3.6020500e-03
 8.7968320e-02 1.2627305e-01]",[0.53156096 0.04541157 0.27307218 0.14995527],[9.9998528e-01 1.4719745e-05],"[1.3743571e-07 1.4227323e-06 9.9479235e-05 1.5606008e-02 4.4923881e-01
 5.0858492e-01 2.6246767e-02 2.1726279e-04 5.1903448e-06]",0,Others,40-59
/scratch/project_462000771/mengting/projects/bias/kolors/prompt2/selected_faces/detected_angry/angry_person_0721_face0.png,White,White,Male,50-59,"[6.1654264e-01 2.4474612e-02 3.1952579e-02 7.0338632e-05 5.5792381e-04
 2.7961627e-02 2.9844037e-01]",[0.62691355 0.06025978 0.02181573 0.29101092],[0.99837494 0.00162508],"[1.5932896e-05 4.2125717e-05 2.3183036e-04 2.1379513e-03 2.0764763e-02
 1.6047972e-01 6.0322368e-01 1.8486468e-01 2.8239325e-02]",0,White,40-59
/scratch/project_462000771/mengting/projects/bias/kolors/prompt2/selected_faces/detected_angry/angry_person_0722_face0.png,White,White,Male,50-59,"[4.7896147e-01 1.4929213e-03 2.6935142e-02 9.2088856e-05 4.8001169e-04
 1.3191954e-02 4.7884640e-01]",[0.8218451  0.00864988 0.01667451 0.15283048],[9.9975115e-01 2.4885149e-04],"[4.8340346e-05 7.3196614e-05 2.8549012e-04 1.4582108e-03 2.6913755e-02
 3.1603450e-01 6.0215741e-01 4.9216885e-02 3.8122551e-03]",1,White,40-59
/scratch/project_462000771/mengting/projects/bias/kolors/prompt2/selected_faces/detected_angry/angry_person_0723_face0.png,White,White,Male,40-49,"[8.9759445e-01 3.8556839e-04 1.9169858e-02 6.4915262e-06 1.6810586e-04
 2.0830430e-02 6.1845060e-02]",[9.9005759e-01 6.9105468e-04 2.4974705e-03 6.7538484e-03],[9.9955285e-01 4.4714694e-04],"[1.2372960e-05 3.9889547e-04 6.0177082e-03 1.4195882e-02 1.1335729e-01
 5.4065651e-01 3.1394538e-01 1.0482420e-02 9.3351438e-04]",0,White,40-59
/scratch/project_462000771/mengting/projects/bias/kolors/prompt2/selected_faces/detected_angry/angry_person_0724_face0.png,White,White,Male,30-39,"[6.9380093e-01 7.1429320e-02 7.9697572e-02 3.8285405e-05 4.5214692e-04
 3.9590269e-02 1.1499146e-01]",[0.6737174  0.16632749 0.00831064 0.1516445 ],[0.8202152  0.17978474],"[4.1950977e-07 8.0192120e-05 1.5905654e-02 4.4120070e-01 4.5893782e-01
 7.9325154e-02 4.3300991e-03 2.0854597e-04 1.1382163e-05]",0,White,20-39
/scratch/project_462000771/mengting/projects/bias/kolors/prompt2/selected_faces/detected_angry/angry_person_0725_face0.png,White,White,Male,50-59,"[0.37080982 0.0202098  0.28427675 0.00128189 0.01526043 0.14365369
 0.16450757]",[0.86084384 0.02022564 0.00451119 0.11441933],[0.9936206  0.00637943],"[1.2191484e-04 6.2269706e-04 2.8320753e-03 1.8178872e-03 1.6286381e-02
 1.3797480e-01 5.6316870e-01 2.3543508e-01 4.1740455e-02]",0,White,40-59
/scratch/project_462000771/mengting/projects/bias/kolors/prompt2/selected_faces/detected_angry/angry_person_0726_face0.png,Middle Eastern,Asian,Male,60-69,"[0.02710408 0.0322858  0.26778466 0.00934656 0.08186931 0.28910953
 0.2925001 ]",[0.12720592 0.1944535  0.37942857 0.298912  ],[0.9964494  0.00355063],"[4.2052928e-04 1.0220143e-03 2.2753652e-03 1.3210942e-03 3.1141040e-03
 1.3020692e-02 9.9248566e-02 4.6858212e-01 4.1099545e-01]",0,Others,60+
/scratch/project_462000771/mengting/projects/bias/kolors/prompt2/selected_faces/detected_angry/angry_person_0727_face0.png,White,White,Male,40-49,"[0.51190144 0.05473665 0.08262804 0.00490606 0.11513595 0.21837552
 0.01231635]",[0.68165636 0.01319984 0.21053417 0.09460958],[0.9982077  0.00179226],"[1.8454133e-06 8.2179504e-05 2.2331912e-03 8.7757587e-02 2.8280646e-01
 3.8485995e-01 1.8202555e-01 4.1434873e-02 1.8798349e-02]",0,White,40-59
/scratch/project_462000771/mengting/projects/bias/kolors/prompt2/selected_faces/detected_angry/angry_person_0728_face0.png,Black,Black,Male,50-59,"[0.00777556 0.95116353 0.01498819 0.00122264 0.00358599 0.01932929
 0.00193483]",[0.00825119 0.9049595  0.00606962 0.08071969],[0.95587456 0.04412549],"[1.6518061e-05 7.1829956e-05 3.6693696e-04 1.2921479e-02 8.4471337e-02
 2.9798794e-01 3.9720985e-01 1.6288136e-01 4.4072706e-02]",0,Black,40-59
/scratch/project_462000771/mengting/projects/bias/kolors/prompt2/selected_faces/detected_angry/angry_person_0729_face0.png,Black,White,Male,50-59,"[0.10331388 0.40354997 0.18420711 0.01727922 0.07392327 0.05889877
 0.15882784]",[0.69666237 0.01735144 0.2590141  0.02697205],[0.96892476 0.03107526],"[6.7550885e-05 1.9834655e-04 4.9935415e-04 1.6254904e-03 2.1034498e-02
 1.6100243e-01 5.1867247e-01 2.3696518e-01 5.9934672e-02]",0,Black,40-59
/scratch/project_462000771/mengting/projects/bias/kolors/prompt2/selected_faces/detected_angry/angry_person_0730_face0.png,Latino_Hispanic,White,Female,40-49,"[0.11506639 0.00255306 0.39557514 0.00088902 0.00331739 0.2432996
 0.23929939]",[0.67957294 0.00655786 0.10233092 0.21153837],[5.5681018e-04 9.9944323e-01],"[3.1299790e-04 3.9805684e-02 5.1081967e-02 6.7900188e-02 2.8220594e-01
 3.3433208e-01 1.5706019e-01 5.5096570e-02 1.2204354e-02]",0,Others,40-59
/scratch/project_462000771/mengting/projects/bias/kolors/prompt2/selected_faces/detected_angry/angry_person_0731_face0.png,Latino_Hispanic,White,Male,30-39,"[0.04686507 0.03485648 0.7520747  0.0010649  0.04464716 0.11707754
 0.00341412]",[0.5466753  0.05122364 0.2256223  0.17647871],[9.9999511e-01 4.8939205e-06],"[2.5693160e-07 8.1752469e-06 2.5593874e-03 1.3959207e-01 5.5611968e-01
 2.8460139e-01 1.6787747e-02 3.1833001e-04 1.3046371e-05]",0,Others,20-39
/scratch/project_462000771/mengting/projects/bias/kolors/prompt2/selected_faces/detected_angry/angry_person_0732_face0.png,White,White,Male,30-39,"[9.9811178e-01 3.6993926e-05 1.3994209e-03 8.2037332e-06 3.7683410e-05
 1.3004572e-04 2.7591249e-04]",[9.9835312e-01 9.5977121e-05 1.3143785e-03 2.3657086e-04],[9.9905753e-01 9.4251876e-04],"[4.3048857e-08 1.2052673e-06 5.8545102e-04 1.5967618e-01 5.8791500e-01
 2.4018018e-01 1.1584385e-02 5.5128166e-05 2.4137794e-06]",1,White,20-39
/scratch/project_462000771/mengting/projects/bias/kolors/prompt2/selected_faces/detected_angry/angry_person_0733_face0.png,White,White,Male,30-39,"[0.5058371  0.01812849 0.24685365 0.0052934  0.03735887 0.03979561
 0.14673294]",[0.7242208  0.00509791 0.19119246 0.07948876],[0.99775094 0.00224906],"[3.6541524e-06 3.6931739e-05 2.8869589e-03 1.6000187e-01 4.6995386e-01
 3.1273887e-01 4.6754289e-02 6.3915038e-03 1.2321834e-03]",0,White,20-39
/scratch/project_462000771/mengting/projects/bias/kolors/prompt2/selected_faces/detected_angry/angry_person_0734_face0.png,Latino_Hispanic,White,Male,50-59,"[0.08182214 0.02469319 0.4536303  0.01029852 0.24415922 0.15364186
 0.03175477]",[0.52185935 0.00997911 0.3959039  0.07225762],[0.9983079  0.00169207],"[4.2254214e-05 1.7942180e-04 1.9937281e-03 4.5530531e-03 3.5928849e-02
 1.8804742e-01 5.2503836e-01 2.0299366e-01 4.1223235e-02]",0,Others,40-59
/scratch/project_462000771/mengting/projects/bias/kolors/prompt2/selected_faces/detected_angry/angry_person_0735_face0.png,Middle Eastern,White,Female,70+,"[2.0497613e-01 1.7887592e-02 2.5485766e-01 1.5220976e-04 1.7160539e-03
 1.9114196e-01 3.2926840e-01]",[0.65808094 0.03342109 0.04148518 0.26701283],[0.16434228 0.83565766],"[3.3430220e-05 3.5422065e-04 2.1459858e-03 1.2985023e-02 6.8558499e-02
 1.5111697e-01 1.7268696e-01 2.7010980e-01 3.2200918e-01]",0,Others,60+
/scratch/project_462000771/mengting/projects/bias/kolors/prompt2/selected_faces/detected_angry/angry_person_0736_face0.png,Middle Eastern,White,Male,50-59,"[0.19161037 0.03178646 0.1709029  0.00189014 0.00723222 0.06827988
 0.52829796]",[0.50205475 0.19890514 0.18666667 0.11237337],[0.9903673  0.00963274],"[1.1114841e-05 6.0976927e-05 1.0902291e-03 1.0916901e-02 9.4927497e-02
 3.7462556e-01 4.4543615e-01 6.1913684e-02 1.1017894e-02]",0,White,40-59
/scratch/project_462000771/mengting/projects/bias/kolors/prompt2/selected_faces/detected_angry/angry_person_0737_face0.png,White,White,Male,30-39,"[9.3631291e-01 1.0900896e-03 5.0665185e-02 1.2856339e-04 7.1482523e-04
 4.0300204e-03 7.0583462e-03]",[9.9311996e-01 3.5724364e-04 1.3968535e-03 5.1259911e-03],[9.9999136e-01 8.6192586e-06],"[1.6707588e-07 3.6432239e-06 3.4752736e-04 9.6718825e-02 7.2304142e-01
 1.7710286e-01 2.7764798e-03 8.8221832e-06 2.6778184e-07]",1,White,20-39
/scratch/project_462000771/mengting/projects/bias/kolors/prompt2/selected_faces/detected_angry/angry_person_0738_face0.png,White,White,Male,40-49,"[9.1529447e-01 9.6073961e-03 2.9941211e-02 1.3268305e-04 9.7617152e-04
 1.0068613e-02 3.3979382e-02]",[0.93489146 0.00711702 0.05173628 0.00625528],[9.9940217e-01 5.9787539e-04],"[5.6545359e-06 4.0060564e-05 6.6088932e-04 4.1673023e-02 2.6856148e-01
 4.6834809e-01 2.0598304e-01 1.3197278e-02 1.5303505e-03]",0,White,40-59
/scratch/project_462000771/mengting/projects/bias/kolors/prompt2/selected_faces/detected_angry/angry_person_0739_face0.png,Indian,Asian,Male,50-59,"[0.11665796 0.01722414 0.32028642 0.00239186 0.05172681 0.4605194
 0.03119345]",[0.16045424 0.03619283 0.5357613  0.26759163],[0.9642249  0.03577513],"[2.16785174e-05 1.57598057e-04 2.40354589e-03 6.58675842e-03
 4.61550765e-02 2.17603177e-01 3.96204680e-01 2.18521431e-01
 1.12346046e-01]",0,Others,40-59
/scratch/project_462000771/mengting/projects/bias/kolors/prompt2/selected_faces/detected_angry/angry_person_0740_face0.png,Indian,White,Male,50-59,"[0.2773685  0.03392394 0.11087248 0.00156537 0.02715917 0.2952847
 0.25382584]",[0.82994854 0.01752285 0.07820329 0.07432532],[9.9968904e-01 3.1097804e-04],"[6.4505577e-05 1.2717878e-04 5.8066985e-04 9.9966745e-04 3.8297756e-03
 4.7388941e-02 4.8813134e-01 3.8495386e-01 7.3924050e-02]",0,Others,40-59
/scratch/project_462000771/mengting/projects/bias/kolors/prompt2/selected_faces/detected_angry/angry_person_0741_face0.png,Black,Black,Male,60-69,"[0.01109633 0.84370923 0.02755646 0.00208459 0.00956837 0.05159445
 0.05439076]",[0.0170552  0.6090748  0.28831697 0.08555304],[0.9966693  0.00333072],"[1.7174369e-05 8.0224236e-05 3.0531894e-04 7.5477170e-04 3.6027010e-03
 2.9862221e-02 2.2973350e-01 4.9051166e-01 2.4513239e-01]",0,Black,60+
/scratch/project_462000771/mengting/projects/bias/kolors/prompt2/selected_faces/detected_angry/angry_person_0742_face0.png,Indian,Indian,Male,60-69,"[0.01447552 0.09855495 0.06258591 0.00484184 0.07733945 0.7140329
 0.02816937]",[0.01522128 0.02514273 0.22518289 0.73445314],[0.9718876  0.02811239],"[1.12545495e-05 5.39045286e-05 2.07660487e-04 1.80825475e-03
 1.38718653e-02 7.74712265e-02 2.51083016e-01 3.50840837e-01
 3.04652065e-01]",0,Others,60+
/scratch/project_462000771/mengting/projects/bias/kolors/prompt2/selected_faces/detected_angry/angry_person_0743_face0.png,White,White,Male,40-49,"[0.49465436 0.00660532 0.408616   0.00052002 0.00516588 0.01646353
 0.06797489]",[9.86421645e-01 1.46153339e-04 1.11463275e-02 2.28589890e-03],[9.9996418e-01 3.5779452e-05],"[1.7405417e-06 6.4417959e-06 3.3508288e-04 2.6939696e-02 3.6517823e-01
 5.2606905e-01 8.0214530e-02 1.2203329e-03 3.4865239e-05]",1,White,40-59
/scratch/project_462000771/mengting/projects/bias/kolors/prompt2/selected_faces/detected_angry/angry_person_0744_face0.png,White,White,Male,60-69,"[0.35111406 0.01158806 0.18627839 0.00335504 0.07398691 0.21240899
 0.1612685 ]",[0.83145106 0.00357281 0.10204078 0.06293534],[9.9900717e-01 9.9284400e-04],"[2.4448273e-05 5.6053366e-05 4.2589920e-04 9.3162950e-04 3.3659118e-03
 3.2985449e-02 3.2375678e-01 4.5351788e-01 1.8493596e-01]",1,White,60+
/scratch/project_462000771/mengting/projects/bias/kolors/prompt2/selected_faces/detected_angry/angry_person_0745_face0.png,White,White,Female,50-59,"[0.61962587 0.00261308 0.10671352 0.00123172 0.01164002 0.15925248
 0.09892324]",[0.7023592  0.00082832 0.2699263  0.02688618],[0.3896653 0.6103347],"[1.74529196e-05 1.20342658e-04 1.45282550e-03 1.28800105e-02
 8.27259049e-02 3.41760695e-01 3.62526447e-01 1.17575161e-01
 8.09411854e-02]",0,White,40-59
/scratch/project_462000771/mengting/projects/bias/kolors/prompt2/selected_faces/detected_angry/angry_person_0746_face0.png,White,White,Male,30-39,"[9.1701621e-01 1.1571395e-02 5.8318552e-02 1.5878389e-04 1.4958639e-03
 1.1751413e-03 1.0264079e-02]",[9.9432933e-01 9.7623811e-04 3.8563279e-03 8.3823426e-04],[9.999232e-01 7.681789e-05],"[9.0708653e-07 3.2938882e-05 2.7470367e-03 2.4891886e-01 6.0101336e-01
 1.4129733e-01 5.8531789e-03 1.2978975e-04 6.5631971e-06]",0,White,20-39
/scratch/project_462000771/mengting/projects/bias/kolors/prompt2/selected_faces/detected_angry/angry_person_0747_face0.png,Indian,White,Male,50-59,"[0.07528017 0.0167663  0.1499869  0.00729747 0.20294613 0.393153
 0.15456998]",[0.7561472  0.03208686 0.09784614 0.11391979],[9.9982578e-01 1.7423158e-04],"[1.3683341e-05 1.0073696e-04 8.3195581e-04 1.8163872e-03 1.5356479e-02
 1.8603906e-01 5.1112747e-01 2.2940439e-01 5.5309817e-02]",0,Others,40-59
/scratch/project_462000771/mengting/projects/bias/kolors/prompt2/selected_faces/detected_angry/angry_person_0748_face0.png,White,White,Female,20-29,"[8.8068712e-01 5.3635583e-04 3.5122946e-02 3.5505916e-04 1.0551909e-03
 8.5262209e-03 7.3717117e-02]",[9.7969967e-01 4.0357871e-04 2.9807573e-03 1.6916012e-02],[0.34684107 0.6531589 ],"[1.7348927e-06 1.7670964e-04 1.4176838e-02 5.3147525e-01 3.7145910e-01
 7.6761849e-02 5.2086501e-03 5.2693480e-04 2.1294992e-04]",0,White,20-39
/scratch/project_462000771/mengting/projects/bias/kolors/prompt2/selected_faces/detected_angry/angry_person_0749_face0.png,White,White,Female,40-49,"[0.52566737 0.03120443 0.06345335 0.01274533 0.03863904 0.258407
 0.06988358]",[0.9073153  0.00338631 0.01496363 0.07433476],[0.26421407 0.7357859 ],"[1.1653753e-05 1.9983487e-04 1.7720329e-03 4.8846994e-02 1.6769077e-01
 3.1218496e-01 2.5006253e-01 1.2693237e-01 9.2298850e-02]",0,White,40-59
/scratch/project_462000771/mengting/projects/bias/kolors/prompt2/selected_faces/detected_angry/angry_person_0750_face0.png,White,White,Male,50-59,"[8.4512240e-01 9.0273214e-04 5.3675011e-02 3.0537590e-04 4.3502236e-03
 2.5671257e-02 6.9973007e-02]",[9.6780235e-01 9.3757885e-04 1.8268628e-02 1.2991448e-02],[0.9783293  0.02167067],"[2.1632301e-05 2.4972032e-04 2.8439036e-03 1.0812082e-02 6.2195733e-02
 3.5183457e-01 5.1092184e-01 5.2642528e-02 8.4780976e-03]",0,White,40-59
/scratch/project_462000771/mengting/projects/bias/kolors/prompt2/selected_faces/detected_angry/angry_person_0751_face0.png,Middle Eastern,Indian,Male,60-69,"[0.11026663 0.01076832 0.0399673  0.00052305 0.01720329 0.37104622
 0.4502252 ]",[0.3773935  0.0432707  0.14654359 0.4327922 ],[9.9952471e-01 4.7529605e-04],"[7.0444192e-05 2.1810699e-04 8.9824194e-04 5.7171076e-04 1.6101262e-03
 2.1770153e-02 2.6883012e-01 4.9321085e-01 2.1282016e-01]",0,Others,60+
/scratch/project_462000771/mengting/projects/bias/kolors/prompt2/selected_faces/detected_angry/angry_person_0752_face0.png,White,White,Female,30-39,"[4.3572059e-01 9.1744266e-02 2.3123260e-01 6.1362363e-05 6.3342071e-04
 1.9398589e-02 2.2120917e-01]",[0.49822506 0.11647152 0.16102783 0.22427554],[0.05583973 0.9441603 ],"[5.9768572e-06 1.8712475e-04 4.7537689e-03 9.9675775e-02 4.2125562e-01
 3.4162503e-01 1.1034255e-01 2.0275362e-02 1.8788185e-03]",0,White,20-39
/scratch/project_462000771/mengting/projects/bias/kolors/prompt2/selected_faces/detected_angry/angry_person_0753_face0.png,Black,Indian,Male,40-49,"[7.3393201e-04 6.2835801e-01 2.3284009e-02 9.7432261e-05 1.6446522e-02
 3.3033898e-01 7.4117526e-04]",[0.01359673 0.34260738 0.10493724 0.5388586 ],[9.9991798e-01 8.2049184e-05],"[4.0082459e-06 8.4431704e-05 2.5573657e-03 3.0992897e-02 1.7001528e-01
 4.4561052e-01 2.7132040e-01 6.6659436e-02 1.2755567e-02]",0,Black,40-59
/scratch/project_462000771/mengting/projects/bias/kolors/prompt2/selected_faces/detected_angry/angry_person_0754_face0.png,Southeast Asian,Asian,Male,70+,"[0.0546715  0.07096604 0.26570484 0.04955461 0.32786232 0.17154916
 0.05969163]",[7.2711037e-04 7.3103339e-04 9.9507064e-01 3.4712276e-03],[0.934356   0.06564403],"[7.5904863e-05 3.9238221e-04 1.6512313e-03 5.2844109e-03 1.5750011e-02
 5.8548845e-02 1.7154394e-01 3.5957763e-01 3.8717559e-01]",0,Asian,60+
/scratch/project_462000771/mengting/projects/bias/kolors/prompt2/selected_faces/detected_angry/angry_person_0755_face0.png,Middle Eastern,White,Male,60-69,"[0.06481382 0.0384228  0.11661651 0.0018299  0.04179452 0.27272364
 0.46379885]",[0.585713   0.04355659 0.10851479 0.2622156 ],[9.9969333e-01 3.0663805e-04],"[2.5822499e-04 3.9434890e-04 8.0134184e-04 9.1099122e-04 3.2326879e-03
 3.3688720e-02 3.1154999e-01 5.2143168e-01 1.2773205e-01]",0,Others,60+
/scratch/project_462000771/mengting/projects/bias/kolors/prompt2/selected_faces/detected_angry/angry_person_0756_face0.png,Indian,Indian,Male,60-69,"[0.15275387 0.16601646 0.02338709 0.00064394 0.00691319 0.63088816
 0.01939734]",[0.39449278 0.09817113 0.05863508 0.44870096],[0.88754636 0.11245368],"[9.0591602e-06 1.1795208e-04 7.7163742e-04 2.5767976e-02 8.6350210e-02
 2.0968306e-01 2.3739119e-01 2.5148240e-01 1.8842654e-01]",0,Others,60+
/scratch/project_462000771/mengting/projects/bias/kolors/prompt2/selected_faces/detected_angry/angry_person_0757_face0.png,Middle Eastern,Asian,Male,70+,"[0.21311004 0.08180777 0.13253994 0.00491006 0.06344421 0.18614045
 0.31804752]",[0.16690221 0.00137439 0.8169455  0.01477796],[0.9126619  0.08733811],"[1.67652088e-05 1.19613804e-04 5.01399336e-04 1.10273226e-03
 3.40625946e-03 2.08044369e-02 1.16310947e-01 3.45190406e-01
 5.12547493e-01]",0,White,60+
/scratch/project_462000771/mengting/projects/bias/kolors/prompt2/selected_faces/detected_angry/angry_person_0758_face0.png,White,White,Male,50-59,"[7.94584215e-01 1.19206151e-02 2.94616055e-02 3.03018925e-04
 5.91649860e-03 1.01967335e-01 5.58467284e-02]",[0.4627102  0.00856127 0.42266572 0.10606281],[0.99273676 0.00726323],"[3.6432325e-06 1.9267507e-05 2.9227010e-04 7.1684960e-03 5.9972882e-02
 2.6437187e-01 4.6138266e-01 1.3118011e-01 7.5608797e-02]",0,White,40-59
/scratch/project_462000771/mengting/projects/bias/kolors/prompt2/selected_faces/detected_angry/angry_person_0759_face0.png,Southeast Asian,Asian,Male,50-59,"[1.31224835e-04 2.08746672e-01 8.42980668e-03 6.39608828e-03
 4.86051530e-01 2.90131837e-01 1.12825364e-04]",[7.9605181e-04 5.5029202e-02 8.0129558e-01 1.4287916e-01],[9.995264e-01 4.736573e-04],"[8.6065239e-07 1.3683202e-05 3.4187167e-04 8.8642072e-03 5.1003937e-02
 3.2677802e-01 3.8331708e-01 1.7286162e-01 5.6818713e-02]",0,Asian,40-59
/scratch/project_462000771/mengting/projects/bias/kolors/prompt2/selected_faces/detected_angry/angry_person_0760_face0.png,Latino_Hispanic,White,Male,40-49,"[3.57198358e-01 4.39529493e-02 4.43824768e-01 3.27540125e-04
 4.12129052e-03 4.11486365e-02 1.09426446e-01]",[0.8747961  0.03131111 0.03325193 0.06064088],[9.9962246e-01 3.7749897e-04],"[4.8359175e-06 2.1948359e-05 9.0818765e-04 1.6022813e-02 1.8637726e-01
 4.8898968e-01 2.8657046e-01 2.0032553e-02 1.0722727e-03]",0,Others,40-59
/scratch/project_462000771/mengting/projects/bias/kolors/prompt2/selected_faces/detected_angry/angry_person_0761_face0.png,Middle Eastern,White,Male,60-69,"[3.60863954e-02 2.16823462e-02 3.25974897e-02 6.46020926e-04
 4.87771723e-03 1.01261765e-01 8.02848279e-01]",[0.40622225 0.05084014 0.16284193 0.38009572],[0.9949275  0.00507247],"[7.24143028e-05 1.12175447e-04 1.66649348e-04 1.68638930e-04
 5.12472994e-04 4.98969527e-03 1.08793326e-01 4.50010270e-01
 4.35174406e-01]",0,Others,60+
/scratch/project_462000771/mengting/projects/bias/kolors/prompt2/selected_faces/detected_angry/angry_person_0762_face0.png,Indian,White,Male,50-59,"[0.01712269 0.15355149 0.16717736 0.00083675 0.03472241 0.6161028
 0.01048641]",[0.6147665  0.06802779 0.25445056 0.06275515],[0.9873453  0.01265467],"[1.1158309e-05 4.3463660e-05 2.6402035e-04 2.1144885e-03 2.7334787e-02
 1.8257850e-01 4.1817614e-01 2.5006792e-01 1.1940952e-01]",0,Others,40-59
/scratch/project_462000771/mengting/projects/bias/kolors/prompt2/selected_faces/detected_angry/angry_person_0763_face0.png,White,Asian,Male,40-49,"[0.7099675  0.00631481 0.12096973 0.00286151 0.03874551 0.07714991
 0.04399105]",[0.12496425 0.01057263 0.83585113 0.02861196],[0.9975684 0.0024316],"[2.5625657e-06 1.6730686e-05 4.0340779e-04 7.4377274e-03 8.0445111e-02
 5.7609552e-01 2.9944339e-01 3.1717617e-02 4.4379816e-03]",0,White,40-59
/scratch/project_462000771/mengting/projects/bias/kolors/prompt2/selected_faces/detected_angry/angry_person_0764_face0.png,Indian,Asian,Male,60-69,"[0.00254218 0.27518386 0.02464269 0.00080852 0.03362195 0.6592361
 0.00396471]",[0.01512469 0.03929809 0.6829183  0.26265892],[0.9866379  0.01336208],"[9.5767164e-06 7.5179407e-05 3.3389134e-04 1.0479348e-03 6.1489209e-03
 5.4346882e-02 2.1484175e-01 3.6345047e-01 3.5974547e-01]",0,Others,60+
/scratch/project_462000771/mengting/projects/bias/kolors/prompt2/selected_faces/detected_angry/angry_person_0766_face0.png,White,White,Male,40-49,"[0.73038447 0.01217345 0.11549934 0.00098937 0.00313673 0.02839996
 0.10941668]",[0.86781275 0.0101958  0.00421149 0.11777992],[0.9859067  0.01409325],"[7.2208684e-05 5.0614501e-04 3.0632690e-03 2.5914289e-02 1.2842362e-01
 4.4339707e-01 3.3077028e-01 5.8691781e-02 9.1613857e-03]",0,White,40-59
/scratch/project_462000771/mengting/projects/bias/kolors/prompt2/selected_faces/detected_angry/angry_person_0767_face0.png,Indian,Indian,Male,70+,"[2.6526276e-02 2.6061614e-03 3.7532780e-02 4.5428245e-04 1.1160802e-02
 8.4416658e-01 7.7553093e-02]",[0.23251836 0.02205214 0.20944941 0.5359801 ],[0.93016744 0.06983251],"[1.07364895e-05 8.57887717e-05 5.57201274e-04 1.87959743e-03
 3.99096264e-03 2.48980410e-02 1.30823806e-01 2.70032316e-01
 5.67721546e-01]",0,Others,60+
/scratch/project_462000771/mengting/projects/bias/kolors/prompt2/selected_faces/detected_angry/angry_person_0768_face0.png,Indian,Asian,Male,70+,"[0.04772289 0.14020629 0.02778046 0.00943944 0.21762663 0.54739803
 0.00982624]",[0.00809321 0.3575529  0.44929874 0.18505515],[0.98386526 0.01613474],"[4.4079029e-06 4.4099696e-05 1.9842156e-04 2.3888648e-03 1.1999695e-02
 6.8903118e-02 1.6525905e-01 3.4122890e-01 4.0997341e-01]",0,Others,60+
/scratch/project_462000771/mengting/projects/bias/kolors/prompt2/selected_faces/detected_angry/angry_person_0769_face0.png,White,White,Male,20-29,"[9.7512323e-01 1.3173482e-04 1.6429696e-02 1.0666766e-04 1.2965019e-04
 4.6619182e-04 7.6126484e-03]",[9.9841172e-01 2.8015845e-04 9.1762474e-04 3.9053685e-04],[0.9984318  0.00156823],"[2.4003270e-07 2.3438830e-05 1.1297438e-02 7.1250355e-01 2.6648900e-01
 9.5998207e-03 8.3843879e-05 2.5845911e-06 1.2495678e-07]",0,White,20-39
/scratch/project_462000771/mengting/projects/bias/kolors/prompt2/selected_faces/detected_angry/angry_person_0771_face0.png,White,White,Male,40-49,"[6.1940473e-01 5.6418749e-03 1.0611264e-01 7.9996986e-05 1.9595036e-03
 1.3343148e-01 1.3336980e-01]",[0.98036873 0.00125004 0.00267032 0.01571092],[9.9993163e-01 6.8409274e-05],"[2.1824424e-06 6.2290186e-05 1.6827181e-03 5.2972600e-02 4.4022697e-01
 4.6247697e-01 4.2174902e-02 3.8273557e-04 1.8604169e-05]",1,White,40-59
/scratch/project_462000771/mengting/projects/bias/kolors/prompt2/selected_faces/detected_angry/angry_person_0772_face0.png,Indian,Indian,Male,60-69,"[3.54450574e-04 2.93314517e-01 5.24027040e-03 3.97685479e-04
 1.19426735e-02 6.88000739e-01 7.49614439e-04]",[0.004084   0.18243444 0.3266687  0.48681277],[0.99482965 0.00517033],"[3.5754292e-06 3.3285236e-05 1.2517576e-04 7.6146069e-04 4.9525476e-03
 4.9320932e-02 1.9683243e-01 3.9176926e-01 3.5620132e-01]",0,Others,60+
/scratch/project_462000771/mengting/projects/bias/kolors/prompt2/selected_faces/detected_angry/angry_person_0773_face0.png,White,White,Male,30-39,"[9.5938015e-01 1.7192985e-04 1.5370821e-02 4.3744119e-05 5.0061988e-04
 1.7319745e-03 2.2800775e-02]",[9.9896687e-01 7.2935407e-05 2.7200134e-04 6.8821828e-04],[9.9926865e-01 7.3135312e-04],"[3.3890902e-07 7.1200338e-06 5.6723674e-04 1.6961780e-01 6.8776935e-01
 1.3874319e-01 3.2518050e-03 4.0228526e-05 2.8910692e-06]",0,White,20-39
/scratch/project_462000771/mengting/projects/bias/kolors/prompt2/selected_faces/detected_angry/angry_person_0774_face0.png,Latino_Hispanic,Black,Male,50-59,"[0.17181116 0.07737404 0.3300681  0.00375216 0.07345327 0.2984117
 0.04512955]",[0.20448488 0.36730218 0.26953858 0.15867434],[0.98823804 0.01176201],"[2.4346116e-05 9.8650409e-05 6.2465708e-04 3.0598002e-03 3.6617193e-02
 2.8918785e-01 5.5197048e-01 9.9940881e-02 1.8476075e-02]",0,Others,40-59
/scratch/project_462000771/mengting/projects/bias/kolors/prompt2/selected_faces/detected_angry/angry_person_0775_face0.png,White,White,Male,40-49,"[5.7367617e-01 4.2180982e-03 1.4362694e-01 2.2939776e-04 1.0045683e-03
 6.5644749e-02 2.1160011e-01]",[0.5175477  0.01465972 0.04007698 0.4277156 ],[0.9902794  0.00972063],"[3.5445737e-05 1.5724491e-04 9.4408542e-04 7.5486419e-03 1.1650162e-01
 5.5602014e-01 3.0606893e-01 1.1817852e-02 9.0606074e-04]",1,White,40-59
/scratch/project_462000771/mengting/projects/bias/kolors/prompt2/selected_faces/detected_angry/angry_person_0776_face0.png,Indian,Asian,Male,60-69,"[0.01008145 0.15380792 0.1252306  0.00512218 0.24813263 0.4508844
 0.0067409 ]",[0.0262459  0.02456278 0.8663509  0.08284044],[0.9847627  0.01523725],"[9.0094189e-05 4.6653632e-04 1.0369886e-03 5.8938103e-04 2.6642920e-03
 1.8438838e-02 1.2309678e-01 4.6225667e-01 3.9136037e-01]",0,Others,60+
/scratch/project_462000771/mengting/projects/bias/kolors/prompt2/selected_faces/detected_angry/angry_person_0777_face0.png,White,White,Male,50-59,"[0.42139238 0.07209145 0.2009028  0.03961151 0.0808529  0.02936028
 0.15578872]",[0.5100866  0.0280188  0.40556815 0.05632643],[0.9864207  0.01357926],"[2.0725573e-05 6.8734938e-05 3.4541995e-04 1.6057497e-03 1.5831066e-02
 1.4593427e-01 5.4746455e-01 2.0713285e-01 8.1596650e-02]",0,White,40-59
/scratch/project_462000771/mengting/projects/bias/kolors/prompt2/selected_faces/detected_angry/angry_person_0778_face0.png,White,White,Male,30-39,"[5.1431799e-01 1.9648211e-02 1.8731686e-01 2.5599386e-04 5.5128727e-03
 1.6023882e-01 1.1270925e-01]",[0.5412754 0.121787  0.1934713 0.1434663],[0.9405961 0.0594039],"[8.5652812e-07 2.7445310e-05 6.0280580e-03 2.8058639e-01 5.4923445e-01
 1.5153725e-01 1.1850819e-02 6.7955046e-04 5.5224878e-05]",0,White,20-39
/scratch/project_462000771/mengting/projects/bias/kolors/prompt2/selected_faces/detected_angry/angry_person_0779_face0.png,Black,Indian,Male,50-59,"[5.4307595e-02 5.1222658e-01 1.3076533e-01 9.4355244e-05 2.9367467e-03
 2.7006680e-01 2.9602708e-02]",[0.08860136 0.37602493 0.04858142 0.4867923 ],[9.9982280e-01 1.7722798e-04],"[7.0826361e-05 2.8625922e-04 1.6540098e-03 4.0585822e-03 3.9674584e-02
 2.6777747e-01 6.0827082e-01 7.4170880e-02 4.0365350e-03]",1,Black,40-59
/scratch/project_462000771/mengting/projects/bias/kolors/prompt2/selected_faces/detected_angry/angry_person_0780_face0.png,White,Asian,Male,40-49,"[0.43423295 0.10209896 0.20510423 0.05817941 0.13361104 0.02823654
 0.03853687]",[0.35212395 0.00526281 0.45802718 0.18458611],[0.9926753  0.00732469],"[9.8590732e-05 2.1381294e-03 1.0206958e-02 1.4439134e-01 3.4302607e-01
 3.5500351e-01 1.1485150e-01 2.3217430e-02 7.0665455e-03]",0,White,40-59
/scratch/project_462000771/mengting/projects/bias/kolors/prompt2/selected_faces/detected_angry/angry_person_0781_face0.png,Black,Asian,Male,50-59,"[0.11958126 0.6790655  0.09889965 0.01558256 0.01728356 0.03253227
 0.03705527]",[0.21712649 0.18031804 0.5812139  0.02134157],[0.9480995  0.05190054],"[1.2640846e-04 3.6833086e-04 7.7819300e-04 3.4778542e-03 2.9431008e-02
 1.3873419e-01 5.4890519e-01 2.2980395e-01 4.8374847e-02]",1,Black,40-59
/scratch/project_462000771/mengting/projects/bias/kolors/prompt2/selected_faces/detected_angry/angry_person_0782_face0.png,Indian,Indian,Male,70+,"[0.01434084 0.11000861 0.17535156 0.00437269 0.05379453 0.5948574
 0.04727433]",[0.07630798 0.04867436 0.03357944 0.84143823],[0.94378054 0.05621949],"[2.5586438e-04 1.3399990e-03 2.3825350e-03 4.7381325e-03 1.1425718e-02
 4.4269700e-02 1.4452626e-01 3.2983649e-01 4.6122530e-01]",0,Others,60+
/scratch/project_462000771/mengting/projects/bias/kolors/prompt2/selected_faces/detected_angry/angry_person_0783_face0.png,White,White,Male,40-49,"[8.0425841e-01 1.2902239e-02 9.1179937e-02 4.0328410e-04 6.1007263e-03
 3.0241920e-02 5.4913510e-02]",[0.4995881  0.00423948 0.45936647 0.0368059 ],[0.99743634 0.00256371],"[2.2218203e-06 8.0926411e-06 2.2219114e-04 1.4249863e-02 1.8990363e-01
 4.9628416e-01 2.6921472e-01 2.5004921e-02 5.1101483e-03]",0,White,40-59
/scratch/project_462000771/mengting/projects/bias/kolors/prompt2/selected_faces/detected_angry/angry_person_0784_face0.png,White,White,Male,60-69,"[0.57300794 0.01294886 0.2663569  0.00098123 0.01450919 0.0556969
 0.07649901]",[9.4480628e-01 6.8779162e-04 4.3451607e-02 1.1054289e-02],[9.991969e-01 8.030869e-04],"[1.18927295e-04 1.62602650e-04 9.12598509e-04 6.42192026e-04
 2.50905426e-03 2.43874881e-02 3.42877835e-01 5.17244577e-01
 1.11144774e-01]",1,White,60+
/scratch/project_462000771/mengting/projects/bias/kolors/prompt2/selected_faces/detected_angry/angry_person_0785_face0.png,Middle Eastern,White,Male,50-59,"[0.10969213 0.05996898 0.10455789 0.00091502 0.01294915 0.20468308
 0.5072338 ]",[0.735865   0.0341022  0.18713123 0.04290164],[9.9931973e-01 6.8029528e-04],"[2.3355530e-04 5.3110672e-04 2.2200865e-03 2.4609396e-03 1.1270638e-02
 6.9593124e-02 4.0456927e-01 4.0081418e-01 1.0830708e-01]",0,Others,40-59
/scratch/project_462000771/mengting/projects/bias/kolors/prompt2/selected_faces/detected_angry/angry_person_0786_face0.png,White,White,Male,40-49,"[8.8967186e-01 1.0108487e-02 6.1322566e-02 7.5676158e-04 6.3448786e-03
 1.5433010e-02 1.6362369e-02]",[0.573707   0.13546358 0.06292671 0.22790273],[0.9963602  0.00363983],"[5.6369208e-07 1.1725803e-05 7.2644162e-04 4.1705821e-02 3.7018910e-01
 5.2328670e-01 6.2283352e-02 1.6642206e-03 1.3211257e-04]",0,White,40-59
/scratch/project_462000771/mengting/projects/bias/kolors/prompt2/selected_faces/detected_angry/angry_person_0787_face0.png,Black,Asian,Male,60-69,"[0.00087684 0.48328957 0.04047819 0.01437972 0.32063383 0.13721378
 0.00312809]",[0.00134166 0.15756118 0.78907657 0.05202063],[0.99738455 0.0026155 ],"[1.66295540e-05 9.15866258e-05 4.24998550e-04 2.80172238e-03
 1.03715835e-02 6.52127787e-02 1.92544878e-01 4.07346308e-01
 3.21189493e-01]",0,Black,60+
/scratch/project_462000771/mengting/projects/bias/kolors/prompt2/selected_faces/detected_angry/angry_person_0788_face0.png,White,White,Male,70+,"[6.61223352e-01 1.22577408e-02 3.54998969e-02 4.02055884e-04
 5.62543562e-03 1.77365929e-01 1.07625484e-01]",[9.82851863e-01 8.68672098e-04 3.13662039e-03 1.31428065e-02],[0.9643653  0.03563466],"[1.38675805e-05 8.80081425e-05 6.10058662e-04 4.05951636e-03
 1.46670360e-02 6.54990077e-02 2.62881875e-01 2.53825754e-01
 3.98354828e-01]",0,White,60+
/scratch/project_462000771/mengting/projects/bias/kolors/prompt2/selected_faces/detected_angry/angry_person_0789_face0.png,Indian,Asian,Male,60-69,"[0.01890717 0.20809035 0.18773557 0.00358629 0.07910476 0.46473065
 0.0378452 ]",[0.10965966 0.10145915 0.5055804  0.28330082],[0.961814   0.03818598],"[5.2646719e-05 2.1368467e-04 5.7816174e-04 1.8549754e-03 1.1897256e-02
 6.6628449e-02 2.6550025e-01 3.7449330e-01 2.7878127e-01]",0,Others,60+
/scratch/project_462000771/mengting/projects/bias/kolors/prompt2/selected_faces/detected_angry/angry_person_0790_face0.png,Indian,Asian,Male,50-59,"[0.0337273  0.21667911 0.1678089  0.00212318 0.03869051 0.5236892
 0.01728179]",[0.26985577 0.0594014  0.57538015 0.09536266],[0.94605076 0.05394925],"[9.3948991e-05 4.1687820e-04 6.6952920e-04 1.7045750e-03 1.9730119e-02
 1.5372474e-01 5.1092172e-01 2.3459007e-01 7.8148335e-02]",1,Others,40-59
/scratch/project_462000771/mengting/projects/bias/kolors/prompt2/selected_faces/detected_angry/angry_person_0791_face0.png,Middle Eastern,Asian,Male,70+,"[3.2636199e-02 2.8230739e-03 2.6731661e-02 7.7123410e-04 6.6925897e-03
 4.2306326e-02 8.8803887e-01]",[0.09941589 0.00894453 0.8624421  0.02919754],[0.9927834  0.00721652],"[4.5162520e-05 5.7110319e-05 9.1802365e-05 2.1676418e-04 1.1861422e-03
 1.2155954e-02 1.4823309e-01 4.1303563e-01 4.2497835e-01]",0,Others,60+
/scratch/project_462000771/mengting/projects/bias/kolors/prompt2/selected_faces/detected_angry/angry_person_0792_face0.png,Indian,Asian,Male,70+,"[0.18851183 0.18023594 0.05148724 0.00173709 0.03342294 0.41491008
 0.12969486]",[0.13484897 0.02565451 0.80211204 0.03738442],[0.9919923 0.0080077],"[1.5784106e-05 9.3757189e-05 3.7114273e-04 2.0773665e-03 1.0175571e-02
 6.3264832e-02 2.0680994e-01 3.2112452e-01 3.9606711e-01]",0,Others,60+
/scratch/project_462000771/mengting/projects/bias/kolors/prompt2/selected_faces/detected_angry/angry_person_0793_face0.png,Latino_Hispanic,White,Male,50-59,"[0.28285217 0.00123058 0.37205854 0.00131002 0.01144082 0.12107722
 0.2100306 ]",[0.6584052  0.01065896 0.13448714 0.19644876],[0.93162286 0.06837715],"[1.0397195e-04 3.8537578e-04 2.1163649e-03 2.9006591e-03 2.4322152e-02
 1.6158830e-01 6.1133748e-01 1.6090736e-01 3.6338400e-02]",0,Others,40-59
/scratch/project_462000771/mengting/projects/bias/kolors/prompt2/selected_faces/detected_angry/angry_person_0794_face0.png,White,White,Male,30-39,"[7.8620750e-01 8.4989896e-04 1.3344088e-01 2.6730934e-04 1.6483075e-03
 1.4908999e-02 6.2677152e-02]",[0.81468445 0.01788355 0.11050518 0.05692678],[9.990233e-01 9.766535e-04],"[3.47931677e-06 2.29686593e-05 1.94047997e-03 1.12450585e-01
 5.58415771e-01 3.06700259e-01 1.95711888e-02 8.51349381e-04
 4.38915122e-05]",1,White,20-39
/scratch/project_462000771/mengting/projects/bias/kolors/prompt2/selected_faces/detected_angry/angry_person_0795_face0.png,Middle Eastern,Asian,Male,70+,"[0.10116861 0.16238168 0.12002647 0.06063101 0.16182531 0.12245287
 0.27151406]",[0.02178383 0.04142928 0.9131323  0.02365462],[0.97430384 0.02569622],"[4.0702525e-06 8.9940004e-06 2.7342294e-05 3.4253931e-04 1.7526915e-03
 1.1000018e-02 8.2786046e-02 3.2791990e-01 5.7615846e-01]",0,Black,60+
/scratch/project_462000771/mengting/projects/bias/kolors/prompt2/selected_faces/detected_angry/angry_person_0796_face0.png,Indian,Asian,Male,60-69,"[0.00661662 0.06687731 0.09100208 0.00104433 0.07130113 0.7467248
 0.01643371]",[0.03983006 0.08854969 0.55255157 0.31906873],[9.9980354e-01 1.9647308e-04],"[3.2180345e-05 9.5414209e-05 3.0825913e-04 2.8618897e-04 1.0026634e-03
 1.7037667e-02 2.4567975e-01 5.3475088e-01 2.0080698e-01]",1,Others,60+
/scratch/project_462000771/mengting/projects/bias/kolors/prompt2/selected_faces/detected_angry/angry_person_0797_face0.png,White,White,Male,50-59,"[0.90845203 0.00190393 0.03153245 0.00449398 0.010822   0.00724241
 0.03555321]",[0.7366378  0.00650642 0.1504344  0.10642146],[0.9825444  0.01745556],"[1.37053285e-05 1.39046038e-04 2.18064501e-03 4.21324447e-02
 9.85126048e-02 2.95494854e-01 3.63297135e-01 1.26030743e-01
 7.21988305e-02]",0,White,40-59
/scratch/project_462000771/mengting/projects/bias/kolors/prompt2/selected_faces/detected_angry/angry_person_0798_face0.png,Indian,Asian,Male,40-49,"[0.02464666 0.03481366 0.09134416 0.00219592 0.05701244 0.7819729
 0.00801425]",[0.01457039 0.00590946 0.8939693  0.08555087],[0.98493177 0.01506819],"[1.0767817e-05 9.9962686e-05 2.1411583e-03 2.3636134e-02 9.4097264e-02
 3.6039567e-01 2.6763836e-01 1.5792923e-01 9.4051450e-02]",0,Others,40-59
/scratch/project_462000771/mengting/projects/bias/kolors/prompt2/selected_faces/detected_angry/angry_person_0799_face0.png,White,White,Male,50-59,"[0.31017122 0.17571269 0.25497267 0.00590521 0.07193329 0.16533135
 0.01597355]",[0.75386536 0.01249565 0.21087511 0.02276388],[0.9916965  0.00830353],"[1.16751944e-04 5.97105012e-04 1.40118110e-03 1.68751436e-03
 1.61532201e-02 1.64255038e-01 6.62575424e-01 1.34078503e-01
 1.91353224e-02]",0,White,40-59
/scratch/project_462000771/mengting/projects/bias/kolors/prompt2/selected_faces/detected_angry/angry_person_0800_face0.png,White,White,Male,50-59,"[0.45148224 0.11239518 0.26388815 0.02423031 0.06054106 0.03106054
 0.05640259]",[0.50388354 0.02264993 0.4328242  0.04064237],[0.96396756 0.03603238],"[1.1639217e-04 4.8715901e-04 2.3413396e-03 1.1499727e-02 9.0318225e-02
 3.4607881e-01 4.7582549e-01 6.7237638e-02 6.0951752e-03]",0,White,40-59
/scratch/project_462000771/mengting/projects/bias/kolors/prompt2/selected_faces/detected_angry/angry_person_0801_face0.png,White,White,Male,30-39,"[7.9604620e-01 5.2073404e-02 5.3765416e-02 6.2544561e-05 1.2972832e-03
 1.6415274e-02 8.0339894e-02]",[0.92778844 0.03226648 0.0074644  0.03248072],[9.9998665e-01 1.3360430e-05],"[5.0475165e-08 8.8761090e-07 2.0740290e-04 1.4670195e-01 6.6239792e-01
 1.8116660e-01 9.2241094e-03 2.7691535e-04 2.4168923e-05]",0,White,20-39
/scratch/project_462000771/mengting/projects/bias/kolors/prompt2/selected_faces/detected_angry/angry_person_0802_face0.png,White,White,Male,50-59,"[0.80106753 0.00266807 0.0888676  0.01764651 0.06133299 0.00882084
 0.01959637]",[9.3987709e-01 6.1422068e-04 5.5833794e-02 3.6748296e-03],[0.9974911  0.00250885],"[7.3676856e-05 1.9608480e-04 1.0945501e-03 2.6240735e-03 1.6849667e-02
 1.5324306e-01 6.2440687e-01 1.8133165e-01 2.0180266e-02]",0,White,40-59
/scratch/project_462000771/mengting/projects/bias/kolors/prompt2/selected_faces/detected_angry/angry_person_0803_face0.png,White,White,Male,40-49,"[9.1570944e-01 3.3425592e-02 1.0154359e-02 2.0109466e-04 5.5405992e-04
 2.2948214e-03 3.7660699e-02]",[9.9844646e-01 2.9718818e-04 1.0284216e-03 2.2797048e-04],[9.9971038e-01 2.8963378e-04],"[4.3289065e-06 8.8563129e-06 1.3615892e-04 2.1367721e-02 2.0736440e-01
 4.4362098e-01 2.9615524e-01 2.6446868e-02 4.8954953e-03]",0,White,40-59
/scratch/project_462000771/mengting/projects/bias/kolors/prompt2/selected_faces/detected_angry/angry_person_0804_face0.png,White,White,Male,50-59,"[5.5326945e-01 1.2605729e-02 4.3879282e-02 1.5785893e-04 1.2608925e-03
 5.3027820e-02 3.3579898e-01]",[0.933612   0.04185436 0.00226699 0.02226672],[0.99671686 0.0032832 ],"[5.8937643e-05 2.2550565e-04 1.0437397e-03 9.0280334e-03 9.4936281e-02
 3.5234606e-01 4.3019208e-01 8.8032603e-02 2.4136798e-02]",0,White,40-59
/scratch/project_462000771/mengting/projects/bias/kolors/prompt2/selected_faces/detected_angry/angry_person_0805_face0.png,White,White,Male,40-49,"[8.0733103e-01 8.7126782e-03 1.3849518e-01 2.0192885e-04 2.7386080e-03
 8.9597423e-03 3.3560872e-02]",[9.8708296e-01 9.3662489e-04 8.1029898e-03 3.8774228e-03],[0.9944105  0.00558952],"[2.1777785e-06 1.9671485e-05 6.3862902e-04 1.6013736e-02 2.6356333e-01
 5.6882048e-01 1.4619486e-01 4.4706026e-03 2.7656317e-04]",0,White,40-59
/scratch/project_462000771/mengting/projects/bias/kolors/prompt2/selected_faces/detected_angry/angry_person_0806_face0.png,White,White,Male,30-39,"[7.5012648e-01 8.0365660e-03 2.1807082e-01 1.7072597e-04 1.8174431e-03
 5.4668100e-03 1.6311169e-02]",[0.9818385  0.01208249 0.00384364 0.00223538],[9.9960506e-01 3.9499367e-04],"[4.0212123e-07 3.5521854e-05 1.0899238e-02 3.5846683e-01 5.5505055e-01
 7.3302060e-02 2.1992894e-03 4.4714798e-05 1.3890626e-06]",0,White,20-39
/scratch/project_462000771/mengting/projects/bias/kolors/prompt2/selected_faces/detected_angry/angry_person_0807_face0.png,White,White,Male,40-49,"[5.3026372e-01 6.3316063e-03 2.6992297e-01 1.2946319e-04 1.4706843e-03
 1.0725810e-01 8.4623419e-02]",[0.6267093  0.00835174 0.09943347 0.2655055 ],[0.9942025  0.00579754],"[1.6474253e-06 9.9487797e-06 4.7397232e-04 2.3173984e-02 3.3234403e-01
 5.3514194e-01 1.0636623e-01 2.3977216e-03 9.0546455e-05]",0,White,40-59
/scratch/project_462000771/mengting/projects/bias/kolors/prompt2/selected_faces/detected_angry/angry_person_0808_face0.png,White,White,Male,50-59,"[0.31487387 0.19009759 0.14386888 0.00075991 0.00672669 0.0593436
 0.28432947]",[0.6901726  0.03616005 0.22677465 0.04689271],[0.9987473  0.00125267],"[1.4350562e-04 6.0418784e-04 3.1615589e-03 4.7141984e-03 2.3903927e-02
 1.2680587e-01 4.4208705e-01 3.0571505e-01 9.2864640e-02]",0,White,40-59
/scratch/project_462000771/mengting/projects/bias/kolors/prompt2/selected_faces/detected_angry/angry_person_0809_face0.png,Indian,Asian,Male,60-69,"[0.06693045 0.3383239  0.08383878 0.00420564 0.05479532 0.38847762
 0.06342828]",[0.05088559 0.08707108 0.74892604 0.11311736],[0.9981879  0.00181212],"[2.8603161e-05 6.1585575e-05 1.7713250e-04 5.2433572e-04 2.3077456e-03
 2.5395913e-02 2.5146464e-01 4.2357185e-01 2.9646817e-01]",0,Others,60+
/scratch/project_462000771/mengting/projects/bias/kolors/prompt2/selected_faces/detected_angry/angry_person_0810_face0.png,White,White,Male,40-49,"[0.7613167  0.00354664 0.16347632 0.0009561  0.00637401 0.03456217
 0.02976803]",[9.5348674e-01 5.8553607e-04 3.2661110e-02 1.3266629e-02],[0.9463972  0.05360286],"[5.3127596e-06 5.3893524e-05 1.0784004e-03 2.2379285e-02 1.7908779e-01
 5.2160144e-01 2.2944827e-01 3.9219599e-02 7.1260757e-03]",0,White,40-59
/scratch/project_462000771/mengting/projects/bias/kolors/prompt2/selected_faces/detected_angry/angry_person_0811_face0.png,White,White,Male,50-59,"[6.4887244e-01 8.3063534e-03 1.5253314e-01 3.5140588e-04 3.7884084e-03
 3.5913501e-02 1.5023470e-01]",[0.9678266  0.00628885 0.01125839 0.01462618],[9.9945074e-01 5.4923107e-04],"[2.7698978e-05 3.0051504e-05 3.3149976e-04 1.3234026e-03 1.5277014e-02
 1.6361259e-01 6.5891719e-01 1.4621265e-01 1.4267865e-02]",0,White,40-59
/scratch/project_462000771/mengting/projects/bias/kolors/prompt2/selected_faces/detected_angry/angry_person_0812_face0.png,Indian,Asian,Male,70+,"[0.01882773 0.26945868 0.02847007 0.00449765 0.0595488  0.57301533
 0.04618175]",[0.01983275 0.00865392 0.8493716  0.1221417 ],[0.99771327 0.00228668],"[1.6889744e-05 9.7247255e-05 3.8719308e-04 1.5472337e-03 4.2278054e-03
 3.1283993e-02 1.6517290e-01 3.8436878e-01 4.1289786e-01]",0,Others,60+
/scratch/project_462000771/mengting/projects/bias/kolors/prompt2/selected_faces/detected_angry/angry_person_0813_face0.png,Latino_Hispanic,Indian,Male,40-49,"[2.1153194e-01 2.4702011e-02 4.7261807e-01 1.4708836e-04 1.9008876e-03
 2.6422402e-01 2.4875963e-02]",[0.3054301  0.07254024 0.00913833 0.6128913 ],[0.97569835 0.02430164],"[3.4752196e-05 4.3701276e-04 6.4833900e-03 4.8778504e-02 4.0664586e-01
 4.8340052e-01 5.3240281e-02 9.3872496e-04 4.1007919e-05]",0,Others,40-59
/scratch/project_462000771/mengting/projects/bias/kolors/prompt2/selected_faces/detected_angry/angry_person_0814_face0.png,Indian,Asian,Male,70+,"[0.00808422 0.00096101 0.13532585 0.00141235 0.03057055 0.6647674
 0.1588786 ]",[0.03404682 0.01131197 0.504872   0.4497692 ],[0.96207154 0.03792849],"[1.4040712e-04 9.2185679e-04 1.2820758e-03 4.0143006e-04 6.7134318e-04
 4.0869736e-03 5.1445365e-02 2.4514230e-01 6.9590825e-01]",0,Others,60+
/scratch/project_462000771/mengting/projects/bias/kolors/prompt2/selected_faces/detected_angry/angry_person_0815_face0.png,Black,Black,Male,60-69,"[0.05495819 0.576076   0.12067174 0.00605552 0.03031036 0.0875522
 0.12437599]",[0.05100175 0.6816421  0.23434772 0.03300837],[0.9515529 0.0484471],"[8.9703026e-06 1.2953539e-05 8.5039792e-05 5.3407126e-03 4.0108044e-02
 1.3733073e-01 2.4159545e-01 3.7316084e-01 2.0235728e-01]",1,Black,60+
/scratch/project_462000771/mengting/projects/bias/kolors/prompt2/selected_faces/detected_angry/angry_person_0816_face0.png,White,White,Male,30-39,"[9.7840619e-01 3.5580501e-04 1.1421132e-02 2.3642111e-04 1.1735613e-03
 1.3663957e-03 7.0403917e-03]",[0.93242943 0.00132664 0.03145606 0.0347879 ],[0.99674    0.00326006],"[1.0961373e-06 1.3592958e-05 7.6444476e-04 1.0963824e-01 5.1611954e-01
 3.4418255e-01 2.8432835e-02 7.8231510e-04 6.5471679e-05]",0,White,20-39
/scratch/project_462000771/mengting/projects/bias/kolors/prompt2/selected_faces/detected_angry/angry_person_0817_face0.png,White,White,Male,20-29,"[9.5900768e-01 6.3596875e-04 1.4419271e-02 2.7712895e-05 8.7263485e-05
 4.0199410e-04 2.5420137e-02]",[9.1866523e-01 8.8827405e-03 3.9550476e-04 7.2056584e-02],[0.73357964 0.26642033],"[4.9155290e-07 9.9932156e-05 3.0145651e-02 5.4955548e-01 3.5211563e-01
 6.4500652e-02 3.3428888e-03 2.2246552e-04 1.6771603e-05]",0,White,20-39
/scratch/project_462000771/mengting/projects/bias/kolors/prompt2/selected_faces/detected_angry/angry_person_0818_face0.png,White,White,Male,30-39,"[0.5991091  0.0156217  0.22068545 0.00521758 0.01255235 0.03349573
 0.11331812]",[0.96157014 0.00181663 0.01528101 0.02133224],[0.9938164  0.00618363],"[3.5558271e-06 8.3660780e-05 5.2494556e-03 2.5422722e-01 5.3306162e-01
 1.8989375e-01 1.6480815e-02 9.1738475e-04 8.2645274e-05]",0,White,20-39
/scratch/project_462000771/mengting/projects/bias/kolors/prompt2/selected_faces/detected_angry/angry_person_0819_face0.png,White,White,Male,30-39,"[0.45176947 0.00258255 0.43999207 0.00356042 0.01548363 0.02976815
 0.05684366]",[0.6676217  0.01024791 0.3076436  0.01448682],[9.9942887e-01 5.7110429e-04],"[1.5347499e-06 1.3748031e-05 1.3420959e-03 1.1022129e-01 6.3208908e-01
 2.4474472e-01 1.1201042e-02 3.6995235e-04 1.6493839e-05]",0,White,20-39
/scratch/project_462000771/mengting/projects/bias/kolors/prompt2/selected_faces/detected_angry/angry_person_0820_face0.png,White,White,Male,40-49,"[5.2705133e-01 1.8726967e-02 1.7736316e-01 7.0121903e-05 1.1897293e-03
 1.1664358e-01 1.5895516e-01]",[0.97887105 0.00157027 0.00158474 0.01797392],[0.9959281 0.0040719],"[3.5096864e-06 2.9714256e-05 5.8573572e-04 2.2886476e-02 2.7868327e-01
 5.1036030e-01 1.7516422e-01 1.0801126e-02 1.4856007e-03]",0,White,40-59
/scratch/project_462000771/mengting/projects/bias/kolors/prompt2/selected_faces/detected_angry/angry_person_0821_face0.png,White,White,Male,40-49,"[7.2789162e-01 1.8809779e-02 5.0143261e-02 1.5246162e-04 5.3580897e-04
 7.5567351e-03 1.9491041e-01]",[9.9647862e-01 1.3300111e-04 1.9740004e-03 1.4143927e-03],[9.9993837e-01 6.1668659e-05],"[1.09521829e-06 2.80003087e-06 9.52573682e-05 4.51080455e-03
 1.00761719e-01 5.02626598e-01 3.78933281e-01 1.25618195e-02
 5.06583427e-04]",0,White,40-59
/scratch/project_462000771/mengting/projects/bias/kolors/prompt2/selected_faces/detected_angry/angry_person_0822_face0.png,Indian,Asian,Male,60-69,"[0.04098886 0.1824325  0.08635652 0.00336638 0.08261146 0.56217164
 0.04207265]",[0.03953107 0.03005575 0.7918275  0.13858575],[0.99603266 0.00396736],"[2.1254735e-05 1.2455088e-04 5.4271205e-04 3.2409932e-03 1.4473730e-02
 8.4368967e-02 2.0370764e-01 3.6729708e-01 3.2622305e-01]",0,Others,60+
/scratch/project_462000771/mengting/projects/bias/kolors/prompt2/selected_faces/detected_angry/angry_person_0823_face0.png,Indian,Asian,Male,70+,"[3.3720978e-02 1.2296390e-02 2.3172664e-02 6.9582788e-04 4.1220453e-02
 8.1897485e-01 6.9918834e-02]",[0.22491512 0.00819606 0.63120186 0.13568687],[0.99897623 0.00102375],"[1.3740333e-05 2.2104652e-04 1.9896070e-03 2.8204655e-03 3.2466431e-03
 1.9378848e-02 1.2525241e-01 3.5374650e-01 4.9333075e-01]",0,Others,60+
/scratch/project_462000771/mengting/projects/bias/kolors/prompt2/selected_faces/detected_angry/angry_person_0824_face0.png,White,White,Male,40-49,"[0.35321674 0.26152122 0.17274667 0.00381687 0.04204089 0.12952133
 0.03713621]",[0.6577586  0.17327946 0.06820968 0.10075229],[0.9198453  0.08015471],"[7.0984115e-06 8.4769017e-05 8.4572076e-04 2.7193349e-02 2.3738170e-01
 4.7249717e-01 2.2229593e-01 3.2055072e-02 7.6392042e-03]",0,White,40-59
/scratch/project_462000771/mengting/projects/bias/kolors/prompt2/selected_faces/detected_angry/angry_person_0825_face0.png,White,White,Female,20-29,"[9.0113038e-01 4.7015627e-03 4.0832218e-02 8.5710483e-03 2.9690587e-03
 3.5739926e-04 4.1438356e-02]",[9.9779081e-01 4.2344172e-06 2.0563486e-03 1.4861923e-04],[0.07934602 0.920654  ],"[5.6936292e-06 6.3868315e-04 1.8418938e-02 5.0856566e-01 3.9091760e-01
 7.7268735e-02 3.7449636e-03 3.7927550e-04 6.0359180e-05]",0,White,20-39
/scratch/project_462000771/mengting/projects/bias/kolors/prompt2/selected_faces/detected_angry/angry_person_0827_face0.png,White,Black,Male,50-59,"[4.4614974e-01 1.4090045e-01 5.8817174e-02 2.2079024e-04 3.6396245e-03
 2.2748986e-01 1.2278228e-01]",[0.18154475 0.32069576 0.22519653 0.27256304],[9.9948633e-01 5.1364524e-04],"[1.6913705e-06 6.5833897e-06 1.3587122e-04 4.4151414e-03 5.4916751e-02
 3.5825911e-01 4.7332811e-01 8.2062557e-02 2.6874149e-02]",0,White,40-59
/scratch/project_462000771/mengting/projects/bias/kolors/prompt2/selected_faces/detected_angry/angry_person_0828_face0.png,White,White,Male,40-49,"[9.1927582e-01 3.2631492e-03 1.4923797e-02 6.4942551e-06 1.8718772e-04
 1.0563386e-02 5.1780175e-02]",[0.9813034  0.00155271 0.00555562 0.01158826],[9.9987304e-01 1.2690325e-04],"[4.4557842e-06 2.5481329e-05 6.0941320e-04 1.4296938e-02 1.4947768e-01
 4.4425139e-01 3.6053124e-01 2.8816409e-02 1.9870144e-03]",0,White,40-59
/scratch/project_462000771/mengting/projects/bias/kolors/prompt2/selected_faces/detected_angry/angry_person_0829_face0.png,White,White,Male,30-39,"[4.7165608e-01 2.4932211e-03 3.3874401e-01 1.0685895e-04 6.7000045e-03
 1.1861398e-01 6.1685886e-02]",[0.6538313  0.00358484 0.01373466 0.32884917],[9.999982e-01 1.841066e-06],"[4.6612186e-07 1.2837614e-05 1.2065398e-03 4.2687915e-02 4.8932961e-01
 4.4780675e-01 1.8766934e-02 1.8499569e-04 3.9003125e-06]",0,White,20-39
/scratch/project_462000771/mengting/projects/bias/kolors/prompt2/selected_faces/detected_angry/angry_person_0830_face0.png,Middle Eastern,Indian,Male,30-39,"[4.5528537e-01 1.1615470e-03 6.7915291e-02 4.4616307e-05 6.5875490e-04
 1.0890134e-02 4.6404430e-01]",[0.44544208 0.01466734 0.00840971 0.5314809 ],[0.77788657 0.22211349],"[1.9149918e-07 9.5144997e-06 1.3404734e-03 6.1776303e-02 5.3884161e-01
 3.6849135e-01 2.9036188e-02 4.7519419e-04 2.9187580e-05]",0,White,20-39
/scratch/project_462000771/mengting/projects/bias/kolors/prompt2/selected_faces/detected_angry/angry_person_0831_face0.png,Indian,Asian,Male,70+,"[1.2145505e-03 1.9918414e-02 2.1829402e-02 6.8370119e-04 4.9319677e-02
 8.9608479e-01 1.0949479e-02]",[0.00807024 0.01853359 0.688831   0.28456515],[0.99597603 0.00402392],"[6.8223526e-06 2.1200251e-05 7.7496574e-05 9.6346492e-05 2.7896516e-04
 2.5327394e-03 3.3092853e-02 3.1711328e-01 6.4678025e-01]",0,Others,60+
/scratch/project_462000771/mengting/projects/bias/kolors/prompt2/selected_faces/detected_angry/angry_person_0832_face0.png,White,White,Male,40-49,"[0.55738163 0.06731253 0.17207386 0.00064714 0.00780451 0.11407949
 0.08070087]",[0.85112697 0.01190061 0.0462776  0.0906949 ],[9.995960e-01 4.039505e-04],"[4.3005721e-06 3.0587882e-05 5.1692425e-04 3.9576370e-02 3.0629638e-01
 5.0555301e-01 1.3558847e-01 1.0964768e-02 1.4691075e-03]",0,White,40-59
/scratch/project_462000771/mengting/projects/bias/kolors/prompt2/selected_faces/detected_angry/angry_person_0833_face0.png,Black,Asian,Male,30-39,"[3.1329334e-02 8.1938851e-01 9.7664602e-02 7.0212618e-04 4.8193503e-03
 2.8805977e-02 1.7290073e-02]",[0.02037015 0.23560992 0.42061886 0.32340106],[0.520704   0.47929603],"[5.65652726e-06 1.18641350e-04 2.29953881e-03 6.77550137e-02
 3.94340664e-01 3.80499095e-01 1.22483574e-01 2.73282863e-02
 5.16958628e-03]",0,Black,20-39
/scratch/project_462000771/mengting/projects/bias/kolors/prompt2/selected_faces/detected_angry/angry_person_0834_face0.png,Black,Black,Male,50-59,"[1.6101036e-02 8.1832659e-01 3.5100017e-02 3.3220291e-05 5.3204974e-04
 1.1019510e-01 1.9711973e-02]",[0.11638179 0.79026026 0.01611748 0.07724059],[9.9986166e-01 1.3836296e-04],"[8.2003326e-06 3.7919097e-05 2.7308569e-04 2.8308751e-03 4.8808616e-02
 3.1135091e-01 5.4262561e-01 8.8289112e-02 5.7756775e-03]",0,Black,40-59
/scratch/project_462000771/mengting/projects/bias/kolors/prompt2/selected_faces/detected_angry/angry_person_0835_face0.png,Middle Eastern,White,Male,50-59,"[0.15301806 0.01608237 0.09627458 0.00610017 0.09999987 0.25533095
 0.37319404]",[0.9541373  0.00189708 0.02527428 0.01869129],[9.9942338e-01 5.7657924e-04],"[3.4550659e-04 1.6747654e-03 2.5350046e-03 1.2491604e-03 4.9906792e-03
 6.5303363e-02 4.6139479e-01 3.6428249e-01 9.8224193e-02]",0,Others,40-59
/scratch/project_462000771/mengting/projects/bias/kolors/prompt2/selected_faces/detected_angry/angry_person_0836_face0.png,Latino_Hispanic,White,Male,30-39,"[0.28599894 0.11194438 0.42513466 0.00842268 0.03695668 0.09593641
 0.03560622]",[0.7133643  0.02485776 0.03475947 0.2270185 ],[0.99766433 0.00233569],"[1.7638214e-06 2.8060431e-05 1.2448408e-03 1.2873630e-01 5.8205360e-01
 2.6883280e-01 1.7174711e-02 1.6204019e-03 3.0742239e-04]",0,Others,20-39
/scratch/project_462000771/mengting/projects/bias/kolors/prompt2/selected_faces/detected_angry/angry_person_0837_face0.png,Middle Eastern,Indian,Male,50-59,"[0.20948091 0.16320752 0.19459851 0.00110975 0.01745792 0.14973865
 0.26440674]",[0.32349074 0.15242949 0.09250471 0.4315751 ],[0.97959363 0.02040637],"[1.0026669e-05 7.8624456e-05 1.0993958e-03 1.0683627e-02 7.2859474e-02
 3.1955206e-01 3.7444857e-01 1.6887826e-01 5.2389938e-02]",0,White,40-59
/scratch/project_462000771/mengting/projects/bias/kolors/prompt2/selected_faces/detected_angry/angry_person_0838_face0.png,White,White,Male,50-59,"[0.80841666 0.00655453 0.0851353  0.00101728 0.01164653 0.0438321
 0.04339753]",[9.9081993e-01 2.0684833e-04 6.6826902e-03 2.2904871e-03],[0.9854731  0.01452691],"[3.1733194e-05 1.6192715e-04 1.0593946e-03 8.0202334e-03 5.6569748e-02
 3.1336433e-01 5.1926225e-01 8.2055271e-02 1.9475192e-02]",0,White,40-59
/scratch/project_462000771/mengting/projects/bias/kolors/prompt2/selected_faces/detected_angry/angry_person_0839_face0.png,Indian,Asian,Male,30-39,"[0.0036446  0.02302113 0.05137672 0.00103016 0.02120971 0.88966554
 0.01005211]",[2.7398471e-04 3.7123871e-03 8.1371874e-01 1.8229488e-01],[0.59232134 0.40767866],"[1.0587412e-05 4.2475123e-04 2.7834482e-02 2.2543482e-01 3.6571211e-01
 2.5076944e-01 5.9585724e-02 4.6495534e-02 2.3732446e-02]",0,Others,20-39
/scratch/project_462000771/mengting/projects/bias/kolors/prompt2/selected_faces/detected_angry/angry_person_0840_face0.png,Southeast Asian,Asian,Male,20-29,"[0.01301673 0.03497469 0.26265034 0.12388935 0.3752921  0.18223277
 0.00794402]",[0.00159125 0.00569751 0.9598516  0.03285952],[9.9924225e-01 7.5777923e-04],"[2.1964697e-06 7.0345741e-05 9.7612226e-03 5.0196010e-01 4.4436747e-01
 4.2718813e-02 9.9470664e-04 1.0968411e-04 1.5426383e-05]",0,Asian,20-39
/scratch/project_462000771/mengting/projects/bias/kolors/prompt2/selected_faces/detected_angry/angry_person_0841_face0.png,White,White,Male,40-49,"[8.3037460e-01 1.6899979e-02 1.2693894e-01 5.1194208e-04 6.1313058e-03
 7.5365161e-03 1.1606766e-02]",[9.9632478e-01 2.5568096e-04 2.1234110e-03 1.2960727e-03],[9.9996376e-01 3.6202782e-05],"[3.6348970e-06 6.5519689e-06 1.0881727e-04 3.1025726e-03 9.0463646e-02
 5.1520228e-01 3.7843892e-01 1.2298300e-02 3.7534031e-04]",1,White,40-59
/scratch/project_462000771/mengting/projects/bias/kolors/prompt2/selected_faces/detected_angry/angry_person_0842_face0.png,Indian,Asian,Male,70+,"[4.1317494e-04 1.1529455e-02 1.1738586e-02 1.9647887e-03 1.8771583e-01
 7.8469515e-01 1.9430874e-03]",[0.0094804  0.00172643 0.9156797  0.0731134 ],[0.99583715 0.0041629 ],"[1.8373975e-06 9.8802648e-06 2.5312536e-05 7.2055329e-05 2.4223739e-04
 2.3287181e-03 2.5483586e-02 2.6728752e-01 7.0454884e-01]",0,Others,60+
/scratch/project_462000771/mengting/projects/bias/kolors/prompt2/selected_faces/detected_angry/angry_person_0843_face0.png,White,White,Male,30-39,"[9.3926120e-01 5.3817253e-03 2.8928442e-02 2.9334330e-04 1.4786276e-03
 2.4481001e-03 2.2208659e-02]",[0.7375182  0.2194401  0.03734699 0.0056948 ],[0.9841681  0.01583189],"[2.82221094e-07 4.04132406e-05 8.18581413e-03 3.76670212e-01
 4.83223319e-01 1.21916875e-01 9.29226819e-03 5.78460284e-04
 9.23919506e-05]",0,White,20-39
/scratch/project_462000771/mengting/projects/bias/kolors/prompt2/selected_faces/detected_angry/angry_person_0844_face0.png,White,White,Male,30-39,"[5.4394346e-01 2.1502215e-02 1.6836803e-01 3.4194201e-04 3.3492357e-03
 1.2731287e-01 1.3518219e-01]",[0.50393903 0.0195203  0.12247097 0.35406968],[0.9951609  0.00483913],"[1.0187310e-06 6.3850595e-05 7.6795928e-03 1.7904752e-01 5.2750266e-01
 2.6736638e-01 1.7414853e-02 8.6374668e-04 6.0337188e-05]",0,White,20-39
/scratch/project_462000771/mengting/projects/bias/kolors/prompt2/selected_faces/detected_angry/angry_person_0845_face0.png,White,White,Female,20-29,"[8.2899874e-01 9.4042980e-04 9.7214028e-02 1.8151097e-05 6.7465146e-05
 5.2936369e-04 7.2231829e-02]",[9.9153358e-01 3.3822155e-03 8.0954935e-04 4.2746398e-03],[0.25193563 0.74806434],"[7.0331211e-08 3.0838368e-05 2.8327795e-02 4.6801174e-01 4.4692627e-01
 5.5562712e-02 1.1156680e-03 2.4551917e-05 4.0353305e-07]",0,White,20-39
/scratch/project_462000771/mengting/projects/bias/kolors/prompt2/selected_faces/detected_angry/angry_person_0846_face0.png,Indian,White,Male,40-49,"[0.1285666  0.01672429 0.22080806 0.0023691  0.04967867 0.50179505
 0.08005825]",[0.5378345  0.02313181 0.3012602  0.1377735 ],[0.99894017 0.0010598 ],"[3.99344390e-05 3.62220919e-04 3.44874500e-03 4.06786874e-02
 1.46627858e-01 3.86362672e-01 3.15436274e-01 9.29455534e-02
 1.40980845e-02]",0,Others,40-59
/scratch/project_462000771/mengting/projects/bias/kolors/prompt2/selected_faces/detected_angry/angry_person_0847_face0.png,Indian,White,Male,60-69,"[2.5921095e-02 2.2869980e-02 3.2770164e-02 6.7007530e-04 2.0708630e-02
 7.5852001e-01 1.3854003e-01]",[0.56904066 0.01002805 0.20598686 0.21494444],[0.99874264 0.00125735],"[4.6267018e-05 1.3158789e-04 4.8590288e-04 5.7775580e-04 8.6466898e-04
 5.2247206e-03 5.9523728e-02 4.9319616e-01 4.3994918e-01]",0,Others,60+
/scratch/project_462000771/mengting/projects/bias/kolors/prompt2/selected_faces/detected_angry/angry_person_0848_face0.png,Latino_Hispanic,White,Male,40-49,"[3.8069355e-01 1.8591253e-02 4.4703144e-01 3.6848750e-04 3.8762002e-03
 5.8715977e-02 9.0723053e-02]",[0.9800579  0.00184454 0.00603461 0.01206295],[0.98584235 0.01415761],"[2.8850674e-05 1.4741519e-04 1.5278597e-03 2.7040975e-02 3.6248827e-01
 5.1288956e-01 9.3264334e-02 2.5156646e-03 9.7075295e-05]",0,Others,40-59
/scratch/project_462000771/mengting/projects/bias/kolors/prompt2/selected_faces/detected_angry/angry_person_0849_face0.png,White,White,Male,30-39,"[9.9675679e-01 5.6195771e-05 4.8870005e-04 1.0928651e-05 3.6563430e-05
 2.9908524e-05 2.6210111e-03]",[9.9998778e-01 1.0666179e-06 7.3666456e-06 3.8728385e-06],[0.9462772  0.05372278],"[1.2711985e-07 4.5639631e-06 9.4124483e-04 2.1527179e-01 6.2496752e-01
 1.5284520e-01 5.8649322e-03 9.8918223e-05 5.7250404e-06]",1,White,20-39
/scratch/project_462000771/mengting/projects/bias/kolors/prompt2/selected_faces/detected_angry/angry_person_0850_face0.png,White,White,Male,40-49,"[9.8884100e-01 1.6451941e-04 3.9801020e-03 1.7746833e-04 6.8013824e-04
 4.2745919e-04 5.7293423e-03]",[9.9803406e-01 2.8567174e-05 1.7159634e-03 2.2139262e-04],[0.9966934  0.00330665],"[1.7603031e-06 3.6881760e-05 7.8807416e-04 2.6202472e-02 3.0910870e-01
 5.8640701e-01 7.5899057e-02 1.4450049e-03 1.1102930e-04]",0,White,40-59
/scratch/project_462000771/mengting/projects/bias/kolors/prompt2/selected_faces/detected_angry/angry_person_0851_face0.png,Black,Asian,Male,40-49,"[0.13441223 0.43824828 0.24389897 0.00108926 0.01168276 0.03723608
 0.13343246]",[0.35614395 0.05423034 0.5451638  0.04446194],[9.999079e-01 9.205435e-05],"[7.7727491e-06 6.5645807e-05 8.2545669e-04 1.6878931e-02 2.0796071e-01
 4.9891782e-01 2.5540709e-01 1.8887054e-02 1.0495366e-03]",0,Black,40-59
/scratch/project_462000771/mengting/projects/bias/kolors/prompt2/selected_faces/detected_angry/angry_person_0852_face0.png,Black,Black,Male,50-59,"[4.9037612e-03 5.3801185e-01 7.2815485e-02 2.4464133e-04 1.1680669e-02
 3.6991978e-01 2.4239153e-03]",[0.0009248  0.63686347 0.07412668 0.288085  ],[0.994258 0.005742],"[1.0777742e-04 6.4959249e-04 2.7426733e-03 2.1296958e-03 9.9338256e-03
 7.2849736e-02 4.2376727e-01 3.9777765e-01 9.0041719e-02]",0,Black,40-59
/scratch/project_462000771/mengting/projects/bias/kolors/prompt2/selected_faces/detected_angry/angry_person_0853_face0.png,Black,White,Male,40-49,"[3.8527545e-01 5.1873767e-01 5.0782546e-02 2.3594414e-04 7.4399589e-04
 2.0250225e-02 2.3974245e-02]",[0.8818752  0.04578648 0.03713229 0.03520601],[0.996596   0.00340394],"[7.2838898e-06 7.4262629e-05 5.1660446e-04 2.7897472e-02 1.7938028e-01
 4.2916933e-01 3.2631853e-01 3.3404801e-02 3.2315587e-03]",0,Black,40-59
/scratch/project_462000771/mengting/projects/bias/kolors/prompt2/selected_faces/detected_angry/angry_person_0854_face0.png,White,White,Male,50-59,"[0.6106845  0.00807241 0.07757359 0.00176108 0.01054098 0.0170999
 0.27426746]",[0.98194915 0.00145331 0.01391582 0.00268168],[0.99576575 0.00423424],"[7.4821408e-05 1.0515326e-04 3.8279098e-04 7.3639740e-04 4.4835764e-03
 3.8523875e-02 4.9252993e-01 3.6845303e-01 9.4710417e-02]",1,White,40-59
/scratch/project_462000771/mengting/projects/bias/kolors/prompt2/selected_faces/detected_angry/angry_person_0855_face0.png,Indian,Asian,Male,70+,"[0.1641457  0.03604611 0.03511391 0.00124476 0.02104518 0.46911827
 0.27328607]",[0.12440457 0.08715924 0.54005826 0.24837787],[0.998079   0.00192103],"[5.95992351e-05 2.75831873e-04 1.27945794e-03 2.69619329e-03
 3.44934594e-03 1.37409195e-02 1.26591682e-01 3.91673476e-01
 4.60233510e-01]",0,Others,60+
/scratch/project_462000771/mengting/projects/bias/kolors/prompt2/selected_faces/detected_angry/angry_person_0856_face0.png,White,White,Male,50-59,"[6.3170987e-01 2.7492261e-02 2.9681902e-02 1.4846252e-04 1.4027149e-03
 1.2417119e-02 2.9714763e-01]",[0.96515393 0.00249228 0.00496593 0.02738784],[9.991577e-01 8.422370e-04],"[1.7314956e-05 1.5505691e-04 1.2530367e-03 6.6478169e-03 7.1518473e-02
 4.1060925e-01 4.8130867e-01 2.6404751e-02 2.0855034e-03]",0,White,40-59
/scratch/project_462000771/mengting/projects/bias/kolors/prompt2/selected_faces/detected_angry/angry_person_0857_face0.png,White,White,Male,50-59,"[0.7790373  0.01093908 0.02492442 0.00516598 0.01568967 0.02620696
 0.13803656]",[0.6491598  0.06566453 0.12663612 0.15853949],[0.99877936 0.00122063],"[2.9169852e-05 3.7450060e-05 1.6408309e-04 5.3761140e-03 2.9985128e-02
 1.2853473e-01 3.4861559e-01 3.0068251e-01 1.8657526e-01]",0,White,40-59
/scratch/project_462000771/mengting/projects/bias/kolors/prompt2/selected_faces/detected_angry/angry_person_0858_face0.png,Black,Indian,Male,40-49,"[0.05672558 0.47065517 0.12713277 0.02269383 0.18515483 0.13304374
 0.00459413]",[0.2307366  0.18972111 0.2514255  0.32811671],[0.99613184 0.00386816],"[6.49297499e-06 3.16320875e-05 2.38606852e-04 1.14729656e-02
 1.17835976e-01 4.80111778e-01 3.36435169e-01 4.56485786e-02
 8.21882114e-03]",0,Black,40-59
/scratch/project_462000771/mengting/projects/bias/kolors/prompt2/selected_faces/detected_angry/angry_person_0859_face0.png,Indian,Asian,Male,60-69,"[0.04093243 0.09628516 0.07464296 0.00530184 0.11821981 0.51212966
 0.15248814]",[0.01233634 0.01060835 0.8857713  0.09128397],[9.9955761e-01 4.4234903e-04],"[2.2997669e-04 1.6383230e-03 4.0332302e-03 1.8244532e-03 3.7549564e-03
 2.9159792e-02 1.6122364e-01 5.0151920e-01 2.9661644e-01]",0,Others,60+
/scratch/project_462000771/mengting/projects/bias/kolors/prompt2/selected_faces/detected_angry/angry_person_0860_face0.png,East Asian,Asian,Male,20-29,"[0.05031596 0.01032058 0.02049499 0.80674416 0.0926208  0.00459171
 0.01491185]",[0.17577304 0.04517385 0.7666329  0.01242019],[0.8053241 0.1946759],"[1.9321333e-05 2.1783807e-03 2.3680653e-02 6.3406026e-01 3.0100057e-01
 3.6179423e-02 2.6677069e-03 1.9418822e-04 1.9468684e-05]",0,Asian,20-39
/scratch/project_462000771/mengting/projects/bias/kolors/prompt2/selected_faces/detected_angry/angry_person_0861_face0.png,White,Indian,Male,50-59,"[3.6775136e-01 4.7550894e-02 3.1005481e-01 1.7873303e-04 3.0386627e-03
 2.1635397e-01 5.5071499e-02]",[0.33181676 0.24182622 0.09220114 0.3341559 ],[0.9904434  0.00955654],"[1.5395879e-05 9.8023440e-05 1.4291849e-03 6.2908065e-03 7.8109466e-02
 4.2548737e-01 4.6219558e-01 2.5198897e-02 1.1752875e-03]",0,White,40-59
/scratch/project_462000771/mengting/projects/bias/kolors/prompt2/selected_faces/detected_angry/angry_person_0863_face0.png,Indian,Asian,Male,50-59,"[0.00083774 0.26472467 0.05579412 0.00862519 0.31550813 0.35247767
 0.0020326 ]",[0.00142511 0.02506599 0.92479837 0.04871052],[9.9991822e-01 8.1761405e-05],"[7.54685516e-06 2.25808362e-05 2.29703088e-04 2.80828169e-03
 3.80227864e-02 3.32097173e-01 4.67245400e-01 1.45938411e-01
 1.36281205e-02]",0,Others,40-59
/scratch/project_462000771/mengting/projects/bias/kolors/prompt2/selected_faces/detected_angry/angry_person_0864_face0.png,White,Indian,Male,50-59,"[0.4034905  0.13680959 0.1486109  0.00399513 0.01916264 0.10768057
 0.18025064]",[0.18559867 0.11179413 0.35116842 0.35143873],[0.9946872  0.00531277],"[5.9175411e-05 1.6835328e-04 5.9556350e-04 4.1457689e-03 2.8029867e-02
 1.7385706e-01 5.6742179e-01 1.7541577e-01 5.0306633e-02]",1,White,40-59
/scratch/project_462000771/mengting/projects/bias/kolors/prompt2/selected_faces/detected_angry/angry_person_0865_face0.png,White,White,Male,50-59,"[0.80701494 0.05135508 0.02312017 0.00384864 0.00796965 0.03524929
 0.07144231]",[0.60952705 0.02320549 0.14082079 0.22644672],[0.99665767 0.00334235],"[1.6468347e-04 9.4279670e-04 5.8531249e-03 4.6453200e-02 7.8312322e-02
 2.1449003e-01 4.7726759e-01 1.4793861e-01 2.8577626e-02]",0,White,40-59
/scratch/project_462000771/mengting/projects/bias/kolors/prompt2/selected_faces/detected_angry/angry_person_0866_face0.png,White,White,Male,30-39,"[6.3138312e-01 3.2781612e-04 4.5959439e-02 5.9232168e-04 1.7767618e-03
 2.1013752e-02 2.9894677e-01]",[9.5056045e-01 7.9772482e-04 1.1269650e-02 3.7372157e-02],[0.98642796 0.01357206],"[1.48017925e-05 1.97956950e-04 5.76034328e-03 2.19988912e-01
 4.55804259e-01 2.72661805e-01 4.10114080e-02 3.96428956e-03
 5.96267404e-04]",0,White,20-39
/scratch/project_462000771/mengting/projects/bias/kolors/prompt2/selected_faces/detected_angry/angry_person_0867_face0.png,Indian,Asian,Male,50-59,"[0.05251775 0.12187851 0.10969763 0.00358566 0.18999128 0.51512533
 0.0072038 ]",[0.04092475 0.03002525 0.49203822 0.4370118 ],[0.99891245 0.00108758],"[2.4940276e-05 2.7541418e-04 1.5996916e-03 2.1759423e-03 1.3762185e-02
 1.5231386e-01 5.6239891e-01 2.2043605e-01 4.7013000e-02]",0,Others,40-59
/scratch/project_462000771/mengting/projects/bias/kolors/prompt2/selected_faces/detected_angry/angry_person_0868_face0.png,Black,Indian,Male,70+,"[0.02445472 0.35628274 0.15524377 0.02350753 0.12102768 0.26839963
 0.05108386]",[0.06111198 0.16120459 0.35590872 0.42177474],[0.9727657  0.02723438],"[6.6569679e-05 3.3795010e-04 4.3070083e-04 9.6077286e-04 2.1646598e-03
 7.9352204e-03 4.5336299e-02 2.9235920e-01 6.5040863e-01]",0,Black,60+
/scratch/project_462000771/mengting/projects/bias/kolors/prompt2/selected_faces/detected_angry/angry_person_0869_face0.png,Middle Eastern,White,Male,50-59,"[0.24166764 0.08125757 0.15369952 0.00091367 0.00991826 0.15123898
 0.36130437]",[0.44617605 0.18909329 0.02726548 0.33746517],[0.9988675  0.00113255],"[3.2161784e-05 1.4213377e-04 9.3574240e-04 3.2765765e-03 1.5280640e-02
 7.7299051e-02 4.6384892e-01 3.0907938e-01 1.3010539e-01]",0,White,40-59
/scratch/project_462000771/mengting/projects/bias/kolors/prompt2/selected_faces/detected_angry/angry_person_0870_face0.png,White,White,Male,40-49,"[0.94388294 0.02998249 0.0135713  0.00095371 0.00112426 0.00125714
 0.00922817]",[9.9076027e-01 9.1408123e-04 7.6756077e-03 6.5002363e-04],[0.9940606 0.0059394],"[7.3043848e-06 2.9335266e-05 3.5457479e-04 4.5284748e-02 1.8818496e-01
 4.1446868e-01 2.5605887e-01 8.1000999e-02 1.4610584e-02]",0,White,40-59
/scratch/project_462000771/mengting/projects/bias/kolors/prompt2/selected_faces/detected_angry/angry_person_0871_face0.png,White,White,Male,40-49,"[6.1471981e-01 9.0740295e-03 1.9940341e-01 1.3865810e-04 2.0400393e-03
 3.3568148e-02 1.4105593e-01]",[0.8939373  0.02260121 0.01700157 0.06645989],[0.9982288  0.00177122],"[4.6905384e-06 9.1664042e-05 1.8310220e-03 4.5979384e-02 3.4840843e-01
 4.7914276e-01 1.2036393e-01 3.8171546e-03 3.6090339e-04]",0,White,40-59
/scratch/project_462000771/mengting/projects/bias/kolors/prompt2/selected_faces/detected_angry/angry_person_0872_face0.png,Indian,Asian,Male,40-49,"[1.6394306e-02 1.7339209e-02 1.6522694e-01 3.7071560e-04 3.1029532e-02
 7.4480355e-01 2.4835736e-02]",[0.006041   0.13411318 0.6622554  0.19759034],[0.9707507  0.02924929],"[2.4153846e-05 5.9172424e-04 7.7944989e-03 1.9401735e-02 1.3738865e-01
 4.1729245e-01 3.1673217e-01 8.2590953e-02 1.8183624e-02]",0,Others,40-59
/scratch/project_462000771/mengting/projects/bias/kolors/prompt2/selected_faces/detected_angry/angry_person_0873_face0.png,White,White,Male,30-39,"[9.5555729e-01 3.5901740e-04 2.5513876e-02 5.0703784e-05 5.2540301e-04
 8.7785756e-04 1.7115857e-02]",[9.9917579e-01 9.1707807e-06 7.4095081e-04 7.4102114e-05],[9.9996930e-01 3.0697058e-05],"[2.19131243e-06 4.14378010e-05 2.25664792e-03 1.10230684e-01
 5.88833451e-01 2.84632385e-01 1.38107296e-02 1.87022553e-04
 5.46197589e-06]",1,White,20-39
/scratch/project_462000771/mengting/projects/bias/kolors/prompt2/selected_faces/detected_angry/angry_person_0874_face0.png,White,White,Male,30-39,"[8.8607872e-01 1.1060672e-04 5.6090418e-02 1.0938484e-03 3.7683717e-03
 1.5567029e-03 5.1301323e-02]",[9.9043101e-01 1.9433041e-05 8.2811257e-03 1.2683319e-03],[9.9996352e-01 3.6528527e-05],"[3.2703468e-07 4.3277259e-06 8.5414469e-04 7.6529205e-02 5.5591953e-01
 3.5313898e-01 1.3415837e-02 1.3532143e-04 2.2962095e-06]",1,White,20-39
/scratch/project_462000771/mengting/projects/bias/kolors/prompt2/selected_faces/detected_angry/angry_person_0875_face0.png,White,White,Male,50-59,"[5.6188971e-01 5.6674378e-03 9.5013380e-02 1.5468909e-04 5.2005437e-04
 1.2103562e-02 3.2465115e-01]",[8.9958096e-01 1.9718582e-02 3.1722462e-04 8.0383204e-02],[0.9904468  0.00955322],"[9.0887122e-05 1.2761752e-04 3.1164102e-04 1.9054281e-03 3.8247604e-02
 3.9568409e-01 5.1550758e-01 4.5320373e-02 2.8047164e-03]",0,White,40-59
/scratch/project_462000771/mengting/projects/bias/kolors/prompt2/selected_faces/detected_angry/angry_person_0876_face0.png,White,White,Male,40-49,"[9.6867353e-01 1.1417249e-03 1.6338456e-02 1.9625820e-04 1.2113355e-03
 3.7382857e-03 8.7004350e-03]",[9.9242944e-01 5.6005962e-04 3.9970586e-03 3.0134739e-03],[0.9052813  0.09471868],"[1.1271600e-06 2.7710539e-05 8.0671156e-04 3.2962047e-02 2.3973507e-01
 5.3544611e-01 1.7707263e-01 1.2105926e-02 1.8426795e-03]",0,White,40-59
/scratch/project_462000771/mengting/projects/bias/kolors/prompt2/selected_faces/detected_angry/angry_person_0877_face0.png,Southeast Asian,Indian,Female,30-39,"[0.027206   0.01709911 0.14265466 0.08442438 0.57671386 0.14887038
 0.00303158]",[0.25928938 0.03933801 0.08492427 0.61644834],[0.11595767 0.8840423 ],"[0.00039418 0.02995676 0.03571833 0.27982563 0.35974613 0.19405805
 0.05119271 0.02834215 0.0207661 ]",0,Asian,20-39
/scratch/project_462000771/mengting/projects/bias/kolors/prompt2/selected_faces/detected_angry/angry_person_0878_face0.png,White,White,Male,30-39,"[9.4692671e-01 2.5297274e-04 4.3044928e-02 1.9113447e-04 5.1489641e-04
 5.2938471e-04 8.5399207e-03]",[9.9411476e-01 5.3246389e-05 5.2791620e-03 5.5285741e-04],[9.9927396e-01 7.2609913e-04],"[3.9994688e-07 8.6853397e-06 1.9829758e-03 3.2789150e-01 6.2271172e-01
 4.6834167e-02 5.6154793e-04 8.5896590e-06 3.6115821e-07]",1,White,20-39
/scratch/project_462000771/mengting/projects/bias/kolors/prompt2/selected_faces/detected_angry/angry_person_0879_face0.png,White,White,Male,20-29,"[9.9878025e-01 8.6084901e-06 5.3095981e-04 1.4308263e-06 4.9156301e-06
 1.9208577e-05 6.5462588e-04]",[9.9997884e-01 4.0052464e-06 2.2792051e-06 1.4846760e-05],[9.9914265e-01 8.5737673e-04],"[1.1559200e-08 3.6169881e-06 3.6321108e-03 5.6888980e-01 4.0214264e-01
 2.5113000e-02 2.1718869e-04 1.5250986e-06 4.0824499e-08]",1,White,20-39
/scratch/project_462000771/mengting/projects/bias/kolors/prompt2/selected_faces/detected_angry/angry_person_0880_face0.png,White,White,Male,30-39,"[0.5084497  0.19390298 0.19258809 0.01114771 0.01553608 0.02914308
 0.0492324 ]",[0.70083696 0.01813119 0.044262   0.23676988],[0.97116137 0.02883864],"[2.1978560e-06 3.1762833e-05 2.2721854e-03 1.5634345e-01 5.1328802e-01
 2.8653145e-01 3.7148245e-02 3.7186246e-03 6.6409970e-04]",0,White,20-39
/scratch/project_462000771/mengting/projects/bias/kolors/prompt2/selected_faces/detected_angry/angry_person_0881_face0.png,White,White,Male,30-39,"[0.5335342  0.16791485 0.25172082 0.00172863 0.00921502 0.00656057
 0.0293258 ]",[0.86444587 0.01851513 0.10578004 0.01125897],[0.9901758  0.00982423],"[8.7128210e-06 4.7581265e-04 1.2320179e-02 2.7515948e-01 5.1876336e-01
 1.7864093e-01 1.3778012e-02 7.9494325e-04 5.8501821e-05]",0,White,20-39
/scratch/project_462000771/mengting/projects/bias/kolors/prompt2/selected_faces/detected_angry/angry_person_0882_face0.png,Middle Eastern,White,Male,50-59,"[2.1897921e-01 3.3427231e-02 6.9475025e-02 1.2604258e-04 2.2277622e-03
 1.2136239e-01 5.5440229e-01]",[0.7467947  0.04780599 0.02411869 0.18128066],[0.995873   0.00412708],"[5.2748859e-05 7.3453819e-04 3.2971853e-03 9.9386619e-03 9.4293550e-02
 4.1919389e-01 4.2480671e-01 4.1132916e-02 6.5497123e-03]",0,White,40-59
/scratch/project_462000771/mengting/projects/bias/kolors/prompt2/selected_faces/detected_angry/angry_person_0883_face0.png,White,White,Male,40-49,"[7.33191729e-01 3.81677151e-02 7.80536458e-02 7.28239014e-04
 5.21747675e-03 2.50964314e-02 1.19544744e-01]",[0.6452157  0.01603767 0.3149807  0.02376599],[0.9916484  0.00835165],"[2.5424510e-05 1.8802265e-04 1.2440113e-03 1.7517142e-02 1.4246051e-01
 3.9982745e-01 3.9476550e-01 3.5269894e-02 8.7020099e-03]",0,White,40-59
/scratch/project_462000771/mengting/projects/bias/kolors/prompt2/selected_faces/detected_angry/angry_person_0884_face0.png,White,White,Male,30-39,"[0.53050476 0.06187871 0.3632895  0.00108145 0.00711663 0.00597531
 0.03015364]",[0.91311496 0.05850532 0.02330467 0.00507511],[0.99866575 0.00133429],"[1.8412642e-07 8.5128522e-06 5.4868301e-03 2.8446385e-01 5.5392474e-01
 1.4628144e-01 9.5987767e-03 2.2733738e-04 8.3290724e-06]",0,White,20-39
/scratch/project_462000771/mengting/projects/bias/kolors/prompt2/selected_faces/detected_angry/angry_person_0885_face0.png,White,White,Male,40-49,"[0.79380023 0.08700743 0.03469047 0.00103883 0.00991388 0.03413679
 0.03941234]",[0.9414686  0.00096473 0.04911235 0.00845427],[0.9975297  0.00247025],"[5.7727239e-06 1.5141576e-04 2.9392228e-03 1.1116739e-01 3.8384417e-01
 4.2768940e-01 6.8955846e-02 4.8748562e-03 3.7193781e-04]",0,White,40-59
/scratch/project_462000771/mengting/projects/bias/kolors/prompt2/selected_faces/detected_angry/angry_person_0886_face0.png,White,White,Male,30-39,"[9.5334142e-01 2.9439316e-04 1.8881317e-02 1.6942915e-05 1.1563666e-04
 1.3095550e-03 2.6040692e-02]",[9.7545737e-01 3.9243739e-04 2.4288316e-04 2.3907280e-02],[0.99851036 0.00148964],"[3.0905952e-07 2.5602567e-05 3.6625229e-03 3.2977843e-01 5.7878619e-01
 8.6653002e-02 1.0796519e-03 1.3577200e-05 7.5192082e-07]",0,White,20-39
/scratch/project_462000771/mengting/projects/bias/kolors/prompt2/selected_faces/detected_angry/angry_person_0887_face0.png,White,White,Male,30-39,"[8.6458677e-01 4.9859332e-04 4.1064385e-02 1.0316851e-04 3.5541912e-03
 2.2895260e-02 6.7297757e-02]",[9.0215981e-01 4.9295416e-04 2.7782811e-04 9.7069450e-02],[0.902183 0.097817],"[1.4811515e-07 6.3391308e-06 9.8108558e-04 1.1801685e-01 4.6564066e-01
 3.5017344e-01 5.8588579e-02 4.7094780e-03 1.8834363e-03]",0,White,20-39
/scratch/project_462000771/mengting/projects/bias/kolors/prompt2/selected_faces/detected_angry/angry_person_0888_face0.png,Indian,Indian,Male,70+,"[1.7029854e-02 2.8101947e-02 1.4668135e-02 8.0712320e-04 3.2339238e-02
 8.9307332e-01 1.3980345e-02]",[0.1134372  0.06191711 0.16627274 0.65837294],[0.99829966 0.00170038],"[1.1310217e-06 4.1448197e-06 2.3112414e-05 8.8646309e-05 1.5927143e-04
 1.5471863e-03 3.4653313e-02 3.3434725e-01 6.2917596e-01]",0,Others,60+
/scratch/project_462000771/mengting/projects/bias/kolors/prompt2/selected_faces/detected_angry/angry_person_0889_face0.png,Latino_Hispanic,Asian,Male,30-39,"[0.3255664  0.00083928 0.5157319  0.00217367 0.01712191 0.04486811
 0.09369884]",[0.1959752  0.00278098 0.7381945  0.06304927],[9.9997753e-01 2.2499522e-05],"[9.9755717e-08 8.3308978e-06 4.5775906e-03 3.0005839e-01 6.2364501e-01
 7.0950657e-02 7.5084832e-04 8.8798479e-06 2.0234053e-07]",0,Others,20-39
/scratch/project_462000771/mengting/projects/bias/kolors/prompt2/selected_faces/detected_angry/angry_person_0890_face0.png,White,White,Male,50-59,"[0.70477366 0.00641362 0.05941966 0.00091491 0.02203294 0.10186847
 0.10457665]",[0.95771545 0.0016311  0.01772516 0.02292825],[9.991631e-01 8.369329e-04],"[1.1887888e-05 8.8753564e-05 8.2107401e-04 1.0015407e-03 7.1856971e-03
 9.2653230e-02 5.3535086e-01 2.7453700e-01 8.8349976e-02]",0,White,40-59
/scratch/project_462000771/mengting/projects/bias/kolors/prompt2/selected_faces/detected_angry/angry_person_0891_face0.png,White,White,Male,30-39,"[8.7948686e-01 2.2734913e-04 9.6611924e-02 5.1762203e-05 2.0681595e-04
 1.8748809e-03 2.1540359e-02]",[9.9052018e-01 8.6332770e-04 2.9052359e-03 5.7112835e-03],[0.95041156 0.04958842],"[1.1826994e-08 1.7547208e-06 2.6560840e-03 2.6484033e-01 6.4951092e-01
 8.1970595e-02 1.0114468e-03 8.6539239e-06 2.1720200e-07]",0,White,20-39
/scratch/project_462000771/mengting/projects/bias/kolors/prompt2/selected_faces/detected_angry/angry_person_0892_face0.png,Indian,White,Male,70+,"[0.27908012 0.01352507 0.07411563 0.00475741 0.05280171 0.32809463
 0.24762537]",[9.4124043e-01 6.9205120e-04 4.0755399e-02 1.7312143e-02],[0.96770465 0.03229531],"[1.4905303e-04 8.7687926e-04 1.9357080e-03 2.8442063e-03 4.3594977e-03
 1.6289094e-02 9.8760277e-02 2.6027960e-01 6.1450565e-01]",0,Others,60+
/scratch/project_462000771/mengting/projects/bias/kolors/prompt2/selected_faces/detected_angry/angry_person_0893_face0.png,Middle Eastern,White,Male,30-39,"[3.4787938e-01 1.1552272e-02 2.0417184e-01 6.6429231e-05 4.9994577e-04
 3.6648151e-02 3.9918190e-01]",[0.82245797 0.09687256 0.00208023 0.0785892 ],[0.56769407 0.432306  ],"[8.9965027e-07 3.3954078e-05 2.0878608e-03 7.5592674e-02 5.0569570e-01
 3.7169388e-01 4.2838883e-02 1.9534400e-03 1.0274074e-04]",1,White,20-39
/scratch/project_462000771/mengting/projects/bias/kolors/prompt2/selected_faces/detected_angry/angry_person_0894_face0.png,Indian,Asian,Male,70+,"[0.02858169 0.02952905 0.04812792 0.00715763 0.2669499  0.5939272
 0.02572659]",[0.43742114 0.00074213 0.5196522  0.04218454],[0.9300629 0.0699371],"[2.5918434e-06 2.9475328e-05 1.1837682e-04 3.0223923e-04 5.6062557e-04
 3.1492319e-03 1.7462078e-02 1.3098186e-01 8.4739351e-01]",0,Others,60+
/scratch/project_462000771/mengting/projects/bias/kolors/prompt2/selected_faces/detected_angry/angry_person_0895_face0.png,White,White,Male,50-59,"[6.7090076e-01 8.8085150e-03 1.7144427e-01 1.7999353e-04 4.9728709e-03
 7.1909152e-02 7.1784474e-02]",[0.9728014  0.00376522 0.01250733 0.01092608],[9.9983352e-01 1.6656167e-04],"[5.9717399e-06 3.1040330e-05 6.1556528e-04 6.2243161e-03 6.0296286e-02
 3.3616826e-01 5.7289642e-01 2.2501532e-02 1.2604945e-03]",0,White,40-59
/scratch/project_462000771/mengting/projects/bias/kolors/prompt2/selected_faces/detected_angry/angry_person_0896_face0.png,White,Asian,Male,50-59,"[0.30289763 0.00956894 0.24904132 0.00467743 0.11919373 0.25708452
 0.0575365 ]",[0.33053562 0.04185094 0.5274729  0.10014053],[0.9678705  0.03212951],"[4.9130944e-05 4.8036626e-04 2.5079960e-03 2.9564169e-03 2.0550728e-02
 1.4021209e-01 4.4367209e-01 2.7183211e-01 1.1773914e-01]",0,White,40-59
/scratch/project_462000771/mengting/projects/bias/kolors/prompt2/selected_faces/detected_angry/angry_person_0897_face0.png,Indian,Indian,Male,30-39,"[0.2514367  0.19217698 0.06086945 0.00092099 0.00443708 0.4300071
 0.06015163]",[0.06289674 0.08566443 0.0382353  0.8132036 ],[0.94324166 0.05675839],"[8.0901962e-05 2.2203571e-03 2.2302579e-02 2.1913174e-01 3.1818488e-01
 2.5297776e-01 1.0165287e-01 6.0401119e-02 2.3047745e-02]",0,Others,20-39
/scratch/project_462000771/mengting/projects/bias/kolors/prompt2/selected_faces/detected_angry/angry_person_0898_face0.png,Black,Indian,Male,60-69,"[0.01277978 0.72305673 0.02821089 0.00408194 0.03052634 0.18729451
 0.01404983]",[0.02351498 0.07705151 0.3921856  0.50724787],[0.9261687  0.07383128],"[3.82875878e-05 1.78260336e-04 3.29433678e-04 4.36901161e-03
 2.79175043e-02 1.00049995e-01 2.75733411e-01 3.01197350e-01
 2.90186763e-01]",0,Black,60+
/scratch/project_462000771/mengting/projects/bias/kolors/prompt2/selected_faces/detected_angry/angry_person_0899_face0.png,White,White,Male,50-59,"[5.1717818e-01 6.2681749e-02 2.6623722e-02 1.5147634e-04 1.1863695e-03
 3.2058965e-02 3.6011955e-01]",[0.9346372  0.03976147 0.01789585 0.00770549],[0.9985454  0.00145462],"[1.8446019e-05 4.5148554e-05 2.3182124e-04 2.4009449e-03 4.6206627e-02
 3.2801872e-01 5.1136023e-01 8.9278691e-02 2.2439323e-02]",0,White,40-59
/scratch/project_462000771/mengting/projects/bias/kolors/prompt2/selected_faces/detected_angry/angry_person_0900_face0.png,Indian,Asian,Male,40-49,"[0.03491886 0.09521968 0.29098615 0.00094775 0.02354741 0.49044922
 0.0639309 ]",[0.24218063 0.07475642 0.3768816  0.30618128],[0.97256154 0.02743843],"[1.6924965e-05 1.7772881e-04 1.9894540e-03 1.4381787e-02 1.6716717e-01
 4.9231777e-01 2.7298975e-01 4.4606876e-02 6.3525713e-03]",0,Others,40-59
/scratch/project_462000771/mengting/projects/bias/kolors/prompt2/selected_faces/detected_angry/angry_person_0901_face0.png,White,White,Male,60-69,"[0.8693552  0.00329559 0.030451   0.00090427 0.01312618 0.0202657
 0.06260215]",[8.2179475e-01 5.2945380e-04 1.4477932e-01 3.2896399e-02],[9.995183e-01 4.817063e-04],"[6.3671127e-05 1.7262950e-04 1.0692696e-03 2.3846666e-03 5.9295278e-03
 2.7937770e-02 2.3998499e-01 4.5796078e-01 2.6449668e-01]",0,White,60+
/scratch/project_462000771/mengting/projects/bias/kolors/prompt2/selected_faces/detected_angry/angry_person_0902_face0.png,White,White,Male,40-49,"[8.2872230e-01 2.4954749e-02 3.8479235e-02 1.3261978e-04 1.3201610e-03
 1.4868440e-02 9.1522537e-02]",[0.98117125 0.00169988 0.00671    0.01041882],[0.99696684 0.00303317],"[8.3526938e-06 6.9514732e-05 6.7047909e-04 1.5761524e-02 1.7202781e-01
 4.8978335e-01 2.9839572e-01 1.9932970e-02 3.3503359e-03]",0,White,40-59
/scratch/project_462000771/mengting/projects/bias/kolors/prompt2/selected_faces/detected_angry/angry_person_0903_face0.png,White,White,Male,50-59,"[0.82353914 0.02382126 0.04610876 0.00090899 0.01012179 0.03179106
 0.06370904]",[9.3329525e-01 5.2880769e-04 6.4079903e-02 2.0960644e-03],[0.99139905 0.00860095],"[4.4583085e-06 2.3774041e-05 2.4411618e-04 4.3349229e-03 4.9060792e-02
 2.7106363e-01 5.0820833e-01 1.1659203e-01 5.0467983e-02]",0,White,40-59
/scratch/project_462000771/mengting/projects/bias/kolors/prompt2/selected_faces/detected_angry/angry_person_0904_face0.png,White,White,Male,20-29,"[9.8115462e-01 3.2560776e-05 2.2751756e-03 7.1137147e-03 2.8240618e-03
 1.8556957e-04 6.4143711e-03]",[9.8340952e-01 1.9169192e-05 1.5499280e-02 1.0721327e-03],[0.9977346  0.00226541],"[2.1218991e-06 5.4827007e-05 5.0362842e-03 4.9461970e-01 4.3403751e-01
 6.4622067e-02 1.5641782e-03 5.6970443e-05 6.3644243e-06]",0,White,20-39
/scratch/project_462000771/mengting/projects/bias/kolors/prompt2/selected_faces/detected_angry/angry_person_0905_face0.png,White,White,Male,50-59,"[0.90993726 0.00349836 0.02098085 0.00957098 0.02700881 0.00496719
 0.02403656]",[8.6089158e-01 3.9081293e-04 1.3562420e-01 3.0934317e-03],[0.99604553 0.00395449],"[2.3964405e-05 2.6005192e-04 3.0246340e-03 2.0598911e-02 5.8986019e-02
 2.6261878e-01 5.1029104e-01 1.0980808e-01 3.4388427e-02]",0,White,40-59
/scratch/project_462000771/mengting/projects/bias/kolors/prompt2/selected_faces/detected_angry/angry_person_0906_face0.png,White,Asian,Male,30-39,"[0.4300645  0.08808815 0.27953368 0.02592037 0.09251049 0.02037531
 0.06350755]",[0.04356178 0.01427938 0.8652876  0.07687126],[0.7687005  0.23129952],"[4.3613189e-05 2.1112240e-03 1.5720824e-02 2.1229534e-01 4.2185226e-01
 2.6292327e-01 6.0904086e-02 1.7398059e-02 6.7513580e-03]",0,White,20-39
/scratch/project_462000771/mengting/projects/bias/kolors/prompt2/selected_faces/detected_angry/angry_person_0907_face0.png,White,White,Female,40-49,"[7.3824179e-01 4.5745573e-03 1.9221309e-01 6.6297456e-05 1.1546535e-03
 2.3185598e-02 4.0564109e-02]",[9.9146724e-01 3.3955349e-04 1.5920064e-03 6.6012582e-03],[0.02365113 0.9763489 ],"[4.3910622e-06 6.7644636e-05 6.6750351e-04 6.4223292e-03 9.1282159e-02
 4.1824928e-01 3.0639982e-01 1.3545083e-01 4.1456025e-02]",0,White,40-59
/scratch/project_462000771/mengting/projects/bias/kolors/prompt2/selected_faces/detected_angry/angry_person_0908_face0.png,Indian,Indian,Male,70+,"[4.0271593e-04 1.6793169e-02 4.9146623e-03 6.4936125e-05 6.4380025e-03
 9.6920145e-01 2.1851338e-03]",[1.5793496e-04 4.2466588e-02 1.9533401e-02 9.3784207e-01],[0.99811494 0.00188509],"[1.5292339e-05 1.1160933e-04 5.5869867e-04 3.8350979e-04 5.1969918e-04
 3.9529414e-03 5.0867841e-02 4.5515680e-01 4.8843360e-01]",0,Others,60+
/scratch/project_462000771/mengting/projects/bias/kolors/prompt2/selected_faces/detected_angry/angry_person_0909_face0.png,White,Asian,Male,20-29,"[0.54220146 0.00391473 0.22377263 0.05171541 0.06567509 0.01064421
 0.10207647]",[0.39976808 0.00621047 0.5887298  0.0052917 ],[0.9941498  0.00585021],"[1.7875088e-06 3.3523556e-04 5.6794196e-02 6.6361618e-01 2.5685498e-01
 2.1746449e-02 6.2040158e-04 2.8476319e-05 2.2298857e-06]",0,White,20-39
/scratch/project_462000771/mengting/projects/bias/kolors/prompt2/selected_faces/detected_angry/angry_person_0910_face0.png,Latino_Hispanic,White,Male,40-49,"[0.34517422 0.02617079 0.459157   0.00158539 0.03672652 0.10051142
 0.03067468]",[0.72689366 0.03835252 0.08834256 0.14641128],[9.9977368e-01 2.2630519e-04],"[1.7603561e-06 1.1374285e-05 4.0745572e-04 3.1543355e-02 2.9491344e-01
 5.2594209e-01 1.4290981e-01 4.0262309e-03 2.4442596e-04]",1,Others,40-59
/scratch/project_462000771/mengting/projects/bias/kolors/prompt2/selected_faces/detected_angry/angry_person_0912_face0.png,White,White,Male,40-49,"[0.481694   0.03532127 0.18892698 0.00946269 0.043489   0.15119468
 0.0899114 ]",[0.7572279  0.01240936 0.09793311 0.13242961],[0.992003   0.00799701],"[1.5819754e-04 5.5708428e-04 1.7593945e-03 7.2020320e-03 8.1176877e-02
 4.8022389e-01 3.7568238e-01 4.7890242e-02 5.3499192e-03]",1,White,40-59
/scratch/project_462000771/mengting/projects/bias/kolors/prompt2/selected_faces/detected_angry/angry_person_0913_face0.png,White,White,Male,30-39,"[9.77688372e-01 1.18321026e-04 1.64399594e-02 1.36479983e-04
 4.12940397e-04 6.44836284e-04 4.55890456e-03]",[9.9666697e-01 4.7001813e-05 2.9192651e-03 3.6667747e-04],[9.9990672e-01 9.3245726e-05],"[8.4242082e-08 3.2565508e-06 1.4273569e-03 2.7476120e-01 6.4658076e-01
 7.6228686e-02 9.8874408e-04 9.6267595e-06 2.9169911e-07]",0,White,20-39
/scratch/project_462000771/mengting/projects/bias/kolors/prompt2/selected_faces/detected_angry/angry_person_0914_face0.png,Black,Black,Male,40-49,"[1.1348367e-03 9.7396213e-01 5.6167664e-03 5.9025467e-04 1.6873140e-03
 1.6174022e-02 8.3467673e-04]",[0.03231163 0.68160915 0.12622839 0.15985076],[0.91941255 0.08058745],"[9.8188375e-06 3.4354638e-05 1.9878788e-04 7.7088936e-03 1.6357206e-01
 4.8506668e-01 3.1187919e-01 2.8703466e-02 2.8268097e-03]",0,Black,40-59
/scratch/project_462000771/mengting/projects/bias/kolors/prompt2/selected_faces/detected_angry/angry_person_0915_face0.png,Black,Black,Male,60-69,"[3.5883494e-02 7.6089776e-01 1.4852795e-02 4.7497774e-04 2.4605931e-03
 7.7232808e-02 1.0819762e-01]",[0.0783409  0.44773343 0.12702063 0.34690508],[0.99007106 0.00992894],"[1.3547345e-05 4.6916972e-05 1.8189751e-04 1.5517354e-03 8.1686005e-03
 6.1739877e-02 3.1079593e-01 4.3979773e-01 1.7770386e-01]",0,Black,60+
/scratch/project_462000771/mengting/projects/bias/kolors/prompt2/selected_faces/detected_angry/angry_person_0916_face0.png,White,White,Male,30-39,"[8.1246120e-01 4.6504018e-04 9.1252781e-02 2.1645585e-04 1.0053641e-03
 5.3675058e-03 8.9231573e-02]",[9.9504137e-01 5.4634997e-04 2.7641465e-03 1.6481902e-03],[0.99799055 0.00200946],"[1.6103930e-07 3.8804224e-06 9.7178610e-04 2.3723239e-01 6.9002521e-01
 7.0924848e-02 8.3206041e-04 9.4243514e-06 2.9186074e-07]",0,White,20-39
/scratch/project_462000771/mengting/projects/bias/kolors/prompt2/selected_faces/detected_angry/angry_person_0917_face0.png,White,White,Male,40-49,"[8.5799998e-01 1.3481149e-03 6.8891458e-02 9.0559493e-05 1.3402569e-03
 4.0604241e-02 2.9725390e-02]",[0.6599422  0.02069491 0.05557961 0.26378328],[0.9981533  0.00184662],"[2.7688629e-05 1.9570263e-03 2.7113879e-02 1.8299392e-01 3.6608785e-01
 3.7598509e-01 4.3172676e-02 2.3795883e-03 2.8223058e-04]",0,White,40-59
/scratch/project_462000771/mengting/projects/bias/kolors/prompt2/selected_faces/detected_angry/angry_person_0918_face0.png,Indian,Indian,Male,70+,"[9.2779403e-04 3.1780630e-01 9.3102260e-03 6.0423551e-04 2.1616017e-02
 6.4629889e-01 3.4365968e-03]",[0.0028032  0.47675642 0.01787445 0.50256586],[9.9917793e-01 8.2204147e-04],"[7.5188650e-06 3.0597756e-05 6.8069363e-05 1.0721010e-04 2.4630356e-04
 2.3766174e-03 3.6078062e-02 4.4692275e-01 5.1416284e-01]",0,Others,60+
/scratch/project_462000771/mengting/projects/bias/kolors/prompt2/selected_faces/detected_angry/angry_person_0919_face0.png,White,Asian,Male,40-49,"[0.70798963 0.03558204 0.08718378 0.00216656 0.01129558 0.06781714
 0.08796531]",[0.17805855 0.09729256 0.43081215 0.29383674],[0.9853325  0.01466754],"[3.1074844e-06 1.0542443e-05 2.9280348e-04 3.3302248e-02 1.9279292e-01
 3.9535767e-01 2.8129315e-01 7.0882432e-02 2.6065148e-02]",0,White,40-59
/scratch/project_462000771/mengting/projects/bias/kolors/prompt2/selected_faces/detected_angry/angry_person_0920_face0.png,White,White,Male,20-29,"[9.8585206e-01 2.8766339e-05 6.8583665e-03 1.2078778e-05 4.1374056e-05
 3.5156237e-04 6.8556527e-03]",[9.9763775e-01 2.2705774e-04 2.0303077e-04 1.9321912e-03],[9.994814e-01 5.185992e-04],"[3.1009222e-07 1.5388564e-04 9.2438526e-02 7.7659792e-01 1.2474702e-01
 6.0232077e-03 3.8489503e-05 6.0433410e-07 2.4411376e-08]",1,White,20-39
/scratch/project_462000771/mengting/projects/bias/kolors/prompt2/selected_faces/detected_angry/angry_person_0921_face0.png,White,White,Female,50-59,"[8.7605757e-01 3.2856021e-04 2.4576135e-02 1.2425625e-03 5.9009087e-03
 4.6301158e-03 8.7264195e-02]",[7.41674900e-01 1.14178954e-04 2.57223964e-01 9.86942207e-04],[0.46995828 0.5300417 ],"[8.5253287e-06 6.4142550e-05 5.8575568e-04 5.0659017e-03 2.6014753e-02
 1.3637479e-01 3.1663373e-01 2.4954639e-01 2.6570600e-01]",0,White,40-59
/scratch/project_462000771/mengting/projects/bias/kolors/prompt2/selected_faces/detected_angry/angry_person_0922_face0.png,White,White,Female,40-49,"[0.6748911  0.00247591 0.22986263 0.00335679 0.00455632 0.01419531
 0.07066197]",[9.86527979e-01 7.63559074e-04 1.09926835e-02 1.71582191e-03],[0.03286735 0.9671326 ],"[5.1599618e-05 1.0439560e-03 5.8755991e-03 7.4748859e-02 2.8743783e-01
 4.5697674e-01 1.4269325e-01 2.7929513e-02 3.2426913e-03]",0,White,40-59
/scratch/project_462000771/mengting/projects/bias/kolors/prompt2/selected_faces/detected_angry/angry_person_0924_face0.png,White,White,Male,30-39,"[9.9067444e-01 7.2552146e-05 5.7828128e-03 5.2887903e-05 1.0577433e-04
 8.0435537e-05 3.2310630e-03]",[9.9433059e-01 1.4304843e-05 5.4899845e-03 1.6507682e-04],[0.9900908  0.00990917],"[1.2635700e-08 6.8359208e-07 8.6460012e-04 3.0533224e-01 6.1895561e-01
 7.3990479e-02 8.5034245e-04 5.8169862e-06 2.6094696e-07]",0,White,20-39
/scratch/project_462000771/mengting/projects/bias/kolors/prompt2/selected_faces/detected_angry/angry_person_0925_face0.png,White,White,Female,40-49,"[0.41589037 0.00304602 0.2705837  0.00076527 0.00425329 0.01602519
 0.28943613]",[9.8164910e-01 5.1689526e-04 3.2162527e-03 1.4617708e-02],[0.07309702 0.926903  ],"[0.00047075 0.01455042 0.01275354 0.02358271 0.16065583 0.448831
 0.2931266  0.04186294 0.0041662 ]",0,White,40-59
/scratch/project_462000771/mengting/projects/bias/kolors/prompt2/selected_faces/detected_angry/angry_person_0926_face0.png,White,White,Male,40-49,"[9.5651090e-01 4.3198085e-04 2.2854658e-02 1.1539699e-04 1.3434483e-03
 1.5707474e-02 3.0361703e-03]",[0.9051533  0.00204509 0.07451433 0.01828739],[9.9985087e-01 1.4917451e-04],"[5.9750568e-07 1.5727504e-05 8.0845086e-04 3.1318642e-02 2.7958953e-01
 5.5302674e-01 1.3279361e-01 2.3144563e-03 1.3220636e-04]",0,White,40-59
/scratch/project_462000771/mengting/projects/bias/kolors/prompt2/selected_faces/detected_angry/angry_person_0927_face0.png,White,White,Female,20-29,"[6.4378828e-01 1.0914511e-04 4.0867452e-02 1.9444076e-05 3.2823165e-05
 1.4357804e-03 3.1374702e-01]",[9.9906462e-01 1.0327050e-04 2.0982043e-04 6.2225317e-04],[0.01321364 0.98678637],"[8.3229828e-08 9.0069458e-05 3.9148130e-02 7.1974260e-01 2.3176497e-01
 9.1743451e-03 7.8386955e-05 1.3684584e-06 3.0981330e-08]",0,White,20-39
/scratch/project_462000771/mengting/projects/bias/kolors/prompt2/selected_faces/detected_angry/angry_person_0928_face0.png,Black,Indian,Male,50-59,"[3.4598216e-02 6.9280434e-01 3.8373932e-02 4.7086744e-04 1.0725822e-02
 2.1292485e-01 1.0101927e-02]",[0.03174928 0.09702396 0.3991382  0.47208858],[0.9985224  0.00147755],"[1.35179425e-05 9.57932352e-05 5.34071994e-04 1.88283995e-03
 1.33904787e-02 1.06973372e-01 3.75970006e-01 3.69703650e-01
 1.31436303e-01]",0,Black,40-59
/scratch/project_462000771/mengting/projects/bias/kolors/prompt2/selected_faces/detected_angry/angry_person_0929_face0.png,Latino_Hispanic,White,Male,40-49,"[3.6773568e-01 1.0696318e-01 3.7411496e-01 7.3915224e-05 2.6821899e-03
 8.2738556e-02 6.5691538e-02]",[9.9202120e-01 2.4811439e-03 7.9199765e-04 4.7056964e-03],[9.9969184e-01 3.0818695e-04],"[1.68231600e-06 1.15067778e-05 2.37511020e-04 1.22233145e-02
 3.07278842e-01 5.63728154e-01 1.14562511e-01 1.89328648e-03
 6.31357543e-05]",0,Others,40-59
/scratch/project_462000771/mengting/projects/bias/kolors/prompt2/selected_faces/detected_angry/angry_person_0930_face0.png,White,White,Male,30-39,"[9.6880603e-01 1.0739459e-03 1.0026698e-02 2.1687603e-05 3.4789421e-04
 8.3166972e-04 1.8892042e-02]",[9.9906546e-01 1.9290941e-04 2.2982815e-04 5.1178277e-04],[9.9971491e-01 2.8510674e-04],"[7.2633367e-07 1.3259816e-05 6.2401191e-04 5.4093406e-02 5.0347912e-01
 4.1906828e-01 2.2526443e-02 1.8712252e-04 7.5486391e-06]",1,White,20-39
/scratch/project_462000771/mengting/projects/bias/kolors/prompt2/selected_faces/detected_angry/angry_person_0931_face0.png,Black,Indian,Male,30-39,"[0.20697574 0.3589146  0.18726185 0.00180171 0.01186444 0.17629924
 0.05688234]",[0.0866686  0.18787675 0.16938017 0.5560745 ],[9.9957418e-01 4.2585537e-04],"[5.4495295e-06 1.5320360e-04 4.3526930e-03 1.4122234e-01 4.1505802e-01
 3.4490418e-01 8.7927841e-02 5.8724969e-03 5.0379115e-04]",0,Black,20-39
/scratch/project_462000771/mengting/projects/bias/kolors/prompt2/selected_faces/detected_angry/angry_person_0932_face0.png,White,White,Male,30-39,"[8.9966863e-01 1.5946433e-03 8.1521839e-02 3.6886348e-05 3.0246560e-04
 8.7456200e-03 8.1298798e-03]",[0.8502545  0.00643956 0.11475906 0.02854693],[0.857972   0.14202794],"[3.54603429e-07 9.66674270e-06 1.10882649e-03 1.02564335e-01
 5.83495975e-01 2.73421884e-01 3.84595431e-02 8.89133778e-04
 5.03269803e-05]",1,White,20-39
/scratch/project_462000771/mengting/projects/bias/kolors/prompt2/selected_faces/detected_angry/angry_person_0933_face0.png,White,White,Male,40-49,"[0.68236935 0.01701317 0.08354894 0.00469056 0.06852565 0.05697533
 0.08687707]",[0.57536864 0.02143477 0.19437282 0.2088238 ],[0.99446815 0.00553186],"[7.1966233e-06 9.3767238e-05 1.7669072e-03 4.2108260e-02 1.7891206e-01
 3.9040387e-01 2.8159240e-01 7.1482353e-02 3.3633169e-02]",0,White,40-59
/scratch/project_462000771/mengting/projects/bias/kolors/prompt2/selected_faces/detected_angry/angry_person_0934_face0.png,Indian,Indian,Male,50-59,"[5.57580497e-03 4.76070940e-02 1.03197053e-01 5.16916334e-04
 1.53574655e-02 7.85680175e-01 4.20654602e-02]",[0.00730348 0.01561295 0.01726829 0.95981526],[0.99856234 0.00143766],"[5.98214283e-05 3.77035118e-04 2.25644163e-03 7.30228517e-03
 3.10800131e-02 1.70832932e-01 3.60330909e-01 3.04263413e-01
 1.23497285e-01]",0,Others,40-59
/scratch/project_462000771/mengting/projects/bias/kolors/prompt2/selected_faces/detected_angry/angry_person_0935_face0.png,Indian,White,Female,70+,"[0.03431384 0.0141858  0.23782177 0.00193436 0.0286196  0.60332924
 0.07979545]",[0.9488751  0.00538084 0.01267734 0.03306664],[0.12474536 0.8752547 ],"[2.26648684e-04 1.49323198e-03 1.57445041e-03 9.77214542e-04
 3.78642790e-03 1.47418715e-02 6.26438856e-02 2.21694559e-01
 6.92861676e-01]",0,Others,60+
/scratch/project_462000771/mengting/projects/bias/kolors/prompt2/selected_faces/detected_angry/angry_person_0936_face0.png,White,White,Male,30-39,"[8.6571521e-01 1.4676705e-04 9.2863396e-02 2.8509524e-04 1.3975340e-03
 1.0913747e-02 2.8678251e-02]",[9.9248809e-01 1.3608118e-05 3.7552023e-03 3.7431384e-03],[0.73862326 0.2613767 ],"[6.92983861e-07 5.12171064e-05 8.89273826e-03 3.39952797e-01
 4.80467916e-01 1.59452155e-01 1.06316125e-02 4.83918528e-04
 6.70114387e-05]",0,White,20-39
/scratch/project_462000771/mengting/projects/bias/kolors/prompt2/selected_faces/detected_angry/angry_person_0937_face0.png,White,White,Male,30-39,"[9.4589478e-01 6.7946130e-05 4.1794628e-02 4.7044872e-04 9.7725214e-04
 2.6552044e-03 8.1396122e-03]",[9.98464167e-01 4.36897153e-06 1.41247839e-03 1.18958815e-04],[9.9945819e-01 5.4184784e-04],"[4.5758533e-08 9.0726547e-07 6.5743882e-04 2.1647157e-01 6.8521798e-01
 9.6654005e-02 9.8936411e-04 8.5746833e-06 2.0154928e-07]",1,White,20-39
/scratch/project_462000771/mengting/projects/bias/kolors/prompt2/selected_faces/detected_angry/angry_person_0938_face0.png,Indian,Indian,Male,70+,"[5.0883861e-03 1.3397934e-01 6.1534807e-02 5.2710192e-04 2.3292923e-02
 7.6528484e-01 1.0292600e-02]",[0.3236118  0.04339825 0.12292252 0.5100674 ],[0.9895327  0.01046731],"[9.7629782e-06 7.6247808e-05 2.7757592e-04 4.9476663e-04 2.4677038e-03
 2.4570044e-02 1.4174239e-01 3.8356307e-01 4.4679844e-01]",0,Others,60+
/scratch/project_462000771/mengting/projects/bias/kolors/prompt2/selected_faces/detected_angry/angry_person_0939_face0.png,Indian,Asian,Male,50-59,"[0.04858719 0.03885548 0.07984328 0.00232039 0.15817998 0.649391
 0.02282269]",[0.02002714 0.00212383 0.932088   0.04576101],[0.9958266  0.00417339],"[6.0263988e-06 5.7211928e-05 6.4807042e-04 5.5241655e-03 2.8284458e-02
 1.6408409e-01 3.3331114e-01 3.0134192e-01 1.6674298e-01]",0,Others,40-59
/scratch/project_462000771/mengting/projects/bias/kolors/prompt2/selected_faces/detected_angry/angry_person_0940_face0.png,White,White,Male,30-39,"[6.6351748e-01 2.9040687e-03 2.7339751e-01 5.0403987e-04 2.0922583e-03
 1.8330347e-02 3.9254364e-02]",[9.8018920e-01 1.0631882e-03 5.0425017e-04 1.8243385e-02],[0.98725384 0.01274619],"[2.2710525e-07 1.7293256e-05 1.1517324e-02 4.4853425e-01 4.9141484e-01
 4.7595069e-02 8.8530296e-04 3.3579316e-05 2.1049129e-06]",0,White,20-39
/scratch/project_462000771/mengting/projects/bias/kolors/prompt2/selected_faces/detected_angry/angry_person_0941_face0.png,White,White,Male,40-49,"[0.7019037  0.09314899 0.09289326 0.00662225 0.00732919 0.00840916
 0.08969343]",[0.6365785  0.18873543 0.08194683 0.09273919],[0.97614115 0.0238588 ],"[5.9570379e-05 2.2056795e-04 8.6707267e-04 1.7659752e-02 1.1597951e-01
 3.9948738e-01 3.8053733e-01 7.2933584e-02 1.2255271e-02]",0,White,40-59
/scratch/project_462000771/mengting/projects/bias/kolors/prompt2/selected_faces/detected_angry/angry_person_0942_face0.png,Indian,Indian,Male,70+,"[0.09186138 0.1509658  0.03728409 0.0012189  0.02212413 0.6529325
 0.04361309]",[0.17149152 0.2409092  0.2834411  0.30415818],[0.9559599  0.04404008],"[9.1432248e-06 4.8845388e-05 1.4122948e-04 7.2056509e-04 2.3224382e-03
 1.3206576e-02 5.9647113e-02 2.8176668e-01 6.4213747e-01]",0,Others,60+
/scratch/project_462000771/mengting/projects/bias/kolors/prompt2/selected_faces/detected_angry/angry_person_0943_face0.png,Indian,Indian,Male,50-59,"[1.3203731e-02 2.5196695e-01 1.2509345e-01 3.4680148e-04 1.6682545e-02
 5.7614100e-01 1.6565563e-02]",[0.05035335 0.16093977 0.22591656 0.56279033],[9.9943328e-01 5.6676177e-04],"[1.7369453e-05 1.4659645e-04 1.4892336e-03 8.8440171e-03 4.9005564e-02
 2.8640419e-01 4.0347543e-01 1.8409000e-01 6.6527635e-02]",0,Others,40-59
/scratch/project_462000771/mengting/projects/bias/kolors/prompt2/selected_faces/detected_angry/angry_person_0944_face0.png,Black,Indian,Male,50-59,"[1.0940377e-01 6.7003757e-01 2.4039062e-02 8.6482112e-05 1.5271592e-03
 1.4215377e-01 5.2752178e-02]",[0.07184649 0.31019852 0.03798444 0.57997054],[9.9915987e-01 8.4007025e-04],"[3.9336272e-05 2.0383834e-04 7.8563759e-04 2.2420906e-03 1.2650010e-02
 8.8386707e-02 4.7712946e-01 3.3968836e-01 7.8874610e-02]",0,Black,40-59
/scratch/project_462000771/mengting/projects/bias/kolors/prompt2/selected_faces/detected_angry/angry_person_0945_face0.png,Latino_Hispanic,Asian,Female,70+,"[0.03877909 0.00720062 0.45801976 0.02136286 0.27974695 0.16539545
 0.02949524]",[3.3461601e-02 8.5229822e-04 9.6169299e-01 3.9930507e-03],[0.11869875 0.8813013 ],"[1.5433561e-05 7.8331723e-05 1.4373977e-04 1.1368003e-04 8.1150647e-04
 4.2134053e-03 3.7066747e-02 2.8384012e-01 6.7371702e-01]",1,Others,60+
/scratch/project_462000771/mengting/projects/bias/kolors/prompt2/selected_faces/detected_angry/angry_person_0946_face0.png,Black,Asian,Male,30-39,"[0.02628584 0.65778774 0.24036698 0.00067804 0.0143111  0.04975691
 0.01081341]",[0.02623239 0.05884879 0.9076465  0.00727227],[9.9977034e-01 2.2968589e-04],"[3.5245711e-07 7.1232216e-06 1.0546594e-03 7.8076437e-02 5.3839111e-01
 3.5330132e-01 2.8106757e-02 1.0089932e-03 5.3119064e-05]",0,Black,20-39
/scratch/project_462000771/mengting/projects/bias/kolors/prompt2/selected_faces/detected_angry/angry_person_0947_face0.png,White,White,Male,50-59,"[0.44543225 0.3874064  0.07107407 0.00180937 0.00610801 0.01273292
 0.07543694]",[0.8949967  0.08061317 0.01542832 0.00896184],[9.9966776e-01 3.3221091e-04],"[1.3961261e-05 5.2248986e-05 4.6921108e-04 9.5893871e-03 9.1633178e-02
 4.0485492e-01 4.5417365e-01 3.5015572e-02 4.1978299e-03]",0,White,40-59
/scratch/project_462000771/mengting/projects/bias/kolors/prompt2/selected_faces/detected_angry/angry_person_0948_face0.png,Middle Eastern,Indian,Male,60-69,"[7.3034160e-02 2.7969360e-02 6.0395252e-02 5.3204608e-04 4.4921911e-03
 8.5346594e-02 7.4823040e-01]",[0.1667245  0.17312008 0.03889363 0.6212617 ],[9.9943900e-01 5.6096906e-04],"[4.96662542e-05 4.60673837e-05 1.45054684e-04 4.06073028e-04
 3.21295648e-03 4.13230322e-02 4.13344502e-01 4.28504139e-01
 1.12968534e-01]",0,Others,60+
/scratch/project_462000771/mengting/projects/bias/kolors/prompt2/selected_faces/detected_angry/angry_person_0949_face0.png,White,White,Male,50-59,"[0.34691527 0.3276964  0.07235704 0.00187637 0.01648029 0.1179909
 0.11668375]",[0.95571953 0.02577252 0.01040382 0.00810412],[0.99899346 0.00100653],"[5.2661708e-06 2.9028542e-05 2.6674184e-04 5.5306549e-03 7.4422456e-02
 4.0611219e-01 4.0960163e-01 8.8476375e-02 1.5555692e-02]",0,White,40-59
/scratch/project_462000771/mengting/projects/bias/kolors/prompt2/selected_faces/detected_angry/angry_person_0950_face0.png,White,White,Male,30-39,"[9.7876078e-01 2.9251992e-04 1.5386500e-02 1.7369501e-04 1.0642939e-03
 6.2700285e-04 3.6953015e-03]",[9.9585253e-01 4.0836196e-05 3.5288355e-03 5.7784904e-04],[0.9914253  0.00857475],"[5.0322853e-08 3.0996125e-06 1.9446646e-03 2.7482599e-01 5.8996296e-01
 1.2803499e-01 5.1317047e-03 8.9735098e-05 6.8646068e-06]",0,White,20-39
/scratch/project_462000771/mengting/projects/bias/kolors/prompt2/selected_faces/detected_angry/angry_person_0951_face0.png,Middle Eastern,Indian,Male,60-69,"[0.06011524 0.1317927  0.16957584 0.00075404 0.01573218 0.22442228
 0.39760765]",[0.15559527 0.04802289 0.2074783  0.58890355],[9.9988800e-01 1.1191701e-04],"[2.06198711e-05 4.35584880e-05 3.36812140e-04 6.70729845e-04
 2.59599346e-03 2.30150111e-02 3.74583691e-01 4.77253944e-01
 1.21479616e-01]",0,Others,60+
/scratch/project_462000771/mengting/projects/bias/kolors/prompt2/selected_faces/detected_angry/angry_person_0952_face0.png,Indian,Indian,Male,60-69,"[0.0079007  0.21360898 0.1519047  0.00318213 0.06063862 0.5554082
 0.00735667]",[0.04226648 0.22927856 0.17037253 0.55808246],[0.98468834 0.01531167],"[4.2682444e-05 3.3042510e-04 8.2344725e-04 1.1288519e-03 6.3039092e-03
 4.4717256e-02 1.4479072e-01 4.0432522e-01 3.9753750e-01]",0,Others,60+
/scratch/project_462000771/mengting/projects/bias/kolors/prompt2/selected_faces/detected_angry/angry_person_0953_face0.png,Black,Asian,Male,50-59,"[0.02384219 0.37363115 0.13022567 0.01365927 0.13401352 0.2609611
 0.06366703]",[0.0030219  0.18522197 0.5512523  0.2605039 ],[0.9983584  0.00164157],"[3.6676596e-05 2.0031680e-04 1.0012126e-03 7.8257304e-03 4.7543563e-02
 2.2873880e-01 3.3373412e-01 2.5380492e-01 1.2711465e-01]",0,Black,40-59
/scratch/project_462000771/mengting/projects/bias/kolors/prompt2/selected_faces/detected_angry/angry_person_0955_face0.png,White,White,Male,30-39,"[9.5800996e-01 9.5071306e-04 1.9259838e-02 4.2619239e-04 2.7873921e-03
 8.0896355e-03 1.0476311e-02]",[0.69028986 0.03683566 0.16556887 0.10730562],[9.995055e-01 4.944648e-04],"[9.3634576e-08 7.2250491e-06 3.2193342e-03 3.7927464e-01 5.0461918e-01
 1.0939061e-01 3.4129743e-03 7.0651498e-05 5.3354993e-06]",0,White,20-39
/scratch/project_462000771/mengting/projects/bias/kolors/prompt2/selected_faces/detected_angry/angry_person_0956_face0.png,White,White,Male,40-49,"[9.3105036e-01 6.9557843e-03 3.5962846e-02 6.7785720e-04 1.6428273e-02
 6.2240949e-03 2.7007910e-03]",[0.8510215  0.01366679 0.11632857 0.018983  ],[9.9989474e-01 1.0521430e-04],"[2.8633244e-06 2.6974083e-05 9.6579693e-04 2.8580490e-02 2.2719242e-01
 4.9219161e-01 2.3813115e-01 1.2016353e-02 8.9240720e-04]",1,White,40-59
/scratch/project_462000771/mengting/projects/bias/kolors/prompt2/selected_faces/detected_angry/angry_person_0957_face0.png,White,Asian,Male,30-39,"[7.1741509e-01 1.4574172e-02 5.1319100e-02 1.0309526e-05 1.1858222e-04
 5.7617947e-03 2.1080093e-01]",[0.0794537  0.22373185 0.42021894 0.27659556],[0.9909135  0.00908648],"[1.6676258e-07 4.9283790e-06 4.2292775e-04 4.7850203e-02 5.5265969e-01
 3.7529343e-01 2.3315897e-02 4.3978621e-04 1.3075926e-05]",0,White,20-39
/scratch/project_462000771/mengting/projects/bias/kolors/prompt2/selected_faces/detected_angry/angry_person_0958_face0.png,White,White,Male,30-39,"[0.6479484  0.04997805 0.13235435 0.00106875 0.00508404 0.03257936
 0.1309871 ]",[0.7397669  0.0036644  0.01816077 0.23840801],[0.9920777  0.00792234],"[5.8954051e-06 2.2081759e-04 5.4295720e-03 2.5140342e-01 5.5222666e-01
 1.7442702e-01 1.5288949e-02 9.0170960e-04 9.6040108e-05]",0,White,20-39
/scratch/project_462000771/mengting/projects/bias/kolors/prompt2/selected_faces/detected_angry/angry_person_0959_face0.png,Middle Eastern,Indian,Male,40-49,"[2.2258921e-01 9.2383228e-02 1.1391385e-01 5.4965312e-05 2.5629951e-03
 1.1594733e-01 4.5254841e-01]",[0.42510176 0.12757179 0.01581603 0.4315104 ],[9.9978149e-01 2.1853294e-04],"[9.7345423e-07 3.5589719e-06 1.0896637e-04 4.8474167e-03 1.3593611e-01
 4.9927178e-01 3.3207443e-01 2.5882782e-02 1.8739100e-03]",0,White,40-59
/scratch/project_462000771/mengting/projects/bias/kolors/prompt2/selected_faces/detected_angry/angry_person_0960_face0.png,White,White,Male,50-59,"[7.3383325e-01 1.3931650e-04 5.1272266e-02 3.9973322e-05 3.3425100e-04
 8.9156963e-03 2.0546527e-01]",[9.9540758e-01 4.8741451e-04 1.5864481e-03 2.5185642e-03],[0.99812406 0.00187594],"[2.0771030e-04 8.5042481e-04 4.0337713e-03 5.5981074e-03 4.0669013e-02
 2.9193869e-01 5.8982867e-01 6.0712706e-02 6.1608404e-03]",0,White,40-59
/scratch/project_462000771/mengting/projects/bias/kolors/prompt2/selected_faces/detected_angry/angry_person_0961_face0.png,White,White,Male,40-49,"[0.56675524 0.05689433 0.20438449 0.00411288 0.09964005 0.0583737
 0.00983928]",[9.80432928e-01 2.86253198e-04 1.41723715e-02 5.10843983e-03],[9.9993920e-01 6.0741848e-05],"[1.6407405e-06 2.5434510e-05 6.9755258e-04 8.7242592e-03 1.4456932e-01
 6.2323689e-01 2.1787858e-01 4.6930709e-03 1.7323297e-04]",0,White,40-59
/scratch/project_462000771/mengting/projects/bias/kolors/prompt2/selected_faces/detected_angry/angry_person_0962_face0.png,Latino_Hispanic,Asian,Male,40-49,"[0.3703934  0.02170114 0.40987635 0.00493436 0.05571708 0.06644337
 0.07093425]",[0.48480105 0.00763347 0.49973398 0.00783146],[0.9912791  0.00872087],"[1.3957866e-06 7.4889981e-06 1.8949463e-04 2.2031577e-02 4.2498061e-01
 4.7967309e-01 7.1812384e-02 1.2388482e-03 6.4960426e-05]",1,Others,40-59
/scratch/project_462000771/mengting/projects/bias/kolors/prompt2/selected_faces/detected_angry/angry_person_0963_face0.png,Indian,Asian,Male,70+,"[0.21339266 0.00574793 0.10905291 0.00821369 0.23511744 0.41553256
 0.01294279]",[0.13650684 0.00682947 0.7529385  0.10372523],[0.8748115  0.12518848],"[1.50876822e-05 1.19186254e-04 4.80212737e-04 1.45992939e-03
 4.62788157e-03 3.30837369e-02 1.69402048e-01 2.97428280e-01
 4.93383676e-01]",0,Others,60+
/scratch/project_462000771/mengting/projects/bias/kolors/prompt2/selected_faces/detected_angry/angry_person_0964_face0.png,White,White,Male,20-29,"[9.0087098e-01 8.4631355e-04 3.7717719e-02 1.7361596e-03 3.9801477e-03
 5.0724898e-03 4.9776144e-02]",[9.9033052e-01 1.3889183e-04 4.1674925e-03 5.3631086e-03],[0.99803394 0.00196608],"[3.3180640e-07 1.4916779e-05 4.1008433e-03 5.8544153e-01 3.6453298e-01
 4.4409379e-02 1.4154941e-03 7.5089440e-05 9.4007019e-06]",0,White,20-39
/scratch/project_462000771/mengting/projects/bias/kolors/prompt2/selected_faces/detected_angry/angry_person_0965_face0.png,Indian,Indian,Male,50-59,"[5.0029452e-03 3.0090632e-03 3.1526100e-02 1.7278439e-04 1.9600416e-02
 9.3192989e-01 8.7587992e-03]",[0.17895108 0.02563284 0.37255797 0.42285806],[9.9988711e-01 1.1286769e-04],"[2.9686467e-05 3.5434883e-04 3.0700478e-03 3.6446624e-03 1.2519538e-02
 1.3195217e-01 4.1691035e-01 3.4801626e-01 8.3502993e-02]",0,Others,40-59
/scratch/project_462000771/mengting/projects/bias/kolors/prompt2/selected_faces/detected_angry/angry_person_0966_face0.png,Indian,Black,Male,60-69,"[0.01019514 0.228991   0.13523653 0.00179598 0.02507771 0.55490386
 0.04379975]",[0.00349042 0.53086215 0.10928237 0.35636505],[0.9963037  0.00369635],"[9.4392068e-05 3.1399052e-04 9.1426115e-04 1.5698684e-03 4.9320022e-03
 2.9252613e-02 2.4975465e-01 4.7908416e-01 2.3408405e-01]",0,Others,60+
/scratch/project_462000771/mengting/projects/bias/kolors/prompt2/selected_faces/detected_angry/angry_person_0967_face0.png,White,White,Male,60-69,"[0.47640583 0.03728333 0.05442812 0.00261486 0.03633929 0.15082113
 0.24210748]",[0.97910094 0.00476653 0.00799272 0.00813988],[0.9978602 0.0021398],"[1.3787476e-05 5.0363447e-05 3.2295292e-04 7.4869726e-04 1.5411641e-03
 1.4484213e-02 1.3843970e-01 4.2425686e-01 4.2014226e-01]",0,White,60+
/scratch/project_462000771/mengting/projects/bias/kolors/prompt2/selected_faces/detected_angry/angry_person_0968_face0.png,Black,Black,Male,50-59,"[3.56190018e-02 7.13753343e-01 8.93136710e-02 1.16221454e-04
 1.69311080e-03 1.37862712e-01 2.16420274e-02]",[0.00443709 0.49131724 0.01604892 0.4881968 ],[0.96125215 0.03874785],"[1.8216808e-04 1.2657525e-03 2.4643673e-03 8.6586028e-03 7.0998624e-02
 3.1762835e-01 4.2948776e-01 1.4453690e-01 2.4777511e-02]",0,Black,40-59
/scratch/project_462000771/mengting/projects/bias/kolors/prompt2/selected_faces/detected_angry/angry_person_0969_face0.png,White,White,Male,40-49,"[9.9776655e-01 2.9011062e-04 6.1176921e-04 8.9419036e-06 2.6684473e-05
 6.3905184e-04 6.5689656e-04]",[0.9891537  0.00267346 0.00153034 0.00664247],[0.9401379  0.05986208],"[7.3003440e-07 9.3419530e-06 8.2091363e-05 1.9694984e-02 1.8032822e-01
 5.1217890e-01 2.5637731e-01 2.3405649e-02 7.9227602e-03]",0,White,40-59
/scratch/project_462000771/mengting/projects/bias/kolors/prompt2/selected_faces/detected_angry/angry_person_0970_face0.png,Middle Eastern,Asian,Male,50-59,"[0.20296527 0.02139262 0.07647137 0.00199376 0.00836714 0.2044152
 0.4843947 ]",[0.14213201 0.0544516  0.44028005 0.36313635],[0.89552283 0.10447717],"[1.1812872e-04 4.6242320e-04 1.0490433e-03 3.9681215e-03 1.9619018e-02
 1.3538176e-01 3.6835784e-01 2.6178792e-01 2.0925574e-01]",0,Others,40-59
/scratch/project_462000771/mengting/projects/bias/kolors/prompt2/selected_faces/detected_angry/angry_person_0971_face0.png,Indian,Asian,Male,70+,"[0.01120817 0.089421   0.11704099 0.00399559 0.08478385 0.5947624
 0.09878806]",[0.11489622 0.03602893 0.5674757  0.2815992 ],[0.9686352  0.03136476],"[3.0655567e-05 8.1770093e-05 1.0367927e-04 1.8481660e-04 6.1074196e-04
 3.1548701e-03 4.9544733e-02 3.4365880e-01 6.0263002e-01]",0,Others,60+
/scratch/project_462000771/mengting/projects/bias/kolors/prompt2/selected_faces/detected_angry/angry_person_0972_face0.png,White,White,Male,30-39,"[9.7924918e-01 8.8613844e-05 1.1899436e-02 5.1262079e-05 3.5553766e-04
 5.1125616e-04 7.8447433e-03]",[9.8483008e-01 1.9056264e-04 9.4693089e-03 5.5100927e-03],[0.99783826 0.0021617 ],"[2.1100006e-07 3.4294858e-06 5.3177652e-04 9.7348563e-02 6.1386573e-01
 2.7620125e-01 1.1919508e-02 1.2309873e-04 6.4093292e-06]",1,White,20-39
/scratch/project_462000771/mengting/projects/bias/kolors/prompt2/selected_faces/detected_angry/angry_person_0974_face0.png,Latino_Hispanic,Asian,Female,40-49,"[0.18792908 0.06342793 0.45067197 0.01172856 0.07712495 0.18085779
 0.02825969]",[0.05490963 0.02706349 0.8962644  0.0217625 ],[0.149895 0.850105],"[3.6349866e-05 1.3433294e-03 1.2674734e-02 1.2207647e-01 2.9615533e-01
 3.5269260e-01 1.1368147e-01 6.6897795e-02 3.4441888e-02]",0,Others,40-59
/scratch/project_462000771/mengting/projects/bias/kolors/prompt2/selected_faces/detected_angry/angry_person_0975_face0.png,White,Asian,Male,50-59,"[0.52186286 0.03063976 0.16128996 0.00588894 0.03663606 0.06617576
 0.17750657]",[0.358717   0.14259249 0.3990878  0.09960271],[9.9986541e-01 1.3458308e-04],"[2.3530050e-05 5.8019908e-05 7.3712424e-04 2.6381270e-03 1.7868862e-02
 1.6800675e-01 6.4597839e-01 1.5196037e-01 1.2728823e-02]",0,White,40-59
/scratch/project_462000771/mengting/projects/bias/kolors/prompt2/selected_faces/detected_angry/angry_person_0976_face0.png,Black,Black,Female,60-69,"[2.3347756e-02 5.9483719e-01 1.4876333e-01 3.3707081e-04 3.8481671e-03
 1.5676853e-01 7.2098032e-02]",[0.30180514 0.4493211  0.03653163 0.21234214],[0.4699486 0.5300514],"[5.7335965e-05 1.7043691e-03 8.5279020e-03 1.9052120e-02 5.7722472e-02
 1.0672707e-01 1.7116210e-01 3.4630460e-01 2.8874204e-01]",0,Black,60+
/scratch/project_462000771/mengting/projects/bias/kolors/prompt2/selected_faces/detected_angry/angry_person_0977_face0.png,Indian,Asian,Male,60-69,"[0.21699327 0.02341366 0.12060706 0.00294082 0.0328123  0.5288233
 0.07440955]",[0.23872562 0.00473417 0.6543428  0.1021974 ],[0.9200687  0.07993131],"[2.1911095e-05 1.1678397e-04 9.0608792e-04 7.3509873e-03 2.3223739e-02
 9.5300853e-02 1.7750782e-01 3.6603808e-01 3.2953376e-01]",0,Others,60+
/scratch/project_462000771/mengting/projects/bias/kolors/prompt2/selected_faces/detected_angry/angry_person_0979_face0.png,Indian,Indian,Male,60-69,"[0.07740577 0.25364965 0.04272266 0.00164697 0.03746773 0.4311715
 0.15593575]",[0.16599873 0.04793466 0.25800997 0.5280567 ],[0.99771947 0.00228053],"[2.7369397e-05 1.4593490e-04 4.9214740e-04 1.3432597e-03 3.8336732e-03
 2.6113227e-02 1.6509230e-01 4.0963173e-01 3.9332032e-01]",0,Others,60+
/scratch/project_462000771/mengting/projects/bias/kolors/prompt2/selected_faces/detected_angry/angry_person_0980_face0.png,White,White,Male,30-39,"[0.7212496  0.01039738 0.18878134 0.01108035 0.0284503  0.00891113
 0.0311299 ]",[9.8639172e-01 2.0441049e-04 1.1858040e-02 1.5457390e-03],[0.9810228  0.01897722],"[5.1686411e-06 4.9793256e-05 1.2368241e-03 9.8161675e-02 5.4667050e-01
 3.2197118e-01 3.0199010e-02 1.5830885e-03 1.2268401e-04]",0,White,20-39
/scratch/project_462000771/mengting/projects/bias/kolors/prompt2/selected_faces/detected_angry/angry_person_0981_face0.png,Indian,White,Male,60-69,"[0.04300329 0.06299556 0.06632841 0.00077411 0.04842944 0.7596369
 0.0188323 ]",[0.39225248 0.14432035 0.1539807  0.30944642],[9.991962e-01 8.037912e-04],"[2.3562045e-05 9.4698022e-05 7.6204498e-04 1.2089311e-03 4.4335867e-03
 4.3976557e-02 2.8515458e-01 4.8523441e-01 1.7911157e-01]",0,Others,60+
/scratch/project_462000771/mengting/projects/bias/kolors/prompt2/selected_faces/detected_angry/angry_person_0982_face0.png,White,White,Male,50-59,"[9.2042482e-01 3.3545922e-02 1.1584180e-02 8.2910818e-05 9.5567264e-04
 1.7907707e-02 1.5498922e-02]",[0.9512676  0.01690311 0.01658208 0.01524735],[0.99869555 0.00130447],"[2.2371189e-05 1.1485299e-04 6.4400223e-04 4.0081539e-03 2.6699256e-02
 2.0104037e-01 6.3936061e-01 1.1136721e-01 1.6743207e-02]",1,White,40-59
/scratch/project_462000771/mengting/projects/bias/kolors/prompt2/selected_faces/detected_angry/angry_person_0983_face0.png,White,White,Male,30-39,"[0.6672384  0.00905535 0.1683271  0.00528727 0.04413788 0.02801106
 0.07794289]",[8.9965487e-01 5.7082734e-04 8.6560033e-02 1.3214243e-02],[9.9999774e-01 2.2224528e-06],"[2.72016860e-06 7.80355767e-05 7.75097217e-03 1.02401584e-01
 4.72604573e-01 3.76207829e-01 4.00364958e-02 8.90218711e-04
 2.75574330e-05]",0,White,20-39
/scratch/project_462000771/mengting/projects/bias/kolors/prompt2/selected_faces/detected_angry/angry_person_0984_face0.png,White,White,Male,40-49,"[9.6709162e-01 9.0022193e-04 1.6333776e-02 4.5759498e-05 3.2482579e-04
 1.6354765e-03 1.3668373e-02]",[9.99443352e-01 1.00134544e-04 2.76279112e-04 1.80294053e-04],[9.9988246e-01 1.1749537e-04],"[3.5823390e-07 2.3683904e-06 1.1377324e-04 1.4491663e-02 3.3638600e-01
 5.8351958e-01 6.5026939e-02 4.4558122e-04 1.3719719e-05]",0,White,40-59
/scratch/project_462000771/mengting/projects/bias/kolors/prompt2/selected_faces/detected_angry/angry_person_0985_face0.png,White,White,Male,30-39,"[0.32483125 0.24937917 0.30964652 0.00861685 0.02989851 0.01644794
 0.06117978]",[0.9762554  0.00521706 0.00810322 0.0104243 ],[0.56599015 0.43400988],"[1.9981240e-07 1.5954090e-05 4.5646862e-03 3.8437018e-01 5.1113611e-01
 9.2610143e-02 6.7715719e-03 4.4995704e-04 8.1183098e-05]",0,White,20-39
/scratch/project_462000771/mengting/projects/bias/kolors/prompt2/selected_faces/detected_angry/angry_person_0986_face0.png,Latino_Hispanic,Asian,Female,40-49,"[0.20968424 0.17748177 0.34557253 0.03287566 0.12137496 0.05985458
 0.05315611]",[0.2599949  0.22202365 0.42904338 0.08893812],[0.02578554 0.97421443],"[6.4321204e-05 1.1673236e-03 2.4430014e-03 1.7274523e-02 9.1602609e-02
 2.8279313e-01 2.4174675e-01 2.3579212e-01 1.2711626e-01]",0,Others,40-59
/scratch/project_462000771/mengting/projects/bias/kolors/prompt2/selected_faces/detected_angry/angry_person_0987_face0.png,White,White,Male,30-39,"[0.94586617 0.00959526 0.01998409 0.00172958 0.00565018 0.00206831
 0.01510638]",[0.695491   0.05516399 0.12003443 0.12931056],[0.93476504 0.06523493],"[4.8891218e-07 1.7163260e-05 2.3680185e-03 2.7955115e-01 4.6869379e-01
 2.0846732e-01 3.6786247e-02 3.4886312e-03 6.2718394e-04]",0,White,20-39
/scratch/project_462000771/mengting/projects/bias/kolors/prompt2/selected_faces/detected_angry/angry_person_0988_face0.png,White,White,Male,40-49,"[9.9234033e-01 4.1188294e-04 4.8580277e-03 9.9328761e-05 2.8823072e-04
 2.5977730e-04 1.7424301e-03]",[9.9297613e-01 7.5059565e-05 6.8775634e-03 7.1227201e-05],[9.9987674e-01 1.2327598e-04],"[3.0052598e-07 1.7764232e-06 7.1260074e-05 4.5323283e-03 1.4535667e-01
 6.6281486e-01 1.8488899e-01 2.2387244e-03 9.5125637e-05]",1,White,40-59
/scratch/project_462000771/mengting/projects/bias/kolors/prompt2/selected_faces/detected_angry/angry_person_0989_face0.png,Latino_Hispanic,White,Male,50-59,"[0.29720303 0.01627042 0.33448943 0.00193588 0.02568107 0.18815054
 0.13626961]",[0.762375   0.00219594 0.16881865 0.06661046],[9.9984443e-01 1.5560549e-04],"[3.8201259e-05 9.9593846e-05 6.1172683e-04 8.4391085e-04 1.0018173e-02
 1.3364130e-01 6.9317698e-01 1.4487784e-01 1.6692244e-02]",1,Others,40-59
/scratch/project_462000771/mengting/projects/bias/kolors/prompt2/selected_faces/detected_angry/angry_person_0990_face0.png,White,White,Male,40-49,"[9.6688354e-01 8.4869494e-04 1.3747692e-02 2.2098722e-04 1.4141129e-03
 4.4373567e-03 1.2447580e-02]",[0.9807314  0.00119521 0.01111666 0.00695678],[0.96173245 0.03826755],"[1.8085613e-05 2.0349074e-04 2.7521884e-03 3.1623561e-02 1.7739037e-01
 5.0743598e-01 2.5442693e-01 2.2257132e-02 3.8922403e-03]",0,White,40-59
/scratch/project_462000771/mengting/projects/bias/kolors/prompt2/selected_faces/detected_angry/angry_person_0991_face0.png,Indian,Indian,Male,70+,"[1.0273254e-03 7.5816419e-03 9.7175576e-03 1.7470967e-04 5.8558933e-03
 9.3938923e-01 3.6253609e-02]",[0.00183065 0.02543161 0.23288748 0.7398502 ],[0.9805488  0.01945124],"[3.3229284e-05 3.9233934e-04 5.9539243e-04 8.1710494e-04 2.7641624e-03
 2.0888546e-02 7.9816684e-02 2.2737029e-01 6.6732222e-01]",0,Others,60+
/scratch/project_462000771/mengting/projects/bias/kolors/prompt2/selected_faces/detected_angry/angry_person_0992_face0.png,Indian,Asian,Male,70+,"[6.0140854e-04 1.9439828e-01 9.3543380e-03 2.6500521e-03 1.3499416e-01
 6.5696186e-01 1.0399279e-03]",[0.00074744 0.06442522 0.59296346 0.34186387],[0.99563676 0.00436321],"[2.85434771e-06 4.08397209e-05 2.20957852e-04 2.39827298e-03
 8.03661905e-03 4.57398035e-02 1.09668165e-01 3.06796253e-01
 5.27096212e-01]",0,Others,60+
/scratch/project_462000771/mengting/projects/bias/kolors/prompt2/selected_faces/detected_angry/angry_person_0993_face0.png,White,Asian,Male,40-49,"[0.89585155 0.0063473  0.05172299 0.00655947 0.01230564 0.00885198
 0.0183611 ]",[0.36920667 0.14557537 0.40891495 0.07630304],[0.9977549  0.00224516],"[4.46780689e-07 4.02767773e-06 2.69335607e-04 5.89263104e-02
 3.63594383e-01 4.50069636e-01 1.06987074e-01 1.62798185e-02
 3.86899128e-03]",0,White,40-59
/scratch/project_462000771/mengting/projects/bias/kolors/prompt2/selected_faces/detected_angry/angry_person_0994_face0.png,White,White,Male,30-39,"[7.4022406e-01 4.2424213e-02 1.1669868e-01 2.1962708e-04 1.6298888e-03
 1.3487604e-02 8.5315771e-02]",[0.8098558  0.08973844 0.06420103 0.03620471],[0.9982556  0.00174435],"[2.5179295e-07 2.3095433e-06 2.0746460e-04 4.2230919e-02 5.2271765e-01
 3.9470470e-01 3.9043508e-02 1.0374505e-03 5.5667035e-05]",0,White,20-39
/scratch/project_462000771/mengting/projects/bias/kolors/prompt2/selected_faces/detected_angry/angry_person_0995_face0.png,White,White,Male,20-29,"[4.5667279e-01 3.1172537e-04 1.6668324e-01 6.6778529e-04 1.6211313e-03
 9.6119590e-02 2.7792370e-01]",[9.4206238e-01 6.7919615e-04 2.5487756e-02 3.1770751e-02],[0.7733896 0.2266104],"[1.0818892e-05 6.8968865e-03 1.7009744e-01 6.1799651e-01 1.9017695e-01
 1.4471739e-02 3.3771869e-04 1.1371796e-05 6.1143407e-07]",2,White,20-39
/scratch/project_462000771/mengting/projects/bias/kolors/prompt2/selected_faces/detected_angry/angry_person_0996_face0.png,Black,White,Male,60-69,"[0.0364236  0.45606944 0.04985779 0.00151133 0.0180173  0.3546347
 0.08348583]",[0.8483455  0.02531976 0.05785709 0.0684776 ],[0.99330205 0.00669798],"[4.62881544e-05 7.39748939e-05 1.07999644e-04 6.26453257e-04
 5.78416698e-03 4.43037786e-02 3.53281945e-01 4.36497182e-01
 1.59278259e-01]",0,Black,60+
/scratch/project_462000771/mengting/projects/bias/kolors/prompt2/selected_faces/detected_angry/angry_person_0997_face0.png,White,White,Male,50-59,"[0.5979576  0.00555085 0.11293979 0.00134619 0.00874323 0.02718828
 0.24627398]",[0.7837249  0.00419752 0.18390375 0.02817379],[9.9926317e-01 7.3686067e-04],"[1.0038153e-05 1.6190594e-05 1.9722826e-04 7.5571443e-04 8.8170283e-03
 1.1291274e-01 6.3790858e-01 2.0655701e-01 3.2825578e-02]",0,White,40-59
/scratch/project_462000771/mengting/projects/bias/kolors/prompt2/selected_faces/detected_angry/angry_person_0998_face0.png,White,White,Male,50-59,"[0.6120052  0.02165235 0.14607798 0.00294294 0.01360127 0.08170052
 0.12201978]",[0.9801722  0.00172058 0.01064499 0.0074621 ],[0.8950286  0.10497145],"[4.36922332e-04 2.68974109e-03 7.04546552e-03 1.30446013e-02
 3.53319198e-02 1.19981624e-01 4.54582870e-01 2.43545473e-01
 1.23341389e-01]",0,White,40-59
/scratch/project_462000771/mengting/projects/bias/kolors/prompt2/selected_faces/detected_angry/angry_person_0999_face0.png,Middle Eastern,Black,Male,50-59,"[0.05163097 0.2339599  0.1155984  0.01111485 0.03783574 0.24976978
 0.30009034]",[0.02536747 0.50776947 0.01175175 0.45511124],[0.99308276 0.00691727],"[1.5785746e-04 3.3407175e-04 3.9970383e-04 2.4806149e-03 1.7432574e-02
 1.2187901e-01 3.9746308e-01 3.1445032e-01 1.4540285e-01]",0,Others,40-59
