face_name_align,race,race4,gender,age,race_scores_fair,race_scores_fair_4,gender_scores_fair,age_scores_fair,attractiveness,race_final,age_final
/scratch/project_462000771/mengting/projects/bias/Proteus/prompt2/selected_faces/detected_sad/sad_person_0000_face0.png,White,White,Male,30-39,"[9.8294240e-01 1.4054940e-04 1.3303273e-02 5.7598309e-06 4.5682405e-05
 6.2516035e-04 2.9371786e-03]",[0.99033785 0.00375401 0.0016774  0.00423071],[9.9991530e-01 8.4645166e-05],"[2.0048699e-07 1.6420810e-05 3.9503206e-03 1.7552036e-01 6.2589234e-01
 1.9064960e-01 3.9416542e-03 2.8503960e-05 6.3053051e-07]",0,White,20-39
/scratch/project_462000771/mengting/projects/bias/Proteus/prompt2/selected_faces/detected_sad/sad_person_0001_face0.png,White,White,Male,40-49,"[7.3836106e-01 6.7275025e-05 2.8831683e-02 8.5445899e-06 7.1656679e-05
 3.3926296e-03 2.2926722e-01]",[9.91990864e-01 1.07953136e-04 8.67429597e-04 7.03381374e-03],[0.9983596  0.00164039],"[3.1770011e-07 1.2406416e-06 1.9195645e-04 3.2741018e-02 4.1091800e-01
 4.8512375e-01 6.9488518e-02 1.4580925e-03 7.7048666e-05]",0,White,40-59
/scratch/project_462000771/mengting/projects/bias/Proteus/prompt2/selected_faces/detected_sad/sad_person_0002_face0.png,Latino_Hispanic,White,Male,40-49,"[2.8325275e-01 1.5621200e-02 5.0588000e-01 1.9515428e-04 1.7354706e-03
 3.4418218e-02 1.5889715e-01]",[9.1912472e-01 1.1752816e-02 6.2010397e-04 6.8502396e-02],[9.9998963e-01 1.0414486e-05],"[3.0226936e-05 1.3591464e-04 2.8703928e-03 3.0554587e-02 3.6290458e-01
 5.2204752e-01 7.9716459e-02 1.7220640e-03 1.8260285e-05]",0,Others,40-59
/scratch/project_462000771/mengting/projects/bias/Proteus/prompt2/selected_faces/detected_sad/sad_person_0003_face0.png,White,White,Male,40-49,"[9.2139447e-01 3.2557957e-04 2.7612008e-02 1.5892158e-05 1.8474202e-04
 2.8688037e-03 4.7598545e-02]",[9.6021217e-01 1.4538217e-03 3.3916137e-04 3.7994858e-02],[9.9999976e-01 1.9082587e-07],"[7.5443569e-07 1.2343963e-05 1.9382973e-03 5.2012827e-02 4.2554560e-01
 4.8182890e-01 3.8185794e-02 4.7175106e-04 3.7415562e-06]",0,White,40-59
/scratch/project_462000771/mengting/projects/bias/Proteus/prompt2/selected_faces/detected_sad/sad_person_0004_face0.png,White,White,Male,30-39,"[8.6353588e-01 2.3614138e-04 7.4684665e-02 2.9497129e-05 9.9911427e-05
 4.6391860e-03 5.6774724e-02]",[9.9012923e-01 5.8859481e-05 2.6204684e-04 9.5499521e-03],[9.9999166e-01 8.3811183e-06],"[9.8396481e-07 9.3142289e-06 6.5651530e-04 1.0225298e-01 7.2644567e-01
 1.6774866e-01 2.8720663e-03 1.3613757e-05 1.7225246e-07]",1,White,20-39
/scratch/project_462000771/mengting/projects/bias/Proteus/prompt2/selected_faces/detected_sad/sad_person_0005_face0.png,Middle Eastern,White,Male,30-39,"[3.1567150e-01 3.4550782e-03 3.0908296e-01 1.1418896e-04 1.3757076e-03
 1.9746881e-02 3.5055366e-01]",[0.92542744 0.00195114 0.00101374 0.07160769],[9.9999875e-01 1.2502027e-06],"[8.7852059e-06 1.3962845e-04 8.2697952e-03 7.9071686e-02 4.7576299e-01
 3.9579400e-01 4.0386099e-02 5.5992225e-04 7.0835299e-06]",0,White,20-39
/scratch/project_462000771/mengting/projects/bias/Proteus/prompt2/selected_faces/detected_sad/sad_person_0006_face0.png,White,White,Male,40-49,"[7.8468871e-01 6.1947334e-04 1.3786413e-01 8.0706559e-05 2.4503240e-04
 2.9439235e-03 7.3557973e-02]",[9.8390150e-01 7.9389447e-03 3.1500912e-04 7.8445375e-03],[9.999557e-01 4.424916e-05],"[6.8803902e-06 2.1299529e-05 3.9147949e-04 1.1520806e-02 3.0216908e-01
 6.1951566e-01 6.5901279e-02 4.7025728e-04 3.3289737e-06]",0,White,40-59
/scratch/project_462000771/mengting/projects/bias/Proteus/prompt2/selected_faces/detected_sad/sad_person_0007_face0.png,White,White,Male,30-39,"[7.6254117e-01 4.8890841e-05 1.9852336e-01 6.3694862e-04 1.6802942e-03
 3.9520031e-03 3.2617234e-02]",[0.9075364  0.00120183 0.04128931 0.04997254],[9.9984896e-01 1.5104495e-04],"[1.2621618e-07 7.0056495e-07 2.7390316e-04 6.1575402e-02 6.9666451e-01
 2.3661864e-01 4.8377295e-03 2.8649996e-05 2.9136655e-07]",0,White,20-39
/scratch/project_462000771/mengting/projects/bias/Proteus/prompt2/selected_faces/detected_sad/sad_person_0008_face0.png,White,White,Male,40-49,"[4.7836033e-01 1.3520503e-04 1.7425689e-01 3.0469941e-05 1.9923197e-04
 1.5045509e-02 3.3197242e-01]",[9.8449689e-01 2.6779535e-04 1.9333298e-04 1.5041984e-02],[9.9999845e-01 1.5199392e-06],"[1.0108745e-05 5.3126609e-05 1.1572266e-03 9.5702475e-03 2.8182551e-01
 6.5642279e-01 5.0590847e-02 3.6770225e-04 2.4329897e-06]",1,White,40-59
/scratch/project_462000771/mengting/projects/bias/Proteus/prompt2/selected_faces/detected_sad/sad_person_0009_face0.png,Latino_Hispanic,White,Male,30-39,"[2.0010279e-01 1.3062467e-02 4.4063354e-01 1.0719725e-04 8.7361719e-04
 5.0900720e-02 2.9431966e-01]",[9.8525327e-01 1.2548803e-03 1.2756803e-04 1.3364332e-02],[9.999876e-01 1.244502e-05],"[9.0548319e-06 2.6321601e-05 7.0826453e-04 4.7846839e-02 5.4973793e-01
 3.6996052e-01 3.1045252e-02 6.5006781e-04 1.5701704e-05]",1,Others,20-39
/scratch/project_462000771/mengting/projects/bias/Proteus/prompt2/selected_faces/detected_sad/sad_person_0011_face0.png,Middle Eastern,White,Male,40-49,"[3.8309619e-01 6.3535833e-04 1.8478501e-01 3.5524895e-04 1.2366838e-03
 1.7817315e-02 4.1207415e-01]",[9.8433489e-01 8.0500176e-04 8.6201553e-04 1.3998076e-02],[9.9999726e-01 2.7073449e-06],"[9.4728830e-06 2.5039677e-05 7.1490783e-04 1.4480567e-02 3.0931908e-01
 5.9956503e-01 7.4430227e-02 1.4397156e-03 1.5864851e-05]",1,White,40-59
/scratch/project_462000771/mengting/projects/bias/Proteus/prompt2/selected_faces/detected_sad/sad_person_0012_face0.png,White,White,Male,30-39,"[9.8311001e-01 2.7103295e-05 6.3525094e-03 2.2027398e-06 8.7964054e-06
 5.2271393e-04 9.9766506e-03]",[9.9876904e-01 1.4388350e-04 2.6365818e-05 1.0607715e-03],[9.9954957e-01 4.5045395e-04],"[2.5239277e-07 6.1671276e-06 1.9476595e-03 2.7392399e-01 6.4074910e-01
 8.2157068e-02 1.2033981e-03 1.2023016e-05 4.1125142e-07]",0,White,20-39
/scratch/project_462000771/mengting/projects/bias/Proteus/prompt2/selected_faces/detected_sad/sad_person_0013_face0.png,White,White,Male,30-39,"[8.9348137e-01 9.2501410e-05 5.2023672e-02 1.1376251e-05 6.3869513e-05
 1.0800216e-03 5.3247131e-02]",[9.9922544e-01 3.2061991e-05 3.1330292e-05 7.1116304e-04],[0.9989648 0.0010352],"[1.32657192e-07 1.63688969e-06 1.01079827e-03 1.43418446e-01
 6.56489372e-01 1.91925511e-01 7.04861572e-03 1.03026614e-04
 2.40972099e-06]",0,White,20-39
/scratch/project_462000771/mengting/projects/bias/Proteus/prompt2/selected_faces/detected_sad/sad_person_0014_face0.png,White,White,Male,40-49,"[7.0493460e-01 2.8280155e-03 8.0925062e-02 1.4011104e-05 1.2993824e-04
 1.2040238e-02 1.9912808e-01]",[9.6115339e-01 3.6985779e-03 1.3554445e-04 3.5012532e-02],[9.9999952e-01 4.1766117e-07],"[7.5120661e-06 3.2684868e-05 1.1867755e-03 2.1176701e-02 2.6201439e-01
 5.6961536e-01 1.4256762e-01 3.3624400e-03 3.6476973e-05]",1,White,40-59
/scratch/project_462000771/mengting/projects/bias/Proteus/prompt2/selected_faces/detected_sad/sad_person_0015_face0.png,White,White,Male,40-49,"[7.6617390e-01 9.8751264e-04 1.2030043e-01 8.5986219e-05 7.5895578e-04
 2.8054057e-02 8.3639205e-02]",[0.525225   0.01017386 0.01076115 0.45384   ],[9.9999839e-01 1.5885181e-06],"[1.0222822e-06 3.7600971e-06 1.4812153e-04 1.2191999e-02 3.3461732e-01
 5.9358639e-01 5.8731910e-02 7.0173724e-04 1.7795903e-05]",0,White,40-59
/scratch/project_462000771/mengting/projects/bias/Proteus/prompt2/selected_faces/detected_sad/sad_person_0016_face0.png,White,White,Male,30-39,"[5.3431821e-01 1.4271311e-03 2.9417756e-01 8.2566396e-05 7.5855665e-04
 5.4237161e-02 1.1499890e-01]",[0.7454734  0.00462476 0.00130637 0.24859549],[9.9999660e-01 3.3731862e-06],"[1.8564493e-05 1.7413129e-04 1.3544400e-02 1.2340803e-01 4.8082963e-01
 3.4347060e-01 3.7496984e-02 1.0418824e-03 1.5738646e-05]",0,White,20-39
/scratch/project_462000771/mengting/projects/bias/Proteus/prompt2/selected_faces/detected_sad/sad_person_0017_face0.png,Middle Eastern,White,Male,20-29,"[3.4507537e-01 7.6471653e-04 2.1320863e-01 5.2980500e-05 4.9460470e-04
 3.6360055e-02 4.0404359e-01]",[0.55033034 0.00480025 0.00223949 0.44263   ],[9.9999982e-01 2.0580345e-07],"[5.2384426e-06 1.6551439e-04 1.3240653e-02 5.4559678e-01 4.1801074e-01
 2.2712182e-02 2.6335759e-04 5.4768198e-06 6.8412334e-08]",1,White,20-39
/scratch/project_462000771/mengting/projects/bias/Proteus/prompt2/selected_faces/detected_sad/sad_person_0018_face0.png,White,White,Male,40-49,"[4.3294722e-01 6.2628677e-03 2.8639576e-01 1.0190458e-04 1.1164257e-03
 3.3298995e-02 2.3987684e-01]",[0.907762   0.00306312 0.00312467 0.08605024],[9.9999970e-01 2.8703533e-07],"[2.9587745e-06 7.1639738e-06 1.4605290e-04 2.3531818e-03 9.9966772e-02
 6.0213953e-01 2.8894326e-01 6.3858386e-03 5.5163360e-05]",0,White,40-59
/scratch/project_462000771/mengting/projects/bias/Proteus/prompt2/selected_faces/detected_sad/sad_person_0019_face0.png,White,White,Male,30-39,"[6.6316575e-01 6.6260276e-05 4.8603829e-02 7.8945222e-06 1.4767890e-04
 5.6253865e-02 2.3175474e-01]",[9.6033865e-01 8.8957000e-05 7.1199669e-05 3.9501190e-02],[9.9999982e-01 1.6700852e-07],"[4.6647842e-06 1.2555266e-04 1.7825739e-02 1.5200683e-01 5.4623961e-01
 2.7361336e-01 1.0059739e-02 1.2276658e-04 1.7136498e-06]",0,White,20-39
/scratch/project_462000771/mengting/projects/bias/Proteus/prompt2/selected_faces/detected_sad/sad_person_0020_face0.png,White,White,Male,30-39,"[5.0005358e-01 4.4732569e-05 4.1066516e-02 2.0109346e-05 9.5772622e-05
 2.8215498e-03 4.5589772e-01]",[9.8078185e-01 1.6962920e-04 8.8212569e-04 1.8166360e-02],[0.9969613  0.00303876],"[1.7123185e-07 1.0505901e-06 3.9063641e-04 6.7306943e-02 7.2030938e-01
 2.0675930e-01 5.1632663e-03 6.7367670e-05 1.8884274e-06]",0,White,20-39
/scratch/project_462000771/mengting/projects/bias/Proteus/prompt2/selected_faces/detected_sad/sad_person_0021_face0.png,White,White,Male,30-39,"[8.3327770e-01 1.0157422e-03 9.8219924e-02 8.2221435e-05 5.3742615e-04
 8.0938488e-03 5.8773182e-02]",[0.98098445 0.00221307 0.00154711 0.01525544],[9.9999475e-01 5.2562905e-06],"[3.5757496e-06 5.8712045e-05 7.2534555e-03 1.7341520e-01 6.2068564e-01
 1.9261865e-01 5.8994689e-03 6.4355947e-05 8.8065838e-07]",0,White,20-39
/scratch/project_462000771/mengting/projects/bias/Proteus/prompt2/selected_faces/detected_sad/sad_person_0022_face0.png,White,White,Male,40-49,"[5.6243271e-01 1.0472826e-02 1.3961181e-01 1.4230495e-04 8.7556860e-04
 8.6055677e-03 2.7785918e-01]",[0.92888385 0.03254605 0.00163166 0.03693845],[1.0000000e+00 1.4793366e-08],"[5.4994422e-07 1.0368827e-06 7.2262585e-05 4.1476409e-03 1.3230075e-01
 6.1434066e-01 2.4408241e-01 5.0040777e-03 5.0614533e-05]",0,White,40-59
/scratch/project_462000771/mengting/projects/bias/Proteus/prompt2/selected_faces/detected_sad/sad_person_0023_face0.png,Middle Eastern,White,Male,40-49,"[2.3708534e-01 1.8502006e-03 2.7274376e-01 8.6583444e-05 6.3209358e-04
 4.3053925e-02 4.4454816e-01]",[9.0165949e-01 3.0581572e-04 2.0497849e-03 9.5984943e-02],[9.9999368e-01 6.3538155e-06],"[2.5487866e-06 7.4043983e-06 4.3985652e-04 8.7041389e-03 2.5799480e-01
 5.7091576e-01 1.5889145e-01 3.0097684e-03 3.4290653e-05]",0,Others,40-59
/scratch/project_462000771/mengting/projects/bias/Proteus/prompt2/selected_faces/detected_sad/sad_person_0024_face0.png,White,White,Male,30-39,"[8.6085147e-01 1.5241883e-03 6.3492171e-02 3.2110023e-05 3.8703502e-04
 2.9517962e-02 4.4195112e-02]",[9.7088081e-01 7.8544789e-04 2.8083805e-04 2.8052907e-02],[9.9999875e-01 1.2700316e-06],"[3.0215299e-06 1.7222219e-04 1.1487004e-02 2.2877856e-01 5.6760371e-01
 1.8643747e-01 5.4544895e-03 6.2185121e-05 1.3431196e-06]",0,White,20-39
/scratch/project_462000771/mengting/projects/bias/Proteus/prompt2/selected_faces/detected_sad/sad_person_0025_face0.png,White,White,Male,40-49,"[8.6813861e-01 2.8425473e-04 7.0131712e-02 4.0254759e-05 1.7782232e-04
 3.7813941e-03 5.7445981e-02]",[9.8937750e-01 1.9491243e-04 4.0210655e-04 1.0025339e-02],[9.9993706e-01 6.2950428e-05],"[5.0469448e-06 2.0384103e-05 7.9650909e-04 1.8297568e-02 2.9883370e-01
 5.8329457e-01 9.7034521e-02 1.6876466e-03 3.0046949e-05]",0,White,40-59
/scratch/project_462000771/mengting/projects/bias/Proteus/prompt2/selected_faces/detected_sad/sad_person_0026_face0.png,Middle Eastern,White,Male,40-49,"[2.7217516e-01 2.2684378e-03 3.2327503e-01 7.4428739e-05 4.3794868e-04
 3.1831443e-02 3.6993760e-01]",[0.7445107  0.00460184 0.00241772 0.24846968],[1.0000000e+00 2.7304091e-08],"[2.0560985e-06 5.6468803e-06 2.1953312e-04 4.8412848e-03 2.3828824e-01
 6.4675701e-01 1.0909160e-01 7.8961131e-04 5.0242452e-06]",0,Others,40-59
/scratch/project_462000771/mengting/projects/bias/Proteus/prompt2/selected_faces/detected_sad/sad_person_0027_face0.png,White,White,Male,30-39,"[8.9344627e-01 4.6794703e-05 5.0839808e-02 8.9106306e-06 2.9193841e-05
 1.4866391e-03 5.4142352e-02]",[9.9650717e-01 1.4774634e-05 4.2362619e-05 3.4356429e-03],[0.99499834 0.00500166],"[4.1822665e-07 5.6947106e-06 1.3465541e-03 1.6845258e-01 7.5232440e-01
 7.7106640e-02 7.5822888e-04 5.3810641e-06 9.0610605e-08]",0,White,20-39
/scratch/project_462000771/mengting/projects/bias/Proteus/prompt2/selected_faces/detected_sad/sad_person_0028_face0.png,White,White,Male,40-49,"[5.6425107e-01 3.6985325e-04 2.1579017e-01 4.8758840e-04 4.2542736e-03
 2.7745111e-02 1.8710206e-01]",[9.2953706e-01 5.2626774e-04 8.3825737e-03 6.1554048e-02],[9.9999803e-01 1.9460178e-06],"[1.82877375e-05 1.12673784e-04 1.31341349e-03 6.53081900e-03
 1.80909321e-01 6.83477104e-01 1.25791728e-01 1.82289304e-03
 2.37296445e-05]",0,White,40-59
/scratch/project_462000771/mengting/projects/bias/Proteus/prompt2/selected_faces/detected_sad/sad_person_0030_face0.png,White,White,Male,30-39,"[7.9816037e-01 8.2917133e-05 5.3897910e-02 2.3095710e-04 7.8287389e-04
 1.8216288e-03 1.4502332e-01]",[0.9817604  0.00181651 0.00413137 0.01229175],[9.9999917e-01 8.1219162e-07],"[1.0580602e-06 8.8488014e-06 6.7720690e-04 4.5567524e-02 5.2507603e-01
 4.0381002e-01 2.4642693e-02 2.1475067e-04 1.8928275e-06]",0,White,20-39
/scratch/project_462000771/mengting/projects/bias/Proteus/prompt2/selected_faces/detected_sad/sad_person_0031_face0.png,White,White,Male,30-39,"[7.02484965e-01 2.14293273e-03 1.62101761e-01 3.71392161e-05
 2.51436373e-04 9.80051700e-03 1.23181224e-01]",[9.4780302e-01 2.9791426e-03 5.9332786e-04 4.8624530e-02],[9.999997e-01 3.146641e-07],"[4.2757160e-06 8.1419275e-05 3.9429516e-03 2.2090329e-01 6.3672709e-01
 1.3448857e-01 3.8002669e-03 5.1511648e-05 6.4156507e-07]",0,White,20-39
/scratch/project_462000771/mengting/projects/bias/Proteus/prompt2/selected_faces/detected_sad/sad_person_0032_face0.png,White,White,Male,30-39,"[8.9807731e-01 4.0740633e-04 6.3699029e-02 3.3421806e-05 1.9892778e-04
 2.2175768e-03 3.5366256e-02]",[9.7471017e-01 3.8692172e-04 5.6005846e-04 2.4342800e-02],[9.9999881e-01 1.2001723e-06],"[2.5355446e-06 2.6689388e-05 2.6124890e-03 7.6068558e-02 5.5399108e-01
 3.4702051e-01 2.0024752e-02 2.5087188e-04 2.5106383e-06]",0,White,20-39
/scratch/project_462000771/mengting/projects/bias/Proteus/prompt2/selected_faces/detected_sad/sad_person_0033_face0.png,White,White,Male,40-49,"[6.1891901e-01 2.4906807e-03 1.1212237e-01 1.2894434e-05 9.4700918e-05
 1.1232181e-02 2.5512809e-01]",[9.8916680e-01 1.3681555e-03 2.0120165e-04 9.2638843e-03],[9.9997294e-01 2.7076274e-05],"[5.8082574e-06 2.0544767e-05 4.1522019e-04 2.5378106e-02 4.2684057e-01
 5.0040793e-01 4.6212152e-02 7.0531172e-04 1.4349893e-05]",0,White,40-59
/scratch/project_462000771/mengting/projects/bias/Proteus/prompt2/selected_faces/detected_sad/sad_person_0034_face0.png,White,White,Male,30-39,"[7.1723133e-01 1.5248032e-04 1.0081542e-01 1.5616971e-04 4.9812777e-04
 7.5748963e-03 1.7357153e-01]",[0.8959044  0.00300835 0.00570478 0.09538256],[9.999961e-01 3.832837e-06],"[2.7728940e-06 2.5368288e-05 6.0553150e-04 2.4361247e-02 5.0145841e-01
 4.5623496e-01 1.7236089e-02 7.4851625e-05 7.5048894e-07]",0,White,20-39
/scratch/project_462000771/mengting/projects/bias/Proteus/prompt2/selected_faces/detected_sad/sad_person_0035_face0.png,Middle Eastern,White,Male,40-49,"[2.0117259e-01 1.8543650e-03 3.5207862e-01 2.6148671e-04 1.1797303e-03
 5.1910505e-02 3.9154264e-01]",[0.6781654  0.0021289  0.00551059 0.31419507],[9.99999881e-01 1.10456234e-07],"[5.0689250e-06 5.3376757e-06 1.8755937e-04 1.4114495e-02 2.9161146e-01
 5.5024308e-01 1.3881719e-01 4.9394672e-03 7.6396507e-05]",0,Others,40-59
/scratch/project_462000771/mengting/projects/bias/Proteus/prompt2/selected_faces/detected_sad/sad_person_0036_face0.png,White,White,Male,40-49,"[7.5778294e-01 1.2725804e-02 9.2766494e-02 5.2062067e-04 2.8478983e-03
 1.7586363e-02 1.1576989e-01]",[0.9772145  0.0019808  0.00237859 0.01842606],[9.9998325e-01 1.6714519e-05],"[1.2025098e-06 3.0893980e-06 1.2600781e-04 1.4096182e-02 2.7906594e-01
 5.6894350e-01 1.3202697e-01 5.4362104e-03 3.0085118e-04]",0,White,40-59
/scratch/project_462000771/mengting/projects/bias/Proteus/prompt2/selected_faces/detected_sad/sad_person_0037_face0.png,White,White,Male,40-49,"[8.8811433e-01 4.4209440e-04 8.3189137e-02 2.0997594e-04 5.8440119e-04
 3.7484802e-03 2.3711540e-02]",[9.6546102e-01 3.0728886e-04 5.2076662e-03 2.9024038e-02],[9.999866e-01 1.336155e-05],"[8.1511716e-06 3.7033398e-05 1.1750106e-03 2.1200730e-02 3.8500398e-01
 5.3403741e-01 5.7925425e-02 6.0219894e-04 9.9499866e-06]",0,White,40-59
/scratch/project_462000771/mengting/projects/bias/Proteus/prompt2/selected_faces/detected_sad/sad_person_0038_face0.png,White,White,Male,40-49,"[8.6757141e-01 5.0836580e-04 4.2205304e-02 1.7039170e-05 5.7307378e-05
 4.1103167e-03 8.5530229e-02]",[9.85272348e-01 4.79281298e-04 2.40722235e-04 1.40076615e-02],[9.9988520e-01 1.1479045e-04],"[1.1509778e-06 2.5205616e-06 2.8748065e-04 2.0679181e-02 2.4856189e-01
 5.0126386e-01 2.1696600e-01 1.1719060e-02 5.1883812e-04]",0,White,40-59
/scratch/project_462000771/mengting/projects/bias/Proteus/prompt2/selected_faces/detected_sad/sad_person_0039_face0.png,White,White,Male,30-39,"[6.3714242e-01 6.4169988e-03 2.7556044e-01 4.6452886e-05 2.4141111e-04
 7.6846667e-03 7.2907686e-02]",[9.4837648e-01 3.5882751e-03 3.3434929e-04 4.7700845e-02],[9.9999791e-01 2.0901346e-06],"[1.0007999e-06 3.7586735e-05 7.6877759e-03 4.5513397e-01 5.0585777e-01
 3.0854451e-02 4.2139736e-04 5.9431395e-06 9.3680697e-08]",0,White,20-39
/scratch/project_462000771/mengting/projects/bias/Proteus/prompt2/selected_faces/detected_sad/sad_person_0040_face0.png,Middle Eastern,White,Male,30-39,"[3.47466946e-01 1.44867669e-03 2.78089553e-01 4.44219404e-05
 3.80350510e-04 1.51088685e-02 3.57461125e-01]",[9.1341889e-01 5.5459718e-04 1.0264197e-03 8.5000053e-02],[9.999993e-01 6.746359e-07],"[2.5104252e-06 1.9570334e-05 2.2716823e-03 1.4649296e-01 6.6988498e-01
 1.7342623e-01 7.7734143e-03 1.2704390e-04 1.6133420e-06]",1,White,20-39
/scratch/project_462000771/mengting/projects/bias/Proteus/prompt2/selected_faces/detected_sad/sad_person_0041_face0.png,Latino_Hispanic,White,Male,40-49,"[2.13432327e-01 1.19581074e-02 4.40532327e-01 8.17652690e-05
 1.19420502e-03 1.15239054e-01 2.17562199e-01]",[7.7204323e-01 8.4943445e-03 5.1542156e-04 2.1894696e-01],[9.9999917e-01 8.3936629e-07],"[4.86364434e-06 2.97797123e-05 1.22668012e-03 3.96831557e-02
 4.53387260e-01 4.68001992e-01 3.67510505e-02 9.01384454e-04
 1.37980105e-05]",0,Others,40-59
/scratch/project_462000771/mengting/projects/bias/Proteus/prompt2/selected_faces/detected_sad/sad_person_0042_face0.png,White,White,Male,30-39,"[7.8630793e-01 3.9249106e-05 1.0932450e-01 6.9132235e-05 3.3569630e-04
 1.7786521e-02 8.6136907e-02]",[9.9053377e-01 8.4307045e-05 3.9434925e-04 8.9875339e-03],[9.9999976e-01 2.2650697e-07],"[1.1711194e-06 1.0718061e-05 9.1424293e-04 5.4241385e-02 6.1571318e-01
 3.2283837e-01 6.2562078e-03 2.4524634e-05 2.2420441e-07]",0,White,20-39
/scratch/project_462000771/mengting/projects/bias/Proteus/prompt2/selected_faces/detected_sad/sad_person_0043_face0.png,Middle Eastern,White,Male,40-49,"[3.3059078e-01 5.2069308e-04 1.4666536e-01 5.7463261e-05 4.7305881e-04
 1.4160926e-02 5.0753176e-01]",[0.7439575  0.00097822 0.00107299 0.25399122],[9.9999952e-01 4.3410367e-07],"[2.5801503e-06 1.5305259e-05 8.3627121e-04 1.2088172e-02 2.5065568e-01
 6.5710568e-01 7.8348286e-02 9.4125659e-04 6.7493361e-06]",0,White,40-59
/scratch/project_462000771/mengting/projects/bias/Proteus/prompt2/selected_faces/detected_sad/sad_person_0044_face0.png,White,White,Male,30-39,"[9.8281264e-01 2.3922179e-05 7.3484997e-03 1.3243154e-05 2.6061980e-05
 3.2600219e-04 9.4495332e-03]",[9.9910742e-01 2.3597306e-06 1.9749280e-04 6.9276651e-04],[9.9961752e-01 3.8245934e-04],"[1.2743854e-07 2.8499999e-06 1.4522180e-03 3.7889349e-01 5.7933283e-01
 3.9899677e-02 4.1579784e-04 2.9219070e-06 8.2948553e-08]",0,White,20-39
/scratch/project_462000771/mengting/projects/bias/Proteus/prompt2/selected_faces/detected_sad/sad_person_0045_face0.png,White,White,Male,30-39,"[8.02348256e-01 5.56775252e-04 9.26757306e-02 2.84140824e-05
 1.11126195e-04 1.83514075e-03 1.02444500e-01]",[9.8527128e-01 4.7294822e-04 1.6451448e-03 1.2610678e-02],[9.9944073e-01 5.5926887e-04],"[5.6442667e-07 4.9798764e-06 7.5361819e-04 6.8662703e-02 6.7021996e-01
 2.4971193e-01 1.0541911e-02 1.0257239e-04 1.8558551e-06]",0,White,20-39
/scratch/project_462000771/mengting/projects/bias/Proteus/prompt2/selected_faces/detected_sad/sad_person_0046_face0.png,White,White,Male,40-49,"[3.3389297e-01 7.1133962e-03 1.8984081e-01 5.6628953e-05 2.0721937e-03
 2.0026402e-01 2.6675996e-01]",[0.8631306  0.00661353 0.00170904 0.1285468 ],[9.999992e-01 8.187758e-07],"[2.1714520e-06 3.3472825e-05 2.8110100e-03 2.5877327e-02 2.2341135e-01
 6.1060160e-01 1.3347837e-01 3.7220409e-03 6.2648520e-05]",0,White,40-59
/scratch/project_462000771/mengting/projects/bias/Proteus/prompt2/selected_faces/detected_sad/sad_person_0047_face0.png,White,White,Male,30-39,"[9.0850669e-01 1.7156408e-05 5.3890329e-02 2.3262446e-05 1.2608086e-04
 3.6062901e-03 3.3830166e-02]",[9.88837302e-01 5.90243108e-05 6.84969054e-05 1.10351285e-02],[9.9999946e-01 5.1987223e-07],"[1.8579715e-06 9.1109352e-05 1.8480310e-02 1.2375049e-01 5.5311149e-01
 2.9533875e-01 9.1324607e-03 9.2611088e-05 8.0400184e-07]",1,White,20-39
/scratch/project_462000771/mengting/projects/bias/Proteus/prompt2/selected_faces/detected_sad/sad_person_0048_face0.png,White,White,Male,40-49,"[6.8035418e-01 3.2421539e-03 1.7178069e-01 2.8830556e-05 4.8372365e-04
 2.2873607e-02 1.2123675e-01]",[9.4198471e-01 3.0547299e-04 1.3014907e-03 5.6408383e-02],[9.999918e-01 8.180137e-06],"[9.15354121e-07 7.09405185e-06 7.30473199e-04 2.90972982e-02
 3.38523537e-01 5.18961608e-01 1.09298915e-01 3.28222197e-03
 9.79319448e-05]",0,White,40-59
/scratch/project_462000771/mengting/projects/bias/Proteus/prompt2/selected_faces/detected_sad/sad_person_0049_face0.png,White,White,Male,30-39,"[7.2357273e-01 2.3101871e-03 1.9863960e-01 2.9537205e-05 1.1224460e-04
 5.6744455e-03 6.9661297e-02]",[0.89528495 0.06111774 0.00192442 0.04167288],[9.991364e-01 8.635792e-04],"[1.1588882e-06 1.6288164e-05 3.7759030e-03 2.6862773e-01 6.3538152e-01
 8.8911735e-02 3.2143760e-03 6.9617665e-05 1.6444866e-06]",1,White,20-39
/scratch/project_462000771/mengting/projects/bias/Proteus/prompt2/selected_faces/detected_sad/sad_person_0050_face0.png,Latino_Hispanic,White,Male,40-49,"[1.4807169e-01 2.0996200e-02 3.3665740e-01 6.3734551e-05 7.8311039e-04
 1.7499183e-01 3.1843600e-01]",[0.81582403 0.00549506 0.00187592 0.17680497],[9.9999917e-01 8.1566651e-07],"[1.4647082e-06 2.3888676e-06 9.6656324e-05 2.9002302e-03 1.3203487e-01
 5.3883922e-01 3.1294110e-01 1.2917401e-02 2.6665913e-04]",1,Others,40-59
/scratch/project_462000771/mengting/projects/bias/Proteus/prompt2/selected_faces/detected_sad/sad_person_0051_face0.png,White,White,Male,30-39,"[9.1429806e-01 4.8576989e-05 6.0279068e-02 5.7449812e-05 1.4730926e-04
 2.0806172e-03 2.3088843e-02]",[9.6235758e-01 6.2308897e-04 1.8413069e-03 3.5178062e-02],[9.999960e-01 3.989587e-06],"[2.3963281e-07 3.2874166e-06 7.6688715e-04 7.0265025e-02 6.9515425e-01
 2.2897992e-01 4.8147636e-03 1.5478121e-05 1.3412345e-07]",1,White,20-39
/scratch/project_462000771/mengting/projects/bias/Proteus/prompt2/selected_faces/detected_sad/sad_person_0052_face0.png,White,White,Male,30-39,"[3.66596460e-01 8.23888520e-04 2.56236374e-01 1.42822013e-04
 5.51915320e-04 1.34561015e-02 3.62192392e-01]",[0.8435571  0.01785396 0.00231314 0.13627577],[9.999997e-01 3.075692e-07],"[6.7571368e-06 3.3312517e-05 1.3177760e-03 4.8515134e-02 5.7143176e-01
 3.5700688e-01 2.1507595e-02 1.7976404e-04 1.1066991e-06]",0,White,20-39
/scratch/project_462000771/mengting/projects/bias/Proteus/prompt2/selected_faces/detected_sad/sad_person_0053_face0.png,Middle Eastern,White,Male,40-49,"[2.1865958e-01 1.4755185e-03 1.4785527e-01 1.7035118e-05 1.8397742e-04
 9.7716777e-03 6.2203693e-01]",[9.3819940e-01 1.2589511e-03 5.0518895e-04 6.0036544e-02],[9.9999821e-01 1.8257285e-06],"[4.9627124e-06 1.4888152e-05 4.4809707e-04 1.6578909e-02 3.6069220e-01
 5.3281987e-01 8.7825432e-02 1.5829719e-03 3.2641805e-05]",0,White,40-59
/scratch/project_462000771/mengting/projects/bias/Proteus/prompt2/selected_faces/detected_sad/sad_person_0054_face0.png,White,White,Male,30-39,"[8.9147937e-01 6.6685723e-04 8.6946011e-02 6.3283391e-05 3.4882885e-04
 5.7755347e-04 1.9918129e-02]",[0.9825924  0.00972678 0.00190325 0.00577764],[9.9912995e-01 8.7008026e-04],"[5.3405137e-07 7.9463880e-06 2.0461581e-03 1.6733153e-01 6.4472401e-01
 1.7350633e-01 1.2150965e-02 2.2771330e-04 4.7141716e-06]",0,White,20-39
/scratch/project_462000771/mengting/projects/bias/Proteus/prompt2/selected_faces/detected_sad/sad_person_0055_face0.png,White,White,Male,40-49,"[9.2881817e-01 1.9782924e-04 4.6407584e-02 6.9636269e-05 4.2516156e-04
 2.1990270e-03 2.1882676e-02]",[9.8540670e-01 6.3706969e-04 1.0721635e-03 1.2884084e-02],[9.9999750e-01 2.4863373e-06],"[4.3866421e-06 2.7019250e-05 1.0658309e-03 1.0687557e-02 2.0042665e-01
 6.0901558e-01 1.7545444e-01 3.2737292e-03 4.4810724e-05]",0,White,40-59
/scratch/project_462000771/mengting/projects/bias/Proteus/prompt2/selected_faces/detected_sad/sad_person_0056_face0.png,White,White,Male,40-49,"[9.8541719e-01 1.3607421e-05 1.1223836e-02 4.4113014e-05 2.7030363e-04
 1.4006041e-03 1.6301982e-03]",[0.7337033  0.00087751 0.0123622  0.2530569 ],[9.9999696e-01 3.0386857e-06],"[1.0411406e-05 1.7321343e-04 6.1105806e-03 3.4965541e-02 3.0228207e-01
 5.7246518e-01 8.2931697e-02 1.0494131e-03 1.1935040e-05]",0,White,40-59
/scratch/project_462000771/mengting/projects/bias/Proteus/prompt2/selected_faces/detected_sad/sad_person_0057_face0.png,White,White,Male,30-39,"[7.0117325e-01 8.3316772e-05 9.1822825e-02 6.8365771e-05 2.4957166e-04
 4.0836884e-03 2.0251894e-01]",[9.6613592e-01 4.0227338e-04 1.9259876e-04 3.3269260e-02],[9.9999386e-01 6.0854227e-06],"[1.6456597e-06 3.0669140e-05 1.4322941e-03 7.0591830e-02 6.7920232e-01
 2.4497038e-01 3.7522237e-03 1.8445760e-05 1.8648505e-07]",1,White,20-39
/scratch/project_462000771/mengting/projects/bias/Proteus/prompt2/selected_faces/detected_sad/sad_person_0058_face0.png,Latino_Hispanic,White,Male,30-39,"[0.37644693 0.00049486 0.41181016 0.00067735 0.00204514 0.04332217
 0.1652034 ]",[0.8357226  0.00102844 0.00327323 0.15997583],[9.9999934e-01 6.6121248e-07],"[2.01539615e-06 1.13690285e-05 6.04878529e-04 5.97740151e-02
 6.80417180e-01 2.49819383e-01 9.32623353e-03 4.46449340e-05
 3.31043509e-07]",0,Others,20-39
/scratch/project_462000771/mengting/projects/bias/Proteus/prompt2/selected_faces/detected_sad/sad_person_0060_face0.png,Middle Eastern,White,Male,30-39,"[1.8717290e-01 2.0020448e-03 3.5194257e-01 2.6860907e-05 2.1495036e-04
 5.0252140e-02 4.0838853e-01]",[7.7499282e-01 1.9689139e-03 7.4082502e-04 2.2229743e-01],[9.9999946e-01 5.5783033e-07],"[5.4037805e-06 3.6511039e-05 2.1123309e-03 5.4736733e-02 5.8403325e-01
 3.3864510e-01 2.0217769e-02 2.1104212e-04 1.9584136e-06]",1,Others,20-39
/scratch/project_462000771/mengting/projects/bias/Proteus/prompt2/selected_faces/detected_sad/sad_person_0061_face0.png,Latino_Hispanic,White,Male,30-39,"[2.4057999e-01 6.0742181e-03 4.5103288e-01 3.2485250e-04 1.7041086e-03
 5.7236079e-02 2.4304792e-01]",[0.6249361  0.0091218  0.01939739 0.34654468],[9.9999547e-01 4.5146608e-06],"[7.62933905e-06 3.90112837e-05 9.29914182e-04 1.05572574e-01
 6.45331442e-01 2.36809820e-01 1.11342538e-02 1.72356900e-04
 3.07283130e-06]",0,Others,20-39
/scratch/project_462000771/mengting/projects/bias/Proteus/prompt2/selected_faces/detected_sad/sad_person_0062_face0.png,Middle Eastern,White,Male,30-39,"[3.2342455e-01 1.8998197e-03 2.0412110e-01 2.5111249e-05 3.3454300e-04
 5.5601206e-02 4.1459367e-01]",[9.7906643e-01 7.1441993e-04 7.6044911e-05 2.0143162e-02],[9.9999982e-01 2.0817407e-07],"[1.9272652e-06 1.2009730e-04 1.0101773e-02 3.2249898e-01 5.8765644e-01
 7.8791991e-02 8.1959693e-04 9.2174705e-06 9.8861861e-08]",1,White,20-39
/scratch/project_462000771/mengting/projects/bias/Proteus/prompt2/selected_faces/detected_sad/sad_person_0063_face0.png,Latino_Hispanic,White,Male,30-39,"[0.17528372 0.00237023 0.538917   0.00111361 0.00741471 0.03425999
 0.24064076]",[0.7916967  0.00679726 0.05148709 0.15001896],[9.9999005e-01 9.9560129e-06],"[6.1271503e-06 4.4899502e-05 2.0301254e-03 7.3496677e-02 5.9824878e-01
 3.0956441e-01 1.6380789e-02 2.2552388e-04 2.7425922e-06]",0,Others,20-39
/scratch/project_462000771/mengting/projects/bias/Proteus/prompt2/selected_faces/detected_sad/sad_person_0064_face0.png,Middle Eastern,White,Male,30-39,"[1.73821136e-01 2.36597843e-03 1.94763154e-01 1.06982676e-04
 6.51568873e-04 2.69857682e-02 6.01305366e-01]",[0.7332193  0.00095419 0.00219731 0.26362917],[9.9999982e-01 1.5309341e-07],"[1.8351811e-05 6.7960209e-05 1.8000775e-03 1.7591129e-01 6.2062609e-01
 1.9119088e-01 9.9651236e-03 4.1352640e-04 6.7337328e-06]",0,Others,20-39
/scratch/project_462000771/mengting/projects/bias/Proteus/prompt2/selected_faces/detected_sad/sad_person_0065_face0.png,White,White,Male,30-39,"[7.0900488e-01 4.5127911e-04 9.0339884e-02 8.7307519e-05 6.3248829e-04
 8.5754134e-03 1.9090876e-01]",[9.7901523e-01 6.6886336e-04 6.2713696e-04 1.9688766e-02],[9.999910e-01 8.965223e-06],"[8.8989937e-06 1.2926370e-04 6.2022330e-03 2.1495520e-01 5.7464731e-01
 1.9538246e-01 8.4782708e-03 1.9230183e-04 4.0029745e-06]",1,White,20-39
/scratch/project_462000771/mengting/projects/bias/Proteus/prompt2/selected_faces/detected_sad/sad_person_0066_face0.png,Latino_Hispanic,White,Male,40-49,"[3.0392641e-01 1.1489240e-02 4.9522451e-01 1.3818829e-04 1.0968174e-03
 5.1429186e-02 1.3669570e-01]",[9.1576207e-01 4.1514793e-03 5.9895747e-04 7.9487517e-02],[9.999917e-01 8.278280e-06],"[7.1204850e-05 9.3257062e-05 1.0609926e-03 1.0487224e-02 1.5367556e-01
 5.2835149e-01 2.9681718e-01 9.3240300e-03 1.1901300e-04]",0,Others,40-59
/scratch/project_462000771/mengting/projects/bias/Proteus/prompt2/selected_faces/detected_sad/sad_person_0067_face0.png,White,White,Male,30-39,"[9.4166934e-01 2.4872097e-05 1.6446561e-02 3.6611661e-06 2.8835755e-05
 2.9450390e-04 4.1532233e-02]",[9.9806166e-01 6.6351095e-05 1.2841591e-04 1.7435456e-03],[9.999997e-01 3.139383e-07],"[9.9603892e-07 1.8934361e-05 4.8347348e-03 1.7679052e-01 6.0181600e-01
 2.1015081e-01 6.3234088e-03 6.3855456e-05 6.6355994e-07]",1,White,20-39
/scratch/project_462000771/mengting/projects/bias/Proteus/prompt2/selected_faces/detected_sad/sad_person_0068_face0.png,Middle Eastern,White,Male,40-49,"[1.9032787e-01 1.2170557e-03 3.1712174e-01 1.4459399e-04 2.1932756e-03
 7.3781572e-02 4.1521394e-01]",[0.7003733  0.00395006 0.00430246 0.29137418],[9.9999994e-01 6.9256032e-08],"[1.0142533e-05 6.2885891e-05 3.9568269e-03 3.0232595e-02 2.6792672e-01
 5.8646184e-01 1.0609958e-01 5.1773689e-03 7.2009621e-05]",0,Others,40-59
/scratch/project_462000771/mengting/projects/bias/Proteus/prompt2/selected_faces/detected_sad/sad_person_0069_face0.png,White,White,Male,30-39,"[5.9650612e-01 7.6121313e-04 3.0564493e-01 3.9281670e-04 1.2262368e-03
 1.6293522e-02 7.9175189e-02]",[0.9340538  0.00260536 0.00364334 0.05969743],[9.9999893e-01 1.0321953e-06],"[1.4802853e-05 6.0453582e-05 1.9952056e-03 6.0332995e-02 5.1020145e-01
 3.8478681e-01 4.1972809e-02 6.2966387e-04 5.7958860e-06]",1,White,20-39
/scratch/project_462000771/mengting/projects/bias/Proteus/prompt2/selected_faces/detected_sad/sad_person_0070_face0.png,Latino_Hispanic,White,Male,30-39,"[2.4040204e-01 2.5407874e-03 3.9942169e-01 1.8031641e-04 1.5256422e-03
 9.1500375e-03 3.4677944e-01]",[0.8639711  0.00248465 0.00372168 0.1298226 ],[9.9999982e-01 1.7200061e-07],"[5.1834434e-07 9.2551709e-06 1.2327264e-03 1.0704558e-01 7.0228660e-01
 1.8560554e-01 3.7953509e-03 2.4204386e-05 1.5256281e-07]",0,Others,20-39
/scratch/project_462000771/mengting/projects/bias/Proteus/prompt2/selected_faces/detected_sad/sad_person_0071_face0.png,White,White,Male,30-39,"[6.2591332e-01 2.5825785e-03 2.6885030e-01 1.9627839e-04 7.4087112e-04
 1.4879897e-02 8.6836770e-02]",[0.93812287 0.00109551 0.00345218 0.05732944],[9.9998862e-01 1.1330846e-05],"[5.5020030e-07 5.2670434e-06 1.4282166e-03 2.6716229e-01 6.5587097e-01
 7.3926754e-02 1.5911565e-03 1.4565627e-05 2.4658135e-07]",0,White,20-39
/scratch/project_462000771/mengting/projects/bias/Proteus/prompt2/selected_faces/detected_sad/sad_person_0072_face0.png,Latino_Hispanic,White,Male,40-49,"[3.1051508e-01 1.3264442e-02 3.7840703e-01 2.0389959e-04 6.4686732e-03
 1.4621614e-01 1.4492482e-01]",[0.7674413  0.01281185 0.00762933 0.21211751],[9.9999964e-01 3.5640824e-07],"[9.8415785e-07 4.4551634e-06 6.6970062e-04 3.7349958e-02 3.4821931e-01
 5.2132571e-01 8.9622952e-02 2.7572841e-03 4.9670492e-05]",0,Others,40-59
/scratch/project_462000771/mengting/projects/bias/Proteus/prompt2/selected_faces/detected_sad/sad_person_0073_face0.png,White,White,Male,40-49,"[5.9786081e-01 4.4608559e-03 1.4267679e-01 2.8637971e-05 2.6936023e-04
 4.2919792e-02 2.1178377e-01]",[0.9048225  0.00232905 0.00133113 0.0915173 ],[9.9994457e-01 5.5454755e-05],"[1.7671055e-06 4.4955432e-06 2.1770426e-04 3.2589618e-02 4.0235928e-01
 4.5107093e-01 1.1006344e-01 3.5068686e-03 1.8583490e-04]",0,White,40-59
/scratch/project_462000771/mengting/projects/bias/Proteus/prompt2/selected_faces/detected_sad/sad_person_0074_face0.png,Middle Eastern,White,Male,30-39,"[2.4223691e-01 7.6906668e-05 7.9615578e-02 1.4287820e-04 4.1496695e-04
 8.1049493e-03 6.6940778e-01]",[8.5984713e-01 7.4560120e-04 1.7513447e-02 1.2189378e-01],[9.9999678e-01 3.2739454e-06],"[9.5231081e-07 6.8498703e-06 8.9977332e-04 9.2116430e-02 7.2542673e-01
 1.7867362e-01 2.8597903e-03 1.5593643e-05 1.5741843e-07]",0,White,20-39
/scratch/project_462000771/mengting/projects/bias/Proteus/prompt2/selected_faces/detected_sad/sad_person_0075_face0.png,Latino_Hispanic,Indian,Male,40-49,"[0.32040617 0.00416889 0.40904367 0.00119347 0.01796608 0.06687093
 0.18035074]",[0.4314546  0.02903928 0.10622118 0.43328497],[9.9999905e-01 9.4953378e-07],"[5.9968124e-07 1.8067303e-06 6.9671099e-05 2.6815140e-03 2.0220225e-01
 6.7372233e-01 1.2000389e-01 1.3051034e-03 1.2801353e-05]",0,Others,40-59
/scratch/project_462000771/mengting/projects/bias/Proteus/prompt2/selected_faces/detected_sad/sad_person_0076_face0.png,White,White,Male,30-39,"[6.0966605e-01 1.7592509e-04 1.4148475e-01 3.5380977e-05 4.5991022e-04
 1.3631414e-02 2.3454656e-01]",[9.6342224e-01 2.4748879e-04 9.1269083e-04 3.5417590e-02],[9.999990e-01 9.961694e-07],"[1.4617776e-06 4.0293675e-05 6.3688848e-03 2.0000792e-01 6.6301626e-01
 1.2815155e-01 2.3840868e-03 2.9257058e-05 3.3573141e-07]",0,White,20-39
/scratch/project_462000771/mengting/projects/bias/Proteus/prompt2/selected_faces/detected_sad/sad_person_0077_face0.png,Latino_Hispanic,White,Male,40-49,"[2.1441054e-01 3.4708439e-03 4.0606254e-01 4.7769761e-05 1.0460957e-03
 6.5970220e-02 3.0899191e-01]",[9.5999950e-01 6.3108606e-04 4.0481761e-03 3.5321180e-02],[9.9999976e-01 1.8550726e-07],"[7.1503277e-06 9.9780074e-05 1.9643998e-03 1.4073499e-02 2.7638623e-01
 6.1299241e-01 9.3315817e-02 1.1534416e-03 7.3486535e-06]",0,Others,40-59
/scratch/project_462000771/mengting/projects/bias/Proteus/prompt2/selected_faces/detected_sad/sad_person_0078_face0.png,White,White,Male,30-39,"[9.4315976e-01 1.0354772e-04 1.7976321e-02 1.0633424e-06 9.3325307e-06
 5.0977932e-04 3.8240105e-02]",[9.9249417e-01 1.4151991e-03 1.5027286e-04 5.9403656e-03],[0.9928161  0.00718388],"[1.7426822e-07 1.6850601e-05 9.9581424e-03 4.3740931e-01 5.1926774e-01
 3.2991081e-02 3.5353581e-04 3.1247789e-06 6.9997164e-08]",0,White,20-39
/scratch/project_462000771/mengting/projects/bias/Proteus/prompt2/selected_faces/detected_sad/sad_person_0079_face0.png,White,White,Male,30-39,"[8.9136255e-01 6.9439237e-05 7.4487507e-02 3.3113567e-05 2.6836892e-04
 1.6280923e-02 1.7498106e-02]",[8.7424827e-01 6.8936672e-04 4.9378024e-03 1.2012455e-01],[9.9999809e-01 1.8926926e-06],"[3.2972664e-06 3.5311677e-05 2.4249211e-03 7.6050930e-02 5.1619405e-01
 3.8687512e-01 1.8233059e-02 1.8080707e-04 2.5110894e-06]",0,White,20-39
/scratch/project_462000771/mengting/projects/bias/Proteus/prompt2/selected_faces/detected_sad/sad_person_0080_face0.png,White,White,Male,40-49,"[6.1510748e-01 3.2195525e-04 1.1411893e-01 1.2953349e-03 1.8507814e-03
 1.0194445e-02 2.5711113e-01]",[9.6686453e-01 1.6116576e-04 5.6821066e-03 2.7292194e-02],[9.9987805e-01 1.2191139e-04],"[1.1655916e-05 3.8407947e-05 1.2614051e-03 2.2122972e-02 3.1170756e-01
 5.7360643e-01 8.8842914e-02 2.3642222e-03 4.4388216e-05]",0,White,40-59
/scratch/project_462000771/mengting/projects/bias/Proteus/prompt2/selected_faces/detected_sad/sad_person_0081_face0.png,White,White,Male,40-49,"[6.8557709e-01 1.4747123e-03 2.1915938e-01 1.2180757e-04 1.1056842e-03
 3.4248434e-02 5.8312908e-02]",[0.7567488  0.00789973 0.00138938 0.23396215],[9.9999958e-01 3.9693504e-07],"[7.0611491e-06 2.7053224e-05 1.4115032e-03 2.5896681e-02 3.3735028e-01
 5.2523178e-01 1.0766370e-01 2.3828926e-03 2.9121811e-05]",0,White,40-59
/scratch/project_462000771/mengting/projects/bias/Proteus/prompt2/selected_faces/detected_sad/sad_person_0082_face0.png,White,White,Male,30-39,"[5.59178293e-01 8.09833116e-04 3.80832136e-01 9.37137302e-05
 8.41730274e-04 1.25704575e-02 4.56738137e-02]",[8.8134128e-01 5.0834386e-04 5.1849540e-03 1.1296544e-01],[9.9999452e-01 5.5331075e-06],"[6.73377235e-06 1.08171786e-04 1.78519823e-02 3.45340282e-01
 5.43704152e-01 8.98607597e-02 3.07682087e-03 5.03684423e-05
 7.66788332e-07]",0,White,20-39
/scratch/project_462000771/mengting/projects/bias/Proteus/prompt2/selected_faces/detected_sad/sad_person_0083_face0.png,White,White,Male,30-39,"[6.45898521e-01 4.13773378e-04 1.03618525e-01 6.88062646e-05
 2.29694764e-04 5.96031500e-03 2.43810400e-01]",[9.8454201e-01 2.6971972e-04 6.0749054e-04 1.4580716e-02],[9.9952847e-01 4.7150685e-04],"[4.1132248e-06 1.4713626e-05 1.3588651e-03 1.1055807e-01 6.1165673e-01
 2.5719109e-01 1.8717432e-02 4.8580676e-04 1.3209093e-05]",1,White,20-39
/scratch/project_462000771/mengting/projects/bias/Proteus/prompt2/selected_faces/detected_sad/sad_person_0084_face0.png,White,White,Male,40-49,"[6.8380445e-01 2.3469622e-03 1.1543247e-01 8.2728684e-06 1.4232141e-04
 4.8386317e-02 1.4987920e-01]",[7.28214800e-01 2.60742637e-03 1.21013196e-04 2.69056737e-01],[9.9999994e-01 6.2536117e-08],"[7.2418845e-07 8.3050681e-06 1.2619214e-03 3.6414646e-02 3.8825998e-01
 5.3252506e-01 4.0829085e-02 6.9511216e-04 5.1762950e-06]",0,White,40-59
/scratch/project_462000771/mengting/projects/bias/Proteus/prompt2/selected_faces/detected_sad/sad_person_0085_face0.png,Middle Eastern,White,Male,50-59,"[2.0365129e-01 5.2129370e-03 7.5084426e-02 2.8412786e-04 1.0251069e-02
 3.4705108e-01 3.5846511e-01]",[0.5072683  0.01214317 0.03436515 0.44622335],[9.9988526e-01 1.1474327e-04],"[7.66377889e-06 2.12982159e-05 8.54801037e-04 1.13616865e-02
 5.24082780e-02 2.77391434e-01 3.64407778e-01 2.09730163e-01
 8.38169679e-02]",0,Others,40-59
/scratch/project_462000771/mengting/projects/bias/Proteus/prompt2/selected_faces/detected_sad/sad_person_0086_face0.png,White,White,Male,30-39,"[8.8448709e-01 8.0404594e-04 7.1738482e-02 8.5747160e-06 4.3015472e-05
 8.7372609e-04 4.2045049e-02]",[0.9707645  0.00730115 0.00423069 0.01770361],[0.9950963  0.00490369],"[2.2188607e-07 5.7776469e-06 2.9449477e-03 2.9053155e-01 6.4484137e-01
 6.0271010e-02 1.3892773e-03 1.5513890e-05 3.8515515e-07]",0,White,20-39
/scratch/project_462000771/mengting/projects/bias/Proteus/prompt2/selected_faces/detected_sad/sad_person_0087_face0.png,Middle Eastern,White,Male,30-39,"[3.4562883e-01 2.6866639e-04 1.8462373e-01 9.2823429e-05 8.6810748e-04
 4.6423804e-02 4.2209399e-01]",[8.8235563e-01 9.3337236e-05 1.9792421e-03 1.1557183e-01],[9.9999660e-01 3.4680515e-06],"[9.8815972e-06 1.6948576e-04 7.8235045e-03 2.1813330e-01 6.2999874e-01
 1.4096817e-01 2.8720456e-03 2.4522009e-05 3.0083314e-07]",0,White,20-39
/scratch/project_462000771/mengting/projects/bias/Proteus/prompt2/selected_faces/detected_sad/sad_person_0088_face0.png,White,White,Male,40-49,"[9.4648880e-01 5.8649915e-05 1.9808164e-02 4.4341410e-05 9.8100420e-05
 8.6259551e-04 3.2639254e-02]",[9.8560101e-01 2.0696850e-04 1.2536084e-03 1.2938413e-02],[9.9999446e-01 5.5196656e-06],"[1.7663723e-06 5.3373710e-06 3.2807386e-04 1.0047600e-02 2.5689375e-01
 6.2990487e-01 1.0163287e-01 1.1712327e-03 1.4601228e-05]",0,White,40-59
/scratch/project_462000771/mengting/projects/bias/Proteus/prompt2/selected_faces/detected_sad/sad_person_0089_face0.png,White,White,Male,30-39,"[8.6734384e-01 6.6224988e-05 5.0947312e-02 5.3107444e-05 3.1161090e-04
 2.8913950e-03 7.8386538e-02]",[9.8677957e-01 9.9942808e-05 1.4034922e-03 1.1717058e-02],[9.999918e-01 8.253283e-06],"[4.1172848e-06 2.4742356e-05 9.1105135e-04 4.0244121e-02 5.2140987e-01
 4.1984609e-01 1.7431991e-02 1.2636256e-04 1.5313414e-06]",1,White,20-39
/scratch/project_462000771/mengting/projects/bias/Proteus/prompt2/selected_faces/detected_sad/sad_person_0090_face0.png,White,White,Male,30-39,"[0.49291432 0.00295586 0.31104794 0.00167413 0.01053681 0.02837461
 0.15249622]",[0.84785414 0.00537553 0.00790712 0.1388632 ],[9.9997991e-01 2.0062751e-05],"[5.25611313e-06 7.19008749e-05 2.25465186e-03 9.45528448e-02
 5.31851292e-01 3.44020754e-01 2.66644172e-02 5.64171933e-04
 1.47583805e-05]",0,White,20-39
/scratch/project_462000771/mengting/projects/bias/Proteus/prompt2/selected_faces/detected_sad/sad_person_0091_face0.png,White,White,Male,30-39,"[9.75282729e-01 2.17731431e-05 1.51012745e-02 7.92882474e-06
 2.38846496e-05 8.24335439e-04 8.73802509e-03]",[9.9569547e-01 1.3894630e-04 1.8850467e-04 3.9770463e-03],[0.9987119  0.00128811],"[3.3363943e-07 2.7325511e-06 1.0759919e-03 1.6059239e-01 6.1295092e-01
 2.1432801e-01 1.0888692e-02 1.5676008e-04 4.1693852e-06]",1,White,20-39
/scratch/project_462000771/mengting/projects/bias/Proteus/prompt2/selected_faces/detected_sad/sad_person_0092_face0.png,White,White,Male,30-39,"[6.0629910e-01 2.3933214e-03 8.3926126e-02 2.0932994e-05 9.8399389e-05
 1.7133093e-03 3.0554888e-01]",[9.6853322e-01 7.6662023e-03 8.4738643e-04 2.2953184e-02],[9.9999821e-01 1.7778359e-06],"[1.4616688e-06 1.0520468e-05 2.0440388e-03 3.0338523e-01 5.8460736e-01
 1.0581040e-01 4.0426017e-03 9.6239644e-05 2.0552061e-06]",1,White,20-39
/scratch/project_462000771/mengting/projects/bias/Proteus/prompt2/selected_faces/detected_sad/sad_person_0093_face0.png,White,White,Male,30-39,"[8.1514943e-01 2.4150312e-04 1.5390633e-01 1.2873970e-04 3.6524454e-04
 5.9345653e-03 2.4274215e-02]",[9.8136055e-01 4.2297575e-04 6.0481863e-04 1.7611643e-02],[0.9718663  0.02813371],"[6.5599361e-06 3.9978389e-05 2.9059134e-03 6.9110058e-02 4.3619022e-01
 4.0893528e-01 8.1434868e-02 1.3467580e-03 3.0432626e-05]",0,White,20-39
/scratch/project_462000771/mengting/projects/bias/Proteus/prompt2/selected_faces/detected_sad/sad_person_0094_face0.png,White,White,Male,30-39,"[6.7844623e-01 5.7023444e-04 2.8394637e-01 2.0461333e-04 1.3314963e-03
 1.4993609e-02 2.0507494e-02]",[9.7949040e-01 3.2907145e-04 6.2779267e-04 1.9552805e-02],[9.9996942e-01 3.0582425e-05],"[4.2352517e-06 2.4830717e-05 1.4317941e-03 4.0968962e-02 4.7441459e-01
 4.3938628e-01 4.3288484e-02 4.7299068e-04 7.7558398e-06]",0,White,20-39
/scratch/project_462000771/mengting/projects/bias/Proteus/prompt2/selected_faces/detected_sad/sad_person_0095_face0.png,White,White,Male,30-39,"[5.7630342e-01 3.8513908e-04 2.0022433e-01 7.4000491e-05 9.8457630e-04
 6.8413489e-02 1.5361503e-01]",[9.4815010e-01 6.6329667e-05 5.0400029e-04 5.1279534e-02],[9.9999994e-01 4.7462304e-08],"[2.7598794e-06 1.4410616e-04 1.1702889e-02 2.4704777e-01 6.4234638e-01
 9.7720906e-02 1.0282426e-03 6.8307604e-06 6.2224565e-08]",0,White,20-39
/scratch/project_462000771/mengting/projects/bias/Proteus/prompt2/selected_faces/detected_sad/sad_person_0096_face0.png,Middle Eastern,White,Male,40-49,"[2.9609300e-02 1.4277917e-04 3.9132841e-02 1.6631662e-05 1.7037617e-04
 1.6705627e-02 9.1422242e-01]",[6.9570500e-01 2.4269847e-04 2.2014635e-04 3.0383217e-01],[1.0000000e+00 2.6973932e-09],"[4.8262727e-06 3.2620464e-05 2.1178690e-03 4.3216065e-02 4.6044275e-01
 4.6750998e-01 2.6010044e-02 6.6204777e-04 3.7394798e-06]",0,Others,40-59
/scratch/project_462000771/mengting/projects/bias/Proteus/prompt2/selected_faces/detected_sad/sad_person_0097_face0.png,White,White,Male,40-49,"[7.6969552e-01 1.4672872e-03 6.0916737e-02 5.1949457e-05 3.4578727e-04
 1.3708878e-02 1.5381391e-01]",[9.5518076e-01 3.5955410e-03 7.2619267e-04 4.0497448e-02],[9.9999124e-01 8.7731232e-06],"[1.2265753e-06 3.7557293e-06 3.4509361e-04 3.0874841e-02 4.2394903e-01
 4.8037863e-01 6.2831014e-02 1.5681654e-03 4.8128662e-05]",0,White,40-59
/scratch/project_462000771/mengting/projects/bias/Proteus/prompt2/selected_faces/detected_sad/sad_person_0098_face0.png,Latino_Hispanic,Indian,Male,30-39,"[3.0558854e-01 1.3817184e-03 5.2749979e-01 2.4430719e-04 1.7871953e-03
 9.5796652e-02 6.7701720e-02]",[0.4015829  0.01348566 0.0028148  0.5821166 ],[9.9999952e-01 4.8608734e-07],"[4.13928365e-06 1.31682857e-04 1.57823507e-02 2.44038776e-01
 6.07253730e-01 1.28069535e-01 4.59699286e-03 1.21113684e-04
 1.66528230e-06]",0,Others,20-39
/scratch/project_462000771/mengting/projects/bias/Proteus/prompt2/selected_faces/detected_sad/sad_person_0099_face0.png,White,White,Male,40-49,"[7.9552460e-01 4.1590672e-04 1.2654792e-01 1.7033084e-04 4.8254212e-04
 6.7950753e-03 7.0063636e-02]",[0.97378105 0.00107998 0.00101952 0.02411957],[9.9998754e-01 1.2446005e-05],"[6.9379206e-07 1.7936094e-06 1.9371472e-04 1.3619338e-02 3.4761041e-01
 5.5228478e-01 8.5395910e-02 8.8189665e-04 1.1478387e-05]",0,White,40-59
/scratch/project_462000771/mengting/projects/bias/Proteus/prompt2/selected_faces/detected_sad/sad_person_0100_face0.png,White,White,Male,40-49,"[7.7265084e-01 6.4793101e-04 1.9280149e-01 6.1170111e-05 2.1755432e-04
 8.1901262e-03 2.5430784e-02]",[9.6526778e-01 4.9868453e-04 2.8125898e-04 3.3952247e-02],[9.9999785e-01 2.1748340e-06],"[6.17250976e-07 3.14900217e-06 1.66005193e-04 6.40916778e-03
 3.29040796e-01 6.26982987e-01 3.72868851e-02 1.09724504e-04
 5.99623036e-07]",1,White,40-59
/scratch/project_462000771/mengting/projects/bias/Proteus/prompt2/selected_faces/detected_sad/sad_person_0101_face0.png,White,White,Male,30-39,"[8.6236525e-01 5.5312150e-04 2.7013671e-02 9.0057474e-06 1.0791789e-04
 3.3486916e-03 1.0660235e-01]",[9.8564661e-01 2.6905208e-04 3.5610312e-04 1.3728293e-02],[9.9999923e-01 8.0770246e-07],"[3.3843051e-07 1.3389821e-05 2.2495638e-03 1.6310978e-01 6.2366569e-01
 2.0561703e-01 5.2667246e-03 7.5890785e-05 1.6141153e-06]",0,White,20-39
/scratch/project_462000771/mengting/projects/bias/Proteus/prompt2/selected_faces/detected_sad/sad_person_0102_face0.png,White,White,Male,30-39,"[9.24133837e-01 1.56336595e-04 6.13361225e-02 6.60857113e-05
 2.14701780e-04 3.64725292e-03 1.04456255e-02]",[9.8423719e-01 2.1058938e-03 3.1788289e-04 1.3338982e-02],[9.9950194e-01 4.9808988e-04],"[5.2380174e-06 4.8089492e-05 6.9328989e-03 1.9956778e-01 5.8081269e-01
 1.9918816e-01 1.3161711e-02 2.7455369e-04 8.8686784e-06]",0,White,20-39
/scratch/project_462000771/mengting/projects/bias/Proteus/prompt2/selected_faces/detected_sad/sad_person_0103_face0.png,White,White,Male,30-39,"[4.6165037e-01 2.2497479e-04 4.0263939e-01 2.7440232e-04 1.6331017e-03
 1.1841394e-02 1.2173636e-01]",[9.6073073e-01 2.5916865e-04 1.6877687e-03 3.7322372e-02],[9.9998188e-01 1.8151502e-05],"[2.7687424e-06 2.9467774e-05 3.7443843e-03 9.3926527e-02 6.3729525e-01
 2.5338441e-01 1.1460720e-02 1.5471620e-04 1.7808858e-06]",0,White,20-39
/scratch/project_462000771/mengting/projects/bias/Proteus/prompt2/selected_faces/detected_sad/sad_person_0104_face0.png,White,White,Male,30-39,"[5.4241145e-01 1.4537415e-03 2.0185122e-01 4.4760272e-05 9.7187218e-04
 9.0855382e-02 1.6241150e-01]",[0.75985014 0.00488825 0.00226686 0.23299478],[1.0000000e+00 2.2670951e-08],"[5.4623511e-06 8.2625600e-05 4.9622301e-03 7.3668003e-02 4.5636177e-01
 4.3506062e-01 2.9488280e-02 3.6807146e-04 3.0299318e-06]",0,White,20-39
/scratch/project_462000771/mengting/projects/bias/Proteus/prompt2/selected_faces/detected_sad/sad_person_0105_face0.png,White,White,Male,30-39,"[7.9597431e-01 3.1697250e-04 1.4041279e-01 7.6318436e-05 2.4518790e-04
 4.4912994e-03 5.8483042e-02]",[9.7285348e-01 1.7112113e-03 4.3489947e-04 2.5000380e-02],[9.9999094e-01 9.0523135e-06],"[2.9600865e-06 4.8375576e-05 6.7494237e-03 2.1605542e-01 6.2461722e-01
 1.4626990e-01 6.1134333e-03 1.4119441e-04 2.0584268e-06]",1,White,20-39
/scratch/project_462000771/mengting/projects/bias/Proteus/prompt2/selected_faces/detected_sad/sad_person_0106_face0.png,White,White,Male,30-39,"[7.1433997e-01 4.4468994e-04 1.2487036e-01 4.2596504e-05 3.0400330e-04
 1.5044000e-02 1.4495444e-01]",[9.6384436e-01 7.7641790e-04 7.5637898e-04 3.4622792e-02],[9.9999946e-01 5.8728870e-07],"[1.05445224e-05 2.51934223e-04 1.90491304e-02 1.70222223e-01
 5.70102274e-01 2.30510399e-01 9.73614585e-03 1.16372394e-04
 1.05319248e-06]",0,White,20-39
/scratch/project_462000771/mengting/projects/bias/Proteus/prompt2/selected_faces/detected_sad/sad_person_0107_face0.png,White,White,Male,30-39,"[8.6794513e-01 1.6319683e-04 8.9347981e-02 8.2734274e-05 2.1014879e-04
 1.8530933e-03 4.0397685e-02]",[9.9904525e-01 8.6339438e-05 1.4003794e-04 7.2831224e-04],[0.96729344 0.03270654],"[3.4252246e-06 2.2493496e-05 3.3661083e-03 1.8673427e-01 6.3982964e-01
 1.6038303e-01 9.4504114e-03 2.0623258e-04 4.4215840e-06]",0,White,20-39
/scratch/project_462000771/mengting/projects/bias/Proteus/prompt2/selected_faces/detected_sad/sad_person_0108_face0.png,White,White,Male,40-49,"[6.4791656e-01 1.6733337e-03 1.6638552e-01 1.2855235e-04 1.2407381e-03
 2.4153074e-02 1.5850225e-01]",[9.0387136e-01 3.1761260e-04 1.1753412e-03 9.4635740e-02],[9.9999905e-01 9.1906946e-07],"[1.0535779e-06 4.5289694e-06 1.7474926e-04 7.0212996e-03 2.1534468e-01
 6.4421242e-01 1.3040666e-01 2.7759473e-03 5.8638096e-05]",0,White,40-59
/scratch/project_462000771/mengting/projects/bias/Proteus/prompt2/selected_faces/detected_sad/sad_person_0109_face0.png,White,White,Male,30-39,"[6.9921637e-01 4.0790517e-05 8.9145705e-02 9.9861674e-05 3.9458551e-04
 5.6480886e-03 2.0545457e-01]",[9.61444974e-01 1.17444055e-04 2.60614767e-03 3.58314253e-02],[9.9999869e-01 1.3152926e-06],"[2.8135139e-06 1.4247716e-05 3.8150020e-04 2.2431435e-02 5.7197642e-01
 3.9043361e-01 1.4681750e-02 7.7615157e-05 5.7310115e-07]",1,White,20-39
/scratch/project_462000771/mengting/projects/bias/Proteus/prompt2/selected_faces/detected_sad/sad_person_0110_face0.png,White,White,Male,30-39,"[8.0361277e-01 1.5976601e-03 1.3599119e-01 1.8533723e-05 8.2646162e-05
 2.6387563e-03 5.6058422e-02]",[0.8438745  0.00553122 0.00108681 0.14950742],[9.9977636e-01 2.2362256e-04],"[1.5636344e-07 9.0015453e-07 2.9187620e-04 5.1215112e-02 5.3615654e-01
 3.6098418e-01 5.0164279e-02 1.1606534e-03 2.6300502e-05]",0,White,20-39
/scratch/project_462000771/mengting/projects/bias/Proteus/prompt2/selected_faces/detected_sad/sad_person_0111_face0.png,Latino_Hispanic,White,Male,40-49,"[2.8401878e-01 4.9659156e-04 3.2648662e-01 8.5948595e-05 1.0348503e-03
 8.0880068e-02 3.0699712e-01]",[0.7606295  0.00313328 0.00189177 0.23434544],[9.999994e-01 5.816140e-07],"[8.0198697e-05 5.3003483e-04 5.9729815e-03 2.4872707e-02 3.5470134e-01
 5.6877327e-01 4.4123482e-02 9.3557144e-04 1.0435491e-05]",1,Others,40-59
/scratch/project_462000771/mengting/projects/bias/Proteus/prompt2/selected_faces/detected_sad/sad_person_0112_face0.png,White,White,Male,40-49,"[4.6550620e-01 8.9833494e-03 2.7328134e-01 1.9346875e-05 5.3633051e-04
 8.0833763e-02 1.7083968e-01]",[9.2527473e-01 2.1494487e-03 2.2595888e-04 7.2349817e-02],[1.0000000e+00 5.8047838e-09],"[1.5448489e-06 2.7950055e-05 3.5215244e-03 5.4777678e-02 4.4107050e-01
 4.7109058e-01 2.9088007e-02 4.1939275e-04 2.8347238e-06]",0,White,40-59
/scratch/project_462000771/mengting/projects/bias/Proteus/prompt2/selected_faces/detected_sad/sad_person_0113_face0.png,White,White,Male,30-39,"[5.95270813e-01 2.16839323e-03 1.82458088e-01 1.00417215e-04
 9.53763141e-04 2.75822170e-02 1.91466302e-01]",[9.2538214e-01 3.9472645e-03 8.7253447e-04 6.9798104e-02],[9.999999e-01 6.648845e-08],"[1.4498395e-06 4.9325179e-05 9.4253942e-03 2.2011426e-01 5.9310359e-01
 1.7185056e-01 5.2797319e-03 1.7322481e-04 2.5059032e-06]",1,White,20-39
/scratch/project_462000771/mengting/projects/bias/Proteus/prompt2/selected_faces/detected_sad/sad_person_0114_face0.png,White,White,Male,30-39,"[8.87885094e-01 1.32474815e-05 1.14268055e-02 6.31200746e-05
 3.83207836e-04 2.46073259e-03 9.77677032e-02]",[9.9783850e-01 2.5242203e-05 3.8923134e-04 1.7469368e-03],[9.9999994e-01 9.4746945e-08],"[1.6934949e-06 1.7892799e-04 4.6495292e-02 2.9830721e-01 4.4186008e-01
 2.0647722e-01 6.6033667e-03 7.5738499e-05 5.0649891e-07]",0,White,20-39
/scratch/project_462000771/mengting/projects/bias/Proteus/prompt2/selected_faces/detected_sad/sad_person_0115_face0.png,White,White,Male,30-39,"[6.6090703e-01 2.0578455e-03 2.4440248e-01 1.5251064e-05 1.1430343e-04
 6.0876943e-03 8.6415432e-02]",[9.9354625e-01 1.0880415e-03 1.1094618e-04 5.2547357e-03],[9.9938309e-01 6.1697466e-04],"[1.5235395e-07 5.5678429e-06 4.3034824e-03 4.3994635e-01 5.3634965e-01
 1.9174496e-02 2.1776167e-04 2.5168256e-06 4.3690036e-08]",0,White,20-39
/scratch/project_462000771/mengting/projects/bias/Proteus/prompt2/selected_faces/detected_sad/sad_person_0116_face0.png,White,White,Male,30-39,"[9.4432032e-01 7.8003352e-05 3.7140798e-02 2.3646062e-05 7.4868840e-05
 1.6195630e-03 1.6742777e-02]",[9.9180245e-01 1.8532568e-04 2.8152915e-04 7.7307653e-03],[9.996867e-01 3.132719e-04],"[4.7361737e-06 1.7672297e-05 3.4479667e-03 1.7343388e-01 5.7026672e-01
 2.3539697e-01 1.7079968e-02 3.4467824e-04 7.3171814e-06]",0,White,20-39
/scratch/project_462000771/mengting/projects/bias/Proteus/prompt2/selected_faces/detected_sad/sad_person_0117_face0.png,White,White,Male,40-49,"[9.8868257e-01 3.1562507e-07 1.2326818e-03 1.6971981e-05 6.0340404e-05
 5.3256095e-05 9.9538630e-03]",[9.8404163e-01 1.3274464e-04 9.1622705e-03 6.6634216e-03],[0.9973416  0.00265848],"[1.3342435e-06 7.3285069e-06 4.3798427e-04 9.2772916e-03 1.8758865e-01
 6.8479717e-01 1.1496974e-01 2.7839271e-03 1.3651792e-04]",0,White,40-59
/scratch/project_462000771/mengting/projects/bias/Proteus/prompt2/selected_faces/detected_sad/sad_person_0118_face0.png,Latino_Hispanic,White,Male,30-39,"[3.4236050e-01 9.8100202e-03 5.1450974e-01 1.8303498e-04 1.4120010e-03
 9.7342543e-02 3.4382127e-02]",[0.75345474 0.01045839 0.00369066 0.23239623],[9.9982852e-01 1.7147652e-04],"[3.7466998e-06 1.9840561e-05 1.2292258e-03 9.4865225e-02 5.7579833e-01
 2.9105020e-01 3.6391772e-02 6.2572112e-04 1.5851641e-05]",0,Others,20-39
/scratch/project_462000771/mengting/projects/bias/Proteus/prompt2/selected_faces/detected_sad/sad_person_0119_face0.png,Latino_Hispanic,White,Male,30-39,"[3.4551680e-01 1.2980818e-02 4.3510845e-01 6.9847927e-05 4.8687955e-04
 2.4334818e-02 1.8150245e-01]",[0.77503943 0.04603722 0.00716412 0.17175916],[9.9999875e-01 1.1772170e-06],"[1.4640996e-05 2.0070439e-04 8.9910291e-03 2.4439873e-01 5.9011424e-01
 1.4741948e-01 8.7723779e-03 8.7993809e-05 8.3781049e-07]",0,Others,20-39
/scratch/project_462000771/mengting/projects/bias/Proteus/prompt2/selected_faces/detected_sad/sad_person_0120_face0.png,White,White,Male,30-39,"[4.9086103e-01 1.6273900e-03 2.9314297e-01 1.2688385e-04 7.3809316e-04
 1.7117249e-02 1.9638640e-01]",[0.9487064  0.00126009 0.00107666 0.0489568 ],[9.9999940e-01 5.8064194e-07],"[1.40827666e-07 1.00552124e-05 5.23250271e-03 3.84597063e-01
 5.75913846e-01 3.40376943e-02 2.07326259e-04 1.37632117e-06
 1.33549465e-08]",0,White,20-39
/scratch/project_462000771/mengting/projects/bias/Proteus/prompt2/selected_faces/detected_sad/sad_person_0121_face0.png,White,White,Male,30-39,"[8.2509363e-01 2.0093768e-04 1.3642821e-01 1.7317366e-04 5.7800580e-04
 9.8150838e-03 2.7710956e-02]",[0.9582408  0.0012306  0.00204802 0.03848059],[9.9999267e-01 7.3068936e-06],"[1.3377080e-05 2.3445739e-04 1.1479528e-02 1.5624249e-01 6.1777335e-01
 2.0623621e-01 7.9518463e-03 6.7872388e-05 8.5804209e-07]",1,White,20-39
/scratch/project_462000771/mengting/projects/bias/Proteus/prompt2/selected_faces/detected_sad/sad_person_0122_face0.png,White,White,Male,40-49,"[8.8355857e-01 8.7366701e-05 5.7210166e-02 6.3394880e-05 4.2698902e-04
 1.9468965e-03 5.6706566e-02]",[9.9907333e-01 2.6588914e-05 3.5838424e-05 8.6423213e-04],[9.9998420e-01 1.5795595e-05],"[1.97420763e-06 7.50395293e-06 1.89954866e-04 3.96964187e-03
 1.74684599e-01 7.07547188e-01 1.12551786e-01 1.03129016e-03
 1.60516884e-05]",0,White,40-59
/scratch/project_462000771/mengting/projects/bias/Proteus/prompt2/selected_faces/detected_sad/sad_person_0123_face0.png,White,White,Male,30-39,"[8.4810293e-01 8.0694837e-05 6.7270696e-02 7.8260200e-06 6.1225939e-05
 2.8718689e-03 8.1604764e-02]",[9.5927233e-01 4.4294163e-03 7.5163704e-04 3.5546608e-02],[9.9965119e-01 3.4885798e-04],"[2.7339672e-07 2.2519123e-06 6.7711360e-04 5.9642177e-02 6.6196328e-01
 2.7042097e-01 7.2449087e-03 4.8083792e-05 8.3987874e-07]",0,White,20-39
/scratch/project_462000771/mengting/projects/bias/Proteus/prompt2/selected_faces/detected_sad/sad_person_0124_face0.png,White,White,Male,30-39,"[8.5345715e-01 5.1238318e-04 9.5820613e-02 2.1567612e-05 7.0515438e-05
 2.4784880e-03 4.7639232e-02]",[9.7265631e-01 3.3854882e-03 3.1174920e-04 2.3646478e-02],[9.9960595e-01 3.9407541e-04],"[2.6316548e-06 2.9442799e-05 2.5482972e-03 1.7866722e-01 6.8084824e-01
 1.3391894e-01 3.9306958e-03 5.3045096e-05 1.4283817e-06]",0,White,20-39
/scratch/project_462000771/mengting/projects/bias/Proteus/prompt2/selected_faces/detected_sad/sad_person_0125_face0.png,White,White,Male,30-39,"[5.6916934e-01 1.1734172e-02 2.6048592e-01 3.6061683e-05 2.1372789e-04
 1.3540426e-02 1.4482039e-01]",[9.5119822e-01 5.7532047e-03 3.6260660e-04 4.2686097e-02],[9.999916e-01 8.425761e-06],"[1.4629157e-06 2.8337992e-05 3.6673339e-03 2.5879061e-01 6.0468626e-01
 1.2837408e-01 4.3689976e-03 8.1432103e-05 1.5898831e-06]",1,White,20-39
/scratch/project_462000771/mengting/projects/bias/Proteus/prompt2/selected_faces/detected_sad/sad_person_0126_face0.png,White,White,Male,40-49,"[6.8010437e-01 1.5343524e-03 2.2156288e-01 5.2987429e-04 1.2131124e-02
 7.9935648e-02 4.2017186e-03]",[0.8258313  0.00199887 0.00305503 0.1691149 ],[9.9999785e-01 2.2053746e-06],"[2.5921249e-06 1.3669677e-05 7.8366883e-04 4.3715406e-03 8.3878137e-02
 5.6968600e-01 3.2955438e-01 1.1587185e-02 1.2285363e-04]",0,White,40-59
/scratch/project_462000771/mengting/projects/bias/Proteus/prompt2/selected_faces/detected_sad/sad_person_0127_face0.png,White,White,Male,30-39,"[5.9009188e-01 7.1837148e-04 1.9769430e-01 4.2853408e-05 3.4455475e-04
 1.5248235e-02 1.9585985e-01]",[9.6471578e-01 1.4031371e-03 1.5492682e-04 3.3726167e-02],[9.9999946e-01 5.2202398e-07],"[1.7496197e-06 1.6144491e-04 1.5458340e-02 3.9422289e-01 5.4211533e-01
 4.7691077e-02 3.4618465e-04 3.0001470e-06 3.6206835e-08]",1,White,20-39
/scratch/project_462000771/mengting/projects/bias/Proteus/prompt2/selected_faces/detected_sad/sad_person_0128_face0.png,White,White,Male,40-49,"[9.8091489e-01 2.1297437e-05 4.8874207e-03 3.6435999e-06 6.1629915e-05
 1.7196485e-03 1.2391489e-02]",[9.7547853e-01 2.3539354e-04 1.5075420e-03 2.2778491e-02],[9.9999589e-01 4.1401026e-06],"[4.5564452e-06 7.4149058e-05 3.8275635e-03 2.5653610e-02 2.0155533e-01
 6.4298826e-01 1.2354348e-01 2.3051060e-03 4.7952959e-05]",0,White,40-59
/scratch/project_462000771/mengting/projects/bias/Proteus/prompt2/selected_faces/detected_sad/sad_person_0129_face0.png,White,White,Male,30-39,"[9.6000177e-01 8.2892351e-05 2.3060601e-02 1.5061522e-05 8.4394807e-05
 5.5557289e-03 1.1199630e-02]",[9.2084795e-01 1.0400245e-03 6.0970162e-04 7.7502355e-02],[1.00000e+00 3.56842e-08],"[9.6581424e-08 3.7363445e-06 3.3985036e-03 1.6348544e-01 6.3820142e-01
 1.9085252e-01 4.0291976e-03 2.8832887e-05 2.5496172e-07]",1,White,20-39
/scratch/project_462000771/mengting/projects/bias/Proteus/prompt2/selected_faces/detected_sad/sad_person_0130_face0.png,White,White,Male,50-59,"[9.0509611e-01 5.4918934e-04 1.3214245e-02 1.2796752e-04 7.7309040e-04
 5.0281691e-03 7.5211123e-02]",[9.8788714e-01 6.7429611e-04 7.1082846e-04 1.0727646e-02],[9.9999064e-01 9.4116958e-06],"[8.1447070e-06 7.5025191e-06 1.5112554e-04 1.5677786e-03 1.5965493e-02
 1.5587391e-01 6.2159282e-01 1.9163191e-01 1.3201279e-02]",0,White,40-59
/scratch/project_462000771/mengting/projects/bias/Proteus/prompt2/selected_faces/detected_sad/sad_person_0131_face0.png,White,White,Male,40-49,"[4.1271582e-01 5.2451715e-04 2.8250274e-01 6.7383844e-05 5.3722254e-04
 3.7292238e-02 2.6635998e-01]",[9.7243643e-01 4.0807956e-04 7.0111878e-04 2.6454404e-02],[9.9999988e-01 1.4439372e-07],"[4.3385617e-06 1.6969350e-05 4.4173200e-04 3.9878781e-03 1.7292610e-01
 6.7592633e-01 1.4533943e-01 1.3496816e-03 7.4857039e-06]",0,White,40-59
/scratch/project_462000771/mengting/projects/bias/Proteus/prompt2/selected_faces/detected_sad/sad_person_0132_face0.png,White,White,Male,30-39,"[6.6295671e-01 1.6896989e-03 1.4565279e-01 1.2687767e-04 6.1469205e-04
 1.4955625e-02 1.7400354e-01]",[9.8255402e-01 3.5761690e-04 3.1500662e-04 1.6773401e-02],[9.9999994e-01 1.2352469e-07],"[3.8411040e-06 1.7118211e-05 1.1440598e-03 8.4334500e-02 5.2797848e-01
 3.4380123e-01 4.1701302e-02 1.0085650e-03 1.0958621e-05]",0,White,20-39
/scratch/project_462000771/mengting/projects/bias/Proteus/prompt2/selected_faces/detected_sad/sad_person_0133_face0.png,White,White,Male,30-39,"[4.5796293e-01 9.5403101e-04 2.1900226e-01 9.3428142e-05 3.9306565e-04
 5.2126502e-03 3.1638166e-01]",[9.8756981e-01 3.3576952e-04 1.6141350e-04 1.1932982e-02],[9.9999893e-01 1.0233377e-06],"[9.0024414e-06 6.4084343e-05 3.2972477e-03 9.8029278e-02 6.1270088e-01
 2.7531055e-01 1.0398316e-02 1.8846101e-04 2.1386204e-06]",0,White,20-39
/scratch/project_462000771/mengting/projects/bias/Proteus/prompt2/selected_faces/detected_sad/sad_person_0134_face0.png,White,White,Male,30-39,"[0.52888274 0.00102096 0.36109036 0.00118186 0.00218087 0.01609602
 0.08954713]",[0.947521   0.00343038 0.00359062 0.0454581 ],[9.998112e-01 1.888747e-04],"[7.7576195e-05 4.7260022e-04 6.7927698e-03 7.7954940e-02 5.4813516e-01
 3.3302957e-01 3.3042245e-02 4.8674006e-04 8.3241048e-06]",0,White,20-39
/scratch/project_462000771/mengting/projects/bias/Proteus/prompt2/selected_faces/detected_sad/sad_person_0135_face0.png,White,White,Male,30-39,"[6.9459301e-01 2.7089301e-04 2.3721315e-01 2.4098613e-04 1.0931620e-03
 1.8264504e-02 4.8324246e-02]",[9.8014897e-01 3.6165342e-04 2.6496357e-04 1.9224389e-02],[9.9990076e-01 9.9231293e-05],"[9.65094841e-06 1.63450561e-04 8.53589457e-03 1.20827615e-01
 6.47491395e-01 2.15218663e-01 7.66799366e-03 8.39341446e-05
 1.38711675e-06]",0,White,20-39
/scratch/project_462000771/mengting/projects/bias/Proteus/prompt2/selected_faces/detected_sad/sad_person_0136_face0.png,White,White,Male,30-39,"[8.8490087e-01 1.4602583e-03 8.8056460e-02 7.6031451e-05 2.7471967e-04
 3.5783851e-03 2.1653341e-02]",[0.79880005 0.0786963  0.01639131 0.10611237],[0.9894501  0.01054986],"[2.9899618e-07 7.6126244e-06 3.0243259e-03 4.4001836e-01 5.0593466e-01
 4.8919816e-02 2.0377829e-03 5.3566233e-05 3.6046313e-06]",0,White,20-39
/scratch/project_462000771/mengting/projects/bias/Proteus/prompt2/selected_faces/detected_sad/sad_person_0137_face0.png,Middle Eastern,White,Male,40-49,"[4.2484000e-01 6.1141560e-04 7.2431974e-02 5.1693853e-05 3.6518631e-04
 5.3738202e-03 4.9632582e-01]",[9.6147960e-01 1.8975411e-03 4.5845134e-04 3.6164422e-02],[9.9999648e-01 3.4859208e-06],"[5.31742944e-06 1.31623583e-05 4.41036274e-04 2.45438889e-02
 3.10384125e-01 5.43245852e-01 1.16567336e-01 4.68562962e-03
 1.13643313e-04]",0,White,40-59
/scratch/project_462000771/mengting/projects/bias/Proteus/prompt2/selected_faces/detected_sad/sad_person_0138_face0.png,White,White,Male,30-39,"[5.8888328e-01 9.6510956e-04 3.4559038e-01 2.6696967e-04 8.6575985e-04
 3.1811059e-02 3.1617429e-02]",[0.80150634 0.00187704 0.00132446 0.19529213],[9.9999350e-01 6.5214404e-06],"[5.9230464e-05 3.5865806e-04 6.3359602e-03 7.2417013e-02 5.2029413e-01
 3.5970575e-01 4.0300604e-02 5.2366429e-04 4.9984287e-06]",0,White,20-39
/scratch/project_462000771/mengting/projects/bias/Proteus/prompt2/selected_faces/detected_sad/sad_person_0139_face0.png,White,White,Male,30-39,"[7.6157713e-01 4.9766724e-04 1.8142849e-01 8.5511092e-05 1.4820887e-03
 3.0792059e-02 2.4137046e-02]",[0.8250017  0.00128275 0.01120017 0.16251537],[9.9999970e-01 2.8692688e-07],"[4.9983595e-07 2.9938123e-05 9.1398526e-03 2.4489376e-01 6.1547995e-01
 1.2782370e-01 2.5902493e-03 4.1483010e-05 6.4602756e-07]",0,White,20-39
/scratch/project_462000771/mengting/projects/bias/Proteus/prompt2/selected_faces/detected_sad/sad_person_0140_face0.png,Latino_Hispanic,White,Male,40-49,"[1.8771423e-01 5.2797031e-03 4.4783029e-01 1.9650634e-04 1.8371458e-03
 4.1134313e-02 3.1600776e-01]",[0.7435408  0.00603639 0.0043679  0.24605487],[9.9999976e-01 2.2995825e-07],"[2.2747572e-05 1.0267758e-04 4.6633948e-03 4.1605912e-02 3.6787570e-01
 4.6957323e-01 1.1317618e-01 2.9588111e-03 2.1310774e-05]",0,Others,40-59
/scratch/project_462000771/mengting/projects/bias/Proteus/prompt2/selected_faces/detected_sad/sad_person_0141_face0.png,White,White,Male,40-49,"[5.9818840e-01 1.0830076e-04 9.0952687e-02 7.0835507e-05 4.8658141e-04
 5.8729858e-03 3.0432016e-01]",[9.7172719e-01 2.4692577e-04 7.8043563e-04 2.7245522e-02],[9.9999166e-01 8.3743362e-06],"[1.0453921e-05 3.5335303e-05 1.2819283e-03 2.2623688e-02 3.3543959e-01
 5.6083512e-01 7.8444906e-02 1.3106805e-03 1.8304778e-05]",0,White,40-59
/scratch/project_462000771/mengting/projects/bias/Proteus/prompt2/selected_faces/detected_sad/sad_person_0142_face0.png,White,White,Male,40-49,"[6.6583532e-01 8.8542653e-04 2.5937927e-01 2.0571274e-04 1.6015932e-03
 1.1226897e-02 6.0865760e-02]",[9.5806909e-01 8.0394186e-04 2.2583064e-03 3.8868748e-02],[9.9999964e-01 3.7598238e-07],"[6.7038864e-06 4.5288976e-05 1.1032843e-03 2.4909263e-02 4.0755391e-01
 5.2002889e-01 4.5657206e-02 6.8784307e-04 7.7149125e-06]",0,White,40-59
/scratch/project_462000771/mengting/projects/bias/Proteus/prompt2/selected_faces/detected_sad/sad_person_0143_face0.png,White,White,Male,30-39,"[8.4341967e-01 3.4970831e-04 1.3072272e-01 4.3477856e-05 1.4220750e-04
 1.3126027e-03 2.4009712e-02]",[9.9535203e-01 6.2644528e-04 2.9136488e-04 3.7301250e-03],[0.99730283 0.00269715],"[7.5159465e-07 1.7202654e-05 6.8329186e-03 4.7390911e-01 4.9952906e-01
 1.9442696e-02 2.6435760e-04 3.8089108e-06 8.9280420e-08]",0,White,20-39
/scratch/project_462000771/mengting/projects/bias/Proteus/prompt2/selected_faces/detected_sad/sad_person_0144_face0.png,White,White,Male,20-29,"[9.5687073e-01 6.1746279e-05 2.5329996e-02 1.1675715e-04 3.6936460e-04
 8.6299150e-04 1.6388452e-02]",[9.9764735e-01 2.1543698e-05 9.2198321e-04 1.4090673e-03],[9.9997824e-01 2.1774282e-05],"[2.81690973e-07 1.45196245e-05 8.48030113e-03 5.55685878e-01
 4.08355772e-01 2.72339080e-02 2.26776407e-04 2.47745675e-06
 5.96729137e-08]",0,White,20-39
/scratch/project_462000771/mengting/projects/bias/Proteus/prompt2/selected_faces/detected_sad/sad_person_0145_face0.png,White,White,Male,40-49,"[6.7074299e-01 3.4838230e-03 9.9499464e-02 3.4685909e-05 6.9063017e-04
 5.7956204e-02 1.6759220e-01]",[0.91423446 0.00126989 0.00105999 0.0834356 ],[9.9999988e-01 1.5198299e-07],"[2.4025583e-06 7.2540811e-06 3.7242455e-04 2.4125869e-03 5.2526712e-02
 5.7700270e-01 3.5409963e-01 1.3304699e-02 2.7152817e-04]",0,White,40-59
/scratch/project_462000771/mengting/projects/bias/Proteus/prompt2/selected_faces/detected_sad/sad_person_0146_face0.png,Latino_Hispanic,White,Male,30-39,"[2.7595395e-01 4.4775195e-03 3.5484597e-01 2.5105060e-04 9.1902219e-04
 2.1305053e-02 3.4224740e-01]",[0.8495333  0.00788826 0.00093355 0.14164485],[9.9998999e-01 1.0049817e-05],"[1.7476063e-05 6.2185994e-05 1.3983889e-03 4.1291278e-02 5.3365868e-01
 3.9327320e-01 2.9992476e-02 3.0316922e-04 3.1894126e-06]",0,Others,20-39
/scratch/project_462000771/mengting/projects/bias/Proteus/prompt2/selected_faces/detected_sad/sad_person_0147_face0.png,Latino_Hispanic,White,Male,20-29,"[3.8164070e-01 4.4939108e-03 4.2859200e-01 9.2931397e-05 7.2875852e-04
 3.1388294e-02 1.5306348e-01]",[0.7937896  0.02996033 0.00204325 0.17420675],[9.9999887e-01 1.1136152e-06],"[3.20052391e-06 1.08418455e-04 1.34721640e-02 4.84515637e-01
 4.60583389e-01 3.99731435e-02 1.32212334e-03 2.15827495e-05
 3.29184587e-07]",0,Others,20-39
/scratch/project_462000771/mengting/projects/bias/Proteus/prompt2/selected_faces/detected_sad/sad_person_0148_face0.png,White,White,Male,40-49,"[8.2593900e-01 1.1691846e-04 8.4205568e-02 8.6074746e-05 4.8335869e-04
 2.8996228e-03 8.6269468e-02]",[9.7335190e-01 6.5852248e-04 3.6978503e-04 2.5619784e-02],[9.9999696e-01 3.0373626e-06],"[6.4549545e-06 4.9770613e-05 2.1793563e-03 3.8446452e-02 4.5299813e-01
 4.6270838e-01 4.3011028e-02 5.9495040e-04 5.4762590e-06]",0,White,40-59
/scratch/project_462000771/mengting/projects/bias/Proteus/prompt2/selected_faces/detected_sad/sad_person_0149_face0.png,White,White,Male,30-39,"[8.9084101e-01 1.3351033e-04 5.4623786e-02 2.1547283e-05 4.3184355e-05
 5.5342158e-03 4.8802804e-02]",[9.8342109e-01 2.0116064e-04 5.8575766e-04 1.5792010e-02],[0.995924   0.00407596],"[8.7656525e-07 3.9284555e-06 4.7589355e-04 9.9214770e-02 6.9648969e-01
 1.9661865e-01 7.1395622e-03 5.5542881e-05 1.0147256e-06]",1,White,20-39
/scratch/project_462000771/mengting/projects/bias/Proteus/prompt2/selected_faces/detected_sad/sad_person_0150_face0.png,White,White,Male,40-49,"[9.5889354e-01 1.3532482e-04 1.4639924e-02 1.0554058e-05 5.7436082e-05
 1.8996033e-03 2.4363734e-02]",[9.7261077e-01 3.0836833e-04 8.7170932e-04 2.6209159e-02],[9.9998122e-01 1.8727655e-05],"[2.10891244e-06 2.08831625e-05 1.49863295e-03 2.12308466e-02
 2.59923398e-01 5.96124530e-01 1.18880816e-01 2.24041403e-03
 7.83637079e-05]",0,White,40-59
/scratch/project_462000771/mengting/projects/bias/Proteus/prompt2/selected_faces/detected_sad/sad_person_0151_face0.png,White,White,Male,40-49,"[4.0851459e-01 1.9355192e-03 3.8874725e-01 2.9079287e-04 1.2898558e-03
 4.4227641e-02 1.5499434e-01]",[0.92548245 0.00267134 0.00204044 0.0698057 ],[9.9999857e-01 1.4169286e-06],"[4.1679814e-07 7.5559234e-07 6.3773216e-05 5.0682863e-03 2.2470084e-01
 6.4047712e-01 1.2889601e-01 7.8523322e-04 7.5971570e-06]",0,White,40-59
/scratch/project_462000771/mengting/projects/bias/Proteus/prompt2/selected_faces/detected_sad/sad_person_0152_face0.png,Middle Eastern,White,Male,40-49,"[2.6057732e-01 4.3216473e-04 1.9984259e-01 8.5488835e-05 5.1327620e-04
 2.4560364e-02 5.1398885e-01]",[9.4480801e-01 5.7276583e-04 7.8580371e-04 5.3833462e-02],[9.9999708e-01 2.9665953e-06],"[8.5373194e-06 3.1233696e-05 1.1849022e-03 2.9022397e-02 4.2826271e-01
 4.9637765e-01 4.4579748e-02 5.2541227e-04 7.4197364e-06]",1,White,40-59
/scratch/project_462000771/mengting/projects/bias/Proteus/prompt2/selected_faces/detected_sad/sad_person_0153_face0.png,White,White,Male,30-39,"[8.0438066e-01 1.8214044e-04 5.4848086e-02 5.4657676e-06 7.8224053e-05
 6.4812223e-03 1.3402420e-01]",[8.3993989e-01 8.2427601e-04 1.2494241e-03 1.5798649e-01],[9.9999863e-01 1.3897771e-06],"[2.2275301e-06 5.3100845e-05 6.8014394e-03 1.9482726e-01 5.7197875e-01
 2.2048552e-01 5.7496857e-03 9.9914418e-05 2.0981722e-06]",0,White,20-39
/scratch/project_462000771/mengting/projects/bias/Proteus/prompt2/selected_faces/detected_sad/sad_person_0154_face0.png,White,White,Male,40-49,"[8.8966721e-01 2.2463326e-04 3.3669237e-02 9.5880787e-05 7.5014943e-04
 1.5287446e-03 7.4064143e-02]",[0.95246345 0.00309278 0.01167285 0.03277091],[9.999948e-01 5.233559e-06],"[1.9487527e-06 1.8182656e-05 1.4875078e-03 3.8923163e-02 3.8652369e-01
 5.1885211e-01 5.3256206e-02 9.2142285e-04 1.5836789e-05]",0,White,40-59
/scratch/project_462000771/mengting/projects/bias/Proteus/prompt2/selected_faces/detected_sad/sad_person_0155_face0.png,White,White,Male,40-49,"[5.9164965e-01 9.2954695e-04 1.2054666e-01 2.8322573e-04 9.2030136e-04
 1.1825605e-02 2.7384502e-01]",[0.7177439  0.00435376 0.00264719 0.27525517],[9.9999923e-01 7.9788214e-07],"[1.8183571e-06 3.1528311e-06 3.2852267e-04 2.6716430e-02 3.2421005e-01
 4.8833266e-01 1.5227202e-01 7.9188384e-03 2.1650615e-04]",0,White,40-59
/scratch/project_462000771/mengting/projects/bias/Proteus/prompt2/selected_faces/detected_sad/sad_person_0156_face0.png,White,White,Male,30-39,"[5.9000599e-01 2.9597599e-03 2.9600856e-01 6.5142078e-05 5.3444831e-04
 1.9100567e-02 9.1325589e-02]",[7.5837934e-01 3.5850054e-03 3.3753386e-04 2.3769815e-01],[9.9950528e-01 4.9471715e-04],"[2.6796733e-06 2.9947001e-05 3.8249125e-03 1.3871311e-01 6.1180323e-01
 2.2897831e-01 1.5994139e-02 6.2630104e-04 2.7416036e-05]",1,White,20-39
/scratch/project_462000771/mengting/projects/bias/Proteus/prompt2/selected_faces/detected_sad/sad_person_0157_face0.png,White,White,Male,30-39,"[9.6541166e-01 1.8106875e-04 2.0283902e-02 1.1593227e-05 4.8738402e-05
 1.3633275e-03 1.2699734e-02]",[9.9536395e-01 3.0419801e-04 3.7638113e-04 3.9555235e-03],[9.999991e-01 9.549440e-07],"[1.5574487e-07 9.2713964e-07 2.2829304e-04 1.1812465e-01 7.2000879e-01
 1.5879084e-01 2.8231221e-03 2.2865108e-05 3.9859279e-07]",1,White,20-39
/scratch/project_462000771/mengting/projects/bias/Proteus/prompt2/selected_faces/detected_sad/sad_person_0158_face0.png,White,White,Male,40-49,"[5.7679677e-01 6.8878271e-03 2.4714497e-01 1.5155012e-04 8.2129257e-04
 2.8281132e-02 1.3991638e-01]",[9.9193984e-01 5.6962727e-04 7.0641254e-04 6.7841336e-03],[9.9999726e-01 2.8067095e-06],"[8.5776410e-06 2.8241273e-05 1.1972361e-03 2.7773218e-02 2.4373406e-01
 5.2160126e-01 1.9741493e-01 8.0657629e-03 1.7669861e-04]",0,White,40-59
/scratch/project_462000771/mengting/projects/bias/Proteus/prompt2/selected_faces/detected_sad/sad_person_0159_face0.png,White,White,Male,30-39,"[9.1517252e-01 9.0123671e-05 6.7562290e-02 6.1716077e-05 1.6816017e-04
 2.7079268e-03 1.4237319e-02]",[9.9786866e-01 3.3210989e-04 2.9935999e-04 1.4998667e-03],[0.9972363  0.00276367],"[2.0511832e-06 7.2455214e-06 1.1007100e-03 1.0845770e-01 5.5082870e-01
 3.0452627e-01 3.4240354e-02 8.1440638e-04 2.2536791e-05]",0,White,20-39
/scratch/project_462000771/mengting/projects/bias/Proteus/prompt2/selected_faces/detected_sad/sad_person_0160_face0.png,White,White,Male,30-39,"[5.7728589e-01 6.9214654e-04 1.8591239e-01 3.6747871e-05 2.9301681e-04
 8.8356519e-03 2.2694412e-01]",[9.8414457e-01 1.6366983e-04 5.9182232e-04 1.5099907e-02],[9.9999797e-01 2.0160237e-06],"[9.9509305e-07 2.9465993e-05 4.2916071e-03 1.3837075e-01 6.3022387e-01
 2.2219259e-01 4.8439307e-03 4.6344274e-05 3.7808323e-07]",0,White,20-39
/scratch/project_462000771/mengting/projects/bias/Proteus/prompt2/selected_faces/detected_sad/sad_person_0161_face0.png,White,White,Male,30-39,"[9.7327751e-01 7.3190840e-06 1.1776305e-02 2.1249939e-06 1.7654391e-05
 7.4299017e-04 1.4176011e-02]",[9.9731809e-01 1.0196311e-04 8.6770109e-05 2.4932295e-03],[0.9989354 0.0010646],"[8.7651188e-08 1.3767229e-06 7.8447012e-04 8.2173146e-02 6.1903453e-01
 2.9112241e-01 6.8352432e-03 4.7813828e-05 9.2362632e-07]",0,White,20-39
/scratch/project_462000771/mengting/projects/bias/Proteus/prompt2/selected_faces/detected_sad/sad_person_0162_face0.png,White,White,Male,40-49,"[5.4431975e-01 9.4982545e-04 2.4498613e-01 6.7601970e-05 5.0109049e-04
 6.4989984e-02 1.4418560e-01]",[8.4050429e-01 7.4136356e-04 5.1434198e-04 1.5823996e-01],[9.9999976e-01 2.4683163e-07],"[2.7901172e-06 1.0052222e-05 2.6155068e-04 6.1895568e-03 2.3717585e-01
 6.6701478e-01 8.8790737e-02 5.4967869e-04 5.0172125e-06]",0,White,40-59
/scratch/project_462000771/mengting/projects/bias/Proteus/prompt2/selected_faces/detected_sad/sad_person_0163_face0.png,White,White,Male,40-49,"[0.41782376 0.00564761 0.32436535 0.00046805 0.00707987 0.07169995
 0.17291537]",[9.9109566e-01 5.5163185e-04 7.7007787e-04 7.5826114e-03],[9.9997795e-01 2.2031994e-05],"[7.1953054e-06 3.1529435e-05 1.3578652e-03 3.3342656e-02 3.4758773e-01
 5.3097510e-01 8.3881579e-02 2.6824805e-03 1.3383254e-04]",0,White,40-59
/scratch/project_462000771/mengting/projects/bias/Proteus/prompt2/selected_faces/detected_sad/sad_person_0164_face0.png,White,White,Male,30-39,"[9.06846225e-01 1.50248787e-04 7.25498423e-02 1.01406804e-04
 3.84196115e-04 4.00308194e-03 1.59649663e-02]",[9.7959435e-01 1.8997373e-04 5.9387507e-04 1.9621765e-02],[9.9978000e-01 2.2002033e-04],"[7.7910380e-07 1.0750970e-05 2.8579251e-03 1.9269769e-01 6.4836454e-01
 1.5116729e-01 4.8227510e-03 7.6297365e-05 1.9679514e-06]",0,White,20-39
/scratch/project_462000771/mengting/projects/bias/Proteus/prompt2/selected_faces/detected_sad/sad_person_0165_face0.png,White,White,Male,30-39,"[7.0897973e-01 7.2766287e-04 2.0948786e-01 2.6399162e-04 1.2628878e-03
 2.5817905e-02 5.3459946e-02]",[0.70975477 0.00303225 0.00242862 0.28478432],[9.9999654e-01 3.4340717e-06],"[6.9065682e-06 3.8149843e-05 2.1686747e-03 6.7569137e-02 5.0069636e-01
 4.0021887e-01 2.8685365e-02 6.0388079e-04 1.2717439e-05]",0,White,20-39
/scratch/project_462000771/mengting/projects/bias/Proteus/prompt2/selected_faces/detected_sad/sad_person_0166_face0.png,White,White,Male,40-49,"[7.67665327e-01 1.19486067e-03 1.15862414e-01 9.41351464e-05
 4.91019571e-04 9.72555485e-03 1.04966767e-01]",[0.89790803 0.00882761 0.00178673 0.09147768],[9.9999529e-01 4.6986424e-06],"[5.4642493e-07 1.5803641e-06 1.5911082e-04 9.6006645e-03 2.4555212e-01
 6.2423193e-01 1.1878146e-01 1.6344589e-03 3.7977694e-05]",1,White,40-59
/scratch/project_462000771/mengting/projects/bias/Proteus/prompt2/selected_faces/detected_sad/sad_person_0167_face0.png,White,White,Male,40-49,"[9.2900717e-01 7.0696879e-05 2.5607938e-02 2.6314547e-05 1.0348587e-04
 7.9763122e-04 4.4386815e-02]",[9.8589230e-01 5.4534263e-04 8.6950068e-04 1.2692853e-02],[9.9999809e-01 1.9437346e-06],"[2.5752455e-05 4.6660389e-05 1.4319516e-03 9.0500414e-03 1.7005549e-01
 5.2277976e-01 2.8635892e-01 1.0197868e-02 5.3563992e-05]",0,White,40-59
/scratch/project_462000771/mengting/projects/bias/Proteus/prompt2/selected_faces/detected_sad/sad_person_0168_face0.png,Latino_Hispanic,Indian,Male,30-39,"[3.3868298e-01 6.7637665e-03 3.6808470e-01 1.2023243e-04 6.9091539e-04
 4.4858295e-02 2.4079902e-01]",[0.3741812  0.01909979 0.02107059 0.5856484 ],[0.9782026  0.02179748],"[7.6853830e-08 6.6484472e-07 2.3007095e-04 8.2603797e-02 7.1267259e-01
 1.9101667e-01 1.3182108e-02 2.8241746e-04 1.1670914e-05]",0,Others,20-39
/scratch/project_462000771/mengting/projects/bias/Proteus/prompt2/selected_faces/detected_sad/sad_person_0169_face0.png,White,White,Male,30-39,"[7.7732849e-01 2.8548978e-04 1.2536323e-01 6.3727886e-05 3.1912813e-04
 4.4957083e-03 9.2144288e-02]",[9.6596879e-01 3.5013357e-04 3.7240889e-04 3.3308681e-02],[9.999929e-01 7.130427e-06],"[2.2156655e-06 7.7042525e-05 6.7414823e-03 1.8462904e-01 6.5225542e-01
 1.5350012e-01 2.7662811e-03 2.8057520e-05 4.0088943e-07]",1,White,20-39
/scratch/project_462000771/mengting/projects/bias/Proteus/prompt2/selected_faces/detected_sad/sad_person_0170_face0.png,White,White,Male,30-39,"[4.9754360e-01 6.8621091e-03 3.7253484e-01 2.9842544e-04 1.2883344e-03
 1.4742419e-02 1.0673035e-01]",[0.9077881  0.00607096 0.00592141 0.08021962],[9.9997753e-01 2.2446502e-05],"[1.00325105e-05 8.72348173e-05 4.91172308e-03 2.20838606e-01
 5.55930614e-01 1.97518140e-01 2.02836543e-02 4.12063237e-04
 7.91650382e-06]",0,White,20-39
/scratch/project_462000771/mengting/projects/bias/Proteus/prompt2/selected_faces/detected_sad/sad_person_0171_face0.png,Middle Eastern,White,Male,40-49,"[2.2792417e-01 2.9850546e-03 1.2600555e-01 3.2779542e-04 7.2931312e-03
 1.3244574e-01 5.0301850e-01]",[0.9414162  0.0011417  0.00685978 0.05058239],[9.9999756e-01 2.4336964e-06],"[1.8584477e-06 2.2015545e-06 1.3008865e-04 7.1387412e-03 1.4900978e-01
 6.3766950e-01 1.9760425e-01 8.1840297e-03 2.5953026e-04]",0,White,40-59
/scratch/project_462000771/mengting/projects/bias/Proteus/prompt2/selected_faces/detected_sad/sad_person_0172_face0.png,White,White,Male,40-49,"[5.0902325e-01 1.7904173e-04 4.4962425e-02 1.2133376e-05 2.2498881e-04
 7.3841987e-03 4.3821394e-01]",[9.9652833e-01 3.8996368e-05 1.2765637e-04 3.3049677e-03],[9.999995e-01 4.434245e-07],"[4.4813905e-06 4.4358134e-05 1.9976017e-03 1.5379420e-02 2.4304442e-01
 6.6832894e-01 6.9793686e-02 1.3866882e-03 2.0489028e-05]",0,White,40-59
/scratch/project_462000771/mengting/projects/bias/Proteus/prompt2/selected_faces/detected_sad/sad_person_0173_face0.png,White,White,Male,30-39,"[9.2530113e-01 7.5379816e-05 2.2124937e-02 3.0350415e-05 6.8974106e-05
 4.7312526e-04 5.1926039e-02]",[9.9820864e-01 2.4941133e-04 6.0591748e-05 1.4813680e-03],[9.999940e-01 6.014038e-06],"[1.92414154e-06 1.29227519e-05 1.88181736e-03 7.23668858e-02
 5.40480137e-01 3.69746625e-01 1.53437555e-02 1.64037760e-04
 2.00122395e-06]",0,White,20-39
/scratch/project_462000771/mengting/projects/bias/Proteus/prompt2/selected_faces/detected_sad/sad_person_0174_face0.png,White,White,Male,30-39,"[9.5651120e-01 2.8181441e-05 3.0559070e-02 7.5827462e-05 1.3866124e-04
 9.4719342e-04 1.1739885e-02]",[9.9207300e-01 4.2389994e-04 3.0777040e-03 4.4253003e-03],[0.8682973  0.13170275],"[1.1333213e-07 1.5011396e-06 7.1589852e-04 1.3908692e-01 6.2591285e-01
 2.2544113e-01 8.6968727e-03 1.4011397e-04 4.6718324e-06]",0,White,20-39
/scratch/project_462000771/mengting/projects/bias/Proteus/prompt2/selected_faces/detected_sad/sad_person_0175_face0.png,White,White,Male,40-49,"[9.4691777e-01 3.7755926e-05 2.4176920e-02 7.9291036e-05 1.8110483e-04
 3.4648232e-04 2.8260656e-02]",[9.9444872e-01 9.2961192e-05 2.7679310e-03 2.6904834e-03],[9.9982446e-01 1.7552979e-04],"[6.5676772e-07 3.1394193e-06 6.1713578e-04 2.1382766e-02 4.0333453e-01
 5.3828812e-01 3.5940357e-02 4.2828228e-04 5.0511608e-06]",0,White,40-59
/scratch/project_462000771/mengting/projects/bias/Proteus/prompt2/selected_faces/detected_sad/sad_person_0176_face0.png,White,White,Male,30-39,"[4.5410812e-01 8.7609899e-04 1.6667493e-01 2.8594066e-05 1.9183115e-04
 1.1908654e-02 3.6621177e-01]",[9.4997960e-01 1.9226937e-03 1.3177557e-04 4.7965951e-02],[9.999946e-01 5.404148e-06],"[2.7516185e-06 1.8924053e-05 1.5518331e-03 1.3413888e-01 6.8434209e-01
 1.7560640e-01 4.2949785e-03 4.3515236e-05 6.0241024e-07]",1,White,20-39
/scratch/project_462000771/mengting/projects/bias/Proteus/prompt2/selected_faces/detected_sad/sad_person_0177_face0.png,White,White,Male,40-49,"[9.4268155e-01 6.0762759e-05 2.7096225e-02 1.1271288e-05 7.8214813e-05
 2.7351999e-03 2.7336786e-02]",[9.8616421e-01 1.6096316e-04 7.4135205e-05 1.3600750e-02],[9.9999619e-01 3.8231397e-06],"[1.7162686e-06 1.0462570e-05 6.8479549e-04 1.9449236e-02 2.9638630e-01
 6.2853247e-01 5.4311283e-02 6.1375875e-04 9.9817680e-06]",0,White,40-59
/scratch/project_462000771/mengting/projects/bias/Proteus/prompt2/selected_faces/detected_sad/sad_person_0178_face0.png,White,White,Male,30-39,"[9.36687171e-01 6.23541346e-05 4.37631607e-02 1.13704016e-04
 8.53998819e-04 3.20185069e-03 1.53177371e-02]",[9.9236405e-01 5.9422931e-05 8.4680534e-04 6.7297723e-03],[9.9999940e-01 6.2547593e-07],"[3.05199933e-06 1.41333541e-04 1.27672851e-02 2.90015727e-01
 5.69518030e-01 1.24854706e-01 2.67296983e-03 2.65218459e-05
 3.58975228e-07]",0,White,20-39
/scratch/project_462000771/mengting/projects/bias/Proteus/prompt2/selected_faces/detected_sad/sad_person_0179_face0.png,White,White,Male,30-39,"[9.4714141e-01 5.9991180e-05 4.2392977e-02 6.2311243e-05 1.5335348e-04
 9.4023719e-04 9.2497207e-03]",[9.8426551e-01 3.1960811e-04 1.4975111e-03 1.3917365e-02],[9.994629e-01 5.371281e-04],"[2.5847555e-07 4.3155701e-06 1.2063774e-03 1.4035723e-01 6.9167578e-01
 1.6316533e-01 3.5307840e-03 5.8003709e-05 1.8498073e-06]",1,White,20-39
/scratch/project_462000771/mengting/projects/bias/Proteus/prompt2/selected_faces/detected_sad/sad_person_0180_face0.png,White,White,Male,40-49,"[5.8544219e-01 9.6219854e-05 1.9425821e-01 8.1317051e-04 2.7188396e-03
 1.2245589e-02 2.0442586e-01]",[0.783817   0.00113068 0.00909341 0.20595898],[9.999923e-01 7.656961e-06],"[3.7137743e-06 1.8672366e-05 2.9199015e-04 8.8426573e-03 3.9195424e-01
 5.5359751e-01 4.5080665e-02 2.0875565e-04 1.7470537e-06]",0,White,40-59
/scratch/project_462000771/mengting/projects/bias/Proteus/prompt2/selected_faces/detected_sad/sad_person_0181_face0.png,White,White,Male,30-39,"[9.4987887e-01 2.4728743e-05 1.5064469e-02 3.7055133e-06 2.0109650e-05
 3.2588860e-04 3.4682252e-02]",[9.9271744e-01 1.8275804e-04 2.6729272e-04 6.8324404e-03],[9.9982387e-01 1.7613119e-04],"[3.1931390e-07 3.0340448e-06 8.1250526e-04 5.0947100e-02 5.0000364e-01
 4.2293102e-01 2.4919400e-02 3.7413172e-04 8.8146353e-06]",1,White,20-39
/scratch/project_462000771/mengting/projects/bias/Proteus/prompt2/selected_faces/detected_sad/sad_person_0182_face0.png,White,White,Male,30-39,"[9.1275173e-01 1.4155435e-04 5.1725939e-02 2.3510527e-05 1.1825134e-04
 3.2158915e-03 3.2023154e-02]",[0.97522444 0.00439254 0.00272804 0.0176551 ],[0.9903471 0.0096529],"[1.9339915e-07 9.3487843e-06 2.0628483e-03 1.8723398e-01 6.7868459e-01
 1.2963021e-01 2.3484293e-03 2.9221163e-05 1.1444318e-06]",0,White,20-39
/scratch/project_462000771/mengting/projects/bias/Proteus/prompt2/selected_faces/detected_sad/sad_person_0183_face0.png,White,White,Male,30-39,"[4.5610672e-01 1.0868793e-02 2.2357613e-01 1.0348793e-04 1.1270441e-03
 2.4362080e-02 2.8385571e-01]",[0.909404   0.00429756 0.00104525 0.08525319],[9.999994e-01 5.411587e-07],"[1.6975017e-06 5.5853493e-06 2.8119676e-04 3.3492781e-02 4.6861687e-01
 4.5554477e-01 4.1259572e-02 7.7768124e-04 1.9735471e-05]",0,White,20-39
/scratch/project_462000771/mengting/projects/bias/Proteus/prompt2/selected_faces/detected_sad/sad_person_0184_face0.png,White,White,Male,30-39,"[9.4723773e-01 3.6034358e-04 4.0988974e-02 4.4101631e-04 1.2509316e-03
 1.8602099e-03 7.8608217e-03]",[9.9115801e-01 5.1433063e-04 3.5684681e-03 4.7592348e-03],[9.9996656e-01 3.3428350e-05],"[5.4238626e-07 5.5108258e-06 1.1526562e-03 2.1013524e-01 6.2494648e-01
 1.5680264e-01 6.8763308e-03 7.8911660e-05 1.7110805e-06]",0,White,20-39
/scratch/project_462000771/mengting/projects/bias/Proteus/prompt2/selected_faces/detected_sad/sad_person_0185_face0.png,White,White,Male,30-39,"[7.8368336e-01 4.6617669e-04 4.9848739e-02 3.3612916e-05 1.2140700e-04
 3.0209178e-03 1.6282564e-01]",[9.9398196e-01 9.4296981e-04 8.2358107e-05 4.9927635e-03],[9.9999112e-01 8.8558845e-06],"[2.9889561e-06 1.5183328e-05 1.5071379e-03 2.0356189e-01 6.5154105e-01
 1.3897806e-01 4.2750579e-03 1.1585282e-04 2.7576500e-06]",0,White,20-39
/scratch/project_462000771/mengting/projects/bias/Proteus/prompt2/selected_faces/detected_sad/sad_person_0186_face0.png,White,White,Male,30-39,"[8.5726988e-01 2.0470130e-04 1.1865250e-01 2.8556562e-04 1.1010573e-03
 8.9395493e-03 1.3546727e-02]",[9.4628775e-01 3.9830405e-04 4.5737223e-04 5.2856561e-02],[9.9999553e-01 4.5073193e-06],"[1.0122960e-05 8.8684043e-05 5.9667900e-03 1.2667441e-01 4.7566429e-01
 3.5189259e-01 3.8931180e-02 7.5836270e-04 1.3453836e-05]",0,White,20-39
/scratch/project_462000771/mengting/projects/bias/Proteus/prompt2/selected_faces/detected_sad/sad_person_0187_face0.png,White,White,Male,40-49,"[6.1413503e-01 1.4431743e-03 2.6726878e-01 3.1482431e-04 7.7095572e-03
 4.9913362e-02 5.9215233e-02]",[0.75550425 0.00794731 0.00823344 0.22831494],[9.9999821e-01 1.7387009e-06],"[3.4335551e-06 3.4193665e-05 1.8336546e-03 1.7287901e-02 2.2482558e-01
 6.5051836e-01 1.0247387e-01 2.9752715e-03 4.7770613e-05]",0,White,40-59
/scratch/project_462000771/mengting/projects/bias/Proteus/prompt2/selected_faces/detected_sad/sad_person_0188_face0.png,White,White,Male,30-39,"[9.0275222e-01 6.3576146e-05 4.0963873e-02 1.0287781e-05 3.8827497e-05
 1.0131134e-03 5.5157956e-02]",[9.6593928e-01 7.2022300e-04 1.1583819e-03 3.2182042e-02],[0.99580735 0.00419265],"[4.43167608e-07 4.92330491e-06 1.62540225e-03 1.00663245e-01
 6.04633033e-01 2.78060585e-01 1.48951449e-02 1.15049836e-04
 2.15952673e-06]",0,White,20-39
/scratch/project_462000771/mengting/projects/bias/Proteus/prompt2/selected_faces/detected_sad/sad_person_0189_face0.png,White,White,Male,40-49,"[4.9607781e-01 2.9803598e-03 3.5701203e-01 2.9761443e-04 1.8607444e-03
 1.8261539e-02 1.2350997e-01]",[0.77453566 0.0099968  0.00636241 0.20910506],[9.9999845e-01 1.5527521e-06],"[5.3765266e-06 2.0765474e-05 1.1578477e-03 2.5321761e-02 3.1835666e-01
 4.9867922e-01 1.5214124e-01 4.2716549e-03 4.5466662e-05]",0,White,40-59
/scratch/project_462000771/mengting/projects/bias/Proteus/prompt2/selected_faces/detected_sad/sad_person_0190_face0.png,White,White,Male,30-39,"[8.3403134e-01 1.1724563e-03 6.2948503e-02 2.3409137e-05 2.2264490e-04
 6.2563983e-03 9.5345207e-02]",[0.8864318  0.00239932 0.00254437 0.10862445],[0.9963966  0.00360342],"[2.5808930e-07 2.3361488e-06 4.1210681e-04 1.1959569e-01 6.5540105e-01
 1.9904126e-01 2.4632450e-02 8.3853654e-04 7.6301971e-05]",1,White,20-39
/scratch/project_462000771/mengting/projects/bias/Proteus/prompt2/selected_faces/detected_sad/sad_person_0191_face0.png,White,White,Male,30-39,"[5.4627872e-01 1.3581959e-03 1.9505800e-01 4.3917058e-05 4.4170764e-04
 5.5844758e-02 2.0097467e-01]",[7.9424006e-01 1.0854721e-03 7.4445514e-04 2.0393005e-01],[9.9999946e-01 5.6699292e-07],"[8.2257793e-06 2.3587815e-04 9.9805752e-03 2.2902964e-01 6.2275290e-01
 1.3430111e-01 3.6587690e-03 3.2664084e-05 3.5719023e-07]",0,White,20-39
/scratch/project_462000771/mengting/projects/bias/Proteus/prompt2/selected_faces/detected_sad/sad_person_0192_face0.png,White,White,Male,30-39,"[6.5900040e-01 1.8392832e-04 2.5791714e-01 3.0169755e-04 2.9395407e-03
 8.0152825e-03 7.1641885e-02]",[9.8987323e-01 6.1495615e-05 3.4430402e-04 9.7209672e-03],[9.999995e-01 4.973815e-07],"[3.9701530e-07 1.2740718e-05 7.4082650e-03 2.5410604e-01 6.1344677e-01
 1.2246518e-01 2.5238073e-03 3.6526522e-05 3.3523955e-07]",0,White,20-39
/scratch/project_462000771/mengting/projects/bias/Proteus/prompt2/selected_faces/detected_sad/sad_person_0193_face0.png,Latino_Hispanic,White,Male,40-49,"[2.1482013e-01 1.9476483e-02 5.5586630e-01 2.8397949e-04 2.0441334e-03
 6.2052727e-02 1.4545619e-01]",[0.6632203  0.01961019 0.00415851 0.31301108],[9.9999917e-01 8.4536367e-07],"[2.0479427e-05 3.8927999e-05 7.6378539e-04 1.2700828e-02 2.2526957e-01
 5.3214806e-01 2.2285053e-01 6.1307461e-03 7.6976692e-05]",0,Others,40-59
/scratch/project_462000771/mengting/projects/bias/Proteus/prompt2/selected_faces/detected_sad/sad_person_0194_face0.png,Latino_Hispanic,White,Male,40-49,"[3.9191708e-01 3.7402986e-03 4.0647736e-01 1.0577083e-04 6.2201993e-04
 1.7785629e-02 1.7935188e-01]",[9.7330308e-01 1.7521469e-03 1.7505058e-04 2.4769735e-02],[9.9999827e-01 1.7687362e-06],"[2.6098899e-06 6.4289152e-06 2.5290021e-04 8.7988405e-03 2.5298432e-01
 5.8382571e-01 1.5104860e-01 3.0374753e-03 4.3118907e-05]",1,Others,40-59
/scratch/project_462000771/mengting/projects/bias/Proteus/prompt2/selected_faces/detected_sad/sad_person_0195_face0.png,White,White,Male,40-49,"[9.9185628e-01 4.3359501e-04 4.5306617e-03 4.9940569e-05 2.7250417e-04
 1.1611021e-03 1.6960007e-03]",[9.7233075e-01 6.9380021e-03 7.4453204e-04 1.9986736e-02],[9.999954e-01 4.648027e-06],"[4.4960188e-06 1.6480170e-05 7.8552117e-04 4.8463810e-02 3.1242627e-01
 4.2387193e-01 2.0463073e-01 9.5350584e-03 2.6570520e-04]",0,White,40-59
/scratch/project_462000771/mengting/projects/bias/Proteus/prompt2/selected_faces/detected_sad/sad_person_0196_face0.png,White,White,Male,30-39,"[7.4107987e-01 8.5063133e-04 6.0632288e-02 5.0424907e-05 2.5123771e-04
 4.3980884e-03 1.9273748e-01]",[9.6407843e-01 1.3048835e-03 5.6298537e-04 3.4053721e-02],[9.9999738e-01 2.5872005e-06],"[1.9180112e-05 9.6793352e-05 4.0279794e-03 1.1677705e-01 5.3795362e-01
 3.0444062e-01 3.4673136e-02 1.9607393e-03 5.0861832e-05]",1,White,20-39
/scratch/project_462000771/mengting/projects/bias/Proteus/prompt2/selected_faces/detected_sad/sad_person_0197_face0.png,White,White,Male,40-49,"[7.93646157e-01 3.07174865e-03 8.07376802e-02 2.60571087e-05
 3.69738962e-04 1.08675305e-02 1.11281112e-01]",[9.7350305e-01 2.2494288e-03 5.5399491e-04 2.3693530e-02],[9.9999774e-01 2.2107808e-06],"[5.5502651e-06 3.1094951e-05 8.6473470e-04 1.2537072e-02 2.3153354e-01
 6.4281559e-01 1.0952005e-01 2.6526710e-03 3.9761948e-05]",0,White,40-59
/scratch/project_462000771/mengting/projects/bias/Proteus/prompt2/selected_faces/detected_sad/sad_person_0198_face0.png,White,White,Male,30-39,"[8.3342373e-01 2.1062596e-03 1.4059532e-01 5.6487890e-05 5.9546973e-04
 1.2600471e-02 1.0622265e-02]",[9.8678684e-01 4.6746552e-04 7.4638810e-04 1.1999359e-02],[9.9999851e-01 1.4917207e-06],"[1.9217059e-06 2.1334630e-05 1.7510036e-03 5.7054147e-02 5.0070935e-01
 3.9363217e-01 4.6321154e-02 5.0176925e-04 7.1540717e-06]",0,White,20-39
/scratch/project_462000771/mengting/projects/bias/Proteus/prompt2/selected_faces/detected_sad/sad_person_0199_face0.png,White,White,Male,30-39,"[3.9670801e-01 6.1899731e-03 2.1195322e-01 2.1658321e-05 2.4374452e-04
 1.6513489e-02 3.6836994e-01]",[9.5213366e-01 3.0700909e-03 2.4601221e-04 4.4550192e-02],[9.99999940e-01 1.04962766e-07],"[3.7466968e-06 4.6795161e-05 2.7674353e-03 6.9209188e-02 5.9154958e-01
 3.2112226e-01 1.5113769e-02 1.8573870e-04 1.5212308e-06]",0,White,20-39
/scratch/project_462000771/mengting/projects/bias/Proteus/prompt2/selected_faces/detected_sad/sad_person_0200_face0.png,White,White,Male,40-49,"[5.1606441e-01 1.7382023e-03 2.0248099e-01 8.3686617e-05 3.8896073e-04
 4.1378919e-02 2.3786481e-01]",[7.5635105e-01 1.7869858e-03 7.1138208e-04 2.4115057e-01],[9.9994355e-01 5.6503864e-05],"[1.3605726e-06 2.1913643e-06 1.3592115e-04 8.6318646e-03 2.6213381e-01
 5.7336265e-01 1.5328957e-01 2.3946904e-03 4.7896243e-05]",0,White,40-59
/scratch/project_462000771/mengting/projects/bias/Proteus/prompt2/selected_faces/detected_sad/sad_person_0201_face0.png,White,White,Male,30-39,"[4.9870041e-01 1.5053718e-03 4.3729997e-01 8.8484354e-05 5.6407781e-04
 2.8122552e-02 3.3719163e-02]",[9.0451735e-01 1.9810391e-03 5.1894510e-04 9.2982680e-02],[9.9999934e-01 6.9655175e-07],"[3.08555082e-06 4.70253508e-05 4.31029405e-03 7.88058564e-02
 5.99452972e-01 3.04371148e-01 1.28958775e-02 1.12671034e-04
 1.03253308e-06]",0,White,20-39
/scratch/project_462000771/mengting/projects/bias/Proteus/prompt2/selected_faces/detected_sad/sad_person_0202_face0.png,White,White,Male,40-49,"[6.6271204e-01 1.2653543e-03 1.4555253e-01 1.5414145e-04 6.1111513e-04
 9.8936390e-03 1.7981105e-01]",[9.4150442e-01 3.1507732e-03 9.3605812e-04 5.4408673e-02],[9.999988e-01 1.192881e-06],"[2.1391028e-05 2.8212928e-05 4.2526840e-04 1.0584846e-02 2.9780909e-01
 5.7648653e-01 1.1226465e-01 2.3532256e-03 2.6793896e-05]",0,White,40-59
/scratch/project_462000771/mengting/projects/bias/Proteus/prompt2/selected_faces/detected_sad/sad_person_0203_face0.png,White,White,Male,40-49,"[9.0092212e-01 2.8316790e-05 1.4268855e-02 7.7012301e-05 1.3968926e-04
 3.8772082e-04 8.4176242e-02]",[9.9324763e-01 3.1675590e-04 5.8435620e-04 5.8512995e-03],[9.999183e-01 8.173240e-05],"[1.9791571e-06 7.4614227e-06 5.6425406e-04 2.9139491e-02 3.5888389e-01
 5.4006302e-01 7.0327327e-02 9.9615694e-04 1.6425622e-05]",1,White,40-59
/scratch/project_462000771/mengting/projects/bias/Proteus/prompt2/selected_faces/detected_sad/sad_person_0204_face0.png,White,White,Male,20-29,"[9.3089473e-01 2.0437317e-04 4.6366937e-02 1.1246629e-04 3.7492902e-04
 5.6615854e-03 1.6384931e-02]",[9.9513513e-01 1.5744816e-04 2.2566383e-04 4.4817277e-03],[9.9998748e-01 1.2533653e-05],"[2.6787984e-07 1.2852392e-05 1.7111199e-02 4.9196219e-01 4.4009003e-01
 4.9670238e-02 1.1314873e-03 2.1121312e-05 5.6620030e-07]",0,White,20-39
/scratch/project_462000771/mengting/projects/bias/Proteus/prompt2/selected_faces/detected_sad/sad_person_0205_face0.png,White,White,Male,40-49,"[5.94119608e-01 7.84855708e-03 2.25659415e-01 2.25139855e-04
 6.78631011e-03 1.05200574e-01 6.01603836e-02]",[9.7602367e-01 3.5564241e-04 7.7355310e-04 2.2847129e-02],[9.999996e-01 4.010875e-07],"[1.10788305e-05 1.22411162e-04 3.76147265e-03 1.87018625e-02
 1.56203821e-01 6.00180626e-01 2.11443484e-01 9.41310916e-03
 1.62161494e-04]",0,White,40-59
/scratch/project_462000771/mengting/projects/bias/Proteus/prompt2/selected_faces/detected_sad/sad_person_0206_face0.png,White,White,Male,30-39,"[6.4320087e-01 2.8045714e-04 1.7933284e-01 3.5872104e-05 4.3422068e-04
 3.6380026e-02 1.4033574e-01]",[8.7120163e-01 3.6183684e-04 3.6263515e-04 1.2807384e-01],[9.999994e-01 6.147204e-07],"[2.3702480e-06 5.7208548e-05 5.1702298e-03 1.9246836e-01 6.1033720e-01
 1.8719468e-01 4.7253175e-03 4.4096116e-05 5.7842090e-07]",0,White,20-39
/scratch/project_462000771/mengting/projects/bias/Proteus/prompt2/selected_faces/detected_sad/sad_person_0207_face0.png,White,White,Male,30-39,"[9.4531727e-01 1.2499081e-05 2.9001249e-02 1.2899633e-04 7.6983019e-04
 1.5511939e-03 2.3218961e-02]",[9.9686199e-01 2.7281350e-05 1.2550408e-04 2.9851883e-03],[9.9980599e-01 1.9406991e-04],"[4.7466651e-07 1.1999709e-05 5.7164091e-03 1.6734141e-01 5.8363885e-01
 2.3401853e-01 9.0966355e-03 1.7201104e-04 3.6915610e-06]",0,White,20-39
/scratch/project_462000771/mengting/projects/bias/Proteus/prompt2/selected_faces/detected_sad/sad_person_0208_face0.png,White,White,Male,30-39,"[8.66858065e-01 7.14733382e-04 1.12547226e-01 4.64932295e-04
 1.56294380e-03 3.34980618e-03 1.45023009e-02]",[0.8722397  0.02102423 0.00904534 0.09769069],[9.9999726e-01 2.7714782e-06],"[6.7393751e-07 6.1292822e-06 9.2648179e-04 1.4977480e-01 6.5212131e-01
 1.8883874e-01 8.2722791e-03 5.8970290e-05 7.0674196e-07]",0,White,20-39
/scratch/project_462000771/mengting/projects/bias/Proteus/prompt2/selected_faces/detected_sad/sad_person_0209_face0.png,White,White,Male,40-49,"[4.6911818e-01 1.2774146e-02 2.3350257e-01 2.9176659e-05 3.5690202e-04
 1.0085731e-02 2.7413329e-01]",[9.7990477e-01 8.5610751e-04 1.5463290e-04 1.9084433e-02],[9.9999976e-01 2.6345549e-07],"[3.1336317e-06 1.2823610e-05 5.0059799e-04 1.9896012e-02 3.7536550e-01
 5.2898300e-01 7.3880859e-02 1.3472678e-03 1.0910280e-05]",0,White,40-59
/scratch/project_462000771/mengting/projects/bias/Proteus/prompt2/selected_faces/detected_sad/sad_person_0210_face0.png,White,White,Male,30-39,"[9.6360284e-01 2.8713810e-05 1.1210940e-02 8.2685438e-06 3.2746841e-05
 4.9542822e-04 2.4620971e-02]",[9.8082453e-01 6.2646996e-04 6.5515155e-04 1.7893899e-02],[0.9988457  0.00115428],"[3.3679351e-07 2.0020432e-06 4.2660037e-04 6.6565305e-02 6.0445678e-01
 3.1095782e-01 1.7390694e-02 1.9508880e-04 5.2912465e-06]",0,White,20-39
/scratch/project_462000771/mengting/projects/bias/Proteus/prompt2/selected_faces/detected_sad/sad_person_0211_face0.png,White,White,Male,30-39,"[4.1285309e-01 1.6993983e-02 3.1468326e-01 9.0036097e-05 9.4971072e-04
 1.8488737e-02 2.3594122e-01]",[0.80544734 0.01758975 0.00088821 0.17607468],[9.9999970e-01 2.8703798e-07],"[5.3846325e-06 7.9855527e-05 5.1927124e-03 1.2466012e-01 5.3901100e-01
 2.9630527e-01 3.3687580e-02 1.0420460e-03 1.5996493e-05]",1,White,20-39
/scratch/project_462000771/mengting/projects/bias/Proteus/prompt2/selected_faces/detected_sad/sad_person_0212_face0.png,White,White,Male,30-39,"[7.7559900e-01 1.5615735e-03 5.6972466e-02 2.5197092e-05 2.0877889e-04
 5.4230453e-03 1.6020998e-01]",[0.91377527 0.02284559 0.00463833 0.05874081],[9.9999964e-01 3.3359808e-07],"[2.3293749e-06 3.3486107e-05 1.9027868e-03 8.6212084e-02 6.5176791e-01
 2.5555301e-01 4.4831429e-03 4.4674805e-05 6.1427858e-07]",0,White,20-39
/scratch/project_462000771/mengting/projects/bias/Proteus/prompt2/selected_faces/detected_sad/sad_person_0213_face0.png,White,White,Male,40-49,"[6.6007251e-01 1.4971082e-04 1.2850875e-01 5.9347767e-05 2.0120661e-04
 5.5628470e-03 2.0544562e-01]",[9.8672271e-01 1.0264309e-04 3.6625139e-04 1.2808431e-02],[9.999990e-01 9.655654e-07],"[1.9394956e-06 9.7182219e-06 6.1165437e-04 1.7720440e-02 4.3446657e-01
 5.0702280e-01 3.9975513e-02 1.9021140e-04 1.1183364e-06]",1,White,40-59
/scratch/project_462000771/mengting/projects/bias/Proteus/prompt2/selected_faces/detected_sad/sad_person_0214_face0.png,White,White,Male,30-39,"[9.7535360e-01 2.7994588e-06 8.7638041e-03 2.0917176e-05 1.1450891e-04
 1.1913329e-03 1.4552926e-02]",[9.8895746e-01 6.5786880e-05 3.1558200e-04 1.0661196e-02],[9.9999654e-01 3.4247880e-06],"[4.37833449e-07 2.17187826e-05 7.12744147e-03 1.21385485e-01
 5.49851358e-01 3.15565884e-01 6.00363035e-03 4.33998066e-05
 6.13031887e-07]",0,White,20-39
/scratch/project_462000771/mengting/projects/bias/Proteus/prompt2/selected_faces/detected_sad/sad_person_0215_face0.png,White,White,Male,30-39,"[6.2656885e-01 5.6704450e-03 2.3856245e-01 4.1069058e-04 1.5559162e-03
 1.7977355e-02 1.0925426e-01]",[0.888944   0.00743446 0.00328032 0.10034132],[9.9992275e-01 7.7260585e-05],"[1.5667962e-06 4.6816326e-06 2.2795294e-04 2.7237341e-02 4.8615187e-01
 4.4107437e-01 4.4592947e-02 6.8583863e-04 2.3424856e-05]",0,White,20-39
/scratch/project_462000771/mengting/projects/bias/Proteus/prompt2/selected_faces/detected_sad/sad_person_0216_face0.png,White,White,Male,40-49,"[8.2296610e-01 6.7369483e-04 6.7933768e-02 3.0117546e-05 2.1672816e-04
 3.4502540e-03 1.0472925e-01]",[9.8828304e-01 3.1706647e-04 6.5569766e-05 1.1334327e-02],[9.9999762e-01 2.4045319e-06],"[4.13775297e-06 2.17488960e-05 7.05660670e-04 1.33654345e-02
 2.51955807e-01 6.38945997e-01 9.34567973e-02 1.52268889e-03
 2.17666675e-05]",0,White,40-59
/scratch/project_462000771/mengting/projects/bias/Proteus/prompt2/selected_faces/detected_sad/sad_person_0217_face0.png,White,White,Male,30-39,"[9.0244949e-01 1.7221000e-05 1.6928501e-02 4.3200132e-05 3.6542295e-04
 7.9879316e-04 7.9397447e-02]",[9.9077439e-01 2.6032490e-05 7.7235997e-03 1.4759094e-03],[9.9999851e-01 1.4361863e-06],"[3.3396861e-07 1.1442025e-05 1.8294872e-03 5.7600636e-02 5.2197164e-01
 4.0735221e-01 1.1162286e-02 7.0881040e-05 1.0833106e-06]",0,White,20-39
/scratch/project_462000771/mengting/projects/bias/Proteus/prompt2/selected_faces/detected_sad/sad_person_0218_face0.png,White,White,Male,40-49,"[9.5056868e-01 9.5315074e-05 3.2733764e-02 4.6433992e-04 1.6001761e-03
 1.3374296e-03 1.3200428e-02]",[0.96802026 0.0014962  0.00620777 0.02427574],[9.999786e-01 2.137565e-05],"[4.57395663e-06 2.38519970e-05 1.40407949e-03 3.57874408e-02
 3.51948231e-01 4.71364111e-01 1.33515313e-01 5.84108382e-03
 1.11291294e-04]",0,White,40-59
/scratch/project_462000771/mengting/projects/bias/Proteus/prompt2/selected_faces/detected_sad/sad_person_0219_face0.png,White,White,Male,40-49,"[9.8678249e-01 3.0103471e-05 8.4578311e-03 9.7442889e-06 5.2805368e-05
 4.8249360e-04 4.1845581e-03]",[9.9291557e-01 3.6932906e-04 5.6635332e-04 6.1488091e-03],[9.9929696e-01 7.0306065e-04],"[1.54306520e-07 7.23271569e-07 1.73367152e-04 1.70443151e-02
 2.67288685e-01 5.97415030e-01 1.16338834e-01 1.68538967e-03
 5.35170730e-05]",0,White,40-59
/scratch/project_462000771/mengting/projects/bias/Proteus/prompt2/selected_faces/detected_sad/sad_person_0220_face0.png,White,White,Male,40-49,"[0.433164   0.00808771 0.3843517  0.00064084 0.00629602 0.06217508
 0.10528465]",[0.83599424 0.00708873 0.02146045 0.13545664],[9.9973679e-01 2.6321737e-04],"[9.7911206e-06 3.3665103e-05 9.3413808e-04 3.1748988e-02 3.8928401e-01
 4.9827546e-01 7.7881135e-02 1.7569206e-03 7.5919874e-05]",0,White,40-59
/scratch/project_462000771/mengting/projects/bias/Proteus/prompt2/selected_faces/detected_sad/sad_person_0221_face0.png,White,White,Male,30-39,"[8.4875733e-01 3.6956721e-05 2.1074317e-02 5.3981992e-05 1.8908828e-04
 1.1089485e-03 1.2877932e-01]",[9.9641877e-01 1.0841892e-04 1.9667447e-04 3.2760790e-03],[9.9998397e-01 1.6052370e-05],"[4.2165202e-06 5.3374410e-05 6.0645388e-03 3.0631244e-01 5.9292918e-01
 9.3084127e-02 1.5220176e-03 2.9389892e-05 6.8279763e-07]",0,White,20-39
/scratch/project_462000771/mengting/projects/bias/Proteus/prompt2/selected_faces/detected_sad/sad_person_0222_face0.png,White,White,Male,30-39,"[5.1998913e-01 8.5972581e-04 2.1282975e-01 1.4090879e-04 8.3528721e-04
 2.1059841e-02 2.4428527e-01]",[0.87136614 0.00140684 0.02926512 0.09796195],[0.9950024  0.00499761],"[2.0231151e-07 3.3621163e-06 2.5454988e-03 3.0212471e-01 6.4192104e-01
 5.2166529e-02 1.2144421e-03 2.3375958e-05 9.3420499e-07]",0,White,20-39
/scratch/project_462000771/mengting/projects/bias/Proteus/prompt2/selected_faces/detected_sad/sad_person_0223_face0.png,White,White,Male,40-49,"[9.4381970e-01 3.1246218e-05 1.1235384e-02 2.5084448e-05 8.4257430e-05
 1.5563191e-03 4.3248020e-02]",[9.8622191e-01 4.2706769e-04 2.4529060e-04 1.3105765e-02],[9.9995917e-01 4.0839102e-05],"[1.9255410e-06 3.8734192e-06 2.0339213e-04 1.2665746e-02 1.9082327e-01
 5.3951144e-01 2.4838248e-01 8.0483612e-03 3.5944095e-04]",0,White,40-59
/scratch/project_462000771/mengting/projects/bias/Proteus/prompt2/selected_faces/detected_sad/sad_person_0224_face0.png,White,White,Male,40-49,"[4.6728072e-01 2.4295090e-04 3.8497773e-01 9.8520446e-05 4.1354436e-04
 5.0038315e-02 9.6948281e-02]",[9.383332e-01 2.456982e-04 3.450852e-04 6.107595e-02],[9.9999893e-01 1.0625305e-06],"[4.6574228e-06 1.9966899e-05 3.8304561e-04 3.3661993e-03 1.3721052e-01
 7.0482558e-01 1.5315929e-01 1.0251849e-03 5.5160717e-06]",0,White,40-59
/scratch/project_462000771/mengting/projects/bias/Proteus/prompt2/selected_faces/detected_sad/sad_person_0225_face0.png,White,White,Male,40-49,"[7.4330926e-01 8.3386560e-04 1.6118202e-01 6.3506093e-05 2.3854774e-04
 6.9523016e-03 8.7420508e-02]",[0.9818091  0.00161588 0.00112672 0.0154483 ],[9.999953e-01 4.736851e-06],"[4.9814112e-06 1.2313783e-05 3.2070448e-04 2.0167632e-02 4.6865174e-01
 4.7739124e-01 3.3158075e-02 2.9039988e-04 2.9535595e-06]",0,White,40-59
/scratch/project_462000771/mengting/projects/bias/Proteus/prompt2/selected_faces/detected_sad/sad_person_0226_face0.png,White,White,Male,40-49,"[9.1175842e-01 6.3268941e-05 7.6612942e-02 4.6322450e-05 8.9312067e-05
 1.9010848e-03 9.5285438e-03]",[9.5949662e-01 8.7333348e-04 5.5759895e-04 3.9072540e-02],[9.9999332e-01 6.7384667e-06],"[2.1958886e-06 8.5807960e-06 6.5900729e-04 1.2730471e-02 3.0239916e-01
 6.2010604e-01 6.3715763e-02 3.7711835e-04 1.7266871e-06]",0,White,40-59
/scratch/project_462000771/mengting/projects/bias/Proteus/prompt2/selected_faces/detected_sad/sad_person_0227_face0.png,White,White,Male,40-49,"[9.5020187e-01 2.3253418e-04 4.0574234e-02 4.5016925e-05 2.6785690e-04
 1.7191175e-03 6.9593145e-03]",[9.9097055e-01 2.3022265e-04 7.9508632e-04 8.0041587e-03],[9.9999738e-01 2.5697868e-06],"[1.3552641e-05 8.5850981e-05 2.8081811e-03 4.4178199e-02 4.1620851e-01
 4.5041558e-01 8.4675543e-02 1.5933105e-03 2.1222042e-05]",0,White,40-59
/scratch/project_462000771/mengting/projects/bias/Proteus/prompt2/selected_faces/detected_sad/sad_person_0228_face0.png,White,White,Male,30-39,"[8.55273247e-01 2.61114066e-04 1.09567486e-01 1.19503275e-04
 3.88976943e-04 2.16676341e-03 3.22229527e-02]",[0.92468196 0.01403283 0.02643374 0.03485147],[0.997733   0.00226698],"[1.3851659e-06 1.4822494e-05 2.9270824e-03 1.3727999e-01 5.8690614e-01
 2.5673151e-01 1.5713461e-02 4.1118782e-04 1.4435909e-05]",0,White,20-39
/scratch/project_462000771/mengting/projects/bias/Proteus/prompt2/selected_faces/detected_sad/sad_person_0229_face0.png,White,White,Male,30-39,"[9.7002137e-01 1.1234531e-04 4.8151431e-03 6.7464094e-07 4.0740938e-06
 3.9887216e-04 2.4647532e-02]",[9.9689466e-01 1.1629155e-03 1.3305728e-04 1.8093266e-03],[9.9959004e-01 4.0994541e-04],"[5.1144355e-07 4.2593333e-06 8.5507776e-04 1.0963063e-01 5.6105614e-01
 2.9858321e-01 2.9450884e-02 4.0921202e-04 1.0005450e-05]",0,White,20-39
/scratch/project_462000771/mengting/projects/bias/Proteus/prompt2/selected_faces/detected_sad/sad_person_0230_face0.png,Middle Eastern,White,Male,30-39,"[4.0517309e-01 7.1380456e-04 1.5194806e-01 1.8377681e-05 2.7855820e-04
 1.8988054e-02 4.2288005e-01]",[0.6691888  0.00283999 0.00196216 0.32600906],[9.9998981e-01 1.0180114e-05],"[1.0460023e-05 2.2344083e-04 9.7842477e-03 1.9358850e-01 5.8307534e-01
 2.0361927e-01 9.4468417e-03 2.4499564e-04 6.9399848e-06]",1,White,20-39
/scratch/project_462000771/mengting/projects/bias/Proteus/prompt2/selected_faces/detected_sad/sad_person_0231_face0.png,White,White,Male,30-39,"[5.7686073e-01 1.1999440e-04 2.2105436e-01 6.1953077e-05 7.8617572e-04
 1.4213538e-02 1.8690330e-01]",[9.3582702e-01 1.3804155e-04 2.2551271e-03 6.1779860e-02],[9.9999756e-01 2.4412975e-06],"[3.5015985e-06 8.9961766e-05 9.2526404e-03 1.4392000e-01 6.5147501e-01
 1.9066595e-01 4.5426441e-03 4.9568949e-05 6.9964602e-07]",0,White,20-39
/scratch/project_462000771/mengting/projects/bias/Proteus/prompt2/selected_faces/detected_sad/sad_person_0232_face0.png,White,White,Male,30-39,"[8.38870227e-01 1.70282292e-04 1.09136224e-01 1.83800821e-05
 8.64173344e-05 2.40146415e-03 4.93170954e-02]",[9.9536306e-01 3.3122569e-04 2.2742365e-04 4.0782769e-03],[0.9791855  0.02081452],"[1.5535701e-07 1.4824985e-06 1.0361579e-03 1.7059055e-01 7.0633078e-01
 1.1820745e-01 3.7874177e-03 4.5118479e-05 9.6011127e-07]",0,White,20-39
/scratch/project_462000771/mengting/projects/bias/Proteus/prompt2/selected_faces/detected_sad/sad_person_0234_face0.png,White,White,Male,30-39,"[6.4704347e-01 3.0316501e-03 1.5196298e-01 2.2187542e-05 1.6322907e-04
 1.1545361e-02 1.8623115e-01]",[9.7526443e-01 1.0086873e-03 1.8747261e-04 2.3539463e-02],[9.9998873e-01 1.1265648e-05],"[5.5755791e-06 5.2421143e-05 2.6546940e-03 6.6393927e-02 5.4423994e-01
 3.7195542e-01 1.4384721e-02 3.0764329e-04 5.6896215e-06]",0,White,20-39
/scratch/project_462000771/mengting/projects/bias/Proteus/prompt2/selected_faces/detected_sad/sad_person_0235_face0.png,Latino_Hispanic,White,Male,30-39,"[4.5760852e-01 1.9818316e-03 5.0969595e-01 9.3383591e-05 4.5035093e-04
 7.4505107e-03 2.2719437e-02]",[0.934333   0.00601861 0.00333277 0.05631565],[0.9987936 0.0012064],"[6.6968067e-07 8.1546596e-06 3.0731980e-03 2.0991132e-01 6.4337498e-01
 1.3685012e-01 6.6618063e-03 1.1776371e-04 1.9344177e-06]",0,Others,20-39
/scratch/project_462000771/mengting/projects/bias/Proteus/prompt2/selected_faces/detected_sad/sad_person_0236_face0.png,White,White,Male,40-49,"[6.0509205e-01 2.2387435e-03 1.7088184e-01 6.5485467e-05 5.4032024e-04
 1.0991887e-02 2.1018969e-01]",[9.9228364e-01 3.0262521e-04 4.9301604e-04 6.9207596e-03],[9.9999505e-01 4.9419332e-06],"[2.2658225e-05 6.2052102e-05 7.5030228e-04 7.8048548e-03 1.6226001e-01
 6.0055518e-01 2.2243804e-01 6.0109422e-03 9.6003292e-05]",0,White,40-59
/scratch/project_462000771/mengting/projects/bias/Proteus/prompt2/selected_faces/detected_sad/sad_person_0237_face0.png,White,White,Male,30-39,"[3.6420956e-01 4.0512724e-04 3.3339831e-01 2.2159945e-04 9.9442690e-04
 3.1608343e-02 2.6916257e-01]",[8.9001858e-01 7.0923043e-04 2.6147626e-03 1.0665746e-01],[9.9999863e-01 1.3654242e-06],"[3.8247031e-06 4.9104252e-05 4.7927131e-03 3.4394437e-01 5.9488136e-01
 5.5281676e-02 1.0347861e-03 1.1996292e-05 1.3874504e-07]",1,White,20-39
/scratch/project_462000771/mengting/projects/bias/Proteus/prompt2/selected_faces/detected_sad/sad_person_0238_face0.png,White,White,Male,30-39,"[5.0668478e-01 5.9195195e-04 1.4434078e-01 2.3913536e-04 7.0264464e-04
 2.8186517e-02 3.1925431e-01]",[0.8034807  0.03661375 0.01900041 0.14090513],[0.97799665 0.02200333],"[1.2943440e-06 9.0653375e-06 8.2736742e-04 9.1645151e-02 6.2455058e-01
 2.6435632e-01 1.7895421e-02 6.6883274e-04 4.6006553e-05]",0,White,20-39
/scratch/project_462000771/mengting/projects/bias/Proteus/prompt2/selected_faces/detected_sad/sad_person_0239_face0.png,Middle Eastern,Indian,Male,50-59,"[0.12874238 0.08119    0.16548744 0.00173376 0.04377902 0.17657642
 0.40249094]",[0.27420056 0.02236763 0.24151811 0.46191365],[9.9999267e-01 7.3551728e-06],"[4.4237540e-06 1.5318916e-05 3.9237243e-04 8.3488552e-03 6.6783294e-02
 3.2791749e-01 3.8490510e-01 1.7929418e-01 3.2338966e-02]",0,Others,40-59
/scratch/project_462000771/mengting/projects/bias/Proteus/prompt2/selected_faces/detected_sad/sad_person_0240_face0.png,White,White,Male,50-59,"[4.3961924e-01 9.8204557e-03 2.0922787e-01 1.7841696e-04 6.1222503e-04
 1.9573210e-02 3.2096863e-01]",[0.9844357  0.00250231 0.00116161 0.01190047],[9.9998266e-01 1.7363698e-05],"[2.2553784e-05 9.5799205e-06 1.1950909e-04 4.1018028e-04 9.0084663e-03
 1.3881776e-01 7.0147264e-01 1.4595933e-01 4.1800300e-03]",0,White,40-59
/scratch/project_462000771/mengting/projects/bias/Proteus/prompt2/selected_faces/detected_sad/sad_person_0241_face0.png,White,White,Male,30-39,"[9.5309108e-01 1.5622351e-04 3.5463080e-02 1.3397077e-04 2.5273478e-04
 9.0089452e-04 1.0002018e-02]",[9.8715198e-01 8.4164110e-04 2.3752649e-03 9.6310545e-03],[9.9978942e-01 2.1060766e-04],"[3.53858491e-06 1.48622175e-05 1.02630386e-03 7.81318322e-02
 5.75509191e-01 3.24024081e-01 2.08554175e-02 4.23705904e-04
 1.10854517e-05]",0,White,20-39
/scratch/project_462000771/mengting/projects/bias/Proteus/prompt2/selected_faces/detected_sad/sad_person_0242_face0.png,White,White,Male,30-39,"[9.9272579e-01 1.7740813e-05 2.1236378e-03 2.8425027e-05 3.7510359e-05
 1.3071932e-04 4.9361917e-03]",[9.9757957e-01 3.7924681e-04 6.9502171e-04 1.3461418e-03],[0.98019737 0.01980262],"[5.4228207e-07 8.1022017e-06 1.0874948e-03 1.3774881e-01 6.0761046e-01
 2.4643886e-01 6.9623929e-03 1.3355566e-04 9.7345783e-06]",1,White,20-39
/scratch/project_462000771/mengting/projects/bias/Proteus/prompt2/selected_faces/detected_sad/sad_person_0243_face0.png,White,White,Male,30-39,"[7.0538503e-01 2.6686426e-04 2.0867468e-01 3.6037539e-04 1.0563084e-03
 1.3024230e-02 7.1232438e-02]",[0.9381527  0.00114168 0.00690918 0.05379646],[9.9999338e-01 6.6423568e-06],"[5.3182348e-06 1.2615591e-04 4.0000645e-03 2.3738915e-01 6.7703491e-01
 8.0368958e-02 1.0671668e-03 8.1238695e-06 1.2664296e-07]",0,White,20-39
/scratch/project_462000771/mengting/projects/bias/Proteus/prompt2/selected_faces/detected_sad/sad_person_0244_face0.png,White,White,Male,40-49,"[7.8924030e-01 3.6414890e-04 1.2685464e-01 2.9864543e-05 2.3307597e-04
 1.1962561e-02 7.1315438e-02]",[9.9041694e-01 1.9919309e-04 4.8863160e-04 8.8952510e-03],[9.9999875e-01 1.2788568e-06],"[2.0336199e-06 7.3049519e-06 4.7690343e-04 2.0052666e-02 4.3514502e-01
 5.1852268e-01 2.5671877e-02 1.2060192e-04 1.0058225e-06]",0,White,40-59
/scratch/project_462000771/mengting/projects/bias/Proteus/prompt2/selected_faces/detected_sad/sad_person_0245_face0.png,White,White,Male,30-39,"[7.0340270e-01 5.6135614e-04 2.2637963e-01 4.8027671e-04 2.0010110e-03
 1.0923184e-02 5.6251876e-02]",[9.1788244e-01 5.9735164e-04 1.4549458e-02 6.6970766e-02],[9.9999791e-01 2.0797665e-06],"[2.2203581e-06 3.0422807e-05 2.4191563e-03 1.7528166e-01 6.4848477e-01
 1.6850731e-01 5.2306014e-03 4.3132957e-05 6.7823612e-07]",0,White,20-39
/scratch/project_462000771/mengting/projects/bias/Proteus/prompt2/selected_faces/detected_sad/sad_person_0246_face0.png,White,White,Male,30-39,"[9.9508703e-01 2.8768688e-06 3.5480456e-03 4.1748817e-06 1.3497074e-05
 2.7864336e-04 1.0656764e-03]",[9.9494356e-01 2.3454275e-05 4.1846419e-04 4.6144906e-03],[0.99688053 0.00311946],"[4.1400401e-08 1.9499216e-06 9.8167046e-04 2.4793449e-01 6.7121041e-01
 7.9181314e-02 6.8533211e-04 4.7739336e-06 1.4550361e-07]",0,White,20-39
/scratch/project_462000771/mengting/projects/bias/Proteus/prompt2/selected_faces/detected_sad/sad_person_0247_face0.png,White,White,Male,50-59,"[9.3573612e-01 4.5764860e-05 7.2787022e-03 1.8177094e-05 1.7649423e-04
 2.0892813e-03 5.4655518e-02]",[9.9749863e-01 6.3599059e-06 2.7847296e-05 2.4671915e-03],[9.9999738e-01 2.6086695e-06],"[9.5313353e-06 1.7022754e-05 4.8892695e-04 2.0049051e-03 3.4175243e-02
 4.1559032e-01 5.0522709e-01 4.1089490e-02 1.3974742e-03]",0,White,40-59
/scratch/project_462000771/mengting/projects/bias/Proteus/prompt2/selected_faces/detected_sad/sad_person_0248_face0.png,White,White,Male,40-49,"[5.4771519e-01 1.6584465e-02 1.9658025e-01 4.3339594e-04 1.8935530e-03
 4.6112664e-02 1.9068050e-01]",[0.9372905  0.00239479 0.00148907 0.05882577],[0.99869335 0.00130665],"[1.5230364e-05 7.3826268e-05 1.9857173e-03 4.4783227e-02 3.9748123e-01
 4.5488223e-01 9.6457705e-02 4.1518980e-03 1.6891918e-04]",0,White,40-59
/scratch/project_462000771/mengting/projects/bias/Proteus/prompt2/selected_faces/detected_sad/sad_person_0249_face0.png,Latino_Hispanic,White,Male,30-39,"[0.25597742 0.00894808 0.5662637  0.00059369 0.00551262 0.01199856
 0.15070587]",[0.83962184 0.00251493 0.0324889  0.12537433],[9.9999857e-01 1.4178369e-06],"[6.0481902e-06 5.3705757e-05 2.1300446e-03 4.3127157e-02 4.6023616e-01
 4.4873372e-01 4.4334833e-02 1.3582202e-03 2.0164309e-05]",0,Others,20-39
/scratch/project_462000771/mengting/projects/bias/Proteus/prompt2/selected_faces/detected_sad/sad_person_0250_face0.png,White,White,Male,40-49,"[6.4441556e-01 2.3923612e-04 1.3336489e-01 1.1410637e-04 4.5638607e-04
 8.2921200e-03 2.1311763e-01]",[0.9634952  0.00101116 0.00778528 0.02770842],[9.999961e-01 3.916789e-06],"[2.4329269e-05 8.3138104e-05 1.0529793e-03 1.2098836e-02 2.7241060e-01
 6.0623974e-01 1.0684576e-01 1.2316013e-03 1.3008174e-05]",1,White,40-59
/scratch/project_462000771/mengting/projects/bias/Proteus/prompt2/selected_faces/detected_sad/sad_person_0251_face0.png,Middle Eastern,White,Male,40-49,"[1.6006941e-01 1.9072302e-02 2.6948601e-01 1.2930998e-04 2.0182494e-03
 1.6191919e-01 3.8730550e-01]",[0.50220007 0.01570462 0.04623617 0.4358591 ],[9.9998021e-01 1.9773523e-05],"[1.0814102e-05 2.7277405e-05 7.0057873e-04 7.5115846e-03 1.1344199e-01
 4.2667142e-01 4.1337621e-01 3.6714960e-02 1.5452203e-03]",0,Others,40-59
/scratch/project_462000771/mengting/projects/bias/Proteus/prompt2/selected_faces/detected_sad/sad_person_0252_face0.png,White,White,Male,30-39,"[9.5588118e-01 7.0048940e-05 2.7752152e-02 9.4168890e-06 1.0918757e-04
 4.6654860e-03 1.1512634e-02]",[8.5400933e-01 1.8004741e-03 8.1441237e-04 1.4337578e-01],[9.9999988e-01 8.2153655e-08],"[3.2615873e-07 2.2520131e-05 1.2306862e-02 3.0765381e-01 5.1331025e-01
 1.6252896e-01 4.1320226e-03 4.4816457e-05 3.5765211e-07]",0,White,20-39
/scratch/project_462000771/mengting/projects/bias/Proteus/prompt2/selected_faces/detected_sad/sad_person_0253_face0.png,White,White,Male,40-49,"[8.3160436e-01 4.3195806e-04 5.2877259e-02 8.1422913e-05 2.9812526e-04
 2.6136120e-03 1.1209329e-01]",[0.9512269  0.00175556 0.0010454  0.04597211],[9.9999756e-01 2.4114040e-06],"[6.4333963e-06 4.9060956e-05 1.8438149e-03 4.0025339e-02 3.3136839e-01
 5.2349228e-01 1.0017488e-01 2.9847927e-03 5.5130975e-05]",1,White,40-59
/scratch/project_462000771/mengting/projects/bias/Proteus/prompt2/selected_faces/detected_sad/sad_person_0254_face0.png,White,White,Male,40-49,"[5.9904164e-01 2.2805203e-03 2.1346274e-01 6.4515283e-05 6.4620672e-04
 3.2912660e-02 1.5159175e-01]",[9.7933418e-01 1.0711862e-03 1.1187930e-04 1.9482760e-02],[9.9999887e-01 1.1272812e-06],"[1.3144459e-05 1.1021313e-04 3.1133995e-03 3.7975751e-02 3.6600524e-01
 5.4715204e-01 4.4650495e-02 9.5784612e-04 2.1830130e-05]",0,White,40-59
/scratch/project_462000771/mengting/projects/bias/Proteus/prompt2/selected_faces/detected_sad/sad_person_0255_face0.png,White,White,Male,30-39,"[8.6937433e-01 5.4880446e-05 6.7384392e-02 4.5476012e-05 1.2203772e-04
 3.2417779e-03 5.9777096e-02]",[9.9210787e-01 2.2888044e-05 1.6468563e-04 7.7045229e-03],[9.9986994e-01 1.3001949e-04],"[1.8376293e-06 1.7966895e-05 1.0510833e-03 6.5996103e-02 5.6791186e-01
 3.4766206e-01 1.7196342e-02 1.5910904e-04 3.5648454e-06]",1,White,20-39
/scratch/project_462000771/mengting/projects/bias/Proteus/prompt2/selected_faces/detected_sad/sad_person_0256_face0.png,White,White,Male,30-39,"[9.8130453e-01 8.7190703e-05 1.0152565e-02 6.5369331e-06 5.0378982e-05
 1.3354798e-03 7.0631886e-03]",[9.8401922e-01 1.3673828e-03 1.4725130e-04 1.4466148e-02],[9.9999982e-01 1.6129167e-07],"[7.6237455e-07 7.6770171e-05 1.3590823e-02 1.9343731e-01 6.0223949e-01
 1.8765856e-01 2.9718631e-03 2.4170968e-05 3.0236396e-07]",0,White,20-39
/scratch/project_462000771/mengting/projects/bias/Proteus/prompt2/selected_faces/detected_sad/sad_person_0257_face0.png,White,White,Male,30-39,"[6.9270647e-01 2.0494771e-03 2.0478162e-01 5.7288306e-04 3.4347365e-03
 1.6722227e-02 7.9732589e-02]",[0.8832026  0.00338579 0.00163959 0.11177205],[9.9999809e-01 1.8849386e-06],"[3.28095348e-06 4.40148506e-05 4.98034246e-03 1.86256498e-01
 6.32930934e-01 1.70358479e-01 5.31112682e-03 1.12932554e-04
 2.41320708e-06]",0,White,20-39
/scratch/project_462000771/mengting/projects/bias/Proteus/prompt2/selected_faces/detected_sad/sad_person_0258_face0.png,White,White,Male,30-39,"[5.2753395e-01 6.9152244e-04 3.3984876e-01 1.7756218e-04 6.7374244e-04
 7.3142666e-03 1.2376022e-01]",[0.92139286 0.00442121 0.00542953 0.06875633],[9.9999893e-01 1.0806045e-06],"[7.3805847e-07 6.0450507e-06 7.4614410e-04 4.5943912e-02 6.6942710e-01
 2.7525070e-01 8.5869459e-03 3.8117003e-05 2.3016031e-07]",0,White,20-39
/scratch/project_462000771/mengting/projects/bias/Proteus/prompt2/selected_faces/detected_sad/sad_person_0259_face0.png,White,White,Male,30-39,"[9.9132931e-01 4.0240889e-06 1.2008706e-03 1.2276471e-06 6.5851204e-06
 5.5264609e-05 7.4027441e-03]",[9.9931580e-01 9.0299050e-05 2.9929684e-05 5.6388328e-04],[9.9999946e-01 5.2060528e-07],"[6.3772194e-07 6.0501225e-06 1.2910699e-03 7.4630938e-02 5.0020730e-01
 4.1088551e-01 1.2864131e-02 1.1246254e-04 1.7568401e-06]",1,White,20-39
/scratch/project_462000771/mengting/projects/bias/Proteus/prompt2/selected_faces/detected_sad/sad_person_0260_face0.png,Middle Eastern,White,Male,30-39,"[1.9826420e-01 1.2407958e-03 3.3809599e-01 2.5987871e-05 2.5472016e-04
 8.0321103e-02 3.8179722e-01]",[0.5088128  0.00197778 0.00229596 0.48691353],[0.9848866  0.01511342],"[2.2790111e-07 1.4973692e-06 9.5250615e-04 2.0669815e-01 7.0845121e-01
 8.0597848e-02 3.2198806e-03 7.5759264e-05 2.8083466e-06]",0,Others,20-39
/scratch/project_462000771/mengting/projects/bias/Proteus/prompt2/selected_faces/detected_sad/sad_person_0261_face0.png,Latino_Hispanic,White,Male,30-39,"[4.2427668e-01 1.6309825e-03 5.2594876e-01 3.9736071e-04 1.2922299e-03
 1.3755106e-02 3.2698877e-02]",[0.964351   0.00507681 0.00305356 0.02751869],[9.999941e-01 5.847238e-06],"[2.0402974e-06 9.5539981e-06 1.3784459e-03 1.6672529e-01 6.7348260e-01
 1.5137903e-01 6.9445884e-03 7.7291690e-05 1.1374086e-06]",0,Others,20-39
/scratch/project_462000771/mengting/projects/bias/Proteus/prompt2/selected_faces/detected_sad/sad_person_0262_face0.png,White,White,Male,20-29,"[5.9864539e-01 2.5216828e-04 1.2408086e-01 3.4472156e-05 2.7875640e-04
 1.8464910e-02 2.5824347e-01]",[0.91062534 0.00098525 0.0021145  0.08627487],[9.9999970e-01 2.7527986e-07],"[1.4919647e-06 8.1616257e-05 3.2970317e-02 6.2822819e-01 3.1831729e-01
 2.0161118e-02 2.3571397e-04 4.1808207e-06 5.4693846e-08]",0,White,20-39
/scratch/project_462000771/mengting/projects/bias/Proteus/prompt2/selected_faces/detected_sad/sad_person_0263_face0.png,White,White,Male,30-39,"[7.3011726e-01 9.8418759e-04 1.5519227e-01 9.7175725e-05 4.9739657e-04
 8.4487405e-03 1.0466302e-01]",[0.89143276 0.00247476 0.00149364 0.10459885],[9.9998188e-01 1.8157893e-05],"[4.4582480e-06 2.8931727e-05 1.9635593e-03 5.3800341e-02 4.5268285e-01
 4.2458445e-01 6.5609582e-02 1.3092430e-03 1.6588523e-05]",1,White,20-39
/scratch/project_462000771/mengting/projects/bias/Proteus/prompt2/selected_faces/detected_sad/sad_person_0264_face0.png,White,White,Male,50-59,"[9.2774081e-01 1.6931144e-03 1.4375569e-02 1.4641992e-04 1.0640264e-03
 5.0859824e-03 4.9894061e-02]",[0.9862702  0.00169039 0.00326693 0.00877255],[9.9999720e-01 2.7858714e-06],"[8.8158401e-07 2.2536826e-06 2.4947181e-04 7.6013259e-03 6.6462286e-02
 4.2523447e-01 4.4203711e-01 5.4836541e-02 3.5756056e-03]",0,White,40-59
/scratch/project_462000771/mengting/projects/bias/Proteus/prompt2/selected_faces/detected_sad/sad_person_0265_face0.png,White,White,Male,30-39,"[8.4071702e-01 1.4132867e-04 7.3973790e-02 9.2300048e-05 3.5356209e-04
 5.6039081e-03 7.9118066e-02]",[9.8352885e-01 6.6606334e-04 9.7787578e-04 1.4827180e-02],[9.9998760e-01 1.2355453e-05],"[3.5249860e-07 4.2417078e-06 1.3574754e-03 1.9046018e-01 6.8074059e-01
 1.2505272e-01 2.3627204e-03 2.1082877e-05 6.0373446e-07]",0,White,20-39
/scratch/project_462000771/mengting/projects/bias/Proteus/prompt2/selected_faces/detected_sad/sad_person_0266_face0.png,White,White,Male,30-39,"[8.7756699e-01 6.6786888e-05 4.7419216e-02 5.6328256e-05 1.3608347e-04
 1.8339468e-03 7.2920591e-02]",[9.8658407e-01 9.7062637e-04 1.6604509e-03 1.0784853e-02],[0.9976235  0.00237649],"[6.1111740e-07 3.7949321e-06 4.8814723e-04 5.2761901e-02 6.6592932e-01
 2.7204978e-01 8.6574191e-03 1.0679264e-04 2.2859572e-06]",1,White,20-39
/scratch/project_462000771/mengting/projects/bias/Proteus/prompt2/selected_faces/detected_sad/sad_person_0267_face0.png,White,White,Male,40-49,"[9.6819633e-01 1.8970450e-04 1.8641165e-02 3.6466219e-05 1.1785045e-04
 4.8705455e-04 1.2331405e-02]",[0.98702353 0.00345576 0.00205991 0.00746083],[0.99421924 0.00578076],"[2.56436607e-07 1.15423484e-06 2.65754730e-04 2.44836714e-02
 3.56281847e-01 5.07936656e-01 1.07515380e-01 3.40675679e-03
 1.08585264e-04]",1,White,40-59
/scratch/project_462000771/mengting/projects/bias/Proteus/prompt2/selected_faces/detected_sad/sad_person_0268_face0.png,White,White,Male,40-49,"[7.1221894e-01 3.4867646e-04 6.9180906e-02 8.6547392e-05 5.3112733e-04
 1.2825041e-02 2.0480877e-01]",[0.9251703  0.0009805  0.00117165 0.07267757],[9.9999994e-01 6.2171885e-08],"[8.4365174e-06 2.0169740e-05 4.9820193e-04 8.2583735e-03 1.7853521e-01
 6.4944828e-01 1.5931612e-01 3.8733680e-03 4.1830099e-05]",1,White,40-59
/scratch/project_462000771/mengting/projects/bias/Proteus/prompt2/selected_faces/detected_sad/sad_person_0269_face0.png,White,White,Male,40-49,"[7.5081432e-01 4.3410878e-04 7.3645428e-02 4.8216607e-05 2.4516112e-04
 2.8917785e-03 1.7192088e-01]",[9.8666966e-01 8.8845025e-04 2.8125584e-04 1.2160637e-02],[9.9999887e-01 1.1614356e-06],"[8.8831684e-06 5.7144196e-05 1.9749401e-03 3.0599365e-02 3.8225392e-01
 5.2878916e-01 5.5400793e-02 9.0539514e-04 1.0457830e-05]",0,White,40-59
/scratch/project_462000771/mengting/projects/bias/Proteus/prompt2/selected_faces/detected_sad/sad_person_0270_face0.png,White,White,Male,40-49,"[6.9574350e-01 5.7696470e-05 1.6837198e-02 8.7058543e-06 2.5309146e-05
 5.4152211e-04 2.8678617e-01]",[9.9546158e-01 2.0856412e-04 8.6105152e-05 4.2437813e-03],[9.9998444e-01 1.5552438e-05],"[7.6004835e-06 9.5554788e-06 3.1795999e-04 1.2274293e-02 2.3740755e-01
 6.1977911e-01 1.2596735e-01 4.1831420e-03 5.3421976e-05]",1,White,40-59
/scratch/project_462000771/mengting/projects/bias/Proteus/prompt2/selected_faces/detected_sad/sad_person_0271_face0.png,White,White,Male,30-39,"[9.3046331e-01 6.1747109e-05 5.4974388e-02 2.3404107e-04 5.4397387e-04
 2.9696111e-04 1.3425415e-02]",[0.9798003  0.00256897 0.01194995 0.00568083],[0.9845477  0.01545235],"[2.3524763e-07 5.0079470e-06 5.3224075e-03 3.8118711e-01 5.4163367e-01
 6.9515340e-02 2.2920773e-03 4.2930653e-05 1.1320135e-06]",0,White,20-39
/scratch/project_462000771/mengting/projects/bias/Proteus/prompt2/selected_faces/detected_sad/sad_person_0272_face0.png,Latino_Hispanic,White,Male,40-49,"[3.7062564e-01 4.3233233e-03 3.9538720e-01 6.7554720e-05 4.5992635e-04
 3.9601631e-02 1.8953474e-01]",[0.78803766 0.00889702 0.00185408 0.2012112 ],[9.9999964e-01 3.4945259e-07],"[3.9989486e-06 2.4863790e-05 8.6389133e-04 2.1277959e-02 3.3402014e-01
 5.6204849e-01 8.1171796e-02 5.8546563e-04 3.4980681e-06]",0,Others,40-59
/scratch/project_462000771/mengting/projects/bias/Proteus/prompt2/selected_faces/detected_sad/sad_person_0273_face0.png,Latino_Hispanic,White,Male,30-39,"[0.3000334  0.0026633  0.49975014 0.00117201 0.00717926 0.03361408
 0.15558778]",[0.8707779  0.00712372 0.00895273 0.11314563],[9.999943e-01 5.755471e-06],"[2.8218714e-05 3.9839960e-04 1.5691722e-02 2.0104149e-01 5.2916944e-01
 2.2235560e-01 3.0257814e-02 1.0374192e-03 1.9895468e-05]",0,Others,20-39
/scratch/project_462000771/mengting/projects/bias/Proteus/prompt2/selected_faces/detected_sad/sad_person_0274_face0.png,Middle Eastern,White,Male,40-49,"[3.6196175e-01 1.0090109e-03 1.6395506e-01 4.9056409e-05 1.3508647e-03
 2.0611858e-02 4.5106232e-01]",[8.72039557e-01 4.69525898e-04 2.84197694e-03 1.24648936e-01],[9.9999994e-01 5.2481102e-08],"[5.7648954e-06 3.5108304e-05 8.8938948e-04 8.4136771e-03 2.0499609e-01
 6.4704156e-01 1.3552745e-01 3.0718553e-03 1.9060259e-05]",0,White,40-59
/scratch/project_462000771/mengting/projects/bias/Proteus/prompt2/selected_faces/detected_sad/sad_person_0275_face0.png,White,White,Male,40-49,"[7.4752682e-01 1.4955804e-04 1.2417992e-01 9.8346878e-05 4.7886159e-04
 1.3849928e-02 1.1371648e-01]",[8.74460578e-01 5.13124396e-04 8.51819175e-04 1.24174416e-01],[9.9999970e-01 3.1498928e-07],"[1.6463149e-05 9.6778305e-05 3.5431387e-03 2.0218566e-02 3.1362531e-01
 6.0088187e-01 6.0856763e-02 7.5645203e-04 4.6241930e-06]",0,White,40-59
/scratch/project_462000771/mengting/projects/bias/Proteus/prompt2/selected_faces/detected_sad/sad_person_0276_face0.png,White,White,Male,30-39,"[8.2974356e-01 6.1893178e-04 9.4348878e-02 7.3416857e-05 3.0931854e-04
 2.0346553e-03 7.2871178e-02]",[9.8835170e-01 2.5607573e-04 2.1203618e-04 1.1180179e-02],[9.9999619e-01 3.7981151e-06],"[2.9140708e-06 3.0810894e-05 1.5157054e-03 3.8361207e-02 5.3519213e-01
 3.9033806e-01 3.4217633e-02 3.3887860e-04 2.5893598e-06]",0,White,20-39
/scratch/project_462000771/mengting/projects/bias/Proteus/prompt2/selected_faces/detected_sad/sad_person_0277_face0.png,White,White,Male,30-39,"[6.2283349e-01 1.3378313e-02 2.1984690e-01 1.2185562e-05 7.5038966e-05
 6.6781309e-03 1.3717590e-01]",[9.2792767e-01 1.8167902e-02 5.0882663e-04 5.3395610e-02],[9.9999982e-01 2.1627892e-07],"[4.2575496e-07 6.4910159e-06 7.0253614e-04 7.9732463e-02 6.7548466e-01
 2.3803301e-01 6.0108611e-03 2.9374040e-05 2.1482094e-07]",1,White,20-39
/scratch/project_462000771/mengting/projects/bias/Proteus/prompt2/selected_faces/detected_sad/sad_person_0278_face0.png,Middle Eastern,White,Male,30-39,"[1.8875106e-01 9.2981039e-03 3.3154139e-01 1.7397964e-05 2.7710994e-04
 2.8674623e-02 4.4144034e-01]",[8.9262754e-01 7.6701273e-03 5.4737006e-04 9.9155001e-02],[9.9999982e-01 1.9709168e-07],"[9.7943882e-07 1.9431593e-05 2.2305602e-03 1.0871333e-01 6.3637233e-01
 2.4327855e-01 9.2037050e-03 1.7879604e-04 2.2542813e-06]",1,Others,20-39
/scratch/project_462000771/mengting/projects/bias/Proteus/prompt2/selected_faces/detected_sad/sad_person_0279_face0.png,White,White,Male,40-49,"[3.8103819e-01 3.7419159e-02 3.0338755e-01 3.0370507e-05 3.9459538e-04
 3.3118621e-02 2.4461147e-01]",[0.77694124 0.04777311 0.0021544  0.17313124],[9.9999243e-01 7.5656012e-06],"[3.0452150e-06 2.7006834e-05 1.0395424e-03 3.3464924e-02 3.8269609e-01
 4.7010434e-01 1.0913777e-01 3.4371957e-03 9.0056703e-05]",1,White,40-59
/scratch/project_462000771/mengting/projects/bias/Proteus/prompt2/selected_faces/detected_sad/sad_person_0280_face0.png,White,White,Male,50-59,"[7.6233071e-01 3.6702286e-03 1.2016346e-01 4.7079983e-04 4.2060241e-03
 4.6968091e-02 6.2190637e-02]",[9.5394111e-01 8.5745077e-04 6.9614407e-03 3.8240027e-02],[9.99975e-01 2.49465e-05],"[1.2143738e-05 1.5076326e-05 2.0326096e-04 1.6414437e-03 1.7595563e-02
 1.8270932e-01 6.1919731e-01 1.6623290e-01 1.2393021e-02]",0,White,40-59
/scratch/project_462000771/mengting/projects/bias/Proteus/prompt2/selected_faces/detected_sad/sad_person_0281_face0.png,White,White,Male,40-49,"[4.82347518e-01 2.18832213e-03 1.08451374e-01 3.03927263e-05
 4.40587202e-04 1.62616875e-02 3.90280128e-01]",[9.6933711e-01 1.9780092e-03 4.8152107e-04 2.8203333e-02],[9.9999821e-01 1.8242894e-06],"[3.9762117e-06 8.2137340e-06 3.0340345e-04 6.1000562e-03 1.6293766e-01
 5.6694072e-01 2.5223923e-01 1.1251754e-02 2.1494592e-04]",0,White,40-59
/scratch/project_462000771/mengting/projects/bias/Proteus/prompt2/selected_faces/detected_sad/sad_person_0282_face0.png,Latino_Hispanic,White,Male,40-49,"[3.1184483e-01 1.5574152e-03 5.1408815e-01 2.0498857e-04 1.5024447e-03
 6.7693219e-02 1.0310904e-01]",[0.79472685 0.0015537  0.00704789 0.1966716 ],[9.9999988e-01 1.1035769e-07],"[7.7276951e-07 1.1939477e-06 1.2686818e-04 2.9637739e-03 1.7148556e-01
 6.2280130e-01 2.0106971e-01 1.5440654e-03 6.9028529e-06]",0,Others,40-59
/scratch/project_462000771/mengting/projects/bias/Proteus/prompt2/selected_faces/detected_sad/sad_person_0283_face0.png,Middle Eastern,White,Male,40-49,"[1.4911214e-01 1.1942334e-03 2.0149109e-01 1.6399708e-05 4.7355221e-04
 1.1700283e-01 5.3070980e-01]",[9.3887758e-01 5.4486870e-04 9.7096330e-05 6.0480483e-02],[9.9999994e-01 1.1968005e-07],"[7.6812812e-06 7.7384117e-05 2.3043663e-03 1.9419732e-02 3.0290315e-01
 6.2264878e-01 5.1657714e-02 9.7028911e-04 1.0914367e-05]",0,Others,40-59
/scratch/project_462000771/mengting/projects/bias/Proteus/prompt2/selected_faces/detected_sad/sad_person_0284_face0.png,White,White,Male,30-39,"[6.51027799e-01 3.82289360e-03 1.73446089e-01 1.35997525e-05
 1.47120911e-04 1.26828514e-02 1.58859655e-01]",[9.8872536e-01 1.7982946e-03 7.7456352e-05 9.3988813e-03],[9.9999875e-01 1.2338386e-06],"[3.3028451e-07 5.6997228e-06 2.5630081e-03 3.5512191e-01 5.7908636e-01
 6.2307030e-02 8.9242338e-04 2.2849916e-05 3.5571992e-07]",1,White,20-39
/scratch/project_462000771/mengting/projects/bias/Proteus/prompt2/selected_faces/detected_sad/sad_person_0285_face0.png,Latino_Hispanic,White,Male,40-49,"[0.3748394  0.00234094 0.5299263  0.00059815 0.00256084 0.01555021
 0.07418413]",[0.90266263 0.00284829 0.00530726 0.08918186],[9.9993056e-01 6.9499831e-05],"[6.2847947e-05 1.2287952e-04 1.0773541e-03 7.4726199e-03 1.8523395e-01
 5.7041138e-01 2.3007160e-01 5.4811696e-03 6.6208508e-05]",0,Others,40-59
/scratch/project_462000771/mengting/projects/bias/Proteus/prompt2/selected_faces/detected_sad/sad_person_0286_face0.png,White,White,Male,30-39,"[8.7935692e-01 5.7794177e-04 9.4081730e-02 1.6590639e-05 7.0982729e-05
 1.7803750e-03 2.4115475e-02]",[9.9673539e-01 1.9209749e-04 5.4842042e-04 2.5240937e-03],[0.9977884 0.0022116],"[2.9356519e-07 1.7244244e-06 4.0085259e-04 4.9087144e-02 5.4660350e-01
 3.7026876e-01 3.3361088e-02 2.7230431e-04 4.3893465e-06]",0,White,20-39
/scratch/project_462000771/mengting/projects/bias/Proteus/prompt2/selected_faces/detected_sad/sad_person_0287_face0.png,White,White,Male,30-39,"[8.70744765e-01 5.66230810e-05 1.44949155e-02 4.27919585e-05
 2.20507558e-04 1.95488916e-03 1.12485506e-01]",[9.7960109e-01 7.1989780e-04 1.9737615e-03 1.7705292e-02],[0.9886664  0.01133359],"[4.4067783e-06 1.7427450e-05 8.8284252e-04 7.7565059e-02 4.0443158e-01
 3.8907263e-01 1.1244890e-01 1.2757020e-02 2.8200841e-03]",0,White,20-39
/scratch/project_462000771/mengting/projects/bias/Proteus/prompt2/selected_faces/detected_sad/sad_person_0288_face0.png,White,White,Male,30-39,"[5.26700914e-01 4.40456963e-04 2.91250259e-01 1.23956997e-04
 7.26960192e-04 1.54561885e-02 1.65301338e-01]",[0.85648555 0.00086479 0.00150129 0.14114839],[9.9999875e-01 1.2846176e-06],"[1.8709565e-06 1.7684626e-05 1.1359801e-03 4.0050894e-02 5.5254900e-01
 3.8641012e-01 1.9679822e-02 1.5328279e-04 1.2678145e-06]",0,White,20-39
/scratch/project_462000771/mengting/projects/bias/Proteus/prompt2/selected_faces/detected_sad/sad_person_0289_face0.png,White,White,Male,30-39,"[5.0483018e-01 9.4831194e-04 1.7730372e-01 9.2146525e-05 9.0330420e-04
 1.1521632e-02 3.0440068e-01]",[0.86071664 0.00171993 0.00102877 0.13653475],[9.9999946e-01 5.3013002e-07],"[4.2032566e-06 3.1552292e-05 3.9460384e-03 7.4939273e-02 5.0374180e-01
 3.8019991e-01 3.6405034e-02 7.2453468e-04 7.6702245e-06]",0,White,20-39
/scratch/project_462000771/mengting/projects/bias/Proteus/prompt2/selected_faces/detected_sad/sad_person_0290_face0.png,White,White,Male,30-39,"[5.6537151e-01 5.8658803e-03 3.7548470e-01 8.9099776e-05 5.1250658e-04
 1.2056154e-02 4.0620264e-02]",[9.6858656e-01 2.9321616e-03 8.0443156e-04 2.7676780e-02],[9.9999821e-01 1.7889967e-06],"[2.3680741e-06 2.1705142e-05 1.5531012e-03 1.1531687e-01 6.4608514e-01
 2.2389932e-01 1.3005195e-02 1.1479982e-04 1.4810254e-06]",0,White,20-39
/scratch/project_462000771/mengting/projects/bias/Proteus/prompt2/selected_faces/detected_sad/sad_person_0291_face0.png,White,White,Male,40-49,"[5.7918632e-01 5.3760677e-04 2.5748074e-01 1.4579706e-04 5.7948567e-04
 1.8636927e-02 1.4343305e-01]",[9.6959531e-01 3.8168038e-04 4.9637997e-04 2.9526629e-02],[9.999994e-01 5.771174e-07],"[1.0953878e-05 2.1274862e-05 3.9449835e-04 3.9452775e-03 1.6075058e-01
 6.0352665e-01 2.2818868e-01 3.1432102e-03 1.8911871e-05]",0,White,40-59
/scratch/project_462000771/mengting/projects/bias/Proteus/prompt2/selected_faces/detected_sad/sad_person_0292_face0.png,White,White,Male,40-49,"[6.9020200e-01 8.3101237e-05 5.1604591e-02 2.0259406e-04 1.2317315e-03
 3.0210528e-03 2.5365484e-01]",[9.8188317e-01 3.2237609e-04 2.0804489e-03 1.5713952e-02],[9.9991184e-01 8.8120250e-05],"[5.9792703e-05 2.5995017e-04 4.0277420e-03 8.7396726e-03 1.3483277e-01
 5.3811288e-01 3.0225962e-01 1.1532818e-02 1.7475257e-04]",0,White,40-59
/scratch/project_462000771/mengting/projects/bias/Proteus/prompt2/selected_faces/detected_sad/sad_person_0293_face0.png,White,White,Male,30-39,"[0.47733253 0.00064112 0.31048033 0.00050902 0.00107356 0.01208601
 0.19787735]",[0.9097376  0.00610182 0.01185379 0.07230684],[0.9908228  0.00917714],"[8.4268177e-06 3.6280588e-05 1.0606461e-03 3.7586547e-02 4.5578429e-01
 4.5097512e-01 5.3409703e-02 1.1134242e-03 2.5640251e-05]",0,White,20-39
/scratch/project_462000771/mengting/projects/bias/Proteus/prompt2/selected_faces/detected_sad/sad_person_0294_face0.png,White,White,Male,30-39,"[9.7533125e-01 4.2280761e-05 1.7537205e-02 1.4963616e-05 3.8500402e-05
 2.8243169e-04 6.7533688e-03]",[9.9863392e-01 6.4435815e-05 3.8180762e-05 1.2635053e-03],[0.9960607  0.00393921],"[7.5081729e-08 2.4688072e-06 2.8790527e-03 3.6531433e-01 5.8953196e-01
 4.1737653e-02 5.2957475e-04 4.7498170e-06 1.4089026e-07]",0,White,20-39
/scratch/project_462000771/mengting/projects/bias/Proteus/prompt2/selected_faces/detected_sad/sad_person_0295_face0.png,White,White,Male,30-39,"[6.5305132e-01 5.9109563e-03 2.6059458e-01 9.9576326e-05 5.5643817e-04
 1.2764756e-02 6.7022361e-02]",[9.5539975e-01 2.3062495e-03 3.8606790e-04 4.1908015e-02],[9.9999797e-01 2.0066502e-06],"[1.3756308e-05 1.2107394e-04 3.4787827e-03 6.9797292e-02 5.2870774e-01
 3.5994384e-01 3.7366953e-02 5.6448276e-04 6.0805446e-06]",0,White,20-39
/scratch/project_462000771/mengting/projects/bias/Proteus/prompt2/selected_faces/detected_sad/sad_person_0296_face0.png,Latino_Hispanic,White,Male,40-49,"[3.2015118e-01 3.3580277e-02 4.5712754e-01 3.0419693e-05 2.5288449e-04
 2.1789990e-02 1.6706762e-01]",[0.7973328  0.02536577 0.00327738 0.17402405],[9.9999940e-01 6.6599864e-07],"[2.82236324e-05 6.86921558e-05 1.12621102e-03 3.03209610e-02
 3.78782690e-01 4.75640565e-01 1.11137666e-01 2.86784559e-03
 2.70947785e-05]",0,Others,40-59
/scratch/project_462000771/mengting/projects/bias/Proteus/prompt2/selected_faces/detected_sad/sad_person_0297_face0.png,White,White,Male,30-39,"[7.7965188e-01 7.9391706e-05 1.7945190e-01 6.8949576e-04 1.4123453e-03
 7.2176228e-03 3.1497508e-02]",[9.8183799e-01 2.7796605e-05 7.6877465e-04 1.7365457e-02],[9.9999267e-01 7.3254982e-06],"[1.3037418e-06 2.5593863e-05 7.9747560e-03 1.7578363e-01 6.4589339e-01
 1.6530997e-01 4.9509620e-03 5.9837210e-05 4.7959236e-07]",0,White,20-39
/scratch/project_462000771/mengting/projects/bias/Proteus/prompt2/selected_faces/detected_sad/sad_person_0298_face0.png,White,White,Male,30-39,"[9.7122055e-01 4.4924800e-05 2.1576039e-02 1.2444408e-05 5.0128336e-05
 3.8257346e-04 6.7133275e-03]",[9.9023205e-01 1.4382388e-04 5.2846354e-03 4.3394645e-03],[0.99856335 0.00143662],"[1.2257418e-06 9.2513219e-06 1.3224424e-03 5.3495761e-02 5.1891667e-01
 3.9999506e-01 2.5916293e-02 3.3559842e-04 7.7554123e-06]",0,White,20-39
/scratch/project_462000771/mengting/projects/bias/Proteus/prompt2/selected_faces/detected_sad/sad_person_0299_face0.png,White,White,Male,40-49,"[8.1907970e-01 1.2732297e-04 7.6961771e-02 5.3731485e-05 4.6832467e-04
 1.8176377e-02 8.5132726e-02]",[9.8323250e-01 1.8878137e-04 3.9154678e-04 1.6187159e-02],[9.999953e-01 4.706407e-06],"[3.8151943e-06 3.1858573e-05 2.3511059e-03 5.1686820e-02 3.7956882e-01
 4.9357194e-01 7.1044378e-02 1.6880237e-03 5.3250511e-05]",1,White,40-59
/scratch/project_462000771/mengting/projects/bias/Proteus/prompt2/selected_faces/detected_sad/sad_person_0300_face0.png,White,White,Male,30-39,"[8.5934806e-01 4.5232573e-05 7.1060896e-02 4.1982086e-05 1.3123317e-04
 3.7724660e-03 6.5600090e-02]",[9.8910159e-01 1.8149390e-04 1.9401606e-04 1.0522922e-02],[9.9977469e-01 2.2535842e-04],"[4.4173185e-06 1.6052471e-05 1.0431730e-03 5.0186958e-02 5.2155870e-01
 3.9805460e-01 2.8943589e-02 1.8961084e-04 2.8836075e-06]",0,White,20-39
/scratch/project_462000771/mengting/projects/bias/Proteus/prompt2/selected_faces/detected_sad/sad_person_0301_face0.png,White,White,Male,30-39,"[6.2845910e-01 8.2289765e-04 1.2972783e-01 4.9102175e-05 2.3999585e-04
 6.1852136e-03 2.3451589e-01]",[9.7273481e-01 2.7823139e-03 3.9871517e-04 2.4084248e-02],[9.9998391e-01 1.6141212e-05],"[1.8137448e-06 3.9475981e-06 3.9215165e-04 5.9610765e-02 5.7153499e-01
 3.3434725e-01 3.3351969e-02 7.3892681e-04 1.8284296e-05]",1,White,20-39
/scratch/project_462000771/mengting/projects/bias/Proteus/prompt2/selected_faces/detected_sad/sad_person_0302_face0.png,White,White,Male,40-49,"[9.6093726e-01 4.7485601e-06 1.7501066e-02 2.2730710e-05 4.5269600e-05
 8.3075819e-04 2.0658223e-02]",[9.9882978e-01 4.7886220e-05 1.7949140e-04 9.4281055e-04],[9.9991596e-01 8.4049156e-05],"[5.2407631e-07 1.2457623e-06 2.4876359e-04 1.5569826e-02 3.1509498e-01
 6.0449666e-01 6.4234965e-02 3.5017863e-04 2.8889779e-06]",1,White,40-59
/scratch/project_462000771/mengting/projects/bias/Proteus/prompt2/selected_faces/detected_sad/sad_person_0303_face0.png,White,Indian,Male,40-49,"[3.5209921e-01 1.1995193e-02 3.0084425e-01 2.0946318e-05 5.1963067e-04
 1.9946028e-01 1.3506049e-01]",[0.48639694 0.00395467 0.00211563 0.5075327 ],[9.9999994e-01 1.1022627e-07],"[4.2163088e-06 2.0882515e-05 7.2953250e-04 2.4441306e-02 3.6250684e-01
 5.5207789e-01 5.9177376e-02 1.0257923e-03 1.6081030e-05]",0,White,40-59
/scratch/project_462000771/mengting/projects/bias/Proteus/prompt2/selected_faces/detected_sad/sad_person_0304_face0.png,White,White,Male,30-39,"[5.2659065e-01 2.8751746e-03 1.8209301e-01 1.3446364e-04 1.1016310e-03
 2.7548106e-02 2.5965697e-01]",[9.5739758e-01 3.8582960e-04 6.2374957e-04 4.1592836e-02],[9.999530e-01 4.701493e-05],"[1.1776565e-06 2.6221636e-05 1.2382593e-03 1.1035126e-01 7.2284240e-01
 1.6197282e-01 3.5301433e-03 3.6770401e-05 9.7160603e-07]",0,White,20-39
/scratch/project_462000771/mengting/projects/bias/Proteus/prompt2/selected_faces/detected_sad/sad_person_0305_face0.png,White,White,Male,30-39,"[6.1831391e-01 3.1129204e-04 3.3156553e-01 2.1542229e-04 1.0675089e-03
 1.9275276e-02 2.9251114e-02]",[9.6908361e-01 1.1307766e-04 5.7215011e-04 3.0231146e-02],[9.9977547e-01 2.2455768e-04],"[3.0414928e-06 1.8426832e-05 2.9651620e-03 9.8043062e-02 5.6859767e-01
 3.1031579e-01 1.9903474e-02 1.5119066e-04 2.0368582e-06]",0,White,20-39
/scratch/project_462000771/mengting/projects/bias/Proteus/prompt2/selected_faces/detected_sad/sad_person_0306_face0.png,White,White,Male,30-39,"[7.3381674e-01 1.4924967e-04 1.0442044e-01 6.0835337e-05 1.9243895e-04
 1.4615585e-02 1.4674471e-01]",[9.8343813e-01 2.4952833e-04 1.4895844e-04 1.6163357e-02],[9.9999827e-01 1.7655526e-06],"[2.74029094e-06 1.35314185e-05 5.59155073e-04 3.32040489e-02
 4.87382978e-01 4.57120389e-01 2.15953756e-02 1.20719851e-04
 1.11398901e-06]",1,White,20-39
/scratch/project_462000771/mengting/projects/bias/Proteus/prompt2/selected_faces/detected_sad/sad_person_0307_face0.png,White,White,Female,30-39,"[5.3862369e-01 2.1793533e-03 3.8655710e-01 2.7599890e-05 1.4971316e-04
 7.3867077e-03 6.5075733e-02]",[0.6582809  0.02333076 0.06536394 0.2530244 ],[0.0139948 0.9860052],"[3.2659848e-08 8.2674819e-07 4.7182600e-04 5.5803582e-02 7.0822912e-01
 2.2622965e-01 9.1589754e-03 1.0475634e-04 1.1977397e-06]",0,White,20-39
/scratch/project_462000771/mengting/projects/bias/Proteus/prompt2/selected_faces/detected_sad/sad_person_0308_face0.png,White,White,Male,30-39,"[9.8850542e-01 1.3460842e-06 7.0339693e-03 4.3726445e-06 2.0266632e-05
 1.3937107e-04 4.2952164e-03]",[9.9763882e-01 2.4817891e-05 4.6923753e-05 2.2893667e-03],[9.9999636e-01 3.6085164e-06],"[1.24270366e-06 2.49590175e-05 3.01657105e-03 3.98206934e-02
 5.00738978e-01 4.45622683e-01 1.07269185e-02 4.75716697e-05
 3.89809117e-07]",1,White,20-39
/scratch/project_462000771/mengting/projects/bias/Proteus/prompt2/selected_faces/detected_sad/sad_person_0309_face0.png,White,White,Male,30-39,"[7.5598657e-01 3.9108298e-04 3.0624807e-02 1.7839960e-05 6.4091728e-05
 1.6954949e-03 2.1122010e-01]",[9.9321079e-01 7.6470642e-05 4.8380994e-04 6.2289182e-03],[9.9968898e-01 3.1105423e-04],"[1.2429951e-05 5.2761468e-05 3.5093222e-03 1.8669790e-01 6.1459470e-01
 1.8400712e-01 1.0850979e-02 2.6894812e-04 5.7760285e-06]",0,White,20-39
/scratch/project_462000771/mengting/projects/bias/Proteus/prompt2/selected_faces/detected_sad/sad_person_0310_face0.png,White,White,Male,30-39,"[9.7371280e-01 6.6163382e-05 2.0765709e-02 3.0368237e-05 1.6188117e-04
 1.0905142e-03 4.1724849e-03]",[9.3859732e-01 2.7173746e-04 3.1106428e-03 5.8020316e-02],[9.9999452e-01 5.4372435e-06],"[8.3774165e-07 2.7645097e-05 2.6380038e-03 1.3347502e-01 6.2411231e-01
 2.3185980e-01 7.8434898e-03 4.2240903e-05 7.4201182e-07]",0,White,20-39
/scratch/project_462000771/mengting/projects/bias/Proteus/prompt2/selected_faces/detected_sad/sad_person_0311_face0.png,White,White,Male,40-49,"[8.2487720e-01 7.6831151e-05 9.4802476e-02 1.6535605e-04 5.7526107e-04
 5.0015603e-03 7.4501276e-02]",[9.9514657e-01 5.7436115e-05 4.6260378e-04 4.3333038e-03],[9.9999690e-01 3.0906995e-06],"[4.8396100e-07 1.8819885e-06 1.3873592e-04 7.6036109e-03 2.7318147e-01
 6.4836633e-01 7.0356362e-02 3.4779866e-04 3.3706958e-06]",0,White,40-59
/scratch/project_462000771/mengting/projects/bias/Proteus/prompt2/selected_faces/detected_sad/sad_person_0312_face0.png,White,White,Male,30-39,"[4.8839024e-01 7.0280656e-03 3.4887767e-01 3.7925248e-04 1.6638333e-03
 9.2038782e-03 1.4445706e-01]",[0.98605275 0.00436782 0.00216295 0.00741645],[9.9999368e-01 6.3418647e-06],"[6.6141308e-07 8.8825900e-06 3.4491164e-03 2.8560182e-01 6.2417138e-01
 8.4463894e-02 2.2641774e-03 3.9523515e-05 6.3052926e-07]",0,White,20-39
/scratch/project_462000771/mengting/projects/bias/Proteus/prompt2/selected_faces/detected_sad/sad_person_0313_face0.png,White,White,Male,30-39,"[7.18923271e-01 9.75750372e-05 1.01508744e-01 4.13951893e-05
 3.03579960e-04 8.35185405e-03 1.70773521e-01]",[9.5780075e-01 4.3006858e-04 4.0632088e-04 4.1362874e-02],[1.000000e+00 3.406706e-08],"[2.7634687e-07 3.7717080e-06 1.6563260e-03 2.7545747e-01 6.6017729e-01
 6.2058739e-02 6.3996523e-04 6.0654656e-06 4.9594480e-08]",1,White,20-39
/scratch/project_462000771/mengting/projects/bias/Proteus/prompt2/selected_faces/detected_sad/sad_person_0314_face0.png,White,White,Male,30-39,"[7.8604418e-01 1.1651983e-03 1.5448563e-01 6.8215690e-05 4.0928854e-04
 3.6944104e-03 5.4133091e-02]",[9.7339791e-01 1.0978347e-03 6.7170878e-04 2.4832577e-02],[9.9998683e-01 1.3168918e-05],"[1.0929456e-06 1.5912890e-05 1.5118005e-03 9.1601916e-02 6.6614336e-01
 2.3597047e-01 4.7259377e-03 2.9215329e-05 3.2675649e-07]",0,White,20-39
/scratch/project_462000771/mengting/projects/bias/Proteus/prompt2/selected_faces/detected_sad/sad_person_0315_face0.png,White,White,Male,40-49,"[8.6339152e-01 6.0365237e-05 5.5870455e-02 8.2541606e-05 1.9053427e-04
 3.6975935e-03 7.6706968e-02]",[9.9091661e-01 1.7215917e-04 4.2728783e-04 8.4838439e-03],[9.9999779e-01 2.1659612e-06],"[5.0212761e-06 2.8299361e-05 6.0540077e-04 1.6950497e-02 3.6847851e-01
 5.7105643e-01 4.2491153e-02 3.8061841e-04 4.1448434e-06]",1,White,40-59
/scratch/project_462000771/mengting/projects/bias/Proteus/prompt2/selected_faces/detected_sad/sad_person_0316_face0.png,White,White,Male,30-39,"[6.2024623e-01 1.6444762e-03 2.7018350e-01 3.1798947e-04 1.7106039e-03
 4.3748375e-03 1.0152232e-01]",[9.9539882e-01 3.7799758e-04 7.4670900e-04 3.4765271e-03],[9.9999839e-01 1.6320748e-06],"[4.5134993e-06 3.1338757e-05 1.9173664e-03 4.6364632e-02 4.8068175e-01
 4.3468013e-01 3.5877835e-02 4.3845514e-04 3.9804650e-06]",0,White,20-39
/scratch/project_462000771/mengting/projects/bias/Proteus/prompt2/selected_faces/detected_sad/sad_person_0317_face0.png,White,White,Male,30-39,"[8.1587642e-01 4.3354603e-04 1.2170341e-01 4.4477187e-05 3.8815080e-04
 1.5470986e-02 4.6083000e-02]",[9.7020841e-01 8.2359771e-04 6.2089146e-04 2.8347101e-02],[9.9999875e-01 1.1951626e-06],"[7.29783096e-07 3.62427090e-05 1.25477575e-02 2.64193624e-01
 5.91841638e-01 1.28263146e-01 3.08557460e-03 3.08952476e-05
 4.39666849e-07]",0,White,20-39
/scratch/project_462000771/mengting/projects/bias/Proteus/prompt2/selected_faces/detected_sad/sad_person_0318_face0.png,White,White,Male,40-49,"[8.28339040e-01 3.65948974e-04 9.92401317e-02 8.77435468e-06
 1.14147966e-04 9.59124882e-03 6.23406619e-02]",[9.6656847e-01 2.0430201e-04 3.8570250e-04 3.2841511e-02],[9.9999911e-01 8.9933144e-07],"[4.2274255e-06 2.4494850e-05 2.3817702e-03 2.5298679e-02 3.0747062e-01
 5.5256259e-01 1.0984848e-01 2.3876796e-03 2.1463416e-05]",0,White,40-59
/scratch/project_462000771/mengting/projects/bias/Proteus/prompt2/selected_faces/detected_sad/sad_person_0319_face0.png,White,White,Male,40-49,"[5.6865382e-01 9.2333893e-04 3.4006995e-01 3.1320043e-05 5.6773698e-04
 7.2763093e-02 1.6990745e-02]",[0.92600906 0.0015972  0.00170697 0.07068677],[9.999997e-01 2.980565e-07],"[2.4069608e-05 2.3880179e-04 3.9717676e-03 8.1345784e-03 1.6018613e-01
 6.6968805e-01 1.5617219e-01 1.5764064e-03 8.0855934e-06]",0,White,40-59
/scratch/project_462000771/mengting/projects/bias/Proteus/prompt2/selected_faces/detected_sad/sad_person_0320_face0.png,White,White,Male,30-39,"[9.1935807e-01 2.1886623e-04 6.6071987e-02 8.8238339e-05 6.7197799e-04
 2.8822892e-03 1.0708537e-02]",[9.8297745e-01 2.0374972e-04 7.4259535e-04 1.6076220e-02],[9.9999797e-01 2.0573798e-06],"[5.5195937e-06 9.1795177e-05 6.8730689e-03 9.0647876e-02 4.7184962e-01
 3.9517739e-01 3.4827828e-02 5.2018359e-04 6.7589176e-06]",0,White,20-39
/scratch/project_462000771/mengting/projects/bias/Proteus/prompt2/selected_faces/detected_sad/sad_person_0321_face0.png,Latino_Hispanic,White,Male,30-39,"[3.9842728e-01 6.4846124e-03 4.8061401e-01 1.5851767e-04 1.0177932e-03
 4.0384781e-02 7.2913043e-02]",[0.8673685  0.00651043 0.00187963 0.12424143],[9.999974e-01 2.641131e-06],"[2.20781913e-05 1.62701326e-04 4.24384046e-03 6.86347112e-02
 5.04474163e-01 3.72132182e-01 4.94739152e-02 8.46124080e-04
 1.01889955e-05]",0,Others,20-39
/scratch/project_462000771/mengting/projects/bias/Proteus/prompt2/selected_faces/detected_sad/sad_person_0322_face0.png,White,White,Male,30-39,"[8.1133938e-01 2.3471809e-04 1.1685670e-01 6.3690124e-05 3.1214886e-04
 8.8153314e-03 6.2377956e-02]",[0.9427296  0.00258837 0.00357158 0.05111048],[9.9990493e-01 9.5113915e-05],"[5.5288019e-06 7.6262477e-05 4.9279071e-03 1.5227744e-01 6.5490383e-01
 1.8285984e-01 4.8804013e-03 6.6981404e-05 1.8212276e-06]",0,White,20-39
/scratch/project_462000771/mengting/projects/bias/Proteus/prompt2/selected_faces/detected_sad/sad_person_0323_face0.png,White,White,Male,30-39,"[8.5343033e-01 3.0556292e-04 5.0781563e-02 3.6086938e-05 1.2856947e-04
 2.2078699e-03 9.3109943e-02]",[9.9204797e-01 3.3465281e-04 1.5430470e-03 6.0743708e-03],[9.995628e-01 4.372633e-04],"[8.4250451e-07 5.8214482e-06 4.9566576e-04 7.6935455e-02 6.5425152e-01
 2.5716129e-01 1.0953144e-02 1.9002048e-04 6.2214081e-06]",0,White,20-39
/scratch/project_462000771/mengting/projects/bias/Proteus/prompt2/selected_faces/detected_sad/sad_person_0324_face0.png,White,White,Male,30-39,"[7.8104293e-01 2.7916877e-04 4.2457659e-02 2.0062245e-05 2.2340839e-04
 5.8573298e-03 1.7011945e-01]",[9.7118062e-01 1.7738242e-03 1.9069936e-04 2.6854802e-02],[9.9999982e-01 1.5479895e-07],"[1.0888648e-06 5.1174480e-05 6.1523048e-03 2.1587507e-01 6.2382293e-01
 1.5111209e-01 2.9629476e-03 2.2133006e-05 3.0337949e-07]",1,White,20-39
/scratch/project_462000771/mengting/projects/bias/Proteus/prompt2/selected_faces/detected_sad/sad_person_0325_face0.png,White,White,Male,30-39,"[9.9831462e-01 2.4036926e-06 6.7955657e-04 7.0232130e-07 1.9479933e-06
 1.8412224e-05 9.8232517e-04]",[9.9988949e-01 1.0819909e-05 1.5773989e-05 8.3944833e-05],[0.9889978  0.01100214],"[6.9614131e-08 1.7208228e-06 9.9318323e-04 2.1127564e-01 6.2860602e-01
 1.5593927e-01 3.1549195e-03 2.8305887e-05 9.7599298e-07]",0,White,20-39
/scratch/project_462000771/mengting/projects/bias/Proteus/prompt2/selected_faces/detected_sad/sad_person_0326_face0.png,White,White,Male,30-39,"[9.3680364e-01 3.5125860e-05 2.3914007e-02 6.1771602e-06 5.7650039e-05
 3.2893815e-03 3.5894092e-02]",[9.8924273e-01 7.2818238e-04 9.0443081e-04 9.1246879e-03],[9.9997067e-01 2.9326384e-05],"[4.3455412e-07 1.0507513e-05 3.4428502e-03 1.6194740e-01 6.1582404e-01
 2.1339537e-01 5.3246943e-03 5.3578762e-05 1.2578774e-06]",1,White,20-39
/scratch/project_462000771/mengting/projects/bias/Proteus/prompt2/selected_faces/detected_sad/sad_person_0327_face0.png,White,White,Male,40-49,"[7.4433786e-01 2.8491535e-04 1.7945978e-01 1.9177365e-04 1.3010958e-03
 8.2155811e-03 6.6208877e-02]",[0.9551814  0.00106829 0.001437   0.04231329],[9.9999964e-01 3.5326514e-07],"[5.2979169e-07 3.5257774e-06 2.1933689e-04 1.0760359e-02 3.9086521e-01
 5.5899930e-01 3.8915701e-02 2.3452062e-04 1.4593140e-06]",0,White,40-59
/scratch/project_462000771/mengting/projects/bias/Proteus/prompt2/selected_faces/detected_sad/sad_person_0328_face0.png,White,White,Male,30-39,"[6.96079016e-01 4.58490744e-04 1.14843324e-01 3.63874497e-05
 1.12954869e-04 4.92002442e-03 1.83549762e-01]",[9.8647356e-01 8.6273754e-04 5.9245533e-04 1.2071296e-02],[0.98905843 0.0109416 ],"[1.0995536e-05 7.0603390e-05 1.3748356e-03 4.3611739e-02 4.9465686e-01
 4.2225403e-01 3.7516378e-02 4.9245456e-04 1.2121858e-05]",0,White,20-39
/scratch/project_462000771/mengting/projects/bias/Proteus/prompt2/selected_faces/detected_sad/sad_person_0329_face0.png,White,White,Male,40-49,"[9.5300472e-01 1.9604155e-05 2.2922629e-02 7.0589963e-06 7.1962408e-05
 1.6083966e-03 2.2365591e-02]",[9.9901772e-01 1.6729571e-05 7.7343953e-05 8.8816439e-04],[9.9999774e-01 2.3114394e-06],"[5.1868506e-07 1.8074697e-05 3.6046859e-03 4.6910990e-02 4.4453636e-01
 4.7898087e-01 2.5754191e-02 1.9220919e-04 2.0845116e-06]",0,White,40-59
/scratch/project_462000771/mengting/projects/bias/Proteus/prompt2/selected_faces/detected_sad/sad_person_0330_face0.png,White,White,Male,30-39,"[7.6482558e-01 8.8395464e-05 2.0643443e-01 1.7816047e-04 3.5453419e-04
 6.3719321e-03 2.1747014e-02]",[9.8648751e-01 8.6004075e-05 2.3892878e-04 1.3187505e-02],[9.9999106e-01 8.9644718e-06],"[1.9715465e-06 3.0193054e-05 2.9137682e-03 1.0197081e-01 6.5701658e-01
 2.3258939e-01 5.4523307e-03 2.4756910e-05 2.9346120e-07]",0,White,20-39
/scratch/project_462000771/mengting/projects/bias/Proteus/prompt2/selected_faces/detected_sad/sad_person_0331_face0.png,White,White,Male,50-59,"[5.1955205e-01 8.3260058e-04 1.9597939e-01 3.7893729e-04 1.5839882e-03
 1.0294226e-02 2.7137893e-01]",[9.9774873e-01 4.7527894e-05 8.6293911e-04 1.3407673e-03],[9.9997985e-01 2.0128791e-05],"[5.7953703e-06 4.8537390e-06 1.1668415e-04 4.7426682e-04 1.6152421e-02
 3.2315183e-01 6.2525350e-01 3.4430861e-02 4.0973301e-04]",0,White,40-59
/scratch/project_462000771/mengting/projects/bias/Proteus/prompt2/selected_faces/detected_sad/sad_person_0332_face0.png,White,White,Male,30-39,"[8.0508369e-01 1.4828711e-02 8.5776120e-02 2.6437217e-05 2.7219305e-04
 3.6465582e-02 5.7547245e-02]",[7.0856941e-01 1.2556571e-01 3.3916166e-04 1.6552566e-01],[9.9999982e-01 1.8811699e-07],"[1.1709772e-06 6.9216621e-06 4.3803902e-04 6.5644942e-02 5.4878056e-01
 3.5814321e-01 2.6620433e-02 3.5704530e-04 7.6657025e-06]",0,White,20-39
/scratch/project_462000771/mengting/projects/bias/Proteus/prompt2/selected_faces/detected_sad/sad_person_0333_face0.png,White,White,Male,40-49,"[9.8673892e-01 4.0313418e-05 3.4762919e-03 1.9001756e-05 6.3889456e-05
 2.3745616e-04 9.4240839e-03]",[9.9842244e-01 3.5935769e-05 5.7177315e-04 9.6990273e-04],[9.9979043e-01 2.0959275e-04],"[6.7164666e-07 3.0748336e-06 2.6087169e-04 2.7153902e-02 3.2850865e-01
 5.8007669e-01 6.2279686e-02 1.6357272e-03 8.0805949e-05]",1,White,40-59
/scratch/project_462000771/mengting/projects/bias/Proteus/prompt2/selected_faces/detected_sad/sad_person_0334_face0.png,White,White,Male,30-39,"[9.4699007e-01 3.2148111e-04 3.1666536e-02 4.5427565e-05 1.9003400e-04
 9.2248095e-04 1.9864004e-02]",[9.8849338e-01 3.7085381e-04 1.2684037e-04 1.1008877e-02],[9.9999988e-01 1.1698441e-07],"[7.3143838e-07 2.5057405e-05 1.1062746e-02 4.5025778e-01 4.7875693e-01
 5.8335479e-02 1.5428986e-03 1.8200752e-05 1.6250846e-07]",0,White,20-39
/scratch/project_462000771/mengting/projects/bias/Proteus/prompt2/selected_faces/detected_sad/sad_person_0335_face0.png,White,White,Male,30-39,"[8.5890055e-01 1.3896322e-04 5.4967526e-02 4.1671858e-05 1.4945719e-04
 1.7452495e-03 8.4056593e-02]",[9.8709422e-01 5.2514509e-04 7.2105095e-04 1.1659586e-02],[0.99883527 0.0011648 ],"[1.0486996e-06 4.2801084e-06 1.3203687e-03 1.8110152e-01 6.9254142e-01
 1.2111242e-01 3.8423026e-03 7.4699477e-05 2.0161751e-06]",0,White,20-39
/scratch/project_462000771/mengting/projects/bias/Proteus/prompt2/selected_faces/detected_sad/sad_person_0336_face0.png,Latino_Hispanic,White,Male,30-39,"[3.9584348e-01 6.5585943e-03 5.5303091e-01 1.0284644e-04 5.5777282e-04
 8.3404668e-03 3.5565794e-02]",[0.9339797  0.0104611  0.00254886 0.05301036],[9.999909e-01 9.136504e-06],"[3.1467914e-06 7.9305304e-05 1.2264312e-02 2.4502805e-01 5.3726715e-01
 1.9138494e-01 1.3820278e-02 1.5102475e-04 1.7501159e-06]",0,Others,20-39
/scratch/project_462000771/mengting/projects/bias/Proteus/prompt2/selected_faces/detected_sad/sad_person_0337_face0.png,White,White,Male,30-39,"[9.5035380e-01 8.7055254e-05 2.4122132e-02 3.4839406e-05 2.6099916e-04
 2.6615979e-03 2.2479653e-02]",[9.9379039e-01 4.5376731e-04 3.5631194e-04 5.3995149e-03],[9.9999917e-01 8.2288193e-07],"[1.7765159e-06 2.6529246e-05 2.9367721e-03 5.9680525e-02 4.6737051e-01
 4.5104367e-01 1.8781504e-02 1.5715309e-04 1.5688614e-06]",0,White,20-39
/scratch/project_462000771/mengting/projects/bias/Proteus/prompt2/selected_faces/detected_sad/sad_person_0338_face0.png,White,White,Male,40-49,"[9.0132058e-01 1.1400867e-04 7.1177252e-02 3.5815829e-05 3.9982676e-04
 8.0081914e-03 1.8944295e-02]",[9.7769386e-01 7.8288448e-04 3.1262368e-03 1.8396996e-02],[9.99990e-01 1.00038e-05],"[3.6240806e-06 3.4737765e-05 1.4894472e-03 2.2144718e-02 3.2225564e-01
 6.0431713e-01 4.9257651e-02 4.8825410e-04 8.9016739e-06]",0,White,40-59
/scratch/project_462000771/mengting/projects/bias/Proteus/prompt2/selected_faces/detected_sad/sad_person_0339_face0.png,Middle Eastern,White,Male,30-39,"[1.2931275e-01 6.9655839e-04 1.5031463e-01 1.6133907e-05 1.8553028e-04
 9.0459533e-02 6.2901491e-01]",[0.56526464 0.00184201 0.00190322 0.43099016],[1.0000000e+00 4.4537714e-08],"[2.3700347e-06 1.8955359e-05 1.1647375e-03 6.4545229e-02 5.8929116e-01
 3.3585137e-01 9.0277791e-03 9.7245364e-05 1.2236214e-06]",0,Others,20-39
/scratch/project_462000771/mengting/projects/bias/Proteus/prompt2/selected_faces/detected_sad/sad_person_0340_face0.png,Middle Eastern,White,Male,40-49,"[1.03258915e-01 2.18910514e-03 2.06342921e-01 4.35660695e-05
 5.42631606e-04 9.37725306e-02 5.93850315e-01]",[0.84980345 0.00335952 0.00232326 0.14451376],[9.999994e-01 6.248698e-07],"[5.7796274e-06 1.7513679e-05 2.8820924e-04 2.2232025e-03 1.1258938e-01
 6.1792761e-01 2.6227444e-01 4.6106866e-03 6.3170606e-05]",0,Others,40-59
/scratch/project_462000771/mengting/projects/bias/Proteus/prompt2/selected_faces/detected_sad/sad_person_0341_face0.png,White,White,Male,40-49,"[9.4397092e-01 3.5462683e-04 2.5099246e-02 8.5352294e-05 5.0850742e-04
 5.4800720e-03 2.4501324e-02]",[0.9409599  0.00225502 0.00889618 0.04788901],[9.9983531e-01 1.6468034e-04],"[1.60356080e-06 3.52615734e-06 1.20674522e-04 5.80838509e-03
 1.24863580e-01 6.36530697e-01 2.27861300e-01 4.69255168e-03
 1.17602096e-04]",0,White,40-59
/scratch/project_462000771/mengting/projects/bias/Proteus/prompt2/selected_faces/detected_sad/sad_person_0342_face0.png,White,White,Male,30-39,"[8.7276953e-01 1.9408199e-04 3.6159743e-02 2.5353613e-05 5.7594680e-05
 1.7906950e-03 8.9003071e-02]",[9.9285442e-01 2.6646681e-04 1.3308513e-03 5.5482234e-03],[0.99773693 0.00226301],"[2.0600098e-06 1.2542160e-05 1.7979756e-03 1.5336365e-01 6.1673307e-01
 2.1583442e-01 1.2044809e-02 2.0645994e-04 5.0347344e-06]",0,White,20-39
/scratch/project_462000771/mengting/projects/bias/Proteus/prompt2/selected_faces/detected_sad/sad_person_0343_face0.png,White,White,Male,40-49,"[9.7321129e-01 3.5629873e-04 1.9624379e-02 2.0750898e-05 1.3544122e-04
 3.6688445e-03 2.9829589e-03]",[9.7781974e-01 1.2620706e-03 1.2924703e-04 2.0788847e-02],[9.9993134e-01 6.8705718e-05],"[2.7417834e-06 1.4120258e-05 1.2920862e-03 1.8349845e-02 1.8850771e-01
 5.8369654e-01 2.0517807e-01 2.9238809e-03 3.4956440e-05]",0,White,40-59
/scratch/project_462000771/mengting/projects/bias/Proteus/prompt2/selected_faces/detected_sad/sad_person_0344_face0.png,White,White,Male,30-39,"[9.6503866e-01 2.5223757e-04 2.2218809e-02 4.3627333e-05 4.9588521e-04
 2.9916989e-03 8.9591481e-03]",[9.9223864e-01 2.6097058e-04 3.4756685e-04 7.1528754e-03],[9.999884e-01 1.165386e-05],"[1.42329998e-06 2.52830196e-05 2.41392432e-03 1.08832665e-01
 5.84932745e-01 2.84167767e-01 1.93569716e-02 2.63752998e-04
 5.45465127e-06]",0,White,20-39
/scratch/project_462000771/mengting/projects/bias/Proteus/prompt2/selected_faces/detected_sad/sad_person_0345_face0.png,White,White,Male,40-49,"[8.1285638e-01 1.9323238e-04 1.4652079e-01 2.3769784e-04 8.8883098e-04
 6.2874681e-03 3.3015665e-02]",[9.5490390e-01 7.1549608e-04 1.1599023e-03 4.3220665e-02],[9.9998462e-01 1.5340314e-05],"[8.1427615e-06 5.6258865e-05 1.6311851e-03 2.2335054e-02 3.9910883e-01
 5.2545857e-01 5.0847806e-02 5.4780277e-04 6.4056662e-06]",0,White,40-59
/scratch/project_462000771/mengting/projects/bias/Proteus/prompt2/selected_faces/detected_sad/sad_person_0346_face0.png,White,White,Male,30-39,"[4.8269993e-01 1.0944254e-03 1.0029002e-01 8.8756409e-05 4.3113381e-04
 1.0354784e-02 4.0504098e-01]",[0.96752214 0.00181256 0.00204174 0.02862348],[9.9999553e-01 4.4391986e-06],"[9.2162327e-06 4.8348546e-05 1.8289334e-03 8.6235717e-02 5.3474712e-01
 3.5373029e-01 2.2858310e-02 5.3064240e-04 1.1525258e-05]",1,White,20-39
/scratch/project_462000771/mengting/projects/bias/Proteus/prompt2/selected_faces/detected_sad/sad_person_0347_face0.png,White,White,Male,20-29,"[6.2179184e-01 6.6174992e-04 1.5749967e-01 7.9424564e-05 9.7263581e-04
 1.3916066e-02 2.0507856e-01]",[0.698911   0.00239094 0.0041742  0.2945239 ],[9.999992e-01 7.743479e-07],"[2.1382348e-06 7.4089614e-05 2.1710247e-02 4.8399973e-01 4.2836154e-01
 6.3754782e-02 2.0421655e-03 5.4119562e-05 1.1647843e-06]",0,White,20-39
/scratch/project_462000771/mengting/projects/bias/Proteus/prompt2/selected_faces/detected_sad/sad_person_0348_face0.png,White,White,Male,40-49,"[0.49175686 0.00100714 0.34836122 0.00066158 0.00338615 0.04428251
 0.11054458]",[9.7973537e-01 1.2526801e-04 4.5647490e-04 1.9682912e-02],[9.999907e-01 9.362797e-06],"[1.1709705e-04 9.0713915e-04 7.7826371e-03 9.6653327e-03 1.3506514e-01
 5.2612406e-01 3.0881736e-01 1.1389239e-02 1.3197983e-04]",0,White,40-59
/scratch/project_462000771/mengting/projects/bias/Proteus/prompt2/selected_faces/detected_sad/sad_person_0349_face0.png,White,White,Male,30-39,"[9.5194733e-01 2.3512746e-05 9.5733218e-03 5.6354443e-06 3.2031810e-05
 9.1409765e-04 3.7504055e-02]",[9.9622595e-01 2.0077110e-04 2.9830777e-04 3.2749882e-03],[9.9998128e-01 1.8685947e-05],"[4.2404778e-07 5.9405643e-06 1.1088310e-03 1.0020436e-01 6.0542065e-01
 2.8608915e-01 7.1009705e-03 6.7944085e-05 1.7054447e-06]",0,White,20-39
/scratch/project_462000771/mengting/projects/bias/Proteus/prompt2/selected_faces/detected_sad/sad_person_0350_face0.png,White,White,Male,40-49,"[8.5889113e-01 8.1295584e-04 3.6357991e-02 3.3254923e-06 7.9553341e-05
 2.1126684e-02 8.2728431e-02]",[9.6261692e-01 5.0062354e-04 3.5966761e-04 3.6522847e-02],[9.9999988e-01 1.1478445e-07],"[1.2897113e-06 2.8041712e-05 4.2702425e-03 7.7819362e-02 3.5619408e-01
 4.8809153e-01 7.0850328e-02 2.7016103e-03 4.3500917e-05]",0,White,40-59
/scratch/project_462000771/mengting/projects/bias/Proteus/prompt2/selected_faces/detected_sad/sad_person_0351_face0.png,White,White,Female,30-39,"[9.3392050e-01 6.9588481e-05 3.8633619e-02 2.1430680e-04 1.9948547e-04
 7.1817439e-04 2.6244339e-02]",[0.881151   0.00698738 0.07986145 0.03200016],[0.25623682 0.74376315],"[1.0888485e-07 1.1430797e-06 3.0798701e-04 5.1820148e-02 5.4855722e-01
 3.7409380e-01 2.4825547e-02 3.8616333e-04 7.9074307e-06]",0,White,20-39
/scratch/project_462000771/mengting/projects/bias/Proteus/prompt2/selected_faces/detected_sad/sad_person_0352_face0.png,White,White,Male,40-49,"[0.38811514 0.00181481 0.3532372  0.00212519 0.00520603 0.02769706
 0.22180459]",[0.4738656  0.01698386 0.09489501 0.41425556],[9.999957e-01 4.296209e-06],"[1.8142306e-05 2.5534675e-05 3.9283244e-04 7.7687362e-03 1.9844264e-01
 5.8297455e-01 2.0491563e-01 5.3753308e-03 8.6616186e-05]",0,White,40-59
/scratch/project_462000771/mengting/projects/bias/Proteus/prompt2/selected_faces/detected_sad/sad_person_0353_face0.png,White,White,Male,40-49,"[6.0330123e-01 1.9557779e-03 1.2134287e-01 2.0143676e-05 2.6212426e-04
 2.3835102e-02 2.4928275e-01]",[9.8068142e-01 3.6426351e-04 1.6432525e-04 1.8789981e-02],[9.9999857e-01 1.3973730e-06],"[3.1923428e-06 1.3012821e-05 7.9838873e-04 4.2762540e-02 4.0984541e-01
 4.6984303e-01 7.4670374e-02 2.0163152e-03 4.7790600e-05]",1,White,40-59
/scratch/project_462000771/mengting/projects/bias/Proteus/prompt2/selected_faces/detected_sad/sad_person_0354_face0.png,Latino_Hispanic,White,Male,40-49,"[0.45480454 0.00349191 0.4889262  0.00114139 0.00404984 0.03024577
 0.01734038]",[9.5687860e-01 6.6721020e-04 1.1048652e-03 4.1349314e-02],[9.9990076e-01 9.9252429e-05],"[2.1256157e-05 6.4615720e-05 1.2301344e-03 1.3200779e-02 2.0833185e-01
 5.7262927e-01 2.0022818e-01 4.2248615e-03 6.8990645e-05]",0,Others,40-59
/scratch/project_462000771/mengting/projects/bias/Proteus/prompt2/selected_faces/detected_sad/sad_person_0355_face0.png,White,White,Male,40-49,"[5.2258551e-01 1.7438371e-03 1.8979706e-01 7.0306996e-05 7.1824342e-04
 3.3698287e-02 2.5138682e-01]",[0.71634024 0.02213521 0.00574394 0.25578058],[9.9999851e-01 1.5392307e-06],"[1.7660993e-07 4.4274705e-07 7.5228556e-05 1.2589996e-02 3.1872773e-01
 5.9424311e-01 7.3339418e-02 1.0095604e-03 1.4283675e-05]",0,White,40-59
/scratch/project_462000771/mengting/projects/bias/Proteus/prompt2/selected_faces/detected_sad/sad_person_0356_face0.png,White,White,Male,30-39,"[5.2240366e-01 5.0549887e-05 9.0423405e-02 1.1205008e-04 9.3452795e-04
 2.0379357e-02 3.6569649e-01]",[9.5641047e-01 7.0765236e-05 1.2073425e-03 4.2311378e-02],[9.999995e-01 4.636579e-07],"[7.3184069e-06 2.9585228e-04 1.0815904e-02 7.7489652e-02 5.4216552e-01
 3.6110598e-01 8.0665965e-03 5.2623956e-05 4.9096900e-07]",1,White,20-39
/scratch/project_462000771/mengting/projects/bias/Proteus/prompt2/selected_faces/detected_sad/sad_person_0357_face0.png,White,White,Male,20-29,"[7.7294064e-01 9.8625163e-04 1.4306898e-01 1.6266965e-04 4.9009256e-04
 3.2276397e-03 7.9123780e-02]",[0.98751014 0.00567183 0.00271124 0.00410682],[0.99891376 0.00108627],"[1.6651516e-07 1.1150948e-05 6.7461077e-03 5.7285851e-01 4.0655762e-01
 1.3711283e-02 1.1355347e-04 1.5553777e-06 4.2314838e-08]",0,White,20-39
/scratch/project_462000771/mengting/projects/bias/Proteus/prompt2/selected_faces/detected_sad/sad_person_0358_face0.png,White,White,Female,30-39,"[9.4720852e-01 2.0594414e-05 4.4711851e-02 8.4964951e-05 6.7651694e-05
 7.8633847e-04 7.1200426e-03]",[9.9373031e-01 7.9785423e-05 4.4376031e-04 5.7461425e-03],[0.0238562 0.9761438],"[6.0431034e-08 2.9787652e-06 2.3324268e-03 2.2312312e-01 6.1353201e-01
 1.5666692e-01 4.2966944e-03 4.5344266e-05 5.1446432e-07]",0,White,20-39
/scratch/project_462000771/mengting/projects/bias/Proteus/prompt2/selected_faces/detected_sad/sad_person_0359_face0.png,White,White,Male,30-39,"[9.6684009e-01 8.1441522e-06 1.9439677e-02 3.8103713e-06 2.9699275e-05
 1.9449998e-03 1.1733581e-02]",[9.9339736e-01 4.0152325e-05 2.5465475e-05 6.5369960e-03],[9.9999982e-01 1.4912723e-07],"[6.9554238e-07 2.3079827e-05 2.7297635e-03 4.9967166e-02 5.6472462e-01
 3.7850621e-01 4.0365919e-03 1.1786675e-05 3.9204476e-08]",0,White,20-39
/scratch/project_462000771/mengting/projects/bias/Proteus/prompt2/selected_faces/detected_sad/sad_person_0360_face0.png,White,White,Male,30-39,"[8.8869911e-01 6.6185388e-04 8.6640611e-02 1.7016564e-04 9.0385368e-04
 2.6438942e-03 2.0280562e-02]",[9.5818990e-01 7.5562322e-04 1.1124370e-03 3.9942056e-02],[9.9999654e-01 3.4414468e-06],"[9.4033032e-07 5.3617632e-06 8.8463794e-04 6.3666314e-02 5.0633168e-01
 3.9699394e-01 3.1668410e-02 4.4209999e-04 6.6823113e-06]",0,White,20-39
/scratch/project_462000771/mengting/projects/bias/Proteus/prompt2/selected_faces/detected_sad/sad_person_0361_face0.png,White,White,Male,30-39,"[5.5659318e-01 9.6116841e-05 3.5898763e-01 4.9346383e-04 1.6433041e-03
 9.5654465e-03 7.2620906e-02]",[0.7897252  0.00274212 0.02141596 0.18611676],[0.9930925  0.00690753],"[1.9097325e-07 3.4181874e-06 1.4953417e-03 1.0319589e-01 7.2630221e-01
 1.6570923e-01 3.2629368e-03 3.0181982e-05 5.2673317e-07]",0,White,20-39
/scratch/project_462000771/mengting/projects/bias/Proteus/prompt2/selected_faces/detected_sad/sad_person_0362_face0.png,White,White,Male,30-39,"[5.6171501e-01 5.1540777e-04 1.7103449e-01 1.3984804e-04 6.1424467e-04
 6.3526672e-03 2.5962850e-01]",[0.95244    0.00290522 0.00199544 0.04265926],[9.9999833e-01 1.6370020e-06],"[1.2013373e-06 1.1849580e-05 4.8916391e-04 4.2723969e-02 6.9100791e-01
 2.5923446e-01 6.4946231e-03 3.6418834e-05 3.5983695e-07]",1,White,20-39
/scratch/project_462000771/mengting/projects/bias/Proteus/prompt2/selected_faces/detected_sad/sad_person_0363_face0.png,White,White,Male,40-49,"[7.1359611e-01 4.3122438e-04 2.3599723e-01 8.0020436e-05 9.1080600e-04
 1.7253106e-02 3.1731550e-02]",[9.8277360e-01 3.1912606e-04 5.7201355e-04 1.6335245e-02],[9.9999481e-01 5.1512097e-06],"[8.3298000e-06 7.2294504e-05 2.3712071e-03 1.1242154e-02 2.2163029e-01
 6.4045757e-01 1.2267056e-01 1.5289828e-03 1.8578065e-05]",0,White,40-59
/scratch/project_462000771/mengting/projects/bias/Proteus/prompt2/selected_faces/detected_sad/sad_person_0364_face0.png,White,White,Male,40-49,"[7.5574970e-01 3.9824078e-04 1.0760137e-01 2.5524143e-05 1.9346552e-04
 6.1547197e-03 1.2987700e-01]",[9.7977817e-01 1.7190806e-04 2.7210289e-04 1.9777877e-02],[9.9999589e-01 4.0868476e-06],"[1.0849696e-05 6.9130176e-05 2.7151734e-03 3.1786427e-02 3.6410996e-01
 5.4224479e-01 5.8022313e-02 1.0280639e-03 1.3245288e-05]",0,White,40-59
/scratch/project_462000771/mengting/projects/bias/Proteus/prompt2/selected_faces/detected_sad/sad_person_0365_face0.png,White,White,Male,30-39,"[9.6749932e-01 8.0262427e-05 2.0486185e-02 4.1771855e-05 9.9126017e-05
 6.4838823e-04 1.1144965e-02]",[9.9902087e-01 2.9081562e-05 2.4748317e-04 7.0257194e-04],[9.9997997e-01 1.9984964e-05],"[4.1698911e-07 4.8181755e-06 2.4107127e-03 3.0200332e-01 5.9982699e-01
 9.3487620e-02 2.2478725e-03 1.7974218e-05 3.4524436e-07]",0,White,20-39
/scratch/project_462000771/mengting/projects/bias/Proteus/prompt2/selected_faces/detected_sad/sad_person_0366_face0.png,White,White,Male,30-39,"[7.2026032e-01 1.2461109e-03 2.2537751e-01 1.1084419e-04 1.2661448e-03
 8.8446448e-03 4.2894445e-02]",[9.6099794e-01 1.9619228e-04 4.8604881e-04 3.8319826e-02],[9.9999768e-01 2.3785435e-06],"[2.0055959e-06 3.7908594e-05 4.2414232e-03 9.6276686e-02 6.0191929e-01
 2.7871761e-01 1.8539215e-02 2.6299129e-04 2.8974239e-06]",0,White,20-39
/scratch/project_462000771/mengting/projects/bias/Proteus/prompt2/selected_faces/detected_sad/sad_person_0367_face0.png,White,White,Male,40-49,"[6.5926248e-01 9.5512262e-03 1.5867493e-01 3.6410938e-04 6.2029213e-03
 5.2954577e-02 1.1298979e-01]",[0.90728956 0.00149914 0.00187901 0.08933225],[9.9999994e-01 5.3131082e-08],"[9.0127907e-07 4.9160208e-06 2.4216261e-04 6.2794993e-03 1.5990545e-01
 6.3070518e-01 1.9823767e-01 4.5611891e-03 6.3076404e-05]",0,White,40-59
/scratch/project_462000771/mengting/projects/bias/Proteus/prompt2/selected_faces/detected_sad/sad_person_0368_face0.png,Middle Eastern,White,Male,30-39,"[2.81486332e-01 9.76996729e-04 1.07807696e-01 5.47719319e-05
 2.00024340e-04 3.74240545e-03 6.05731785e-01]",[0.9721685  0.00463432 0.00118745 0.02200973],[9.999973e-01 2.639183e-06],"[1.1151599e-05 1.9779060e-05 7.6702348e-04 6.8234906e-02 5.7183135e-01
 3.2992402e-01 2.8455438e-02 7.4669736e-04 9.5785235e-06]",1,White,20-39
/scratch/project_462000771/mengting/projects/bias/Proteus/prompt2/selected_faces/detected_sad/sad_person_0369_face0.png,White,White,Male,40-49,"[7.5478357e-01 1.2224547e-04 1.0558518e-01 2.1673040e-04 1.0262458e-03
 4.7223354e-03 1.3354373e-01]",[9.6757770e-01 2.8428566e-04 3.2572222e-03 2.8880836e-02],[9.996785e-01 3.214974e-04],"[1.4843472e-05 9.0992638e-05 5.0219106e-03 4.6602290e-02 3.8253060e-01
 4.9158230e-01 7.2154716e-02 1.9630080e-03 3.9317201e-05]",0,White,40-59
/scratch/project_462000771/mengting/projects/bias/Proteus/prompt2/selected_faces/detected_sad/sad_person_0370_face0.png,White,White,Male,30-39,"[5.7123309e-01 1.0376323e-03 1.9223350e-01 4.6750612e-04 3.8232249e-03
 2.8723070e-02 2.0248191e-01]",[0.7331749  0.00193996 0.00792186 0.2569633 ],[9.9999678e-01 3.1901639e-06],"[2.6418431e-06 2.4342953e-05 1.6725556e-03 1.0971358e-01 5.4097950e-01
 3.2375357e-01 2.3317881e-02 5.2431982e-04 1.1597790e-05]",0,White,20-39
/scratch/project_462000771/mengting/projects/bias/Proteus/prompt2/selected_faces/detected_sad/sad_person_0371_face0.png,White,White,Male,40-49,"[6.7404598e-01 3.2188336e-04 1.5815410e-01 1.9535393e-04 6.1900890e-04
 2.8444605e-02 1.3821909e-01]",[9.7835612e-01 6.9152826e-05 2.1429730e-03 1.9431870e-02],[9.9995494e-01 4.5109118e-05],"[1.1343854e-04 1.1462689e-04 6.0654798e-04 2.8802939e-03 7.3254183e-02
 4.7937375e-01 4.2578092e-01 1.7560894e-02 3.1528063e-04]",0,White,40-59
/scratch/project_462000771/mengting/projects/bias/Proteus/prompt2/selected_faces/detected_sad/sad_person_0372_face0.png,White,White,Male,40-49,"[6.7832416e-01 4.2180964e-04 1.0611268e-01 2.1721415e-05 8.8156456e-05
 5.6827809e-03 2.0934857e-01]",[9.9271452e-01 2.2117018e-04 1.2181191e-04 6.9424235e-03],[9.9999869e-01 1.3082191e-06],"[7.5274002e-06 4.2479711e-05 9.3270565e-04 2.5124649e-02 4.0601888e-01
 5.2596855e-01 4.1592944e-02 3.0932826e-04 2.8914189e-06]",1,White,40-59
/scratch/project_462000771/mengting/projects/bias/Proteus/prompt2/selected_faces/detected_sad/sad_person_0373_face0.png,White,White,Male,40-49,"[5.0870806e-01 1.8820777e-03 2.3416469e-01 5.6028977e-05 3.8536164e-04
 7.7710752e-03 2.4703264e-01]",[0.9536026  0.00894661 0.00161541 0.03583536],[9.999994e-01 6.264042e-07],"[2.4332924e-06 1.2951843e-05 5.6197203e-04 2.3003224e-02 4.6374089e-01
 4.8247230e-01 2.9947923e-02 2.5590326e-04 2.5359902e-06]",1,White,40-59
/scratch/project_462000771/mengting/projects/bias/Proteus/prompt2/selected_faces/detected_sad/sad_person_0374_face0.png,Middle Eastern,White,Male,30-39,"[2.4711993e-01 1.9230583e-03 2.2146079e-01 5.0419370e-05 2.3377276e-04
 6.7595709e-03 5.2245253e-01]",[9.8571062e-01 7.1923021e-04 4.7579798e-04 1.3094381e-02],[9.9999994e-01 1.1425695e-07],"[2.3493446e-06 9.7808315e-06 3.9865327e-04 2.7956389e-02 5.1634961e-01
 4.3622354e-01 1.8867811e-02 1.9056789e-04 1.3298708e-06]",1,White,20-39
/scratch/project_462000771/mengting/projects/bias/Proteus/prompt2/selected_faces/detected_sad/sad_person_0375_face0.png,White,White,Male,30-39,"[8.0757719e-01 1.2393654e-04 5.5148587e-02 7.8527009e-05 5.6506123e-04
 7.3552625e-03 1.2915140e-01]",[9.9381691e-01 5.2549753e-05 4.2946104e-04 5.7010995e-03],[9.9999982e-01 1.6463889e-07],"[2.8436768e-06 9.3035793e-05 1.2014078e-02 1.6910833e-01 5.9683889e-01
 2.1646345e-01 5.4108547e-03 6.7850946e-05 7.2123288e-07]",0,White,20-39
/scratch/project_462000771/mengting/projects/bias/Proteus/prompt2/selected_faces/detected_sad/sad_person_0376_face0.png,White,White,Male,40-49,"[5.9141606e-01 1.4097905e-02 1.3534592e-01 2.3278151e-05 7.8300160e-04
 4.6642054e-02 2.1169175e-01]",[9.8685408e-01 7.7228202e-04 4.1897787e-04 1.1954615e-02],[9.9999970e-01 2.8385438e-07],"[3.0552724e-06 6.7834750e-05 4.3931203e-03 4.2084854e-02 3.3455887e-01
 5.4725850e-01 6.9247611e-02 2.3391282e-03 4.7021222e-05]",0,White,40-59
/scratch/project_462000771/mengting/projects/bias/Proteus/prompt2/selected_faces/detected_sad/sad_person_0377_face0.png,White,White,Male,30-39,"[7.1081090e-01 2.8823045e-04 1.4880297e-01 2.1627666e-04 1.0616878e-03
 1.3126695e-02 1.2569328e-01]",[9.5746946e-01 1.0446370e-04 2.7267048e-03 3.9699364e-02],[9.999907e-01 9.332828e-06],"[6.0295120e-06 3.2970118e-05 1.6032400e-03 4.1847210e-02 4.8860431e-01
 4.2174968e-01 4.5739278e-02 4.1198582e-04 5.2648647e-06]",0,White,20-39
/scratch/project_462000771/mengting/projects/bias/Proteus/prompt2/selected_faces/detected_sad/sad_person_0378_face0.png,White,White,Male,40-49,"[8.0904549e-01 2.3019697e-04 9.4429806e-02 8.6712593e-05 3.3759847e-04
 4.3543964e-03 9.1515772e-02]",[9.8288339e-01 1.6811650e-04 4.9771735e-04 1.6450737e-02],[9.9993056e-01 6.9426409e-05],"[9.4658008e-06 3.6908448e-05 7.7429216e-04 1.5951270e-02 3.5566840e-01
 5.7033247e-01 5.6575771e-02 6.4063427e-04 1.0852667e-05]",0,White,40-59
/scratch/project_462000771/mengting/projects/bias/Proteus/prompt2/selected_faces/detected_sad/sad_person_0379_face0.png,White,White,Male,30-39,"[3.4042001e-01 2.3689289e-03 2.8980029e-01 5.7113408e-05 3.9235273e-04
 3.3588212e-02 3.3337316e-01]",[9.7159928e-01 9.2887966e-04 1.0751465e-03 2.6396729e-02],[9.999978e-01 2.206925e-06],"[4.0383670e-06 2.2842480e-05 7.4999064e-04 3.5631943e-02 4.9203989e-01
 4.3893373e-01 3.2346357e-02 2.6811429e-04 3.0808249e-06]",0,White,20-39
/scratch/project_462000771/mengting/projects/bias/Proteus/prompt2/selected_faces/detected_sad/sad_person_0380_face0.png,Latino_Hispanic,White,Male,40-49,"[0.23663619 0.00275965 0.523353   0.0017083  0.00930991 0.08025625
 0.14597675]",[0.75770175 0.00283395 0.01346769 0.22599666],[9.9999905e-01 9.6539907e-07],"[2.8750343e-05 9.3506387e-05 2.1418389e-03 5.4969765e-02 4.2591015e-01
 4.4646326e-01 6.7802258e-02 2.5512553e-03 3.9231287e-05]",0,Others,40-59
/scratch/project_462000771/mengting/projects/bias/Proteus/prompt2/selected_faces/detected_sad/sad_person_0381_face0.png,Latino_Hispanic,White,Male,30-39,"[3.7860534e-01 4.3225936e-03 4.3940368e-01 2.1467230e-04 1.0918081e-03
 2.7872154e-02 1.4848983e-01]",[0.831949   0.00305701 0.01143259 0.1535614 ],[0.9637378  0.03626227],"[2.9582964e-07 2.4543308e-06 4.1933768e-04 8.4174894e-02 6.7825979e-01
 2.2039920e-01 1.6308239e-02 4.1914650e-04 1.6621958e-05]",0,Others,20-39
/scratch/project_462000771/mengting/projects/bias/Proteus/prompt2/selected_faces/detected_sad/sad_person_0382_face0.png,White,White,Male,20-29,"[9.7751218e-01 1.5791275e-05 9.0673063e-03 7.1470424e-07 4.6980890e-06
 8.7258703e-04 1.2526807e-02]",[9.8551154e-01 1.9390874e-04 1.5143982e-04 1.4143123e-02],[9.999995e-01 5.232022e-07],"[2.8017244e-08 2.3380189e-06 5.5795060e-03 5.3480631e-01 4.3541810e-01
 2.4049273e-02 1.4355296e-04 7.6993001e-07 9.6901580e-09]",0,White,20-39
/scratch/project_462000771/mengting/projects/bias/Proteus/prompt2/selected_faces/detected_sad/sad_person_0383_face0.png,White,White,Male,30-39,"[4.35691178e-01 3.13037238e-03 4.00357515e-01 5.39948887e-05
 7.14302412e-04 3.70384157e-02 1.23014286e-01]",[0.80980444 0.00750958 0.00279319 0.1798928 ],[9.9999774e-01 2.2178162e-06],"[6.0187294e-06 3.8591676e-05 1.5481736e-03 5.0460164e-02 5.0530118e-01
 4.1452321e-01 2.7485749e-02 6.2711933e-04 9.7004104e-06]",0,White,20-39
/scratch/project_462000771/mengting/projects/bias/Proteus/prompt2/selected_faces/detected_sad/sad_person_0384_face0.png,White,White,Male,30-39,"[9.5691943e-01 1.6627200e-04 3.0766662e-02 2.6979955e-05 1.1604551e-04
 1.6464308e-03 1.0358214e-02]",[9.9060816e-01 2.7159139e-04 5.5536430e-04 8.5649025e-03],[9.9978983e-01 2.1014840e-04],"[6.8899835e-06 1.2479910e-04 4.7481018e-03 1.7555302e-01 5.6433505e-01
 2.4365996e-01 1.1421930e-02 1.4627218e-04 3.9071342e-06]",0,White,20-39
/scratch/project_462000771/mengting/projects/bias/Proteus/prompt2/selected_faces/detected_sad/sad_person_0385_face0.png,White,White,Male,30-39,"[8.56008589e-01 3.75544070e-04 1.17954016e-01 2.04500830e-05
 1.03863946e-04 1.68660237e-03 2.38509458e-02]",[9.8770320e-01 1.3029482e-03 2.1361472e-04 1.0780217e-02],[0.9982193  0.00178063],"[3.5430401e-07 8.9117348e-06 3.9491509e-03 3.4541419e-01 6.0104078e-01
 4.8828211e-02 7.5095613e-04 7.2821522e-06 1.6730182e-07]",0,White,20-39
/scratch/project_462000771/mengting/projects/bias/Proteus/prompt2/selected_faces/detected_sad/sad_person_0386_face0.png,White,White,Male,40-49,"[5.5782950e-01 9.9510893e-05 4.5731019e-02 1.7058326e-05 2.7063896e-04
 8.5906647e-03 3.8746160e-01]",[9.8939633e-01 3.0711354e-04 3.4754991e-04 9.9490182e-03],[1.0000000e+00 2.3932351e-08],"[1.0285058e-05 1.0951501e-04 2.3222859e-03 2.5425330e-02 3.5825062e-01
 5.8161563e-01 3.1782720e-02 4.7737532e-04 6.1351138e-06]",1,White,40-59
/scratch/project_462000771/mengting/projects/bias/Proteus/prompt2/selected_faces/detected_sad/sad_person_0387_face0.png,Latino_Hispanic,Indian,Male,40-49,"[0.16654947 0.0838789  0.3316306  0.00045631 0.00693233 0.2790359
 0.1315165 ]",[0.20636846 0.03662549 0.00645889 0.7505472 ],[9.9999493e-01 5.0854705e-06],"[2.0368534e-06 2.7570061e-06 1.5663620e-04 9.3482025e-03 1.5357982e-01
 5.0194818e-01 3.1309128e-01 2.1028651e-02 8.4248162e-04]",0,Others,40-59
/scratch/project_462000771/mengting/projects/bias/Proteus/prompt2/selected_faces/detected_sad/sad_person_0388_face0.png,White,White,Male,30-39,"[5.0022680e-01 8.1392610e-03 2.0107281e-01 1.0067887e-05 2.2956262e-04
 6.2406421e-02 2.2791512e-01]",[5.0314409e-01 2.2723360e-02 4.4799031e-04 4.7368452e-01],[9.9999970e-01 3.0710711e-07],"[8.9854922e-08 5.0796289e-06 4.1380716e-03 3.4612682e-01 5.7902014e-01
 6.9712400e-02 9.7667216e-04 2.0285834e-05 4.7964892e-07]",1,White,20-39
/scratch/project_462000771/mengting/projects/bias/Proteus/prompt2/selected_faces/detected_sad/sad_person_0389_face0.png,White,White,Female,30-39,"[8.7390739e-01 5.6708854e-04 9.1639772e-02 3.6679641e-05 1.6143330e-04
 1.7410463e-03 3.1946596e-02]",[0.8888502  0.00906043 0.00354467 0.09854467],[0.26703805 0.732962  ],"[7.7991722e-08 1.0198580e-05 7.7274404e-03 3.7492025e-01 5.6741983e-01
 4.9156468e-02 7.5197214e-04 1.3211480e-05 6.0857923e-07]",1,White,20-39
/scratch/project_462000771/mengting/projects/bias/Proteus/prompt2/selected_faces/detected_sad/sad_person_0390_face0.png,White,White,Male,30-39,"[8.5903174e-01 1.4028529e-04 6.4203419e-02 1.1789970e-05 5.4715962e-05
 1.1106853e-03 7.5447276e-02]",[9.6722639e-01 1.8104791e-03 1.8807933e-04 3.0775098e-02],[9.9999821e-01 1.7954952e-06],"[1.3907350e-06 3.8373466e-05 4.4751563e-03 1.4953236e-01 5.7906485e-01
 2.5638986e-01 1.0415247e-02 8.1807004e-05 8.8328346e-07]",1,White,20-39
/scratch/project_462000771/mengting/projects/bias/Proteus/prompt2/selected_faces/detected_sad/sad_person_0391_face0.png,Latino_Hispanic,White,Male,30-39,"[1.7826134e-01 5.4039131e-03 5.3548181e-01 7.2697781e-05 1.4197562e-03
 1.8098009e-01 9.8380402e-02]",[0.80746824 0.00438592 0.00302634 0.18511946],[9.9999946e-01 5.8811258e-07],"[7.08918606e-06 1.44243779e-04 7.79732550e-03 1.92681432e-01
 6.05222225e-01 1.86541930e-01 7.49651901e-03 1.07853244e-04
 1.41210887e-06]",0,Others,20-39
/scratch/project_462000771/mengting/projects/bias/Proteus/prompt2/selected_faces/detected_sad/sad_person_0392_face0.png,White,White,Male,30-39,"[9.7638083e-01 9.3042245e-06 2.3715261e-03 4.5924693e-07 2.9525604e-06
 3.9419621e-05 2.1195509e-02]",[9.9738461e-01 3.1376505e-05 4.3284155e-05 2.5407881e-03],[9.9945426e-01 5.4573605e-04],"[3.3815443e-08 8.5314912e-07 5.2898849e-04 1.2613897e-01 7.4147308e-01
 1.2999408e-01 1.8515232e-03 1.2251733e-05 2.1166865e-07]",1,White,20-39
/scratch/project_462000771/mengting/projects/bias/Proteus/prompt2/selected_faces/detected_sad/sad_person_0393_face0.png,White,White,Male,30-39,"[8.4480858e-01 2.3373615e-04 7.5846560e-02 1.4833915e-04 4.4299959e-04
 4.0956950e-03 7.4424006e-02]",[9.9121535e-01 1.0679472e-03 7.9145255e-05 7.6375180e-03],[9.9999851e-01 1.5503743e-06],"[1.9288350e-06 1.0995115e-05 1.5644843e-03 9.8414414e-02 6.1768842e-01
 2.6630020e-01 1.5759323e-02 2.5712163e-04 3.1698501e-06]",1,White,20-39
/scratch/project_462000771/mengting/projects/bias/Proteus/prompt2/selected_faces/detected_sad/sad_person_0394_face0.png,White,White,Male,30-39,"[7.8155720e-01 6.0653850e-04 1.8311805e-01 6.6824308e-05 1.9823021e-04
 5.5432306e-03 2.8909875e-02]",[9.9558437e-01 2.6127056e-04 8.2034428e-05 4.0723588e-03],[9.9984539e-01 1.5464943e-04],"[4.0800751e-07 3.7399959e-06 1.7755033e-03 1.1411072e-01 6.8556213e-01
 1.9231240e-01 6.1872774e-03 4.7431480e-05 4.4001720e-07]",0,White,20-39
/scratch/project_462000771/mengting/projects/bias/Proteus/prompt2/selected_faces/detected_sad/sad_person_0395_face0.png,White,White,Male,30-39,"[4.7780517e-01 4.8883434e-04 1.4618404e-01 7.7074646e-06 1.5039730e-04
 6.4685456e-02 3.1067833e-01]",[0.69669825 0.00218949 0.00119835 0.29991394],[1.0000000e+00 5.7556186e-09],"[1.1608498e-06 1.7913315e-05 1.5695174e-03 3.0465698e-02 4.7933301e-01
 4.6679622e-01 2.1721642e-02 9.4349605e-05 5.4285567e-07]",0,White,20-39
/scratch/project_462000771/mengting/projects/bias/Proteus/prompt2/selected_faces/detected_sad/sad_person_0396_face0.png,White,White,Female,30-39,"[9.3985456e-01 7.9076955e-05 4.9812138e-02 1.5322007e-04 3.9874556e-04
 1.4203446e-03 8.2819629e-03]",[9.9772531e-01 7.0470487e-05 1.0685981e-03 1.1355460e-03],[0.06537206 0.93462795],"[3.7940147e-06 1.8335952e-04 1.0823644e-02 1.6149776e-01 4.3719825e-01
 3.4820825e-01 3.9995156e-02 1.9496151e-03 1.4024944e-04]",1,White,20-39
/scratch/project_462000771/mengting/projects/bias/Proteus/prompt2/selected_faces/detected_sad/sad_person_0397_face0.png,Middle Eastern,Indian,Male,40-49,"[2.6007497e-01 2.5531412e-03 1.7058302e-01 5.3854950e-05 1.4003759e-03
 4.7144063e-02 5.1819056e-01]",[0.4629213  0.0026989  0.0027704  0.53160936],[9.9999875e-01 1.2339503e-06],"[8.4264030e-07 1.5097621e-05 1.0096142e-03 3.8541608e-02 4.5438769e-01
 4.7996637e-01 2.5702551e-02 3.6569784e-04 1.0445681e-05]",0,White,40-59
/scratch/project_462000771/mengting/projects/bias/Proteus/prompt2/selected_faces/detected_sad/sad_person_0398_face0.png,White,White,Male,30-39,"[8.0365622e-01 4.9108500e-04 1.0309613e-01 3.3398428e-05 3.6233442e-04
 5.3682057e-03 8.6992569e-02]",[9.7906482e-01 8.5143786e-04 3.1604819e-04 1.9767789e-02],[9.9999809e-01 1.9203283e-06],"[1.8503868e-06 3.9713694e-05 3.5039946e-03 9.1889352e-02 5.9876370e-01
 2.9550734e-01 1.0176937e-02 1.1544869e-04 1.6679555e-06]",1,White,20-39
/scratch/project_462000771/mengting/projects/bias/Proteus/prompt2/selected_faces/detected_sad/sad_person_0399_face0.png,White,White,Male,30-39,"[8.4184074e-01 3.2876414e-04 1.2551075e-01 7.5085045e-05 2.7379952e-04
 7.5918171e-03 2.4379028e-02]",[0.82486796 0.0133619  0.05605105 0.10571911],[0.9043482  0.09565185],"[2.6585252e-07 4.1475346e-06 1.8389404e-03 3.1063285e-01 6.3012153e-01
 5.6778099e-02 6.1158568e-04 1.2120370e-05 4.7850574e-07]",0,White,20-39
/scratch/project_462000771/mengting/projects/bias/Proteus/prompt2/selected_faces/detected_sad/sad_person_0400_face0.png,White,White,Male,30-39,"[5.1741010e-01 4.4919350e-03 1.5800855e-01 2.3833913e-05 4.0924526e-04
 2.8091142e-02 2.9156524e-01]",[9.7561276e-01 4.8281136e-03 1.2791407e-04 1.9431187e-02],[9.9999982e-01 1.6092697e-07],"[5.5692576e-06 9.0357469e-05 5.5394359e-03 8.3218336e-02 4.6479011e-01
 4.1833293e-01 2.7449617e-02 5.6596240e-04 7.6900778e-06]",0,White,20-39
/scratch/project_462000771/mengting/projects/bias/Proteus/prompt2/selected_faces/detected_sad/sad_person_0401_face0.png,White,White,Male,40-49,"[9.2235607e-01 6.6653934e-05 2.7361391e-02 6.0213192e-06 5.0027167e-05
 2.5592081e-03 4.7600631e-02]",[9.9363667e-01 1.0032421e-04 2.8677539e-05 6.2343022e-03],[9.9998289e-01 1.7082262e-05],"[2.1281728e-06 3.4981505e-05 2.2106864e-03 5.0643478e-02 4.3106198e-01
 4.9216306e-01 2.3705944e-02 1.7538882e-04 2.2715290e-06]",0,White,40-59
/scratch/project_462000771/mengting/projects/bias/Proteus/prompt2/selected_faces/detected_sad/sad_person_0402_face0.png,White,White,Male,30-39,"[0.5070124  0.00225388 0.2476332  0.00068866 0.00214974 0.02053661
 0.2197255 ]",[9.6630836e-01 9.0101437e-04 3.2196396e-03 2.9570969e-02],[0.9969094  0.00309057],"[1.5959382e-05 6.8538895e-05 1.7833189e-03 7.9882644e-02 6.1607546e-01
 2.8366536e-01 1.7528381e-02 9.3674194e-04 4.3647018e-05]",1,White,20-39
/scratch/project_462000771/mengting/projects/bias/Proteus/prompt2/selected_faces/detected_sad/sad_person_0403_face0.png,White,White,Male,40-49,"[6.3821107e-01 1.5516140e-04 2.4082607e-01 3.2640749e-04 1.2613815e-03
 9.8508159e-03 1.0936914e-01]",[9.7831315e-01 2.1751263e-04 8.6868450e-04 2.0600626e-02],[9.9996573e-01 3.4302102e-05],"[3.6872731e-05 1.0580999e-04 1.5813390e-03 1.1264274e-02 2.4731237e-01
 6.0478824e-01 1.3197896e-01 2.8950353e-03 3.7109567e-05]",0,White,40-59
/scratch/project_462000771/mengting/projects/bias/Proteus/prompt2/selected_faces/detected_sad/sad_person_0404_face0.png,White,White,Male,30-39,"[5.17872810e-01 3.75425734e-04 1.16427936e-01 2.75239963e-05
 1.75365290e-04 1.18048843e-02 3.53316098e-01]",[9.82343316e-01 1.11881143e-03 1.15803574e-04 1.64219197e-02],[9.999976e-01 2.347032e-06],"[1.14845825e-05 9.09544251e-05 3.40073928e-03 7.74582177e-02
 5.43589950e-01 3.56402040e-01 1.88045222e-02 2.39365632e-04
 2.73591195e-06]",1,White,20-39
/scratch/project_462000771/mengting/projects/bias/Proteus/prompt2/selected_faces/detected_sad/sad_person_0405_face0.png,Latino_Hispanic,White,Male,30-39,"[3.8583976e-01 3.0280349e-03 4.9951282e-01 6.1055784e-05 5.5327121e-04
 2.9604713e-02 8.1400298e-02]",[0.8878207  0.00358794 0.00558065 0.10301068],[9.9999428e-01 5.7500483e-06],"[1.2607151e-05 5.8368838e-05 1.3638223e-03 5.9856143e-02 5.7019460e-01
 3.4171635e-01 2.6561698e-02 2.3376175e-04 2.6986295e-06]",0,Others,20-39
/scratch/project_462000771/mengting/projects/bias/Proteus/prompt2/selected_faces/detected_sad/sad_person_0406_face0.png,White,White,Male,20-29,"[9.4395208e-01 6.4160173e-05 3.7765093e-02 2.0005124e-05 1.1397737e-04
 3.7954638e-03 1.4289279e-02]",[9.8783338e-01 2.6259711e-04 1.2901980e-04 1.1775008e-02],[9.9999946e-01 5.1301379e-07],"[3.0802718e-07 2.9877492e-05 1.8776447e-02 6.3996077e-01 3.2561386e-01
 1.5484868e-02 1.3208541e-04 1.8050868e-06 2.8376888e-08]",0,White,20-39
/scratch/project_462000771/mengting/projects/bias/Proteus/prompt2/selected_faces/detected_sad/sad_person_0407_face0.png,White,White,Male,40-49,"[9.5581907e-01 4.3220865e-05 1.5356747e-02 3.3251897e-06 1.2331402e-05
 4.5050381e-04 2.8314706e-02]",[9.9200284e-01 2.1152249e-04 9.6219266e-04 6.8234298e-03],[0.9971692  0.00283077],"[8.4141891e-07 4.3169262e-06 3.1363309e-04 1.3397863e-02 3.6199093e-01
 5.6993419e-01 5.3880490e-02 4.7226716e-04 5.5612572e-06]",0,White,40-59
/scratch/project_462000771/mengting/projects/bias/Proteus/prompt2/selected_faces/detected_sad/sad_person_0408_face0.png,White,White,Male,50-59,"[7.9702860e-01 9.0826215e-04 1.0625520e-01 5.6926085e-05 3.0931155e-04
 4.2259153e-03 9.1215841e-02]",[9.9171668e-01 3.5041053e-04 8.7631756e-04 7.0565296e-03],[9.9999928e-01 7.7024214e-07],"[3.2551114e-05 6.5223598e-05 1.0823862e-03 4.1968455e-03 6.8119697e-02
 4.2980117e-01 4.7662225e-01 1.9903569e-02 1.7625048e-04]",0,White,40-59
/scratch/project_462000771/mengting/projects/bias/Proteus/prompt2/selected_faces/detected_sad/sad_person_0409_face0.png,Middle Eastern,White,Male,30-39,"[3.2830852e-01 4.0443425e-04 1.3545069e-01 1.5472273e-04 5.3886935e-04
 1.0791434e-02 5.2435130e-01]",[9.3871409e-01 4.1164423e-04 4.2474770e-04 6.0449533e-02],[9.999938e-01 6.212830e-06],"[4.6810933e-07 2.1941671e-06 2.1777372e-04 2.9593047e-02 5.7433617e-01
 3.7007234e-01 2.5396751e-02 3.7302350e-04 8.3008672e-06]",1,White,20-39
/scratch/project_462000771/mengting/projects/bias/Proteus/prompt2/selected_faces/detected_sad/sad_person_0410_face0.png,White,White,Male,40-49,"[7.9462171e-01 5.2281749e-04 5.3098697e-02 3.1288637e-05 3.9543727e-04
 8.9278994e-03 1.4240220e-01]",[0.8490977  0.00374849 0.00345844 0.14369535],[9.9999923e-01 8.0710174e-07],"[2.7199337e-06 1.2466910e-05 6.6209119e-04 2.0014662e-02 3.1695205e-01
 5.8366907e-01 7.7253751e-02 1.4064752e-03 2.6711668e-05]",1,White,40-59
/scratch/project_462000771/mengting/projects/bias/Proteus/prompt2/selected_faces/detected_sad/sad_person_0411_face0.png,White,White,Male,30-39,"[7.2302395e-01 6.8107323e-04 1.5382655e-01 1.7036445e-04 8.0319337e-04
 3.2512303e-02 8.8982575e-02]",[9.5911431e-01 1.5629250e-04 3.3969543e-04 4.0389653e-02],[9.999923e-01 7.655917e-06],"[5.7215175e-06 5.4316406e-05 5.1541170e-03 2.9613411e-01 5.6724268e-01
 1.2528685e-01 6.0208514e-03 9.8995195e-05 2.3219211e-06]",0,White,20-39
/scratch/project_462000771/mengting/projects/bias/Proteus/prompt2/selected_faces/detected_sad/sad_person_0412_face0.png,White,White,Male,40-49,"[9.7192818e-01 7.9329930e-06 9.1276122e-03 1.8012146e-05 5.4590946e-05
 3.7315785e-04 1.8490573e-02]",[9.9779361e-01 1.4873393e-05 3.7748029e-04 1.8139996e-03],[9.9976188e-01 2.3808485e-04],"[6.54076644e-07 1.71170018e-06 2.06298850e-04 1.15532652e-02
 2.56182760e-01 6.27619863e-01 1.02824375e-01 1.58792920e-03
 2.31378344e-05]",1,White,40-59
/scratch/project_462000771/mengting/projects/bias/Proteus/prompt2/selected_faces/detected_sad/sad_person_0413_face0.png,White,White,Male,30-39,"[7.10601747e-01 1.45679899e-03 1.76482365e-01 1.08956783e-05
 8.01917340e-05 7.04503944e-03 1.04323074e-01]",[9.9178904e-01 1.8915888e-03 5.6460914e-05 6.2628216e-03],[9.9999654e-01 3.4439913e-06],"[6.5051324e-07 6.7273568e-06 1.6285742e-03 1.6341050e-01 6.7792177e-01
 1.5331274e-01 3.6831931e-03 3.5330962e-05 4.9361785e-07]",1,White,20-39
/scratch/project_462000771/mengting/projects/bias/Proteus/prompt2/selected_faces/detected_sad/sad_person_0414_face0.png,White,White,Male,30-39,"[5.4582971e-01 1.1681364e-03 2.7928868e-01 3.6770376e-05 3.9229740e-04
 2.6074607e-02 1.4720981e-01]",[9.7744495e-01 5.0383783e-04 6.1340141e-04 2.1437837e-02],[9.9999744e-01 2.5309027e-06],"[1.1848397e-06 1.7052476e-05 1.3267725e-03 5.4553811e-02 6.1191869e-01
 3.2340205e-01 8.7245889e-03 5.5270761e-05 5.4056693e-07]",0,White,20-39
/scratch/project_462000771/mengting/projects/bias/Proteus/prompt2/selected_faces/detected_sad/sad_person_0415_face0.png,White,White,Male,30-39,"[5.4244059e-01 9.6204964e-04 2.2964509e-01 2.5181156e-05 2.0814860e-04
 1.0764346e-02 2.1595457e-01]",[9.7858435e-01 2.4319331e-04 8.8116016e-05 2.1084316e-02],[9.999995e-01 4.919820e-07],"[1.4578491e-06 1.1345228e-05 9.7067608e-04 5.7886325e-02 5.8520198e-01
 3.3894840e-01 1.6840030e-02 1.3862950e-04 1.1650988e-06]",1,White,20-39
/scratch/project_462000771/mengting/projects/bias/Proteus/prompt2/selected_faces/detected_sad/sad_person_0416_face0.png,White,White,Male,30-39,"[8.5554796e-01 5.8346376e-04 1.1185886e-01 3.0734460e-04 6.7079224e-04
 2.2747628e-03 2.8756879e-02]",[0.9746     0.00163644 0.00305632 0.02070725],[0.9978359  0.00216418],"[2.77153418e-07 3.44012892e-06 5.75786922e-04 1.08746305e-01
 7.20789909e-01 1.66271955e-01 3.56034492e-03 5.08479716e-05
 1.14708973e-06]",0,White,20-39
/scratch/project_462000771/mengting/projects/bias/Proteus/prompt2/selected_faces/detected_sad/sad_person_0417_face0.png,White,White,Male,30-39,"[6.4133871e-01 6.7861599e-04 1.6590023e-01 1.0054832e-04 3.6548474e-04
 6.8183499e-03 1.8479814e-01]",[0.78923464 0.02178245 0.00573057 0.18325235],[0.9892884  0.01071161],"[6.9586548e-07 2.6802252e-05 3.6120219e-03 2.5441328e-01 6.6289949e-01
 7.7376865e-02 1.6469711e-03 2.3223283e-05 6.4855237e-07]",0,White,20-39
/scratch/project_462000771/mengting/projects/bias/Proteus/prompt2/selected_faces/detected_sad/sad_person_0418_face0.png,White,White,Male,30-39,"[9.7066224e-01 5.8740876e-05 1.5007593e-02 7.5704756e-06 3.9623763e-05
 1.4409346e-03 1.2783265e-02]",[9.8554850e-01 5.0576328e-04 2.8864550e-04 1.3657086e-02],[9.999939e-01 6.093280e-06],"[2.3656473e-06 2.4410107e-05 2.2227003e-03 9.2767641e-02 5.9771359e-01
 2.9626462e-01 1.0908527e-02 9.4859366e-05 1.2926234e-06]",0,White,20-39
/scratch/project_462000771/mengting/projects/bias/Proteus/prompt2/selected_faces/detected_sad/sad_person_0419_face0.png,White,White,Male,30-39,"[6.8343800e-01 2.1190125e-04 1.5193351e-01 1.7994712e-04 4.4056028e-04
 4.4060489e-03 1.5939002e-01]",[9.9361604e-01 5.7230750e-04 3.4706981e-04 5.4645948e-03],[9.9984199e-01 1.5804324e-04],"[7.3589017e-06 5.0667921e-05 1.2437573e-03 8.8505790e-02 7.2338831e-01
 1.8357849e-01 3.1991862e-03 2.6014664e-05 4.0420034e-07]",1,White,20-39
/scratch/project_462000771/mengting/projects/bias/Proteus/prompt2/selected_faces/detected_sad/sad_person_0420_face0.png,White,White,Male,30-39,"[4.5326266e-01 2.2353735e-04 3.2589966e-01 2.9550889e-04 2.5831619e-03
 1.5892386e-02 2.0184313e-01]",[9.0289456e-01 2.5872240e-04 6.3798772e-03 9.0466887e-02],[9.9999976e-01 2.1728054e-07],"[1.8533069e-06 1.8291334e-05 2.0520592e-03 5.9379652e-02 5.8771980e-01
 3.3969659e-01 1.1000332e-02 1.3042173e-04 9.3287662e-07]",0,White,20-39
/scratch/project_462000771/mengting/projects/bias/Proteus/prompt2/selected_faces/detected_sad/sad_person_0421_face0.png,White,White,Male,40-49,"[9.6408987e-01 6.0610028e-06 8.1427433e-03 2.2714015e-05 8.3483748e-05
 8.0211327e-04 2.6853012e-02]",[9.9915820e-01 2.1544442e-05 1.8876737e-05 8.0134970e-04],[9.9998426e-01 1.5717900e-05],"[8.7560675e-06 1.1783202e-04 2.8368935e-03 4.4644494e-02 4.1356981e-01
 5.1682079e-01 2.1711104e-02 2.8369666e-04 6.5937570e-06]",1,White,40-59
/scratch/project_462000771/mengting/projects/bias/Proteus/prompt2/selected_faces/detected_sad/sad_person_0422_face0.png,White,White,Male,30-39,"[5.6452447e-01 3.2087369e-04 3.9135888e-01 2.5865590e-04 4.0188854e-04
 2.6984571e-03 4.0436801e-02]",[0.4625143  0.09478091 0.04371249 0.39899227],[0.53811103 0.46188903],"[2.50554507e-07 1.00553725e-05 4.01060097e-03 1.59046561e-01
 7.36316860e-01 9.79227573e-02 2.65922328e-03 3.31453775e-05
 4.30363031e-07]",0,White,20-39
/scratch/project_462000771/mengting/projects/bias/Proteus/prompt2/selected_faces/detected_sad/sad_person_0423_face0.png,Latino_Hispanic,White,Male,30-39,"[3.1154245e-01 4.3152380e-03 3.5455903e-01 1.2713492e-04 1.6976094e-03
 2.3027489e-02 3.0473110e-01]",[9.185499e-01 8.020275e-04 3.729594e-03 7.691852e-02],[9.9999958e-01 4.1124537e-07],"[2.0285138e-06 2.7016084e-05 2.6260270e-03 1.4421529e-01 6.7892772e-01
 1.6823128e-01 5.8400328e-03 1.2847965e-04 2.1547337e-06]",0,Others,20-39
/scratch/project_462000771/mengting/projects/bias/Proteus/prompt2/selected_faces/detected_sad/sad_person_0424_face0.png,White,White,Male,30-39,"[9.8253661e-01 8.4590429e-06 1.1885302e-02 5.4734355e-06 1.9939198e-05
 3.9847821e-04 5.1457272e-03]",[9.9772012e-01 2.9559562e-05 3.3214863e-04 1.9182820e-03],[9.9998897e-01 1.0995739e-05],"[1.8146478e-07 1.6606717e-06 2.0396225e-04 3.0053673e-02 5.7674903e-01
 3.8604385e-01 6.9297776e-03 1.7794495e-05 1.5231690e-07]",1,White,20-39
/scratch/project_462000771/mengting/projects/bias/Proteus/prompt2/selected_faces/detected_sad/sad_person_0425_face0.png,Latino_Hispanic,White,Male,40-49,"[2.86998808e-01 8.91077667e-02 3.85308117e-01 1.20359124e-04
 3.00308317e-03 1.13371111e-01 1.22090735e-01]",[0.67695206 0.06295396 0.03838586 0.2217081 ],[9.999916e-01 8.383244e-06],"[2.9057417e-06 1.0828950e-05 3.9792433e-04 2.5340786e-02 3.0807307e-01
 5.1722509e-01 1.3785483e-01 1.0536206e-02 5.5828929e-04]",0,Others,40-59
/scratch/project_462000771/mengting/projects/bias/Proteus/prompt2/selected_faces/detected_sad/sad_person_0426_face0.png,White,White,Male,20-29,"[9.0880966e-01 4.9888127e-04 6.7847103e-02 3.6468828e-05 2.1808948e-04
 3.8255078e-03 1.8764252e-02]",[0.95492464 0.00151866 0.00117932 0.04237741],[9.9999940e-01 6.3365815e-07],"[1.6556364e-06 2.4279823e-05 1.1179211e-02 5.4234117e-01 3.8848597e-01
 5.5142712e-02 2.7211877e-03 1.0182902e-04 1.9567678e-06]",0,White,20-39
/scratch/project_462000771/mengting/projects/bias/Proteus/prompt2/selected_faces/detected_sad/sad_person_0427_face0.png,White,White,Male,30-39,"[9.7097027e-01 3.1529926e-05 1.7333413e-02 9.7508782e-06 1.0782639e-04
 2.8270341e-03 8.7202480e-03]",[9.5714241e-01 1.3044445e-03 3.9345547e-04 4.1159656e-02],[9.9999732e-01 2.7074311e-06],"[1.6476654e-06 5.6957706e-05 1.2629359e-02 1.7215192e-01 5.0288045e-01
 3.0243087e-01 9.6984813e-03 1.4722307e-04 2.9678436e-06]",0,White,20-39
/scratch/project_462000771/mengting/projects/bias/Proteus/prompt2/selected_faces/detected_sad/sad_person_0428_face0.png,White,White,Male,30-39,"[8.4372473e-01 6.5442837e-05 1.3509068e-01 2.2146317e-04 8.7335706e-04
 4.2438395e-03 1.5780482e-02]",[9.8789579e-01 1.3846646e-04 1.6541643e-03 1.0311585e-02],[9.999917e-01 8.325006e-06],"[9.58173405e-06 1.21970596e-04 3.68360686e-03 4.96849939e-02
 4.91317272e-01 4.23725277e-01 3.11818793e-02 2.72716861e-04
 2.60095771e-06]",0,White,20-39
/scratch/project_462000771/mengting/projects/bias/Proteus/prompt2/selected_faces/detected_sad/sad_person_0429_face0.png,White,White,Male,30-39,"[6.9092602e-01 1.3059754e-03 6.1130553e-02 1.5156388e-05 9.9623168e-05
 3.9937072e-03 2.4252900e-01]",[9.9364567e-01 8.0406295e-05 4.0389251e-04 5.8700261e-03],[9.9994832e-01 5.1657626e-05],"[4.3950126e-07 4.3011260e-06 6.4796780e-04 9.9284798e-02 6.6375101e-01
 2.2635514e-01 9.7881695e-03 1.6383450e-04 4.4165317e-06]",0,White,20-39
/scratch/project_462000771/mengting/projects/bias/Proteus/prompt2/selected_faces/detected_sad/sad_person_0430_face0.png,White,White,Male,30-39,"[3.6639503e-01 1.3808651e-03 2.6604885e-01 6.2294494e-05 4.0840887e-04
 1.0443957e-02 3.5526070e-01]",[0.9272551  0.01032824 0.00317101 0.05924565],[9.9999738e-01 2.6264581e-06],"[1.5291604e-06 2.7438400e-05 2.4975361e-03 2.6418391e-01 6.6236961e-01
 6.9980204e-02 9.3128585e-04 8.3623800e-06 1.3431989e-07]",1,White,20-39
/scratch/project_462000771/mengting/projects/bias/Proteus/prompt2/selected_faces/detected_sad/sad_person_0431_face0.png,White,White,Male,30-39,"[9.8445904e-01 1.5943375e-05 3.7738944e-03 8.6973514e-06 2.3081944e-05
 2.8234001e-04 1.1436998e-02]",[9.9862146e-01 1.0142786e-05 7.9638128e-05 1.2887296e-03],[9.9910074e-01 8.9930679e-04],"[6.9831731e-07 5.5062701e-06 7.3071226e-04 6.4395279e-02 4.5152667e-01
 4.4858563e-01 3.4259100e-02 4.8229116e-04 1.4158086e-05]",0,White,20-39
/scratch/project_462000771/mengting/projects/bias/Proteus/prompt2/selected_faces/detected_sad/sad_person_0432_face0.png,White,White,Male,40-49,"[9.1252267e-01 6.9699588e-04 5.3769436e-02 1.4263682e-05 9.1688693e-05
 5.4910691e-03 2.7413921e-02]",[9.7973531e-01 3.3045292e-04 4.5898359e-04 1.9475240e-02],[9.9999887e-01 1.1306108e-06],"[2.9019766e-06 1.0639698e-05 5.6184153e-04 2.8422380e-02 3.0673763e-01
 5.3491789e-01 1.2609489e-01 3.2173996e-03 3.4407843e-05]",0,White,40-59
/scratch/project_462000771/mengting/projects/bias/Proteus/prompt2/selected_faces/detected_sad/sad_person_0433_face0.png,White,White,Male,30-39,"[9.9385142e-01 4.5088946e-06 3.7340994e-03 4.6528389e-06 3.6014662e-05
 2.7613647e-04 2.0932059e-03]",[9.9586153e-01 6.5710954e-04 5.6698156e-04 2.9142632e-03],[9.999658e-01 3.423986e-05],"[1.3144526e-07 9.3716390e-06 3.4633179e-03 2.2847441e-01 5.8154285e-01
 1.8374689e-01 2.7491543e-03 1.3560539e-05 3.0401705e-07]",0,White,20-39
/scratch/project_462000771/mengting/projects/bias/Proteus/prompt2/selected_faces/detected_sad/sad_person_0434_face0.png,White,White,Male,30-39,"[8.3328885e-01 1.3917341e-04 1.0912196e-01 9.6082462e-05 3.4614801e-04
 8.5363621e-03 4.8471395e-02]",[9.7792041e-01 2.1571132e-04 2.6603069e-04 2.1597924e-02],[9.9999785e-01 2.0758221e-06],"[1.6589700e-05 2.5914700e-04 1.1324368e-02 1.6070957e-01 6.2859219e-01
 1.9238587e-01 6.6568791e-03 5.4760330e-05 6.5374689e-07]",0,White,20-39
/scratch/project_462000771/mengting/projects/bias/Proteus/prompt2/selected_faces/detected_sad/sad_person_0435_face0.png,Latino_Hispanic,White,Male,30-39,"[3.3912268e-01 4.8064603e-03 4.3868908e-01 4.2426048e-04 2.3917034e-03
 2.4710985e-02 1.8985480e-01]",[9.4657576e-01 1.4561549e-03 5.9807597e-04 5.1370032e-02],[9.9999982e-01 2.1189977e-07],"[2.05811534e-06 5.85894122e-05 5.05220145e-03 2.33583853e-01
 6.44101202e-01 1.14655316e-01 2.52154376e-03 2.48870183e-05
 2.80114193e-07]",0,Others,20-39
/scratch/project_462000771/mengting/projects/bias/Proteus/prompt2/selected_faces/detected_sad/sad_person_0436_face0.png,White,White,Male,40-49,"[0.46812528 0.00385474 0.21582109 0.00192612 0.0135285  0.03074294
 0.26600125]",[0.8010962  0.01604398 0.00616258 0.17669724],[9.999807e-01 1.933914e-05],"[5.3439589e-07 1.0635061e-06 1.0963110e-04 7.0113898e-03 2.1855041e-01
 6.4329457e-01 1.2440012e-01 6.4925831e-03 1.3971335e-04]",0,White,40-59
/scratch/project_462000771/mengting/projects/bias/Proteus/prompt2/selected_faces/detected_sad/sad_person_0437_face0.png,White,White,Male,30-39,"[6.33847415e-01 1.56594266e-03 1.52156442e-01 2.86864961e-05
 1.20993005e-04 3.82842100e-03 2.08452106e-01]",[9.5778036e-01 3.0030259e-03 2.6262991e-04 3.8954049e-02],[9.9999619e-01 3.8135752e-06],"[7.0765232e-06 2.5897029e-05 1.2569857e-03 5.1273983e-02 4.6042919e-01
 4.4466481e-01 4.1738130e-02 5.9789285e-04 6.0094567e-06]",1,White,20-39
/scratch/project_462000771/mengting/projects/bias/Proteus/prompt2/selected_faces/detected_sad/sad_person_0438_face0.png,White,White,Male,40-49,"[8.4146166e-01 7.3908646e-05 3.1547040e-02 2.2059570e-05 1.2619459e-04
 4.5966613e-03 1.2217252e-01]",[9.9642032e-01 4.3373733e-05 7.6311226e-05 3.4599896e-03],[9.9999607e-01 3.9516954e-06],"[1.3173477e-05 3.2330288e-05 6.0893042e-04 4.0936158e-03 9.9416345e-02
 6.1921966e-01 2.6969561e-01 6.8240911e-03 9.6218188e-05]",1,White,40-59
/scratch/project_462000771/mengting/projects/bias/Proteus/prompt2/selected_faces/detected_sad/sad_person_0439_face0.png,White,White,Male,30-39,"[7.6066941e-01 7.6579588e-04 1.3496122e-01 9.7022341e-05 5.7838281e-04
 1.0721641e-02 9.2206545e-02]",[9.2043358e-01 1.1241940e-03 5.9866183e-04 7.7843599e-02],[9.9999881e-01 1.1700465e-06],"[2.3809853e-05 1.3714193e-04 2.9052615e-03 4.9894873e-02 4.6955886e-01
 4.4639042e-01 3.0614080e-02 4.6966257e-04 5.8722881e-06]",1,White,20-39
/scratch/project_462000771/mengting/projects/bias/Proteus/prompt2/selected_faces/detected_sad/sad_person_0440_face0.png,White,White,Male,30-39,"[5.7482195e-01 3.5625619e-03 2.7814618e-01 1.4881763e-04 7.9901598e-04
 1.3787122e-02 1.2873434e-01]",[9.4145584e-01 2.5590258e-03 4.6534967e-04 5.5519860e-02],[9.9999976e-01 2.6896788e-07],"[7.1462232e-06 6.3207095e-05 3.9963908e-03 1.5548143e-01 6.1823046e-01
 2.0647639e-01 1.5556635e-02 1.8606641e-04 2.2512338e-06]",0,White,20-39
/scratch/project_462000771/mengting/projects/bias/Proteus/prompt2/selected_faces/detected_sad/sad_person_0441_face0.png,White,White,Male,30-39,"[4.4930184e-01 3.2780604e-03 2.6944950e-01 5.7648522e-05 4.1826550e-04
 1.5278789e-02 2.6221594e-01]",[9.5016837e-01 5.9375917e-03 4.3602628e-04 4.3457974e-02],[9.9999976e-01 2.5415693e-07],"[2.9687847e-06 3.0806379e-05 1.2896282e-03 3.5244167e-02 4.8400414e-01
 4.4123554e-01 3.7845381e-02 3.4488019e-04 2.4920000e-06]",0,White,20-39
/scratch/project_462000771/mengting/projects/bias/Proteus/prompt2/selected_faces/detected_sad/sad_person_0442_face0.png,White,White,Male,40-49,"[8.7480855e-01 1.4032135e-04 8.2037620e-02 8.5786931e-05 2.7002449e-04
 2.8646323e-03 3.9793070e-02]",[9.8376465e-01 1.6703884e-04 2.3322387e-03 1.3736034e-02],[9.9999923e-01 7.8221285e-07],"[9.5264795e-06 4.1539995e-05 7.0079690e-04 7.3995199e-03 1.9034459e-01
 6.3947082e-01 1.6060470e-01 1.4191479e-03 9.3046183e-06]",0,White,40-59
/scratch/project_462000771/mengting/projects/bias/Proteus/prompt2/selected_faces/detected_sad/sad_person_0443_face0.png,White,White,Male,40-49,"[0.54661745 0.00100952 0.1549871  0.00084478 0.00701356 0.02707507
 0.26245257]",[0.9544405  0.00255083 0.00448989 0.0385187 ],[9.9997616e-01 2.3800350e-05],"[9.0344940e-07 1.3887806e-06 1.3401308e-04 8.0187330e-03 2.0146108e-01
 6.2102157e-01 1.6380429e-01 5.3491015e-03 2.0894602e-04]",0,White,40-59
/scratch/project_462000771/mengting/projects/bias/Proteus/prompt2/selected_faces/detected_sad/sad_person_0444_face0.png,White,White,Male,30-39,"[9.1003311e-01 7.8605844e-05 5.0971668e-02 9.1121008e-05 6.4305170e-04
 1.2807619e-02 2.5374835e-02]",[9.9262559e-01 9.5379102e-05 1.2952441e-04 7.1494575e-03],[9.9999917e-01 8.5303100e-07],"[3.6880836e-06 9.5221214e-05 1.3481005e-02 1.4091942e-01 5.3752172e-01
 2.9526305e-01 1.2495691e-02 2.1772875e-04 2.5469833e-06]",1,White,20-39
/scratch/project_462000771/mengting/projects/bias/Proteus/prompt2/selected_faces/detected_sad/sad_person_0445_face0.png,Latino_Hispanic,White,Male,40-49,"[2.4108747e-01 1.6884935e-03 4.6639773e-01 2.1606749e-04 1.6418358e-03
 3.2858122e-02 2.5611028e-01]",[0.7396043  0.00166298 0.00944088 0.24929184],[9.9999976e-01 2.3548844e-07],"[4.0680347e-06 2.4670388e-05 6.3983147e-04 2.1936437e-02 4.3666190e-01
 5.0626057e-01 3.4070421e-02 3.9780026e-04 4.4174026e-06]",0,Others,40-59
/scratch/project_462000771/mengting/projects/bias/Proteus/prompt2/selected_faces/detected_sad/sad_person_0446_face0.png,White,White,Male,40-49,"[8.6333930e-01 3.7745447e-04 8.3785526e-02 1.6406068e-04 6.6349230e-04
 5.8404617e-03 4.5829765e-02]",[9.7901654e-01 7.5747876e-04 1.4500145e-04 2.0080984e-02],[9.9999905e-01 9.6783924e-07],"[1.5025012e-05 2.0664812e-04 5.2985428e-03 5.0538488e-02 4.4330534e-01
 4.6429434e-01 3.5887256e-02 4.5059048e-04 3.7616373e-06]",1,White,40-59
/scratch/project_462000771/mengting/projects/bias/Proteus/prompt2/selected_faces/detected_sad/sad_person_0447_face0.png,White,White,Male,30-39,"[6.3024276e-01 3.9454177e-04 1.1081918e-01 5.7313453e-05 1.8939796e-04
 1.1408756e-02 2.4688807e-01]",[9.6536821e-01 5.5876882e-03 7.4886816e-04 2.8295230e-02],[9.999936e-01 6.355302e-06],"[8.3530199e-07 2.1961216e-06 2.0018105e-04 6.8623133e-02 6.9926882e-01
 2.2694640e-01 4.9256552e-03 3.2324500e-05 3.7675187e-07]",1,White,20-39
/scratch/project_462000771/mengting/projects/bias/Proteus/prompt2/selected_faces/detected_sad/sad_person_0448_face0.png,Middle Eastern,White,Male,30-39,"[3.2229501e-01 3.4745855e-04 1.9960162e-01 1.6619253e-04 1.3343563e-03
 5.9946358e-02 4.1630903e-01]",[0.63955194 0.00342229 0.00737955 0.3496462 ],[9.9999976e-01 2.7296883e-07],"[6.4183901e-06 4.2991542e-05 1.6910261e-03 4.8413917e-02 5.6056529e-01
 3.7571242e-01 1.3428883e-02 1.3747482e-04 1.4998817e-06]",0,White,20-39
/scratch/project_462000771/mengting/projects/bias/Proteus/prompt2/selected_faces/detected_sad/sad_person_0449_face0.png,White,White,Male,40-49,"[8.9701331e-01 1.0068673e-04 8.1364572e-02 5.2216335e-05 1.2511930e-04
 3.5116207e-03 1.7832544e-02]",[9.9358439e-01 5.0100571e-05 1.3781287e-04 6.2276712e-03],[9.9998540e-01 1.4593684e-05],"[9.0769772e-06 4.8433998e-05 2.1519121e-03 3.5055704e-02 3.9365757e-01
 5.0908870e-01 5.9484299e-02 4.9992104e-04 4.4943208e-06]",1,White,40-59
/scratch/project_462000771/mengting/projects/bias/Proteus/prompt2/selected_faces/detected_sad/sad_person_0450_face0.png,White,White,Male,30-39,"[8.14929187e-01 9.32185940e-05 1.14437066e-01 5.58159554e-05
 4.80598886e-04 1.61682181e-02 5.38357757e-02]",[9.8630470e-01 1.2058955e-04 3.1694266e-04 1.3257833e-02],[9.999957e-01 4.284607e-06],"[1.0665715e-05 1.7760375e-04 7.0906379e-03 1.3986139e-01 5.4058826e-01
 2.9872245e-01 1.3397092e-02 1.4896067e-04 2.9605342e-06]",0,White,20-39
/scratch/project_462000771/mengting/projects/bias/Proteus/prompt2/selected_faces/detected_sad/sad_person_0451_face0.png,Middle Eastern,White,Male,40-49,"[3.4064284e-01 5.3783143e-03 2.3892775e-01 3.9771854e-05 4.6238652e-04
 4.3040283e-02 3.7150866e-01]",[8.4343576e-01 7.9808757e-04 3.5043553e-04 1.5541574e-01],[9.9999660e-01 3.4027594e-06],"[2.7665375e-05 1.0448326e-04 1.4394672e-03 5.0038463e-03 1.0109483e-01
 5.5988359e-01 3.2270268e-01 9.6394233e-03 1.0403392e-04]",1,White,40-59
/scratch/project_462000771/mengting/projects/bias/Proteus/prompt2/selected_faces/detected_sad/sad_person_0452_face0.png,White,White,Male,30-39,"[8.6364913e-01 2.4115179e-04 4.3550752e-02 1.5280019e-04 4.3051099e-04
 1.2165188e-03 9.0759188e-02]",[0.9540069  0.00205954 0.00314571 0.04078791],[9.9999464e-01 5.3948647e-06],"[1.5365584e-06 7.2540679e-06 1.0515833e-03 9.4605230e-02 5.9305084e-01
 2.9420567e-01 1.6604649e-02 4.6430627e-04 8.9656369e-06]",0,White,20-39
/scratch/project_462000771/mengting/projects/bias/Proteus/prompt2/selected_faces/detected_sad/sad_person_0453_face0.png,Middle Eastern,White,Male,30-39,"[2.4808066e-01 3.7254262e-04 2.3748332e-01 3.2677035e-05 4.1545543e-04
 5.5111698e-03 5.0810421e-01]",[9.89381731e-01 1.51457076e-04 2.85457878e-04 1.01813525e-02],[9.999998e-01 1.267371e-07],"[1.1580381e-06 2.7407157e-05 2.6415412e-03 4.7676567e-02 5.9682465e-01
 3.4420207e-01 8.5585788e-03 6.7737979e-05 3.7923621e-07]",0,White,20-39
/scratch/project_462000771/mengting/projects/bias/Proteus/prompt2/selected_faces/detected_sad/sad_person_0454_face0.png,Middle Eastern,Indian,Male,30-39,"[2.3802802e-01 7.1142414e-03 2.7451241e-01 1.2189743e-04 1.4000044e-03
 6.4175606e-02 4.1464776e-01]",[0.25175533 0.02343549 0.02825152 0.69655764],[9.9998248e-01 1.7480581e-05],"[4.5861867e-07 1.2637762e-06 3.0639599e-04 5.5773132e-02 5.2153277e-01
 3.8662398e-01 3.4852125e-02 8.8478660e-04 2.5035491e-05]",0,Others,20-39
/scratch/project_462000771/mengting/projects/bias/Proteus/prompt2/selected_faces/detected_sad/sad_person_0455_face0.png,White,White,Male,40-49,"[4.3436792e-01 4.0170725e-04 3.6831540e-01 3.9157542e-04 1.9232113e-03
 1.2081961e-02 1.8251821e-01]",[0.8022696  0.0039395  0.01418364 0.17960724],[9.999921e-01 7.882482e-06],"[2.15867635e-06 5.51055973e-06 2.11744671e-04 4.51041572e-03
 2.23371774e-01 6.64081573e-01 1.06227465e-01 1.57120789e-03
 1.81917439e-05]",0,White,40-59
/scratch/project_462000771/mengting/projects/bias/Proteus/prompt2/selected_faces/detected_sad/sad_person_0456_face0.png,White,White,Male,40-49,"[8.6965060e-01 2.4817928e-04 6.7468382e-02 2.7655233e-05 1.9837006e-04
 6.3321148e-03 5.6074709e-02]",[9.8767090e-01 1.2340877e-03 1.8938835e-04 1.0905567e-02],[9.999929e-01 7.086866e-06],"[4.5196489e-06 2.3332739e-05 1.0011208e-03 1.5811559e-02 2.6866579e-01
 6.3330531e-01 7.9836674e-02 1.3316326e-03 2.0020583e-05]",0,White,40-59
/scratch/project_462000771/mengting/projects/bias/Proteus/prompt2/selected_faces/detected_sad/sad_person_0457_face0.png,White,White,Male,40-49,"[8.2274646e-01 4.7090190e-04 9.5834872e-03 9.9381177e-06 4.7461053e-05
 3.3631960e-03 1.6377851e-01]",[9.953695e-01 3.238278e-04 1.258358e-04 4.180840e-03],[9.999992e-01 8.156918e-07],"[1.1705499e-06 1.8312008e-06 4.4404715e-05 1.8843254e-03 7.1673915e-02
 5.4332364e-01 3.6273560e-01 1.9884352e-02 4.5082072e-04]",0,White,40-59
/scratch/project_462000771/mengting/projects/bias/Proteus/prompt2/selected_faces/detected_sad/sad_person_0458_face0.png,White,White,Male,40-49,"[7.6986414e-01 2.5211621e-04 1.0880872e-01 7.6675446e-05 2.9587062e-04
 8.2271919e-03 1.1247524e-01]",[9.8139632e-01 1.2874174e-03 6.4762903e-04 1.6668623e-02],[9.9999768e-01 2.3067964e-06],"[2.5999403e-05 4.4734814e-05 5.6183949e-04 2.6758930e-03 9.5965795e-02
 6.0710448e-01 2.8589827e-01 7.6781823e-03 4.4805369e-05]",0,White,40-59
/scratch/project_462000771/mengting/projects/bias/Proteus/prompt2/selected_faces/detected_sad/sad_person_0459_face0.png,White,White,Male,30-39,"[9.9106133e-01 1.0846086e-05 2.2552768e-03 7.2117666e-07 3.8874782e-06
 1.8861945e-05 6.6491617e-03]",[9.9590474e-01 5.9073634e-04 4.5544360e-04 3.0490952e-03],[0.9808125  0.01918755],"[3.7601751e-08 6.5929999e-07 2.5659299e-04 7.8617938e-02 7.1762741e-01
 1.9961470e-01 3.8491827e-03 3.2945693e-05 6.4481821e-07]",0,White,20-39
/scratch/project_462000771/mengting/projects/bias/Proteus/prompt2/selected_faces/detected_sad/sad_person_0460_face0.png,White,White,Male,30-39,"[8.2286179e-01 2.6219890e-03 8.3190240e-02 4.1033501e-05 3.4708041e-04
 1.2525213e-02 7.8412652e-02]",[9.6665502e-01 1.0294286e-03 2.2898587e-04 3.2086588e-02],[9.999995e-01 5.037360e-07],"[7.3159936e-07 2.2860704e-05 4.7092116e-03 2.9407626e-01 6.1389863e-01
 8.5486494e-02 1.7804349e-03 2.4833196e-05 4.8112753e-07]",1,White,20-39
/scratch/project_462000771/mengting/projects/bias/Proteus/prompt2/selected_faces/detected_sad/sad_person_0461_face0.png,White,White,Male,30-39,"[6.8607414e-01 6.7960564e-04 2.3570800e-01 3.9139326e-04 2.5883359e-03
 1.2093107e-02 6.2465485e-02]",[9.6697485e-01 1.7794321e-04 3.8243392e-03 2.9022887e-02],[9.9996430e-01 3.5721685e-05],"[4.3239379e-06 6.7513836e-05 6.6422801e-03 1.1080843e-01 5.1915544e-01
 3.3679375e-01 2.5803896e-02 7.0297718e-04 2.1352056e-05]",0,White,20-39
/scratch/project_462000771/mengting/projects/bias/Proteus/prompt2/selected_faces/detected_sad/sad_person_0462_face0.png,White,White,Male,30-39,"[9.1938239e-01 8.3770778e-05 6.4951509e-02 3.0882267e-05 7.3740215e-05
 1.2786404e-03 1.4199131e-02]",[9.9664712e-01 2.7522825e-05 3.6103188e-04 2.9643911e-03],[0.85438704 0.14561291],"[9.0301661e-08 3.2737046e-06 2.6229103e-03 2.9600072e-01 6.1939174e-01
 8.0963217e-02 1.0069220e-03 1.0909691e-05 2.2603498e-07]",1,White,20-39
/scratch/project_462000771/mengting/projects/bias/Proteus/prompt2/selected_faces/detected_sad/sad_person_0463_face0.png,Middle Eastern,White,Male,40-49,"[4.5325938e-01 3.7428236e-04 4.4745266e-02 4.5473525e-06 3.8095259e-05
 1.3698132e-02 4.8788029e-01]",[9.4452578e-01 1.0827627e-03 8.8539143e-04 5.3506039e-02],[9.9980080e-01 1.9918114e-04],"[7.0755766e-07 1.8556577e-06 1.1780040e-04 2.7131226e-03 1.2397441e-01
 6.5888780e-01 2.1116413e-01 3.0809764e-03 5.9185797e-05]",0,White,40-59
/scratch/project_462000771/mengting/projects/bias/Proteus/prompt2/selected_faces/detected_sad/sad_person_0464_face0.png,White,White,Male,30-39,"[7.0991027e-01 3.2008506e-04 1.6047062e-01 3.0748040e-05 1.2523159e-04
 7.7859294e-03 1.2135700e-01]",[9.7290975e-01 8.2103122e-04 6.8906770e-04 2.5580153e-02],[0.9931493  0.00685066],"[2.2283463e-07 1.4448041e-06 4.8752746e-04 1.4261922e-01 7.4253058e-01
 1.1148058e-01 2.8437655e-03 3.5610050e-05 1.0224200e-06]",0,White,20-39
/scratch/project_462000771/mengting/projects/bias/Proteus/prompt2/selected_faces/detected_sad/sad_person_0465_face0.png,White,White,Male,30-39,"[5.0547868e-01 9.5036317e-04 3.2623252e-01 1.9331020e-04 1.2952794e-03
 1.2592132e-02 1.5325765e-01]",[0.9057234  0.0030023  0.00403877 0.08723554],[9.9999917e-01 8.3837386e-07],"[1.3900241e-06 1.2763864e-05 6.5731251e-04 2.8434267e-02 5.6574667e-01
 3.8595110e-01 1.9071581e-02 1.2370165e-04 1.1938943e-06]",0,White,20-39
/scratch/project_462000771/mengting/projects/bias/Proteus/prompt2/selected_faces/detected_sad/sad_person_0466_face0.png,White,White,Male,40-49,"[5.0474173e-01 7.6943549e-04 2.5432160e-01 8.9064117e-05 9.2510937e-04
 4.2854495e-02 1.9629861e-01]",[9.8869026e-01 6.6119642e-04 1.2244604e-04 1.0526030e-02],[9.9999905e-01 9.7989096e-07],"[1.8353834e-05 8.3643332e-05 2.4971864e-03 1.3128243e-02 2.3458759e-01
 6.5611386e-01 9.1743484e-02 1.8111295e-03 1.6477246e-05]",1,White,40-59
/scratch/project_462000771/mengting/projects/bias/Proteus/prompt2/selected_faces/detected_sad/sad_person_0467_face0.png,Latino_Hispanic,White,Male,40-49,"[3.7411273e-01 2.9835103e-03 3.7731862e-01 1.9115130e-04 1.0013519e-03
 6.6572584e-02 1.7782000e-01]",[0.69247913 0.00500725 0.00413172 0.29838184],[9.9999988e-01 1.5267636e-07],"[9.6612200e-07 1.8467578e-06 5.3336393e-05 2.9041516e-03 2.0182090e-01
 6.7860377e-01 1.1584478e-01 7.6540676e-04 4.8678257e-06]",0,Others,40-59
/scratch/project_462000771/mengting/projects/bias/Proteus/prompt2/selected_faces/detected_sad/sad_person_0468_face0.png,Middle Eastern,White,Male,40-49,"[2.2244228e-01 1.8641793e-03 3.6631423e-01 8.8961599e-05 6.7775644e-04
 3.1402659e-02 3.7721005e-01]",[9.444295e-01 6.282735e-04 8.693380e-04 5.407285e-02],[9.9999756e-01 2.4356427e-06],"[8.29974942e-06 2.63122729e-05 3.66993685e-04 5.37493872e-03
 2.20582679e-01 6.66934133e-01 1.05333224e-01 1.36007869e-03
 1.32812092e-05]",1,Others,40-59
/scratch/project_462000771/mengting/projects/bias/Proteus/prompt2/selected_faces/detected_sad/sad_person_0469_face0.png,White,White,Male,40-49,"[7.6198107e-01 2.9869421e-04 2.0169015e-01 4.3865666e-04 1.2242872e-03
 1.0883707e-02 2.3483394e-02]",[9.3554133e-01 4.3426585e-04 2.3714164e-03 6.1653037e-02],[9.9994582e-01 5.4151853e-05],"[7.6259398e-06 3.5292080e-05 1.2397240e-03 1.8937821e-02 3.2655448e-01
 5.6259990e-01 8.9731708e-02 8.8453211e-04 8.9828445e-06]",0,White,40-59
/scratch/project_462000771/mengting/projects/bias/Proteus/prompt2/selected_faces/detected_sad/sad_person_0470_face0.png,White,White,Male,40-49,"[9.9153876e-01 1.6533682e-05 2.7564855e-03 2.0493894e-06 2.0976389e-05
 2.3803252e-04 5.4271659e-03]",[9.9503881e-01 1.2377877e-04 1.7150566e-04 4.6659284e-03],[9.9999893e-01 1.0728814e-06],"[2.5119078e-07 2.2850700e-06 4.6106600e-04 4.1006602e-02 4.5386305e-01
 4.7213382e-01 3.2195456e-02 3.3086844e-04 6.6631274e-06]",0,White,40-59
/scratch/project_462000771/mengting/projects/bias/Proteus/prompt2/selected_faces/detected_sad/sad_person_0471_face0.png,White,White,Male,20-29,"[8.3125192e-01 2.6422035e-04 8.8179581e-02 3.7771704e-05 2.4876386e-04
 3.4533921e-03 7.6564476e-02]",[9.799953e-01 3.662984e-03 8.370011e-05 1.625806e-02],[9.9999785e-01 2.1860337e-06],"[1.0458426e-06 6.4690110e-05 1.3618611e-02 4.9055243e-01 4.6737650e-01
 2.8072892e-02 3.0795325e-04 5.7109569e-06 8.9357648e-08]",1,White,20-39
/scratch/project_462000771/mengting/projects/bias/Proteus/prompt2/selected_faces/detected_sad/sad_person_0472_face0.png,White,White,Male,30-39,"[9.2746961e-01 1.4379498e-04 3.7868433e-02 8.8278948e-06 3.6529709e-05
 9.4118068e-04 3.3531532e-02]",[9.9796581e-01 4.0507410e-04 7.5288546e-05 1.5538457e-03],[0.9965107  0.00348932],"[3.76753633e-07 6.75758247e-06 1.64570671e-03 2.45976642e-01
 7.00044811e-01 5.15484102e-02 7.64182885e-04 1.26574005e-05
 4.32846264e-07]",1,White,20-39
/scratch/project_462000771/mengting/projects/bias/Proteus/prompt2/selected_faces/detected_sad/sad_person_0473_face0.png,White,White,Male,30-39,"[9.2060608e-01 1.2540117e-04 5.7513479e-02 2.1930915e-05 1.3855369e-04
 1.4767073e-03 2.0117881e-02]",[9.9450898e-01 3.3197002e-04 6.2595867e-04 4.5331637e-03],[0.99168015 0.00831985],"[3.1024507e-07 7.7990362e-06 1.8940172e-03 1.2700027e-01 6.0501510e-01
 2.4878374e-01 1.7005328e-02 2.8034562e-04 1.3221202e-05]",0,White,20-39
/scratch/project_462000771/mengting/projects/bias/Proteus/prompt2/selected_faces/detected_sad/sad_person_0474_face0.png,White,White,Female,30-39,"[7.1231997e-01 5.3119613e-04 2.5254470e-01 3.8645239e-04 2.0847344e-03
 1.1103035e-02 2.1029886e-02]",[9.1705972e-01 7.9908303e-04 1.3297103e-02 6.8844117e-02],[0.27139747 0.72860247],"[2.3480933e-07 3.6846525e-06 1.1430127e-03 6.6093624e-02 5.6835794e-01
 3.4177515e-01 2.2161495e-02 4.5528644e-04 9.5383039e-06]",0,White,20-39
/scratch/project_462000771/mengting/projects/bias/Proteus/prompt2/selected_faces/detected_sad/sad_person_0475_face0.png,White,White,Male,40-49,"[9.8119706e-01 1.7472752e-05 1.1319910e-02 5.3187003e-05 6.8943205e-05
 4.6347649e-04 6.8799574e-03]",[9.9500436e-01 6.8738344e-05 1.5280017e-03 3.3989106e-03],[9.9997091e-01 2.9024408e-05],"[1.2237515e-06 1.8436099e-06 1.1670618e-04 5.1969080e-03 1.3861810e-01
 6.2513423e-01 2.2703233e-01 3.8515194e-03 4.7085709e-05]",0,White,40-59
/scratch/project_462000771/mengting/projects/bias/Proteus/prompt2/selected_faces/detected_sad/sad_person_0476_face0.png,White,White,Male,30-39,"[6.9241858e-01 4.1313370e-04 1.5475771e-01 3.9908951e-05 1.3192087e-04
 4.9063093e-03 1.4733241e-01]",[0.8393631  0.00410083 0.00839347 0.14814255],[9.9985582e-01 1.4412773e-04],"[3.35262285e-07 1.86056297e-06 5.24910050e-04 1.07321136e-01
 7.16771245e-01 1.70045629e-01 5.27269719e-03 6.11261494e-05
 1.12168266e-06]",1,White,20-39
/scratch/project_462000771/mengting/projects/bias/Proteus/prompt2/selected_faces/detected_sad/sad_person_0477_face0.png,White,White,Male,40-49,"[7.2704059e-01 4.6648867e-05 6.7315586e-02 2.5997922e-05 1.5336146e-04
 2.0629652e-03 2.0335482e-01]",[9.6180922e-01 2.3752119e-04 1.2109344e-03 3.6742363e-02],[9.9994248e-01 5.7482815e-05],"[5.1193905e-07 3.1378706e-06 3.2683517e-04 1.6750185e-02 4.3397138e-01
 5.2466649e-01 2.4119260e-02 1.6020829e-04 1.8977810e-06]",0,White,40-59
/scratch/project_462000771/mengting/projects/bias/Proteus/prompt2/selected_faces/detected_sad/sad_person_0478_face0.png,White,White,Male,30-39,"[9.6721673e-01 8.9595924e-06 1.8553814e-02 4.7376740e-05 9.8101256e-05
 4.7199000e-04 1.3603049e-02]",[9.9704123e-01 4.4494143e-05 3.4060027e-04 2.5736946e-03],[9.9984938e-01 1.5061516e-04],"[1.3062364e-06 1.4762863e-05 1.9499329e-03 6.1022159e-02 5.7775277e-01
 3.4924173e-01 9.9406671e-03 7.5614233e-05 1.0143820e-06]",1,White,20-39
/scratch/project_462000771/mengting/projects/bias/Proteus/prompt2/selected_faces/detected_sad/sad_person_0479_face0.png,White,White,Male,20-29,"[5.85813046e-01 2.25394280e-04 1.83754906e-01 2.17924171e-05
 1.69830368e-04 1.48844775e-02 2.15130553e-01]",[9.7272199e-01 2.1041527e-04 6.4112231e-05 2.7003564e-02],[9.9999988e-01 1.2409258e-07],"[6.71838166e-07 7.98555629e-05 1.85840931e-02 5.35939515e-01
 4.25187051e-01 2.01054178e-02 1.02430444e-04 1.00161355e-06
 9.87591786e-09]",1,White,20-39
/scratch/project_462000771/mengting/projects/bias/Proteus/prompt2/selected_faces/detected_sad/sad_person_0480_face0.png,White,White,Male,30-39,"[9.7046500e-01 3.4607151e-06 7.4875229e-03 2.6623895e-06 1.8760367e-05
 2.6261949e-04 2.1760017e-02]",[9.9951112e-01 1.8363144e-06 2.1892949e-05 4.6520648e-04],[9.9999905e-01 9.2809250e-07],"[2.3888271e-07 1.7360906e-05 1.5107626e-02 3.9085120e-01 5.1266176e-01
 8.0751717e-02 6.0364918e-04 6.3059524e-06 7.4649769e-08]",0,White,20-39
/scratch/project_462000771/mengting/projects/bias/Proteus/prompt2/selected_faces/detected_sad/sad_person_0481_face0.png,White,White,Male,30-39,"[6.5071976e-01 1.3847469e-04 2.0124172e-01 7.2840828e-04 1.1130709e-03
 4.3159309e-03 1.4174259e-01]",[9.84946132e-01 5.57035673e-04 1.13226986e-03 1.33645935e-02],[9.9959469e-01 4.0531784e-04],"[9.6910651e-07 7.6332235e-06 1.8697423e-03 7.0351437e-02 5.8629173e-01
 3.2215020e-01 1.9018287e-02 3.0606886e-04 3.9093634e-06]",0,White,20-39
/scratch/project_462000771/mengting/projects/bias/Proteus/prompt2/selected_faces/detected_sad/sad_person_0482_face0.png,Latino_Hispanic,White,Male,30-39,"[2.7454516e-01 2.2643676e-03 5.4312426e-01 1.3406087e-04 7.9146016e-04
 1.2323575e-01 5.5904903e-02]",[0.7400029  0.00228714 0.0010651  0.25664485],[9.9998564e-01 1.4429484e-05],"[4.3192107e-05 1.8805712e-04 2.8710042e-03 5.2862551e-02 4.4047278e-01
 4.3763602e-01 6.4982906e-02 9.3002117e-04 1.3479944e-05]",0,Others,20-39
/scratch/project_462000771/mengting/projects/bias/Proteus/prompt2/selected_faces/detected_sad/sad_person_0483_face0.png,White,White,Male,30-39,"[9.7364652e-01 2.8523795e-05 6.6286321e-03 8.9081941e-06 4.4328652e-05
 4.6730015e-04 1.9175783e-02]",[9.9821353e-01 5.8137997e-05 1.2651733e-04 1.6017881e-03],[9.999961e-01 3.861370e-06],"[1.1913969e-06 2.9138680e-05 4.7568372e-03 2.0911807e-01 5.4775113e-01
 2.2875214e-01 9.4155287e-03 1.7204155e-04 3.8873491e-06]",1,White,20-39
/scratch/project_462000771/mengting/projects/bias/Proteus/prompt2/selected_faces/detected_sad/sad_person_0484_face0.png,White,White,Male,40-49,"[8.6556733e-01 3.8077476e-04 7.0052855e-02 1.8650990e-05 1.1044572e-04
 3.9715450e-03 5.9898421e-02]",[9.8251623e-01 5.7536823e-04 5.7885190e-04 1.6329493e-02],[9.999955e-01 4.424007e-06],"[1.3398477e-05 3.8708160e-05 6.8358367e-04 1.9055085e-02 3.0321506e-01
 5.7127535e-01 1.0404521e-01 1.6515319e-03 2.2081520e-05]",0,White,40-59
/scratch/project_462000771/mengting/projects/bias/Proteus/prompt2/selected_faces/detected_sad/sad_person_0485_face0.png,White,White,Male,30-39,"[4.3579561e-01 4.0601897e-03 2.8924423e-01 2.1960017e-04 9.6856500e-04
 9.0507511e-03 2.6066098e-01]",[0.9269698  0.01711687 0.00118353 0.05472974],[9.9995756e-01 4.2460455e-05],"[2.7835365e-06 1.8576158e-05 8.8982191e-04 5.2392539e-02 6.0424912e-01
 3.2532746e-01 1.6899375e-02 2.1645645e-04 3.8554763e-06]",0,White,20-39
/scratch/project_462000771/mengting/projects/bias/Proteus/prompt2/selected_faces/detected_sad/sad_person_0486_face0.png,White,White,Male,30-39,"[8.7220728e-01 1.3505299e-05 3.0000729e-02 2.5307623e-05 8.7187313e-05
 1.3647829e-03 9.6301250e-02]",[9.905824e-01 6.585067e-05 8.878231e-04 8.463876e-03],[9.999996e-01 4.274646e-07],"[1.6006699e-07 1.4179022e-06 4.7995805e-04 4.2241748e-02 5.6801820e-01
 3.8203400e-01 7.1976022e-03 2.6681459e-05 1.8672620e-07]",1,White,20-39
/scratch/project_462000771/mengting/projects/bias/Proteus/prompt2/selected_faces/detected_sad/sad_person_0487_face0.png,White,White,Male,30-39,"[5.1649070e-01 1.0550130e-03 1.8682279e-01 6.7093257e-05 3.9215159e-04
 6.2428829e-03 2.8892940e-01]",[9.6775192e-01 8.6988724e-04 2.1065308e-03 2.9271757e-02],[9.9999970e-01 2.8224744e-07],"[1.2799195e-06 2.3908533e-05 1.4499997e-03 8.6152330e-02 6.1989695e-01
 2.8290886e-01 9.4621759e-03 1.0347677e-04 1.1393702e-06]",0,White,20-39
/scratch/project_462000771/mengting/projects/bias/Proteus/prompt2/selected_faces/detected_sad/sad_person_0488_face0.png,White,White,Male,40-49,"[9.58139658e-01 6.53492811e-04 1.78768411e-02 1.11381596e-04
 7.13580288e-04 2.64148158e-03 1.98635105e-02]",[9.8293239e-01 6.2565209e-04 6.6871272e-04 1.5773173e-02],[9.9999756e-01 2.4709609e-06],"[2.5245728e-07 7.6687098e-07 5.1079067e-05 7.9288445e-03 2.2594005e-01
 6.5983689e-01 1.0480613e-01 1.3960163e-03 3.9977156e-05]",0,White,40-59
/scratch/project_462000771/mengting/projects/bias/Proteus/prompt2/selected_faces/detected_sad/sad_person_0489_face0.png,White,White,Male,30-39,"[4.6361452e-01 4.4490758e-04 1.3852626e-01 3.7858754e-05 2.9866028e-04
 1.5359046e-02 3.8171875e-01]",[0.62455976 0.00611631 0.00133631 0.36798757],[9.999995e-01 4.427030e-07],"[6.0179894e-07 2.0493258e-05 7.0850016e-03 4.5318273e-01 5.0781024e-01
 3.1648155e-02 2.4956249e-04 3.1673212e-06 3.9389572e-08]",1,White,20-39
/scratch/project_462000771/mengting/projects/bias/Proteus/prompt2/selected_faces/detected_sad/sad_person_0490_face0.png,White,White,Male,50-59,"[8.9862752e-01 2.1475837e-04 2.8870372e-02 1.2211627e-04 3.6780923e-04
 6.7834742e-03 6.5013885e-02]",[9.7623533e-01 1.7271430e-04 7.0340902e-04 2.2888562e-02],[9.9993646e-01 6.3572159e-05],"[4.0598814e-05 5.2847041e-05 5.2222912e-04 3.3827673e-03 5.2711744e-02
 3.4804988e-01 5.5096000e-01 4.2848930e-02 1.4309887e-03]",0,White,40-59
/scratch/project_462000771/mengting/projects/bias/Proteus/prompt2/selected_faces/detected_sad/sad_person_0491_face0.png,White,White,Male,40-49,"[9.2797631e-01 1.1280120e-04 2.9763242e-02 2.5555464e-05 7.8570047e-05
 2.5335818e-03 3.9509896e-02]",[9.8758864e-01 1.3718719e-04 1.9634917e-04 1.2077840e-02],[9.999908e-01 9.194475e-06],"[5.9155100e-06 7.6524066e-06 2.1149828e-04 5.8589354e-03 1.5004975e-01
 5.9524578e-01 2.4438840e-01 4.1853525e-03 4.6714045e-05]",1,White,40-59
/scratch/project_462000771/mengting/projects/bias/Proteus/prompt2/selected_faces/detected_sad/sad_person_0492_face0.png,White,White,Male,40-49,"[7.0463997e-01 4.9172610e-04 1.0770224e-01 3.5833058e-05 4.6159502e-04
 1.7605517e-02 1.6906311e-01]",[9.5852804e-01 7.9690741e-04 7.9569838e-04 3.9879378e-02],[9.9999994e-01 1.0933078e-07],"[3.75519012e-05 3.53502983e-04 1.15004545e-02 6.71408027e-02
 3.61286223e-01 4.93418962e-01 6.30019903e-02 3.21929180e-03
 4.11706424e-05]",1,White,40-59
/scratch/project_462000771/mengting/projects/bias/Proteus/prompt2/selected_faces/detected_sad/sad_person_0493_face0.png,Middle Eastern,White,Male,40-49,"[3.3874238e-01 6.4229849e-03 1.8878938e-01 1.1653828e-04 5.6893472e-04
 1.3415491e-02 4.5194423e-01]",[0.97207004 0.00708793 0.00153295 0.01930899],[9.9999994e-01 8.2170970e-08],"[1.7014389e-05 5.8441470e-05 7.5865386e-04 1.3132777e-02 2.7726147e-01
 5.9174281e-01 1.1519851e-01 1.8185156e-03 1.1814613e-05]",0,White,40-59
/scratch/project_462000771/mengting/projects/bias/Proteus/prompt2/selected_faces/detected_sad/sad_person_0494_face0.png,Middle Eastern,White,Male,30-39,"[1.6375484e-01 3.7401181e-02 3.2086095e-01 8.2538980e-05 6.1494345e-04
 3.6795933e-02 4.4048953e-01]",[0.9148333  0.01244069 0.00141177 0.07131425],[9.9999839e-01 1.6532662e-06],"[1.6056715e-06 1.2319431e-05 1.1898266e-03 1.6033569e-01 6.5393829e-01
 1.7464526e-01 9.4546322e-03 4.0180283e-04 2.0503798e-05]",1,Others,20-39
/scratch/project_462000771/mengting/projects/bias/Proteus/prompt2/selected_faces/detected_sad/sad_person_0495_face0.png,White,White,Male,30-39,"[9.8395479e-01 1.3148943e-05 7.3229843e-03 5.9225827e-06 2.9481173e-05
 2.4224821e-04 8.4313545e-03]",[9.97871280e-01 3.30916577e-04 1.00941885e-04 1.69683900e-03],[9.9999577e-01 4.2490005e-06],"[8.1389038e-07 1.3563229e-05 2.3911570e-03 7.1136929e-02 4.5986474e-01
 4.4736895e-01 1.8997844e-02 2.2288543e-04 3.1597194e-06]",1,White,20-39
/scratch/project_462000771/mengting/projects/bias/Proteus/prompt2/selected_faces/detected_sad/sad_person_0496_face0.png,White,White,Male,30-39,"[9.57088351e-01 1.22963072e-04 2.94554010e-02 1.15328985e-04
 6.03197957e-04 1.06194487e-03 1.15528330e-02]",[9.9937427e-01 2.1537096e-05 9.3563373e-05 5.1055732e-04],[9.9998814e-01 1.1822707e-05],"[8.0873878e-07 2.2656053e-05 4.8028538e-03 2.9805049e-01 5.6818759e-01
 1.2475398e-01 4.0986626e-03 8.0486046e-05 2.5148222e-06]",0,White,20-39
/scratch/project_462000771/mengting/projects/bias/Proteus/prompt2/selected_faces/detected_sad/sad_person_0497_face0.png,White,White,Male,40-49,"[7.8415084e-01 4.2171658e-05 6.8472289e-02 1.8336033e-04 4.8537078e-04
 4.3769791e-03 1.4228906e-01]",[9.5282614e-01 2.0242631e-04 1.5104013e-03 4.5461029e-02],[9.9997401e-01 2.5919968e-05],"[3.9973234e-05 5.2839954e-05 1.0332338e-03 1.1218133e-02 1.9570234e-01
 5.5493027e-01 2.3068464e-01 6.2642451e-03 7.4333337e-05]",0,White,40-59
/scratch/project_462000771/mengting/projects/bias/Proteus/prompt2/selected_faces/detected_sad/sad_person_0498_face0.png,White,White,Male,30-39,"[9.8350328e-01 8.8736459e-05 1.0048076e-02 3.4287439e-06 4.5093304e-05
 6.3632114e-04 5.6750551e-03]",[9.7465557e-01 1.2474960e-03 3.5999628e-04 2.3736980e-02],[9.99999e-01 9.53820e-07],"[5.8745042e-07 1.1492374e-05 3.2828473e-03 9.4054967e-02 4.9130654e-01
 3.8227093e-01 2.8692614e-02 3.7631550e-04 3.6622002e-06]",1,White,20-39
/scratch/project_462000771/mengting/projects/bias/Proteus/prompt2/selected_faces/detected_sad/sad_person_0499_face0.png,White,White,Male,40-49,"[7.5151324e-01 4.1411730e-04 5.3931668e-02 4.0429604e-05 3.0421893e-04
 5.0357422e-03 1.8876061e-01]",[9.8770404e-01 5.0783949e-04 3.1274839e-04 1.1475391e-02],[9.9999654e-01 3.4523143e-06],"[3.4991422e-07 6.4852475e-07 9.9552046e-05 4.0733814e-03 1.2861523e-01
 5.6384206e-01 2.8764194e-01 1.5450057e-02 2.7679087e-04]",1,White,40-59
/scratch/project_462000771/mengting/projects/bias/Proteus/prompt2/selected_faces/detected_sad/sad_person_0500_face0.png,White,White,Male,40-49,"[4.2347544e-01 3.7384212e-03 1.4486986e-01 3.0847190e-05 2.3475560e-04
 6.8243458e-03 4.2082632e-01]",[9.2246133e-01 4.2018471e-03 3.3301525e-04 7.3003784e-02],[9.9999857e-01 1.4528323e-06],"[3.9129877e-06 2.1967826e-05 9.7521173e-04 2.8675744e-02 4.3430170e-01
 4.9367461e-01 4.1905109e-02 4.3805936e-04 3.7869629e-06]",0,White,40-59
/scratch/project_462000771/mengting/projects/bias/Proteus/prompt2/selected_faces/detected_sad/sad_person_0501_face0.png,White,White,Male,30-39,"[7.2736520e-01 4.5121642e-04 2.3165935e-01 6.8244193e-04 2.9950056e-03
 9.4934311e-03 2.7353281e-02]",[9.8487848e-01 4.0581985e-05 6.6735008e-04 1.4413640e-02],[9.999994e-01 6.444508e-07],"[1.6400254e-05 1.5204107e-04 5.9541008e-03 5.7092536e-02 4.4162011e-01
 4.3748352e-01 5.6532811e-02 1.1367822e-03 1.1705462e-05]",0,White,20-39
/scratch/project_462000771/mengting/projects/bias/Proteus/prompt2/selected_faces/detected_sad/sad_person_0502_face0.png,Latino_Hispanic,White,Male,40-49,"[1.7612560e-01 6.0156113e-03 7.0234054e-01 1.5698416e-04 1.1784394e-03
 5.1867906e-02 6.2314928e-02]",[0.809106   0.00856636 0.00317426 0.17915335],[9.9999136e-01 8.6655000e-06],"[8.5769707e-06 2.7664712e-05 7.3940161e-04 2.0457508e-02 3.9257926e-01
 5.1831323e-01 6.7244202e-02 6.2429399e-04 5.9241493e-06]",0,Others,40-59
/scratch/project_462000771/mengting/projects/bias/Proteus/prompt2/selected_faces/detected_sad/sad_person_0503_face0.png,White,White,Male,30-39,"[8.9631921e-01 1.8545195e-04 5.6487828e-02 3.9209404e-05 1.3044315e-04
 2.7481250e-03 4.4089686e-02]",[9.7541100e-01 1.2155836e-04 4.0944552e-04 2.4058012e-02],[0.99873435 0.00126566],"[1.3327622e-06 4.0359660e-05 4.8469501e-03 1.8623371e-01 6.7981869e-01
 1.2750503e-01 1.5345626e-03 1.8813682e-05 4.5825195e-07]",0,White,20-39
/scratch/project_462000771/mengting/projects/bias/Proteus/prompt2/selected_faces/detected_sad/sad_person_0504_face0.png,Latino_Hispanic,White,Male,30-39,"[3.0139351e-01 5.9551457e-03 3.8089746e-01 5.4536817e-05 6.8184076e-04
 1.7342003e-02 2.9367548e-01]",[0.8838103  0.0032102  0.00196023 0.11101933],[9.9999982e-01 2.0196674e-07],"[1.4315293e-06 1.4586301e-05 1.1532988e-03 5.0028685e-02 5.6041759e-01
 3.6789665e-01 2.0310329e-02 1.7593625e-04 1.4639962e-06]",0,Others,20-39
/scratch/project_462000771/mengting/projects/bias/Proteus/prompt2/selected_faces/detected_sad/sad_person_0505_face0.png,White,White,Male,30-39,"[9.2433923e-01 5.3678115e-05 4.2200156e-02 4.9623504e-05 1.3108015e-04
 2.4915673e-03 3.0734610e-02]",[9.8995793e-01 1.1334952e-04 1.1681373e-03 8.7606227e-03],[0.99669546 0.00330452],"[1.6513899e-06 1.4315092e-05 2.0153129e-03 2.0515019e-01 6.4939791e-01
 1.4028354e-01 3.0945293e-03 4.1000563e-05 1.5209473e-06]",0,White,20-39
/scratch/project_462000771/mengting/projects/bias/Proteus/prompt2/selected_faces/detected_sad/sad_person_0506_face0.png,White,White,Male,30-39,"[7.7000207e-01 1.2174613e-03 1.5849116e-01 1.5702505e-04 5.2087795e-04
 6.1112321e-03 6.3500077e-02]",[0.9547905  0.00239379 0.00141466 0.04140108],[9.9999750e-01 2.5579322e-06],"[5.85822090e-06 6.24748500e-05 3.38452938e-03 1.15590639e-01
 6.11905575e-01 2.58210868e-01 1.07315751e-02 1.07489985e-04
 9.73565875e-07]",1,White,20-39
/scratch/project_462000771/mengting/projects/bias/Proteus/prompt2/selected_faces/detected_sad/sad_person_0507_face0.png,White,White,Male,40-49,"[9.2887485e-01 5.2025509e-05 4.7397826e-02 3.0549279e-05 8.6672990e-05
 2.4109299e-03 2.1147195e-02]",[9.95910764e-01 6.10920324e-05 1.03965045e-04 3.92414024e-03],[9.9999541e-01 4.5967595e-06],"[2.1649712e-06 5.2683540e-06 1.6730897e-04 3.2828841e-03 1.4741799e-01
 6.8101501e-01 1.6703929e-01 1.0638509e-03 6.2516697e-06]",1,White,40-59
/scratch/project_462000771/mengting/projects/bias/Proteus/prompt2/selected_faces/detected_sad/sad_person_0508_face0.png,White,White,Male,40-49,"[9.9554390e-01 1.7287809e-06 2.3605241e-03 4.4140834e-06 1.8418355e-05
 1.8300618e-04 1.8879966e-03]",[9.9869996e-01 1.3755732e-05 6.7428453e-05 1.2188279e-03],[9.9995619e-01 4.3785094e-05],"[8.6397013e-06 7.7327779e-05 6.0941232e-03 4.8526090e-02 2.7899516e-01
 5.8731920e-01 7.7970520e-02 9.9105795e-04 1.7893513e-05]",0,White,40-59
/scratch/project_462000771/mengting/projects/bias/Proteus/prompt2/selected_faces/detected_sad/sad_person_0509_face0.png,White,White,Male,30-39,"[7.3157763e-01 1.2420757e-04 8.6297765e-02 3.5190486e-05 2.9278250e-04
 1.6553607e-02 1.6511871e-01]",[9.57103431e-01 2.70918710e-04 1.17977936e-04 4.25077118e-02],[9.9999994e-01 1.2219776e-07],"[7.0385377e-06 2.1573044e-04 1.3291635e-02 1.1500565e-01 5.7181066e-01
 2.8833196e-01 1.1154115e-02 1.8194648e-04 1.2091459e-06]",1,White,20-39
/scratch/project_462000771/mengting/projects/bias/Proteus/prompt2/selected_faces/detected_sad/sad_person_0510_face0.png,White,White,Male,30-39,"[8.6847591e-01 1.8303491e-03 8.0353729e-02 5.5109034e-04 3.0870563e-03
 1.5181417e-02 3.0520473e-02]",[0.6077456  0.03728659 0.11114924 0.24381858],[0.7872933 0.2127067],"[1.37771326e-06 1.32620244e-05 1.04261492e-03 1.24405615e-01
 4.92669851e-01 3.12744409e-01 6.45698681e-02 4.09957115e-03
 4.53509332e-04]",0,White,20-39
/scratch/project_462000771/mengting/projects/bias/Proteus/prompt2/selected_faces/detected_sad/sad_person_0511_face0.png,Middle Eastern,White,Male,40-49,"[2.6215622e-01 5.7579502e-05 4.7706995e-02 3.7154659e-05 3.5110954e-04
 4.2517062e-02 6.4717388e-01]",[7.7922517e-01 2.5281269e-04 2.4283945e-03 2.1809366e-01],[9.9999934e-01 6.5613222e-07],"[1.8334774e-06 9.0488411e-06 1.1321377e-03 2.1843294e-02 2.6779211e-01
 6.3384712e-01 7.3744215e-02 1.6037979e-03 2.6414204e-05]",0,White,40-59
/scratch/project_462000771/mengting/projects/bias/Proteus/prompt2/selected_faces/detected_sad/sad_person_0512_face0.png,Latino_Hispanic,White,Male,30-39,"[2.5245517e-01 8.2580838e-03 3.7796912e-01 7.9618621e-05 6.1540172e-04
 7.8012049e-02 2.8261051e-01]",[0.59366214 0.06143291 0.00501761 0.33988735],[9.9999714e-01 2.9212422e-06],"[2.84193106e-06 9.94848870e-06 9.06367030e-04 1.06249675e-01
 6.34514272e-01 2.45172918e-01 1.28458850e-02 2.90930213e-04
 7.11523944e-06]",1,Others,20-39
/scratch/project_462000771/mengting/projects/bias/Proteus/prompt2/selected_faces/detected_sad/sad_person_0513_face0.png,White,White,Male,30-39,"[9.5270008e-01 1.8351073e-04 3.4467496e-02 4.5377401e-05 1.0146589e-04
 4.1915150e-04 1.2082928e-02]",[9.97277737e-01 2.69006239e-04 1.06748084e-04 2.34645745e-03],[0.9985326  0.00146742],"[5.1079502e-07 1.7868788e-05 6.7861956e-03 4.7044066e-01 4.9115601e-01
 3.0983344e-02 6.0717278e-04 8.0006321e-06 2.0940966e-07]",0,White,20-39
/scratch/project_462000771/mengting/projects/bias/Proteus/prompt2/selected_faces/detected_sad/sad_person_0514_face0.png,White,White,Male,30-39,"[7.8839260e-01 5.0860348e-05 2.4034554e-02 8.5316424e-06 7.3642244e-05
 2.3160004e-03 1.8512382e-01]",[9.7859162e-01 3.5366759e-04 7.0770120e-04 2.0347042e-02],[9.9999726e-01 2.7935084e-06],"[1.4302027e-06 1.7404476e-05 2.5124543e-03 1.8161926e-01 6.4334440e-01
 1.6830289e-01 4.1147638e-03 8.5102394e-05 2.2777133e-06]",0,White,20-39
/scratch/project_462000771/mengting/projects/bias/Proteus/prompt2/selected_faces/detected_sad/sad_person_0515_face0.png,White,White,Male,40-49,"[9.0302813e-01 1.9259908e-04 2.0772111e-02 5.3712938e-05 2.0256384e-04
 1.6980774e-03 7.4052781e-02]",[0.94703484 0.00216219 0.0058887  0.04491426],[9.9999398e-01 6.0357315e-06],"[2.1740734e-06 1.0898716e-05 3.7558051e-04 1.9378740e-02 3.7665531e-01
 5.5334955e-01 4.9688555e-02 5.2958232e-04 9.7609136e-06]",0,White,40-59
/scratch/project_462000771/mengting/projects/bias/Proteus/prompt2/selected_faces/detected_sad/sad_person_0516_face0.png,Latino_Hispanic,White,Male,40-49,"[0.28921106 0.00205589 0.5261562  0.00079093 0.00600093 0.11014917
 0.06563589]",[9.8897696e-01 7.7740377e-05 8.4963295e-04 1.0095667e-02],[9.996933e-01 3.067283e-04],"[4.69971455e-05 1.17662916e-04 2.34160060e-03 2.41647847e-02
 3.10468912e-01 5.67594886e-01 9.33869630e-02 1.83721690e-03
 4.08942578e-05]",0,Others,40-59
/scratch/project_462000771/mengting/projects/bias/Proteus/prompt2/selected_faces/detected_sad/sad_person_0517_face0.png,Middle Eastern,Indian,Male,40-49,"[2.1279866e-01 4.9793971e-04 2.8786787e-01 3.1873136e-05 7.9722708e-04
 2.0600244e-01 2.9200405e-01]",[0.38764697 0.00318371 0.00075853 0.6084107 ],[9.999989e-01 1.037650e-06],"[4.3725586e-07 4.2266611e-06 6.5353053e-04 2.4138832e-02 4.7110561e-01
 4.7878852e-01 2.5151078e-02 1.5600084e-04 1.7413627e-06]",0,Others,40-59
/scratch/project_462000771/mengting/projects/bias/Proteus/prompt2/selected_faces/detected_sad/sad_person_0518_face0.png,White,White,Male,30-39,"[8.1037825e-01 3.4961259e-04 1.3364254e-01 8.7236265e-05 9.3725452e-04
 5.8363345e-03 4.8768736e-02]",[0.85810053 0.01009669 0.02071616 0.11108666],[9.9999893e-01 1.0086495e-06],"[1.7531276e-07 1.5923479e-05 7.4851369e-03 2.4950072e-01 6.1935490e-01
 1.2191591e-01 1.7108581e-03 1.6138345e-05 2.7826567e-07]",0,White,20-39
/scratch/project_462000771/mengting/projects/bias/Proteus/prompt2/selected_faces/detected_sad/sad_person_0519_face0.png,White,White,Male,30-39,"[9.1481751e-01 3.9284580e-05 2.9847359e-02 1.3871739e-05 5.7533867e-05
 2.9118124e-03 5.2312706e-02]",[9.8510170e-01 4.6453715e-04 1.6715174e-04 1.4266597e-02],[9.9999160e-01 8.4255635e-06],"[5.6950244e-06 6.0855989e-05 6.4899148e-03 2.2441083e-01 6.0481369e-01
 1.5973890e-01 4.4126138e-03 6.6441302e-05 1.0848918e-06]",1,White,20-39
/scratch/project_462000771/mengting/projects/bias/Proteus/prompt2/selected_faces/detected_sad/sad_person_0520_face0.png,White,White,Male,30-39,"[8.7917978e-01 4.9815269e-04 7.6118976e-02 4.0469936e-04 1.7531948e-03
 3.5223339e-03 3.8522869e-02]",[9.9449337e-01 1.4562397e-04 3.4673003e-04 5.0144009e-03],[9.9999654e-01 3.4092118e-06],"[3.2845849e-06 2.9250781e-05 4.5423028e-03 1.8248422e-01 5.2218717e-01
 2.6529127e-01 2.4403131e-02 1.0402019e-03 1.9163310e-05]",0,White,20-39
/scratch/project_462000771/mengting/projects/bias/Proteus/prompt2/selected_faces/detected_sad/sad_person_0521_face0.png,White,White,Male,40-49,"[6.9190997e-01 3.8695345e-03 1.3306013e-01 1.4243078e-04 1.6162473e-03
 3.4519784e-02 1.3488179e-01]",[0.7926143  0.00561216 0.00434276 0.19743074],[9.9999988e-01 1.2182926e-07],"[3.8631697e-06 1.1393634e-05 5.7147496e-04 1.9132491e-02 2.6834020e-01
 5.6285304e-01 1.4431976e-01 4.6926732e-03 7.5186050e-05]",0,White,40-59
/scratch/project_462000771/mengting/projects/bias/Proteus/prompt2/selected_faces/detected_sad/sad_person_0522_face0.png,White,White,Male,40-49,"[9.5994651e-01 5.8236452e-05 8.3523737e-03 9.3427343e-06 5.8854352e-05
 3.7697927e-04 3.1197872e-02]",[9.9682480e-01 6.4626911e-05 1.7952222e-04 2.9311040e-03],[9.9993443e-01 6.5593958e-05],"[2.10195580e-07 1.26505358e-06 2.28602730e-04 1.38452956e-02
 2.43392155e-01 6.08368993e-01 1.30944490e-01 3.11422208e-03
 1.04740495e-04]",0,White,40-59
/scratch/project_462000771/mengting/projects/bias/Proteus/prompt2/selected_faces/detected_sad/sad_person_0523_face0.png,White,White,Male,30-39,"[4.2984906e-01 2.2014598e-03 2.4441294e-01 1.3421457e-04 6.4953062e-04
 2.1602914e-02 3.0114985e-01]",[0.8997059  0.00174886 0.00120319 0.09734219],[9.9999779e-01 2.1799751e-06],"[1.1122026e-05 6.4441432e-05 2.2947695e-03 6.6760249e-02 4.9726862e-01
 3.9923748e-01 3.3845648e-02 5.1122427e-04 6.4469550e-06]",0,White,20-39
/scratch/project_462000771/mengting/projects/bias/Proteus/prompt2/selected_faces/detected_sad/sad_person_0524_face0.png,White,White,Male,40-49,"[3.9012852e-01 1.1523648e-01 2.8634635e-01 1.0746180e-04 6.7011558e-04
 2.2706775e-02 1.8480422e-01]",[0.7486417  0.06857952 0.00273265 0.18004614],[9.9999934e-01 6.9814223e-07],"[2.2780407e-06 3.1468492e-06 1.0405322e-04 9.3818670e-03 2.8821042e-01
 5.5801409e-01 1.4054190e-01 3.6860204e-03 5.6287739e-05]",0,White,40-59
/scratch/project_462000771/mengting/projects/bias/Proteus/prompt2/selected_faces/detected_sad/sad_person_0525_face0.png,White,White,Male,30-39,"[7.67822385e-01 5.79766456e-05 1.09280705e-01 5.15963402e-05
 5.56704763e-04 2.31194403e-02 9.91112366e-02]",[0.8413047  0.00141934 0.00205389 0.1552221 ],[9.999998e-01 1.909565e-07],"[3.9679162e-06 2.5572136e-04 1.2416786e-02 1.2633587e-01 6.2689024e-01
 2.3080944e-01 3.2725295e-03 1.5323700e-05 1.4098252e-07]",1,White,20-39
/scratch/project_462000771/mengting/projects/bias/Proteus/prompt2/selected_faces/detected_sad/sad_person_0526_face0.png,White,White,Male,30-39,"[5.6604373e-01 6.6086673e-04 2.2099215e-01 3.8827321e-04 1.3078775e-03
 1.2358273e-02 1.9824883e-01]",[9.8387432e-01 1.7079855e-03 9.8195567e-04 1.3435774e-02],[9.9999708e-01 2.9604355e-06],"[5.8731548e-06 3.4048087e-05 7.9117244e-04 4.0594082e-02 5.7225722e-01
 3.6954930e-01 1.6621633e-02 1.4457454e-04 2.0770485e-06]",1,White,20-39
/scratch/project_462000771/mengting/projects/bias/Proteus/prompt2/selected_faces/detected_sad/sad_person_0527_face0.png,White,White,Male,30-39,"[8.5052019e-01 2.4829814e-04 7.2483487e-02 1.6654534e-05 8.1844082e-05
 3.0748646e-03 7.3574692e-02]",[9.5874774e-01 1.7172891e-03 6.4558431e-04 3.8889419e-02],[0.99877965 0.0012204 ],"[7.6670446e-08 1.2011534e-06 7.3303672e-04 1.4806192e-01 7.6204157e-01
 8.7472998e-02 1.6761902e-03 1.2822319e-05 2.4545028e-07]",0,White,20-39
/scratch/project_462000771/mengting/projects/bias/Proteus/prompt2/selected_faces/detected_sad/sad_person_0528_face0.png,Latino_Hispanic,White,Male,40-49,"[3.4900984e-01 1.4864098e-02 5.4141021e-01 2.3042927e-04 1.6771118e-03
 3.7214682e-02 5.5593643e-02]",[0.82151663 0.0110883  0.00480878 0.16258632],[9.9999714e-01 2.8451993e-06],"[5.7909619e-06 9.4525840e-06 2.8792201e-04 9.0192091e-03 2.2432287e-01
 6.0828871e-01 1.5426853e-01 3.7386408e-03 5.8830828e-05]",0,Others,40-59
/scratch/project_462000771/mengting/projects/bias/Proteus/prompt2/selected_faces/detected_sad/sad_person_0529_face0.png,Middle Eastern,White,Male,30-39,"[1.5750998e-01 4.6472755e-04 2.1754885e-01 3.3046726e-05 1.3026377e-04
 1.1103285e-02 6.1320984e-01]",[9.0556318e-01 1.2341621e-03 8.9644035e-04 9.2306212e-02],[9.9999535e-01 4.6713762e-06],"[6.6310832e-07 4.9841719e-06 3.1693376e-04 6.6256881e-02 7.8878582e-01
 1.4284746e-01 1.7803448e-03 6.7689798e-06 7.7737212e-08]",1,Others,20-39
/scratch/project_462000771/mengting/projects/bias/Proteus/prompt2/selected_faces/detected_sad/sad_person_0530_face0.png,Latino_Hispanic,White,Male,40-49,"[2.5505239e-01 5.8056373e-02 3.6699504e-01 2.2047560e-04 3.1408197e-03
 9.7982340e-02 2.1855253e-01]",[0.5705692  0.0362128  0.00654182 0.38667616],[9.9999833e-01 1.6782881e-06],"[1.7082338e-06 8.0988029e-06 3.8205597e-04 3.7139382e-02 4.0842718e-01
 4.6752694e-01 8.3410725e-02 3.0057044e-03 9.8267104e-05]",0,Others,40-59
/scratch/project_462000771/mengting/projects/bias/Proteus/prompt2/selected_faces/detected_sad/sad_person_0531_face0.png,White,White,Male,30-39,"[9.6156257e-01 1.6016835e-05 2.6584089e-02 7.6702519e-05 1.7687237e-04
 5.6966516e-04 1.1014145e-02]",[9.9906158e-01 9.2970964e-05 1.5491295e-04 6.9053849e-04],[9.9995261e-01 4.7399684e-05],"[2.1950495e-06 3.4140063e-05 6.6032563e-03 2.7117518e-01 6.1118746e-01
 1.0798184e-01 2.9877864e-03 2.7538801e-05 5.5938028e-07]",1,White,20-39
/scratch/project_462000771/mengting/projects/bias/Proteus/prompt2/selected_faces/detected_sad/sad_person_0532_face0.png,White,White,Male,30-39,"[9.9084467e-01 2.5978383e-05 5.9689167e-03 8.2865090e-06 3.2345069e-05
 1.4160486e-04 2.9782369e-03]",[9.9650407e-01 1.8080728e-04 4.4625069e-04 2.8688025e-03],[9.9996352e-01 3.6465462e-05],"[6.2621872e-08 1.0180769e-06 6.4482872e-04 1.3763294e-01 6.8554568e-01
 1.7242505e-01 3.7261064e-03 2.3818155e-05 4.4984026e-07]",0,White,20-39
/scratch/project_462000771/mengting/projects/bias/Proteus/prompt2/selected_faces/detected_sad/sad_person_0533_face0.png,Latino_Hispanic,White,Male,40-49,"[2.1771114e-01 3.9283708e-03 5.5706280e-01 2.9227053e-04 1.3118145e-03
 8.5063472e-02 1.3463023e-01]",[9.5653522e-01 8.3927833e-04 3.6566919e-03 3.8968854e-02],[9.9998075e-01 1.9229679e-05],"[2.4112784e-05 6.1061277e-05 8.7227323e-04 2.9739836e-02 3.8854951e-01
 5.0079548e-01 7.8471854e-02 1.4663818e-03 1.9384916e-05]",0,Others,40-59
/scratch/project_462000771/mengting/projects/bias/Proteus/prompt2/selected_faces/detected_sad/sad_person_0534_face0.png,White,White,Male,30-39,"[4.63764101e-01 5.57215593e-04 2.16155365e-01 7.13746922e-05
 4.20629774e-04 1.48145445e-02 3.04216802e-01]",[0.8540447  0.00480128 0.00124084 0.13991319],[9.999996e-01 4.398455e-07],"[5.7614386e-07 7.3652686e-06 9.2763157e-04 1.3900752e-01 7.1225864e-01
 1.4522271e-01 2.5570912e-03 1.8241997e-05 2.2151484e-07]",0,White,20-39
/scratch/project_462000771/mengting/projects/bias/Proteus/prompt2/selected_faces/detected_sad/sad_person_0535_face0.png,White,White,Male,30-39,"[9.0364379e-01 2.3983519e-03 6.7581736e-02 6.1625957e-05 1.7564504e-04
 4.7950740e-03 2.1343810e-02]",[0.96254987 0.01357416 0.00330952 0.02056649],[0.99893636 0.00106365],"[4.5563453e-07 3.3197173e-06 6.7040155e-04 1.8629394e-01 6.8631512e-01
 1.2248490e-01 4.1561364e-03 7.3022573e-05 2.7416008e-06]",1,White,20-39
/scratch/project_462000771/mengting/projects/bias/Proteus/prompt2/selected_faces/detected_sad/sad_person_0536_face0.png,White,White,Male,40-49,"[6.6229981e-01 3.6861884e-04 1.9312443e-01 6.8187568e-05 4.4097967e-04
 1.5772151e-02 1.2792589e-01]",[9.6492827e-01 1.8784024e-04 5.1408954e-04 3.4369882e-02],[9.9999946e-01 5.5786387e-07],"[4.5458219e-06 2.7325270e-05 5.8744469e-04 5.2583176e-03 1.8662329e-01
 6.9303018e-01 1.1376832e-01 6.9610035e-04 4.3882360e-06]",1,White,40-59
/scratch/project_462000771/mengting/projects/bias/Proteus/prompt2/selected_faces/detected_sad/sad_person_0537_face0.png,Middle Eastern,White,Male,30-39,"[1.7172348e-01 1.3008858e-03 8.0571868e-02 1.1215066e-04 4.0653272e-04
 6.8396158e-03 7.3904550e-01]",[0.97344184 0.00335006 0.0014017  0.02180637],[9.9999738e-01 2.5814738e-06],"[1.19852132e-06 2.81043572e-06 3.25796078e-04 1.05301447e-01
 6.50252461e-01 2.30177879e-01 1.35735795e-02 3.55811673e-04
 8.99751649e-06]",0,White,20-39
/scratch/project_462000771/mengting/projects/bias/Proteus/prompt2/selected_faces/detected_sad/sad_person_0538_face0.png,White,White,Male,30-39,"[7.1197796e-01 9.0347475e-04 1.7933945e-01 3.6167281e-04 8.7026070e-04
 9.6429791e-03 9.6904151e-02]",[9.9334240e-01 6.9661939e-05 1.2896328e-04 6.4589065e-03],[0.998958   0.00104197],"[1.1745118e-06 1.0738621e-05 2.1408070e-03 2.9711843e-01 6.2397993e-01
 7.4648850e-02 2.0242338e-03 7.3098716e-05 2.7190372e-06]",0,White,20-39
/scratch/project_462000771/mengting/projects/bias/Proteus/prompt2/selected_faces/detected_sad/sad_person_0539_face0.png,Latino_Hispanic,White,Male,30-39,"[3.7354285e-01 2.4544869e-03 4.9916756e-01 1.7416383e-04 7.3583081e-04
 2.3667688e-02 1.0025741e-01]",[0.91293555 0.00365052 0.01033143 0.07308239],[0.9969823  0.00301778],"[2.66797565e-06 1.72240798e-05 1.59385905e-03 1.68974102e-01
 7.08162010e-01 1.17419936e-01 3.75650660e-03 7.16705326e-05
 1.99215765e-06]",0,Others,20-39
/scratch/project_462000771/mengting/projects/bias/Proteus/prompt2/selected_faces/detected_sad/sad_person_0540_face0.png,Latino_Hispanic,White,Male,40-49,"[0.16673459 0.00187504 0.5038863  0.00061996 0.01029019 0.0314203
 0.2851737 ]",[9.6484756e-01 2.6973581e-04 2.8792508e-03 3.2003429e-02],[1.0000000e+00 1.4679489e-08],"[7.0993788e-06 6.8447807e-05 1.4552989e-03 2.2275498e-02 4.1092795e-01
 5.1644325e-01 4.8067417e-02 7.5028522e-04 4.7103194e-06]",0,Others,40-59
/scratch/project_462000771/mengting/projects/bias/Proteus/prompt2/selected_faces/detected_sad/sad_person_0541_face0.png,White,White,Male,30-39,"[7.8185576e-01 7.3736021e-04 1.4298694e-01 3.2840238e-04 9.0161950e-04
 1.7845932e-03 7.1405374e-02]",[0.975853   0.00376989 0.00129807 0.01907904],[9.9999315e-01 6.8564646e-06],"[3.5540748e-07 4.6638238e-06 1.1752850e-03 1.7671843e-01 6.8029088e-01
 1.3865805e-01 3.1307493e-03 2.1351821e-05 2.4924353e-07]",0,White,20-39
/scratch/project_462000771/mengting/projects/bias/Proteus/prompt2/selected_faces/detected_sad/sad_person_0542_face0.png,White,White,Male,30-39,"[8.10319662e-01 5.12334154e-05 7.12127239e-02 8.84807305e-05
 5.49749704e-04 1.70839727e-02 1.00694165e-01]",[9.770674e-01 7.282277e-05 2.867821e-04 2.257295e-02],[9.9999797e-01 2.0346172e-06],"[7.7042409e-07 8.1032449e-06 4.9541127e-03 3.4801561e-01 5.5458826e-01
 9.1058165e-02 1.3581010e-03 1.6635648e-05 2.4103022e-07]",0,White,20-39
/scratch/project_462000771/mengting/projects/bias/Proteus/prompt2/selected_faces/detected_sad/sad_person_0543_face0.png,White,White,Male,30-39,"[5.0177681e-01 3.2248993e-03 3.8752726e-01 8.5639098e-05 4.7713250e-04
 8.5971002e-03 9.8311149e-02]",[0.9758596  0.00494897 0.0017275  0.01746389],[9.999999e-01 9.714505e-08],"[5.7597401e-07 7.2173702e-06 1.6501370e-03 1.4512877e-01 6.7807239e-01
 1.6907719e-01 6.0219499e-03 4.1508923e-05 2.9477553e-07]",0,White,20-39
/scratch/project_462000771/mengting/projects/bias/Proteus/prompt2/selected_faces/detected_sad/sad_person_0544_face0.png,White,White,Male,40-49,"[9.3446767e-01 1.0936993e-04 1.6269045e-02 3.3828844e-06 7.8648896e-05
 1.4488609e-03 4.7623079e-02]",[9.9880540e-01 3.8993534e-05 5.9591002e-05 1.0959938e-03],[9.9999982e-01 1.9431344e-07],"[7.8041165e-07 1.5678193e-05 1.0678651e-03 1.4107020e-02 2.4356195e-01
 6.6676068e-01 7.3642433e-02 8.3435758e-04 9.2407399e-06]",1,White,40-59
/scratch/project_462000771/mengting/projects/bias/Proteus/prompt2/selected_faces/detected_sad/sad_person_0545_face0.png,White,White,Male,30-39,"[6.6018045e-01 4.2480571e-04 2.7224842e-01 2.4090325e-04 5.5013312e-04
 2.3531003e-03 6.4002201e-02]",[0.9419454  0.00584716 0.00184875 0.05035874],[0.9978522  0.00214781],"[9.9812667e-07 1.1371435e-05 2.1170587e-03 1.0511363e-01 6.7916864e-01
 2.0546943e-01 8.0066090e-03 1.1088820e-04 1.4279599e-06]",0,White,20-39
/scratch/project_462000771/mengting/projects/bias/Proteus/prompt2/selected_faces/detected_sad/sad_person_0546_face0.png,White,White,Male,20-29,"[6.2944782e-01 7.1596407e-04 2.8658429e-01 3.0270373e-04 1.1015917e-03
 1.1367968e-02 7.0479721e-02]",[9.4614244e-01 2.5293769e-03 6.9881754e-04 5.0629370e-02],[9.9999291e-01 7.0667606e-06],"[9.6060921e-07 4.6222747e-05 1.9599780e-02 5.2879423e-01 4.2175382e-01
 2.9447870e-02 3.5278971e-04 4.2996985e-06 5.4653356e-08]",1,White,20-39
/scratch/project_462000771/mengting/projects/bias/Proteus/prompt2/selected_faces/detected_sad/sad_person_0547_face0.png,White,White,Male,40-49,"[5.3584409e-01 1.9041912e-03 3.6024037e-01 1.3899241e-04 1.1253851e-03
 1.8323740e-02 8.2423285e-02]",[9.6969098e-01 2.2694950e-04 5.6847243e-04 2.9513560e-02],[9.9999672e-01 3.3274016e-06],"[5.2954133e-06 2.2345002e-05 1.3434760e-03 2.9310353e-02 3.5071459e-01
 5.1834619e-01 9.8894179e-02 1.3514430e-03 1.2172118e-05]",0,White,40-59
/scratch/project_462000771/mengting/projects/bias/Proteus/prompt2/selected_faces/detected_sad/sad_person_0548_face0.png,White,White,Male,30-39,"[6.9470435e-01 1.5139485e-04 5.9835210e-02 1.5629705e-05 6.3218613e-05
 5.5151843e-03 2.3971508e-01]",[9.8298824e-01 6.6829438e-04 5.1570289e-05 1.6291877e-02],[9.9998349e-01 1.6528807e-05],"[8.6255892e-07 5.0454919e-06 6.8780157e-04 1.2095739e-01 6.9137573e-01
 1.8237890e-01 4.5482507e-03 4.4933608e-05 1.0186960e-06]",1,White,20-39
/scratch/project_462000771/mengting/projects/bias/Proteus/prompt2/selected_faces/detected_sad/sad_person_0549_face0.png,White,White,Male,30-39,"[8.91540885e-01 6.82752725e-05 2.97369845e-02 2.96978524e-05
 1.00598154e-04 3.82335670e-03 7.47001991e-02]",[9.5297587e-01 5.4350778e-05 3.4175848e-04 4.6628043e-02],[9.9999738e-01 2.6638006e-06],"[1.2679635e-05 1.8780737e-04 8.2047256e-03 4.0464440e-01 5.2475083e-01
 6.1484221e-02 7.0784258e-04 7.4908826e-06 1.3162966e-07]",1,White,20-39
/scratch/project_462000771/mengting/projects/bias/Proteus/prompt2/selected_faces/detected_sad/sad_person_0550_face0.png,White,White,Male,40-49,"[4.5988414e-01 3.2648197e-04 3.9121205e-01 1.1617043e-03 4.8680119e-03
 6.4869918e-02 7.7677839e-02]",[6.7434597e-01 5.4311787e-04 9.8515544e-03 3.1525931e-01],[9.9999994e-01 8.5075136e-08],"[4.5128454e-06 1.7247245e-05 4.3544197e-04 7.6830229e-03 2.3214005e-01
 6.2311590e-01 1.3528082e-01 1.3166615e-03 6.3930024e-06]",0,White,40-59
/scratch/project_462000771/mengting/projects/bias/Proteus/prompt2/selected_faces/detected_sad/sad_person_0551_face0.png,Latino_Hispanic,White,Male,30-39,"[2.1711937e-01 4.2705941e-03 4.8859596e-01 1.7270861e-04 1.1415661e-03
 1.5045513e-02 2.7365425e-01]",[0.6264433  0.0258053  0.00323025 0.3445211 ],[1.0000000e+00 2.1402267e-08],"[2.2999373e-06 1.8286075e-05 1.4420343e-03 6.4645760e-02 6.2541032e-01
 2.9438043e-01 1.3944867e-02 1.5521320e-04 7.5137052e-07]",0,Others,20-39
/scratch/project_462000771/mengting/projects/bias/Proteus/prompt2/selected_faces/detected_sad/sad_person_0552_face0.png,White,White,Male,40-49,"[7.2922182e-01 2.4000492e-03 1.7035174e-01 9.4996496e-05 3.1924623e-04
 3.5825960e-02 6.1786152e-02]",[7.8770924e-01 1.2935381e-03 2.0073677e-04 2.1079648e-01],[9.9994111e-01 5.8885496e-05],"[2.1997883e-05 7.7204117e-05 1.6176089e-03 3.2491650e-02 3.3812559e-01
 5.0320888e-01 1.2207491e-01 2.3460465e-03 3.6087094e-05]",0,White,40-59
/scratch/project_462000771/mengting/projects/bias/Proteus/prompt2/selected_faces/detected_sad/sad_person_0553_face0.png,White,White,Male,30-39,"[7.6495975e-01 2.1522250e-03 1.5340409e-01 1.9165307e-05 8.6065229e-05
 7.0715211e-03 7.2307192e-02]",[0.8248097  0.01731483 0.00190494 0.15597057],[9.9910045e-01 8.9958648e-04],"[5.0230074e-07 1.0873853e-05 1.8350391e-03 2.9474011e-01 6.4688504e-01
 5.5613056e-02 9.0286066e-04 1.2123963e-05 4.3033447e-07]",0,White,20-39
/scratch/project_462000771/mengting/projects/bias/Proteus/prompt2/selected_faces/detected_sad/sad_person_0554_face0.png,White,White,Male,30-39,"[4.2989811e-01 4.4695181e-03 1.7314091e-01 1.6430267e-05 1.6379806e-04
 1.1618025e-02 3.8069320e-01]",[0.7153695  0.02964282 0.00287029 0.2521174 ],[9.99999940e-01 1.10296256e-07],"[1.6798235e-06 2.2404614e-05 2.8034367e-03 1.6911545e-01 5.8566010e-01
 2.3028359e-01 1.1930379e-02 1.8090842e-04 2.0660332e-06]",0,White,20-39
/scratch/project_462000771/mengting/projects/bias/Proteus/prompt2/selected_faces/detected_sad/sad_person_0555_face0.png,White,White,Male,30-39,"[5.1364774e-01 1.0239233e-01 2.3156428e-01 1.4806763e-04 1.2001412e-03
 3.7000056e-02 1.1404750e-01]",[0.5344759  0.2930136  0.0045708  0.16793965],[9.9999881e-01 1.1981773e-06],"[1.5245035e-06 1.8977713e-05 6.9345068e-04 8.2009688e-02 6.5147293e-01
 2.5467777e-01 1.1003930e-02 1.1849815e-04 3.2293567e-06]",0,White,20-39
/scratch/project_462000771/mengting/projects/bias/Proteus/prompt2/selected_faces/detected_sad/sad_person_0556_face0.png,White,White,Male,30-39,"[9.7461545e-01 9.6963258e-06 8.7458258e-03 2.6025975e-06 2.0318095e-05
 1.4780427e-03 1.5128110e-02]",[9.9725097e-01 3.7655853e-05 2.6544431e-05 2.6847799e-03],[9.999993e-01 7.600663e-07],"[4.6614710e-07 1.8316745e-05 5.1715039e-03 1.3786936e-01 5.8490562e-01
 2.6745602e-01 4.5333216e-03 4.4749737e-05 5.5222409e-07]",0,White,20-39
/scratch/project_462000771/mengting/projects/bias/Proteus/prompt2/selected_faces/detected_sad/sad_person_0557_face0.png,White,White,Male,30-39,"[3.7658295e-01 2.4830636e-03 3.2634020e-01 1.2356517e-04 7.8580022e-04
 5.0467823e-02 2.4321656e-01]",[0.5743973  0.01682545 0.01524439 0.39353284],[0.9772716  0.02272842],"[1.0185322e-07 2.5869329e-06 1.5195266e-03 1.9810531e-01 6.6732842e-01
 1.2884042e-01 4.0960233e-03 1.0249294e-04 5.0772378e-06]",1,White,20-39
/scratch/project_462000771/mengting/projects/bias/Proteus/prompt2/selected_faces/detected_sad/sad_person_0558_face0.png,White,White,Male,30-39,"[6.9249183e-01 1.7622103e-03 9.1613077e-02 3.9466588e-05 3.1267045e-04
 1.5896959e-02 1.9788374e-01]",[9.7201872e-01 5.9424795e-04 6.8587229e-05 2.7318414e-02],[9.9999994e-01 8.1896061e-08],"[1.2561682e-06 1.3021828e-05 2.7660728e-03 2.0763528e-01 5.5569243e-01
 2.1883062e-01 1.4582848e-02 4.6621595e-04 1.2314671e-05]",0,White,20-39
/scratch/project_462000771/mengting/projects/bias/Proteus/prompt2/selected_faces/detected_sad/sad_person_0559_face0.png,White,White,Male,30-39,"[9.2883831e-01 1.4323034e-04 3.0293198e-02 1.5967156e-05 8.6977292e-05
 2.3736279e-03 3.8248580e-02]",[9.8307037e-01 2.4520788e-05 6.3893051e-05 1.6841350e-02],[0.873127   0.12687302],"[6.4722876e-08 1.6877483e-06 8.0279156e-04 2.9032513e-01 6.4234030e-01
 6.4940363e-02 1.5638388e-03 2.4498780e-05 1.2827045e-06]",0,White,20-39
/scratch/project_462000771/mengting/projects/bias/Proteus/prompt2/selected_faces/detected_sad/sad_person_0560_face0.png,White,White,Male,30-39,"[9.8675263e-01 1.3939527e-06 9.7813236e-04 9.8934231e-07 4.5608094e-06
 3.3428190e-05 1.2228810e-02]",[9.9705756e-01 8.4056286e-05 1.3440794e-03 1.5144375e-03],[0.9976193  0.00238074],"[1.8259001e-08 6.0017680e-07 5.7397288e-04 1.7286494e-01 7.2242975e-01
 1.0312669e-01 9.9939283e-04 4.5706656e-06 1.3996278e-07]",0,White,20-39
/scratch/project_462000771/mengting/projects/bias/Proteus/prompt2/selected_faces/detected_sad/sad_person_0561_face0.png,Middle Eastern,Indian,Male,40-49,"[2.3284791e-02 2.4394993e-02 3.5896131e-01 8.7924083e-05 2.2804542e-03
 2.3039962e-01 3.6059093e-01]",[0.1849325  0.03460001 0.00968664 0.7707808 ],[9.9999905e-01 9.4133514e-07],"[4.8766778e-06 1.2176363e-05 6.7345443e-04 1.4668627e-02 2.3287079e-01
 5.7935399e-01 1.6453741e-01 7.7632461e-03 1.1546691e-04]",0,Others,40-59
/scratch/project_462000771/mengting/projects/bias/Proteus/prompt2/selected_faces/detected_sad/sad_person_0562_face0.png,White,White,Male,30-39,"[9.7219247e-01 2.9794222e-05 1.5633913e-02 4.0545742e-06 1.6822345e-05
 5.6636945e-04 1.1556708e-02]",[9.8809403e-01 3.4947955e-04 1.6915392e-04 1.1387382e-02],[9.9966186e-01 3.3810444e-04],"[4.8981082e-07 4.2764964e-06 1.1799734e-03 6.7547083e-02 5.5664450e-01
 3.5150456e-01 2.2877753e-02 2.3765632e-04 3.7620998e-06]",0,White,20-39
/scratch/project_462000771/mengting/projects/bias/Proteus/prompt2/selected_faces/detected_sad/sad_person_0563_face0.png,White,White,Male,30-39,"[6.3471907e-01 5.7044192e-03 2.3818953e-01 1.1348232e-04 9.3488005e-04
 1.8658649e-02 1.0168000e-01]",[0.89188576 0.01677589 0.00739035 0.08394802],[9.9930155e-01 6.9846225e-04],"[4.1022915e-07 5.3475483e-06 5.9300521e-04 7.6075159e-02 6.6571367e-01
 2.4537279e-01 1.2027377e-02 2.0430042e-04 7.9300107e-06]",1,White,20-39
/scratch/project_462000771/mengting/projects/bias/Proteus/prompt2/selected_faces/detected_sad/sad_person_0564_face0.png,White,White,Male,40-49,"[8.8510394e-01 2.9255584e-04 6.3479878e-02 6.3532229e-05 4.0095969e-04
 5.6739552e-03 4.4985116e-02]",[9.5733011e-01 6.0577679e-04 7.1487570e-04 4.1349176e-02],[9.9999684e-01 3.1618229e-06],"[8.0269901e-06 3.3454933e-05 1.0502562e-03 1.1387503e-02 2.2150016e-01
 6.1488217e-01 1.4853106e-01 2.5784161e-03 2.8977527e-05]",1,White,40-59
/scratch/project_462000771/mengting/projects/bias/Proteus/prompt2/selected_faces/detected_sad/sad_person_0565_face0.png,White,White,Male,40-49,"[6.6422713e-01 1.3467690e-03 1.8348861e-01 3.4394670e-05 2.5940180e-04
 1.3775512e-02 1.3686822e-01]",[9.2307115e-01 5.0468366e-03 6.6374295e-04 7.1218267e-02],[9.9998862e-01 1.1406317e-05],"[1.3035297e-05 3.2968739e-05 5.0794054e-04 6.9296584e-03 1.6610418e-01
 6.2436575e-01 1.9844504e-01 3.5539030e-03 4.7441696e-05]",1,White,40-59
/scratch/project_462000771/mengting/projects/bias/Proteus/prompt2/selected_faces/detected_sad/sad_person_0566_face0.png,White,White,Male,30-39,"[6.8328196e-01 3.0410089e-04 2.4691784e-01 4.0964145e-04 1.4141634e-03
 8.2614226e-03 5.9410870e-02]",[9.8909664e-01 1.2467931e-04 1.1949147e-03 9.5837219e-03],[9.999992e-01 7.891177e-07],"[2.7507544e-06 3.6997113e-05 1.8584232e-03 1.0570766e-01 6.0266823e-01
 2.8102577e-01 8.6339349e-03 6.5472843e-05 6.6941573e-07]",0,White,20-39
/scratch/project_462000771/mengting/projects/bias/Proteus/prompt2/selected_faces/detected_sad/sad_person_0567_face0.png,White,White,Male,30-39,"[6.2922573e-01 5.0572533e-04 2.1082935e-01 2.2727663e-05 2.7239750e-04
 1.0685083e-02 1.4845893e-01]",[0.94577485 0.00267415 0.00433113 0.04721982],[9.999993e-01 6.678162e-07],"[9.0955899e-07 6.3385501e-06 8.3576655e-04 3.2894515e-02 5.0815791e-01
 4.2907307e-01 2.8866047e-02 1.6429403e-04 1.2109165e-06]",0,White,20-39
/scratch/project_462000771/mengting/projects/bias/Proteus/prompt2/selected_faces/detected_sad/sad_person_0568_face0.png,White,White,Male,40-49,"[8.0871409e-01 4.9782218e-05 2.3151265e-02 8.2555540e-05 3.3986152e-04
 7.6862931e-04 1.6689384e-01]",[9.8971683e-01 2.0595177e-04 2.2652904e-03 7.8119305e-03],[9.9987167e-01 1.2832819e-04],"[2.7774440e-05 3.0802596e-05 3.1270063e-04 1.9767829e-03 6.9036655e-02
 5.3969520e-01 3.7209457e-01 1.6381903e-02 4.4357919e-04]",0,White,40-59
/scratch/project_462000771/mengting/projects/bias/Proteus/prompt2/selected_faces/detected_sad/sad_person_0569_face0.png,White,White,Male,40-49,"[6.3644499e-01 1.0788740e-03 5.8220655e-02 6.4338485e-05 2.9165088e-04
 2.8241687e-03 3.0107540e-01]",[9.9734980e-01 3.2419193e-05 1.9757138e-04 2.4201248e-03],[9.9999732e-01 2.7205149e-06],"[4.8234947e-06 9.1803804e-06 3.9707535e-04 2.4063952e-02 3.5323352e-01
 5.0825387e-01 1.0993252e-01 3.9938218e-03 1.1122321e-04]",0,White,40-59
/scratch/project_462000771/mengting/projects/bias/Proteus/prompt2/selected_faces/detected_sad/sad_person_0570_face0.png,White,White,Male,30-39,"[4.8793396e-01 1.5467421e-04 2.6300278e-01 6.9486698e-05 3.6551181e-04
 2.2177996e-02 2.2629562e-01]",[9.4804776e-01 5.3223586e-05 3.1588689e-04 5.1583108e-02],[9.9999982e-01 1.7247278e-07],"[1.2327904e-05 2.9053524e-04 1.7905943e-02 1.5577427e-01 6.4655238e-01
 1.7588881e-01 3.5522906e-03 2.3308346e-05 1.2995380e-07]",0,White,20-39
/scratch/project_462000771/mengting/projects/bias/Proteus/prompt2/selected_faces/detected_sad/sad_person_0571_face0.png,White,White,Male,30-39,"[8.54367495e-01 1.99842150e-04 1.21745318e-01 1.13700975e-04
 4.69263294e-04 5.31406468e-03 1.77903213e-02]",[9.4442374e-01 6.9711736e-04 4.1705166e-04 5.4462120e-02],[9.9999946e-01 4.8285563e-07],"[1.6108988e-05 4.3553789e-04 3.4156609e-02 1.4203548e-01 4.9754006e-01
 3.0137262e-01 2.4077067e-02 3.6332800e-04 3.2605990e-06]",0,White,20-39
/scratch/project_462000771/mengting/projects/bias/Proteus/prompt2/selected_faces/detected_sad/sad_person_0572_face0.png,White,White,Male,40-49,"[5.2664047e-01 5.9840706e-04 1.6241661e-01 1.3760432e-04 4.5325904e-04
 3.6295231e-02 2.7345836e-01]",[0.5964108  0.0045979  0.00428372 0.39470756],[0.9942777  0.00572235],"[4.6241130e-06 6.4011219e-06 3.3749436e-04 4.5706737e-03 1.0344334e-01
 4.3697682e-01 4.1176730e-01 4.0888093e-02 2.0053526e-03]",0,White,40-59
/scratch/project_462000771/mengting/projects/bias/Proteus/prompt2/selected_faces/detected_sad/sad_person_0573_face0.png,White,White,Male,30-39,"[6.87320650e-01 5.07881574e-04 1.02003239e-01 1.84915552e-05
 1.13783375e-04 5.05214790e-03 2.04983801e-01]",[9.6073294e-01 3.8895253e-04 2.6929428e-04 3.8608838e-02],[9.9999076e-01 9.2871178e-06],"[6.51200025e-05 6.10553368e-04 8.23517982e-03 1.24888636e-01
 5.97541451e-01 2.58695692e-01 9.79755167e-03 1.63284494e-04
 2.56223302e-06]",0,White,20-39
/scratch/project_462000771/mengting/projects/bias/Proteus/prompt2/selected_faces/detected_sad/sad_person_0574_face0.png,White,White,Male,40-49,"[8.8156670e-01 6.2189472e-05 4.7841664e-02 9.2479684e-05 4.7224964e-04
 9.1534713e-03 6.0811117e-02]",[0.8108317  0.00284402 0.01487964 0.17144455],[9.9996048e-01 3.9525024e-05],"[2.2484344e-06 5.1362340e-06 1.9065989e-04 8.3568208e-03 2.1263461e-01
 6.5318102e-01 1.2339604e-01 2.1708773e-03 6.2502244e-05]",0,White,40-59
/scratch/project_462000771/mengting/projects/bias/Proteus/prompt2/selected_faces/detected_sad/sad_person_0575_face0.png,White,White,Male,30-39,"[6.5038794e-01 5.2268961e-03 1.1457320e-01 6.1461331e-05 3.3183038e-04
 5.1944745e-03 2.2422425e-01]",[0.79264617 0.00613997 0.00101559 0.20019828],[9.9999416e-01 5.7929333e-06],"[4.4755361e-06 3.2934240e-05 1.3600626e-03 7.2831549e-02 5.7755405e-01
 3.2923448e-01 1.8483153e-02 4.9091439e-04 8.4448575e-06]",0,White,20-39
/scratch/project_462000771/mengting/projects/bias/Proteus/prompt2/selected_faces/detected_sad/sad_person_0576_face0.png,White,White,Male,20-29,"[9.8936659e-01 9.5806126e-06 7.7960086e-03 9.3276074e-05 1.7686488e-04
 6.2109139e-05 2.4955226e-03]",[9.9389911e-01 1.8534807e-03 3.3474260e-03 9.0002059e-04],[0.9685063 0.0314937],"[5.1306522e-08 8.0373493e-06 1.0055486e-02 5.5627829e-01 4.0576133e-01
 2.7548233e-02 3.4387733e-04 4.5925594e-06 1.3724095e-07]",0,White,20-39
/scratch/project_462000771/mengting/projects/bias/Proteus/prompt2/selected_faces/detected_sad/sad_person_0577_face0.png,Black,Indian,Male,40-49,"[0.24990988 0.3371157  0.14087383 0.00103765 0.03810948 0.16139854
 0.07155483]",[0.24014282 0.09393711 0.09411273 0.5718073 ],[9.9999845e-01 1.5360235e-06],"[1.4516521e-06 5.6383360e-06 3.6095147e-04 1.8998589e-02 1.4923732e-01
 4.4554338e-01 3.1681332e-01 6.1295170e-02 7.7441391e-03]",0,Black,40-59
/scratch/project_462000771/mengting/projects/bias/Proteus/prompt2/selected_faces/detected_sad/sad_person_0578_face0.png,White,White,Male,30-39,"[5.5156559e-01 2.6740730e-03 3.5666052e-01 3.9848048e-05 3.1831153e-04
 1.6460918e-02 7.2280765e-02]",[0.8265059  0.00388092 0.01863161 0.1509816 ],[9.996152e-01 3.847645e-04],"[1.0301342e-06 1.5501288e-05 3.1619279e-03 2.2982332e-01 6.8150717e-01
 8.3287776e-02 2.1479828e-03 5.3675980e-05 1.6182345e-06]",0,White,20-39
/scratch/project_462000771/mengting/projects/bias/Proteus/prompt2/selected_faces/detected_sad/sad_person_0579_face0.png,White,White,Male,40-49,"[9.4772601e-01 1.6333124e-05 1.3778485e-02 1.1221299e-05 5.8176840e-05
 1.6422177e-03 3.6767587e-02]",[9.9575126e-01 3.2816472e-05 2.2934642e-04 3.9864583e-03],[9.9999529e-01 4.7496474e-06],"[2.0574444e-06 7.3110405e-06 2.0863696e-04 2.0555393e-03 8.7464824e-02
 6.6645515e-01 2.4161625e-01 2.1675040e-03 2.2699862e-05]",0,White,40-59
/scratch/project_462000771/mengting/projects/bias/Proteus/prompt2/selected_faces/detected_sad/sad_person_0580_face0.png,White,White,Male,40-49,"[7.0646107e-01 8.6501386e-05 8.9160889e-02 9.0833804e-05 9.4110967e-04
 3.4538165e-02 1.6872145e-01]",[9.0654868e-01 8.0353278e-04 2.4394258e-03 9.0208381e-02],[9.9999559e-01 4.4291323e-06],"[3.0031473e-05 1.1189898e-04 1.6166448e-03 2.5520350e-03 5.8006011e-02
 6.1147654e-01 3.1738177e-01 8.7128105e-03 1.1229774e-04]",0,White,40-59
/scratch/project_462000771/mengting/projects/bias/Proteus/prompt2/selected_faces/detected_sad/sad_person_0581_face0.png,Middle Eastern,White,Male,30-39,"[3.3923292e-01 2.2906861e-03 1.8987468e-01 1.8379411e-05 1.3451614e-04
 1.5777746e-02 4.5267108e-01]",[9.7632915e-01 3.9826435e-04 5.4085827e-05 2.3218423e-02],[9.9999660e-01 3.3654742e-06],"[3.0754707e-06 1.1752988e-05 1.5870379e-03 7.3644422e-02 5.6504732e-01
 3.2204750e-01 3.6595855e-02 1.0445786e-03 1.8496898e-05]",0,White,20-39
/scratch/project_462000771/mengting/projects/bias/Proteus/prompt2/selected_faces/detected_sad/sad_person_0582_face0.png,White,White,Male,30-39,"[8.8400888e-01 1.1410610e-04 2.6436958e-02 1.6178237e-05 9.2657174e-05
 1.3505464e-03 8.7980717e-02]",[9.9637645e-01 6.9899637e-05 7.5081334e-05 3.4785983e-03],[9.9999946e-01 5.3847589e-07],"[5.81605150e-07 1.16052779e-05 1.33352762e-03 1.21477395e-01
 6.78074300e-01 1.95014820e-01 4.05182457e-03 3.54888070e-05
 4.80739686e-07]",1,White,20-39
/scratch/project_462000771/mengting/projects/bias/Proteus/prompt2/selected_faces/detected_sad/sad_person_0583_face0.png,White,White,Male,40-49,"[9.21944499e-01 1.04902210e-04 2.62132511e-02 2.91418437e-05
 1.11397196e-04 2.04225583e-03 4.95545268e-02]",[9.8986226e-01 1.4004469e-04 2.7946831e-04 9.7181881e-03],[9.999823e-01 1.765767e-05],"[1.4864926e-07 2.4483359e-07 3.1379957e-05 6.1025866e-03 2.4901263e-01
 6.4430684e-01 9.9345200e-02 1.1769962e-03 2.4049881e-05]",0,White,40-59
/scratch/project_462000771/mengting/projects/bias/Proteus/prompt2/selected_faces/detected_sad/sad_person_0584_face0.png,Middle Eastern,White,Male,40-49,"[3.3942071e-01 3.0562370e-03 2.7787721e-01 2.2839828e-04 8.2073797e-04
 1.8410120e-02 3.6018655e-01]",[9.5683020e-01 7.7438977e-04 6.0633890e-04 4.1789066e-02],[9.9999809e-01 1.9337404e-06],"[3.9959332e-06 5.7129705e-06 1.1233511e-04 4.3240734e-03 1.8024226e-01
 6.3522047e-01 1.7647478e-01 3.5746286e-03 4.1697673e-05]",1,White,40-59
/scratch/project_462000771/mengting/projects/bias/Proteus/prompt2/selected_faces/detected_sad/sad_person_0585_face0.png,White,White,Male,30-39,"[3.4882078e-01 8.8748278e-04 3.1961775e-01 8.5869244e-05 5.7491404e-04
 3.0187659e-02 2.9982558e-01]",[9.2171419e-01 1.7744877e-03 4.1783648e-04 7.6093547e-02],[9.9999881e-01 1.1906025e-06],"[2.2128563e-05 1.7990112e-04 4.4668899e-03 6.1894473e-02 5.2926207e-01
 3.6715224e-01 3.6454484e-02 5.6264055e-04 5.1899542e-06]",1,White,20-39
/scratch/project_462000771/mengting/projects/bias/Proteus/prompt2/selected_faces/detected_sad/sad_person_0586_face0.png,White,White,Male,30-39,"[9.43570197e-01 1.66471480e-04 3.22926976e-02 2.76119481e-05
 1.14204326e-04 8.35484650e-04 2.29933131e-02]",[9.9071550e-01 2.2975433e-04 1.5456954e-04 8.9001786e-03],[9.9998379e-01 1.6162916e-05],"[1.0566706e-06 8.2126126e-06 5.2600290e-04 4.5529488e-02 5.4739541e-01
 3.8693991e-01 1.9404074e-02 1.9243678e-04 3.4237892e-06]",0,White,20-39
/scratch/project_462000771/mengting/projects/bias/Proteus/prompt2/selected_faces/detected_sad/sad_person_0587_face0.png,White,White,Male,30-39,"[9.8993993e-01 3.9094230e-05 5.1773009e-03 2.5176973e-07 3.1819914e-06
 3.6173320e-04 4.4785948e-03]",[9.9623507e-01 2.8899376e-04 6.5428620e-05 3.4104621e-03],[9.9982238e-01 1.7763856e-04],"[2.6332359e-08 1.8384053e-06 1.3071692e-03 3.6167836e-01 5.8766121e-01
 4.8783153e-02 5.6366640e-04 4.3958075e-06 1.1690915e-07]",0,White,20-39
/scratch/project_462000771/mengting/projects/bias/Proteus/prompt2/selected_faces/detected_sad/sad_person_0588_face0.png,White,White,Male,30-39,"[6.22847080e-01 2.15293118e-03 2.35825151e-01 2.01148403e-04
 8.79501400e-04 1.86497141e-02 1.19444385e-01]",[0.95110065 0.00098684 0.00102057 0.04689195],[9.9999505e-01 4.9300343e-06],"[4.0838363e-06 5.6451587e-05 4.6340148e-03 2.0162459e-01 6.3165492e-01
 1.5494105e-01 7.0031686e-03 8.0523445e-05 1.2379527e-06]",0,White,20-39
/scratch/project_462000771/mengting/projects/bias/Proteus/prompt2/selected_faces/detected_sad/sad_person_0589_face0.png,White,White,Male,30-39,"[8.5597593e-01 1.8872037e-05 7.2678059e-02 6.4112872e-05 3.5907849e-04
 4.2282254e-03 6.6675693e-02]",[9.6136409e-01 2.1417157e-04 1.4349173e-03 3.6986828e-02],[9.9999809e-01 1.8506043e-06],"[6.4653159e-07 1.8202287e-05 1.0958157e-03 6.0066160e-02 6.8829417e-01
 2.4816233e-01 2.3531597e-03 9.4112656e-06 8.8545917e-08]",0,White,20-39
/scratch/project_462000771/mengting/projects/bias/Proteus/prompt2/selected_faces/detected_sad/sad_person_0590_face0.png,White,White,Male,30-39,"[8.6654663e-01 2.3543762e-04 8.3885632e-02 7.0639355e-05 2.2743219e-04
 5.2640573e-03 4.3770220e-02]",[9.8061728e-01 6.6256640e-04 6.0183741e-04 1.8118294e-02],[9.9999952e-01 4.5340752e-07],"[1.4187103e-06 1.3371739e-05 6.1784370e-04 5.1247071e-02 6.2187576e-01
 3.1470019e-01 1.1493713e-02 5.0192801e-05 4.1633223e-07]",1,White,20-39
/scratch/project_462000771/mengting/projects/bias/Proteus/prompt2/selected_faces/detected_sad/sad_person_0591_face0.png,White,White,Male,30-39,"[8.4306151e-01 2.6897169e-04 9.5243335e-02 1.5911616e-04 3.6092222e-04
 2.9472033e-03 5.7958920e-02]",[9.7849351e-01 5.2743987e-04 2.8909433e-03 1.8088136e-02],[9.9959922e-01 4.0079438e-04],"[6.0519250e-07 3.4596983e-06 6.4376462e-04 1.4580233e-01 6.4200342e-01
 2.0249842e-01 8.8452790e-03 1.9777517e-04 4.9812766e-06]",0,White,20-39
/scratch/project_462000771/mengting/projects/bias/Proteus/prompt2/selected_faces/detected_sad/sad_person_0592_face0.png,Latino_Hispanic,White,Male,30-39,"[2.6989299e-01 6.1177429e-02 4.9133667e-01 2.7648792e-05 2.9988849e-04
 1.6610889e-02 1.6065444e-01]",[0.5504439  0.11546835 0.00542793 0.32865983],[9.9962139e-01 3.7860338e-04],"[2.1744138e-07 1.4906899e-06 4.6827266e-04 7.0380636e-02 6.5904629e-01
 2.4495737e-01 2.4662636e-02 4.7051601e-04 1.2523447e-05]",0,Others,20-39
/scratch/project_462000771/mengting/projects/bias/Proteus/prompt2/selected_faces/detected_sad/sad_person_0593_face0.png,White,White,Male,40-49,"[9.1999507e-01 4.7732089e-04 3.5266597e-02 4.8695679e-04 2.9280169e-03
 5.4740813e-03 3.5372034e-02]",[9.8875898e-01 3.0971898e-04 2.2738068e-03 8.6574499e-03],[9.9999672e-01 3.2727362e-06],"[1.1630474e-05 2.3603776e-05 4.0604928e-04 6.5580211e-03 9.7721532e-02
 4.6574363e-01 3.9306271e-01 3.5101149e-02 1.3718016e-03]",0,White,40-59
/scratch/project_462000771/mengting/projects/bias/Proteus/prompt2/selected_faces/detected_sad/sad_person_0594_face0.png,White,White,Male,30-39,"[5.9889698e-01 4.0574765e-04 1.4135829e-01 4.2068601e-05 1.8506627e-04
 1.3925067e-02 2.4518676e-01]",[8.2642591e-01 2.1172501e-03 8.2205643e-04 1.7063479e-01],[9.9999976e-01 2.5384239e-07],"[2.0225327e-06 7.9617239e-06 5.2686955e-04 5.6815397e-02 6.1970967e-01
 3.0665159e-01 1.6180864e-02 1.0484350e-04 7.5993182e-07]",1,White,20-39
/scratch/project_462000771/mengting/projects/bias/Proteus/prompt2/selected_faces/detected_sad/sad_person_0595_face0.png,White,White,Male,40-49,"[9.2148751e-01 9.8148390e-05 5.1066130e-02 1.9345350e-04 4.3763025e-04
 1.2257815e-03 2.5491359e-02]",[9.9091554e-01 2.6971492e-04 1.2850638e-03 7.5297575e-03],[9.999499e-01 5.010749e-05],"[3.4569030e-06 1.5461430e-05 7.5015088e-04 2.7387463e-02 4.2211813e-01
 4.9300584e-01 5.6122161e-02 5.8985502e-04 7.5941389e-06]",0,White,40-59
/scratch/project_462000771/mengting/projects/bias/Proteus/prompt2/selected_faces/detected_sad/sad_person_0596_face0.png,White,White,Male,40-49,"[8.4057254e-01 3.2533295e-05 3.1498287e-02 9.3568779e-06 4.4646953e-05
 1.1541396e-03 1.2668853e-01]",[9.9210006e-01 9.2157723e-05 1.5379047e-03 6.2698475e-03],[9.9977154e-01 2.2845657e-04],"[2.0454398e-07 8.9570460e-07 1.8414141e-04 1.5964987e-02 3.6544859e-01
 5.5928695e-01 5.8142342e-02 9.4447512e-04 2.7479804e-05]",1,White,40-59
/scratch/project_462000771/mengting/projects/bias/Proteus/prompt2/selected_faces/detected_sad/sad_person_0597_face0.png,White,White,Male,30-39,"[5.23573399e-01 1.94202899e-03 2.42841795e-01 3.35044824e-05
 1.02089056e-04 1.15881991e-02 2.19918936e-01]",[9.5289403e-01 2.0463741e-03 5.2978902e-04 4.4529773e-02],[9.993863e-01 6.137464e-04],"[4.9008740e-06 1.8383284e-05 1.0192501e-03 6.5970443e-02 5.9601283e-01
 3.1571051e-01 2.0913793e-02 3.4325192e-04 6.6823986e-06]",0,White,20-39
/scratch/project_462000771/mengting/projects/bias/Proteus/prompt2/selected_faces/detected_sad/sad_person_0598_face0.png,Latino_Hispanic,White,Male,40-49,"[0.36898243 0.00911396 0.4808785  0.00170073 0.01038799 0.08003733
 0.04889907]",[0.8569262  0.01830473 0.01894262 0.10582647],[9.999987e-01 1.255012e-06],"[2.7483054e-06 4.5764900e-06 2.0539043e-04 5.3269193e-03 1.7513654e-01
 6.7576587e-01 1.4146644e-01 2.0734011e-03 1.8161831e-05]",0,Others,40-59
/scratch/project_462000771/mengting/projects/bias/Proteus/prompt2/selected_faces/detected_sad/sad_person_0599_face0.png,White,White,Male,30-39,"[8.2984459e-01 7.6577225e-04 8.0150567e-02 9.7416771e-05 4.1339124e-04
 2.0812224e-03 8.6647063e-02]",[9.9876910e-01 1.0632025e-04 9.9260455e-05 1.0253341e-03],[0.99895346 0.00104655],"[1.93591904e-06 1.07212645e-05 7.64227530e-04 4.33637798e-02
 4.94915128e-01 4.09327418e-01 4.95711938e-02 1.95641955e-03
 8.90862138e-05]",0,White,20-39
/scratch/project_462000771/mengting/projects/bias/Proteus/prompt2/selected_faces/detected_sad/sad_person_0600_face0.png,White,White,Male,30-39,"[9.0007472e-01 1.5985654e-04 8.1056297e-02 6.7768444e-05 1.4781624e-04
 8.7762956e-04 1.7615981e-02]",[9.9282604e-01 1.2283487e-04 7.8922807e-04 6.2618973e-03],[0.99773395 0.00226605],"[4.7229040e-08 2.3174425e-06 2.5496560e-03 4.1682515e-01 5.5202693e-01
 2.8340571e-02 2.5316724e-04 2.0279251e-06 4.9025733e-08]",0,White,20-39
/scratch/project_462000771/mengting/projects/bias/Proteus/prompt2/selected_faces/detected_sad/sad_person_0601_face0.png,White,White,Male,30-39,"[5.5664998e-01 2.0072439e-03 2.4790914e-01 1.7890567e-05 1.6531028e-04
 9.5894970e-03 1.8366089e-01]",[9.4144541e-01 7.8166109e-03 4.7748417e-04 5.0260495e-02],[9.9998611e-01 1.3889569e-05],"[3.3890731e-07 2.9542593e-06 5.0553173e-04 1.3469203e-01 7.6443040e-01
 9.8287098e-02 2.0540701e-03 2.6829241e-05 7.3315272e-07]",1,White,20-39
/scratch/project_462000771/mengting/projects/bias/Proteus/prompt2/selected_faces/detected_sad/sad_person_0602_face0.png,White,White,Male,30-39,"[8.05615008e-01 1.38869873e-04 8.47009569e-02 4.00852696e-05
 1.79006369e-04 2.77101737e-03 1.06554985e-01]",[9.8586380e-01 2.6484297e-04 2.6263741e-03 1.1244967e-02],[0.9913585  0.00864148],"[1.0605739e-06 9.7917191e-06 9.5263170e-04 6.2852591e-02 5.0784129e-01
 3.7836415e-01 4.8475217e-02 1.4109842e-03 9.2287439e-05]",0,White,20-39
/scratch/project_462000771/mengting/projects/bias/Proteus/prompt2/selected_faces/detected_sad/sad_person_0603_face0.png,White,White,Male,30-39,"[8.5803246e-01 5.8419228e-04 5.6928698e-02 8.4581607e-06 5.4714408e-05
 1.1290583e-03 8.3262399e-02]",[9.8441589e-01 2.1843463e-03 3.5000317e-05 1.3364821e-02],[9.9999982e-01 2.3465337e-07],"[3.2535934e-07 1.0954704e-05 3.8216936e-03 3.7918890e-01 5.7406527e-01
 4.2450424e-02 4.5763157e-04 4.7456829e-06 5.6946018e-08]",1,White,20-39
/scratch/project_462000771/mengting/projects/bias/Proteus/prompt2/selected_faces/detected_sad/sad_person_0604_face0.png,White,White,Male,30-39,"[9.2236745e-01 2.9134442e-04 4.5363922e-02 1.5193278e-05 6.5402019e-05
 1.2541183e-03 3.0642584e-02]",[9.8784333e-01 1.5827001e-03 6.1262830e-04 9.9613415e-03],[9.9928671e-01 7.1333064e-04],"[1.7705041e-07 2.7544229e-06 1.7250692e-03 3.1100556e-01 6.3482195e-01
 5.1789559e-02 6.4369914e-04 1.0882091e-05 3.3759338e-07]",0,White,20-39
/scratch/project_462000771/mengting/projects/bias/Proteus/prompt2/selected_faces/detected_sad/sad_person_0605_face0.png,White,White,Male,40-49,"[8.2841909e-01 6.6947052e-04 1.1972228e-01 4.1580215e-04 1.0647682e-03
 5.0076814e-03 4.4700772e-02]",[9.8958808e-01 7.1202568e-04 1.1839179e-03 8.5160155e-03],[9.99987304e-01 1.27541225e-05],"[5.4388747e-06 2.4207464e-05 1.0601976e-03 2.3210570e-02 3.4442091e-01
 5.4601836e-01 8.4230006e-02 1.0179362e-03 1.2293505e-05]",0,White,40-59
/scratch/project_462000771/mengting/projects/bias/Proteus/prompt2/selected_faces/detected_sad/sad_person_0606_face0.png,White,White,Male,40-49,"[3.9229718e-01 1.0409006e-02 3.5807273e-01 2.2276578e-05 2.4016146e-04
 7.4740931e-02 1.6421773e-01]",[8.87207389e-01 6.44469634e-03 7.02341029e-04 1.05645515e-01],[9.9998719e-01 1.2783169e-05],"[1.4836873e-05 8.5561835e-05 1.1001135e-03 2.3153033e-02 3.5195494e-01
 5.3283221e-01 8.9463092e-02 1.3720292e-03 2.4122364e-05]",0,White,40-59
/scratch/project_462000771/mengting/projects/bias/Proteus/prompt2/selected_faces/detected_sad/sad_person_0607_face0.png,White,White,Male,30-39,"[9.9437422e-01 1.5140459e-06 3.5697259e-03 5.3648716e-07 3.8270164e-06
 3.0550893e-04 1.7446569e-03]",[9.9361265e-01 3.4390458e-05 1.2773953e-04 6.2252283e-03],[9.9999422e-01 5.7496477e-06],"[3.8587510e-07 1.2642649e-05 4.7423905e-03 1.4964725e-01 5.4566479e-01
 2.9461801e-01 5.2889995e-03 2.5102156e-05 4.9523106e-07]",1,White,20-39
/scratch/project_462000771/mengting/projects/bias/Proteus/prompt2/selected_faces/detected_sad/sad_person_0608_face0.png,Latino_Hispanic,White,Male,40-49,"[3.8189614e-01 4.8183482e-03 5.3108323e-01 7.7862307e-05 5.0869334e-04
 6.3472554e-02 1.8143035e-02]",[9.1834807e-01 6.6798081e-04 4.0311195e-04 8.0580853e-02],[9.999991e-01 8.978391e-07],"[3.4707070e-06 1.6348868e-05 6.7152409e-04 1.7817212e-02 3.4469238e-01
 5.5022895e-01 8.5887089e-02 6.7902642e-04 3.9293395e-06]",0,Others,40-59
/scratch/project_462000771/mengting/projects/bias/Proteus/prompt2/selected_faces/detected_sad/sad_person_0609_face0.png,White,White,Male,40-49,"[8.4587902e-01 7.6439821e-05 8.4614769e-02 8.7560984e-05 4.3631718e-04
 3.0503334e-03 6.5855600e-02]",[9.6607733e-01 2.5211531e-04 1.4560062e-03 3.2214601e-02],[9.9997807e-01 2.1951941e-05],"[1.1596381e-06 9.7584807e-06 1.3065252e-03 2.0837605e-02 3.9496002e-01
 5.4015619e-01 4.2342775e-02 3.8230931e-04 3.6857866e-06]",0,White,40-59
/scratch/project_462000771/mengting/projects/bias/Proteus/prompt2/selected_faces/detected_sad/sad_person_0610_face0.png,White,White,Male,40-49,"[5.1661766e-01 4.3721369e-04 4.2747000e-01 3.9099524e-04 1.6369394e-03
 1.9386908e-02 3.4060307e-02]",[0.8304078  0.00416671 0.0058136  0.15961187],[9.999387e-01 6.129685e-05],"[2.8222250e-05 2.0473367e-04 3.7829932e-03 3.0431293e-02 4.0794745e-01
 4.9162242e-01 6.5047853e-02 9.2394929e-04 1.1003211e-05]",0,White,40-59
/scratch/project_462000771/mengting/projects/bias/Proteus/prompt2/selected_faces/detected_sad/sad_person_0611_face0.png,Latino_Hispanic,White,Male,30-39,"[3.2143861e-01 7.3479237e-03 3.4838259e-01 3.2864802e-05 2.0885578e-04
 2.1997226e-02 3.0059183e-01]",[0.90985674 0.00692046 0.00165467 0.08156811],[0.9987899 0.0012101],"[6.3394873e-07 1.7473090e-05 1.9183905e-03 1.6940853e-01 7.7031291e-01
 5.7800796e-02 5.3556095e-04 5.6542290e-06 8.4194703e-08]",0,Others,20-39
/scratch/project_462000771/mengting/projects/bias/Proteus/prompt2/selected_faces/detected_sad/sad_person_0612_face0.png,White,White,Male,40-49,"[8.5651612e-01 9.8669122e-04 6.6546373e-02 1.7186867e-04 6.9064187e-04
 7.7822185e-03 6.7306079e-02]",[9.9184275e-01 7.2512054e-04 2.4203525e-04 7.1901316e-03],[9.9999917e-01 8.0738397e-07],"[3.6631496e-07 1.3394886e-06 7.7420853e-05 1.6156619e-02 3.6697620e-01
 5.5645216e-01 5.9649598e-02 6.7476137e-04 1.1528954e-05]",1,White,40-59
/scratch/project_462000771/mengting/projects/bias/Proteus/prompt2/selected_faces/detected_sad/sad_person_0613_face0.png,White,White,Male,40-49,"[9.4416654e-01 1.1867683e-04 1.1450867e-02 6.2111999e-06 2.8223618e-05
 7.3469349e-04 4.3494731e-02]",[9.96328533e-01 2.96818071e-05 1.09450375e-04 3.53236008e-03],[0.99133694 0.00866301],"[3.5468074e-07 9.6848100e-07 1.1383992e-04 1.7601119e-02 3.0145639e-01
 5.4654479e-01 1.2880109e-01 5.1667611e-03 3.1463517e-04]",1,White,40-59
/scratch/project_462000771/mengting/projects/bias/Proteus/prompt2/selected_faces/detected_sad/sad_person_0614_face0.png,White,White,Male,30-39,"[8.6667472e-01 6.5393680e-05 3.4129485e-02 9.8515675e-06 4.8085127e-05
 1.1994259e-03 9.7873062e-02]",[9.9280095e-01 4.4319222e-05 6.3867432e-05 7.0908209e-03],[9.999996e-01 4.362599e-07],"[5.4485586e-06 7.9966005e-05 5.7329028e-03 1.2425489e-01 5.7367390e-01
 2.8324267e-01 1.2856399e-02 1.5259931e-04 1.2302817e-06]",1,White,20-39
/scratch/project_462000771/mengting/projects/bias/Proteus/prompt2/selected_faces/detected_sad/sad_person_0615_face0.png,Latino_Hispanic,White,Male,30-39,"[0.30104575 0.00220168 0.58534694 0.00286745 0.0105928  0.01948141
 0.0784639 ]",[0.85827255 0.00535804 0.01260796 0.12376141],[9.9979740e-01 2.0255678e-04],"[1.21900075e-05 9.24208725e-05 3.04494286e-03 7.56894574e-02
 5.49275815e-01 3.36575121e-01 3.44118327e-02 8.73810553e-04
 2.43834911e-05]",0,Others,20-39
/scratch/project_462000771/mengting/projects/bias/Proteus/prompt2/selected_faces/detected_sad/sad_person_0616_face0.png,White,White,Male,30-39,"[7.9231709e-01 1.3850343e-04 1.0378807e-01 4.8978400e-05 1.3064488e-04
 4.3042684e-03 9.9272475e-02]",[9.9540967e-01 2.9521820e-04 1.9316524e-04 4.1019460e-03],[9.9992037e-01 7.9593650e-05],"[2.4436169e-06 1.4627455e-05 1.0666236e-03 1.0678704e-01 6.6067761e-01
 2.2426303e-01 7.1311221e-03 5.6664874e-05 8.2119175e-07]",1,White,20-39
/scratch/project_462000771/mengting/projects/bias/Proteus/prompt2/selected_faces/detected_sad/sad_person_0617_face0.png,White,White,Male,40-49,"[9.3735617e-01 5.5397944e-05 3.6812279e-02 1.7387074e-05 1.1010408e-04
 2.1181344e-03 2.3530489e-02]",[0.8773913  0.0273359  0.00636982 0.08890296],[9.999087e-01 9.127340e-05],"[1.3125351e-06 4.8754787e-06 5.3116068e-04 1.7305223e-02 2.8114516e-01
 6.0136509e-01 9.7703718e-02 1.8998749e-03 4.3582830e-05]",0,White,40-59
/scratch/project_462000771/mengting/projects/bias/Proteus/prompt2/selected_faces/detected_sad/sad_person_0618_face0.png,White,White,Male,30-39,"[9.9542707e-01 1.5569447e-06 8.9557748e-04 1.0072010e-06 4.0034738e-06
 2.0073785e-05 3.6508485e-03]",[9.9948776e-01 3.6123634e-05 8.7053770e-05 3.8905331e-04],[9.9999267e-01 7.3858828e-06],"[6.1668692e-07 9.9073377e-06 2.4118444e-03 8.2937375e-02 5.1408088e-01
 3.9131510e-01 9.1747558e-03 6.8611145e-05 9.2893691e-07]",1,White,20-39
/scratch/project_462000771/mengting/projects/bias/Proteus/prompt2/selected_faces/detected_sad/sad_person_0619_face0.png,Middle Eastern,White,Male,40-49,"[2.8668603e-01 2.9433232e-03 7.0832692e-02 4.1804818e-05 8.4383856e-04
 3.6694098e-02 6.0195822e-01]",[0.9826492  0.00206416 0.00256392 0.01272272],[9.9999899e-01 1.0059762e-06],"[5.1845682e-06 3.4522727e-05 1.5392281e-03 3.1008266e-02 3.1926274e-01
 5.7108206e-01 7.3198535e-02 3.7158716e-03 1.5357019e-04]",0,White,40-59
/scratch/project_462000771/mengting/projects/bias/Proteus/prompt2/selected_faces/detected_sad/sad_person_0620_face0.png,White,White,Male,30-39,"[7.2734940e-01 2.4363676e-04 7.3388726e-02 2.0916028e-05 1.3286233e-04
 3.6875014e-03 1.9517702e-01]",[9.9126631e-01 2.6514233e-04 9.8988567e-05 8.3695240e-03],[1.0000000e+00 5.3849895e-08],"[4.3731766e-06 1.3847137e-04 7.8408727e-03 1.6692722e-01 6.1864901e-01
 2.0260926e-01 3.7931318e-03 3.7415928e-05 3.0823313e-07]",1,White,20-39
/scratch/project_462000771/mengting/projects/bias/Proteus/prompt2/selected_faces/detected_sad/sad_person_0621_face0.png,White,White,Male,40-49,"[8.9509147e-01 3.8110439e-04 8.3222456e-02 4.4990907e-04 1.3861355e-03
 2.5142469e-03 1.6954619e-02]",[9.8835635e-01 2.0576715e-04 1.2806481e-03 1.0157237e-02],[9.9999624e-01 3.7685973e-06],"[1.0181915e-06 1.0503136e-05 9.2388975e-04 2.9984925e-02 3.7583676e-01
 5.2699357e-01 6.5553300e-02 6.8669615e-04 9.3151039e-06]",0,White,40-59
/scratch/project_462000771/mengting/projects/bias/Proteus/prompt2/selected_faces/detected_sad/sad_person_0622_face0.png,White,White,Male,30-39,"[5.7374501e-01 3.8266496e-03 1.9359341e-01 9.1539419e-05 7.4879418e-04
 1.8603165e-02 2.0939139e-01]",[9.4339055e-01 9.2660909e-04 3.4960557e-04 5.5333290e-02],[9.9999946e-01 5.5701889e-07],"[1.74421541e-06 1.50911565e-05 4.70323442e-03 2.53584832e-01
 5.82028151e-01 1.53257340e-01 6.31543854e-03 9.32466937e-05
 9.38679534e-07]",0,White,20-39
/scratch/project_462000771/mengting/projects/bias/Proteus/prompt2/selected_faces/detected_sad/sad_person_0623_face0.png,White,White,Male,30-39,"[7.3108006e-01 2.3493504e-04 4.9149197e-02 2.8251645e-05 1.6464529e-04
 1.4730613e-02 2.0461227e-01]",[9.4949722e-01 9.3279564e-04 3.6538942e-04 4.9204610e-02],[9.9999613e-01 3.8310595e-06],"[1.2263421e-05 1.8881740e-04 1.0693713e-02 1.3375291e-01 4.9478945e-01
 3.3922333e-01 2.0846417e-02 4.8146531e-04 1.1609013e-05]",1,White,20-39
/scratch/project_462000771/mengting/projects/bias/Proteus/prompt2/selected_faces/detected_sad/sad_person_0624_face0.png,White,White,Male,40-49,"[8.7081361e-01 5.0210615e-04 3.6095548e-02 4.1777726e-05 2.2355701e-04
 1.9507891e-03 9.0372592e-02]",[9.8327392e-01 5.9265230e-04 2.5198358e-04 1.5881419e-02],[9.9995345e-01 4.6553701e-05],"[4.1139383e-06 2.2170609e-05 5.2193936e-04 1.2465561e-02 2.5414303e-01
 6.3948548e-01 9.1745079e-02 1.5860280e-03 2.6616812e-05]",0,White,40-59
/scratch/project_462000771/mengting/projects/bias/Proteus/prompt2/selected_faces/detected_sad/sad_person_0625_face0.png,White,White,Male,20-29,"[8.2872987e-01 3.8128277e-05 2.2997396e-02 7.4775448e-06 4.1813109e-05
 1.5295775e-03 1.4665581e-01]",[9.9957126e-01 7.0613087e-06 3.8784110e-05 3.8289488e-04],[9.9999475e-01 5.2358505e-06],"[5.6540571e-08 5.9721942e-06 1.0830934e-02 7.0868593e-01 2.7490923e-01
 5.5504325e-03 1.7265211e-05 1.8421230e-07 3.3970313e-09]",0,White,20-39
/scratch/project_462000771/mengting/projects/bias/Proteus/prompt2/selected_faces/detected_sad/sad_person_0626_face0.png,White,White,Male,30-39,"[8.76737952e-01 3.32502023e-05 1.85767412e-02 1.62244942e-05
 6.65459957e-05 6.39389793e-04 1.03929915e-01]",[9.9706399e-01 2.3491462e-04 2.0789258e-04 2.4931722e-03],[9.999901e-01 9.859005e-06],"[1.6815020e-06 4.7672402e-06 3.1498267e-04 3.9783116e-02 5.8414155e-01
 3.6025903e-01 1.5364304e-02 1.2848884e-04 2.0420864e-06]",1,White,20-39
/scratch/project_462000771/mengting/projects/bias/Proteus/prompt2/selected_faces/detected_sad/sad_person_0627_face0.png,White,White,Male,30-39,"[9.7162348e-01 1.4246312e-05 1.8011222e-02 2.8594812e-05 7.1149967e-05
 7.7797991e-04 9.4733657e-03]",[9.9184698e-01 2.3053942e-04 2.7924231e-03 5.1300498e-03],[0.9880714  0.01192858],"[4.0991327e-07 3.4871246e-06 6.8084337e-04 5.3921454e-02 4.9921411e-01
 4.2005098e-01 2.5922513e-02 2.0238849e-04 3.8718508e-06]",0,White,20-39
/scratch/project_462000771/mengting/projects/bias/Proteus/prompt2/selected_faces/detected_sad/sad_person_0628_face0.png,Latino_Hispanic,White,Male,40-49,"[2.0200633e-01 8.6373873e-03 6.6427326e-01 2.3373749e-04 2.3679603e-03
 7.0633501e-02 5.1847890e-02]",[9.6728200e-01 1.9376744e-03 8.1232731e-04 2.9968012e-02],[9.9999982e-01 1.5732533e-07],"[3.0705773e-06 2.5372243e-05 9.7629323e-04 4.1150246e-02 4.1743293e-01
 4.9220955e-01 4.7586232e-02 6.1049598e-04 5.8264986e-06]",0,Others,40-59
/scratch/project_462000771/mengting/projects/bias/Proteus/prompt2/selected_faces/detected_sad/sad_person_0629_face0.png,White,White,Male,30-39,"[6.08790755e-01 4.07044019e-04 1.22169845e-01 1.11806097e-04
 5.29016892e-04 1.41754197e-02 2.53816217e-01]",[9.5421445e-01 8.2602701e-04 7.8127452e-04 4.4178221e-02],[9.9998796e-01 1.2000682e-05],"[8.5877773e-06 5.0927676e-05 1.9555879e-03 7.3470294e-02 5.3551954e-01
 3.6557987e-01 2.3026207e-02 3.7983910e-04 9.1554884e-06]",0,White,20-39
/scratch/project_462000771/mengting/projects/bias/Proteus/prompt2/selected_faces/detected_sad/sad_person_0630_face0.png,White,White,Male,40-49,"[6.5824479e-01 1.1858592e-03 1.0823649e-01 1.8388597e-05 1.7948495e-04
 2.0000443e-02 2.1213463e-01]",[9.6729428e-01 1.6321426e-03 2.4088404e-04 3.0832738e-02],[9.9999660e-01 3.4401314e-06],"[3.9451952e-06 2.9173225e-05 8.8760257e-04 1.4293320e-02 2.6875591e-01
 6.0452276e-01 1.1032782e-01 1.1634068e-03 1.6086749e-05]",0,White,40-59
/scratch/project_462000771/mengting/projects/bias/Proteus/prompt2/selected_faces/detected_sad/sad_person_0631_face0.png,White,White,Male,30-39,"[5.1432949e-01 1.1209622e-03 2.4025409e-01 9.0032707e-05 4.3051128e-04
 1.1736386e-02 2.3203853e-01]",[9.7008950e-01 2.3474456e-03 9.6266676e-04 2.6600355e-02],[9.9999404e-01 5.9403719e-06],"[7.1225245e-06 6.3849366e-05 2.3776712e-03 1.2287666e-01 6.5917820e-01
 2.0861094e-01 6.8077524e-03 7.6719705e-05 1.1150718e-06]",1,White,20-39
/scratch/project_462000771/mengting/projects/bias/Proteus/prompt2/selected_faces/detected_sad/sad_person_0632_face0.png,White,White,Male,30-39,"[9.06472027e-01 4.03338490e-05 4.34899963e-02 1.03821425e-04
 3.66126711e-04 1.46936066e-03 4.80583906e-02]",[9.8531407e-01 2.9599265e-04 4.9303309e-04 1.3896931e-02],[9.999108e-01 8.920775e-05],"[2.1121425e-06 3.3193512e-05 1.8153859e-03 5.8801062e-02 5.8720815e-01
 3.4179634e-01 1.0256742e-02 8.5549495e-05 1.4522885e-06]",1,White,20-39
/scratch/project_462000771/mengting/projects/bias/Proteus/prompt2/selected_faces/detected_sad/sad_person_0633_face0.png,White,White,Male,40-49,"[6.2057436e-01 2.7456051e-03 3.2071295e-01 3.2028931e-04 2.6952734e-03
 1.8006608e-02 3.4944884e-02]",[0.85572594 0.00201054 0.00381177 0.13845177],[9.9999154e-01 8.4734638e-06],"[6.7115902e-06 5.3302148e-05 2.4507781e-03 4.0301740e-02 3.9079297e-01
 4.8948953e-01 7.5373530e-02 1.5050243e-03 2.6467844e-05]",0,White,40-59
/scratch/project_462000771/mengting/projects/bias/Proteus/prompt2/selected_faces/detected_sad/sad_person_0634_face0.png,White,White,Male,40-49,"[8.9990205e-01 1.4766218e-04 3.0172458e-02 3.8650833e-06 7.4588163e-05
 2.8420498e-03 6.6857263e-02]",[9.9548054e-01 1.6502199e-04 1.2477528e-04 4.2296713e-03],[9.9999976e-01 2.4766342e-07],"[1.3988879e-06 2.4902107e-05 2.0920020e-03 3.8519237e-02 3.9255428e-01
 5.3580165e-01 3.0668085e-02 3.3466922e-04 3.7440143e-06]",1,White,40-59
/scratch/project_462000771/mengting/projects/bias/Proteus/prompt2/selected_faces/detected_sad/sad_person_0635_face0.png,White,White,Male,30-39,"[8.7310559e-01 2.2627686e-03 9.2802510e-02 3.7014391e-04 1.8626300e-03
 1.8181929e-02 1.1414368e-02]",[0.8764943  0.00195541 0.002485   0.11906528],[9.9999899e-01 1.0039122e-06],"[1.0814978e-05 2.0560346e-04 1.1625066e-02 1.9606844e-01 4.6513650e-01
 2.7236551e-01 5.1963776e-02 2.5784583e-03 4.5831974e-05]",0,White,20-39
/scratch/project_462000771/mengting/projects/bias/Proteus/prompt2/selected_faces/detected_sad/sad_person_0636_face0.png,White,White,Male,40-49,"[5.4188955e-01 8.4757077e-04 4.6734162e-02 3.6822974e-05 3.2625932e-04
 3.6310321e-03 4.0653461e-01]",[9.6867216e-01 4.0727979e-04 5.7911983e-04 3.0341489e-02],[9.9999684e-01 3.1880104e-06],"[4.5903876e-06 3.0845880e-05 7.2573189e-04 1.5258265e-02 2.4069774e-01
 6.5658450e-01 8.4382489e-02 2.2617360e-03 5.4146200e-05]",0,White,40-59
/scratch/project_462000771/mengting/projects/bias/Proteus/prompt2/selected_faces/detected_sad/sad_person_0637_face0.png,White,White,Male,40-49,"[7.4717313e-01 7.2083663e-04 1.2254270e-01 4.1057152e-05 1.4565515e-04
 3.9827349e-03 1.2539387e-01]",[9.8948652e-01 1.6516189e-04 1.7278119e-04 1.0175556e-02],[9.999979e-01 2.078623e-06],"[3.2929747e-06 9.8072705e-06 4.4636769e-04 2.3371333e-02 3.9848334e-01
 5.1606399e-01 6.0753394e-02 8.5860159e-04 9.8480978e-06]",0,White,40-59
/scratch/project_462000771/mengting/projects/bias/Proteus/prompt2/selected_faces/detected_sad/sad_person_0638_face0.png,White,White,Male,40-49,"[7.3844618e-01 6.1553577e-04 2.0804843e-01 4.5439592e-04 2.1833521e-03
 1.3739717e-02 3.6512420e-02]",[9.4841844e-01 6.7660498e-04 3.7934291e-03 4.7111545e-02],[9.9999911e-01 8.5269136e-07],"[1.3232494e-06 4.7275853e-06 1.9039036e-04 9.3617635e-03 2.5362837e-01
 6.4321703e-01 9.2764355e-02 8.2429219e-04 7.8166158e-06]",0,White,40-59
/scratch/project_462000771/mengting/projects/bias/Proteus/prompt2/selected_faces/detected_sad/sad_person_0639_face0.png,White,White,Male,40-49,"[4.3888849e-01 3.6042690e-02 2.2763172e-01 1.2934796e-04 2.7944485e-03
 5.3324535e-02 2.4118884e-01]",[0.89629215 0.00517476 0.0122566  0.08627647],[9.9999976e-01 1.8678469e-07],"[3.2395252e-07 1.4377877e-06 4.6973632e-04 4.3457098e-02 3.1558642e-01
 5.2969187e-01 1.0564961e-01 4.9687154e-03 1.7479795e-04]",0,White,40-59
/scratch/project_462000771/mengting/projects/bias/Proteus/prompt2/selected_faces/detected_sad/sad_person_0640_face0.png,White,White,Male,50-59,"[5.4273057e-01 6.9748461e-03 1.6224757e-01 2.8858869e-04 1.2871724e-03
 3.6426540e-02 2.5004473e-01]",[9.9173653e-01 5.1428034e-04 1.9238086e-04 7.5568086e-03],[9.9999517e-01 4.8360353e-06],"[2.2532486e-05 2.9850635e-05 3.6997319e-04 1.7060497e-03 3.6897358e-02
 2.9940280e-01 6.0058868e-01 5.9058636e-02 1.9241322e-03]",0,White,40-59
/scratch/project_462000771/mengting/projects/bias/Proteus/prompt2/selected_faces/detected_sad/sad_person_0641_face0.png,White,White,Male,30-39,"[6.0873091e-01 2.4812654e-04 1.5642676e-01 9.7093900e-05 3.4187629e-04
 4.2497548e-03 2.2990550e-01]",[0.9517955  0.00196349 0.00115048 0.04509058],[9.999942e-01 5.790705e-06],"[7.97287157e-07 3.79131961e-06 1.01766002e-03 1.23391554e-01
 6.80097640e-01 1.90960869e-01 4.49045002e-03 3.69285699e-05
 3.21870544e-07]",0,White,20-39
/scratch/project_462000771/mengting/projects/bias/Proteus/prompt2/selected_faces/detected_sad/sad_person_0642_face0.png,White,White,Male,30-39,"[9.62289155e-01 2.50517187e-04 1.56156635e-02 3.09135612e-05
 3.07041541e-04 7.96802063e-03 1.35387853e-02]",[9.6468085e-01 1.2153359e-04 8.8804605e-04 3.4309559e-02],[9.9999785e-01 2.1460266e-06],"[3.5649657e-07 6.4441679e-06 1.5481074e-03 2.4463671e-01 6.1097634e-01
 1.3964622e-01 3.1332662e-03 5.1100611e-05 1.4648020e-06]",0,White,20-39
/scratch/project_462000771/mengting/projects/bias/Proteus/prompt2/selected_faces/detected_sad/sad_person_0643_face0.png,White,White,Male,30-39,"[6.4942133e-01 2.3399992e-02 2.0181319e-01 5.4063825e-05 9.0232142e-04
 5.8420476e-02 6.5988608e-02]",[0.7915616  0.00674044 0.00197501 0.19972299],[9.9999887e-01 1.1738035e-06],"[1.3618102e-06 7.9089492e-05 4.1467282e-03 1.6773397e-01 6.4800513e-01
 1.7530027e-01 4.6724887e-03 6.0170692e-05 8.5716943e-07]",0,White,20-39
/scratch/project_462000771/mengting/projects/bias/Proteus/prompt2/selected_faces/detected_sad/sad_person_0644_face0.png,White,White,Male,30-39,"[5.8819395e-01 7.4446830e-03 2.7101707e-01 1.4047497e-05 2.0487489e-04
 1.1047627e-02 1.2207767e-01]",[9.3246573e-01 5.0866730e-03 8.8508031e-04 6.1562523e-02],[9.9999994e-01 1.0611797e-07],"[3.4594580e-06 4.9343813e-05 2.9106566e-03 7.3590234e-02 5.5044818e-01
 3.4806862e-01 2.4562005e-02 3.6457815e-04 2.8812544e-06]",0,White,20-39
/scratch/project_462000771/mengting/projects/bias/Proteus/prompt2/selected_faces/detected_sad/sad_person_0645_face0.png,Middle Eastern,White,Male,30-39,"[3.5285252e-01 6.0930299e-03 1.4417528e-01 4.3758981e-05 5.0281291e-04
 1.4910467e-02 4.8142204e-01]",[9.5026851e-01 1.0535275e-03 1.3425510e-04 4.8543714e-02],[9.9999928e-01 7.2215175e-07],"[2.3174368e-06 2.8467795e-05 2.3782782e-03 1.0449847e-01 5.9102887e-01
 2.8488663e-01 1.6651053e-02 5.1468378e-04 1.1222601e-05]",1,White,20-39
/scratch/project_462000771/mengting/projects/bias/Proteus/prompt2/selected_faces/detected_sad/sad_person_0646_face0.png,White,White,Male,40-49,"[9.5390332e-01 2.8355993e-05 2.4569724e-02 2.3509827e-04 6.1005011e-04
 1.0077669e-03 1.9645711e-02]",[0.97676086 0.00352644 0.00765827 0.01205436],[9.9998480e-01 1.5234704e-05],"[2.4115234e-06 7.3883166e-06 6.9419242e-04 2.4923723e-02 3.5241464e-01
 5.5988556e-01 6.1310437e-02 7.5236656e-04 9.3221752e-06]",0,White,40-59
/scratch/project_462000771/mengting/projects/bias/Proteus/prompt2/selected_faces/detected_sad/sad_person_0647_face0.png,White,White,Male,40-49,"[6.5786386e-01 6.8976526e-04 2.9382688e-01 1.3139493e-04 7.1104872e-04
 1.4191579e-02 3.2585476e-02]",[9.6580327e-01 2.7741838e-04 2.4565400e-04 3.3673607e-02],[9.999936e-01 6.412519e-06],"[2.5739857e-06 2.4373880e-05 8.1305951e-04 1.5974138e-02 3.4590289e-01
 5.8213896e-01 5.4862581e-02 2.7887855e-04 2.5829806e-06]",1,White,40-59
/scratch/project_462000771/mengting/projects/bias/Proteus/prompt2/selected_faces/detected_sad/sad_person_0648_face0.png,White,White,Male,30-39,"[6.1590880e-01 1.5797247e-03 2.6111171e-01 4.8166304e-04 1.8275827e-03
 1.8277565e-02 1.0081299e-01]",[0.8558568  0.00397406 0.00387302 0.13629618],[9.9998558e-01 1.4423396e-05],"[4.8542574e-06 4.2928667e-05 1.9841208e-03 5.8763184e-02 5.1981038e-01
 3.8797632e-01 3.0954389e-02 4.5662984e-04 7.1996856e-06]",1,White,20-39
/scratch/project_462000771/mengting/projects/bias/Proteus/prompt2/selected_faces/detected_sad/sad_person_0649_face0.png,White,White,Male,30-39,"[6.9752955e-01 1.4886045e-04 7.1328290e-02 6.7848508e-05 4.0891345e-04
 5.9073046e-03 2.2460917e-01]",[9.7142124e-01 1.8910378e-04 1.4483759e-03 2.6941366e-02],[9.9999994e-01 8.0167730e-08],"[2.2396212e-06 5.1187108e-05 4.6099974e-03 1.3175584e-01 6.3076711e-01
 2.2863956e-01 4.1309493e-03 4.2593198e-05 5.5564288e-07]",1,White,20-39
/scratch/project_462000771/mengting/projects/bias/Proteus/prompt2/selected_faces/detected_sad/sad_person_0650_face0.png,Latino_Hispanic,White,Male,40-49,"[1.6575457e-01 4.6873507e-03 7.7427083e-01 2.7314737e-04 2.2122227e-03
 3.8253307e-02 1.4548561e-02]",[0.803085   0.00627413 0.0089876  0.18165323],[9.9999815e-01 1.8018504e-06],"[6.2047461e-06 1.3806455e-05 1.0220209e-03 2.1795731e-02 3.0270281e-01
 5.3964901e-01 1.3318390e-01 1.6180851e-03 8.4698322e-06]",0,Others,40-59
/scratch/project_462000771/mengting/projects/bias/Proteus/prompt2/selected_faces/detected_sad/sad_person_0651_face0.png,White,White,Male,40-49,"[9.3691736e-01 2.4586079e-05 2.7895276e-02 1.5254128e-05 3.7599995e-05
 8.9578907e-04 3.4214046e-02]",[9.9601203e-01 6.1545295e-05 1.4350087e-04 3.7829839e-03],[9.999356e-01 6.431301e-05],"[1.4939652e-06 2.2816600e-06 1.5598176e-04 6.6702645e-03 2.2751337e-01
 6.2739837e-01 1.3623269e-01 1.9879704e-03 3.7617283e-05]",1,White,40-59
/scratch/project_462000771/mengting/projects/bias/Proteus/prompt2/selected_faces/detected_sad/sad_person_0652_face0.png,White,White,Male,30-39,"[8.1005961e-01 1.8144613e-03 1.2764744e-01 4.5412316e-06 2.5862357e-05
 1.0608827e-02 4.9839150e-02]",[9.8610753e-01 9.4338425e-04 5.9277656e-05 1.2889909e-02],[9.9997717e-01 2.2839693e-05],"[2.64523777e-07 5.50940115e-07 1.05890416e-04 2.74318568e-02
 4.86563772e-01 4.56882387e-01 2.88393795e-02 1.74489323e-04
 1.39942529e-06]",0,White,20-39
/scratch/project_462000771/mengting/projects/bias/Proteus/prompt2/selected_faces/detected_sad/sad_person_0653_face0.png,White,White,Male,40-49,"[8.1768006e-01 2.1376803e-03 9.7006574e-02 4.0876086e-05 2.6570883e-04
 1.0350307e-02 7.2518848e-02]",[0.96846545 0.00104643 0.00108865 0.02939953],[9.9999988e-01 1.6233336e-07],"[2.3857581e-06 1.1247702e-05 8.4961811e-04 2.2738632e-02 2.8143555e-01
 5.6392533e-01 1.2802431e-01 2.9966331e-03 1.6371676e-05]",0,White,40-59
/scratch/project_462000771/mengting/projects/bias/Proteus/prompt2/selected_faces/detected_sad/sad_person_0654_face0.png,White,White,Male,40-49,"[8.7874198e-01 3.8828854e-05 5.5936117e-02 8.3278574e-05 2.7789429e-04
 5.9295287e-03 5.8992352e-02]",[9.7358453e-01 2.0286842e-04 1.1107136e-03 2.5101915e-02],[9.9985349e-01 1.4656922e-04],"[8.8635352e-06 2.1399595e-05 1.4302543e-03 3.8868550e-02 4.0205476e-01
 5.0949842e-01 4.7556903e-02 5.5178592e-04 9.0891608e-06]",0,White,40-59
/scratch/project_462000771/mengting/projects/bias/Proteus/prompt2/selected_faces/detected_sad/sad_person_0655_face0.png,Latino_Hispanic,White,Male,40-49,"[3.4733027e-01 8.0927629e-03 5.8423632e-01 4.1389212e-05 3.7499698e-04
 1.6478935e-02 4.3445438e-02]",[0.9373364  0.00581234 0.00140649 0.05544472],[9.999986e-01 1.330375e-06],"[5.7974871e-06 1.8747547e-05 1.2098148e-03 4.0698998e-02 4.1306844e-01
 4.6855322e-01 7.4812032e-02 1.6211551e-03 1.1758483e-05]",0,Others,40-59
/scratch/project_462000771/mengting/projects/bias/Proteus/prompt2/selected_faces/detected_sad/sad_person_0656_face0.png,Middle Eastern,White,Male,30-39,"[1.6928411e-01 5.2513755e-03 1.8883431e-01 7.3992805e-06 1.6074321e-04
 3.1004574e-02 6.0545748e-01]",[9.5566285e-01 5.5386000e-03 2.7474298e-04 3.8523827e-02],[1.0000000e+00 2.6798308e-08],"[4.4178892e-06 5.8104353e-05 5.8602835e-03 1.4532760e-01 6.0738111e-01
 2.3429596e-01 6.8835383e-03 1.8622745e-04 2.6983594e-06]",0,Others,20-39
/scratch/project_462000771/mengting/projects/bias/Proteus/prompt2/selected_faces/detected_sad/sad_person_0657_face0.png,White,White,Male,30-39,"[8.8449496e-01 2.0374521e-04 6.7698039e-02 2.5592086e-05 1.0649849e-04
 1.0633095e-03 4.6407811e-02]",[9.9358803e-01 7.6158211e-04 6.4594398e-04 5.0044241e-03],[9.993037e-01 6.962816e-04],"[2.3356273e-07 1.6197398e-06 5.0580455e-04 9.9464856e-02 7.3033488e-01
 1.6529544e-01 4.3394561e-03 5.6566190e-05 1.2232679e-06]",0,White,20-39
/scratch/project_462000771/mengting/projects/bias/Proteus/prompt2/selected_faces/detected_sad/sad_person_0658_face0.png,White,White,Male,30-39,"[6.2776232e-01 8.7830931e-04 1.6929542e-01 1.1539022e-04 6.1017170e-04
 7.4662790e-03 1.9387205e-01]",[9.9146640e-01 2.4932236e-04 5.2034989e-04 7.7639371e-03],[9.999912e-01 8.837311e-06],"[6.9276270e-05 1.9906531e-04 3.7000235e-03 7.9808041e-02 4.6449393e-01
 3.7478691e-01 7.4469388e-02 2.4297039e-03 4.3588570e-05]",1,White,20-39
/scratch/project_462000771/mengting/projects/bias/Proteus/prompt2/selected_faces/detected_sad/sad_person_0659_face0.png,White,White,Male,40-49,"[8.6510581e-01 4.7225758e-04 3.2377999e-02 1.3503457e-05 9.0643320e-05
 4.8519038e-03 9.7087860e-02]",[9.8498356e-01 6.5392873e-04 9.8514865e-05 1.4264013e-02],[9.9995863e-01 4.1395335e-05],"[7.4216416e-07 2.1924916e-06 2.4890358e-04 3.0039757e-02 3.1027570e-01
 5.2852249e-01 1.2646163e-01 4.1172584e-03 3.3147179e-04]",1,White,40-59
/scratch/project_462000771/mengting/projects/bias/Proteus/prompt2/selected_faces/detected_sad/sad_person_0660_face0.png,White,White,Male,40-49,"[6.82027400e-01 1.25862341e-02 1.55414954e-01 3.72994225e-04
 2.43626186e-03 2.24520843e-02 1.24710105e-01]",[0.75465864 0.04411589 0.02186017 0.17936534],[9.9996167e-01 3.8386606e-05],"[1.67683879e-06 2.60620254e-06 1.26654617e-04 4.60016355e-03
 1.01848714e-01 4.87826526e-01 3.86838049e-01 1.80176869e-02
 7.37961731e-04]",0,White,40-59
/scratch/project_462000771/mengting/projects/bias/Proteus/prompt2/selected_faces/detected_sad/sad_person_0661_face0.png,White,White,Male,40-49,"[8.4810072e-01 2.1964817e-04 6.7154288e-02 4.9941900e-05 3.2654381e-04
 5.6256908e-03 7.8523211e-02]",[9.8964161e-01 8.3629414e-04 8.7263138e-04 8.6493976e-03],[9.9999779e-01 2.2388047e-06],"[2.2510938e-05 1.9816616e-04 4.7346205e-03 2.8050695e-02 2.7658159e-01
 6.2167025e-01 6.7335322e-02 1.3824175e-03 2.4392619e-05]",1,White,40-59
/scratch/project_462000771/mengting/projects/bias/Proteus/prompt2/selected_faces/detected_sad/sad_person_0662_face0.png,White,White,Male,30-39,"[4.6770793e-01 2.1452839e-02 2.2312698e-01 4.7498521e-05 8.6866709e-04
 3.1970721e-02 2.5482532e-01]",[0.7926304  0.03010306 0.00090145 0.17636515],[9.9999994e-01 8.1792876e-08],"[1.2842527e-06 1.9158279e-05 1.1084201e-03 5.8257699e-02 4.9186537e-01
 4.2016241e-01 2.7944002e-02 6.3229166e-04 9.2966920e-06]",0,White,20-39
/scratch/project_462000771/mengting/projects/bias/Proteus/prompt2/selected_faces/detected_sad/sad_person_0663_face0.png,White,White,Male,30-39,"[9.8013389e-01 1.6381779e-05 1.2602850e-02 1.6387679e-05 5.2256055e-05
 3.9869218e-04 6.7796493e-03]",[9.98917997e-01 1.45346485e-05 3.14325443e-04 7.53103173e-04],[9.999994e-01 5.400359e-07],"[9.2120490e-07 1.6619153e-05 1.2735121e-03 3.6621656e-02 5.0581264e-01
 4.4150463e-01 1.4713795e-02 5.5694622e-05 5.2748413e-07]",1,White,20-39
/scratch/project_462000771/mengting/projects/bias/Proteus/prompt2/selected_faces/detected_sad/sad_person_0664_face0.png,White,White,Male,30-39,"[9.9551862e-01 3.6496183e-06 1.2660421e-03 9.5907990e-07 2.2786089e-06
 1.8453069e-05 3.1900338e-03]",[9.9952072e-01 8.1295468e-05 1.1689587e-04 2.8106154e-04],[0.8518743 0.1481257],"[6.2674779e-08 3.6152371e-06 2.1700140e-03 3.7945497e-01 5.6102449e-01
 5.6536686e-02 8.0161460e-04 8.2393326e-06 3.0052584e-07]",1,White,20-39
/scratch/project_462000771/mengting/projects/bias/Proteus/prompt2/selected_faces/detected_sad/sad_person_0665_face0.png,White,White,Male,40-49,"[8.7938339e-01 2.2842445e-04 2.2724779e-02 3.1330743e-05 7.4428972e-05
 1.0384612e-03 9.6519180e-02]",[9.9331778e-01 2.6887321e-04 1.3583785e-04 6.2774965e-03],[9.9991310e-01 8.6905144e-05],"[2.6563278e-06 4.5802217e-06 2.3044668e-04 2.1789240e-02 3.5849130e-01
 5.3180081e-01 8.5490689e-02 2.1259217e-03 6.4317857e-05]",0,White,40-59
/scratch/project_462000771/mengting/projects/bias/Proteus/prompt2/selected_faces/detected_sad/sad_person_0666_face0.png,White,White,Male,40-49,"[9.6808940e-01 2.1670121e-06 5.0292360e-03 1.2269621e-06 7.0128526e-06
 4.2686140e-04 2.6444100e-02]",[9.9682385e-01 9.1381917e-05 2.3632759e-04 2.8485004e-03],[9.9996608e-01 3.3906173e-05],"[1.8541593e-06 9.6301983e-06 1.3929964e-03 1.2009089e-02 1.7924611e-01
 6.8603635e-01 1.2019895e-01 1.0938877e-03 1.1057821e-05]",0,White,40-59
/scratch/project_462000771/mengting/projects/bias/Proteus/prompt2/selected_faces/detected_sad/sad_person_0667_face0.png,White,White,Male,40-49,"[6.02711678e-01 1.62668084e-03 2.92695075e-01 1.02728605e-04
 7.58170325e-04 1.81365367e-02 8.39692578e-02]",[0.9300233  0.00324909 0.00234347 0.06438421],[9.9999654e-01 3.5114356e-06],"[8.14559280e-06 3.56015225e-05 7.21037737e-04 9.54716001e-03
 2.62863398e-01 6.23432636e-01 1.02656804e-01 7.29544729e-04
 5.69326312e-06]",0,White,40-59
/scratch/project_462000771/mengting/projects/bias/Proteus/prompt2/selected_faces/detected_sad/sad_person_0669_face0.png,White,White,Male,40-49,"[9.0318215e-01 1.3447475e-05 1.5981084e-02 7.7246310e-05 2.0996737e-04
 8.0995419e-04 7.9726145e-02]",[9.9620241e-01 2.3107257e-05 8.4904494e-04 2.9254733e-03],[9.9994850e-01 5.1487972e-05],"[3.4218641e-07 8.9347913e-07 1.1304835e-04 3.4114267e-03 1.1090532e-01
 6.5096653e-01 2.2966258e-01 4.8357956e-03 1.0406263e-04]",0,White,40-59
/scratch/project_462000771/mengting/projects/bias/Proteus/prompt2/selected_faces/detected_sad/sad_person_0670_face0.png,White,White,Male,40-49,"[3.76202077e-01 3.87174846e-03 3.17232490e-01 1.08716355e-04
 8.13047867e-04 3.88898738e-02 2.62881935e-01]",[9.4467014e-01 8.3757896e-04 5.3394237e-04 5.3958263e-02],[9.99986470e-01 1.34715865e-05],"[8.8743018e-06 2.7199605e-05 6.7122356e-04 3.0054469e-02 3.9303151e-01
 4.8237190e-01 9.1554463e-02 2.2384259e-03 4.1924392e-05]",0,White,40-59
/scratch/project_462000771/mengting/projects/bias/Proteus/prompt2/selected_faces/detected_sad/sad_person_0671_face0.png,White,White,Male,30-39,"[6.2437129e-01 3.6798531e-04 2.6570243e-01 1.2443608e-04 5.2247348e-04
 3.0786315e-02 7.8125007e-02]",[0.864038   0.00200671 0.0009492  0.13300605],[9.9994719e-01 5.2748463e-05],"[1.2931395e-05 1.2384866e-04 4.1952753e-03 1.1475342e-01 6.7128956e-01
 2.0370756e-01 5.8218460e-03 9.3967523e-05 1.7196667e-06]",0,White,20-39
/scratch/project_462000771/mengting/projects/bias/Proteus/prompt2/selected_faces/detected_sad/sad_person_0672_face0.png,Middle Eastern,White,Male,30-39,"[3.9483562e-01 2.9210278e-04 1.2259044e-01 1.5328356e-05 9.2099472e-05
 6.7557585e-03 4.7541866e-01]",[9.9301291e-01 2.8669686e-04 7.5292010e-05 6.6251280e-03],[9.999961e-01 3.851743e-06],"[7.1490967e-06 4.0222189e-05 1.2301024e-03 6.8635367e-02 6.1058062e-01
 3.0365270e-01 1.5718490e-02 1.3342300e-04 1.9473248e-06]",1,White,20-39
/scratch/project_462000771/mengting/projects/bias/Proteus/prompt2/selected_faces/detected_sad/sad_person_0673_face0.png,White,White,Male,40-49,"[8.49432707e-01 5.96387399e-05 1.05281785e-01 1.55390662e-04
 4.94900916e-04 7.27792736e-03 3.72975618e-02]",[9.7876912e-01 1.0813487e-04 6.7980733e-04 2.0442836e-02],[9.9962485e-01 3.7512791e-04],"[4.0809214e-06 2.0884285e-05 9.0102223e-04 4.1383468e-02 4.1757643e-01
 5.0468707e-01 3.5083804e-02 3.3693222e-04 6.2837935e-06]",0,White,40-59
/scratch/project_462000771/mengting/projects/bias/Proteus/prompt2/selected_faces/detected_sad/sad_person_0674_face0.png,White,White,Male,30-39,"[9.5425969e-01 6.5587257e-05 3.5945032e-02 2.8208933e-05 1.6049435e-04
 1.4326586e-03 8.1083337e-03]",[9.9606866e-01 3.6568483e-05 1.7855965e-04 3.7162111e-03],[9.9998951e-01 1.0491944e-05],"[8.21398589e-06 1.12064576e-04 6.71085995e-03 1.10462680e-01
 5.86783528e-01 2.75921047e-01 1.97312087e-02 2.67335650e-04
 3.18465186e-06]",0,White,20-39
/scratch/project_462000771/mengting/projects/bias/Proteus/prompt2/selected_faces/detected_sad/sad_person_0675_face0.png,White,White,Male,30-39,"[9.1211963e-01 6.2852305e-05 3.1198224e-02 5.4250580e-05 1.6721262e-04
 2.8025603e-03 5.3595223e-02]",[9.8436064e-01 2.3474406e-04 3.8458518e-04 1.5020070e-02],[9.9999893e-01 1.0879087e-06],"[5.1728871e-06 4.5044002e-05 1.0720562e-03 4.8904520e-02 5.7198912e-01
 3.6333308e-01 1.4568771e-02 8.1286846e-05 9.2335785e-07]",1,White,20-39
/scratch/project_462000771/mengting/projects/bias/Proteus/prompt2/selected_faces/detected_sad/sad_person_0676_face0.png,Middle Eastern,White,Male,40-49,"[2.4899243e-01 8.5730903e-04 7.0521384e-02 7.1907525e-06 1.1650870e-04
 2.5492266e-02 6.5401292e-01]",[0.8894434  0.00420157 0.00182777 0.10452731],[9.9999958e-01 4.2385244e-07],"[1.7087302e-06 8.5242164e-06 1.2517821e-03 3.0552961e-02 3.7295023e-01
 5.5221975e-01 4.1937947e-02 1.0656785e-03 1.1393420e-05]",1,White,40-59
/scratch/project_462000771/mengting/projects/bias/Proteus/prompt2/selected_faces/detected_sad/sad_person_0677_face0.png,White,White,Male,40-49,"[7.5123149e-01 8.1090016e-05 9.8421291e-02 9.6476899e-05 8.2271814e-04
 5.5493503e-03 1.4379765e-01]",[9.9493557e-01 3.5723100e-05 3.1159172e-04 4.7170864e-03],[9.9999511e-01 4.8988286e-06],"[2.9009232e-06 9.1411675e-06 2.4631209e-04 2.2551743e-03 9.1549821e-02
 6.9221973e-01 2.1113119e-01 2.5562844e-03 2.9453266e-05]",0,White,40-59
/scratch/project_462000771/mengting/projects/bias/Proteus/prompt2/selected_faces/detected_sad/sad_person_0678_face0.png,White,White,Male,40-49,"[8.1319374e-01 2.1896060e-04 1.2231918e-01 2.9986183e-04 1.3487525e-03
 1.2893984e-02 4.9725544e-02]",[0.97649604 0.00102699 0.00409854 0.0183784 ],[9.9998504e-01 1.4966744e-05],"[2.0350253e-06 6.3410480e-06 4.8168833e-04 3.1793479e-02 4.0373021e-01
 5.3092647e-01 3.2695618e-02 3.5808323e-04 6.1437622e-06]",0,White,40-59
/scratch/project_462000771/mengting/projects/bias/Proteus/prompt2/selected_faces/detected_sad/sad_person_0679_face0.png,White,White,Male,30-39,"[9.5576704e-01 6.2476497e-06 2.9199494e-02 4.2845626e-05 2.2293838e-04
 9.4078004e-04 1.3820721e-02]",[9.9174803e-01 1.3191781e-05 1.3683548e-03 6.8703662e-03],[9.991519e-01 8.480848e-04],"[2.29881380e-07 6.12478789e-06 2.56898231e-03 1.18371345e-01
 6.42032623e-01 2.31240109e-01 5.73353376e-03 4.60479569e-05
 1.02916863e-06]",0,White,20-39
/scratch/project_462000771/mengting/projects/bias/Proteus/prompt2/selected_faces/detected_sad/sad_person_0680_face0.png,White,White,Male,40-49,"[7.2310370e-01 8.9458207e-04 8.9250594e-02 3.7681518e-04 1.7951401e-03
 1.0989415e-02 1.7358965e-01]",[9.892133e-01 8.037816e-04 8.917985e-04 9.091103e-03],[9.9985462e-01 1.4538817e-04],"[2.18940318e-06 4.21653203e-06 1.72420274e-04 4.78662644e-03
 1.16929345e-01 5.64503074e-01 2.95882761e-01 1.66920908e-02
 1.02731679e-03]",0,White,40-59
/scratch/project_462000771/mengting/projects/bias/Proteus/prompt2/selected_faces/detected_sad/sad_person_0681_face0.png,White,White,Male,30-39,"[8.1448162e-01 2.1839719e-03 1.2051932e-01 2.2292659e-05 8.6402353e-05
 3.2833191e-03 5.9423126e-02]",[0.8727745  0.03448454 0.00173251 0.09100845],[0.9986339  0.00136609],"[1.5185369e-06 2.7278395e-05 4.0181237e-03 2.0360644e-01 6.4633316e-01
 1.3948089e-01 6.4373999e-03 9.3081915e-05 2.1311955e-06]",0,White,20-39
/scratch/project_462000771/mengting/projects/bias/Proteus/prompt2/selected_faces/detected_sad/sad_person_0682_face0.png,White,White,Male,30-39,"[8.1396598e-01 9.3442603e-04 9.3329661e-02 2.9875457e-04 7.9317606e-04
 6.7416155e-03 8.3936334e-02]",[9.8607343e-01 5.3803151e-04 1.0244504e-03 1.2364078e-02],[9.9996293e-01 3.7073874e-05],"[1.4496514e-06 1.7210754e-05 2.1028514e-03 1.7533222e-01 6.4440650e-01
 1.7223999e-01 5.8270907e-03 7.0621179e-05 2.0178695e-06]",0,White,20-39
/scratch/project_462000771/mengting/projects/bias/Proteus/prompt2/selected_faces/detected_sad/sad_person_0683_face0.png,White,White,Male,40-49,"[5.3410769e-01 6.6426408e-04 1.7814361e-01 4.4219389e-05 6.8263110e-04
 6.4283118e-02 2.2207452e-01]",[9.6304530e-01 1.8298076e-04 1.4139705e-04 3.6630355e-02],[9.999990e-01 9.986175e-07],"[2.0595080e-05 5.8814559e-05 1.0762856e-03 2.2692531e-03 5.8758635e-02
 4.7485495e-01 4.4680098e-01 1.5896043e-02 2.6452111e-04]",0,White,40-59
/scratch/project_462000771/mengting/projects/bias/Proteus/prompt2/selected_faces/detected_sad/sad_person_0684_face0.png,White,White,Male,30-39,"[8.1142145e-01 7.3216805e-05 1.8243873e-02 9.1557567e-06 8.5243038e-05
 3.5180049e-03 1.6664906e-01]",[9.7677892e-01 8.4095437e-04 4.6883180e-04 2.1911304e-02],[9.9999976e-01 2.2817564e-07],"[7.1372830e-07 2.3706431e-05 9.0201963e-03 4.5533049e-01 4.6512789e-01
 6.9516316e-02 9.5672451e-04 2.3675722e-05 2.9674209e-07]",1,White,20-39
/scratch/project_462000771/mengting/projects/bias/Proteus/prompt2/selected_faces/detected_sad/sad_person_0685_face0.png,White,White,Male,40-49,"[5.34338176e-01 3.34956276e-04 4.61393259e-02 1.44755586e-05
 1.09824105e-04 2.86899460e-03 4.16194201e-01]",[9.6009618e-01 6.4878387e-04 3.1166805e-03 3.6138356e-02],[9.9999869e-01 1.2926536e-06],"[3.2922808e-06 1.4801813e-05 5.2975141e-04 2.0752681e-02 4.5694470e-01
 4.8564595e-01 3.5847325e-02 2.5987256e-04 1.7209279e-06]",0,White,40-59
/scratch/project_462000771/mengting/projects/bias/Proteus/prompt2/selected_faces/detected_sad/sad_person_0686_face0.png,Latino_Hispanic,White,Male,30-39,"[2.4702087e-01 1.5017795e-03 4.8649588e-01 2.8295547e-04 1.3410744e-03
 1.4200433e-02 2.4915697e-01]",[9.8882979e-01 9.0522284e-05 2.6734348e-04 1.0812357e-02],[9.9999720e-01 2.7875408e-06],"[1.5257797e-06 1.2287241e-05 1.2636123e-03 6.7647509e-02 7.0571524e-01
 2.1866949e-01 6.6401544e-03 4.9793140e-05 3.8856675e-07]",0,Others,20-39
/scratch/project_462000771/mengting/projects/bias/Proteus/prompt2/selected_faces/detected_sad/sad_person_0687_face0.png,White,White,Male,30-39,"[8.3046943e-01 1.8947276e-04 9.5183358e-02 3.7786769e-05 2.1661150e-04
 3.5190885e-03 7.0384145e-02]",[9.6557051e-01 5.7822769e-04 6.0063181e-04 3.3250682e-02],[9.9998814e-01 1.1827184e-05],"[2.0763557e-06 4.8974012e-05 7.4948706e-03 3.3887258e-01 5.7208520e-01
 7.9577558e-02 1.8951629e-03 2.3105353e-05 4.8306259e-07]",0,White,20-39
/scratch/project_462000771/mengting/projects/bias/Proteus/prompt2/selected_faces/detected_sad/sad_person_0688_face0.png,White,White,Male,40-49,"[8.0425483e-01 5.9717265e-04 9.5643029e-02 2.5310414e-04 7.7963574e-04
 8.6520156e-03 8.9820161e-02]",[9.7893333e-01 3.8932482e-04 2.1842963e-03 1.8492986e-02],[9.999564e-01 4.359762e-05],"[1.8598730e-05 5.8650669e-05 1.6628457e-03 3.5961267e-02 3.7437832e-01
 5.1532704e-01 7.0888996e-02 1.6724006e-03 3.1948555e-05]",0,White,40-59
/scratch/project_462000771/mengting/projects/bias/Proteus/prompt2/selected_faces/detected_sad/sad_person_0689_face0.png,White,White,Male,30-39,"[6.4134622e-01 2.2332510e-03 2.8312483e-01 4.5240679e-04 1.1333500e-03
 7.0998962e-03 6.4610012e-02]",[0.82261956 0.07022461 0.03664952 0.07050628],[0.57568276 0.4243172 ],"[1.9461638e-07 3.1197205e-06 1.7527648e-03 1.3274346e-01 6.1735260e-01
 2.2954275e-01 1.8099010e-02 4.9299852e-04 1.3116413e-05]",0,White,20-39
/scratch/project_462000771/mengting/projects/bias/Proteus/prompt2/selected_faces/detected_sad/sad_person_0690_face0.png,White,White,Male,30-39,"[9.2013156e-01 2.4249510e-05 5.6098007e-02 4.3413042e-05 1.2304779e-04
 2.0429441e-03 2.1536609e-02]",[9.6910208e-01 5.2894780e-04 5.2964623e-04 2.9839328e-02],[9.9998647e-01 1.3571070e-05],"[6.3254802e-06 5.4044671e-05 2.2281657e-03 3.3396933e-02 4.7448722e-01
 4.6822146e-01 2.1453634e-02 1.5092906e-04 1.2351844e-06]",1,White,20-39
/scratch/project_462000771/mengting/projects/bias/Proteus/prompt2/selected_faces/detected_sad/sad_person_0691_face0.png,White,White,Male,30-39,"[7.8590572e-01 1.1218104e-03 1.6695012e-01 1.1415802e-04 8.6071738e-04
 1.2031646e-02 3.3015739e-02]",[9.7852713e-01 5.9782260e-04 6.0236081e-04 2.0272715e-02],[9.9999905e-01 9.3700640e-07],"[7.5818974e-07 9.0574968e-06 1.1638281e-03 5.1790588e-02 5.3132087e-01
 3.8585147e-01 2.9558279e-02 3.0227355e-04 2.9543148e-06]",1,White,20-39
/scratch/project_462000771/mengting/projects/bias/Proteus/prompt2/selected_faces/detected_sad/sad_person_0692_face0.png,White,White,Male,30-39,"[9.3280667e-01 5.6351058e-05 3.8729995e-02 5.5827521e-05 2.0448741e-04
 1.4267679e-03 2.6719881e-02]",[9.3658203e-01 8.5372635e-04 2.1014330e-03 6.0462821e-02],[9.9977404e-01 2.2597198e-04],"[1.6216153e-07 4.2554811e-06 3.5074104e-03 2.1963285e-01 6.2603092e-01
 1.4734015e-01 3.4509543e-03 3.2750348e-05 5.4370406e-07]",0,White,20-39
/scratch/project_462000771/mengting/projects/bias/Proteus/prompt2/selected_faces/detected_sad/sad_person_0693_face0.png,White,White,Male,30-39,"[4.7607511e-01 2.7766987e-04 6.9878243e-02 2.9866340e-05 2.5130095e-04
 2.5835102e-03 4.5090425e-01]",[0.9051242  0.01097182 0.00434853 0.07955541],[9.9999875e-01 1.2402654e-06],"[4.0148424e-07 1.3705501e-06 2.9419878e-04 3.1194136e-02 5.5023676e-01
 3.9683634e-01 2.1254385e-02 1.8077208e-04 1.6692620e-06]",1,White,20-39
/scratch/project_462000771/mengting/projects/bias/Proteus/prompt2/selected_faces/detected_sad/sad_person_0694_face0.png,White,White,Male,40-49,"[5.0397003e-01 4.3896274e-04 1.0367141e-01 3.0344198e-05 2.3025798e-04
 4.2336537e-03 3.8742542e-01]",[9.6648806e-01 5.7059457e-04 3.1172388e-04 3.2629654e-02],[9.9999666e-01 3.3460037e-06],"[9.7085303e-06 5.2465923e-05 1.9233449e-03 3.3655260e-02 4.1445619e-01
 5.0990528e-01 3.9304025e-02 6.8584346e-04 7.8686435e-06]",0,White,40-59
/scratch/project_462000771/mengting/projects/bias/Proteus/prompt2/selected_faces/detected_sad/sad_person_0695_face0.png,White,White,Male,30-39,"[8.4663051e-01 3.0473870e-04 1.3702242e-01 1.1213400e-04 4.8101810e-04
 5.5757607e-03 9.8733352e-03]",[0.9792269  0.00342441 0.00209766 0.01525096],[9.9999911e-01 8.9966954e-07],"[1.2775461e-06 1.3305984e-05 1.9967800e-03 9.8495014e-02 6.3156635e-01
 2.5708896e-01 1.0794774e-02 4.3140280e-05 3.5922537e-07]",0,White,20-39
/scratch/project_462000771/mengting/projects/bias/Proteus/prompt2/selected_faces/detected_sad/sad_person_0696_face0.png,White,White,Male,30-39,"[8.2154638e-01 9.5197443e-05 1.2352141e-01 2.2426678e-04 3.7188845e-04
 4.2694849e-03 4.9971413e-02]",[9.6293777e-01 2.3909182e-04 6.6891534e-04 3.6154255e-02],[9.999921e-01 7.929586e-06],"[7.2180700e-07 3.0461338e-06 6.0369371e-04 5.1374398e-02 6.0787964e-01
 3.2733566e-01 1.2718567e-02 8.3643754e-05 6.8321322e-07]",1,White,20-39
/scratch/project_462000771/mengting/projects/bias/Proteus/prompt2/selected_faces/detected_sad/sad_person_0697_face0.png,White,White,Male,40-49,"[6.0319996e-01 1.3782009e-03 3.6676645e-01 1.3327810e-04 6.9814629e-04
 1.0206521e-02 1.7617401e-02]",[0.91187185 0.00131909 0.00092061 0.08588844],[9.9999636e-01 3.5887981e-06],"[4.1258727e-06 1.3153469e-05 8.8241638e-04 1.5999891e-02 3.0347177e-01
 5.5600917e-01 1.2239507e-01 1.2181151e-03 6.3151228e-06]",0,White,40-59
/scratch/project_462000771/mengting/projects/bias/Proteus/prompt2/selected_faces/detected_sad/sad_person_0698_face0.png,White,White,Male,30-39,"[7.3673785e-01 4.8430632e-03 1.3085070e-01 2.6107416e-05 1.9137637e-04
 3.3348305e-03 1.2401600e-01]",[0.931911   0.01066376 0.00107936 0.05634593],[9.9999982e-01 1.6183054e-07],"[3.6890476e-06 3.8552018e-05 3.6424149e-03 1.5560351e-01 5.8723247e-01
 2.3903996e-01 1.4211927e-02 2.2514263e-04 2.2237673e-06]",1,White,20-39
/scratch/project_462000771/mengting/projects/bias/Proteus/prompt2/selected_faces/detected_sad/sad_person_0699_face0.png,White,White,Female,30-39,"[7.1892589e-01 9.6899393e-04 2.1428750e-01 7.6766162e-05 5.6915032e-04
 4.6372074e-03 6.0534358e-02]",[0.8271813  0.02500056 0.04704557 0.1007726 ],[0.20603682 0.7939632 ],"[4.2092819e-07 2.8766076e-06 7.8207487e-04 8.1051379e-02 6.7366135e-01
 2.2267684e-01 2.1170288e-02 6.3452986e-04 2.0225656e-05]",0,White,20-39
/scratch/project_462000771/mengting/projects/bias/Proteus/prompt2/selected_faces/detected_sad/sad_person_0700_face0.png,Latino_Hispanic,White,Male,40-49,"[0.38071048 0.00862592 0.47475353 0.00103611 0.00794595 0.06771059
 0.05921738]",[0.8296441  0.00569831 0.00372216 0.16093543],[9.9999136e-01 8.6642440e-06],"[2.0765594e-05 8.7361448e-05 2.8070924e-03 3.4112334e-02 1.8112043e-01
 4.5086592e-01 3.1331620e-01 1.7257981e-02 4.1192747e-04]",0,Others,40-59
/scratch/project_462000771/mengting/projects/bias/Proteus/prompt2/selected_faces/detected_sad/sad_person_0701_face0.png,Latino_Hispanic,White,Male,30-39,"[3.0471876e-01 2.4015473e-03 4.4216695e-01 2.0756874e-04 2.0104083e-03
 6.9143079e-02 1.7935164e-01]",[0.72532827 0.00171738 0.00295531 0.26999903],[9.9999994e-01 7.5468932e-08],"[3.0753272e-05 8.7666750e-04 1.9481642e-02 9.0103209e-02 5.9008884e-01
 2.8698635e-01 1.2286902e-02 1.4459815e-04 1.0026787e-06]",0,Others,20-39
/scratch/project_462000771/mengting/projects/bias/Proteus/prompt2/selected_faces/detected_sad/sad_person_0702_face0.png,White,White,Male,40-49,"[4.3458387e-01 9.3728350e-03 1.2778132e-01 7.0220012e-05 7.6175790e-04
 3.7223868e-02 3.9020613e-01]",[9.6457034e-01 2.1723004e-03 8.9909876e-04 3.2358211e-02],[9.9999589e-01 4.0685104e-06],"[2.5269208e-06 6.5474178e-06 1.3404002e-04 6.6331453e-03 2.0938265e-01
 6.4798743e-01 1.3190855e-01 3.7807755e-03 1.6438056e-04]",0,White,40-59
/scratch/project_462000771/mengting/projects/bias/Proteus/prompt2/selected_faces/detected_sad/sad_person_0703_face0.png,White,White,Male,30-39,"[9.0566057e-01 1.4765750e-04 3.6184371e-02 5.4388234e-05 3.9588709e-04
 4.2640781e-03 5.3293131e-02]",[9.7461700e-01 2.9553112e-04 3.1700070e-04 2.4770452e-02],[9.9999845e-01 1.5372304e-06],"[4.1817166e-06 3.6760121e-05 1.8511271e-03 6.7866325e-02 4.9705106e-01
 4.1393560e-01 1.8768856e-02 4.7544128e-04 1.0690973e-05]",1,White,20-39
/scratch/project_462000771/mengting/projects/bias/Proteus/prompt2/selected_faces/detected_sad/sad_person_0704_face0.png,White,White,Male,30-39,"[6.0004359e-01 4.0637574e-04 1.4411733e-01 7.1481023e-05 4.4096701e-04
 1.1873210e-02 2.4304701e-01]",[0.7969476  0.01159012 0.00156274 0.18989949],[9.9999988e-01 1.5450787e-07],"[4.4042336e-06 5.7117319e-05 3.0420639e-03 1.1181034e-01 6.6250235e-01
 2.1729803e-01 5.2347020e-03 5.0437251e-05 4.8405860e-07]",0,White,20-39
/scratch/project_462000771/mengting/projects/bias/Proteus/prompt2/selected_faces/detected_sad/sad_person_0705_face0.png,White,White,Male,30-39,"[7.6798689e-01 2.8164405e-04 9.6238136e-02 2.7828757e-05 1.1167505e-04
 6.0944571e-03 1.2925936e-01]",[9.7289759e-01 4.8552267e-04 1.9634976e-04 2.6420644e-02],[9.9997079e-01 2.9219316e-05],"[1.2384925e-06 1.1647472e-05 8.7202812e-04 8.4739998e-02 6.6370386e-01
 2.4310577e-01 7.4991244e-03 6.5506734e-05 8.8292973e-07]",1,White,20-39
/scratch/project_462000771/mengting/projects/bias/Proteus/prompt2/selected_faces/detected_sad/sad_person_0706_face0.png,White,White,Male,30-39,"[9.6494359e-01 7.3590040e-06 1.6172433e-02 2.0529944e-05 5.9211725e-05
 6.9446134e-04 1.8102366e-02]",[9.8937857e-01 6.4625597e-04 2.5779691e-03 7.3971110e-03],[9.9931169e-01 6.8828673e-04],"[3.54613888e-07 5.00826445e-06 1.46268122e-03 1.61485016e-01
 6.83551848e-01 1.51070908e-01 2.40888610e-03 1.50245005e-05
 2.98152401e-07]",0,White,20-39
/scratch/project_462000771/mengting/projects/bias/Proteus/prompt2/selected_faces/detected_sad/sad_person_0707_face0.png,White,White,Male,40-49,"[5.9611821e-01 4.0648581e-04 3.3187455e-01 1.8273633e-04 1.3656853e-03
 4.7186539e-02 2.2865646e-02]",[9.5685613e-01 1.1586331e-04 6.7174522e-04 4.2356331e-02],[9.9999726e-01 2.7346689e-06],"[9.02268312e-06 1.08415195e-04 3.13950563e-03 1.94064695e-02
 3.45421016e-01 5.86110890e-01 4.54869196e-02 3.15657177e-04
 2.09320933e-06]",0,White,40-59
/scratch/project_462000771/mengting/projects/bias/Proteus/prompt2/selected_faces/detected_sad/sad_person_0708_face0.png,White,White,Male,30-39,"[6.2907135e-01 5.4910698e-04 7.0806965e-02 4.9522583e-05 5.2125362e-04
 1.5344342e-02 2.8365746e-01]",[9.8708475e-01 5.7425903e-04 7.7085424e-04 1.1570085e-02],[9.9999952e-01 4.2853878e-07],"[3.3687663e-06 5.2488722e-05 3.4558144e-03 8.8169135e-02 5.4582715e-01
 3.4859264e-01 1.3601702e-02 2.9118315e-04 6.5010572e-06]",0,White,20-39
/scratch/project_462000771/mengting/projects/bias/Proteus/prompt2/selected_faces/detected_sad/sad_person_0709_face0.png,Middle Eastern,White,Male,30-39,"[2.8355986e-01 5.0577428e-04 1.2092183e-01 3.8679871e-05 1.4332008e-04
 5.1518907e-03 5.8967870e-01]",[0.9180009  0.0134586  0.00105955 0.06748094],[0.99281317 0.0071868 ],"[1.5820697e-05 9.1428090e-05 3.7825590e-03 9.7968392e-02 6.1343020e-01
 2.5897771e-01 2.4771644e-02 9.2992088e-04 3.2342341e-05]",1,White,20-39
/scratch/project_462000771/mengting/projects/bias/Proteus/prompt2/selected_faces/detected_sad/sad_person_0710_face0.png,White,White,Male,40-49,"[9.0841001e-01 2.5322725e-04 4.9775306e-02 1.1017376e-04 2.0533823e-04
 2.0177807e-03 3.9228112e-02]",[9.9740171e-01 6.2546627e-05 4.4033528e-04 2.0954025e-03],[9.994999e-01 5.001327e-04],"[1.7955837e-05 2.3202310e-05 4.5323136e-04 6.9265752e-03 1.2683211e-01
 5.5062705e-01 3.0307132e-01 1.1813119e-02 2.3542604e-04]",0,White,40-59
/scratch/project_462000771/mengting/projects/bias/Proteus/prompt2/selected_faces/detected_sad/sad_person_0711_face0.png,Middle Eastern,White,Male,30-39,"[2.7754611e-01 3.5764213e-04 8.9355923e-02 1.0759363e-04 2.8799032e-04
 5.3706695e-03 6.2697405e-01]",[9.4984657e-01 1.4066702e-03 5.8904896e-04 4.8157744e-02],[9.9999523e-01 4.7689332e-06],"[1.1136187e-05 2.7463135e-05 8.8671199e-04 6.5965317e-02 5.9608275e-01
 3.1820613e-01 1.8538991e-02 2.7733238e-04 4.2163115e-06]",1,White,20-39
/scratch/project_462000771/mengting/projects/bias/Proteus/prompt2/selected_faces/detected_sad/sad_person_0712_face0.png,White,White,Male,40-49,"[9.4335550e-01 1.7324592e-04 2.3079403e-02 3.4771351e-06 4.4189994e-05
 3.6796180e-03 2.9664541e-02]",[9.9163067e-01 3.2696090e-04 4.9507595e-05 7.9928329e-03],[9.9999994e-01 8.4554657e-08],"[1.1805849e-06 1.2942772e-05 1.1687288e-03 2.9898152e-02 2.9127526e-01
 6.0056394e-01 7.5942688e-02 1.1269358e-03 1.0170997e-05]",0,White,40-59
/scratch/project_462000771/mengting/projects/bias/Proteus/prompt2/selected_faces/detected_sad/sad_person_0713_face0.png,White,White,Male,40-49,"[9.2553490e-01 1.8072549e-04 1.4761338e-02 3.5128185e-05 1.3578091e-04
 1.6021734e-03 5.7749845e-02]",[0.95015    0.00096043 0.00312432 0.04576534],[9.9999553e-01 4.4732155e-06],"[3.44048402e-07 1.38765927e-06 1.47677827e-04 1.44687062e-02
 3.05177182e-01 5.73913217e-01 1.04540065e-01 1.71540142e-03
 3.60321574e-05]",0,White,40-59
/scratch/project_462000771/mengting/projects/bias/Proteus/prompt2/selected_faces/detected_sad/sad_person_0714_face0.png,White,Indian,Male,40-49,"[5.6420076e-01 1.2539354e-03 1.2932281e-01 7.6958073e-05 4.6860933e-04
 1.7973650e-02 2.8670335e-01]",[0.46287    0.00153713 0.00392117 0.5316717 ],[9.999905e-01 9.507548e-06],"[1.0893564e-05 2.0240792e-05 3.5562235e-04 1.8668434e-02 3.7099659e-01
 5.3468132e-01 7.3559575e-02 1.6584292e-03 4.8922051e-05]",0,White,40-59
/scratch/project_462000771/mengting/projects/bias/Proteus/prompt2/selected_faces/detected_sad/sad_person_0715_face0.png,White,White,Male,40-49,"[8.7318844e-01 3.0875040e-04 4.3817360e-02 4.2576885e-05 3.8886830e-04
 7.3506213e-03 7.4903414e-02]",[0.9666493  0.00191722 0.0035786  0.02785485],[9.997459e-01 2.541002e-04],"[1.4735608e-07 3.5547495e-07 7.7456098e-05 8.3916681e-03 1.9990742e-01
 5.5169642e-01 2.3385708e-01 5.9224255e-03 1.4709635e-04]",0,White,40-59
/scratch/project_462000771/mengting/projects/bias/Proteus/prompt2/selected_faces/detected_sad/sad_person_0716_face0.png,White,White,Male,30-39,"[7.1382964e-01 1.8980220e-04 1.4441450e-01 1.1522909e-05 1.3981243e-04
 1.7754951e-02 1.2365978e-01]",[8.8879496e-01 5.3895731e-04 8.0528267e-04 1.0986078e-01],[9.9999952e-01 4.9322506e-07],"[5.9135791e-06 5.0931980e-05 3.8113792e-03 8.3246633e-02 5.4025781e-01
 3.5603726e-01 1.6425598e-02 1.6273894e-04 1.8009548e-06]",0,White,20-39
/scratch/project_462000771/mengting/projects/bias/Proteus/prompt2/selected_faces/detected_sad/sad_person_0717_face0.png,White,White,Male,30-39,"[8.8718718e-01 5.2463925e-05 4.7502439e-02 1.1961568e-05 5.5877659e-05
 2.7591505e-03 6.2430885e-02]",[9.9383944e-01 2.1645713e-04 5.7468595e-05 5.8866930e-03],[9.9997842e-01 2.1595648e-05],"[9.9998363e-07 1.2802987e-05 1.3045913e-03 1.4466169e-01 7.2651011e-01
 1.2512241e-01 2.3714211e-03 1.5796513e-05 2.4354142e-07]",1,White,20-39
/scratch/project_462000771/mengting/projects/bias/Proteus/prompt2/selected_faces/detected_sad/sad_person_0718_face0.png,White,White,Male,30-39,"[6.8301094e-01 1.3385616e-04 2.0227803e-01 1.4128756e-04 3.1553465e-04
 9.9248691e-03 1.0419544e-01]",[9.5144016e-01 3.3054812e-04 2.1660230e-03 4.6063315e-02],[9.9998164e-01 1.8328448e-05],"[2.6038740e-06 1.4684793e-05 8.5125829e-04 7.3850758e-02 6.7389870e-01
 2.4505359e-01 6.3016876e-03 2.6486172e-05 2.8715434e-07]",1,White,20-39
/scratch/project_462000771/mengting/projects/bias/Proteus/prompt2/selected_faces/detected_sad/sad_person_0719_face0.png,White,White,Male,30-39,"[9.4372308e-01 3.3896533e-05 2.3944778e-02 9.9277522e-06 6.1546300e-05
 4.2042457e-03 2.8022496e-02]",[9.7257835e-01 2.0833111e-04 3.6810682e-04 2.6845261e-02],[9.999949e-01 5.103091e-06],"[6.1423025e-06 8.5600092e-05 7.9562487e-03 2.5657138e-01 5.9777403e-01
 1.3497068e-01 2.6036527e-03 3.1705760e-05 5.8284712e-07]",0,White,20-39
/scratch/project_462000771/mengting/projects/bias/Proteus/prompt2/selected_faces/detected_sad/sad_person_0720_face0.png,White,White,Male,40-49,"[6.8879437e-01 4.1100083e-04 1.9653691e-01 1.2593417e-04 5.4753199e-04
 1.8009802e-02 9.5574468e-02]",[9.5333201e-01 1.0542282e-03 7.6184742e-04 4.4851866e-02],[9.9996185e-01 3.8157868e-05],"[5.6116128e-06 1.6228738e-05 4.2979594e-04 1.2831168e-02 3.1140918e-01
 5.8640414e-01 8.8124700e-02 7.6837890e-04 1.0742373e-05]",0,White,40-59
/scratch/project_462000771/mengting/projects/bias/Proteus/prompt2/selected_faces/detected_sad/sad_person_0721_face0.png,White,White,Male,30-39,"[8.9373749e-01 2.2693594e-05 5.7588317e-02 4.5013370e-05 5.0363276e-04
 8.0564087e-03 4.0046439e-02]",[9.9418056e-01 7.2890070e-05 3.4579093e-04 5.4007545e-03],[9.999993e-01 7.241075e-07],"[7.58673195e-07 3.13961355e-05 5.06057823e-03 1.20883204e-01
 6.52993798e-01 2.18291968e-01 2.72116112e-03 1.68935730e-05
 2.34837799e-07]",0,White,20-39
/scratch/project_462000771/mengting/projects/bias/Proteus/prompt2/selected_faces/detected_sad/sad_person_0722_face0.png,White,White,Male,40-49,"[6.1592287e-01 5.7241495e-04 7.0290282e-02 7.7593750e-06 7.3567389e-05
 1.7654723e-02 2.9547834e-01]",[9.8241663e-01 1.8566854e-04 3.9876354e-04 1.6998926e-02],[9.9999601e-01 3.9968813e-06],"[1.8301333e-05 6.1091341e-05 9.9414040e-04 1.5311694e-02 2.4480410e-01
 6.3271946e-01 1.0392656e-01 2.0927517e-03 7.1897361e-05]",0,White,40-59
/scratch/project_462000771/mengting/projects/bias/Proteus/prompt2/selected_faces/detected_sad/sad_person_0723_face0.png,White,White,Male,40-49,"[8.2373112e-01 3.1084867e-04 7.8659400e-02 2.2828832e-05 1.3707929e-04
 1.4821602e-02 8.2317002e-02]",[9.7171074e-01 2.2698827e-03 2.0207003e-04 2.5817374e-02],[9.9999708e-01 2.9788696e-06],"[1.2016257e-06 6.6854777e-06 4.5446088e-04 3.2222018e-02 4.5451412e-01
 4.7724020e-01 3.5300110e-02 2.5591688e-04 5.3141271e-06]",1,White,40-59
/scratch/project_462000771/mengting/projects/bias/Proteus/prompt2/selected_faces/detected_sad/sad_person_0724_face0.png,White,White,Male,40-49,"[7.3621792e-01 3.5088973e-03 2.0685500e-01 6.1974343e-04 6.8868110e-03
 1.2936354e-02 3.2975361e-02]",[9.6853477e-01 3.5240321e-04 6.6828928e-03 2.4429971e-02],[9.9999326e-01 6.6936632e-06],"[3.33164212e-06 2.23040042e-05 5.62269590e-04 1.69162974e-02
 2.65473753e-01 6.02899611e-01 1.09903611e-01 4.09887126e-03
 1.19942306e-04]",0,White,40-59
/scratch/project_462000771/mengting/projects/bias/Proteus/prompt2/selected_faces/detected_sad/sad_person_0725_face0.png,White,White,Male,30-39,"[8.38115394e-01 2.47109769e-04 1.24888316e-01 7.09556625e-05
 1.92548381e-04 3.00550368e-03 3.34801488e-02]",[9.5609504e-01 7.3820079e-04 1.8259359e-03 4.1340780e-02],[0.9981117  0.00188828],"[1.4033360e-07 2.9726421e-06 2.8801498e-03 4.0923879e-01 5.4505080e-01
 4.2050425e-02 7.6476228e-04 1.1775116e-05 2.7061103e-07]",0,White,20-39
/scratch/project_462000771/mengting/projects/bias/Proteus/prompt2/selected_faces/detected_sad/sad_person_0726_face0.png,White,White,Male,40-49,"[9.6366620e-01 1.6270160e-04 1.2508406e-02 1.7738990e-05 8.1631246e-05
 1.1531635e-03 2.2410072e-02]",[9.9468321e-01 6.9262722e-04 1.8315266e-04 4.4409763e-03],[9.9999416e-01 5.8214264e-06],"[5.8327823e-06 3.6963327e-05 1.0340713e-03 2.3122750e-02 2.5387183e-01
 5.7676494e-01 1.4213647e-01 2.9787295e-03 4.8468926e-05]",0,White,40-59
/scratch/project_462000771/mengting/projects/bias/Proteus/prompt2/selected_faces/detected_sad/sad_person_0727_face0.png,White,White,Female,30-39,"[9.8584747e-01 6.7967371e-06 5.4100021e-03 5.4036286e-06 1.6719272e-05
 4.8972724e-04 8.2238596e-03]",[9.8070407e-01 4.0693075e-04 4.7401208e-04 1.8414957e-02],[0.28360674 0.7163933 ],"[4.7625085e-07 6.3452594e-06 9.2644896e-04 8.8163123e-02 4.5374817e-01
 3.8625330e-01 6.8824954e-02 1.9558524e-03 1.2138180e-04]",0,White,20-39
/scratch/project_462000771/mengting/projects/bias/Proteus/prompt2/selected_faces/detected_sad/sad_person_0728_face0.png,White,White,Male,30-39,"[7.8217053e-01 5.2925870e-03 1.2599717e-01 4.1057862e-04 2.0399131e-03
 1.4764624e-02 6.9324516e-02]",[0.8661276  0.04458775 0.00880855 0.08047606],[0.99875087 0.00124918],"[4.8770296e-08 4.1379548e-07 3.3504705e-04 1.0310713e-01 6.2608057e-01
 2.5056773e-01 1.9245386e-02 6.2251429e-04 4.1244097e-05]",0,White,20-39
/scratch/project_462000771/mengting/projects/bias/Proteus/prompt2/selected_faces/detected_sad/sad_person_0729_face0.png,White,White,Male,40-49,"[7.9337656e-01 2.1302816e-04 1.2081573e-01 2.2102000e-05 2.0528832e-04
 1.5149828e-02 7.0217386e-02]",[9.8590654e-01 1.5645847e-04 2.3419545e-04 1.3702826e-02],[9.9999774e-01 2.2318907e-06],"[5.2001460e-06 2.8524722e-05 1.8010493e-03 2.5331840e-02 3.1415245e-01
 5.7395285e-01 8.3534807e-02 1.1822329e-03 1.0996222e-05]",0,White,40-59
/scratch/project_462000771/mengting/projects/bias/Proteus/prompt2/selected_faces/detected_sad/sad_person_0730_face0.png,White,White,Male,30-39,"[5.5154800e-01 1.1362026e-04 8.8836417e-02 1.2735993e-04 3.6846130e-04
 1.9453940e-03 3.5706073e-01]",[9.8811054e-01 8.5154694e-05 5.0871522e-04 1.1295647e-02],[9.9999815e-01 1.8432057e-06],"[3.8717212e-06 3.6949143e-05 5.0995243e-03 1.7535666e-01 6.8038070e-01
 1.3604799e-01 3.0338175e-03 4.0136874e-05 3.2951587e-07]",0,White,20-39
/scratch/project_462000771/mengting/projects/bias/Proteus/prompt2/selected_faces/detected_sad/sad_person_0731_face0.png,White,White,Male,40-49,"[6.5169603e-01 3.2161444e-04 1.4074899e-01 1.5325777e-04 8.8241021e-04
 1.4636040e-02 1.9156155e-01]",[8.8384819e-01 3.4763484e-04 3.3208267e-03 1.1248335e-01],[9.9999928e-01 6.8134364e-07],"[5.43796014e-05 2.15817025e-04 3.96009255e-03 2.42969189e-02
 3.05419475e-01 5.77866852e-01 8.64331275e-02 1.73872197e-03
 1.46463635e-05]",0,White,40-59
/scratch/project_462000771/mengting/projects/bias/Proteus/prompt2/selected_faces/detected_sad/sad_person_0732_face0.png,White,White,Male,30-39,"[9.8915273e-01 1.1423806e-05 4.0941383e-03 1.3309196e-06 8.3262203e-06
 2.8510173e-04 6.4469539e-03]",[9.9934763e-01 4.1753524e-06 5.8636047e-06 6.4236240e-04],[9.9985605e-01 1.4390216e-04],"[3.0446367e-07 1.1748347e-05 6.7712716e-03 2.9331672e-01 5.4525584e-01
 1.5047057e-01 4.1442383e-03 2.8776523e-05 5.0118069e-07]",0,White,20-39
/scratch/project_462000771/mengting/projects/bias/Proteus/prompt2/selected_faces/detected_sad/sad_person_0733_face0.png,White,White,Male,30-39,"[9.7431642e-01 1.2005605e-05 1.6052946e-02 8.1881590e-05 1.5063850e-04
 4.2864273e-04 8.9573525e-03]",[9.9847394e-01 4.9043709e-05 5.2693719e-04 9.5006305e-04],[9.995409e-01 4.591268e-04],"[7.2524665e-07 6.7713659e-06 1.1893568e-03 5.4663960e-02 5.1694858e-01
 4.1127309e-01 1.5801821e-02 1.1350939e-04 2.2013835e-06]",1,White,20-39
/scratch/project_462000771/mengting/projects/bias/Proteus/prompt2/selected_faces/detected_sad/sad_person_0734_face0.png,White,White,Male,30-39,"[8.9447665e-01 3.1059704e-04 2.7732197e-02 6.4342635e-06 3.1702599e-05
 1.2312976e-03 7.6211266e-02]",[9.9444979e-01 2.7424865e-04 1.6297854e-04 5.1129814e-03],[9.999513e-01 4.867111e-05],"[1.0305502e-06 5.4328425e-06 5.5209087e-04 8.2420714e-02 6.4441997e-01
 2.5966057e-01 1.2706143e-02 2.2526145e-04 8.8506858e-06]",0,White,20-39
/scratch/project_462000771/mengting/projects/bias/Proteus/prompt2/selected_faces/detected_sad/sad_person_0735_face0.png,White,White,Male,40-49,"[6.57121003e-01 5.23053634e-04 1.08479075e-01 1.14898881e-04
 4.80939983e-04 1.01521853e-02 2.23128900e-01]",[0.9426268  0.00249665 0.00535415 0.0495224 ],[9.9902403e-01 9.7594841e-04],"[2.0564405e-05 5.3429740e-05 2.0245151e-03 3.6203422e-02 3.2600269e-01
 4.6802688e-01 1.5991877e-01 7.3469928e-03 4.0273904e-04]",1,White,40-59
/scratch/project_462000771/mengting/projects/bias/Proteus/prompt2/selected_faces/detected_sad/sad_person_0736_face0.png,White,White,Male,40-49,"[8.5591054e-01 3.6754315e-03 1.0851157e-01 3.4869416e-04 2.1163737e-03
 9.6370513e-03 1.9800555e-02]",[9.4532758e-01 5.6324765e-04 2.3670075e-03 5.1742163e-02],[9.9999928e-01 7.3903453e-07],"[1.0345414e-06 5.3285808e-06 2.7706588e-04 1.1596895e-02 2.0505324e-01
 6.0263968e-01 1.7696163e-01 3.4073421e-03 5.7804467e-05]",0,White,40-59
/scratch/project_462000771/mengting/projects/bias/Proteus/prompt2/selected_faces/detected_sad/sad_person_0737_face0.png,White,White,Male,30-39,"[9.3227744e-01 6.4171873e-05 4.7341850e-02 1.1309743e-04 4.2517975e-04
 3.0098776e-03 1.6768344e-02]",[9.9130911e-01 3.0872191e-04 3.6232022e-04 8.0197910e-03],[9.9999952e-01 4.6722025e-07],"[1.5932764e-06 2.1544101e-05 1.4820755e-03 5.6227606e-02 5.9073085e-01
 3.4032932e-01 1.1152744e-02 5.3792442e-05 4.4264576e-07]",0,White,20-39
/scratch/project_462000771/mengting/projects/bias/Proteus/prompt2/selected_faces/detected_sad/sad_person_0738_face0.png,White,White,Male,40-49,"[6.3331282e-01 8.6356595e-04 2.0691867e-01 3.4104716e-05 2.1455299e-04
 1.0679391e-02 1.4797696e-01]",[9.9226892e-01 1.9074632e-04 1.5892262e-04 7.3814248e-03],[9.9997401e-01 2.5986807e-05],"[5.5259461e-06 4.8086800e-05 1.5145782e-03 2.9061751e-02 4.0765756e-01
 5.2186859e-01 3.9361235e-02 4.7575249e-04 6.8929162e-06]",0,White,40-59
/scratch/project_462000771/mengting/projects/bias/Proteus/prompt2/selected_faces/detected_sad/sad_person_0739_face0.png,White,White,Male,30-39,"[9.9577767e-01 6.4329147e-06 2.4197041e-03 2.2235715e-06 1.4659598e-05
 3.5467005e-04 1.4246608e-03]",[9.9813396e-01 1.5844153e-04 9.1870883e-05 1.6157449e-03],[9.9998373e-01 1.6234182e-05],"[5.9915175e-07 1.0505442e-05 3.0629984e-03 1.1693049e-01 4.9967840e-01
 3.6092675e-01 1.9243980e-02 1.4319907e-04 3.0708484e-06]",0,White,20-39
/scratch/project_462000771/mengting/projects/bias/Proteus/prompt2/selected_faces/detected_sad/sad_person_0740_face0.png,White,White,Male,30-39,"[7.4383676e-01 2.8224108e-03 1.6267985e-01 2.7744914e-04 8.9608022e-04
 1.3635297e-02 7.5852141e-02]",[0.86991686 0.01893179 0.01124656 0.09990482],[0.99852216 0.00147787],"[6.1154096e-06 1.4624476e-05 4.5779138e-04 3.1679410e-02 4.7082400e-01
 4.3032622e-01 6.5756038e-02 9.1210299e-04 2.3654899e-05]",0,White,20-39
/scratch/project_462000771/mengting/projects/bias/Proteus/prompt2/selected_faces/detected_sad/sad_person_0741_face0.png,White,White,Male,40-49,"[5.9333134e-01 3.8868276e-04 3.2156104e-01 9.0670328e-05 4.3237215e-04
 1.0564556e-02 7.3631302e-02]",[0.8959977  0.00566207 0.00159835 0.09674188],[9.999991e-01 8.578187e-07],"[6.1161331e-06 3.8247897e-05 1.0544079e-03 2.1962451e-02 4.6494374e-01
 4.8804092e-01 2.3825293e-02 1.2799747e-04 7.2390810e-07]",0,White,40-59
/scratch/project_462000771/mengting/projects/bias/Proteus/prompt2/selected_faces/detected_sad/sad_person_0742_face0.png,White,White,Male,30-39,"[6.5961510e-01 6.8070018e-04 2.5202009e-01 7.4628399e-05 3.1740832e-04
 1.2916933e-02 7.4375167e-02]",[9.1447645e-01 6.7641446e-04 5.1175006e-04 8.4335394e-02],[9.9999374e-01 6.2401145e-06],"[8.6045566e-06 7.9858815e-05 3.4638359e-03 1.0264135e-01 6.2412292e-01
 2.5459969e-01 1.4943692e-02 1.3849109e-04 1.5487871e-06]",0,White,20-39
/scratch/project_462000771/mengting/projects/bias/Proteus/prompt2/selected_faces/detected_sad/sad_person_0743_face0.png,Latino_Hispanic,White,Male,40-49,"[0.40022728 0.00174341 0.4885227  0.00051766 0.00314756 0.05104418
 0.05479726]",[0.8074238  0.00525856 0.00287535 0.1844423 ],[9.9999505e-01 4.9563164e-06],"[1.45640497e-05 1.03331724e-04 3.10579897e-03 1.85313541e-02
 2.87920624e-01 5.67039430e-01 1.21755429e-01 1.51977735e-03
 9.71781355e-06]",0,Others,40-59
/scratch/project_462000771/mengting/projects/bias/Proteus/prompt2/selected_faces/detected_sad/sad_person_0744_face0.png,White,White,Male,30-39,"[3.3137113e-01 1.2918345e-03 3.2206392e-01 1.7677195e-04 1.2958252e-03
 4.5092877e-02 2.9870766e-01]",[0.6367968  0.01012297 0.00557072 0.34750965],[9.9999416e-01 5.8055589e-06],"[1.1991810e-06 3.0984102e-05 5.0361110e-03 1.6474697e-01 6.6574138e-01
 1.6014042e-01 4.2501339e-03 5.1866664e-05 9.6789211e-07]",0,White,20-39
/scratch/project_462000771/mengting/projects/bias/Proteus/prompt2/selected_faces/detected_sad/sad_person_0745_face0.png,Middle Eastern,White,Male,30-39,"[3.1204656e-01 8.2632707e-04 1.5976489e-01 9.4183815e-05 4.7727185e-04
 9.5450832e-03 5.1724565e-01]",[9.4751918e-01 7.5501256e-04 7.2136836e-04 5.1004410e-02],[9.9999875e-01 1.2935261e-06],"[4.3384571e-06 2.0042342e-05 8.9515903e-04 5.5952881e-02 6.0007292e-01
 3.2472104e-01 1.8032311e-02 2.9698134e-04 4.2893894e-06]",1,White,20-39
/scratch/project_462000771/mengting/projects/bias/Proteus/prompt2/selected_faces/detected_sad/sad_person_0746_face0.png,White,White,Male,30-39,"[9.7493404e-01 2.4376113e-05 1.6584950e-02 3.4160188e-05 1.2644139e-04
 3.5853786e-04 7.9375571e-03]",[9.9811137e-01 9.1064750e-05 1.3232797e-04 1.6652996e-03],[9.9999535e-01 4.6532441e-06],"[6.0110125e-07 4.8370484e-06 6.7435578e-04 7.1381465e-02 5.7772648e-01
 3.3778113e-01 1.2350323e-02 7.9889818e-05 9.7371571e-07]",1,White,20-39
/scratch/project_462000771/mengting/projects/bias/Proteus/prompt2/selected_faces/detected_sad/sad_person_0747_face0.png,White,White,Male,40-49,"[5.7000500e-01 1.6430826e-03 1.4438905e-01 2.1462445e-05 1.1558351e-04
 6.6370713e-03 2.7718884e-01]",[9.0190250e-01 5.3748963e-03 5.7787792e-04 9.2144661e-02],[9.9999875e-01 1.2652347e-06],"[5.3310200e-06 1.4170815e-05 5.4725196e-04 2.1537717e-02 3.8904241e-01
 5.2710658e-01 6.0852949e-02 8.8387879e-04 9.7245729e-06]",1,White,40-59
/scratch/project_462000771/mengting/projects/bias/Proteus/prompt2/selected_faces/detected_sad/sad_person_0748_face0.png,White,White,Male,30-39,"[8.5490125e-01 4.3546438e-04 9.2827328e-02 3.0642685e-05 1.2091536e-04
 2.2769806e-03 4.9407486e-02]",[0.98606783 0.00300695 0.00313704 0.00778811],[9.992821e-01 7.178532e-04],"[8.1112745e-08 1.0319205e-06 8.9147198e-04 3.1620574e-01 6.4069909e-01
 4.1654710e-02 5.4295774e-04 4.8793800e-06 1.1357705e-07]",0,White,20-39
/scratch/project_462000771/mengting/projects/bias/Proteus/prompt2/selected_faces/detected_sad/sad_person_0749_face0.png,White,White,Male,30-39,"[4.4372833e-01 2.0286262e-03 3.7518242e-01 1.5864405e-04 1.1279410e-03
 3.6964219e-02 1.4080985e-01]",[0.9051233  0.00256602 0.00129784 0.09101274],[9.9999982e-01 1.8133115e-07],"[4.9158139e-06 1.0037206e-04 8.2898326e-03 8.9559361e-02 5.7164311e-01
 3.0398345e-01 2.6143933e-02 2.7309454e-04 1.8926520e-06]",0,White,20-39
/scratch/project_462000771/mengting/projects/bias/Proteus/prompt2/selected_faces/detected_sad/sad_person_0750_face0.png,White,White,Male,30-39,"[9.4182307e-01 4.0984538e-05 1.4856407e-02 5.0259109e-06 5.4608903e-05
 1.3646173e-03 4.1855298e-02]",[9.9727672e-01 1.0867287e-04 1.3633612e-04 2.4783409e-03],[9.9998665e-01 1.3361399e-05],"[1.9647170e-07 4.0504115e-06 1.8599605e-03 8.5045666e-02 5.1654160e-01
 3.8506785e-01 1.1371821e-02 1.0740755e-04 1.4865857e-06]",0,White,20-39
/scratch/project_462000771/mengting/projects/bias/Proteus/prompt2/selected_faces/detected_sad/sad_person_0751_face0.png,Latino_Hispanic,White,Male,40-49,"[3.56983632e-01 1.65709364e-03 3.61408114e-01 1.51096363e-04
 2.68116756e-03 1.18390046e-01 1.58728898e-01]",[9.1514736e-01 1.4052961e-04 1.0232856e-03 8.3688863e-02],[9.9999982e-01 1.9466698e-07],"[7.4241261e-06 9.9434365e-05 4.4764611e-03 4.1606631e-02 3.6852708e-01
 5.4082030e-01 4.3509372e-02 9.4322889e-04 1.0076504e-05]",0,Others,40-59
/scratch/project_462000771/mengting/projects/bias/Proteus/prompt2/selected_faces/detected_sad/sad_person_0752_face0.png,White,White,Male,40-49,"[6.4685935e-01 4.2160606e-04 2.8400102e-01 1.7143508e-04 7.6805986e-04
 1.5632022e-02 5.2146573e-02]",[0.9357457  0.00167757 0.00279349 0.05978319],[9.9999827e-01 1.6773406e-06],"[5.1361835e-06 2.6112424e-05 8.7571167e-04 1.1634881e-02 2.9846722e-01
 6.3556784e-01 5.3105514e-02 3.1559748e-04 2.0615439e-06]",0,White,40-59
/scratch/project_462000771/mengting/projects/bias/Proteus/prompt2/selected_faces/detected_sad/sad_person_0753_face0.png,White,White,Male,20-29,"[8.7359941e-01 9.5456060e-05 4.5658205e-02 3.0681535e-05 1.3463901e-04
 5.1344018e-03 7.5347245e-02]",[9.8314220e-01 6.2238192e-04 2.8014349e-04 1.5955344e-02],[9.9999845e-01 1.5561906e-06],"[1.2972797e-06 8.2515267e-05 1.7737867e-02 6.8731415e-01 2.8515211e-01
 9.6629309e-03 4.8241269e-05 8.5003546e-07 1.6410320e-08]",1,White,20-39
/scratch/project_462000771/mengting/projects/bias/Proteus/prompt2/selected_faces/detected_sad/sad_person_0754_face0.png,White,White,Male,30-39,"[9.9550521e-01 3.4573998e-06 2.5188422e-03 1.3461503e-06 5.9966255e-06
 1.0537785e-04 1.8598645e-03]",[9.9887359e-01 2.0542408e-05 7.8189129e-05 1.0277358e-03],[0.9989498  0.00105014],"[9.64453051e-08 2.93201947e-06 8.96502985e-04 1.22104034e-01
 7.00878203e-01 1.73525691e-01 2.57654511e-03 1.54392055e-05
 4.87773093e-07]",0,White,20-39
/scratch/project_462000771/mengting/projects/bias/Proteus/prompt2/selected_faces/detected_sad/sad_person_0755_face0.png,White,White,Male,40-49,"[9.9184841e-01 3.4089569e-06 5.4586190e-03 6.2419190e-06 2.4163188e-05
 5.4194051e-04 2.1172438e-03]",[9.9746209e-01 1.0256823e-04 2.2560837e-04 2.2097905e-03],[9.9997181e-01 2.8245928e-05],"[4.7544182e-07 7.8339090e-06 2.5000640e-03 4.2157348e-02 3.3058301e-01
 5.8157259e-01 4.2864945e-02 3.0873265e-04 4.9273881e-06]",0,White,40-59
/scratch/project_462000771/mengting/projects/bias/Proteus/prompt2/selected_faces/detected_sad/sad_person_0756_face0.png,White,White,Male,30-39,"[9.73948598e-01 1.14851746e-05 1.05987303e-02 1.43558946e-05
 2.22052004e-05 1.03349776e-04 1.53012862e-02]",[9.9755949e-01 1.6224288e-04 1.4520707e-04 2.1331259e-03],[0.6532796  0.34672037],"[1.3476192e-07 5.0741032e-06 4.6458035e-03 3.3965230e-01 5.5529648e-01
 9.8281272e-02 2.0815418e-03 3.6717829e-05 6.9276967e-07]",1,White,20-39
/scratch/project_462000771/mengting/projects/bias/Proteus/prompt2/selected_faces/detected_sad/sad_person_0757_face0.png,White,White,Male,40-49,"[5.2001190e-01 1.5626308e-03 5.7828251e-02 5.7728994e-05 4.0161275e-04
 1.1028905e-02 4.0910903e-01]",[0.90876323 0.00093441 0.00119808 0.08910426],[9.9995464e-01 4.5351760e-05],"[6.3731198e-07 5.5333808e-06 6.8747526e-04 3.2893520e-02 3.4040222e-01
 5.5500519e-01 6.9817901e-02 1.1581500e-03 2.9362622e-05]",0,White,40-59
/scratch/project_462000771/mengting/projects/bias/Proteus/prompt2/selected_faces/detected_sad/sad_person_0758_face0.png,White,White,Male,40-49,"[0.742251   0.00116165 0.18461657 0.00086181 0.00463514 0.01569254
 0.05078141]",[9.7788596e-01 9.1122737e-04 1.4975944e-03 1.9705221e-02],[9.9989122e-01 1.0880416e-04],"[1.61226344e-05 2.37109471e-05 8.88326322e-04 1.31095955e-02
 1.81704432e-01 5.50190866e-01 2.43810654e-01 9.99276433e-03
 2.63581140e-04]",0,White,40-59
/scratch/project_462000771/mengting/projects/bias/Proteus/prompt2/selected_faces/detected_sad/sad_person_0759_face0.png,White,White,Male,30-39,"[4.9263886e-01 2.0876676e-03 2.5496978e-01 1.7794402e-05 2.8884495e-04
 2.7662339e-02 2.2233470e-01]",[9.6691012e-01 5.1145593e-04 1.5351758e-04 3.2424968e-02],[9.9999988e-01 4.8870156e-08],"[3.3343038e-06 6.8839901e-05 1.0018071e-02 1.1948513e-01 5.4500508e-01
 3.0806732e-01 1.6921829e-02 4.2681166e-04 3.6060430e-06]",1,White,20-39
/scratch/project_462000771/mengting/projects/bias/Proteus/prompt2/selected_faces/detected_sad/sad_person_0760_face0.png,White,Indian,Male,40-49,"[3.9851093e-01 1.5100627e-03 1.3818489e-01 1.1627315e-05 3.6709578e-04
 1.6812634e-01 2.9328910e-01]",[4.308010e-01 3.324560e-03 4.824899e-04 5.653920e-01],[9.9999928e-01 6.9682955e-07],"[6.2589511e-06 4.6371202e-05 2.0229428e-03 4.1888751e-02 3.8275397e-01
 4.9882409e-01 7.2627850e-02 1.7832104e-03 4.6536978e-05]",0,White,40-59
/scratch/project_462000771/mengting/projects/bias/Proteus/prompt2/selected_faces/detected_sad/sad_person_0761_face0.png,White,White,Male,30-39,"[5.0748318e-01 8.6292683e-04 1.9382994e-01 1.6222819e-05 2.0247858e-04
 4.0071074e-02 2.5753421e-01]",[9.0370101e-01 2.9887694e-03 7.1355392e-04 9.2596665e-02],[9.9999970e-01 3.3721912e-07],"[7.06923083e-06 1.98247290e-04 1.30903525e-02 1.74720511e-01
 6.07037723e-01 1.99774444e-01 5.08192088e-03 8.86508569e-05
 1.18746959e-06]",1,White,20-39
/scratch/project_462000771/mengting/projects/bias/Proteus/prompt2/selected_faces/detected_sad/sad_person_0762_face0.png,White,White,Male,40-49,"[9.4872856e-01 2.5360430e-05 4.1992930e-03 1.5252493e-05 6.1268620e-05
 4.3580047e-04 4.6534520e-02]",[9.9142689e-01 1.8957678e-04 8.8278117e-04 7.5006722e-03],[0.98999363 0.0100064 ],"[1.4408637e-06 2.5500749e-06 1.6161350e-04 1.3374860e-02 1.6387047e-01
 4.5441923e-01 3.3617997e-01 2.8196838e-02 3.7930333e-03]",0,White,40-59
/scratch/project_462000771/mengting/projects/bias/Proteus/prompt2/selected_faces/detected_sad/sad_person_0763_face0.png,White,White,Male,30-39,"[9.9718171e-01 1.1663132e-06 1.5602342e-03 2.1338976e-06 4.4463950e-06
 3.6699752e-05 1.2136981e-03]",[9.9314785e-01 1.5364336e-04 8.6648186e-04 5.8320817e-03],[0.9982456 0.0017544],"[7.6081712e-08 8.3666703e-07 7.2335301e-04 2.1160541e-01 5.9406543e-01
 1.8826866e-01 5.2757612e-03 5.8683763e-05 1.7081834e-06]",1,White,20-39
/scratch/project_462000771/mengting/projects/bias/Proteus/prompt2/selected_faces/detected_sad/sad_person_0764_face0.png,White,White,Male,40-49,"[9.9729842e-01 7.3587335e-06 1.3256917e-03 7.9550418e-06 1.5244585e-05
 5.1009654e-05 1.2944173e-03]",[9.9995482e-01 4.6341756e-06 2.1456257e-05 1.9043828e-05],[9.9962795e-01 3.7207219e-04],"[1.8828952e-06 4.6617620e-06 1.7257835e-04 9.7759087e-03 2.0303430e-01
 7.0257086e-01 8.3240122e-02 1.1576046e-03 4.2078158e-05]",1,White,40-59
/scratch/project_462000771/mengting/projects/bias/Proteus/prompt2/selected_faces/detected_sad/sad_person_0765_face0.png,Middle Eastern,White,Male,30-39,"[3.2376084e-01 2.8278556e-04 1.6012172e-01 3.2593394e-05 3.0108984e-04
 1.1927054e-02 5.0357395e-01]",[9.8177266e-01 1.3891266e-04 3.3485281e-04 1.7753528e-02],[9.9999970e-01 3.3118448e-07],"[1.7923355e-06 1.9403929e-05 1.9347952e-03 6.9690287e-02 6.5730864e-01
 2.6188788e-01 9.0640988e-03 9.2233291e-05 7.9402537e-07]",0,White,20-39
/scratch/project_462000771/mengting/projects/bias/Proteus/prompt2/selected_faces/detected_sad/sad_person_0766_face0.png,White,White,Male,30-39,"[0.6389904  0.00169214 0.2160455  0.00227299 0.01793138 0.00606857
 0.11699901]",[8.5118943e-01 6.3324143e-04 4.7928609e-02 1.0024877e-01],[9.9999881e-01 1.2109971e-06],"[8.2028669e-07 1.1543414e-05 1.4657904e-03 6.5904513e-02 5.4262578e-01
 3.5388622e-01 3.4993418e-02 1.0898602e-03 2.1957560e-05]",0,White,20-39
/scratch/project_462000771/mengting/projects/bias/Proteus/prompt2/selected_faces/detected_sad/sad_person_0767_face0.png,White,White,Male,20-29,"[8.1934392e-01 2.9487006e-04 1.1100138e-01 7.7490731e-05 1.7924998e-04
 2.6835606e-03 6.6419527e-02]",[0.93308985 0.00261734 0.00991483 0.05437801],[0.98666996 0.01333001],"[9.9502995e-07 1.8717394e-05 4.7211801e-03 5.0047046e-01 4.6712101e-01
 2.7123852e-02 5.3052511e-04 1.2826968e-05 4.2624916e-07]",1,White,20-39
/scratch/project_462000771/mengting/projects/bias/Proteus/prompt2/selected_faces/detected_sad/sad_person_0768_face0.png,Middle Eastern,White,Male,30-39,"[2.8825143e-01 1.7335094e-04 1.7524049e-01 3.8802827e-05 3.2410357e-04
 1.2395464e-02 5.2357632e-01]",[9.1387302e-01 8.4267516e-04 1.7643253e-03 8.3519988e-02],[9.999999e-01 5.736650e-08],"[5.0233967e-07 9.6654512e-06 2.4192594e-03 2.1514016e-01 7.0867711e-01
 7.3041409e-02 7.0724217e-04 4.5927873e-06 3.7933905e-08]",0,White,20-39
/scratch/project_462000771/mengting/projects/bias/Proteus/prompt2/selected_faces/detected_sad/sad_person_0769_face0.png,White,White,Male,40-49,"[6.3686687e-01 1.8644935e-03 2.3950535e-01 6.9924390e-05 2.7215877e-04
 7.9974262e-03 1.1342375e-01]",[9.5816338e-01 2.3272247e-03 8.4438310e-05 3.9424889e-02],[9.999960e-01 3.989273e-06],"[7.44453610e-06 1.30379740e-05 3.80452431e-04 3.99006298e-03
 1.12342015e-01 5.47383130e-01 3.25587362e-01 1.02304602e-02
 6.60419610e-05]",0,White,40-59
/scratch/project_462000771/mengting/projects/bias/Proteus/prompt2/selected_faces/detected_sad/sad_person_0770_face0.png,White,White,Male,30-39,"[5.0380933e-01 4.5307673e-04 2.2045958e-01 3.5375377e-04 9.7407616e-04
 1.6978161e-02 2.5697204e-01]",[0.8782647  0.00149435 0.00158357 0.11865741],[9.9999654e-01 3.4673519e-06],"[1.1259924e-05 1.1005425e-04 2.8588723e-03 1.0839996e-01 6.7771834e-01
 2.0591789e-01 4.9457839e-03 3.7264195e-05 4.5413597e-07]",0,White,20-39
/scratch/project_462000771/mengting/projects/bias/Proteus/prompt2/selected_faces/detected_sad/sad_person_0771_face0.png,White,White,Female,30-39,"[0.656315   0.00448509 0.25332293 0.00139346 0.0027657  0.01200622
 0.06971157]",[0.9227289  0.00437563 0.03763454 0.03526095],[0.3688     0.63119996],"[1.9856968e-07 2.2625859e-06 4.2790381e-04 5.7630192e-02 5.7557702e-01
 3.1627414e-01 4.8412643e-02 1.6333539e-03 4.2309126e-05]",0,White,20-39
/scratch/project_462000771/mengting/projects/bias/Proteus/prompt2/selected_faces/detected_sad/sad_person_0772_face0.png,Latino_Hispanic,White,Male,30-39,"[0.41415069 0.00134102 0.52549505 0.00077061 0.00499524 0.01525779
 0.03798962]",[0.8202957  0.00285272 0.01967211 0.15717952],[9.999992e-01 7.903532e-07],"[9.0610729e-06 4.9913819e-05 1.7377738e-03 6.2032364e-02 4.8474360e-01
 3.9762896e-01 5.2605670e-02 1.1771512e-03 1.5410291e-05]",0,Others,20-39
/scratch/project_462000771/mengting/projects/bias/Proteus/prompt2/selected_faces/detected_sad/sad_person_0773_face0.png,White,White,Male,30-39,"[6.8450648e-01 2.5924153e-04 2.4287678e-01 2.9641791e-04 8.1212079e-04
 1.6481305e-02 5.4767605e-02]",[9.4489962e-01 7.8155485e-04 1.8071197e-03 5.2511722e-02],[9.9999833e-01 1.7011961e-06],"[6.1283454e-06 7.3711642e-05 1.4610320e-03 5.2720990e-02 6.8005353e-01
 2.5874338e-01 6.9171670e-03 2.3902863e-05 1.9439321e-07]",0,White,20-39
/scratch/project_462000771/mengting/projects/bias/Proteus/prompt2/selected_faces/detected_sad/sad_person_0774_face0.png,White,White,Male,30-39,"[9.1305530e-01 1.8191701e-04 5.1378340e-02 1.9862347e-05 5.9192789e-05
 1.8986554e-03 3.3406653e-02]",[9.9652606e-01 3.8192736e-04 4.7460446e-04 2.6173966e-03],[0.99794483 0.00205515],"[1.5913998e-06 1.0753004e-05 1.2421595e-03 1.0527682e-01 6.3601100e-01
 2.4525438e-01 1.2019874e-02 1.7817607e-04 5.1889738e-06]",1,White,20-39
/scratch/project_462000771/mengting/projects/bias/Proteus/prompt2/selected_faces/detected_sad/sad_person_0775_face0.png,White,White,Male,30-39,"[9.6427298e-01 2.7912660e-04 2.9941006e-02 1.3726493e-05 5.2269002e-05
 9.6524309e-04 4.4756001e-03]",[9.9358106e-01 1.8170540e-04 4.9795356e-04 5.7393629e-03],[9.9910355e-01 8.9646742e-04],"[3.7783991e-07 6.9545517e-06 2.2488306e-03 2.5706172e-01 6.6481805e-01
 7.4651591e-02 1.2030854e-03 9.1870852e-06 1.9591086e-07]",0,White,20-39
/scratch/project_462000771/mengting/projects/bias/Proteus/prompt2/selected_faces/detected_sad/sad_person_0776_face0.png,Latino_Hispanic,White,Male,40-49,"[1.3478950e-01 2.4801912e-03 4.4089365e-01 3.9956321e-05 3.5628691e-04
 5.7378344e-02 3.6406210e-01]",[8.9264095e-01 1.1243691e-03 2.3881653e-04 1.0599580e-01],[9.999994e-01 6.385061e-07],"[8.2133038e-06 2.6948897e-05 8.6395442e-04 1.8232532e-02 4.0269291e-01
 5.2165133e-01 5.5592831e-02 9.2467642e-04 6.5860195e-06]",0,Others,40-59
/scratch/project_462000771/mengting/projects/bias/Proteus/prompt2/selected_faces/detected_sad/sad_person_0777_face0.png,White,White,Male,40-49,"[8.7971622e-01 2.8562121e-04 7.7463195e-02 3.9596191e-05 1.9891297e-04
 4.1084844e-03 3.8187958e-02]",[9.2455441e-01 2.3494393e-03 6.8682985e-04 7.2409272e-02],[9.9999648e-01 3.5245555e-06],"[4.0388477e-06 1.9421932e-05 1.0964725e-03 2.4438862e-02 4.3463150e-01
 4.8721069e-01 5.2162293e-02 4.3274614e-04 3.9222532e-06]",0,White,40-59
/scratch/project_462000771/mengting/projects/bias/Proteus/prompt2/selected_faces/detected_sad/sad_person_0778_face0.png,White,White,Male,40-49,"[6.7790872e-01 5.8738614e-04 1.4840317e-01 1.6145234e-04 4.8791058e-04
 4.1175764e-03 1.6833372e-01]",[9.5709836e-01 4.4433624e-04 9.6600037e-04 4.1491352e-02],[9.9995530e-01 4.4686123e-05],"[4.5087563e-06 1.3365750e-05 6.4729736e-04 2.6036847e-02 4.1716278e-01
 5.0924569e-01 4.6295661e-02 5.8512622e-04 8.6416758e-06]",1,White,40-59
/scratch/project_462000771/mengting/projects/bias/Proteus/prompt2/selected_faces/detected_sad/sad_person_0779_face0.png,White,White,Male,40-49,"[0.73405915 0.00116154 0.1901564  0.00079107 0.00282326 0.0164792
 0.05452939]",[9.4125330e-01 7.4517570e-04 2.7290224e-03 5.5272494e-02],[9.9999577e-01 4.2294914e-06],"[3.11880103e-05 1.09785986e-04 2.19609821e-03 1.20754363e-02
 2.08263874e-01 5.30917704e-01 2.40107313e-01 6.24119444e-03
 5.72773533e-05]",0,White,40-59
/scratch/project_462000771/mengting/projects/bias/Proteus/prompt2/selected_faces/detected_sad/sad_person_0780_face0.png,White,White,Male,30-39,"[9.2207038e-01 5.8983736e-05 3.8233176e-02 5.5482957e-05 1.7886522e-04
 1.6118075e-03 3.7791267e-02]",[9.8704708e-01 2.1290232e-04 9.6128578e-04 1.1778768e-02],[9.9949348e-01 5.0655205e-04],"[3.3862653e-07 7.0029319e-06 3.8579125e-03 3.8917044e-01 5.5177307e-01
 5.4169387e-02 9.9524728e-04 2.5855410e-05 6.9610257e-07]",1,White,20-39
/scratch/project_462000771/mengting/projects/bias/Proteus/prompt2/selected_faces/detected_sad/sad_person_0781_face0.png,White,White,Male,30-39,"[6.8119562e-01 2.5058287e-05 1.2757754e-01 8.7786750e-05 2.9527774e-04
 9.5865251e-03 1.8123223e-01]",[9.7141474e-01 1.5134155e-04 1.4805900e-03 2.6953267e-02],[9.994865e-01 5.135192e-04],"[1.0342189e-06 1.0285116e-05 2.0610043e-03 7.4465990e-02 6.5287822e-01
 2.6319319e-01 7.3519293e-03 3.8031354e-05 3.2155015e-07]",1,White,20-39
/scratch/project_462000771/mengting/projects/bias/Proteus/prompt2/selected_faces/detected_sad/sad_person_0782_face0.png,White,White,Male,40-49,"[5.5022091e-01 1.8346854e-04 1.2027214e-01 1.5570343e-04 9.3519670e-04
 1.1011587e-02 3.1722096e-01]",[9.4890350e-01 6.7026133e-04 2.5682831e-03 4.7857989e-02],[9.9999905e-01 9.2730744e-07],"[1.8037857e-05 1.0238726e-04 2.8658882e-03 1.6997430e-02 2.6406041e-01
 6.2941867e-01 8.5750736e-02 7.7888626e-04 7.6285964e-06]",1,White,40-59
/scratch/project_462000771/mengting/projects/bias/Proteus/prompt2/selected_faces/detected_sad/sad_person_0783_face0.png,White,White,Male,30-39,"[5.7443124e-01 2.1185635e-03 2.4514595e-01 9.5977128e-05 3.8464481e-04
 1.9278614e-02 1.5854499e-01]",[0.93221337 0.00231659 0.00173927 0.06373075],[9.9999970e-01 2.2943739e-07],"[1.7552063e-06 3.3110169e-05 4.4732150e-03 3.6240008e-01 5.8591521e-01
 4.6325967e-02 8.4120478e-04 9.2844612e-06 1.1919466e-07]",1,White,20-39
/scratch/project_462000771/mengting/projects/bias/Proteus/prompt2/selected_faces/detected_sad/sad_person_0784_face0.png,White,White,Male,40-49,"[3.3674714e-01 1.7569873e-02 3.0999085e-01 1.9529412e-04 1.1158406e-03
 2.1708693e-02 3.1267229e-01]",[0.64011055 0.01210794 0.00421083 0.34357062],[9.9999988e-01 1.4281422e-07],"[1.1062218e-06 1.0064543e-06 7.1408955e-05 5.1496443e-03 1.5366538e-01
 5.7641745e-01 2.5754318e-01 7.0686843e-03 8.2166829e-05]",0,White,40-59
/scratch/project_462000771/mengting/projects/bias/Proteus/prompt2/selected_faces/detected_sad/sad_person_0785_face0.png,White,White,Male,40-49,"[7.2005498e-01 1.5060182e-04 1.5445882e-01 1.5997099e-04 1.1800017e-03
 1.2604106e-02 1.1139154e-01]",[9.7655994e-01 1.2068344e-04 3.5236898e-04 2.2967037e-02],[9.999941e-01 5.863885e-06],"[8.4278954e-06 4.7213554e-05 9.0718700e-04 1.6701424e-02 3.0665073e-01
 6.0708463e-01 6.7712717e-02 8.7465986e-04 1.3059717e-05]",0,White,40-59
/scratch/project_462000771/mengting/projects/bias/Proteus/prompt2/selected_faces/detected_sad/sad_person_0786_face0.png,White,White,Male,40-49,"[9.8209316e-01 2.9042587e-05 1.0335602e-02 1.0843977e-05 3.5111603e-05
 6.0268969e-04 6.8935268e-03]",[9.9595261e-01 4.0317199e-04 1.9605347e-04 3.4481615e-03],[9.9996495e-01 3.5119829e-05],"[2.7537453e-07 1.4144407e-06 1.3289614e-04 8.1890579e-03 2.6501107e-01
 6.4890617e-01 7.7451035e-02 3.0294163e-04 5.2490286e-06]",0,White,40-59
/scratch/project_462000771/mengting/projects/bias/Proteus/prompt2/selected_faces/detected_sad/sad_person_0787_face0.png,White,White,Male,30-39,"[8.6258143e-01 4.0893847e-04 2.1968922e-02 6.2520057e-06 5.1625699e-05
 3.0281530e-03 1.1195467e-01]",[9.8553789e-01 4.0873751e-04 4.1980398e-05 1.4011408e-02],[9.9999851e-01 1.4850592e-06],"[9.5453856e-07 4.1083043e-05 5.8524082e-03 3.1300208e-01 5.6218964e-01
 1.1660963e-01 2.2707330e-03 3.2835869e-05 6.1431132e-07]",0,White,20-39
/scratch/project_462000771/mengting/projects/bias/Proteus/prompt2/selected_faces/detected_sad/sad_person_0788_face0.png,White,White,Male,30-39,"[8.9706385e-01 1.5438789e-05 2.2331286e-02 3.9512292e-06 1.6058018e-05
 3.2976724e-04 8.0239527e-02]",[9.9717373e-01 4.3485019e-05 4.3516760e-04 2.3475697e-03],[0.9989209  0.00107907],"[1.8071661e-07 1.6831785e-06 6.6594157e-04 9.5972940e-02 7.0754206e-01
 1.9132674e-01 4.4421512e-03 4.7260957e-05 1.0574167e-06]",1,White,20-39
/scratch/project_462000771/mengting/projects/bias/Proteus/prompt2/selected_faces/detected_sad/sad_person_0789_face0.png,White,White,Male,30-39,"[9.3143797e-01 1.4958733e-04 5.0303333e-02 4.3396180e-05 1.5062414e-04
 6.9871364e-04 1.7216381e-02]",[9.6894789e-01 6.8323202e-03 5.8517873e-04 2.3634657e-02],[9.9999976e-01 1.8817752e-07],"[7.1436034e-07 1.7653228e-05 1.4303528e-03 8.7944105e-02 6.4767098e-01
 2.5690347e-01 6.0058930e-03 2.6720609e-05 1.3815306e-07]",1,White,20-39
/scratch/project_462000771/mengting/projects/bias/Proteus/prompt2/selected_faces/detected_sad/sad_person_0790_face0.png,White,White,Male,40-49,"[9.2630517e-01 2.1871321e-05 5.6481488e-02 1.2636054e-05 8.0238628e-05
 4.1356124e-03 1.2962898e-02]",[9.9614853e-01 1.3894488e-05 6.4045475e-05 3.7736339e-03],[9.999994e-01 6.100384e-07],"[2.6240692e-05 1.5017706e-04 9.8467814e-03 5.4267555e-02 3.6477134e-01
 4.8748899e-01 8.2005993e-02 1.4334519e-03 9.4480738e-06]",0,White,40-59
/scratch/project_462000771/mengting/projects/bias/Proteus/prompt2/selected_faces/detected_sad/sad_person_0791_face0.png,White,White,Male,30-39,"[6.9427651e-01 1.1992558e-03 2.3623724e-01 7.1801092e-05 3.5254803e-04
 8.1193438e-03 5.9743438e-02]",[0.93182683 0.0070864  0.00207525 0.0590115 ],[0.9966688  0.00333119],"[1.4526541e-06 2.6244343e-05 2.0830575e-03 1.6217834e-01 7.2200751e-01
 1.1084351e-01 2.8279899e-03 3.1101681e-05 8.0194417e-07]",0,White,20-39
/scratch/project_462000771/mengting/projects/bias/Proteus/prompt2/selected_faces/detected_sad/sad_person_0792_face0.png,White,White,Male,30-39,"[9.6028262e-01 4.3308177e-05 2.1660574e-02 2.1167281e-04 3.4717639e-04
 5.4889801e-04 1.6905781e-02]",[9.9711967e-01 2.2176349e-05 7.3759386e-04 2.1204182e-03],[0.9953793  0.00462068],"[1.6890731e-07 5.5444807e-06 3.9589610e-03 4.3699852e-01 5.0141060e-01
 5.6567993e-02 1.0420480e-03 1.5798987e-05 4.2882053e-07]",1,White,20-39
/scratch/project_462000771/mengting/projects/bias/Proteus/prompt2/selected_faces/detected_sad/sad_person_0793_face0.png,White,White,Male,40-49,"[9.7926283e-01 4.2011539e-05 1.3077632e-02 3.7140879e-05 7.0173184e-05
 9.0931117e-04 6.6009685e-03]",[9.9851966e-01 4.9557573e-05 1.2256201e-04 1.3082194e-03],[9.9997324e-01 2.6794709e-05],"[3.7629443e-06 1.5218838e-05 5.7715282e-04 1.0232386e-02 1.7054270e-01
 6.7187613e-01 1.4407182e-01 2.6443717e-03 3.6487800e-05]",1,White,40-59
/scratch/project_462000771/mengting/projects/bias/Proteus/prompt2/selected_faces/detected_sad/sad_person_0794_face0.png,White,White,Male,40-49,"[8.54782283e-01 1.18211865e-04 1.11171879e-01 5.31877304e-05
 4.48676612e-04 1.13711776e-02 2.20546015e-02]",[9.5694923e-01 1.0427292e-04 1.2027147e-03 4.1743811e-02],[9.9999726e-01 2.6890245e-06],"[7.7341001e-06 6.4236920e-05 2.8171102e-03 2.5751941e-02 3.4699005e-01
 5.6912732e-01 5.4868426e-02 3.6995104e-04 3.2716587e-06]",1,White,40-59
/scratch/project_462000771/mengting/projects/bias/Proteus/prompt2/selected_faces/detected_sad/sad_person_0795_face0.png,Middle Eastern,White,Male,30-39,"[3.0422515e-01 4.9497432e-04 2.4179684e-01 2.4826833e-04 8.0270367e-04
 2.2688340e-02 4.2974380e-01]",[0.87473255 0.00420945 0.00252437 0.11853369],[9.9998033e-01 1.9681034e-05],"[1.0826724e-06 2.1357901e-06 2.1335883e-04 2.2307569e-02 5.4677749e-01
 4.0509266e-01 2.5434434e-02 1.6928741e-04 2.0590271e-06]",0,White,20-39
/scratch/project_462000771/mengting/projects/bias/Proteus/prompt2/selected_faces/detected_sad/sad_person_0796_face0.png,White,White,Male,40-49,"[8.6064309e-01 3.1124821e-04 9.4529986e-02 5.4578468e-05 4.5270327e-04
 1.7483018e-02 2.6525280e-02]",[9.9589306e-01 1.2159042e-04 3.3739336e-05 3.9515952e-03],[9.9999952e-01 4.6111643e-07],"[2.3525820e-06 2.3806208e-05 9.7517984e-04 9.8283552e-03 1.7165008e-01
 6.6348082e-01 1.5158182e-01 2.4134307e-03 4.4134733e-05]",1,White,40-59
/scratch/project_462000771/mengting/projects/bias/Proteus/prompt2/selected_faces/detected_sad/sad_person_0797_face0.png,White,White,Male,30-39,"[8.6878562e-01 3.1388219e-04 8.9282475e-02 5.6075547e-05 1.0940523e-04
 3.2221591e-03 3.8230378e-02]",[0.9833491  0.00198253 0.00338108 0.01128735],[0.9973836  0.00261643],"[9.68268068e-07 7.99994268e-06 1.08334969e-03 1.24298416e-01
 6.95852160e-01 1.73400894e-01 5.29068569e-03 6.38037964e-05
 1.77196080e-06]",0,White,20-39
/scratch/project_462000771/mengting/projects/bias/Proteus/prompt2/selected_faces/detected_sad/sad_person_0798_face0.png,White,White,Male,40-49,"[9.6372241e-01 2.1935482e-05 2.8257133e-02 2.8188058e-05 2.4148628e-04
 2.2296377e-03 5.4992801e-03]",[9.9712664e-01 3.5749290e-05 2.4739944e-04 2.5902672e-03],[9.999986e-01 1.374671e-06],"[1.0400960e-06 3.2966571e-05 3.5199728e-03 4.8572835e-02 4.3610984e-01
 4.8800758e-01 2.3552829e-02 2.0062939e-04 2.3410105e-06]",0,White,40-59
/scratch/project_462000771/mengting/projects/bias/Proteus/prompt2/selected_faces/detected_sad/sad_person_0799_face0.png,White,White,Male,30-39,"[7.8727168e-01 3.4887521e-04 1.1978788e-01 1.9027088e-05 9.3274939e-05
 1.1588800e-02 8.0890425e-02]",[9.5259160e-01 2.2994391e-04 3.7573130e-04 4.6802700e-02],[0.9969548  0.00304521],"[1.5525288e-06 7.0771207e-06 6.3426304e-04 7.5359821e-02 6.0836166e-01
 2.9906785e-01 1.6404951e-02 1.5825187e-04 4.4984449e-06]",0,White,20-39
/scratch/project_462000771/mengting/projects/bias/Proteus/prompt2/selected_faces/detected_sad/sad_person_0800_face0.png,White,White,Male,30-39,"[9.8714352e-01 3.0701965e-05 7.8234170e-03 3.0372942e-06 3.1346848e-05
 6.1202975e-04 4.3559908e-03]",[9.8919338e-01 1.9510736e-04 2.0512863e-04 1.0406466e-02],[9.9999857e-01 1.4606621e-06],"[3.4109780e-07 6.8565088e-05 2.9281503e-02 4.3595481e-01 4.5846924e-01
 7.5461261e-02 7.5881142e-04 5.4158736e-06 1.1043241e-07]",0,White,20-39
/scratch/project_462000771/mengting/projects/bias/Proteus/prompt2/selected_faces/detected_sad/sad_person_0801_face0.png,White,White,Male,40-49,"[8.6339962e-01 2.6947074e-04 5.3273305e-02 5.4976294e-06 3.4522269e-05
 3.5627757e-03 7.9454854e-02]",[9.9435163e-01 4.5610836e-05 1.0017375e-04 5.5026533e-03],[9.9999654e-01 3.4599730e-06],"[1.3918522e-06 6.4175024e-06 7.8930974e-04 2.8038403e-02 3.2456300e-01
 5.9000099e-01 5.5828031e-02 7.6634064e-04 6.1987862e-06]",0,White,40-59
/scratch/project_462000771/mengting/projects/bias/Proteus/prompt2/selected_faces/detected_sad/sad_person_0802_face0.png,White,White,Male,40-49,"[4.5401302e-01 8.0166792e-05 7.5229809e-02 2.7243233e-05 3.8624470e-04
 1.6347257e-02 4.5391625e-01]",[0.8640067  0.00160867 0.00502085 0.12936376],[9.9999988e-01 1.5451053e-07],"[4.1653093e-06 4.6839243e-05 2.7931689e-03 3.0086622e-02 4.0927616e-01
 5.3055519e-01 2.7038233e-02 1.9747054e-04 2.1177073e-06]",0,White,40-59
/scratch/project_462000771/mengting/projects/bias/Proteus/prompt2/selected_faces/detected_sad/sad_person_0803_face0.png,Latino_Hispanic,White,Male,40-49,"[3.0458865e-01 2.5782387e-03 4.5248276e-01 2.8809646e-04 3.0122260e-03
 7.4447304e-02 1.6260289e-01]",[0.92033964 0.00105933 0.00188893 0.07671218],[9.9999887e-01 1.1447341e-06],"[3.8987127e-06 9.8720075e-06 2.0350069e-04 1.5900971e-03 9.7383238e-02
 5.8364499e-01 3.1147665e-01 5.6419442e-03 4.5891935e-05]",0,Others,40-59
/scratch/project_462000771/mengting/projects/bias/Proteus/prompt2/selected_faces/detected_sad/sad_person_0804_face0.png,White,White,Male,40-49,"[8.2232094e-01 7.2929391e-04 5.8388714e-02 2.3946082e-05 1.3419587e-04
 2.1950579e-03 1.1620789e-01]",[9.86836612e-01 1.30042536e-04 3.61262646e-04 1.26720965e-02],[9.9997848e-01 2.1525851e-05],"[1.2382353e-06 5.7170846e-06 3.9895228e-04 2.8994646e-02 3.9716724e-01
 5.1972181e-01 5.2624803e-02 1.0599764e-03 2.5631900e-05]",0,White,40-59
/scratch/project_462000771/mengting/projects/bias/Proteus/prompt2/selected_faces/detected_sad/sad_person_0805_face0.png,White,White,Male,30-39,"[7.0246696e-01 7.1736466e-04 1.5550391e-01 3.3006349e-05 4.2796825e-04
 3.0511864e-02 1.1033884e-01]",[0.5185595  0.05255105 0.00271624 0.4261732 ],[9.9999982e-01 1.9991047e-07],"[1.4968638e-06 5.7040059e-05 6.4354814e-03 1.7030036e-01 6.4589477e-01
 1.7448597e-01 2.7930043e-03 3.1608666e-05 3.4944452e-07]",0,White,20-39
/scratch/project_462000771/mengting/projects/bias/Proteus/prompt2/selected_faces/detected_sad/sad_person_0806_face0.png,White,White,Male,30-39,"[7.8872836e-01 5.2987604e-04 1.6712821e-01 1.0013149e-04 3.7875050e-04
 3.6830492e-03 3.9451558e-02]",[9.8493350e-01 3.1682928e-04 2.7865442e-04 1.4471079e-02],[9.9999726e-01 2.7352353e-06],"[1.1379617e-06 1.4342028e-05 3.1219525e-03 2.0091075e-01 6.4085561e-01
 1.4937186e-01 5.6546275e-03 6.8810754e-05 9.7056386e-07]",0,White,20-39
/scratch/project_462000771/mengting/projects/bias/Proteus/prompt2/selected_faces/detected_sad/sad_person_0807_face0.png,White,White,Male,30-39,"[5.8235431e-01 1.1468522e-03 3.1251076e-01 2.3141541e-04 1.1207955e-03
 2.8085956e-02 7.4549951e-02]",[9.5711243e-01 3.4233174e-04 9.5938763e-04 4.1585941e-02],[9.999923e-01 7.732114e-06],"[8.8799270e-06 3.0101350e-05 1.5777858e-03 9.6523032e-02 5.9256536e-01
 2.8558984e-01 2.3364782e-02 3.3467528e-04 5.5963619e-06]",0,White,20-39
/scratch/project_462000771/mengting/projects/bias/Proteus/prompt2/selected_faces/detected_sad/sad_person_0808_face0.png,White,White,Male,30-39,"[7.8646660e-01 8.4534538e-04 1.3836323e-01 2.5333796e-04 1.4576180e-03
 2.5386499e-02 4.7227409e-02]",[0.88598466 0.00115152 0.00773113 0.10513274],[9.9996853e-01 3.1464457e-05],"[1.2620064e-06 3.4841029e-05 8.8585773e-03 3.1361282e-01 4.9484172e-01
 1.7588992e-01 6.6099144e-03 1.4829412e-04 2.7089643e-06]",0,White,20-39
/scratch/project_462000771/mengting/projects/bias/Proteus/prompt2/selected_faces/detected_sad/sad_person_0809_face0.png,White,White,Male,40-49,"[8.4211671e-01 3.9890534e-04 1.2605408e-01 1.8231808e-04 5.1860808e-04
 7.8292070e-03 2.2900160e-02]",[9.9587220e-01 1.4083585e-04 3.9576090e-04 3.5912120e-03],[9.9999422e-01 5.7895445e-06],"[1.4270370e-05 4.9246697e-05 1.1469239e-03 1.4121237e-02 2.6843965e-01
 5.7176965e-01 1.4277342e-01 1.6701436e-03 1.5442492e-05]",0,White,40-59
/scratch/project_462000771/mengting/projects/bias/Proteus/prompt2/selected_faces/detected_sad/sad_person_0810_face0.png,White,White,Male,30-39,"[6.6822654e-01 2.5304483e-04 5.9055854e-02 2.7257216e-05 4.0640178e-04
 1.5879232e-02 2.5615168e-01]",[0.8981636  0.0015729  0.00124149 0.09902184],[9.9999976e-01 2.6966254e-07],"[1.6961376e-06 2.2249056e-04 3.7112735e-02 2.3875976e-01 5.5169517e-01
 1.6985451e-01 2.3296855e-03 2.3582294e-05 2.7165075e-07]",1,White,20-39
/scratch/project_462000771/mengting/projects/bias/Proteus/prompt2/selected_faces/detected_sad/sad_person_0811_face0.png,Middle Eastern,White,Male,30-39,"[3.0551499e-01 7.6339138e-03 6.0473129e-02 8.2287143e-06 5.2856838e-05
 3.4992017e-03 6.2281775e-01]",[9.3033248e-01 3.3279840e-02 7.4259477e-04 3.5645165e-02],[9.9998945e-01 1.0608215e-05],"[7.0875276e-06 3.3960241e-05 1.1936378e-03 1.3703386e-01 6.6547698e-01
 1.8161163e-01 1.4036390e-02 5.8981031e-04 1.6549433e-05]",1,White,20-39
/scratch/project_462000771/mengting/projects/bias/Proteus/prompt2/selected_faces/detected_sad/sad_person_0812_face0.png,White,White,Male,40-49,"[9.9105245e-01 4.4132480e-06 4.8549068e-03 3.2593507e-06 1.1368968e-05
 1.9508984e-04 3.8785285e-03]",[9.9824840e-01 4.4868697e-04 8.4595602e-05 1.2183347e-03],[9.9997956e-01 2.0412141e-05],"[1.8823389e-06 3.8590137e-05 5.6202891e-03 5.8140408e-02 3.7657532e-01
 5.2795941e-01 3.1458393e-02 2.0258274e-04 3.0867309e-06]",1,White,40-59
/scratch/project_462000771/mengting/projects/bias/Proteus/prompt2/selected_faces/detected_sad/sad_person_0813_face0.png,White,White,Male,30-39,"[0.46013325 0.00328665 0.33114088 0.00119882 0.00719679 0.01890019
 0.17814334]",[0.879822   0.01913893 0.02183321 0.07920582],[9.9998182e-01 1.8189341e-05],"[4.0370501e-06 2.9661869e-05 3.1056353e-03 1.5939090e-01 5.7106453e-01
 2.4446747e-01 2.1187859e-02 7.2542659e-04 2.4617691e-05]",0,White,20-39
/scratch/project_462000771/mengting/projects/bias/Proteus/prompt2/selected_faces/detected_sad/sad_person_0814_face0.png,White,White,Male,40-49,"[8.8001198e-01 4.8249803e-04 5.3697284e-02 4.5335997e-05 2.5841399e-04
 3.2271945e-03 6.2277272e-02]",[9.9297929e-01 5.6593737e-04 4.5139317e-05 6.4095813e-03],[9.999997e-01 2.641297e-07],"[1.0223625e-05 4.4935608e-05 2.3775236e-03 3.0532939e-02 3.2075748e-01
 5.7321095e-01 7.1245864e-02 1.7963798e-03 2.3733288e-05]",0,White,40-59
/scratch/project_462000771/mengting/projects/bias/Proteus/prompt2/selected_faces/detected_sad/sad_person_0815_face0.png,White,White,Male,30-39,"[7.8338134e-01 5.7950951e-05 7.0020713e-02 9.2486771e-05 6.0050579e-04
 1.0267127e-02 1.3557984e-01]",[9.0802336e-01 7.5270719e-04 3.1014807e-03 8.8122480e-02],[9.9999756e-01 2.4810977e-06],"[2.2123029e-06 2.8451539e-05 1.7344567e-03 5.4261185e-02 6.3089901e-01
 3.0545604e-01 7.5648841e-03 5.3025091e-05 6.9673035e-07]",1,White,20-39
/scratch/project_462000771/mengting/projects/bias/Proteus/prompt2/selected_faces/detected_sad/sad_person_0816_face0.png,White,White,Male,30-39,"[7.7925700e-01 1.5941064e-04 1.2662241e-01 1.6710426e-04 4.6808264e-04
 9.3755992e-03 8.3950475e-02]",[0.7918486  0.00405354 0.01203697 0.19206089],[0.99587464 0.00412536],"[1.5077389e-07 3.2787596e-06 8.8324421e-04 9.4789535e-02 7.1524167e-01
 1.8564925e-01 3.3864470e-03 4.5270910e-05 1.1531205e-06]",0,White,20-39
/scratch/project_462000771/mengting/projects/bias/Proteus/prompt2/selected_faces/detected_sad/sad_person_0817_face0.png,White,White,Male,40-49,"[5.7439470e-01 4.0336003e-04 2.5584647e-01 1.3447645e-05 2.4217310e-04
 6.8423882e-02 1.0067591e-01]",[8.7278908e-01 8.5459003e-04 2.7788547e-04 1.2607846e-01],[9.9999952e-01 4.4820743e-07],"[1.37799125e-05 2.78596533e-04 1.04033174e-02 3.70442569e-02
 3.52322251e-01 5.59696019e-01 3.97011004e-02 5.36001229e-04
 4.67023483e-06]",1,White,40-59
/scratch/project_462000771/mengting/projects/bias/Proteus/prompt2/selected_faces/detected_sad/sad_person_0818_face0.png,Latino_Hispanic,White,Male,30-39,"[2.7695248e-01 2.4095473e-03 5.2152449e-01 1.8620955e-04 1.1915949e-03
 2.8569691e-02 1.6916589e-01]",[0.6988236  0.01069519 0.00772656 0.28275472],[9.9999785e-01 2.1766705e-06],"[4.1547497e-05 3.4633267e-04 8.4035983e-03 6.1726499e-02 4.9641132e-01
 3.9043543e-01 4.2134561e-02 4.9648748e-04 4.1800185e-06]",0,Others,20-39
/scratch/project_462000771/mengting/projects/bias/Proteus/prompt2/selected_faces/detected_sad/sad_person_0819_face0.png,White,White,Male,30-39,"[5.1006567e-01 2.2718581e-04 6.1023775e-02 3.7419068e-05 3.1534198e-04
 8.2643665e-03 4.2006624e-01]",[9.5909625e-01 2.7820822e-03 4.8095183e-04 3.7640668e-02],[9.9999595e-01 4.0591340e-06],"[6.1781002e-06 5.0935920e-05 2.1154687e-03 6.1277531e-02 5.6028605e-01
 3.6448529e-01 1.1585012e-02 1.8914949e-04 4.3748419e-06]",1,White,20-39
/scratch/project_462000771/mengting/projects/bias/Proteus/prompt2/selected_faces/detected_sad/sad_person_0820_face0.png,White,White,Male,30-39,"[9.3520147e-01 8.5534048e-05 3.0337010e-02 7.8330777e-06 3.1502870e-05
 8.2399294e-04 3.3512585e-02]",[9.9738693e-01 1.2976085e-04 2.3779909e-04 2.2455649e-03],[9.9973404e-01 2.6593381e-04],"[3.7017071e-07 9.6045105e-06 2.7215146e-03 3.5542497e-01 5.8862942e-01
 5.2493680e-02 7.1371644e-04 6.4720125e-06 1.4107468e-07]",0,White,20-39
/scratch/project_462000771/mengting/projects/bias/Proteus/prompt2/selected_faces/detected_sad/sad_person_0821_face0.png,White,White,Male,30-39,"[5.9742749e-01 4.1055493e-04 2.9284886e-01 1.3934234e-04 7.3261670e-04
 6.5676174e-03 1.0187358e-01]",[9.8634344e-01 6.3460285e-04 1.2773074e-03 1.1744580e-02],[9.9998653e-01 1.3416417e-05],"[7.5210102e-07 1.7334540e-05 7.0964596e-03 4.5830393e-01 4.8944995e-01
 4.4282839e-02 8.3994051e-04 8.7016906e-06 1.3538418e-07]",0,White,20-39
/scratch/project_462000771/mengting/projects/bias/Proteus/prompt2/selected_faces/detected_sad/sad_person_0822_face0.png,Latino_Hispanic,Indian,Male,40-49,"[3.4295088e-01 1.1260685e-02 3.5683388e-01 2.8017300e-04 3.1689766e-03
 8.1494838e-02 2.0401055e-01]",[0.38928917 0.01036246 0.0049671  0.59538126],[9.999999e-01 1.234202e-07],"[5.6753906e-05 3.6290730e-04 5.3416849e-03 2.0523727e-02 1.9511983e-01
 5.6639302e-01 2.0382287e-01 8.2540577e-03 1.2521437e-04]",0,Others,40-59
/scratch/project_462000771/mengting/projects/bias/Proteus/prompt2/selected_faces/detected_sad/sad_person_0823_face0.png,Middle Eastern,White,Male,30-39,"[1.7952801e-01 5.8575771e-03 2.7084741e-01 5.8338872e-05 4.1389291e-04
 4.7029294e-02 4.9626544e-01]",[0.75348216 0.00933657 0.00287089 0.23431034],[9.999599e-01 4.008385e-05],"[4.5017750e-06 4.3539469e-05 2.0723855e-03 1.5088072e-01 6.7110753e-01
 1.6859226e-01 7.1678087e-03 1.2707592e-04 4.1180610e-06]",1,Others,20-39
/scratch/project_462000771/mengting/projects/bias/Proteus/prompt2/selected_faces/detected_sad/sad_person_0824_face0.png,White,White,Male,30-39,"[4.5077017e-01 3.2671940e-04 1.5277229e-01 5.8305621e-05 2.3890843e-04
 8.8845668e-03 3.8694903e-01]",[9.8366505e-01 9.4312686e-04 4.5268633e-04 1.4939160e-02],[9.9998796e-01 1.2113082e-05],"[3.73727676e-06 3.74511001e-05 1.84350717e-03 1.02865875e-01
 6.65129125e-01 2.24050179e-01 5.99850807e-03 7.05067505e-05
 1.06134553e-06]",1,White,20-39
/scratch/project_462000771/mengting/projects/bias/Proteus/prompt2/selected_faces/detected_sad/sad_person_0825_face0.png,White,White,Male,50-59,"[4.21731740e-01 2.10417211e-02 2.52781689e-01 7.09108863e-05
 1.47690298e-03 2.00723559e-01 1.02173515e-01]",[0.8478645  0.00749959 0.0079693  0.13666658],[9.9986726e-01 1.3277857e-04],"[9.3044837e-06 1.6637629e-05 1.8018756e-04 2.9923327e-03 7.5132228e-02
 4.3842033e-01 4.4035167e-01 4.0219933e-02 2.6774353e-03]",0,White,40-59
/scratch/project_462000771/mengting/projects/bias/Proteus/prompt2/selected_faces/detected_sad/sad_person_0826_face0.png,White,White,Male,40-49,"[6.2829119e-01 2.1598562e-04 1.8911946e-01 2.8504571e-04 1.2886069e-03
 9.8436372e-03 1.7095618e-01]",[9.9712336e-01 7.4911877e-05 4.0318552e-04 2.3985412e-03],[9.9999934e-01 6.0834583e-07],"[3.4679383e-06 1.2723507e-05 2.5795196e-04 3.6071029e-03 1.8043321e-01
 7.0924288e-01 1.0555185e-01 8.8588876e-04 4.9490604e-06]",1,White,40-59
/scratch/project_462000771/mengting/projects/bias/Proteus/prompt2/selected_faces/detected_sad/sad_person_0827_face0.png,White,White,Male,30-39,"[5.32510340e-01 1.74309639e-03 1.22144200e-01 2.36213473e-05
 1.12459995e-04 5.80125209e-03 3.37665051e-01]",[9.5585722e-01 2.2682273e-03 1.6959944e-04 4.1704994e-02],[9.9999350e-01 6.4812116e-06],"[1.7367181e-05 1.2673813e-04 2.9488679e-03 9.2001751e-02 5.8938992e-01
 2.9510209e-01 2.0063439e-02 3.4459410e-04 5.2026517e-06]",1,White,20-39
/scratch/project_462000771/mengting/projects/bias/Proteus/prompt2/selected_faces/detected_sad/sad_person_0828_face0.png,Latino_Hispanic,White,Male,40-49,"[2.4302737e-01 6.2350527e-04 3.6408427e-01 1.7288176e-04 2.4006269e-03
 4.9757596e-02 3.3993372e-01]",[9.0271252e-01 2.3297626e-04 1.3109706e-03 9.5743537e-02],[9.9999851e-01 1.5097552e-06],"[2.3773775e-05 2.7738503e-04 1.1777088e-02 6.4085789e-02 4.3427268e-01
 4.3514752e-01 5.3072505e-02 1.3282858e-03 1.4928584e-05]",0,Others,40-59
/scratch/project_462000771/mengting/projects/bias/Proteus/prompt2/selected_faces/detected_sad/sad_person_0829_face0.png,White,White,Male,40-49,"[5.6613040e-01 1.1483855e-03 2.1500847e-01 5.0633919e-04 1.4122828e-03
 8.8288030e-03 2.0696531e-01]",[9.3942666e-01 1.3696260e-03 9.0392685e-04 5.8299862e-02],[9.9999845e-01 1.5826972e-06],"[1.9223629e-05 5.7709760e-05 8.5933786e-04 1.4567278e-02 3.3938140e-01
 5.7218820e-01 7.1745336e-02 1.1674167e-03 1.4035889e-05]",0,White,40-59
/scratch/project_462000771/mengting/projects/bias/Proteus/prompt2/selected_faces/detected_sad/sad_person_0830_face0.png,White,White,Male,40-49,"[9.4163257e-01 1.8362526e-04 1.9076254e-02 4.1729909e-06 2.4986959e-05
 2.0036590e-03 3.7074707e-02]",[9.9439663e-01 1.1567356e-03 4.8352184e-05 4.3983203e-03],[0.9880539 0.0119461],"[3.2141267e-07 2.6195648e-06 3.6142068e-04 2.8175954e-02 4.1839662e-01
 4.8267159e-01 6.9171771e-02 1.1847728e-03 3.4900266e-05]",0,White,40-59
/scratch/project_462000771/mengting/projects/bias/Proteus/prompt2/selected_faces/detected_sad/sad_person_0831_face0.png,Latino_Hispanic,White,Male,40-49,"[1.7941386e-01 2.4892578e-02 5.0579351e-01 1.3659096e-04 1.1190855e-03
 6.6461965e-02 2.2218247e-01]",[0.8931866  0.00850512 0.00949054 0.08881772],[9.999928e-01 7.197945e-06],"[5.1665222e-05 1.8685202e-04 1.8578192e-03 3.0285880e-02 4.2035612e-01
 4.7018105e-01 7.5175501e-02 1.8740561e-03 3.1120740e-05]",0,Others,40-59
/scratch/project_462000771/mengting/projects/bias/Proteus/prompt2/selected_faces/detected_sad/sad_person_0832_face0.png,White,White,Male,30-39,"[8.2953858e-01 2.3290928e-04 9.4241306e-02 4.8696157e-04 1.0398398e-03
 1.9005938e-03 7.2559878e-02]",[0.9516482  0.00298282 0.00312286 0.04224622],[9.9992114e-01 7.8883488e-05],"[3.3264960e-06 2.7114105e-05 2.2259275e-03 1.1613163e-01 6.2477416e-01
 2.3894317e-01 1.7522931e-02 3.6207450e-04 9.7360735e-06]",0,White,20-39
/scratch/project_462000771/mengting/projects/bias/Proteus/prompt2/selected_faces/detected_sad/sad_person_0833_face0.png,Middle Eastern,White,Male,30-39,"[4.5104828e-01 2.8817606e-04 8.0772132e-02 5.4339387e-05 1.8657684e-04
 4.4231336e-03 4.6322742e-01]",[9.6990287e-01 7.4723363e-04 5.1549933e-04 2.8834321e-02],[9.9983478e-01 1.6518794e-04],"[5.57823250e-06 1.16209085e-05 1.68397662e-03 7.97057450e-02
 4.93491858e-01 3.93029690e-01 3.15732397e-02 4.89352620e-04
 9.01339899e-06]",0,White,20-39
/scratch/project_462000771/mengting/projects/bias/Proteus/prompt2/selected_faces/detected_sad/sad_person_0834_face0.png,White,White,Male,30-39,"[7.4538791e-01 7.7245953e-05 9.1301009e-02 9.0686182e-05 2.3652629e-04
 6.4886925e-03 1.5641791e-01]",[9.7225296e-01 2.2785262e-04 7.9642766e-04 2.6722813e-02],[9.999901e-01 9.921209e-06],"[2.3069151e-07 3.8374096e-06 5.1051931e-04 8.3198108e-02 7.4402016e-01
 1.7049968e-01 1.7613410e-03 5.9966642e-06 7.6497400e-08]",1,White,20-39
/scratch/project_462000771/mengting/projects/bias/Proteus/prompt2/selected_faces/detected_sad/sad_person_0835_face0.png,White,White,Male,30-39,"[6.6104388e-01 2.0766750e-04 2.2440664e-01 9.9444929e-05 6.0590496e-04
 2.9266240e-02 8.4370203e-02]",[8.1318504e-01 1.4606030e-03 4.7591369e-04 1.8487850e-01],[9.9999994e-01 1.0605368e-07],"[2.6281034e-06 3.7452035e-05 1.5946708e-03 3.6065623e-02 5.1265574e-01
 4.3313959e-01 1.6420871e-02 8.2979721e-05 5.2237988e-07]",0,White,20-39
/scratch/project_462000771/mengting/projects/bias/Proteus/prompt2/selected_faces/detected_sad/sad_person_0836_face0.png,White,White,Male,40-49,"[8.4485191e-01 6.1748764e-03 1.1433295e-01 6.6853747e-05 2.4952251e-04
 1.1906557e-02 2.2417298e-02]",[0.9668893  0.0108468  0.00107792 0.0211859 ],[9.9999881e-01 1.2061848e-06],"[1.3941361e-06 1.8397582e-06 6.0782961e-05 3.4680136e-03 1.5487279e-01
 5.8966833e-01 2.4913511e-01 2.7607102e-03 3.1029092e-05]",0,White,40-59
/scratch/project_462000771/mengting/projects/bias/Proteus/prompt2/selected_faces/detected_sad/sad_person_0837_face0.png,White,White,Male,40-49,"[6.7290026e-01 8.3947147e-04 2.6477396e-01 5.7514855e-05 4.4189082e-04
 1.5588760e-02 4.5398068e-02]",[9.6184057e-01 1.2572785e-03 6.1791023e-04 3.6284182e-02],[9.9999869e-01 1.2996701e-06],"[3.5137527e-05 1.8969145e-04 4.8692957e-03 1.3734081e-02 2.0740606e-01
 5.8339536e-01 1.8682215e-01 3.5228098e-03 2.5427242e-05]",0,White,40-59
/scratch/project_462000771/mengting/projects/bias/Proteus/prompt2/selected_faces/detected_sad/sad_person_0838_face0.png,White,White,Male,40-49,"[9.6759826e-01 3.1198529e-06 1.0424701e-02 7.3690626e-06 2.3616880e-05
 2.4792954e-04 2.1694999e-02]",[9.9969190e-01 6.0461603e-06 6.5437314e-05 2.3664581e-04],[9.9999738e-01 2.6396833e-06],"[3.7600628e-07 1.1078687e-06 1.2076058e-04 3.0880140e-03 1.4517547e-01
 7.2301054e-01 1.2779757e-01 7.9959340e-04 6.4647543e-06]",1,White,40-59
/scratch/project_462000771/mengting/projects/bias/Proteus/prompt2/selected_faces/detected_sad/sad_person_0839_face0.png,White,White,Male,30-39,"[8.0885470e-01 9.6638029e-04 1.5938972e-01 3.2496959e-04 6.1380304e-04
 2.8563344e-03 2.6994169e-02]",[0.9453978  0.02128698 0.00319112 0.03012405],[0.9227855  0.07721444],"[1.9270688e-06 1.3286863e-05 2.4913016e-03 1.3548775e-01 4.9807462e-01
 2.8522840e-01 7.2413072e-02 5.9619481e-03 3.2770308e-04]",1,White,20-39
/scratch/project_462000771/mengting/projects/bias/Proteus/prompt2/selected_faces/detected_sad/sad_person_0841_face0.png,White,White,Male,40-49,"[9.4983351e-01 2.9933937e-05 3.9357178e-02 4.3351365e-06 4.0484298e-05
 6.2694884e-04 1.0107492e-02]",[9.9369955e-01 7.8377547e-05 1.8419328e-04 6.0379268e-03],[9.9999833e-01 1.6878220e-06],"[1.1433897e-06 1.1471662e-05 2.4714766e-03 5.7086110e-02 4.5538667e-01
 4.5567530e-01 2.9123720e-02 2.4235036e-04 1.7480462e-06]",0,White,40-59
/scratch/project_462000771/mengting/projects/bias/Proteus/prompt2/selected_faces/detected_sad/sad_person_0842_face0.png,Latino_Hispanic,Indian,Male,40-49,"[3.5975096e-01 6.1993971e-03 3.6615014e-01 2.4773614e-04 2.3722374e-03
 1.5840426e-01 1.0687522e-01]",[0.30143663 0.02061327 0.00509557 0.6728546 ],[9.9988019e-01 1.1982289e-04],"[3.8317026e-05 1.7846684e-04 4.1094669e-03 4.2597771e-02 3.1195363e-01
 4.4055191e-01 1.9465485e-01 5.7652150e-03 1.5036423e-04]",0,Others,40-59
/scratch/project_462000771/mengting/projects/bias/Proteus/prompt2/selected_faces/detected_sad/sad_person_0843_face0.png,White,White,Male,30-39,"[9.9261850e-01 1.2380414e-05 5.8648870e-03 2.9386956e-05 1.9132764e-04
 4.4870802e-04 8.3479547e-04]",[9.8949796e-01 3.8555099e-05 3.8095712e-04 1.0082558e-02],[9.9999774e-01 2.2584786e-06],"[6.5657679e-07 1.6280030e-05 8.5388804e-03 1.8316910e-01 4.6935660e-01
 3.1080696e-01 2.7555063e-02 5.4896559e-04 7.4749069e-06]",1,White,20-39
/scratch/project_462000771/mengting/projects/bias/Proteus/prompt2/selected_faces/detected_sad/sad_person_0844_face0.png,Middle Eastern,White,Male,30-39,"[1.5499184e-01 5.8879936e-03 1.4096467e-01 2.6249194e-05 1.6214808e-04
 3.2956433e-02 6.6501075e-01]",[0.54953545 0.01069567 0.00408914 0.43567973],[9.9999708e-01 2.9910548e-06],"[1.9513973e-05 2.3805735e-05 2.9685826e-04 3.0541677e-02 4.8137724e-01
 4.2840677e-01 5.7796557e-02 1.5070627e-03 3.0526808e-05]",0,White,20-39
/scratch/project_462000771/mengting/projects/bias/Proteus/prompt2/selected_faces/detected_sad/sad_person_0845_face0.png,White,White,Male,40-49,"[9.8744631e-01 7.4081495e-06 3.4645521e-03 3.3995998e-06 1.5194517e-05
 1.6056847e-04 8.9026010e-03]",[9.9932563e-01 4.1314877e-05 1.9172425e-04 4.4140892e-04],[0.9444841  0.05551589],"[3.0539130e-07 1.2890554e-06 1.9249320e-04 3.1724691e-02 3.2431945e-01
 5.7461888e-01 6.8174779e-02 9.3143666e-04 3.6649766e-05]",0,White,40-59
/scratch/project_462000771/mengting/projects/bias/Proteus/prompt2/selected_faces/detected_sad/sad_person_0846_face0.png,Middle Eastern,White,Male,30-39,"[3.5643676e-01 6.2979697e-03 1.6537459e-01 3.6287012e-05 2.7030730e-04
 1.3134778e-02 4.5844927e-01]",[8.2971066e-01 8.9331288e-03 4.0945885e-04 1.6094679e-01],[9.9999291e-01 7.1209292e-06],"[5.0753437e-07 3.9937845e-06 5.3350534e-04 7.9288244e-02 7.0264864e-01
 2.1123834e-01 6.2227012e-03 6.2928855e-05 1.0980059e-06]",0,White,20-39
/scratch/project_462000771/mengting/projects/bias/Proteus/prompt2/selected_faces/detected_sad/sad_person_0847_face0.png,White,White,Male,40-49,"[9.7927964e-01 1.6218737e-05 1.3633961e-02 1.5767006e-05 4.9505288e-05
 4.3433541e-04 6.5705529e-03]",[9.9960417e-01 9.2566894e-05 1.3044340e-04 1.7285616e-04],[9.993337e-01 6.663107e-04],"[4.7081286e-07 2.1530641e-06 2.7803768e-04 7.8488458e-03 1.7298786e-01
 6.7990381e-01 1.3695931e-01 1.9920687e-03 2.7408469e-05]",1,White,40-59
/scratch/project_462000771/mengting/projects/bias/Proteus/prompt2/selected_faces/detected_sad/sad_person_0848_face0.png,White,White,Male,40-49,"[9.8063070e-01 4.9432394e-05 7.6238234e-03 4.7547488e-05 1.1119626e-03
 5.0723464e-03 5.4642879e-03]",[9.2584366e-01 6.7574380e-04 5.1383572e-03 6.8342283e-02],[9.9999475e-01 5.2789264e-06],"[1.1732576e-06 2.8294429e-05 5.9039723e-03 9.0695277e-02 3.1978786e-01
 4.9744657e-01 8.3411247e-02 2.6654839e-03 6.0158418e-05]",0,White,40-59
/scratch/project_462000771/mengting/projects/bias/Proteus/prompt2/selected_faces/detected_sad/sad_person_0849_face0.png,White,White,Male,40-49,"[7.7904373e-01 2.2720655e-04 3.9037306e-02 4.1604699e-06 2.6892900e-05
 4.1305348e-03 1.7753015e-01]",[9.9796158e-01 2.5369486e-04 6.5799490e-05 1.7188916e-03],[0.9972433  0.00275673],"[5.1986156e-08 1.9061210e-07 8.9291716e-05 1.8557139e-02 3.8203484e-01
 5.0743371e-01 9.0458676e-02 1.3969989e-03 2.9091498e-05]",0,White,40-59
/scratch/project_462000771/mengting/projects/bias/Proteus/prompt2/selected_faces/detected_sad/sad_person_0850_face0.png,White,White,Male,30-39,"[7.8493828e-01 1.4427232e-04 4.6649121e-02 1.8186325e-05 2.6253544e-04
 1.4880585e-02 1.5310696e-01]",[9.5504266e-01 5.1397219e-04 5.3291389e-04 4.3910343e-02],[9.999990e-01 9.844896e-07],"[7.2396347e-06 1.4343420e-04 5.4534054e-03 5.7415005e-02 4.8687422e-01
 4.3202186e-01 1.7880939e-02 2.0058754e-04 3.3630236e-06]",1,White,20-39
/scratch/project_462000771/mengting/projects/bias/Proteus/prompt2/selected_faces/detected_sad/sad_person_0851_face0.png,Middle Eastern,White,Male,30-39,"[3.2924443e-01 3.7599140e-04 6.6472515e-02 2.6849443e-07 1.2635871e-05
 6.0479417e-02 5.4341471e-01]",[7.2207910e-01 3.7044617e-03 8.1166683e-05 2.7413526e-01],[9.9999946e-01 4.8367230e-07],"[9.9693779e-08 3.2706682e-06 9.3040621e-04 4.7035180e-02 5.8991426e-01
 3.5499415e-01 7.0666852e-03 5.5215620e-05 6.5974524e-07]",0,White,20-39
/scratch/project_462000771/mengting/projects/bias/Proteus/prompt2/selected_faces/detected_sad/sad_person_0852_face0.png,White,White,Male,40-49,"[5.7529116e-01 1.2848283e-04 2.9471556e-02 3.6452740e-05 1.5227732e-04
 1.0908799e-02 3.8401127e-01]",[9.7256368e-01 1.0154153e-04 7.5728766e-04 2.6577542e-02],[9.999994e-01 5.977547e-07],"[3.4152445e-06 4.8855331e-06 2.0844831e-04 4.8763310e-03 1.4291990e-01
 6.7198074e-01 1.7571105e-01 4.2173639e-03 7.7895573e-05]",0,White,40-59
/scratch/project_462000771/mengting/projects/bias/Proteus/prompt2/selected_faces/detected_sad/sad_person_0853_face0.png,White,White,Male,30-39,"[8.5926890e-01 1.6106662e-04 6.2165104e-02 1.2377205e-05 4.0775369e-05
 1.3314508e-03 7.7020310e-02]",[9.8985505e-01 3.2546401e-03 5.3319905e-04 6.3571171e-03],[0.993974   0.00602607],"[2.8548811e-07 2.0891553e-06 4.2763317e-04 6.8790093e-02 6.9609731e-01
 2.2655858e-01 8.0345580e-03 8.7823690e-05 1.5987081e-06]",0,White,20-39
/scratch/project_462000771/mengting/projects/bias/Proteus/prompt2/selected_faces/detected_sad/sad_person_0854_face0.png,White,White,Male,40-49,"[4.2208949e-01 3.5340721e-03 2.7226320e-01 1.4759813e-04 4.7370227e-04
 3.4567654e-02 2.6692426e-01]",[9.6635211e-01 7.9541199e-04 1.6328246e-04 3.2689311e-02],[9.9998546e-01 1.4538048e-05],"[1.9839077e-05 2.3238978e-05 4.4973337e-04 2.3810832e-02 4.0931463e-01
 4.9151510e-01 7.3129639e-02 1.7050267e-03 3.1931500e-05]",1,White,40-59
/scratch/project_462000771/mengting/projects/bias/Proteus/prompt2/selected_faces/detected_sad/sad_person_0855_face0.png,White,White,Male,40-49,"[6.49923742e-01 3.02069937e-03 2.23724872e-01 2.27708311e-04
 1.09458924e-03 1.99329276e-02 1.02075465e-01]",[0.945258   0.00562147 0.00258572 0.04653475],[9.9999827e-01 1.7383079e-06],"[8.5508473e-06 2.4707821e-05 4.8679742e-04 1.8479530e-02 2.9731792e-01
 5.8106494e-01 1.0104004e-01 1.5585094e-03 1.9087409e-05]",0,White,40-59
/scratch/project_462000771/mengting/projects/bias/Proteus/prompt2/selected_faces/detected_sad/sad_person_0856_face0.png,White,White,Male,40-49,"[8.8329703e-01 3.9546704e-04 4.4126436e-02 1.3100475e-05 3.5097214e-04
 1.6045228e-02 5.5771686e-02]",[9.9200153e-01 1.2152845e-03 4.6319031e-04 6.3199592e-03],[9.9999982e-01 1.3349128e-07],"[7.5205098e-06 2.2105577e-04 9.7385747e-03 6.3589819e-02 3.5524765e-01
 5.2338398e-01 4.6831630e-02 9.6400391e-04 1.5707128e-05]",0,White,40-59
/scratch/project_462000771/mengting/projects/bias/Proteus/prompt2/selected_faces/detected_sad/sad_person_0857_face0.png,White,White,Male,40-49,"[9.3255067e-01 3.1833028e-05 1.8527523e-02 9.0799353e-05 1.2773180e-03
 4.4359248e-03 4.3085929e-02]",[9.9020654e-01 5.6604717e-05 3.0909863e-03 6.6458588e-03],[9.9999845e-01 1.5070908e-06],"[2.0179970e-05 3.9158616e-04 1.0751339e-02 4.9649347e-02 3.2321623e-01
 5.4444599e-01 7.0006549e-02 1.4915980e-03 2.7229855e-05]",0,White,40-59
/scratch/project_462000771/mengting/projects/bias/Proteus/prompt2/selected_faces/detected_sad/sad_person_0858_face0.png,White,White,Male,40-49,"[5.5634129e-01 4.2324301e-04 9.2681423e-03 2.3938233e-06 1.6219763e-05
 1.1162442e-03 4.3283239e-01]",[9.9467927e-01 1.2337532e-03 1.6834072e-04 3.9185728e-03],[9.999992e-01 7.735212e-07],"[7.0456963e-07 2.7927272e-06 1.6046419e-04 8.6076083e-03 2.1682006e-01
 7.1319151e-01 6.0645442e-02 5.6491687e-04 6.5726144e-06]",0,White,40-59
/scratch/project_462000771/mengting/projects/bias/Proteus/prompt2/selected_faces/detected_sad/sad_person_0859_face0.png,White,White,Male,40-49,"[7.4261576e-01 6.9872345e-05 8.9230321e-02 6.6068118e-05 2.1252826e-04
 3.2967553e-03 1.6450858e-01]",[9.9074429e-01 1.3759000e-04 1.5373672e-04 8.9643467e-03],[9.999991e-01 8.837049e-07],"[5.2664232e-06 2.3450784e-05 9.8155020e-04 2.7425518e-02 4.1503787e-01
 5.1295793e-01 4.3174669e-02 3.9003562e-04 3.6821134e-06]",1,White,40-59
/scratch/project_462000771/mengting/projects/bias/Proteus/prompt2/selected_faces/detected_sad/sad_person_0860_face0.png,White,White,Male,30-39,"[9.7042525e-01 3.6916933e-06 8.0828657e-03 6.0384202e-05 1.1056615e-04
 7.8615727e-04 2.0531043e-02]",[9.9773407e-01 1.5883954e-05 8.0459297e-04 1.4454704e-03],[9.9996716e-01 3.2844036e-05],"[7.2636158e-07 6.4258188e-06 5.7264371e-04 4.7229193e-02 5.6931317e-01
 3.7521926e-01 7.6187146e-03 3.9282058e-05 5.8264857e-07]",1,White,20-39
/scratch/project_462000771/mengting/projects/bias/Proteus/prompt2/selected_faces/detected_sad/sad_person_0861_face0.png,White,White,Male,40-49,"[8.4762794e-01 8.4575702e-05 1.8988859e-02 1.1547975e-04 4.5078859e-04
 2.4427662e-03 1.3028958e-01]",[9.9526268e-01 7.5413722e-05 1.2023087e-03 3.4596983e-03],[9.9998820e-01 1.1772007e-05],"[9.8755281e-06 1.9081763e-05 4.0487500e-04 3.6811996e-03 9.5371351e-02
 5.5294108e-01 3.3279866e-01 1.4290162e-02 4.8371058e-04]",0,White,40-59
/scratch/project_462000771/mengting/projects/bias/Proteus/prompt2/selected_faces/detected_sad/sad_person_0862_face0.png,White,White,Male,30-39,"[6.0434312e-01 1.0732654e-03 1.2202966e-01 2.7500844e-05 1.4923501e-04
 7.1705580e-03 2.6520663e-01]",[9.6437341e-01 2.1539445e-03 3.3878765e-04 3.3133838e-02],[9.9998850e-01 1.1543943e-05],"[2.7919612e-06 4.1450978e-05 2.1774576e-03 1.4747687e-01 6.7447704e-01
 1.7023748e-01 5.5069947e-03 7.8470905e-05 1.3955846e-06]",0,White,20-39
/scratch/project_462000771/mengting/projects/bias/Proteus/prompt2/selected_faces/detected_sad/sad_person_0863_face0.png,White,White,Male,30-39,"[6.6421139e-01 1.4559750e-04 8.6838834e-02 1.8657551e-05 1.4591916e-04
 3.1178085e-02 2.1746148e-01]",[8.9731860e-01 1.7687031e-04 7.6000630e-05 1.0242862e-01],[9.9999976e-01 2.7528171e-07],"[2.7269900e-06 6.7889290e-05 6.9155726e-03 9.1816634e-02 5.4095036e-01
 3.4904543e-01 1.1088068e-02 1.1201204e-04 1.3200780e-06]",0,White,20-39
/scratch/project_462000771/mengting/projects/bias/Proteus/prompt2/selected_faces/detected_sad/sad_person_0864_face0.png,White,White,Male,30-39,"[8.6417574e-01 9.2741655e-05 8.8786669e-02 4.1462332e-05 2.3015951e-04
 3.6845151e-03 4.2988703e-02]",[9.6521795e-01 2.3770747e-04 2.3634285e-04 3.4307979e-02],[9.9999642e-01 3.5775367e-06],"[2.45824867e-06 1.13126525e-05 1.08055305e-03 4.22260389e-02
 5.11726618e-01 4.07652706e-01 3.69701311e-02 3.26042937e-04
 4.12766985e-06]",0,White,20-39
/scratch/project_462000771/mengting/projects/bias/Proteus/prompt2/selected_faces/detected_sad/sad_person_0865_face0.png,White,White,Male,30-39,"[9.7324967e-01 2.3644820e-05 7.5049535e-03 4.5721840e-06 1.8001418e-05
 1.8093790e-04 1.9018229e-02]",[0.9876064  0.00320299 0.00105065 0.00813997],[9.9926323e-01 7.3680514e-04],"[4.3278408e-08 7.8049675e-07 3.0982101e-04 9.0711713e-02 7.8684354e-01
 1.2081935e-01 1.3086621e-03 6.0105267e-06 1.0379100e-07]",0,White,20-39
/scratch/project_462000771/mengting/projects/bias/Proteus/prompt2/selected_faces/detected_sad/sad_person_0866_face0.png,White,White,Male,20-29,"[7.5093377e-01 6.5196515e-04 1.0850749e-01 3.9415267e-05 3.1951847e-04
 2.2860931e-02 1.1668687e-01]",[9.5285082e-01 3.7277676e-03 4.0280088e-04 4.3018643e-02],[9.9999958e-01 4.2622693e-07],"[2.3819662e-06 2.3291983e-04 3.8734354e-02 6.4086330e-01 3.0332020e-01
 1.6698360e-02 1.4524651e-04 3.1730349e-06 4.9669723e-08]",1,White,20-39
/scratch/project_462000771/mengting/projects/bias/Proteus/prompt2/selected_faces/detected_sad/sad_person_0867_face0.png,White,White,Male,30-39,"[4.9361435e-01 2.0540177e-03 2.8766647e-01 8.7464286e-05 2.6955572e-04
 1.4198603e-02 2.0210947e-01]",[0.92327917 0.03651724 0.00585115 0.03435245],[0.9931527  0.00684729],"[7.28015380e-07 4.57881470e-06 9.12146526e-04 1.19761065e-01
 7.25117922e-01 1.49481967e-01 4.65246523e-03 6.79013901e-05
 1.26550231e-06]",0,White,20-39
/scratch/project_462000771/mengting/projects/bias/Proteus/prompt2/selected_faces/detected_sad/sad_person_0868_face0.png,White,White,Male,40-49,"[8.7039471e-01 1.3457614e-04 8.4524766e-02 2.1160375e-04 1.5809633e-03
 3.2136801e-03 3.9939661e-02]",[0.9686447  0.00134715 0.01120929 0.0187989 ],[9.9999434e-01 5.6686854e-06],"[1.2374117e-06 1.1563765e-05 3.8047927e-04 1.0002290e-02 3.0622274e-01
 6.2949687e-01 5.3336058e-02 5.3965527e-04 9.1315878e-06]",0,White,40-59
/scratch/project_462000771/mengting/projects/bias/Proteus/prompt2/selected_faces/detected_sad/sad_person_0869_face0.png,Latino_Hispanic,White,Male,40-49,"[0.34381127 0.00190389 0.41120872 0.0004804  0.00127922 0.05411171
 0.18720472]",[9.3763101e-01 7.5875717e-04 2.1965597e-03 5.9413627e-02],[9.9998420e-01 1.5786361e-05],"[9.0271824e-06 1.4452635e-05 4.0780523e-04 8.5333381e-03 2.8357014e-01
 5.8025032e-01 1.2547037e-01 1.7177667e-03 2.6815580e-05]",0,Others,40-59
/scratch/project_462000771/mengting/projects/bias/Proteus/prompt2/selected_faces/detected_sad/sad_person_0870_face0.png,White,White,Male,30-39,"[5.6296575e-01 5.1119766e-04 3.3276132e-01 7.5124750e-05 1.0185515e-03
 3.1386498e-02 7.1281545e-02]",[9.8958683e-01 6.7055385e-05 5.8218185e-04 9.7639533e-03],[9.999996e-01 4.057321e-07],"[5.9481258e-06 3.9064715e-05 2.3433107e-03 4.0913574e-02 4.6560091e-01
 4.3938002e-01 5.0876353e-02 8.3476125e-04 6.1279793e-06]",0,White,20-39
/scratch/project_462000771/mengting/projects/bias/Proteus/prompt2/selected_faces/detected_sad/sad_person_0871_face0.png,Latino_Hispanic,White,Male,30-39,"[4.0878928e-01 7.5920830e-03 5.1388103e-01 3.2773329e-04 1.6661217e-03
 2.3319671e-02 4.4424068e-02]",[0.87185735 0.00778523 0.00320195 0.11715552],[9.9996483e-01 3.5101795e-05],"[1.1883680e-05 5.9882514e-05 3.5795979e-03 1.1647466e-01 5.7154292e-01
 2.8204295e-01 2.5787944e-02 4.9111387e-04 8.9708365e-06]",0,Others,20-39
/scratch/project_462000771/mengting/projects/bias/Proteus/prompt2/selected_faces/detected_sad/sad_person_0872_face0.png,White,White,Male,40-49,"[9.8892623e-01 4.3860255e-06 4.5447345e-03 3.8776809e-05 5.4614229e-05
 9.7566066e-05 6.3337074e-03]",[9.9974072e-01 9.1975028e-07 8.7282817e-05 1.7117498e-04],[9.9995953e-01 4.0482464e-05],"[2.8035722e-06 2.5721236e-05 1.1508805e-03 2.4132349e-02 3.9040354e-01
 5.4847014e-01 3.5509422e-02 3.0028241e-04 4.8692696e-06]",1,White,40-59
/scratch/project_462000771/mengting/projects/bias/Proteus/prompt2/selected_faces/detected_sad/sad_person_0873_face0.png,Latino_Hispanic,White,Male,30-39,"[4.03139561e-01 3.52511741e-02 4.14022326e-01 1.43201314e-05
 1.20735138e-04 2.73921434e-02 1.20059736e-01]",[0.5081838  0.14833184 0.0011473  0.34233713],[0.9984626  0.00153739],"[5.5433429e-07 6.3112507e-06 6.0821924e-04 7.5312071e-02 7.4248421e-01
 1.7525782e-01 6.2527126e-03 7.6519405e-05 1.6502636e-06]",0,Others,20-39
/scratch/project_462000771/mengting/projects/bias/Proteus/prompt2/selected_faces/detected_sad/sad_person_0874_face0.png,White,White,Male,40-49,"[7.9410022e-01 1.8271255e-04 4.1468270e-02 6.5321590e-05 5.3314358e-04
 2.1691829e-02 1.4195852e-01]",[9.5204836e-01 6.1670417e-04 1.9749312e-03 4.5359973e-02],[9.9999994e-01 3.6412168e-08],"[9.5160976e-07 3.4344425e-06 2.6804296e-04 1.8598879e-02 3.1967920e-01
 6.1824948e-01 4.2836040e-02 3.5976933e-04 4.2698366e-06]",0,White,40-59
/scratch/project_462000771/mengting/projects/bias/Proteus/prompt2/selected_faces/detected_sad/sad_person_0875_face0.png,White,White,Male,30-39,"[4.2131484e-01 3.5855608e-04 1.8692255e-01 8.0693702e-05 2.7605245e-04
 6.3118022e-03 3.8473549e-01]",[0.79823107 0.05787371 0.01751637 0.12637885],[0.9983193 0.0016807],"[2.48195164e-07 2.38605367e-06 7.48027232e-04 1.03174865e-01
 7.85333335e-01 1.08251743e-01 2.46315426e-03 2.58660966e-05
 4.44785940e-07]",0,White,20-39
/scratch/project_462000771/mengting/projects/bias/Proteus/prompt2/selected_faces/detected_sad/sad_person_0876_face0.png,White,White,Male,40-49,"[4.6874684e-01 4.7266986e-03 4.0909171e-01 3.1652092e-04 1.5830999e-03
 3.5214975e-02 8.0320090e-02]",[0.62591684 0.01307433 0.00237249 0.35863635],[9.999998e-01 1.510079e-07],"[5.0727213e-06 1.7970635e-05 1.1327567e-03 4.4253528e-02 4.1549248e-01
 4.5212445e-01 8.4737301e-02 2.2158509e-03 2.0674901e-05]",0,White,40-59
/scratch/project_462000771/mengting/projects/bias/Proteus/prompt2/selected_faces/detected_sad/sad_person_0877_face0.png,White,White,Male,40-49,"[9.4726861e-01 1.5570360e-05 6.5532704e-03 2.6862279e-05 5.8502686e-05
 5.1618775e-04 4.5560975e-02]",[9.8992163e-01 1.1755283e-04 1.7466694e-04 9.7860917e-03],[9.997034e-01 2.965887e-04],"[7.9192996e-06 2.0246132e-05 1.1656309e-03 2.2778528e-02 2.7906358e-01
 5.9512025e-01 9.9840291e-02 1.9665572e-03 3.7035101e-05]",1,White,40-59
/scratch/project_462000771/mengting/projects/bias/Proteus/prompt2/selected_faces/detected_sad/sad_person_0878_face0.png,White,White,Male,40-49,"[9.0983993e-01 7.3197290e-05 2.4651784e-02 4.1064286e-05 1.9806462e-04
 1.6487868e-03 6.3547172e-02]",[9.9698615e-01 2.0883045e-04 1.7540398e-04 2.6296093e-03],[9.9990076e-01 9.9309429e-05],"[2.58888849e-05 1.47595216e-04 3.03387363e-03 1.93710476e-02
 2.06455544e-01 6.43182576e-01 1.24247745e-01 3.43211531e-03
 1.03645238e-04]",0,White,40-59
/scratch/project_462000771/mengting/projects/bias/Proteus/prompt2/selected_faces/detected_sad/sad_person_0879_face0.png,White,White,Male,30-39,"[8.2440430e-01 1.3094753e-04 4.1672748e-02 1.0212826e-05 4.7467955e-05
 3.1753688e-03 1.3055891e-01]",[9.9389517e-01 1.1845119e-04 2.9225869e-04 5.6941924e-03],[0.98006386 0.01993613],"[3.2877256e-06 3.3081804e-05 1.6288104e-03 8.8784270e-02 6.3097942e-01
 2.6460147e-01 1.3735902e-02 2.2559259e-04 8.1690077e-06]",0,White,20-39
/scratch/project_462000771/mengting/projects/bias/Proteus/prompt2/selected_faces/detected_sad/sad_person_0880_face0.png,White,White,Male,30-39,"[5.8045077e-01 5.7250843e-04 1.8361375e-01 2.8626868e-04 7.1379944e-04
 6.6643618e-03 2.2769855e-01]",[9.8561776e-01 1.5071807e-04 1.5859063e-04 1.4072896e-02],[9.999967e-01 3.221421e-06],"[5.5446594e-06 2.8106959e-05 1.8957041e-03 4.0562894e-02 4.8901251e-01
 4.3391654e-01 3.4220826e-02 3.5515326e-04 2.7322644e-06]",0,White,20-39
/scratch/project_462000771/mengting/projects/bias/Proteus/prompt2/selected_faces/detected_sad/sad_person_0881_face0.png,White,White,Male,40-49,"[9.7423881e-01 4.7161469e-05 9.1545619e-03 7.5785385e-05 5.5284117e-04
 2.0355987e-03 1.3895212e-02]",[9.7149926e-01 4.3133111e-04 6.0541588e-03 2.2015277e-02],[9.9998069e-01 1.9326153e-05],"[2.6615448e-06 2.4241188e-05 1.0235322e-03 1.3357128e-02 1.6977270e-01
 5.7217544e-01 2.3481871e-01 8.5253743e-03 3.0013738e-04]",0,White,40-59
/scratch/project_462000771/mengting/projects/bias/Proteus/prompt2/selected_faces/detected_sad/sad_person_0882_face0.png,White,White,Male,40-49,"[9.6564233e-01 1.1322940e-04 1.7986817e-02 5.8424839e-06 1.0624557e-04
 3.4540533e-03 1.2691484e-02]",[0.80832666 0.00936995 0.00377219 0.17853118],[9.9999976e-01 1.8831386e-07],"[1.3927624e-06 2.0283036e-05 1.4313455e-03 4.3370727e-02 4.2446139e-01
 4.9748299e-01 3.2936983e-02 2.9089834e-04 3.9085726e-06]",0,White,40-59
/scratch/project_462000771/mengting/projects/bias/Proteus/prompt2/selected_faces/detected_sad/sad_person_0883_face0.png,White,White,Male,30-39,"[9.0575731e-01 2.5181140e-05 2.4713820e-02 5.5697717e-05 2.3101390e-04
 1.0746375e-03 6.8142347e-02]",[9.7830623e-01 2.1244177e-04 3.8110919e-03 1.7670209e-02],[9.999059e-01 9.410664e-05],"[1.6918613e-06 1.0804166e-05 9.2435209e-04 3.9901782e-02 4.7327825e-01
 4.5935741e-01 2.6113054e-02 4.0391364e-04 8.6793671e-06]",0,White,20-39
/scratch/project_462000771/mengting/projects/bias/Proteus/prompt2/selected_faces/detected_sad/sad_person_0884_face0.png,White,White,Male,30-39,"[9.7362101e-01 6.7693404e-06 1.5118984e-02 1.9836187e-05 8.4282641e-05
 7.4341433e-04 1.0405625e-02]",[9.6880341e-01 1.5733927e-04 5.5300572e-04 3.0486282e-02],[9.9999917e-01 8.0613563e-07],"[1.4373184e-06 3.4226654e-05 9.7372122e-03 1.6652937e-01 5.7972020e-01
 2.3815323e-01 5.7739662e-03 5.0041053e-05 3.5164868e-07]",0,White,20-39
/scratch/project_462000771/mengting/projects/bias/Proteus/prompt2/selected_faces/detected_sad/sad_person_0885_face0.png,White,White,Female,40-49,"[8.1622070e-01 2.7971939e-04 1.6753875e-01 6.4032141e-04 7.7898218e-04
 4.7388836e-03 9.8025724e-03]",[9.8163897e-01 3.2218767e-04 1.4430565e-03 1.6595835e-02],[0.32732347 0.67267656],"[7.4875725e-06 2.8522923e-05 6.2658230e-04 7.9001244e-03 1.2823215e-01
 5.6400353e-01 2.8313965e-01 1.5766378e-02 2.9556200e-04]",0,White,40-59
/scratch/project_462000771/mengting/projects/bias/Proteus/prompt2/selected_faces/detected_sad/sad_person_0886_face0.png,White,White,Male,40-49,"[8.4161764e-01 8.7685716e-05 7.9307891e-02 2.3499587e-04 6.3723547e-04
 3.5569072e-03 7.4557662e-02]",[9.9266231e-01 6.2933759e-05 5.1288353e-04 6.7618825e-03],[9.9996012e-01 3.9846844e-05],"[1.1903200e-05 3.7408830e-05 6.1091094e-04 1.1177251e-02 2.7994826e-01
 6.2896615e-01 7.8513779e-02 7.2604400e-04 8.2254946e-06]",0,White,40-59
/scratch/project_462000771/mengting/projects/bias/Proteus/prompt2/selected_faces/detected_sad/sad_person_0887_face0.png,White,White,Male,40-49,"[5.9377736e-01 1.2358384e-03 2.8345299e-01 1.8554347e-04 9.7463263e-04
 9.7842999e-03 1.1058931e-01]",[0.881131   0.00532618 0.02162461 0.09191822],[9.999984e-01 1.614167e-06],"[4.8779284e-06 2.0122474e-05 6.2730414e-04 1.9085281e-02 3.2064584e-01
 5.7890928e-01 7.9147138e-02 1.5424226e-03 1.7683451e-05]",0,White,40-59
/scratch/project_462000771/mengting/projects/bias/Proteus/prompt2/selected_faces/detected_sad/sad_person_0888_face0.png,Middle Eastern,White,Male,40-49,"[2.8997982e-01 1.0903900e-02 2.7848294e-01 8.3280313e-05 1.0092735e-03
 3.7886772e-02 3.8165396e-01]",[0.8577256  0.00598554 0.00421079 0.1320781 ],[9.999994e-01 5.346027e-07],"[7.3007691e-06 1.1350698e-05 3.1164111e-04 6.3784677e-03 1.7019734e-01
 5.7350594e-01 2.3818108e-01 1.1244973e-02 1.6185929e-04]",0,White,40-59
/scratch/project_462000771/mengting/projects/bias/Proteus/prompt2/selected_faces/detected_sad/sad_person_0889_face0.png,White,White,Male,40-49,"[8.6518097e-01 1.1141586e-04 4.0580895e-02 1.7196644e-05 8.1412567e-05
 2.1544315e-03 9.1873646e-02]",[9.9209392e-01 1.1255315e-04 1.2759237e-04 7.6659140e-03],[9.9999970e-01 3.3042306e-07],"[5.7191386e-07 7.7000768e-06 6.0705689e-04 2.4071835e-02 4.4289783e-01
 5.1247960e-01 1.9831460e-02 1.0342913e-04 4.9595150e-07]",0,White,40-59
/scratch/project_462000771/mengting/projects/bias/Proteus/prompt2/selected_faces/detected_sad/sad_person_0890_face0.png,White,White,Male,40-49,"[4.5421165e-01 3.9104713e-04 4.1892079e-01 5.7222522e-05 3.1401249e-04
 6.3128397e-02 6.2976934e-02]",[9.4474083e-01 4.2920679e-04 2.6523406e-04 5.4564681e-02],[9.9999380e-01 6.2057657e-06],"[3.81575119e-05 1.79757350e-04 2.76984647e-03 1.02221845e-02
 2.26778775e-01 6.11516476e-01 1.47424549e-01 1.06429169e-03
 5.85874614e-06]",0,White,40-59
/scratch/project_462000771/mengting/projects/bias/Proteus/prompt2/selected_faces/detected_sad/sad_person_0891_face0.png,Latino_Hispanic,White,Male,30-39,"[2.6270056e-01 2.4268689e-02 4.4766137e-01 1.4709842e-05 2.2384227e-04
 3.6364924e-02 2.2876595e-01]",[0.8615735  0.04327784 0.00140076 0.09374786],[9.9999785e-01 2.1348353e-06],"[2.0472210e-06 1.3723843e-05 7.0025522e-04 8.4226348e-02 6.7405212e-01
 2.2741950e-01 1.3366273e-02 2.1665415e-04 3.0378731e-06]",0,Others,20-39
/scratch/project_462000771/mengting/projects/bias/Proteus/prompt2/selected_faces/detected_sad/sad_person_0892_face0.png,Middle Eastern,Indian,Male,30-39,"[1.7243837e-01 6.7367293e-03 1.9529854e-01 1.8361262e-04 1.8015385e-03
 1.2545390e-01 4.9808735e-01]",[0.09959908 0.0026644  0.00793602 0.8898005 ],[0.9985155  0.00148452],"[3.7050868e-06 1.0398023e-05 5.2015908e-04 6.2169485e-02 4.7191301e-01
 3.5850179e-01 9.3641043e-02 1.1603517e-02 1.6368706e-03]",0,Others,20-39
/scratch/project_462000771/mengting/projects/bias/Proteus/prompt2/selected_faces/detected_sad/sad_person_0893_face0.png,White,White,Male,40-49,"[9.0108556e-01 1.2143156e-03 6.0681745e-02 8.5413194e-06 4.9698021e-05
 5.4713711e-03 3.1488728e-02]",[9.8558635e-01 8.4232813e-04 3.6987931e-05 1.3534280e-02],[9.9999899e-01 1.0357018e-06],"[7.5895459e-06 3.6749661e-05 6.5920805e-04 1.0617528e-02 2.8809023e-01
 6.1870348e-01 8.1202239e-02 6.7726319e-04 5.6039075e-06]",0,White,40-59
/scratch/project_462000771/mengting/projects/bias/Proteus/prompt2/selected_faces/detected_sad/sad_person_0894_face0.png,White,White,Male,40-49,"[7.5633371e-01 8.2350336e-03 9.1368698e-02 4.2307380e-05 1.5468262e-03
 6.9479667e-02 7.2993793e-02]",[9.8069549e-01 1.2614648e-04 3.1699328e-04 1.8861346e-02],[9.9999970e-01 2.7183154e-07],"[5.3052286e-06 3.7084108e-05 1.2330876e-03 8.9556277e-03 9.0314098e-02
 4.9075383e-01 3.5996401e-01 4.6782695e-02 1.9542722e-03]",0,White,40-59
/scratch/project_462000771/mengting/projects/bias/Proteus/prompt2/selected_faces/detected_sad/sad_person_0895_face0.png,White,White,Male,30-39,"[9.4049454e-01 1.5393380e-05 1.8824911e-02 2.1423934e-05 1.2225844e-04
 2.1879056e-03 3.8333703e-02]",[9.8591578e-01 1.2881773e-04 2.4446668e-04 1.3710866e-02],[9.99999940e-01 1.13677636e-07],"[2.62866320e-06 4.15776667e-05 3.20114149e-03 6.04146197e-02
 5.03966391e-01 4.20545757e-01 1.17730675e-02 5.43434471e-05
 5.02911178e-07]",1,White,20-39
/scratch/project_462000771/mengting/projects/bias/Proteus/prompt2/selected_faces/detected_sad/sad_person_0896_face0.png,White,White,Male,30-39,"[7.8629291e-01 1.3314957e-03 1.3785960e-01 5.6465738e-05 4.5436854e-04
 4.7912309e-03 6.9214016e-02]",[0.9370038  0.00770926 0.00294942 0.05233749],[9.9999803e-01 2.0050727e-06],"[8.2202217e-07 3.9240426e-06 4.9427594e-04 4.4311494e-02 4.7600746e-01
 4.4378665e-01 3.4759369e-02 6.2942808e-04 6.5912586e-06]",0,White,20-39
/scratch/project_462000771/mengting/projects/bias/Proteus/prompt2/selected_faces/detected_sad/sad_person_0897_face0.png,White,White,Male,30-39,"[9.7255850e-01 1.9249634e-05 5.2945740e-03 6.6731113e-06 4.0604526e-05
 7.4522442e-04 2.1335069e-02]",[9.90995765e-01 4.33360910e-05 1.11473986e-04 8.84946808e-03],[9.9999934e-01 6.6609192e-07],"[1.4007112e-06 2.1730319e-05 2.3114891e-03 7.2712198e-02 4.6487260e-01
 4.3532977e-01 2.4338750e-02 4.0284143e-04 9.2123237e-06]",0,White,20-39
/scratch/project_462000771/mengting/projects/bias/Proteus/prompt2/selected_faces/detected_sad/sad_person_0898_face0.png,White,White,Male,30-39,"[8.9069062e-01 4.3862547e-05 4.0467497e-02 2.3460929e-05 9.0656591e-05
 1.6031510e-03 6.7080781e-02]",[9.7697610e-01 1.1533044e-03 8.7277265e-04 2.0997815e-02],[0.99856573 0.00143425],"[5.3643856e-07 5.8936621e-06 9.6977374e-04 1.4833704e-01 7.2960901e-01
 1.1896799e-01 2.0911756e-03 1.8185963e-05 3.7740065e-07]",0,White,20-39
/scratch/project_462000771/mengting/projects/bias/Proteus/prompt2/selected_faces/detected_sad/sad_person_0899_face0.png,White,White,Male,30-39,"[3.6421755e-01 1.3870336e-02 3.2377413e-01 4.8059763e-05 7.9412019e-04
 2.9367078e-02 2.6792878e-01]",[0.85026604 0.02066662 0.00136556 0.12770177],[1.0000000e+00 3.5889045e-08],"[2.5859899e-06 3.5654110e-05 1.9319748e-03 6.0692478e-02 4.9898958e-01
 4.1297334e-01 2.4968879e-02 4.0252774e-04 2.9378095e-06]",0,White,20-39
/scratch/project_462000771/mengting/projects/bias/Proteus/prompt2/selected_faces/detected_sad/sad_person_0900_face0.png,Middle Eastern,White,Male,40-49,"[2.7876654e-01 4.0876693e-03 9.7770773e-02 2.2314060e-05 3.0521624e-04
 1.2318263e-02 6.0672921e-01]",[0.86298454 0.03035586 0.00156375 0.10509587],[9.9999994e-01 6.7742690e-08],"[2.6044185e-05 3.9976850e-04 6.9758804e-03 5.3199604e-02 4.4008285e-01
 4.6447301e-01 3.4284137e-02 5.5473571e-04 3.9470333e-06]",0,White,40-59
/scratch/project_462000771/mengting/projects/bias/Proteus/prompt2/selected_faces/detected_sad/sad_person_0901_face0.png,White,White,Male,30-39,"[5.2429610e-01 6.0383842e-04 1.8554787e-01 4.6745547e-05 4.5947364e-04
 1.9681618e-02 2.6936442e-01]",[9.0710431e-01 7.3286972e-04 7.8888313e-04 9.1373928e-02],[9.9999982e-01 1.2743898e-07],"[8.62669640e-06 8.37465559e-05 4.59914235e-03 1.33430168e-01
 6.06379211e-01 2.44787544e-01 1.05727585e-02 1.37410752e-04
 1.39350959e-06]",1,White,20-39
/scratch/project_462000771/mengting/projects/bias/Proteus/prompt2/selected_faces/detected_sad/sad_person_0902_face0.png,White,White,Male,30-39,"[9.8469806e-01 4.8753511e-05 7.1384069e-03 2.0242007e-06 1.4226102e-05
 1.0254591e-03 7.0731603e-03]",[9.9742150e-01 5.5416074e-04 2.2574255e-05 2.0017144e-03],[9.99884427e-01 1.15539224e-04],"[6.5678825e-07 8.9653695e-06 1.2379355e-03 1.0724268e-01 5.8986020e-01
 2.8882116e-01 1.2647572e-02 1.7320551e-04 7.5427752e-06]",1,White,20-39
/scratch/project_462000771/mengting/projects/bias/Proteus/prompt2/selected_faces/detected_sad/sad_person_0903_face0.png,Latino_Hispanic,White,Male,30-39,"[3.0245966e-01 4.3147760e-03 4.0498668e-01 6.8316011e-05 5.0576188e-04
 2.9443165e-02 2.5822163e-01]",[0.7640229  0.00321486 0.0011684  0.23159383],[9.9999934e-01 6.9822516e-07],"[1.9141453e-06 1.6518397e-05 1.4448253e-03 5.4000657e-02 5.5102605e-01
 3.6970931e-01 2.3529442e-02 2.6895330e-04 2.3821713e-06]",0,Others,20-39
/scratch/project_462000771/mengting/projects/bias/Proteus/prompt2/selected_faces/detected_sad/sad_person_0904_face0.png,White,White,Male,30-39,"[9.6463329e-01 7.3459683e-05 2.3210345e-02 6.2602070e-05 3.3170762e-04
 1.6924554e-03 9.9960743e-03]",[9.9449497e-01 7.4333017e-05 2.1530109e-04 5.2153701e-03],[9.9997568e-01 2.4353449e-05],"[1.7529122e-05 1.9132692e-04 7.4651218e-03 8.6807281e-02 4.5263857e-01
 3.9894640e-01 5.3015895e-02 9.0187928e-04 1.6056660e-05]",0,White,20-39
/scratch/project_462000771/mengting/projects/bias/Proteus/prompt2/selected_faces/detected_sad/sad_person_0905_face0.png,White,White,Male,30-39,"[4.7216898e-01 1.5651536e-03 7.2428517e-02 3.3206995e-06 5.7955029e-05
 1.3214793e-02 4.4056132e-01]",[9.4290328e-01 2.0856119e-03 1.7641070e-04 5.4834664e-02],[9.999996e-01 4.224699e-07],"[7.8338081e-07 1.6200975e-05 2.1375599e-03 1.1856254e-01 6.4662474e-01
 2.2581612e-01 6.7523862e-03 8.7785309e-05 1.8741642e-06]",1,White,20-39
/scratch/project_462000771/mengting/projects/bias/Proteus/prompt2/selected_faces/detected_sad/sad_person_0906_face0.png,White,White,Male,30-39,"[5.2513021e-01 5.0768047e-04 3.2378894e-01 1.0619834e-04 4.0747796e-04
 2.1656118e-02 1.2840348e-01]",[0.7830965  0.00206945 0.00081918 0.2140149 ],[9.9998367e-01 1.6376065e-05],"[3.9051324e-06 1.6906699e-05 1.1948472e-03 3.4077138e-02 5.1765329e-01
 4.1586670e-01 3.1025505e-02 1.6028849e-04 1.5015220e-06]",1,White,20-39
/scratch/project_462000771/mengting/projects/bias/Proteus/prompt2/selected_faces/detected_sad/sad_person_0907_face0.png,White,White,Male,40-49,"[0.44057044 0.00119376 0.16968043 0.00053156 0.00281462 0.01372161
 0.3714875 ]",[0.9265114  0.01026286 0.00457144 0.05865417],[9.9999970e-01 2.8145928e-07],"[2.36907658e-06 1.59302053e-05 3.62868479e-04 5.02686948e-03
 1.83953241e-01 7.04559863e-01 1.05333455e-01 7.41572643e-04
 3.79690573e-06]",0,White,40-59
/scratch/project_462000771/mengting/projects/bias/Proteus/prompt2/selected_faces/detected_sad/sad_person_0908_face0.png,White,White,Male,30-39,"[9.8182505e-01 1.2720937e-04 1.5380108e-02 3.6543779e-06 1.4592391e-05
 1.6452726e-04 2.4849004e-03]",[9.9894452e-01 3.5213909e-04 2.9466473e-04 4.0872983e-04],[0.9989564  0.00104361],"[5.9788540e-08 7.1640250e-07 6.2091352e-04 1.4900820e-01 6.9622612e-01
 1.5064648e-01 3.4637575e-03 3.3255783e-05 5.1166171e-07]",0,White,20-39
/scratch/project_462000771/mengting/projects/bias/Proteus/prompt2/selected_faces/detected_sad/sad_person_0909_face0.png,White,White,Male,40-49,"[7.9148471e-01 3.9126747e-04 7.7860638e-02 8.3869221e-05 3.4217522e-04
 7.6424284e-03 1.2219487e-01]",[9.5584697e-01 3.9150659e-04 8.8507886e-04 4.2876426e-02],[9.9998009e-01 1.9867924e-05],"[9.0959256e-06 4.4239117e-05 6.9843273e-04 1.2545175e-02 2.5821358e-01
 6.0831493e-01 1.1824182e-01 1.9002623e-03 3.2446540e-05]",0,White,40-59
/scratch/project_462000771/mengting/projects/bias/Proteus/prompt2/selected_faces/detected_sad/sad_person_0910_face0.png,White,White,Male,30-39,"[7.8534609e-01 3.8507555e-04 5.5372942e-02 2.1063046e-05 1.0065455e-04
 1.1345997e-03 1.5763962e-01]",[9.7840160e-01 6.5634134e-03 1.6795420e-04 1.4867004e-02],[9.999956e-01 4.397907e-06],"[1.9333804e-06 4.2589920e-05 5.0402125e-03 2.3114195e-01 6.1843276e-01
 1.4181422e-01 3.4700539e-03 5.5437707e-05 8.8359400e-07]",1,White,20-39
/scratch/project_462000771/mengting/projects/bias/Proteus/prompt2/selected_faces/detected_sad/sad_person_0911_face0.png,Latino_Hispanic,White,Male,30-39,"[3.0173364e-01 7.0371539e-03 4.3281567e-01 9.2654109e-06 7.7594057e-05
 3.4700569e-02 2.2362609e-01]",[0.8117852  0.02063905 0.00122164 0.1663541 ],[9.9999458e-01 5.4084194e-06],"[1.0555010e-06 4.2545130e-06 3.0089397e-04 2.6250262e-02 5.4855084e-01
 3.8938463e-01 3.5182793e-02 3.2090893e-04 4.3788746e-06]",1,Others,20-39
/scratch/project_462000771/mengting/projects/bias/Proteus/prompt2/selected_faces/detected_sad/sad_person_0912_face0.png,White,White,Male,30-39,"[7.6717812e-01 1.8198694e-03 1.8675648e-01 1.1390900e-04 3.2529590e-04
 2.8540255e-03 4.0952310e-02]",[0.78951555 0.0925032  0.01627098 0.1017103 ],[0.99832284 0.00167719],"[8.0086249e-07 9.1634629e-06 2.1115385e-03 2.0921201e-01 6.9579214e-01
 8.9741230e-02 3.0811871e-03 5.0550196e-05 1.2799235e-06]",0,White,20-39
/scratch/project_462000771/mengting/projects/bias/Proteus/prompt2/selected_faces/detected_sad/sad_person_0913_face0.png,White,White,Male,40-49,"[9.2221701e-01 3.4161410e-04 5.5861816e-02 3.4768273e-05 3.0977256e-04
 1.8531960e-03 1.9381819e-02]",[9.8183292e-01 2.3541108e-04 3.1856366e-04 1.7613098e-02],[9.9999571e-01 4.2718734e-06],"[7.6724177e-07 4.4422272e-06 6.1655708e-04 1.3590210e-02 1.6161717e-01
 5.6342787e-01 2.5026011e-01 1.0336087e-02 1.4686589e-04]",0,White,40-59
/scratch/project_462000771/mengting/projects/bias/Proteus/prompt2/selected_faces/detected_sad/sad_person_0914_face0.png,White,White,Male,40-49,"[7.0210129e-01 1.2108635e-04 7.8665040e-02 1.4671334e-04 5.6091085e-04
 7.0428788e-03 2.1136206e-01]",[9.6270621e-01 3.0078838e-04 1.4024236e-03 3.5590537e-02],[9.999943e-01 5.682649e-06],"[1.2281826e-05 4.9407685e-05 1.5759231e-03 2.2913737e-02 3.1564048e-01
 5.7651103e-01 8.1264816e-02 1.9935505e-03 3.8823553e-05]",0,White,40-59
/scratch/project_462000771/mengting/projects/bias/Proteus/prompt2/selected_faces/detected_sad/sad_person_0915_face0.png,White,White,Male,30-39,"[8.0729824e-01 1.9744301e-04 1.1825273e-01 2.5390365e-05 3.2727196e-04
 1.1375750e-02 6.2523142e-02]",[9.8890215e-01 1.0488285e-04 4.9623131e-04 1.0496734e-02],[9.9999994e-01 5.0746944e-08],"[7.0977671e-07 1.5067215e-04 1.6381724e-02 3.9877686e-01 5.3791201e-01
 4.6558186e-02 2.1831076e-04 1.5603691e-06 1.7534985e-08]",0,White,20-39
/scratch/project_462000771/mengting/projects/bias/Proteus/prompt2/selected_faces/detected_sad/sad_person_0916_face0.png,White,White,Male,30-39,"[9.9729484e-01 3.0212476e-07 9.2874531e-04 1.8091174e-06 3.4690777e-06
 1.8973371e-05 1.7519947e-03]",[9.9995929e-01 5.2808980e-07 7.4066829e-06 3.2788532e-05],[9.9998951e-01 1.0439794e-05],"[1.5181831e-06 3.1786938e-05 5.8051879e-03 2.0421112e-01 5.5837750e-01
 2.2858316e-01 2.9698659e-03 1.9539495e-05 2.7718264e-07]",1,White,20-39
/scratch/project_462000771/mengting/projects/bias/Proteus/prompt2/selected_faces/detected_sad/sad_person_0917_face0.png,White,White,Male,40-49,"[5.1999199e-01 9.2126159e-03 3.2551000e-01 1.1572619e-04 9.9541235e-04
 1.7786518e-02 1.2638763e-01]",[0.7361624  0.02365516 0.01019496 0.22998749],[9.9999994e-01 8.0487332e-08],"[3.8337676e-06 1.9277873e-05 1.0353636e-03 1.7483957e-02 3.1289229e-01
 5.3812987e-01 1.2852371e-01 1.9011063e-03 1.0594734e-05]",0,White,40-59
/scratch/project_462000771/mengting/projects/bias/Proteus/prompt2/selected_faces/detected_sad/sad_person_0918_face0.png,White,White,Male,30-39,"[7.2705013e-01 2.4113314e-04 1.2472211e-01 3.4070898e-05 1.4871516e-04
 2.0407729e-03 1.4576314e-01]",[9.9308813e-01 1.1319570e-04 1.7581739e-04 6.6228118e-03],[9.9996626e-01 3.3703505e-05],"[3.6975442e-07 4.8800762e-06 5.2824495e-03 3.3203453e-01 5.9410131e-01
 6.6917866e-02 1.6352687e-03 2.3008011e-05 3.1768934e-07]",0,White,20-39
/scratch/project_462000771/mengting/projects/bias/Proteus/prompt2/selected_faces/detected_sad/sad_person_0919_face0.png,White,White,Male,30-39,"[8.6312902e-01 1.8223393e-04 7.7992156e-02 8.2229039e-05 7.8198576e-04
 9.3053300e-03 4.8527062e-02]",[9.7173285e-01 2.6865219e-04 5.3441763e-04 2.7463978e-02],[9.999999e-01 5.167347e-08],"[1.1246848e-06 1.2642947e-04 2.7502878e-02 3.1197155e-01 5.5416375e-01
 1.0441855e-01 1.7967859e-03 1.8739644e-05 1.9758917e-07]",0,White,20-39
/scratch/project_462000771/mengting/projects/bias/Proteus/prompt2/selected_faces/detected_sad/sad_person_0920_face0.png,White,White,Male,40-49,"[8.3295339e-01 2.3163394e-04 8.1974462e-02 1.7455895e-05 6.3237370e-05
 2.1548204e-03 8.2604945e-02]",[9.8219121e-01 1.9636146e-04 2.2375048e-04 1.7388728e-02],[9.999993e-01 7.732289e-07],"[6.0020380e-07 1.5643495e-06 2.0521613e-04 2.1838956e-02 4.4857219e-01
 5.0095344e-01 2.8244499e-02 1.8223256e-04 1.2040185e-06]",1,White,40-59
/scratch/project_462000771/mengting/projects/bias/Proteus/prompt2/selected_faces/detected_sad/sad_person_0921_face0.png,White,White,Male,30-39,"[4.9150223e-01 1.3083564e-02 3.8079897e-01 1.1223253e-04 5.5470743e-04
 8.5621281e-03 1.0538617e-01]",[9.4493985e-01 9.0920040e-03 4.5536491e-04 4.5512781e-02],[9.999940e-01 6.016123e-06],"[6.1647247e-06 3.5616209e-05 1.8289385e-03 5.6555148e-02 5.5598974e-01
 3.4631926e-01 3.8473342e-02 7.7835401e-04 1.3438923e-05]",0,White,20-39
/scratch/project_462000771/mengting/projects/bias/Proteus/prompt2/selected_faces/detected_sad/sad_person_0922_face0.png,Latino_Hispanic,White,Male,40-49,"[2.7116188e-01 9.3678683e-03 3.9613876e-01 2.1401582e-04 1.4995667e-03
 2.2106769e-02 2.9951113e-01]",[0.5992604  0.09553628 0.03443881 0.27076453],[9.999990e-01 9.812287e-07],"[5.7344309e-06 7.4926293e-06 2.9460265e-04 1.6782477e-02 2.7586976e-01
 5.5598009e-01 1.4513658e-01 5.8426345e-03 8.0681064e-05]",0,Others,40-59
/scratch/project_462000771/mengting/projects/bias/Proteus/prompt2/selected_faces/detected_sad/sad_person_0923_face0.png,White,White,Male,30-39,"[8.2287771e-01 3.8975425e-04 7.2650447e-02 7.0317792e-06 7.3985961e-05
 2.9364433e-03 1.0106459e-01]",[9.8414528e-01 5.6222326e-04 1.6432535e-04 1.5128232e-02],[9.9999958e-01 4.5765998e-07],"[1.3500027e-06 1.4075886e-05 7.9062773e-04 3.4505013e-02 4.6905342e-01
 4.6836710e-01 2.7037064e-02 2.2866808e-04 2.6950056e-06]",0,White,20-39
/scratch/project_462000771/mengting/projects/bias/Proteus/prompt2/selected_faces/detected_sad/sad_person_0924_face0.png,Latino_Hispanic,White,Male,40-49,"[4.0207180e-01 1.2274927e-02 4.3547487e-01 1.7854863e-05 1.6400655e-04
 3.0726397e-02 1.1927014e-01]",[0.5878318  0.02240161 0.00065392 0.38911268],[9.9999523e-01 4.7419921e-06],"[1.1684369e-05 3.4041725e-05 9.6463121e-04 2.7252354e-02 3.3847123e-01
 5.3208888e-01 9.8659582e-02 2.4753301e-03 4.2222120e-05]",1,Others,40-59
/scratch/project_462000771/mengting/projects/bias/Proteus/prompt2/selected_faces/detected_sad/sad_person_0925_face0.png,White,White,Male,30-39,"[8.1297016e-01 1.7509560e-04 1.1963925e-01 1.4611606e-04 5.3992140e-04
 3.3165179e-03 6.3212939e-02]",[9.9090660e-01 3.8581499e-04 1.2390107e-03 7.4686017e-03],[9.9999607e-01 3.9269926e-06],"[1.2157637e-06 5.6812728e-06 3.2035206e-04 3.4485754e-02 5.5466181e-01
 3.9190567e-01 1.8473353e-02 1.4458848e-04 1.5623851e-06]",0,White,20-39
/scratch/project_462000771/mengting/projects/bias/Proteus/prompt2/selected_faces/detected_sad/sad_person_0926_face0.png,White,White,Male,40-49,"[8.6421281e-01 1.3476612e-04 7.9667799e-02 1.6454753e-05 1.6745321e-04
 1.8629342e-02 3.7171334e-02]",[9.9142390e-01 2.3327491e-04 4.9163904e-05 8.2936529e-03],[9.9999982e-01 1.4445811e-07],"[2.2741515e-06 2.8500810e-05 2.1097856e-03 4.5724574e-02 4.3303078e-01
 4.8578906e-01 3.2806195e-02 5.0369132e-04 5.1491538e-06]",1,White,40-59
/scratch/project_462000771/mengting/projects/bias/Proteus/prompt2/selected_faces/detected_sad/sad_person_0927_face0.png,White,White,Male,30-39,"[8.8835454e-01 1.7063416e-05 1.9348940e-02 1.8214529e-05 1.1171771e-04
 3.2902129e-03 8.8859245e-02]",[9.7003299e-01 3.4422002e-04 5.0677074e-04 2.9116042e-02],[9.9999917e-01 8.1428527e-07],"[1.1262877e-05 2.2906251e-04 1.4377253e-02 1.1098849e-01 5.4789603e-01
 3.1528634e-01 1.1079533e-02 1.3079199e-04 1.2765454e-06]",0,White,20-39
/scratch/project_462000771/mengting/projects/bias/Proteus/prompt2/selected_faces/detected_sad/sad_person_0928_face0.png,White,White,Male,30-39,"[6.8749875e-01 3.2948158e-04 1.6481809e-01 1.4351214e-04 3.3154830e-04
 3.4684485e-03 1.4341022e-01]",[0.95861864 0.00170688 0.00294741 0.03672713],[0.9571939  0.04280609],"[3.8341150e-06 1.2232926e-05 7.0784817e-04 7.4572735e-02 6.0690421e-01
 2.9189676e-01 2.5012992e-02 8.5718714e-04 3.2262604e-05]",0,White,20-39
/scratch/project_462000771/mengting/projects/bias/Proteus/prompt2/selected_faces/detected_sad/sad_person_0929_face0.png,White,White,Male,30-39,"[9.8719931e-01 5.6616921e-07 3.8987745e-03 1.6082130e-06 6.2578833e-06
 7.0646674e-05 8.8228565e-03]",[9.9873751e-01 1.0596029e-05 5.5071203e-05 1.1968417e-03],[9.9972653e-01 2.7347059e-04],"[8.3047169e-08 1.9162337e-06 7.8932010e-04 7.3730834e-02 6.3884610e-01
 2.8212172e-01 4.4866488e-03 2.2985278e-05 3.5370442e-07]",1,White,20-39
/scratch/project_462000771/mengting/projects/bias/Proteus/prompt2/selected_faces/detected_sad/sad_person_0930_face0.png,White,White,Male,50-59,"[9.1467965e-01 7.2577136e-04 2.3363961e-02 7.7004079e-04 2.2823615e-03
 8.6812293e-03 4.9496949e-02]",[9.9388176e-01 3.3386261e-04 1.9384488e-03 3.8460423e-03],[9.9982542e-01 1.7456505e-04],"[2.8943923e-06 7.4710993e-06 3.3332160e-04 3.8626357e-03 5.1415168e-02
 4.2577663e-01 4.5334777e-01 6.1709389e-02 3.5447292e-03]",0,White,40-59
/scratch/project_462000771/mengting/projects/bias/Proteus/prompt2/selected_faces/detected_sad/sad_person_0931_face0.png,White,White,Male,30-39,"[8.3641553e-01 2.1880851e-03 6.2794186e-02 5.0393132e-06 9.2500755e-05
 5.3891079e-03 9.3115576e-02]",[9.9624801e-01 5.9050892e-04 9.3287614e-05 3.0681060e-03],[9.999971e-01 2.877188e-06],"[2.1718563e-07 4.6595055e-06 1.0633840e-03 9.4558120e-02 6.5210408e-01
 2.4370879e-01 8.4760999e-03 8.3649757e-05 9.7237773e-07]",0,White,20-39
/scratch/project_462000771/mengting/projects/bias/Proteus/prompt2/selected_faces/detected_sad/sad_person_0932_face0.png,White,White,Male,30-39,"[7.2465283e-01 2.4268545e-04 1.3523442e-01 1.6978131e-05 2.2524862e-04
 2.3819044e-02 1.1580876e-01]",[9.9410045e-01 5.4844739e-05 1.1638446e-04 5.7283775e-03],[9.9999958e-01 4.4761825e-07],"[7.55946360e-07 4.04646926e-05 1.72580089e-02 4.42733347e-01
 4.70839590e-01 6.82016090e-02 9.13013122e-04 1.29690425e-05
 1.77691305e-07]",0,White,20-39
/scratch/project_462000771/mengting/projects/bias/Proteus/prompt2/selected_faces/detected_sad/sad_person_0933_face0.png,White,White,Male,30-39,"[9.3416810e-01 8.9491332e-05 4.2113829e-02 5.6144527e-05 1.6835715e-04
 1.9193795e-03 2.1484733e-02]",[9.8998094e-01 8.1174767e-05 4.6876838e-04 9.4691748e-03],[9.999764e-01 2.361226e-05],"[6.3349637e-07 1.2018601e-05 2.6782083e-03 2.8630173e-01 6.2932616e-01
 7.9829015e-02 1.8357218e-03 1.6187772e-05 2.9823741e-07]",0,White,20-39
/scratch/project_462000771/mengting/projects/bias/Proteus/prompt2/selected_faces/detected_sad/sad_person_0934_face0.png,White,White,Male,30-39,"[5.8556354e-01 1.9187323e-03 1.2057510e-01 1.5203584e-05 2.1354957e-04
 8.0946935e-03 2.8361917e-01]",[9.3687016e-01 1.0241593e-03 2.5513675e-04 6.1850559e-02],[9.9999917e-01 7.8812383e-07],"[6.2702939e-06 5.4263855e-05 3.4356976e-03 5.6431141e-02 4.8361778e-01
 4.0999117e-01 4.5648124e-02 8.0734602e-04 8.1109201e-06]",0,White,20-39
/scratch/project_462000771/mengting/projects/bias/Proteus/prompt2/selected_faces/detected_sad/sad_person_0935_face0.png,White,White,Male,30-39,"[9.6711642e-01 1.9996060e-05 1.8355742e-02 1.0624801e-05 3.4899480e-05
 6.1430159e-04 1.3847964e-02]",[9.9800146e-01 5.6830013e-05 2.0672330e-04 1.7349578e-03],[9.9999505e-01 4.9820515e-06],"[2.04749639e-07 4.01317902e-06 5.98087034e-04 1.04823254e-01
 7.25758016e-01 1.66753069e-01 2.05804105e-03 5.21480297e-06
 5.66729170e-08]",1,White,20-39
/scratch/project_462000771/mengting/projects/bias/Proteus/prompt2/selected_faces/detected_sad/sad_person_0936_face0.png,White,White,Male,30-39,"[9.8410094e-01 6.4579814e-05 1.0886905e-02 2.2527836e-06 2.3057550e-05
 1.5910924e-03 3.3311092e-03]",[0.84764475 0.00264483 0.00200873 0.14770168],[9.9999952e-01 4.3242989e-07],"[1.1063191e-06 4.0677998e-05 8.6105568e-03 2.7185002e-01 5.7720166e-01
 1.3925879e-01 3.0067866e-03 2.9749310e-05 5.3166735e-07]",0,White,20-39
/scratch/project_462000771/mengting/projects/bias/Proteus/prompt2/selected_faces/detected_sad/sad_person_0937_face0.png,White,White,Male,40-49,"[7.12927759e-01 1.29375781e-03 1.50201321e-01 1.67164442e-04
 6.10834453e-04 1.43842027e-02 1.20415024e-01]",[0.9503676  0.00267452 0.0012881  0.04566973],[9.9999183e-01 8.1768112e-06],"[5.9975073e-06 2.7232318e-05 1.2423982e-03 2.4602644e-02 3.6327016e-01
 5.3338814e-01 7.6472022e-02 9.7832095e-04 1.3047599e-05]",0,White,40-59
/scratch/project_462000771/mengting/projects/bias/Proteus/prompt2/selected_faces/detected_sad/sad_person_0938_face0.png,White,White,Male,30-39,"[5.8643985e-01 5.9478280e-05 2.7475819e-01 2.3862500e-05 3.1338504e-04
 4.0925149e-02 9.7480141e-02]",[9.80946362e-01 4.47425664e-05 1.16225994e-04 1.88926887e-02],[1.0000000e+00 2.3993163e-08],"[5.79304015e-07 8.38636988e-05 1.27173848e-02 2.21728772e-01
 6.59876347e-01 1.05036736e-01 5.53279649e-04 3.07387040e-06
 1.34861624e-08]",1,White,20-39
/scratch/project_462000771/mengting/projects/bias/Proteus/prompt2/selected_faces/detected_sad/sad_person_0939_face0.png,White,White,Male,30-39,"[8.8409078e-01 2.5021454e-06 2.9239904e-02 1.0732759e-05 5.8788293e-05
 3.9953031e-04 8.6197793e-02]",[9.9502486e-01 1.4707631e-05 6.0214679e-04 4.3582767e-03],[0.96871436 0.03128565],"[4.0356817e-08 9.5823304e-07 5.8114773e-04 1.0849391e-01 7.3320597e-01
 1.5525384e-01 2.4470065e-03 1.6745689e-05 3.9629140e-07]",0,White,20-39
/scratch/project_462000771/mengting/projects/bias/Proteus/prompt2/selected_faces/detected_sad/sad_person_0940_face0.png,White,White,Male,30-39,"[9.2631453e-01 1.6513934e-04 3.6649972e-02 4.1320414e-05 2.5241089e-04
 1.8259421e-03 3.4750670e-02]",[9.8862600e-01 1.8348373e-04 1.5403420e-03 9.6501857e-03],[9.9998891e-01 1.1118474e-05],"[2.5549621e-06 3.0165051e-05 2.0637265e-03 6.0821377e-02 5.3707170e-01
 3.7810302e-01 2.1687716e-02 2.1545884e-04 4.3181180e-06]",0,White,20-39
/scratch/project_462000771/mengting/projects/bias/Proteus/prompt2/selected_faces/detected_sad/sad_person_0941_face0.png,White,White,Male,30-39,"[9.1937935e-01 7.7655062e-04 4.5066033e-02 1.2688666e-04 6.3471351e-04
 3.1171497e-03 3.0899281e-02]",[9.7987437e-01 4.3330423e-04 3.6061968e-04 1.9331606e-02],[9.9999982e-01 2.1433738e-07],"[1.09565015e-07 5.61753154e-07 1.10522335e-04 3.13787721e-02
 4.70593840e-01 4.57908392e-01 3.96792330e-02 3.24255525e-04
 4.33636751e-06]",0,White,20-39
/scratch/project_462000771/mengting/projects/bias/Proteus/prompt2/selected_faces/detected_sad/sad_person_0942_face0.png,Latino_Hispanic,White,Male,40-49,"[2.2826561e-01 1.5692430e-03 3.8796800e-01 1.5966455e-04 1.0438693e-03
 6.2680952e-02 3.1831273e-01]",[0.82359606 0.0044528  0.00126124 0.17068985],[9.999998e-01 1.536998e-07],"[4.0373370e-06 7.4885952e-06 2.4920062e-04 7.2780792e-03 2.2507562e-01
 6.2600464e-01 1.3949652e-01 1.8699400e-03 1.4450244e-05]",0,Others,40-59
/scratch/project_462000771/mengting/projects/bias/Proteus/prompt2/selected_faces/detected_sad/sad_person_0943_face0.png,White,White,Male,30-39,"[4.9876821e-01 8.2776084e-04 3.1763923e-01 1.5280185e-04 5.3880404e-04
 2.7456781e-02 1.5461642e-01]",[0.7592077  0.00541204 0.00227346 0.23310676],[9.9999267e-01 7.3693591e-06],"[1.7303468e-05 6.2344960e-05 1.1794481e-03 4.6060067e-02 5.2271992e-01
 3.9784378e-01 3.1852458e-02 2.6135470e-04 3.4365255e-06]",1,White,20-39
/scratch/project_462000771/mengting/projects/bias/Proteus/prompt2/selected_faces/detected_sad/sad_person_0944_face0.png,White,White,Male,30-39,"[7.10618913e-01 3.97740048e-04 1.45313233e-01 4.13844245e-05
 2.33635204e-04 2.05329172e-02 1.22862205e-01]",[9.6549648e-01 1.7291713e-03 1.9200626e-04 3.2582324e-02],[9.9999964e-01 3.5272799e-07],"[5.37124879e-06 4.06068830e-05 2.05093715e-03 7.75333717e-02
 5.61076581e-01 3.47032517e-01 1.21390633e-02 1.20274424e-04
 1.27506087e-06]",0,White,20-39
/scratch/project_462000771/mengting/projects/bias/Proteus/prompt2/selected_faces/detected_sad/sad_person_0945_face0.png,White,White,Male,40-49,"[8.7533164e-01 3.2819960e-05 3.5416365e-02 2.8232400e-05 1.7399617e-04
 3.5663953e-03 8.5450500e-02]",[9.5185262e-01 3.0263056e-04 1.8389208e-03 4.6005752e-02],[9.999902e-01 9.802950e-06],"[2.6010400e-06 2.5307450e-05 1.7426116e-03 3.8942102e-02 4.0216374e-01
 5.2165568e-01 3.4885246e-02 5.7251187e-04 1.0241881e-05]",0,White,40-59
/scratch/project_462000771/mengting/projects/bias/Proteus/prompt2/selected_faces/detected_sad/sad_person_0946_face0.png,Latino_Hispanic,White,Male,30-39,"[3.4080553e-01 2.6600584e-03 5.8181435e-01 4.4259438e-04 3.4200591e-03
 1.6265161e-02 5.4592367e-02]",[9.8954648e-01 1.6958822e-04 1.0862041e-03 9.1978163e-03],[9.9999678e-01 3.2592482e-06],"[1.6997429e-06 2.0794765e-05 2.1366342e-03 6.2537767e-02 6.0121119e-01
 3.1879944e-01 1.5145638e-02 1.4562580e-04 1.1840287e-06]",0,Others,20-39
/scratch/project_462000771/mengting/projects/bias/Proteus/prompt2/selected_faces/detected_sad/sad_person_0947_face0.png,White,White,Male,30-39,"[7.1955013e-01 4.1685341e-04 2.0182562e-01 2.6036261e-04 4.4055691e-04
 5.3710197e-03 7.2135456e-02]",[9.8203379e-01 2.8790705e-04 8.0406049e-04 1.6874317e-02],[9.9973589e-01 2.6414415e-04],"[4.4569665e-06 2.0775695e-05 1.8531077e-03 7.4207135e-02 5.6980383e-01
 3.2813853e-01 2.5646180e-02 3.2124721e-04 4.6637747e-06]",0,White,20-39
/scratch/project_462000771/mengting/projects/bias/Proteus/prompt2/selected_faces/detected_sad/sad_person_0948_face0.png,White,White,Male,30-39,"[3.7879664e-01 1.8054234e-03 2.4859427e-01 5.4784166e-05 3.9827326e-04
 1.6837049e-02 3.5351357e-01]",[0.8853284  0.00566631 0.00392216 0.10508312],[9.9999851e-01 1.5015769e-06],"[5.5330870e-06 3.0043837e-05 1.1706396e-03 1.1793069e-01 6.4914173e-01
 2.1852925e-01 1.2979433e-02 2.1005239e-04 2.5839495e-06]",1,White,20-39
/scratch/project_462000771/mengting/projects/bias/Proteus/prompt2/selected_faces/detected_sad/sad_person_0949_face0.png,White,White,Male,30-39,"[5.6225950e-01 1.2374601e-03 8.0654621e-02 2.7112008e-05 1.5718414e-04
 2.8159823e-03 3.5284823e-01]",[0.8789912  0.04673081 0.00333019 0.07094787],[9.9999619e-01 3.8209955e-06],"[3.2845885e-06 1.7124341e-05 1.4392884e-03 1.3681889e-01 6.3745940e-01
 2.1008129e-01 1.3927962e-02 2.4913254e-04 3.5983680e-06]",1,White,20-39
/scratch/project_462000771/mengting/projects/bias/Proteus/prompt2/selected_faces/detected_sad/sad_person_0950_face0.png,White,White,Male,40-49,"[6.9883060e-01 7.1314024e-04 7.7681869e-02 5.3542983e-05 2.5425199e-04
 4.0750648e-03 2.1839155e-01]",[9.6531206e-01 2.4374686e-03 5.4924487e-04 3.1701218e-02],[9.9999708e-01 2.9511828e-06],"[2.54694623e-06 9.91289653e-06 3.03135952e-04 1.44415125e-02
 3.39724213e-01 5.74330807e-01 7.04447180e-02 7.34171947e-04
 8.96277925e-06]",1,White,40-59
/scratch/project_462000771/mengting/projects/bias/Proteus/prompt2/selected_faces/detected_sad/sad_person_0951_face0.png,White,White,Male,40-49,"[4.5002273e-01 2.9816870e-03 1.0561591e-01 3.9868864e-05 2.2579831e-04
 1.3085141e-02 4.2802885e-01]",[9.3952996e-01 1.4076855e-03 6.1104435e-04 5.8451314e-02],[9.9999642e-01 3.5709256e-06],"[4.64744335e-06 2.24311570e-05 5.54307015e-04 1.33735165e-02
 2.73550391e-01 6.20676994e-01 9.03295428e-02 1.47124671e-03
 1.69196574e-05]",1,White,40-59
/scratch/project_462000771/mengting/projects/bias/Proteus/prompt2/selected_faces/detected_sad/sad_person_0952_face0.png,Middle Eastern,White,Male,30-39,"[1.2765008e-01 2.0293386e-03 1.3905409e-01 8.4448593e-06 1.6452814e-04
 2.6076475e-02 7.0501703e-01]",[9.7338945e-01 3.0330147e-04 7.3951582e-05 2.6233288e-02],[9.9999720e-01 2.8261275e-06],"[9.1642693e-07 5.0768365e-05 8.2990285e-03 3.4112465e-01 5.8479285e-01
 6.4225256e-02 1.4704090e-03 3.5058132e-05 1.0529075e-06]",1,Others,20-39
/scratch/project_462000771/mengting/projects/bias/Proteus/prompt2/selected_faces/detected_sad/sad_person_0953_face0.png,White,White,Male,40-49,"[8.14533353e-01 2.95937916e-05 5.84891960e-02 9.05205161e-06
 1.66059457e-04 9.36689880e-03 1.17405824e-01]",[9.6780908e-01 5.7917758e-05 1.8473365e-04 3.1948209e-02],[9.9999976e-01 1.8662097e-07],"[3.1669310e-06 8.9595378e-05 6.4180954e-03 3.1818036e-02 3.4355202e-01
 5.8074039e-01 3.7131291e-02 2.4552413e-04 1.9344814e-06]",0,White,40-59
/scratch/project_462000771/mengting/projects/bias/Proteus/prompt2/selected_faces/detected_sad/sad_person_0954_face0.png,White,White,Male,20-29,"[4.1577661e-01 3.2526194e-04 3.1060913e-01 6.0679333e-05 4.3307288e-04
 1.7072557e-02 2.5572261e-01]",[0.656818   0.00224272 0.00665023 0.3342891 ],[9.9999905e-01 9.3481475e-07],"[8.2718583e-07 4.0631530e-05 1.3004749e-02 6.7145705e-01 3.0550534e-01
 9.9020395e-03 8.7778593e-05 1.5559526e-06 2.2579943e-08]",0,White,20-39
/scratch/project_462000771/mengting/projects/bias/Proteus/prompt2/selected_faces/detected_sad/sad_person_0955_face0.png,White,White,Male,30-39,"[7.6945835e-01 3.9921980e-04 1.8900302e-01 4.3243024e-04 2.0178978e-03
 6.5681175e-03 3.2120988e-02]",[9.7802776e-01 5.0433463e-04 5.0375802e-03 1.6430270e-02],[9.9999499e-01 5.0358553e-06],"[4.4098265e-06 3.2278138e-05 1.5907020e-03 9.4490469e-02 5.8941406e-01
 2.9004410e-01 2.4110060e-02 3.0942776e-04 4.5256838e-06]",0,White,20-39
/scratch/project_462000771/mengting/projects/bias/Proteus/prompt2/selected_faces/detected_sad/sad_person_0956_face0.png,White,White,Male,40-49,"[0.5551177  0.00723292 0.17640392 0.00105761 0.01423976 0.02547923
 0.2204688 ]",[0.84721524 0.00902923 0.02761855 0.11613704],[9.9999970e-01 2.6261824e-07],"[6.2118147e-07 2.1280632e-06 2.2880954e-04 2.1740381e-02 2.9556945e-01
 5.7905960e-01 9.8131664e-02 5.0670835e-03 2.0022118e-04]",0,White,40-59
/scratch/project_462000771/mengting/projects/bias/Proteus/prompt2/selected_faces/detected_sad/sad_person_0957_face0.png,White,White,Male,30-39,"[8.2814401e-01 3.3523040e-05 2.5995430e-02 1.7407602e-06 8.3879058e-05
 1.1987177e-02 1.3375436e-01]",[8.8750607e-01 6.3624285e-04 8.0308196e-04 1.1105455e-01],[9.9999720e-01 2.7489305e-06],"[1.2360644e-07 7.9871706e-06 2.1236814e-03 1.6167590e-01 6.6783231e-01
 1.6647871e-01 1.8666685e-03 1.4161587e-05 4.2484231e-07]",0,White,20-39
/scratch/project_462000771/mengting/projects/bias/Proteus/prompt2/selected_faces/detected_sad/sad_person_0958_face0.png,White,White,Male,40-49,"[8.4462398e-01 5.2936311e-04 7.8017354e-02 2.3053958e-04 4.2715421e-04
 2.8135760e-03 7.3357970e-02]",[0.9641323  0.00912755 0.00153177 0.02520831],[9.995915e-01 4.084295e-04],"[6.4470976e-07 1.6883705e-06 1.6902095e-04 1.5339656e-02 3.5334259e-01
 5.4175675e-01 8.8240944e-02 1.1260837e-03 2.2617611e-05]",0,White,40-59
/scratch/project_462000771/mengting/projects/bias/Proteus/prompt2/selected_faces/detected_sad/sad_person_0959_face0.png,White,White,Male,30-39,"[5.3154254e-01 3.2010771e-04 2.1608782e-01 2.7305540e-04 6.9044705e-04
 6.7480495e-03 2.4433798e-01]",[9.8663342e-01 3.1891064e-04 1.2924473e-03 1.1755292e-02],[9.9965274e-01 3.4731772e-04],"[7.9905294e-07 1.0917120e-05 3.0301625e-03 3.6015013e-01 6.0343075e-01
 3.2950331e-02 4.2160513e-04 5.1119982e-06 1.4257874e-07]",0,White,20-39
/scratch/project_462000771/mengting/projects/bias/Proteus/prompt2/selected_faces/detected_sad/sad_person_0960_face0.png,White,White,Male,30-39,"[5.9967083e-01 4.4669278e-04 3.1383014e-01 4.1074565e-04 1.0906588e-03
 2.5025532e-02 5.9525430e-02]",[8.4371841e-01 9.6819038e-04 3.7279588e-04 1.5494059e-01],[9.9998415e-01 1.5885378e-05],"[5.6137555e-06 3.4105207e-05 1.1543988e-03 2.9403383e-02 5.2332902e-01
 4.1828811e-01 2.7636167e-02 1.4761866e-04 1.4702863e-06]",1,White,20-39
/scratch/project_462000771/mengting/projects/bias/Proteus/prompt2/selected_faces/detected_sad/sad_person_0961_face0.png,White,White,Male,40-49,"[7.5112402e-01 7.6094104e-05 1.2827991e-01 1.4287722e-04 3.3652742e-04
 9.5778070e-03 1.1046281e-01]",[9.5039010e-01 8.3746876e-05 5.0545391e-04 4.9020715e-02],[9.9999774e-01 2.2539614e-06],"[2.5367181e-06 1.2469386e-05 3.8110389e-04 1.1547037e-02 3.6989203e-01
 5.8081740e-01 3.7118152e-02 2.2742942e-04 1.8472979e-06]",1,White,40-59
/scratch/project_462000771/mengting/projects/bias/Proteus/prompt2/selected_faces/detected_sad/sad_person_0962_face0.png,Latino_Hispanic,White,Male,40-49,"[3.5222822e-01 2.3101193e-03 5.0267392e-01 4.0136880e-04 6.2313466e-03
 7.3031768e-02 6.3123152e-02]",[0.87191194 0.00236931 0.00336147 0.12235735],[9.999994e-01 5.697638e-07],"[5.2201693e-05 3.9265639e-04 7.2665773e-03 2.7632922e-02 2.8498366e-01
 5.4924399e-01 1.2573540e-01 4.6320781e-03 6.0493207e-05]",0,Others,40-59
/scratch/project_462000771/mengting/projects/bias/Proteus/prompt2/selected_faces/detected_sad/sad_person_0963_face0.png,White,White,Male,40-49,"[8.4529930e-01 3.9976378e-05 6.1350044e-02 2.2863448e-04 2.8995756e-04
 7.8826433e-04 9.2003815e-02]",[9.9696475e-01 2.5013744e-05 2.3776477e-03 6.3250231e-04],[9.9999285e-01 7.1651848e-06],"[1.6464494e-06 3.8488656e-06 1.3721865e-04 2.9097609e-03 1.3815670e-01
 7.2248346e-01 1.3429379e-01 1.9976967e-03 1.5918082e-05]",1,White,40-59
/scratch/project_462000771/mengting/projects/bias/Proteus/prompt2/selected_faces/detected_sad/sad_person_0964_face0.png,White,White,Female,30-39,"[9.9015498e-01 1.7611394e-05 6.0355226e-03 7.3836350e-06 1.7627875e-05
 1.6166504e-04 3.6051893e-03]",[9.9612743e-01 8.1019342e-04 1.2771321e-03 1.7852316e-03],[0.09182178 0.90817827],"[1.29197318e-07 6.51890969e-06 9.62771766e-04 8.85635912e-02
 5.38994193e-01 3.58097017e-01 1.31974965e-02 1.73043809e-04
 5.28924738e-06]",0,White,20-39
/scratch/project_462000771/mengting/projects/bias/Proteus/prompt2/selected_faces/detected_sad/sad_person_0965_face0.png,White,White,Male,30-39,"[5.9140849e-01 5.5306050e-04 3.0301598e-01 2.7740659e-04 1.0089551e-03
 2.1232700e-02 8.2503423e-02]",[9.4168067e-01 6.8810757e-04 3.8124011e-03 5.3818855e-02],[9.9999857e-01 1.4854361e-06],"[3.3928293e-06 2.2395987e-05 1.1507886e-03 6.5645702e-02 6.3092822e-01
 2.8833303e-01 1.3821424e-02 9.4005860e-05 1.0550324e-06]",0,White,20-39
/scratch/project_462000771/mengting/projects/bias/Proteus/prompt2/selected_faces/detected_sad/sad_person_0966_face0.png,Middle Eastern,Indian,Male,30-39,"[5.3122289e-02 1.9364659e-02 2.9351082e-01 9.4834168e-06 2.2120248e-04
 1.0176449e-01 5.3200704e-01]",[0.2272492  0.15823653 0.00278408 0.61173016],[9.9999756e-01 2.4707319e-06],"[1.1041698e-05 1.1318345e-04 3.0074953e-03 6.1033923e-02 5.3117830e-01
 3.5563296e-01 4.8017893e-02 9.9260302e-04 1.2489399e-05]",0,Others,20-39
/scratch/project_462000771/mengting/projects/bias/Proteus/prompt2/selected_faces/detected_sad/sad_person_0967_face0.png,Latino_Hispanic,White,Male,40-49,"[2.0207056e-01 2.1476345e-03 6.3152653e-01 5.5523252e-04 2.2865874e-03
 2.8896997e-02 1.3251649e-01]",[0.90320307 0.00184322 0.00474057 0.09021319],[9.999951e-01 4.896934e-06],"[2.2413308e-06 1.1916835e-05 8.6648151e-04 2.5848320e-02 4.5306271e-01
 4.7833401e-01 4.1518163e-02 3.5343645e-04 2.7014580e-06]",0,Others,40-59
/scratch/project_462000771/mengting/projects/bias/Proteus/prompt2/selected_faces/detected_sad/sad_person_0968_face0.png,White,White,Male,30-39,"[9.4420773e-01 5.2836040e-05 1.2135877e-02 6.1511755e-06 5.7034853e-05
 1.9195451e-03 4.1620798e-02]",[9.9440080e-01 3.3649958e-05 7.5250435e-05 5.4902229e-03],[9.9999887e-01 1.1350820e-06],"[2.1122764e-06 1.1115597e-04 1.0526162e-02 1.8361284e-01 5.4900205e-01
 2.5014934e-01 6.5170731e-03 7.7923185e-05 1.2612028e-06]",1,White,20-39
/scratch/project_462000771/mengting/projects/bias/Proteus/prompt2/selected_faces/detected_sad/sad_person_0969_face0.png,White,White,Male,30-39,"[8.12895238e-01 1.07756445e-04 1.19747154e-01 1.45283004e-04
 3.17108381e-04 1.18207315e-03 6.56054318e-02]",[9.9663430e-01 4.4509770e-06 3.8110677e-04 2.9801815e-03],[9.99878585e-01 1.21442674e-04],"[9.36226115e-07 1.32932355e-05 1.11048191e-03 3.36283669e-02
 5.57761312e-01 3.94906402e-01 1.24794561e-02 9.86057494e-05
 1.14403053e-06]",0,White,20-39
/scratch/project_462000771/mengting/projects/bias/Proteus/prompt2/selected_faces/detected_sad/sad_person_0970_face0.png,White,White,Male,30-39,"[4.1752285e-01 6.4681349e-03 2.0367947e-01 9.7973338e-05 5.7433103e-04
 8.8881152e-03 3.6276910e-01]",[0.78633684 0.03885028 0.00224863 0.17256425],[9.9999905e-01 9.3661873e-07],"[1.24511935e-05 9.56706353e-05 3.02194431e-03 8.80106762e-02
 5.70837319e-01 3.11330229e-01 2.58620139e-02 8.17975728e-04
 1.16493575e-05]",1,White,20-39
/scratch/project_462000771/mengting/projects/bias/Proteus/prompt2/selected_faces/detected_sad/sad_person_0971_face0.png,White,White,Male,40-49,"[5.2888441e-01 2.4902613e-03 3.5927367e-01 1.4372979e-04 8.3789648e-04
 1.9824350e-02 8.8545643e-02]",[0.94059414 0.00097669 0.00189747 0.05653163],[9.9997991e-01 2.0113048e-05],"[3.0626979e-05 1.2447720e-04 2.5222690e-03 2.1054730e-02 2.9185224e-01
 5.3777337e-01 1.4392565e-01 2.6747524e-03 4.1912514e-05]",0,White,40-59
/scratch/project_462000771/mengting/projects/bias/Proteus/prompt2/selected_faces/detected_sad/sad_person_0972_face0.png,White,White,Male,40-49,"[8.5321337e-01 3.5450037e-05 1.5763704e-02 3.4578347e-06 2.6406171e-05
 2.4126905e-03 1.2854494e-01]",[9.8109311e-01 3.5208711e-04 3.7176450e-04 1.8183064e-02],[9.9987638e-01 1.2364729e-04],"[1.3570620e-07 4.4985882e-07 1.6159927e-04 2.7752193e-02 2.1988462e-01
 4.9265626e-01 2.4629626e-01 1.2204833e-02 1.0437092e-03]",0,White,40-59
/scratch/project_462000771/mengting/projects/bias/Proteus/prompt2/selected_faces/detected_sad/sad_person_0973_face0.png,White,White,Male,40-49,"[8.7496865e-01 2.4288494e-04 7.6527990e-02 4.9508148e-04 1.6543940e-03
 4.8209517e-03 4.1290123e-02]",[0.97228825 0.00116279 0.00214047 0.02440848],[9.9999738e-01 2.6702967e-06],"[3.2838143e-06 2.2202770e-05 5.6825962e-04 1.8994929e-02 3.7272850e-01
 5.5643672e-01 5.0825030e-02 4.1582205e-04 5.2241267e-06]",0,White,40-59
/scratch/project_462000771/mengting/projects/bias/Proteus/prompt2/selected_faces/detected_sad/sad_person_0974_face0.png,White,White,Male,30-39,"[5.2489752e-01 1.6847924e-04 1.8429661e-01 9.9742952e-05 8.1221649e-04
 2.7287019e-02 2.6243836e-01]",[0.8357507  0.00377922 0.00603783 0.1544323 ],[9.9999917e-01 7.7751690e-07],"[1.3344817e-06 1.5634863e-05 2.6452572e-03 8.7080620e-02 6.5044367e-01
 2.5278223e-01 6.9671823e-03 6.3507439e-05 5.7049573e-07]",0,White,20-39
/scratch/project_462000771/mengting/projects/bias/Proteus/prompt2/selected_faces/detected_sad/sad_person_0975_face0.png,White,White,Male,40-49,"[8.2761705e-01 7.4981472e-05 3.4672499e-02 1.4346744e-05 1.3274442e-04
 1.5145387e-03 1.3597372e-01]",[9.9471182e-01 3.7754100e-05 1.8044759e-04 5.0699511e-03],[9.9999982e-01 2.2169833e-07],"[1.4716521e-06 1.3820781e-05 1.2492279e-03 3.8439237e-02 4.4237241e-01
 4.8933002e-01 2.8272849e-02 3.1761097e-04 3.3674539e-06]",0,White,40-59
/scratch/project_462000771/mengting/projects/bias/Proteus/prompt2/selected_faces/detected_sad/sad_person_0976_face0.png,White,White,Male,40-49,"[5.5952775e-01 4.8519019e-03 2.0299976e-01 4.2285377e-05 2.9035541e-04
 6.2402736e-02 1.6988514e-01]",[9.6929836e-01 2.0825195e-03 5.8504305e-04 2.8034203e-02],[9.9999648e-01 3.4852524e-06],"[2.54840161e-05 6.70192458e-05 1.67334115e-03 5.05862795e-02
 3.68268192e-01 4.60100979e-01 1.16288394e-01 2.94465316e-03
 4.57342394e-05]",0,White,40-59
/scratch/project_462000771/mengting/projects/bias/Proteus/prompt2/selected_faces/detected_sad/sad_person_0977_face0.png,White,White,Male,40-49,"[7.7119815e-01 6.3283113e-04 1.1206439e-01 4.3919845e-05 1.7598488e-03
 8.2402788e-02 3.1898130e-02]",[9.2650759e-01 9.5359818e-04 4.4886477e-04 7.2089903e-02],[9.9999970e-01 3.0600307e-07],"[1.03195795e-07 1.57760428e-06 3.97021067e-04 1.33046750e-02
 2.62564063e-01 6.64867520e-01 5.82704209e-02 5.86044218e-04
 8.55737471e-06]",0,White,40-59
/scratch/project_462000771/mengting/projects/bias/Proteus/prompt2/selected_faces/detected_sad/sad_person_0978_face0.png,White,White,Male,30-39,"[4.07217741e-01 8.74253362e-03 3.24062169e-01 1.17743235e-04
 9.36402299e-04 3.95449772e-02 2.19378412e-01]",[0.79349065 0.00684416 0.00497238 0.19469278],[9.9999595e-01 4.0717823e-06],"[3.1020211e-06 1.5207916e-05 8.5717090e-04 4.5482691e-02 4.9688476e-01
 4.0548289e-01 5.0589848e-02 6.7474070e-04 9.5718151e-06]",0,White,20-39
/scratch/project_462000771/mengting/projects/bias/Proteus/prompt2/selected_faces/detected_sad/sad_person_0979_face0.png,Latino_Hispanic,White,Male,30-39,"[2.0220639e-01 3.5433888e-02 3.8212717e-01 2.8177928e-05 2.6824002e-04
 8.4403299e-02 2.9553285e-01]",[0.6430464  0.01598195 0.00129933 0.3396724 ],[9.9999785e-01 2.1237256e-06],"[1.8167491e-06 4.6773571e-06 2.1144314e-04 4.4184130e-02 6.3417846e-01
 3.0218533e-01 1.8734923e-02 4.8822825e-04 1.0920775e-05]",0,Others,20-39
/scratch/project_462000771/mengting/projects/bias/Proteus/prompt2/selected_faces/detected_sad/sad_person_0980_face0.png,White,White,Male,40-49,"[5.8926672e-01 2.5551955e-04 4.7707446e-02 1.8990728e-04 7.3448382e-04
 3.3517652e-03 3.5849419e-01]",[9.8618978e-01 1.4070976e-03 3.3650536e-04 1.2066686e-02],[9.9999923e-01 7.8353145e-07],"[7.4369486e-06 2.2677055e-05 4.5796137e-04 9.0203285e-03 2.1156669e-01
 6.5445453e-01 1.2172274e-01 2.7117564e-03 3.5840349e-05]",1,White,40-59
/scratch/project_462000771/mengting/projects/bias/Proteus/prompt2/selected_faces/detected_sad/sad_person_0981_face0.png,White,White,Male,30-39,"[8.12895834e-01 6.52313320e-05 6.34777993e-02 4.80463495e-05
 2.30759761e-04 2.05154344e-03 1.21230654e-01]",[9.96905446e-01 1.03402235e-05 1.19576966e-04 2.96467077e-03],[9.999995e-01 5.461540e-07],"[2.2826950e-06 3.4236349e-05 1.3209494e-03 2.5113674e-02 5.0173044e-01
 4.6025297e-01 1.1481765e-02 6.3253283e-05 3.8770614e-07]",0,White,20-39
/scratch/project_462000771/mengting/projects/bias/Proteus/prompt2/selected_faces/detected_sad/sad_person_0982_face0.png,Middle Eastern,White,Male,40-49,"[3.0491415e-01 2.8870939e-03 2.4934313e-01 4.4907632e-05 2.5719588e-04
 2.5922937e-02 4.1663063e-01]",[9.3693197e-01 1.7161610e-03 4.4369430e-04 6.0908217e-02],[9.9997717e-01 2.2782575e-05],"[5.1999905e-06 1.0180329e-05 3.6729538e-04 1.0520371e-02 2.1311681e-01
 6.0188532e-01 1.6777781e-01 6.1413813e-03 1.7564444e-04]",0,White,40-59
/scratch/project_462000771/mengting/projects/bias/Proteus/prompt2/selected_faces/detected_sad/sad_person_0983_face0.png,Middle Eastern,Indian,Male,40-49,"[2.3103175e-01 3.3414983e-03 2.7729589e-01 3.8308393e-05 6.6334085e-04
 5.8651693e-02 4.2897761e-01]",[0.44549632 0.00741804 0.00911222 0.5379734 ],[9.9999869e-01 1.2672344e-06],"[4.9279734e-06 1.0803318e-05 2.3609040e-04 3.5057608e-03 1.4963500e-01
 5.9774786e-01 2.4195309e-01 6.8225185e-03 8.3904197e-05]",0,Others,40-59
/scratch/project_462000771/mengting/projects/bias/Proteus/prompt2/selected_faces/detected_sad/sad_person_0984_face0.png,White,White,Male,40-49,"[4.2855331e-01 7.9344437e-03 3.3827811e-01 2.2321696e-04 1.1910236e-03
 8.8321112e-02 1.3549876e-01]",[0.49926868 0.00732499 0.00961507 0.48379126],[9.999920e-01 7.973984e-06],"[2.5545041e-05 4.9677888e-05 7.6640758e-04 1.6264498e-02 2.5085631e-01
 5.6258798e-01 1.6655946e-01 2.8472932e-03 4.2803546e-05]",0,White,40-59
/scratch/project_462000771/mengting/projects/bias/Proteus/prompt2/selected_faces/detected_sad/sad_person_0985_face0.png,White,White,Male,40-49,"[9.0860891e-01 1.7695520e-04 4.7935162e-02 3.4802924e-05 1.4011498e-04
 2.0612353e-03 4.1042887e-02]",[9.9911124e-01 2.7102908e-05 4.7463491e-05 8.1427256e-04],[9.9999797e-01 1.9859785e-06],"[4.8591683e-06 1.9275103e-05 4.4926014e-04 4.5491275e-03 1.0890439e-01
 6.0284138e-01 2.7724892e-01 5.9168437e-03 6.5956752e-05]",1,White,40-59
/scratch/project_462000771/mengting/projects/bias/Proteus/prompt2/selected_faces/detected_sad/sad_person_0986_face0.png,White,White,Male,30-39,"[7.2298843e-01 1.1975039e-04 6.2342301e-02 1.0209955e-05 8.4859988e-05
 3.2936323e-03 2.1116076e-01]",[0.9120909  0.00153641 0.00165205 0.08472057],[9.9999988e-01 7.0078876e-08],"[8.0588144e-08 5.6861421e-07 3.2157704e-04 5.3012617e-02 6.6122156e-01
 2.8049007e-01 4.9282466e-03 2.5145206e-05 1.3340191e-07]",0,White,20-39
/scratch/project_462000771/mengting/projects/bias/Proteus/prompt2/selected_faces/detected_sad/sad_person_0987_face0.png,White,White,Male,40-49,"[5.7686532e-01 5.7889160e-04 1.1039821e-01 1.5486356e-04 9.1284211e-04
 1.4764465e-02 2.9632539e-01]",[9.7613740e-01 1.1241690e-03 3.1505313e-04 2.2423338e-02],[9.9999791e-01 2.0255025e-06],"[1.0639749e-06 1.6991102e-06 1.8389484e-04 1.4059775e-02 2.2387126e-01
 5.5755448e-01 1.9658425e-01 7.5400970e-03 2.0348160e-04]",0,White,40-59
/scratch/project_462000771/mengting/projects/bias/Proteus/prompt2/selected_faces/detected_sad/sad_person_0988_face0.png,White,White,Male,30-39,"[9.2843801e-01 1.6650741e-04 3.8391843e-02 3.3471562e-05 8.7922010e-05
 7.4703025e-04 3.2135237e-02]",[9.9071008e-01 5.3941441e-04 1.6202199e-03 7.1303188e-03],[0.9966969  0.00330315],"[4.9977547e-07 5.1110183e-06 2.0885910e-03 3.2765308e-01 6.1885595e-01
 5.0357766e-02 1.0155505e-03 2.2846341e-05 6.7649603e-07]",0,White,20-39
/scratch/project_462000771/mengting/projects/bias/Proteus/prompt2/selected_faces/detected_sad/sad_person_0989_face0.png,White,White,Male,30-39,"[7.5239044e-01 8.3069759e-04 1.3988532e-01 4.6755911e-05 1.6226334e-04
 9.6853320e-03 9.6999191e-02]",[9.6384114e-01 1.1069174e-03 2.4558196e-04 3.4806389e-02],[9.9998963e-01 1.0388629e-05],"[5.1717957e-06 2.3984901e-05 1.1965842e-03 9.0155311e-02 6.0834330e-01
 2.8701845e-01 1.3087594e-02 1.6753066e-04 2.0665543e-06]",1,White,20-39
/scratch/project_462000771/mengting/projects/bias/Proteus/prompt2/selected_faces/detected_sad/sad_person_0990_face0.png,Middle Eastern,White,Male,30-39,"[3.4476146e-01 1.4001133e-03 1.5933764e-01 9.8167759e-05 1.0499334e-03
 4.9236745e-02 4.4411597e-01]",[8.5093242e-01 1.6379080e-04 3.0477957e-03 1.4585599e-01],[9.9999982e-01 1.9604956e-07],"[2.7515234e-05 3.5145730e-04 2.3990517e-02 1.9972754e-01 5.1758307e-01
 2.4055639e-01 1.7205687e-02 5.4935610e-04 8.4838557e-06]",1,White,20-39
/scratch/project_462000771/mengting/projects/bias/Proteus/prompt2/selected_faces/detected_sad/sad_person_0991_face0.png,Middle Eastern,White,Male,40-49,"[1.6318300e-01 4.2386418e-03 1.7513877e-01 1.4090154e-04 6.8332936e-04
 1.3688379e-02 6.4292693e-01]",[0.6340441  0.01672495 0.00379583 0.34543517],[9.9999994e-01 5.4132517e-08],"[1.3975504e-05 4.0593324e-05 1.1552991e-03 3.3494260e-02 3.9014289e-01
 4.9771458e-01 7.4206591e-02 3.1957452e-03 3.6157271e-05]",0,Others,40-59
/scratch/project_462000771/mengting/projects/bias/Proteus/prompt2/selected_faces/detected_sad/sad_person_0992_face0.png,White,White,Male,30-39,"[5.8188242e-01 1.5791562e-04 2.3783992e-01 2.6670322e-04 2.2972357e-03
 2.6752984e-02 1.5080275e-01]",[9.6614283e-01 1.4310752e-04 1.9130071e-03 3.1801056e-02],[9.9999976e-01 1.9069853e-07],"[1.4947734e-05 4.6194551e-04 1.4360104e-02 6.9305293e-02 5.3331351e-01
 3.6483902e-01 1.7487487e-02 2.1561957e-04 2.0645791e-06]",0,White,20-39
/scratch/project_462000771/mengting/projects/bias/Proteus/prompt2/selected_faces/detected_sad/sad_person_0994_face0.png,White,White,Male,30-39,"[6.3677865e-01 1.7432790e-04 5.8004223e-02 2.3396036e-05 1.3623586e-04
 5.9391716e-03 2.9894400e-01]",[9.7088993e-01 8.1119552e-04 6.3538883e-04 2.7663477e-02],[9.9999255e-01 7.4699451e-06],"[3.6537667e-06 4.8556034e-05 4.1496167e-03 2.3411754e-01 6.5319639e-01
 1.0678970e-01 1.6634301e-03 3.0430263e-05 7.0682438e-07]",1,White,20-39
/scratch/project_462000771/mengting/projects/bias/Proteus/prompt2/selected_faces/detected_sad/sad_person_0995_face0.png,White,White,Male,30-39,"[9.8897445e-01 8.7500521e-06 6.4663026e-03 6.7590845e-05 1.2083782e-04
 3.4906232e-04 4.0130317e-03]",[0.99345136 0.00147964 0.00152251 0.0035465 ],[9.9996948e-01 3.0462968e-05],"[6.6615769e-07 7.2524972e-06 3.2304387e-04 3.3234399e-02 5.5467510e-01
 3.9859432e-01 1.3131338e-02 3.3556244e-05 4.0436305e-07]",0,White,20-39
/scratch/project_462000771/mengting/projects/bias/Proteus/prompt2/selected_faces/detected_sad/sad_person_0996_face0.png,White,White,Male,30-39,"[4.70943809e-01 6.28791004e-03 3.50920886e-01 2.32411214e-04
 1.54183502e-03 4.67153415e-02 1.23357736e-01]",[9.4361389e-01 1.0697253e-03 2.0281978e-04 5.5113588e-02],[9.9985415e-01 1.4585388e-04],"[4.7662493e-06 1.9377281e-05 1.6986381e-03 4.2676665e-02 4.7497556e-01
 4.0882397e-01 7.0524380e-02 1.2499201e-03 2.6762054e-05]",1,White,20-39
/scratch/project_462000771/mengting/projects/bias/Proteus/prompt2/selected_faces/detected_sad/sad_person_0997_face0.png,White,White,Male,30-39,"[7.2533107e-01 5.8969727e-04 1.7257352e-01 9.7048258e-05 4.0683863e-04
 1.2831320e-02 8.8170566e-02]",[9.6881497e-01 1.8128658e-03 2.7493117e-04 2.9097255e-02],[9.9998587e-01 1.4103989e-05],"[1.8272478e-05 1.5371079e-04 3.0338247e-03 1.0638079e-01 6.4920747e-01
 2.3093461e-01 1.0144670e-02 1.2443558e-04 2.2448883e-06]",1,White,20-39
/scratch/project_462000771/mengting/projects/bias/Proteus/prompt2/selected_faces/detected_sad/sad_person_0998_face0.png,White,White,Male,30-39,"[9.8895842e-01 4.5763873e-06 4.9096057e-03 6.1097367e-06 1.2014130e-05
 1.6580963e-04 5.9434590e-03]",[9.9886936e-01 3.4161920e-05 2.9941382e-05 1.0664975e-03],[9.9998826e-01 1.1695388e-05],"[4.4799603e-07 4.4892731e-06 3.4585732e-04 3.7179489e-02 5.7662463e-01
 3.7770703e-01 8.1148874e-03 2.2997510e-05 2.0204804e-07]",0,White,20-39
/scratch/project_462000771/mengting/projects/bias/Proteus/prompt2/selected_faces/detected_sad/sad_person_0999_face0.png,White,White,Male,40-49,"[5.8305019e-01 1.8306754e-03 1.1588677e-01 5.9960472e-05 7.8337057e-04
 1.8186385e-02 2.8020257e-01]",[0.8428941  0.00542369 0.01324952 0.13843267],[9.999986e-01 1.389530e-06],"[1.5008743e-06 2.4125516e-06 8.3508763e-05 3.3171882e-03 1.1761861e-01
 6.7260587e-01 2.0206754e-01 4.2268862e-03 7.6427335e-05]",0,White,40-59
