face_name_align,race,race4,gender,age,race_scores_fair,race_scores_fair_4,gender_scores_fair,age_scores_fair,attractiveness,race_final,age_final
/scratch/project_462000771/mengting/projects/bias/sana/prompt2/selected_faces/detected_disgusted/disgusted_person_0000_face0.png,White,White,Male,30-39,"[9.7150117e-01 2.4774286e-04 1.2624865e-02 3.5538126e-04 5.6601386e-04
 1.4183208e-03 1.3286489e-02]",[9.9194843e-01 8.3650369e-04 3.3419656e-03 3.8731021e-03],[0.51263547 0.4873645 ],"[9.7527948e-07 9.3128974e-06 1.0282536e-03 1.0010352e-01 4.3109822e-01
 4.0764010e-01 5.8281846e-02 1.7701596e-03 6.7596498e-05]",0,White,20-39
/scratch/project_462000771/mengting/projects/bias/sana/prompt2/selected_faces/detected_disgusted/disgusted_person_0001_face0.png,White,White,Male,30-39,"[8.0925131e-01 4.1228555e-05 1.9593412e-02 2.3975937e-05 1.1827650e-04
 8.8764839e-03 1.6209535e-01]",[0.8898917  0.00401257 0.00967355 0.0964222 ],[9.9980372e-01 1.9626692e-04],"[6.6787638e-06 2.9901328e-04 9.3002254e-03 1.7936626e-01 5.3178138e-01
 2.7031118e-01 8.7781763e-03 1.5268623e-04 4.4016138e-06]",0,White,20-39
/scratch/project_462000771/mengting/projects/bias/sana/prompt2/selected_faces/detected_disgusted/disgusted_person_0002_face0.png,White,White,Male,40-49,"[9.9285281e-01 9.7311852e-07 7.7450578e-04 3.1184114e-05 7.6901008e-05
 5.8946902e-05 6.2046712e-03]",[9.8757613e-01 2.5568759e-05 3.4085985e-03 8.9898305e-03],[9.994324e-01 5.676712e-04],"[6.8304557e-06 1.1416329e-04 1.3601725e-02 1.0157946e-01 2.3289615e-01
 5.2100402e-01 1.2453423e-01 6.0175625e-03 2.4586744e-04]",0,White,40-59
/scratch/project_462000771/mengting/projects/bias/sana/prompt2/selected_faces/detected_disgusted/disgusted_person_0003_face0.png,White,White,Male,50-59,"[9.9602443e-01 6.8668764e-06 9.6358592e-04 1.4188193e-04 3.1263308e-04
 7.9429134e-05 2.4712381e-03]",[9.9922627e-01 5.3530775e-06 4.7878246e-04 2.8956932e-04],[9.9964660e-01 3.5343264e-04],"[3.9279062e-06 2.2697935e-05 1.3478284e-03 1.3306346e-02 5.3379972e-02
 3.2860175e-01 5.2183604e-01 7.5850122e-02 5.6513133e-03]",0,White,40-59
/scratch/project_462000771/mengting/projects/bias/sana/prompt2/selected_faces/detected_disgusted/disgusted_person_0004_face0.png,White,White,Male,50-59,"[9.9421126e-01 5.2065370e-05 2.9109311e-03 2.4837689e-04 7.3310424e-04
 1.2542387e-03 5.9010542e-04]",[0.98115456 0.00156131 0.00876166 0.0085225 ],[0.99877214 0.0012278 ],"[1.6162505e-04 6.4727408e-03 6.1468389e-02 9.9312060e-02 1.5833490e-01
 2.6753142e-01 3.5973102e-01 4.3981738e-02 3.0061454e-03]",0,White,40-59
/scratch/project_462000771/mengting/projects/bias/sana/prompt2/selected_faces/detected_disgusted/disgusted_person_0005_face0.png,White,White,Male,40-49,"[9.3809754e-01 4.6786090e-04 2.9157635e-02 1.3806417e-02 1.2819452e-02
 4.4269767e-04 5.2084117e-03]",[9.9217916e-01 7.6627024e-05 7.3848073e-03 3.5942142e-04],[0.90248644 0.09751353],"[9.8691416e-06 2.8437362e-05 4.6746992e-04 1.1552070e-02 1.0037132e-01
 4.6346250e-01 3.9185765e-01 3.0725256e-02 1.5254496e-03]",0,White,40-59
/scratch/project_462000771/mengting/projects/bias/sana/prompt2/selected_faces/detected_disgusted/disgusted_person_0006_face0.png,White,White,Female,50-59,"[9.8127693e-01 1.0200589e-05 4.8906389e-03 2.5208187e-04 5.7979702e-04
 2.8914757e-04 1.2701222e-02]",[9.9264711e-01 1.1954888e-04 3.5448852e-03 3.6884681e-03],[0.05833334 0.94166666],"[2.7572257e-06 1.7984510e-05 4.3954229e-04 4.3249177e-03 4.1961022e-02
 4.0530333e-01 5.0647831e-01 4.0197644e-02 1.2744073e-03]",0,White,40-59
/scratch/project_462000771/mengting/projects/bias/sana/prompt2/selected_faces/detected_disgusted/disgusted_person_0007_face0.png,White,White,Female,40-49,"[8.4123009e-01 6.1762170e-04 1.2778153e-01 1.0556738e-03 1.2306332e-03
 2.4479521e-03 2.5636496e-02]",[9.9661541e-01 3.6756994e-04 7.8634109e-04 2.2306768e-03],[0.01326399 0.986736  ],"[2.0757536e-06 2.6649977e-05 6.6103233e-04 2.9256098e-02 2.7951574e-01
 5.4754287e-01 1.3709676e-01 5.7395794e-03 1.5914853e-04]",0,White,40-59
/scratch/project_462000771/mengting/projects/bias/sana/prompt2/selected_faces/detected_disgusted/disgusted_person_0008_face0.png,Latino_Hispanic,Indian,Female,30-39,"[0.20946863 0.01255995 0.707598   0.00111535 0.00265746 0.02947791
 0.03712273]",[0.2347956  0.13370913 0.15784651 0.47364876],[0.03767551 0.9623245 ],"[2.5200625e-06 3.1840707e-05 4.1742804e-03 1.0406649e-01 4.9905995e-01
 3.2830882e-01 6.1584029e-02 2.7096239e-03 6.2440769e-05]",1,Others,20-39
/scratch/project_462000771/mengting/projects/bias/sana/prompt2/selected_faces/detected_disgusted/disgusted_person_0009_face0.png,White,White,Male,20-29,"[9.2652690e-01 1.4040561e-04 3.2469537e-02 1.1144435e-02 1.9610286e-02
 3.2555694e-03 6.8528084e-03]",[9.53469872e-01 1.02156875e-04 2.77596824e-02 1.86683089e-02],[0.99368095 0.00631905],"[4.4913941e-05 7.1860752e-03 2.4716224e-01 3.5519949e-01 2.6538789e-01
 1.1071125e-01 1.3477555e-02 7.9900597e-04 3.1645672e-05]",0,White,20-39
/scratch/project_462000771/mengting/projects/bias/sana/prompt2/selected_faces/detected_disgusted/disgusted_person_0010_face0.png,White,White,Male,50-59,"[9.2895252e-01 2.0137487e-02 2.0887610e-02 3.9475586e-04 2.3278974e-03
 1.8340552e-02 8.9591937e-03]",[0.48716775 0.04882566 0.01749457 0.44651207],[0.9899847  0.01001538],"[4.3099226e-06 3.1601186e-05 3.0178821e-04 4.3700868e-03 1.5992554e-02
 1.1482432e-01 3.9487177e-01 3.3037141e-01 1.3923217e-01]",0,White,40-59
/scratch/project_462000771/mengting/projects/bias/sana/prompt2/selected_faces/detected_disgusted/disgusted_person_0011_face0.png,White,White,Female,30-39,"[9.5270258e-01 3.2306751e-05 1.2418539e-02 1.1864693e-03 1.2928079e-03
 1.5572427e-03 3.0810107e-02]",[8.7327248e-01 2.6153200e-04 5.1234655e-02 7.5231373e-02],[0.00193653 0.99806345],"[4.1446592e-06 1.9274320e-04 7.3005063e-03 2.8936684e-01 4.8712039e-01
 2.0080544e-01 1.4689619e-02 4.8636305e-04 3.3991440e-05]",0,White,20-39
/scratch/project_462000771/mengting/projects/bias/sana/prompt2/selected_faces/detected_disgusted/disgusted_person_0012_face0.png,White,White,Female,30-39,"[9.9343985e-01 2.1490819e-06 3.0539483e-03 5.3231630e-05 1.3074582e-04
 2.3043872e-04 3.0897853e-03]",[9.9400693e-01 4.9666356e-05 1.7315832e-03 4.2119618e-03],[0.1038592 0.8961408],"[5.48968835e-08 1.81861310e-06 7.19036034e-04 1.13051064e-01
 4.99363869e-01 3.68795395e-01 1.78554896e-02 2.07841251e-04
 5.48465277e-06]",0,White,20-39
/scratch/project_462000771/mengting/projects/bias/sana/prompt2/selected_faces/detected_disgusted/disgusted_person_0013_face0.png,White,Black,Female,40-49,"[0.7729304  0.00151477 0.1575164  0.01398059 0.0346961  0.01312916
 0.00623262]",[0.18351038 0.46960178 0.19448994 0.15239793],[0.09025392 0.90974605],"[4.7561161e-07 4.1083554e-06 4.0231665e-04 3.1220799e-02 2.4267603e-01
 5.6120360e-01 1.5598308e-01 8.1781726e-03 3.3142415e-04]",0,White,40-59
/scratch/project_462000771/mengting/projects/bias/sana/prompt2/selected_faces/detected_disgusted/disgusted_person_0014_face0.png,White,White,Male,40-49,"[9.9137563e-01 5.6796205e-05 6.2968452e-03 5.6722307e-05 1.3912465e-04
 3.7106831e-04 1.7037716e-03]",[0.96136045 0.00867823 0.00658    0.02338129],[0.9662541  0.03374582],"[5.9097778e-07 3.7237348e-06 2.1361752e-04 8.0964761e-03 7.7038690e-02
 4.4480166e-01 4.1733250e-01 4.6611406e-02 5.9012906e-03]",0,White,40-59
/scratch/project_462000771/mengting/projects/bias/sana/prompt2/selected_faces/detected_disgusted/disgusted_person_0015_face0.png,White,White,Female,40-49,"[8.6240721e-01 4.2873560e-04 9.1888420e-02 1.1206592e-02 1.5604046e-02
 1.0392560e-03 1.7425725e-02]",[0.5985529  0.00406215 0.39492533 0.00245952],[0.00608851 0.99391145],"[2.8023808e-07 4.8575257e-06 6.1628595e-04 2.2689059e-02 2.1987303e-01
 5.6144375e-01 1.8604356e-01 9.1321655e-03 1.9706256e-04]",1,White,40-59
/scratch/project_462000771/mengting/projects/bias/sana/prompt2/selected_faces/detected_disgusted/disgusted_person_0016_face0.png,White,White,Male,20-29,"[9.8759222e-01 4.4598102e-05 5.6731687e-03 1.4176776e-04 9.8989194e-04
 5.5803574e-04 5.0002928e-03]",[9.9778652e-01 2.2590713e-05 1.3164468e-03 8.7446597e-04],[9.9998474e-01 1.5279153e-05],"[4.0844279e-05 2.9460813e-03 4.4001061e-02 3.9532563e-01 3.3788973e-01
 1.9309323e-01 2.5440844e-02 1.2196066e-03 4.2932283e-05]",0,White,20-39
/scratch/project_462000771/mengting/projects/bias/sana/prompt2/selected_faces/detected_disgusted/disgusted_person_0017_face0.png,White,White,Male,40-49,"[9.8334986e-01 2.6547366e-05 1.1628432e-02 3.2350954e-04 5.9606234e-04
 3.3076739e-04 3.7447754e-03]",[9.9884701e-01 3.4680346e-05 8.5849577e-04 2.5983463e-04],[0.99251765 0.00748234],"[4.7387384e-06 1.1527556e-05 4.5226802e-04 1.3389442e-02 1.0109321e-01
 4.4409722e-01 3.8541770e-01 5.0138317e-02 5.3955456e-03]",0,White,40-59
/scratch/project_462000771/mengting/projects/bias/sana/prompt2/selected_faces/detected_disgusted/disgusted_person_0018_face0.png,White,White,Male,40-49,"[9.9424237e-01 8.5903957e-06 3.2082240e-03 2.9555775e-05 2.1572325e-04
 8.5288379e-04 1.4427598e-03]",[9.9775571e-01 5.6882527e-06 7.1851257e-04 1.5201498e-03],[9.9996412e-01 3.5895497e-05],"[2.27076657e-06 2.89370102e-04 2.31423508e-02 2.23165244e-01
 3.46668303e-01 3.56800914e-01 4.74518239e-02 2.37181690e-03
 1.07960666e-04]",0,White,40-59
/scratch/project_462000771/mengting/projects/bias/sana/prompt2/selected_faces/detected_disgusted/disgusted_person_0019_face0.png,White,White,Male,30-39,"[0.73873776 0.00111131 0.09883779 0.00465139 0.01607484 0.00741416
 0.13317274]",[0.96842873 0.00458403 0.01956    0.00742729],[0.7640651  0.23593487],"[4.3590749e-06 7.3160394e-05 5.0375964e-03 2.7072456e-01 5.9182507e-01
 1.2528233e-01 6.8061990e-03 2.3280238e-04 1.3975003e-05]",0,White,20-39
/scratch/project_462000771/mengting/projects/bias/sana/prompt2/selected_faces/detected_disgusted/disgusted_person_0020_face0.png,White,White,Male,40-49,"[9.9960154e-01 5.2652740e-06 1.3770867e-04 2.2786803e-06 6.7396304e-06
 2.0483836e-05 2.2590706e-04]",[9.9992877e-01 6.6066600e-06 5.1212817e-05 1.3400537e-05],[0.9774363  0.02256372],"[1.9585400e-07 1.0262622e-06 9.5884076e-05 2.7668858e-02 1.7056468e-01
 5.1440269e-01 2.6735300e-01 1.7926944e-02 1.9867602e-03]",0,White,40-59
/scratch/project_462000771/mengting/projects/bias/sana/prompt2/selected_faces/detected_disgusted/disgusted_person_0021_face0.png,White,White,Female,30-39,"[9.6022582e-01 1.7473958e-05 1.0208335e-02 1.4332557e-04 3.4335436e-04
 3.0747606e-04 2.8754184e-02]",[9.4658810e-01 9.4201637e-04 1.2093084e-02 4.0376712e-02],[0.00467202 0.995328  ],"[6.9912198e-06 1.6268698e-04 6.1527393e-03 1.9133386e-01 4.7456011e-01
 3.0831635e-01 1.8958908e-02 4.8175265e-04 2.6593974e-05]",1,White,20-39
/scratch/project_462000771/mengting/projects/bias/sana/prompt2/selected_faces/detected_disgusted/disgusted_person_0022_face0.png,White,White,Female,30-39,"[9.8745149e-01 1.3708181e-04 6.3805110e-03 2.1137060e-03 2.0473979e-03
 1.5436432e-04 1.7155919e-03]",[9.9519140e-01 3.5757790e-04 4.4252598e-03 2.5672432e-05],[0.00788008 0.9921199 ],"[5.74482419e-06 5.88595169e-04 1.20150121e-02 1.96687803e-01
 4.29849833e-01 3.13931584e-01 4.53305505e-02 1.47042482e-03
 1.20484176e-04]",0,White,20-39
/scratch/project_462000771/mengting/projects/bias/sana/prompt2/selected_faces/detected_disgusted/disgusted_person_0023_face0.png,White,White,Female,20-29,"[9.1542727e-01 3.4857429e-05 2.4103027e-02 3.5029538e-02 2.2137646e-02
 5.3240859e-04 2.7352110e-03]",[0.49860552 0.00128636 0.4963138  0.00379432],[0.0313878 0.9686122],"[5.6569997e-06 1.1030175e-03 7.8469001e-02 5.0169605e-01 3.6402345e-01
 5.2683067e-02 1.9579080e-03 5.9367481e-05 2.5192719e-06]",0,White,20-39
/scratch/project_462000771/mengting/projects/bias/sana/prompt2/selected_faces/detected_disgusted/disgusted_person_0024_face0.png,White,White,Female,30-39,"[8.2852036e-01 2.1397159e-04 9.7231090e-02 4.0417179e-04 1.9071279e-03
 1.4359632e-02 5.7363667e-02]",[0.88372636 0.00157314 0.01082867 0.10387177],[0.18515706 0.814843  ],"[1.1506867e-06 7.4777570e-05 1.3203791e-02 2.9990098e-01 5.2861768e-01
 1.5032378e-01 7.7546574e-03 1.1842938e-04 4.7787194e-06]",1,White,20-39
/scratch/project_462000771/mengting/projects/bias/sana/prompt2/selected_faces/detected_disgusted/disgusted_person_0025_face0.png,White,White,Female,40-49,"[9.7564554e-01 6.2468275e-04 1.8513996e-02 3.8927217e-04 5.1890133e-04
 9.1781805e-04 3.3898330e-03]",[9.9709165e-01 1.0876061e-03 1.4649847e-03 3.5584244e-04],[0.38768268 0.6123173 ],"[1.4807059e-06 1.8106868e-05 8.4875262e-04 6.7948610e-02 3.7424177e-01
 4.9186409e-01 6.1706774e-02 3.1033684e-03 2.6712255e-04]",0,White,40-59
/scratch/project_462000771/mengting/projects/bias/sana/prompt2/selected_faces/detected_disgusted/disgusted_person_0026_face0.png,White,White,Female,30-39,"[9.8610467e-01 1.9688676e-05 8.8349245e-03 1.0996627e-03 5.1542872e-04
 2.9091479e-04 3.1347282e-03]",[9.9759769e-01 1.7701626e-06 2.3251688e-03 7.5414086e-05],[0.24209672 0.7579033 ],"[1.3446357e-06 1.8762563e-05 1.7447243e-03 2.1334593e-01 4.8831961e-01
 2.7494702e-01 2.1128815e-02 4.8340697e-04 1.0457608e-05]",1,White,20-39
/scratch/project_462000771/mengting/projects/bias/sana/prompt2/selected_faces/detected_disgusted/disgusted_person_0027_face0.png,White,White,Female,30-39,"[9.0569234e-01 3.8139504e-05 6.9037460e-02 2.4332453e-03 2.2142313e-03
 1.0088012e-03 1.9575747e-02]",[9.9174798e-01 5.4209133e-05 5.3354693e-03 2.8622968e-03],[0.02548574 0.9745143 ],"[2.1402263e-07 2.8807817e-06 6.3123729e-04 8.5203804e-02 5.1516181e-01
 3.7151414e-01 2.6892500e-02 5.8347243e-04 9.9705530e-06]",1,White,20-39
/scratch/project_462000771/mengting/projects/bias/sana/prompt2/selected_faces/detected_disgusted/disgusted_person_0028_face0.png,White,White,Female,30-39,"[9.4985437e-01 1.7587068e-05 2.4126740e-02 3.3625194e-03 5.8434424e-03
 1.9907686e-03 1.4804533e-02]",[8.9495003e-01 4.5745549e-04 6.3547872e-02 4.1044686e-02],[0.00100562 0.9989944 ],"[1.8691754e-06 4.1880758e-05 2.9271424e-03 1.7053166e-01 5.1936775e-01
 2.9353866e-01 1.3159396e-02 4.1209365e-04 1.9533916e-05]",0,White,20-39
/scratch/project_462000771/mengting/projects/bias/sana/prompt2/selected_faces/detected_disgusted/disgusted_person_0029_face0.png,White,White,Male,30-39,"[9.9201101e-01 3.8069842e-07 3.9671529e-03 7.3544227e-04 3.9583805e-04
 2.0860376e-05 2.8693560e-03]",[9.9456072e-01 4.5811671e-08 5.4174722e-03 2.1757207e-05],[0.7930991  0.20690085],"[1.4027614e-06 5.9133275e-05 5.5387476e-03 1.2326464e-01 6.0181642e-01
 2.6381001e-01 5.4502562e-03 5.8762467e-05 7.1749974e-07]",1,White,20-39
/scratch/project_462000771/mengting/projects/bias/sana/prompt2/selected_faces/detected_disgusted/disgusted_person_0030_face0.png,White,Asian,Female,30-39,"[0.7500283  0.00125298 0.14235245 0.00376581 0.0153787  0.01766011
 0.06956163]",[0.31142816 0.00699595 0.60776794 0.07380801],[0.48965004 0.51035005],"[2.1406802e-05 1.2170328e-03 2.7613223e-02 1.8199496e-01 4.5827249e-01
 2.9990801e-01 2.9926104e-02 1.0086047e-03 3.8176364e-05]",0,White,20-39
/scratch/project_462000771/mengting/projects/bias/sana/prompt2/selected_faces/detected_disgusted/disgusted_person_0031_face0.png,White,White,Male,40-49,"[9.9723631e-01 6.5632771e-06 9.2698354e-04 2.2943238e-04 1.5888951e-04
 4.7658825e-05 1.3942420e-03]",[9.9520469e-01 3.0093715e-05 4.5443135e-03 2.2090370e-04],[0.9145474  0.08545256],"[6.0129960e-06 2.7859033e-04 9.6589848e-03 1.8127240e-01 3.4025294e-01
 4.2641914e-01 4.0996876e-02 1.0592648e-03 5.5700370e-05]",0,White,40-59
/scratch/project_462000771/mengting/projects/bias/sana/prompt2/selected_faces/detected_disgusted/disgusted_person_0032_face0.png,White,White,Male,30-39,"[0.58350444 0.00592474 0.19773091 0.0042656  0.01531145 0.04690972
 0.14635307]",[0.6522639  0.01307034 0.17568801 0.15897782],[0.5782063 0.4217937],"[1.6276894e-06 2.0839052e-05 1.6015604e-03 1.5360346e-01 6.1310422e-01
 2.2105360e-01 1.0321356e-02 2.7121507e-04 2.2138349e-05]",0,White,20-39
/scratch/project_462000771/mengting/projects/bias/sana/prompt2/selected_faces/detected_disgusted/disgusted_person_0033_face0.png,White,White,Male,40-49,"[9.5908797e-01 9.0114670e-05 1.8610014e-02 1.0634939e-02 8.9027286e-03
 4.2657548e-04 2.2476262e-03]",[9.7794080e-01 1.0274927e-04 2.1655412e-02 3.0102738e-04],[9.9998569e-01 1.4278713e-05],"[5.4731929e-05 6.4597052e-04 4.9787676e-03 3.3060543e-02 3.1565437e-01
 5.0310284e-01 1.3974820e-01 2.7197166e-03 3.4906716e-05]",1,White,40-59
/scratch/project_462000771/mengting/projects/bias/sana/prompt2/selected_faces/detected_disgusted/disgusted_person_0034_face0.png,White,White,Male,30-39,"[9.5964789e-01 6.6345465e-06 1.8811917e-02 9.5360470e-04 3.2374023e-03
 4.5723915e-03 1.2770125e-02]",[9.9109560e-01 1.2518002e-05 2.3907437e-03 6.5010800e-03],[9.9934453e-01 6.5546326e-04],"[8.3247496e-06 2.0520251e-04 8.4454855e-03 1.0418491e-01 4.3769398e-01
 4.2550489e-01 2.3565412e-02 3.8541539e-04 6.4416890e-06]",0,White,20-39
/scratch/project_462000771/mengting/projects/bias/sana/prompt2/selected_faces/detected_disgusted/disgusted_person_0035_face0.png,White,White,Male,40-49,"[9.8772061e-01 5.9796559e-05 6.7627449e-03 1.8054125e-05 7.9114412e-05
 8.8017993e-04 4.4795903e-03]",[9.9920845e-01 6.7050758e-05 1.9477557e-04 5.2974251e-04],[0.99576193 0.00423805],"[8.1875269e-06 1.5043125e-04 6.2552504e-03 1.0166368e-01 2.8238070e-01
 3.9661330e-01 2.0276865e-01 9.6672652e-03 4.9257831e-04]",0,White,40-59
/scratch/project_462000771/mengting/projects/bias/sana/prompt2/selected_faces/detected_disgusted/disgusted_person_0036_face0.png,White,White,Male,40-49,"[9.9975061e-01 5.0034691e-06 5.5228247e-05 9.6780866e-07 4.9629589e-06
 1.2222775e-05 1.7117115e-04]",[9.9529868e-01 7.4109656e-04 2.0819390e-04 3.7520633e-03],[9.9984062e-01 1.5937779e-04],"[1.3053998e-06 1.8211585e-05 2.6118839e-03 1.8382891e-01 3.1380770e-01
 3.9219990e-01 1.0167505e-01 5.4629641e-03 3.9409572e-04]",0,White,40-59
/scratch/project_462000771/mengting/projects/bias/sana/prompt2/selected_faces/detected_disgusted/disgusted_person_0037_face0.png,White,White,Male,20-29,"[9.9957287e-01 2.7552684e-07 4.2005984e-05 4.0787068e-05 6.9522415e-05
 2.2665081e-05 2.5192098e-04]",[9.9712276e-01 2.4897111e-06 2.6436651e-03 2.3106998e-04],[0.98209924 0.01790075],"[1.0743177e-06 5.8018501e-05 1.0982658e-02 3.9887989e-01 2.7351812e-01
 2.1909077e-01 8.6470999e-02 9.7928941e-03 1.2055552e-03]",0,White,20-39
/scratch/project_462000771/mengting/projects/bias/sana/prompt2/selected_faces/detected_disgusted/disgusted_person_0038_face0.png,White,White,Female,30-39,"[7.96688139e-01 3.76710756e-04 1.10304095e-01 7.68934609e-03
 1.50428992e-02 8.42431560e-04 6.90563470e-02]",[9.353159e-01 7.289219e-04 6.338340e-02 5.718420e-04],[0.15349033 0.84650964],"[2.2724709e-07 8.5834408e-06 2.6336489e-03 1.4935227e-01 6.5834278e-01
 1.8030718e-01 9.2050219e-03 1.4760335e-04 2.7092697e-06]",0,White,20-39
/scratch/project_462000771/mengting/projects/bias/sana/prompt2/selected_faces/detected_disgusted/disgusted_person_0039_face0.png,White,White,Male,40-49,"[9.9068606e-01 2.8922679e-04 5.8401455e-03 3.7536398e-04 9.4983575e-04
 3.1995546e-04 1.5394081e-03]",[9.687601e-01 2.537326e-04 3.028157e-02 7.045465e-04],[9.9979484e-01 2.0515051e-04],"[7.0619180e-06 4.9620503e-05 1.9676851e-03 4.0062111e-02 2.4564312e-01
 4.1234821e-01 2.8303450e-01 1.6322460e-02 5.6520512e-04]",1,White,40-59
/scratch/project_462000771/mengting/projects/bias/sana/prompt2/selected_faces/detected_disgusted/disgusted_person_0040_face0.png,White,White,Male,30-39,"[9.0031445e-01 1.2623194e-04 4.6312403e-02 1.1291627e-03 2.6241781e-03
 3.9672256e-03 4.5526408e-02]",[9.9857229e-01 1.4751209e-05 3.2175583e-04 1.0911773e-03],[0.996926   0.00307393],"[1.0256024e-05 8.7994942e-04 2.5872687e-02 4.0699625e-01 4.5421344e-01
 1.0956843e-01 2.4178328e-03 3.9995255e-05 1.1689954e-06]",0,White,20-39
/scratch/project_462000771/mengting/projects/bias/sana/prompt2/selected_faces/detected_disgusted/disgusted_person_0041_face0.png,White,White,Female,20-29,"[9.8664004e-01 1.9927602e-06 4.9214778e-03 9.0571650e-04 5.6997687e-04
 7.7478512e-04 6.1859828e-03]",[9.9919164e-01 1.6327189e-06 4.6830880e-04 3.3836017e-04],[0.01373433 0.9862657 ],"[4.99180805e-06 2.62039015e-04 2.33209524e-02 5.38388789e-01
 3.43772858e-01 9.02360305e-02 3.86433350e-03 1.39506650e-04
 1.05395875e-05]",0,White,20-39
/scratch/project_462000771/mengting/projects/bias/sana/prompt2/selected_faces/detected_disgusted/disgusted_person_0042_face0.png,White,White,Male,30-39,"[9.8174471e-01 5.9917936e-04 1.2323930e-02 6.2704028e-05 2.6315122e-04
 6.9012429e-04 4.3161321e-03]",[0.9689167  0.00355144 0.02335688 0.00417499],[0.99351346 0.00648651],"[2.2931160e-06 4.4874709e-05 1.3598830e-03 9.1052830e-02 4.8954189e-01
 3.8001838e-01 3.7401456e-02 5.6279573e-04 1.5521573e-05]",0,White,20-39
/scratch/project_462000771/mengting/projects/bias/sana/prompt2/selected_faces/detected_disgusted/disgusted_person_0043_face0.png,White,White,Female,40-49,"[9.0067118e-01 3.3579237e-04 5.0787460e-02 4.3492769e-03 7.9598380e-03
 8.4263692e-04 3.5053808e-02]",[0.81692415 0.01974477 0.15433542 0.00899565],[0.04550455 0.95449543],"[4.6563696e-06 5.7091664e-05 2.1578749e-03 6.5324396e-02 3.7068957e-01
 4.7076696e-01 8.6601697e-02 4.2027566e-03 1.9507164e-04]",0,White,40-59
/scratch/project_462000771/mengting/projects/bias/sana/prompt2/selected_faces/detected_disgusted/disgusted_person_0044_face0.png,White,White,Female,40-49,"[6.4959055e-01 6.2468072e-04 2.4480220e-02 4.8354839e-04 2.0915102e-03
 1.8111065e-02 3.0461842e-01]",[0.9335939  0.00568545 0.0270778  0.03364287],[0.02606528 0.97393477],"[5.6591853e-07 6.1404835e-06 6.1167666e-04 2.3564031e-02 1.6454652e-01
 5.3737134e-01 2.5417170e-01 1.8545525e-02 1.1825364e-03]",1,White,40-59
/scratch/project_462000771/mengting/projects/bias/sana/prompt2/selected_faces/detected_disgusted/disgusted_person_0045_face0.png,White,White,Female,30-39,"[9.0316749e-01 7.4092270e-04 7.3122457e-02 5.6338678e-03 1.0489821e-02
 6.7257520e-04 6.1728577e-03]",[0.86988187 0.00560003 0.12343359 0.00108446],[0.20835736 0.7916426 ],"[7.5321623e-07 4.4947763e-05 8.4209135e-03 1.7026316e-01 5.8354050e-01
 2.1480356e-01 2.2331899e-02 5.7673629e-04 1.7505790e-05]",0,White,20-39
/scratch/project_462000771/mengting/projects/bias/sana/prompt2/selected_faces/detected_disgusted/disgusted_person_0046_face0.png,White,White,Male,30-39,"[8.8899720e-01 1.8256549e-04 6.6187963e-02 1.3019084e-03 3.0317535e-03
 1.7559265e-03 3.8542699e-02]",[9.9305779e-01 6.8861318e-06 6.4822021e-03 4.5304451e-04],[0.9808842  0.01911582],"[5.3156978e-06 1.0537466e-04 5.8225924e-03 1.2564372e-01 4.5012432e-01
 3.7114424e-01 4.6105184e-02 1.0192553e-03 3.0003535e-05]",1,White,20-39
/scratch/project_462000771/mengting/projects/bias/sana/prompt2/selected_faces/detected_disgusted/disgusted_person_0047_face0.png,White,White,Male,30-39,"[0.90195936 0.00227744 0.05744848 0.0053519  0.02140996 0.00630843
 0.00524445]",[9.8874259e-01 3.5459717e-04 5.6459331e-03 5.2569062e-03],[9.9999523e-01 4.7974086e-06],"[1.1201209e-05 1.5905902e-03 2.8312515e-02 2.6423082e-01 3.8537753e-01
 2.8582093e-01 3.3012670e-02 1.5847315e-03 5.8996320e-05]",0,White,20-39
/scratch/project_462000771/mengting/projects/bias/sana/prompt2/selected_faces/detected_disgusted/disgusted_person_0048_face0.png,White,White,Male,40-49,"[0.760725   0.00085722 0.15954216 0.00102863 0.00576115 0.05399546
 0.01809033]",[0.54303414 0.00818363 0.3205422  0.12824002],[0.9962591  0.00374084],"[2.9142331e-05 5.9428561e-04 1.5137062e-02 8.7453723e-02 2.1685019e-01
 4.6675521e-01 1.9925316e-01 1.3380494e-02 5.4675865e-04]",0,White,40-59
/scratch/project_462000771/mengting/projects/bias/sana/prompt2/selected_faces/detected_disgusted/disgusted_person_0049_face0.png,White,White,Male,40-49,"[9.9931186e-01 3.2705997e-05 1.8779121e-04 8.2613755e-05 2.1840622e-04
 1.4527165e-05 1.5210858e-04]",[9.9853104e-01 6.1565908e-05 1.0196328e-03 3.8780767e-04],[9.9996299e-01 3.6956906e-05],"[3.5928373e-05 5.8720750e-04 9.7600240e-03 1.3403000e-01 2.9764408e-01
 3.8633159e-01 1.6513896e-01 6.1294814e-03 3.4266361e-04]",0,White,40-59
/scratch/project_462000771/mengting/projects/bias/sana/prompt2/selected_faces/detected_disgusted/disgusted_person_0050_face0.png,White,White,Male,30-39,"[9.9622124e-01 8.6719474e-06 2.2333954e-03 6.3362255e-05 1.0670105e-04
 1.0495847e-04 1.2616925e-03]",[9.711487e-01 5.662344e-04 1.676843e-02 1.151664e-02],[0.99813664 0.00186337],"[1.3274635e-06 3.5858189e-05 2.0553893e-03 1.9358052e-01 5.4302210e-01
 2.4690999e-01 1.4206197e-02 1.8317731e-04 5.5310038e-06]",0,White,20-39
/scratch/project_462000771/mengting/projects/bias/sana/prompt2/selected_faces/detected_disgusted/disgusted_person_0051_face0.png,White,White,Male,50-59,"[8.1843108e-01 1.4650829e-04 2.6704587e-02 9.4922056e-05 2.5140698e-04
 1.7586190e-03 1.5261281e-01]",[0.94511616 0.00098288 0.00500733 0.04889358],[0.8834368  0.11656322],"[2.4878168e-06 1.1900503e-05 4.1573105e-04 3.7689663e-03 3.9177880e-02
 3.4457052e-01 5.7765347e-01 3.3146024e-02 1.2530136e-03]",0,White,40-59
/scratch/project_462000771/mengting/projects/bias/sana/prompt2/selected_faces/detected_disgusted/disgusted_person_0052_face0.png,White,White,Female,50-59,"[0.56513643 0.00092355 0.1274892  0.00149432 0.00451029 0.01091674
 0.28952944]",[0.9169367  0.01049257 0.01639777 0.05617298],[0.09595978 0.9040402 ],"[2.9412227e-05 1.0634574e-04 8.5100008e-04 5.1250360e-03 7.0244864e-02
 4.2782104e-01 4.4428658e-01 4.7956664e-02 3.5789823e-03]",0,White,40-59
/scratch/project_462000771/mengting/projects/bias/sana/prompt2/selected_faces/detected_disgusted/disgusted_person_0053_face0.png,White,White,Male,40-49,"[9.8877305e-01 1.2570526e-04 3.7371267e-03 1.4076715e-05 1.9790739e-04
 3.0138684e-04 6.8507055e-03]",[9.9575496e-01 2.8539600e-04 2.2539874e-03 1.7056573e-03],[9.9920136e-01 7.9866225e-04],"[1.3347712e-07 2.1486594e-06 5.6451437e-04 3.5570227e-02 2.2215909e-01
 5.7323712e-01 1.5936582e-01 8.6636413e-03 4.3723916e-04]",0,White,40-59
/scratch/project_462000771/mengting/projects/bias/sana/prompt2/selected_faces/detected_disgusted/disgusted_person_0054_face0.png,White,White,Male,50-59,"[8.30304384e-01 2.75749917e-04 4.07119356e-02 1.15825841e-03
 2.82278890e-03 1.13848355e-02 1.13342039e-01]",[0.9811772  0.00118197 0.00757726 0.01006353],[0.9813517  0.01864836],"[1.4472379e-06 6.3163943e-06 1.5784445e-04 2.2061106e-03 3.4995828e-02
 3.8694954e-01 5.3753036e-01 3.6588024e-02 1.5644844e-03]",0,White,40-59
/scratch/project_462000771/mengting/projects/bias/sana/prompt2/selected_faces/detected_disgusted/disgusted_person_0055_face0.png,White,White,Female,40-49,"[9.5566726e-01 2.3990793e-05 9.0585286e-03 1.4291154e-04 6.4677710e-04
 2.3306613e-03 3.2129996e-02]",[9.9607760e-01 1.1796188e-04 2.0192100e-03 1.7851973e-03],[0.23086028 0.7691397 ],"[4.1258163e-06 4.5644723e-05 1.6884187e-03 4.0275089e-02 1.9183326e-01
 5.6749487e-01 1.8902987e-01 9.2416322e-03 3.8711823e-04]",0,White,40-59
/scratch/project_462000771/mengting/projects/bias/sana/prompt2/selected_faces/detected_disgusted/disgusted_person_0056_face0.png,White,White,Female,30-39,"[0.4081815  0.00147166 0.3178793  0.00330563 0.03042097 0.04752447
 0.1912165 ]",[0.53094316 0.00656041 0.308918   0.15357846],[0.00204957 0.99795043],"[3.1277000e-06 2.5368534e-04 9.3054343e-03 1.0563833e-01 5.2863640e-01
 3.3259350e-01 2.2825189e-02 7.2084460e-04 2.3527564e-05]",0,White,20-39
/scratch/project_462000771/mengting/projects/bias/sana/prompt2/selected_faces/detected_disgusted/disgusted_person_0057_face0.png,White,White,Female,20-29,"[0.7331448  0.00880812 0.19108921 0.02536729 0.0245827  0.0051314
 0.01187648]",[0.6797747  0.15829705 0.12312049 0.03880766],[2.9814182e-04 9.9970180e-01],"[8.2528368e-07 5.5070349e-04 4.9891233e-02 5.2686167e-01 3.9497846e-01
 2.7098183e-02 6.0601713e-04 1.2365385e-05 5.2103928e-07]",0,White,20-39
/scratch/project_462000771/mengting/projects/bias/sana/prompt2/selected_faces/detected_disgusted/disgusted_person_0058_face0.png,White,White,Male,30-39,"[8.3890688e-01 7.1272062e-04 7.7740520e-02 3.4078613e-02 4.4181831e-02
 8.7750296e-04 3.5019263e-03]",[0.66411024 0.00078005 0.32941154 0.00569825],[0.74591136 0.2540886 ],"[6.5200379e-06 2.7156464e-04 1.1359878e-02 1.6061267e-01 4.6773151e-01
 3.1589273e-01 4.2924955e-02 1.1534696e-03 4.6628618e-05]",1,White,20-39
/scratch/project_462000771/mengting/projects/bias/sana/prompt2/selected_faces/detected_disgusted/disgusted_person_0059_face0.png,White,White,Female,30-39,"[9.9021477e-01 4.8671143e-05 2.9808856e-03 3.4248532e-04 7.6835108e-04
 5.8063318e-04 5.0643273e-03]",[0.97114444 0.00294975 0.00234435 0.02356136],[0.47608104 0.523919  ],"[1.2906913e-06 1.3308124e-05 8.1905036e-04 1.3621384e-01 4.0089026e-01
 3.8185430e-01 7.1282044e-02 7.8946427e-03 1.0312218e-03]",0,White,20-39
/scratch/project_462000771/mengting/projects/bias/sana/prompt2/selected_faces/detected_disgusted/disgusted_person_0060_face0.png,White,White,Female,20-29,"[9.9901146e-01 2.1219021e-06 3.8446076e-04 1.9088626e-04 1.7270193e-04
 2.6456835e-05 2.1185720e-04]",[9.9935269e-01 1.8697884e-06 6.3991168e-04 5.5067062e-06],[0.04158373 0.9584162 ],"[2.1224737e-06 2.7122788e-04 2.1093829e-02 5.7229525e-01 3.6910644e-01
 3.6833450e-02 3.9262782e-04 4.6967912e-06 3.9302651e-07]",0,White,20-39
/scratch/project_462000771/mengting/projects/bias/sana/prompt2/selected_faces/detected_disgusted/disgusted_person_0061_face0.png,White,White,Male,30-39,"[8.7441874e-01 2.9950569e-04 9.3830153e-02 3.3921725e-03 1.0203188e-02
 3.9344546e-03 1.3921716e-02]",[0.6810827  0.00649259 0.2219231  0.09050156],[0.94264853 0.05735152],"[1.2743452e-05 3.9238264e-04 1.0497187e-02 1.5702005e-01 5.0866044e-01
 2.8849748e-01 3.4186963e-02 7.0535135e-04 2.7349390e-05]",0,White,20-39
/scratch/project_462000771/mengting/projects/bias/sana/prompt2/selected_faces/detected_disgusted/disgusted_person_0062_face0.png,White,White,Female,30-39,"[9.3265820e-01 1.5743244e-05 2.6837323e-02 3.8236103e-04 1.8641584e-03
 1.7576596e-03 3.6484547e-02]",[9.0517926e-01 3.6193544e-04 3.6182713e-02 5.8276035e-02],[0.4960116 0.5039884],"[8.4852439e-07 3.8957638e-05 4.8302733e-03 2.0631866e-01 5.2711755e-01
 2.4609554e-01 1.5356508e-02 2.3220398e-04 9.4589659e-06]",0,White,20-39
/scratch/project_462000771/mengting/projects/bias/sana/prompt2/selected_faces/detected_disgusted/disgusted_person_0063_face0.png,White,White,Male,40-49,"[9.7965682e-01 3.7339611e-05 2.7666502e-03 2.4640971e-04 3.2447826e-04
 1.4023400e-04 1.6828023e-02]",[9.9878711e-01 2.7638176e-05 3.8787053e-04 7.9741795e-04],[0.9981009  0.00189909],"[1.4095564e-06 2.7824284e-05 1.6274849e-03 7.0928551e-02 3.4318727e-01
 5.1642346e-01 6.6128410e-02 1.5904738e-03 8.5113847e-05]",0,White,40-59
/scratch/project_462000771/mengting/projects/bias/sana/prompt2/selected_faces/detected_disgusted/disgusted_person_0064_face0.png,White,White,Female,50-59,"[7.5407648e-01 1.2351713e-03 3.5130147e-02 5.0758976e-05 2.8856896e-04
 8.5289273e-03 2.0068991e-01]",[0.97837824 0.00643911 0.00694223 0.0082404 ],[0.10256325 0.89743674],"[9.6544127e-06 2.3437109e-05 1.9701432e-04 2.9956796e-03 4.1796226e-02
 3.2200482e-01 5.4569137e-01 7.7131219e-02 1.0150587e-02]",0,White,40-59
/scratch/project_462000771/mengting/projects/bias/sana/prompt2/selected_faces/detected_disgusted/disgusted_person_0065_face0.png,White,White,Female,30-39,"[9.8119074e-01 1.9458939e-05 4.4342601e-03 3.0164942e-04 4.3553556e-04
 3.8475224e-05 1.3579809e-02]",[9.7697854e-01 6.3242987e-05 2.2887005e-02 7.1192429e-05],[0.01934334 0.9806567 ],"[2.3941442e-07 1.5918406e-05 3.6313010e-03 1.8607962e-01 6.5948308e-01
 1.4786515e-01 2.8996482e-03 2.4558951e-05 4.2176197e-07]",0,White,20-39
/scratch/project_462000771/mengting/projects/bias/sana/prompt2/selected_faces/detected_disgusted/disgusted_person_0066_face0.png,White,White,Male,40-49,"[9.7264200e-01 2.3448888e-06 9.2284530e-03 2.4452107e-03 3.0773168e-03
 1.0876239e-03 1.1516973e-02]",[6.0324430e-01 1.6268241e-04 3.8787511e-01 8.7178405e-03],[0.9880185  0.01198149],"[4.4279940e-07 1.7778127e-06 3.6482856e-04 1.5285287e-02 1.1868615e-01
 5.9399128e-01 2.5757742e-01 1.3681095e-02 4.1175255e-04]",0,White,40-59
/scratch/project_462000771/mengting/projects/bias/sana/prompt2/selected_faces/detected_disgusted/disgusted_person_0067_face0.png,White,White,Male,20-29,"[9.8641884e-01 2.1193620e-05 2.7928408e-03 4.4116671e-03 4.3743956e-03
 1.4019439e-04 1.8408902e-03]",[9.1230166e-01 1.8681532e-05 8.7115757e-02 5.6386972e-04],[0.9347477  0.06525238],"[2.2497300e-06 5.0689501e-04 4.1618645e-02 3.8670045e-01 3.7142104e-01
 1.8471968e-01 1.4722749e-02 2.9341760e-04 1.4988297e-05]",0,White,20-39
/scratch/project_462000771/mengting/projects/bias/sana/prompt2/selected_faces/detected_disgusted/disgusted_person_0068_face0.png,White,White,Male,40-49,"[9.9285746e-01 3.7319423e-05 3.1434118e-03 4.8057261e-04 6.1135704e-04
 6.4483489e-04 2.2249231e-03]",[9.8887604e-01 1.3849162e-04 8.2828337e-04 1.0157142e-02],[9.9986613e-01 1.3388702e-04],"[3.8551884e-06 3.6969221e-05 3.5915577e-03 1.4180276e-01 3.4433141e-01
 4.4370279e-01 6.4477287e-02 2.0057645e-03 4.7588477e-05]",0,White,40-59
/scratch/project_462000771/mengting/projects/bias/sana/prompt2/selected_faces/detected_disgusted/disgusted_person_0069_face0.png,White,White,Male,20-29,"[9.6013337e-01 6.3166511e-04 1.7317750e-02 4.7637927e-03 1.4399302e-02
 2.0382190e-03 7.1579043e-04]",[9.8383760e-01 9.4086077e-05 1.0702338e-02 5.3660269e-03],[0.97641355 0.02358647],"[5.14179956e-05 5.26032923e-03 1.20023012e-01 3.44547629e-01
 3.40722531e-01 1.58473238e-01 2.95986738e-02 1.20907871e-03
 1.14089125e-04]",0,White,20-39
/scratch/project_462000771/mengting/projects/bias/sana/prompt2/selected_faces/detected_disgusted/disgusted_person_0070_face0.png,White,White,Male,40-49,"[9.9149704e-01 9.4637953e-06 3.3471903e-03 1.8455042e-04 2.3913941e-04
 3.9449753e-04 4.3280204e-03]",[9.8872346e-01 2.9003553e-05 1.0460317e-02 7.8720052e-04],[0.99459416 0.00540589],"[9.4124307e-06 3.6124315e-05 8.0164109e-04 2.8570022e-02 2.5077099e-01
 6.0021722e-01 1.1660267e-01 2.8579687e-03 1.3392174e-04]",1,White,40-59
/scratch/project_462000771/mengting/projects/bias/sana/prompt2/selected_faces/detected_disgusted/disgusted_person_0071_face0.png,White,White,Female,20-29,"[9.9539030e-01 1.5059769e-05 2.4002767e-03 7.6694612e-04 4.6471087e-04
 8.3795094e-05 8.7883463e-04]",[9.9714321e-01 6.2908861e-05 2.6616568e-03 1.3217525e-04],[0.02578261 0.97421736],"[7.9566416e-07 2.1167951e-04 1.7386558e-02 6.2183303e-01 3.3356220e-01
 2.6650976e-02 3.4662057e-04 7.5699440e-06 6.1372788e-07]",0,White,20-39
/scratch/project_462000771/mengting/projects/bias/sana/prompt2/selected_faces/detected_disgusted/disgusted_person_0072_face0.png,White,White,Female,20-29,"[9.9915105e-01 4.3345312e-07 2.2971506e-04 1.5973934e-05 2.3616070e-05
 4.5174374e-06 5.7469861e-04]",[9.9993330e-01 3.4590627e-07 6.5174921e-05 1.1755410e-06],[0.00289908 0.99710095],"[1.7694659e-06 4.5753032e-04 2.4629079e-02 4.6580029e-01 4.2624894e-01
 8.1129372e-02 1.7134150e-03 1.8438726e-05 1.1222992e-06]",0,White,20-39
/scratch/project_462000771/mengting/projects/bias/sana/prompt2/selected_faces/detected_disgusted/disgusted_person_0073_face0.png,White,White,Female,30-39,"[5.4605395e-01 3.5281826e-04 1.7484586e-01 3.0245797e-03 2.1563368e-03
 1.4302991e-02 2.5926349e-01]",[9.9095291e-01 9.3009949e-05 6.7829834e-03 2.1711211e-03],[0.14689545 0.8531046 ],"[9.1967695e-06 1.1084360e-04 9.6972669e-03 1.9787136e-01 4.8059326e-01
 2.9034224e-01 2.0386972e-02 9.4977714e-04 3.8976887e-05]",1,White,20-39
/scratch/project_462000771/mengting/projects/bias/sana/prompt2/selected_faces/detected_disgusted/disgusted_person_0074_face0.png,White,White,Male,30-39,"[9.9725842e-01 1.7835508e-06 2.0604904e-03 1.4298715e-04 1.8606242e-04
 9.0954243e-05 2.5922488e-04]",[9.9964452e-01 3.7382235e-06 2.4826577e-04 1.0342072e-04],[0.9721295  0.02787047],"[3.2073820e-06 2.3282986e-04 1.9628718e-02 2.5417185e-01 4.7049084e-01
 2.3742862e-01 1.7838331e-02 2.0023860e-04 5.4354887e-06]",1,White,20-39
/scratch/project_462000771/mengting/projects/bias/sana/prompt2/selected_faces/detected_disgusted/disgusted_person_0075_face0.png,White,White,Male,40-49,"[9.3246317e-01 4.4829244e-04 3.7190992e-02 1.4337254e-03 4.7377096e-03
 4.2964704e-03 1.9429618e-02]",[0.95257497 0.00201977 0.01076094 0.03464433],[0.9588188  0.04118117],"[7.7013501e-06 4.3254873e-05 1.4474462e-03 6.0595050e-02 2.6623896e-01
 4.8160180e-01 1.7725343e-01 1.2051698e-02 7.6057069e-04]",0,White,40-59
/scratch/project_462000771/mengting/projects/bias/sana/prompt2/selected_faces/detected_disgusted/disgusted_person_0076_face0.png,White,White,Male,30-39,"[9.8702979e-01 2.6983194e-05 8.0116000e-03 1.5930961e-04 2.2439624e-04
 2.5274153e-03 2.0204776e-03]",[9.9434024e-01 1.0837675e-05 5.4501109e-03 1.9887945e-04],[0.73826253 0.26173747],"[2.6594680e-06 2.9949154e-04 7.8024245e-03 2.0472416e-01 5.5403751e-01
 2.2402805e-01 9.0065999e-03 9.5203221e-05 3.8427061e-06]",0,White,20-39
/scratch/project_462000771/mengting/projects/bias/sana/prompt2/selected_faces/detected_disgusted/disgusted_person_0077_face0.png,White,White,Female,20-29,"[8.8015193e-01 2.5852586e-04 5.1533591e-02 9.9770958e-03 1.4227006e-02
 5.6949793e-03 3.8156923e-02]",[9.3901813e-01 3.5641904e-04 2.7324755e-02 3.3300690e-02],[0.28493524 0.71506476],"[9.6953670e-07 1.9511543e-04 4.4853225e-02 4.8018345e-01 4.1279772e-01
 5.9395649e-02 2.5038624e-03 6.6573921e-05 3.4073221e-06]",0,White,20-39
/scratch/project_462000771/mengting/projects/bias/sana/prompt2/selected_faces/detected_disgusted/disgusted_person_0078_face0.png,White,White,Male,50-59,"[0.9235652  0.00901528 0.02157177 0.00446788 0.00934043 0.01082431
 0.02121513]",[0.65769607 0.07494514 0.21482112 0.05253765],[0.9724667  0.02753327],"[2.5145851e-05 1.2917542e-04 5.8173417e-04 4.2934408e-03 2.0551436e-02
 1.6659921e-01 5.1302284e-01 2.4185692e-01 5.2940149e-02]",0,White,40-59
/scratch/project_462000771/mengting/projects/bias/sana/prompt2/selected_faces/detected_disgusted/disgusted_person_0079_face0.png,White,White,Female,30-39,"[9.9985754e-01 7.9491613e-08 8.0994614e-05 5.9249019e-06 6.9631051e-06
 8.0707887e-06 4.0402345e-05]",[9.9997932e-01 2.1539512e-07 6.4638657e-06 1.4035665e-05],[0.00321933 0.9967807 ],"[2.4724184e-06 3.8327376e-04 1.4480980e-02 3.3841553e-01 3.8812152e-01
 2.4345893e-01 1.4878148e-02 2.3243450e-04 2.6771857e-05]",0,White,20-39
/scratch/project_462000771/mengting/projects/bias/sana/prompt2/selected_faces/detected_disgusted/disgusted_person_0080_face0.png,White,White,Male,30-39,"[9.92986977e-01 1.13403785e-05 5.52557828e-03 1.23433303e-04
 2.61238805e-04 1.78842267e-04 9.12569580e-04]",[9.9257302e-01 9.7357706e-06 7.1810107e-03 2.3623757e-04],[0.88729435 0.11270566],"[2.9552059e-06 1.5235209e-04 1.0272804e-02 1.7674051e-01 4.7982469e-01
 2.9674163e-01 3.5389394e-02 8.1912125e-04 5.6519639e-05]",0,White,20-39
/scratch/project_462000771/mengting/projects/bias/sana/prompt2/selected_faces/detected_disgusted/disgusted_person_0081_face0.png,White,White,Male,30-39,"[0.38482976 0.00088635 0.03465377 0.16365649 0.29774314 0.00968026
 0.1085503 ]",[0.69015205 0.00437482 0.18900096 0.11647228],[0.79604614 0.20395386],"[1.2283673e-06 4.5542249e-05 9.7635435e-03 3.1478512e-01 3.9322129e-01
 2.2903498e-01 4.7531635e-02 5.0995932e-03 5.1700370e-04]",0,White,20-39
/scratch/project_462000771/mengting/projects/bias/sana/prompt2/selected_faces/detected_disgusted/disgusted_person_0082_face0.png,White,White,Female,40-49,"[8.3596176e-01 3.1752515e-04 8.8223182e-02 4.9348380e-03 9.3441019e-03
 3.5079292e-03 5.7710510e-02]",[0.5097065  0.11580629 0.28014293 0.0943443 ],[0.12046353 0.8795365 ],"[1.1015842e-06 3.3883164e-06 1.8045025e-04 1.1797771e-02 1.9869383e-01
 6.3405561e-01 1.5014066e-01 5.0341692e-03 9.3010240e-05]",0,White,40-59
/scratch/project_462000771/mengting/projects/bias/sana/prompt2/selected_faces/detected_disgusted/disgusted_person_0083_face0.png,White,White,Male,40-49,"[0.9426201  0.00164085 0.03019311 0.00591779 0.01473001 0.00363119
 0.00126685]",[0.953138   0.00100939 0.04482547 0.00102711],[0.9920297  0.00797027],"[2.7634098e-05 7.3842041e-04 2.0801052e-02 1.1427882e-01 3.7555310e-01
 3.8020557e-01 1.0549513e-01 2.7995359e-03 1.0074037e-04]",0,White,40-59
/scratch/project_462000771/mengting/projects/bias/sana/prompt2/selected_faces/detected_disgusted/disgusted_person_0084_face0.png,Middle Eastern,White,Female,40-49,"[3.0053091e-01 3.6297398e-04 1.9333597e-01 3.5854941e-03 1.4646884e-02
 2.1050097e-02 4.6648768e-01]",[0.8537329  0.00733181 0.09398946 0.04494585],[0.05406813 0.94593185],"[6.1755754e-06 3.1188465e-05 5.4268574e-04 4.8097568e-03 8.6065888e-02
 4.6463659e-01 4.1132155e-01 3.0760668e-02 1.8254361e-03]",0,White,40-59
/scratch/project_462000771/mengting/projects/bias/sana/prompt2/selected_faces/detected_disgusted/disgusted_person_0085_face0.png,White,White,Male,40-49,"[9.7785151e-01 1.8323454e-04 7.6350872e-03 3.9436314e-03 8.5489284e-03
 5.4145267e-04 1.2962227e-03]",[9.4518888e-01 1.5349989e-04 5.0986599e-02 3.6710659e-03],[0.99883974 0.00116029],"[2.2814169e-05 1.5452326e-03 3.0820185e-02 8.1090555e-02 2.4259907e-01
 4.1748142e-01 2.1735668e-01 8.7477909e-03 3.3625879e-04]",0,White,40-59
/scratch/project_462000771/mengting/projects/bias/sana/prompt2/selected_faces/detected_disgusted/disgusted_person_0086_face0.png,White,White,Male,40-49,"[9.9595428e-01 5.5781180e-07 9.3452306e-04 3.3904387e-05 3.6242349e-05
 1.6116692e-05 3.0242039e-03]",[9.9862438e-01 1.2729683e-06 1.3612679e-03 1.3117910e-05],[0.81849945 0.18150058],"[2.8822691e-07 2.3573029e-06 4.8494231e-04 3.9859578e-02 3.2996824e-01
 5.9188223e-01 3.7275117e-02 5.1490538e-04 1.2334057e-05]",0,White,40-59
/scratch/project_462000771/mengting/projects/bias/sana/prompt2/selected_faces/detected_disgusted/disgusted_person_0087_face0.png,White,White,Female,20-29,"[9.9502057e-01 4.2903666e-06 7.5288530e-04 9.3627896e-05 1.2608414e-04
 5.9405371e-05 3.9430447e-03]",[9.9953532e-01 1.0009288e-06 4.3280941e-04 3.0814794e-05],[0.14006129 0.85993874],"[4.9791203e-07 5.8733265e-05 1.3368813e-02 5.1338613e-01 3.8442340e-01
 8.6449645e-02 2.2535946e-03 5.3321281e-05 5.8147702e-06]",0,White,20-39
/scratch/project_462000771/mengting/projects/bias/sana/prompt2/selected_faces/detected_disgusted/disgusted_person_0088_face0.png,White,White,Male,40-49,"[9.7571111e-01 1.4446992e-04 6.1015999e-03 1.6252267e-03 5.4534543e-03
 2.4899563e-03 8.4741684e-03]",[0.51477796 0.00062198 0.46950182 0.01509823],[0.9306573 0.0693427],"[7.0501856e-06 2.2194667e-04 6.2136250e-03 6.1200839e-02 1.6973040e-01
 5.2457672e-01 2.2306575e-01 1.4066385e-02 9.1732049e-04]",0,White,40-59
/scratch/project_462000771/mengting/projects/bias/sana/prompt2/selected_faces/detected_disgusted/disgusted_person_0089_face0.png,White,Asian,Male,30-39,"[5.8103675e-01 3.2048181e-05 7.6875021e-03 2.4437723e-01 1.6439003e-01
 5.7283288e-04 1.9036032e-03]",[3.1433854e-01 1.1120745e-04 6.8517613e-01 3.7408221e-04],[0.6016323 0.3983677],"[1.7920051e-05 4.4444751e-04 1.9270713e-02 1.8428314e-01 3.7035662e-01
 3.1806201e-01 1.0148711e-01 5.8753775e-03 2.0265751e-04]",0,White,20-39
/scratch/project_462000771/mengting/projects/bias/sana/prompt2/selected_faces/detected_disgusted/disgusted_person_0090_face0.png,White,White,Male,40-49,"[9.9346590e-01 8.8884502e-05 9.2549511e-04 1.3732686e-04 2.9286768e-04
 8.2469174e-05 5.0071236e-03]",[9.9916834e-01 1.1560798e-04 5.2781776e-04 1.8825242e-04],[9.9998087e-01 1.9093564e-05],"[6.1081504e-05 1.7435176e-04 1.3774615e-03 3.9236378e-02 1.7865233e-01
 4.3180901e-01 3.1277853e-01 3.3894707e-02 2.0161185e-03]",0,White,40-59
/scratch/project_462000771/mengting/projects/bias/sana/prompt2/selected_faces/detected_disgusted/disgusted_person_0091_face0.png,White,White,Male,40-49,"[0.78002155 0.00078162 0.05460492 0.00192785 0.00530659 0.0091639
 0.14819352]",[9.4165438e-01 6.6465477e-04 3.7884030e-02 1.9796913e-02],[9.9932337e-01 6.7667331e-04],"[0.00043815 0.00888484 0.05047837 0.07223222 0.12598091 0.38428712
 0.30811736 0.04655373 0.00302729]",0,White,40-59
/scratch/project_462000771/mengting/projects/bias/sana/prompt2/selected_faces/detected_disgusted/disgusted_person_0092_face0.png,Latino_Hispanic,White,Male,30-39,"[0.23886152 0.01598481 0.3736729  0.12416784 0.22775435 0.0090979
 0.01046067]",[0.6313402  0.00175697 0.3073021  0.05960077],[0.99570817 0.00429186],"[3.0456171e-05 4.4322549e-04 9.3507254e-03 1.9207639e-01 4.1323140e-01
 3.2399523e-01 5.6884602e-02 3.8382399e-03 1.4972556e-04]",0,Others,20-39
/scratch/project_462000771/mengting/projects/bias/sana/prompt2/selected_faces/detected_disgusted/disgusted_person_0093_face0.png,White,White,Male,40-49,"[9.9181253e-01 2.7393768e-05 2.4090223e-03 1.3624371e-05 1.0886940e-04
 4.6086966e-04 5.1676892e-03]",[9.9914265e-01 5.9795446e-05 3.9386752e-04 4.0368910e-04],[9.9972153e-01 2.7849225e-04],"[5.0996096e-06 2.7279228e-05 1.1287677e-03 3.9770614e-02 2.0008858e-01
 5.2861536e-01 2.1642178e-01 1.3126277e-02 8.1627700e-04]",0,White,40-59
/scratch/project_462000771/mengting/projects/bias/sana/prompt2/selected_faces/detected_disgusted/disgusted_person_0094_face0.png,White,Asian,Female,30-39,"[0.73790926 0.02971537 0.16706502 0.00670873 0.02742524 0.01706093
 0.01411544]",[0.17772035 0.09408147 0.5813589  0.14683919],[0.42815864 0.5718413 ],"[1.0165584e-05 1.8184073e-04 7.1160798e-03 1.1244482e-01 5.1967150e-01
 3.2030785e-01 3.9271485e-02 9.6620992e-04 3.0196319e-05]",0,White,20-39
/scratch/project_462000771/mengting/projects/bias/sana/prompt2/selected_faces/detected_disgusted/disgusted_person_0095_face0.png,White,White,Male,50-59,"[0.8587776  0.01060636 0.08039725 0.01014568 0.01880836 0.01158146
 0.00968337]",[9.7798240e-01 7.2614913e-04 1.3018088e-02 8.2733175e-03],[0.59803814 0.40196186],"[5.0860795e-06 5.4645185e-05 1.4059922e-03 4.0457502e-02 1.0600994e-01
 2.6457891e-01 3.5603157e-01 1.8222876e-01 4.9227573e-02]",1,White,40-59
/scratch/project_462000771/mengting/projects/bias/sana/prompt2/selected_faces/detected_disgusted/disgusted_person_0096_face0.png,White,White,Female,30-39,"[0.56885093 0.00656233 0.3169004  0.01039581 0.02193809 0.00667028
 0.06868217]",[0.76635957 0.00337828 0.17421179 0.05605035],[0.35057333 0.6494267 ],"[1.3509568e-05 7.4237084e-04 9.2863124e-03 1.5882124e-01 4.7292805e-01
 3.0708840e-01 4.8551772e-02 2.4958409e-03 7.2514616e-05]",0,White,20-39
/scratch/project_462000771/mengting/projects/bias/sana/prompt2/selected_faces/detected_disgusted/disgusted_person_0097_face0.png,White,White,Female,50-59,"[0.90257394 0.00290038 0.04654287 0.01276746 0.01746804 0.00214131
 0.01560598]",[0.4775955  0.16480973 0.27585655 0.08173822],[0.2994682  0.70053184],"[8.0332811e-06 3.1454241e-05 4.3154575e-04 8.0884630e-03 6.5152325e-02
 3.7670445e-01 4.8888010e-01 5.7666123e-02 3.0374757e-03]",0,White,40-59
/scratch/project_462000771/mengting/projects/bias/sana/prompt2/selected_faces/detected_disgusted/disgusted_person_0098_face0.png,White,White,Female,30-39,"[9.7946244e-01 2.0724256e-05 1.3121312e-02 2.0519100e-04 4.7022087e-04
 2.7042098e-04 6.4496505e-03]",[9.8859131e-01 1.9038039e-04 6.8208533e-03 4.3976102e-03],[0.41058132 0.5894187 ],"[5.3326863e-07 4.7124278e-05 1.1623879e-02 4.2354712e-01 4.9066773e-01
 7.2877243e-02 1.2259047e-03 1.0004415e-05 4.3110194e-07]",0,White,20-39
/scratch/project_462000771/mengting/projects/bias/sana/prompt2/selected_faces/detected_disgusted/disgusted_person_0099_face0.png,White,White,Male,30-39,"[6.7011929e-01 4.7680445e-04 1.5710145e-01 1.8890098e-03 3.0573574e-03
 5.3668723e-02 1.1368733e-01]",[9.8398054e-01 4.8198108e-05 1.2917430e-03 1.4679530e-02],[0.6793361  0.32066396],"[8.0827158e-05 6.7429303e-04 1.1897502e-02 1.3255161e-01 4.0855435e-01
 3.8334057e-01 5.9416369e-02 3.3472197e-03 1.3722466e-04]",0,White,20-39
/scratch/project_462000771/mengting/projects/bias/sana/prompt2/selected_faces/detected_disgusted/disgusted_person_0100_face0.png,White,White,Male,40-49,"[9.9258363e-01 3.8649650e-05 3.8720465e-03 3.0252329e-05 6.9392554e-05
 1.5234678e-04 3.2537044e-03]",[9.9943197e-01 6.6626257e-05 2.6925566e-04 2.3207314e-04],[0.9785603  0.02143965],"[2.0018258e-06 1.1924887e-05 5.7595246e-04 1.6831487e-02 9.9683456e-02
 4.6879587e-01 3.7682092e-01 3.5647359e-02 1.6310323e-03]",0,White,40-59
/scratch/project_462000771/mengting/projects/bias/sana/prompt2/selected_faces/detected_disgusted/disgusted_person_0101_face0.png,White,White,Female,20-29,"[9.9623400e-01 7.0710385e-06 2.2744325e-03 2.0748077e-05 2.1136393e-05
 2.2593146e-04 1.2167216e-03]",[9.9984503e-01 1.4005517e-06 7.9398618e-05 7.4165247e-05],[0.05418484 0.94581515],"[8.8296119e-08 2.4694657e-05 8.1473859e-03 5.7580048e-01 3.8979277e-01
 2.5747176e-02 4.8340805e-04 3.9445563e-06 1.6742371e-07]",0,White,20-39
/scratch/project_462000771/mengting/projects/bias/sana/prompt2/selected_faces/detected_disgusted/disgusted_person_0102_face0.png,White,White,Female,50-59,"[9.5479178e-01 2.1049942e-04 2.3120165e-02 4.1274889e-03 4.4380939e-03
 4.4282497e-04 1.2869066e-02]",[0.90339136 0.00171276 0.09262364 0.00227226],[0.2689511  0.73104894],"[3.8548560e-06 1.0121607e-05 9.0940266e-05 1.4080175e-03 3.5909880e-02
 3.9297134e-01 5.3294885e-01 3.5235684e-02 1.4212996e-03]",1,White,40-59
/scratch/project_462000771/mengting/projects/bias/sana/prompt2/selected_faces/detected_disgusted/disgusted_person_0103_face0.png,White,White,Female,30-39,"[9.7445112e-01 8.9689893e-05 1.8077433e-02 8.2349242e-04 1.8171810e-03
 1.1256880e-03 3.6154799e-03]",[9.1381013e-01 3.8522953e-04 7.8679197e-02 7.1254899e-03],[0.14013565 0.85986435],"[3.1123809e-06 1.5246285e-04 3.9843069e-03 1.2889591e-01 4.3967864e-01
 3.9507362e-01 3.0969808e-02 1.1896788e-03 5.2426549e-05]",0,White,20-39
/scratch/project_462000771/mengting/projects/bias/sana/prompt2/selected_faces/detected_disgusted/disgusted_person_0104_face0.png,White,White,Male,40-49,"[9.8509711e-01 1.8151715e-05 4.7112261e-03 4.2378838e-06 1.8148747e-05
 3.0541627e-04 9.8457010e-03]",[9.9554300e-01 1.4681116e-03 6.5064471e-04 2.3382984e-03],[0.59567124 0.40432873],"[1.8379026e-07 4.6143855e-06 9.5022080e-04 9.0364575e-02 4.2413116e-01
 4.5202428e-01 3.2269213e-02 2.4838309e-04 7.3855945e-06]",0,White,40-59
/scratch/project_462000771/mengting/projects/bias/sana/prompt2/selected_faces/detected_disgusted/disgusted_person_0105_face0.png,White,White,Female,40-49,"[4.5365170e-01 2.9709950e-04 1.9977987e-01 5.5813319e-03 1.6417691e-02
 3.9645955e-02 2.8462633e-01]",[0.43709987 0.00573369 0.34914905 0.20801741],[0.00387163 0.9961283 ],"[4.0690543e-07 2.9132473e-06 1.4914165e-04 5.0320630e-03 1.3359310e-01
 6.4711541e-01 2.0834941e-01 5.6550782e-03 1.0251376e-04]",2,White,40-59
/scratch/project_462000771/mengting/projects/bias/sana/prompt2/selected_faces/detected_disgusted/disgusted_person_0106_face0.png,White,White,Male,40-49,"[9.7018552e-01 6.6611155e-06 1.0670374e-02 1.6399425e-03 1.5536853e-03
 1.7340922e-04 1.5770392e-02]",[9.4565082e-01 2.6474534e-05 5.0815225e-02 3.5074432e-03],[0.99860424 0.00139578],"[1.0963864e-06 3.3063263e-06 1.3136854e-03 2.5465205e-02 1.9795799e-01
 6.2607181e-01 1.4471209e-01 4.4290386e-03 4.5757875e-05]",0,White,40-59
/scratch/project_462000771/mengting/projects/bias/sana/prompt2/selected_faces/detected_disgusted/disgusted_person_0107_face0.png,White,White,Female,40-49,"[0.59122944 0.00090513 0.14090566 0.00227448 0.00346672 0.00953032
 0.25168815]",[0.8533389  0.00572061 0.07596651 0.06497407],[8.6665439e-04 9.9913335e-01],"[2.6596554e-05 1.9710096e-04 1.2474216e-03 9.8031759e-03 8.0029048e-02
 4.3257904e-01 4.2337278e-01 4.9801689e-02 2.9430944e-03]",0,White,40-59
/scratch/project_462000771/mengting/projects/bias/sana/prompt2/selected_faces/detected_disgusted/disgusted_person_0108_face0.png,White,White,Male,20-29,"[9.9870938e-01 1.9268321e-06 7.9079764e-04 9.2496142e-05 3.8331520e-05
 1.0111474e-05 3.5681066e-04]",[9.9997705e-01 1.2524286e-07 1.8671612e-05 4.0486448e-06],[0.9815061  0.01849391],"[1.1109873e-06 4.8465070e-05 1.2645368e-02 5.0822294e-01 3.5016835e-01
 1.2357874e-01 5.2476842e-03 8.3365951e-05 4.0540799e-06]",0,White,20-39
/scratch/project_462000771/mengting/projects/bias/sana/prompt2/selected_faces/detected_disgusted/disgusted_person_0109_face0.png,White,White,Male,40-49,"[9.9809021e-01 1.1469915e-05 1.1304417e-03 1.2511511e-04 2.0835765e-04
 1.8894822e-04 2.4544075e-04]",[9.9653846e-01 2.3367588e-04 6.5832451e-04 2.5695085e-03],[0.71720785 0.28279218],"[3.6153178e-06 1.2102587e-05 3.5014522e-04 1.5598444e-02 1.5626940e-01
 6.0979337e-01 2.1125340e-01 6.5304535e-03 1.8906743e-04]",0,White,40-59
/scratch/project_462000771/mengting/projects/bias/sana/prompt2/selected_faces/detected_disgusted/disgusted_person_0110_face0.png,White,White,Female,30-39,"[9.5946997e-01 1.8611654e-04 3.1834524e-02 3.0380394e-04 1.3716414e-03
 1.1717697e-03 5.6622475e-03]",[9.8917300e-01 7.9434627e-04 7.5646020e-03 2.4681133e-03],[0.02087672 0.9791233 ],"[9.94329639e-07 9.27725341e-05 6.08629733e-03 2.72846133e-01
 5.93667984e-01 1.23288766e-01 3.94816231e-03 6.55211334e-05
 3.32493960e-06]",0,White,20-39
/scratch/project_462000771/mengting/projects/bias/sana/prompt2/selected_faces/detected_disgusted/disgusted_person_0111_face0.png,White,White,Male,30-39,"[9.8702854e-01 1.4564385e-05 3.7411245e-04 2.7088396e-05 1.2248370e-04
 6.0969985e-05 1.2372263e-02]",[9.8898911e-01 5.2813059e-05 1.0557695e-02 4.0040875e-04],[9.9957180e-01 4.2816543e-04],"[1.73231524e-06 6.21444269e-05 3.38202878e-03 1.23360336e-01
 4.26264763e-01 4.16309685e-01 3.01917698e-02 4.13922389e-04
 1.35704440e-05]",0,White,20-39
/scratch/project_462000771/mengting/projects/bias/sana/prompt2/selected_faces/detected_disgusted/disgusted_person_0112_face0.png,White,White,Male,50-59,"[9.8327565e-01 1.2726407e-04 1.2622423e-02 1.5491208e-04 6.5509975e-04
 1.3874504e-03 1.7773384e-03]",[0.9762043  0.00126681 0.00873415 0.0137948 ],[0.9497252  0.05027479],"[1.0432382e-05 1.2585176e-04 2.9301574e-03 2.0174876e-02 9.8345250e-02
 4.2404467e-01 4.2492411e-01 2.8290393e-02 1.1542360e-03]",0,White,40-59
/scratch/project_462000771/mengting/projects/bias/sana/prompt2/selected_faces/detected_disgusted/disgusted_person_0113_face0.png,White,White,Female,30-39,"[9.2783058e-01 8.3279074e-06 1.7940575e-02 2.4617356e-04 6.2471954e-04
 1.0296616e-03 5.2319951e-02]",[9.5729578e-01 1.5368125e-04 3.8619760e-02 3.9307871e-03],[0.05727692 0.9427231 ],"[4.48038207e-07 2.60259712e-05 9.86406393e-03 4.11845088e-01
 4.54528391e-01 1.19396545e-01 4.25275182e-03 8.29908458e-05
 3.66458562e-06]",0,White,20-39
/scratch/project_462000771/mengting/projects/bias/sana/prompt2/selected_faces/detected_disgusted/disgusted_person_0114_face0.png,White,White,Female,40-49,"[0.6980863  0.00216384 0.08862903 0.02195146 0.00726832 0.00092129
 0.18097974]",[9.7982794e-01 1.7852540e-04 1.9911092e-02 8.2457351e-05],[0.13023412 0.8697659 ],"[7.8052352e-07 4.4186995e-06 2.7858961e-04 1.9856706e-02 2.3632324e-01
 6.0396016e-01 1.3343596e-01 6.0030292e-03 1.3717127e-04]",0,White,40-59
/scratch/project_462000771/mengting/projects/bias/sana/prompt2/selected_faces/detected_disgusted/disgusted_person_0115_face0.png,White,White,Male,50-59,"[0.941576   0.0013702  0.02399163 0.0016532  0.01447634 0.01360547
 0.00332715]",[0.8890554  0.00234294 0.06777295 0.04082869],[9.995628e-01 4.371860e-04],"[9.4041243e-05 1.3666436e-03 1.1708712e-02 1.9032260e-02 4.0433642e-02
 1.5615419e-01 5.3298110e-01 2.1564211e-01 2.2587238e-02]",0,White,40-59
/scratch/project_462000771/mengting/projects/bias/sana/prompt2/selected_faces/detected_disgusted/disgusted_person_0116_face0.png,White,White,Male,30-39,"[9.1113758e-01 3.2594315e-05 5.1372144e-03 4.9616117e-02 3.0113207e-02
 2.4194704e-04 3.7212952e-03]",[9.2834961e-01 6.1997334e-06 7.1587346e-02 5.6853754e-05],[0.9975636  0.00243646],"[4.0832176e-05 1.2290535e-03 3.6700696e-02 2.3385324e-01 4.1839665e-01
 2.6190379e-01 4.6038400e-02 1.7787390e-03 5.8694943e-05]",0,White,20-39
/scratch/project_462000771/mengting/projects/bias/sana/prompt2/selected_faces/detected_disgusted/disgusted_person_0117_face0.png,White,White,Male,40-49,"[9.7899944e-01 4.2619722e-05 1.4060452e-02 1.1128347e-03 3.1889395e-03
 1.5383037e-03 1.0573396e-03]",[9.8236847e-01 8.7936445e-05 1.4967622e-02 2.5759523e-03],[0.9784508  0.02154922],"[1.3325741e-06 2.8455897e-05 1.6043398e-03 4.4099335e-02 2.4518779e-01
 5.6345242e-01 1.3833913e-01 6.8803076e-03 4.0692757e-04]",0,White,40-59
/scratch/project_462000771/mengting/projects/bias/sana/prompt2/selected_faces/detected_disgusted/disgusted_person_0118_face0.png,White,White,Male,50-59,"[9.8700601e-01 6.9996859e-05 1.3472646e-03 2.1071521e-06 1.2392170e-05
 1.0512148e-03 1.0511011e-02]",[9.9922830e-01 8.7330300e-06 1.8436896e-05 7.4453605e-04],[9.999277e-01 7.234739e-05],"[7.6377582e-06 2.1303737e-05 2.7847677e-04 3.0465748e-03 1.8555742e-02
 2.1934672e-01 6.4617598e-01 1.0082883e-01 1.1738855e-02]",0,White,40-59
/scratch/project_462000771/mengting/projects/bias/sana/prompt2/selected_faces/detected_disgusted/disgusted_person_0119_face0.png,White,White,Male,40-49,"[9.7920793e-01 2.1864618e-05 2.2514218e-03 1.0812487e-03 1.1808043e-03
 8.9212095e-05 1.6167521e-02]",[9.9256212e-01 1.7346254e-05 6.8533351e-03 5.6716375e-04],[0.9969986  0.00300145],"[9.7668872e-06 2.2126771e-05 3.0785150e-04 4.1609481e-03 6.4204007e-02
 5.0978798e-01 3.9947444e-01 2.1074511e-02 9.5841696e-04]",0,White,40-59
/scratch/project_462000771/mengting/projects/bias/sana/prompt2/selected_faces/detected_disgusted/disgusted_person_0120_face0.png,White,White,Male,30-39,"[9.9972826e-01 5.3513986e-07 8.9970526e-05 8.5325664e-06 1.0954201e-05
 2.7414351e-06 1.5900271e-04]",[9.9978912e-01 7.6247096e-07 2.0801315e-04 2.1424187e-06],[0.91642636 0.08357365],"[1.0225246e-07 9.0415188e-06 1.9193293e-03 2.2661723e-01 5.6045777e-01
 2.0556812e-01 5.3900643e-03 3.7091992e-05 1.2481025e-06]",0,White,20-39
/scratch/project_462000771/mengting/projects/bias/sana/prompt2/selected_faces/detected_disgusted/disgusted_person_0121_face0.png,Latino_Hispanic,White,Male,40-49,"[0.37428564 0.00696071 0.49126393 0.00114982 0.00272115 0.01622334
 0.10739539]",[0.9467042  0.01150993 0.02728483 0.01450104],[0.8960166  0.10398343],"[6.3443777e-06 3.7604150e-05 1.8591648e-03 4.7680441e-02 2.6561305e-01
 4.5434371e-01 2.1579231e-01 1.4363087e-02 3.0424478e-04]",0,Others,40-59
/scratch/project_462000771/mengting/projects/bias/sana/prompt2/selected_faces/detected_disgusted/disgusted_person_0122_face0.png,White,White,Female,30-39,"[7.9961407e-01 6.6579127e-04 8.6098038e-02 1.9834384e-03 4.9064779e-03
 2.5599070e-03 1.0417226e-01]",[9.9293709e-01 2.6855755e-06 6.9873431e-03 7.2850497e-05],[0.20345049 0.79654944],"[3.5163663e-05 7.2889018e-04 1.1070589e-02 9.3105502e-02 4.4698176e-01
 4.0043661e-01 4.6768028e-02 8.4672373e-04 2.6777894e-05]",0,White,20-39
/scratch/project_462000771/mengting/projects/bias/sana/prompt2/selected_faces/detected_disgusted/disgusted_person_0123_face0.png,White,White,Male,40-49,"[8.9175528e-01 2.5094516e-04 8.6159453e-02 4.8970607e-05 2.2618967e-04
 1.4028981e-02 7.5301332e-03]",[9.1782367e-01 4.6771296e-04 1.2887515e-02 6.8821102e-02],[0.8295444  0.17045559],"[6.4964961e-06 1.2496239e-04 3.5760247e-03 4.9862400e-02 3.7171045e-01
 5.1404428e-01 5.9657790e-02 9.8664046e-04 3.0977961e-05]",0,White,40-59
/scratch/project_462000771/mengting/projects/bias/sana/prompt2/selected_faces/detected_disgusted/disgusted_person_0124_face0.png,White,White,Male,40-49,"[9.8969012e-01 5.1032648e-06 7.3937216e-04 1.1142282e-05 1.4132517e-05
 2.0456160e-05 9.5196096e-03]",[9.9735850e-01 3.4693745e-05 2.3512023e-03 2.5569426e-04],[0.95671904 0.04328096],"[3.96685664e-06 2.30996975e-05 9.40222875e-04 3.07526123e-02
 1.15069285e-01 5.00721395e-01 3.27662200e-01 2.26659980e-02
 2.16124416e-03]",0,White,40-59
/scratch/project_462000771/mengting/projects/bias/sana/prompt2/selected_faces/detected_disgusted/disgusted_person_0125_face0.png,White,White,Male,40-49,"[9.9414027e-01 1.3604304e-05 2.1297995e-03 1.7398276e-03 1.3109500e-03
 1.3069247e-04 5.3489045e-04]",[9.9694943e-01 3.3757478e-05 2.8782403e-03 1.3850578e-04],[0.9156528 0.0843472],"[1.2454779e-05 9.1362475e-05 1.6549850e-03 2.7918886e-02 1.5175252e-01
 5.0226843e-01 3.0093959e-01 1.4727993e-02 6.3378597e-04]",0,White,40-59
/scratch/project_462000771/mengting/projects/bias/sana/prompt2/selected_faces/detected_disgusted/disgusted_person_0126_face0.png,White,White,Male,40-49,"[9.8103005e-01 1.4862153e-05 1.3145573e-03 1.3311850e-04 2.1686385e-04
 3.7464644e-05 1.7253118e-02]",[9.9810171e-01 2.1767513e-05 1.8334291e-03 4.3079206e-05],[0.9891859  0.01081404],"[4.4144990e-06 3.8549100e-05 1.0404186e-03 2.3678128e-02 1.6564380e-01
 5.7877243e-01 2.2121261e-01 9.3356082e-03 2.7409557e-04]",0,White,40-59
/scratch/project_462000771/mengting/projects/bias/sana/prompt2/selected_faces/detected_disgusted/disgusted_person_0127_face0.png,White,White,Male,30-39,"[9.9670875e-01 1.3755831e-05 1.7141191e-03 1.7257457e-04 4.1665617e-04
 1.6860604e-04 8.0557575e-04]",[9.9930918e-01 2.7850015e-06 5.4393907e-04 1.4411857e-04],[9.9964195e-01 3.5801376e-04],"[5.2846735e-06 2.9281212e-04 1.0341204e-02 2.7445617e-01 3.8591430e-01
 2.9512891e-01 3.3126798e-02 7.0857810e-04 2.5854568e-05]",0,White,20-39
/scratch/project_462000771/mengting/projects/bias/sana/prompt2/selected_faces/detected_disgusted/disgusted_person_0128_face0.png,Latino_Hispanic,Asian,Female,40-49,"[0.14478047 0.00052127 0.32560894 0.06159177 0.15311743 0.04013067
 0.2742494 ]",[0.2586076  0.00286189 0.63895774 0.0995728 ],[0.00289396 0.9971061 ],"[1.3477641e-05 2.8327183e-04 8.7789018e-03 4.1565660e-02 1.8454471e-01
 4.2725408e-01 2.6492098e-01 6.8177499e-02 4.4613290e-03]",0,Others,40-59
/scratch/project_462000771/mengting/projects/bias/sana/prompt2/selected_faces/detected_disgusted/disgusted_person_0129_face0.png,White,White,Male,40-49,"[9.9001467e-01 8.8345449e-05 6.7320950e-03 8.6288498e-04 8.7565574e-04
 4.3444298e-04 9.9192781e-04]",[9.6452594e-01 4.8486315e-04 2.8225703e-02 6.7635393e-03],[0.9388901  0.06110988],"[1.03347911e-05 1.08363776e-04 2.71783862e-03 5.02987802e-02
 2.09556744e-01 4.75128978e-01 2.41199419e-01 1.99574418e-02
 1.02207751e-03]",0,White,40-59
/scratch/project_462000771/mengting/projects/bias/sana/prompt2/selected_faces/detected_disgusted/disgusted_person_0130_face0.png,White,White,Male,20-29,"[8.8665766e-01 4.5020926e-05 4.4326536e-02 2.2842637e-03 4.4547571e-03
 9.1405837e-03 5.3091180e-02]",[9.5946258e-01 1.3754373e-04 1.9881638e-02 2.0518245e-02],[0.8408242  0.15917583],"[4.0565205e-06 4.0924698e-04 6.4036220e-02 5.4176933e-01 3.3719707e-01
 5.4839529e-02 1.6944151e-03 4.7566358e-05 2.5685317e-06]",0,White,20-39
/scratch/project_462000771/mengting/projects/bias/sana/prompt2/selected_faces/detected_disgusted/disgusted_person_0131_face0.png,White,White,Male,40-49,"[0.74283135 0.02693149 0.13621497 0.00550207 0.01274111 0.00841819
 0.06736083]",[0.9192383  0.00620297 0.04890754 0.02565114],[0.97370833 0.02629166],"[2.2571036e-05 6.1798411e-05 5.5899954e-04 1.8104965e-02 1.9650620e-01
 5.2958000e-01 2.3529463e-01 1.8689109e-02 1.1818025e-03]",0,White,40-59
/scratch/project_462000771/mengting/projects/bias/sana/prompt2/selected_faces/detected_disgusted/disgusted_person_0132_face0.png,White,Asian,Female,40-49,"[9.4001907e-01 1.2171927e-05 3.7647706e-02 4.8407740e-03 5.4879854e-03
 1.4658287e-03 1.0526464e-02]",[0.47462472 0.00058349 0.51835805 0.00643372],[0.02767893 0.9723211 ],"[4.1935873e-06 4.5528410e-05 1.6382746e-03 3.1206008e-02 2.3423378e-01
 5.4641312e-01 1.7295599e-01 1.2671553e-02 8.3154521e-04]",0,White,40-59
/scratch/project_462000771/mengting/projects/bias/sana/prompt2/selected_faces/detected_disgusted/disgusted_person_0133_face0.png,White,White,Female,30-39,"[9.9292451e-01 1.8390089e-06 3.2150599e-03 1.0566763e-04 2.1869891e-04
 2.1983855e-04 3.3143556e-03]",[9.8552060e-01 3.1510408e-05 1.3919291e-02 5.2874401e-04],[2.4805003e-04 9.9975193e-01],"[1.1355129e-06 1.3259389e-04 6.0738125e-03 2.3027961e-01 5.2629542e-01
 2.2494145e-01 1.1982948e-02 2.7190719e-04 2.1145224e-05]",0,White,20-39
/scratch/project_462000771/mengting/projects/bias/sana/prompt2/selected_faces/detected_disgusted/disgusted_person_0134_face0.png,White,White,Male,40-49,"[9.5939523e-01 2.8324730e-04 1.8860543e-02 4.2369422e-03 1.6190497e-02
 7.5930200e-04 2.7425864e-04]",[9.8620301e-01 3.9317325e-04 3.4263553e-03 9.9774133e-03],[0.9954013  0.00459873],"[7.1229874e-06 1.2224063e-04 1.5964764e-03 3.8711946e-02 3.1302550e-01
 5.1133525e-01 1.3288441e-01 2.2306775e-03 8.6394517e-05]",0,White,40-59
/scratch/project_462000771/mengting/projects/bias/sana/prompt2/selected_faces/detected_disgusted/disgusted_person_0135_face0.png,White,White,Female,30-39,"[8.7045681e-01 2.6051092e-04 7.5290233e-02 4.1291192e-03 8.4365057e-03
 7.5543462e-03 3.3872619e-02]",[8.0098617e-01 4.7329602e-05 1.8084416e-01 1.8122299e-02],[0.4817304 0.5182696],"[1.6246830e-05 4.3532936e-04 1.7279580e-02 3.2944176e-01 4.9654302e-01
 1.5102099e-01 5.1245964e-03 1.3432498e-04 4.2046004e-06]",0,White,20-39
/scratch/project_462000771/mengting/projects/bias/sana/prompt2/selected_faces/detected_disgusted/disgusted_person_0136_face0.png,White,White,Male,40-49,"[9.8738950e-01 1.0769326e-06 7.6883589e-03 5.8393046e-04 4.0809342e-04
 1.4356368e-04 3.7855422e-03]",[9.9818558e-01 2.2388060e-06 1.6754676e-03 1.3663332e-04],[0.85682935 0.14317064],"[1.0751437e-06 3.5458891e-06 2.8587689e-04 9.4302334e-03 1.5791394e-01
 6.2414247e-01 2.0357843e-01 4.5798868e-03 6.4559499e-05]",0,White,40-59
/scratch/project_462000771/mengting/projects/bias/sana/prompt2/selected_faces/detected_disgusted/disgusted_person_0137_face0.png,White,White,Male,50-59,"[9.98360872e-01 1.41135115e-05 9.51220165e-04 7.30304919e-06
 2.29508278e-05 1.53167537e-04 4.90412873e-04]",[9.9522293e-01 2.5371081e-04 3.3712797e-03 1.1520857e-03],[0.72925806 0.27074188],"[4.63686665e-05 1.23951095e-03 1.23954071e-02 4.39912081e-02
 1.06188647e-01 3.64634037e-01 3.78276646e-01 7.97604248e-02
 1.34677915e-02]",0,White,40-59
/scratch/project_462000771/mengting/projects/bias/sana/prompt2/selected_faces/detected_disgusted/disgusted_person_0138_face0.png,White,White,Male,40-49,"[9.9903804e-01 1.1413071e-05 2.6672261e-04 2.6565290e-04 3.1388679e-04
 8.2500410e-06 9.6151176e-05]",[9.9891722e-01 4.6199002e-06 1.0591820e-03 1.9029754e-05],[0.9192072  0.08079279],"[8.0870213e-06 5.3786120e-04 2.5788911e-02 2.5305384e-01 2.2944985e-01
 3.1933397e-01 1.5448134e-01 1.5392610e-02 1.9535816e-03]",0,White,40-59
/scratch/project_462000771/mengting/projects/bias/sana/prompt2/selected_faces/detected_disgusted/disgusted_person_0139_face0.png,White,White,Female,40-49,"[5.2761811e-01 4.2070213e-05 2.5354505e-02 1.2135209e-04 5.5653858e-04
 1.4516685e-02 4.3179068e-01]",[9.7526431e-01 2.4678226e-04 9.6024880e-03 1.4886414e-02],[0.17192005 0.82807994],"[2.47913022e-06 1.04946403e-05 4.12522204e-04 1.06746415e-02
 8.40940475e-02 4.81818944e-01 3.59138072e-01 5.16360700e-02
 1.22127114e-02]",0,White,40-59
/scratch/project_462000771/mengting/projects/bias/sana/prompt2/selected_faces/detected_disgusted/disgusted_person_0140_face0.png,White,White,Female,50-59,"[9.73830104e-01 4.53433924e-04 1.21751195e-02 3.33871203e-03
 6.53016102e-03 1.18297226e-04 3.55416443e-03]",[9.5702940e-01 9.2181255e-04 4.0071510e-02 1.9772875e-03],[0.11887415 0.88112587],"[2.0404414e-05 1.9650282e-04 1.0102383e-03 8.5581299e-03 5.3966351e-02
 3.5901073e-01 4.8806363e-01 8.1472918e-02 7.7010067e-03]",0,White,40-59
/scratch/project_462000771/mengting/projects/bias/sana/prompt2/selected_faces/detected_disgusted/disgusted_person_0141_face0.png,White,White,Male,20-29,"[9.9274838e-01 1.9739411e-05 2.5624449e-03 4.7153028e-04 6.0383976e-04
 1.7967990e-04 3.4142947e-03]",[9.9961996e-01 2.2388708e-06 3.1741540e-04 6.0380939e-05],[0.99892306 0.00107695],"[3.1187621e-05 1.7811232e-03 7.8378759e-02 3.3640051e-01 2.9540744e-01
 2.4062987e-01 4.3707855e-02 3.5163381e-03 1.4697797e-04]",0,White,20-39
/scratch/project_462000771/mengting/projects/bias/sana/prompt2/selected_faces/detected_disgusted/disgusted_person_0142_face0.png,White,White,Male,40-49,"[9.8876345e-01 2.2712658e-04 6.4620883e-03 2.9421278e-04 8.4911002e-04
 3.4127911e-04 3.0627425e-03]",[0.98541796 0.00228033 0.00541968 0.00688199],[9.9999774e-01 2.2633601e-06],"[1.7603776e-06 1.2713623e-05 5.0729001e-04 4.3370735e-02 4.5068237e-01
 4.6494898e-01 3.9951395e-02 5.1500171e-04 9.6737158e-06]",0,White,40-59
/scratch/project_462000771/mengting/projects/bias/sana/prompt2/selected_faces/detected_disgusted/disgusted_person_0143_face0.png,White,White,Female,40-49,"[0.73014903 0.00130369 0.18815024 0.01398762 0.02017847 0.03108699
 0.01514397]",[9.5567864e-01 8.5111533e-04 2.0424359e-02 2.3045871e-02],[0.28655896 0.713441  ],"[7.15086253e-06 1.02662285e-04 3.00740823e-03 1.19512796e-01
 3.43224466e-01 4.05284047e-01 1.16557568e-01 1.16547281e-02
 6.49191847e-04]",0,White,40-59
/scratch/project_462000771/mengting/projects/bias/sana/prompt2/selected_faces/detected_disgusted/disgusted_person_0144_face0.png,White,White,Male,40-49,"[9.9296635e-01 1.3636662e-07 3.0407813e-04 1.2056230e-05 6.0393861e-05
 2.3319939e-04 6.4239367e-03]",[9.9988776e-01 6.0609926e-07 7.9554538e-06 1.0364793e-04],[9.9993205e-01 6.7976238e-05],"[5.8626533e-06 1.5668408e-04 1.0569019e-02 2.3549366e-01 3.2487401e-01
 3.9427310e-01 3.3706147e-02 8.7774912e-04 4.3762528e-05]",0,White,40-59
/scratch/project_462000771/mengting/projects/bias/sana/prompt2/selected_faces/detected_disgusted/disgusted_person_0145_face0.png,White,White,Female,30-39,"[9.6305132e-01 2.8708769e-04 2.0869417e-02 2.6219385e-03 5.8840667e-03
 1.3373229e-03 5.9487997e-03]",[9.7946393e-01 3.7459784e-05 2.0150959e-02 3.4763291e-04],[0.3879469 0.6120531],"[6.8901695e-06 4.3070214e-04 2.6452290e-02 4.3049860e-01 4.4485760e-01
 9.3118347e-02 4.5163315e-03 1.1435972e-04 4.8714060e-06]",1,White,20-39
/scratch/project_462000771/mengting/projects/bias/sana/prompt2/selected_faces/detected_disgusted/disgusted_person_0146_face0.png,White,White,Female,40-49,"[9.3810022e-01 1.8448518e-04 2.9660467e-02 7.7823601e-03 4.8659081e-03
 4.8329143e-04 1.8923372e-02]",[9.9586922e-01 2.4380427e-06 4.1087149e-03 1.9679310e-05],[0.12224597 0.87775403],"[1.2588480e-06 1.2392540e-05 1.2371327e-03 6.6700310e-02 3.9379722e-01
 4.6185780e-01 7.3993459e-02 2.3358909e-03 6.4580876e-05]",0,White,40-59
/scratch/project_462000771/mengting/projects/bias/sana/prompt2/selected_faces/detected_disgusted/disgusted_person_0147_face0.png,White,White,Male,50-59,"[9.9957907e-01 3.5951035e-07 1.3310829e-04 1.5082138e-05 3.1389456e-05
 3.2581308e-06 2.3783014e-04]",[9.9966311e-01 4.7880362e-06 3.0433293e-04 2.7825301e-05],[9.9914360e-01 8.5642847e-04],"[2.4279825e-06 8.9949517e-06 5.9722358e-04 2.0854633e-02 8.6862676e-02
 3.8900629e-01 4.3006271e-01 6.5739349e-02 6.8656923e-03]",0,White,40-59
/scratch/project_462000771/mengting/projects/bias/sana/prompt2/selected_faces/detected_disgusted/disgusted_person_0148_face0.png,White,White,Male,40-49,"[9.7646135e-01 5.6984014e-04 1.1242874e-02 2.0370597e-03 3.7453477e-03
 5.6929188e-04 5.3742235e-03]",[9.9449676e-01 1.4085398e-04 4.7339923e-03 6.2845950e-04],[0.9296575  0.07034248],"[7.4996728e-06 7.2649826e-05 1.3611509e-03 4.5878023e-02 2.9212394e-01
 4.9739540e-01 1.5643638e-01 6.3885101e-03 3.3642442e-04]",0,White,40-59
/scratch/project_462000771/mengting/projects/bias/sana/prompt2/selected_faces/detected_disgusted/disgusted_person_0149_face0.png,White,White,Female,30-39,"[0.87103164 0.00279721 0.05870709 0.02576443 0.01916486 0.0022136
 0.02032119]",[0.79508555 0.00082687 0.2019375  0.00215018],[0.0048745  0.99512553],"[8.2728538e-06 3.0188964e-04 5.6380332e-03 2.0647641e-01 5.6189406e-01
 2.0806447e-01 1.6612832e-02 9.4829331e-04 5.5913093e-05]",0,White,20-39
/scratch/project_462000771/mengting/projects/bias/sana/prompt2/selected_faces/detected_disgusted/disgusted_person_0150_face0.png,White,White,Male,40-49,"[9.9904138e-01 9.0695512e-06 4.9405725e-04 7.3932344e-05 1.3853179e-04
 1.0109234e-04 1.4193618e-04]",[9.5691305e-01 6.3201791e-04 3.5517231e-02 6.9377027e-03],[0.9947549  0.00524507],"[6.0702359e-06 9.4034032e-05 3.1531621e-03 8.3981179e-02 1.6079059e-01
 4.8430806e-01 2.4085248e-01 2.4693249e-02 2.1211996e-03]",0,White,40-59
/scratch/project_462000771/mengting/projects/bias/sana/prompt2/selected_faces/detected_disgusted/disgusted_person_0151_face0.png,White,White,Male,40-49,"[9.5652789e-01 1.5662149e-04 1.3311096e-02 6.8452638e-03 8.6305728e-03
 1.7828440e-03 1.2745700e-02]",[0.87662494 0.00149899 0.0895002  0.03237588],[0.98992974 0.01007023],"[1.6653296e-04 1.1461694e-03 9.0092635e-03 8.0042444e-02 1.3090165e-01
 3.4197178e-01 3.3374417e-01 8.6007312e-02 1.7010674e-02]",0,White,40-59
/scratch/project_462000771/mengting/projects/bias/sana/prompt2/selected_faces/detected_disgusted/disgusted_person_0152_face0.png,White,White,Male,40-49,"[9.6130264e-01 3.3626860e-05 1.3018002e-02 9.3638600e-04 2.2514078e-03
 1.0302588e-03 2.1427587e-02]",[9.8636681e-01 1.8675639e-05 9.6872980e-03 3.9272285e-03],[9.9995333e-01 4.6707548e-05],"[5.9483405e-05 3.2304091e-04 4.5887642e-03 3.3455055e-02 1.6428497e-01
 4.2832804e-01 3.3485901e-01 3.3243738e-02 8.5786748e-04]",0,White,40-59
/scratch/project_462000771/mengting/projects/bias/sana/prompt2/selected_faces/detected_disgusted/disgusted_person_0153_face0.png,White,White,Female,30-39,"[0.96206534 0.00132515 0.02384197 0.00124347 0.00322283 0.00249126
 0.00581001]",[0.91291696 0.03191888 0.0324173  0.02274677],[0.03064059 0.9693594 ],"[3.0449642e-06 4.7223482e-05 1.5690123e-03 2.1182506e-01 5.7719958e-01
 1.9641346e-01 1.1912303e-02 9.0868183e-04 1.2169020e-04]",0,White,20-39
/scratch/project_462000771/mengting/projects/bias/sana/prompt2/selected_faces/detected_disgusted/disgusted_person_0154_face0.png,White,White,Male,30-39,"[9.9890977e-01 1.0486796e-05 5.4839981e-04 8.1672288e-06 3.1638705e-05
 6.4203843e-05 4.2728824e-04]",[9.9737555e-01 3.9744499e-04 1.8670091e-03 3.6004724e-04],[9.9990654e-01 9.3453549e-05],"[8.1050740e-07 3.1621537e-05 1.8646836e-03 2.3129362e-01 6.3075316e-01
 1.3277142e-01 3.2619592e-03 2.2032602e-05 7.2464570e-07]",0,White,20-39
/scratch/project_462000771/mengting/projects/bias/sana/prompt2/selected_faces/detected_disgusted/disgusted_person_0155_face0.png,White,White,Male,40-49,"[7.3823762e-01 2.2604733e-04 9.5489316e-02 2.9288305e-03 7.1119955e-03
 6.0405442e-03 1.4996567e-01]",[9.3817198e-01 4.7931797e-05 5.5759519e-02 6.0206382e-03],[0.9971603  0.00283968],"[1.0925401e-05 6.6253109e-05 4.4783745e-03 5.1146563e-02 2.4657010e-01
 4.7385481e-01 2.0725673e-01 1.5602469e-02 1.0137573e-03]",0,White,40-59
/scratch/project_462000771/mengting/projects/bias/sana/prompt2/selected_faces/detected_disgusted/disgusted_person_0156_face0.png,White,White,Male,40-49,"[9.97671485e-01 1.08317636e-05 1.04284927e-03 1.06995154e-04
 2.06331897e-04 3.34366923e-05 9.28048976e-04]",[9.9019825e-01 5.4929219e-04 8.6554699e-03 5.9701601e-04],[9.9991083e-01 8.9232177e-05],"[9.2107466e-06 6.0704551e-05 3.4953679e-03 1.1096307e-01 2.8214934e-01
 4.3702012e-01 1.5959325e-01 6.4850030e-03 2.2390975e-04]",0,White,40-59
/scratch/project_462000771/mengting/projects/bias/sana/prompt2/selected_faces/detected_disgusted/disgusted_person_0157_face0.png,White,White,Male,30-39,"[9.2250049e-01 5.1089100e-06 1.5585698e-02 2.0439243e-04 2.3760878e-04
 4.4747544e-03 5.6992013e-02]",[9.3252105e-01 1.0673535e-04 6.7746690e-03 6.0597528e-02],[0.7708145  0.22918548],"[1.9351303e-07 3.5911885e-06 1.8190575e-03 2.8642485e-01 5.1742542e-01
 1.8752268e-01 6.7144879e-03 8.5339998e-05 4.3811910e-06]",0,White,20-39
/scratch/project_462000771/mengting/projects/bias/sana/prompt2/selected_faces/detected_disgusted/disgusted_person_0158_face0.png,White,White,Male,40-49,"[9.9946195e-01 5.0987978e-07 1.5085257e-04 4.2810752e-06 7.2406101e-06
 1.4883407e-05 3.6035193e-04]",[9.9720836e-01 4.7251564e-05 2.3553691e-04 2.5088291e-03],[0.903221   0.09677897],"[1.7812454e-06 1.2055906e-05 4.5226066e-04 2.2802087e-02 1.3591318e-01
 6.4146155e-01 1.9434725e-01 4.7798669e-03 2.2999196e-04]",0,White,40-59
/scratch/project_462000771/mengting/projects/bias/sana/prompt2/selected_faces/detected_disgusted/disgusted_person_0159_face0.png,White,White,Male,40-49,"[9.5567405e-01 2.6235155e-05 9.6956911e-03 1.5075809e-03 1.7300344e-03
 1.1605027e-03 3.0205939e-02]",[0.96903986 0.00199495 0.02059081 0.00837434],[0.6809117  0.31908825],"[0.00099115 0.00709613 0.05757846 0.11326089 0.2253326  0.4539103
 0.12707724 0.01370237 0.00105089]",0,White,40-59
/scratch/project_462000771/mengting/projects/bias/sana/prompt2/selected_faces/detected_disgusted/disgusted_person_0160_face0.png,White,White,Male,50-59,"[9.8668551e-01 6.5562512e-05 3.4299167e-03 2.0245542e-03 2.4439276e-03
 2.0746009e-04 5.1431074e-03]",[9.8148978e-01 1.6632229e-04 1.8077953e-02 2.6596058e-04],[0.5300037  0.46999624],"[7.5940143e-06 2.4382862e-05 4.0678971e-04 5.2430052e-03 3.2628521e-02
 2.4790309e-01 5.7094228e-01 1.3340111e-01 9.4432244e-03]",0,White,40-59
/scratch/project_462000771/mengting/projects/bias/sana/prompt2/selected_faces/detected_disgusted/disgusted_person_0161_face0.png,White,White,Female,40-49,"[8.7123787e-01 2.2572947e-04 8.7000661e-02 5.4760516e-04 1.3536190e-03
 3.4306445e-03 3.6203824e-02]",[0.78735566 0.05048501 0.0072283  0.15493107],[0.05749268 0.9425073 ],"[7.0522100e-07 8.1939188e-06 4.0500608e-04 2.0103401e-02 2.9478744e-01
 6.0501319e-01 7.8463189e-02 1.1858654e-03 3.2990567e-05]",0,White,40-59
/scratch/project_462000771/mengting/projects/bias/sana/prompt2/selected_faces/detected_disgusted/disgusted_person_0162_face0.png,White,White,Male,40-49,"[0.74399835 0.00354375 0.20890506 0.00152089 0.00282823 0.02288356
 0.01632023]",[0.8640492  0.00309347 0.04509134 0.08776604],[0.79010135 0.20989862],"[2.5228766e-05 3.3913841e-04 3.2376845e-03 2.0736193e-02 2.0683086e-01
 5.9866208e-01 1.6442589e-01 5.5518411e-03 1.9102145e-04]",1,White,40-59
/scratch/project_462000771/mengting/projects/bias/sana/prompt2/selected_faces/detected_disgusted/disgusted_person_0163_face0.png,White,White,Male,40-49,"[9.99094903e-01 1.14119665e-07 1.48247622e-04 1.59178489e-05
 3.28853821e-05 6.09367589e-06 7.01985031e-04]",[9.9984562e-01 1.5259887e-07 1.4590500e-04 8.3009609e-06],[9.9971843e-01 2.8158628e-04],"[1.6654858e-06 5.8510992e-05 4.7863880e-03 9.6835770e-02 3.1674054e-01
 5.3269559e-01 4.8215874e-02 6.4021169e-04 2.5430842e-05]",0,White,40-59
/scratch/project_462000771/mengting/projects/bias/sana/prompt2/selected_faces/detected_disgusted/disgusted_person_0164_face0.png,White,White,Female,40-49,"[9.0110213e-01 8.5860217e-04 4.6138357e-02 8.5523995e-03 1.2515375e-02
 1.4156722e-03 2.9417384e-02]",[0.75719833 0.03312725 0.1905021  0.01917232],[0.12011941 0.87988055],"[1.3985681e-06 1.0963306e-05 8.8149111e-04 5.7223875e-02 4.3563467e-01
 4.4661671e-01 5.8165614e-02 1.4198922e-03 4.5515651e-05]",0,White,40-59
/scratch/project_462000771/mengting/projects/bias/sana/prompt2/selected_faces/detected_disgusted/disgusted_person_0165_face0.png,White,White,Female,20-29,"[9.19703305e-01 6.99328841e-04 5.31519093e-02 2.46500713e-04
 6.65009953e-04 1.01588760e-02 1.53750805e-02]",[9.5579755e-01 1.1099097e-04 5.1448117e-03 3.8946643e-02],[0.4200606  0.57993937],"[1.2481885e-07 3.7484835e-05 1.3799346e-02 7.1994025e-01 2.5959268e-01
 6.5871184e-03 4.2312407e-05 5.7311092e-07 2.0721009e-08]",0,White,20-39
/scratch/project_462000771/mengting/projects/bias/sana/prompt2/selected_faces/detected_disgusted/disgusted_person_0166_face0.png,White,White,Male,30-39,"[7.0271188e-01 2.3920916e-04 1.0722519e-01 5.6043290e-02 5.9444364e-02
 3.5165725e-03 7.0819467e-02]",[8.3966279e-01 6.8901811e-04 1.1268105e-01 4.6967190e-02],[0.99556106 0.00443891],"[9.6324056e-06 2.7504101e-04 1.6058430e-02 3.0798858e-01 4.7326335e-01
 1.8979669e-01 1.2170881e-02 4.2917204e-04 8.2465876e-06]",0,White,20-39
/scratch/project_462000771/mengting/projects/bias/sana/prompt2/selected_faces/detected_disgusted/disgusted_person_0167_face0.png,White,White,Female,50-59,"[9.8913944e-01 6.5042543e-05 5.6150309e-03 1.3613590e-04 1.6083595e-04
 2.5986112e-04 4.6236455e-03]",[9.9187863e-01 2.6234708e-04 5.5819293e-03 2.2770390e-03],[0.08570689 0.9142931 ],"[1.2135647e-06 3.5223959e-06 6.8015630e-05 2.3766090e-03 4.5328625e-02
 4.6339557e-01 4.7363758e-01 1.4937827e-02 2.5103593e-04]",1,White,40-59
/scratch/project_462000771/mengting/projects/bias/sana/prompt2/selected_faces/detected_disgusted/disgusted_person_0168_face0.png,White,White,Male,50-59,"[9.8947656e-01 4.7798079e-05 1.7531459e-03 7.0996639e-06 1.2133721e-04
 1.9727426e-03 6.6213273e-03]",[9.9666548e-01 1.6287423e-04 1.8723020e-03 1.2992742e-03],[0.9926316  0.00736841],"[1.0234678e-05 8.1414757e-05 1.6193049e-03 1.4095809e-02 4.9525384e-02
 2.8157935e-01 4.6988106e-01 1.4364535e-01 3.9562199e-02]",0,White,40-59
/scratch/project_462000771/mengting/projects/bias/sana/prompt2/selected_faces/detected_disgusted/disgusted_person_0169_face0.png,White,White,Female,30-39,"[0.6332948  0.00094182 0.04020445 0.01570673 0.05770463 0.00227296
 0.24987458]",[8.7698549e-01 6.4764573e-04 1.2210773e-01 2.5915491e-04],[0.10531564 0.8946843 ],"[5.6674398e-06 2.3928199e-04 1.4214331e-02 3.0663633e-01 5.4398000e-01
 1.3117808e-01 3.6604784e-03 8.1939506e-05 3.9555871e-06]",0,White,20-39
/scratch/project_462000771/mengting/projects/bias/sana/prompt2/selected_faces/detected_disgusted/disgusted_person_0170_face0.png,White,White,Male,40-49,"[9.9911344e-01 9.2913579e-06 4.2136936e-04 8.7461514e-05 1.1656544e-04
 9.6854219e-06 2.4228166e-04]",[9.294458e-01 2.547501e-05 7.044557e-02 8.321159e-05],[0.90372336 0.09627664],"[2.6029040e-06 2.5817284e-05 2.0586166e-03 1.0928682e-01 2.8430572e-01
 4.5681366e-01 1.3855943e-01 8.5044252e-03 4.4288908e-04]",1,White,40-59
/scratch/project_462000771/mengting/projects/bias/sana/prompt2/selected_faces/detected_disgusted/disgusted_person_0171_face0.png,White,White,Female,40-49,"[9.7124910e-01 1.9715228e-05 1.0440950e-02 1.4140046e-03 1.3537658e-03
 1.6006145e-03 1.3921851e-02]",[9.9547452e-01 3.1625252e-05 3.4121023e-03 1.0817953e-03],[0.00715234 0.9928477 ],"[3.1903421e-06 5.2474872e-05 2.2533552e-03 6.5139383e-02 2.2640263e-01
 5.5872184e-01 1.4016441e-01 6.8295998e-03 4.3307044e-04]",0,White,40-59
/scratch/project_462000771/mengting/projects/bias/sana/prompt2/selected_faces/detected_disgusted/disgusted_person_0172_face0.png,White,White,Male,40-49,"[9.9903631e-01 8.6522630e-07 6.3044659e-05 7.1461975e-05 2.1727040e-04
 7.7931392e-05 5.3316000e-04]",[9.9904096e-01 1.2020453e-06 7.7174831e-04 1.8604606e-04],[0.9889113  0.01108869],"[1.9576235e-06 2.3996025e-05 4.1919611e-03 1.3481815e-01 2.6393405e-01
 4.8839033e-01 1.0250903e-01 5.7527581e-03 3.7781085e-04]",0,White,40-59
/scratch/project_462000771/mengting/projects/bias/sana/prompt2/selected_faces/detected_disgusted/disgusted_person_0173_face0.png,White,White,Male,40-49,"[9.89451110e-01 1.10063884e-04 2.19504908e-03 5.69283839e-05
 1.88411286e-04 4.08710766e-04 7.58971460e-03]",[0.9673993  0.00233246 0.00134204 0.0289262 ],[0.99113667 0.00886335],"[9.85519910e-06 4.70635823e-05 1.62808027e-03 2.48333290e-02
 1.04974575e-01 4.87334520e-01 3.55392724e-01 2.49175895e-02
 8.62318324e-04]",0,White,40-59
/scratch/project_462000771/mengting/projects/bias/sana/prompt2/selected_faces/detected_disgusted/disgusted_person_0174_face0.png,White,White,Male,40-49,"[9.4788021e-01 1.8890020e-04 5.8207544e-03 8.9105882e-04 9.4008324e-04
 3.2946083e-04 4.3949418e-02]",[9.9157172e-01 1.7531248e-04 7.9412721e-03 3.1173197e-04],[0.9416979  0.05830213],"[8.7166052e-07 2.3166401e-06 2.5096867e-04 4.4455495e-02 2.7303988e-01
 5.2321273e-01 1.4811547e-01 1.0231155e-02 6.9107412e-04]",0,White,40-59
/scratch/project_462000771/mengting/projects/bias/sana/prompt2/selected_faces/detected_disgusted/disgusted_person_0175_face0.png,White,White,Male,20-29,"[9.7799718e-01 3.7620794e-06 2.1837570e-03 3.8183199e-03 2.4833702e-03
 9.3740811e-05 1.3419820e-02]",[9.5423925e-01 2.9681462e-06 4.5583703e-02 1.7403041e-04],[0.97784096 0.02215905],"[1.0066838e-06 6.3672996e-05 2.0700168e-02 4.8557672e-01 3.4705546e-01
 1.3857678e-01 7.8273341e-03 1.9380455e-04 5.0899394e-06]",0,White,20-39
/scratch/project_462000771/mengting/projects/bias/sana/prompt2/selected_faces/detected_disgusted/disgusted_person_0176_face0.png,White,White,Male,40-49,"[9.91205871e-01 1.15201874e-04 4.49748756e-03 3.34304641e-04
 2.03057285e-03 5.91788907e-04 1.22476497e-03]",[0.89422745 0.01892368 0.06397563 0.02287328],[0.8779183  0.12208172],"[1.7269917e-06 1.9226925e-05 8.5091253e-04 1.9116044e-02 1.2444440e-01
 5.0649256e-01 3.1490958e-01 2.9819975e-02 4.3456070e-03]",0,White,40-59
/scratch/project_462000771/mengting/projects/bias/sana/prompt2/selected_faces/detected_disgusted/disgusted_person_0177_face0.png,White,White,Male,30-39,"[9.5296860e-01 1.9820898e-03 2.2317626e-02 8.9876587e-04 2.2424234e-03
 3.4005367e-03 1.6189804e-02]",[0.9304166  0.00539802 0.05681207 0.00737324],[0.9888552  0.01114485],"[8.8874822e-06 1.7589111e-04 5.2342298e-03 3.3174661e-01 4.3490484e-01
 1.9052272e-01 3.1962633e-02 4.8938850e-03 5.5032771e-04]",0,White,20-39
/scratch/project_462000771/mengting/projects/bias/sana/prompt2/selected_faces/detected_disgusted/disgusted_person_0178_face0.png,White,White,Male,40-49,"[9.7714424e-01 5.0363324e-05 8.0670333e-03 8.3353725e-04 1.3255390e-03
 2.3344721e-04 1.2345745e-02]",[9.9818635e-01 1.6481939e-05 1.1992871e-03 5.9794571e-04],[0.85741484 0.14258517],"[2.6628706e-05 4.1023456e-04 6.6472711e-03 7.2624490e-02 2.5428924e-01
 5.6035030e-01 1.0210713e-01 3.4235695e-03 1.2111918e-04]",0,White,40-59
/scratch/project_462000771/mengting/projects/bias/sana/prompt2/selected_faces/detected_disgusted/disgusted_person_0179_face0.png,White,White,Male,40-49,"[9.9600548e-01 6.7781343e-06 1.3928366e-03 6.0339065e-05 3.1106800e-04
 3.9515345e-04 1.8283718e-03]",[9.9611288e-01 6.6634129e-05 1.7901004e-03 2.0304199e-03],[9.9971217e-01 2.8780836e-04],"[1.60274681e-06 1.35998625e-05 1.62492215e-03 1.02143653e-01
 2.49436229e-01 4.34288770e-01 2.02600345e-01 9.39306524e-03
 4.97866713e-04]",0,White,40-59
/scratch/project_462000771/mengting/projects/bias/sana/prompt2/selected_faces/detected_disgusted/disgusted_person_0180_face0.png,White,White,Male,50-59,"[9.9149376e-01 4.9431317e-05 4.5721913e-03 7.4491851e-05 1.7922153e-04
 6.2172028e-04 3.0092255e-03]",[9.9612838e-01 1.4004476e-05 2.9030670e-03 9.5445098e-04],[0.78325045 0.21674952],"[1.9739330e-06 1.4613216e-05 5.6904135e-04 1.2910703e-02 5.8337107e-02
 3.9173952e-01 4.8924312e-01 4.4540145e-02 2.6437941e-03]",0,White,40-59
/scratch/project_462000771/mengting/projects/bias/sana/prompt2/selected_faces/detected_disgusted/disgusted_person_0181_face0.png,White,White,Male,20-29,"[9.3584812e-01 4.6047266e-04 2.2357974e-02 5.9622535e-03 2.4673386e-02
 7.1264235e-03 3.5714037e-03]",[0.792118   0.00202062 0.1749244  0.03093692],[9.9911994e-01 8.8011578e-04],"[4.78578258e-05 1.36777768e-02 1.81187317e-01 3.85466754e-01
 2.90684640e-01 1.17881425e-01 1.06851282e-02 3.55996308e-04
 1.30447233e-05]",0,White,20-39
/scratch/project_462000771/mengting/projects/bias/sana/prompt2/selected_faces/detected_disgusted/disgusted_person_0182_face0.png,White,White,Male,30-39,"[8.6071807e-01 1.5171980e-04 2.1241447e-02 1.1655818e-03 4.6912809e-03
 1.1879027e-02 1.0015278e-01]",[9.8533988e-01 5.6747882e-05 1.1864990e-02 2.7384320e-03],[0.7455236 0.2544764],"[7.1052782e-06 1.3993865e-04 1.0138194e-02 3.4487891e-01 4.5497447e-01
 1.7366292e-01 1.4448533e-02 1.5965726e-03 1.5340977e-04]",0,White,20-39
/scratch/project_462000771/mengting/projects/bias/sana/prompt2/selected_faces/detected_disgusted/disgusted_person_0183_face0.png,White,White,Male,30-39,"[9.4719219e-01 3.9499209e-04 9.6103447e-03 2.5119258e-05 1.8427911e-04
 1.6231839e-02 2.6361266e-02]",[9.981160e-01 6.026146e-05 6.892022e-04 1.134521e-03],[0.9984943  0.00150569],"[1.1855025e-05 5.4384943e-04 1.0000102e-02 2.6571077e-01 4.3980777e-01
 2.6728085e-01 1.5965128e-02 6.3570047e-04 4.3985205e-05]",0,White,20-39
/scratch/project_462000771/mengting/projects/bias/sana/prompt2/selected_faces/detected_disgusted/disgusted_person_0184_face0.png,White,White,Female,30-39,"[9.8664397e-01 2.6087771e-06 5.0564385e-03 4.3282146e-03 1.6665853e-03
 2.0901178e-04 2.0931838e-03]",[9.7791630e-01 3.5301416e-06 2.1823725e-02 2.5646787e-04],[0.00398757 0.99601245],"[5.8523210e-07 8.4492436e-05 1.1279683e-02 4.3729663e-01 4.6977407e-01
 7.9846941e-02 1.6960048e-03 2.0826736e-05 7.1098373e-07]",0,White,20-39
/scratch/project_462000771/mengting/projects/bias/sana/prompt2/selected_faces/detected_disgusted/disgusted_person_0185_face0.png,White,White,Female,40-49,"[9.65526462e-01 1.11969166e-04 2.01987643e-02 6.05622190e-04
 1.53182470e-03 1.79294741e-03 1.02324542e-02]",[0.88661975 0.00361974 0.07331201 0.03644845],[0.21917756 0.78082246],"[3.5826110e-06 5.1370538e-05 1.7154376e-03 3.3034027e-02 2.3938790e-01
 5.8730519e-01 1.3239534e-01 5.7455553e-03 3.6168861e-04]",0,White,40-59
/scratch/project_462000771/mengting/projects/bias/sana/prompt2/selected_faces/detected_disgusted/disgusted_person_0186_face0.png,White,White,Male,30-39,"[9.9507350e-01 3.0346516e-06 2.4417017e-03 8.0994061e-05 3.3929231e-04
 2.2654253e-04 1.8348212e-03]",[9.9803692e-01 1.1971253e-05 1.5690036e-03 3.8216278e-04],[9.9996954e-01 3.0491326e-05],"[1.9913696e-06 5.3091007e-05 8.0720773e-03 2.7364689e-01 3.6681578e-01
 3.1476226e-01 3.5240103e-02 1.3631631e-03 4.4621112e-05]",0,White,20-39
/scratch/project_462000771/mengting/projects/bias/sana/prompt2/selected_faces/detected_disgusted/disgusted_person_0187_face0.png,White,White,Male,30-39,"[9.9794561e-01 3.3071090e-06 5.6628441e-04 6.9078247e-05 1.4591384e-04
 1.2148027e-05 1.2576602e-03]",[9.9949753e-01 1.2721146e-05 4.4175363e-04 4.8061214e-05],[0.9932908 0.0067092],"[4.1203020e-06 1.2731300e-04 9.4454959e-03 1.8505135e-01 4.0857500e-01
 3.4757850e-01 4.8276968e-02 9.0086693e-04 4.0430023e-05]",0,White,20-39
/scratch/project_462000771/mengting/projects/bias/sana/prompt2/selected_faces/detected_disgusted/disgusted_person_0188_face0.png,White,White,Male,40-49,"[8.8048553e-01 8.5112370e-05 8.9017199e-03 6.7087479e-02 4.1441187e-02
 1.5681321e-04 1.8420831e-03]",[8.5378093e-01 3.8628359e-06 1.4615822e-01 5.6970872e-05],[0.7522017  0.24779831],"[4.7758094e-06 6.4942004e-05 1.7443977e-03 6.1000444e-02 2.6275665e-01
 5.1145691e-01 1.5481739e-01 7.7521084e-03 4.0248776e-04]",0,White,40-59
/scratch/project_462000771/mengting/projects/bias/sana/prompt2/selected_faces/detected_disgusted/disgusted_person_0189_face0.png,White,White,Male,30-39,"[0.8882018  0.00108063 0.06403543 0.00321558 0.00741642 0.0294519
 0.00659833]",[9.6650475e-01 5.3442596e-05 5.1465887e-03 2.8295221e-02],[9.9996632e-01 3.3649445e-05],"[1.1340406e-05 1.4633215e-04 4.7603738e-03 1.9876263e-01 4.2401809e-01
 3.1588364e-01 5.3867858e-02 2.4512634e-03 9.8479752e-05]",1,White,20-39
/scratch/project_462000771/mengting/projects/bias/sana/prompt2/selected_faces/detected_disgusted/disgusted_person_0190_face0.png,White,White,Female,40-49,"[9.2710006e-01 2.8316117e-05 1.4983379e-02 1.2208536e-04 3.3547377e-04
 1.5950837e-03 5.5835605e-02]",[9.9789536e-01 2.3074468e-05 1.0144444e-03 1.0670981e-03],[0.03823245 0.9617675 ],"[1.9904880e-06 2.9362909e-05 1.6595455e-03 4.3128837e-02 2.5534296e-01
 5.5212766e-01 1.4096928e-01 6.4163567e-03 3.2413806e-04]",0,White,40-59
/scratch/project_462000771/mengting/projects/bias/sana/prompt2/selected_faces/detected_disgusted/disgusted_person_0191_face0.png,White,White,Female,40-49,"[9.4678539e-01 5.4111815e-04 2.3948764e-02 2.1324176e-03 4.4536567e-03
 1.1857031e-03 2.0952899e-02]",[0.9777697  0.0015257  0.00510617 0.01559837],[0.39877632 0.60122365],"[9.9873969e-06 5.0711049e-05 1.0030373e-03 2.5103437e-02 2.6743454e-01
 5.9297866e-01 1.0849748e-01 4.6520568e-03 2.7007100e-04]",0,White,40-59
/scratch/project_462000771/mengting/projects/bias/sana/prompt2/selected_faces/detected_disgusted/disgusted_person_0192_face0.png,White,White,Male,30-39,"[9.7203892e-01 5.6863384e-05 1.0244285e-02 1.1877492e-04 3.5011323e-04
 4.8196179e-04 1.6709106e-02]",[9.9649537e-01 4.8743292e-05 1.7716964e-03 1.6841368e-03],[0.99676144 0.00323851],"[7.9129188e-07 1.4469679e-05 1.9149171e-03 9.2416719e-02 4.4766572e-01
 4.2296070e-01 3.4159109e-02 8.3964801e-04 2.7827164e-05]",0,White,20-39
/scratch/project_462000771/mengting/projects/bias/sana/prompt2/selected_faces/detected_disgusted/disgusted_person_0193_face0.png,White,White,Male,40-49,"[9.2527652e-01 1.5224511e-04 2.2437749e-02 5.0808274e-04 1.6126996e-03
 3.4923321e-03 4.6520352e-02]",[0.8544442  0.00113652 0.03898437 0.10543488],[9.9999464e-01 5.4242205e-06],"[2.4910236e-05 1.5946839e-04 1.9625979e-03 1.1090712e-02 9.2981540e-02
 5.1669073e-01 3.6455187e-01 1.2344089e-02 1.9407200e-04]",0,White,40-59
/scratch/project_462000771/mengting/projects/bias/sana/prompt2/selected_faces/detected_disgusted/disgusted_person_0194_face0.png,White,White,Female,40-49,"[9.8037583e-01 1.7348555e-05 6.1728340e-03 3.7217120e-04 1.1646929e-03
 3.2215253e-03 8.6756125e-03]",[9.7451097e-01 2.8640320e-04 1.7036683e-03 2.3498926e-02],[0.11278227 0.8872177 ],"[5.46483363e-07 1.12727203e-05 9.25372064e-04 6.68067187e-02
 3.29317987e-01 4.90980208e-01 1.08886905e-01 2.85433047e-03
 2.16667337e-04]",0,White,40-59
/scratch/project_462000771/mengting/projects/bias/sana/prompt2/selected_faces/detected_disgusted/disgusted_person_0195_face0.png,White,White,Male,30-39,"[7.2633308e-01 2.8933937e-05 6.0659494e-02 4.2337280e-05 1.5096251e-04
 4.4103581e-03 2.0837474e-01]",[9.9970633e-01 1.6913579e-07 6.2520972e-05 2.3098993e-04],[9.9995267e-01 4.7308484e-05],"[1.1683334e-06 2.0771233e-05 4.7812713e-03 1.5815377e-01 5.4501253e-01
 2.8557765e-01 6.3772015e-03 7.4379677e-05 1.2644135e-06]",0,White,20-39
/scratch/project_462000771/mengting/projects/bias/sana/prompt2/selected_faces/detected_disgusted/disgusted_person_0196_face0.png,White,White,Male,30-39,"[9.9134219e-01 6.7722314e-05 3.7198020e-03 4.6973242e-04 9.8182238e-04
 5.3244556e-04 2.8863302e-03]",[9.88460243e-01 1.06797794e-04 1.00083575e-02 1.42451411e-03],[9.999153e-01 8.469293e-05],"[1.9466661e-05 8.6226955e-04 1.1442904e-02 2.6119691e-01 4.6054596e-01
 2.3977180e-01 2.5184743e-02 9.1991160e-04 5.6080728e-05]",0,White,20-39
/scratch/project_462000771/mengting/projects/bias/sana/prompt2/selected_faces/detected_disgusted/disgusted_person_0197_face0.png,White,White,Female,30-39,"[9.9960238e-01 2.9032313e-07 2.1070101e-04 2.1620410e-05 1.8519549e-05
 2.4838125e-06 1.4401058e-04]",[9.9977809e-01 3.6287770e-06 1.5794528e-04 6.0388695e-05],[0.36117893 0.638821  ],"[3.0784528e-07 1.6367116e-05 6.2318873e-03 3.8227904e-01 4.3662122e-01
 1.6640058e-01 8.2876282e-03 1.5736981e-04 5.5283758e-06]",0,White,20-39
/scratch/project_462000771/mengting/projects/bias/sana/prompt2/selected_faces/detected_disgusted/disgusted_person_0198_face0.png,White,White,Male,20-29,"[9.6010381e-01 3.2861088e-05 2.2096757e-02 1.6088093e-03 3.3290950e-03
 7.4252686e-03 5.4033948e-03]",[9.8912203e-01 3.1146217e-05 3.3954729e-03 7.4513876e-03],[0.97913486 0.02086511],"[6.8963718e-06 5.3462158e-03 1.9893907e-01 5.6686592e-01 2.0029876e-01
 2.7767954e-02 7.5759913e-04 1.7068969e-05 5.5279173e-07]",1,White,20-39
/scratch/project_462000771/mengting/projects/bias/sana/prompt2/selected_faces/detected_disgusted/disgusted_person_0199_face0.png,White,White,Male,30-39,"[8.7324375e-01 3.2701585e-04 1.8756574e-02 5.3907838e-02 5.0536294e-02
 3.6910293e-04 2.8594001e-03]",[6.0670114e-01 7.8464521e-04 3.9200249e-01 5.1169557e-04],[9.997245e-01 2.754956e-04],"[1.9536286e-05 6.2499399e-04 1.0764492e-02 2.1250589e-01 4.8283422e-01
 2.5710687e-01 3.5106536e-02 1.0043093e-03 3.3183242e-05]",0,White,20-39
/scratch/project_462000771/mengting/projects/bias/sana/prompt2/selected_faces/detected_disgusted/disgusted_person_0200_face0.png,White,White,Female,20-29,"[0.7441257  0.00096696 0.11783197 0.00256722 0.00366952 0.01670137
 0.11413727]",[0.9623988  0.00206444 0.00565576 0.02988096],[0.40455905 0.595441  ],"[1.0455333e-04 4.8591155e-03 3.9648134e-02 5.1196778e-01 3.8483468e-01
 5.6837950e-02 1.6694495e-03 7.2105649e-05 6.2096656e-06]",0,White,20-39
/scratch/project_462000771/mengting/projects/bias/sana/prompt2/selected_faces/detected_disgusted/disgusted_person_0201_face0.png,White,White,Male,40-49,"[9.9548167e-01 1.3529570e-04 2.9559187e-03 2.8601364e-05 5.9682548e-05
 3.4212804e-04 9.9667627e-04]",[9.8164827e-01 7.8704848e-05 1.2491449e-02 5.7815020e-03],[9.9962276e-01 3.7722793e-04],"[1.4471890e-07 3.7039879e-07 2.2676839e-05 2.7803208e-03 6.2923774e-02
 5.7718658e-01 3.4647048e-01 1.0434454e-02 1.8121378e-04]",0,White,40-59
/scratch/project_462000771/mengting/projects/bias/sana/prompt2/selected_faces/detected_disgusted/disgusted_person_0202_face0.png,White,White,Male,40-49,"[9.9159575e-01 2.5744412e-05 3.8955219e-03 2.2592332e-04 1.9109390e-04
 1.7244529e-04 3.8935107e-03]",[9.9603230e-01 4.8460977e-05 3.5300935e-03 3.8913338e-04],[0.97626984 0.02373016],"[7.9815800e-06 1.2206013e-04 2.2158285e-03 2.1695647e-02 1.1336951e-01
 5.5190063e-01 2.9388937e-01 1.5971906e-02 8.2714751e-04]",0,White,40-59
/scratch/project_462000771/mengting/projects/bias/sana/prompt2/selected_faces/detected_disgusted/disgusted_person_0203_face0.png,White,White,Male,40-49,"[0.94081265 0.00176178 0.01395397 0.02292052 0.01442918 0.00098964
 0.00513228]",[0.7941698  0.00126075 0.19512303 0.00944647],[9.9960798e-01 3.9202414e-04],"[6.1613127e-07 1.6564574e-06 3.8967631e-04 4.1207913e-02 2.3734820e-01
 4.3371499e-01 2.6465762e-01 2.1820648e-02 8.5869094e-04]",1,White,40-59
/scratch/project_462000771/mengting/projects/bias/sana/prompt2/selected_faces/detected_disgusted/disgusted_person_0204_face0.png,White,Asian,Male,20-29,"[5.4762059e-01 8.1733677e-05 1.4931446e-02 3.1894532e-01 1.1581942e-01
 8.2854455e-04 1.7729856e-03]",[1.5986459e-01 6.3724161e-05 8.3947986e-01 5.9191213e-04],[0.99401635 0.00598364],"[2.7592780e-05 3.6495195e-03 9.5521696e-02 4.5857063e-01 3.4204191e-01
 9.0713657e-02 8.9434190e-03 5.1339669e-04 1.8145003e-05]",1,White,20-39
/scratch/project_462000771/mengting/projects/bias/sana/prompt2/selected_faces/detected_disgusted/disgusted_person_0205_face0.png,White,Asian,Female,40-49,"[9.7399610e-01 2.7281971e-04 1.2638204e-02 3.7665933e-04 5.4186204e-04
 1.0235081e-03 1.1150844e-02]",[0.32034442 0.0829554  0.33210194 0.2645983 ],[0.00617753 0.9938225 ],"[3.6218437e-06 4.1678479e-05 1.3064963e-03 8.6557165e-02 3.3461335e-01
 4.5942190e-01 1.0787679e-01 9.3393112e-03 8.3969417e-04]",1,White,40-59
/scratch/project_462000771/mengting/projects/bias/sana/prompt2/selected_faces/detected_disgusted/disgusted_person_0206_face0.png,White,White,Female,50-59,"[9.5724154e-01 1.9190733e-04 4.1454262e-03 7.3838525e-04 7.2239834e-04
 2.6423933e-03 3.4318011e-02]",[0.92754155 0.00119835 0.04322943 0.02803059],[0.17290524 0.82709473],"[3.5659305e-06 3.5724879e-05 1.0441132e-03 6.1754197e-02 8.8728212e-02
 2.2781572e-01 3.0610603e-01 2.2018929e-01 9.4323218e-02]",0,White,40-59
/scratch/project_462000771/mengting/projects/bias/sana/prompt2/selected_faces/detected_disgusted/disgusted_person_0207_face0.png,White,White,Female,30-39,"[9.2986053e-01 1.6150074e-03 4.4799805e-02 5.0899177e-03 2.7865767e-03
 4.8004332e-04 1.5368072e-02]",[0.5395347  0.00520939 0.45341554 0.00184041],[0.18735953 0.8126405 ],"[1.2896480e-05 3.1919291e-04 1.3487320e-02 1.6545102e-01 3.8613644e-01
 3.6853507e-01 6.3829310e-02 2.1785137e-03 5.0167579e-05]",0,White,20-39
/scratch/project_462000771/mengting/projects/bias/sana/prompt2/selected_faces/detected_disgusted/disgusted_person_0208_face0.png,White,White,Male,20-29,"[9.9826831e-01 3.1144810e-07 2.9488173e-04 4.2216216e-06 9.4129255e-06
 1.9151292e-05 1.4037736e-03]",[9.9874574e-01 8.8544562e-07 1.0245306e-03 2.2890790e-04],[0.7174875  0.28251255],"[2.9479065e-07 3.6386973e-05 2.6747182e-02 6.1136436e-01 2.7067956e-01
 8.8781677e-02 2.3414693e-03 4.5297860e-05 3.7897078e-06]",0,White,20-39
/scratch/project_462000771/mengting/projects/bias/sana/prompt2/selected_faces/detected_disgusted/disgusted_person_0209_face0.png,White,White,Female,40-49,"[0.657278   0.00175675 0.05471485 0.00564606 0.0089847  0.00538698
 0.26623267]",[0.75911826 0.02950405 0.1909892  0.02038852],[0.00697783 0.9930222 ],"[1.4936190e-06 4.0049922e-06 3.2577210e-04 5.0086081e-02 3.0719316e-01
 4.7465265e-01 1.5841581e-01 9.0742316e-03 2.4684737e-04]",0,White,40-59
/scratch/project_462000771/mengting/projects/bias/sana/prompt2/selected_faces/detected_disgusted/disgusted_person_0210_face0.png,White,White,Male,50-59,"[9.4764119e-01 6.9032883e-04 4.4922356e-02 1.2052321e-03 2.8759353e-03
 1.8512789e-03 8.1367191e-04]",[9.7022033e-01 6.5291801e-04 2.2412676e-02 6.7140916e-03],[0.9986076  0.00139242],"[6.3212547e-06 2.8176495e-05 1.1722264e-03 8.4259622e-03 4.1965410e-02
 2.8172335e-01 5.7722771e-01 8.5858256e-02 3.5925305e-03]",1,White,40-59
/scratch/project_462000771/mengting/projects/bias/sana/prompt2/selected_faces/detected_disgusted/disgusted_person_0211_face0.png,White,White,Male,30-39,"[0.8720494  0.00091479 0.07930964 0.01331151 0.01624633 0.00115251
 0.01701582]",[0.6410312  0.00132616 0.35662124 0.00102129],[0.9923466  0.00765342],"[2.8587151e-06 1.3116517e-04 3.0344782e-02 4.3302217e-01 4.3954572e-01
 9.3315020e-02 3.5786650e-03 5.7478137e-05 2.0854261e-06]",0,White,20-39
/scratch/project_462000771/mengting/projects/bias/sana/prompt2/selected_faces/detected_disgusted/disgusted_person_0212_face0.png,White,White,Male,40-49,"[9.9913955e-01 2.7469769e-06 1.4995561e-04 4.1253035e-05 1.8934639e-04
 5.4260225e-05 4.2283046e-04]",[9.9914205e-01 2.6828370e-06 7.4561092e-04 1.0957365e-04],[9.9995697e-01 4.3047905e-05],"[2.8681873e-06 5.0738465e-05 3.3124657e-03 1.0846819e-01 2.9313982e-01
 4.5324439e-01 1.3515329e-01 6.3534505e-03 2.7481635e-04]",0,White,40-59
/scratch/project_462000771/mengting/projects/bias/sana/prompt2/selected_faces/detected_disgusted/disgusted_person_0213_face0.png,White,White,Female,40-49,"[9.7958261e-01 2.6248694e-05 9.4732689e-03 3.8796081e-04 4.7583701e-04
 4.6102813e-04 9.5930649e-03]",[9.9871469e-01 3.1067008e-05 6.3648308e-04 6.1770430e-04],[0.01942227 0.9805777 ],"[6.4082102e-05 1.2674755e-03 1.6631110e-02 9.3643427e-02 2.1999475e-01
 4.1213390e-01 2.2256160e-01 2.8556794e-02 5.1468001e-03]",0,White,40-59
/scratch/project_462000771/mengting/projects/bias/sana/prompt2/selected_faces/detected_disgusted/disgusted_person_0214_face0.png,White,White,Male,40-49,"[9.1244215e-01 1.9436805e-04 3.1149643e-02 3.4925060e-03 5.9600789e-03
 6.6644221e-04 4.6094783e-02]",[9.8803467e-01 7.8210214e-05 1.1725241e-02 1.6191469e-04],[0.6359172 0.3640828],"[5.75118156e-06 3.17892554e-05 6.60486112e-04 1.31095424e-02
 1.22459985e-01 5.11385500e-01 3.23542625e-01 2.72790324e-02
 1.52530882e-03]",0,White,40-59
/scratch/project_462000771/mengting/projects/bias/sana/prompt2/selected_faces/detected_disgusted/disgusted_person_0215_face0.png,White,White,Female,30-39,"[7.2216773e-01 3.6045272e-04 1.9529487e-01 5.9291795e-03 7.7902586e-03
 1.2422032e-02 5.6035511e-02]",[0.83450973 0.00639715 0.15455273 0.00454026],[0.1903059 0.8096941],"[1.6242891e-06 3.7452257e-05 2.3523173e-03 1.4827678e-01 5.9803039e-01
 2.4344686e-01 7.7577676e-03 9.4198564e-05 2.6017058e-06]",0,White,20-39
/scratch/project_462000771/mengting/projects/bias/sana/prompt2/selected_faces/detected_disgusted/disgusted_person_0216_face0.png,White,White,Female,30-39,"[9.7677165e-01 1.3445236e-04 6.9292164e-03 1.6692940e-03 2.0688069e-03
 2.7037907e-04 1.2156189e-02]",[9.9832970e-01 2.4012802e-04 1.0294921e-03 4.0070352e-04],[0.01757428 0.98242575],"[6.6055520e-08 1.5231898e-06 9.4048452e-04 2.7574259e-01 5.4198295e-01
 1.6729295e-01 1.3446804e-02 5.7529088e-04 1.7259688e-05]",0,White,20-39
/scratch/project_462000771/mengting/projects/bias/sana/prompt2/selected_faces/detected_disgusted/disgusted_person_0217_face0.png,White,White,Female,40-49,"[9.7678524e-01 8.1848419e-05 1.4216118e-02 2.6360315e-03 3.2662221e-03
 2.9524832e-04 2.7193183e-03]",[9.9490982e-01 3.3556819e-06 4.6335370e-03 4.5331911e-04],[0.2666082  0.73339176],"[2.9568264e-04 2.0754135e-03 1.0644383e-02 4.3335896e-02 1.9999546e-01
 4.6180111e-01 2.6966834e-01 1.1873948e-02 3.0982235e-04]",0,White,40-59
/scratch/project_462000771/mengting/projects/bias/sana/prompt2/selected_faces/detected_disgusted/disgusted_person_0218_face0.png,White,White,Male,50-59,"[9.9943739e-01 3.3275913e-07 2.0087931e-04 8.1252265e-06 1.3911482e-05
 6.5747699e-06 3.3281429e-04]",[9.9954975e-01 1.3116269e-06 4.3559264e-04 1.3325438e-05],[0.99223644 0.00776354],"[2.0351988e-06 8.3415298e-06 3.7110588e-04 1.5299033e-02 6.4906940e-02
 3.5391822e-01 5.1143676e-01 4.7254264e-02 6.8032723e-03]",0,White,40-59
/scratch/project_462000771/mengting/projects/bias/sana/prompt2/selected_faces/detected_disgusted/disgusted_person_0219_face0.png,White,White,Male,30-39,"[9.9765056e-01 1.1529746e-05 1.4181144e-03 1.1493929e-05 4.6930159e-05
 5.9140937e-05 8.0227596e-04]",[0.90166825 0.00143243 0.01329096 0.08360842],[9.9988103e-01 1.1897371e-04],"[6.0191286e-07 1.0147169e-04 8.2118893e-03 3.1907326e-01 5.4114211e-01
 1.2943509e-01 2.0127618e-03 2.2008539e-05 7.7189475e-07]",0,White,20-39
/scratch/project_462000771/mengting/projects/bias/sana/prompt2/selected_faces/detected_disgusted/disgusted_person_0220_face0.png,White,White,Male,30-39,"[9.8633540e-01 4.0241117e-05 8.5458988e-03 6.5109332e-04 1.5515442e-03
 6.0657185e-04 2.2691649e-03]",[9.9870318e-01 2.9107189e-06 5.7637336e-04 7.1753754e-04],[9.9952096e-01 4.7904535e-04],"[2.2859218e-05 1.5729041e-03 4.0273834e-02 3.0356252e-01 4.4064945e-01
 1.9890201e-01 1.4673369e-02 3.2717973e-04 1.5880923e-05]",0,White,20-39
/scratch/project_462000771/mengting/projects/bias/sana/prompt2/selected_faces/detected_disgusted/disgusted_person_0221_face0.png,White,White,Male,40-49,"[9.7098684e-01 4.9320046e-05 2.5778918e-02 5.6547060e-04 1.1481707e-03
 5.1013107e-04 9.6110348e-04]",[9.8889971e-01 1.4124022e-04 4.6793032e-03 6.2797004e-03],[0.85461175 0.14538822],"[9.4218967e-06 1.0264044e-04 2.9210895e-03 1.4424624e-02 1.4419912e-01
 5.4100204e-01 2.8724867e-01 9.9103646e-03 1.8201575e-04]",0,White,40-59
/scratch/project_462000771/mengting/projects/bias/sana/prompt2/selected_faces/detected_disgusted/disgusted_person_0222_face0.png,White,White,Female,40-49,"[8.98665726e-01 3.89154680e-04 4.55277860e-02 4.40174277e-04
 1.26590393e-03 1.06780445e-02 4.30331714e-02]",[0.88534576 0.00403567 0.01087697 0.09974151],[0.00984402 0.990156  ],"[2.2849874e-06 1.9458981e-05 6.1099807e-04 2.5132153e-02 2.1172628e-01
 5.4283619e-01 2.0943341e-01 9.8259933e-03 4.1317358e-04]",0,White,40-59
/scratch/project_462000771/mengting/projects/bias/sana/prompt2/selected_faces/detected_disgusted/disgusted_person_0223_face0.png,White,White,Female,40-49,"[9.4406927e-01 4.1717034e-05 2.8676748e-02 5.4824923e-04 1.0606496e-03
 1.7468282e-03 2.3856547e-02]",[9.85928476e-01 7.07177242e-05 1.29421465e-02 1.05864799e-03],[0.00106448 0.9989356 ],"[4.6824931e-07 1.0216826e-05 8.4994826e-04 4.4902932e-02 2.9386666e-01
 5.3993618e-01 1.1645124e-01 3.8409634e-03 1.4137175e-04]",0,White,40-59
/scratch/project_462000771/mengting/projects/bias/sana/prompt2/selected_faces/detected_disgusted/disgusted_person_0224_face0.png,White,White,Female,40-49,"[8.7559348e-01 8.4798515e-04 7.1585454e-02 4.5420835e-03 3.7152674e-03
 9.5519825e-04 4.2760648e-02]",[9.68502343e-01 1.19912975e-05 3.14101577e-02 7.54930006e-05],[0.01328647 0.9867135 ],"[5.35265499e-05 5.33121056e-04 5.06964885e-03 1.09585404e-01
 3.24792504e-01 4.25077021e-01 1.28354430e-01 6.27620006e-03
 2.58167565e-04]",0,White,40-59
/scratch/project_462000771/mengting/projects/bias/sana/prompt2/selected_faces/detected_disgusted/disgusted_person_0225_face0.png,White,White,Male,40-49,"[9.9431008e-01 7.9114270e-06 2.3588475e-03 1.4736934e-04 1.3319473e-04
 1.3192234e-04 2.9108250e-03]",[9.9868947e-01 2.4229748e-05 1.1749727e-03 1.1135131e-04],[0.790486   0.20951407],"[2.8077757e-06 1.9483152e-05 6.4108067e-04 1.4613242e-02 1.0151488e-01
 4.9212849e-01 3.6883616e-01 2.0484464e-02 1.7593621e-03]",0,White,40-59
/scratch/project_462000771/mengting/projects/bias/sana/prompt2/selected_faces/detected_disgusted/disgusted_person_0226_face0.png,White,White,Male,40-49,"[9.9599493e-01 1.6111013e-05 8.5104053e-04 3.6018845e-04 4.3036972e-04
 2.6298752e-05 2.3209853e-03]",[9.9772578e-01 5.8297297e-05 1.7635933e-03 4.5238907e-04],[0.9289858 0.0710142],"[1.2871384e-06 6.0032769e-05 4.0924195e-03 1.1322103e-01 3.2836455e-01
 4.5723945e-01 9.4326206e-02 2.5311671e-03 1.6390407e-04]",0,White,40-59
/scratch/project_462000771/mengting/projects/bias/sana/prompt2/selected_faces/detected_disgusted/disgusted_person_0227_face0.png,White,White,Male,40-49,"[0.66395044 0.00078008 0.22474207 0.00911453 0.03626452 0.04396264
 0.02118574]",[9.5873338e-01 4.8975864e-05 3.5211056e-02 6.0066245e-03],[0.9934989  0.00650112],"[4.8778078e-05 3.1730894e-04 4.1273199e-03 3.6330573e-02 2.5366855e-01
 5.5866480e-01 1.4241794e-01 4.2892182e-03 1.3554677e-04]",0,White,40-59
/scratch/project_462000771/mengting/projects/bias/sana/prompt2/selected_faces/detected_disgusted/disgusted_person_0228_face0.png,White,White,Male,40-49,"[9.7241080e-01 7.1587441e-05 1.7787095e-02 8.6294097e-04 2.0655214e-03
 1.8958437e-03 4.9061296e-03]",[9.9273235e-01 1.4325786e-04 5.8306181e-03 1.2937047e-03],[9.9996644e-01 3.3533797e-05],"[8.3310906e-06 9.3405957e-05 4.1155121e-03 4.4782799e-02 2.2092204e-01
 5.4892480e-01 1.7115740e-01 9.5382938e-03 4.5746862e-04]",0,White,40-59
/scratch/project_462000771/mengting/projects/bias/sana/prompt2/selected_faces/detected_disgusted/disgusted_person_0229_face0.png,White,White,Male,40-49,"[9.9432254e-01 7.5498627e-07 1.1637125e-03 4.4503313e-04 2.7124461e-04
 6.7698369e-05 3.7289339e-03]",[9.9217892e-01 3.0812023e-06 7.6928637e-03 1.2509630e-04],[0.9393126  0.06068746],"[5.5707233e-06 1.1044201e-04 1.0396557e-02 1.3707006e-01 2.3047110e-01
 5.0394994e-01 1.1188024e-01 5.8469484e-03 2.6909783e-04]",0,White,40-59
/scratch/project_462000771/mengting/projects/bias/sana/prompt2/selected_faces/detected_disgusted/disgusted_person_0230_face0.png,White,White,Male,40-49,"[9.9982363e-01 1.9071887e-06 3.4494191e-05 2.0940013e-05 3.9350172e-05
 7.0919623e-06 7.2598705e-05]",[9.9888092e-01 3.1432523e-06 1.0723504e-03 4.3578242e-05],[0.9449197  0.05508027],"[2.08077154e-06 5.53691534e-05 2.20436719e-03 1.22501798e-01
 3.81954491e-01 4.11135495e-01 8.03935900e-02 1.63262815e-03
 1.20214114e-04]",0,White,40-59
/scratch/project_462000771/mengting/projects/bias/sana/prompt2/selected_faces/detected_disgusted/disgusted_person_0231_face0.png,White,White,Male,30-39,"[9.9932832e-01 5.3760277e-07 3.2719350e-04 4.9071259e-05 6.9168367e-05
 5.7898715e-06 2.1993689e-04]",[9.9834639e-01 1.1164482e-06 1.6308953e-03 2.1500477e-05],[0.99796486 0.00203512],"[1.2153963e-06 6.7293458e-06 5.4681080e-04 1.1574655e-01 5.4363322e-01
 3.2402122e-01 1.5753541e-02 2.8218472e-04 8.5590873e-06]",0,White,20-39
/scratch/project_462000771/mengting/projects/bias/sana/prompt2/selected_faces/detected_disgusted/disgusted_person_0232_face0.png,White,White,Female,40-49,"[9.9598831e-01 3.0504420e-08 1.4705728e-04 2.2927472e-06 1.0718808e-05
 2.4425255e-05 3.8273528e-03]",[9.974421e-01 6.817038e-06 2.049608e-03 5.014968e-04],[0.4203556 0.5796444],"[4.2534515e-07 4.6609762e-06 2.4239032e-03 1.2384488e-01 2.6570567e-01
 5.1698184e-01 8.8243544e-02 2.6434339e-03 1.5166534e-04]",0,White,40-59
/scratch/project_462000771/mengting/projects/bias/sana/prompt2/selected_faces/detected_disgusted/disgusted_person_0233_face0.png,White,White,Male,40-49,"[9.9649298e-01 2.9751328e-07 2.5246904e-04 3.1425577e-04 1.6344577e-04
 2.1489712e-05 2.7549707e-03]",[9.9569333e-01 7.4446984e-07 4.2441431e-03 6.1689556e-05],[0.88648474 0.11351519],"[1.1843968e-04 3.8674313e-03 7.1160853e-02 2.4473010e-01 2.7375790e-01
 3.4833461e-01 5.4400578e-02 3.3290428e-03 3.0100829e-04]",0,White,40-59
/scratch/project_462000771/mengting/projects/bias/sana/prompt2/selected_faces/detected_disgusted/disgusted_person_0234_face0.png,White,White,Female,20-29,"[9.65182126e-01 1.37639545e-05 3.66562256e-03 3.63833643e-03
 2.35279463e-03 1.93816680e-03 2.32091825e-02]",[0.7784092  0.00543423 0.17522486 0.04093175],[0.38026434 0.61973566],"[2.6322332e-06 4.0521605e-05 6.9652814e-03 3.5522750e-01 3.1841251e-01
 2.6682273e-01 4.2939629e-02 7.8725284e-03 1.7166443e-03]",0,White,20-39
/scratch/project_462000771/mengting/projects/bias/sana/prompt2/selected_faces/detected_disgusted/disgusted_person_0235_face0.png,White,White,Female,40-49,"[0.40368187 0.00098234 0.3757184  0.01413837 0.02552024 0.01300035
 0.16695847]",[0.67008793 0.00216627 0.3094059  0.01833991],[0.0015772 0.9984228],"[9.4183861e-06 6.6749140e-05 1.5150213e-03 3.1009080e-02 2.4412553e-01
 5.3506321e-01 1.7967771e-01 8.3581628e-03 1.7517597e-04]",1,White,40-59
/scratch/project_462000771/mengting/projects/bias/sana/prompt2/selected_faces/detected_disgusted/disgusted_person_0236_face0.png,White,White,Male,30-39,"[9.6736044e-01 6.7090848e-05 1.6364461e-02 6.9826562e-04 1.1353039e-03
 8.2696957e-04 1.3547470e-02]",[9.9440587e-01 1.4769034e-05 5.1723593e-03 4.0698281e-04],[9.9945176e-01 5.4829125e-04],"[6.3360977e-07 5.4591237e-06 1.1095033e-03 1.9441606e-01 4.9434647e-01
 2.9464811e-01 1.5179542e-02 2.8436244e-04 9.8785322e-06]",0,White,20-39
/scratch/project_462000771/mengting/projects/bias/sana/prompt2/selected_faces/detected_disgusted/disgusted_person_0237_face0.png,White,White,Male,40-49,"[0.8787327  0.0038065  0.09843665 0.00102767 0.00309206 0.00674611
 0.00815831]",[0.99422187 0.00111742 0.00202643 0.00263442],[0.98786575 0.01213429],"[1.0437012e-05 1.2280524e-04 2.9793910e-03 5.2973814e-02 2.6148120e-01
 4.9793839e-01 1.7931713e-01 5.0353729e-03 1.4155524e-04]",0,White,40-59
/scratch/project_462000771/mengting/projects/bias/sana/prompt2/selected_faces/detected_disgusted/disgusted_person_0238_face0.png,White,White,Female,30-39,"[9.7913009e-01 2.2275659e-05 1.4703594e-02 1.8246779e-03 8.4493682e-04
 2.9814636e-04 3.1762456e-03]",[9.7476047e-01 9.4421863e-05 2.4962414e-02 1.8271091e-04],[0.00338104 0.996619  ],"[5.9837307e-06 3.6244601e-04 2.0335522e-02 3.1004614e-01 4.4809273e-01
 2.0821130e-01 1.2543413e-02 3.8741072e-04 1.5093810e-05]",0,White,20-39
/scratch/project_462000771/mengting/projects/bias/sana/prompt2/selected_faces/detected_disgusted/disgusted_person_0239_face0.png,White,Asian,Male,40-49,"[6.7685932e-01 1.1495659e-04 8.4159493e-02 2.8329726e-02 5.5009086e-02
 2.4060907e-02 1.3146667e-01]",[0.10105591 0.00684717 0.5125904  0.37950644],[0.84143287 0.15856713],"[3.3828946e-06 1.7991631e-05 7.3912094e-04 8.5241897e-03 6.7893095e-02
 4.8451534e-01 3.9537233e-01 4.1571897e-02 1.3626016e-03]",0,White,40-59
/scratch/project_462000771/mengting/projects/bias/sana/prompt2/selected_faces/detected_disgusted/disgusted_person_0240_face0.png,White,White,Male,40-49,"[9.9984503e-01 2.3212438e-07 7.5988792e-05 7.7491713e-06 1.2329341e-05
 1.2980057e-05 4.5778103e-05]",[9.9989885e-01 1.2947831e-06 6.5319684e-05 3.4571003e-05],[0.98857296 0.01142704],"[5.8170883e-07 9.0363974e-06 1.0919473e-03 7.4617736e-02 3.6864626e-01
 5.1151925e-01 4.3674242e-02 4.2024354e-04 2.0725936e-05]",0,White,40-59
/scratch/project_462000771/mengting/projects/bias/sana/prompt2/selected_faces/detected_disgusted/disgusted_person_0241_face0.png,White,White,Male,30-39,"[9.9943388e-01 1.6176364e-06 1.9949814e-04 6.0309840e-06 1.9203620e-05
 1.9391347e-05 3.2045649e-04]",[9.9473542e-01 2.3633916e-05 4.1470462e-03 1.0938805e-03],[0.99731565 0.00268436],"[2.5225589e-07 2.1543814e-05 4.6149222e-03 2.3167166e-01 4.3249354e-01
 3.1236187e-01 1.8614264e-02 2.1166306e-04 1.0299601e-05]",0,White,20-39
/scratch/project_462000771/mengting/projects/bias/sana/prompt2/selected_faces/detected_disgusted/disgusted_person_0242_face0.png,White,White,Female,30-39,"[9.88087535e-01 1.10216915e-05 5.41637838e-03 2.06393990e-04
 1.65600213e-04 2.14564585e-04 5.89848775e-03]",[0.8119757  0.00196718 0.15786241 0.0281946 ],[0.00704634 0.99295366],"[9.24588846e-07 2.28093886e-05 1.24403008e-03 1.08042985e-01
 4.82899129e-01 3.71195644e-01 3.58528793e-02 7.13814108e-04
 2.77728977e-05]",1,White,20-39
/scratch/project_462000771/mengting/projects/bias/sana/prompt2/selected_faces/detected_disgusted/disgusted_person_0243_face0.png,White,White,Male,30-39,"[9.9795902e-01 2.8217635e-05 1.5348919e-03 1.7455241e-05 1.3488511e-04
 1.3026393e-04 1.9517691e-04]",[9.9692363e-01 4.9112514e-05 2.5568733e-03 4.7030710e-04],[9.999382e-01 6.182427e-05],"[2.3455904e-07 8.6777172e-06 2.1921240e-03 1.9200698e-01 4.2197058e-01
 3.4229323e-01 4.0204976e-02 1.2660333e-03 5.7223740e-05]",0,White,20-39
/scratch/project_462000771/mengting/projects/bias/sana/prompt2/selected_faces/detected_disgusted/disgusted_person_0244_face0.png,White,White,Male,50-59,"[8.2661134e-01 3.5665350e-04 3.4190129e-02 1.5531122e-03 3.4185185e-03
 5.6254263e-03 1.2824485e-01]",[9.9757034e-01 8.3761952e-05 1.5893477e-03 7.5666618e-04],[0.9773077  0.02269234],"[5.5830184e-05 1.2640879e-04 6.2037085e-04 3.5313715e-03 1.7496321e-02
 1.1936550e-01 5.2212107e-01 2.5350460e-01 8.3178446e-02]",0,White,40-59
/scratch/project_462000771/mengting/projects/bias/sana/prompt2/selected_faces/detected_disgusted/disgusted_person_0245_face0.png,White,White,Male,40-49,"[9.9443692e-01 1.6945171e-05 3.5770419e-03 9.8236941e-04 5.2604818e-04
 1.0636838e-04 3.5421900e-04]",[9.9154633e-01 1.9075107e-04 6.8832529e-03 1.3796347e-03],[0.92314106 0.07685894],"[3.6579613e-06 2.6314905e-05 5.6632399e-04 2.9831201e-02 2.1293132e-01
 5.7156634e-01 1.8054494e-01 4.4339318e-03 9.5870637e-05]",0,White,40-59
/scratch/project_462000771/mengting/projects/bias/sana/prompt2/selected_faces/detected_disgusted/disgusted_person_0246_face0.png,White,White,Female,40-49,"[9.9234056e-01 2.7145814e-05 4.4408804e-03 5.6197925e-04 3.8672434e-04
 8.1267179e-05 2.1614230e-03]",[9.985240e-01 1.098178e-04 9.940239e-04 3.721702e-04],[0.05683857 0.9431614 ],"[9.8086684e-07 1.9445613e-05 1.6806114e-03 6.5485798e-02 3.2936674e-01
 4.8396879e-01 1.1487393e-01 4.4351867e-03 1.6846134e-04]",0,White,40-59
/scratch/project_462000771/mengting/projects/bias/sana/prompt2/selected_faces/detected_disgusted/disgusted_person_0247_face0.png,White,White,Female,30-39,"[9.8668385e-01 8.3034574e-06 7.3062168e-03 4.1029000e-04 5.0866883e-04
 1.1188577e-04 4.9707261e-03]",[9.9201322e-01 2.7186072e-06 7.8227939e-03 1.6123461e-04],[0.12977076 0.87022924],"[8.8762563e-06 4.8430281e-04 1.5097350e-02 2.3033589e-01 5.9667969e-01
 1.5217648e-01 5.1482008e-03 6.7388944e-05 1.8453372e-06]",1,White,20-39
/scratch/project_462000771/mengting/projects/bias/sana/prompt2/selected_faces/detected_disgusted/disgusted_person_0248_face0.png,White,White,Female,30-39,"[9.3021560e-01 3.7181409e-05 4.9196474e-02 6.8231451e-04 1.6648901e-03
 6.1736247e-03 1.2030001e-02]",[9.6859843e-01 7.1162751e-05 6.0149538e-03 2.5315547e-02],[0.31636348 0.6836365 ],"[2.0336985e-05 1.0587305e-03 6.9300786e-02 3.7372652e-01 4.6840170e-01
 8.4271826e-02 3.1548981e-03 6.2246574e-05 3.0213791e-06]",0,White,20-39
/scratch/project_462000771/mengting/projects/bias/sana/prompt2/selected_faces/detected_disgusted/disgusted_person_0249_face0.png,White,White,Female,20-29,"[9.8770601e-01 8.5293195e-06 8.4903995e-03 2.3567687e-04 3.8668228e-04
 1.4792953e-03 1.6932772e-03]",[9.9683273e-01 4.2337715e-06 2.5442326e-03 6.1883021e-04],[0.00351416 0.9964858 ],"[8.7912120e-08 1.7294100e-04 6.4587325e-02 6.8357474e-01 2.4181862e-01
 9.7625172e-03 8.3054096e-05 6.6054866e-07 1.6714631e-08]",1,White,20-39
/scratch/project_462000771/mengting/projects/bias/sana/prompt2/selected_faces/detected_disgusted/disgusted_person_0250_face0.png,White,White,Female,40-49,"[9.92972016e-01 1.25836295e-05 2.90415972e-03 1.72766112e-03
 8.59099382e-04 1.30958098e-04 1.39342819e-03]",[0.7977324  0.0019423  0.19834892 0.00197633],[0.03231118 0.9676888 ],"[6.4974811e-06 9.0722744e-05 4.0076491e-03 1.2083048e-01 3.0561957e-01
 4.5524538e-01 1.0921386e-01 4.7255228e-03 2.6032893e-04]",0,White,40-59
/scratch/project_462000771/mengting/projects/bias/sana/prompt2/selected_faces/detected_disgusted/disgusted_person_0251_face0.png,White,White,Female,40-49,"[9.6481127e-01 1.2728031e-04 8.5525252e-03 1.0846461e-03 9.7044074e-04
 2.1029776e-04 2.4243601e-02]",[9.8909301e-01 8.9249335e-04 4.8609539e-03 5.1535051e-03],[0.2581541  0.74184597],"[1.5275255e-04 1.8187062e-03 2.1573436e-02 1.3019408e-01 2.6705897e-01
 4.1779339e-01 1.4479457e-01 1.5016176e-02 1.5979002e-03]",1,White,40-59
/scratch/project_462000771/mengting/projects/bias/sana/prompt2/selected_faces/detected_disgusted/disgusted_person_0252_face0.png,White,White,Female,30-39,"[6.8709701e-01 1.1763760e-04 2.6700372e-01 2.6249432e-03 3.9664521e-03
 2.2487428e-02 1.6702849e-02]",[9.66869354e-01 1.07929496e-04 1.94774307e-02 1.35452822e-02],[0.4782907 0.5217093],"[1.1899785e-07 7.9904185e-06 4.4235191e-03 2.3995985e-01 6.2483352e-01
 1.2903836e-01 1.7187604e-03 1.7399450e-05 3.9457160e-07]",1,White,20-39
/scratch/project_462000771/mengting/projects/bias/sana/prompt2/selected_faces/detected_disgusted/disgusted_person_0253_face0.png,White,White,Female,30-39,"[0.86962056 0.00136267 0.10688733 0.00221921 0.0035407  0.00556919
 0.01080031]",[0.95329475 0.02586455 0.01925407 0.00158661],[0.02035419 0.97964585],"[3.3595052e-06 2.9420984e-04 1.5939552e-02 2.7638865e-01 5.6983835e-01
 1.3139668e-01 6.0443133e-03 9.0882299e-05 4.0794139e-06]",0,White,20-39
/scratch/project_462000771/mengting/projects/bias/sana/prompt2/selected_faces/detected_disgusted/disgusted_person_0254_face0.png,White,White,Female,40-49,"[9.6019363e-01 1.9990683e-04 1.9101055e-02 3.0125899e-03 6.4477506e-03
 1.8474635e-03 9.1974325e-03]",[7.3884505e-01 2.1299678e-04 2.5800931e-01 2.9326228e-03],[0.01123567 0.98876435],"[4.1998414e-06 3.0013571e-05 4.8857881e-04 1.0384637e-02 1.0020430e-01
 4.7763726e-01 3.7213144e-01 3.6432743e-02 2.6868051e-03]",0,White,40-59
/scratch/project_462000771/mengting/projects/bias/sana/prompt2/selected_faces/detected_disgusted/disgusted_person_0255_face0.png,White,White,Male,40-49,"[8.3780444e-01 4.2020998e-04 8.9647464e-02 2.1864329e-03 2.3310671e-03
 1.0725382e-02 5.6885008e-02]",[9.8173618e-01 6.4600208e-05 5.5043953e-03 1.2694797e-02],[0.6563683  0.34363165],"[6.0059742e-06 4.7245630e-05 2.5900342e-03 1.1741281e-01 4.0135112e-01
 4.0720987e-01 6.7684904e-02 3.5211756e-03 1.7680915e-04]",0,White,40-59
/scratch/project_462000771/mengting/projects/bias/sana/prompt2/selected_faces/detected_disgusted/disgusted_person_0256_face0.png,White,White,Male,40-49,"[9.8709959e-01 7.9900101e-06 3.1271405e-03 2.2300823e-04 4.1552036e-04
 3.8433852e-04 8.7424815e-03]",[9.9718833e-01 8.9729328e-05 1.6399593e-03 1.0819853e-03],[0.9913613  0.00863866],"[2.4652369e-05 7.4992342e-05 1.0482069e-03 8.2709370e-03 7.0539981e-02
 5.2513564e-01 3.7717131e-01 1.7162655e-02 5.7157909e-04]",0,White,40-59
/scratch/project_462000771/mengting/projects/bias/sana/prompt2/selected_faces/detected_disgusted/disgusted_person_0257_face0.png,White,Asian,Male,40-49,"[6.2045813e-01 8.3548232e-04 1.6752912e-02 7.5819686e-02 2.8370401e-01
 1.8913426e-03 5.3840468e-04]",[3.6439514e-01 8.2786726e-05 6.3492179e-01 6.0030242e-04],[0.7859243  0.21407571],"[4.4268334e-05 3.0826232e-03 3.2616347e-02 1.7542133e-01 2.7265316e-01
 3.4016451e-01 1.4131889e-01 2.6826670e-02 7.8721838e-03]",0,White,40-59
/scratch/project_462000771/mengting/projects/bias/sana/prompt2/selected_faces/detected_disgusted/disgusted_person_0258_face0.png,White,White,Male,40-49,"[9.9877977e-01 1.8960321e-06 1.0194681e-04 7.9587198e-06 2.4386063e-05
 4.5931462e-05 1.0381008e-03]",[9.9884516e-01 1.7209946e-05 1.9355044e-04 9.4410148e-04],[9.9987078e-01 1.2922985e-04],"[1.1698968e-06 1.1374633e-05 1.1817100e-03 4.8367117e-02 1.4910710e-01
 5.8663547e-01 2.0357531e-01 1.0654760e-02 4.6593833e-04]",0,White,40-59
/scratch/project_462000771/mengting/projects/bias/sana/prompt2/selected_faces/detected_disgusted/disgusted_person_0259_face0.png,White,White,Male,40-49,"[9.5244771e-01 1.0649053e-04 3.0647350e-02 1.6318486e-04 1.4167720e-03
 1.0620165e-02 4.5982744e-03]",[9.8846161e-01 5.5934419e-05 3.7090494e-03 7.7734133e-03],[9.9997324e-01 2.6721482e-05],"[2.4259702e-05 3.7789941e-04 6.2349774e-03 2.4058331e-02 1.1547765e-01
 4.5196006e-01 3.7687942e-01 2.4072068e-02 9.1522647e-04]",0,White,40-59
/scratch/project_462000771/mengting/projects/bias/sana/prompt2/selected_faces/detected_disgusted/disgusted_person_0260_face0.png,White,White,Male,30-39,"[9.3657577e-01 1.4116323e-04 2.4265861e-02 1.4367166e-02 2.0272255e-02
 1.8919555e-03 2.4859270e-03]",[9.4287086e-01 6.3352176e-04 5.1204037e-02 5.2916072e-03],[0.99550366 0.00449629],"[4.3895151e-04 2.2003608e-02 7.9204425e-02 2.9358086e-01 3.7764391e-01
 1.9449179e-01 3.0510450e-02 2.0266005e-03 9.9425146e-05]",0,White,20-39
/scratch/project_462000771/mengting/projects/bias/sana/prompt2/selected_faces/detected_disgusted/disgusted_person_0261_face0.png,White,White,Male,30-39,"[9.7269434e-01 8.8932065e-05 2.0645376e-02 9.8080165e-04 2.0865102e-03
 2.8465188e-04 3.2194192e-03]",[9.5892322e-01 7.6181779e-05 3.7228897e-02 3.7716657e-03],[0.99338293 0.00661707],"[2.92663998e-07 1.14968880e-05 3.47693334e-03 2.14110091e-01
 4.95914251e-01 2.65583217e-01 2.03230362e-02 5.67352166e-04
 1.32571895e-05]",0,White,20-39
/scratch/project_462000771/mengting/projects/bias/sana/prompt2/selected_faces/detected_disgusted/disgusted_person_0262_face0.png,White,White,Female,40-49,"[9.8672837e-01 1.2652930e-04 8.4913690e-03 1.4668582e-04 2.0554566e-04
 1.2568642e-04 4.1758129e-03]",[0.95474464 0.01525893 0.02141999 0.00857644],[0.01677173 0.9832283 ],"[2.7744595e-06 1.7072944e-05 3.1285672e-04 1.7657166e-02 1.9171453e-01
 6.0988545e-01 1.7496149e-01 5.3196047e-03 1.2905512e-04]",0,White,40-59
/scratch/project_462000771/mengting/projects/bias/sana/prompt2/selected_faces/detected_disgusted/disgusted_person_0263_face0.png,White,White,Female,20-29,"[9.8959506e-01 8.0237340e-05 3.0493781e-03 5.4679522e-03 7.9455506e-04
 3.8039492e-05 9.7473426e-04]",[9.7765344e-01 2.8234512e-05 2.2304544e-02 1.3821963e-05],[0.0040927 0.9959073],"[2.8570512e-06 4.0427074e-04 2.2047749e-02 4.9061602e-01 4.2117357e-01
 6.3839704e-02 1.8726359e-03 4.0893025e-05 2.3233843e-06]",0,White,20-39
/scratch/project_462000771/mengting/projects/bias/sana/prompt2/selected_faces/detected_disgusted/disgusted_person_0264_face0.png,White,White,Female,30-39,"[8.8772011e-01 4.6791201e-06 1.6464423e-02 5.7588314e-04 5.0858443e-04
 6.4525462e-04 9.4081044e-02]",[9.8735350e-01 5.3297277e-05 7.6618926e-03 4.9312329e-03],[0.13973354 0.86026645],"[7.3135547e-05 2.9405867e-04 5.6103417e-03 1.7799035e-01 3.9566594e-01
 3.6822179e-01 4.9349882e-02 2.5084368e-03 2.8611821e-04]",1,White,20-39
/scratch/project_462000771/mengting/projects/bias/sana/prompt2/selected_faces/detected_disgusted/disgusted_person_0265_face0.png,White,White,Male,20-29,"[9.7187841e-01 1.4847001e-05 1.2601763e-02 1.4425758e-03 2.3825392e-03
 1.9562806e-03 9.7236373e-03]",[0.8891504  0.00184671 0.08461509 0.02438787],[0.99782395 0.00217609],"[1.0580390e-05 8.6882553e-04 9.0254314e-02 5.8879572e-01 2.3491950e-01
 7.7154838e-02 7.4431393e-03 5.1791628e-04 3.5082478e-05]",0,White,20-39
/scratch/project_462000771/mengting/projects/bias/sana/prompt2/selected_faces/detected_disgusted/disgusted_person_0266_face0.png,White,White,Male,40-49,"[9.98539090e-01 7.28342116e-08 6.71344867e-04 1.07048356e-04
 6.99927477e-05 3.78529294e-05 5.74582664e-04]",[9.9599808e-01 1.2357488e-05 2.1328996e-03 1.8567024e-03],[0.85850984 0.14149019],"[4.2426677e-06 7.3400370e-05 3.4209925e-03 9.8129295e-02 3.6745700e-01
 4.8980987e-01 4.0545106e-02 5.4444268e-04 1.5722331e-05]",0,White,40-59
/scratch/project_462000771/mengting/projects/bias/sana/prompt2/selected_faces/detected_disgusted/disgusted_person_0267_face0.png,White,Indian,Male,50-59,"[9.0368706e-01 7.4539281e-04 6.8084978e-02 1.4631428e-03 5.1599541e-03
 1.4463357e-02 6.3961553e-03]",[0.08256708 0.08409166 0.14526923 0.68807197],[0.99461204 0.0053879 ],"[1.9920881e-05 1.5251774e-04 2.5497931e-03 6.9272844e-03 4.8979718e-02
 3.1757626e-01 5.7881963e-01 4.3783575e-02 1.1912994e-03]",0,White,40-59
/scratch/project_462000771/mengting/projects/bias/sana/prompt2/selected_faces/detected_disgusted/disgusted_person_0268_face0.png,White,White,Female,30-39,"[5.4593307e-01 2.7374408e-04 3.1865507e-02 4.5963313e-04 6.9256016e-04
 5.0710060e-02 3.7006542e-01]",[9.5647919e-01 2.4747974e-04 2.1849498e-02 2.1423839e-02],[0.27124697 0.72875303],"[1.8740432e-06 6.0505383e-05 7.3547307e-03 3.0547372e-01 5.2914023e-01
 1.5013130e-01 7.3876926e-03 3.9137833e-04 5.8651825e-05]",1,White,20-39
/scratch/project_462000771/mengting/projects/bias/sana/prompt2/selected_faces/detected_disgusted/disgusted_person_0269_face0.png,White,White,Male,40-49,"[9.9135959e-01 2.0434987e-05 6.2225549e-03 9.3830604e-05 1.4837920e-04
 2.0441921e-04 1.9508143e-03]",[9.9274629e-01 1.9294839e-05 6.4878259e-03 7.4655825e-04],[0.6426852  0.35731483],"[9.3753461e-06 5.5141107e-05 9.1584830e-04 1.8085673e-02 1.6051826e-01
 6.0964340e-01 2.0393986e-01 6.6253156e-03 2.0713215e-04]",1,White,40-59
/scratch/project_462000771/mengting/projects/bias/sana/prompt2/selected_faces/detected_disgusted/disgusted_person_0270_face0.png,White,White,Male,20-29,"[9.1931367e-01 7.8438250e-05 1.5432577e-02 2.9366588e-02 3.3564895e-02
 1.2194661e-03 1.0242068e-03]",[9.1805017e-01 3.1855868e-04 7.6613285e-02 5.0179688e-03],[0.79681474 0.20318525],"[9.2940129e-05 7.0364275e-03 7.0565492e-02 3.8129887e-01 3.3587813e-01
 1.6991927e-01 3.3136249e-02 1.9600580e-03 1.1252934e-04]",0,White,20-39
/scratch/project_462000771/mengting/projects/bias/sana/prompt2/selected_faces/detected_disgusted/disgusted_person_0271_face0.png,White,White,Female,30-39,"[7.1704406e-01 4.9279456e-04 1.0290884e-01 6.0257162e-03 5.7974146e-03
 3.7619147e-02 1.3011205e-01]",[0.86826575 0.00136489 0.06038886 0.06998059],[0.00312915 0.9968709 ],"[4.5910069e-06 9.2729977e-05 3.0650639e-03 1.4404505e-01 3.9579114e-01
 3.9491901e-01 5.8335267e-02 3.5147667e-03 2.3234650e-04]",0,White,20-39
/scratch/project_462000771/mengting/projects/bias/sana/prompt2/selected_faces/detected_disgusted/disgusted_person_0272_face0.png,White,White,Female,30-39,"[8.7564039e-01 2.8371601e-04 2.7489675e-02 9.1591181e-04 1.3630923e-03
 1.8255033e-03 9.2481673e-02]",[0.82767034 0.04547781 0.02477315 0.10207872],[0.09143689 0.9085631 ],"[2.0931031e-06 3.7095338e-05 4.4362587e-03 2.0412661e-01 4.5282796e-01
 2.8374290e-01 4.9057677e-02 5.3467057e-03 4.2260665e-04]",0,White,20-39
/scratch/project_462000771/mengting/projects/bias/sana/prompt2/selected_faces/detected_disgusted/disgusted_person_0273_face0.png,White,White,Male,40-49,"[9.5308846e-01 6.7561254e-04 3.3067100e-02 3.0061412e-03 4.8636175e-03
 1.7975805e-03 3.5014630e-03]",[0.9737936  0.00782809 0.00200861 0.01636962],[0.9870328  0.01296722],"[3.1598611e-06 3.9961877e-05 2.0939393e-03 4.8780307e-02 1.8160602e-01
 4.6920106e-01 2.7524564e-01 2.1661397e-02 1.3685761e-03]",0,White,40-59
/scratch/project_462000771/mengting/projects/bias/sana/prompt2/selected_faces/detected_disgusted/disgusted_person_0274_face0.png,White,White,Female,30-39,"[9.9278641e-01 3.1795102e-05 1.8068303e-03 1.4743042e-03 1.2392497e-03
 1.8914106e-03 7.7008334e-04]",[9.9665523e-01 4.1564082e-05 1.3678161e-03 1.9354447e-03],[0.00564658 0.9943534 ],"[5.6272938e-06 7.4364600e-04 2.0981751e-02 4.2765376e-01 4.5975369e-01
 8.4448680e-02 6.1487094e-03 2.4569940e-04 1.8357610e-05]",0,White,20-39
/scratch/project_462000771/mengting/projects/bias/sana/prompt2/selected_faces/detected_disgusted/disgusted_person_0275_face0.png,White,White,Male,40-49,"[9.9941456e-01 2.0435298e-06 3.1196311e-04 2.5430869e-05 3.5429053e-05
 1.7702865e-05 1.9291184e-04]",[9.9536484e-01 4.3285130e-05 4.5605022e-03 3.1341675e-05],[0.7978569  0.20214306],"[2.9410361e-05 3.7299003e-04 8.0346093e-03 9.7813241e-02 3.6820662e-01
 4.4634002e-01 7.7528976e-02 1.5751455e-03 9.8944329e-05]",0,White,40-59
/scratch/project_462000771/mengting/projects/bias/sana/prompt2/selected_faces/detected_disgusted/disgusted_person_0276_face0.png,White,White,Male,40-49,"[9.9912149e-01 7.3437313e-06 8.9750734e-05 1.9105341e-06 5.3748763e-06
 6.9673056e-06 7.6714199e-04]",[9.9812657e-01 2.8684048e-04 5.9213041e-04 9.9444552e-04],[9.9997765e-01 2.2303067e-05],"[1.0440624e-06 4.8799325e-06 3.7625089e-04 4.2767115e-02 1.8504724e-01
 4.8232716e-01 2.6174894e-01 2.5887864e-02 1.8395064e-03]",0,White,40-59
/scratch/project_462000771/mengting/projects/bias/sana/prompt2/selected_faces/detected_disgusted/disgusted_person_0277_face0.png,White,White,Female,20-29,"[9.94002998e-01 2.20254734e-07 6.99093740e-04 3.97648437e-05
 1.17440075e-04 6.72542083e-05 5.07318880e-03]",[9.875255e-01 1.946553e-05 1.133936e-02 1.115637e-03],[0.06085204 0.939148  ],"[8.8024422e-08 1.1639295e-05 1.0038321e-02 6.2942618e-01 3.3589604e-01
 2.4495244e-02 1.3113020e-04 1.2082193e-06 7.0431028e-08]",0,White,20-39
/scratch/project_462000771/mengting/projects/bias/sana/prompt2/selected_faces/detected_disgusted/disgusted_person_0278_face0.png,White,White,Male,40-49,"[9.3322754e-01 4.4181195e-04 1.2052661e-02 8.5769445e-03 2.6311109e-02
 9.9563701e-03 9.4335582e-03]",[7.8466362e-01 5.5027026e-04 2.1325676e-01 1.5293489e-03],[0.9322168  0.06778316],"[2.7335052e-05 6.6063798e-04 1.5725160e-02 1.3038607e-01 2.4680802e-01
 3.6999005e-01 2.0528679e-01 2.9219232e-02 1.8966969e-03]",0,White,40-59
/scratch/project_462000771/mengting/projects/bias/sana/prompt2/selected_faces/detected_disgusted/disgusted_person_0279_face0.png,White,White,Male,30-39,"[9.9449760e-01 4.0540795e-06 1.4556769e-03 7.4220460e-04 1.1207651e-03
 6.9758086e-04 1.4820918e-03]",[9.9865586e-01 6.4803426e-06 5.8149151e-04 7.5616728e-04],[0.7781307  0.22186925],"[3.5274897e-07 1.2933549e-05 4.3714046e-03 2.8051665e-01 4.4268680e-01
 2.5512040e-01 1.6514784e-02 7.1311393e-04 6.3547523e-05]",0,White,20-39
/scratch/project_462000771/mengting/projects/bias/sana/prompt2/selected_faces/detected_disgusted/disgusted_person_0280_face0.png,White,White,Male,50-59,"[8.0298817e-01 1.2893790e-04 1.3279038e-02 4.5253620e-03 4.2635440e-03
 3.9780154e-03 1.7083690e-01]",[9.7782445e-01 3.0787895e-05 2.1359375e-02 7.8532356e-04],[0.97078097 0.02921904],"[1.7401924e-04 1.2090401e-03 2.1178076e-02 7.3207691e-02 1.0224113e-01
 1.9060525e-01 3.8806379e-01 1.9311573e-01 3.0205278e-02]",0,White,40-59
/scratch/project_462000771/mengting/projects/bias/sana/prompt2/selected_faces/detected_disgusted/disgusted_person_0281_face0.png,White,White,Male,30-39,"[9.6958053e-01 8.3895357e-05 1.8183997e-02 7.6291137e-05 1.2226628e-04
 5.8424810e-04 1.1368972e-02]",[9.9863166e-01 6.4804073e-05 3.8609732e-04 9.1739470e-04],[0.8130279  0.18697207],"[2.1603175e-05 4.2008888e-04 8.9808749e-03 1.7933924e-01 4.0007785e-01
 3.4368253e-01 6.5188177e-02 2.1931627e-03 9.6513802e-05]",0,White,20-39
/scratch/project_462000771/mengting/projects/bias/sana/prompt2/selected_faces/detected_disgusted/disgusted_person_0282_face0.png,White,White,Male,30-39,"[9.9418676e-01 2.4335040e-04 1.9879562e-03 5.4507749e-04 9.4215700e-04
 3.7162559e-04 1.7229883e-03]",[6.6555917e-01 4.7303949e-04 3.3221260e-01 1.7551963e-03],[0.9503239  0.04967608],"[1.2275932e-05 2.5001619e-04 4.5616017e-03 1.7576793e-01 3.9414805e-01
 3.4644476e-01 7.6237775e-02 2.4540862e-03 1.2344394e-04]",0,White,20-39
/scratch/project_462000771/mengting/projects/bias/sana/prompt2/selected_faces/detected_disgusted/disgusted_person_0283_face0.png,White,White,Male,40-49,"[0.5179902  0.00071039 0.2843818  0.05726656 0.10619304 0.02129551
 0.01216247]",[0.5891496  0.0007436  0.40166667 0.0084402 ],[0.6369431  0.36305693],"[1.3473407e-04 4.9475292e-03 3.7734464e-02 6.1720949e-02 2.5677258e-01
 4.5417726e-01 1.7559035e-01 8.6942110e-03 2.2796963e-04]",1,White,40-59
/scratch/project_462000771/mengting/projects/bias/sana/prompt2/selected_faces/detected_disgusted/disgusted_person_0284_face0.png,White,White,Female,40-49,"[9.17738497e-01 1.45092863e-03 1.08359475e-02 5.98344347e-03
 3.29874153e-03 8.60044209e-04 5.98324202e-02]",[9.7053212e-01 6.7841850e-04 2.8480191e-02 3.0927226e-04],[0.00992518 0.9900748 ],"[7.8525081e-06 9.0427820e-05 1.7514987e-03 4.4409398e-02 1.3869704e-01
 4.4540033e-01 2.9949781e-01 6.1362222e-02 8.7834243e-03]",0,White,40-59
/scratch/project_462000771/mengting/projects/bias/sana/prompt2/selected_faces/detected_disgusted/disgusted_person_0285_face0.png,White,White,Male,30-39,"[9.9885410e-01 4.0553050e-06 3.5014329e-04 1.0601641e-05 5.0145558e-05
 3.8700586e-05 6.9226231e-04]",[9.9783134e-01 3.2917374e-05 6.0691562e-04 1.5289141e-03],[0.9986211  0.00137889],"[6.6542447e-07 4.2524283e-05 5.7651508e-03 2.4599622e-01 4.5132306e-01
 2.7184463e-01 2.4453018e-02 5.3643738e-04 3.8283444e-05]",0,White,20-39
/scratch/project_462000771/mengting/projects/bias/sana/prompt2/selected_faces/detected_disgusted/disgusted_person_0286_face0.png,White,White,Male,30-39,"[9.9767262e-01 5.8016954e-06 1.2381902e-03 1.3971451e-04 2.6313731e-04
 9.8120814e-05 5.8247155e-04]",[9.9886060e-01 1.1323613e-05 2.4044947e-04 8.8763441e-04],[0.9931755  0.00682447],"[6.2605632e-06 5.6410802e-04 2.9007453e-02 3.2859468e-01 3.4900084e-01
 2.5229785e-01 3.9316360e-02 1.1433727e-03 6.9141213e-05]",0,White,20-39
/scratch/project_462000771/mengting/projects/bias/sana/prompt2/selected_faces/detected_disgusted/disgusted_person_0287_face0.png,White,White,Male,40-49,"[9.87858117e-01 4.02672158e-05 2.79681711e-03 8.50820448e-04
 6.57127122e-04 1.11822825e-04 7.68495584e-03]",[9.9960512e-01 1.0679231e-06 3.7377671e-04 2.0051055e-05],[0.9842143  0.01578572],"[4.9007078e-05 2.1756033e-04 2.7634171e-03 4.5483984e-02 1.4739694e-01
 4.3608162e-01 3.3557725e-01 3.0371279e-02 2.0590194e-03]",0,White,40-59
/scratch/project_462000771/mengting/projects/bias/sana/prompt2/selected_faces/detected_disgusted/disgusted_person_0288_face0.png,White,White,Female,20-29,"[9.7103900e-01 1.1824972e-04 1.9054491e-02 2.7416220e-03 2.7870107e-03
 6.9539645e-04 3.5642162e-03]",[9.9024093e-01 2.3321381e-04 7.4889846e-03 2.0369100e-03],[0.39031672 0.60968333],"[1.0774826e-06 4.0783262e-04 6.5656357e-02 7.2670001e-01 1.9381854e-01
 1.3170029e-02 2.4080956e-04 5.0322305e-06 3.4759128e-07]",1,White,20-39
/scratch/project_462000771/mengting/projects/bias/sana/prompt2/selected_faces/detected_disgusted/disgusted_person_0289_face0.png,White,White,Female,30-39,"[9.9061888e-01 5.1545767e-06 5.3579640e-03 1.4683655e-03 5.4241577e-04
 9.2315866e-05 1.9148756e-03]",[9.9985570e-01 1.0683042e-06 1.0352741e-04 3.9773666e-05],[0.01490565 0.9850943 ],"[7.7627310e-06 9.0615969e-05 1.9380635e-03 1.5183665e-01 4.5824277e-01
 3.4363100e-01 4.2993080e-02 1.2176670e-03 4.2312273e-05]",0,White,20-39
/scratch/project_462000771/mengting/projects/bias/sana/prompt2/selected_faces/detected_disgusted/disgusted_person_0290_face0.png,White,White,Female,40-49,"[9.2436486e-01 1.9332687e-05 3.1016732e-02 1.9494843e-03 1.4801314e-03
 4.6645993e-04 4.0702932e-02]",[9.9064153e-01 3.4837591e-05 8.7494887e-03 5.7413231e-04],[0.04733539 0.9526646 ],"[6.9246471e-07 9.2392129e-06 1.4918678e-03 6.8923794e-02 4.0684453e-01
 4.8891023e-01 3.3011764e-02 7.8952668e-04 1.8240778e-05]",0,White,40-59
/scratch/project_462000771/mengting/projects/bias/sana/prompt2/selected_faces/detected_disgusted/disgusted_person_0291_face0.png,White,White,Male,40-49,"[9.7584665e-01 5.9407123e-04 1.4724894e-02 7.5603471e-05 6.5125740e-04
 4.7188411e-03 3.3886880e-03]",[9.9528438e-01 2.5444635e-04 9.9890493e-04 3.4622564e-03],[9.9983096e-01 1.6904229e-04],"[1.5230502e-06 3.0358056e-05 3.2389455e-03 8.7175451e-02 2.2401564e-01
 4.9002221e-01 1.7743871e-01 1.6975362e-02 1.1018293e-03]",0,White,40-59
/scratch/project_462000771/mengting/projects/bias/sana/prompt2/selected_faces/detected_disgusted/disgusted_person_0292_face0.png,White,White,Male,40-49,"[9.9774915e-01 1.9975323e-06 3.4325969e-04 4.2161980e-04 4.0193836e-04
 1.1415536e-04 9.6777594e-04]",[9.9914122e-01 1.9466122e-06 7.9458969e-04 6.2238723e-05],[9.9982905e-01 1.7091678e-04],"[9.1741995e-06 3.5483346e-05 8.7277032e-04 5.4329596e-02 1.9381477e-01
 4.4240808e-01 2.8125343e-01 2.5929812e-02 1.3468703e-03]",0,White,40-59
/scratch/project_462000771/mengting/projects/bias/sana/prompt2/selected_faces/detected_disgusted/disgusted_person_0293_face0.png,White,White,Female,40-49,"[7.2531849e-01 4.6969936e-04 1.4465654e-01 3.6209330e-02 6.1846554e-02
 3.8655703e-03 2.7633803e-02]",[0.88729936 0.00129914 0.04571142 0.06569017],[7.4099354e-04 9.9925900e-01],"[2.5707184e-05 4.5009988e-04 3.7863455e-03 4.5179885e-02 1.9812924e-01
 4.6767071e-01 2.2600307e-01 5.1677443e-02 7.0775137e-03]",0,White,40-59
/scratch/project_462000771/mengting/projects/bias/sana/prompt2/selected_faces/detected_disgusted/disgusted_person_0294_face0.png,White,White,Male,30-39,"[8.6393851e-01 1.4090932e-04 1.2071892e-01 9.1785652e-04 1.3350088e-03
 7.1030529e-03 5.8457199e-03]",[9.9542367e-01 5.9142394e-06 3.0133934e-03 1.5569435e-03],[0.97634494 0.02365507],"[9.9261422e-05 5.9130224e-03 4.6048187e-02 1.8203364e-01 4.0278435e-01
 3.2278755e-01 3.9655231e-02 6.6242187e-04 1.6286378e-05]",0,White,20-39
/scratch/project_462000771/mengting/projects/bias/sana/prompt2/selected_faces/detected_disgusted/disgusted_person_0295_face0.png,White,White,Male,40-49,"[9.9915445e-01 5.7336564e-07 5.0197815e-04 4.9590482e-05 8.0077276e-05
 3.0482686e-05 1.8296161e-04]",[9.99280334e-01 4.99690441e-06 6.01199863e-04 1.13438946e-04],[0.77686393 0.22313614],"[2.9941682e-06 4.1869884e-05 2.7314171e-03 4.5445673e-02 1.4118482e-01
 5.5391264e-01 2.3476808e-01 2.0711200e-02 1.2013646e-03]",0,White,40-59
/scratch/project_462000771/mengting/projects/bias/sana/prompt2/selected_faces/detected_disgusted/disgusted_person_0296_face0.png,White,White,Female,40-49,"[9.9669427e-01 7.3097349e-06 1.7200834e-03 5.1548413e-04 3.2759988e-04
 3.9862251e-05 6.9545995e-04]",[9.9913734e-01 4.1340827e-06 6.9994724e-04 1.5862907e-04],[0.03380166 0.9661984 ],"[1.01396699e-06 1.75523983e-05 1.20646833e-03 1.14973694e-01
 3.66381675e-01 4.17723149e-01 9.26982611e-02 6.31227344e-03
 6.85920240e-04]",0,White,40-59
/scratch/project_462000771/mengting/projects/bias/sana/prompt2/selected_faces/detected_disgusted/disgusted_person_0297_face0.png,White,White,Male,40-49,"[9.9577117e-01 3.7553684e-05 1.2746457e-03 3.4127275e-05 2.2997650e-04
 3.2506065e-04 2.3273167e-03]",[9.9895597e-01 7.4427021e-06 6.8360410e-04 3.5296343e-04],[0.99748516 0.00251482],"[1.2805196e-05 9.6247255e-05 2.2673744e-03 2.5882646e-02 1.6421726e-01
 5.8194059e-01 2.1952064e-01 5.7377359e-03 3.2462037e-04]",0,White,40-59
/scratch/project_462000771/mengting/projects/bias/sana/prompt2/selected_faces/detected_disgusted/disgusted_person_0298_face0.png,White,White,Male,40-49,"[9.9776328e-01 1.2286355e-05 7.8923273e-04 1.3719843e-04 1.4957762e-04
 8.5350759e-05 1.0630453e-03]",[9.9281168e-01 5.6594866e-04 3.8185162e-03 2.8039175e-03],[0.98270774 0.01729224],"[4.7825624e-06 5.7376797e-05 2.7217716e-03 9.4589345e-02 1.8824047e-01
 4.0287399e-01 2.8353789e-01 2.6529964e-02 1.4443838e-03]",0,White,40-59
/scratch/project_462000771/mengting/projects/bias/sana/prompt2/selected_faces/detected_disgusted/disgusted_person_0299_face0.png,White,White,Male,30-39,"[9.6862078e-01 1.2768258e-04 1.9472171e-02 3.8256817e-03 6.3070189e-03
 1.0078552e-03 6.3888420e-04]",[8.6265814e-01 9.1390750e-05 1.3276835e-01 4.4821044e-03],[0.98885506 0.01114494],"[5.6738187e-05 2.6625651e-03 5.0698869e-02 1.7646870e-01 4.1654995e-01
 3.1352380e-01 3.9264508e-02 7.4680056e-04 2.7999091e-05]",1,White,20-39
/scratch/project_462000771/mengting/projects/bias/sana/prompt2/selected_faces/detected_disgusted/disgusted_person_0300_face0.png,White,White,Female,30-39,"[9.9899250e-01 1.9736060e-06 5.9265195e-04 1.2736004e-04 6.5243781e-05
 2.7395747e-05 1.9282855e-04]",[9.9983877e-01 3.6013460e-06 9.8608936e-05 5.9027752e-05],[0.01712429 0.9828757 ],"[6.2164481e-06 2.9041630e-04 1.0350546e-02 3.1340119e-01 4.4301984e-01
 2.1897362e-01 1.3766766e-02 1.8205585e-04 9.3422886e-06]",0,White,20-39
/scratch/project_462000771/mengting/projects/bias/sana/prompt2/selected_faces/detected_disgusted/disgusted_person_0301_face0.png,White,White,Male,30-39,"[9.9788535e-01 2.8219467e-05 1.4557046e-03 1.6501534e-04 1.8501542e-04
 3.8147620e-05 2.4259376e-04]",[9.9657929e-01 7.5452331e-06 3.3964582e-03 1.6698417e-05],[0.9747124  0.02528764],"[2.9832568e-06 6.4289809e-05 3.3663081e-03 1.6510810e-01 4.1267765e-01
 3.6077571e-01 5.6174073e-02 1.7530743e-03 7.7774566e-05]",0,White,20-39
/scratch/project_462000771/mengting/projects/bias/sana/prompt2/selected_faces/detected_disgusted/disgusted_person_0302_face0.png,White,White,Male,40-49,"[9.9521726e-01 2.3884993e-06 8.5941912e-04 1.2818884e-05 2.5665511e-05
 4.8860758e-05 3.8335165e-03]",[9.9940622e-01 2.3419389e-05 4.4416750e-04 1.2622640e-04],[0.54051584 0.45948416],"[1.1413870e-06 1.4400002e-05 1.0954427e-03 3.8167909e-02 2.3468478e-01
 6.2504506e-01 9.8905601e-02 1.9685223e-03 1.1715746e-04]",0,White,40-59
/scratch/project_462000771/mengting/projects/bias/sana/prompt2/selected_faces/detected_disgusted/disgusted_person_0303_face0.png,White,White,Male,40-49,"[9.9048591e-01 6.3957105e-04 5.3026150e-03 2.7683639e-04 7.1074505e-04
 3.4731632e-04 2.2370492e-03]",[9.9883592e-01 1.6667905e-04 4.5864764e-04 5.3867936e-04],[0.8372615  0.16273853],"[9.3663499e-07 2.3540953e-05 1.8612101e-03 1.1038384e-01 3.5280091e-01
 4.5576811e-01 7.7121593e-02 1.9730637e-03 6.6834189e-05]",0,White,40-59
/scratch/project_462000771/mengting/projects/bias/sana/prompt2/selected_faces/detected_disgusted/disgusted_person_0304_face0.png,White,White,Male,50-59,"[9.2395324e-01 9.0702152e-04 3.1938184e-02 1.3066340e-03 3.1558694e-03
 3.9484059e-03 3.4790594e-02]",[0.8878035  0.02295479 0.04430046 0.04494128],[9.993160e-01 6.840373e-04],"[1.1636003e-04 1.7929170e-04 5.0911686e-04 4.1749206e-04 2.3778691e-03
 4.6041522e-02 5.1302350e-01 4.0258092e-01 3.4754027e-02]",1,White,40-59
/scratch/project_462000771/mengting/projects/bias/sana/prompt2/selected_faces/detected_disgusted/disgusted_person_0305_face0.png,White,White,Male,30-39,"[9.5799011e-01 1.4898695e-04 9.3370071e-03 1.6704196e-02 1.5007754e-02
 2.1234719e-04 5.9963221e-04]",[9.6993351e-01 4.3357457e-05 2.9973725e-02 4.9336333e-05],[9.9981588e-01 1.8412284e-04],"[2.8808674e-06 3.3188939e-05 1.2465206e-03 9.1758855e-02 5.4008150e-01
 3.3327529e-01 3.2897521e-02 6.9074624e-04 1.3564124e-05]",1,White,20-39
/scratch/project_462000771/mengting/projects/bias/sana/prompt2/selected_faces/detected_disgusted/disgusted_person_0306_face0.png,White,White,Male,30-39,"[9.8034245e-01 7.8107958e-05 6.0632750e-03 5.3073172e-03 6.5185670e-03
 5.1298551e-04 1.1772078e-03]",[9.5993799e-01 3.4566183e-04 3.9285354e-02 4.3102773e-04],[0.59160644 0.40839356],"[1.1805253e-05 4.7123278e-04 1.1284253e-02 1.8451874e-01 5.3614908e-01
 2.4757975e-01 1.9480681e-02 4.7945592e-04 2.4909699e-05]",0,White,20-39
/scratch/project_462000771/mengting/projects/bias/sana/prompt2/selected_faces/detected_disgusted/disgusted_person_0307_face0.png,White,White,Female,30-39,"[8.9259827e-01 8.3897859e-05 5.2757643e-02 2.2635227e-03 3.9945119e-03
 1.8284084e-02 3.0018063e-02]",[9.5832157e-01 2.7779999e-04 2.2225134e-02 1.9175511e-02],[0.21689193 0.78310806],"[1.01744095e-04 1.11662094e-02 8.22965950e-02 2.59584546e-01
 4.89721924e-01 1.47953659e-01 8.87627061e-03 2.84697075e-04
 1.42895387e-05]",0,White,20-39
/scratch/project_462000771/mengting/projects/bias/sana/prompt2/selected_faces/detected_disgusted/disgusted_person_0308_face0.png,White,White,Male,40-49,"[9.59275186e-01 6.93249604e-05 1.31118158e-02 4.59774950e-04
 4.75409487e-03 1.03686685e-02 1.19611090e-02]",[8.5904807e-01 4.5629818e-04 3.9187293e-02 1.0130828e-01],[9.9999350e-01 6.5004074e-06],"[3.4745603e-06 1.5012136e-04 2.1574324e-02 1.2543285e-01 3.0389610e-01
 4.7999331e-01 6.6668719e-02 2.2174779e-03 6.3563224e-05]",0,White,40-59
/scratch/project_462000771/mengting/projects/bias/sana/prompt2/selected_faces/detected_disgusted/disgusted_person_0309_face0.png,White,White,Female,20-29,"[9.7457075e-01 1.9507488e-04 7.0279911e-03 7.3052379e-03 3.9779227e-03
 1.8031058e-04 6.7427405e-03]",[9.3749899e-01 4.6546280e-04 6.1613139e-02 4.2237734e-04],[0.00807608 0.9919239 ],"[1.9749134e-06 1.4415737e-04 2.2924185e-02 5.0020343e-01 4.3956754e-01
 3.6045216e-02 1.0858121e-03 2.6112524e-05 1.6047758e-06]",0,White,20-39
/scratch/project_462000771/mengting/projects/bias/sana/prompt2/selected_faces/detected_disgusted/disgusted_person_0310_face0.png,White,White,Male,40-49,"[9.8817992e-01 6.0788352e-06 1.2557287e-03 4.9321377e-05 2.0976970e-04
 1.8486597e-04 1.0114285e-02]",[9.9148768e-01 1.5778962e-05 7.8943605e-03 6.0219230e-04],[9.9997950e-01 2.0516267e-05],"[6.1204742e-06 8.3326013e-05 4.2010671e-03 5.3241592e-02 2.1448641e-01
 5.8857560e-01 1.3464046e-01 4.6541244e-03 1.1135449e-04]",0,White,40-59
/scratch/project_462000771/mengting/projects/bias/sana/prompt2/selected_faces/detected_disgusted/disgusted_person_0311_face0.png,Indian,White,Male,60-69,"[0.24555923 0.02820498 0.13636965 0.00684451 0.03816579 0.47324446
 0.0716114 ]",[0.97077394 0.00124272 0.01804865 0.00993473],[0.9407214  0.05927859],"[2.9562345e-05 5.3438907e-05 2.5067307e-04 1.1803933e-03 6.3990187e-03
 7.1135566e-02 3.6918280e-01 4.6638143e-01 8.5387118e-02]",0,Others,60+
/scratch/project_462000771/mengting/projects/bias/sana/prompt2/selected_faces/detected_disgusted/disgusted_person_0312_face0.png,White,White,Female,30-39,"[9.5515561e-01 5.3946787e-05 3.2351878e-02 2.1166147e-03 2.9819678e-03
 1.1490969e-03 6.1908867e-03]",[9.9323398e-01 2.0060941e-05 4.3256544e-03 2.4202641e-03],[0.00627736 0.9937227 ],"[3.2314227e-05 2.7879414e-03 4.8203699e-02 3.6020178e-01 5.1069218e-01
 7.6786853e-02 1.2729215e-03 2.1478616e-05 8.1589246e-07]",0,White,20-39
/scratch/project_462000771/mengting/projects/bias/sana/prompt2/selected_faces/detected_disgusted/disgusted_person_0313_face0.png,White,White,Female,20-29,"[0.8939654  0.00119417 0.07325593 0.00932372 0.01136191 0.00116239
 0.00973633]",[9.8947304e-01 6.2872808e-05 1.0170091e-02 2.9407733e-04],[0.21424666 0.7857533 ],"[2.7068338e-05 5.8588339e-03 1.6354610e-01 4.3653548e-01 3.4029794e-01
 5.0256997e-02 3.2768638e-03 1.8592479e-04 1.4752605e-05]",0,White,20-39
/scratch/project_462000771/mengting/projects/bias/sana/prompt2/selected_faces/detected_disgusted/disgusted_person_0314_face0.png,White,White,Female,40-49,"[8.3679950e-01 2.3820793e-04 6.9967173e-02 3.9277952e-03 6.2284800e-03
 3.3812793e-03 7.9457588e-02]",[9.6016437e-01 1.2887709e-04 3.5589248e-02 4.1175182e-03],[0.04775717 0.95224285],"[1.2669151e-05 9.9004952e-05 2.7138153e-03 6.8563409e-02 3.2402897e-01
 4.8947227e-01 1.0832936e-01 6.3723112e-03 4.0820558e-04]",0,White,40-59
/scratch/project_462000771/mengting/projects/bias/sana/prompt2/selected_faces/detected_disgusted/disgusted_person_0315_face0.png,White,White,Male,40-49,"[9.9824256e-01 2.6864927e-05 8.3609694e-04 8.0014455e-05 2.8074358e-04
 1.0835785e-04 4.2532032e-04]",[9.9509490e-01 1.6746186e-05 4.7227694e-03 1.6556997e-04],[0.9896781  0.01032193],"[1.2355653e-06 1.9091878e-05 1.9333028e-03 1.0390199e-01 3.2701471e-01
 4.5969433e-01 1.0345685e-01 3.6388345e-03 3.3968527e-04]",0,White,40-59
/scratch/project_462000771/mengting/projects/bias/sana/prompt2/selected_faces/detected_disgusted/disgusted_person_0316_face0.png,White,White,Male,40-49,"[9.8025441e-01 1.4038298e-04 4.5334827e-03 2.5043503e-04 8.2628720e-04
 4.7838854e-04 1.3516631e-02]",[9.9866182e-01 3.8172137e-05 9.1665477e-04 3.8335932e-04],[0.9056359  0.09436415],"[7.56042482e-06 3.58109028e-05 4.21646429e-04 6.74389070e-03
 1.02500305e-01 5.62022686e-01 3.10386837e-01 1.63628887e-02
 1.51838467e-03]",0,White,40-59
/scratch/project_462000771/mengting/projects/bias/sana/prompt2/selected_faces/detected_disgusted/disgusted_person_0317_face0.png,White,White,Female,40-49,"[9.8981225e-01 5.2993513e-05 1.5321651e-03 6.4034546e-05 9.1366426e-05
 1.2474463e-04 8.3224764e-03]",[0.8230417  0.04020942 0.02885117 0.10789774],[0.0899171  0.91008294],"[1.2629780e-05 5.9328589e-04 1.5507920e-02 2.1766838e-01 2.4874666e-01
 3.6586016e-01 1.3751023e-01 1.3025606e-02 1.0751098e-03]",0,White,40-59
/scratch/project_462000771/mengting/projects/bias/sana/prompt2/selected_faces/detected_disgusted/disgusted_person_0318_face0.png,White,White,Male,40-49,"[9.8950505e-01 4.0273881e-05 1.5188226e-03 3.2793552e-05 9.6762655e-05
 7.8057568e-04 8.0256257e-03]",[9.9773598e-01 4.8966911e-05 1.5674918e-03 6.4748497e-04],[0.99843353 0.00156648],"[1.6961214e-06 1.2525770e-05 8.7090931e-04 1.3774717e-01 3.6575249e-01
 3.9347851e-01 9.3621522e-02 7.8258635e-03 6.8929332e-04]",0,White,40-59
/scratch/project_462000771/mengting/projects/bias/sana/prompt2/selected_faces/detected_disgusted/disgusted_person_0319_face0.png,White,White,Female,30-39,"[0.7853319  0.00106442 0.08827981 0.03988316 0.06934199 0.00124469
 0.01485397]",[9.8978460e-01 2.9108950e-04 9.7032208e-03 2.2112319e-04],[0.00301925 0.9969807 ],"[4.1788471e-06 4.2500137e-04 1.7409181e-02 2.0366317e-01 5.8972150e-01
 1.7501490e-01 1.3150811e-02 5.8397691e-04 2.7294098e-05]",0,White,20-39
/scratch/project_462000771/mengting/projects/bias/sana/prompt2/selected_faces/detected_disgusted/disgusted_person_0320_face0.png,White,White,Female,40-49,"[9.4208670e-01 6.5390937e-05 2.6880851e-02 7.3581804e-03 1.1593494e-02
 1.1368331e-03 1.0878549e-02]",[9.4999790e-01 1.4530137e-04 4.9320262e-02 5.3660478e-04],[0.02073153 0.9792685 ],"[1.5094993e-04 2.6416590e-03 1.0987631e-02 4.7707565e-02 2.0253572e-01
 4.6555787e-01 2.4213216e-01 2.5637396e-02 2.6490530e-03]",0,White,40-59
/scratch/project_462000771/mengting/projects/bias/sana/prompt2/selected_faces/detected_disgusted/disgusted_person_0321_face0.png,White,White,Male,40-49,"[9.97945487e-01 5.31020896e-06 8.29935132e-04 1.09254535e-04
 1.72775792e-04 2.98939540e-05 9.07357025e-04]",[9.9868685e-01 9.3191455e-05 2.4447383e-04 9.7550242e-04],[0.83353055 0.16646953],"[5.82801513e-05 1.53239898e-03 2.84436829e-02 2.75467664e-01
 2.59128273e-01 2.97591895e-01 1.22393526e-01 1.36388773e-02
 1.74535753e-03]",0,White,40-59
/scratch/project_462000771/mengting/projects/bias/sana/prompt2/selected_faces/detected_disgusted/disgusted_person_0322_face0.png,White,White,Male,30-39,"[9.9784601e-01 5.7175907e-06 1.0984621e-03 1.9383535e-05 7.7585515e-05
 3.0722379e-04 6.4566632e-04]",[9.9944764e-01 1.5865649e-05 4.6862153e-04 6.7827321e-05],[0.99210113 0.00789889],"[9.8344337e-08 4.3439736e-06 1.7711297e-03 2.3898165e-01 5.3366601e-01
 2.1687342e-01 8.6164353e-03 8.3931714e-05 3.0095048e-06]",0,White,20-39
/scratch/project_462000771/mengting/projects/bias/sana/prompt2/selected_faces/detected_disgusted/disgusted_person_0323_face0.png,White,White,Male,40-49,"[9.9466878e-01 6.1547791e-05 4.1330564e-03 3.3353365e-04 3.8907965e-04
 9.5526899e-05 3.1848907e-04]",[9.7424954e-01 4.2124182e-05 2.5546875e-02 1.6144139e-04],[0.78889877 0.21110117],"[1.1729630e-06 6.7758901e-06 2.8408010e-04 1.5067185e-02 1.5872642e-01
 6.5661246e-01 1.6701223e-01 2.2416823e-03 4.8022514e-05]",1,White,40-59
/scratch/project_462000771/mengting/projects/bias/sana/prompt2/selected_faces/detected_disgusted/disgusted_person_0324_face0.png,White,White,Male,40-49,"[9.9979061e-01 1.1771892e-07 4.9715723e-05 3.2215844e-06 2.3349828e-06
 6.4706896e-06 1.4764661e-04]",[9.9997497e-01 2.3698360e-07 1.6229160e-05 8.6060254e-06],[0.6747243  0.32527575],"[4.2374581e-06 7.1760907e-05 2.8262858e-03 1.0529059e-01 2.7099702e-01
 5.2213067e-01 9.7447082e-02 1.1629334e-03 6.9455287e-05]",0,White,40-59
/scratch/project_462000771/mengting/projects/bias/sana/prompt2/selected_faces/detected_disgusted/disgusted_person_0325_face0.png,White,White,Female,20-29,"[9.82588887e-01 1.66788232e-06 3.25684855e-03 9.27962392e-05
 2.54130427e-04 5.46763418e-04 1.32588325e-02]",[9.9614769e-01 6.7726163e-05 1.1809444e-03 2.6036140e-03],[0.42264983 0.5773502 ],"[4.7234610e-07 4.1700103e-05 1.8302821e-02 5.4828411e-01 3.7455282e-01
 5.7532404e-02 1.2627858e-03 2.1578015e-05 1.2376892e-06]",0,White,20-39
/scratch/project_462000771/mengting/projects/bias/sana/prompt2/selected_faces/detected_disgusted/disgusted_person_0326_face0.png,White,White,Male,40-49,"[9.9450886e-01 4.1183463e-05 1.7909133e-03 1.5624333e-05 7.9232836e-05
 2.9164870e-04 3.2724447e-03]",[9.9824166e-01 1.8724677e-05 1.4975086e-03 2.4212121e-04],[9.9995393e-01 4.6041212e-05],"[1.1438675e-05 1.0141060e-04 3.1602148e-03 5.4090507e-02 2.6240647e-01
 5.9513456e-01 8.2949966e-02 2.1071588e-03 3.8331720e-05]",0,White,40-59
/scratch/project_462000771/mengting/projects/bias/sana/prompt2/selected_faces/detected_disgusted/disgusted_person_0327_face0.png,Middle Eastern,White,Male,60-69,"[0.12170233 0.02784267 0.04895859 0.00068366 0.00583592 0.33702952
 0.45794728]",[0.4694499  0.06134635 0.02740745 0.4417963 ],[0.99501246 0.00498748],"[2.8126651e-05 6.7020344e-05 2.9425760e-04 1.3489838e-03 8.3504990e-03
 6.8664379e-02 3.7587062e-01 4.3891382e-01 1.0646228e-01]",0,Others,60+
/scratch/project_462000771/mengting/projects/bias/sana/prompt2/selected_faces/detected_disgusted/disgusted_person_0328_face0.png,White,White,Female,40-49,"[9.8062634e-01 5.3185995e-06 7.9858582e-03 1.8917125e-03 9.1928564e-04
 2.1375010e-04 8.3577204e-03]",[9.6610230e-01 5.2571262e-04 2.7207749e-02 6.1641731e-03],[0.01392623 0.9860738 ],"[3.4483321e-07 7.9497931e-06 1.0394298e-03 5.8589745e-02 3.3722976e-01
 5.2801687e-01 7.2881483e-02 2.1636046e-03 7.0783266e-05]",0,White,40-59
/scratch/project_462000771/mengting/projects/bias/sana/prompt2/selected_faces/detected_disgusted/disgusted_person_0329_face0.png,White,White,Male,40-49,"[9.5711398e-01 4.2209871e-05 7.7713300e-03 1.9555377e-04 3.4658113e-04
 1.3403961e-03 3.3190012e-02]",[9.9244434e-01 9.4400559e-05 6.9456738e-03 5.1557971e-04],[9.997707e-01 2.292942e-04],"[9.3024901e-06 9.6035001e-05 3.0813143e-03 9.4884880e-02 3.0719224e-01
 4.7692877e-01 1.1403051e-01 3.6231016e-03 1.5384780e-04]",0,White,40-59
/scratch/project_462000771/mengting/projects/bias/sana/prompt2/selected_faces/detected_disgusted/disgusted_person_0330_face0.png,Middle Eastern,White,Female,30-39,"[4.1159123e-01 3.2493175e-04 1.1757283e-01 3.3174634e-03 7.5212927e-03
 2.1346450e-02 4.3832579e-01]",[0.8946693  0.00313928 0.00813411 0.09405733],[0.45292985 0.54707015],"[1.9234521e-04 5.4598888e-03 5.3459231e-02 2.0939142e-01 3.8918647e-01
 2.9041648e-01 4.7705889e-02 3.8837332e-03 3.0452685e-04]",1,White,20-39
/scratch/project_462000771/mengting/projects/bias/sana/prompt2/selected_faces/detected_disgusted/disgusted_person_0331_face0.png,White,White,Female,20-29,"[7.1475500e-01 2.5905287e-04 1.9244766e-01 4.8644267e-04 1.1321956e-03
 1.0429526e-02 8.0490083e-02]",[9.7645962e-01 1.3511564e-04 1.9891622e-02 3.5136926e-03],[0.01485642 0.9851436 ],"[3.6873070e-07 1.3133984e-04 2.9354880e-02 5.8647841e-01 3.6523870e-01
 1.8555865e-02 2.3364634e-04 6.5270574e-06 2.6985612e-07]",0,White,20-39
/scratch/project_462000771/mengting/projects/bias/sana/prompt2/selected_faces/detected_disgusted/disgusted_person_0332_face0.png,White,White,Male,50-59,"[9.8137134e-01 1.1294477e-03 6.5669050e-03 1.5667200e-04 5.0433923e-04
 6.4389507e-04 9.6274894e-03]",[0.9397141  0.0219246  0.01511554 0.02324588],[0.924244   0.07575601],"[1.5159990e-05 1.5607812e-04 1.8405868e-03 1.7667051e-02 9.1656432e-02
 3.9581379e-01 4.4698861e-01 4.1844327e-02 4.0179505e-03]",0,White,40-59
/scratch/project_462000771/mengting/projects/bias/sana/prompt2/selected_faces/detected_disgusted/disgusted_person_0333_face0.png,White,White,Male,30-39,"[9.9008822e-01 8.9147416e-06 6.2574423e-04 4.6738018e-03 2.5087500e-03
 3.0287982e-05 2.0642809e-03]",[9.2442173e-01 1.0537254e-05 7.4784569e-02 7.8319240e-04],[0.9872704  0.01272959],"[1.2800136e-05 1.8641316e-04 8.1896922e-03 1.9691578e-01 3.9770684e-01
 3.3358854e-01 5.9020948e-02 4.1263360e-03 2.5262046e-04]",0,White,20-39
/scratch/project_462000771/mengting/projects/bias/sana/prompt2/selected_faces/detected_disgusted/disgusted_person_0334_face0.png,White,White,Male,40-49,"[9.1065472e-01 9.8563347e-04 1.5250868e-02 8.8149123e-04 9.5909467e-04
 7.3723291e-04 7.0531033e-02]",[9.9187094e-01 4.5271518e-04 6.2422110e-03 1.4341470e-03],[0.8344148  0.16558516],"[7.2835786e-07 1.6289918e-06 5.2429223e-05 4.3071974e-03 7.3919885e-02
 5.2461851e-01 3.7028727e-01 2.5567492e-02 1.2448274e-03]",0,White,40-59
/scratch/project_462000771/mengting/projects/bias/sana/prompt2/selected_faces/detected_disgusted/disgusted_person_0335_face0.png,White,White,Male,40-49,"[9.8241967e-01 6.1768733e-05 9.0986853e-03 6.0520624e-04 1.7550252e-03
 6.1866443e-04 5.4409648e-03]",[9.8303282e-01 1.6910207e-04 1.3641812e-02 3.1562683e-03],[0.9980729  0.00192711],"[1.1887210e-04 1.0100554e-03 5.6996839e-03 1.3187021e-02 1.0284603e-01
 4.4603297e-01 3.9145195e-01 3.7109148e-02 2.5443011e-03]",0,White,40-59
/scratch/project_462000771/mengting/projects/bias/sana/prompt2/selected_faces/detected_disgusted/disgusted_person_0336_face0.png,White,White,Male,30-39,"[9.4241405e-01 5.4394756e-04 8.0391075e-03 2.5365758e-03 6.2337308e-03
 2.0764733e-03 3.8156167e-02]",[9.3608344e-01 2.2373223e-04 6.1975677e-02 1.7171215e-03],[0.6629077  0.33709228],"[9.5009986e-05 6.2996335e-03 8.0218986e-02 2.4618520e-01 3.6916289e-01
 2.5227493e-01 4.3207448e-02 2.4010616e-03 1.5485735e-04]",0,White,20-39
/scratch/project_462000771/mengting/projects/bias/sana/prompt2/selected_faces/detected_disgusted/disgusted_person_0337_face0.png,White,White,Male,50-59,"[9.7917867e-01 1.2866253e-04 6.4399652e-03 8.9883331e-05 6.6799595e-04
 2.6774663e-03 1.0817352e-02]",[9.9387550e-01 7.2128267e-04 2.7155506e-03 2.6876170e-03],[0.9975657  0.00243433],"[4.1607082e-06 4.7739777e-05 1.3628314e-03 1.7363122e-02 7.3390245e-02
 3.7266898e-01 4.5476064e-01 7.5905137e-02 4.4971029e-03]",0,White,40-59
/scratch/project_462000771/mengting/projects/bias/sana/prompt2/selected_faces/detected_disgusted/disgusted_person_0338_face0.png,White,White,Male,30-39,"[9.9184072e-01 2.2759137e-05 2.6072168e-03 4.5564145e-04 1.6375030e-03
 1.5015143e-04 3.2861531e-03]",[9.9684358e-01 7.4030509e-06 3.0906925e-03 5.8244939e-05],[0.88969594 0.11030406],"[2.1422945e-06 2.4102090e-04 2.6662331e-02 2.3051465e-01 3.9020169e-01
 3.0899069e-01 4.2374559e-02 9.8341925e-04 2.9492445e-05]",1,White,20-39
/scratch/project_462000771/mengting/projects/bias/sana/prompt2/selected_faces/detected_disgusted/disgusted_person_0339_face0.png,White,White,Male,30-39,"[9.9976796e-01 3.8909429e-06 1.1560816e-04 9.9295403e-06 1.4204532e-05
 4.2641432e-06 8.4230152e-05]",[9.99745488e-01 1.05631825e-05 2.30839782e-04 1.31671413e-05],[0.7583361  0.24166384],"[1.2249166e-07 4.0719165e-06 1.2335397e-03 1.5371059e-01 5.4945499e-01
 2.7508643e-01 2.0131171e-02 3.5861516e-04 2.0431979e-05]",0,White,20-39
/scratch/project_462000771/mengting/projects/bias/sana/prompt2/selected_faces/detected_disgusted/disgusted_person_0340_face0.png,White,White,Male,40-49,"[9.96933699e-01 1.35522587e-05 2.16478226e-03 8.86876587e-05
 1.07162035e-04 4.27398882e-05 6.49401045e-04]",[9.7459817e-01 1.5547052e-03 2.3095559e-02 7.5153739e-04],[0.8748718  0.12512818],"[9.98117048e-06 1.03175706e-04 2.52603134e-03 2.50774845e-02
 1.62222773e-01 5.78495145e-01 2.26675287e-01 4.75399895e-03
 1.36112722e-04]",0,White,40-59
/scratch/project_462000771/mengting/projects/bias/sana/prompt2/selected_faces/detected_disgusted/disgusted_person_0341_face0.png,White,White,Female,30-39,"[9.67997074e-01 1.85447323e-04 1.10369325e-02 3.77280492e-04
 5.07166726e-04 1.30350716e-04 1.97657719e-02]",[9.2383593e-01 4.5816461e-05 7.6044939e-02 7.3322255e-05],[0.41433233 0.58566767],"[2.69254929e-06 5.42807211e-05 2.30019190e-03 1.06751874e-01
 4.27673012e-01 3.96984339e-01 6.41347095e-02 2.00785650e-03
 9.10189192e-05]",0,White,20-39
/scratch/project_462000771/mengting/projects/bias/sana/prompt2/selected_faces/detected_disgusted/disgusted_person_0342_face0.png,White,Asian,Male,40-49,"[0.87477356 0.0066672  0.02749295 0.00334891 0.0127744  0.00451506
 0.07042788]",[0.39982912 0.01820366 0.54357845 0.03838882],[0.6829178  0.31708226],"[3.4645755e-06 3.2260858e-05 1.6314744e-03 5.2379668e-02 2.6121038e-01
 4.7129756e-01 1.9289677e-01 1.8886393e-02 1.6619720e-03]",0,White,40-59
/scratch/project_462000771/mengting/projects/bias/sana/prompt2/selected_faces/detected_disgusted/disgusted_person_0343_face0.png,White,White,Female,30-39,"[9.2339796e-01 2.3952554e-05 4.9129508e-02 4.9474285e-05 1.2480404e-04
 4.3760235e-03 2.2898257e-02]",[8.83332670e-01 1.00459809e-04 1.58928742e-03 1.14977576e-01],[0.01865328 0.9813468 ],"[2.5799835e-07 1.3299687e-05 2.5275780e-03 3.3599037e-01 5.3575945e-01
 1.2281522e-01 2.8486839e-03 4.3419757e-05 1.6929622e-06]",0,White,20-39
/scratch/project_462000771/mengting/projects/bias/sana/prompt2/selected_faces/detected_disgusted/disgusted_person_0344_face0.png,White,White,Male,40-49,"[9.9076003e-01 4.7789135e-06 7.1338326e-04 1.4459468e-04 2.7799403e-04
 7.7985285e-05 8.0211405e-03]",[9.9747759e-01 6.8367568e-05 1.5463439e-03 9.0776320e-04],[9.9981725e-01 1.8275488e-04],"[8.7221173e-07 4.1697017e-06 5.0273357e-04 6.6013202e-02 2.6119357e-01
 5.1869518e-01 1.4052843e-01 1.2006744e-02 1.0551291e-03]",0,White,40-59
/scratch/project_462000771/mengting/projects/bias/sana/prompt2/selected_faces/detected_disgusted/disgusted_person_0345_face0.png,White,White,Male,40-49,"[9.8411727e-01 6.7136366e-06 4.9586371e-03 8.6391368e-04 7.2892150e-04
 6.0545623e-05 9.2640501e-03]",[9.9252439e-01 1.6200780e-03 5.1307050e-03 7.2481274e-04],[9.9993813e-01 6.1836246e-05],"[1.6563671e-07 1.0746539e-06 1.1938947e-03 1.3583007e-01 3.9489117e-01
 4.1293299e-01 5.3392187e-02 1.7347240e-03 2.3651228e-05]",0,White,40-59
/scratch/project_462000771/mengting/projects/bias/sana/prompt2/selected_faces/detected_disgusted/disgusted_person_0346_face0.png,White,White,Male,50-59,"[9.9601305e-01 3.0932999e-05 1.4135024e-03 9.9185668e-04 1.2054107e-03
 3.5430148e-05 3.0992983e-04]",[9.9841934e-01 1.6295087e-05 1.4742311e-03 9.0133799e-05],[0.7975066  0.20249341],"[2.1537386e-05 1.2087192e-04 9.7026897e-04 8.3616935e-03 4.6142720e-02
 2.6207781e-01 5.8813304e-01 8.3825976e-02 1.0346159e-02]",0,White,40-59
/scratch/project_462000771/mengting/projects/bias/sana/prompt2/selected_faces/detected_disgusted/disgusted_person_0347_face0.png,White,White,Male,30-39,"[9.98685360e-01 4.38421324e-07 3.61565821e-04 4.15598442e-05
 1.08970344e-04 5.50971672e-05 7.46956561e-04]",[9.9946541e-01 4.8331395e-07 5.1275390e-04 2.1382002e-05],[9.9972934e-01 2.7065224e-04],"[1.2256706e-06 8.7112727e-05 7.2158077e-03 3.5309523e-01 4.8076129e-01
 1.5270136e-01 6.0651042e-03 7.0289767e-05 2.5099673e-06]",1,White,20-39
/scratch/project_462000771/mengting/projects/bias/sana/prompt2/selected_faces/detected_disgusted/disgusted_person_0348_face0.png,White,White,Male,20-29,"[9.9967897e-01 6.9281448e-08 7.6712429e-05 3.3937486e-05 4.1571711e-05
 2.9865303e-06 1.6578738e-04]",[9.9891686e-01 1.0189940e-06 1.0065895e-03 7.5440286e-05],[9.9931824e-01 6.8178505e-04],"[7.4886225e-07 7.0176888e-05 2.4082690e-02 6.6253406e-01 2.8366020e-01
 2.9378427e-02 2.7163335e-04 1.9331885e-06 6.3332187e-08]",0,White,20-39
/scratch/project_462000771/mengting/projects/bias/sana/prompt2/selected_faces/detected_disgusted/disgusted_person_0349_face0.png,White,White,Male,40-49,"[9.2792106e-01 1.4889115e-05 1.8401200e-02 1.4146493e-04 3.8555250e-04
 6.1451382e-04 5.2521333e-02]",[9.8231155e-01 1.2849607e-04 7.3384092e-04 1.6826203e-02],[9.996452e-01 3.547907e-04],"[1.8978715e-05 5.9302991e-05 1.2177030e-03 1.6590904e-02 1.7162009e-01
 5.9626842e-01 2.0283720e-01 1.1102538e-02 2.8479623e-04]",0,White,40-59
/scratch/project_462000771/mengting/projects/bias/sana/prompt2/selected_faces/detected_disgusted/disgusted_person_0350_face0.png,White,White,Male,40-49,"[9.9689811e-01 7.4868376e-06 2.1407141e-03 1.2155433e-04 1.7131295e-04
 3.2668584e-04 3.3412335e-04]",[9.9607992e-01 4.6440051e-05 5.9569417e-04 3.2779349e-03],[9.9962974e-01 3.7025675e-04],"[2.1529288e-05 4.8107223e-04 1.2171577e-02 9.9660672e-02 3.6159566e-01
 4.3022743e-01 9.4268866e-02 1.5381178e-03 3.5174100e-05]",1,White,40-59
/scratch/project_462000771/mengting/projects/bias/sana/prompt2/selected_faces/detected_disgusted/disgusted_person_0351_face0.png,Latino_Hispanic,White,Female,40-49,"[0.3465658  0.02208998 0.44952643 0.03019915 0.03369101 0.03265905
 0.08526853]",[0.6410991  0.06477828 0.13229565 0.16182706],[0.00343979 0.9965603 ],"[2.4318113e-04 4.0407530e-03 1.2032225e-02 8.6761162e-02 3.5443744e-01
 3.8948300e-01 1.3052969e-01 2.1072937e-02 1.3995890e-03]",0,Others,40-59
/scratch/project_462000771/mengting/projects/bias/sana/prompt2/selected_faces/detected_disgusted/disgusted_person_0352_face0.png,White,White,Male,50-59,"[9.3318176e-01 7.4119387e-05 1.2297875e-02 9.7017102e-05 3.7313584e-04
 1.9048204e-03 5.2071292e-02]",[0.97167987 0.00103707 0.02178514 0.00549796],[0.82223326 0.17776668],"[3.3963470e-06 1.8069904e-05 4.0219157e-04 6.9520916e-03 5.5560343e-02
 4.2315426e-01 4.5894125e-01 5.1399454e-02 3.5689352e-03]",0,White,40-59
/scratch/project_462000771/mengting/projects/bias/sana/prompt2/selected_faces/detected_disgusted/disgusted_person_0353_face0.png,White,White,Female,40-49,"[9.6996349e-01 3.7715482e-04 8.1118494e-03 1.5923402e-03 4.9934480e-03
 1.2448252e-03 1.3717012e-02]",[0.9597211  0.00150454 0.0186605  0.02011392],[0.47893918 0.5210608 ],"[1.2172338e-05 2.4152844e-04 5.4568471e-03 8.9039646e-02 1.4931099e-01
 3.8836384e-01 2.8561661e-01 6.7824140e-02 1.4134272e-02]",0,White,40-59
/scratch/project_462000771/mengting/projects/bias/sana/prompt2/selected_faces/detected_disgusted/disgusted_person_0354_face0.png,White,White,Female,30-39,"[9.0797073e-01 2.5366448e-04 4.8446231e-02 8.2744258e-03 1.8430462e-02
 1.9175685e-03 1.4706889e-02]",[0.95176834 0.0016748  0.04022805 0.00632874],[0.00440692 0.9955931 ],"[1.7366781e-07 4.4673321e-05 1.0910570e-02 2.7232864e-01 4.9976936e-01
 1.9791141e-01 1.8490152e-02 5.2816275e-04 1.6862970e-05]",0,White,20-39
/scratch/project_462000771/mengting/projects/bias/sana/prompt2/selected_faces/detected_disgusted/disgusted_person_0355_face0.png,White,White,Female,40-49,"[6.3701075e-01 6.7904725e-04 2.2289504e-01 8.2681999e-02 3.8545296e-02
 5.1624078e-04 1.7671663e-02]",[9.6267354e-01 2.1542665e-04 3.7016191e-02 9.4966948e-05],[0.01747288 0.9825271 ],"[7.2738600e-05 8.8545546e-04 6.0260859e-03 2.9127756e-02 2.7807987e-01
 4.7201720e-01 1.9986100e-01 1.3669895e-02 2.5996414e-04]",1,White,40-59
/scratch/project_462000771/mengting/projects/bias/sana/prompt2/selected_faces/detected_disgusted/disgusted_person_0356_face0.png,White,White,Male,40-49,"[0.8071157  0.00214053 0.0585042  0.02412285 0.03552011 0.01138504
 0.06121152]",[0.76398575 0.00108707 0.21889001 0.01603716],[0.9936062  0.00639375],"[3.6003714e-06 1.9006282e-05 1.6614317e-03 8.5327215e-02 2.7162182e-01
 4.7027576e-01 1.5169606e-01 1.8116603e-02 1.2786004e-03]",0,White,40-59
/scratch/project_462000771/mengting/projects/bias/sana/prompt2/selected_faces/detected_disgusted/disgusted_person_0357_face0.png,White,White,Male,40-49,"[9.8933548e-01 2.4771437e-04 6.1988053e-03 8.9799496e-04 1.8939143e-03
 8.6946180e-04 5.5657851e-04]",[9.9526447e-01 2.4892716e-04 3.4347780e-03 1.0518983e-03],[0.97821015 0.02178988],"[1.8118653e-05 1.9141701e-04 2.2662838e-03 2.6348190e-02 1.9614762e-01
 5.4607016e-01 2.2188027e-01 6.7432900e-03 3.3467848e-04]",0,White,40-59
/scratch/project_462000771/mengting/projects/bias/sana/prompt2/selected_faces/detected_disgusted/disgusted_person_0358_face0.png,White,White,Male,40-49,"[9.99267519e-01 3.79987432e-05 2.59287452e-04 3.69256595e-05
 8.41875444e-05 1.47709425e-05 2.99394975e-04]",[9.9720103e-01 4.4140947e-04 2.0092758e-03 3.4832259e-04],[9.9998927e-01 1.0740479e-05],"[5.2776574e-07 1.7212389e-05 1.0915843e-03 6.5982595e-02 3.3758935e-01
 5.1217896e-01 8.1522785e-02 1.5557688e-03 6.1224768e-05]",0,White,40-59
/scratch/project_462000771/mengting/projects/bias/sana/prompt2/selected_faces/detected_disgusted/disgusted_person_0359_face0.png,White,White,Male,30-39,"[9.9974966e-01 1.9724391e-06 8.5703250e-05 2.8160866e-06 5.3217950e-06
 1.2119000e-05 1.4232387e-04]",[9.9630076e-01 1.6448399e-04 1.6304167e-03 1.9043646e-03],[0.993486   0.00651396],"[4.8608051e-08 1.4175137e-06 4.8281113e-04 1.3681479e-01 4.9541962e-01
 3.4726718e-01 1.9736728e-02 2.6191978e-04 1.5604597e-05]",0,White,20-39
/scratch/project_462000771/mengting/projects/bias/sana/prompt2/selected_faces/detected_disgusted/disgusted_person_0360_face0.png,White,White,Male,20-29,"[9.9869651e-01 9.0527046e-06 7.2979793e-04 5.6866338e-05 1.8168549e-04
 9.1183305e-05 2.3489268e-04]",[9.9943668e-01 4.7985639e-05 3.8211112e-04 1.3322181e-04],[9.9922520e-01 7.7483733e-04],"[3.9304703e-07 5.5663877e-05 3.7538417e-02 6.1499548e-01 2.6185796e-01
 7.1587384e-02 1.3354199e-02 5.8116467e-04 2.9348013e-05]",0,White,20-39
/scratch/project_462000771/mengting/projects/bias/sana/prompt2/selected_faces/detected_disgusted/disgusted_person_0361_face0.png,White,White,Female,30-39,"[9.8893380e-01 8.6074806e-07 4.4597420e-03 1.7375516e-04 2.1035358e-04
 2.1385773e-04 6.0075540e-03]",[9.9291170e-01 6.9734944e-07 6.3985004e-03 6.8922917e-04],[0.28489748 0.7151025 ],"[4.2899355e-08 3.4909910e-06 2.4364730e-03 3.4409356e-01 5.5934042e-01
 9.2986166e-02 1.1301016e-03 9.6389585e-06 1.4443134e-07]",0,White,20-39
/scratch/project_462000771/mengting/projects/bias/sana/prompt2/selected_faces/detected_disgusted/disgusted_person_0362_face0.png,White,White,Male,30-39,"[9.9913436e-01 1.2756290e-06 3.6302867e-04 9.6262957e-05 1.6380190e-04
 5.1737748e-06 2.3612907e-04]",[9.9888444e-01 4.1161834e-07 1.0932568e-03 2.1825210e-05],[0.97966707 0.02033292],"[7.8080024e-07 2.8174485e-05 3.4206223e-03 1.8188579e-01 4.2631587e-01
 3.7013710e-01 1.7909871e-02 2.8972139e-04 1.2035250e-05]",0,White,20-39
/scratch/project_462000771/mengting/projects/bias/sana/prompt2/selected_faces/detected_disgusted/disgusted_person_0363_face0.png,White,White,Male,30-39,"[9.9951696e-01 3.5529138e-06 8.7282373e-05 5.8094898e-05 7.5048047e-05
 6.2525842e-06 2.5280842e-04]",[9.9979246e-01 8.0998725e-06 1.6860280e-04 3.0842722e-05],[0.9933961  0.00660388],"[2.5531591e-07 1.5910873e-05 1.9871730e-03 1.7955539e-01 5.4084027e-01
 2.6547664e-01 1.1999884e-02 1.1848538e-04 5.9599638e-06]",0,White,20-39
/scratch/project_462000771/mengting/projects/bias/sana/prompt2/selected_faces/detected_disgusted/disgusted_person_0364_face0.png,White,White,Male,40-49,"[9.8848516e-01 4.7253507e-06 5.4382319e-03 1.3316516e-03 2.6306082e-03
 4.1346811e-04 1.6961290e-03]",[9.6294993e-01 4.8020760e-05 3.3285424e-02 3.7166404e-03],[9.994054e-01 5.945400e-04],"[8.0102736e-06 3.9691152e-04 1.9168019e-02 6.8163447e-02 3.6332014e-01
 4.9217314e-01 5.5987991e-02 7.7043718e-04 1.1933861e-05]",0,White,40-59
/scratch/project_462000771/mengting/projects/bias/sana/prompt2/selected_faces/detected_disgusted/disgusted_person_0365_face0.png,White,White,Female,30-39,"[9.7304344e-01 1.5600944e-04 1.5944529e-02 8.8504748e-04 1.0645306e-03
 1.1200454e-03 7.7864169e-03]",[0.89383197 0.00931555 0.08470665 0.01214589],[0.0049717 0.9950283],"[1.3405273e-06 4.6793128e-05 3.1228999e-03 1.2012472e-01 4.7195041e-01
 3.7303475e-01 3.1057946e-02 6.3405756e-04 2.7028544e-05]",0,White,20-39
/scratch/project_462000771/mengting/projects/bias/sana/prompt2/selected_faces/detected_disgusted/disgusted_person_0366_face0.png,White,White,Female,20-29,"[0.8305746  0.00460294 0.08757984 0.00526205 0.00744817 0.03118695
 0.03334562]",[0.91434103 0.01883593 0.01766306 0.04915999],[0.00151663 0.99848336],"[5.43281967e-05 1.21638607e-02 1.07020654e-01 5.76120794e-01
 2.54887253e-01 4.42771614e-02 4.87828394e-03 5.24868548e-04
 7.27781735e-05]",0,White,20-39
/scratch/project_462000771/mengting/projects/bias/sana/prompt2/selected_faces/detected_disgusted/disgusted_person_0367_face0.png,White,White,Male,40-49,"[9.9959642e-01 1.0767390e-05 1.2117603e-04 7.2012612e-05 1.0617470e-04
 1.7682252e-05 7.5778880e-05]",[9.9860317e-01 6.1369159e-05 1.2736197e-03 6.1942505e-05],[0.9920044  0.00799559],"[1.46875971e-06 4.43393146e-05 2.57024029e-03 1.22291364e-01
 3.10077876e-01 4.62756008e-01 9.93240699e-02 2.75889714e-03
 1.75742753e-04]",0,White,40-59
/scratch/project_462000771/mengting/projects/bias/sana/prompt2/selected_faces/detected_disgusted/disgusted_person_0368_face0.png,White,White,Female,20-29,"[9.7338396e-01 3.2795375e-05 1.9089989e-02 4.3806963e-04 4.0469196e-04
 3.0608820e-03 3.5896068e-03]",[8.88855457e-01 4.10253502e-04 5.67309652e-03 1.05061196e-01],[0.01339885 0.9866012 ],"[7.5445809e-07 5.4745039e-04 5.4498240e-02 7.2065890e-01 2.1553817e-01
 8.5855564e-03 1.6475063e-04 5.7820912e-06 3.8692812e-07]",1,White,20-39
/scratch/project_462000771/mengting/projects/bias/sana/prompt2/selected_faces/detected_disgusted/disgusted_person_0369_face0.png,White,White,Male,30-39,"[9.6379501e-01 2.5349896e-04 1.2395146e-02 9.2189033e-03 1.2715739e-02
 6.7168771e-04 9.4998424e-04]",[8.6028284e-01 4.1705335e-04 1.3864474e-01 6.5539480e-04],[0.9973472  0.00265277],"[3.9664192e-05 1.0706036e-03 1.1409411e-02 1.0693201e-01 4.4361046e-01
 3.6905158e-01 6.6060066e-02 1.7377421e-03 8.8424895e-05]",0,White,20-39
/scratch/project_462000771/mengting/projects/bias/sana/prompt2/selected_faces/detected_disgusted/disgusted_person_0370_face0.png,White,White,Male,40-49,"[8.1539130e-01 3.4457640e-04 1.3363503e-01 1.3117259e-02 1.9062253e-02
 6.1492268e-03 1.2300400e-02]",[9.6593940e-01 2.9005696e-05 3.1502388e-02 2.5291652e-03],[0.9730252  0.02697482],"[1.4846989e-04 4.0550446e-03 3.6409009e-02 1.1914142e-01 3.4288827e-01
 3.9060098e-01 1.0272181e-01 3.9299349e-03 1.0505078e-04]",0,White,40-59
/scratch/project_462000771/mengting/projects/bias/sana/prompt2/selected_faces/detected_disgusted/disgusted_person_0371_face0.png,Latino_Hispanic,Asian,Female,60-69,"[0.3467116  0.05076979 0.42950842 0.03635735 0.07037596 0.03030674
 0.0359701 ]",[0.19651991 0.20498875 0.58592445 0.01256686],[0.00599735 0.9940027 ],"[4.8166330e-06 8.2983774e-05 6.1839953e-04 6.6232015e-03 4.1466229e-02
 1.4431079e-01 2.3277791e-01 3.8181025e-01 1.9230533e-01]",0,Others,60+
/scratch/project_462000771/mengting/projects/bias/sana/prompt2/selected_faces/detected_disgusted/disgusted_person_0372_face0.png,White,White,Female,40-49,"[8.8575429e-01 6.6468790e-05 1.7996375e-02 2.0839707e-03 1.5080422e-03
 1.3637305e-03 9.1227181e-02]",[9.9256772e-01 1.1592152e-05 5.8585322e-03 1.5621567e-03],[0.00159946 0.99840057],"[8.2887091e-06 9.9784935e-05 1.3737832e-03 2.8243523e-02 1.1223148e-01
 4.2451552e-01 3.5322013e-01 6.7417651e-02 1.2889837e-02]",0,White,40-59
/scratch/project_462000771/mengting/projects/bias/sana/prompt2/selected_faces/detected_disgusted/disgusted_person_0373_face0.png,White,White,Male,40-49,"[9.8481196e-01 1.2678771e-04 4.7301571e-03 5.9977756e-04 9.2948374e-04
 2.8332556e-04 8.5184602e-03]",[9.97703731e-01 9.50108188e-06 2.17642239e-03 1.10380264e-04],[0.98947036 0.01052962],"[2.0327730e-05 8.7969449e-05 1.3770078e-03 3.8180057e-02 1.4335059e-01
 4.1916221e-01 3.4181798e-01 5.1661819e-02 4.3420470e-03]",0,White,40-59
/scratch/project_462000771/mengting/projects/bias/sana/prompt2/selected_faces/detected_disgusted/disgusted_person_0374_face0.png,White,White,Female,40-49,"[9.0531254e-01 7.5669884e-04 1.6824609e-02 5.4194528e-04 1.1744072e-03
 1.5346836e-03 7.3855072e-02]",[0.87779206 0.00615971 0.10398707 0.01206112],[0.43938956 0.5606105 ],"[2.4406340e-06 9.7723459e-06 5.3286803e-04 4.0521827e-02 2.7477053e-01
 5.0227666e-01 1.6521075e-01 1.5491810e-02 1.1833776e-03]",0,White,40-59
/scratch/project_462000771/mengting/projects/bias/sana/prompt2/selected_faces/detected_disgusted/disgusted_person_0375_face0.png,White,White,Female,40-49,"[9.6905339e-01 2.9499517e-04 2.5590811e-02 2.8768447e-04 4.0868929e-04
 6.2055100e-04 3.7437899e-03]",[9.9925542e-01 2.4124174e-05 2.7330327e-04 4.4724043e-04],[0.1341458 0.8658542],"[7.1428030e-06 3.0048570e-05 4.8298514e-04 1.0590379e-02 1.3832240e-01
 4.8091233e-01 3.4500048e-01 2.3690628e-02 9.6358906e-04]",0,White,40-59
/scratch/project_462000771/mengting/projects/bias/sana/prompt2/selected_faces/detected_disgusted/disgusted_person_0376_face0.png,White,White,Female,30-39,"[9.7525924e-01 1.3008688e-05 1.1063921e-02 2.7488320e-04 1.4080422e-03
 1.9561958e-04 1.1785362e-02]",[9.7412920e-01 1.3538814e-04 2.4619959e-02 1.1153750e-03],[0.39029467 0.60970527],"[6.9735988e-06 1.5735856e-03 7.7542931e-02 2.3774587e-01 4.6090257e-01
 2.1140525e-01 1.0618724e-02 1.9866884e-04 5.4506945e-06]",0,White,20-39
/scratch/project_462000771/mengting/projects/bias/sana/prompt2/selected_faces/detected_disgusted/disgusted_person_0377_face0.png,White,White,Male,40-49,"[9.8792434e-01 1.3377929e-04 5.9767799e-03 6.5656210e-04 1.0355505e-03
 2.1761682e-04 4.0554153e-03]",[0.6301753  0.00833408 0.3484587  0.01303195],[0.99744314 0.00255683],"[6.3121530e-05 1.0569915e-03 1.9415457e-02 1.3631169e-01 2.4812666e-01
 4.0881497e-01 1.7108180e-01 1.4290454e-02 8.3882548e-04]",0,White,40-59
/scratch/project_462000771/mengting/projects/bias/sana/prompt2/selected_faces/detected_disgusted/disgusted_person_0378_face0.png,White,White,Male,40-49,"[9.9619061e-01 2.5192801e-05 1.7004656e-03 2.4350631e-04 3.8904991e-04
 9.5473479e-05 1.3557181e-03]",[9.8843122e-01 8.7473556e-05 9.9129379e-03 1.5684045e-03],[0.9808249  0.01917509],"[3.0999754e-06 3.4177559e-05 1.0756840e-03 4.1507665e-02 2.0424141e-01
 6.0711986e-01 1.3721706e-01 8.2341079e-03 5.6695734e-04]",0,White,40-59
/scratch/project_462000771/mengting/projects/bias/sana/prompt2/selected_faces/detected_disgusted/disgusted_person_0379_face0.png,White,White,Female,30-39,"[6.0263038e-01 5.6045799e-04 8.3771423e-02 7.5342758e-03 3.6480207e-02
 3.7621860e-03 2.6526117e-01]",[0.9220666  0.00148026 0.07104534 0.00540777],[0.08326641 0.91673356],"[4.4185600e-07 4.4765002e-06 1.2511414e-03 8.0949582e-02 5.1666075e-01
 3.7358108e-01 2.6742829e-02 7.7999925e-04 2.9608704e-05]",0,White,20-39
/scratch/project_462000771/mengting/projects/bias/sana/prompt2/selected_faces/detected_disgusted/disgusted_person_0380_face0.png,White,White,Male,30-39,"[9.9892062e-01 8.3783914e-07 3.8216994e-04 7.9854944e-05 1.0204535e-04
 1.3130111e-05 5.0131930e-04]",[9.9960011e-01 3.4617306e-06 3.7408437e-04 2.2426648e-05],[0.9973919  0.00260809],"[7.0574001e-06 1.5648703e-04 3.9297421e-03 1.6311017e-01 5.1236480e-01
 2.9854450e-01 2.1483313e-02 3.8227392e-04 2.1690010e-05]",0,White,20-39
/scratch/project_462000771/mengting/projects/bias/sana/prompt2/selected_faces/detected_disgusted/disgusted_person_0381_face0.png,White,White,Male,40-49,"[9.9558556e-01 5.7638631e-06 1.1795214e-03 8.3440711e-04 8.2461839e-04
 4.3220010e-05 1.5268936e-03]",[9.4724828e-01 1.3818761e-04 5.1315319e-02 1.2981748e-03],[0.9989977  0.00100231],"[6.1031886e-07 1.4218494e-05 1.4913325e-03 7.0133999e-02 3.1204209e-01
 5.2663672e-01 8.7766744e-02 1.8554132e-03 5.8854319e-05]",0,White,40-59
/scratch/project_462000771/mengting/projects/bias/sana/prompt2/selected_faces/detected_disgusted/disgusted_person_0382_face0.png,White,White,Female,30-39,"[9.8462158e-01 8.9987516e-06 1.1841666e-02 5.8752776e-04 7.4708991e-04
 1.1550492e-04 2.0775399e-03]",[9.8797464e-01 5.7397981e-05 1.1911064e-02 5.6884553e-05],[0.09804028 0.9019597 ],"[2.6116771e-07 2.5118759e-05 5.0444985e-03 2.7814257e-01 5.9629345e-01
 1.1857856e-01 1.8985090e-03 1.6683765e-05 3.8300743e-07]",0,White,20-39
/scratch/project_462000771/mengting/projects/bias/sana/prompt2/selected_faces/detected_disgusted/disgusted_person_0383_face0.png,White,White,Male,30-39,"[9.75891411e-01 4.74156559e-06 1.35569728e-03 1.28472755e-02
 9.60808434e-03 1.21462117e-05 2.80484528e-04]",[9.6914726e-01 2.4274971e-06 3.0838478e-02 1.1906491e-05],[9.99883890e-01 1.16160896e-04],"[2.12451013e-07 1.84829187e-05 4.92977118e-03 3.04177880e-01
 5.61999202e-01 1.23935044e-01 4.88534523e-03 5.29041754e-05
 1.12060684e-06]",0,White,20-39
/scratch/project_462000771/mengting/projects/bias/sana/prompt2/selected_faces/detected_disgusted/disgusted_person_0384_face0.png,White,White,Female,20-29,"[0.67836076 0.01409368 0.13173684 0.00102979 0.00101066 0.0218221
 0.15194616]",[0.892428   0.00105177 0.03040897 0.07611132],[0.01374334 0.98625666],"[5.1406154e-05 5.1090373e-03 4.9010601e-02 4.6529773e-01 3.8440794e-01
 8.9803182e-02 6.0214368e-03 2.7162686e-04 2.6975078e-05]",0,White,20-39
/scratch/project_462000771/mengting/projects/bias/sana/prompt2/selected_faces/detected_disgusted/disgusted_person_0385_face0.png,White,Asian,Female,40-49,"[9.3799305e-01 1.3580495e-03 2.0517807e-02 1.7128779e-02 8.1333434e-03
 4.8466725e-04 1.4384244e-02]",[0.1505569  0.0020758  0.8431047  0.00426264],[0.43025035 0.5697496 ],"[8.3213919e-05 1.9210619e-03 1.3445781e-02 1.6362010e-01 3.5410795e-01
 3.8192138e-01 7.9599038e-02 4.9980446e-03 3.0343886e-04]",0,White,40-59
/scratch/project_462000771/mengting/projects/bias/sana/prompt2/selected_faces/detected_disgusted/disgusted_person_0386_face0.png,White,White,Male,40-49,"[9.9605423e-01 1.2168336e-05 6.4511155e-04 1.7166074e-05 6.1119899e-05
 8.1352591e-05 3.1287586e-03]",[9.9977630e-01 7.6422220e-06 8.1590704e-05 1.3450517e-04],[9.9980778e-01 1.9222421e-04],"[4.3327591e-06 2.7611868e-05 1.0708107e-03 5.0109942e-02 1.9276997e-01
 4.2824739e-01 3.0499896e-01 2.1453496e-02 1.3175304e-03]",0,White,40-59
/scratch/project_462000771/mengting/projects/bias/sana/prompt2/selected_faces/detected_disgusted/disgusted_person_0387_face0.png,White,White,Male,30-39,"[9.9876350e-01 1.8841913e-06 3.6183966e-04 7.9675177e-05 1.1118371e-04
 6.7300134e-06 6.7522330e-04]",[9.6429521e-01 3.4360892e-05 3.5628092e-02 4.2296248e-05],[0.9454881 0.0545119],"[1.4145267e-06 2.2911411e-04 3.2723121e-02 3.4194198e-01 4.1115290e-01
 2.0160915e-01 1.2024870e-02 3.0469667e-04 1.2861106e-05]",0,White,20-39
/scratch/project_462000771/mengting/projects/bias/sana/prompt2/selected_faces/detected_disgusted/disgusted_person_0388_face0.png,White,White,Female,40-49,"[0.70428044 0.00254698 0.05384761 0.13803878 0.07355282 0.00249552
 0.0252379 ]",[8.7550777e-01 6.7334616e-04 1.1442100e-01 9.3978681e-03],[0.03755792 0.9624421 ],"[1.3572676e-04 7.7083259e-04 2.0433993e-03 1.6424203e-02 1.1154361e-01
 4.4646451e-01 3.6193684e-01 5.4975431e-02 5.7054395e-03]",0,White,40-59
/scratch/project_462000771/mengting/projects/bias/sana/prompt2/selected_faces/detected_disgusted/disgusted_person_0389_face0.png,White,White,Male,40-49,"[9.2464870e-01 9.7910364e-05 2.0134678e-02 1.6240958e-02 2.5129449e-02
 5.8552821e-04 1.3162733e-02]",[0.64870536 0.00066627 0.33867335 0.0119551 ],[0.98816323 0.01183674],"[2.1122098e-05 2.5018177e-04 3.4946105e-03 5.6498520e-02 2.2459368e-01
 4.6924990e-01 2.3185706e-01 1.3322909e-02 7.1203406e-04]",0,White,40-59
/scratch/project_462000771/mengting/projects/bias/sana/prompt2/selected_faces/detected_disgusted/disgusted_person_0390_face0.png,White,White,Female,40-49,"[8.3194751e-01 7.4580967e-06 1.8773545e-02 1.3452123e-03 1.6272523e-03
 1.2858834e-03 1.4501314e-01]",[9.9326921e-01 4.4151384e-05 5.3329407e-03 1.3535834e-03],[0.03262085 0.96737915],"[5.6749464e-06 2.5260688e-05 1.0156450e-03 1.2113831e-02 9.7913399e-02
 4.9604887e-01 3.6154985e-01 3.0250454e-02 1.0770528e-03]",0,White,40-59
/scratch/project_462000771/mengting/projects/bias/sana/prompt2/selected_faces/detected_disgusted/disgusted_person_0391_face0.png,White,White,Male,40-49,"[9.9437028e-01 9.7881501e-05 3.3955842e-03 1.8234475e-04 5.3557794e-04
 1.6107265e-04 1.2573181e-03]",[9.6633601e-01 6.7452497e-06 3.3547476e-02 1.0971401e-04],[0.89879465 0.10120531],"[3.1445863e-05 2.6183967e-03 3.6403764e-02 2.1225205e-01 3.2443866e-01
 3.6017042e-01 5.9583619e-02 4.1712052e-03 3.3041931e-04]",0,White,40-59
/scratch/project_462000771/mengting/projects/bias/sana/prompt2/selected_faces/detected_disgusted/disgusted_person_0392_face0.png,White,White,Female,40-49,"[0.63211954 0.01528704 0.20528612 0.05218634 0.02273659 0.00648928
 0.06589516]",[9.7367853e-01 1.3037738e-04 2.5727743e-02 4.6343339e-04],[0.01738433 0.9826157 ],"[1.0121624e-05 4.9193033e-05 8.5347868e-04 5.8703363e-02 3.7007695e-01
 4.6945974e-01 9.1423988e-02 9.0480298e-03 3.7512436e-04]",0,White,40-59
/scratch/project_462000771/mengting/projects/bias/sana/prompt2/selected_faces/detected_disgusted/disgusted_person_0393_face0.png,White,White,Female,30-39,"[9.9795866e-01 8.5454267e-06 1.0252176e-03 3.4740426e-06 9.4774223e-06
 1.2067800e-04 8.7403809e-04]",[9.9943578e-01 2.5524090e-05 1.4118246e-04 3.9755399e-04],[0.01030967 0.9896903 ],"[1.0350601e-08 1.1423675e-06 1.4884534e-03 3.2250714e-01 5.5850673e-01
 1.1392942e-01 3.5071387e-03 5.7109290e-05 2.8687145e-06]",0,White,20-39
/scratch/project_462000771/mengting/projects/bias/sana/prompt2/selected_faces/detected_disgusted/disgusted_person_0394_face0.png,White,White,Female,40-49,"[9.4563341e-01 1.9258965e-04 2.9788598e-02 2.9051367e-03 6.1920406e-03
 3.5556918e-03 1.1732594e-02]",[5.3994620e-01 2.5730385e-04 4.0722194e-01 5.2574545e-02],[0.0662237 0.9337763],"[8.0206346e-06 7.3043171e-05 2.9385916e-03 9.2272781e-02 3.7156954e-01
 4.4876385e-01 7.7300020e-02 6.6330298e-03 4.4113267e-04]",0,White,40-59
/scratch/project_462000771/mengting/projects/bias/sana/prompt2/selected_faces/detected_disgusted/disgusted_person_0395_face0.png,White,White,Male,40-49,"[9.6686471e-01 2.3152250e-05 3.2725399e-03 1.3592428e-02 8.3978288e-03
 1.3021064e-04 7.7190786e-03]",[0.6041506  0.00165923 0.38853785 0.00565236],[0.99580103 0.00419896],"[8.7825383e-06 5.0224819e-05 1.5097113e-03 2.2147650e-02 1.3331319e-01
 4.8225051e-01 3.3488873e-01 2.5134226e-02 6.9699739e-04]",0,White,40-59
/scratch/project_462000771/mengting/projects/bias/sana/prompt2/selected_faces/detected_disgusted/disgusted_person_0396_face0.png,White,White,Male,40-49,"[9.8851013e-01 7.5491861e-04 3.4187827e-03 5.3728773e-04 2.7127045e-03
 2.8698909e-04 3.7792008e-03]",[9.9497169e-01 2.5463718e-04 2.7951489e-03 1.9784365e-03],[0.968669   0.03133103],"[1.92058124e-05 2.05658114e-04 2.14525172e-03 2.08651964e-02
 1.16214514e-01 4.48508561e-01 3.56823981e-01 4.95359004e-02
 5.68172382e-03]",0,White,40-59
/scratch/project_462000771/mengting/projects/bias/sana/prompt2/selected_faces/detected_disgusted/disgusted_person_0397_face0.png,White,White,Male,40-49,"[9.9655652e-01 2.8229215e-05 2.0480878e-03 1.4533600e-04 2.8974959e-04
 9.0862406e-05 8.4113324e-04]",[9.9594039e-01 1.1664006e-04 2.7487145e-03 1.1942307e-03],[9.999269e-01 7.302506e-05],"[3.5532665e-07 2.9140801e-06 1.4438172e-04 2.1266432e-02 2.6491633e-01
 5.7421976e-01 1.3723297e-01 2.1293384e-03 8.7499138e-05]",0,White,40-59
/scratch/project_462000771/mengting/projects/bias/sana/prompt2/selected_faces/detected_disgusted/disgusted_person_0398_face0.png,White,White,Male,40-49,"[0.49078286 0.00268875 0.3348625  0.00422633 0.01041192 0.0469245
 0.11010312]",[0.6040724  0.02975144 0.04950572 0.31667048],[0.9956138  0.00438614],"[3.16921323e-05 1.11521585e-04 1.32053019e-03 6.97514042e-03
 9.69694108e-02 5.58343470e-01 3.09188187e-01 2.63038445e-02
 7.56254129e-04]",0,White,40-59
/scratch/project_462000771/mengting/projects/bias/sana/prompt2/selected_faces/detected_disgusted/disgusted_person_0399_face0.png,White,White,Female,50-59,"[9.1736168e-01 1.8856433e-03 1.4133374e-02 6.0949026e-04 2.3910729e-03
 3.4740891e-02 2.8877918e-02]",[9.7409624e-01 3.2864907e-04 1.4894411e-03 2.4085741e-02],[0.4655489  0.53445107],"[1.5383768e-05 1.4932283e-04 8.8666554e-04 1.0181737e-02 2.8225403e-02
 1.4116505e-01 3.3527055e-01 2.9676780e-01 1.8733811e-01]",0,White,40-59
/scratch/project_462000771/mengting/projects/bias/sana/prompt2/selected_faces/detected_disgusted/disgusted_person_0400_face0.png,White,White,Male,30-39,"[9.9933141e-01 1.4330521e-07 2.5734838e-04 7.0786366e-05 7.5313219e-05
 1.4288743e-05 2.5073576e-04]",[9.99886215e-01 9.68614700e-07 1.02039754e-04 1.07654287e-05],[9.9970311e-01 2.9687388e-04],"[1.2938571e-07 5.8508394e-06 1.0676375e-03 3.7065047e-01 4.8251450e-01
 1.4219786e-01 3.5181791e-03 4.3908447e-05 1.4079656e-06]",0,White,20-39
/scratch/project_462000771/mengting/projects/bias/sana/prompt2/selected_faces/detected_disgusted/disgusted_person_0401_face0.png,White,White,Female,40-49,"[5.8076090e-01 8.9488289e-04 4.0414009e-02 1.5756731e-01 2.0371446e-01
 2.9064773e-04 1.6357720e-02]",[0.61256194 0.001649   0.3843953  0.00139379],[0.46974534 0.53025466],"[3.0478957e-05 2.9207568e-04 3.0964911e-03 4.1164327e-02 2.5354183e-01
 5.0403875e-01 1.8497786e-01 1.2125445e-02 7.3281681e-04]",0,White,40-59
/scratch/project_462000771/mengting/projects/bias/sana/prompt2/selected_faces/detected_disgusted/disgusted_person_0402_face0.png,White,White,Female,30-39,"[9.8606110e-01 1.1194998e-04 8.9822868e-03 3.2759787e-04 6.9685729e-04
 2.8601120e-04 3.5342674e-03]",[9.9283439e-01 4.1534051e-05 6.0032336e-03 1.1208190e-03],[0.05068083 0.9493191 ],"[1.7813541e-06 6.9280344e-05 4.0677944e-03 1.1059605e-01 4.4446138e-01
 3.9133656e-01 4.8305590e-02 1.1129484e-03 4.8539609e-05]",1,White,20-39
/scratch/project_462000771/mengting/projects/bias/sana/prompt2/selected_faces/detected_disgusted/disgusted_person_0403_face0.png,White,White,Female,20-29,"[9.9164665e-01 2.1569256e-05 4.7292486e-03 1.3646204e-04 9.9450655e-05
 1.2262884e-04 3.2439996e-03]",[9.9705344e-01 3.5830915e-05 2.8847030e-03 2.6019246e-05],[0.08224358 0.91775644],"[2.0411770e-07 1.0477422e-05 3.4210642e-03 4.8055032e-01 4.4105908e-01
 7.1896285e-02 2.9575382e-03 9.8861346e-05 6.2604568e-06]",0,White,20-39
/scratch/project_462000771/mengting/projects/bias/sana/prompt2/selected_faces/detected_disgusted/disgusted_person_0404_face0.png,White,White,Male,40-49,"[9.9386036e-01 4.0921601e-05 1.1897251e-03 1.8895252e-04 4.1248297e-04
 1.5686847e-04 4.1506933e-03]",[9.9930394e-01 1.7388338e-05 3.5491990e-04 3.2370546e-04],[9.9921727e-01 7.8274007e-04],"[7.4688551e-06 8.6455148e-05 3.2534613e-03 5.4178387e-02 1.5475975e-01
 5.1709455e-01 2.5569925e-01 1.3944838e-02 9.7586261e-04]",0,White,40-59
/scratch/project_462000771/mengting/projects/bias/sana/prompt2/selected_faces/detected_disgusted/disgusted_person_0405_face0.png,White,White,Female,40-49,"[9.7447282e-01 2.3980316e-04 1.8485572e-02 4.5639867e-04 9.5561752e-04
 1.0788799e-03 4.3110386e-03]",[9.9853170e-01 4.2643238e-05 8.5001875e-04 5.7559600e-04],[0.36170977 0.63829017],"[1.0108204e-06 8.8372271e-06 9.2980196e-04 5.8533441e-02 2.9006207e-01
 5.2224064e-01 1.2410695e-01 4.0145558e-03 1.0265729e-04]",0,White,40-59
/scratch/project_462000771/mengting/projects/bias/sana/prompt2/selected_faces/detected_disgusted/disgusted_person_0406_face0.png,Latino_Hispanic,Asian,Female,40-49,"[0.32131532 0.03461932 0.5484872  0.01684778 0.01359411 0.00997516
 0.05516112]",[0.20974223 0.05138403 0.7195678  0.019306  ],[0.0250828  0.97491723],"[8.3182986e-06 7.4112584e-05 1.9240972e-03 6.8650544e-02 3.8767350e-01
 4.1956142e-01 1.0253898e-01 1.7617973e-02 1.9510332e-03]",0,Others,40-59
/scratch/project_462000771/mengting/projects/bias/sana/prompt2/selected_faces/detected_disgusted/disgusted_person_0407_face0.png,White,White,Male,40-49,"[9.5551896e-01 6.7174897e-06 7.2323987e-03 3.5037365e-04 3.1706868e-04
 4.4752163e-04 3.6126997e-02]",[9.9953842e-01 1.1595255e-06 3.6912589e-04 9.1282192e-05],[9.9963558e-01 3.6441052e-04],"[1.41276096e-05 7.36210641e-05 8.78884690e-04 1.12684267e-02
 1.05609685e-01 5.25362372e-01 3.39553237e-01 1.66210476e-02
 6.18596212e-04]",0,White,40-59
/scratch/project_462000771/mengting/projects/bias/sana/prompt2/selected_faces/detected_disgusted/disgusted_person_0408_face0.png,White,White,Male,30-39,"[9.1620278e-01 4.1891597e-04 3.4827981e-02 5.9107528e-04 3.8523481e-03
 2.0362663e-03 4.2070642e-02]",[0.93749    0.00847118 0.04233205 0.01170681],[9.9976200e-01 2.3796778e-04],"[2.43611812e-05 6.21526502e-04 1.24264965e-02 1.16099186e-01
 4.43860322e-01 3.67767572e-01 5.73717393e-02 1.77338102e-03
 5.53629434e-05]",1,White,20-39
/scratch/project_462000771/mengting/projects/bias/sana/prompt2/selected_faces/detected_disgusted/disgusted_person_0409_face0.png,White,White,Female,40-49,"[9.7694027e-01 2.0510315e-04 5.9171841e-03 2.8191321e-04 5.1808299e-04
 5.9646473e-04 1.5541017e-02]",[9.9865407e-01 3.0823205e-05 6.6733634e-04 6.4779323e-04],[0.08955836 0.91044164],"[4.2787938e-06 5.0300823e-05 7.7551475e-04 2.5276462e-02 1.0984364e-01
 4.1944197e-01 3.8672554e-01 5.1085331e-02 6.7969612e-03]",0,White,40-59
/scratch/project_462000771/mengting/projects/bias/sana/prompt2/selected_faces/detected_disgusted/disgusted_person_0410_face0.png,White,White,Female,40-49,"[8.8299763e-01 3.7496753e-05 1.9700378e-02 6.4548699e-04 1.5926833e-03
 1.7907958e-03 9.3235508e-02]",[0.9747697  0.00134622 0.00963738 0.01424672],[0.25530642 0.7446935 ],"[6.3118991e-05 5.5888714e-04 5.0215907e-03 5.6473106e-02 1.8230073e-01
 4.0283394e-01 2.8386709e-01 5.3619426e-02 1.5262126e-02]",0,White,40-59
/scratch/project_462000771/mengting/projects/bias/sana/prompt2/selected_faces/detected_disgusted/disgusted_person_0411_face0.png,White,White,Male,40-49,"[9.9985129e-01 5.5412574e-08 4.6962668e-05 5.7508505e-06 5.9949602e-06
 6.3907351e-06 8.3513791e-05]",[9.9455261e-01 5.4360604e-05 7.5817568e-04 4.6347962e-03],[0.95920867 0.04079131],"[1.90330911e-06 4.86122008e-05 4.44787089e-03 7.82985911e-02
 2.46253088e-01 5.55566072e-01 1.12242043e-01 3.02212732e-03
 1.19685385e-04]",0,White,40-59
/scratch/project_462000771/mengting/projects/bias/sana/prompt2/selected_faces/detected_disgusted/disgusted_person_0412_face0.png,White,White,Male,30-39,"[9.9934620e-01 4.3250353e-07 1.1654288e-04 2.8614382e-05 4.3839693e-05
 5.4914203e-06 4.5904389e-04]",[9.9728817e-01 4.0000073e-06 2.5463339e-03 1.6143403e-04],[9.9934435e-01 6.5566931e-04],"[2.0427790e-06 1.6840623e-04 1.5464237e-02 3.0521539e-01 3.7573075e-01
 2.8075114e-01 2.2271506e-02 3.8457449e-04 1.2006469e-05]",1,White,20-39
/scratch/project_462000771/mengting/projects/bias/sana/prompt2/selected_faces/detected_disgusted/disgusted_person_0413_face0.png,White,White,Male,40-49,"[9.9302644e-01 2.2322156e-05 2.7353147e-03 1.2959656e-03 1.6174664e-03
 5.9180395e-05 1.2433199e-03]",[9.9100202e-01 1.2835773e-04 8.2502048e-03 6.1942427e-04],[0.9933453  0.00665472],"[8.9871455e-06 4.2982796e-05 1.6628151e-03 3.7929360e-02 1.2965259e-01
 4.3668270e-01 3.5929170e-01 3.3065800e-02 1.6629848e-03]",0,White,40-59
/scratch/project_462000771/mengting/projects/bias/sana/prompt2/selected_faces/detected_disgusted/disgusted_person_0414_face0.png,White,White,Male,40-49,"[9.9307102e-01 8.8288998e-06 3.1151024e-03 6.8185152e-04 1.2150605e-03
 2.9341737e-04 1.6146874e-03]",[9.926953e-01 2.922272e-06 6.823418e-03 4.784404e-04],[9.9998128e-01 1.8717505e-05],"[1.2765706e-06 4.2386626e-05 5.4278784e-03 1.2782153e-01 3.6691386e-01
 4.2568421e-01 7.1059197e-02 2.9848323e-03 6.4772394e-05]",0,White,40-59
/scratch/project_462000771/mengting/projects/bias/sana/prompt2/selected_faces/detected_disgusted/disgusted_person_0415_face0.png,White,White,Female,30-39,"[9.9448949e-01 3.5781968e-06 2.8744577e-03 4.3873195e-04 6.8579055e-04
 8.3420618e-04 6.7373604e-04]",[9.7547996e-01 9.7249955e-05 1.0430057e-02 1.3992715e-02],[0.00829849 0.9917015 ],"[1.2564600e-06 9.7563512e-05 5.4407115e-03 1.6564043e-01 3.9480758e-01
 3.9022404e-01 4.2762261e-02 9.5521269e-04 7.0939575e-05]",0,White,20-39
/scratch/project_462000771/mengting/projects/bias/sana/prompt2/selected_faces/detected_disgusted/disgusted_person_0416_face0.png,White,White,Male,40-49,"[9.9903023e-01 4.3054479e-07 6.3792593e-04 3.1268293e-05 4.1777312e-05
 5.4791570e-05 2.0347007e-04]",[9.9865025e-01 8.1890066e-06 1.1310906e-03 2.1043129e-04],[0.9977099  0.00229017],"[9.4685429e-06 1.9811263e-04 6.1735981e-03 1.2360040e-01 3.5594431e-01
 4.6253449e-01 5.0963331e-02 5.6036090e-04 1.5851427e-05]",0,White,40-59
/scratch/project_462000771/mengting/projects/bias/sana/prompt2/selected_faces/detected_disgusted/disgusted_person_0417_face0.png,White,White,Male,50-59,"[0.85401475 0.00200469 0.08379742 0.00951398 0.02325445 0.00263241
 0.02478231]",[0.962658   0.00450875 0.02824554 0.0045877 ],[0.9975567  0.00244331],"[1.7936345e-05 2.2058102e-05 2.7843544e-04 1.0991808e-03 8.1073940e-03
 1.3474305e-01 6.2429786e-01 2.1676382e-01 1.4670299e-02]",0,White,40-59
/scratch/project_462000771/mengting/projects/bias/sana/prompt2/selected_faces/detected_disgusted/disgusted_person_0418_face0.png,White,White,Male,40-49,"[9.8946959e-01 5.1659252e-05 1.8124763e-03 2.5583582e-05 2.1609775e-04
 5.3082011e-04 7.8939330e-03]",[9.9652416e-01 2.9202418e-05 3.1984365e-03 2.4829304e-04],[0.99671507 0.00328491],"[3.8554549e-06 1.4430414e-04 1.0141278e-02 1.6862084e-01 2.9471144e-01
 4.0263033e-01 1.1797181e-01 5.5762124e-03 1.9988358e-04]",0,White,40-59
/scratch/project_462000771/mengting/projects/bias/sana/prompt2/selected_faces/detected_disgusted/disgusted_person_0419_face0.png,White,White,Male,30-39,"[9.7115678e-01 2.6854803e-04 2.0150380e-02 7.9396932e-04 3.4377992e-03
 1.4354824e-03 2.7570010e-03]",[9.7423428e-01 1.5271711e-04 2.3030151e-02 2.5828702e-03],[0.68521744 0.31478253],"[4.0813452e-06 2.8902883e-04 1.0568830e-02 1.4002164e-01 4.8513398e-01
 3.1764606e-01 4.5045443e-02 1.2244838e-03 6.6558714e-05]",1,White,20-39
/scratch/project_462000771/mengting/projects/bias/sana/prompt2/selected_faces/detected_disgusted/disgusted_person_0420_face0.png,White,White,Male,40-49,"[9.2538428e-01 1.6836675e-04 4.9812272e-03 8.9469616e-04 2.6900556e-03
 8.7484467e-04 6.5006405e-02]",[9.9876028e-01 6.2467821e-05 6.9419446e-04 4.8303447e-04],[0.9966675 0.0033325],"[1.8085817e-06 2.4445573e-05 1.1180817e-03 2.0798570e-02 1.5350430e-01
 5.5554920e-01 2.5526190e-01 1.2259667e-02 1.4820066e-03]",0,White,40-59
/scratch/project_462000771/mengting/projects/bias/sana/prompt2/selected_faces/detected_disgusted/disgusted_person_0421_face0.png,White,Asian,Female,30-39,"[0.49183547 0.01391975 0.3292638  0.03742043 0.11303078 0.00219546
 0.01233424]",[2.0490324e-01 1.4132784e-02 7.8041053e-01 5.5339676e-04],[0.0037697 0.9962303],"[5.8506698e-06 6.3511974e-04 3.3696238e-02 2.5054356e-01 5.6570989e-01
 1.4070912e-01 8.4087858e-03 2.8234554e-04 9.1141219e-06]",0,White,20-39
/scratch/project_462000771/mengting/projects/bias/sana/prompt2/selected_faces/detected_disgusted/disgusted_person_0422_face0.png,White,White,Female,30-39,"[9.9742424e-01 5.2600804e-05 1.0654991e-03 1.3152753e-05 4.7597186e-05
 5.2393548e-04 8.7294367e-04]",[9.9904579e-01 1.0809248e-04 1.6316544e-04 6.8302569e-04],[0.24737227 0.75262773],"[2.6254915e-07 3.1715281e-06 3.5942133e-04 9.0555884e-02 4.7365785e-01
 3.8769871e-01 4.5808144e-02 1.7811107e-03 1.3540423e-04]",0,White,20-39
/scratch/project_462000771/mengting/projects/bias/sana/prompt2/selected_faces/detected_disgusted/disgusted_person_0423_face0.png,White,White,Male,20-29,"[9.6394831e-01 4.5270237e-05 1.3435742e-02 1.2047968e-03 2.2059274e-03
 1.0341096e-03 1.8125759e-02]",[0.97674084 0.00172062 0.01134653 0.01019198],[0.7037619  0.29623815],"[4.6593468e-07 9.0957488e-05 2.6611293e-02 5.7406694e-01 3.5500431e-01
 4.3210793e-02 9.9392969e-04 1.9497413e-05 1.8146974e-06]",0,White,20-39
/scratch/project_462000771/mengting/projects/bias/sana/prompt2/selected_faces/detected_disgusted/disgusted_person_0424_face0.png,White,White,Male,30-39,"[9.9668938e-01 5.6751094e-05 1.3282555e-03 7.2938848e-05 1.3026879e-04
 1.4674074e-04 1.5757740e-03]",[9.9279493e-01 4.9092079e-04 4.9685640e-03 1.7454914e-03],[9.9915016e-01 8.4987609e-04],"[3.3889858e-06 4.5329401e-05 2.3972555e-03 1.2278666e-01 4.4512218e-01
 3.6879054e-01 5.8682773e-02 2.0924555e-03 7.9425270e-05]",0,White,20-39
/scratch/project_462000771/mengting/projects/bias/sana/prompt2/selected_faces/detected_disgusted/disgusted_person_0425_face0.png,White,White,Male,40-49,"[9.8408628e-01 6.5808927e-05 4.2250599e-03 1.8059070e-03 2.9489400e-03
 1.1418911e-03 5.7261325e-03]",[9.9245727e-01 7.6250367e-06 2.3093834e-03 5.2256756e-03],[0.9845546 0.0154454],"[1.08260516e-04 2.67029251e-03 1.93271190e-02 9.89086181e-02
 1.84473872e-01 4.02547330e-01 2.57387489e-01 3.11359353e-02
 3.44106834e-03]",0,White,40-59
/scratch/project_462000771/mengting/projects/bias/sana/prompt2/selected_faces/detected_disgusted/disgusted_person_0426_face0.png,White,White,Male,30-39,"[9.0804750e-01 1.2256285e-04 3.2538187e-02 1.5512602e-04 5.5209739e-04
 6.8503274e-03 5.1734179e-02]",[9.4205952e-01 3.1775743e-04 4.0310517e-02 1.7312184e-02],[0.70366293 0.296337  ],"[1.9914678e-06 1.9585214e-05 2.3976103e-03 1.4907013e-01 3.7584361e-01
 3.5935584e-01 1.0624783e-01 6.4306157e-03 6.3278183e-04]",1,White,20-39
/scratch/project_462000771/mengting/projects/bias/sana/prompt2/selected_faces/detected_disgusted/disgusted_person_0427_face0.png,White,White,Male,40-49,"[9.9772877e-01 4.9282817e-06 5.2030099e-04 2.0667751e-05 3.4017368e-05
 6.2293955e-05 1.6290508e-03]",[9.9777770e-01 1.1134443e-04 1.7839419e-03 3.2705258e-04],[9.993547e-01 6.452485e-04],"[2.0958940e-05 9.8924917e-05 1.4996163e-03 2.6143102e-02 1.9619851e-01
 5.8578420e-01 1.8347175e-01 6.5689767e-03 2.1395923e-04]",0,White,40-59
/scratch/project_462000771/mengting/projects/bias/sana/prompt2/selected_faces/detected_disgusted/disgusted_person_0428_face0.png,White,White,Male,30-39,"[9.9773043e-01 1.1437157e-05 1.3147325e-03 4.7883776e-05 1.1908678e-04
 4.9385817e-05 7.2712341e-04]",[9.9834830e-01 7.3648002e-06 1.4517567e-03 1.9261407e-04],[9.998034e-01 1.965919e-04],"[6.6557322e-07 3.2832180e-05 3.4013547e-03 2.8044292e-01 5.1484245e-01
 1.9278149e-01 8.3943419e-03 1.0093275e-04 3.0240894e-06]",0,White,20-39
/scratch/project_462000771/mengting/projects/bias/sana/prompt2/selected_faces/detected_disgusted/disgusted_person_0429_face0.png,White,White,Female,40-49,"[8.5270900e-01 6.5842969e-04 3.8506571e-02 4.1395854e-02 1.3827172e-02
 1.4337234e-03 5.1469304e-02]",[9.7730452e-01 2.5689148e-04 2.0945454e-02 1.4931606e-03],[0.03218835 0.9678117 ],"[8.2631141e-06 4.2667089e-05 6.9845811e-04 6.9647998e-02 2.4284028e-01
 5.4011142e-01 1.2796468e-01 1.6715268e-02 1.9710150e-03]",0,White,40-59
/scratch/project_462000771/mengting/projects/bias/sana/prompt2/selected_faces/detected_disgusted/disgusted_person_0430_face0.png,White,White,Female,30-39,"[9.6294820e-01 1.0311150e-05 1.7182335e-02 5.2997208e-04 6.1683299e-04
 4.9518456e-04 1.8217145e-02]",[9.7344619e-01 2.8811223e-04 5.7244389e-03 2.0541223e-02],[0.04121605 0.958784  ],"[7.5263166e-08 6.9540999e-07 2.9872425e-04 8.1909612e-02 4.5619398e-01
 4.2598584e-01 3.4911558e-02 6.8591617e-04 1.3616805e-05]",0,White,20-39
/scratch/project_462000771/mengting/projects/bias/sana/prompt2/selected_faces/detected_disgusted/disgusted_person_0431_face0.png,White,White,Male,40-49,"[9.9168116e-01 8.8173675e-07 2.6813352e-03 4.3099359e-04 5.8440561e-04
 6.2819709e-05 4.5584850e-03]",[9.8659712e-01 5.1545412e-06 1.3218103e-02 1.7964440e-04],[9.993246e-01 6.753685e-04],"[2.6019883e-05 1.2935865e-04 5.1409756e-03 5.2355498e-02 1.9734234e-01
 4.2415929e-01 2.9412475e-01 2.5815597e-02 9.0617128e-04]",0,White,40-59
/scratch/project_462000771/mengting/projects/bias/sana/prompt2/selected_faces/detected_disgusted/disgusted_person_0432_face0.png,White,White,Male,40-49,"[9.1280246e-01 1.1768614e-05 3.4300294e-03 3.8233090e-03 2.9288554e-03
 3.9939297e-04 7.6604165e-02]",[8.1737399e-01 1.4513434e-04 1.7693633e-01 5.5445731e-03],[0.99803907 0.00196097],"[1.1354743e-04 1.3172424e-03 1.4786627e-02 8.1823155e-02 2.3839189e-01
 4.9390921e-01 1.5694717e-01 1.2115171e-02 5.9606798e-04]",0,White,40-59
/scratch/project_462000771/mengting/projects/bias/sana/prompt2/selected_faces/detected_disgusted/disgusted_person_0433_face0.png,White,White,Female,30-39,"[9.3655729e-01 5.7126268e-05 4.2110499e-02 1.0305034e-02 6.5018935e-03
 1.3912617e-03 3.0769212e-03]",[9.9834400e-01 2.3206167e-06 1.1352446e-03 5.1840674e-04],[0.36831522 0.6316848 ],"[3.5113167e-06 2.0413303e-04 9.5312474e-03 2.3688304e-01 5.6974047e-01
 1.7509209e-01 8.3937114e-03 1.4702303e-04 4.8303177e-06]",0,White,20-39
/scratch/project_462000771/mengting/projects/bias/sana/prompt2/selected_faces/detected_disgusted/disgusted_person_0434_face0.png,White,White,Female,30-39,"[6.8859196e-01 3.3418302e-04 1.8083338e-01 9.2771975e-04 2.1052416e-03
 3.8459837e-02 8.8747703e-02]",[8.8728011e-01 3.3610692e-04 2.7021712e-02 8.5362062e-02],[0.01272918 0.98727083],"[1.1959665e-06 2.8251396e-05 2.8668628e-03 1.5542474e-01 4.6484998e-01
 3.4615162e-01 2.8396560e-02 2.0656625e-03 2.1509282e-04]",0,White,20-39
/scratch/project_462000771/mengting/projects/bias/sana/prompt2/selected_faces/detected_disgusted/disgusted_person_0435_face0.png,White,White,Female,40-49,"[0.52671915 0.00116293 0.09550851 0.00607048 0.00323637 0.00644193
 0.36086062]",[0.94098705 0.00127184 0.02376167 0.03397946],[0.00430106 0.995699  ],"[8.8547113e-06 1.1528979e-04 2.5385160e-03 9.9943362e-02 4.0741497e-01
 4.1918644e-01 6.7292035e-02 3.3180632e-03 1.8240800e-04]",0,White,40-59
/scratch/project_462000771/mengting/projects/bias/sana/prompt2/selected_faces/detected_disgusted/disgusted_person_0436_face0.png,White,White,Male,50-59,"[9.8700613e-01 2.2501974e-05 6.2632305e-03 7.6320831e-04 1.0153672e-03
 2.7806230e-04 4.6515372e-03]",[9.213149e-01 6.258305e-04 7.176494e-02 6.294297e-03],[0.9666312  0.03336882],"[1.8697352e-05 1.3179499e-04 1.4214752e-03 4.9952925e-03 3.6497917e-02
 2.6169071e-01 6.1793667e-01 7.3159143e-02 4.1482328e-03]",0,White,40-59
/scratch/project_462000771/mengting/projects/bias/sana/prompt2/selected_faces/detected_disgusted/disgusted_person_0437_face0.png,White,White,Female,40-49,"[9.9661660e-01 1.1798172e-06 4.9696316e-04 1.5969160e-04 1.8613982e-04
 6.8549722e-05 2.4708556e-03]",[9.6099669e-01 1.6769056e-05 3.6695153e-02 2.2913595e-03],[0.02290629 0.9770937 ],"[3.4877345e-07 1.1676790e-05 1.3773049e-03 1.5620136e-01 3.1967914e-01
 4.0544847e-01 1.1075039e-01 5.7898634e-03 7.4141042e-04]",0,White,40-59
/scratch/project_462000771/mengting/projects/bias/sana/prompt2/selected_faces/detected_disgusted/disgusted_person_0438_face0.png,White,White,Female,30-39,"[0.69857687 0.00081395 0.24426804 0.00213621 0.00498813 0.00526261
 0.04395416]",[0.94499594 0.01583452 0.02907452 0.01009501],[0.00391221 0.9960878 ],"[2.2101271e-06 5.8713751e-05 2.0253893e-03 1.1785677e-01 5.8417606e-01
 2.7236673e-01 2.2920731e-02 5.8208674e-04 1.1296565e-05]",0,White,20-39
/scratch/project_462000771/mengting/projects/bias/sana/prompt2/selected_faces/detected_disgusted/disgusted_person_0439_face0.png,White,White,Male,20-29,"[9.9807805e-01 4.2202414e-06 4.9935881e-04 1.3821114e-04 2.2168690e-04
 2.6785856e-05 1.0316944e-03]",[9.9118692e-01 3.5610919e-05 8.6731967e-03 1.0431251e-04],[0.84525615 0.15474387],"[2.2581742e-05 8.8916870e-04 3.1971868e-02 3.2718283e-01 2.6408702e-01
 3.0648261e-01 6.5709136e-02 3.3260884e-03 3.2877974e-04]",0,White,20-39
/scratch/project_462000771/mengting/projects/bias/sana/prompt2/selected_faces/detected_disgusted/disgusted_person_0440_face0.png,White,White,Female,40-49,"[7.4916303e-01 2.2254726e-04 3.8588878e-02 1.8615864e-04 8.8229310e-04
 1.2220734e-02 1.9873641e-01]",[0.9873284  0.00172189 0.00239158 0.00855809],[0.04887083 0.95112914],"[2.7091230e-06 1.9068279e-05 4.9736229e-04 2.5541890e-02 2.5043267e-01
 5.6872332e-01 1.4361526e-01 1.0140097e-02 1.0276909e-03]",0,White,40-59
/scratch/project_462000771/mengting/projects/bias/sana/prompt2/selected_faces/detected_disgusted/disgusted_person_0441_face0.png,White,White,Female,30-39,"[9.9220181e-01 2.2394509e-06 2.3616834e-03 2.0205693e-05 6.1913655e-05
 5.1633152e-04 4.8357369e-03]",[9.9261004e-01 3.9338687e-04 1.7668116e-03 5.2297506e-03],[0.01840873 0.9815913 ],"[8.5259353e-07 3.5615336e-05 2.5846576e-03 1.6860008e-01 6.1488122e-01
 2.0846726e-01 5.3658835e-03 6.2392544e-05 2.1094004e-06]",0,White,20-39
/scratch/project_462000771/mengting/projects/bias/sana/prompt2/selected_faces/detected_disgusted/disgusted_person_0442_face0.png,White,White,Female,40-49,"[9.4685251e-01 5.0707727e-05 1.1964751e-02 1.1529826e-03 8.8405149e-04
 4.9962325e-04 3.8595267e-02]",[9.6553612e-01 6.0996234e-05 3.3748124e-02 6.5475039e-04],[0.42674732 0.5732527 ],"[1.7110680e-06 1.3843079e-05 8.8282611e-04 6.0296640e-02 2.8288898e-01
 5.1519561e-01 1.3281159e-01 7.4677104e-03 4.4105237e-04]",0,White,40-59
/scratch/project_462000771/mengting/projects/bias/sana/prompt2/selected_faces/detected_disgusted/disgusted_person_0443_face0.png,White,White,Male,40-49,"[8.8376027e-01 9.7750772e-06 1.9225113e-02 6.3389336e-05 2.4098225e-04
 2.2174309e-03 9.4483025e-02]",[9.9720174e-01 9.8780612e-05 1.3871747e-03 1.3122697e-03],[0.65921146 0.3407885 ],"[3.92631682e-06 1.06063148e-04 5.59281837e-03 1.22130945e-01
 3.87344867e-01 4.36659545e-01 4.65778559e-02 1.51642330e-03
 6.75763731e-05]",0,White,40-59
/scratch/project_462000771/mengting/projects/bias/sana/prompt2/selected_faces/detected_disgusted/disgusted_person_0444_face0.png,White,Black,Female,40-49,"[0.6533687  0.01327714 0.12008322 0.01709528 0.02332275 0.03405897
 0.13879389]",[0.3043999  0.34477514 0.291694   0.05913099],[0.00462109 0.9953789 ],"[2.6976516e-06 2.9664547e-05 4.6842938e-04 2.3413824e-02 1.9752066e-01
 5.1688558e-01 2.3828122e-01 2.2195971e-02 1.2019922e-03]",0,White,40-59
/scratch/project_462000771/mengting/projects/bias/sana/prompt2/selected_faces/detected_disgusted/disgusted_person_0445_face0.png,White,White,Male,40-49,"[0.7565287  0.0008735  0.10929758 0.02068386 0.05652238 0.00915967
 0.04693444]",[9.9191463e-01 1.3169540e-04 4.2880285e-03 3.6656158e-03],[0.9945272  0.00547273],"[1.02255086e-04 2.27880990e-03 1.09851547e-02 3.80375572e-02
 1.96960792e-01 5.05814314e-01 2.32069999e-01 1.32902311e-02
 4.60914045e-04]",0,White,40-59
/scratch/project_462000771/mengting/projects/bias/sana/prompt2/selected_faces/detected_disgusted/disgusted_person_0446_face0.png,White,White,Male,50-59,"[0.9237706  0.00099731 0.01324452 0.02060345 0.03752882 0.00279671
 0.00105859]",[9.6252370e-01 5.7148229e-04 3.3644561e-02 3.2602807e-03],[0.93356746 0.06643257],"[6.0294688e-06 8.2507628e-05 1.5330288e-03 2.7116260e-02 8.7833352e-02
 4.0624374e-01 4.2300072e-01 5.0129294e-02 4.0549589e-03]",0,White,40-59
/scratch/project_462000771/mengting/projects/bias/sana/prompt2/selected_faces/detected_disgusted/disgusted_person_0447_face0.png,White,White,Male,30-39,"[9.9124861e-01 1.2205083e-05 5.7876231e-03 4.3517741e-04 1.0113583e-03
 8.6651991e-05 1.4182030e-03]",[9.9467051e-01 3.9012218e-04 4.1182800e-03 8.2107540e-04],[9.9997586e-01 2.4142228e-05],"[2.1337914e-06 1.3047351e-04 1.4772503e-02 2.5703675e-01 4.9636167e-01
 2.2095755e-01 1.0614339e-02 1.2190965e-04 2.6989271e-06]",0,White,20-39
/scratch/project_462000771/mengting/projects/bias/sana/prompt2/selected_faces/detected_disgusted/disgusted_person_0448_face0.png,White,White,Male,40-49,"[9.5878941e-01 2.0868525e-04 2.2348931e-02 4.0858999e-04 9.0028066e-04
 1.0218708e-03 1.6322177e-02]",[9.9575388e-01 5.1246252e-04 1.6548362e-03 2.0788591e-03],[0.9936394  0.00636064],"[1.5901703e-06 1.1697640e-05 6.4315234e-04 3.8541954e-02 2.9981557e-01
 5.4179859e-01 1.1631650e-01 2.7736509e-03 9.7355689e-05]",0,White,40-59
/scratch/project_462000771/mengting/projects/bias/sana/prompt2/selected_faces/detected_disgusted/disgusted_person_0449_face0.png,White,White,Female,30-39,"[0.8469908  0.00117419 0.11513703 0.00286625 0.00888987 0.00277371
 0.02216805]",[0.8963378  0.05805675 0.02933307 0.01627241],[0.02479681 0.97520316],"[1.71078455e-06 4.65330959e-05 4.38937685e-03 1.22377604e-01
 4.83001649e-01 3.17964613e-01 6.93727732e-02 2.76097516e-03
 8.48678610e-05]",0,White,20-39
/scratch/project_462000771/mengting/projects/bias/sana/prompt2/selected_faces/detected_disgusted/disgusted_person_0450_face0.png,White,White,Male,50-59,"[8.0544907e-01 7.9719573e-03 8.4697053e-02 5.6270784e-04 1.5956751e-03
 6.5909023e-03 9.3132615e-02]",[0.8970129  0.03217834 0.0209502  0.04985861],[0.78014594 0.21985403],"[8.9818950e-06 1.2949238e-05 1.9798585e-04 4.1144183e-03 2.4366975e-02
 1.5036573e-01 5.4000682e-01 2.5762984e-01 2.3296328e-02]",0,White,40-59
/scratch/project_462000771/mengting/projects/bias/sana/prompt2/selected_faces/detected_disgusted/disgusted_person_0451_face0.png,White,White,Male,40-49,"[9.9375397e-01 2.0799176e-05 3.7384644e-04 4.7168779e-04 7.2632590e-04
 1.3018712e-04 4.5232638e-03]",[0.8592537  0.00416372 0.11620808 0.02037455],[9.9990636e-01 9.3679453e-05],"[1.20971135e-05 7.37781666e-05 9.39279038e-04 5.19165732e-02
 2.20624477e-01 4.90447670e-01 2.22127557e-01 1.32329809e-02
 6.25585730e-04]",0,White,40-59
/scratch/project_462000771/mengting/projects/bias/sana/prompt2/selected_faces/detected_disgusted/disgusted_person_0452_face0.png,White,White,Female,30-39,"[9.0879935e-01 3.5652876e-04 5.0367318e-02 5.2398402e-04 1.5307253e-03
 3.2297494e-03 3.5192370e-02]",[0.9879821  0.00102131 0.00857676 0.00241988],[0.05238715 0.9476128 ],"[3.2348765e-07 8.7015724e-05 1.4523146e-02 3.7945935e-01 5.3659290e-01
 6.7578286e-02 1.7313631e-03 2.7061547e-05 5.9533056e-07]",1,White,20-39
/scratch/project_462000771/mengting/projects/bias/sana/prompt2/selected_faces/detected_disgusted/disgusted_person_0453_face0.png,White,White,Male,40-49,"[9.7455508e-01 1.4051977e-04 9.2342207e-03 3.5962372e-04 2.9894247e-04
 2.9188645e-04 1.5119683e-02]",[9.9829882e-01 1.0815858e-05 1.2241188e-03 4.6621007e-04],[0.7616382 0.2383618],"[3.5911723e-06 1.9434850e-05 4.2789039e-04 1.0974358e-02 9.7871467e-02
 4.5982134e-01 3.8466799e-01 4.3792531e-02 2.4213961e-03]",0,White,40-59
/scratch/project_462000771/mengting/projects/bias/sana/prompt2/selected_faces/detected_disgusted/disgusted_person_0454_face0.png,White,White,Female,30-39,"[0.76968014 0.00748113 0.07084798 0.0193896  0.04165594 0.01313621
 0.07780904]",[0.5541667  0.15301436 0.26693204 0.02588689],[0.02638534 0.9736147 ],"[1.8578149e-06 4.8068785e-05 7.4734804e-03 2.1565688e-01 5.4717696e-01
 2.1577337e-01 1.3574451e-02 2.8754663e-04 7.3754609e-06]",0,White,20-39
/scratch/project_462000771/mengting/projects/bias/sana/prompt2/selected_faces/detected_disgusted/disgusted_person_0455_face0.png,White,White,Female,30-39,"[9.9847281e-01 5.3725881e-07 7.9200469e-04 9.7782495e-06 1.6792630e-05
 5.0621988e-05 6.5735949e-04]",[9.9943203e-01 1.2413685e-05 4.2430981e-04 1.3117953e-04],[0.00356064 0.99643934],"[2.2353733e-07 1.9767271e-05 3.6560576e-03 2.5952449e-01 4.6245298e-01
 2.6325065e-01 1.0940875e-02 1.4642884e-04 8.6132923e-06]",0,White,20-39
/scratch/project_462000771/mengting/projects/bias/sana/prompt2/selected_faces/detected_disgusted/disgusted_person_0456_face0.png,White,White,Male,40-49,"[9.9980962e-01 9.0305264e-08 8.2759449e-05 2.2865561e-06 3.0602669e-06
 1.4697810e-05 8.7454617e-05]",[9.9985403e-01 1.0594051e-06 1.3663328e-05 1.3126225e-04],[9.9984783e-01 1.5223048e-04],"[5.9483148e-07 7.6815468e-06 1.1286169e-03 3.6134548e-02 1.4471449e-01
 5.9497112e-01 2.1913868e-01 3.8266676e-03 7.7606812e-05]",0,White,40-59
/scratch/project_462000771/mengting/projects/bias/sana/prompt2/selected_faces/detected_disgusted/disgusted_person_0457_face0.png,White,White,Male,40-49,"[9.92756367e-01 3.98185921e-06 2.46034306e-03 1.10792964e-04
 2.28281046e-04 6.41158040e-05 4.37613530e-03]",[9.9719930e-01 5.1562380e-05 2.6267713e-03 1.2231311e-04],[0.9952628  0.00473721],"[9.3512597e-07 7.9673382e-06 1.1135123e-03 7.2699070e-02 3.5876888e-01
 4.9561599e-01 7.0478372e-02 1.2865743e-03 2.8774819e-05]",0,White,40-59
/scratch/project_462000771/mengting/projects/bias/sana/prompt2/selected_faces/detected_disgusted/disgusted_person_0458_face0.png,White,White,Male,30-39,"[9.7523803e-01 1.3599573e-05 2.0366063e-02 1.3382721e-03 1.4091029e-03
 2.8198442e-04 1.3529249e-03]",[9.7944534e-01 8.3781182e-05 1.9896822e-02 5.7402579e-04],[0.5702989  0.42970112],"[7.4119697e-07 9.6696829e-05 2.1444952e-02 3.5376185e-01 4.9369651e-01
 1.2683579e-01 4.0902602e-03 7.0621652e-05 2.6161892e-06]",1,White,20-39
/scratch/project_462000771/mengting/projects/bias/sana/prompt2/selected_faces/detected_disgusted/disgusted_person_0459_face0.png,White,White,Male,40-49,"[9.9736255e-01 2.0342457e-05 1.3715317e-03 2.4490172e-04 2.6197667e-04
 7.9824873e-05 6.5883895e-04]",[9.768813e-01 8.839123e-04 1.402496e-02 8.209888e-03],[9.9946725e-01 5.3275563e-04],"[1.2842972e-05 8.5161293e-05 1.3611254e-03 2.7601814e-02 1.2109138e-01
 4.0769443e-01 4.0551594e-01 3.4391668e-02 2.2456921e-03]",0,White,40-59
/scratch/project_462000771/mengting/projects/bias/sana/prompt2/selected_faces/detected_disgusted/disgusted_person_0460_face0.png,White,White,Male,30-39,"[9.9822825e-01 5.8574383e-06 8.2949630e-04 1.6610102e-05 5.6976463e-05
 1.1984093e-04 7.4293581e-04]",[9.9593413e-01 6.5120985e-05 2.6334925e-03 1.3672132e-03],[0.99741834 0.00258173],"[1.8915188e-06 1.0495820e-04 9.2979157e-03 2.3045745e-01 3.9030319e-01
 3.3866367e-01 3.0421048e-02 7.1402238e-04 3.5856538e-05]",0,White,20-39
/scratch/project_462000771/mengting/projects/bias/sana/prompt2/selected_faces/detected_disgusted/disgusted_person_0461_face0.png,Latino_Hispanic,Indian,Male,40-49,"[0.24195318 0.00110487 0.4861779  0.02882508 0.06649569 0.06296565
 0.11247772]",[0.16755486 0.0276857  0.12503996 0.6797195 ],[0.5546072 0.4453928],"[3.6613538e-04 2.1289680e-03 9.9765323e-03 5.0420281e-02 2.0527872e-01
 5.0938159e-01 2.0030999e-01 2.1299366e-02 8.3836046e-04]",0,Others,40-59
/scratch/project_462000771/mengting/projects/bias/sana/prompt2/selected_faces/detected_disgusted/disgusted_person_0462_face0.png,White,White,Male,70+,"[9.9280971e-01 1.3589188e-05 1.3989488e-03 9.3404800e-05 3.0355281e-04
 5.8131985e-04 4.7994908e-03]",[9.9869621e-01 1.3286474e-05 3.7042506e-04 9.2003861e-04],[0.95124483 0.04875519],"[5.6457511e-06 2.5215935e-05 4.7107373e-04 7.1964841e-03 2.0861210e-02
 1.1078256e-01 2.8362295e-01 2.4818157e-01 3.2885331e-01]",0,White,60+
/scratch/project_462000771/mengting/projects/bias/sana/prompt2/selected_faces/detected_disgusted/disgusted_person_0463_face0.png,White,White,Male,30-39,"[9.2543417e-01 1.9111485e-05 7.0878025e-03 3.2738827e-02 3.1744435e-02
 6.3964759e-04 2.3360278e-03]",[6.3580227e-01 3.3955537e-05 3.6349365e-01 6.7011162e-04],[9.9969810e-01 3.0184013e-04],"[5.4689011e-05 2.6506733e-03 6.0523387e-02 1.7928751e-01 3.6071318e-01
 3.0050278e-01 9.2965797e-02 3.2155274e-03 8.6404179e-05]",0,White,20-39
/scratch/project_462000771/mengting/projects/bias/sana/prompt2/selected_faces/detected_disgusted/disgusted_person_0464_face0.png,White,White,Male,30-39,"[9.8985869e-01 1.1026563e-05 1.6701318e-03 2.7021434e-04 5.0415035e-04
 1.1626438e-04 7.5695813e-03]",[9.9583685e-01 1.9795512e-05 3.6355215e-03 5.0783751e-04],[9.999050e-01 9.499439e-05],"[4.4945882e-06 1.9351827e-04 1.0715253e-02 1.6629077e-01 3.9606336e-01
 3.8757131e-01 3.8454562e-02 6.8789965e-04 1.8842391e-05]",0,White,20-39
/scratch/project_462000771/mengting/projects/bias/sana/prompt2/selected_faces/detected_disgusted/disgusted_person_0465_face0.png,East Asian,Asian,Female,30-39,"[0.13908483 0.00158149 0.10608471 0.39784917 0.35100782 0.00162378
 0.00276821]",[0.3365776  0.00090631 0.65759027 0.00492588],[0.01705277 0.98294723],"[2.7869632e-05 3.5855547e-04 5.6063235e-03 7.5844809e-02 4.9084982e-01
 3.8989508e-01 3.5776637e-02 1.5877285e-03 5.3160249e-05]",0,Asian,20-39
/scratch/project_462000771/mengting/projects/bias/sana/prompt2/selected_faces/detected_disgusted/disgusted_person_0466_face0.png,White,White,Male,50-59,"[9.7866666e-01 1.2809361e-04 6.4934581e-03 5.0246324e-03 4.6839411e-03
 4.4500403e-04 4.5582210e-03]",[7.3671341e-01 1.0371044e-04 2.6180077e-01 1.3821003e-03],[9.9986434e-01 1.3565965e-04],"[1.6627087e-05 7.8839897e-05 1.2990743e-03 1.3307138e-02 6.8115324e-02
 3.5248840e-01 5.1553780e-01 4.7524512e-02 1.6322976e-03]",0,White,40-59
/scratch/project_462000771/mengting/projects/bias/sana/prompt2/selected_faces/detected_disgusted/disgusted_person_0467_face0.png,White,White,Female,40-49,"[9.8523998e-01 4.3844244e-05 1.0538127e-02 4.2853746e-04 4.8277280e-04
 9.9692703e-04 2.2697875e-03]",[9.9065471e-01 2.3281008e-04 8.3030201e-03 8.0944150e-04],[0.02615772 0.97384226],"[1.7203442e-06 2.5689786e-05 1.2340909e-03 7.0889115e-02 2.3100066e-01
 4.4947061e-01 2.2253659e-01 2.2195458e-02 2.6461619e-03]",0,White,40-59
/scratch/project_462000771/mengting/projects/bias/sana/prompt2/selected_faces/detected_disgusted/disgusted_person_0468_face0.png,White,White,Female,40-49,"[0.7159931  0.00096447 0.19020261 0.01555652 0.01492061 0.00563588
 0.05672687]",[0.8274595  0.00237369 0.1573294  0.01283742],[0.00943539 0.99056464],"[5.0144376e-06 9.5799565e-05 3.8793881e-03 4.1661154e-02 2.1744555e-01
 4.8147237e-01 2.2995555e-01 2.3750724e-02 1.7345195e-03]",0,White,40-59
/scratch/project_462000771/mengting/projects/bias/sana/prompt2/selected_faces/detected_disgusted/disgusted_person_0469_face0.png,White,White,Male,40-49,"[9.4157720e-01 2.5566953e-05 1.5736887e-02 1.2618225e-03 2.1622654e-03
 1.3256422e-03 3.7910603e-02]",[9.7454947e-01 4.0579142e-04 2.3346042e-02 1.6987046e-03],[0.7486917  0.25130832],"[1.6068947e-05 1.6599763e-04 6.6629332e-03 1.0746862e-01 3.8843808e-01
 4.4246742e-01 5.3658761e-02 1.0895318e-03 3.2586850e-05]",0,White,40-59
/scratch/project_462001220/mengting/projects_771/bias/sana/prompt2/complete_selected_faces/detected_disgusted/0470_face0.png,White,White,Male,40-49,"[9.4279802e-01 2.1146516e-04 3.9063063e-02 7.1379304e-04 1.9110517e-03
 6.3532493e-03 8.9492910e-03]",[9.7167945e-01 1.4036440e-04 2.2060631e-03 2.5974158e-02],[9.9967194e-01 3.2806600e-04],"[1.2917714e-05 5.2959594e-04 1.7776655e-02 9.7761944e-02 2.9591691e-01
 4.9708372e-01 8.8452332e-02 2.3821644e-03 8.3746068e-05]",0,White,40-59
/scratch/project_462000771/mengting/projects/bias/sana/prompt2/selected_faces/detected_disgusted/disgusted_person_0471_face0.png,White,White,Male,20-29,"[9.8880631e-01 2.6643771e-05 6.4372062e-03 1.8497683e-03 1.6029170e-03
 4.5973717e-05 1.2311743e-03]",[9.8960370e-01 6.3633183e-06 1.0373355e-02 1.6609936e-05],[9.9994618e-01 5.3826545e-05],"[9.1433634e-07 1.4966792e-04 1.8752092e-02 6.0115373e-01 3.5499075e-01
 2.4590431e-02 3.5865308e-04 3.7179425e-06 6.8567509e-08]",0,White,20-39
/scratch/project_462000771/mengting/projects/bias/sana/prompt2/selected_faces/detected_disgusted/disgusted_person_0472_face0.png,White,White,Female,40-49,"[9.5530206e-01 6.8674535e-06 2.6405837e-02 6.2470109e-04 7.1604166e-04
 1.2643019e-03 1.5680185e-02]",[9.8179519e-01 1.2218574e-04 9.6475789e-03 8.4350947e-03],[0.01564834 0.98435163],"[7.1757319e-07 9.4512998e-06 8.4617082e-04 3.9438345e-02 3.0625325e-01
 5.4777598e-01 1.0185123e-01 3.6580544e-03 1.6681667e-04]",0,White,40-59
/scratch/project_462000771/mengting/projects/bias/sana/prompt2/selected_faces/detected_disgusted/disgusted_person_0473_face0.png,White,White,Female,20-29,"[9.3834293e-01 4.7781639e-05 3.6188576e-02 2.3174833e-03 3.0961647e-03
 1.2900492e-02 7.1065822e-03]",[9.9510676e-01 2.1659612e-07 3.7974357e-03 1.0955606e-03],[0.2931906 0.7068094],"[8.9966170e-06 1.3605569e-03 5.8988098e-02 5.5039579e-01 3.4735188e-01
 4.0663902e-02 1.2017012e-03 2.7310005e-05 1.7872661e-06]",1,White,20-39
/scratch/project_462000771/mengting/projects/bias/sana/prompt2/selected_faces/detected_disgusted/disgusted_person_0474_face0.png,White,White,Male,50-59,"[9.9898517e-01 1.2408215e-05 1.6132971e-04 4.2644318e-05 9.8160286e-05
 4.8945283e-05 6.5125548e-04]",[9.99789894e-01 3.62301807e-06 1.11878246e-04 9.46276268e-05],[9.9915129e-01 8.4864703e-04],"[1.1172158e-06 7.4672703e-06 2.9226442e-04 7.7813561e-03 4.4393763e-02
 3.4708729e-01 5.4258102e-01 5.3217698e-02 4.6378779e-03]",0,White,40-59
/scratch/project_462000771/mengting/projects/bias/sana/prompt2/selected_faces/detected_disgusted/disgusted_person_0475_face0.png,White,White,Male,30-39,"[9.7348160e-01 2.1261239e-05 4.6805176e-03 1.3573450e-02 6.5111900e-03
 8.2880892e-05 1.6491114e-03]",[8.5145450e-01 6.4067182e-04 1.4679380e-01 1.1109762e-03],[0.6428309  0.35716906],"[3.8782531e-05 1.1439740e-03 1.3759074e-02 1.6308491e-01 5.0363076e-01
 2.8943130e-01 2.8221009e-02 6.5455597e-04 3.5674959e-05]",1,White,20-39
/scratch/project_462000771/mengting/projects/bias/sana/prompt2/selected_faces/detected_disgusted/disgusted_person_0476_face0.png,White,White,Male,40-49,"[9.9897450e-01 5.2710975e-06 1.1870378e-04 6.5123145e-06 4.8656995e-05
 1.9729523e-04 6.4900669e-04]",[9.9813741e-01 8.9277646e-06 1.5475925e-03 3.0619546e-04],[0.9787043  0.02129569],"[1.5926980e-06 1.2138878e-05 9.6705399e-04 5.2672416e-02 1.6618957e-01
 5.6083179e-01 1.9915549e-01 1.7068582e-02 3.1013102e-03]",0,White,40-59
/scratch/project_462000771/mengting/projects/bias/sana/prompt2/selected_faces/detected_disgusted/disgusted_person_0477_face0.png,White,White,Female,40-49,"[9.4474226e-01 5.3465745e-05 1.7360369e-02 1.8278724e-02 6.4360169e-03
 2.5521891e-04 1.2873828e-02]",[9.0343970e-01 8.5841028e-05 9.6292578e-02 1.8187339e-04],[0.01388982 0.98611015],"[1.0590900e-05 1.1252510e-04 2.0561896e-03 4.6571981e-02 3.2520312e-01
 5.1498216e-01 1.0787670e-01 3.1314699e-03 5.5224369e-05]",0,White,40-59
/scratch/project_462000771/mengting/projects/bias/sana/prompt2/selected_faces/detected_disgusted/disgusted_person_0478_face0.png,White,White,Female,40-49,"[9.46856022e-01 1.09294546e-04 1.46223959e-02 8.18412809e-05
 1.20951147e-04 6.59476675e-04 3.75500508e-02]",[0.96789885 0.00179972 0.0108171  0.01948433],[0.2349832 0.7650168],"[2.4627539e-06 1.4885027e-05 3.9909116e-04 1.2118102e-02 1.4738163e-01
 6.0953486e-01 2.2217575e-01 8.0250669e-03 3.4812570e-04]",0,White,40-59
/scratch/project_462000771/mengting/projects/bias/sana/prompt2/selected_faces/detected_disgusted/disgusted_person_0479_face0.png,White,White,Male,20-29,"[9.9754155e-01 3.7472842e-06 1.5088770e-03 3.1541815e-04 2.4050969e-04
 1.8890989e-05 3.7095210e-04]",[9.8121178e-01 1.9084608e-05 1.8491896e-02 2.7730624e-04],[9.999450e-01 5.498894e-05],"[4.9512110e-08 2.9160292e-06 4.1153310e-03 4.8918569e-01 3.7575540e-01
 1.2561771e-01 5.2496740e-03 7.2002913e-05 1.1515650e-06]",0,White,20-39
/scratch/project_462000771/mengting/projects/bias/sana/prompt2/selected_faces/detected_disgusted/disgusted_person_0480_face0.png,White,White,Male,20-29,"[8.3416235e-01 2.8510494e-05 1.8385459e-02 2.0375002e-04 1.0168974e-03
 3.7184502e-03 1.4248459e-01]",[9.9609989e-01 2.2960236e-05 1.2740984e-03 2.6030526e-03],[9.999362e-01 6.373283e-05],"[9.4514486e-05 8.9239655e-03 2.2627461e-01 3.9291507e-01 2.1532823e-01
 1.3961035e-01 1.6114391e-02 7.1944075e-04 1.9374653e-05]",0,White,20-39
/scratch/project_462000771/mengting/projects/bias/sana/prompt2/selected_faces/detected_disgusted/disgusted_person_0481_face0.png,White,White,Male,40-49,"[9.5533240e-01 2.9488179e-04 3.6520671e-02 2.1854148e-03 2.1071872e-03
 7.9075771e-04 2.7686909e-03]",[9.9345821e-01 9.1580514e-05 5.9891995e-03 4.6106402e-04],[0.9972187  0.00278125],"[6.4897104e-05 3.1990907e-04 2.3881751e-03 2.3557942e-02 2.2077122e-01
 5.3309369e-01 2.1326384e-01 6.3638212e-03 1.7650639e-04]",0,White,40-59
/scratch/project_462000771/mengting/projects/bias/sana/prompt2/selected_faces/detected_disgusted/disgusted_person_0482_face0.png,White,White,Male,40-49,"[9.7305745e-01 4.8671453e-05 1.2753599e-02 3.9903977e-04 9.1935042e-04
 1.6375798e-03 1.1184360e-02]",[9.6340173e-01 3.3755674e-05 3.2891778e-03 3.3275302e-02],[9.9978948e-01 2.1057103e-04],"[4.1431480e-07 6.8651470e-06 9.5633703e-04 7.4854590e-02 4.1765276e-01
 4.8026994e-01 2.5771325e-02 4.7918959e-04 8.6499722e-06]",0,White,40-59
/scratch/project_462000771/mengting/projects/bias/sana/prompt2/selected_faces/detected_disgusted/disgusted_person_0483_face0.png,White,White,Female,30-39,"[0.7791565  0.00079001 0.09819309 0.0705779  0.03881025 0.00503458
 0.00743761]",[9.5171988e-01 3.1101594e-05 4.7974400e-02 2.7452677e-04],[0.27060494 0.72939503],"[8.8817113e-05 4.8234593e-03 2.8335342e-02 3.5848057e-01 4.6814632e-01
 1.3000116e-01 9.8212352e-03 2.9622114e-04 6.8459390e-06]",1,White,20-39
/scratch/project_462000771/mengting/projects/bias/sana/prompt2/selected_faces/detected_disgusted/disgusted_person_0484_face0.png,White,White,Female,70+,"[0.7213291  0.00749335 0.0755754  0.00584875 0.03764127 0.09113695
 0.06097519]",[0.6426863  0.02897101 0.20807418 0.12026847],[0.15061617 0.84938383],"[7.1739916e-05 3.1085691e-04 9.7152224e-04 1.5439884e-02 5.7236347e-02
 1.3446200e-01 1.9371143e-01 2.7699593e-01 3.2080033e-01]",0,White,60+
/scratch/project_462000771/mengting/projects/bias/sana/prompt2/selected_faces/detected_disgusted/disgusted_person_0485_face0.png,White,White,Female,30-39,"[9.8652881e-01 3.3359020e-04 9.6834097e-03 6.9389748e-04 1.2210906e-03
 3.3010516e-04 1.2090979e-03]",[9.8096079e-01 4.4061034e-03 1.4073560e-02 5.5955170e-04],[0.03502684 0.96497315],"[1.8470677e-05 2.1121153e-03 4.3590598e-02 3.4519666e-01 4.6249798e-01
 1.3783358e-01 8.5266130e-03 2.1088375e-04 1.3119707e-05]",1,White,20-39
/scratch/project_462000771/mengting/projects/bias/sana/prompt2/selected_faces/detected_disgusted/disgusted_person_0486_face0.png,White,White,Male,40-49,"[9.8572725e-01 1.6576469e-05 4.7836145e-03 9.8573153e-05 6.2688300e-04
 1.0712470e-03 7.6760277e-03]",[9.9807918e-01 5.0259878e-05 2.5655562e-04 1.6140550e-03],[0.9989223  0.00107766],"[9.8592488e-07 9.3591025e-06 1.2164218e-03 1.1089122e-01 3.3087036e-01
 4.6528941e-01 8.7415941e-02 4.0521207e-03 2.5416937e-04]",0,White,40-59
/scratch/project_462000771/mengting/projects/bias/sana/prompt2/selected_faces/detected_disgusted/disgusted_person_0487_face0.png,White,White,Female,40-49,"[9.7818017e-01 4.4550783e-05 7.0286435e-03 4.0226404e-04 8.4395817e-04
 7.0132519e-04 1.2799042e-02]",[0.9457494  0.00536703 0.03992997 0.00895352],[0.14270845 0.8572915 ],"[2.1883974e-05 1.4503392e-04 1.4708056e-03 2.8823044e-02 1.3586526e-01
 5.7049608e-01 2.4135134e-01 1.9635746e-02 2.1908740e-03]",0,White,40-59
/scratch/project_462000771/mengting/projects/bias/sana/prompt2/selected_faces/detected_disgusted/disgusted_person_0488_face0.png,White,White,Male,40-49,"[9.9790204e-01 3.2359640e-05 1.3183370e-03 3.3238088e-05 5.5668632e-05
 1.2394491e-05 6.4602419e-04]",[9.9856460e-01 1.9324322e-04 3.9489410e-04 8.4721914e-04],[0.9974759  0.00252411],"[2.9157432e-06 6.5685083e-05 9.4355429e-03 2.0682596e-01 2.7993193e-01
 3.8425684e-01 1.1390091e-01 5.3764102e-03 2.0379995e-04]",0,White,40-59
/scratch/project_462000771/mengting/projects/bias/sana/prompt2/selected_faces/detected_disgusted/disgusted_person_0489_face0.png,White,White,Female,30-39,"[8.7074620e-01 6.3801749e-04 1.1887642e-01 2.2923721e-03 2.1234506e-03
 2.7870035e-03 2.5366829e-03]",[0.9465965  0.03605733 0.00844206 0.00890408],[0.16283037 0.83716965],"[7.2705907e-06 1.7815949e-04 5.6702136e-03 1.3111582e-01 4.9290791e-01
 3.3993354e-01 2.9538063e-02 6.2649162e-04 2.2439335e-05]",0,White,20-39
/scratch/project_462000771/mengting/projects/bias/sana/prompt2/selected_faces/detected_disgusted/disgusted_person_0490_face0.png,White,White,Female,40-49,"[9.97278631e-01 1.83274788e-05 1.43212744e-03 7.17091243e-05
 1.08082946e-04 5.87490358e-05 1.03240064e-03]",[9.8513830e-01 3.7015905e-04 1.2474252e-02 2.0173220e-03],[0.10437452 0.8956254 ],"[2.1567266e-06 3.3687786e-05 5.5598957e-04 3.1612378e-02 2.3015340e-01
 6.1347556e-01 1.2102398e-01 3.0079768e-03 1.3489321e-04]",0,White,40-59
/scratch/project_462000771/mengting/projects/bias/sana/prompt2/selected_faces/detected_disgusted/disgusted_person_0491_face0.png,White,White,Male,40-49,"[9.9411303e-01 2.3185987e-05 3.6083712e-04 2.6472826e-05 4.9770175e-04
 8.6430251e-04 4.1145030e-03]",[9.8532188e-01 4.0928804e-04 3.8095233e-03 1.0459329e-02],[9.9979335e-01 2.0665830e-04],"[4.5450956e-06 1.4324921e-04 7.0682182e-03 1.1423381e-01 2.3292969e-01
 4.9798167e-01 1.3218845e-01 1.4162801e-02 1.2874934e-03]",0,White,40-59
/scratch/project_462000771/mengting/projects/bias/sana/prompt2/selected_faces/detected_disgusted/disgusted_person_0492_face0.png,White,White,Male,30-39,"[9.9975210e-01 2.3535563e-06 1.6329829e-04 5.7927707e-07 2.2190789e-06
 1.0315143e-05 6.9130620e-05]",[9.9902236e-01 1.5193620e-04 5.6171237e-04 2.6394837e-04],[0.8926156  0.10738435],"[6.5354925e-08 8.0163193e-07 1.5193911e-04 6.7198351e-02 4.6942443e-01
 4.3595299e-01 2.6999960e-02 2.6094681e-04 1.0514687e-05]",0,White,20-39
/scratch/project_462000771/mengting/projects/bias/sana/prompt2/selected_faces/detected_disgusted/disgusted_person_0493_face0.png,White,White,Female,40-49,"[8.5136974e-01 6.1831245e-04 9.0614565e-02 6.3697225e-03 1.2518761e-02
 1.3907286e-02 2.4601661e-02]",[9.7089338e-01 9.5586285e-05 2.4936412e-02 4.0746522e-03],[0.4190408 0.5809592],"[3.5796398e-05 5.4308138e-04 4.8487107e-03 6.1091319e-02 2.8555262e-01
 5.0663567e-01 1.3614084e-01 4.9655610e-03 1.8645746e-04]",0,White,40-59
/scratch/project_462000771/mengting/projects/bias/sana/prompt2/selected_faces/detected_disgusted/disgusted_person_0494_face0.png,White,White,Female,40-49,"[9.8111761e-01 1.6991133e-05 7.4510607e-03 1.9211046e-03 2.7070099e-03
 3.2948490e-04 6.4567397e-03]",[9.77176726e-01 1.14303344e-04 2.05807164e-02 2.12821923e-03],[0.07641272 0.92358726],"[2.7326012e-06 3.9715211e-05 1.4968596e-03 7.0109926e-02 3.7821868e-01
 5.0873536e-01 4.0454637e-02 9.0098957e-04 4.1078736e-05]",1,White,40-59
/scratch/project_462000771/mengting/projects/bias/sana/prompt2/selected_faces/detected_disgusted/disgusted_person_0495_face0.png,White,White,Male,30-39,"[7.4598503e-01 1.1238183e-04 1.1930388e-01 4.2864893e-02 5.3948089e-02
 7.7469624e-03 3.0038791e-02]",[9.2986113e-01 1.6765463e-06 6.9899261e-02 2.3797694e-04],[0.9978579  0.00214208],"[2.2090162e-05 2.9923955e-03 8.3528318e-02 3.5136479e-01 4.1796410e-01
 1.3735877e-01 6.6381926e-03 1.2797303e-04 3.5332480e-06]",0,White,20-39
/scratch/project_462000771/mengting/projects/bias/sana/prompt2/selected_faces/detected_disgusted/disgusted_person_0496_face0.png,White,White,Male,30-39,"[9.9033225e-01 1.5331250e-06 4.1378443e-03 2.8971592e-03 1.8945814e-03
 3.6134897e-04 3.7529558e-04]",[9.9491632e-01 4.2839477e-07 4.9770451e-03 1.0616737e-04],[0.7522954  0.24770464],"[2.6947641e-06 2.1930989e-04 1.6214997e-02 4.0625119e-01 4.5901641e-01
 1.1304718e-01 5.1179668e-03 1.2388291e-04 6.3624875e-06]",0,White,20-39
/scratch/project_462000771/mengting/projects/bias/sana/prompt2/selected_faces/detected_disgusted/disgusted_person_0497_face0.png,White,White,Male,30-39,"[9.8010665e-01 6.2600325e-06 8.5347975e-03 4.0435623e-03 6.4988472e-03
 2.0544841e-04 6.0438481e-04]",[9.2021614e-01 4.4422600e-06 7.9690292e-02 8.9085275e-05],[9.9925184e-01 7.4816891e-04],"[1.00415555e-05 1.45357801e-03 3.81627679e-02 1.72280148e-01
 4.46152747e-01 3.06831896e-01 3.46329138e-02 4.59708535e-04
 1.61158314e-05]",0,White,20-39
/scratch/project_462000771/mengting/projects/bias/sana/prompt2/selected_faces/detected_disgusted/disgusted_person_0498_face0.png,White,White,Male,40-49,"[9.9723446e-01 1.0953750e-06 5.2101287e-04 1.0313967e-05 2.3299699e-05
 2.4381330e-05 2.1854085e-03]",[9.9955672e-01 1.5744215e-05 3.6405912e-04 6.3417887e-05],[9.996168e-01 3.832266e-04],"[2.3238239e-07 2.2591930e-06 4.1878328e-04 9.1304876e-02 3.3489504e-01
 4.8529392e-01 8.5940160e-02 2.0771741e-03 6.7595822e-05]",0,White,40-59
/scratch/project_462000771/mengting/projects/bias/sana/prompt2/selected_faces/detected_disgusted/disgusted_person_0499_face0.png,White,White,Male,40-49,"[9.1124213e-01 3.6221718e-05 2.9057324e-02 4.8857075e-03 6.0030655e-03
 2.7720155e-03 4.6003591e-02]",[9.6645707e-01 3.1402564e-05 3.0570999e-02 2.9404305e-03],[0.9011802  0.09881978],"[9.8220960e-05 2.4373909e-03 3.5445563e-02 3.4913216e-02 1.2552686e-01
 4.3959147e-01 3.3199963e-01 2.8959827e-02 1.0278424e-03]",0,White,40-59
/scratch/project_462000771/mengting/projects/bias/sana/prompt2/selected_faces/detected_disgusted/disgusted_person_0500_face0.png,White,White,Female,30-39,"[9.9983370e-01 2.1908367e-08 3.4120298e-05 1.4300178e-06 3.8923981e-06
 4.1589110e-06 1.2268875e-04]",[9.9887663e-01 7.8611401e-06 2.2825165e-04 8.8725664e-04],[0.17433129 0.8256687 ],"[3.0638111e-07 1.5150217e-05 3.4492093e-03 1.9930945e-01 4.6800160e-01
 3.1465930e-01 1.4389944e-02 1.6246700e-04 1.2644250e-05]",0,White,20-39
/scratch/project_462000771/mengting/projects/bias/sana/prompt2/selected_faces/detected_disgusted/disgusted_person_0501_face0.png,White,White,Male,40-49,"[9.9453235e-01 9.9737981e-06 2.8649711e-03 2.3426718e-04 7.8109128e-04
 4.6984915e-04 1.1074861e-03]",[9.9613118e-01 9.4234256e-06 3.4371081e-03 4.2235764e-04],[0.9953179  0.00468211],"[2.1988767e-06 6.5477892e-05 9.6894009e-03 2.9512307e-01 2.7673155e-01
 3.2903436e-01 8.3922528e-02 5.2056317e-03 2.2579501e-04]",0,White,40-59
/scratch/project_462000771/mengting/projects/bias/sana/prompt2/selected_faces/detected_disgusted/disgusted_person_0502_face0.png,White,White,Male,20-29,"[9.7486466e-01 8.1187289e-05 6.3949791e-03 3.7668494e-03 5.3890957e-03
 1.5581230e-03 7.9450672e-03]",[9.8385167e-01 4.4758330e-04 1.0568195e-02 5.1325294e-03],[0.99420744 0.00579257],"[1.7909559e-05 7.8611559e-04 4.1046333e-02 5.1451862e-01 2.8786039e-01
 1.4426352e-01 1.0995721e-02 4.8817031e-04 2.3259106e-05]",0,White,20-39
/scratch/project_462000771/mengting/projects/bias/sana/prompt2/selected_faces/detected_disgusted/disgusted_person_0503_face0.png,White,White,Female,40-49,"[5.8892798e-01 5.1207084e-04 1.0361960e-01 2.9142140e-04 7.1566855e-04
 2.7953453e-02 2.7797985e-01]",[0.8270032  0.01257752 0.04307973 0.11733966],[0.42525458 0.5747455 ],"[4.85120108e-05 1.19076685e-04 6.65297557e-04 7.72850728e-03
 1.17250711e-01 5.10538459e-01 3.39946389e-01 2.24288739e-02
 1.27416360e-03]",1,White,40-59
/scratch/project_462000771/mengting/projects/bias/sana/prompt2/selected_faces/detected_disgusted/disgusted_person_0504_face0.png,White,White,Female,40-49,"[9.7876358e-01 9.6676795e-06 6.8943072e-03 2.1632061e-04 2.0872755e-04
 1.7720484e-04 1.3730256e-02]",[9.8175657e-01 2.4862814e-04 1.4713718e-02 3.2811137e-03],[0.15499727 0.8450028 ],"[2.2344570e-06 4.0215338e-05 2.3110819e-03 7.3216140e-02 3.5421741e-01
 5.2951741e-01 3.9315935e-02 1.2978826e-03 8.1688901e-05]",0,White,40-59
/scratch/project_462000771/mengting/projects/bias/sana/prompt2/selected_faces/detected_disgusted/disgusted_person_0505_face0.png,White,White,Male,50-59,"[9.6628600e-01 4.3496959e-05 1.0188371e-02 3.4047131e-04 3.5118571e-04
 3.1375338e-04 2.2476595e-02]",[9.9584132e-01 1.2985648e-05 4.0420876e-03 1.0354729e-04],[0.98594236 0.01405762],"[2.4326182e-05 5.6340341e-05 6.3012104e-04 4.1490523e-03 3.3019200e-02
 2.9419249e-01 5.8313096e-01 7.9663821e-02 5.1337522e-03]",0,White,40-59
/scratch/project_462000771/mengting/projects/bias/sana/prompt2/selected_faces/detected_disgusted/disgusted_person_0506_face0.png,White,White,Female,40-49,"[9.3870103e-01 1.3477095e-04 3.7435371e-02 1.2568888e-04 1.3967981e-03
 2.1465360e-03 2.0059835e-02]",[0.9657001  0.00461389 0.0215713  0.00811478],[0.01803209 0.98196787],"[1.8354357e-06 5.9740771e-05 1.1653645e-03 9.0864608e-03 1.5078205e-01
 6.7220634e-01 1.6083777e-01 5.5987565e-03 2.6177565e-04]",0,White,40-59
/scratch/project_462000771/mengting/projects/bias/sana/prompt2/selected_faces/detected_disgusted/disgusted_person_0507_face0.png,White,White,Female,50-59,"[9.2201155e-01 6.8560755e-04 3.4034379e-02 4.6966611e-03 1.3570033e-02
 6.7472840e-03 1.8254451e-02]",[9.8803967e-01 2.6836418e-04 6.0534482e-03 5.6384448e-03],[0.21922503 0.78077495],"[3.3933153e-05 2.6354819e-04 2.7800151e-03 1.8205110e-02 6.1155971e-02
 3.3766869e-01 4.4998029e-01 1.1247324e-01 1.7439185e-02]",0,White,40-59
/scratch/project_462000771/mengting/projects/bias/sana/prompt2/selected_faces/detected_disgusted/disgusted_person_0508_face0.png,White,White,Male,20-29,"[9.9759990e-01 2.5333063e-06 1.4353273e-03 9.4182797e-05 1.7472374e-04
 1.8496854e-04 5.0837873e-04]",[9.7558749e-01 5.1888685e-05 2.4113774e-02 2.4682356e-04],[9.9944580e-01 5.5422325e-04],"[8.1132548e-06 7.2804990e-04 7.5773910e-02 3.8876751e-01 3.1594148e-01
 1.9866931e-01 1.9543102e-02 5.4379844e-04 2.4674997e-05]",0,White,20-39
/scratch/project_462000771/mengting/projects/bias/sana/prompt2/selected_faces/detected_disgusted/disgusted_person_0509_face0.png,White,White,Female,40-49,"[9.9601287e-01 2.1594976e-06 7.4913132e-04 1.1683170e-05 2.4611052e-05
 5.8055030e-05 3.1415522e-03]",[9.9748379e-01 4.6958132e-05 2.0269284e-03 4.4224350e-04],[0.02039472 0.9796053 ],"[1.7534083e-07 3.3559625e-06 6.7467778e-04 1.0642432e-01 4.1530448e-01
 4.2788008e-01 4.8353311e-02 1.2982378e-03 6.1239145e-05]",0,White,40-59
/scratch/project_462000771/mengting/projects/bias/sana/prompt2/selected_faces/detected_disgusted/disgusted_person_0510_face0.png,White,White,Male,40-49,"[9.8900461e-01 5.0629465e-06 8.2319528e-03 7.5464741e-05 1.2531622e-04
 8.2769722e-04 1.7298582e-03]",[9.8872697e-01 1.2935993e-04 3.0189049e-03 8.1247874e-03],[0.9953576  0.00464245],"[8.5378218e-07 1.6780838e-05 3.6948004e-03 1.5376313e-01 3.6147305e-01
 4.1327095e-01 6.6364489e-02 1.3738726e-03 4.2088166e-05]",0,White,40-59
/scratch/project_462000771/mengting/projects/bias/sana/prompt2/selected_faces/detected_disgusted/disgusted_person_0511_face0.png,White,White,Female,30-39,"[9.6291918e-01 3.0088902e-05 1.3133104e-02 5.9526381e-03 1.5603325e-02
 4.1101893e-04 1.9505793e-03]",[0.96058136 0.00226029 0.03383858 0.00331983],[0.13748914 0.86251086],"[8.19778506e-07 1.40979231e-04 2.34333109e-02 4.21301872e-01
 4.64974284e-01 8.63155425e-02 3.71295260e-03 1.12059206e-04
 8.15207204e-06]",0,White,20-39
/scratch/project_462000771/mengting/projects/bias/sana/prompt2/selected_faces/detected_disgusted/disgusted_person_0512_face0.png,White,White,Male,40-49,"[9.9931169e-01 5.7946268e-06 2.6957877e-04 2.4653511e-05 4.1937397e-05
 1.4254685e-05 3.3211769e-04]",[9.9928099e-01 2.2768172e-05 3.6115514e-04 3.3504807e-04],[0.56581587 0.43418407],"[6.1211171e-07 1.0083026e-05 6.1100774e-04 5.0954755e-02 2.7959991e-01
 5.6234086e-01 1.0373189e-01 2.5589240e-03 1.9202370e-04]",0,White,40-59
/scratch/project_462000771/mengting/projects/bias/sana/prompt2/selected_faces/detected_disgusted/disgusted_person_0513_face0.png,White,White,Male,50-59,"[9.8016304e-01 3.9343457e-05 1.3280438e-02 1.7758401e-03 2.2235340e-03
 6.4070214e-04 1.8772213e-03]",[9.6079540e-01 5.5945665e-04 3.7041709e-02 1.6034207e-03],[0.5490097  0.45099026],"[9.7437050e-06 3.4729495e-05 4.6832024e-04 8.0920979e-03 6.8397924e-02
 4.1934273e-01 4.7191480e-01 3.0822299e-02 9.1733964e-04]",0,White,40-59
/scratch/project_462000771/mengting/projects/bias/sana/prompt2/selected_faces/detected_disgusted/disgusted_person_0514_face0.png,White,White,Male,40-49,"[8.9134085e-01 2.7021486e-04 4.7278095e-02 8.0195665e-03 3.2144547e-02
 7.3549664e-03 1.3591662e-02]",[0.82513875 0.00207086 0.1428856  0.02990475],[9.9998665e-01 1.3307664e-05],"[1.2256578e-06 2.5827578e-05 2.5340889e-03 8.6579502e-02 3.8791391e-01
 4.6326461e-01 5.8838535e-02 8.2588306e-04 1.6407726e-05]",1,White,40-59
/scratch/project_462000771/mengting/projects/bias/sana/prompt2/selected_faces/detected_disgusted/disgusted_person_0515_face0.png,White,White,Male,40-49,"[9.9458426e-01 7.4089774e-05 2.0002041e-03 1.5757460e-04 6.4283120e-04
 7.6109351e-04 1.7799768e-03]",[9.825619e-01 9.307141e-05 1.631350e-02 1.031543e-03],[0.99815345 0.00184659],"[5.6770313e-07 5.0091671e-06 2.3275339e-04 2.2942064e-02 2.1893254e-01
 5.5167085e-01 1.9704166e-01 8.3841877e-03 7.9039793e-04]",0,White,40-59
/scratch/project_462000771/mengting/projects/bias/sana/prompt2/selected_faces/detected_disgusted/disgusted_person_0516_face0.png,White,White,Male,40-49,"[8.5138398e-01 8.8505520e-05 3.2394461e-02 5.4020002e-05 3.1080368e-04
 5.1950151e-03 1.1057322e-01]",[0.92166305 0.00120352 0.00464023 0.0724932 ],[0.97567016 0.02432984],"[4.6536270e-06 1.6314625e-04 3.2914024e-02 2.0632038e-01 3.1001475e-01
 3.5723591e-01 8.7466314e-02 5.3475685e-03 5.3329632e-04]",0,White,40-59
/scratch/project_462000771/mengting/projects/bias/sana/prompt2/selected_faces/detected_disgusted/disgusted_person_0517_face0.png,White,White,Male,40-49,"[9.6241587e-01 2.1709034e-03 2.3944626e-02 1.4935306e-05 9.5802461e-05
 8.3364714e-03 3.0214561e-03]",[0.8501869  0.02344823 0.00195759 0.12440723],[0.99836934 0.00163065],"[8.6179134e-06 1.5943684e-04 2.8781574e-03 3.6019668e-02 2.1194080e-01
 5.4046232e-01 2.0020983e-01 7.9122661e-03 4.0885134e-04]",0,White,40-59
/scratch/project_462000771/mengting/projects/bias/sana/prompt2/selected_faces/detected_disgusted/disgusted_person_0518_face0.png,White,White,Male,40-49,"[8.2850158e-01 5.2392017e-04 5.3721417e-02 4.1629598e-04 1.0968492e-03
 9.3178926e-03 1.0642203e-01]",[0.96255225 0.00272156 0.00972447 0.02500175],[0.94984525 0.05015472],"[2.7638305e-05 1.7014610e-04 2.6161559e-03 2.3704117e-02 1.3192302e-01
 5.3131711e-01 2.8360328e-01 2.5620099e-02 1.0183874e-03]",0,White,40-59
/scratch/project_462000771/mengting/projects/bias/sana/prompt2/selected_faces/detected_disgusted/disgusted_person_0519_face0.png,White,White,Female,40-49,"[8.3025295e-01 1.5330045e-04 5.8974557e-02 1.7691234e-02 1.4937773e-02
 1.5040109e-02 6.2950127e-02]",[0.5881145  0.00268109 0.25278953 0.15641485],[0.00732729 0.99267274],"[1.7851742e-07 1.3626798e-06 1.4850868e-04 2.1512343e-02 1.6854939e-01
 6.2098747e-01 1.6962503e-01 1.8397039e-02 7.7865337e-04]",0,White,40-59
/scratch/project_462000771/mengting/projects/bias/sana/prompt2/selected_faces/detected_disgusted/disgusted_person_0520_face0.png,White,White,Male,40-49,"[9.5907587e-01 3.9871296e-04 1.4748069e-02 8.3390847e-03 1.2979443e-02
 6.6679443e-04 3.7920151e-03]",[8.2521176e-01 5.3825107e-04 1.7302899e-01 1.2210939e-03],[0.87606287 0.12393712],"[1.1459903e-04 1.1048786e-02 7.6715872e-02 1.4325041e-01 2.6245520e-01
 3.2104802e-01 1.6883679e-01 1.5590041e-02 9.4033201e-04]",0,White,40-59
/scratch/project_462000771/mengting/projects/bias/sana/prompt2/selected_faces/detected_disgusted/disgusted_person_0521_face0.png,White,White,Male,30-39,"[9.9574685e-01 2.9737116e-06 1.9583819e-03 1.2504843e-04 2.9927620e-04
 5.7378813e-05 1.8101474e-03]",[9.9567103e-01 3.6966630e-05 4.0245675e-03 2.6742640e-04],[0.99548423 0.0045157 ],"[5.8021691e-08 6.5835857e-06 5.3179264e-03 3.4279025e-01 5.2582002e-01
 1.2172699e-01 4.2985422e-03 3.8140985e-05 1.4938156e-06]",0,White,20-39
/scratch/project_462000771/mengting/projects/bias/sana/prompt2/selected_faces/detected_disgusted/disgusted_person_0522_face0.png,White,White,Male,40-49,"[9.7563869e-01 2.1936077e-05 1.7870129e-03 1.0945819e-02 8.9271506e-03
 2.3993473e-04 2.4394514e-03]",[8.8840991e-01 6.1655854e-04 1.0318091e-01 7.7926586e-03],[0.9798613  0.02013865],"[6.1799990e-05 1.2443664e-03 2.6655825e-02 1.9182527e-01 2.8542933e-01
 3.6603573e-01 1.2194958e-01 6.4389366e-03 3.5915183e-04]",0,White,40-59
/scratch/project_462000771/mengting/projects/bias/sana/prompt2/selected_faces/detected_disgusted/disgusted_person_0523_face0.png,White,White,Male,40-49,"[0.6324632  0.00153282 0.12476841 0.00200786 0.01190733 0.02541475
 0.20190562]",[7.6135325e-01 2.3235020e-04 2.3186283e-01 6.5515568e-03],[9.9962288e-01 3.7715648e-04],"[6.5515155e-06 5.9263475e-05 1.7149987e-03 1.5593589e-02 1.3350430e-01
 5.6822717e-01 2.7084526e-01 9.7755492e-03 2.7334152e-04]",0,White,40-59
/scratch/project_462000771/mengting/projects/bias/sana/prompt2/selected_faces/detected_disgusted/disgusted_person_0524_face0.png,Latino_Hispanic,White,Female,40-49,"[0.12715754 0.00232858 0.42674994 0.00891285 0.03478082 0.34704834
 0.05302187]",[0.4854444  0.02309817 0.24147704 0.24998038],[0.3177842 0.6822158],"[4.04070761e-06 2.35425396e-05 1.83505507e-03 4.50186320e-02
 3.96562964e-01 4.85975564e-01 6.68637380e-02 3.59644764e-03
 1.20048695e-04]",0,Others,40-59
/scratch/project_462000771/mengting/projects/bias/sana/prompt2/selected_faces/detected_disgusted/disgusted_person_0525_face0.png,White,White,Male,50-59,"[8.2124037e-01 3.1401552e-04 3.1481829e-02 3.1611032e-03 1.1478806e-02
 1.5541020e-02 1.1678281e-01]",[9.1214079e-01 1.9332134e-04 8.1406519e-02 6.2593534e-03],[0.99883175 0.00116828],"[6.2279250e-05 3.9994708e-04 3.1300082e-03 1.1862895e-02 4.9690083e-02
 3.5213679e-01 4.6385819e-01 1.0667926e-01 1.2180601e-02]",0,White,40-59
/scratch/project_462000771/mengting/projects/bias/sana/prompt2/selected_faces/detected_disgusted/disgusted_person_0526_face0.png,White,White,Male,30-39,"[0.5646252  0.00602302 0.09483059 0.0136661  0.07098415 0.19074339
 0.05912769]",[0.6034523  0.10006122 0.21435526 0.08213124],[9.9934375e-01 6.5627380e-04],"[2.6832729e-06 2.1497991e-04 2.0432351e-02 4.0664566e-01 4.3604505e-01
 1.3101517e-01 5.3215236e-03 3.0351698e-04 1.8988119e-05]",0,White,20-39
/scratch/project_462000771/mengting/projects/bias/sana/prompt2/selected_faces/detected_disgusted/disgusted_person_0527_face0.png,White,White,Male,20-29,"[0.4849629  0.00235738 0.33347142 0.03006784 0.09652932 0.0202924
 0.03231877]",[0.81290954 0.00898701 0.13965572 0.03844774],[9.994555e-01 5.445253e-04],"[9.3111030e-06 1.4815278e-03 1.9369595e-01 4.7953615e-01 2.6478365e-01
 5.5171385e-02 5.0805057e-03 2.3173512e-04 9.7519414e-06]",0,White,20-39
/scratch/project_462000771/mengting/projects/bias/sana/prompt2/selected_faces/detected_disgusted/disgusted_person_0528_face0.png,White,White,Male,30-39,"[9.6968883e-01 6.7082183e-05 1.9117150e-02 5.6960538e-04 1.7090963e-03
 2.7530352e-03 6.0951505e-03]",[0.9792205  0.00148901 0.0089484  0.01034206],[9.9956501e-01 4.3501085e-04],"[6.2347766e-07 7.8667326e-06 1.0651647e-03 1.5024592e-01 5.1379347e-01
 3.1088716e-01 2.3582365e-02 4.0009202e-04 1.7423223e-05]",0,White,20-39
/scratch/project_462000771/mengting/projects/bias/sana/prompt2/selected_faces/detected_disgusted/disgusted_person_0529_face0.png,White,White,Male,40-49,"[9.9893194e-01 1.1539043e-04 4.8903376e-04 2.2425815e-05 1.0720119e-04
 8.9868503e-05 2.4406353e-04]",[9.9613672e-01 1.1818381e-03 1.7577523e-03 9.2371984e-04],[0.99580294 0.00419712],"[8.4151702e-07 5.8712153e-06 2.5764899e-04 1.2680804e-02 9.1340125e-02
 4.8153302e-01 3.9883223e-01 1.4531634e-02 8.1772008e-04]",0,White,40-59
/scratch/project_462000771/mengting/projects/bias/sana/prompt2/selected_faces/detected_disgusted/disgusted_person_0530_face0.png,White,White,Female,30-39,"[8.36793959e-01 4.63999866e-04 1.14882104e-01 1.99067574e-02
 1.10442666e-02 1.50983618e-03 1.53990323e-02]",[8.9947927e-01 1.8915465e-05 1.0029063e-01 2.1130774e-04],[0.04770297 0.952297  ],"[5.0355828e-07 5.4507254e-05 8.2341023e-03 3.6698022e-01 5.5028892e-01
 7.2509535e-02 1.9004050e-03 3.1089603e-05 6.3539346e-07]",0,White,20-39
/scratch/project_462000771/mengting/projects/bias/sana/prompt2/selected_faces/detected_disgusted/disgusted_person_0531_face0.png,White,White,Male,40-49,"[9.3564320e-01 1.0346323e-03 5.5540442e-02 5.1173649e-04 1.4992701e-03
 2.8719131e-03 2.8988223e-03]",[9.9097836e-01 4.6880802e-04 4.1418872e-03 4.4110273e-03],[0.62391007 0.3760899 ],"[4.6507762e-07 3.5271191e-06 9.4115458e-05 6.6998568e-03 1.4435364e-01
 6.6986090e-01 1.6831306e-01 1.0201526e-02 4.7294193e-04]",0,White,40-59
/scratch/project_462000771/mengting/projects/bias/sana/prompt2/selected_faces/detected_disgusted/disgusted_person_0532_face0.png,Latino_Hispanic,White,Female,40-49,"[0.25902393 0.01301273 0.33679938 0.02883687 0.06515903 0.09632427
 0.20084375]",[0.391788   0.00704544 0.3814868  0.21967974],[0.00239794 0.99760205],"[1.68052356e-05 1.23749953e-04 3.64787248e-03 1.09918654e-01
 3.82640660e-01 3.98910195e-01 9.24449936e-02 1.17046554e-02
 5.92423021e-04]",0,Others,40-59
/scratch/project_462000771/mengting/projects/bias/sana/prompt2/selected_faces/detected_disgusted/disgusted_person_0533_face0.png,White,White,Female,30-39,"[9.6624947e-01 5.3161079e-06 8.3856406e-03 1.2241248e-03 1.5509886e-03
 8.9888420e-04 2.1685483e-02]",[9.9031639e-01 2.4438126e-05 6.3311141e-03 3.3280333e-03],[0.01338341 0.98661655],"[1.7677288e-05 7.6155516e-04 3.3094902e-02 3.6438170e-01 3.7620726e-01
 2.0909846e-01 1.5906155e-02 5.0391705e-04 2.8387143e-05]",1,White,20-39
/scratch/project_462000771/mengting/projects/bias/sana/prompt2/selected_faces/detected_disgusted/disgusted_person_0534_face0.png,White,Asian,Female,40-49,"[9.4883752e-01 8.0319965e-05 2.1653105e-02 3.5410526e-03 4.5939479e-03
 8.3691452e-04 2.0457163e-02]",[0.31534743 0.00103257 0.65728736 0.02633263],[0.01148666 0.9885133 ],"[3.5651767e-06 2.8157387e-05 1.2367540e-03 5.5855874e-02 2.5768644e-01
 5.0872493e-01 1.6620976e-01 9.8773129e-03 3.7719065e-04]",0,White,40-59
/scratch/project_462000771/mengting/projects/bias/sana/prompt2/selected_faces/detected_disgusted/disgusted_person_0535_face0.png,White,White,Male,40-49,"[9.7812724e-01 3.8317760e-04 6.8883258e-03 5.5102394e-03 4.1973158e-03
 1.0210127e-03 3.8727184e-03]",[9.9216902e-01 1.0020703e-04 6.7408099e-03 9.8996633e-04],[9.9905586e-01 9.4414823e-04],"[7.2727762e-06 3.6536407e-05 6.1637640e-04 2.9832538e-02 2.4634202e-01
 5.4467720e-01 1.7164230e-01 6.6972366e-03 1.4846229e-04]",0,White,40-59
/scratch/project_462000771/mengting/projects/bias/sana/prompt2/selected_faces/detected_disgusted/disgusted_person_0536_face0.png,White,White,Male,40-49,"[9.9243569e-01 2.5680396e-05 4.7075967e-03 6.8641515e-05 1.8429731e-04
 5.4109242e-04 2.0369689e-03]",[9.9245411e-01 2.4781564e-05 7.1720756e-03 3.4913680e-04],[0.5172406  0.48275942],"[1.61771538e-06 3.97897893e-05 2.73985951e-03 9.08106044e-02
 2.64610827e-01 5.11901677e-01 1.23196386e-01 6.33559423e-03
 3.63693893e-04]",0,White,40-59
/scratch/project_462000771/mengting/projects/bias/sana/prompt2/selected_faces/detected_disgusted/disgusted_person_0537_face0.png,White,White,Male,30-39,"[9.6216977e-01 4.9257185e-05 2.0456828e-02 2.9009099e-03 4.6113590e-03
 2.7811667e-04 9.5336763e-03]",[9.8556244e-01 4.2399141e-05 1.4329356e-02 6.5855391e-05],[0.8679474  0.13205259],"[4.8795363e-07 9.3539702e-06 1.0032458e-03 1.2956092e-01 4.6031719e-01
 3.6466944e-01 4.3596033e-02 8.1968337e-04 2.3548555e-05]",0,White,20-39
/scratch/project_462000771/mengting/projects/bias/sana/prompt2/selected_faces/detected_disgusted/disgusted_person_0538_face0.png,White,White,Male,40-49,"[9.9328089e-01 7.0910614e-06 9.1886072e-04 8.9580851e-04 6.4505910e-04
 7.5743897e-05 4.1765859e-03]",[9.9107504e-01 3.9569513e-06 8.8841598e-03 3.6816175e-05],[9.9983400e-01 1.6598149e-04],"[4.3659725e-06 3.3648270e-05 7.2496748e-03 2.5685608e-01 2.6953706e-01
 3.0252722e-01 1.4875937e-01 1.4406720e-02 6.2584080e-04]",0,White,40-59
/scratch/project_462000771/mengting/projects/bias/sana/prompt2/selected_faces/detected_disgusted/disgusted_person_0539_face0.png,Latino_Hispanic,Indian,Male,50-59,"[0.27220172 0.01876164 0.30982262 0.02816019 0.13801138 0.18891859
 0.04412388]",[0.4080559  0.00430127 0.16688655 0.4207563 ],[0.97899944 0.02100057],"[1.8249437e-05 8.8931971e-05 9.1641728e-04 8.9404006e-03 7.3729195e-02
 3.8245890e-01 4.3204623e-01 9.6330024e-02 5.4716133e-03]",0,Others,40-59
/scratch/project_462000771/mengting/projects/bias/sana/prompt2/selected_faces/detected_disgusted/disgusted_person_0540_face0.png,Middle Eastern,Asian,Female,50-59,"[3.5116458e-01 3.4525071e-04 1.7484336e-01 2.2820482e-02 2.7191430e-02
 1.9561892e-02 4.0407300e-01]",[0.34469414 0.00464937 0.5190176  0.13163887],[0.01552915 0.98447084],"[1.01205151e-05 4.76773530e-05 4.54720575e-04 4.69755055e-03
 6.44119009e-02 3.65757138e-01 4.32767093e-01 1.18244484e-01
 1.36092417e-02]",0,White,40-59
/scratch/project_462000771/mengting/projects/bias/sana/prompt2/selected_faces/detected_disgusted/disgusted_person_0541_face0.png,White,White,Male,40-49,"[9.9191719e-01 2.3541636e-06 3.4278589e-03 1.5000394e-04 4.8851868e-04
 1.1736681e-03 2.8404591e-03]",[9.8961890e-01 5.3965559e-06 7.0155594e-03 3.3601343e-03],[9.9998927e-01 1.0749895e-05],"[1.5954575e-06 3.0640676e-05 2.4368051e-03 6.2937535e-02 4.2255375e-01
 4.8425290e-01 2.7501626e-02 2.8100429e-04 4.1121993e-06]",0,White,40-59
/scratch/project_462000771/mengting/projects/bias/sana/prompt2/selected_faces/detected_disgusted/disgusted_person_0542_face0.png,White,White,Male,40-49,"[9.9998063e-01 1.2248691e-09 1.9632489e-06 3.8818092e-07 5.7347154e-07
 6.2503283e-08 1.6294065e-05]",[9.9999124e-01 1.5057537e-08 3.8043015e-06 4.9839828e-06],[0.99008936 0.0099107 ],"[7.9286235e-07 1.8738847e-05 5.3624152e-03 4.3951787e-02 7.5089231e-02
 4.6583840e-01 3.8945380e-01 1.9509330e-02 7.7545096e-04]",0,White,40-59
/scratch/project_462000771/mengting/projects/bias/sana/prompt2/selected_faces/detected_disgusted/disgusted_person_0543_face0.png,White,White,Male,40-49,"[9.9248064e-01 5.3521417e-05 4.9282382e-03 9.0617839e-05 2.5345173e-04
 6.4926269e-04 1.5442776e-03]",[9.9102008e-01 7.0660963e-04 1.8734459e-03 6.3998136e-03],[0.98984444 0.01015556],"[3.7419136e-07 7.0011797e-06 1.3473125e-03 9.1839336e-02 3.2500356e-01
 4.6710688e-01 1.1180885e-01 2.8270711e-03 5.9606842e-05]",0,White,40-59
/scratch/project_462000771/mengting/projects/bias/sana/prompt2/selected_faces/detected_disgusted/disgusted_person_0544_face0.png,Latino_Hispanic,White,Female,50-59,"[0.28206667 0.04598891 0.5600794  0.00998285 0.02916283 0.01996182
 0.05275753]",[0.98270136 0.00357383 0.00390184 0.00982298],[0.03779495 0.962205  ],"[9.8064529e-06 2.7340257e-05 1.9701276e-04 4.0070461e-03 5.4216295e-02
 2.1779919e-01 4.2102990e-01 2.7069503e-01 3.2018337e-02]",0,Others,40-59
/scratch/project_462000771/mengting/projects/bias/sana/prompt2/selected_faces/detected_disgusted/disgusted_person_0545_face0.png,White,White,Male,40-49,"[9.9879068e-01 4.5434824e-08 1.3299072e-04 1.9711197e-06 4.3455984e-06
 1.6295735e-05 1.0537477e-03]",[9.9984199e-01 1.7965840e-06 8.4753578e-05 7.1498696e-05],[9.999506e-01 4.944589e-05],"[1.6948778e-06 2.5783587e-05 3.5385359e-03 1.1067662e-01 3.7632686e-01
 4.8505059e-01 2.4167217e-02 2.0913467e-04 3.6076035e-06]",0,White,40-59
/scratch/project_462000771/mengting/projects/bias/sana/prompt2/selected_faces/detected_disgusted/disgusted_person_0546_face0.png,White,White,Male,50-59,"[9.4100416e-01 1.8824085e-04 2.9369617e-02 1.3933635e-04 4.5738061e-04
 2.1454210e-03 2.6695749e-02]",[9.8255771e-01 4.4764703e-04 5.4004020e-03 1.1594287e-02],[0.99359405 0.00640591],"[9.0219737e-06 2.5980669e-05 4.7423347e-04 6.1350889e-03 5.2725334e-02
 3.9975694e-01 5.0352186e-01 3.5727352e-02 1.6241533e-03]",0,White,40-59
/scratch/project_462000771/mengting/projects/bias/sana/prompt2/selected_faces/detected_disgusted/disgusted_person_0547_face0.png,White,White,Male,30-39,"[9.5901000e-01 3.3913756e-04 2.5491375e-02 6.7183888e-03 4.3417066e-03
 2.7547835e-04 3.8239141e-03]",[9.5835614e-01 7.5578115e-05 4.1071314e-02 4.9698201e-04],[0.859268   0.14073204],"[1.4105586e-05 6.3671882e-04 3.2380052e-02 2.8279507e-01 4.4946325e-01
 2.1435463e-01 1.9665295e-02 6.6486927e-04 2.6046033e-05]",0,White,20-39
/scratch/project_462000771/mengting/projects/bias/sana/prompt2/selected_faces/detected_disgusted/disgusted_person_0548_face0.png,White,White,Female,20-29,"[9.5457655e-01 3.2115568e-04 3.3346254e-02 8.8958157e-05 1.9236185e-04
 1.9009635e-03 9.5737716e-03]",[0.9551331  0.00186987 0.01055053 0.03244659],[0.29436582 0.7056342 ],"[1.39965471e-06 1.19249809e-04 1.56126218e-02 5.67401528e-01
 3.32727581e-01 7.37083107e-02 9.21314768e-03 1.10996852e-03
 1.06175816e-04]",0,White,20-39
/scratch/project_462000771/mengting/projects/bias/sana/prompt2/selected_faces/detected_disgusted/disgusted_person_0549_face0.png,White,White,Male,40-49,"[9.9770159e-01 7.6971028e-06 8.7794202e-04 3.3977969e-05 1.0657109e-04
 3.9549599e-05 1.2326750e-03]",[9.9978673e-01 1.3647856e-06 1.8280548e-04 2.9077837e-05],[0.9652069  0.03479305],"[1.8405105e-06 8.9654139e-05 7.0234258e-03 1.2755375e-01 2.4203740e-01
 4.5863459e-01 1.5814802e-01 6.0885660e-03 4.2276375e-04]",0,White,40-59
/scratch/project_462000771/mengting/projects/bias/sana/prompt2/selected_faces/detected_disgusted/disgusted_person_0550_face0.png,White,White,Female,50-59,"[0.55933744 0.01395403 0.18713172 0.03735056 0.12305441 0.05036671
 0.02880507]",[0.9118609  0.00389178 0.02821237 0.05603496],[0.2154982  0.78450185],"[3.3522610e-04 2.8869584e-03 5.5207745e-03 1.4946547e-02 4.9824294e-02
 2.0544353e-01 4.3532139e-01 2.3637140e-01 4.9349897e-02]",0,White,40-59
/scratch/project_462000771/mengting/projects/bias/sana/prompt2/selected_faces/detected_disgusted/disgusted_person_0551_face0.png,Latino_Hispanic,White,Male,40-49,"[0.4250577  0.01349319 0.4780244  0.00675421 0.01331668 0.01264496
 0.05070883]",[0.9435893  0.0035953  0.04595289 0.00686252],[0.6395646 0.3604354],"[0.00080285 0.00153764 0.00288295 0.01681917 0.14527218 0.47966567
 0.32124195 0.02989597 0.00188166]",0,Others,40-59
/scratch/project_462000771/mengting/projects/bias/sana/prompt2/selected_faces/detected_disgusted/disgusted_person_0552_face0.png,White,White,Male,40-49,"[9.9637753e-01 5.0038207e-06 1.8562577e-04 5.4303207e-05 5.3037562e-05
 2.2319273e-05 3.3020964e-03]",[9.9960303e-01 6.9550620e-06 2.9687060e-04 9.3103030e-05],[9.9996054e-01 3.9467945e-05],"[5.3908607e-06 6.4189476e-06 1.7863286e-04 2.4006108e-02 2.0801708e-01
 5.1689291e-01 2.3460664e-01 1.5591433e-02 6.9537398e-04]",0,White,40-59
/scratch/project_462000771/mengting/projects/bias/sana/prompt2/selected_faces/detected_disgusted/disgusted_person_0553_face0.png,White,White,Female,40-49,"[9.9832475e-01 3.7008724e-06 4.1269333e-04 4.8922293e-06 8.9570140e-06
 5.3282161e-05 1.1916760e-03]",[9.9663532e-01 8.4712537e-04 1.5221232e-03 9.9537708e-04],[0.0060527  0.99394727],"[4.39232480e-07 1.07865253e-05 3.52598698e-04 1.57736205e-02
 1.05979264e-01 5.48784852e-01 3.08342874e-01 1.88261066e-02
 1.92940154e-03]",0,White,40-59
/scratch/project_462000771/mengting/projects/bias/sana/prompt2/selected_faces/detected_disgusted/disgusted_person_0554_face0.png,White,White,Female,40-49,"[9.9874693e-01 2.3281356e-05 5.3904444e-04 2.0898534e-04 2.4533860e-04
 1.5152008e-05 2.2132485e-04]",[9.9517363e-01 5.4114417e-04 4.0551028e-03 2.3009250e-04],[0.05270268 0.94729733],"[6.8519165e-07 6.0360640e-06 2.4429610e-04 3.6082454e-02 2.2951427e-01
 5.0934178e-01 2.0939532e-01 1.4666848e-02 7.4835529e-04]",0,White,40-59
/scratch/project_462000771/mengting/projects/bias/sana/prompt2/selected_faces/detected_disgusted/disgusted_person_0555_face0.png,White,White,Male,30-39,"[9.9560690e-01 1.9708605e-05 2.8329189e-03 7.8809710e-05 3.6050242e-04
 4.6245876e-04 6.3881930e-04]",[9.9881679e-01 4.7538218e-05 6.6039077e-04 4.7528857e-04],[0.99235827 0.00764169],"[1.4150578e-07 9.9123781e-06 3.3678941e-03 2.1955155e-01 4.8283392e-01
 2.7952003e-01 1.4510154e-02 1.9795500e-04 8.4040503e-06]",0,White,20-39
/scratch/project_462000771/mengting/projects/bias/sana/prompt2/selected_faces/detected_disgusted/disgusted_person_0556_face0.png,White,White,Male,30-39,"[9.4194680e-01 1.0868288e-04 1.6507214e-02 1.0610503e-02 2.6666721e-02
 1.2155493e-03 2.9444571e-03]",[9.8058522e-01 2.3768004e-04 1.7394343e-02 1.7828454e-03],[0.96897155 0.03102843],"[1.6978824e-05 1.0213043e-03 2.9859792e-02 3.0090278e-01 4.0425506e-01
 2.3324271e-01 2.9598081e-02 1.0494918e-03 5.3796972e-05]",0,White,20-39
/scratch/project_462000771/mengting/projects/bias/sana/prompt2/selected_faces/detected_disgusted/disgusted_person_0557_face0.png,White,White,Female,40-49,"[7.79918909e-01 7.42613222e-04 1.01104096e-01 1.13633438e-03
 1.26060401e-03 4.72724298e-03 1.11110218e-01]",[9.8030281e-01 3.6581961e-04 1.1049097e-02 8.2822246e-03],[0.00606547 0.9939345 ],"[4.1397521e-05 1.8481183e-04 9.7513339e-04 1.6951913e-02 1.7865188e-01
 5.4093009e-01 2.3803881e-01 2.3247531e-02 9.7848370e-04]",0,White,40-59
/scratch/project_462000771/mengting/projects/bias/sana/prompt2/selected_faces/detected_disgusted/disgusted_person_0558_face0.png,White,White,Male,40-49,"[9.3929356e-01 2.0522004e-04 2.1266308e-02 3.9510252e-03 2.1266589e-02
 4.3052272e-03 9.7121885e-03]",[0.73299813 0.00074373 0.2559065  0.01035177],[0.99893737 0.00106266],"[7.9415067e-06 5.7350826e-05 2.3761210e-03 3.0390937e-02 1.3760078e-01
 4.2545733e-01 3.6287534e-01 3.8548160e-02 2.6859781e-03]",0,White,40-59
/scratch/project_462000771/mengting/projects/bias/sana/prompt2/selected_faces/detected_disgusted/disgusted_person_0559_face0.png,White,White,Female,30-39,"[9.8085403e-01 1.4183863e-05 1.0720015e-02 1.8645017e-03 1.7513811e-03
 6.6681474e-04 4.1289954e-03]",[9.9873441e-01 1.3493504e-06 1.1995016e-03 6.4706219e-05],[0.04697894 0.95302105],"[5.5225414e-06 1.5014574e-04 9.1808271e-03 1.9074117e-01 5.2224362e-01
 2.6053217e-01 1.6696390e-02 4.4199993e-04 8.1399758e-06]",1,White,20-39
/scratch/project_462000771/mengting/projects/bias/sana/prompt2/selected_faces/detected_disgusted/disgusted_person_0560_face0.png,White,White,Female,40-49,"[8.7988973e-01 1.6742129e-05 3.2062761e-02 8.1860671e-05 1.5742079e-04
 1.0677102e-03 8.6723708e-02]",[0.96166533 0.00803548 0.00810186 0.02219734],[0.00536828 0.99463177],"[1.5988888e-06 2.6556301e-05 1.1106391e-03 6.1968267e-02 3.5436019e-01
 4.8592505e-01 9.2980884e-02 3.4986585e-03 1.2822292e-04]",0,White,40-59
/scratch/project_462000771/mengting/projects/bias/sana/prompt2/selected_faces/detected_disgusted/disgusted_person_0561_face0.png,Latino_Hispanic,Indian,Male,40-49,"[0.21193202 0.00363359 0.372975   0.07657126 0.17082691 0.10910722
 0.05495405]",[0.15389884 0.00075737 0.31121048 0.5341333 ],[0.7682999  0.23170006],"[2.2530185e-04 3.7665090e-03 2.2532497e-02 9.8954096e-02 3.0010760e-01
 4.6177056e-01 1.0307154e-01 9.1378856e-03 4.3403846e-04]",0,Others,40-59
/scratch/project_462000771/mengting/projects/bias/sana/prompt2/selected_faces/detected_disgusted/disgusted_person_0562_face0.png,White,White,Male,40-49,"[9.3389130e-01 5.6978833e-04 2.5340069e-02 5.4563594e-04 2.2233159e-03
 5.1877359e-03 3.2242205e-02]",[9.7946620e-01 7.7097895e-05 5.9406995e-04 1.9862590e-02],[9.992157e-01 7.843046e-04],"[1.85140416e-05 5.68580814e-04 1.35157732e-02 8.98235962e-02
 2.76308924e-01 5.00046372e-01 1.11838534e-01 7.60975713e-03
 2.69956479e-04]",0,White,40-59
/scratch/project_462000771/mengting/projects/bias/sana/prompt2/selected_faces/detected_disgusted/disgusted_person_0563_face0.png,Latino_Hispanic,White,Male,40-49,"[0.29236    0.0051357  0.52061033 0.00277075 0.03376232 0.11175309
 0.03360784]",[0.6257169  0.0555255  0.14041409 0.17834352],[9.9965084e-01 3.4916922e-04],"[1.1921759e-05 2.1867911e-04 6.4495387e-03 5.0191034e-02 2.4956428e-01
 5.0870407e-01 1.7544231e-01 9.0462072e-03 3.7195999e-04]",0,Others,40-59
/scratch/project_462000771/mengting/projects/bias/sana/prompt2/selected_faces/detected_disgusted/disgusted_person_0564_face0.png,White,White,Male,30-39,"[7.7128923e-01 1.6881563e-04 3.6175337e-02 4.5765052e-03 7.6395748e-03
 4.2887307e-03 1.7586184e-01]",[9.7155899e-01 2.4184014e-04 8.7305652e-03 1.9468529e-02],[0.906098   0.09390198],"[2.87145008e-06 2.50109715e-05 3.13478545e-03 1.05751455e-01
 5.67637086e-01 3.13911080e-01 9.26436298e-03 2.62461661e-04
 1.09085076e-05]",0,White,20-39
/scratch/project_462000771/mengting/projects/bias/sana/prompt2/selected_faces/detected_disgusted/disgusted_person_0565_face0.png,White,White,Female,40-49,"[9.0178317e-01 2.6478720e-04 1.8239988e-02 3.0410485e-04 5.8623572e-04
 3.4761277e-03 7.5345665e-02]",[0.96790916 0.0013261  0.01478287 0.01598189],[0.0815474 0.9184526],"[1.3450943e-06 6.0208367e-06 2.0942562e-04 1.9207215e-02 2.0141770e-01
 6.0556751e-01 1.6601339e-01 7.2841742e-03 2.9321091e-04]",0,White,40-59
/scratch/project_462000771/mengting/projects/bias/sana/prompt2/selected_faces/detected_disgusted/disgusted_person_0566_face0.png,White,White,Female,20-29,"[9.9875027e-01 1.2424656e-06 5.1264139e-04 2.8855214e-04 1.9615103e-04
 1.4504663e-05 2.3660049e-04]",[9.7445595e-01 6.8759349e-05 2.4164189e-02 1.3110338e-03],[0.06690843 0.9330915 ],"[1.9691588e-06 1.5038170e-04 1.8706059e-02 4.3405485e-01 3.9754128e-01
 1.3893543e-01 1.0100632e-02 4.6773721e-04 4.1623971e-05]",0,White,20-39
/scratch/project_462000771/mengting/projects/bias/sana/prompt2/selected_faces/detected_disgusted/disgusted_person_0567_face0.png,White,Indian,Female,40-49,"[5.8147287e-01 3.3800502e-04 2.0847692e-01 3.5970169e-03 7.4397405e-03
 9.8499693e-03 1.8882544e-01]",[0.143916   0.01566687 0.28239834 0.5580188 ],[0.00105634 0.9989436 ],"[3.7302202e-06 3.1643915e-05 4.9710093e-04 2.1319868e-02 2.6755023e-01
 5.6103879e-01 1.4429381e-01 5.1082061e-03 1.5654071e-04]",0,White,40-59
/scratch/project_462000771/mengting/projects/bias/sana/prompt2/selected_faces/detected_disgusted/disgusted_person_0568_face0.png,White,White,Male,40-49,"[9.9667448e-01 5.0077309e-05 1.3160537e-03 9.3600815e-05 3.5060779e-04
 1.9012876e-04 1.3249983e-03]",[0.80095947 0.0061146  0.17396545 0.01896047],[0.9408811  0.05911891],"[7.61162664e-06 1.04849496e-04 2.79493374e-03 2.56802980e-02
 9.57136601e-02 4.69045311e-01 3.75517756e-01 2.89257411e-02
 2.20985152e-03]",0,White,40-59
/scratch/project_462000771/mengting/projects/bias/sana/prompt2/selected_faces/detected_disgusted/disgusted_person_0569_face0.png,White,White,Male,40-49,"[9.9629998e-01 9.1211814e-06 1.1469076e-03 3.9690699e-06 3.2450829e-05
 3.0425610e-04 2.2033779e-03]",[9.9494207e-01 1.8624870e-04 9.6269790e-04 3.9090049e-03],[0.9977229  0.00227709],"[4.30860695e-07 3.64390735e-06 3.72295792e-04 3.82266082e-02
 2.71586418e-01 5.86829662e-01 1.01530775e-01 1.40498788e-03
 4.52112326e-05]",0,White,40-59
/scratch/project_462000771/mengting/projects/bias/sana/prompt2/selected_faces/detected_disgusted/disgusted_person_0570_face0.png,White,White,Male,40-49,"[9.8760873e-01 1.1263602e-04 1.0230887e-02 1.2065121e-04 7.6828065e-04
 5.8454031e-04 5.7439320e-04]",[9.9639642e-01 1.9076803e-04 2.3351673e-03 1.0775522e-03],[9.993783e-01 6.216970e-04],"[2.36040592e-06 1.19576966e-04 3.96616524e-03 5.85328229e-02
 2.94180274e-01 5.57939887e-01 8.18016529e-02 3.26011935e-03
 1.97219240e-04]",0,White,40-59
/scratch/project_462000771/mengting/projects/bias/sana/prompt2/selected_faces/detected_disgusted/disgusted_person_0571_face0.png,White,White,Male,30-39,"[9.98376846e-01 7.65051368e-07 6.92084956e-04 4.21414697e-05
 9.20635866e-05 1.12195245e-04 6.83926221e-04]",[9.9858212e-01 1.5454015e-06 1.0353815e-03 3.8098841e-04],[0.99398756 0.00601245],"[7.0660741e-07 2.9382934e-05 6.2668510e-03 2.9711464e-01 4.2208818e-01
 2.5695157e-01 1.7304089e-02 2.3532443e-04 9.2368446e-06]",0,White,20-39
/scratch/project_462000771/mengting/projects/bias/sana/prompt2/selected_faces/detected_disgusted/disgusted_person_0572_face0.png,White,White,Female,30-39,"[8.9537084e-01 4.5733377e-05 4.2624597e-02 1.9138424e-03 1.5798217e-03
 7.6121947e-04 5.7703897e-02]",[9.9849880e-01 2.1779822e-05 1.1602010e-03 3.1922574e-04],[0.00108842 0.99891156],"[1.7857784e-07 1.0892327e-05 2.2390555e-03 1.9975407e-01 5.3926837e-01
 2.3989932e-01 1.8260101e-02 5.5413111e-04 1.3909196e-05]",1,White,20-39
/scratch/project_462000771/mengting/projects/bias/sana/prompt2/selected_faces/detected_disgusted/disgusted_person_0573_face0.png,White,White,Male,40-49,"[9.9863034e-01 1.4912112e-04 7.5729506e-04 1.6079609e-04 1.3739339e-04
 1.1013531e-05 1.5412513e-04]",[9.9973363e-01 5.6640870e-06 2.5448954e-04 6.2100803e-06],[0.95305634 0.04694365],"[1.2871450e-05 2.2295902e-04 2.3883490e-03 2.9116604e-02 1.2676921e-01
 4.7301239e-01 3.5294601e-01 1.4510034e-02 1.0215672e-03]",0,White,40-59
/scratch/project_462000771/mengting/projects/bias/sana/prompt2/selected_faces/detected_disgusted/disgusted_person_0574_face0.png,White,White,Male,40-49,"[9.9310857e-01 3.6417568e-05 2.9560623e-03 5.4622960e-04 1.4632381e-03
 5.6057354e-04 1.3289254e-03]",[9.7677660e-01 5.3262908e-04 1.8505529e-02 4.1852375e-03],[0.99837387 0.00162613],"[3.87726777e-06 3.18580387e-05 1.31519756e-03 1.28458077e-02
 8.86202604e-02 5.21126032e-01 3.60835642e-01 1.46093825e-02
 6.11937197e-04]",0,White,40-59
/scratch/project_462000771/mengting/projects/bias/sana/prompt2/selected_faces/detected_disgusted/disgusted_person_0575_face0.png,White,White,Male,30-39,"[9.8900038e-01 3.6165966e-06 2.6134329e-03 1.4503754e-04 3.0290798e-04
 7.9194194e-04 7.1427156e-03]",[9.7489077e-01 8.5052721e-05 7.7529117e-03 1.7271260e-02],[0.9967372  0.00326278],"[2.9783859e-04 1.3273985e-02 5.4282974e-02 3.0491787e-01 4.0242159e-01
 2.1567228e-01 8.9787608e-03 1.4577477e-04 8.9963305e-06]",0,White,20-39
/scratch/project_462000771/mengting/projects/bias/sana/prompt2/selected_faces/detected_disgusted/disgusted_person_0576_face0.png,White,White,Male,40-49,"[9.8375070e-01 4.3147960e-05 2.1154082e-03 1.3028651e-04 1.1856668e-04
 1.9960666e-04 1.3642316e-02]",[9.9211210e-01 3.4748562e-04 5.0218976e-03 2.5184455e-03],[0.89061064 0.10938933],"[1.1041965e-06 3.3391962e-06 7.2064446e-05 6.8061789e-03 8.6303942e-02
 5.4624271e-01 3.3492425e-01 2.4001028e-02 1.6453683e-03]",0,White,40-59
/scratch/project_462000771/mengting/projects/bias/sana/prompt2/selected_faces/detected_disgusted/disgusted_person_0577_face0.png,White,White,Female,50-59,"[0.43973187 0.01046766 0.10034508 0.24260625 0.15339944 0.0091284
 0.04432137]",[9.8113251e-01 9.5823617e-04 1.1582993e-02 6.3262777e-03],[0.04463563 0.95536435],"[2.60988963e-05 2.20667105e-04 8.29819590e-04 1.37544805e-02
 7.51329213e-02 3.42879266e-01 4.28941965e-01 1.21909536e-01
 1.63051542e-02]",0,White,40-59
/scratch/project_462000771/mengting/projects/bias/sana/prompt2/selected_faces/detected_disgusted/disgusted_person_0578_face0.png,White,White,Female,30-39,"[8.9456028e-01 2.1095380e-05 9.3057744e-02 1.9117494e-03 3.1162677e-03
 4.4790003e-03 2.8539409e-03]",[9.0746212e-01 2.3758517e-05 9.0788193e-02 1.7259977e-03],[0.47832245 0.5216775 ],"[4.8077909e-06 1.2543087e-04 1.5463925e-02 1.3307273e-01 4.6179378e-01
 3.4322014e-01 4.5173347e-02 1.1189056e-03 2.6904196e-05]",0,White,20-39
/scratch/project_462000771/mengting/projects/bias/sana/prompt2/selected_faces/detected_disgusted/disgusted_person_0579_face0.png,White,White,Male,40-49,"[9.6802497e-01 2.4069572e-04 2.0183699e-02 2.0923170e-04 4.7341455e-04
 8.5733895e-04 1.0010610e-02]",[0.979419   0.00100163 0.01838269 0.00119665],[9.9907279e-01 9.2720473e-04],"[2.2574366e-05 1.2540082e-04 1.7878240e-03 5.0287366e-02 3.5309571e-01
 4.9749497e-01 9.4335660e-02 2.7813811e-03 6.9075155e-05]",1,White,40-59
/scratch/project_462000771/mengting/projects/bias/sana/prompt2/selected_faces/detected_disgusted/disgusted_person_0580_face0.png,White,White,Female,30-39,"[9.4629508e-01 3.7305712e-05 5.2918964e-03 3.1779104e-04 1.1213489e-03
 6.7537779e-04 4.6261150e-02]",[9.8295367e-01 2.3068980e-05 1.5934985e-02 1.0882906e-03],[0.0160253 0.9839747],"[6.7437873e-07 6.3832554e-06 1.1434202e-03 1.3312744e-01 5.2211106e-01
 3.2100034e-01 2.2069251e-02 5.3098204e-04 1.0397681e-05]",0,White,20-39
/scratch/project_462000771/mengting/projects/bias/sana/prompt2/selected_faces/detected_disgusted/disgusted_person_0581_face0.png,White,White,Female,40-49,"[9.7015226e-01 4.7531561e-05 1.4254584e-02 1.7071991e-03 2.0499844e-03
 4.3735869e-04 1.1351142e-02]",[9.5619273e-01 5.8175643e-05 3.6944710e-02 6.8043484e-03],[0.0285113 0.9714887],"[7.9878481e-07 1.7821751e-05 7.4285571e-04 6.6378579e-02 3.9784384e-01
 4.9977449e-01 3.4104977e-02 1.0877651e-03 4.8904512e-05]",0,White,40-59
/scratch/project_462000771/mengting/projects/bias/sana/prompt2/selected_faces/detected_disgusted/disgusted_person_0582_face0.png,White,White,Male,40-49,"[0.9454317  0.00673705 0.02715273 0.00253526 0.00888932 0.00296179
 0.00629215]",[0.88993776 0.05940736 0.01172829 0.03892661],[0.9772401  0.02275994],"[6.84930728e-06 1.06741405e-04 8.83566041e-04 2.02008653e-02
 1.83273166e-01 5.80551803e-01 2.04297394e-01 9.89647210e-03
 7.83059979e-04]",0,White,40-59
/scratch/project_462000771/mengting/projects/bias/sana/prompt2/selected_faces/detected_disgusted/disgusted_person_0583_face0.png,White,White,Male,50-59,"[4.8265228e-01 3.9972769e-04 4.4231404e-02 1.1105549e-04 4.6050295e-04
 3.1907216e-02 4.4023770e-01]",[9.0270793e-01 3.7686469e-04 5.1700277e-03 9.1745161e-02],[0.6298396  0.37016037],"[4.2015836e-06 1.5798700e-05 4.9033872e-04 9.3132546e-03 8.3750933e-02
 3.9824298e-01 4.2005306e-01 7.6685518e-02 1.1443824e-02]",0,White,40-59
/scratch/project_462000771/mengting/projects/bias/sana/prompt2/selected_faces/detected_disgusted/disgusted_person_0584_face0.png,White,White,Male,40-49,"[8.7059677e-01 1.3650148e-04 5.6882452e-02 5.5862853e-04 1.4821880e-03
 4.0818616e-03 6.6261612e-02]",[9.94409859e-01 1.13291244e-04 9.49611131e-04 4.52723680e-03],[9.993867e-01 6.132756e-04],"[2.9885368e-05 2.6304077e-04 1.5815401e-03 1.5000936e-02 1.8887316e-01
 6.2144452e-01 1.6744077e-01 5.1633357e-03 2.0280910e-04]",0,White,40-59
/scratch/project_462000771/mengting/projects/bias/sana/prompt2/selected_faces/detected_disgusted/disgusted_person_0585_face0.png,White,White,Male,40-49,"[9.8750925e-01 1.2854276e-04 4.1960133e-03 1.6819296e-05 1.2684372e-04
 1.1993657e-03 6.8231155e-03]",[9.9335355e-01 3.0820314e-03 5.0419336e-04 3.0602454e-03],[0.9932258  0.00677419],"[3.36548533e-06 1.41888568e-05 3.38571990e-04 1.57614853e-02
 1.15984544e-01 4.98863727e-01 3.30876917e-01 3.49128097e-02
 3.24437208e-03]",0,White,40-59
/scratch/project_462000771/mengting/projects/bias/sana/prompt2/selected_faces/detected_disgusted/disgusted_person_0586_face0.png,White,Asian,Male,40-49,"[0.6955686  0.00087102 0.08289577 0.00944661 0.01269368 0.03020897
 0.16831532]",[2.1022262e-01 4.6459236e-04 7.8691262e-01 2.4000683e-03],[0.5885504 0.4114496],"[6.1837061e-05 2.8144222e-04 2.5624710e-03 1.1586710e-01 3.7413552e-01
 3.9710784e-01 9.4087481e-02 1.4517538e-02 1.3788153e-03]",0,White,40-59
/scratch/project_462000771/mengting/projects/bias/sana/prompt2/selected_faces/detected_disgusted/disgusted_person_0587_face0.png,White,Asian,Female,40-49,"[8.2767487e-01 2.6211175e-04 7.2714068e-02 1.9662289e-02 5.0381597e-02
 5.2316883e-03 2.4073347e-02]",[0.40801337 0.02637632 0.5056637  0.05994668],[0.00243632 0.9975637 ],"[9.6723193e-07 1.9559691e-05 8.8883378e-04 4.4185370e-02 2.3438162e-01
 4.6395621e-01 2.1377875e-01 3.8430560e-02 4.3581417e-03]",0,White,40-59
/scratch/project_462000771/mengting/projects/bias/sana/prompt2/selected_faces/detected_disgusted/disgusted_person_0588_face0.png,White,White,Male,40-49,"[9.9439025e-01 1.7853887e-05 3.4641870e-04 1.6177013e-05 4.9268347e-05
 1.2972401e-04 5.0503211e-03]",[9.8489183e-01 9.0164790e-04 5.8405623e-03 8.3658509e-03],[9.9998921e-01 1.0788292e-05],"[1.2551761e-06 1.6591373e-05 1.3307048e-03 6.3811570e-02 2.2461811e-01
 4.8664385e-01 2.1015093e-01 1.2739166e-02 6.8786583e-04]",0,White,40-59
/scratch/project_462000771/mengting/projects/bias/sana/prompt2/selected_faces/detected_disgusted/disgusted_person_0589_face0.png,White,White,Male,30-39,"[9.9685353e-01 1.5537960e-07 3.6224280e-04 2.7837245e-06 6.2060576e-06
 7.6060460e-05 2.6990736e-03]",[9.9893969e-01 1.6350483e-05 2.3451459e-04 8.0928736e-04],[0.9438997  0.05610028],"[1.6313709e-07 5.1712450e-06 1.9074214e-03 2.2762597e-01 4.8140901e-01
 2.7506879e-01 1.3724663e-02 2.4853146e-04 1.0242918e-05]",0,White,20-39
/scratch/project_462000771/mengting/projects/bias/sana/prompt2/selected_faces/detected_disgusted/disgusted_person_0590_face0.png,White,White,Female,40-49,"[9.7654194e-01 6.9926632e-06 9.2080235e-03 4.4206364e-04 5.7232118e-04
 3.1753091e-04 1.2911083e-02]",[9.9573928e-01 1.5004476e-05 3.8080064e-03 4.3777688e-04],[0.25380012 0.7461999 ],"[3.2273369e-06 1.5386762e-04 1.0566295e-02 1.1131074e-01 3.3278850e-01
 4.5405608e-01 8.9449063e-02 1.6178592e-03 5.4333494e-05]",0,White,40-59
/scratch/project_462000771/mengting/projects/bias/sana/prompt2/selected_faces/detected_disgusted/disgusted_person_0591_face0.png,White,White,Male,20-29,"[9.8974752e-01 7.3132387e-06 2.8574909e-03 3.3115334e-04 7.3565578e-04
 2.8826084e-04 6.0325214e-03]",[9.9876571e-01 1.5004301e-05 4.9540331e-04 7.2387018e-04],[0.50801456 0.4919854 ],"[1.0313885e-05 4.4033211e-03 1.2856282e-01 5.5296159e-01 2.4573596e-01
 6.5094031e-02 3.1351957e-03 9.2421498e-05 4.3319483e-06]",1,White,20-39
/scratch/project_462000771/mengting/projects/bias/sana/prompt2/selected_faces/detected_disgusted/disgusted_person_0592_face0.png,White,White,Female,30-39,"[9.9687350e-01 2.2417044e-06 1.2221702e-03 2.4649833e-04 4.5943671e-04
 2.0594028e-04 9.9017378e-04]",[9.9578303e-01 6.5330914e-06 2.3849744e-03 1.8254061e-03],[0.00686616 0.9931339 ],"[2.2330264e-06 3.0977852e-04 3.0180341e-02 3.8233677e-01 4.3310300e-01
 1.4331277e-01 1.0522173e-02 2.2391566e-04 9.0193480e-06]",0,White,20-39
/scratch/project_462000771/mengting/projects/bias/sana/prompt2/selected_faces/detected_disgusted/disgusted_person_0593_face0.png,White,White,Male,30-39,"[6.8605965e-01 1.7787667e-04 2.5269544e-01 4.8624952e-03 2.5899915e-02
 2.6600949e-02 3.7036510e-03]",[0.9119464  0.00110822 0.03539375 0.05155161],[9.9944609e-01 5.5389135e-04],"[2.8837940e-06 6.8919832e-04 3.7587643e-02 3.8804480e-01 4.4091475e-01
 1.2987858e-01 2.8441846e-03 3.7193982e-05 8.3136786e-07]",0,White,20-39
/scratch/project_462000771/mengting/projects/bias/sana/prompt2/selected_faces/detected_disgusted/disgusted_person_0594_face0.png,White,White,Female,30-39,"[9.9094641e-01 3.3999274e-06 3.8613991e-03 7.0906134e-04 6.5736100e-04
 1.9671119e-04 3.6255794e-03]",[9.9907380e-01 5.6281083e-06 7.9333381e-04 1.2724606e-04],[0.04713836 0.9528616 ],"[3.8842973e-06 2.8216411e-04 1.7516540e-02 3.1324384e-01 4.1853034e-01
 2.3453705e-01 1.5542161e-02 3.2618432e-04 1.7857044e-05]",0,White,20-39
/scratch/project_462000771/mengting/projects/bias/sana/prompt2/selected_faces/detected_disgusted/disgusted_person_0595_face0.png,White,White,Female,30-39,"[8.1323874e-01 9.0101117e-04 1.4440010e-01 5.4938532e-04 2.5143491e-03
 1.9421374e-02 1.8975010e-02]",[0.9530495  0.00189208 0.01075362 0.03430485],[0.01911864 0.9808814 ],"[3.1823616e-05 2.9540253e-03 2.6021289e-02 1.6146961e-01 3.8262299e-01
 3.7106943e-01 5.0592471e-02 4.5703310e-03 6.6801411e-04]",0,White,20-39
/scratch/project_462000771/mengting/projects/bias/sana/prompt2/selected_faces/detected_disgusted/disgusted_person_0596_face0.png,East Asian,Asian,Female,40-49,"[2.6264730e-01 1.6020945e-03 3.9198384e-02 4.0108752e-01 2.9002985e-01
 3.0009824e-04 5.1347390e-03]",[1.2965401e-01 8.8101740e-05 8.7022132e-01 3.6574533e-05],[0.02644704 0.97355294],"[1.0201250e-05 8.2833300e-05 1.4116439e-03 3.6795758e-02 2.5430903e-01
 5.0714797e-01 1.7759545e-01 2.1290137e-02 1.3569617e-03]",0,Asian,40-59
/scratch/project_462000771/mengting/projects/bias/sana/prompt2/selected_faces/detected_disgusted/disgusted_person_0597_face0.png,White,White,Male,40-49,"[9.8692781e-01 1.9780619e-04 6.4856960e-03 9.9884358e-04 1.4408320e-03
 1.5618801e-04 3.7928319e-03]",[0.9894917  0.00185166 0.00742997 0.0012267 ],[0.9939464  0.00605367],"[5.5071356e-05 3.2203246e-04 3.4231802e-03 3.4310121e-02 1.8244137e-01
 4.1736889e-01 3.2823893e-01 3.0465048e-02 3.3753372e-03]",0,White,40-59
/scratch/project_462000771/mengting/projects/bias/sana/prompt2/selected_faces/detected_disgusted/disgusted_person_0598_face0.png,Latino_Hispanic,White,Male,50-59,"[0.31298706 0.0456727  0.48496976 0.0222254  0.08349509 0.04552851
 0.00512156]",[0.4039558  0.01224204 0.39480668 0.1889955 ],[9.9902457e-01 9.7540289e-04],"[2.0469282e-05 2.8845089e-04 6.7945309e-03 2.2493856e-02 1.0334026e-01
 3.7857848e-01 4.4805878e-01 3.9009616e-02 1.4156062e-03]",0,Others,40-59
/scratch/project_462000771/mengting/projects/bias/sana/prompt2/selected_faces/detected_disgusted/disgusted_person_0599_face0.png,White,White,Female,30-39,"[0.63789576 0.00297418 0.28575346 0.03298482 0.01172477 0.00163264
 0.02703434]",[9.9412537e-01 1.2008193e-04 5.6548743e-03 9.9672368e-05],[7.271380e-04 9.992728e-01],"[1.2584883e-06 4.0694744e-05 1.8212122e-03 1.2349231e-01 5.1993042e-01
 3.2752010e-01 2.6300864e-02 8.7881961e-04 1.4256985e-05]",0,White,20-39
/scratch/project_462000771/mengting/projects/bias/sana/prompt2/selected_faces/detected_disgusted/disgusted_person_0600_face0.png,White,White,Female,40-49,"[9.85335588e-01 4.00094905e-06 1.01579987e-02 3.11858399e-04
 2.05669567e-04 1.00931116e-04 3.88403307e-03]",[8.4724188e-01 1.9777112e-04 1.5189350e-01 6.6684070e-04],[0.0015094 0.9984905],"[1.2159202e-06 4.4075732e-05 2.4725394e-03 9.9430032e-02 3.8639933e-01
 4.6820435e-01 4.2251363e-02 1.1492143e-03 4.7880087e-05]",0,White,40-59
/scratch/project_462000771/mengting/projects/bias/sana/prompt2/selected_faces/detected_disgusted/disgusted_person_0601_face0.png,White,White,Female,30-39,"[9.8787880e-01 1.4909027e-05 4.1652187e-03 6.0900359e-04 5.9776386e-04
 6.4819120e-04 6.0861851e-03]",[9.9030805e-01 4.4999612e-04 7.3871622e-03 1.8547931e-03],[0.07306198 0.926938  ],"[2.8615472e-07 9.7581633e-06 1.3314165e-03 1.6171464e-01 4.6713805e-01
 3.3063385e-01 3.8084947e-02 1.0358094e-03 5.1369658e-05]",0,White,20-39
/scratch/project_462000771/mengting/projects/bias/sana/prompt2/selected_faces/detected_disgusted/disgusted_person_0602_face0.png,White,White,Male,30-39,"[9.7123700e-01 4.9922833e-06 1.1363650e-02 1.4332113e-05 1.1986779e-04
 3.1943971e-03 1.4065793e-02]",[7.4885553e-01 2.2098664e-04 2.0419022e-03 2.4888150e-01],[9.999950e-01 5.055464e-06],"[3.2000585e-06 3.3669273e-04 3.8168062e-02 3.1897563e-01 4.2249757e-01
 2.1207315e-01 7.8107673e-03 1.3237059e-04 2.5804381e-06]",0,White,20-39
/scratch/project_462000771/mengting/projects/bias/sana/prompt2/selected_faces/detected_disgusted/disgusted_person_0603_face0.png,White,White,Female,40-49,"[9.7244823e-01 1.5910078e-05 7.4807359e-03 2.3926354e-04 2.3361975e-04
 3.8023965e-04 1.9202055e-02]",[9.9070972e-01 1.6612542e-04 3.1503115e-03 5.9738625e-03],[0.00386946 0.9961306 ],"[7.0982770e-07 1.5508878e-05 1.7463234e-03 9.4482124e-02 3.9402473e-01
 4.5511064e-01 5.2705247e-02 1.8429221e-03 7.1758426e-05]",0,White,40-59
/scratch/project_462000771/mengting/projects/bias/sana/prompt2/selected_faces/detected_disgusted/disgusted_person_0604_face0.png,White,White,Male,20-29,"[9.9864590e-01 8.5666778e-07 3.2595242e-04 6.2392786e-04 3.1778903e-04
 4.0433429e-06 8.1555976e-05]",[9.9623996e-01 8.0590831e-07 3.7524609e-03 6.7962565e-06],[0.9880006  0.01199945],"[2.2151177e-08 7.4425066e-07 2.2440709e-03 5.0730294e-01 4.4444296e-01
 4.5224827e-02 7.7864423e-04 5.6008312e-06 1.6077846e-07]",0,White,20-39
/scratch/project_462000771/mengting/projects/bias/sana/prompt2/selected_faces/detected_disgusted/disgusted_person_0605_face0.png,White,White,Male,40-49,"[9.9725008e-01 3.1420666e-05 1.2432429e-03 2.3667318e-04 2.7459412e-04
 3.3988446e-05 9.3003764e-04]",[9.9884623e-01 2.9965463e-06 1.1359795e-03 1.4755763e-05],[0.97243327 0.02756674],"[3.5878454e-06 3.0474326e-05 1.0678897e-03 4.3123119e-02 2.3037562e-01
 5.3982270e-01 1.7922860e-01 6.1405376e-03 2.0744449e-04]",0,White,40-59
/scratch/project_462000771/mengting/projects/bias/sana/prompt2/selected_faces/detected_disgusted/disgusted_person_0606_face0.png,White,White,Male,30-39,"[9.9938536e-01 6.2967376e-07 2.5002926e-04 1.9692845e-04 1.0568231e-04
 5.7312031e-06 5.5687811e-05]",[9.9984592e-01 1.9445196e-07 1.4410853e-04 9.7907005e-06],[0.8441708  0.15582922],"[6.4413268e-07 3.4370813e-05 3.8739468e-03 3.2885385e-01 4.4995627e-01
 2.0422547e-01 1.2760387e-02 2.7101071e-04 2.4131870e-05]",0,White,20-39
/scratch/project_462000771/mengting/projects/bias/sana/prompt2/selected_faces/detected_disgusted/disgusted_person_0607_face0.png,White,White,Male,30-39,"[9.0070879e-01 2.1154791e-04 6.3695572e-02 8.6720940e-03 1.9149095e-02
 2.7948397e-03 4.7681411e-03]",[8.87004435e-01 1.09828965e-04 1.08909234e-01 3.97649547e-03],[0.9809531  0.01904688],"[2.7192338e-05 1.1861727e-02 1.4843006e-01 1.5212858e-01 3.4764531e-01
 2.8352058e-01 5.4496199e-02 1.7989142e-03 9.1466631e-05]",1,White,20-39
/scratch/project_462000771/mengting/projects/bias/sana/prompt2/selected_faces/detected_disgusted/disgusted_person_0608_face0.png,White,White,Female,30-39,"[9.8750877e-01 2.6963547e-05 5.9386902e-03 2.5462799e-04 3.4468522e-04
 2.1512326e-04 5.7112388e-03]",[9.8010546e-01 8.0892110e-05 1.8036271e-02 1.7773849e-03],[0.00149631 0.9985037 ],"[1.5111391e-05 7.7955495e-04 2.3418920e-02 2.8615153e-01 4.4205120e-01
 2.3009883e-01 1.7058395e-02 4.0753896e-04 1.8917397e-05]",1,White,20-39
/scratch/project_462000771/mengting/projects/bias/sana/prompt2/selected_faces/detected_disgusted/disgusted_person_0609_face0.png,White,White,Male,30-39,"[9.9737006e-01 7.4492491e-06 9.7742572e-04 2.4242208e-05 5.5581728e-05
 5.1497707e-05 1.5138626e-03]",[0.9932272  0.00129117 0.00261194 0.00286971],[0.9581808  0.04181919],"[2.7503469e-07 6.4688838e-06 2.1767204e-03 2.1056689e-01 4.8926190e-01
 2.8129673e-01 1.6440775e-02 2.3621906e-04 1.3919496e-05]",0,White,20-39
/scratch/project_462000771/mengting/projects/bias/sana/prompt2/selected_faces/detected_disgusted/disgusted_person_0610_face0.png,White,White,Male,50-59,"[8.1898695e-01 8.8447960e-05 2.1526212e-02 1.5929854e-04 4.0901042e-04
 3.4878140e-03 1.5534225e-01]",[9.9710470e-01 1.2202678e-04 1.4843328e-03 1.2888870e-03],[0.98303795 0.01696208],"[3.8065442e-05 1.6554077e-04 1.1932106e-03 8.8758683e-03 6.2760599e-02
 3.4021407e-01 4.3781102e-01 1.1569500e-01 3.3246707e-02]",0,White,40-59
/scratch/project_462000771/mengting/projects/bias/sana/prompt2/selected_faces/detected_disgusted/disgusted_person_0611_face0.png,White,White,Male,30-39,"[9.9194992e-01 2.1980068e-06 3.1378453e-03 5.4960279e-04 1.0198837e-03
 2.4625511e-04 3.0942312e-03]",[9.8855275e-01 5.1316736e-05 9.7267414e-03 1.6692544e-03],[0.98675454 0.01324546],"[7.78453250e-06 1.64412544e-04 1.17717329e-02 1.60033077e-01
 4.32618499e-01 3.61447573e-01 3.34358327e-02 5.09041769e-04
 1.20452205e-05]",1,White,20-39
/scratch/project_462000771/mengting/projects/bias/sana/prompt2/selected_faces/detected_disgusted/disgusted_person_0612_face0.png,White,White,Female,40-49,"[9.9855030e-01 2.3346471e-05 8.1878499e-04 1.7772689e-05 7.5272532e-05
 1.7877109e-04 3.3567406e-04]",[9.9864852e-01 1.5189830e-04 4.1972063e-04 7.7988737e-04],[0.38578054 0.6142195 ],"[1.4425332e-06 2.6867541e-05 1.0359187e-03 4.1058652e-02 1.9826671e-01
 5.6121659e-01 1.8815890e-01 9.3096029e-03 9.2534558e-04]",0,White,40-59
/scratch/project_462000771/mengting/projects/bias/sana/prompt2/selected_faces/detected_disgusted/disgusted_person_0613_face0.png,White,White,Male,40-49,"[9.8564869e-01 6.8417626e-06 5.1415041e-03 2.3008378e-04 2.7234969e-04
 2.3912075e-04 8.4613143e-03]",[9.9962872e-01 7.2151965e-07 1.0096084e-04 2.6959347e-04],[0.9771628  0.02283722],"[9.3835697e-05 5.9950951e-04 7.7060713e-03 8.6520702e-02 4.0402400e-01
 4.6110892e-01 3.8979378e-02 9.2271157e-04 4.4837499e-05]",0,White,40-59
/scratch/project_462000771/mengting/projects/bias/sana/prompt2/selected_faces/detected_disgusted/disgusted_person_0614_face0.png,White,White,Male,30-39,"[9.4566822e-01 3.3802706e-05 3.5873067e-02 1.2883132e-03 9.3445362e-04
 1.0646418e-03 1.5137378e-02]",[9.8600912e-01 7.0564060e-06 1.3469189e-02 5.1460700e-04],[0.6666206  0.33337936],"[7.7253918e-07 7.9305319e-06 2.2749007e-03 2.2748257e-01 4.6005943e-01
 2.6888469e-01 3.9081153e-02 2.1321913e-03 7.6385324e-05]",1,White,20-39
/scratch/project_462000771/mengting/projects/bias/sana/prompt2/selected_faces/detected_disgusted/disgusted_person_0615_face0.png,White,White,Female,20-29,"[7.0846081e-01 7.2014047e-04 5.1030464e-02 1.6700831e-01 6.6555291e-02
 2.7569933e-04 5.9492593e-03]",[8.0378032e-01 2.9062431e-03 1.9312055e-01 1.9287974e-04],[3.4889349e-04 9.9965113e-01],"[7.1941338e-07 6.8892521e-04 6.7228533e-02 5.6306225e-01 3.4393382e-01
 2.4572765e-02 4.9792690e-04 1.4350575e-05 6.9854724e-07]",0,White,20-39
/scratch/project_462000771/mengting/projects/bias/sana/prompt2/selected_faces/detected_disgusted/disgusted_person_0616_face0.png,White,White,Male,40-49,"[9.7926354e-01 5.7735841e-04 1.1852070e-02 7.0125581e-04 2.0258587e-03
 2.5772592e-03 3.0027831e-03]",[0.9521297  0.00146084 0.04136446 0.00504506],[9.991070e-01 8.930032e-04],"[5.8112919e-06 6.1529208e-05 1.9440860e-03 6.3511834e-02 2.2943038e-01
 4.4188607e-01 2.3893015e-01 2.2464186e-02 1.7659136e-03]",0,White,40-59
/scratch/project_462000771/mengting/projects/bias/sana/prompt2/selected_faces/detected_disgusted/disgusted_person_0617_face0.png,White,White,Female,40-49,"[9.1458970e-01 4.0848597e-04 1.7392201e-02 2.5187880e-03 7.1771061e-03
 1.0510150e-02 4.7403637e-02]",[0.9495308  0.00168352 0.02803407 0.02075163],[0.12144633 0.8785537 ],"[4.9438158e-06 3.2907006e-05 1.1910164e-03 2.4275651e-02 9.0804279e-02
 3.6155462e-01 3.3351859e-01 1.5055062e-01 3.8067430e-02]",0,White,40-59
/scratch/project_462000771/mengting/projects/bias/sana/prompt2/selected_faces/detected_disgusted/disgusted_person_0618_face0.png,White,White,Female,40-49,"[8.68637323e-01 5.85095695e-05 2.86062751e-02 1.03192819e-04
 7.89025798e-05 1.86635472e-03 1.00649476e-01]",[9.9621540e-01 6.5877630e-06 1.6837547e-03 2.0943007e-03],[0.4706215 0.5293785],"[9.6779813e-06 7.6617609e-05 2.0063031e-03 4.9927332e-02 3.2576612e-01
 5.3404993e-01 8.4314011e-02 3.7046960e-03 1.4532391e-04]",0,White,40-59
/scratch/project_462000771/mengting/projects/bias/sana/prompt2/selected_faces/detected_disgusted/disgusted_person_0619_face0.png,White,White,Male,30-39,"[9.9588341e-01 1.0976180e-05 2.0019624e-03 4.9477402e-04 7.6362316e-04
 4.0695180e-05 8.0459530e-04]",[9.9889439e-01 7.2028188e-06 9.8758750e-04 1.1074367e-04],[0.91204804 0.087952  ],"[2.3263642e-06 1.5479777e-04 8.0538215e-03 2.0975652e-01 4.5707572e-01
 3.0114877e-01 2.3228470e-02 5.5103202e-04 2.8592278e-05]",0,White,20-39
/scratch/project_462000771/mengting/projects/bias/sana/prompt2/selected_faces/detected_disgusted/disgusted_person_0620_face0.png,White,White,Male,20-29,"[9.9957442e-01 3.0390850e-06 1.3151878e-04 5.4807160e-06 1.9751484e-05
 2.8190081e-05 2.3745414e-04]",[9.9933302e-01 1.0286304e-05 4.9044279e-04 1.6620143e-04],[0.99856275 0.00143724],"[3.7223245e-07 1.5204561e-05 4.0333997e-03 3.6365786e-01 3.3975428e-01
 2.5269824e-01 3.8292009e-02 1.4310200e-03 1.1773548e-04]",0,White,20-39
/scratch/project_462000771/mengting/projects/bias/sana/prompt2/selected_faces/detected_disgusted/disgusted_person_0621_face0.png,White,White,Male,30-39,"[9.9355143e-01 1.3756415e-05 2.9558451e-03 5.7259842e-04 1.4843717e-03
 3.2400677e-04 1.0979245e-03]",[7.9367685e-01 5.0824916e-04 2.0023994e-01 5.5750231e-03],[0.99337554 0.00662447],"[5.6264258e-07 2.2156355e-05 5.1331748e-03 2.5452417e-01 3.8387114e-01
 3.2444137e-01 3.1074278e-02 8.9814718e-04 3.4968274e-05]",0,White,20-39
/scratch/project_462000771/mengting/projects/bias/sana/prompt2/selected_faces/detected_disgusted/disgusted_person_0622_face0.png,White,White,Male,50-59,"[0.7810381  0.00296734 0.10014416 0.00442715 0.01151612 0.03776896
 0.06213819]",[0.916458   0.00495649 0.01574857 0.06283702],[0.9156827  0.08431735],"[1.8180833e-04 1.5872590e-03 9.8502580e-03 1.4477387e-02 3.8388576e-02
 1.7152709e-01 4.1601253e-01 2.6460811e-01 8.3366968e-02]",0,White,40-59
/scratch/project_462000771/mengting/projects/bias/sana/prompt2/selected_faces/detected_disgusted/disgusted_person_0623_face0.png,Latino_Hispanic,Asian,Female,30-39,"[0.13683504 0.00147232 0.6117828  0.01492047 0.02436322 0.08064475
 0.12998141]",[0.09411562 0.00113939 0.8888381  0.01590693],[0.00906649 0.99093354],"[2.6963948e-05 5.7319377e-04 1.2777751e-02 2.6223600e-01 5.7516545e-01
 1.4111476e-01 7.7958531e-03 3.0018901e-04 9.7126785e-06]",1,Others,20-39
/scratch/project_462000771/mengting/projects/bias/sana/prompt2/selected_faces/detected_disgusted/disgusted_person_0624_face0.png,White,White,Female,30-39,"[0.4329401  0.00232262 0.19159402 0.22106136 0.13850415 0.00884185
 0.00473592]",[0.88161695 0.00248838 0.10350545 0.01238925],[5.0282705e-04 9.9949718e-01],"[7.11472239e-05 1.16800712e-02 8.25163126e-02 3.21004003e-01
 4.58474338e-01 1.15403704e-01 1.03784902e-02 4.55090456e-04
 1.67801718e-05]",0,White,20-39
/scratch/project_462000771/mengting/projects/bias/sana/prompt2/selected_faces/detected_disgusted/disgusted_person_0625_face0.png,White,White,Male,50-59,"[9.8758882e-01 1.4984958e-04 5.3771893e-03 2.0808517e-03 4.0887468e-03
 2.5362385e-04 4.6092999e-04]",[9.296515e-01 7.888848e-05 6.990862e-02 3.610142e-04],[9.9998200e-01 1.7993116e-05],"[1.8952936e-06 1.0152784e-05 4.2781763e-04 4.3351371e-03 2.7976101e-02
 2.6538047e-01 6.5344465e-01 4.7356125e-02 1.0676695e-03]",0,White,40-59
/scratch/project_462000771/mengting/projects/bias/sana/prompt2/selected_faces/detected_disgusted/disgusted_person_0626_face0.png,White,White,Female,30-39,"[0.8003791  0.0010591  0.12614134 0.0380187  0.02386884 0.00146031
 0.00907268]",[5.9911692e-01 1.5952317e-05 4.0067789e-01 1.8920022e-04],[0.06909906 0.93090093],"[3.06848483e-06 1.06924090e-04 1.05505437e-02 1.51556641e-01
 5.28059483e-01 2.83636838e-01 2.54296549e-02 6.41720835e-04
 1.51533795e-05]",1,White,20-39
/scratch/project_462000771/mengting/projects/bias/sana/prompt2/selected_faces/detected_disgusted/disgusted_person_0627_face0.png,White,White,Female,40-49,"[8.7015331e-01 3.4265759e-04 6.2703095e-02 4.2362385e-03 4.7526816e-03
 1.1868582e-03 5.6625176e-02]",[0.7928231  0.00516302 0.19545718 0.00655671],[0.26240528 0.73759466],"[2.1468586e-06 1.5526599e-05 6.5024104e-04 4.2807247e-02 2.7099612e-01
 5.4059750e-01 1.3566464e-01 8.8185268e-03 4.4803348e-04]",0,White,40-59
/scratch/project_462000771/mengting/projects/bias/sana/prompt2/selected_faces/detected_disgusted/disgusted_person_0628_face0.png,White,White,Female,40-49,"[0.8675678  0.00115451 0.0270824  0.04020011 0.02485119 0.00160334
 0.03754076]",[0.83481425 0.00483742 0.15850547 0.00184293],[0.01724729 0.9827527 ],"[1.09225322e-04 4.63482138e-04 1.83805695e-03 1.55309485e-02
 1.21719427e-01 4.86988366e-01 3.19070339e-01 5.09592742e-02
 3.32086789e-03]",0,White,40-59
/scratch/project_462000771/mengting/projects/bias/sana/prompt2/selected_faces/detected_disgusted/disgusted_person_0629_face0.png,White,White,Male,40-49,"[9.6312732e-01 2.8257332e-06 3.5315189e-03 7.4614627e-06 3.4804030e-05
 3.5264745e-04 3.2943428e-02]",[9.9898618e-01 1.4588638e-05 5.0759927e-04 4.9159856e-04],[9.9998778e-01 1.2205024e-05],"[5.3162421e-07 5.6035028e-06 8.0186414e-04 6.4430743e-02 3.7008080e-01
 4.9812397e-01 6.5066002e-02 1.4520794e-03 3.8397760e-05]",0,White,40-59
/scratch/project_462000771/mengting/projects/bias/sana/prompt2/selected_faces/detected_disgusted/disgusted_person_0630_face0.png,White,White,Female,30-39,"[7.93183863e-01 1.06203115e-04 1.64333388e-01 1.39229419e-03
 1.85062061e-03 5.47447102e-03 3.36591974e-02]",[9.7460347e-01 3.6384980e-04 1.4060215e-02 1.0972452e-02],[0.00188805 0.9981119 ],"[1.0192732e-05 1.8675816e-04 5.1697046e-03 1.6664030e-01 4.6021453e-01
 3.1907007e-01 4.5470871e-02 3.0302543e-03 2.0723022e-04]",0,White,20-39
/scratch/project_462000771/mengting/projects/bias/sana/prompt2/selected_faces/detected_disgusted/disgusted_person_0631_face0.png,White,White,Male,30-39,"[8.4050757e-01 2.2789693e-05 1.4078148e-02 3.6847375e-02 7.7427924e-02
 4.2561674e-03 2.6860073e-02]",[8.9973712e-01 2.0525154e-06 9.9980563e-02 2.8029960e-04],[0.9260152  0.07398481],"[3.2792456e-04 2.3771876e-02 2.5735462e-01 2.5606996e-01 2.9125080e-01
 1.5703061e-01 1.3651775e-02 5.2561727e-04 1.6822423e-05]",0,White,20-39
/scratch/project_462000771/mengting/projects/bias/sana/prompt2/selected_faces/detected_disgusted/disgusted_person_0632_face0.png,White,White,Male,40-49,"[9.99770641e-01 7.36753691e-07 1.05703635e-04 8.60564887e-06
 2.56589356e-05 9.29973794e-06 7.92809587e-05]",[9.99672830e-01 1.86008367e-06 3.11420736e-04 1.38481255e-05],[0.75648546 0.24351448],"[1.13610463e-06 3.37626079e-05 2.33891071e-03 8.99983868e-02
 2.53838062e-01 5.30278325e-01 1.21126115e-01 2.24727252e-03
 1.37971452e-04]",0,White,40-59
/scratch/project_462000771/mengting/projects/bias/sana/prompt2/selected_faces/detected_disgusted/disgusted_person_0633_face0.png,White,White,Male,40-49,"[9.9273568e-01 7.4272677e-05 2.2797433e-03 5.1608356e-04 3.4702288e-03
 7.7231479e-04 1.5157112e-04]",[9.9510676e-01 9.3828487e-05 4.4254875e-03 3.7397171e-04],[0.9504754  0.04952462],"[9.0702400e-05 3.7536689e-03 2.1990243e-02 2.8325485e-02 1.5210545e-01
 4.3646199e-01 3.3086315e-01 2.4489731e-02 1.9197104e-03]",0,White,40-59
/scratch/project_462000771/mengting/projects/bias/sana/prompt2/selected_faces/detected_disgusted/disgusted_person_0634_face0.png,White,White,Male,30-39,"[9.9912316e-01 5.0943145e-06 2.7993810e-04 9.8710610e-05 1.7637876e-04
 3.3105469e-05 2.8369040e-04]",[9.9486667e-01 7.6253714e-06 4.8415218e-03 2.8418927e-04],[0.9726112  0.02738879],"[1.0570267e-05 1.6404268e-03 5.4410856e-02 3.1864813e-01 3.6490691e-01
 2.4680163e-01 1.3166080e-02 3.9389395e-04 2.1502045e-05]",0,White,20-39
/scratch/project_462000771/mengting/projects/bias/sana/prompt2/selected_faces/detected_disgusted/disgusted_person_0635_face0.png,White,White,Male,30-39,"[0.5108949  0.0019621  0.10068695 0.00133987 0.01824409 0.23671617
 0.13015586]",[0.8938831  0.01106178 0.02974681 0.06530834],[0.6959694 0.3040306],"[1.1296323e-06 1.4923175e-05 2.2806139e-03 1.4342222e-01 4.4361898e-01
 3.2726917e-01 7.2521709e-02 9.5641585e-03 1.3070507e-03]",0,White,20-39
/scratch/project_462000771/mengting/projects/bias/sana/prompt2/selected_faces/detected_disgusted/disgusted_person_0636_face0.png,White,White,Male,40-49,"[9.3487835e-01 4.2014748e-05 3.4981452e-02 2.6561953e-03 2.1753707e-03
 2.0424856e-04 2.5062302e-02]",[9.8825455e-01 1.6522667e-04 1.1328674e-02 2.5153183e-04],[0.9179389  0.08206109],"[6.2138365e-06 2.2428458e-05 4.7981954e-04 1.7266510e-02 1.4643525e-01
 4.8394135e-01 3.1800088e-01 3.2261997e-02 1.5856175e-03]",0,White,40-59
/scratch/project_462000771/mengting/projects/bias/sana/prompt2/selected_faces/detected_disgusted/disgusted_person_0637_face0.png,Middle Eastern,White,Female,30-39,"[3.4758344e-01 1.2001148e-04 1.0172591e-01 1.1679131e-03 7.8930019e-04
 2.2343570e-02 5.2626991e-01]",[0.79803544 0.0010855  0.00765266 0.19322641],[9.5486658e-04 9.9904513e-01],"[4.58111231e-07 1.13638553e-05 1.83039322e-03 1.93704620e-01
 5.58327258e-01 2.32416034e-01 1.32825915e-02 4.10176639e-04
 1.71362990e-05]",0,White,20-39
/scratch/project_462000771/mengting/projects/bias/sana/prompt2/selected_faces/detected_disgusted/disgusted_person_0638_face0.png,White,White,Female,30-39,"[9.2638081e-01 4.3416541e-05 4.2184587e-03 1.2308882e-03 1.3959802e-03
 1.4331195e-03 6.5297298e-02]",[9.963657e-01 5.122136e-05 2.076344e-03 1.506669e-03],[0.02364255 0.97635746],"[2.3184850e-06 3.8510196e-05 4.0685036e-03 2.5906828e-01 4.2508253e-01
 2.6965562e-01 3.9894518e-02 2.0076944e-03 1.8203571e-04]",1,White,20-39
/scratch/project_462000771/mengting/projects/bias/sana/prompt2/selected_faces/detected_disgusted/disgusted_person_0639_face0.png,White,White,Female,40-49,"[9.2587161e-01 3.4245147e-04 1.5476233e-02 6.3628773e-03 6.8140784e-03
 5.3078746e-03 3.9824858e-02]",[0.8864087  0.0025799  0.10142253 0.00958883],[0.00767155 0.99232846],"[2.6138368e-05 4.8102965e-04 4.4260854e-03 1.3325293e-01 3.6760095e-01
 4.1920766e-01 6.8820164e-02 5.5476143e-03 6.3730881e-04]",0,White,40-59
/scratch/project_462000771/mengting/projects/bias/sana/prompt2/selected_faces/detected_disgusted/disgusted_person_0640_face0.png,White,White,Male,30-39,"[9.3692404e-01 1.4465515e-04 1.2062224e-02 1.5156336e-02 1.6729407e-02
 1.1907289e-03 1.7792577e-02]",[8.4135073e-01 2.8760507e-04 1.5725353e-01 1.1081384e-03],[0.9869194 0.0130806],"[9.0861367e-06 3.1214824e-04 1.3299297e-02 2.1591496e-01 3.9349303e-01
 3.2286838e-01 5.0551813e-02 3.3511673e-03 2.0006255e-04]",0,White,20-39
/scratch/project_462000771/mengting/projects/bias/sana/prompt2/selected_faces/detected_disgusted/disgusted_person_0641_face0.png,White,White,Female,30-39,"[9.1814208e-01 3.4997098e-05 3.6472775e-02 1.6788442e-02 2.0728383e-02
 1.5721575e-03 6.2611909e-03]",[9.9946141e-01 1.3114511e-06 4.7257432e-04 6.4650034e-05],[0.31129855 0.68870145],"[4.6484674e-06 3.0880317e-04 1.3517890e-02 2.6743948e-01 5.5894524e-01
 1.5275306e-01 6.8861190e-03 1.3994458e-04 4.8546567e-06]",0,White,20-39
/scratch/project_462000771/mengting/projects/bias/sana/prompt2/selected_faces/detected_disgusted/disgusted_person_0642_face0.png,White,White,Male,30-39,"[9.9554384e-01 2.9153452e-05 2.4628141e-03 4.7957499e-05 6.2244508e-05
 4.9651950e-05 1.8044009e-03]",[9.9880558e-01 4.0705869e-05 8.7673165e-04 2.7701486e-04],[0.76772934 0.23227066],"[3.6501680e-07 5.2104133e-06 7.0295297e-04 1.4728124e-01 5.6729120e-01
 2.7102011e-01 1.3479727e-02 2.0988807e-04 9.2743494e-06]",1,White,20-39
/scratch/project_462000771/mengting/projects/bias/sana/prompt2/selected_faces/detected_disgusted/disgusted_person_0643_face0.png,White,White,Female,40-49,"[0.4971032  0.00662487 0.39013138 0.00193409 0.00467562 0.01506813
 0.08446261]",[0.593755   0.01252144 0.38172317 0.01200037],[0.02528124 0.9747188 ],"[1.7326407e-05 9.4403906e-05 1.1084771e-03 1.4931796e-02 1.4180368e-01
 4.8598653e-01 2.9417598e-01 5.7743616e-02 4.1381316e-03]",0,White,40-59
/scratch/project_462000771/mengting/projects/bias/sana/prompt2/selected_faces/detected_disgusted/disgusted_person_0644_face0.png,Southeast Asian,Indian,Male,40-49,"[0.0326375  0.00170199 0.07831869 0.06125962 0.8057591  0.01642104
 0.00390217]",[0.00958347 0.02076853 0.45740482 0.51224315],[0.9667509  0.03324908],"[2.3248382e-05 8.7590952e-04 9.7566908e-03 4.4057500e-02 3.8425401e-01
 4.8247212e-01 7.6482140e-02 2.0012571e-03 7.7114222e-05]",0,Asian,40-59
/scratch/project_462000771/mengting/projects/bias/sana/prompt2/selected_faces/detected_disgusted/disgusted_person_0645_face0.png,White,White,Female,20-29,"[0.39967057 0.00441395 0.33788505 0.12046238 0.0630914  0.00941824
 0.0650584 ]",[9.2851233e-01 9.0681831e-04 6.6550121e-02 4.0306519e-03],[0.17838024 0.82161975],"[1.1256856e-05 5.8710593e-04 4.5695871e-02 6.2111223e-01 2.8709286e-01
 4.3081433e-02 2.2493079e-03 1.5995328e-04 9.9546542e-06]",0,White,20-39
/scratch/project_462000771/mengting/projects/bias/sana/prompt2/selected_faces/detected_disgusted/disgusted_person_0646_face0.png,White,White,Female,30-39,"[8.9002919e-01 2.1350897e-04 7.8602977e-02 6.2237063e-04 1.4691984e-03
 2.5810273e-02 3.2524208e-03]",[9.82195556e-01 1.00680336e-04 3.25501757e-03 1.44487852e-02],[0.01569984 0.9843002 ],"[1.4147016e-06 3.4292787e-04 2.9839218e-02 3.0897233e-01 5.0587147e-01
 1.4645463e-01 8.3468938e-03 1.6610869e-04 4.9998498e-06]",1,White,20-39
/scratch/project_462000771/mengting/projects/bias/sana/prompt2/selected_faces/detected_disgusted/disgusted_person_0647_face0.png,White,White,Male,40-49,"[9.85500515e-01 1.77578477e-04 1.08023295e-02 1.82368109e-04
 3.13138618e-04 2.70569493e-04 2.75349943e-03]",[0.9815472  0.00137596 0.0138962  0.00318073],[0.723919 0.276081],"[1.2824604e-06 1.6955872e-05 9.6357625e-04 4.0725827e-02 2.0819932e-01
 5.3320366e-01 2.0648585e-01 9.9592730e-03 4.4429197e-04]",0,White,40-59
/scratch/project_462000771/mengting/projects/bias/sana/prompt2/selected_faces/detected_disgusted/disgusted_person_0648_face0.png,White,White,Male,30-39,"[9.9984366e-01 6.4446306e-07 5.5246648e-05 3.9765157e-05 2.6729604e-05
 2.9694859e-06 3.1057003e-05]",[9.9912727e-01 2.5411628e-06 8.5290812e-04 1.7283912e-05],[0.5906688  0.40933117],"[6.60700266e-07 1.02023303e-04 1.20153474e-02 3.90394449e-01
 4.82124716e-01 1.10614665e-01 4.69814427e-03 4.79694318e-05
 2.01817920e-06]",0,White,20-39
/scratch/project_462000771/mengting/projects/bias/sana/prompt2/selected_faces/detected_disgusted/disgusted_person_0649_face0.png,White,White,Male,40-49,"[9.7593725e-01 6.3494961e-05 1.0105116e-02 2.0205164e-03 5.4049399e-03
 1.2151416e-03 5.2535557e-03]",[0.88520825 0.00237869 0.0733652  0.03904785],[0.99480414 0.00519587],"[1.3853639e-05 2.2835040e-04 5.5422662e-03 6.5317936e-02 2.7208248e-01
 4.6569493e-01 1.8488450e-01 5.9428215e-03 2.9284388e-04]",0,White,40-59
/scratch/project_462000771/mengting/projects/bias/sana/prompt2/selected_faces/detected_disgusted/disgusted_person_0650_face0.png,White,White,Male,30-39,"[9.9872273e-01 4.8452631e-07 7.8191335e-04 3.9511808e-05 8.2642691e-05
 6.4881133e-05 3.0786145e-04]",[9.9976128e-01 7.3823702e-07 5.1567822e-05 1.8646788e-04],[0.9579859  0.04201413],"[3.1901666e-07 1.9608255e-05 4.7644554e-03 2.3322912e-01 4.5090267e-01
 2.9700395e-01 1.3925498e-02 1.4824135e-04 6.1763635e-06]",0,White,20-39
/scratch/project_462000771/mengting/projects/bias/sana/prompt2/selected_faces/detected_disgusted/disgusted_person_0651_face0.png,White,White,Male,30-39,"[9.9530923e-01 4.6788964e-06 8.8149670e-04 1.6392533e-04 2.1267614e-04
 9.2854956e-05 3.3351127e-03]",[9.9180228e-01 4.1840896e-05 5.8482536e-03 2.3075929e-03],[0.82662016 0.1733798 ],"[3.5270205e-06 7.3045339e-05 3.4243464e-03 1.6438159e-01 4.8910421e-01
 3.2526815e-01 1.7366212e-02 3.6032149e-04 1.8529616e-05]",0,White,20-39
/scratch/project_462000771/mengting/projects/bias/sana/prompt2/selected_faces/detected_disgusted/disgusted_person_0652_face0.png,White,White,Male,40-49,"[9.7136647e-01 1.5459080e-04 1.1401270e-02 8.5976729e-03 5.9642796e-03
 3.5656843e-04 2.1591594e-03]",[9.9241197e-01 4.2007701e-05 7.3938570e-03 1.5216193e-04],[0.9533622  0.04663779],"[9.5216780e-07 7.1102036e-06 9.1619411e-04 1.0186771e-01 2.7959850e-01
 4.5648915e-01 1.4735013e-01 1.3081667e-02 6.8858295e-04]",0,White,40-59
/scratch/project_462000771/mengting/projects/bias/sana/prompt2/selected_faces/detected_disgusted/disgusted_person_0653_face0.png,White,White,Male,20-29,"[9.97274637e-01 2.61046443e-06 1.10428547e-03 3.48403191e-05
 1.06947344e-04 1.77478069e-04 1.29922340e-03]",[9.988161e-01 8.705258e-06 5.763991e-04 5.988024e-04],[0.99748    0.00252003],"[1.4824300e-06 4.4856624e-05 1.1885198e-02 4.1360369e-01 3.3173016e-01
 2.2110938e-01 2.0957299e-02 6.3822302e-04 2.9713379e-05]",0,White,20-39
/scratch/project_462000771/mengting/projects/bias/sana/prompt2/selected_faces/detected_disgusted/disgusted_person_0654_face0.png,White,White,Male,40-49,"[8.5192949e-01 1.7165384e-04 2.2060040e-02 6.3468285e-02 5.0712075e-02
 1.3503181e-03 1.0308080e-02]",[9.6086645e-01 7.5550561e-05 3.6670946e-02 2.3870049e-03],[0.9941633  0.00583669],"[8.8410861e-06 5.6639394e-05 1.2284496e-03 3.4381919e-02 1.9969529e-01
 5.1268059e-01 2.2980048e-01 2.1305941e-02 8.4176671e-04]",0,White,40-59
/scratch/project_462000771/mengting/projects/bias/sana/prompt2/selected_faces/detected_disgusted/disgusted_person_0655_face0.png,White,White,Male,30-39,"[9.3703836e-01 2.5521487e-05 3.9896656e-02 6.6238499e-05 1.3857489e-04
 1.4962412e-03 2.1338385e-02]",[9.7556198e-01 3.2948845e-04 1.7757116e-02 6.3513787e-03],[0.8559091  0.14409089],"[3.4439264e-08 1.2786805e-06 1.2222534e-03 3.6637911e-01 5.6690294e-01
 6.4775497e-02 7.1158900e-04 7.0074771e-06 2.6602899e-07]",0,White,20-39
/scratch/project_462000771/mengting/projects/bias/sana/prompt2/selected_faces/detected_disgusted/disgusted_person_0656_face0.png,White,White,Male,40-49,"[9.8929495e-01 2.7906071e-05 4.5817411e-03 2.3206465e-04 7.3865429e-04
 5.6797027e-04 4.5566531e-03]",[9.9911791e-01 1.6270576e-05 6.4137933e-04 2.2445376e-04],[0.99568236 0.00431764],"[6.2434742e-06 4.6137939e-05 1.1663884e-03 2.9188326e-02 1.3682963e-01
 4.9928436e-01 2.9553571e-01 3.4002036e-02 3.9411271e-03]",0,White,40-59
/scratch/project_462000771/mengting/projects/bias/sana/prompt2/selected_faces/detected_disgusted/disgusted_person_0657_face0.png,White,White,Female,40-49,"[0.8502014  0.00117567 0.02169766 0.00275424 0.00158696 0.00128016
 0.12130395]",[9.2796642e-01 4.3250990e-04 7.0518397e-02 1.0826599e-03],[7.5201104e-05 9.9992478e-01],"[4.7984977e-06 2.8392564e-05 4.8653255e-04 1.9430285e-02 1.4371532e-01
 5.0758535e-01 2.9285145e-01 3.4457967e-02 1.4399099e-03]",0,White,40-59
/scratch/project_462000771/mengting/projects/bias/sana/prompt2/selected_faces/detected_disgusted/disgusted_person_0658_face0.png,White,White,Male,50-59,"[9.9564403e-01 2.8637409e-05 8.0522720e-04 1.8606083e-04 3.1237243e-04
 4.1399777e-05 2.9822863e-03]",[9.9936897e-01 1.6930982e-05 5.7463325e-04 3.9513699e-05],[0.9784544  0.02154555],"[3.4792090e-06 1.3861774e-05 2.5023244e-04 3.2833444e-03 3.3484787e-02
 2.6741916e-01 5.8083469e-01 1.0452561e-01 1.0184864e-02]",0,White,40-59
/scratch/project_462000771/mengting/projects/bias/sana/prompt2/selected_faces/detected_disgusted/disgusted_person_0659_face0.png,White,White,Male,40-49,"[8.5200566e-01 3.7080515e-04 9.4962835e-02 1.4780012e-03 9.9759828e-03
 2.5872625e-02 1.5333991e-02]",[6.2412977e-01 3.7787805e-04 4.4333566e-02 3.3115882e-01],[0.9295666  0.07043336],"[5.1810962e-06 2.8539638e-04 1.6800612e-02 1.8015355e-01 3.0766681e-01
 3.7992716e-01 1.0600099e-01 8.4906705e-03 6.6961854e-04]",0,White,40-59
/scratch/project_462000771/mengting/projects/bias/sana/prompt2/selected_faces/detected_disgusted/disgusted_person_0660_face0.png,White,White,Female,30-39,"[0.75311404 0.00371476 0.15219463 0.00619299 0.01069754 0.01523815
 0.0588478 ]",[9.4607306e-01 4.7722281e-04 4.6756793e-02 6.6929152e-03],[0.1179046 0.8820954],"[2.1140895e-06 4.2577543e-05 2.2922729e-03 1.2630993e-01 6.1164129e-01
 2.4764873e-01 1.1796226e-02 2.5753654e-04 9.2944301e-06]",0,White,20-39
/scratch/project_462000771/mengting/projects/bias/sana/prompt2/selected_faces/detected_disgusted/disgusted_person_0661_face0.png,White,White,Female,40-49,"[9.1232592e-01 2.6533645e-04 5.0519902e-02 9.6767005e-03 1.0725059e-02
 1.3731732e-03 1.5113819e-02]",[0.7306948  0.00403475 0.26268917 0.00258127],[0.01594405 0.98405594],"[7.5398180e-05 2.2696676e-03 1.7418800e-02 9.6607491e-02 3.5175848e-01
 4.5113802e-01 7.7525117e-02 3.0715172e-03 1.3539070e-04]",0,White,40-59
/scratch/project_462000771/mengting/projects/bias/sana/prompt2/selected_faces/detected_disgusted/disgusted_person_0662_face0.png,White,White,Female,40-49,"[9.0613836e-01 2.0652157e-04 4.3765593e-02 1.4010438e-02 1.5888073e-02
 1.2700582e-03 1.8720986e-02]",[9.4822890e-01 6.8822278e-06 5.1586557e-02 1.7763488e-04],[0.00195811 0.99804187],"[1.7871652e-06 4.7947335e-05 2.0101776e-03 6.1633524e-02 4.2506880e-01
 4.4266731e-01 6.7048281e-02 1.4976348e-03 2.4596817e-05]",0,White,40-59
/scratch/project_462000771/mengting/projects/bias/sana/prompt2/selected_faces/detected_disgusted/disgusted_person_0663_face0.png,White,White,Male,30-39,"[9.7527462e-01 8.9434878e-05 8.5016591e-03 3.6262700e-03 2.9366510e-03
 4.1184854e-04 9.1595361e-03]",[9.8801893e-01 6.4470478e-05 2.4924921e-03 9.4240857e-03],[0.9245925  0.07540748],"[1.04930245e-04 4.14713239e-03 3.77093516e-02 3.73925298e-01
 4.05975372e-01 1.65590927e-01 1.21189915e-02 3.95174313e-04
 3.28580063e-05]",0,White,20-39
/scratch/project_462000771/mengting/projects/bias/sana/prompt2/selected_faces/detected_disgusted/disgusted_person_0664_face0.png,White,Black,Female,30-39,"[8.7924528e-01 1.2873555e-02 7.3981673e-02 9.0390975e-03 1.8632237e-02
 5.8847037e-04 5.6396890e-03]",[0.40521222 0.5365163  0.05553905 0.00273246],[0.23151088 0.7684891 ],"[7.7564018e-06 3.1939446e-04 5.8096470e-03 6.9678627e-02 4.6029118e-01
 4.0820429e-01 5.4174967e-02 1.4518228e-03 6.2281906e-05]",0,White,20-39
/scratch/project_462000771/mengting/projects/bias/sana/prompt2/selected_faces/detected_disgusted/disgusted_person_0665_face0.png,White,White,Female,20-29,"[9.0718627e-01 4.6793980e-04 3.7964813e-02 4.1759428e-02 1.0430401e-02
 4.2512189e-04 1.7659802e-03]",[9.203183e-01 1.618305e-04 7.909412e-02 4.257995e-04],[0.04798254 0.9520174 ],"[9.4544299e-07 9.5230345e-05 1.0752013e-02 5.0534958e-01 4.3228629e-01
 5.0320681e-02 1.1757014e-03 1.8893557e-05 6.5454446e-07]",0,White,20-39
/scratch/project_462000771/mengting/projects/bias/sana/prompt2/selected_faces/detected_disgusted/disgusted_person_0666_face0.png,White,White,Female,40-49,"[9.6378297e-01 9.6966811e-05 2.1615274e-02 4.0323469e-03 6.6218390e-03
 8.2870282e-04 3.0219487e-03]",[9.1774607e-01 3.3220425e-04 8.1331193e-02 5.9044571e-04],[0.1527748  0.84722525],"[9.7361581e-06 1.5089188e-04 4.9099629e-03 6.0705744e-02 3.4761643e-01
 4.7778237e-01 1.0546474e-01 3.2754443e-03 8.4701926e-05]",1,White,40-59
/scratch/project_462000771/mengting/projects/bias/sana/prompt2/selected_faces/detected_disgusted/disgusted_person_0667_face0.png,White,White,Female,50-59,"[7.6774132e-01 2.1530526e-04 2.1325719e-01 7.1344124e-03 2.2025886e-03
 2.9568605e-03 6.4924322e-03]",[9.887794e-01 3.831828e-04 7.082953e-03 3.754507e-03],[0.09026602 0.90973395],"[1.2709459e-05 5.0123737e-05 8.5511856e-04 3.6444529e-03 3.2814126e-02
 3.0669761e-01 5.6189060e-01 9.2947662e-02 1.0876083e-03]",0,White,40-59
/scratch/project_462000771/mengting/projects/bias/sana/prompt2/selected_faces/detected_disgusted/disgusted_person_0668_face0.png,White,White,Male,40-49,"[9.1186684e-01 1.1245065e-04 2.1799628e-02 1.1196826e-02 8.6886724e-03
 2.2103246e-03 4.4125248e-02]",[9.2304581e-01 1.0811639e-04 7.6325312e-02 5.2079989e-04],[0.9976333  0.00236664],"[9.0324638e-06 5.0953502e-05 2.2102587e-03 8.1434555e-02 3.4037253e-01
 4.7561797e-01 9.5445625e-02 4.7065145e-03 1.5259316e-04]",0,White,40-59
/scratch/project_462000771/mengting/projects/bias/sana/prompt2/selected_faces/detected_disgusted/disgusted_person_0669_face0.png,White,White,Male,20-29,"[9.9962360e-01 3.1194230e-07 1.8373525e-05 7.8084749e-06 2.3098042e-05
 1.7969100e-05 3.0888486e-04]",[9.9548739e-01 7.6079472e-05 1.8801423e-03 2.5564318e-03],[9.9985403e-01 1.4593315e-04],"[1.2305431e-06 2.9603872e-05 1.0620896e-02 3.8480556e-01 2.6018563e-01
 2.8366238e-01 5.6709565e-02 3.7681656e-03 2.1694967e-04]",0,White,20-39
/scratch/project_462000771/mengting/projects/bias/sana/prompt2/selected_faces/detected_disgusted/disgusted_person_0670_face0.png,White,Asian,Female,30-39,"[0.41554987 0.00463504 0.20293602 0.13920784 0.21595821 0.00830951
 0.01340356]",[1.1527212e-02 4.2614234e-03 9.8350084e-01 7.1049249e-04],[0.00133626 0.9986638 ],"[2.8681213e-06 8.9885762e-05 5.8096386e-03 1.5671928e-01 5.5064166e-01
 2.6087245e-01 2.5093233e-02 7.5300317e-04 1.7983677e-05]",0,White,20-39
/scratch/project_462000771/mengting/projects/bias/sana/prompt2/selected_faces/detected_disgusted/disgusted_person_0671_face0.png,White,White,Male,40-49,"[9.7762787e-01 1.2775564e-04 8.6716888e-03 4.3313499e-04 2.0566301e-03
 4.3971688e-03 6.6858144e-03]",[0.85310555 0.0016358  0.04093045 0.10432816],[9.9978530e-01 2.1466584e-04],"[1.1088869e-05 7.2451227e-04 2.6022257e-02 2.6283941e-01 2.6775426e-01
 3.1336486e-01 1.1976060e-01 9.0744551e-03 4.4853846e-04]",0,White,40-59
/scratch/project_462000771/mengting/projects/bias/sana/prompt2/selected_faces/detected_disgusted/disgusted_person_0672_face0.png,White,White,Male,40-49,"[9.9838972e-01 2.9226867e-05 6.6054543e-04 2.0097254e-04 2.8305847e-04
 5.0138184e-05 3.8626537e-04]",[9.9856293e-01 1.5079947e-05 1.2888450e-03 1.3315873e-04],[9.9945754e-01 5.4243527e-04],"[1.3965315e-06 1.4687392e-05 1.2251651e-03 9.7004756e-02 2.6809296e-01
 4.4979963e-01 1.7672633e-01 6.7587588e-03 3.7624492e-04]",0,White,40-59
/scratch/project_462000771/mengting/projects/bias/sana/prompt2/selected_faces/detected_disgusted/disgusted_person_0673_face0.png,White,White,Male,50-59,"[9.8580861e-01 1.6197188e-04 5.1887175e-03 1.0640671e-04 3.7092631e-04
 1.9212416e-03 6.4421450e-03]",[0.65295327 0.01527382 0.00769456 0.32407835],[0.9932127  0.00678729],"[4.0945124e-05 2.6642077e-04 1.9713528e-03 5.1129828e-03 3.5632640e-02
 3.0855727e-01 5.6549495e-01 7.8264058e-02 4.6593011e-03]",0,White,40-59
/scratch/project_462000771/mengting/projects/bias/sana/prompt2/selected_faces/detected_disgusted/disgusted_person_0674_face0.png,White,White,Female,30-39,"[0.69914275 0.00096748 0.23524705 0.00810443 0.01767301 0.00331758
 0.0355477 ]",[0.8411117  0.02640841 0.10568849 0.02679144],[0.00586425 0.99413574],"[2.8641141e-06 7.2855393e-05 5.3006001e-03 8.8449992e-02 5.0584453e-01
 3.5210988e-01 4.6817269e-02 1.3770794e-03 2.4875302e-05]",1,White,20-39
/scratch/project_462000771/mengting/projects/bias/sana/prompt2/selected_faces/detected_disgusted/disgusted_person_0675_face0.png,White,White,Male,30-39,"[9.9793476e-01 8.0416194e-06 6.8489410e-04 5.9222144e-05 6.7245186e-05
 1.1934861e-05 1.2337852e-03]",[9.7918403e-01 1.5363477e-03 1.9114086e-02 1.6549756e-04],[0.9928582  0.00714179],"[1.5623880e-06 1.6392090e-05 1.1476877e-03 1.8667066e-01 5.4940224e-01
 2.5109568e-01 1.1400396e-02 2.5654279e-04 8.7281242e-06]",0,White,20-39
/scratch/project_462000771/mengting/projects/bias/sana/prompt2/selected_faces/detected_disgusted/disgusted_person_0676_face0.png,White,White,Male,40-49,"[9.9451506e-01 4.6346504e-06 1.1224522e-03 3.0409408e-05 9.8274897e-05
 9.2596507e-05 4.1365572e-03]",[9.9259228e-01 1.0942608e-04 3.8277458e-03 3.4705922e-03],[9.9996108e-01 3.8945018e-05],"[3.57503973e-06 2.23413754e-05 7.00759643e-04 6.90690055e-03
 7.47800693e-02 5.84619701e-01 3.21633875e-01 1.10666435e-02
 2.66182615e-04]",0,White,40-59
/scratch/project_462000771/mengting/projects/bias/sana/prompt2/selected_faces/detected_disgusted/disgusted_person_0677_face0.png,White,White,Female,30-39,"[9.5739645e-01 1.7390041e-04 1.4791254e-02 3.0739466e-03 1.8043434e-03
 7.7099854e-04 2.1989167e-02]",[0.9115018  0.0208951  0.05725449 0.0103486 ],[0.00598203 0.99401796],"[7.7502400e-06 7.9008890e-04 5.6768980e-02 4.1273338e-01 4.2488959e-01
 9.7096965e-02 7.3675015e-03 3.2426001e-04 2.1532142e-05]",0,White,20-39
/scratch/project_462000771/mengting/projects/bias/sana/prompt2/selected_faces/detected_disgusted/disgusted_person_0678_face0.png,White,White,Male,40-49,"[9.5332998e-01 8.7278306e-05 3.0227767e-02 8.9916401e-05 4.5990414e-04
 1.1180899e-02 4.6243682e-03]",[9.70393598e-01 1.09180066e-04 1.25797288e-02 1.69175733e-02],[0.9892725 0.0107275],"[2.0065643e-06 1.6493394e-05 2.2910247e-03 8.6267501e-02 2.4572004e-01
 4.5066842e-01 1.9279619e-01 2.0873033e-02 1.3653224e-03]",0,White,40-59
/scratch/project_462000771/mengting/projects/bias/sana/prompt2/selected_faces/detected_disgusted/disgusted_person_0679_face0.png,White,White,Female,40-49,"[9.3247610e-01 1.0128246e-04 5.4822925e-02 2.0903046e-03 3.6727563e-03
 1.1253334e-03 5.7112700e-03]",[9.9743009e-01 7.3736424e-05 2.1627257e-03 3.3344692e-04],[0.02441337 0.9755866 ],"[5.1543543e-07 4.4281846e-06 3.9030754e-04 1.6878223e-02 2.1717018e-01
 5.9684503e-01 1.6384661e-01 4.7891559e-03 7.5512580e-05]",0,White,40-59
/scratch/project_462000771/mengting/projects/bias/sana/prompt2/selected_faces/detected_disgusted/disgusted_person_0680_face0.png,White,White,Male,40-49,"[9.9506313e-01 1.0677179e-05 1.3196904e-03 5.7535439e-05 1.6731034e-04
 6.7484325e-05 3.3142362e-03]",[9.20347631e-01 1.00226134e-04 7.85691664e-02 9.82924947e-04],[0.98389655 0.01610341],"[2.4337558e-06 4.7272570e-05 2.5871943e-03 5.8587763e-02 2.7700710e-01
 5.5241734e-01 1.0663273e-01 2.5832972e-03 1.3481811e-04]",0,White,40-59
/scratch/project_462000771/mengting/projects/bias/sana/prompt2/selected_faces/detected_disgusted/disgusted_person_0681_face0.png,White,Indian,Male,40-49,"[9.2357022e-01 1.5701079e-04 1.1393414e-02 3.5745627e-05 3.1926762e-04
 3.6682434e-02 2.7841901e-02]",[0.38565734 0.03236597 0.12299991 0.4589768 ],[0.89108706 0.10891294],"[6.7550150e-07 2.8327934e-06 1.1701416e-04 7.1566347e-03 1.0143237e-01
 5.1786381e-01 3.5782981e-01 1.4554513e-02 1.0423365e-03]",0,White,40-59
/scratch/project_462000771/mengting/projects/bias/sana/prompt2/selected_faces/detected_disgusted/disgusted_person_0682_face0.png,White,White,Female,30-39,"[9.5589536e-01 3.9168670e-05 2.6130578e-02 2.7958557e-04 5.9607817e-04
 1.5702805e-03 1.5488915e-02]",[9.9441266e-01 1.2381513e-04 2.7011300e-03 2.7623631e-03],[0.16084282 0.83915716],"[2.0535822e-06 6.3438682e-05 4.8537869e-03 2.4023362e-01 4.9913967e-01
 2.4279507e-01 1.2536629e-02 3.5196255e-04 2.3856757e-05]",1,White,20-39
/scratch/project_462000771/mengting/projects/bias/sana/prompt2/selected_faces/detected_disgusted/disgusted_person_0683_face0.png,White,White,Female,40-49,"[0.8322892  0.00541355 0.10884853 0.00563666 0.00457675 0.00418843
 0.0390468 ]",[9.8771054e-01 1.3166850e-03 1.0588455e-02 3.8435406e-04],[0.40700945 0.5929905 ],"[8.0852242e-06 7.0295966e-05 1.4643836e-03 6.1907377e-02 3.5282785e-01
 4.3114123e-01 1.4114226e-01 1.1052145e-02 3.8628894e-04]",1,White,40-59
/scratch/project_462000771/mengting/projects/bias/sana/prompt2/selected_faces/detected_disgusted/disgusted_person_0684_face0.png,White,White,Male,40-49,"[0.6047537  0.00238298 0.28272098 0.00449136 0.03074803 0.0729925
 0.00191044]",[0.590859   0.0114046  0.31296787 0.08476856],[9.9977064e-01 2.2935949e-04],"[9.6641626e-05 5.5325208e-03 4.4365451e-02 9.1023631e-02 2.8456435e-01
 4.2214939e-01 1.4684170e-01 5.2764965e-03 1.4979465e-04]",1,White,40-59
/scratch/project_462000771/mengting/projects/bias/sana/prompt2/selected_faces/detected_disgusted/disgusted_person_0685_face0.png,White,White,Male,40-49,"[0.7973603  0.00251724 0.02718686 0.00267009 0.00683135 0.00180298
 0.16163127]",[9.982374e-01 6.107838e-05 1.446577e-03 2.550204e-04],[0.99435836 0.00564166],"[2.0083708e-05 1.9276618e-04 1.5032536e-03 1.4357941e-02 1.0537869e-01
 5.1149762e-01 3.4202304e-01 2.3793614e-02 1.2329493e-03]",0,White,40-59
/scratch/project_462000771/mengting/projects/bias/sana/prompt2/selected_faces/detected_disgusted/disgusted_person_0686_face0.png,White,White,Female,30-39,"[9.9717462e-01 6.6457113e-07 1.1481030e-03 1.4485077e-05 3.7353911e-05
 8.7465996e-05 1.5373246e-03]",[9.5765311e-01 6.0776231e-04 3.5630118e-02 6.1090356e-03],[0.10352585 0.8964741 ],"[9.6582284e-08 4.2721108e-06 1.4459462e-03 1.4691484e-01 4.1667426e-01
 4.0903866e-01 2.5519444e-02 3.9297552e-04 9.5132636e-06]",0,White,20-39
/scratch/project_462000771/mengting/projects/bias/sana/prompt2/selected_faces/detected_disgusted/disgusted_person_0687_face0.png,White,White,Male,40-49,"[9.6191931e-01 1.2877064e-04 1.9621570e-02 4.8454837e-03 7.9986025e-03
 1.5693808e-03 3.9170133e-03]",[0.7116948  0.00082335 0.28552306 0.00195887],[0.9975115 0.0024885],"[2.6941620e-05 4.3343537e-04 6.9614742e-03 9.8236017e-02 2.5303760e-01
 4.9553525e-01 1.3946658e-01 6.0768765e-03 2.2587120e-04]",0,White,40-59
/scratch/project_462000771/mengting/projects/bias/sana/prompt2/selected_faces/detected_disgusted/disgusted_person_0688_face0.png,White,White,Female,20-29,"[9.5156127e-01 2.6629023e-05 3.5694771e-02 2.9569888e-03 3.2793537e-03
 8.0150290e-04 5.6794574e-03]",[9.9339873e-01 3.3835672e-06 6.5186839e-03 7.9161706e-05],[0.05975155 0.9402485 ],"[4.00325035e-07 1.77694412e-04 1.12883046e-01 6.62765801e-01
 2.14197427e-01 9.83707607e-03 1.34817281e-04 3.57843146e-06
 1.48902785e-07]",0,White,20-39
/scratch/project_462000771/mengting/projects/bias/sana/prompt2/selected_faces/detected_disgusted/disgusted_person_0689_face0.png,White,White,Female,30-39,"[7.0179075e-01 2.8022859e-04 1.3157772e-01 3.6845347e-03 9.9303080e-03
 6.8889959e-03 1.4584753e-01]",[7.3999202e-01 6.8732712e-04 2.4430127e-01 1.5019399e-02],[0.18735719 0.8126428 ],"[8.7630642e-06 6.6438032e-04 3.5163917e-02 1.8982759e-01 5.1403075e-01
 2.3398010e-01 2.5262780e-02 1.0163400e-03 4.5353572e-05]",0,White,20-39
/scratch/project_462000771/mengting/projects/bias/sana/prompt2/selected_faces/detected_disgusted/disgusted_person_0690_face0.png,White,White,Female,30-39,"[9.7318769e-01 3.5958356e-06 1.0316066e-02 1.0983560e-02 2.9434746e-03
 1.6908559e-04 2.3964972e-03]",[9.7099906e-01 2.5884810e-06 2.8295411e-02 7.0288038e-04],[0.3443584  0.65564156],"[1.51449922e-05 4.45353246e-04 1.95278618e-02 3.63218427e-01
 4.99000102e-01 1.12774976e-01 4.92284540e-03 9.19853046e-05
 3.26336772e-06]",1,White,20-39
/scratch/project_462000771/mengting/projects/bias/sana/prompt2/selected_faces/detected_disgusted/disgusted_person_0691_face0.png,White,White,Male,40-49,"[9.9995440e-01 1.7543042e-07 1.2472490e-05 9.3324729e-07 3.1803152e-06
 3.1365291e-06 2.5653795e-05]",[9.9971300e-01 5.4878260e-06 2.4245892e-04 3.9101793e-05],[9.9971300e-01 2.8697305e-04],"[2.1648704e-07 3.7620848e-06 1.2160951e-03 1.5700172e-01 3.0926555e-01
 4.1885152e-01 1.0848394e-01 4.8508998e-03 3.2625179e-04]",0,White,40-59
/scratch/project_462000771/mengting/projects/bias/sana/prompt2/selected_faces/detected_disgusted/disgusted_person_0692_face0.png,White,White,Male,40-49,"[9.9803269e-01 1.4705812e-06 5.5151421e-04 3.6036272e-05 8.1653256e-05
 3.6135974e-05 1.2605927e-03]",[9.9979699e-01 7.2637710e-07 1.5088776e-04 5.1376486e-05],[9.995695e-01 4.304739e-04],"[1.0929622e-06 8.4102758e-06 7.0162740e-04 3.7959117e-02 3.3623210e-01
 5.8427727e-01 4.0304713e-02 4.9813918e-04 1.7504422e-05]",0,White,40-59
/scratch/project_462000771/mengting/projects/bias/sana/prompt2/selected_faces/detected_disgusted/disgusted_person_0693_face0.png,White,White,Male,40-49,"[8.1284797e-01 8.7400513e-05 8.1456162e-02 4.1654170e-04 1.7350705e-03
 4.5821391e-02 5.7635490e-02]",[0.6051879  0.00723401 0.00518918 0.38238886],[0.8759516  0.12404844],"[8.4462554e-06 8.5155581e-05 5.0879810e-03 3.1462282e-02 2.2889793e-01
 5.6697470e-01 1.6193709e-01 5.3376202e-03 2.0888630e-04]",0,White,40-59
/scratch/project_462000771/mengting/projects/bias/sana/prompt2/selected_faces/detected_disgusted/disgusted_person_0694_face0.png,White,White,Male,40-49,"[9.8266006e-01 1.6950351e-05 8.0809388e-03 2.4511415e-04 6.3265057e-04
 3.2146354e-03 5.1496476e-03]",[0.54506797 0.00313808 0.10061751 0.35117647],[0.980609   0.01939102],"[2.4680694e-06 2.7131629e-05 1.4420599e-03 2.7132431e-02 1.6999108e-01
 5.8407426e-01 2.1191508e-01 5.2456423e-03 1.6980621e-04]",0,White,40-59
/scratch/project_462000771/mengting/projects/bias/sana/prompt2/selected_faces/detected_disgusted/disgusted_person_0695_face0.png,White,White,Female,30-39,"[0.5065792  0.00084628 0.2728977  0.00143379 0.00516358 0.01188264
 0.20119679]",[0.89015317 0.0214878  0.06601632 0.02234274],[0.01956259 0.98043746],"[9.9065642e-07 4.1441144e-05 9.7840950e-03 1.3236088e-01 5.2005869e-01
 3.0483755e-01 3.1704888e-02 1.1764611e-03 3.4963268e-05]",0,White,20-39
/scratch/project_462000771/mengting/projects/bias/sana/prompt2/selected_faces/detected_disgusted/disgusted_person_0696_face0.png,White,White,Female,40-49,"[0.7738419  0.00261699 0.15044731 0.00326754 0.00613999 0.00295292
 0.06073332]",[0.7641439  0.02709003 0.19872525 0.01004081],[0.00151725 0.99848276],"[1.5965920e-06 1.7394561e-05 3.8073197e-04 1.2457131e-02 2.2920264e-01
 6.1627305e-01 1.3634855e-01 5.2074976e-03 1.1145676e-04]",0,White,40-59
/scratch/project_462000771/mengting/projects/bias/sana/prompt2/selected_faces/detected_disgusted/disgusted_person_0697_face0.png,Middle Eastern,White,Female,30-39,"[2.6008973e-01 6.9306247e-05 4.0865555e-02 1.6489581e-04 4.5937923e-04
 1.1189489e-02 6.8716168e-01]",[9.955675e-01 8.322941e-05 6.834113e-04 3.665913e-03],[0.0852693 0.9147307],"[6.8748500e-07 1.2254489e-05 3.7720518e-03 1.4235385e-01 4.1109112e-01
 3.6971375e-01 6.9390751e-02 3.5137597e-03 1.5173444e-04]",0,White,20-39
/scratch/project_462000771/mengting/projects/bias/sana/prompt2/selected_faces/detected_disgusted/disgusted_person_0698_face0.png,White,White,Male,40-49,"[9.9202019e-01 5.9616609e-06 4.4581783e-03 8.3461439e-04 1.6969386e-03
 3.0006625e-04 6.8407250e-04]",[9.7268051e-01 8.6712862e-06 2.6001038e-02 1.3097686e-03],[9.9980509e-01 1.9490188e-04],"[7.25522023e-06 1.15943345e-04 4.51278687e-03 5.66636100e-02
 2.14998752e-01 5.45135617e-01 1.72708198e-01 5.72928088e-03
 1.28545216e-04]",0,White,40-59
/scratch/project_462000771/mengting/projects/bias/sana/prompt2/selected_faces/detected_disgusted/disgusted_person_0699_face0.png,White,Asian,Male,50-59,"[8.9852071e-01 3.0293787e-04 1.4567768e-02 2.7012615e-02 5.3014152e-02
 2.2405435e-03 4.3413588e-03]",[2.2472753e-01 1.7638613e-05 7.7519095e-01 6.3927626e-05],[0.9032735  0.09672643],"[4.55246409e-05 1.29010028e-03 1.02289412e-02 3.97693068e-02
 1.08210765e-01 3.04083824e-01 4.24887359e-01 9.55706760e-02
 1.59134399e-02]",0,White,40-59
/scratch/project_462000771/mengting/projects/bias/sana/prompt2/selected_faces/detected_disgusted/disgusted_person_0700_face0.png,White,White,Male,20-29,"[9.9859035e-01 2.8679808e-06 3.6059495e-04 5.2171690e-05 8.3595689e-05
 3.7456914e-05 8.7291392e-04]",[9.993631e-01 8.924993e-06 6.101543e-04 1.778207e-05],[0.99871355 0.0012865 ],"[3.3401436e-06 8.4900727e-05 1.0695881e-02 4.3612620e-01 3.5419792e-01
 1.7732185e-01 2.0449115e-02 1.0357749e-03 8.5037267e-05]",0,White,20-39
/scratch/project_462000771/mengting/projects/bias/sana/prompt2/selected_faces/detected_disgusted/disgusted_person_0701_face0.png,White,White,Male,30-39,"[9.9847955e-01 5.2125488e-06 4.9267849e-04 5.4740672e-06 3.0828985e-05
 2.9780503e-04 6.8839249e-04]",[9.9854070e-01 5.1029758e-05 9.2463498e-04 4.8365252e-04],[0.99474764 0.00525236],"[1.1774483e-06 1.8555133e-04 1.4796856e-02 3.8037443e-01 3.9725006e-01
 1.9666815e-01 1.0496047e-02 2.1833192e-04 9.3688295e-06]",0,White,20-39
/scratch/project_462000771/mengting/projects/bias/sana/prompt2/selected_faces/detected_disgusted/disgusted_person_0702_face0.png,White,Asian,Female,40-49,"[0.7421256  0.00844513 0.15780067 0.03635309 0.03175528 0.00555906
 0.01796131]",[0.38116384 0.00875055 0.6067515  0.00333412],[0.23803349 0.7619665 ],"[1.4742741e-05 9.6841723e-05 1.9260660e-03 5.5925570e-02 2.8850606e-01
 4.7126421e-01 1.7517592e-01 6.8571111e-03 2.3331946e-04]",0,White,40-59
/scratch/project_462000771/mengting/projects/bias/sana/prompt2/selected_faces/detected_disgusted/disgusted_person_0703_face0.png,White,White,Male,40-49,"[9.9860573e-01 1.6146498e-06 3.4952781e-04 3.9703900e-05 1.4720912e-04
 7.9636186e-05 7.7657774e-04]",[8.5452217e-01 3.3446032e-04 1.3732995e-01 7.8133643e-03],[0.98942876 0.01057123],"[4.96061205e-07 1.26342065e-05 3.62356449e-03 6.75167069e-02
 1.83257312e-01 5.44526041e-01 1.93238154e-01 7.43841939e-03
 3.86571890e-04]",0,White,40-59
/scratch/project_462000771/mengting/projects/bias/sana/prompt2/selected_faces/detected_disgusted/disgusted_person_0704_face0.png,White,White,Female,30-39,"[9.4660926e-01 7.0431881e-05 2.5102897e-02 1.0504342e-04 3.0439079e-04
 5.7801756e-04 2.7229985e-02]",[9.9067217e-01 5.0406606e-04 8.0730002e-03 7.5063633e-04],[0.00703505 0.992965  ],"[1.9726234e-07 2.4216446e-05 1.1318091e-02 3.0331028e-01 5.4966867e-01
 1.3057628e-01 5.0213556e-03 7.9390324e-05 1.6131816e-06]",0,White,20-39
/scratch/project_462000771/mengting/projects/bias/sana/prompt2/selected_faces/detected_disgusted/disgusted_person_0705_face0.png,White,White,Male,30-39,"[9.5195961e-01 1.2966846e-04 2.7296381e-02 4.7481693e-03 5.9388005e-03
 4.1749915e-03 5.7522678e-03]",[0.90807474 0.01034308 0.04796869 0.03361353],[0.52575296 0.47424698],"[8.70915119e-06 3.82473954e-04 1.13523565e-02 1.62631899e-01
 4.76627052e-01 3.19484502e-01 2.86458787e-02 8.34388717e-04
 3.26832815e-05]",1,White,20-39
/scratch/project_462000771/mengting/projects/bias/sana/prompt2/selected_faces/detected_disgusted/disgusted_person_0706_face0.png,White,White,Male,40-49,"[9.7628373e-01 4.4243909e-05 3.8408216e-03 9.6155301e-04 1.2462940e-03
 2.6519792e-04 1.7358091e-02]",[9.5393461e-01 1.2522376e-04 4.3785200e-02 2.1549999e-03],[0.9975657  0.00243429],"[1.6754072e-06 3.3531946e-05 3.0186302e-03 1.1815845e-01 3.1380296e-01
 4.5122346e-01 1.0849734e-01 5.0629666e-03 2.0087590e-04]",0,White,40-59
/scratch/project_462000771/mengting/projects/bias/sana/prompt2/selected_faces/detected_disgusted/disgusted_person_0707_face0.png,White,White,Male,40-49,"[9.9826479e-01 1.3246358e-05 9.8634895e-04 6.3884618e-05 1.2683959e-04
 9.5472977e-05 4.4943797e-04]",[9.9338907e-01 1.5660014e-04 4.7509898e-03 1.7033480e-03],[0.99870193 0.00129805],"[6.0176981e-06 1.2232934e-04 2.8597293e-03 6.5030538e-02 3.2697740e-01
 4.9874237e-01 1.0297800e-01 3.1435287e-03 1.4013296e-04]",0,White,40-59
/scratch/project_462000771/mengting/projects/bias/sana/prompt2/selected_faces/detected_disgusted/disgusted_person_0708_face0.png,White,White,Male,40-49,"[9.9716061e-01 9.6067106e-06 8.3465525e-04 6.9359644e-06 3.9305196e-05
 1.4318022e-04 1.8057338e-03]",[9.8285383e-01 3.6308606e-04 7.7298013e-03 9.0532582e-03],[9.9982095e-01 1.7902745e-04],"[2.2286499e-06 2.7013446e-05 1.4977399e-03 5.0054777e-02 1.8788737e-01
 5.2835053e-01 2.2181465e-01 9.9819796e-03 3.8363930e-04]",0,White,40-59
/scratch/project_462000771/mengting/projects/bias/sana/prompt2/selected_faces/detected_disgusted/disgusted_person_0709_face0.png,White,White,Male,50-59,"[8.21307480e-01 3.07211361e-04 7.24480227e-02 2.77559680e-04
 1.26373873e-03 3.65166133e-03 1.00744426e-01]",[9.6974373e-01 6.8884966e-04 2.5863944e-02 3.7034815e-03],[0.9079069  0.09209313],"[2.6161301e-06 9.4441821e-06 1.2454282e-03 2.1312851e-02 7.1024634e-02
 2.6813304e-01 4.8525399e-01 1.4070468e-01 1.2313363e-02]",0,White,40-59
/scratch/project_462000771/mengting/projects/bias/sana/prompt2/selected_faces/detected_disgusted/disgusted_person_0710_face0.png,White,White,Female,40-49,"[9.1105598e-01 4.8579508e-04 2.4568161e-02 1.3336841e-02 1.0035038e-02
 1.2366266e-03 3.9281581e-02]",[0.7266564  0.0138681  0.25434604 0.00512955],[0.25925982 0.74074024],"[5.96328136e-05 1.66553509e-04 1.01353123e-03 1.32588698e-02
 1.06974654e-01 4.49902922e-01 3.81377965e-01 4.55148444e-02
 1.73102599e-03]",0,White,40-59
/scratch/project_462000771/mengting/projects/bias/sana/prompt2/selected_faces/detected_disgusted/disgusted_person_0711_face0.png,White,Asian,Female,40-49,"[0.56200224 0.00116978 0.0356745  0.0795748  0.28113124 0.03740824
 0.0030392 ]",[0.26041397 0.00163425 0.7123531  0.0255987 ],[0.32998872 0.6700113 ],"[4.4056296e-06 6.9741058e-05 1.8262436e-03 4.5123994e-02 1.9786710e-01
 4.8695868e-01 2.1710613e-01 4.4016179e-02 7.0275296e-03]",0,White,40-59
/scratch/project_462000771/mengting/projects/bias/sana/prompt2/selected_faces/detected_disgusted/disgusted_person_0712_face0.png,White,White,Female,40-49,"[8.6478013e-01 1.1289739e-04 7.0799477e-02 7.7027806e-05 2.7859205e-04
 4.1811927e-03 5.9770759e-02]",[9.9717504e-01 8.0897749e-05 1.2126887e-03 1.5313767e-03],[0.00128974 0.9987103 ],"[9.5877044e-07 1.5966669e-05 3.7718765e-04 7.0987730e-03 9.8981075e-02
 4.6083960e-01 3.8437814e-01 4.2477865e-02 5.8304360e-03]",0,White,40-59
/scratch/project_462000771/mengting/projects/bias/sana/prompt2/selected_faces/detected_disgusted/disgusted_person_0713_face0.png,White,White,Male,40-49,"[8.7358052e-01 6.2779465e-04 7.3242828e-02 8.3572883e-03 2.6782498e-02
 1.3073976e-02 4.3351324e-03]",[8.8829529e-01 4.1650742e-04 1.0248224e-01 8.8059437e-03],[9.9961621e-01 3.8375283e-04],"[2.45601996e-06 2.95570317e-05 9.22691717e-04 1.38871195e-02
 1.12706341e-01 6.08734488e-01 2.57227808e-01 6.37743575e-03
 1.12096532e-04]",0,White,40-59
/scratch/project_462000771/mengting/projects/bias/sana/prompt2/selected_faces/detected_disgusted/disgusted_person_0714_face0.png,White,White,Male,20-29,"[9.9609268e-01 1.8326100e-05 1.6736940e-03 5.2959740e-04 1.2568354e-03
 8.8341716e-05 3.4058755e-04]",[9.9392897e-01 4.8966311e-05 5.6187087e-03 4.0340659e-04],[0.99747896 0.00252103],"[4.5551169e-05 3.4179827e-03 4.2788591e-02 5.1376879e-01 3.7009588e-01
 6.7236461e-02 2.5885389e-03 5.3680869e-05 4.5391544e-06]",0,White,20-39
/scratch/project_462000771/mengting/projects/bias/sana/prompt2/selected_faces/detected_disgusted/disgusted_person_0715_face0.png,White,White,Female,40-49,"[8.4937984e-01 5.9536012e-04 8.3216757e-02 2.8525990e-02 3.4472581e-02
 1.1623256e-03 2.6471757e-03]",[8.9078635e-01 4.9866526e-04 1.0797380e-01 7.4122689e-04],[0.01785782 0.9821422 ],"[3.6415277e-06 1.1742464e-04 3.9945487e-03 5.5934176e-02 3.5456279e-01
 4.7683781e-01 1.0410381e-01 4.2754211e-03 1.7043369e-04]",0,White,40-59
/scratch/project_462000771/mengting/projects/bias/sana/prompt2/selected_faces/detected_disgusted/disgusted_person_0716_face0.png,White,White,Female,40-49,"[0.6698617  0.00514834 0.15264046 0.0106255  0.01391953 0.00224
 0.1455645 ]",[0.800342   0.02969219 0.16582702 0.00413879],[0.0437359 0.9562641],"[8.6435230e-06 5.9775633e-05 9.0964156e-04 2.0572206e-02 2.2553252e-01
 5.7563198e-01 1.7016096e-01 6.8690171e-03 2.5520360e-04]",0,White,40-59
/scratch/project_462000771/mengting/projects/bias/sana/prompt2/selected_faces/detected_disgusted/disgusted_person_0717_face0.png,White,White,Male,40-49,"[8.0596161e-01 4.0053004e-05 1.5057135e-01 4.5318198e-03 6.2477482e-03
 6.3763033e-03 2.6271073e-02]",[9.8987299e-01 1.8341025e-05 9.6425330e-03 4.6609473e-04],[0.8855426  0.11445744],"[1.0203856e-05 1.8916624e-04 1.0536809e-02 5.5049475e-02 3.9378747e-01
 4.4988409e-01 8.8671550e-02 1.8447350e-03 2.6467524e-05]",0,White,40-59
/scratch/project_462000771/mengting/projects/bias/sana/prompt2/selected_faces/detected_disgusted/disgusted_person_0718_face0.png,White,White,Male,40-49,"[9.7768795e-01 1.6974654e-05 5.7469974e-03 2.7180093e-04 6.8398932e-04
 5.0955970e-04 1.5082626e-02]",[0.96346354 0.00899689 0.00978841 0.01775115],[0.9710912  0.02890883],"[1.1750811e-06 2.3826189e-05 2.4175958e-03 3.6438391e-02 2.0596118e-01
 6.0647160e-01 1.4362621e-01 4.8217485e-03 2.3833028e-04]",0,White,40-59
/scratch/project_462000771/mengting/projects/bias/sana/prompt2/selected_faces/detected_disgusted/disgusted_person_0719_face0.png,White,White,Female,50-59,"[9.8556077e-01 5.5598985e-06 3.1801739e-03 4.9547537e-04 8.9381420e-04
 4.5869677e-04 9.4056018e-03]",[9.9692053e-01 1.1935091e-05 2.2613362e-03 8.0625853e-04],[0.04681375 0.9531862 ],"[5.8704304e-06 5.8815684e-05 1.2790011e-03 2.0331657e-02 8.5667044e-02
 3.7893343e-01 4.0226755e-01 8.5211635e-02 2.6244925e-02]",0,White,40-59
/scratch/project_462000771/mengting/projects/bias/sana/prompt2/selected_faces/detected_disgusted/disgusted_person_0720_face0.png,White,White,Male,30-39,"[9.8744875e-01 2.4155955e-04 8.7372456e-03 1.5269573e-03 1.1611339e-03
 1.7820879e-04 7.0617086e-04]",[9.9933106e-01 3.6216705e-05 4.9947511e-04 1.3322760e-04],[0.7489336  0.25106636],"[1.1822962e-06 7.8307501e-05 1.2267271e-02 3.5823131e-01 4.9359754e-01
 1.2615529e-01 9.3542999e-03 3.0141787e-04 1.3412218e-05]",0,White,20-39
/scratch/project_462000771/mengting/projects/bias/sana/prompt2/selected_faces/detected_disgusted/disgusted_person_0721_face0.png,White,White,Male,40-49,"[9.9791765e-01 1.2153547e-05 4.6054565e-04 4.2845411e-05 6.9728405e-05
 1.5020103e-05 1.4820683e-03]",[9.9918175e-01 2.8208098e-05 7.5505802e-04 3.4969296e-05],[0.99648184 0.00351816],"[8.9767161e-07 1.9346780e-06 5.9157748e-05 5.4549011e-03 9.1764078e-02
 5.5372560e-01 3.2932702e-01 1.8778106e-02 8.8822836e-04]",0,White,40-59
/scratch/project_462000771/mengting/projects/bias/sana/prompt2/selected_faces/detected_disgusted/disgusted_person_0722_face0.png,White,White,Female,30-39,"[9.9471456e-01 4.1016124e-06 2.4664786e-03 5.6124845e-04 3.7187984e-04
 2.0051715e-05 1.8617269e-03]",[9.9884248e-01 1.1251822e-04 9.2946814e-04 1.1558125e-04],[6.152288e-04 9.993848e-01],"[1.4032908e-06 1.1228544e-04 5.6206775e-03 1.9976620e-01 5.4692841e-01
 2.3823607e-01 9.2264321e-03 1.0543268e-04 2.9958178e-06]",0,White,20-39
/scratch/project_462000771/mengting/projects/bias/sana/prompt2/selected_faces/detected_disgusted/disgusted_person_0723_face0.png,White,White,Female,20-29,"[9.1523343e-01 4.1735813e-05 4.2882763e-02 7.7814218e-03 6.0062758e-03
 2.3753960e-03 2.5678966e-02]",[9.4296360e-01 5.1157631e-04 4.5264181e-02 1.1260674e-02],[0.00601512 0.99398494],"[3.7661810e-06 7.9875370e-04 4.7656819e-02 5.7224286e-01 3.3825013e-01
 4.0246490e-02 7.6326658e-04 3.4670116e-05 3.3120843e-06]",1,White,20-39
/scratch/project_462000771/mengting/projects/bias/sana/prompt2/selected_faces/detected_disgusted/disgusted_person_0724_face0.png,Latino_Hispanic,Indian,Female,40-49,"[0.23173249 0.00202961 0.5603833  0.00560408 0.01407564 0.12605833
 0.06011639]",[0.04282461 0.0218915  0.03023371 0.90505016],[0.01485496 0.98514503],"[3.8307389e-06 3.0253581e-05 1.3696398e-03 4.2743459e-02 2.9417884e-01
 4.6552965e-01 1.7155488e-01 2.3250883e-02 1.3385495e-03]",0,Others,40-59
/scratch/project_462000771/mengting/projects/bias/sana/prompt2/selected_faces/detected_disgusted/disgusted_person_0725_face0.png,White,White,Male,50-59,"[9.9239677e-01 4.8088600e-06 2.0056167e-03 1.8348839e-04 3.9826016e-04
 1.7810028e-04 4.8329881e-03]",[9.8818415e-01 1.8914116e-05 1.1387263e-02 4.0966156e-04],[0.95135164 0.04864837],"[2.6714060e-06 1.3317190e-05 2.7680179e-04 4.7831233e-03 5.2803066e-02
 3.9652210e-01 5.0611448e-01 3.4832321e-02 4.6521300e-03]",0,White,40-59
/scratch/project_462000771/mengting/projects/bias/sana/prompt2/selected_faces/detected_disgusted/disgusted_person_0726_face0.png,White,White,Female,30-39,"[9.8929197e-01 2.7719616e-05 6.1602923e-03 1.9426191e-04 3.4150938e-04
 1.7893966e-04 3.8052683e-03]",[9.7008896e-01 7.3913463e-05 2.3658061e-02 6.1790566e-03],[0.04072796 0.959272  ],"[4.2956485e-06 3.3690571e-04 2.8946031e-02 3.1451637e-01 4.4686922e-01
 1.9683276e-01 1.2152949e-02 3.2806364e-04 1.3401523e-05]",0,White,20-39
/scratch/project_462000771/mengting/projects/bias/sana/prompt2/selected_faces/detected_disgusted/disgusted_person_0727_face0.png,White,White,Female,40-49,"[7.4194962e-01 5.8374961e-05 2.1166809e-02 8.7003910e-04 7.5037364e-04
 2.0323955e-03 2.3317231e-01]",[9.9791586e-01 2.4167100e-05 1.3054200e-03 7.5454061e-04],[0.04983035 0.9501696 ],"[1.0299248e-06 9.7144739e-06 8.5217715e-04 9.0268396e-02 4.2473131e-01
 4.3395412e-01 4.8509173e-02 1.5867425e-03 8.7299362e-05]",0,White,40-59
/scratch/project_462000771/mengting/projects/bias/sana/prompt2/selected_faces/detected_disgusted/disgusted_person_0728_face0.png,White,White,Male,40-49,"[9.9861103e-01 4.6633551e-07 2.3389816e-04 9.1810498e-06 1.4143545e-05
 2.8897190e-05 1.1022681e-03]",[9.9910319e-01 9.7552429e-06 3.3801177e-04 5.4906117e-04],[9.996660e-01 3.340016e-04],"[5.6322492e-06 5.7930945e-05 1.9311486e-03 4.4320162e-02 2.0781396e-01
 5.9628785e-01 1.4661704e-01 2.8582676e-03 1.0797924e-04]",0,White,40-59
/scratch/project_462000771/mengting/projects/bias/sana/prompt2/selected_faces/detected_disgusted/disgusted_person_0729_face0.png,White,White,Male,30-39,"[9.4341350e-01 1.3843804e-04 3.9968703e-02 3.4494463e-03 5.1960666e-03
 1.2365869e-03 6.5972134e-03]",[9.8328906e-01 1.3641191e-04 1.5341347e-02 1.2331482e-03],[0.9764677  0.02353228],"[2.2186275e-06 2.0882535e-04 2.7625797e-02 4.2784649e-01 4.3475395e-01
 1.0284765e-01 6.5454296e-03 1.6049485e-04 9.1695165e-06]",0,White,20-39
/scratch/project_462000771/mengting/projects/bias/sana/prompt2/selected_faces/detected_disgusted/disgusted_person_0730_face0.png,White,White,Female,40-49,"[8.7528175e-01 3.8242742e-05 6.1627962e-02 2.3036997e-03 2.9931157e-03
 5.2186986e-04 5.7233237e-02]",[0.96540225 0.00102618 0.03133262 0.00223894],[0.01528022 0.98471975],"[1.38958896e-07 2.20629886e-06 6.00230007e-04 3.72512378e-02
 4.04170156e-01 5.08736670e-01 4.84894477e-02 7.37207942e-04
 1.27103585e-05]",0,White,40-59
/scratch/project_462000771/mengting/projects/bias/sana/prompt2/selected_faces/detected_disgusted/disgusted_person_0731_face0.png,White,White,Male,30-39,"[9.9877268e-01 1.2599315e-05 5.5610866e-04 4.2997377e-05 1.5839364e-04
 2.4800234e-05 4.3242791e-04]",[9.9697393e-01 2.4305569e-05 2.9794385e-03 2.2275341e-05],[0.9384319  0.06156806],"[1.3025219e-06 2.8335646e-05 2.2061286e-03 1.2684587e-01 5.4846418e-01
 3.0368730e-01 1.8509379e-02 2.4888295e-04 8.5598886e-06]",0,White,20-39
/scratch/project_462000771/mengting/projects/bias/sana/prompt2/selected_faces/detected_disgusted/disgusted_person_0732_face0.png,White,White,Female,40-49,"[9.8887408e-01 6.2700506e-06 1.5551542e-03 9.9675650e-05 1.2454092e-04
 2.4958435e-04 9.0905884e-03]",[9.9598008e-01 1.1294133e-04 1.7678514e-03 2.1391141e-03],[0.07988703 0.92011297],"[6.7720276e-07 6.5435083e-06 2.8904321e-04 2.4624232e-02 2.1017210e-01
 6.6108537e-01 1.0101055e-01 2.5984496e-03 2.1315331e-04]",0,White,40-59
/scratch/project_462000771/mengting/projects/bias/sana/prompt2/selected_faces/detected_disgusted/disgusted_person_0733_face0.png,White,White,Male,40-49,"[8.6914670e-01 4.1488453e-05 4.2692270e-02 1.7002241e-04 8.4240548e-04
 2.4497975e-02 6.2609188e-02]",[0.65559214 0.0009782  0.04966184 0.29376787],[0.99270475 0.00729524],"[5.4326216e-07 1.6738953e-06 2.3053649e-04 8.0644172e-03 1.3685237e-01
 5.6861347e-01 2.7247968e-01 1.3370709e-02 3.8654552e-04]",0,White,40-59
/scratch/project_462000771/mengting/projects/bias/sana/prompt2/selected_faces/detected_disgusted/disgusted_person_0734_face0.png,White,White,Male,40-49,"[7.5837708e-01 1.3380205e-04 1.7623480e-01 6.8352963e-03 2.7651947e-02
 1.1051837e-02 1.9715240e-02]",[9.8641312e-01 2.3216607e-04 1.2088003e-02 1.2667225e-03],[0.6525477 0.3474523],"[1.7282628e-05 1.4560053e-04 3.1113143e-03 1.9155074e-02 1.2083192e-01
 5.3643340e-01 3.0313691e-01 1.6423969e-02 7.4450200e-04]",0,White,40-59
/scratch/project_462000771/mengting/projects/bias/sana/prompt2/selected_faces/detected_disgusted/disgusted_person_0735_face0.png,Middle Eastern,White,Female,30-39,"[3.1005424e-01 3.7207076e-04 2.2596440e-01 1.2042670e-03 3.0055230e-03
 1.4225260e-02 4.4517428e-01]",[0.44767705 0.00533145 0.20432614 0.34266534],[0.00545036 0.9945497 ],"[1.55816531e-06 2.43756913e-05 2.88668484e-03 1.04201645e-01
 5.00068784e-01 3.46749336e-01 4.43971828e-02 1.62386673e-03
 4.65662051e-05]",0,White,20-39
/scratch/project_462000771/mengting/projects/bias/sana/prompt2/selected_faces/detected_disgusted/disgusted_person_0736_face0.png,White,White,Male,40-49,"[6.4229548e-01 3.1863374e-04 2.9007664e-01 5.7308469e-04 4.7319438e-03
 5.7816621e-02 4.1876240e-03]",[0.9219845  0.01027955 0.03090763 0.0368283 ],[9.9994636e-01 5.3634889e-05],"[3.47936184e-05 5.65690629e-04 1.08272405e-02 3.32801268e-02
 1.96138009e-01 5.88654220e-01 1.61666363e-01 8.67999066e-03
 1.53658359e-04]",0,White,40-59
/scratch/project_462000771/mengting/projects/bias/sana/prompt2/selected_faces/detected_disgusted/disgusted_person_0737_face0.png,White,White,Female,30-39,"[9.68320131e-01 6.86212516e-05 1.24713145e-02 6.63432525e-04
 8.06582219e-04 2.18082540e-04 1.74518581e-02]",[0.96714264 0.01126331 0.01714856 0.00444547],[0.18753687 0.81246316],"[1.0503037e-06 1.4309094e-05 2.5151395e-03 1.5478165e-01 4.9422416e-01
 3.1647316e-01 3.1192636e-02 7.8761898e-04 1.0260822e-05]",0,White,20-39
/scratch/project_462000771/mengting/projects/bias/sana/prompt2/selected_faces/detected_disgusted/disgusted_person_0738_face0.png,White,White,Female,30-39,"[6.5864736e-01 1.9227859e-04 2.4148673e-01 5.3879339e-02 2.8534235e-02
 1.3563349e-03 1.5903687e-02]",[6.7422980e-01 2.9558767e-04 3.2221061e-01 3.2639615e-03],[0.05246652 0.94753355],"[4.1805629e-06 4.0332251e-04 1.6311932e-02 1.6757417e-01 5.5059379e-01
 2.4527630e-01 1.9263409e-02 5.6205620e-04 1.0905635e-05]",1,White,20-39
/scratch/project_462000771/mengting/projects/bias/sana/prompt2/selected_faces/detected_disgusted/disgusted_person_0739_face0.png,White,White,Male,30-39,"[9.7369415e-01 4.4401841e-05 1.0645693e-02 8.0793118e-03 4.5469394e-03
 7.3866067e-05 2.9156280e-03]",[9.9571651e-01 6.5888067e-05 4.1522365e-03 6.5275453e-05],[0.9715178  0.02848222],"[2.2673637e-05 4.9819268e-04 2.1498291e-02 1.5546967e-01 4.2475137e-01
 3.3505639e-01 6.0109708e-02 2.4928385e-03 1.0095597e-04]",0,White,20-39
/scratch/project_462000771/mengting/projects/bias/sana/prompt2/selected_faces/detected_disgusted/disgusted_person_0740_face0.png,White,White,Male,40-49,"[9.9956387e-01 4.4354414e-07 1.8926062e-04 1.4275705e-05 3.4685607e-05
 6.5700779e-06 1.9096116e-04]",[9.9882901e-01 1.7226540e-06 9.9580677e-04 1.7348824e-04],[9.9994975e-01 5.0243307e-05],"[3.7601410e-06 1.6011047e-04 5.6472276e-03 7.4551687e-02 2.5591403e-01
 5.3446680e-01 1.2700553e-01 2.1933850e-03 5.7409718e-05]",0,White,40-59
/scratch/project_462000771/mengting/projects/bias/sana/prompt2/selected_faces/detected_disgusted/disgusted_person_0741_face0.png,White,White,Female,40-49,"[9.4305021e-01 5.1082545e-05 3.8418923e-02 1.9971807e-04 2.9179928e-04
 7.4535771e-04 1.7242858e-02]",[9.9424809e-01 5.5793935e-05 1.1743058e-03 4.5218393e-03],[0.0060379 0.9939621],"[2.6735142e-07 5.2767368e-06 2.9891887e-04 1.5193396e-02 1.6938816e-01
 6.1416513e-01 1.9389966e-01 6.9135460e-03 1.3567953e-04]",0,White,40-59
/scratch/project_462000771/mengting/projects/bias/sana/prompt2/selected_faces/detected_disgusted/disgusted_person_0742_face0.png,White,White,Female,30-39,"[9.8549712e-01 7.7235591e-06 9.4034038e-03 3.0736017e-04 1.6182649e-04
 4.7502792e-04 4.1475231e-03]",[9.9729502e-01 1.1363525e-05 9.6674456e-04 1.7268980e-03],[0.1887314 0.8112686],"[8.0656546e-06 1.6944899e-04 7.0494837e-03 3.2325453e-01 4.5984572e-01
 1.9465025e-01 1.4709013e-02 2.9928813e-04 1.4161225e-05]",0,White,20-39
/scratch/project_462000771/mengting/projects/bias/sana/prompt2/selected_faces/detected_disgusted/disgusted_person_0743_face0.png,White,White,Male,40-49,"[9.3478185e-01 1.7227849e-04 1.1260316e-02 1.2419661e-02 1.4824679e-02
 5.5708508e-03 2.0970337e-02]",[9.5054936e-01 2.1561611e-04 1.2496437e-02 3.6738601e-02],[9.9994189e-01 5.8094764e-05],"[1.6807500e-05 2.0934308e-04 8.3861845e-03 6.0223684e-02 2.3098178e-01
 5.2458388e-01 1.6571350e-01 9.7304899e-03 1.5427948e-04]",0,White,40-59
/scratch/project_462000771/mengting/projects/bias/sana/prompt2/selected_faces/detected_disgusted/disgusted_person_0744_face0.png,White,White,Male,50-59,"[9.94381428e-01 1.20050565e-04 2.16837809e-03 5.31912781e-04
 9.55113210e-04 1.85049168e-04 1.65796815e-03]",[9.7681278e-01 7.8136177e-04 1.9558990e-02 2.8468212e-03],[0.97867715 0.02132281],"[3.0630832e-05 3.7300037e-04 4.1590231e-03 2.4446998e-02 1.1878547e-01
 3.6731365e-01 4.5292538e-01 3.0018989e-02 1.9468616e-03]",0,White,40-59
/scratch/project_462000771/mengting/projects/bias/sana/prompt2/selected_faces/detected_disgusted/disgusted_person_0745_face0.png,White,White,Male,50-59,"[9.1750467e-01 1.8367002e-04 5.8981169e-02 1.9650040e-03 3.5788072e-03
 1.0622054e-02 7.1645882e-03]",[0.96350646 0.00472978 0.00982756 0.02193625],[0.9821609  0.01783911],"[5.4478778e-06 2.7566672e-05 1.0682384e-03 1.2751340e-02 5.3767532e-02
 3.3951151e-01 5.2594501e-01 6.3678212e-02 3.2451584e-03]",0,White,40-59
/scratch/project_462000771/mengting/projects/bias/sana/prompt2/selected_faces/detected_disgusted/disgusted_person_0746_face0.png,White,White,Male,40-49,"[9.1666394e-01 2.0111520e-04 1.8268272e-02 4.4840161e-04 1.0885701e-03
 2.9885834e-03 6.0341179e-02]",[9.9902111e-01 3.5974836e-06 7.3969056e-04 2.3550547e-04],[0.6006247 0.3993753],"[3.4301825e-06 1.5779939e-05 8.2600664e-04 7.3336191e-02 3.1050065e-01
 4.7353187e-01 1.2517817e-01 1.5204818e-02 1.4030377e-03]",0,White,40-59
/scratch/project_462000771/mengting/projects/bias/sana/prompt2/selected_faces/detected_disgusted/disgusted_person_0747_face0.png,White,White,Male,40-49,"[9.8051685e-01 4.5472021e-05 7.6195812e-03 1.2504736e-04 5.1279220e-04
 2.0243919e-03 9.1558686e-03]",[9.6931958e-01 3.8259517e-04 1.1811052e-02 1.8486779e-02],[9.9953169e-01 4.6838477e-04],"[1.0404360e-05 9.6082826e-05 2.5082189e-03 1.7112367e-02 9.3524791e-02
 4.9406371e-01 3.7159285e-01 2.0437771e-02 6.5382139e-04]",0,White,40-59
/scratch/project_462000771/mengting/projects/bias/sana/prompt2/selected_faces/detected_disgusted/disgusted_person_0748_face0.png,White,White,Male,30-39,"[9.6183002e-01 3.9885374e-05 2.2179030e-02 6.1746320e-04 8.0223329e-04
 1.4388736e-03 1.3092442e-02]",[9.9731338e-01 1.3450246e-04 1.0194526e-03 1.5326863e-03],[0.99069947 0.0093005 ],"[1.7277408e-07 4.5068132e-06 1.5676755e-03 2.4471624e-01 6.0050458e-01
 1.4949673e-01 3.6688976e-03 3.9618732e-05 1.5507950e-06]",0,White,20-39
/scratch/project_462000771/mengting/projects/bias/sana/prompt2/selected_faces/detected_disgusted/disgusted_person_0749_face0.png,White,White,Female,30-39,"[9.8879462e-01 2.7784687e-05 4.0050657e-03 2.7613388e-03 1.6664626e-03
 7.9115343e-05 2.6655830e-03]",[9.7502786e-01 1.3164277e-05 2.4941688e-02 1.7269525e-05],[0.00489448 0.9951055 ],"[7.1059726e-06 2.5964229e-04 1.1018850e-02 1.6948394e-01 4.5849553e-01
 3.2070899e-01 3.8763851e-02 1.2175902e-03 4.4458040e-05]",1,White,20-39
/scratch/project_462000771/mengting/projects/bias/sana/prompt2/selected_faces/detected_disgusted/disgusted_person_0750_face0.png,White,White,Female,30-39,"[9.9469709e-01 3.5280207e-06 2.1639820e-03 6.7399937e-04 5.6420657e-04
 1.8864365e-04 1.7084781e-03]",[9.8986548e-01 1.2195282e-04 9.5422184e-03 4.7037995e-04],[0.23558624 0.7644138 ],"[3.1868371e-06 9.6094976e-05 7.8019174e-03 1.5658517e-01 4.2873001e-01
 3.6854041e-01 3.7580576e-02 6.4227992e-04 2.0353029e-05]",1,White,20-39
/scratch/project_462000771/mengting/projects/bias/sana/prompt2/selected_faces/detected_disgusted/disgusted_person_0751_face0.png,White,White,Male,40-49,"[9.5942569e-01 2.6605141e-04 1.3330313e-02 2.4584252e-03 4.7227750e-03
 4.9959677e-03 1.4800797e-02]",[9.0248936e-01 4.4725373e-05 9.6401267e-02 1.0646107e-03],[0.6444197 0.3555803],"[7.4793468e-05 3.3991309e-04 1.2694438e-03 2.1318130e-02 1.7237145e-01
 5.1139843e-01 2.6749295e-01 2.2918910e-02 2.8160312e-03]",0,White,40-59
/scratch/project_462000771/mengting/projects/bias/sana/prompt2/selected_faces/detected_disgusted/disgusted_person_0752_face0.png,White,White,Male,40-49,"[9.8609710e-01 3.7180111e-04 5.0626579e-03 1.1680420e-03 3.9900015e-03
 1.0393451e-03 2.2710997e-03]",[0.8671643  0.02859743 0.06795395 0.03628429],[9.993516e-01 6.483321e-04],"[6.9386937e-05 9.1501232e-04 9.1531193e-03 8.3620533e-02 2.0617011e-01
 4.2965791e-01 2.3903014e-01 2.8617885e-02 2.7659140e-03]",0,White,40-59
/scratch/project_462000771/mengting/projects/bias/sana/prompt2/selected_faces/detected_disgusted/disgusted_person_0753_face0.png,White,Asian,Male,30-39,"[9.4105315e-01 1.0624011e-04 2.5878731e-02 6.1476007e-03 1.3478815e-02
 2.0694323e-03 1.1265866e-02]",[0.16585158 0.00781956 0.82061243 0.00571651],[0.972283 0.027717],"[7.5062815e-07 7.5135149e-06 5.3652062e-04 8.9158058e-02 4.7638828e-01
 4.1006151e-01 2.3411546e-02 4.2137175e-04 1.4429195e-05]",0,White,20-39
/scratch/project_462000771/mengting/projects/bias/sana/prompt2/selected_faces/detected_disgusted/disgusted_person_0754_face0.png,White,White,Male,40-49,"[9.99187171e-01 1.10441206e-05 3.21566738e-04 1.11040035e-05
 5.40468500e-05 2.88162464e-05 3.86217085e-04]",[9.9688357e-01 5.5051074e-05 2.6768995e-03 3.8441128e-04],[0.99114573 0.00885428],"[2.9461062e-06 2.0092355e-04 8.6111380e-03 1.2959656e-01 2.8772238e-01
 4.8897916e-01 8.1799671e-02 2.8959983e-03 1.9122045e-04]",0,White,40-59
/scratch/project_462000771/mengting/projects/bias/sana/prompt2/selected_faces/detected_disgusted/disgusted_person_0755_face0.png,White,Indian,Female,40-49,"[0.621812   0.00711089 0.29035363 0.01687008 0.01675318 0.01977784
 0.02732248]",[0.21511644 0.31852958 0.0793946  0.3869594 ],[0.00117683 0.99882317],"[8.6282980e-06 1.3115248e-04 1.2644985e-03 2.8438656e-02 1.7254850e-01
 3.6974382e-01 3.1813553e-01 9.8893449e-02 1.0835755e-02]",0,White,40-59
/scratch/project_462000771/mengting/projects/bias/sana/prompt2/selected_faces/detected_disgusted/disgusted_person_0756_face0.png,White,White,Female,30-39,"[9.0771723e-01 1.1108390e-03 1.8832538e-02 2.6773865e-04 5.2611862e-04
 8.3346554e-04 7.0711970e-02]",[9.4919640e-01 2.5818852e-04 5.0329268e-02 2.1612352e-04],[0.06488499 0.935115  ],"[2.9498553e-06 1.2226845e-04 5.8828783e-03 2.7394828e-01 5.7835084e-01
 1.3797709e-01 3.6229196e-03 8.8509587e-05 4.2262868e-06]",0,White,20-39
/scratch/project_462000771/mengting/projects/bias/sana/prompt2/selected_faces/detected_disgusted/disgusted_person_0757_face0.png,White,White,Female,40-49,"[8.5474306e-01 8.1104641e-05 4.2074896e-02 4.9593602e-04 7.4013352e-04
 7.0430659e-04 1.0116049e-01]",[9.9912769e-01 9.7821967e-06 6.7406311e-04 1.8845174e-04],[0.0422237  0.95777625],"[5.8509991e-06 4.9832415e-05 1.9769825e-03 7.1095146e-02 4.2618537e-01
 4.6100530e-01 3.8867366e-02 7.9881150e-04 1.5331598e-05]",0,White,40-59
/scratch/project_462000771/mengting/projects/bias/sana/prompt2/selected_faces/detected_disgusted/disgusted_person_0758_face0.png,White,White,Female,40-49,"[8.41161907e-01 8.13725172e-04 1.11060284e-01 1.80233847e-02
 1.48440041e-02 3.98355722e-03 1.01131732e-02]",[0.98269814 0.00232928 0.01211924 0.00285327],[0.00732359 0.9926764 ],"[3.4391564e-06 1.3598749e-04 3.4137194e-03 6.2804148e-02 3.7693560e-01
 4.7019956e-01 8.4334835e-02 2.1340125e-03 3.8762199e-05]",0,White,40-59
/scratch/project_462000771/mengting/projects/bias/sana/prompt2/selected_faces/detected_disgusted/disgusted_person_0759_face0.png,White,White,Male,30-39,"[0.75491995 0.00644074 0.100308   0.04726207 0.07581443 0.00400203
 0.01125281]",[0.57504916 0.1981591  0.1728707  0.05392111],[0.6826883  0.31731167],"[1.1045779e-06 7.4437276e-06 4.2925455e-04 8.9412436e-02 5.1552457e-01
 3.4477678e-01 4.6919420e-02 2.7567211e-03 1.7222980e-04]",1,White,20-39
/scratch/project_462000771/mengting/projects/bias/sana/prompt2/selected_faces/detected_disgusted/disgusted_person_0760_face0.png,White,White,Male,30-39,"[9.9988568e-01 2.9964883e-07 1.2812005e-05 1.4406028e-07 4.9916144e-07
 1.1815825e-06 9.9276731e-05]",[9.9982041e-01 7.3777264e-06 1.4336254e-04 2.8844730e-05],[0.9843724  0.01562761],"[4.0164167e-07 1.8264165e-05 2.9060431e-03 2.8908449e-01 4.9736091e-01
 2.0428300e-01 6.2806820e-03 6.3209205e-05 2.9897890e-06]",0,White,20-39
/scratch/project_462000771/mengting/projects/bias/sana/prompt2/selected_faces/detected_disgusted/disgusted_person_0761_face0.png,White,White,Male,40-49,"[9.9448043e-01 1.6849161e-04 1.3648935e-03 7.6850820e-06 3.5192221e-05
 2.7734265e-04 3.6659718e-03]",[9.9534994e-01 4.0685886e-04 6.5406621e-04 3.5891368e-03],[9.995417e-01 4.582994e-04],"[1.3271637e-06 4.4862181e-06 1.8184553e-04 1.0484394e-02 8.0419257e-02
 5.7949781e-01 3.1047010e-01 1.8267388e-02 6.7339215e-04]",0,White,40-59
/scratch/project_462000771/mengting/projects/bias/sana/prompt2/selected_faces/detected_disgusted/disgusted_person_0762_face0.png,White,White,Male,40-49,"[9.80488122e-01 1.19365095e-05 4.84351022e-03 3.36601697e-05
 1.61211210e-04 1.58661604e-03 1.28749376e-02]",[9.9741709e-01 5.6358444e-05 1.3499219e-03 1.1765898e-03],[0.99876773 0.00123231],"[4.0049672e-06 6.7824440e-05 3.1675091e-03 5.3937845e-02 1.7556445e-01
 5.1060957e-01 2.4257991e-01 1.3375431e-02 6.9339655e-04]",0,White,40-59
/scratch/project_462000771/mengting/projects/bias/sana/prompt2/selected_faces/detected_disgusted/disgusted_person_0763_face0.png,White,White,Male,30-39,"[9.9429458e-01 1.2971836e-05 8.5312099e-04 6.4769956e-05 6.3919550e-05
 3.9246428e-05 4.6712249e-03]",[9.9700743e-01 1.7571323e-05 2.6926158e-03 2.8231365e-04],[0.95078593 0.04921409],"[5.6976671e-07 4.3084674e-06 1.1130912e-03 2.2705890e-01 4.0843263e-01
 2.9142934e-01 6.7871444e-02 3.8830028e-03 2.0679735e-04]",0,White,20-39
/scratch/project_462000771/mengting/projects/bias/sana/prompt2/selected_faces/detected_disgusted/disgusted_person_0764_face0.png,White,White,Male,20-29,"[9.9707478e-01 4.7428771e-06 1.0321734e-03 9.3670809e-05 2.1316219e-04
 7.1699302e-05 1.5097726e-03]",[9.99205232e-01 3.15251896e-06 6.89263456e-04 1.02255224e-04],[0.9988471  0.00115286],"[3.5276108e-07 3.6381734e-05 1.2679721e-02 4.2894730e-01 3.8864335e-01
 1.6033554e-01 9.1436077e-03 2.0059402e-04 1.3170716e-05]",0,White,20-39
/scratch/project_462000771/mengting/projects/bias/sana/prompt2/selected_faces/detected_disgusted/disgusted_person_0765_face0.png,White,White,Male,40-49,"[9.6879894e-01 5.8344140e-04 1.3166973e-02 2.3363617e-03 1.2385507e-02
 2.2307546e-03 4.9802155e-04]",[8.5486412e-01 2.7050442e-04 1.4256236e-01 2.3029824e-03],[0.99858963 0.00141038],"[1.23291975e-05 8.35590836e-05 1.57601351e-03 2.63078697e-02
 1.32155761e-01 4.78412539e-01 3.42685938e-01 1.79435648e-02
 8.22480535e-04]",0,White,40-59
/scratch/project_462000771/mengting/projects/bias/sana/prompt2/selected_faces/detected_disgusted/disgusted_person_0766_face0.png,White,White,Male,50-59,"[9.4412434e-01 9.2974136e-05 1.2246449e-02 2.1675406e-02 1.8041940e-02
 1.0744943e-03 2.7443192e-03]",[0.8387416  0.00420731 0.15033384 0.00671721],[0.94673544 0.05326459],"[1.8540144e-04 2.2225915e-03 1.0936199e-02 2.6263556e-02 8.7773770e-02
 3.1868935e-01 4.8555776e-01 6.2617086e-02 5.7543586e-03]",0,White,40-59
/scratch/project_462000771/mengting/projects/bias/sana/prompt2/selected_faces/detected_disgusted/disgusted_person_0767_face0.png,White,White,Male,40-49,"[9.9848270e-01 2.8768916e-06 2.8580500e-04 6.8048935e-06 1.7764141e-05
 7.4292351e-05 1.1298091e-03]",[9.9974120e-01 1.3082253e-06 1.9383954e-04 6.3647523e-05],[9.9999738e-01 2.6253088e-06],"[2.6645520e-07 1.0963103e-06 1.1010142e-04 3.8792495e-02 3.8225535e-01
 5.3706878e-01 4.1111048e-02 6.4868305e-04 1.2226088e-05]",0,White,40-59
/scratch/project_462000771/mengting/projects/bias/sana/prompt2/selected_faces/detected_disgusted/disgusted_person_0768_face0.png,White,White,Female,30-39,"[9.9964774e-01 1.9279959e-07 1.3538332e-04 2.8445529e-06 3.1561731e-06
 4.3681844e-06 2.0636930e-04]",[9.9774319e-01 5.5477834e-05 9.7902096e-04 1.2222592e-03],[0.49178386 0.5082161 ],"[7.2390527e-08 3.3127378e-06 1.8575173e-03 2.1191059e-01 4.6374780e-01
 3.0350006e-01 1.8751273e-02 2.2116663e-04 8.2446531e-06]",0,White,20-39
/scratch/project_462000771/mengting/projects/bias/sana/prompt2/selected_faces/detected_disgusted/disgusted_person_0769_face0.png,White,White,Male,20-29,"[9.6979189e-01 1.8542801e-06 1.8256656e-03 2.0677309e-02 7.4201585e-03
 9.8677840e-05 1.8438550e-04]",[9.2274845e-01 1.9145807e-06 7.7167585e-02 8.2084553e-05],[0.99184924 0.00815074],"[3.9342258e-06 3.7757892e-04 4.0185656e-02 4.9607739e-01 3.8454762e-01
 7.5679392e-02 3.0770509e-03 4.9638933e-05 1.7568569e-06]",0,White,20-39
/scratch/project_462000771/mengting/projects/bias/sana/prompt2/selected_faces/detected_disgusted/disgusted_person_0770_face0.png,White,White,Male,30-39,"[9.9949431e-01 1.5655339e-06 2.9350791e-04 3.2502451e-06 9.7626316e-06
 1.1790492e-05 1.8576629e-04]",[9.99872506e-01 6.41371912e-07 1.15453586e-04 1.13993892e-05],[0.92505634 0.07494368],"[9.6070380e-07 5.9256687e-05 5.9687151e-03 2.2882883e-01 4.0797484e-01
 3.2941079e-01 2.7322670e-02 4.1665894e-04 1.7306889e-05]",0,White,20-39
/scratch/project_462000771/mengting/projects/bias/sana/prompt2/selected_faces/detected_disgusted/disgusted_person_0771_face0.png,White,White,Male,30-39,"[9.9860549e-01 5.5687769e-07 8.8302238e-04 9.4073812e-06 2.5980791e-05
 3.8795599e-05 4.3676823e-04]",[9.9895048e-01 1.5204375e-05 3.6493468e-04 6.6940294e-04],[0.91252583 0.08747423],"[2.2172699e-08 4.4624079e-07 6.1230821e-04 2.1380025e-01 4.9584162e-01
 2.7212155e-01 1.7297117e-02 3.1440891e-04 1.2230526e-05]",0,White,20-39
/scratch/project_462000771/mengting/projects/bias/sana/prompt2/selected_faces/detected_disgusted/disgusted_person_0772_face0.png,White,Asian,Female,30-39,"[7.1309835e-01 1.9137481e-04 9.6984543e-02 6.2182978e-02 6.8403699e-02
 1.2943570e-02 4.6195436e-02]",[0.37233943 0.0068108  0.4962565  0.1245933 ],[0.00214333 0.9978567 ],"[0.00040001 0.01876314 0.09411204 0.22491607 0.33091354 0.2363705
 0.07567482 0.01699398 0.00185597]",1,White,20-39
/scratch/project_462000771/mengting/projects/bias/sana/prompt2/selected_faces/detected_disgusted/disgusted_person_0773_face0.png,White,White,Male,40-49,"[9.8976809e-01 1.0317144e-05 4.1518835e-03 7.6616656e-05 2.0689711e-04
 2.8123235e-04 5.5049513e-03]",[9.8715228e-01 7.0170609e-05 6.9695222e-03 5.8079986e-03],[0.99785566 0.00214437],"[4.5331117e-06 4.6024368e-05 1.9734185e-03 2.9364094e-02 1.8794261e-01
 6.3357776e-01 1.4376868e-01 3.1682006e-03 1.5474549e-04]",0,White,40-59
/scratch/project_462000771/mengting/projects/bias/sana/prompt2/selected_faces/detected_disgusted/disgusted_person_0774_face0.png,White,White,Male,30-39,"[8.9360642e-01 1.9034556e-05 6.6178381e-02 5.1006093e-04 1.6248170e-03
 2.2037745e-02 1.6023630e-02]",[9.8772854e-01 6.7961173e-06 3.4614254e-03 8.8032354e-03],[0.62813056 0.37186944],"[3.91504873e-05 1.23670523e-03 1.20962635e-02 1.21752270e-01
 4.22440141e-01 4.16205138e-01 2.56862845e-02 5.28754201e-04
 1.52978264e-05]",0,White,20-39
/scratch/project_462000771/mengting/projects/bias/sana/prompt2/selected_faces/detected_disgusted/disgusted_person_0775_face0.png,White,White,Male,50-59,"[9.8928529e-01 1.2763400e-04 8.5988166e-03 8.1150094e-05 3.7902017e-04
 4.8943795e-04 1.0387122e-03]",[0.974384   0.00264425 0.00319289 0.01977884],[0.9977538  0.00224623],"[1.0534158e-05 1.6370167e-04 5.6616012e-03 1.7487021e-02 5.9512302e-02
 3.7513050e-01 5.0610387e-01 3.4673698e-02 1.2568068e-03]",0,White,40-59
/scratch/project_462000771/mengting/projects/bias/sana/prompt2/selected_faces/detected_disgusted/disgusted_person_0776_face0.png,White,White,Male,40-49,"[9.8698986e-01 2.4835124e-05 3.1821092e-03 1.0679181e-04 2.0064328e-04
 3.7967195e-04 9.1160359e-03]",[9.9764091e-01 2.2228804e-05 2.2127035e-03 1.2407510e-04],[0.97521013 0.02478985],"[2.20034440e-06 1.24408725e-05 7.10143999e-04 5.38792498e-02
 3.21240276e-01 5.64093351e-01 5.87837398e-02 1.22750003e-03
 5.11774815e-05]",0,White,40-59
/scratch/project_462000771/mengting/projects/bias/sana/prompt2/selected_faces/detected_disgusted/disgusted_person_0777_face0.png,White,White,Male,40-49,"[9.9954122e-01 3.0526901e-06 1.1801294e-04 5.2009227e-06 1.0726602e-05
 7.8925541e-06 3.1386624e-04]",[9.9870926e-01 5.4461274e-05 9.3650783e-04 2.9976681e-04],[9.9956471e-01 4.3530995e-04],"[2.8768873e-06 2.3940074e-05 1.2183012e-03 6.4324155e-02 2.0741317e-01
 5.0924891e-01 2.0825842e-01 8.9952890e-03 5.1496591e-04]",0,White,40-59
/scratch/project_462000771/mengting/projects/bias/sana/prompt2/selected_faces/detected_disgusted/disgusted_person_0778_face0.png,White,White,Male,40-49,"[9.8212618e-01 1.5131649e-04 1.3669984e-02 2.4669035e-04 5.9104629e-04
 1.2204773e-03 1.9943325e-03]",[9.9607730e-01 6.2521234e-05 1.5967070e-03 2.2634813e-03],[0.99690956 0.00309046],"[2.1858361e-06 3.7261096e-05 2.8529479e-03 9.6344620e-02 2.5939181e-01
 4.9515197e-01 1.4147165e-01 4.5365877e-03 2.1093788e-04]",0,White,40-59
/scratch/project_462000771/mengting/projects/bias/sana/prompt2/selected_faces/detected_disgusted/disgusted_person_0779_face0.png,White,White,Female,40-49,"[9.8844576e-01 2.2157083e-05 5.5292114e-03 1.8255160e-03 1.4953064e-03
 2.4757622e-04 2.4343471e-03]",[9.5646536e-01 3.0800913e-04 4.1204054e-02 2.0225979e-03],[0.03464023 0.9653598 ],"[3.5762122e-07 6.6302846e-06 5.6545943e-04 6.8582721e-02 3.6875373e-01
 5.1736534e-01 4.3434028e-02 1.2267198e-03 6.5075335e-05]",0,White,40-59
/scratch/project_462000771/mengting/projects/bias/sana/prompt2/selected_faces/detected_disgusted/disgusted_person_0780_face0.png,White,White,Male,40-49,"[9.7621775e-01 2.5231150e-06 7.9828613e-03 2.3893410e-05 3.1295238e-04
 4.5438898e-03 1.0916131e-02]",[9.2519510e-01 1.2450234e-04 6.2403992e-02 1.2276386e-02],[0.9934703  0.00652965],"[5.9825325e-06 5.0301600e-04 3.3484776e-02 1.6251056e-01 2.1932656e-01
 4.9421832e-01 8.4402822e-02 5.1487903e-03 3.9920164e-04]",0,White,40-59
/scratch/project_462000771/mengting/projects/bias/sana/prompt2/selected_faces/detected_disgusted/disgusted_person_0781_face0.png,White,White,Male,50-59,"[9.60433006e-01 1.13005203e-03 4.47550276e-03 1.90151185e-02
 1.32232858e-02 1.20487835e-04 1.60249765e-03]",[0.8875847  0.00186424 0.10966183 0.00088923],[0.9882437  0.01175631],"[5.83304209e-05 7.12105189e-04 3.96231841e-03 5.15575968e-02
 9.44239348e-02 2.96835005e-01 4.25256133e-01 1.06449135e-01
 2.07454413e-02]",1,White,40-59
/scratch/project_462000771/mengting/projects/bias/sana/prompt2/selected_faces/detected_disgusted/disgusted_person_0782_face0.png,White,White,Female,40-49,"[7.9833686e-01 6.9275708e-04 1.5705664e-01 7.4407919e-03 3.8684604e-03
 1.8085225e-03 3.0796118e-02]",[9.9070305e-01 4.9537647e-04 8.5296826e-03 2.7189491e-04],[0.01213598 0.98786396],"[2.0095711e-06 3.9021881e-05 1.6184257e-03 6.0001120e-02 3.1980556e-01
 5.1300174e-01 1.0015188e-01 5.1949727e-03 1.8530886e-04]",0,White,40-59
/scratch/project_462000771/mengting/projects/bias/sana/prompt2/selected_faces/detected_disgusted/disgusted_person_0783_face0.png,White,White,Female,40-49,"[8.1282717e-01 5.9247849e-04 7.0328899e-02 2.3295898e-02 4.7775466e-02
 8.4355911e-03 3.6744457e-02]",[0.77415085 0.00481743 0.18816294 0.03286878],[0.00403645 0.9959636 ],"[1.09050525e-05 5.99698687e-05 1.20335072e-03 3.40092182e-02
 1.83149397e-01 4.86191660e-01 2.55386800e-01 3.71826403e-02
 2.80602463e-03]",0,White,40-59
/scratch/project_462000771/mengting/projects/bias/sana/prompt2/selected_faces/detected_disgusted/disgusted_person_0784_face0.png,White,White,Male,40-49,"[9.8423898e-01 1.6706288e-04 1.0506118e-02 7.3628813e-05 3.1836919e-04
 1.6317853e-03 3.0639849e-03]",[0.77478695 0.00808466 0.01705499 0.20007335],[9.994738e-01 5.262262e-04],"[3.2151505e-07 4.9247046e-06 1.5645052e-03 7.9263262e-02 2.7625585e-01
 5.2173752e-01 1.1822811e-01 2.8521754e-03 9.3372255e-05]",0,White,40-59
/scratch/project_462000771/mengting/projects/bias/sana/prompt2/selected_faces/detected_disgusted/disgusted_person_0785_face0.png,White,White,Male,40-49,"[7.5068325e-01 1.7877460e-04 1.3910794e-01 1.9408632e-02 4.4046227e-02
 2.2043729e-02 2.4531424e-02]",[9.6208471e-01 2.8532601e-04 5.9215198e-03 3.1708516e-02],[0.70470405 0.29529595],"[3.6666726e-05 2.7097293e-04 3.7839583e-03 3.2255273e-02 1.9388570e-01
 5.2209508e-01 2.1826197e-01 2.8023224e-02 1.3872080e-03]",0,White,40-59
/scratch/project_462000771/mengting/projects/bias/sana/prompt2/selected_faces/detected_disgusted/disgusted_person_0786_face0.png,White,White,Female,30-39,"[9.5019919e-01 1.0027764e-04 3.1749811e-02 6.9302150e-05 2.2726694e-04
 9.8943233e-04 1.6664678e-02]",[9.7884792e-01 5.3828873e-04 1.5471297e-02 5.1425113e-03],[5.2581046e-04 9.9947423e-01],"[7.7317605e-07 4.9791102e-05 5.3748940e-03 1.5996422e-01 5.9318680e-01
 2.2800039e-01 1.3184413e-02 2.3082213e-04 7.8685007e-06]",1,White,20-39
/scratch/project_462000771/mengting/projects/bias/sana/prompt2/selected_faces/detected_disgusted/disgusted_person_0787_face0.png,White,White,Male,20-29,"[9.5759422e-01 3.6711790e-04 3.6141176e-02 5.5060362e-05 2.9402247e-04
 1.2116255e-03 4.3368260e-03]",[9.9511760e-01 2.5279983e-04 3.9434507e-03 6.8618357e-04],[9.9961627e-01 3.8373945e-04],"[5.14866883e-07 4.30840009e-05 1.52984485e-02 4.96204674e-01
 4.00465101e-01 8.39525089e-02 3.92486434e-03 1.06648324e-04
 4.16864668e-06]",0,White,20-39
/scratch/project_462000771/mengting/projects/bias/sana/prompt2/selected_faces/detected_disgusted/disgusted_person_0788_face0.png,White,White,Female,30-39,"[8.0503654e-01 3.3905826e-04 1.7210643e-01 1.7376795e-03 5.9919399e-03
 3.7728890e-03 1.1015488e-02]",[0.8907442  0.001352   0.09166591 0.01623788],[0.01869693 0.9813031 ],"[8.4881435e-07 1.3320673e-04 9.9156732e-03 1.8878095e-01 6.0869783e-01
 1.8049200e-01 1.1605190e-02 3.6086226e-04 1.3424489e-05]",1,White,20-39
/scratch/project_462000771/mengting/projects/bias/sana/prompt2/selected_faces/detected_disgusted/disgusted_person_0789_face0.png,White,White,Male,40-49,"[9.5604467e-01 6.1305454e-06 1.1364855e-02 6.9282635e-04 8.7309565e-04
 6.3617999e-04 3.0382173e-02]",[9.7298300e-01 8.9289148e-05 2.6324607e-02 6.0315983e-04],[0.8042408  0.19575918],"[7.2876494e-05 1.2163857e-03 1.2643883e-02 3.9034743e-02 1.5332705e-01
 4.1963038e-01 3.3048058e-01 3.8987305e-02 4.6067829e-03]",0,White,40-59
/scratch/project_462000771/mengting/projects/bias/sana/prompt2/selected_faces/detected_disgusted/disgusted_person_0790_face0.png,White,White,Female,40-49,"[9.86169338e-01 7.87543922e-06 7.65841361e-03 2.00620256e-04
 1.18845375e-04 1.54061403e-04 5.69084426e-03]",[8.1459165e-01 2.5480465e-04 1.8505864e-01 9.4906536e-05],[0.02914046 0.9708595 ],"[4.8633228e-06 4.9974529e-05 1.9589954e-03 7.3763102e-02 3.8929379e-01
 4.6771744e-01 6.5825477e-02 1.3512890e-03 3.5150173e-05]",0,White,40-59
/scratch/project_462000771/mengting/projects/bias/sana/prompt2/selected_faces/detected_disgusted/disgusted_person_0791_face0.png,White,White,Female,40-49,"[9.0113139e-01 2.0643466e-04 1.1184568e-02 3.9600171e-04 4.2094971e-04
 3.2492480e-04 8.6335778e-02]",[9.9877065e-01 5.9393231e-05 8.0364908e-04 3.6628873e-04],[0.08328652 0.9167135 ],"[1.8886640e-05 3.7359420e-04 5.5619185e-03 6.8675198e-02 3.2804403e-01
 4.8725891e-01 1.0341041e-01 6.1784675e-03 4.7867780e-04]",0,White,40-59
/scratch/project_462000771/mengting/projects/bias/sana/prompt2/selected_faces/detected_disgusted/disgusted_person_0792_face0.png,White,White,Male,20-29,"[9.9960184e-01 1.9401380e-06 1.5717023e-04 9.4110574e-06 5.0099359e-05
 3.1220799e-05 1.4834671e-04]",[9.9962735e-01 8.6133082e-07 3.6121256e-04 1.0621016e-05],[9.999337e-01 6.633557e-05],"[3.9859728e-07 9.2103670e-05 1.3698803e-02 4.7182184e-01 3.8187495e-01
 1.2741293e-01 5.0503151e-03 4.6818059e-05 1.8856318e-06]",0,White,20-39
/scratch/project_462000771/mengting/projects/bias/sana/prompt2/selected_faces/detected_disgusted/disgusted_person_0793_face0.png,White,White,Male,30-39,"[9.4049680e-01 2.6293237e-05 2.9138777e-02 2.8533216e-03 2.8537428e-03
 7.9856953e-04 2.3832463e-02]",[0.9151876  0.00160108 0.07493985 0.00827144],[0.96892613 0.03107383],"[8.3792503e-07 1.9285641e-05 1.2812321e-02 2.3037955e-01 4.3441084e-01
 2.9121858e-01 3.0308051e-02 8.2715543e-04 2.3269147e-05]",0,White,20-39
/scratch/project_462000771/mengting/projects/bias/sana/prompt2/selected_faces/detected_disgusted/disgusted_person_0794_face0.png,White,White,Male,40-49,"[9.5067698e-01 2.8098251e-03 1.2085216e-02 5.7189209e-05 1.0310495e-03
 1.8203851e-02 1.5135817e-02]",[0.705563   0.00582774 0.00131148 0.28729782],[0.9176988  0.08230125],"[1.1086903e-04 1.1666231e-03 1.0004269e-02 2.8487580e-02 1.3513379e-01
 4.0941313e-01 3.4219414e-01 6.6603109e-02 6.8864515e-03]",0,White,40-59
/scratch/project_462000771/mengting/projects/bias/sana/prompt2/selected_faces/detected_disgusted/disgusted_person_0795_face0.png,White,Asian,Female,30-39,"[6.3426262e-01 4.3693362e-04 6.8229169e-02 1.2385847e-01 1.6408698e-01
 4.8455079e-03 4.2803446e-03]",[0.13960327 0.00179896 0.8561101  0.0024876 ],[0.00683367 0.9931663 ],"[2.4904273e-06 7.5452197e-05 4.8915194e-03 1.3685139e-01 5.5436480e-01
 2.8360334e-01 1.9607244e-02 5.8778521e-04 1.6029486e-05]",1,White,20-39
/scratch/project_462000771/mengting/projects/bias/sana/prompt2/selected_faces/detected_disgusted/disgusted_person_0796_face0.png,White,White,Female,30-39,"[9.8724478e-01 4.8962323e-04 1.0329027e-02 5.0502957e-04 4.7066808e-04
 2.0644441e-04 7.5450202e-04]",[9.9035555e-01 8.3076739e-04 8.3405990e-03 4.7302165e-04],[0.00111463 0.9988854 ],"[4.5732807e-07 5.2310210e-05 4.0916358e-03 2.1986245e-01 6.1442864e-01
 1.5669085e-01 4.8075626e-03 6.2858395e-05 3.2496459e-06]",1,White,20-39
/scratch/project_462000771/mengting/projects/bias/sana/prompt2/selected_faces/detected_disgusted/disgusted_person_0797_face0.png,White,White,Male,50-59,"[9.7464126e-01 2.8984863e-05 1.1188504e-02 3.1014724e-04 6.0986233e-04
 3.0147139e-04 1.2919650e-02]",[9.9995303e-01 1.2191431e-07 4.3510016e-05 3.4053348e-06],[0.9977149  0.00228513],"[2.0607242e-05 1.3996416e-04 4.6351179e-03 1.2549200e-02 5.7118867e-02
 2.5771001e-01 5.9490299e-01 6.9856517e-02 3.0667624e-03]",0,White,40-59
/scratch/project_462000771/mengting/projects/bias/sana/prompt2/selected_faces/detected_disgusted/disgusted_person_0798_face0.png,White,White,Female,40-49,"[9.9975163e-01 5.5773120e-07 4.1377683e-05 3.4157922e-05 3.7304755e-05
 1.0296339e-06 1.3392128e-04]",[9.9977803e-01 3.2651376e-06 1.5742557e-04 6.1328959e-05],[0.48715028 0.51284975],"[3.7979307e-06 5.0343471e-05 2.2458739e-03 1.1290735e-01 3.0614436e-01
 5.0534052e-01 7.0656687e-02 2.4157381e-03 2.3530028e-04]",0,White,40-59
/scratch/project_462000771/mengting/projects/bias/sana/prompt2/selected_faces/detected_disgusted/disgusted_person_0799_face0.png,White,White,Female,40-49,"[8.81329238e-01 2.33889485e-04 2.87458729e-02 6.63195131e-03
 1.03483265e-02 4.16510925e-03 6.85456172e-02]",[9.1499162e-01 8.6054229e-04 4.9487192e-02 3.4660697e-02],[0.00328685 0.9967131 ],"[1.5885723e-07 1.0570013e-06 8.4252300e-05 1.1980815e-02 1.3700946e-01
 5.1370567e-01 2.9875121e-01 3.5728835e-02 2.7386134e-03]",0,White,40-59
/scratch/project_462000771/mengting/projects/bias/sana/prompt2/selected_faces/detected_disgusted/disgusted_person_0800_face0.png,White,White,Female,30-39,"[9.1063333e-01 1.1904638e-04 4.9092099e-02 4.5003574e-03 4.3123816e-03
 8.1133452e-04 3.0531486e-02]",[0.79524183 0.00091126 0.20005889 0.00378799],[0.31408393 0.68591607],"[1.1348425e-06 3.8504451e-05 3.8603188e-03 1.3556571e-01 4.1524798e-01
 3.8479331e-01 5.8766861e-02 1.6607218e-03 6.5501030e-05]",0,White,20-39
/scratch/project_462000771/mengting/projects/bias/sana/prompt2/selected_faces/detected_disgusted/disgusted_person_0801_face0.png,White,White,Female,30-39,"[9.8834091e-01 4.7479007e-06 6.6451356e-03 2.0282499e-03 2.1567445e-03
 2.0061419e-04 6.2363647e-04]",[8.7034643e-01 2.7033535e-05 1.2953337e-01 9.3208917e-05],[0.2107037 0.7892963],"[1.1787269e-05 5.8159191e-04 2.3332587e-02 1.6475610e-01 4.2961383e-01
 3.4449577e-01 3.6564667e-02 6.2171830e-04 2.1888665e-05]",0,White,20-39
/scratch/project_462000771/mengting/projects/bias/sana/prompt2/selected_faces/detected_disgusted/disgusted_person_0802_face0.png,White,White,Male,40-49,"[9.2969084e-01 1.1785856e-04 3.3047125e-02 2.4010213e-03 3.8931207e-03
 2.0228846e-03 2.8827205e-02]",[0.90530705 0.00638164 0.00882652 0.07948475],[0.9470912  0.05290879],"[1.3439220e-06 9.8994906e-06 7.9307688e-04 2.2212107e-02 1.3218886e-01
 5.4914814e-01 2.8245005e-01 1.2749627e-02 4.4691877e-04]",0,White,40-59
/scratch/project_462000771/mengting/projects/bias/sana/prompt2/selected_faces/detected_disgusted/disgusted_person_0803_face0.png,White,White,Male,40-49,"[7.9521942e-01 3.2112779e-04 5.0268859e-02 4.3220984e-04 1.3584307e-03
 6.2000370e-03 1.4619997e-01]",[9.8033816e-01 4.1950148e-04 1.2919833e-02 6.3225320e-03],[0.6301467  0.36985332],"[8.4528037e-06 2.1282851e-05 3.2809982e-04 6.4667105e-03 1.0984452e-01
 5.3455329e-01 3.3111590e-01 1.6943671e-02 7.1810937e-04]",0,White,40-59
/scratch/project_462000771/mengting/projects/bias/sana/prompt2/selected_faces/detected_disgusted/disgusted_person_0804_face0.png,White,White,Female,40-49,"[8.6953986e-01 1.1340419e-03 8.7351784e-02 2.2028855e-03 2.4504613e-03
 6.5782166e-04 3.6663163e-02]",[9.9168867e-01 4.8048614e-04 5.7500475e-03 2.0807553e-03],[0.00282388 0.9971761 ],"[2.2231219e-05 2.2519333e-04 2.5513081e-03 4.1334320e-02 2.7333701e-01
 5.3938472e-01 1.3186938e-01 1.0888189e-02 3.8759492e-04]",0,White,40-59
/scratch/project_462000771/mengting/projects/bias/sana/prompt2/selected_faces/detected_disgusted/disgusted_person_0805_face0.png,White,White,Male,50-59,"[9.9864125e-01 3.1107520e-06 2.8588568e-04 1.1005419e-05 3.1446638e-05
 2.4402931e-05 1.0029246e-03]",[9.9459153e-01 5.8853075e-05 3.0211608e-03 2.3283851e-03],[9.9995822e-01 4.1778076e-05],"[3.9438155e-06 2.3222536e-05 1.3705231e-03 8.4042195e-03 3.1797193e-02
 2.9089361e-01 6.1189497e-01 5.3407472e-02 2.2048121e-03]",0,White,40-59
/scratch/project_462000771/mengting/projects/bias/sana/prompt2/selected_faces/detected_disgusted/disgusted_person_0806_face0.png,White,White,Male,50-59,"[9.5035052e-01 1.5676880e-05 6.5908697e-03 1.5514555e-03 4.8270160e-03
 1.5289875e-03 3.5135411e-02]",[9.8823076e-01 2.2471140e-05 1.1387549e-02 3.5925463e-04],[0.93018264 0.06981733],"[4.6500416e-05 6.2477350e-04 5.6041018e-03 9.0399114e-03 3.0822348e-02
 1.6346678e-01 5.1228082e-01 2.3918673e-01 3.8928028e-02]",0,White,40-59
/scratch/project_462000771/mengting/projects/bias/sana/prompt2/selected_faces/detected_disgusted/disgusted_person_0807_face0.png,White,White,Male,50-59,"[9.7119093e-01 5.1667976e-05 1.9013709e-03 4.4936154e-04 5.0602327e-03
 4.8725270e-03 1.6473917e-02]",[9.2321861e-01 1.2743159e-04 7.3123269e-02 3.5306341e-03],[9.9974495e-01 2.5504929e-04],"[1.8031897e-05 1.6491520e-04 3.7114925e-03 1.9140717e-02 4.4873603e-02
 2.8925595e-01 4.7695684e-01 1.4347510e-01 2.2403343e-02]",0,White,40-59
/scratch/project_462000771/mengting/projects/bias/sana/prompt2/selected_faces/detected_disgusted/disgusted_person_0808_face0.png,White,White,Male,40-49,"[9.94085670e-01 2.41400576e-05 2.44355877e-03 5.83367539e-04
 5.08806901e-04 1.07603846e-04 2.24690000e-03]",[8.97647977e-01 3.58530320e-04 1.01650886e-01 3.42603918e-04],[0.79020023 0.20979975],"[2.1866110e-06 1.9490408e-05 1.4019082e-03 6.3975833e-02 2.4868545e-01
 4.9418670e-01 1.8414955e-01 7.2316444e-03 3.4729045e-04]",0,White,40-59
/scratch/project_462000771/mengting/projects/bias/sana/prompt2/selected_faces/detected_disgusted/disgusted_person_0809_face0.png,White,White,Male,40-49,"[8.67740273e-01 4.38715324e-05 1.94116589e-02 7.53234417e-05
 3.18511971e-04 1.10550998e-02 1.01355314e-01]",[9.8890752e-01 7.2212817e-05 1.4749015e-03 9.5452778e-03],[9.9987388e-01 1.2614354e-04],"[3.3889473e-06 1.1112897e-05 4.8284442e-04 8.6975088e-03 1.1108422e-01
 6.2672615e-01 2.4294299e-01 9.7516105e-03 3.0008252e-04]",0,White,40-59
/scratch/project_462000771/mengting/projects/bias/sana/prompt2/selected_faces/detected_disgusted/disgusted_person_0810_face0.png,White,White,Female,40-49,"[9.6509314e-01 1.9560232e-05 1.6909042e-02 4.1381782e-04 6.6899613e-04
 3.4436549e-03 1.3451805e-02]",[9.9750972e-01 9.6867934e-06 8.4599713e-04 1.6346282e-03],[0.17162247 0.82837754],"[1.6352335e-06 1.1749296e-05 7.6045096e-04 2.5179800e-02 1.4484215e-01
 5.3697139e-01 2.5960749e-01 3.0869840e-02 1.7554987e-03]",0,White,40-59
/scratch/project_462000771/mengting/projects/bias/sana/prompt2/selected_faces/detected_disgusted/disgusted_person_0811_face0.png,White,White,Male,40-49,"[9.9223500e-01 2.4819477e-05 3.3712948e-03 5.7306141e-05 9.7638462e-05
 8.2156868e-05 4.1318000e-03]",[0.9796725  0.00180991 0.01741757 0.00110003],[0.99188054 0.00811946],"[4.07767743e-07 8.50032734e-07 8.50234283e-05 9.63637698e-03
 1.37059793e-01 5.55155396e-01 2.86815345e-01 1.08973775e-02
 3.49437440e-04]",0,White,40-59
/scratch/project_462000771/mengting/projects/bias/sana/prompt2/selected_faces/detected_disgusted/disgusted_person_0812_face0.png,White,White,Male,40-49,"[9.65047479e-01 2.76049104e-04 1.42154945e-02 5.70193108e-04
 2.81123118e-03 2.03109905e-03 1.50485057e-02]",[9.8359895e-01 4.1008924e-04 4.1930559e-03 1.1797915e-02],[9.999959e-01 4.140889e-06],"[5.73959232e-06 8.77766943e-05 4.82708821e-03 1.14848636e-01
 3.80495578e-01 4.23162550e-01 7.40535855e-02 2.45813257e-03
 6.09663584e-05]",0,White,40-59
/scratch/project_462000771/mengting/projects/bias/sana/prompt2/selected_faces/detected_disgusted/disgusted_person_0813_face0.png,White,White,Female,40-49,"[9.3463331e-01 1.2590287e-05 1.2039528e-03 9.3434726e-05 2.5040569e-04
 7.2116120e-04 6.3085184e-02]",[9.5346844e-01 1.5160521e-03 6.2947144e-04 4.4386081e-02],[0.13653123 0.8634688 ],"[4.6977439e-06 7.3303097e-05 5.5867610e-03 8.8457465e-02 1.4095815e-01
 2.8939381e-01 2.4786197e-01 1.3821261e-01 8.9451231e-02]",0,White,40-59
/scratch/project_462000771/mengting/projects/bias/sana/prompt2/selected_faces/detected_disgusted/disgusted_person_0814_face0.png,White,White,Female,40-49,"[9.9046296e-01 1.4928902e-05 1.3220232e-03 3.5271668e-04 6.1635766e-04
 2.8789756e-04 6.9431253e-03]",[9.8013026e-01 7.8176032e-04 1.6412698e-02 2.6752700e-03],[0.01052666 0.9894734 ],"[1.6363720e-06 4.2423766e-05 2.5069930e-03 7.4840292e-02 2.3575433e-01
 4.8368302e-01 1.7705007e-01 2.1693649e-02 4.4276575e-03]",0,White,40-59
/scratch/project_462000771/mengting/projects/bias/sana/prompt2/selected_faces/detected_disgusted/disgusted_person_0815_face0.png,White,White,Male,50-59,"[9.8908716e-01 7.6884688e-05 2.1733416e-03 4.1293897e-05 1.6643088e-04
 6.1840093e-04 7.8364909e-03]",[9.9511504e-01 6.0592389e-05 4.4648531e-03 3.5953225e-04],[9.995310e-01 4.689871e-04],"[2.3818018e-05 2.1268368e-04 5.9003420e-03 3.7831280e-02 6.8736762e-02
 2.3354682e-01 4.9489906e-01 1.4218548e-01 1.6663764e-02]",0,White,40-59
/scratch/project_462000771/mengting/projects/bias/sana/prompt2/selected_faces/detected_disgusted/disgusted_person_0816_face0.png,White,White,Male,40-49,"[9.9885267e-01 2.2196675e-05 4.9963244e-04 1.9376408e-05 5.0537274e-05
 4.2203221e-05 5.1340018e-04]",[9.9557149e-01 5.1682433e-05 3.9686295e-03 4.0822863e-04],[0.97303605 0.026964  ],"[2.8435668e-06 4.7241345e-05 4.9404814e-03 2.1084055e-01 2.0224729e-01
 3.6672515e-01 2.0218989e-01 1.2170515e-02 8.3607255e-04]",0,White,40-59
/scratch/project_462000771/mengting/projects/bias/sana/prompt2/selected_faces/detected_disgusted/disgusted_person_0817_face0.png,White,White,Female,40-49,"[9.98958707e-01 7.60334444e-07 2.59487395e-04 1.00561901e-05
 1.01787255e-05 7.21621618e-05 6.88638480e-04]",[9.9764860e-01 7.3231706e-05 1.7631578e-03 5.1501312e-04],[0.47248337 0.5275166 ],"[7.3655727e-08 1.5009376e-06 2.7917174e-04 8.6823754e-02 4.2080131e-01
 4.5314866e-01 3.8423702e-02 4.8679626e-04 3.4972574e-05]",0,White,40-59
/scratch/project_462000771/mengting/projects/bias/sana/prompt2/selected_faces/detected_disgusted/disgusted_person_0818_face0.png,White,White,Male,40-49,"[9.8718137e-01 3.7131049e-05 2.3110728e-03 4.0665074e-04 1.8739783e-03
 6.1728992e-03 2.0168480e-03]",[9.9271142e-01 3.7987629e-05 4.0798015e-03 3.1707475e-03],[0.99781233 0.00218771],"[6.1617749e-07 2.5212516e-05 4.4980100e-03 1.6454320e-01 3.6016431e-01
 4.1571930e-01 5.2874256e-02 2.0999450e-03 7.5063675e-05]",0,White,40-59
/scratch/project_462000771/mengting/projects/bias/sana/prompt2/selected_faces/detected_disgusted/disgusted_person_0819_face0.png,White,White,Male,20-29,"[8.4134930e-01 2.1716753e-04 6.8142906e-02 4.6834882e-02 3.0074587e-02
 4.1710743e-04 1.2964115e-02]",[9.7560704e-01 1.9027246e-04 2.3290996e-02 9.1160816e-04],[0.7520162  0.24798378],"[3.2237497e-07 4.6206475e-05 5.2389611e-02 7.1151888e-01 2.2057793e-01
 1.5008251e-02 4.4043985e-04 1.7806582e-05 5.4588986e-07]",0,White,20-39
/scratch/project_462000771/mengting/projects/bias/sana/prompt2/selected_faces/detected_disgusted/disgusted_person_0820_face0.png,White,White,Male,40-49,"[9.9863219e-01 1.9473555e-05 8.8555022e-04 2.8310236e-05 9.7223827e-05
 4.1870488e-05 2.9540461e-04]",[9.9953955e-01 4.7982310e-05 3.3924083e-04 7.3203810e-05],[9.9986845e-01 1.3151842e-04],"[4.1876483e-06 5.0215775e-05 2.8457032e-03 3.3935364e-02 1.6203465e-01
 4.9842408e-01 2.8747934e-01 1.4782282e-02 4.4409616e-04]",0,White,40-59
/scratch/project_462000771/mengting/projects/bias/sana/prompt2/selected_faces/detected_disgusted/disgusted_person_0821_face0.png,White,White,Female,30-39,"[0.8138506  0.00093185 0.12164412 0.00323227 0.00673269 0.00425518
 0.04935332]",[9.9579102e-01 9.6728530e-04 2.1491630e-03 1.0925203e-03],[0.19639866 0.8036014 ],"[1.55240718e-06 1.02225466e-04 2.24754456e-02 2.23680541e-01
 4.68350828e-01 2.47921646e-01 3.65833864e-02 8.63208552e-04
 2.10722046e-05]",0,White,20-39
/scratch/project_462000771/mengting/projects/bias/sana/prompt2/selected_faces/detected_disgusted/disgusted_person_0822_face0.png,White,White,Female,30-39,"[9.8628676e-01 5.1846251e-05 9.3104970e-03 7.6483318e-04 9.1684499e-04
 2.1792710e-04 2.4512871e-03]",[9.9937838e-01 5.6237454e-06 4.6046439e-04 1.5546735e-04],[0.00607946 0.9939205 ],"[1.56933322e-06 1.92220890e-04 1.28862215e-02 4.26028311e-01
 4.89816427e-01 6.91904873e-02 1.86020730e-03 2.35391362e-05
 1.00989394e-06]",0,White,20-39
/scratch/project_462000771/mengting/projects/bias/sana/prompt2/selected_faces/detected_disgusted/disgusted_person_0823_face0.png,White,White,Male,40-49,"[9.9689150e-01 1.7062073e-05 1.3722531e-03 1.4246497e-04 4.9849239e-04
 1.4964008e-04 9.2859793e-04]",[9.9919611e-01 7.5231783e-06 6.6137896e-04 1.3504109e-04],[9.9997056e-01 2.9519559e-05],"[5.6625784e-05 1.9176711e-03 1.7246477e-02 1.1151042e-01 2.8544173e-01
 4.4353014e-01 1.3281409e-01 7.1903286e-03 2.9248532e-04]",0,White,40-59
/scratch/project_462000771/mengting/projects/bias/sana/prompt2/selected_faces/detected_disgusted/disgusted_person_0824_face0.png,White,White,Male,40-49,"[9.8994422e-01 2.8473639e-04 3.5453662e-03 1.1203507e-04 1.1489046e-03
 2.7598741e-03 2.2048352e-03]",[9.9395740e-01 4.1070106e-04 1.6361688e-03 3.9956220e-03],[9.9969369e-01 3.0630876e-04],"[9.1678066e-07 2.5683654e-05 4.8779664e-03 1.3858072e-01 2.2168656e-01
 4.3666813e-01 1.7875087e-01 1.8081767e-02 1.3273240e-03]",0,White,40-59
/scratch/project_462000771/mengting/projects/bias/sana/prompt2/selected_faces/detected_disgusted/disgusted_person_0825_face0.png,White,White,Female,40-49,"[9.8791111e-01 4.4153578e-05 5.5140434e-03 1.7238111e-03 7.8338309e-04
 1.1202894e-04 3.9115050e-03]",[9.8679668e-01 3.1044893e-04 1.1870603e-02 1.0222855e-03],[0.00252933 0.9974707 ],"[2.0193997e-06 1.8649378e-05 5.8354199e-04 5.2785017e-02 3.0359319e-01
 4.9499416e-01 1.3520202e-01 1.2273454e-02 5.4793508e-04]",0,White,40-59
/scratch/project_462000771/mengting/projects/bias/sana/prompt2/selected_faces/detected_disgusted/disgusted_person_0826_face0.png,White,White,Female,30-39,"[9.71921265e-01 3.38198843e-05 2.22851690e-02 9.83499340e-04
 6.19486324e-04 1.01652324e-04 4.05510701e-03]",[9.9944663e-01 1.3424758e-05 5.1348854e-04 2.6450698e-05],[0.12194597 0.878054  ],"[1.1933117e-06 2.5785075e-05 2.2952391e-03 1.6908976e-01 5.3921658e-01
 2.6740038e-01 2.1121772e-02 8.2048570e-04 2.8833609e-05]",0,White,20-39
/scratch/project_462000771/mengting/projects/bias/sana/prompt2/selected_faces/detected_disgusted/disgusted_person_0827_face0.png,White,White,Male,40-49,"[8.52292955e-01 7.80028407e-04 1.04735084e-01 9.10260901e-03
 1.72020961e-02 3.96399526e-03 1.19234100e-02]",[0.8485755  0.00263555 0.13660496 0.01218402],[0.9440863  0.05591372],"[4.59434159e-06 3.23843633e-05 8.47805524e-04 1.47978608e-02
 1.22236304e-01 4.67324018e-01 3.65245461e-01 2.81482507e-02
 1.36327115e-03]",0,White,40-59
/scratch/project_462000771/mengting/projects/bias/sana/prompt2/selected_faces/detected_disgusted/disgusted_person_0828_face0.png,White,White,Male,40-49,"[9.9656206e-01 9.7963864e-05 1.3573638e-03 2.1035669e-04 4.2269431e-04
 2.8116861e-04 1.0685452e-03]",[9.9755424e-01 3.3451564e-05 2.2062212e-03 2.0610029e-04],[9.9974108e-01 2.5889018e-04],"[1.5361105e-05 1.2239994e-04 1.0156078e-03 3.5249457e-02 2.3893236e-01
 5.3004670e-01 1.8936543e-01 5.0883177e-03 1.6440965e-04]",1,White,40-59
/scratch/project_462000771/mengting/projects/bias/sana/prompt2/selected_faces/detected_disgusted/disgusted_person_0829_face0.png,White,White,Male,30-39,"[0.71039844 0.0016537  0.16425969 0.02616776 0.07384485 0.00517884
 0.01849676]",[0.8523436  0.00919048 0.05315366 0.08531225],[0.99825704 0.00174292],"[4.5288243e-06 3.8670294e-03 1.3493367e-01 3.4284344e-01 4.1471094e-01
 9.7137161e-02 6.2849196e-03 2.0738783e-04 1.1019500e-05]",0,White,20-39
/scratch/project_462000771/mengting/projects/bias/sana/prompt2/selected_faces/detected_disgusted/disgusted_person_0830_face0.png,White,White,Male,30-39,"[9.8461670e-01 2.5645410e-05 7.4604829e-03 1.4692742e-03 2.2670552e-03
 5.0029521e-05 4.1106786e-03]",[9.9928772e-01 1.4106893e-05 6.4492988e-04 5.3229869e-05],[0.9849041  0.01509585],"[4.1651106e-07 7.5796979e-06 2.6219264e-03 2.2658978e-01 5.4659843e-01
 2.1392184e-01 1.0097980e-02 1.5898014e-04 3.0749536e-06]",0,White,20-39
/scratch/project_462000771/mengting/projects/bias/sana/prompt2/selected_faces/detected_disgusted/disgusted_person_0831_face0.png,White,White,Male,30-39,"[9.9439770e-01 1.1224568e-04 2.7667310e-03 2.2664532e-04 9.0417254e-04
 6.2751787e-04 9.6498971e-04]",[9.9647695e-01 9.5014555e-05 1.8342225e-03 1.5938130e-03],[0.97471696 0.02528302],"[1.9461806e-06 7.3610696e-05 5.6596859e-03 2.3425372e-01 4.2374027e-01
 2.8872922e-01 4.5526292e-02 1.8754066e-03 1.3983558e-04]",0,White,20-39
/scratch/project_462000771/mengting/projects/bias/sana/prompt2/selected_faces/detected_disgusted/disgusted_person_0832_face0.png,White,White,Male,40-49,"[8.7256408e-01 2.0160851e-04 8.2245193e-02 4.4363539e-04 1.2814270e-03
 6.8224007e-03 3.6441550e-02]",[0.927875   0.00720756 0.0175058  0.04741163],[0.9360808 0.0639192],"[1.5645193e-06 7.3614287e-06 5.2475155e-04 3.9080799e-02 3.0668536e-01
 5.5053866e-01 9.8969333e-02 3.9489800e-03 2.4329966e-04]",0,White,40-59
/scratch/project_462000771/mengting/projects/bias/sana/prompt2/selected_faces/detected_disgusted/disgusted_person_0833_face0.png,White,White,Male,40-49,"[9.9790055e-01 1.9213032e-06 4.4154335e-04 1.3212043e-04 1.6106619e-04
 1.2430772e-05 1.3504103e-03]",[9.9897426e-01 5.3673932e-05 8.5823348e-04 1.1384735e-04],[0.9766529 0.0233471],"[1.4673659e-06 2.5317122e-05 2.5526069e-03 1.0687401e-01 3.2930037e-01
 4.7613603e-01 8.2831033e-02 2.1619727e-03 1.1721678e-04]",0,White,40-59
/scratch/project_462000771/mengting/projects/bias/sana/prompt2/selected_faces/detected_disgusted/disgusted_person_0834_face0.png,White,White,Male,20-29,"[9.9987638e-01 1.1524082e-07 2.3587190e-05 3.6282672e-05 2.5462228e-05
 2.7740231e-07 3.7841932e-05]",[9.9922079e-01 7.1448035e-06 7.6716696e-04 4.8849097e-06],[0.98517776 0.01482223],"[8.8182605e-07 6.0711467e-05 2.2765050e-02 4.7286394e-01 3.1365174e-01
 1.7580804e-01 1.4576177e-02 2.6441982e-04 8.9539471e-06]",1,White,20-39
/scratch/project_462000771/mengting/projects/bias/sana/prompt2/selected_faces/detected_disgusted/disgusted_person_0835_face0.png,White,White,Male,40-49,"[9.94989216e-01 3.10114810e-05 2.54674582e-03 1.13238966e-04
 4.15159971e-04 5.35336731e-04 1.36936095e-03]",[0.90247935 0.00202456 0.00616735 0.08932882],[0.99834555 0.00165446],"[9.5862936e-07 3.9371644e-05 1.3681149e-02 3.0939141e-01 2.6537409e-01
 3.1879866e-01 8.5998014e-02 6.2666191e-03 4.4982144e-04]",0,White,40-59
/scratch/project_462000771/mengting/projects/bias/sana/prompt2/selected_faces/detected_disgusted/disgusted_person_0836_face0.png,White,White,Female,40-49,"[9.9649394e-01 1.3884577e-06 2.0534587e-03 3.0910458e-05 4.3073294e-05
 4.5082936e-05 1.3321324e-03]",[9.98701811e-01 9.72138241e-06 1.18672778e-03 1.01784404e-04],[0.05562341 0.9443766 ],"[8.7809639e-07 9.5568275e-06 5.4750009e-04 1.8731121e-02 1.8363491e-01
 6.3394326e-01 1.6006574e-01 2.9971362e-03 6.9941212e-05]",0,White,40-59
/scratch/project_462000771/mengting/projects/bias/sana/prompt2/selected_faces/detected_disgusted/disgusted_person_0837_face0.png,White,White,Male,40-49,"[8.9421952e-01 8.9871020e-05 9.4460035e-03 1.3028955e-02 6.6044927e-02
 1.1062459e-02 6.1082481e-03]",[9.0061992e-01 7.1804906e-04 6.7193769e-02 3.1468239e-02],[9.9994934e-01 5.0657782e-05],"[3.2066328e-06 1.3538630e-04 9.6413940e-03 2.1229789e-01 3.5780191e-01
 3.6140355e-01 5.4966439e-02 3.6342747e-03 1.1591226e-04]",0,White,40-59
/scratch/project_462000771/mengting/projects/bias/sana/prompt2/selected_faces/detected_disgusted/disgusted_person_0838_face0.png,White,White,Female,30-39,"[9.7350127e-01 1.6139952e-06 1.7463518e-02 3.4398166e-04 3.4579565e-04
 2.6109460e-04 8.0827409e-03]",[9.9330038e-01 6.6448674e-06 6.5207849e-03 1.7223875e-04],[0.07693803 0.92306197],"[3.0802662e-06 2.2358823e-04 1.1276390e-02 4.0131503e-01 5.0368023e-01
 8.2098000e-02 1.3909281e-03 1.2312295e-05 4.0604431e-07]",0,White,20-39
/scratch/project_462000771/mengting/projects/bias/sana/prompt2/selected_faces/detected_disgusted/disgusted_person_0839_face0.png,White,White,Male,30-39,"[9.8400593e-01 2.6490521e-05 7.2238119e-03 8.3044237e-05 1.6847334e-04
 6.2257523e-04 7.8697633e-03]",[9.8283297e-01 4.8981712e-04 3.7761645e-03 1.2901030e-02],[0.67388684 0.32611316],"[3.5321216e-07 9.7346783e-06 3.1889819e-03 2.5855309e-01 5.2483052e-01
 1.9772740e-01 1.5315718e-02 3.5966194e-04 1.4647997e-05]",0,White,20-39
/scratch/project_462000771/mengting/projects/bias/sana/prompt2/selected_faces/detected_disgusted/disgusted_person_0840_face0.png,White,White,Female,40-49,"[9.9724078e-01 2.9295192e-05 1.0809638e-03 1.4605293e-04 2.9504229e-04
 4.2821557e-05 1.1650071e-03]",[9.8696309e-01 1.7136897e-04 9.6879033e-03 3.1776424e-03],[0.48347387 0.5165261 ],"[5.6779822e-07 1.2896613e-05 7.6160231e-04 3.5545316e-02 1.8161716e-01
 5.9568554e-01 1.7737634e-01 8.5739754e-03 4.2662758e-04]",0,White,40-59
/scratch/project_462000771/mengting/projects/bias/sana/prompt2/selected_faces/detected_disgusted/disgusted_person_0841_face0.png,White,White,Male,50-59,"[0.82810366 0.00400254 0.05220708 0.01828269 0.07240645 0.01705971
 0.007938  ]",[0.98305535 0.00167234 0.00543523 0.00983715],[0.9512466  0.04875338],"[1.4656101e-05 1.3560458e-04 1.6599009e-03 9.1215018e-03 4.6960045e-02
 3.2168838e-01 5.1076627e-01 1.0318233e-01 6.4712595e-03]",0,White,40-59
/scratch/project_462000771/mengting/projects/bias/sana/prompt2/selected_faces/detected_disgusted/disgusted_person_0842_face0.png,White,White,Male,20-29,"[9.9816328e-01 5.4199467e-07 2.0053551e-04 8.4204603e-06 2.7038179e-05
 1.9616578e-05 1.5805915e-03]",[9.9954498e-01 1.4895289e-06 2.4983526e-04 2.0370175e-04],[0.9975176  0.00248241],"[8.0267700e-06 1.6312080e-03 7.7080697e-02 6.5524614e-01 2.3290391e-01
 3.2744091e-02 3.8216275e-04 3.4934515e-06 2.6611639e-07]",0,White,20-39
/scratch/project_462000771/mengting/projects/bias/sana/prompt2/selected_faces/detected_disgusted/disgusted_person_0843_face0.png,White,White,Male,30-39,"[9.5420957e-01 1.1845670e-05 5.0552920e-03 4.9132825e-04 6.8044593e-04
 2.1820553e-04 3.9333373e-02]",[9.9259818e-01 2.6298093e-04 3.5170533e-03 3.6217833e-03],[0.9735363  0.02646374],"[2.0410264e-06 1.4327412e-05 9.4982598e-04 9.2995405e-02 4.2483208e-01
 3.9740154e-01 7.9506703e-02 3.8770274e-03 4.2114162e-04]",0,White,20-39
/scratch/project_462000771/mengting/projects/bias/sana/prompt2/selected_faces/detected_disgusted/disgusted_person_0844_face0.png,Latino_Hispanic,Asian,Female,40-49,"[0.22029908 0.01301638 0.3599386  0.15815522 0.1210432  0.01388104
 0.11366654]",[0.4590066  0.01217452 0.51479757 0.01402133],[0.02895381 0.9710462 ],"[8.5331112e-07 4.7200579e-06 5.1850930e-04 1.4002233e-02 1.9222365e-01
 5.1964587e-01 2.5553739e-01 1.7641535e-02 4.2524849e-04]",0,Others,40-59
/scratch/project_462000771/mengting/projects/bias/sana/prompt2/selected_faces/detected_disgusted/disgusted_person_0845_face0.png,White,White,Female,20-29,"[9.97378230e-01 9.85808038e-06 1.35047082e-03 1.19644064e-04
 1.49810367e-04 7.56397494e-05 9.16342600e-04]",[9.9972969e-01 3.2134278e-06 1.2864140e-04 1.3840655e-04],[0.15161647 0.84838355],"[4.4996420e-07 8.5296801e-05 1.1680758e-02 6.8809301e-01 2.7609456e-01
 2.3484742e-02 5.4853084e-04 1.1324009e-05 1.3784118e-06]",0,White,20-39
/scratch/project_462000771/mengting/projects/bias/sana/prompt2/selected_faces/detected_disgusted/disgusted_person_0846_face0.png,White,White,Male,30-39,"[9.8332846e-01 3.5090699e-05 8.7843686e-03 9.2169282e-04 1.7340641e-03
 1.7489758e-03 3.4473101e-03]",[9.873951e-01 9.781019e-06 1.190802e-02 6.870994e-04],[0.9972164  0.00278359],"[2.7671018e-05 6.2169100e-04 1.0169006e-02 1.2952831e-01 4.0642151e-01
 4.0539384e-01 4.7051206e-02 7.5565261e-04 3.1077419e-05]",0,White,20-39
/scratch/project_462000771/mengting/projects/bias/sana/prompt2/selected_faces/detected_disgusted/disgusted_person_0847_face0.png,White,White,Female,40-49,"[9.9799228e-01 1.2620585e-06 1.2999091e-03 7.8933925e-05 7.8765595e-05
 4.6130652e-05 5.0280447e-04]",[9.9368024e-01 3.0027057e-05 6.1585079e-03 1.3126397e-04],[0.01610091 0.9838991 ],"[3.0848281e-07 1.1233369e-05 8.4012042e-04 7.3027208e-02 4.0149906e-01
 4.8537800e-01 3.8773354e-02 4.5865978e-04 1.1998682e-05]",1,White,40-59
/scratch/project_462000771/mengting/projects/bias/sana/prompt2/selected_faces/detected_disgusted/disgusted_person_0848_face0.png,White,White,Female,40-49,"[9.3064153e-01 8.2787446e-05 1.0523776e-02 2.9477777e-03 4.1106120e-03
 3.1878584e-04 5.1374726e-02]",[8.6897284e-01 6.5586535e-04 1.2715939e-01 3.2118815e-03],[0.06278763 0.93721235],"[2.2741619e-06 3.2259552e-05 2.6664119e-03 1.1374329e-01 3.8289517e-01
 4.3478355e-01 6.2468022e-02 3.2843256e-03 1.2456614e-04]",0,White,40-59
/scratch/project_462000771/mengting/projects/bias/sana/prompt2/selected_faces/detected_disgusted/disgusted_person_0849_face0.png,White,White,Male,40-49,"[9.6221268e-01 1.9079154e-05 1.2207386e-02 2.3219285e-04 1.3035949e-03
 4.4449647e-03 1.9580143e-02]",[9.9503446e-01 1.8664572e-05 3.9186222e-03 1.0281896e-03],[0.99316496 0.00683505],"[8.7583549e-06 7.1599257e-05 2.1973976e-03 1.3497120e-02 9.5031492e-02
 5.0199556e-01 3.6289179e-01 2.2949085e-02 1.3570888e-03]",0,White,40-59
/scratch/project_462000771/mengting/projects/bias/sana/prompt2/selected_faces/detected_disgusted/disgusted_person_0850_face0.png,White,White,Male,30-39,"[9.9658477e-01 8.4702488e-06 1.2853163e-03 8.5784803e-04 5.9144152e-04
 6.9481386e-05 6.0275383e-04]",[9.7084063e-01 1.8565519e-05 2.8995479e-02 1.4526038e-04],[0.62320656 0.3767934 ],"[1.5958909e-06 6.1806633e-05 3.6654850e-03 1.6762139e-01 4.7023803e-01
 3.2707870e-01 3.0800581e-02 5.0959236e-04 2.2751205e-05]",0,White,20-39
/scratch/project_462000771/mengting/projects/bias/sana/prompt2/selected_faces/detected_disgusted/disgusted_person_0851_face0.png,White,White,Male,40-49,"[9.6324939e-01 8.5805332e-05 1.1469381e-02 1.6757542e-04 6.7942095e-04
 2.2817091e-03 2.2066668e-02]",[9.9326026e-01 1.4679758e-04 4.5815064e-03 2.0114274e-03],[9.9981642e-01 1.8352659e-04],"[2.8664829e-06 2.2151698e-05 7.4219430e-04 1.6828956e-02 1.1349500e-01
 5.2908671e-01 3.1609720e-01 2.2287488e-02 1.4374714e-03]",0,White,40-59
/scratch/project_462000771/mengting/projects/bias/sana/prompt2/selected_faces/detected_disgusted/disgusted_person_0852_face0.png,White,Indian,Female,40-49,"[0.59054005 0.00335434 0.16343369 0.01188818 0.05872753 0.02838522
 0.14367099]",[0.31397614 0.1487028  0.1686895  0.36863148],[0.01235775 0.9876422 ],"[4.6365447e-05 1.7847682e-04 1.3765165e-03 8.7761590e-03 8.4497511e-02
 4.0271604e-01 3.9129788e-01 1.0270095e-01 8.4100775e-03]",0,White,40-59
/scratch/project_462000771/mengting/projects/bias/sana/prompt2/selected_faces/detected_disgusted/disgusted_person_0853_face0.png,White,White,Female,40-49,"[8.4821182e-01 1.4987621e-04 2.3793543e-02 9.5200792e-02 1.7684344e-02
 9.6888798e-05 1.4862696e-02]",[9.4478679e-01 5.1943000e-05 5.5050667e-02 1.1063764e-04],[0.25790197 0.74209803],"[1.0372082e-05 3.1292151e-05 9.1998628e-04 2.0090420e-02 1.9293229e-01
 5.2368748e-01 2.4803422e-01 1.3989444e-02 3.0453311e-04]",0,White,40-59
/scratch/project_462000771/mengting/projects/bias/sana/prompt2/selected_faces/detected_disgusted/disgusted_person_0854_face0.png,White,White,Female,30-39,"[5.0013363e-01 1.2492962e-04 3.9065614e-01 5.8621587e-03 1.2990929e-02
 4.7839124e-02 4.2392947e-02]",[0.69254595 0.00179637 0.11917944 0.18647826],[8.720083e-04 9.991280e-01],"[8.4221210e-07 4.4226672e-05 4.7275433e-03 1.4578928e-01 5.9071767e-01
 2.4472415e-01 1.3734354e-02 2.5543311e-04 6.5459717e-06]",0,White,20-39
/scratch/project_462000771/mengting/projects/bias/sana/prompt2/selected_faces/detected_disgusted/disgusted_person_0855_face0.png,White,White,Female,30-39,"[9.9217504e-01 2.3219020e-06 3.3676089e-03 1.4348009e-03 1.3221661e-03
 2.0444015e-04 1.4935726e-03]",[9.8544294e-01 1.3268740e-06 1.4402088e-02 1.5370605e-04],[0.08640303 0.9135969 ],"[5.4665355e-07 6.2379688e-05 1.2145221e-02 4.3615702e-01 4.4887280e-01
 1.0008796e-01 2.6433014e-03 2.8739883e-05 1.9192246e-06]",1,White,20-39
/scratch/project_462000771/mengting/projects/bias/sana/prompt2/selected_faces/detected_disgusted/disgusted_person_0856_face0.png,White,White,Male,40-49,"[9.759656e-01 5.241715e-04 1.762421e-02 5.458802e-04 1.079082e-03
 4.999617e-04 3.761022e-03]",[9.9904817e-01 2.9789828e-05 8.1108243e-04 1.1083901e-04],[0.78508794 0.2149121 ],"[6.2616591e-06 7.9746351e-05 2.6705936e-03 4.6699740e-02 2.0244190e-01
 5.0462323e-01 2.3506062e-01 8.1403889e-03 2.7752880e-04]",0,White,40-59
/scratch/project_462000771/mengting/projects/bias/sana/prompt2/selected_faces/detected_disgusted/disgusted_person_0857_face0.png,White,White,Female,30-39,"[9.8639202e-01 4.4866287e-04 6.4037200e-03 6.1462808e-04 2.4742386e-03
 1.7212172e-03 1.9455513e-03]",[0.90381825 0.02881297 0.02877966 0.0385891 ],[0.13962436 0.8603756 ],"[7.7323250e-07 1.0432240e-05 1.9794740e-03 1.7982687e-01 3.8616043e-01
 3.2357833e-01 9.8862439e-02 8.7014455e-03 8.7991322e-04]",0,White,20-39
/scratch/project_462000771/mengting/projects/bias/sana/prompt2/selected_faces/detected_disgusted/disgusted_person_0858_face0.png,White,White,Male,30-39,"[7.4065214e-01 6.6317263e-04 4.6476316e-02 1.4127113e-04 7.1811746e-04
 7.4066199e-02 1.3728273e-01]",[9.4536239e-01 2.2868160e-04 2.4003100e-02 3.0405784e-02],[0.9435522  0.05644782],"[6.9264411e-06 5.0965282e-05 2.6450083e-03 1.0906108e-01 4.2400542e-01
 3.8119969e-01 7.8759722e-02 4.0450334e-03 2.2617477e-04]",0,White,20-39
/scratch/project_462000771/mengting/projects/bias/sana/prompt2/selected_faces/detected_disgusted/disgusted_person_0859_face0.png,White,White,Male,40-49,"[9.99219954e-01 1.40273892e-06 1.37557552e-04 5.45582316e-06
 1.27218955e-05 2.73627920e-05 5.95418271e-04]",[9.9782979e-01 6.4836662e-05 6.6136598e-04 1.4439822e-03],[0.994504   0.00549597],"[7.5085421e-07 8.5426809e-06 1.1923994e-03 6.6157006e-02 1.7308009e-01
 5.3918409e-01 2.0826396e-01 1.1104849e-02 1.0082802e-03]",0,White,40-59
/scratch/project_462001220/mengting/projects_771/bias/sana/prompt2/complete_selected_faces/detected_disgusted/0860_face0.png,White,White,Female,50-59,"[0.7290888  0.01139606 0.17202677 0.00355119 0.0027453  0.0033604
 0.0778315 ]",[0.95987916 0.00756097 0.02104227 0.01151762],[0.02789457 0.9721054 ],"[5.6614813e-06 3.3316919e-05 2.7647210e-04 5.6808614e-03 5.6485523e-02
 3.2758754e-01 5.1689976e-01 8.6639896e-02 6.3909199e-03]",0,White,40-59
/scratch/project_462000771/mengting/projects/bias/sana/prompt2/selected_faces/detected_disgusted/disgusted_person_0861_face0.png,White,White,Male,30-39,"[9.9759316e-01 1.1777223e-05 1.2092666e-03 4.8691532e-04 3.4383399e-04
 3.1565149e-05 3.2342173e-04]",[9.9608803e-01 1.6971479e-05 3.8642397e-03 3.0702304e-05],[0.59049207 0.40950802],"[4.8818922e-05 1.6717929e-03 2.1654073e-02 1.8232915e-01 4.7323290e-01
 2.9294145e-01 2.7693894e-02 4.1702812e-04 1.0948913e-05]",0,White,20-39
/scratch/project_462000771/mengting/projects/bias/sana/prompt2/selected_faces/detected_disgusted/disgusted_person_0862_face0.png,White,White,Female,30-39,"[9.8901021e-01 9.5033556e-06 9.3300287e-03 2.8679799e-04 2.6638314e-04
 5.0214981e-04 5.9501873e-04]",[9.98453081e-01 6.68700977e-07 1.53609063e-03 1.01520955e-05],[0.06027996 0.93972003],"[2.05233377e-07 1.67187991e-05 5.02550602e-03 3.69990230e-01
 4.98800278e-01 1.24156706e-01 1.98926497e-03 2.03885375e-05
 7.27231225e-07]",0,White,20-39
/scratch/project_462000771/mengting/projects/bias/sana/prompt2/selected_faces/detected_disgusted/disgusted_person_0863_face0.png,White,White,Male,50-59,"[9.9648356e-01 2.9201092e-06 5.6342129e-04 2.4130613e-06 9.8147702e-06
 3.2287626e-05 2.9055034e-03]",[9.9055219e-01 1.1725051e-04 9.3210535e-04 8.3984351e-03],[0.9989205  0.00107955],"[2.3534658e-06 3.0372908e-05 2.4778845e-03 1.9645227e-02 6.9966666e-02
 4.3450269e-01 4.4404450e-01 2.7702622e-02 1.6277150e-03]",0,White,40-59
/scratch/project_462000771/mengting/projects/bias/sana/prompt2/selected_faces/detected_disgusted/disgusted_person_0864_face0.png,White,White,Female,20-29,"[9.9386066e-01 3.2449054e-05 3.2884849e-03 1.7573196e-04 6.4137421e-05
 4.2322576e-05 2.5361192e-03]",[9.9883938e-01 1.9338179e-06 1.1379740e-03 2.0695057e-05],[0.01146508 0.98853487],"[1.7210255e-06 6.1689265e-04 5.3797711e-02 6.0775685e-01 3.2076210e-01
 1.6901260e-02 1.6023254e-04 2.9955111e-06 2.1560747e-07]",0,White,20-39
/scratch/project_462000771/mengting/projects/bias/sana/prompt2/selected_faces/detected_disgusted/disgusted_person_0865_face0.png,White,White,Male,20-29,"[9.9808317e-01 4.3815776e-06 6.1311264e-04 2.4490570e-05 5.8675614e-05
 1.2175030e-04 1.0944309e-03]",[9.9975181e-01 1.4801036e-06 1.0844061e-04 1.3825149e-04],[9.9973726e-01 2.6272080e-04],"[8.3286847e-07 4.3733453e-05 8.1352955e-03 5.1608253e-01 3.8897064e-01
 8.2440026e-02 4.1478663e-03 1.6749653e-04 1.1525719e-05]",0,White,20-39
/scratch/project_462000771/mengting/projects/bias/sana/prompt2/selected_faces/detected_disgusted/disgusted_person_0866_face0.png,White,White,Male,30-39,"[8.8939875e-01 5.8659224e-04 8.0056712e-02 4.1045086e-04 1.3461392e-03
 1.1323434e-02 1.6877946e-02]",[8.3916336e-01 5.6244107e-04 1.0087870e-01 5.9395447e-02],[0.954627   0.04537306],"[5.1844986e-06 2.5837589e-04 2.2470871e-02 3.8308600e-01 4.6037787e-01
 1.2394961e-01 9.6087214e-03 2.3231268e-04 1.0990760e-05]",0,White,20-39
/scratch/project_462000771/mengting/projects/bias/sana/prompt2/selected_faces/detected_disgusted/disgusted_person_0867_face0.png,White,White,Male,40-49,"[9.07623291e-01 1.44630585e-05 9.05971322e-03 1.68465936e-04
 4.09562374e-04 2.33358564e-03 8.03908855e-02]",[9.9535745e-01 5.2698266e-05 2.6109354e-03 1.9789431e-03],[9.9974459e-01 2.5537587e-04],"[2.6076938e-05 2.8280402e-04 6.8996074e-03 3.7251092e-02 1.8049198e-01
 5.5255026e-01 2.1337542e-01 8.8525657e-03 2.7024874e-04]",0,White,40-59
/scratch/project_462000771/mengting/projects/bias/sana/prompt2/selected_faces/detected_disgusted/disgusted_person_0868_face0.png,White,White,Female,30-39,"[0.6157013  0.00688103 0.26219666 0.03303004 0.0317148  0.01784069
 0.03263542]",[9.7598630e-01 6.1045977e-04 1.4459484e-02 8.9437505e-03],[0.06411796 0.93588203],"[2.30888090e-05 2.92647950e-04 4.09570336e-03 1.01429574e-01
 4.28533077e-01 3.99068087e-01 6.20326512e-02 4.25332552e-03
 2.71855417e-04]",0,White,20-39
/scratch/project_462000771/mengting/projects/bias/sana/prompt2/selected_faces/detected_disgusted/disgusted_person_0869_face0.png,White,White,Male,50-59,"[9.3455768e-01 2.9004665e-04 2.0101540e-02 8.6245425e-03 1.2455871e-02
 9.3830517e-03 1.4587286e-02]",[0.7772344  0.00100762 0.21793059 0.00382738],[0.98677135 0.01322868],"[0.00086456 0.0043995  0.01371286 0.03970054 0.0857565  0.29484984
 0.4032051  0.14325573 0.01425537]",0,White,40-59
/scratch/project_462000771/mengting/projects/bias/sana/prompt2/selected_faces/detected_disgusted/disgusted_person_0870_face0.png,White,White,Male,40-49,"[9.98319328e-01 6.38700340e-06 8.36811261e-04 1.03480685e-04
 2.50386394e-04 9.79566321e-05 3.85828636e-04]",[9.9959040e-01 5.1103480e-06 2.9816158e-04 1.0626398e-04],[0.98294526 0.01705473],"[4.2868296e-06 3.2712625e-05 1.3488401e-03 4.9103957e-02 2.1503900e-01
 5.0111914e-01 2.2249186e-01 1.0089051e-02 7.7114679e-04]",0,White,40-59
/scratch/project_462000771/mengting/projects/bias/sana/prompt2/selected_faces/detected_disgusted/disgusted_person_0871_face0.png,White,White,Male,50-59,"[9.9501377e-01 1.1148326e-04 2.4589871e-03 1.8458268e-05 5.6457338e-05
 5.5997669e-05 2.2849073e-03]",[9.9969345e-01 1.7919559e-05 2.6361115e-04 2.5108213e-05],[0.9910172  0.00898276],"[3.1391637e-06 6.7063479e-06 4.6345146e-04 8.7131876e-03 2.4551280e-02
 1.5591125e-01 6.1663908e-01 1.8288249e-01 1.0829372e-02]",0,White,40-59
/scratch/project_462000771/mengting/projects/bias/sana/prompt2/selected_faces/detected_disgusted/disgusted_person_0872_face0.png,White,White,Female,40-49,"[9.2822701e-01 1.1683192e-05 3.1055704e-02 1.2392707e-02 1.3483432e-02
 4.8276709e-04 1.4346694e-02]",[8.0754244e-01 6.0031237e-04 1.8850747e-01 3.3497373e-03],[0.15283637 0.8471636 ],"[6.45875389e-06 6.08726550e-05 5.76667674e-03 1.05906978e-01
 3.45688492e-01 4.52147156e-01 8.61095414e-02 4.21142578e-03
 1.02486105e-04]",0,White,40-59
/scratch/project_462000771/mengting/projects/bias/sana/prompt2/selected_faces/detected_disgusted/disgusted_person_0873_face0.png,White,White,Female,40-49,"[8.2060379e-01 2.1894413e-04 3.6242403e-02 7.6460192e-04 1.0447182e-03
 2.7428841e-04 1.4085126e-01]",[0.85225224 0.09942156 0.02722589 0.02110031],[0.36114097 0.6388591 ],"[3.2770661e-06 9.7525390e-06 2.0066407e-04 1.0333766e-02 1.7643462e-01
 6.6055977e-01 1.4716622e-01 5.1809954e-03 1.1095322e-04]",0,White,40-59
/scratch/project_462000771/mengting/projects/bias/sana/prompt2/selected_faces/detected_disgusted/disgusted_person_0874_face0.png,White,White,Male,40-49,"[9.9763250e-01 7.8716075e-06 7.1725552e-04 2.1599930e-05 9.1021408e-05
 2.0661351e-04 1.3231862e-03]",[9.8095620e-01 9.6465868e-05 1.5829272e-03 1.7364340e-02],[9.9989426e-01 1.0572202e-04],"[6.6994594e-06 4.9553526e-04 3.2095790e-02 2.3635454e-01 2.8685686e-01
 3.8257122e-01 5.9453722e-02 2.1104803e-03 5.5133609e-05]",0,White,40-59
/scratch/project_462000771/mengting/projects/bias/sana/prompt2/selected_faces/detected_disgusted/disgusted_person_0875_face0.png,White,White,Female,50-59,"[9.2762297e-01 5.5056997e-04 4.1103540e-03 4.2179492e-04 8.6133735e-04
 1.5597530e-03 6.4873233e-02]",[9.8992664e-01 2.3566173e-04 7.6586762e-03 2.1790457e-03],[0.14515987 0.8548401 ],"[5.1301367e-06 2.0848029e-05 2.0916380e-04 1.0869691e-02 7.6639533e-02
 4.0924099e-01 4.3630791e-01 5.9164520e-02 7.5422442e-03]",0,White,40-59
/scratch/project_462000771/mengting/projects/bias/sana/prompt2/selected_faces/detected_disgusted/disgusted_person_0876_face0.png,Latino_Hispanic,White,Female,40-49,"[0.18334755 0.01011633 0.49027714 0.0023827  0.0271693  0.23086973
 0.05583727]",[0.72403365 0.06556825 0.10517627 0.10522184],[0.19487603 0.8051239 ],"[3.6925270e-05 3.8785863e-04 9.1230385e-03 2.4379719e-02 1.3403319e-01
 3.9683819e-01 3.5445142e-01 7.6178454e-02 4.5712404e-03]",0,Others,40-59
/scratch/project_462000771/mengting/projects/bias/sana/prompt2/selected_faces/detected_disgusted/disgusted_person_0877_face0.png,White,White,Female,40-49,"[9.7931308e-01 1.6935433e-05 5.4846420e-03 1.4987055e-04 1.4395654e-04
 1.6453753e-04 1.4726987e-02]",[9.9923271e-01 2.2684093e-05 6.9635967e-04 4.8237041e-05],[0.103915 0.896085],"[1.11778763e-06 2.49888908e-05 1.52042846e-03 4.84539010e-02
 3.04241598e-01 5.58913171e-01 8.45623463e-02 2.16511684e-03
 1.17371885e-04]",0,White,40-59
/scratch/project_462000771/mengting/projects/bias/sana/prompt2/selected_faces/detected_disgusted/disgusted_person_0878_face0.png,White,White,Female,30-39,"[9.8609143e-01 7.9729018e-04 1.0407671e-02 3.8124912e-04 6.7187269e-04
 7.3099550e-04 9.1945764e-04]",[9.9520397e-01 2.7567297e-03 9.3613024e-04 1.1032199e-03],[0.00893608 0.99106395],"[4.1526032e-06 3.8692995e-04 1.0118945e-02 1.5090781e-01 4.3507513e-01
 3.5288751e-01 4.7309615e-02 2.9715791e-03 3.3836160e-04]",1,White,20-39
/scratch/project_462000771/mengting/projects/bias/sana/prompt2/selected_faces/detected_disgusted/disgusted_person_0879_face0.png,White,White,Male,20-29,"[9.9941176e-01 3.7535344e-07 3.2626055e-04 2.2968419e-05 3.6406593e-05
 1.3979491e-05 1.8824871e-04]",[9.9976915e-01 3.6236368e-06 9.2047274e-05 1.3525102e-04],[9.9962920e-01 3.7084738e-04],"[4.2614278e-07 2.1873637e-05 8.1316214e-03 3.8496011e-01 3.8050258e-01
 2.0653154e-01 1.9432822e-02 4.0182387e-04 1.7164468e-05]",0,White,20-39
/scratch/project_462000771/mengting/projects/bias/sana/prompt2/selected_faces/detected_disgusted/disgusted_person_0880_face0.png,White,White,Male,30-39,"[9.9886578e-01 3.3712363e-06 4.8032124e-04 8.4177642e-05 3.1575366e-04
 9.9132703e-05 1.5133349e-04]",[9.9978691e-01 4.8877528e-06 1.5027252e-04 5.7892372e-05],[9.9990368e-01 9.6301446e-05],"[4.9526631e-07 5.5284683e-05 7.2642444e-03 2.5745887e-01 4.8818809e-01
 2.3224191e-01 1.4569564e-02 2.1356590e-04 7.9396168e-06]",0,White,20-39
/scratch/project_462000771/mengting/projects/bias/sana/prompt2/selected_faces/detected_disgusted/disgusted_person_0881_face0.png,White,White,Female,30-39,"[0.7010448  0.00225398 0.09903967 0.00164502 0.00152058 0.00827594
 0.18622002]",[9.7386563e-01 7.9178659e-04 6.4591384e-03 1.8883344e-02],[0.00631859 0.9936814 ],"[1.66420175e-08 1.45930164e-06 1.72448787e-03 2.79520959e-01
 6.09359324e-01 1.06796205e-01 2.56321067e-03 3.34509932e-05
 8.77578543e-07]",1,White,20-39
/scratch/project_462000771/mengting/projects/bias/sana/prompt2/selected_faces/detected_disgusted/disgusted_person_0882_face0.png,White,White,Female,20-29,"[6.3786048e-01 1.6091645e-04 2.6972506e-02 1.4469948e-01 1.7755423e-01
 1.4827019e-03 1.1269640e-02]",[7.4240112e-01 1.5590638e-04 2.5645089e-01 9.9212723e-04],[0.17589188 0.8241081 ],"[1.6283002e-05 2.2366424e-03 8.7164365e-02 4.0760353e-01 3.6959934e-01
 1.2217965e-01 1.0597991e-02 5.8034010e-04 2.1868234e-05]",0,White,20-39
/scratch/project_462000771/mengting/projects/bias/sana/prompt2/selected_faces/detected_disgusted/disgusted_person_0883_face0.png,White,White,Male,40-49,"[9.8718053e-01 5.7042533e-05 3.4206519e-03 7.0067166e-05 4.1397935e-04
 2.2531410e-03 6.6046207e-03]",[9.9842864e-01 2.3862975e-05 8.9653680e-04 6.5093156e-04],[0.8220773  0.17792277],"[1.03200807e-06 1.17266645e-05 1.28068123e-03 4.43821400e-02
 2.87250370e-01 5.35932362e-01 1.24103688e-01 6.51960960e-03
 5.18496905e-04]",0,White,40-59
/scratch/project_462000771/mengting/projects/bias/sana/prompt2/selected_faces/detected_disgusted/disgusted_person_0884_face0.png,White,White,Female,40-49,"[9.5927441e-01 6.5060602e-05 1.0219616e-02 1.0300775e-04 1.7525481e-04
 1.6529935e-03 2.8509710e-02]",[0.9655616  0.00298158 0.02467767 0.00677916],[0.01468836 0.9853117 ],"[7.0869614e-06 6.4064225e-05 1.6189660e-03 8.5743666e-02 2.9554114e-01
 4.7343341e-01 1.3435340e-01 8.7248674e-03 5.1337667e-04]",0,White,40-59
/scratch/project_462000771/mengting/projects/bias/sana/prompt2/selected_faces/detected_disgusted/disgusted_person_0885_face0.png,White,White,Male,50-59,"[9.9406463e-01 1.8341520e-05 2.3152577e-03 2.5748156e-04 3.9521849e-04
 1.3943187e-04 2.8095625e-03]",[9.9936515e-01 9.9019790e-06 4.4803071e-04 1.7689771e-04],[9.999409e-01 5.913356e-05],"[2.8736846e-05 2.1088979e-04 5.5414867e-03 3.9474383e-02 9.4600692e-02
 3.4778118e-01 4.5272917e-01 5.7051435e-02 2.5820534e-03]",1,White,40-59
/scratch/project_462000771/mengting/projects/bias/sana/prompt2/selected_faces/detected_disgusted/disgusted_person_0886_face0.png,White,White,Male,40-49,"[9.8970628e-01 7.0483011e-06 1.1662755e-03 7.9212728e-04 7.3294254e-04
 1.3881113e-04 7.4564866e-03]",[9.6419072e-01 1.6113257e-04 1.9067308e-02 1.6580878e-02],[0.7675681  0.23243184],"[1.9801444e-06 3.4631212e-05 4.5890515e-03 1.1777381e-01 3.6818773e-01
 4.2437679e-01 8.1353366e-02 3.5185958e-03 1.6409135e-04]",1,White,40-59
/scratch/project_462000771/mengting/projects/bias/sana/prompt2/selected_faces/detected_disgusted/disgusted_person_0887_face0.png,White,White,Female,30-39,"[9.6755904e-01 1.0477922e-04 9.5879408e-03 2.4798748e-03 2.8129946e-03
 1.0636064e-03 1.6391883e-02]",[8.74212801e-01 4.08632593e-04 1.22016914e-01 3.36166029e-03],[0.00593477 0.9940652 ],"[9.4002971e-06 9.4648865e-05 2.8131325e-03 1.8960735e-01 5.3705078e-01
 2.4394001e-01 2.5066735e-02 1.3214728e-03 9.6487536e-05]",0,White,20-39
/scratch/project_462000771/mengting/projects/bias/sana/prompt2/selected_faces/detected_disgusted/disgusted_person_0888_face0.png,White,White,Female,40-49,"[7.4712551e-01 1.7978158e-04 3.2402474e-02 1.0846074e-03 1.2075154e-03
 4.3581272e-03 2.1364203e-01]",[0.9175118  0.00384826 0.04983917 0.02880068],[0.02799866 0.9720013 ],"[2.5186944e-06 7.5458165e-06 5.1319582e-04 2.2205759e-02 1.8105486e-01
 5.3295815e-01 2.3897940e-01 2.2871664e-02 1.4069179e-03]",0,White,40-59
/scratch/project_462000771/mengting/projects/bias/sana/prompt2/selected_faces/detected_disgusted/disgusted_person_0889_face0.png,White,White,Male,40-49,"[9.8531139e-01 1.0672898e-05 4.2652162e-03 1.3599791e-04 3.0662704e-04
 5.7411153e-04 9.3959020e-03]",[9.8731226e-01 2.4604701e-04 2.8602588e-03 9.5814774e-03],[0.98667437 0.01332562],"[2.1631990e-06 5.6350666e-05 4.8066750e-03 1.0392572e-01 3.1776014e-01
 4.8331606e-01 8.6244151e-02 3.6785223e-03 2.1012785e-04]",0,White,40-59
/scratch/project_462000771/mengting/projects/bias/sana/prompt2/selected_faces/detected_disgusted/disgusted_person_0890_face0.png,White,Asian,Male,50-59,"[0.6491014  0.00977735 0.07685273 0.00425342 0.05766531 0.18671079
 0.01563901]",[0.04796824 0.0516475  0.83952653 0.06085772],[9.9943244e-01 5.6757557e-04],"[8.3659170e-06 7.7011740e-05 1.1205099e-03 2.9414864e-03 1.8412290e-02
 1.9672741e-01 5.3479135e-01 2.2178946e-01 2.4132082e-02]",0,White,40-59
/scratch/project_462000771/mengting/projects/bias/sana/prompt2/selected_faces/detected_disgusted/disgusted_person_0891_face0.png,White,White,Female,30-39,"[0.576458   0.00172149 0.03776641 0.00532895 0.0077339  0.00323447
 0.36775675]",[0.98277724 0.00126031 0.01323901 0.00272346],[0.37892723 0.62107277],"[5.90502867e-04 4.05870285e-03 1.85843874e-02 2.17290118e-01
 4.88056034e-01 2.56348431e-01 1.40162613e-02 9.41585633e-04
 1.13940405e-04]",0,White,20-39
/scratch/project_462000771/mengting/projects/bias/sana/prompt2/selected_faces/detected_disgusted/disgusted_person_0892_face0.png,White,White,Female,30-39,"[7.5596511e-01 1.0143192e-04 2.0501341e-01 5.1631760e-03 1.2028415e-02
 4.1998192e-03 1.7528698e-02]",[8.3240008e-01 2.7853658e-04 1.6029820e-01 7.0231608e-03],[0.00267003 0.99732995],"[9.4707069e-08 8.1729731e-06 4.0466995e-03 2.2813299e-01 6.8811959e-01
 7.8626595e-02 1.0571416e-03 8.6102391e-06 1.0788288e-07]",1,White,20-39
/scratch/project_462000771/mengting/projects/bias/sana/prompt2/selected_faces/detected_disgusted/disgusted_person_0893_face0.png,Latino_Hispanic,White,Female,30-39,"[0.2744008  0.00153765 0.4429037  0.12466495 0.11131505 0.01330175
 0.03187617]",[6.0299593e-01 2.9696617e-04 3.9530259e-01 1.4045839e-03],[4.7973241e-04 9.9952024e-01],"[1.5404875e-06 8.1462036e-05 3.8579768e-03 8.6194441e-02 4.6154103e-01
 4.0275240e-01 4.2992298e-02 2.5154145e-03 6.3451553e-05]",0,Others,20-39
/scratch/project_462000771/mengting/projects/bias/sana/prompt2/selected_faces/detected_disgusted/disgusted_person_0894_face0.png,White,White,Female,30-39,"[0.5200899  0.01943878 0.3292546  0.01809341 0.04326767 0.02069873
 0.04915692]",[0.73280096 0.01219759 0.19565932 0.0593421 ],[0.00159787 0.9984021 ],"[6.0324460e-06 5.7134515e-05 2.2390943e-03 1.2776081e-01 5.6782675e-01
 2.7437454e-01 2.6606726e-02 1.1049015e-03 2.3984190e-05]",1,White,20-39
/scratch/project_462000771/mengting/projects/bias/sana/prompt2/selected_faces/detected_disgusted/disgusted_person_0895_face0.png,White,White,Male,40-49,"[9.9924666e-01 6.3022694e-06 2.9488420e-04 6.6514926e-06 2.3762914e-05
 8.3418388e-05 3.3833424e-04]",[9.9953353e-01 1.0511091e-05 1.0445113e-04 3.5147372e-04],[9.9947107e-01 5.2890921e-04],"[1.4044658e-06 2.6165049e-05 9.6971693e-04 4.3180019e-02 2.8074014e-01
 5.5406952e-01 1.1797937e-01 2.9104743e-03 1.2315584e-04]",0,White,40-59
/scratch/project_462000771/mengting/projects/bias/sana/prompt2/selected_faces/detected_disgusted/disgusted_person_0896_face0.png,White,White,Female,30-39,"[9.9690038e-01 4.1045905e-06 6.6388969e-04 1.0773332e-03 1.0781779e-03
 1.7108057e-05 2.5892290e-04]",[9.9982709e-01 4.3943796e-06 1.5149498e-04 1.6956055e-05],[0.08697516 0.91302484],"[5.4944762e-06 3.4582036e-04 1.0268015e-02 1.8329421e-01 3.9258021e-01
 3.4536597e-01 6.5812446e-02 2.0907584e-03 2.3702775e-04]",0,White,20-39
/scratch/project_462000771/mengting/projects/bias/sana/prompt2/selected_faces/detected_disgusted/disgusted_person_0897_face0.png,White,White,Female,30-39,"[9.7324586e-01 1.6113200e-04 7.7195526e-03 9.6502304e-03 7.0691509e-03
 7.2300510e-04 1.4311573e-03]",[6.6667682e-01 8.5955730e-04 3.3217394e-01 2.8982110e-04],[0.0919501 0.9080499],"[8.5245154e-07 7.3357354e-05 8.4489025e-03 3.3545941e-01 5.3284508e-01
 1.2056608e-01 2.5620891e-03 4.1824336e-05 2.3936452e-06]",1,White,20-39
/scratch/project_462000771/mengting/projects/bias/sana/prompt2/selected_faces/detected_disgusted/disgusted_person_0898_face0.png,White,White,Male,40-49,"[9.9364644e-01 1.9300160e-06 2.8666859e-03 3.3290035e-04 1.2126480e-03
 1.5055055e-04 1.7887708e-03]",[9.9187964e-01 8.1548924e-06 6.9835181e-03 1.1285977e-03],[0.9986423  0.00135769],"[2.6235593e-05 1.8105434e-03 3.6989786e-02 9.8867625e-02 3.3763933e-01
 4.7566956e-01 4.7943182e-02 1.0247370e-03 2.8945758e-05]",0,White,40-59
/scratch/project_462000771/mengting/projects/bias/sana/prompt2/selected_faces/detected_disgusted/disgusted_person_0899_face0.png,White,White,Female,20-29,"[0.49604166 0.01253083 0.1328881  0.16201982 0.17069411 0.0037538
 0.0220716 ]",[0.6382856  0.03928389 0.31005326 0.01237731],[0.12837544 0.8716246 ],"[2.8306731e-05 2.4077727e-03 8.6337872e-02 4.2987108e-01 4.2772621e-01
 5.1236823e-02 2.3150814e-03 7.2048984e-05 4.7608532e-06]",1,White,20-39
/scratch/project_462000771/mengting/projects/bias/sana/prompt2/selected_faces/detected_disgusted/disgusted_person_0900_face0.png,White,White,Male,50-59,"[9.7085410e-01 3.3457298e-05 4.0024426e-03 1.6053350e-03 1.7236018e-03
 2.8004759e-04 2.1500997e-02]",[9.3472999e-01 3.2047107e-04 6.4416423e-02 5.3310086e-04],[0.7431887  0.25681132],"[7.0834751e-05 4.2004639e-04 4.5641870e-03 1.4533708e-02 5.9045434e-02
 3.1614369e-01 4.8982459e-01 1.0537195e-01 1.0025539e-02]",0,White,40-59
/scratch/project_462000771/mengting/projects/bias/sana/prompt2/selected_faces/detected_disgusted/disgusted_person_0901_face0.png,White,White,Male,40-49,"[0.7318937  0.00194205 0.1524139  0.00194036 0.01426772 0.01347294
 0.08406936]",[0.80771625 0.00212941 0.15120415 0.03895023],[9.9999255e-01 7.4790364e-06],"[2.0358606e-05 3.2273142e-04 5.5634584e-03 1.8936882e-02 1.7473622e-01
 5.4873633e-01 2.4022530e-01 1.1303412e-02 1.5536491e-04]",1,White,40-59
/scratch/project_462000771/mengting/projects/bias/sana/prompt2/selected_faces/detected_disgusted/disgusted_person_0902_face0.png,White,White,Female,50-59,"[9.8179436e-01 1.4119298e-04 1.1824064e-02 1.2261857e-04 3.7492739e-04
 5.7014218e-04 5.1726443e-03]",[9.9727130e-01 5.5132981e-04 9.8487746e-04 1.1925272e-03],[0.00947647 0.9905235 ],"[1.3191698e-05 5.1869585e-05 2.0602733e-04 1.3433472e-03 2.6550468e-02
 3.1920168e-01 5.8158439e-01 6.7628056e-02 3.4209099e-03]",0,White,40-59
/scratch/project_462000771/mengting/projects/bias/sana/prompt2/selected_faces/detected_disgusted/disgusted_person_0903_face0.png,White,White,Male,40-49,"[9.5789528e-01 2.9192746e-04 1.7597428e-02 5.6275022e-03 7.4712168e-03
 1.0843154e-03 1.0032370e-02]",[0.9782609  0.00143064 0.0173912  0.00291732],[0.7912493  0.20875068],"[7.5944999e-06 1.9902536e-05 4.4145138e-04 3.1304620e-02 2.4972664e-01
 4.9585941e-01 2.1232365e-01 1.0004135e-02 3.1263442e-04]",0,White,40-59
/scratch/project_462000771/mengting/projects/bias/sana/prompt2/selected_faces/detected_disgusted/disgusted_person_0904_face0.png,White,White,Female,30-39,"[8.4909832e-01 2.1278621e-04 9.8903574e-02 2.7209639e-03 2.0078903e-03
 2.1782534e-03 4.4878174e-02]",[9.2409545e-01 3.0216482e-04 6.9526099e-02 6.0763033e-03],[1.4861868e-04 9.9985141e-01],"[8.4077402e-07 2.9289127e-05 1.7365119e-03 1.1871702e-01 4.7324684e-01
 3.7620351e-01 2.9465303e-02 5.9144793e-04 9.1690672e-06]",0,White,20-39
/scratch/project_462000771/mengting/projects/bias/sana/prompt2/selected_faces/detected_disgusted/disgusted_person_0905_face0.png,White,White,Female,20-29,"[9.9222511e-01 4.5817669e-05 4.7470322e-03 2.8956952e-04 3.9289996e-04
 1.6262905e-04 2.1368873e-03]",[9.9973530e-01 1.2834487e-05 1.4114000e-04 1.1069049e-04],[0.21488898 0.785111  ],"[5.5817845e-06 3.4281093e-04 2.0085158e-02 5.4917890e-01 3.7646675e-01
 5.2130006e-02 1.7390873e-03 4.7903504e-05 3.8968215e-06]",0,White,20-39
/scratch/project_462000771/mengting/projects/bias/sana/prompt2/selected_faces/detected_disgusted/disgusted_person_0906_face0.png,Latino_Hispanic,Asian,Female,30-39,"[0.23938942 0.00087472 0.37049633 0.09965835 0.2558529  0.02156168
 0.01216656]",[0.23581398 0.02143007 0.69147956 0.05127643],[0.30271694 0.6972831 ],"[7.2353691e-07 1.6510310e-05 4.0157903e-03 1.2007913e-01 5.4021072e-01
 3.0551073e-01 2.9588468e-02 5.6724058e-04 1.0633367e-05]",0,Others,20-39
/scratch/project_462000771/mengting/projects/bias/sana/prompt2/selected_faces/detected_disgusted/disgusted_person_0907_face0.png,White,White,Female,30-39,"[9.5146686e-01 5.3091735e-05 1.1741034e-02 1.0149499e-03 1.1155246e-03
 9.6988917e-04 3.3638552e-02]",[9.9910653e-01 7.5814855e-06 4.8171819e-04 4.0409985e-04],[0.1895778 0.8104222],"[1.9229192e-06 1.8498944e-05 2.4226964e-03 1.8599711e-01 3.9870059e-01
 3.2077345e-01 8.6492158e-02 5.3768316e-03 2.1672541e-04]",0,White,20-39
/scratch/project_462000771/mengting/projects/bias/sana/prompt2/selected_faces/detected_disgusted/disgusted_person_0908_face0.png,White,White,Female,40-49,"[8.6384106e-01 4.8823495e-06 4.1517308e-03 1.6354666e-04 4.3067677e-04
 3.9492318e-04 1.3101329e-01]",[8.6518335e-01 1.8878563e-05 1.3333407e-01 1.4636441e-03],[0.00364819 0.9963518 ],"[5.3123158e-06 3.9109815e-05 2.0368742e-03 9.1159776e-02 3.5664320e-01
 4.7248861e-01 7.4326165e-02 3.1448514e-03 1.5603540e-04]",0,White,40-59
/scratch/project_462000771/mengting/projects/bias/sana/prompt2/selected_faces/detected_disgusted/disgusted_person_0909_face0.png,White,White,Female,40-49,"[9.9159193e-01 5.6868383e-05 4.4493261e-03 4.7709554e-04 5.1932863e-04
 7.5143296e-05 2.8302795e-03]",[9.9914122e-01 5.3914515e-05 4.6412367e-04 3.4080792e-04],[0.12895845 0.87104154],"[1.9867698e-06 3.8267932e-05 9.9121139e-04 4.4498101e-02 2.7205789e-01
 5.2605712e-01 1.4925031e-01 6.9206883e-03 1.8439471e-04]",0,White,40-59
/scratch/project_462000771/mengting/projects/bias/sana/prompt2/selected_faces/detected_disgusted/disgusted_person_0910_face0.png,White,White,Male,40-49,"[9.9638051e-01 1.2009039e-05 2.2569837e-03 1.8995169e-04 2.5584575e-04
 8.4065854e-05 8.2066644e-04]",[9.9991697e-01 9.1429911e-07 3.8610116e-05 4.3431824e-05],[0.7865312  0.21346879],"[1.5218330e-06 7.8846288e-06 4.4475353e-04 2.8959280e-02 2.5551829e-01
 5.8563507e-01 1.2565814e-01 3.6573182e-03 1.1774712e-04]",0,White,40-59
/scratch/project_462000771/mengting/projects/bias/sana/prompt2/selected_faces/detected_disgusted/disgusted_person_0911_face0.png,White,White,Female,20-29,"[9.97681141e-01 3.61416369e-06 8.91718955e-04 8.38127598e-05
 1.05853076e-04 2.63165439e-05 1.20783912e-03]",[9.9979872e-01 1.2707076e-06 1.9361122e-04 6.3397715e-06],[0.48707283 0.5129271 ],"[2.5407451e-06 3.7270697e-04 2.9600246e-02 5.3429288e-01 3.8512725e-01
 4.9205523e-02 1.3723990e-03 2.4950281e-05 1.4962674e-06]",0,White,20-39
/scratch/project_462000771/mengting/projects/bias/sana/prompt2/selected_faces/detected_disgusted/disgusted_person_0912_face0.png,White,White,Male,40-49,"[0.79931784 0.00911596 0.11693814 0.03651305 0.02848793 0.00150698
 0.00812016]",[9.0034157e-01 6.7717512e-03 9.2141993e-02 7.4465363e-04],[0.87253207 0.12746789],"[2.0076195e-05 8.6457301e-05 1.5811834e-03 9.8459214e-02 3.9737040e-01
 3.9937568e-01 9.4866872e-02 7.8189764e-03 4.2114872e-04]",0,White,40-59
/scratch/project_462000771/mengting/projects/bias/sana/prompt2/selected_faces/detected_disgusted/disgusted_person_0913_face0.png,White,White,Male,30-39,"[9.3714637e-01 1.0863834e-04 2.3301193e-03 3.1061674e-04 9.9189067e-04
 4.7514727e-04 5.8637135e-02]",[0.98268807 0.00100047 0.006315   0.00999647],[9.9956602e-01 4.3398354e-04],"[1.6600487e-07 1.3303328e-06 3.7025107e-04 1.2596853e-01 4.1884753e-01
 3.6615798e-01 8.1457667e-02 6.4871171e-03 7.0944539e-04]",0,White,20-39
/scratch/project_462000771/mengting/projects/bias/sana/prompt2/selected_faces/detected_disgusted/disgusted_person_0914_face0.png,White,White,Female,30-39,"[8.2778597e-01 3.7638639e-04 1.1051479e-01 1.3634745e-03 3.0831394e-03
 5.3519309e-03 5.1524319e-02]",[0.8394973  0.02935306 0.09405327 0.03709637],[0.38358742 0.6164126 ],"[2.4172773e-06 7.3855197e-05 7.6982551e-03 3.4918085e-01 4.8913294e-01
 1.4590129e-01 7.7732177e-03 2.1522862e-04 2.1873058e-05]",1,White,20-39
/scratch/project_462000771/mengting/projects/bias/sana/prompt2/selected_faces/detected_disgusted/disgusted_person_0915_face0.png,White,White,Male,40-49,"[9.1035926e-01 2.4223654e-03 1.1346170e-02 5.8939442e-04 1.1242540e-03
 1.7676717e-03 7.2390847e-02]",[0.9851958  0.00449247 0.00486148 0.00545016],[0.9981766  0.00182348],"[3.1613959e-05 1.9335994e-04 1.4524577e-03 1.4502985e-02 1.0899290e-01
 4.7937644e-01 3.3732864e-01 5.2726030e-02 5.3956760e-03]",0,White,40-59
/scratch/project_462000771/mengting/projects/bias/sana/prompt2/selected_faces/detected_disgusted/disgusted_person_0916_face0.png,White,White,Male,40-49,"[9.3305486e-01 6.9785648e-04 2.7619462e-02 6.7182495e-03 4.4387276e-03
 7.8425236e-04 2.6686534e-02]",[9.9557954e-01 2.5963891e-04 2.5475598e-03 1.6132758e-03],[0.60637903 0.39362094],"[5.9886934e-06 2.2205966e-05 3.6627686e-04 2.0472409e-02 1.4432335e-01
 5.1110899e-01 2.8241336e-01 3.7380356e-02 3.9070388e-03]",0,White,40-59
/scratch/project_462000771/mengting/projects/bias/sana/prompt2/selected_faces/detected_disgusted/disgusted_person_0917_face0.png,White,White,Female,40-49,"[9.3232024e-01 1.6152830e-05 6.2906761e-03 5.8881727e-05 1.3244968e-04
 1.1629740e-03 6.0018592e-02]",[9.9476737e-01 2.0295203e-04 1.2937326e-03 3.7359865e-03],[0.23363921 0.7663608 ],"[1.5326912e-06 3.1404845e-06 1.8326279e-04 7.8617316e-03 7.0138797e-02
 4.6493632e-01 4.2003486e-01 3.5535097e-02 1.3053342e-03]",0,White,40-59
/scratch/project_462000771/mengting/projects/bias/sana/prompt2/selected_faces/detected_disgusted/disgusted_person_0918_face0.png,White,White,Male,40-49,"[9.4195783e-01 1.5957646e-04 2.6232017e-02 2.2769824e-03 8.8364724e-03
 1.3915833e-02 6.6213333e-03]",[9.3653399e-01 2.0843768e-04 3.9289698e-02 2.3967952e-02],[0.9750605  0.02493952],"[1.40677439e-04 2.04068888e-03 1.04364855e-02 1.94136426e-02
 9.64623019e-02 5.21942139e-01 3.29902977e-01 1.85241718e-02
 1.13690167e-03]",0,White,40-59
/scratch/project_462000771/mengting/projects/bias/sana/prompt2/selected_faces/detected_disgusted/disgusted_person_0919_face0.png,White,White,Male,30-39,"[9.8570973e-01 2.6793405e-06 6.5154578e-03 7.9469912e-04 1.1371851e-03
 2.4193439e-04 5.5983053e-03]",[9.9302822e-01 2.0334353e-06 6.7798528e-03 1.8985177e-04],[0.63045895 0.36954105],"[7.0977626e-06 4.9992127e-04 3.2228503e-02 2.7122888e-01 5.0139576e-01
 1.8830793e-01 6.2493728e-03 8.0157850e-05 2.3794667e-06]",1,White,20-39
/scratch/project_462000771/mengting/projects/bias/sana/prompt2/selected_faces/detected_disgusted/disgusted_person_0920_face0.png,White,White,Male,40-49,"[0.56049556 0.00447537 0.05763472 0.00761359 0.01605385 0.00357639
 0.35015044]",[0.9387931  0.00196189 0.05560926 0.00363571],[0.8853777  0.11462225],"[0.00348078 0.01951111 0.02206703 0.03070527 0.09954499 0.39563492
 0.3565497  0.06336136 0.00914479]",0,White,40-59
/scratch/project_462000771/mengting/projects/bias/sana/prompt2/selected_faces/detected_disgusted/disgusted_person_0921_face0.png,Latino_Hispanic,Asian,Male,30-39,"[0.17094557 0.00907119 0.3705207  0.03760801 0.16395424 0.03294836
 0.21495198]",[0.01561784 0.00918792 0.9062561  0.06893817],[0.9679731  0.03202686],"[1.2398067e-05 1.8476231e-04 4.3916274e-03 1.2845017e-01 4.8448488e-01
 3.5401872e-01 2.7309770e-02 1.0962875e-03 5.1356965e-05]",0,Others,20-39
/scratch/project_462000771/mengting/projects/bias/sana/prompt2/selected_faces/detected_disgusted/disgusted_person_0922_face0.png,Latino_Hispanic,Asian,Female,40-49,"[0.17244793 0.00172248 0.45079184 0.06547353 0.19804662 0.07558221
 0.03593529]",[0.19133137 0.00144376 0.72971183 0.07751301],[0.00509633 0.9949037 ],"[1.2710116e-05 8.9352463e-05 1.1965304e-03 1.7554518e-02 1.6102454e-01
 4.8549029e-01 2.6277670e-01 6.5680437e-02 6.1748894e-03]",0,Others,40-59
/scratch/project_462000771/mengting/projects/bias/sana/prompt2/selected_faces/detected_disgusted/disgusted_person_0923_face0.png,White,White,Male,30-39,"[9.9327457e-01 3.5218414e-04 2.3558801e-03 1.3952894e-03 1.3792546e-03
 2.4263452e-04 1.0002938e-03]",[9.4031107e-01 1.6876757e-04 5.9010938e-02 5.0919061e-04],[0.9409611  0.05903885],"[1.9219308e-06 4.2157237e-05 2.7322099e-03 2.0636144e-01 4.6031812e-01
 2.9507270e-01 3.4427099e-02 9.8870182e-04 5.5584231e-05]",1,White,20-39
/scratch/project_462000771/mengting/projects/bias/sana/prompt2/selected_faces/detected_disgusted/disgusted_person_0924_face0.png,White,White,Male,40-49,"[9.4133872e-01 2.2165067e-04 2.2482123e-02 3.4604286e-04 1.3198905e-03
 4.6243849e-03 2.9667219e-02]",[9.9631757e-01 3.8331906e-05 2.5116137e-04 3.3929748e-03],[9.9988431e-01 1.1569202e-04],"[2.3512963e-05 4.4044218e-04 7.7238479e-03 5.5794723e-02 1.9447161e-01
 5.6269765e-01 1.6555826e-01 1.2749519e-02 5.4031226e-04]",0,White,40-59
/scratch/project_462000771/mengting/projects/bias/sana/prompt2/selected_faces/detected_disgusted/disgusted_person_0925_face0.png,White,White,Male,30-39,"[9.9750769e-01 2.7677181e-06 1.2307474e-03 2.8519422e-05 3.6152051e-05
 5.0621475e-05 1.1434582e-03]",[9.9821746e-01 1.5998770e-05 1.5292226e-03 2.3736374e-04],[0.6305664  0.36943352],"[3.4498373e-07 1.5286656e-05 3.4775126e-03 2.3442431e-01 5.5297434e-01
 1.9922541e-01 9.7067580e-03 1.6735891e-04 8.7570788e-06]",0,White,20-39
/scratch/project_462000771/mengting/projects/bias/sana/prompt2/selected_faces/detected_disgusted/disgusted_person_0926_face0.png,White,White,Female,40-49,"[0.6134259  0.0097424  0.06449623 0.09673363 0.07446016 0.01420562
 0.12693606]",[9.3739933e-01 7.4079592e-04 1.2371120e-02 4.9488734e-02],[0.14176454 0.8582355 ],"[5.9054023e-06 6.9208094e-05 1.9030202e-03 7.4405946e-02 2.5722259e-01
 4.2523426e-01 2.1092494e-01 2.7111782e-02 3.1223034e-03]",0,White,40-59
/scratch/project_462000771/mengting/projects/bias/sana/prompt2/selected_faces/detected_disgusted/disgusted_person_0927_face0.png,White,White,Male,40-49,"[9.9975795e-01 6.0465078e-07 4.6164459e-05 1.8594881e-05 3.6581780e-05
 7.5715066e-06 1.3253148e-04]",[9.9908984e-01 4.6614273e-06 8.5711485e-04 4.8443722e-05],[0.9957352  0.00426477],"[1.2937993e-06 1.3407019e-04 1.2748668e-02 1.8917191e-01 3.1580019e-01
 3.9936876e-01 8.0793858e-02 1.8854754e-03 9.5758871e-05]",0,White,40-59
/scratch/project_462000771/mengting/projects/bias/sana/prompt2/selected_faces/detected_disgusted/disgusted_person_0928_face0.png,White,White,Male,40-49,"[8.65871668e-01 6.95137715e-04 8.50649029e-02 9.76672210e-03
 1.38837425e-02 1.52257003e-03 2.31953096e-02]",[9.6258354e-01 5.5572717e-03 3.1103868e-02 7.5533125e-04],[0.59783757 0.40216237],"[5.8504952e-06 1.4295614e-04 4.2856587e-03 4.3082088e-02 2.6578775e-01
 4.9288541e-01 1.8330672e-01 1.0138140e-02 3.6537569e-04]",0,White,40-59
/scratch/project_462000771/mengting/projects/bias/sana/prompt2/selected_faces/detected_disgusted/disgusted_person_0929_face0.png,White,White,Female,50-59,"[9.9551272e-01 4.3649830e-05 2.4197164e-03 9.7717879e-05 1.4629484e-04
 2.3660873e-04 1.5432062e-03]",[9.9990094e-01 8.4091346e-07 8.8200977e-05 1.0050222e-05],[0.39902326 0.6009767 ],"[7.0843666e-06 2.9816758e-05 4.7559766e-04 2.4939919e-02 1.0579965e-01
 3.7205800e-01 3.9036691e-01 9.5832236e-02 1.0490745e-02]",0,White,40-59
/scratch/project_462000771/mengting/projects/bias/sana/prompt2/selected_faces/detected_disgusted/disgusted_person_0930_face0.png,White,Asian,Male,40-49,"[0.8162786  0.0048103  0.09649965 0.02667388 0.02162061 0.00280879
 0.03130825]",[0.06260517 0.00115731 0.93431276 0.00192477],[0.98966396 0.01033598],"[1.2633961e-05 7.5823402e-05 3.1675512e-03 5.3432602e-02 2.7797860e-01
 4.7470134e-01 1.7806794e-01 1.2167235e-02 3.9620747e-04]",0,White,40-59
/scratch/project_462000771/mengting/projects/bias/sana/prompt2/selected_faces/detected_disgusted/disgusted_person_0931_face0.png,White,White,Male,40-49,"[9.86181438e-01 1.61151402e-04 5.45237493e-03 1.12491325e-04
 4.29523818e-04 2.29175296e-03 5.37130283e-03]",[9.9616617e-01 1.1253366e-04 1.7335331e-03 1.9876543e-03],[9.993952e-01 6.047607e-04],"[4.4728213e-06 3.7654230e-05 1.4756991e-03 4.2057689e-02 1.2560497e-01
 4.2083755e-01 3.7697762e-01 3.0707708e-02 2.2966228e-03]",0,White,40-59
/scratch/project_462000771/mengting/projects/bias/sana/prompt2/selected_faces/detected_disgusted/disgusted_person_0932_face0.png,White,Indian,Male,50-59,"[0.5317775  0.01137171 0.12187336 0.00390135 0.03414699 0.2742795
 0.02264942]",[0.19536154 0.02636839 0.38448852 0.39378157],[0.9972201  0.00277995],"[3.7620626e-05 3.7337240e-04 3.9143227e-03 8.2487008e-03 3.9431397e-02
 2.7095047e-01 4.9201006e-01 1.6477257e-01 2.0261515e-02]",0,White,40-59
/scratch/project_462000771/mengting/projects/bias/sana/prompt2/selected_faces/detected_disgusted/disgusted_person_0933_face0.png,White,White,Male,40-49,"[9.9685556e-01 4.5397250e-05 1.7253603e-03 2.7779764e-05 6.6781235e-05
 1.1402920e-04 1.1650969e-03]",[9.9946785e-01 3.5174737e-05 1.4955150e-04 3.4743967e-04],[9.9998659e-01 1.3437795e-05],"[1.03500088e-05 2.99995700e-05 5.32251317e-04 2.21533850e-02
 1.10677995e-01 4.57405716e-01 3.85691524e-01 2.29010731e-02
 5.97636332e-04]",0,White,40-59
/scratch/project_462000771/mengting/projects/bias/sana/prompt2/selected_faces/detected_disgusted/disgusted_person_0934_face0.png,White,White,Female,20-29,"[9.9745554e-01 5.3379254e-06 3.9705922e-04 1.9139766e-04 2.9832826e-04
 2.8997420e-05 1.6232686e-03]",[9.6989167e-01 8.9094450e-05 2.9022068e-02 9.9720981e-04],[0.06336732 0.9366327 ],"[3.0731192e-06 3.6978297e-04 2.1444188e-02 4.1439119e-01 3.7192360e-01
 1.8007316e-01 1.1530898e-02 2.4895641e-04 1.5107739e-05]",0,White,20-39
/scratch/project_462000771/mengting/projects/bias/sana/prompt2/selected_faces/detected_disgusted/disgusted_person_0935_face0.png,White,White,Male,30-39,"[8.7254757e-01 7.3025854e-05 4.2053111e-02 4.2052746e-02 3.6729883e-02
 2.4502452e-03 4.0933909e-03]",[0.55029476 0.00068378 0.43075585 0.0182656 ],[0.95661044 0.04338961],"[5.8786514e-05 3.4199452e-03 9.1156386e-02 2.0091040e-01 3.7392205e-01
 2.5877970e-01 6.8122752e-02 3.4888878e-03 1.4109712e-04]",0,White,20-39
/scratch/project_462000771/mengting/projects/bias/sana/prompt2/selected_faces/detected_disgusted/disgusted_person_0936_face0.png,White,White,Male,40-49,"[9.7365099e-01 3.2837327e-06 6.0039433e-04 4.7866488e-06 2.5541700e-05
 2.2049938e-04 2.5494454e-02]",[9.9988055e-01 7.2159503e-07 4.8245220e-05 7.0389055e-05],[9.997525e-01 2.474647e-04],"[4.6046878e-07 3.1246727e-06 3.7227452e-04 2.1174811e-02 2.0414051e-01
 6.9486052e-01 7.8116298e-02 1.2913895e-03 4.0535146e-05]",0,White,40-59
/scratch/project_462000771/mengting/projects/bias/sana/prompt2/selected_faces/detected_disgusted/disgusted_person_0937_face0.png,White,Black,Female,30-39,"[9.5038533e-01 6.1226374e-04 3.4557316e-02 4.4666161e-03 4.2997580e-03
 2.4828222e-04 5.4303925e-03]",[0.25216028 0.49236232 0.24710225 0.00837518],[0.00640746 0.9935925 ],"[4.7154103e-07 6.9494554e-06 5.5242702e-04 6.0299721e-02 4.8361337e-01
 4.1588125e-01 3.8874902e-02 7.5283612e-04 1.8178616e-05]",0,White,20-39
/scratch/project_462000771/mengting/projects/bias/sana/prompt2/selected_faces/detected_disgusted/disgusted_person_0938_face0.png,White,White,Male,40-49,"[9.5768827e-01 2.9621681e-04 1.9372558e-02 1.0910459e-03 8.6502713e-04
 2.3657626e-04 2.0450355e-02]",[9.9228770e-01 3.9651051e-05 7.4094255e-03 2.6318047e-04],[0.8071341 0.1928659],"[1.15482328e-06 4.70699160e-06 1.75355191e-04 2.33247150e-02
 2.56104857e-01 5.95617592e-01 1.17564276e-01 6.98718429e-03
 2.20108763e-04]",0,White,40-59
/scratch/project_462000771/mengting/projects/bias/sana/prompt2/selected_faces/detected_disgusted/disgusted_person_0939_face0.png,White,Asian,Male,40-49,"[0.7587571  0.00078366 0.14137177 0.03420005 0.05874539 0.00269707
 0.00344489]",[0.35420558 0.01098752 0.6336455  0.00116138],[0.6719869 0.3280131],"[2.1050650e-05 4.8226170e-04 1.1895685e-02 5.0242763e-02 3.2922754e-01
 4.6546808e-01 1.3581969e-01 6.6120769e-03 2.3085308e-04]",0,White,40-59
/scratch/project_462000771/mengting/projects/bias/sana/prompt2/selected_faces/detected_disgusted/disgusted_person_0940_face0.png,White,White,Female,30-39,"[9.4712830e-01 1.3219476e-04 1.1102475e-02 1.9402510e-02 1.1266057e-02
 8.7052606e-05 1.0881400e-02]",[9.0173006e-01 2.5027920e-04 9.7740635e-02 2.7902503e-04],[0.01577717 0.9842228 ],"[6.3175748e-06 1.7825361e-04 8.7329969e-03 1.2633134e-01 4.8617688e-01
 3.3172384e-01 4.4992942e-02 1.8032158e-03 5.4302003e-05]",0,White,20-39
/scratch/project_462000771/mengting/projects/bias/sana/prompt2/selected_faces/detected_disgusted/disgusted_person_0941_face0.png,White,White,Male,30-39,"[9.9714065e-01 1.0737807e-05 1.0608520e-03 5.1806425e-04 8.7559939e-04
 3.9040260e-05 3.5508390e-04]",[9.7652471e-01 3.1937980e-05 2.3136850e-02 3.0647902e-04],[0.99018776 0.00981229],"[4.0754076e-06 2.6055821e-04 2.1999288e-02 2.9658097e-01 3.9998969e-01
 2.5497723e-01 2.5648888e-02 5.2353356e-04 1.5761088e-05]",0,White,20-39
/scratch/project_462000771/mengting/projects/bias/sana/prompt2/selected_faces/detected_disgusted/disgusted_person_0942_face0.png,White,Asian,Female,30-39,"[0.7493564  0.00761442 0.06024006 0.08328658 0.07737745 0.00171069
 0.0204143 ]",[3.7091631e-01 7.7287504e-04 6.2772477e-01 5.8603165e-04],[0.3768415 0.6231586],"[6.8954006e-04 4.2397170e-03 1.8044166e-02 9.5801808e-02 3.9898479e-01
 3.9540604e-01 8.3327867e-02 3.3460979e-03 1.5997388e-04]",0,White,20-39
/scratch/project_462000771/mengting/projects/bias/sana/prompt2/selected_faces/detected_disgusted/disgusted_person_0943_face0.png,White,White,Female,40-49,"[9.9860072e-01 1.4883489e-08 8.4329280e-05 3.6951521e-06 9.7840684e-06
 4.2956131e-06 1.2970950e-03]",[9.9777609e-01 1.5488819e-06 2.0823774e-03 1.3994410e-04],[0.04184542 0.95815456],"[1.28277193e-07 3.00159968e-06 1.14896824e-03 1.08717814e-01
 3.85537028e-01 4.72225726e-01 3.18916552e-02 4.53554036e-04
 2.20663351e-05]",0,White,40-59
/scratch/project_462000771/mengting/projects/bias/sana/prompt2/selected_faces/detected_disgusted/disgusted_person_0944_face0.png,White,White,Male,50-59,"[9.8423505e-01 9.0522022e-05 8.8261236e-03 1.5872801e-03 1.4682837e-03
 8.2130515e-04 2.9714270e-03]",[9.6681947e-01 3.8546612e-04 2.3521943e-02 9.2730392e-03],[0.9903619  0.00963811],"[3.4791268e-05 8.7724075e-05 9.8132249e-04 2.0463243e-02 8.2222663e-02
 3.4421858e-01 4.7791678e-01 7.0510730e-02 3.5642523e-03]",0,White,40-59
/scratch/project_462000771/mengting/projects/bias/sana/prompt2/selected_faces/detected_disgusted/disgusted_person_0945_face0.png,Middle Eastern,White,Male,50-59,"[4.0514678e-01 1.7784230e-03 1.0877118e-02 2.7595623e-04 7.7607750e-04
 2.2187414e-02 5.5895817e-01]",[9.7152114e-01 8.7505870e-04 9.9956663e-03 1.7608063e-02],[9.9995685e-01 4.3156891e-05],"[1.28726815e-05 7.36722404e-06 5.89095253e-05 6.71596557e-04
 4.51624114e-03 7.66060501e-02 4.88486767e-01 3.76668066e-01
 5.29721119e-02]",0,White,40-59
/scratch/project_462000771/mengting/projects/bias/sana/prompt2/selected_faces/detected_disgusted/disgusted_person_0946_face0.png,White,White,Male,40-49,"[9.8491311e-01 1.0467838e-05 5.8325072e-04 1.7007983e-04 3.2149834e-04
 9.9912031e-05 1.3901706e-02]",[9.9828559e-01 3.8984534e-05 9.4768318e-04 7.2774210e-04],[9.999186e-01 8.143405e-05],"[1.9570114e-05 4.0316852e-05 6.0728396e-04 2.1751052e-02 1.5462862e-01
 5.0742334e-01 2.8599769e-01 2.8170081e-02 1.3620747e-03]",0,White,40-59
/scratch/project_462000771/mengting/projects/bias/sana/prompt2/selected_faces/detected_disgusted/disgusted_person_0947_face0.png,White,White,Female,30-39,"[9.7032279e-01 1.9594693e-06 5.9574274e-03 3.0372653e-04 7.1074377e-04
 1.6439936e-04 2.2538960e-02]",[0.8931501  0.00104793 0.09342989 0.01237212],[0.0425486 0.9574514],"[2.7578033e-05 2.3786881e-04 7.2985510e-03 1.7269410e-01 3.8499635e-01
 3.5998464e-01 6.6915579e-02 6.5431665e-03 1.3020880e-03]",1,White,20-39
/scratch/project_462000771/mengting/projects/bias/sana/prompt2/selected_faces/detected_disgusted/disgusted_person_0948_face0.png,White,White,Male,50-59,"[8.6000282e-01 2.1492360e-05 1.4913756e-02 5.2164344e-04 6.8207923e-04
 5.7706935e-04 1.2328113e-01]",[9.9675912e-01 2.6695381e-05 2.7588145e-03 4.5531814e-04],[0.590234 0.409766],"[2.0290643e-05 6.9292546e-05 9.3867996e-04 1.0430537e-02 4.5184866e-02
 1.8222015e-01 4.9034154e-01 2.2131222e-01 4.9482450e-02]",0,White,40-59
/scratch/project_462000771/mengting/projects/bias/sana/prompt2/selected_faces/detected_disgusted/disgusted_person_0949_face0.png,White,White,Male,20-29,"[8.2396579e-01 4.2643645e-04 5.8871686e-02 8.7561156e-04 8.9439601e-03
 2.5994123e-03 1.0431708e-01]",[9.8978466e-01 3.3524546e-05 8.3676623e-03 1.8141737e-03],[9.9997562e-01 2.4353158e-05],"[2.2117893e-06 2.9019642e-04 6.5882385e-02 4.4096804e-01 3.5575673e-01
 1.2820622e-01 8.6089009e-03 2.7687370e-04 8.4303429e-06]",0,White,20-39
/scratch/project_462000771/mengting/projects/bias/sana/prompt2/selected_faces/detected_disgusted/disgusted_person_0950_face0.png,White,White,Male,20-29,"[9.9138403e-01 2.3344090e-07 1.3560911e-04 5.3176882e-06 7.9110860e-06
 7.6803553e-06 8.4592225e-03]",[9.9907893e-01 1.4523692e-05 6.5436272e-04 2.5221627e-04],[0.96959823 0.03040179],"[1.2862421e-07 5.3085787e-06 3.7962240e-03 4.7972563e-01 4.0201500e-01
 1.1126371e-01 3.1379876e-03 5.3512122e-05 2.5601371e-06]",0,White,20-39
/scratch/project_462000771/mengting/projects/bias/sana/prompt2/selected_faces/detected_disgusted/disgusted_person_0951_face0.png,White,White,Male,40-49,"[9.9806231e-01 8.3256728e-06 1.1824482e-03 2.4984876e-05 8.6464315e-05
 3.0885692e-04 3.2661002e-04]",[9.9066412e-01 3.3842915e-04 1.8300591e-03 7.1673505e-03],[0.93608785 0.06391212],"[1.8664330e-06 5.6896301e-05 8.2040094e-03 1.9219750e-01 3.0327445e-01
 3.7553978e-01 1.1289675e-01 7.4968692e-03 3.3189013e-04]",0,White,40-59
/scratch/project_462000771/mengting/projects/bias/sana/prompt2/selected_faces/detected_disgusted/disgusted_person_0952_face0.png,White,White,Male,40-49,"[9.6109879e-01 1.6462003e-04 2.0759081e-02 2.4310907e-03 4.0539759e-03
 4.5369603e-04 1.1038795e-02]",[9.9703449e-01 1.1513167e-05 2.8830394e-03 7.0909184e-05],[0.63566655 0.36433348],"[6.55516760e-06 8.45865288e-05 1.37619651e-03 3.63988653e-02
 2.76511163e-01 5.81612229e-01 1.00778304e-01 3.11303814e-03
 1.19077893e-04]",0,White,40-59
/scratch/project_462000771/mengting/projects/bias/sana/prompt2/selected_faces/detected_disgusted/disgusted_person_0953_face0.png,White,White,Male,40-49,"[9.9479216e-01 1.9642671e-06 6.1300537e-04 5.9638452e-04 5.9058383e-04
 4.9728169e-05 3.3562128e-03]",[9.8910308e-01 1.3311027e-04 8.5289059e-03 2.2349085e-03],[0.8069309  0.19306915],"[6.0259954e-06 3.2614087e-05 1.2648394e-03 4.4121157e-02 2.4203140e-01
 5.6734818e-01 1.3912766e-01 5.7989974e-03 2.6906264e-04]",0,White,40-59
/scratch/project_462000771/mengting/projects/bias/sana/prompt2/selected_faces/detected_disgusted/disgusted_person_0954_face0.png,White,White,Male,40-49,"[9.8206633e-01 2.5363042e-04 1.2932552e-02 9.3199887e-05 4.6138480e-04
 1.5661321e-03 2.6267997e-03]",[0.6864895  0.00426318 0.27504438 0.03420291],[0.9514566  0.04854342],"[4.7351541e-06 3.6159730e-05 6.8264268e-04 1.3397817e-02 1.0473270e-01
 5.4059333e-01 3.0747893e-01 3.0725820e-02 2.3477669e-03]",0,White,40-59
/scratch/project_462000771/mengting/projects/bias/sana/prompt2/selected_faces/detected_disgusted/disgusted_person_0955_face0.png,White,White,Male,50-59,"[9.5453596e-01 7.0945546e-04 2.3285707e-02 1.8868556e-03 2.0285212e-03
 2.3296541e-04 1.7320629e-02]",[0.97771984 0.00182132 0.01726278 0.00319603],[0.92022806 0.079772  ],"[1.0709137e-05 2.2119870e-05 1.8257494e-04 1.8651518e-03 2.1354062e-02
 2.0335738e-01 6.2865156e-01 1.3644835e-01 8.1080841e-03]",0,White,40-59
/scratch/project_462000771/mengting/projects/bias/sana/prompt2/selected_faces/detected_disgusted/disgusted_person_0956_face0.png,White,White,Male,30-39,"[9.8935366e-01 5.6813216e-05 4.1578449e-03 7.1969198e-04 7.5379806e-04
 1.7700419e-04 4.7812276e-03]",[9.9701595e-01 1.4646011e-05 2.4408593e-03 5.2858284e-04],[0.98570675 0.01429324],"[1.7818978e-06 1.7950362e-05 1.8310617e-03 1.1912230e-01 4.3969610e-01
 4.0468624e-01 3.3919040e-02 7.0254115e-04 2.2914381e-05]",0,White,20-39
/scratch/project_462000771/mengting/projects/bias/sana/prompt2/selected_faces/detected_disgusted/disgusted_person_0957_face0.png,White,White,Male,50-59,"[8.8720810e-01 6.3526939e-04 5.4990944e-02 3.7056450e-03 5.1004859e-03
 8.8673399e-04 4.7472842e-02]",[9.9026936e-01 2.6841377e-04 7.6319990e-03 1.8302074e-03],[9.999056e-01 9.442483e-05],"[4.6737950e-06 1.0173140e-05 3.1848496e-04 9.9073704e-03 8.3927713e-02
 4.2537490e-01 4.5279789e-01 2.7119653e-02 5.3911557e-04]",0,White,40-59
/scratch/project_462000771/mengting/projects/bias/sana/prompt2/selected_faces/detected_disgusted/disgusted_person_0958_face0.png,White,White,Female,50-59,"[9.9574387e-01 1.4442969e-04 2.4390942e-03 1.8546914e-04 4.4503034e-04
 1.7909092e-04 8.6307514e-04]",[9.9724847e-01 5.0368358e-04 1.1164716e-03 1.1314574e-03],[0.2815473  0.71845263],"[7.1072341e-06 5.6984874e-05 6.6358445e-04 6.9435928e-03 2.9916234e-02
 1.7326544e-01 5.2392602e-01 2.0948939e-01 5.5731606e-02]",0,White,40-59
/scratch/project_462000771/mengting/projects/bias/sana/prompt2/selected_faces/detected_disgusted/disgusted_person_0959_face0.png,White,White,Male,40-49,"[9.8310632e-01 8.9320376e-05 7.9611717e-03 9.9034492e-05 2.0786372e-04
 6.1890483e-04 7.9173641e-03]",[0.9844139  0.00193121 0.01253288 0.00112202],[0.9672355  0.03276449],"[6.1438766e-07 5.5429364e-06 2.1640754e-04 2.0135464e-02 2.3988289e-01
 6.1809862e-01 1.1962443e-01 1.9571711e-03 7.8903155e-05]",0,White,40-59
/scratch/project_462000771/mengting/projects/bias/sana/prompt2/selected_faces/detected_disgusted/disgusted_person_0960_face0.png,White,White,Female,50-59,"[8.2351613e-01 1.7958902e-05 2.0444699e-02 3.0250839e-04 4.4102568e-04
 1.2381412e-03 1.5403956e-01]",[9.9515128e-01 4.2842028e-05 4.2757504e-03 5.3017429e-04],[0.00913028 0.99086976],"[1.4479295e-06 7.8304738e-06 2.2114854e-04 7.9905028e-03 6.1567854e-02
 4.1143477e-01 4.6785662e-01 4.8196476e-02 2.7233309e-03]",0,White,40-59
/scratch/project_462000771/mengting/projects/bias/sana/prompt2/selected_faces/detected_disgusted/disgusted_person_0961_face0.png,White,White,Male,50-59,"[9.8998541e-01 1.3022577e-05 1.5003287e-03 1.3323998e-03 8.7961135e-04
 8.0157886e-05 6.2090075e-03]",[9.1726077e-01 4.1915546e-06 8.2650088e-02 8.5003812e-05],[0.8246334 0.1753666],"[3.9689949e-05 2.1225105e-04 3.0274296e-03 1.3812170e-02 4.4794958e-02
 2.6049268e-01 5.1129121e-01 1.5507442e-01 1.1255239e-02]",0,White,40-59
/scratch/project_462000771/mengting/projects/bias/sana/prompt2/selected_faces/detected_disgusted/disgusted_person_0962_face0.png,White,White,Male,30-39,"[9.7229773e-01 3.5146097e-04 1.2010023e-02 2.2996487e-03 7.8959651e-03
 6.9544103e-04 4.4497531e-03]",[9.3056202e-01 4.7121348e-04 5.4195084e-02 1.4771775e-02],[0.75798523 0.24201481],"[5.6801105e-06 2.0309071e-04 5.7689063e-03 1.6142361e-01 4.5330748e-01
 3.4336805e-01 3.4920141e-02 9.6393935e-04 3.8992537e-05]",0,White,20-39
/scratch/project_462000771/mengting/projects/bias/sana/prompt2/selected_faces/detected_disgusted/disgusted_person_0963_face0.png,White,White,Female,50-59,"[9.0197015e-01 7.2137307e-04 3.6464181e-02 8.0669243e-03 9.5815165e-03
 1.4676097e-02 2.8519755e-02]",[0.66418415 0.03973525 0.259129   0.03695161],[0.0024144 0.9975856],"[3.0784722e-05 3.1194126e-04 1.0681471e-03 2.8817644e-02 8.5069194e-02
 2.7777198e-01 3.1865752e-01 2.0823058e-01 8.0042250e-02]",0,White,40-59
/scratch/project_462000771/mengting/projects/bias/sana/prompt2/selected_faces/detected_disgusted/disgusted_person_0964_face0.png,White,White,Male,50-59,"[9.8412412e-01 1.1806700e-05 1.2776984e-03 2.1617512e-04 4.4029523e-04
 3.4268334e-04 1.3587227e-02]",[9.8674417e-01 4.3939282e-05 1.1707648e-02 1.5041543e-03],[0.6867291  0.31327093],"[8.0026994e-06 5.2116760e-05 8.6543633e-04 9.9783232e-03 5.5930495e-02
 3.5481825e-01 5.1138139e-01 6.0133263e-02 6.8327435e-03]",0,White,40-59
/scratch/project_462000771/mengting/projects/bias/sana/prompt2/selected_faces/detected_disgusted/disgusted_person_0965_face0.png,White,White,Male,30-39,"[9.8662561e-01 3.3168395e-05 5.2080960e-03 2.4317369e-04 8.7425293e-04
 2.7032508e-04 6.7453971e-03]",[9.9210864e-01 4.1143001e-05 7.2047831e-03 6.4542511e-04],[9.999944e-01 5.594850e-06],"[1.0419953e-06 6.2828527e-05 4.0940838e-03 2.1473888e-01 5.1070482e-01
 2.5958693e-01 1.0680919e-02 1.2763617e-04 2.7722672e-06]",0,White,20-39
/scratch/project_462000771/mengting/projects/bias/sana/prompt2/selected_faces/detected_disgusted/disgusted_person_0966_face0.png,White,White,Female,40-49,"[9.9655074e-01 7.0021321e-07 7.1724370e-04 7.9114881e-04 2.5501434e-04
 1.1956235e-05 1.6732574e-03]",[9.9524218e-01 2.2887967e-07 4.7540036e-03 3.6569193e-06],[0.01805864 0.98194134],"[5.6724593e-07 1.2732666e-05 1.3802744e-03 1.2546156e-01 4.1503775e-01
 4.1871583e-01 3.8348768e-02 1.0004195e-03 4.2098862e-05]",0,White,40-59
/scratch/project_462000771/mengting/projects/bias/sana/prompt2/selected_faces/detected_disgusted/disgusted_person_0967_face0.png,White,White,Male,30-39,"[9.7491348e-01 2.3256175e-04 7.3662107e-03 2.4036253e-03 5.4980861e-03
 5.5926439e-04 9.0268357e-03]",[8.8544327e-01 4.6149790e-04 1.1357499e-01 5.2016828e-04],[0.5417761  0.45822385],"[1.6922204e-05 1.3848312e-03 3.6334019e-02 3.8270676e-01 3.8557839e-01
 1.7718954e-01 1.6106907e-02 6.4092659e-04 4.1650856e-05]",0,White,20-39
/scratch/project_462000771/mengting/projects/bias/sana/prompt2/selected_faces/detected_disgusted/disgusted_person_0968_face0.png,White,White,Male,20-29,"[9.9862254e-01 6.9398270e-06 1.6278037e-04 5.6588535e-05 1.5027788e-04
 3.0133315e-05 9.7071315e-04]",[9.9869317e-01 1.0487336e-04 9.5122447e-04 2.5067126e-04],[9.9940145e-01 5.9855724e-04],"[6.9347476e-07 1.0628535e-04 1.4504350e-02 4.1217029e-01 3.7280151e-01
 1.9025901e-01 9.9513875e-03 2.0144704e-04 5.1092552e-06]",0,White,20-39
/scratch/project_462000771/mengting/projects/bias/sana/prompt2/selected_faces/detected_disgusted/disgusted_person_0969_face0.png,White,White,Male,40-49,"[9.4964647e-01 1.8043281e-04 2.0218603e-02 1.1389426e-02 8.7928912e-03
 3.9280581e-04 9.3792733e-03]",[0.5038881  0.00207896 0.4849357  0.00909724],[0.668545   0.33145502],"[1.3186858e-06 4.9323289e-06 3.8782015e-04 2.0831518e-02 1.1716499e-01
 4.7215065e-01 3.5375354e-01 3.4318745e-02 1.3864432e-03]",0,White,40-59
/scratch/project_462000771/mengting/projects/bias/sana/prompt2/selected_faces/detected_disgusted/disgusted_person_0970_face0.png,White,White,Female,40-49,"[9.4365734e-01 1.2245316e-04 2.3458939e-02 3.9158911e-03 4.3928330e-03
 8.4746856e-04 2.3605034e-02]",[9.6017087e-01 4.3325266e-04 2.9253036e-02 1.0142886e-02],[0.05719473 0.94280523],"[7.0095214e-04 1.0978176e-02 3.2609314e-02 1.4626917e-01 3.7216160e-01
 3.7258202e-01 6.0756996e-02 3.7163703e-03 2.2544923e-04]",0,White,40-59
/scratch/project_462000771/mengting/projects/bias/sana/prompt2/selected_faces/detected_disgusted/disgusted_person_0971_face0.png,White,White,Female,40-49,"[9.9715328e-01 3.1769662e-06 2.8530377e-04 6.7783972e-06 1.5680454e-05
 1.7785807e-05 2.5179433e-03]",[9.9991715e-01 5.8919022e-07 7.4796633e-05 7.4748182e-06],[0.01074891 0.9892511 ],"[1.8290419e-07 1.5868387e-06 1.4496874e-04 1.8421784e-02 1.5473866e-01
 5.6224400e-01 2.5466210e-01 9.4719240e-03 3.1491421e-04]",0,White,40-59
/scratch/project_462000771/mengting/projects/bias/sana/prompt2/selected_faces/detected_disgusted/disgusted_person_0972_face0.png,White,White,Female,50-59,"[9.4670141e-01 7.3078205e-05 2.1024603e-02 1.5049442e-03 2.9256078e-03
 1.6528986e-02 1.1241366e-02]",[9.8702627e-01 9.7477452e-05 7.0876507e-03 5.7885759e-03],[0.45706114 0.5429389 ],"[2.6041038e-05 1.6661784e-04 1.5953712e-03 6.2091756e-03 2.3342270e-02
 1.9879059e-01 5.3758013e-01 1.9952592e-01 3.2763898e-02]",0,White,40-59
/scratch/project_462000771/mengting/projects/bias/sana/prompt2/selected_faces/detected_disgusted/disgusted_person_0973_face0.png,White,White,Male,40-49,"[9.5549494e-01 6.0584051e-05 2.1916293e-02 3.2336740e-03 9.2487810e-03
 2.5355848e-03 7.5101629e-03]",[9.9552137e-01 1.6067457e-05 3.4382858e-03 1.0242289e-03],[9.9980789e-01 1.9208717e-04],"[2.4960646e-06 6.2566956e-05 4.5603886e-03 1.2019931e-01 2.6779324e-01
 4.4428393e-01 1.5659720e-01 6.2121744e-03 2.8863092e-04]",0,White,40-59
/scratch/project_462000771/mengting/projects/bias/sana/prompt2/selected_faces/detected_disgusted/disgusted_person_0974_face0.png,White,White,Male,30-39,"[9.5149833e-01 3.6201509e-05 3.4880981e-02 3.7887171e-04 1.0669187e-03
 5.3317733e-03 6.8069352e-03]",[9.9659717e-01 8.9077275e-06 4.8652856e-04 2.9073746e-03],[0.99863225 0.0013677 ],"[2.8930248e-05 2.6962301e-03 5.5234876e-02 2.2828564e-01 5.1100004e-01
 1.9848858e-01 4.2300681e-03 3.5087953e-05 4.4840016e-07]",1,White,20-39
/scratch/project_462000771/mengting/projects/bias/sana/prompt2/selected_faces/detected_disgusted/disgusted_person_0975_face0.png,White,Indian,Male,30-39,"[0.44786915 0.00154823 0.09177767 0.00122707 0.00129888 0.04214716
 0.4141318 ]",[0.39676642 0.00237798 0.00084846 0.6000071 ],[0.9273517  0.07264827],"[2.0746395e-04 8.4451167e-03 3.9693832e-02 3.4488210e-01 4.5052359e-01
 1.4101523e-01 1.4053173e-02 1.0283848e-03 1.5112845e-04]",0,White,20-39
/scratch/project_462000771/mengting/projects/bias/sana/prompt2/selected_faces/detected_disgusted/disgusted_person_0976_face0.png,White,White,Female,30-39,"[9.0315652e-01 8.5678289e-04 6.6442885e-02 7.0653175e-04 8.3034328e-04
 2.6582924e-03 2.5348652e-02]",[9.9657410e-01 8.6356849e-05 3.1834918e-03 1.5609003e-04],[0.02217225 0.9778277 ],"[2.4024806e-05 7.4678095e-04 1.2600761e-02 2.6344311e-01 4.0170267e-01
 2.6335368e-01 5.3810630e-02 4.0312200e-03 2.8724424e-04]",0,White,20-39
/scratch/project_462000771/mengting/projects/bias/sana/prompt2/selected_faces/detected_disgusted/disgusted_person_0977_face0.png,White,White,Male,30-39,"[9.8071086e-01 5.8040114e-05 7.0726951e-03 3.4293524e-04 6.8632350e-04
 1.6839297e-03 9.4452333e-03]",[9.9583822e-01 9.4112302e-06 3.8488044e-03 3.0356288e-04],[9.9927604e-01 7.2390941e-04],"[6.7824942e-05 1.6607380e-03 1.5749380e-02 2.6756194e-01 4.7724032e-01
 2.2875476e-01 8.7466370e-03 2.1097122e-04 7.4641948e-06]",0,White,20-39
/scratch/project_462000771/mengting/projects/bias/sana/prompt2/selected_faces/detected_disgusted/disgusted_person_0978_face0.png,White,White,Male,30-39,"[9.6577084e-01 9.4447219e-05 1.2588700e-02 2.0121550e-03 3.0587981e-03
 1.9429859e-03 1.4532132e-02]",[9.9788815e-01 1.3261878e-04 1.5396113e-03 4.3965038e-04],[0.96974635 0.03025365],"[5.7209986e-06 1.3917123e-04 4.8651625e-03 1.4341410e-01 4.2885467e-01
 3.7060422e-01 5.0239306e-02 1.7620249e-03 1.1564513e-04]",0,White,20-39
/scratch/project_462000771/mengting/projects/bias/sana/prompt2/selected_faces/detected_disgusted/disgusted_person_0979_face0.png,White,White,Male,40-49,"[9.9363768e-01 2.7316695e-05 2.5804194e-03 2.2461434e-05 1.7121069e-04
 1.5411942e-03 2.0196300e-03]",[8.9812469e-01 1.6766641e-04 3.0048806e-02 7.1658857e-02],[9.9968523e-01 3.1480813e-04],"[2.6231037e-06 7.9191283e-05 4.0668626e-03 9.8695114e-02 2.8676230e-01
 5.3856552e-01 7.0599064e-02 1.1965707e-03 3.2727352e-05]",0,White,40-59
/scratch/project_462000771/mengting/projects/bias/sana/prompt2/selected_faces/detected_disgusted/disgusted_person_0980_face0.png,White,White,Male,50-59,"[9.9555111e-01 9.8905293e-06 1.0535182e-03 3.5699317e-04 8.2046905e-04
 1.0081524e-04 2.1071858e-03]",[9.8818487e-01 2.4593157e-05 1.1574156e-02 2.1642078e-04],[0.8399625  0.16003755],"[2.5979723e-05 5.2755279e-04 4.2499234e-03 1.0252645e-02 5.1202428e-02
 3.8352758e-01 4.8906925e-01 5.0932869e-02 1.0211808e-02]",0,White,40-59
/scratch/project_462000771/mengting/projects/bias/sana/prompt2/selected_faces/detected_disgusted/disgusted_person_0981_face0.png,White,White,Female,20-29,"[9.9918598e-01 2.1260934e-07 1.4583726e-04 1.7646943e-04 2.5641068e-04
 4.4639120e-05 1.9045347e-04]",[9.9611032e-01 2.7319538e-06 3.3576316e-03 5.2938465e-04],[0.26289207 0.737108  ],"[6.4208228e-07 1.8982704e-04 5.4275576e-02 6.7536461e-01 2.3437235e-01
 3.5119869e-02 6.6304172e-04 1.3199278e-05 9.1297551e-07]",0,White,20-39
/scratch/project_462000771/mengting/projects/bias/sana/prompt2/selected_faces/detected_disgusted/disgusted_person_0982_face0.png,White,White,Male,20-29,"[9.9831975e-01 9.2529433e-07 1.0788114e-03 8.8716588e-06 3.2713651e-05
 4.5227767e-05 5.1378884e-04]",[9.9947476e-01 2.9510620e-06 2.1121076e-04 3.1111157e-04],[0.9857305  0.01426947],"[1.8259236e-06 4.5177614e-04 3.3755291e-02 4.2564341e-01 3.9065996e-01
 1.4577717e-01 3.6819330e-03 2.7569784e-05 1.0822388e-06]",0,White,20-39
/scratch/project_462000771/mengting/projects/bias/sana/prompt2/selected_faces/detected_disgusted/disgusted_person_0983_face0.png,White,White,Female,30-39,"[9.60135937e-01 3.98697121e-05 1.73629280e-02 3.97859514e-03
 3.05845519e-03 3.19162325e-04 1.51050445e-02]",[7.9524434e-01 2.4678702e-06 2.0471682e-01 3.6305941e-05],[0.05248538 0.94751465],"[1.3090159e-06 7.1687842e-05 5.8482196e-03 1.9150345e-01 5.9010535e-01
 2.0474777e-01 7.6210755e-03 9.8789271e-05 2.2184954e-06]",0,White,20-39
/scratch/project_462000771/mengting/projects/bias/sana/prompt2/selected_faces/detected_disgusted/disgusted_person_0984_face0.png,White,White,Male,40-49,"[9.8927218e-01 6.8554917e-04 4.8524453e-03 2.0254054e-04 6.2282325e-04
 3.1189321e-04 4.0525412e-03]",[9.9910027e-01 1.8493991e-05 5.4246205e-04 3.3883419e-04],[0.99526286 0.00473716],"[9.7833220e-07 1.2156475e-05 4.0738416e-04 4.1503921e-02 3.3892506e-01
 5.4817808e-01 7.0110299e-02 8.2577288e-04 3.6363428e-05]",0,White,40-59
/scratch/project_462000771/mengting/projects/bias/sana/prompt2/selected_faces/detected_disgusted/disgusted_person_0985_face0.png,White,White,Male,40-49,"[9.9451029e-01 1.6212110e-06 2.0707340e-03 4.2107298e-05 7.3609823e-05
 7.8076824e-05 3.2234704e-03]",[9.9753469e-01 1.2119719e-05 2.3080385e-03 1.4518021e-04],[0.5275541 0.4724459],"[7.5947338e-07 2.6076443e-05 1.5889681e-03 7.2280854e-02 4.0119013e-01
 4.8742628e-01 3.7014440e-02 4.3950762e-04 3.2886172e-05]",0,White,40-59
/scratch/project_462000771/mengting/projects/bias/sana/prompt2/selected_faces/detected_disgusted/disgusted_person_0986_face0.png,White,White,Female,30-39,"[9.6872592e-01 2.6639284e-05 1.9661648e-02 2.0509462e-03 3.0279532e-03
 1.3246512e-03 5.1822606e-03]",[9.7223914e-01 1.5096915e-04 1.4030522e-02 1.3579372e-02],[0.08473217 0.9152678 ],"[8.1396192e-06 1.6582842e-04 4.2139320e-03 8.6739212e-02 4.4072539e-01
 4.1460076e-01 5.2249115e-02 1.2472707e-03 5.0353930e-05]",0,White,20-39
/scratch/project_462000771/mengting/projects/bias/sana/prompt2/selected_faces/detected_disgusted/disgusted_person_0987_face0.png,White,Asian,Female,40-49,"[0.67544544 0.00550953 0.19909889 0.00246781 0.00841177 0.0280534
 0.0810132 ]",[0.36836767 0.11568189 0.4224627  0.09348775],[0.3552246 0.6447754],"[3.12174125e-05 1.12014975e-04 1.12399412e-03 2.33205259e-02
 2.25892365e-01 5.31185627e-01 2.08881304e-01 9.10383556e-03
 3.49080365e-04]",0,White,40-59
/scratch/project_462000771/mengting/projects/bias/sana/prompt2/selected_faces/detected_disgusted/disgusted_person_0988_face0.png,White,White,Male,40-49,"[9.9517614e-01 2.4508447e-05 1.2194426e-03 2.6314569e-04 7.5149944e-04
 4.5649591e-04 2.1087248e-03]",[0.7539435  0.01888059 0.18794785 0.03922803],[0.98301286 0.01698712],"[2.3528414e-06 8.0240297e-06 8.6261699e-04 1.6274663e-02 9.8560683e-02
 4.5359164e-01 3.9171419e-01 3.7043478e-02 1.9423264e-03]",1,White,40-59
/scratch/project_462000771/mengting/projects/bias/sana/prompt2/selected_faces/detected_disgusted/disgusted_person_0989_face0.png,White,Indian,Female,30-39,"[5.0822538e-01 2.8368959e-04 2.1476738e-01 3.5536793e-04 1.3535172e-03
 3.0476537e-02 2.4453816e-01]",[0.32686365 0.01482299 0.02183616 0.6364772 ],[0.12230924 0.87769073],"[5.4414541e-06 6.5378052e-05 3.6010731e-03 1.1230929e-01 4.4513756e-01
 3.8853508e-01 4.8808757e-02 1.4738498e-03 6.3489613e-05]",0,White,20-39
/scratch/project_462000771/mengting/projects/bias/sana/prompt2/selected_faces/detected_disgusted/disgusted_person_0990_face0.png,White,White,Male,30-39,"[9.9075913e-01 5.6207637e-06 3.2128780e-03 2.2098501e-03 1.9951926e-03
 3.1620810e-05 1.7857607e-03]",[9.8387873e-01 5.1089100e-06 1.6101545e-02 1.4616824e-05],[0.98854315 0.0114568 ],"[7.1729812e-07 1.6271211e-04 1.8200064e-02 4.1237006e-01 4.9749067e-01
 7.0477150e-02 1.2807796e-03 1.7219423e-05 6.7776222e-07]",0,White,20-39
/scratch/project_462000771/mengting/projects/bias/sana/prompt2/selected_faces/detected_disgusted/disgusted_person_0991_face0.png,White,White,Female,40-49,"[0.5492804  0.00211433 0.3569887  0.02229526 0.03155686 0.01807641
 0.01968803]",[0.9187948  0.00114645 0.05536227 0.02469649],[0.01150601 0.988494  ],"[4.8445690e-06 1.2270134e-04 3.0992052e-03 7.8974262e-02 3.9456922e-01
 4.4494638e-01 7.4470952e-02 3.6564989e-03 1.5593329e-04]",1,White,40-59
/scratch/project_462000771/mengting/projects/bias/sana/prompt2/selected_faces/detected_disgusted/disgusted_person_0992_face0.png,White,White,Male,50-59,"[9.5778209e-01 2.9941008e-04 1.9202957e-02 3.9867852e-03 9.3056625e-03
 1.0819563e-03 8.3411066e-03]",[9.982486e-01 9.945915e-06 1.643047e-03 9.834814e-05],[9.9922597e-01 7.7405863e-04],"[1.5715650e-05 1.5476608e-04 2.8661718e-03 1.4298050e-02 3.4435581e-02
 1.7822400e-01 5.4966545e-01 1.9232222e-01 2.8018087e-02]",0,White,40-59
/scratch/project_462000771/mengting/projects/bias/sana/prompt2/selected_faces/detected_disgusted/disgusted_person_0993_face0.png,Middle Eastern,Asian,Female,40-49,"[2.8770557e-01 4.1000563e-05 2.6623849e-02 3.4446665e-03 1.0399253e-02
 6.6879070e-03 6.6509777e-01]",[0.32884145 0.00433206 0.53215677 0.13466978],[0.14785036 0.85214967],"[1.8144010e-06 1.8003269e-05 1.9481432e-03 8.9399703e-02 3.9700067e-01
 4.5484456e-01 5.3524625e-02 3.0650815e-03 1.9738649e-04]",0,White,40-59
/scratch/project_462000771/mengting/projects/bias/sana/prompt2/selected_faces/detected_disgusted/disgusted_person_0994_face0.png,White,White,Male,30-39,"[9.8579252e-01 2.5446428e-04 9.8413657e-03 3.1154740e-04 1.1178894e-03
 4.4836223e-04 2.2339718e-03]",[9.9027777e-01 3.1554697e-03 5.9767482e-03 5.9005275e-04],[0.7544105  0.24558948],"[4.13325870e-06 2.07652847e-04 1.03033017e-02 1.53696775e-01
 5.41693449e-01 2.65369684e-01 2.83040870e-02 4.10582696e-04
 1.02673785e-05]",1,White,20-39
/scratch/project_462000771/mengting/projects/bias/sana/prompt2/selected_faces/detected_disgusted/disgusted_person_0995_face0.png,White,White,Male,50-59,"[0.7239804  0.00143626 0.17047136 0.02386023 0.02447732 0.00249696
 0.05327751]",[0.5819633  0.00097095 0.4120561  0.0050096 ],[0.9617469  0.03825308],"[1.01982645e-04 2.27554803e-04 9.29874193e-04 5.63581986e-03
 6.74121901e-02 4.01950091e-01 4.67720002e-01 5.44678606e-02
 1.55460369e-03]",0,White,40-59
/scratch/project_462000771/mengting/projects/bias/sana/prompt2/selected_faces/detected_disgusted/disgusted_person_0996_face0.png,White,White,Female,40-49,"[9.8499554e-01 1.3153479e-04 6.2624277e-03 2.1553464e-04 3.9069989e-04
 4.2289574e-04 7.5813024e-03]",[9.8650837e-01 1.1873232e-04 1.3200408e-02 1.7256173e-04],[0.00821741 0.9917826 ],"[4.89755712e-06 1.16973315e-04 2.01262441e-03 5.90080172e-02
 2.59131789e-01 5.01524389e-01 1.68326840e-01 9.21431649e-03
 6.60192745e-04]",0,White,40-59
/scratch/project_462000771/mengting/projects/bias/sana/prompt2/selected_faces/detected_disgusted/disgusted_person_0997_face0.png,White,White,Female,20-29,"[9.2876613e-01 9.3382003e-04 2.4219317e-02 2.4711974e-02 1.4969232e-02
 6.0043257e-04 5.7991743e-03]",[8.9725471e-01 8.6502143e-04 1.0172815e-01 1.5215522e-04],[0.03343595 0.9665641 ],"[2.8519371e-06 8.9166249e-04 7.5064719e-02 5.8462155e-01 3.2183087e-01
 1.7309770e-02 2.7163050e-04 6.4645942e-06 4.0207698e-07]",1,White,20-39
/scratch/project_462000771/mengting/projects/bias/sana/prompt2/selected_faces/detected_disgusted/disgusted_person_0998_face0.png,White,Indian,Female,30-39,"[8.9657182e-01 5.3555361e-04 2.0446770e-02 4.2508508e-04 5.8339263e-04
 3.7061155e-03 7.7731229e-02]",[0.47815758 0.00677791 0.0354746  0.47958988],[0.28434345 0.7156565 ],"[3.1958380e-06 4.6129815e-05 2.3680015e-03 1.9714151e-01 3.9760214e-01
 3.3712611e-01 5.8163412e-02 5.6059598e-03 1.9435142e-03]",0,White,20-39
/scratch/project_462000771/mengting/projects/bias/sana/prompt2/selected_faces/detected_disgusted/disgusted_person_0999_face0.png,White,White,Male,30-39,"[9.9592686e-01 5.5323294e-06 5.5843429e-04 1.5116587e-03 1.9083571e-03
 5.3746608e-06 8.3765699e-05]",[9.9318844e-01 1.5611173e-05 6.7404774e-03 5.5496097e-05],[0.95924395 0.04075601],"[2.57551051e-06 1.19557764e-04 8.73424672e-03 1.97624981e-01
 4.43189055e-01 2.99363822e-01 5.00096306e-02 9.15799523e-04
 4.03709346e-05]",1,White,20-39
