face_name_align,race,race4,gender,age,race_scores_fair,race_scores_fair_4,gender_scores_fair,age_scores_fair,race_final,age_final,attractiveness
/scratch/project_462000771/mengting/projects/bias/Wan2.1/prompt2/selected_faces/detected_unhappy/unhappy_person_0000_face0.png,White,White,Female,20-29,"[9.7387838e-01 5.4800428e-05 4.8513804e-03 9.6170967e-03 1.0027942e-02
 1.5305079e-04 1.4172432e-03]",[9.9665487e-01 1.7289138e-04 2.6675260e-03 5.0475367e-04],[0.03502128 0.96497875],"[1.2238671e-05 3.0667873e-03 8.1633374e-02 3.8328093e-01 3.2779706e-01
 1.8416253e-01 1.8362530e-02 1.1782675e-03 5.0633680e-04]",White,20-39,
/scratch/project_462001220/mengting/projects_771/bias/Wan2.1/prompt2/complete_selected_faces/detected_unhappy/0001_face0.png,Black,Black,Male,40-49,"[8.3703097e-05 9.0332353e-01 1.6859202e-03 2.2233779e-05 5.8531325e-04
 9.4194114e-02 1.0511899e-04]",[5.3817374e-05 9.4374764e-01 2.1716198e-03 5.4026861e-02],[9.9990833e-01 9.1697024e-05],"[6.0829598e-06 2.8291466e-05 1.8941528e-04 1.2945404e-02 2.3164971e-01
 5.4614758e-01 1.8422970e-01 2.2512019e-02 2.2917921e-03]",Black,40-59,1.0
/scratch/project_462000771/mengting/projects/bias/Wan2.1/prompt2/selected_faces/detected_unhappy/unhappy_person_0002_face0.png,White,White,Male,20-29,"[4.3520966e-01 1.6682976e-03 2.3172510e-01 1.8569926e-04 5.9031538e-04
 3.0615362e-03 3.2755947e-01]",[0.9953172  0.00126398 0.00127751 0.00214135],[9.9999988e-01 1.7136888e-07],"[2.0075655e-08 7.4972047e-07 1.3088915e-03 6.7460734e-01 3.2063866e-01
 3.4276817e-03 1.6584327e-05 1.3825516e-07 1.6848732e-09]",White,20-39,
/scratch/project_462001220/mengting/projects_771/bias/Wan2.1/prompt2/complete_selected_faces/detected_unhappy/0003_face0.png,Black,Black,Male,30-39,"[1.06219695e-05 9.99750197e-01 1.88189486e-04 9.33705792e-07
 9.62175545e-06 3.20178406e-05 8.40033863e-06]",[2.4049834e-05 9.9979830e-01 6.0002265e-05 1.1759197e-04],[9.9999535e-01 4.6857658e-06],"[4.3606005e-07 9.2577075e-06 5.5875670e-04 2.0791018e-01 6.2872720e-01
 1.5685807e-01 5.8787782e-03 5.4181492e-05 3.1724935e-06]",Black,20-39,0.0
/scratch/project_462000771/mengting/projects/bias/Wan2.1/prompt2/selected_faces/detected_unhappy/unhappy_person_0004_face0.png,White,White,Male,30-39,"[9.9546599e-01 6.7783491e-05 2.1677308e-03 1.2856114e-04 1.5251002e-04
 1.3089002e-04 1.8865288e-03]",[9.9932480e-01 3.1421296e-05 4.7808621e-04 1.6572006e-04],[9.998073e-01 1.927326e-04],"[4.4078075e-07 1.5245916e-05 3.3243373e-03 3.8481957e-01 5.5770409e-01
 5.1997256e-02 2.1093958e-03 2.7826256e-05 1.8483697e-06]",White,20-39,
/scratch/project_462000771/mengting/projects/bias/Wan2.1/prompt2/selected_faces/detected_unhappy/unhappy_person_0005_face0.png,White,White,Male,30-39,"[8.8319415e-01 5.8826164e-04 2.9710598e-02 3.4534394e-05 1.3503640e-04
 1.6178605e-03 8.4719643e-02]",[9.8544794e-01 3.1657023e-03 3.9153706e-04 1.0994912e-02],[0.88801265 0.11198734],"[1.8176894e-06 1.4338363e-05 1.6576583e-03 1.0715904e-01 4.3446252e-01
 3.2288769e-01 1.2077131e-01 1.1679317e-02 1.3663113e-03]",White,20-39,
/scratch/project_462000771/mengting/projects/bias/Wan2.1/prompt2/selected_faces/detected_unhappy/unhappy_person_0006_face0.png,White,White,Female,30-39,"[0.6710376  0.00068998 0.1287867  0.06916274 0.06622185 0.00268178
 0.06141942]",[0.72958076 0.02304121 0.23203595 0.01534204],[0.02914297 0.970857  ],"[5.1853118e-07 2.7387796e-05 4.6716821e-03 2.4460745e-01 6.1014342e-01
 1.2731317e-01 1.2779464e-02 4.4779692e-04 9.1433922e-06]",White,20-39,
/scratch/project_462000771/mengting/projects/bias/Wan2.1/prompt2/selected_faces/detected_unhappy/unhappy_person_0007_face0.png,White,White,Male,30-39,"[9.71813858e-01 1.04590918e-05 1.04003763e-02 1.56488107e-03
 6.80346333e-04 1.64886893e-04 1.53652225e-02]",[9.9006087e-01 2.0539394e-05 9.7668096e-03 1.5178884e-04],[0.9983669  0.00163309],"[2.4714704e-05 3.3815097e-05 5.2230794e-04 5.6591507e-02 6.3067067e-01
 3.0158478e-01 1.0310101e-02 2.5622960e-04 5.7521961e-06]",White,20-39,
/scratch/project_462000771/mengting/projects/bias/Wan2.1/prompt2/selected_faces/detected_unhappy/unhappy_person_0008_face0.png,White,White,Male,30-39,"[8.6929184e-01 6.6811533e-04 5.1038884e-02 2.1145423e-04 3.4801397e-04
 2.3183322e-03 7.6123416e-02]",[0.9862925  0.00137768 0.00703593 0.0052939 ],[9.9999261e-01 7.4176414e-06],"[9.4896950e-07 4.1551280e-06 5.7368179e-05 2.1174802e-02 5.0714231e-01
 4.5517543e-01 1.6309120e-02 1.3442666e-04 1.4467229e-06]",White,20-39,
/scratch/project_462000771/mengting/projects/bias/Wan2.1/prompt2/selected_faces/detected_unhappy/unhappy_person_0009_face0.png,Latino_Hispanic,White,Female,40-49,"[1.7732041e-01 1.1463338e-04 5.0970674e-01 1.2490979e-02 1.2583500e-02
 1.9466665e-02 2.6831704e-01]",[9.7121793e-01 4.2935755e-04 8.5988371e-03 1.9753855e-02],[0.00176295 0.998237  ],"[2.6341818e-06 5.0347167e-05 3.5632795e-03 5.3520042e-02 3.6677375e-01
 4.2497534e-01 1.3749149e-01 1.3035860e-02 5.8727915e-04]",Others,40-59,
/scratch/project_462001220/mengting/projects_771/bias/Wan2.1/prompt2/complete_selected_faces/detected_unhappy/0010_face0.png,East Asian,Asian,Female,20-29,"[0.3352085  0.00087175 0.01330134 0.5345788  0.10176017 0.00361211
 0.01066725]",[0.39338648 0.00380729 0.57368267 0.02912357],[0.14383082 0.85616916],"[1.00732934e-04 3.06402449e-03 3.87559980e-02 7.61555374e-01
 1.35732025e-01 4.37538326e-02 7.77773792e-03 4.61330637e-03
 4.64702956e-03]",Asian,20-39,0.0
/scratch/project_462000771/mengting/projects/bias/Wan2.1/prompt2/selected_faces/detected_unhappy/unhappy_person_0011_face0.png,Latino_Hispanic,Indian,Male,40-49,"[0.18968637 0.01534195 0.51201093 0.00695164 0.01742964 0.12271211
 0.13586731]",[0.26670867 0.00661205 0.21527113 0.51140815],[9.999519e-01 4.810200e-05],"[1.0410298e-04 1.7650783e-04 6.1657105e-04 5.3903386e-03 1.2784463e-01
 5.9579200e-01 2.6404423e-01 5.9315418e-03 1.0003406e-04]",Others,40-59,
/scratch/project_462000771/mengting/projects/bias/Wan2.1/prompt2/selected_faces/detected_unhappy/unhappy_person_0012_face0.png,Latino_Hispanic,White,Female,20-29,"[0.29645437 0.00079613 0.347561   0.11327931 0.15242234 0.00212058
 0.08736622]",[0.6130881  0.01137748 0.3389645  0.03656991],[0.24464677 0.7553532 ],"[4.5688653e-06 5.1977450e-04 7.5094305e-02 5.5668908e-01 2.8459650e-01
 7.2193459e-02 9.1124568e-03 1.6067106e-03 1.8313398e-04]",Others,20-39,
/scratch/project_462000771/mengting/projects/bias/Wan2.1/prompt2/selected_faces/detected_unhappy/unhappy_person_0013_face0.png,White,White,Female,20-29,"[8.8134259e-01 5.6527549e-04 2.8085759e-02 5.6212347e-02 8.6095240e-03
 8.7106728e-04 2.4313308e-02]",[9.5838904e-01 2.4918496e-04 4.1021474e-02 3.4026863e-04],[0.00136669 0.99863327],"[3.2319604e-06 3.0399283e-04 1.5230824e-02 4.9141073e-01 3.3529931e-01
 1.3734430e-01 1.8582661e-02 1.4827078e-03 3.4219699e-04]",White,20-39,
/scratch/project_462000771/mengting/projects/bias/Wan2.1/prompt2/selected_faces/detected_unhappy/unhappy_person_0014_face0.png,White,White,Male,30-39,"[0.35515615 0.00547435 0.2631352  0.00071563 0.00170868 0.04536087
 0.32844904]",[0.9746374  0.00556831 0.00101449 0.01877981],[9.996050e-01 3.950135e-04],"[5.2242367e-06 1.7975535e-05 5.9137447e-04 6.6347480e-02 4.7958201e-01
 4.0221819e-01 4.6903364e-02 4.0723542e-03 2.6204810e-04]",White,20-39,
/scratch/project_462000771/mengting/projects/bias/Wan2.1/prompt2/selected_faces/detected_unhappy/unhappy_person_0015_face0.png,White,White,Male,30-39,"[9.8031759e-01 1.7998893e-05 3.0420576e-03 6.3603709e-04 3.1657290e-04
 3.1322462e-04 1.5356525e-02]",[9.6946949e-01 5.5097172e-04 1.5652081e-02 1.4327489e-02],[9.9999815e-01 1.8317814e-06],"[6.7343194e-07 1.1075340e-05 2.1541300e-03 4.7290111e-01 5.0168133e-01
 2.3096191e-02 1.5317094e-04 2.2497220e-06 5.2013466e-08]",White,20-39,
/scratch/project_462000771/mengting/projects/bias/Wan2.1/prompt2/selected_faces/detected_unhappy/unhappy_person_0016_face0.png,Latino_Hispanic,Indian,Male,30-39,"[1.3307463e-01 4.5724008e-03 5.6392729e-01 7.4514450e-05 3.3657125e-04
 7.7888429e-02 2.2012608e-01]",[0.3507313  0.05078115 0.01343349 0.585054  ],[9.9999386e-01 6.1846085e-06],"[2.2431460e-07 9.8312705e-07 7.6719851e-05 7.2556108e-02 7.9867792e-01
 1.2789233e-01 7.9145236e-04 4.2646670e-06 4.9097835e-08]",Others,20-39,
/scratch/project_462000771/mengting/projects/bias/Wan2.1/prompt2/selected_faces/detected_unhappy/unhappy_person_0017_face0.png,Middle Eastern,Asian,Female,30-39,"[0.08365379 0.00083099 0.14043556 0.06294644 0.05841913 0.15602776
 0.49768633]",[0.07203276 0.00714138 0.79721904 0.12360682],[9.970993e-04 9.990029e-01],"[5.1368107e-07 2.8524280e-05 6.2680538e-03 2.5626311e-01 5.3820449e-01
 1.8390322e-01 1.4674241e-02 6.3430477e-04 2.3503651e-05]",Others,20-39,
/scratch/project_462000771/mengting/projects/bias/Wan2.1/prompt2/selected_faces/detected_unhappy/unhappy_person_0018_face0.png,Black,Black,Male,30-39,"[8.9101036e-07 9.9997574e-01 1.2714205e-05 2.5401678e-07 1.9017425e-06
 8.0847012e-06 3.6471147e-07]",[1.5609599e-05 9.9950945e-01 1.4934874e-04 3.2563013e-04],[9.9999458e-01 5.4037278e-06],"[3.3492640e-07 5.8831520e-06 3.7760503e-04 2.0641463e-01 6.1598855e-01
 1.7146321e-01 5.6455010e-03 9.8366298e-05 5.9662602e-06]",Black,20-39,
/scratch/project_462000771/mengting/projects/bias/Wan2.1/prompt2/selected_faces/detected_unhappy/unhappy_person_0019_face0.png,White,White,Male,30-39,"[4.2142421e-01 1.0542411e-03 2.1352454e-01 1.2329394e-04 3.9594527e-04
 2.0899206e-01 1.5448563e-01]",[0.7703943  0.00579817 0.0058987  0.21790877],[9.9937928e-01 6.2072504e-04],"[1.3359526e-05 1.1071428e-04 2.2433493e-03 2.0762742e-01 6.5292156e-01
 1.3360690e-01 3.3764159e-03 9.4778989e-05 5.5003707e-06]",White,20-39,
/scratch/project_462000771/mengting/projects/bias/Wan2.1/prompt2/selected_faces/detected_unhappy/unhappy_person_0020_face0.png,White,White,Male,30-39,"[5.7947105e-01 4.8814365e-04 3.2055712e-01 7.0263091e-03 5.6044650e-03
 2.3287293e-02 6.3565627e-02]",[9.0261364e-01 3.2876257e-04 6.1075166e-02 3.5982452e-02],[9.9950254e-01 4.9744942e-04],"[1.8602263e-05 3.8805960e-05 4.1088197e-04 1.5620467e-01 7.3846239e-01
 1.0315266e-01 1.6753938e-03 3.5885008e-05 7.0346692e-07]",White,20-39,
/scratch/project_462000771/mengting/projects/bias/Wan2.1/prompt2/selected_faces/detected_unhappy/unhappy_person_0021_face0.png,White,White,Female,40-49,"[6.3236248e-01 4.2340365e-05 6.3425697e-02 8.6973254e-03 4.6973433e-03
 1.0026203e-02 2.8074858e-01]",[0.72154945 0.00337386 0.04821368 0.22686301],[0.00343592 0.9965641 ],"[1.1434639e-05 2.8940648e-04 7.1641025e-03 1.5416364e-01 2.3957115e-01
 2.8174904e-01 1.6840361e-01 7.9447918e-02 6.9199771e-02]",White,40-59,
/scratch/project_462000771/mengting/projects/bias/Wan2.1/prompt2/selected_faces/detected_unhappy/unhappy_person_0022_face0.png,East Asian,Asian,Female,20-29,"[0.25569308 0.00064943 0.10947772 0.35254994 0.08631674 0.07114916
 0.12416392]",[0.06367335 0.0035292  0.8472173  0.08558019],[0.07733635 0.9226637 ],"[3.7762472e-06 6.1511481e-04 6.4753398e-02 6.2354428e-01 2.4109106e-01
 6.3139945e-02 5.9238495e-03 7.0622505e-04 2.2235711e-04]",Asian,20-39,
/scratch/project_462000771/mengting/projects/bias/Wan2.1/prompt2/selected_faces/detected_unhappy/unhappy_person_0023_face0.png,Southeast Asian,Asian,Male,40-49,"[1.2846182e-04 2.5595687e-04 4.8079505e-03 3.4317198e-01 6.5142477e-01
 1.8658911e-04 2.4255029e-05]",[3.2366308e-05 5.6878020e-05 9.9972528e-01 1.8545425e-04],[9.991529e-01 8.471148e-04],"[1.5257470e-05 2.0540082e-04 3.8741059e-03 4.0356331e-02 3.8338023e-01
 4.3626326e-01 1.2628171e-01 9.2237536e-03 3.9997706e-04]",Asian,40-59,
/scratch/project_462000771/mengting/projects/bias/Wan2.1/prompt2/selected_faces/detected_unhappy/unhappy_person_0024_face0.png,White,White,Female,30-39,"[8.7120491e-01 6.5682945e-04 1.0763516e-01 3.1759217e-04 4.3898495e-04
 1.4147200e-03 1.8331783e-02]",[9.9896377e-01 1.6706499e-04 3.2014557e-04 5.4909324e-04],[0.01536606 0.9846339 ],"[2.0779310e-06 2.1463528e-04 2.2160573e-02 3.7169614e-01 4.8012394e-01
 1.1937980e-01 6.1334879e-03 2.6465702e-04 2.4647594e-05]",White,20-39,
/scratch/project_462000771/mengting/projects/bias/Wan2.1/prompt2/selected_faces/detected_unhappy/unhappy_person_0025_face0.png,East Asian,Asian,Male,30-39,"[1.8946636e-03 1.8042426e-04 3.9193463e-02 8.3031607e-01 1.2658273e-01
 1.4732893e-03 3.5933428e-04]",[1.3416621e-03 6.2983490e-05 9.9777108e-01 8.2429056e-04],[9.9998534e-01 1.4664452e-05],"[3.3655253e-06 1.4652918e-05 5.9001433e-04 1.4151028e-01 7.1024263e-01
 1.4369516e-01 3.7056920e-03 2.3545051e-04 2.8128463e-06]",Asian,20-39,
/scratch/project_462000771/mengting/projects/bias/Wan2.1/prompt2/selected_faces/detected_unhappy/unhappy_person_0026_face0.png,White,White,Male,40-49,"[9.8872000e-01 1.4824982e-05 9.6354750e-04 2.3855173e-06 4.5762672e-06
 7.5674914e-05 1.0218941e-02]",[9.9969482e-01 1.5879737e-05 2.3449541e-04 5.4821805e-05],[9.9978071e-01 2.1930451e-04],"[8.2279985e-06 1.7829025e-05 6.2562979e-04 7.0027527e-03 1.0364743e-01
 4.5612329e-01 4.2335480e-01 9.0721259e-03 1.4793601e-04]",White,40-59,
/scratch/project_462000771/mengting/projects/bias/Wan2.1/prompt2/selected_faces/detected_unhappy/unhappy_person_0027_face0.png,Black,Black,Female,20-29,"[7.4217438e-05 7.1581614e-01 7.4537452e-03 1.3038402e-02 1.9918951e-01
 6.4389333e-02 3.8583374e-05]",[6.3972380e-05 9.4830155e-01 2.9028790e-02 2.2605725e-02],[5.0424191e-04 9.9949574e-01],"[1.9038150e-06 2.8562511e-04 2.2317944e-02 4.9334133e-01 4.1329730e-01
 6.6284232e-02 4.3042665e-03 1.6151708e-04 5.8625246e-06]",Black,20-39,
/scratch/project_462000771/mengting/projects/bias/Wan2.1/prompt2/selected_faces/detected_unhappy/unhappy_person_0028_face0.png,White,White,Male,40-49,"[0.46015176 0.01054318 0.14485948 0.03649831 0.04468705 0.0172783
 0.28598195]",[0.6219322  0.00306758 0.19115838 0.18384182],[0.64049274 0.3595073 ],"[0.00116612 0.04530378 0.09444392 0.09623339 0.237017   0.33463958
 0.1537309  0.03196631 0.00549906]",White,40-59,
/scratch/project_462000771/mengting/projects/bias/Wan2.1/prompt2/selected_faces/detected_unhappy/unhappy_person_0029_face0.png,White,White,Male,40-49,"[6.5037048e-01 2.7509503e-05 3.3829950e-02 1.3547173e-03 1.7085125e-03
 7.2723156e-04 3.1198156e-01]",[9.8060626e-01 2.6819302e-05 1.8042650e-02 1.3241536e-03],[9.9999654e-01 3.4622105e-06],"[4.8031034e-06 1.9269097e-05 3.9630110e-04 2.0863909e-02 4.5983103e-01
 4.9541780e-01 2.3283660e-02 1.8124745e-04 1.9396839e-06]",White,40-59,
/scratch/project_462000771/mengting/projects/bias/Wan2.1/prompt2/selected_faces/detected_unhappy/unhappy_person_0030_face0.png,White,White,Female,20-29,"[8.6749995e-01 2.8496125e-04 9.0637445e-02 1.8199597e-02 6.0229413e-03
 3.8040883e-04 1.6974663e-02]",[8.5954136e-01 7.6856039e-04 1.3879803e-01 8.9205650e-04],[0.00142984 0.99857014],"[5.6110866e-07 1.5461468e-04 3.8395122e-02 6.0866040e-01 3.0511299e-01
 4.6432126e-02 1.2063471e-03 3.5789632e-05 1.9659637e-06]",White,20-39,
/scratch/project_462000771/mengting/projects/bias/Wan2.1/prompt2/selected_faces/detected_unhappy/unhappy_person_0031_face0.png,Middle Eastern,White,Male,30-39,"[2.5879520e-01 3.1513344e-05 7.9653703e-02 1.9270094e-04 2.7836408e-04
 5.4057268e-03 6.5564269e-01]",[9.9159092e-01 1.7429140e-05 3.1461094e-03 5.2455715e-03],[9.999995e-01 4.841331e-07],"[9.5706653e-08 2.0059294e-06 3.7493682e-04 6.6332631e-02 7.1741456e-01
 2.1337304e-01 2.4859712e-03 1.6699978e-05 1.1122737e-07]",White,20-39,
/scratch/project_462000771/mengting/projects/bias/Wan2.1/prompt2/selected_faces/detected_unhappy/unhappy_person_0032_face0.png,White,White,Male,20-29,"[9.8948026e-01 4.4438239e-06 2.2877790e-03 2.1021289e-04 5.9285911e-04
 2.7249174e-04 7.1519162e-03]",[9.9968380e-01 3.3059177e-06 1.4020078e-04 1.7277259e-04],[0.94451183 0.05548817],"[1.6959921e-05 7.3163066e-04 8.1461743e-02 3.7541634e-01 2.4081118e-01
 2.3140883e-01 6.2251899e-02 6.4164279e-03 1.4850193e-03]",White,20-39,
/scratch/project_462000771/mengting/projects/bias/Wan2.1/prompt2/selected_faces/detected_unhappy/unhappy_person_0033_face0.png,White,White,Female,30-39,"[8.9071107e-01 9.2859764e-06 3.8480118e-02 1.5570543e-03 7.6832291e-04
 1.1513267e-03 6.7322873e-02]",[9.5130593e-01 2.1663898e-05 4.3081503e-02 5.5908719e-03],[2.0843874e-04 9.9979156e-01],"[4.5553886e-08 6.6525968e-06 5.5016298e-03 3.3569264e-01 5.4320014e-01
 1.1338737e-01 2.1708703e-03 3.9796858e-05 8.4922999e-07]",White,20-39,
/scratch/project_462000771/mengting/projects/bias/Wan2.1/prompt2/selected_faces/detected_unhappy/unhappy_person_0034_face0.png,White,White,Female,30-39,"[7.1394897e-01 4.3882255e-04 2.4802470e-01 4.2319829e-03 2.8054989e-03
 3.8296452e-03 2.6720414e-02]",[0.8942175  0.00126629 0.02442202 0.08009424],[3.0610809e-04 9.9969393e-01],"[5.3646009e-08 7.5541725e-06 4.2449199e-03 4.5092675e-01 5.1143521e-01
 3.2595567e-02 7.8055047e-04 9.2238606e-06 2.0336316e-07]",White,20-39,
/scratch/project_462000771/mengting/projects/bias/Wan2.1/prompt2/selected_faces/detected_unhappy/unhappy_person_0035_face0.png,Black,Black,Male,30-39,"[0.0050199  0.7461036  0.10475966 0.00133199 0.02001957 0.11890699
 0.0038583 ]",[0.00215764 0.73227876 0.01263164 0.25293195],[0.9922773 0.0077226],"[1.5240643e-05 2.6810617e-04 7.3908842e-03 1.8295646e-01 3.6730021e-01
 3.3806747e-01 8.1968985e-02 1.6855566e-02 5.1771826e-03]",Black,20-39,
/scratch/project_462000771/mengting/projects/bias/Wan2.1/prompt2/selected_faces/detected_unhappy/unhappy_person_0036_face0.png,White,White,Male,40-49,"[9.8146498e-01 3.8256307e-04 1.2190321e-02 6.0472968e-05 9.1639886e-05
 7.2287163e-04 5.0871759e-03]",[9.9500972e-01 1.0350383e-03 5.2662741e-04 3.4286431e-03],[9.9971849e-01 2.8147295e-04],"[5.5133719e-06 2.1944183e-05 4.2153691e-04 1.3458797e-02 2.5965142e-01
 6.0446554e-01 1.1763102e-01 4.1906922e-03 1.5354007e-04]",White,40-59,
/scratch/project_462000771/mengting/projects/bias/Wan2.1/prompt2/selected_faces/detected_unhappy/unhappy_person_0037_face0.png,White,White,Male,20-29,"[6.6136885e-01 1.7387732e-03 5.7363205e-02 3.7003667e-04 8.9072372e-04
 3.2910649e-03 2.7497730e-01]",[0.908131   0.0010792  0.00466015 0.08612963],[0.842485   0.15751491],"[2.1913218e-06 1.3673754e-04 3.2324616e-02 7.2351038e-01 2.0852107e-01
 3.1671517e-02 3.5446291e-03 2.5763904e-04 3.1263600e-05]",White,20-39,
/scratch/project_462000771/mengting/projects/bias/Wan2.1/prompt2/selected_faces/detected_unhappy/unhappy_person_0038_face0.png,White,White,Male,30-39,"[9.0827286e-01 6.2437386e-05 7.3636942e-02 2.5406219e-03 2.3407538e-03
 1.0099486e-03 1.2136459e-02]",[9.9757087e-01 3.1022293e-05 1.9144029e-03 4.8370683e-04],[9.9999714e-01 2.8711829e-06],"[3.0378493e-07 1.6381319e-06 6.7766043e-05 3.9553002e-02 6.7429215e-01
 2.8000805e-01 6.0450388e-03 3.1823354e-05 1.9908059e-07]",White,20-39,
/scratch/project_462000771/mengting/projects/bias/Wan2.1/prompt2/selected_faces/detected_unhappy/unhappy_person_0039_face0.png,White,White,Male,40-49,"[9.4479954e-01 3.9908398e-05 3.7863929e-02 5.5397570e-04 1.0814322e-03
 1.7494686e-03 1.3911699e-02]",[9.9869472e-01 3.1668092e-06 3.0598525e-04 9.9610246e-04],[9.9912465e-01 8.7537436e-04],"[7.2404505e-06 3.3863267e-05 5.7788711e-04 9.8535214e-03 1.9802363e-01
 6.2020326e-01 1.6846994e-01 2.7259078e-03 1.0472139e-04]",White,40-59,
/scratch/project_462000771/mengting/projects/bias/Wan2.1/prompt2/selected_faces/detected_unhappy/unhappy_person_0040_face0.png,White,White,Male,30-39,"[9.7705001e-01 2.5780560e-04 7.2137197e-03 1.3991042e-04 3.6466744e-04
 4.0212981e-04 1.4571754e-02]",[9.9829507e-01 9.1482718e-05 1.1257334e-03 4.8774504e-04],[0.99857104 0.00142897],"[1.7871153e-07 2.8145116e-06 8.3968410e-04 1.4899553e-01 6.0304624e-01
 2.3236877e-01 1.4575142e-02 1.6546978e-04 6.1942205e-06]",White,20-39,
/scratch/project_462000771/mengting/projects/bias/Wan2.1/prompt2/selected_faces/detected_unhappy/unhappy_person_0041_face0.png,White,White,Male,40-49,"[7.0841217e-01 9.0112109e-05 7.3286369e-02 3.0340119e-03 2.7500256e-03
 5.1773903e-03 2.0724991e-01]",[9.8865908e-01 9.8227292e-06 9.5333522e-03 1.7977338e-03],[9.9962783e-01 3.7220065e-04],"[1.4286415e-05 2.3829307e-05 3.7559029e-04 1.4737157e-02 3.3029968e-01
 5.8548182e-01 6.7983486e-02 1.0671911e-03 1.6871223e-05]",White,40-59,
/scratch/project_462000771/mengting/projects/bias/Wan2.1/prompt2/selected_faces/detected_unhappy/unhappy_person_0042_face0.png,White,White,Female,20-29,"[0.815946   0.00085955 0.03283432 0.05421145 0.03231095 0.01246582
 0.051372  ]",[7.7794278e-01 2.9577309e-04 2.2052053e-01 1.2409611e-03],[0.32230538 0.6776946 ],"[1.1833971e-04 2.4257873e-03 3.5964917e-02 3.2666981e-01 2.3787393e-01
 2.3788173e-01 1.0415361e-01 3.5266206e-02 1.9645695e-02]",White,20-39,
/scratch/project_462001220/mengting/projects_771/bias/Wan2.1/prompt2/complete_selected_faces/detected_unhappy/0043_face0.png,East Asian,White,Female,30-39,"[1.9698583e-01 3.0632407e-05 1.0630681e-01 6.1173236e-01 5.6189850e-02
 1.1104564e-03 2.7644034e-02]",[9.4704103e-01 2.7744216e-04 4.2117544e-02 1.0564034e-02],[7.251968e-04 9.992748e-01],"[2.0668426e-06 2.5671936e-04 1.2152063e-02 2.6772058e-01 5.2887517e-01
 1.7536978e-01 1.4790179e-02 7.8695104e-04 4.6502788e-05]",Asian,20-39,0.0
/scratch/project_462000771/mengting/projects/bias/Wan2.1/prompt2/selected_faces/detected_unhappy/unhappy_person_0044_face0.png,White,White,Male,30-39,"[6.6824043e-01 1.9832629e-04 3.6717929e-02 1.0291140e-04 1.5434840e-04
 5.6734201e-03 2.8891256e-01]",[9.9050468e-01 3.2700555e-04 4.4898252e-04 8.7192887e-03],[0.98539877 0.01460118],"[4.9964897e-06 8.5637257e-05 2.5341904e-03 1.3305564e-01 6.3810664e-01
 2.1906087e-01 6.9672279e-03 1.7192445e-04 1.2867658e-05]",White,20-39,
/scratch/project_462000771/mengting/projects/bias/Wan2.1/prompt2/selected_faces/detected_unhappy/unhappy_person_0045_face0.png,White,White,Female,20-29,"[8.2003623e-01 2.0871512e-04 8.9497492e-02 9.7036076e-04 1.0711164e-03
 1.2018183e-02 7.6197900e-02]",[9.8531586e-01 2.9624338e-04 1.2114157e-03 1.3176558e-02],[0.00320277 0.99679726],"[3.4314704e-05 2.6647500e-03 3.1943120e-02 3.9494121e-01 3.9049011e-01
 1.4820679e-01 2.7193809e-02 2.9038806e-03 1.6220827e-03]",White,20-39,
/scratch/project_462001220/mengting/projects_771/bias/Wan2.1/prompt2/complete_selected_faces/detected_unhappy/0046_face0.png,White,White,Male,20-29,"[6.9949818e-01 1.1664997e-04 2.1284723e-01 1.1819035e-04 2.2809737e-04
 1.2395452e-02 7.4796215e-02]",[9.5439547e-01 4.1239386e-04 1.2357752e-03 4.3956354e-02],[9.999962e-01 3.823358e-06],"[3.0588801e-08 9.5086853e-07 4.5166930e-04 5.3967559e-01 4.5364705e-01
 6.2159547e-03 8.6797345e-06 4.4876561e-08 6.4097400e-10]",White,20-39,1.0
/scratch/project_462000771/mengting/projects/bias/Wan2.1/prompt2/selected_faces/detected_unhappy/unhappy_person_0047_face0.png,East Asian,Asian,Male,10-19,"[3.0554357e-01 2.3879616e-05 3.5258865e-03 6.3674527e-01 4.2908721e-02
 8.9483027e-04 1.0357876e-02]",[0.11396796 0.00094118 0.85599273 0.02909812],[0.89738363 0.10261636],"[2.4318280e-04 4.2570658e-02 4.8735741e-01 3.7819210e-01 5.2792590e-02
 2.9421665e-02 6.1030192e-03 2.4337471e-03 8.8559493e-04]",Asian,10-19,
/scratch/project_462000771/mengting/projects/bias/Wan2.1/prompt2/selected_faces/detected_unhappy/unhappy_person_0048_face0.png,Latino_Hispanic,Indian,Male,30-39,"[0.03530445 0.02467024 0.49764127 0.01044587 0.03994563 0.33566082
 0.05633174]",[0.0462315  0.17738213 0.13913617 0.6372502 ],[9.999094e-01 9.064248e-05],"[5.3329718e-06 8.4794949e-05 1.3439022e-02 3.7060457e-01 5.4507601e-01
 6.8970412e-02 1.7227314e-03 9.5495088e-05 1.6616927e-06]",Others,20-39,
/scratch/project_462000771/mengting/projects/bias/Wan2.1/prompt2/selected_faces/detected_unhappy/unhappy_person_0049_face0.png,White,White,Female,40-49,"[7.3634279e-01 8.9466310e-05 9.3551561e-02 1.7264055e-02 5.5012745e-03
 1.7998483e-03 1.4545099e-01]",[8.92755151e-01 2.52963917e-04 1.05554536e-01 1.43730931e-03],[0.0022437 0.9977563],"[9.2786049e-06 1.3213800e-04 1.7989989e-03 1.9564951e-02 1.4050746e-01
 4.3304771e-01 3.1044900e-01 8.0043703e-02 1.4446751e-02]",White,40-59,
/scratch/project_462000771/mengting/projects/bias/Wan2.1/prompt2/selected_faces/detected_unhappy/unhappy_person_0050_face0.png,Middle Eastern,White,Male,30-39,"[2.6235873e-01 2.5330095e-03 2.9247236e-01 2.7082700e-04 1.3739581e-03
 2.6197452e-02 4.1479370e-01]",[0.9238873  0.00310701 0.00104576 0.07195992],[0.99867755 0.00132241],"[6.9428523e-07 5.2174637e-06 7.1991381e-04 8.4113039e-02 6.9313413e-01
 2.1088029e-01 1.0878166e-02 2.6144195e-04 7.1654899e-06]",Others,20-39,
/scratch/project_462000771/mengting/projects/bias/Wan2.1/prompt2/selected_faces/detected_unhappy/unhappy_person_0051_face0.png,Black,Black,Female,20-29,"[1.1481640e-03 6.2588435e-01 3.0634366e-02 1.9167468e-04 1.2503284e-03
 3.3877352e-01 2.1175938e-03]",[2.6431945e-04 8.6412346e-01 1.7470101e-04 1.3543758e-01],[0.01978078 0.98021924],"[5.3450531e-06 1.6358985e-03 1.0622091e-01 6.4031315e-01 2.2125788e-01
 2.8478025e-02 1.9357285e-03 1.4822363e-04 4.8283091e-06]",Black,20-39,
/scratch/project_462000771/mengting/projects/bias/Wan2.1/prompt2/selected_faces/detected_unhappy/unhappy_person_0052_face0.png,Latino_Hispanic,Black,Female,40-49,"[0.22243834 0.0821567  0.43903112 0.00521302 0.03088203 0.02665311
 0.19362578]",[0.00700405 0.8822455  0.04924781 0.06150271],[0.01065474 0.98934525],"[1.21408615e-04 1.06883107e-03 6.09513419e-03 2.48340145e-02
 1.40275672e-01 3.42615098e-01 3.38594943e-01 1.38279185e-01
 8.11572466e-03]",Others,40-59,
/scratch/project_462001220/mengting/projects_771/bias/Wan2.1/prompt2/complete_selected_faces/detected_unhappy/0053_face0.png,Middle Eastern,White,Male,30-39,"[3.1076241e-01 1.8838519e-04 1.7621320e-01 9.9029196e-05 7.7358668e-04
 1.3315420e-01 3.7880909e-01]",[9.9429137e-01 3.0837087e-05 1.3095087e-03 4.3682451e-03],[0.9983944  0.00160562],"[3.5080876e-07 6.7353376e-06 1.2681348e-03 1.5899950e-01 6.9681680e-01
 1.4179106e-01 1.0955567e-03 2.0471434e-05 1.3178717e-06]",White,20-39,1.0
/scratch/project_462000771/mengting/projects/bias/Wan2.1/prompt2/selected_faces/detected_unhappy/unhappy_person_0054_face0.png,White,White,Male,30-39,"[9.8451185e-01 2.7154683e-06 2.3864799e-03 6.8290079e-05 8.1550199e-05
 4.4433506e-05 1.2904604e-02]",[9.9913210e-01 9.2565742e-06 6.8219524e-04 1.7642778e-04],[9.9995458e-01 4.5430093e-05],"[1.4713287e-06 1.3177848e-05 3.3867691e-04 5.0261389e-02 6.1984122e-01
 3.2365945e-01 5.8462103e-03 3.7848735e-05 6.2098536e-07]",White,20-39,
/scratch/project_462000771/mengting/projects/bias/Wan2.1/prompt2/selected_faces/detected_unhappy/unhappy_person_0055_face0.png,Latino_Hispanic,Black,Female,40-49,"[0.08648802 0.01634797 0.7864758  0.00646741 0.00874041 0.01090431
 0.08457614]",[0.04669925 0.9006127  0.03020946 0.02247859],[0.0028192  0.99718076],"[1.6985844e-06 1.7295004e-05 6.3800102e-04 1.2620326e-02 1.9235116e-01
 4.1296539e-01 3.4076485e-01 3.9973471e-02 6.6772621e-04]",Others,40-59,
/scratch/project_462001220/mengting/projects_771/bias/Wan2.1/prompt2/complete_selected_faces/detected_unhappy/0056_face0.png,White,White,Female,20-29,"[0.36977363 0.00052888 0.26509404 0.00371655 0.01307284 0.19004513
 0.15776888]",[0.51998454 0.0024218  0.29626086 0.18133274],[0.4715586  0.52844137],"[1.9942789e-05 3.4714579e-03 1.7437960e-01 4.7154346e-01 2.4134840e-01
 9.4397247e-02 1.2488645e-02 1.8339721e-03 5.1727879e-04]",White,20-39,0.0
/scratch/project_462001220/mengting/projects_771/bias/Wan2.1/prompt2/complete_selected_faces/detected_unhappy/0057_face0.png,White,White,Female,40-49,"[9.4695407e-01 6.0989962e-05 2.2350956e-02 1.4457190e-04 2.4010174e-04
 4.6906027e-04 2.9780161e-02]",[8.8957357e-01 8.4834103e-04 5.3549330e-03 1.0422310e-01],[0.00108937 0.99891067],"[1.7086219e-07 7.1990335e-06 8.2116976e-04 4.8908703e-02 3.6998323e-01
 4.8361683e-01 8.9555308e-02 6.6504409e-03 4.5693017e-04]",White,40-59,1.0
/scratch/project_462000771/mengting/projects/bias/Wan2.1/prompt2/selected_faces/detected_unhappy/unhappy_person_0058_face0.png,Latino_Hispanic,Indian,Male,20-29,"[0.05765641 0.04131217 0.54334426 0.02489383 0.11542421 0.19994777
 0.0174213 ]",[0.10925242 0.24696551 0.30949378 0.33428836],[0.98986566 0.01013434],"[4.9137329e-06 1.5153014e-04 6.3512698e-03 5.4296285e-01 4.2105868e-01
 2.8950498e-02 5.0313876e-04 1.6413642e-05 7.4071460e-07]",Others,20-39,
/scratch/project_462001220/mengting/projects_771/bias/Wan2.1/prompt2/complete_selected_faces/detected_unhappy/0059_face0.png,White,White,Male,20-29,"[6.2233102e-01 2.7623776e-04 3.1554226e-02 2.5861987e-01 1.8658958e-02
 3.7753943e-03 6.4784303e-02]",[0.8034455  0.00139219 0.18614648 0.0090158 ],[0.99845207 0.00154791],"[4.9221273e-07 1.7969229e-05 8.1656091e-03 7.3899513e-01 2.4490981e-01
 7.8290338e-03 7.9390084e-05 2.3764653e-06 1.3424622e-07]",White,20-39,0.0
/scratch/project_462000771/mengting/projects/bias/Wan2.1/prompt2/selected_faces/detected_unhappy/unhappy_person_0060_face0.png,Latino_Hispanic,White,Male,40-49,"[3.21010083e-01 4.00027027e-03 4.30512488e-01 2.26728036e-04
 6.02374028e-04 1.02493346e-01 1.41154662e-01]",[0.9460739  0.00096267 0.00149806 0.05146537],[9.994989e-01 5.011199e-04],"[1.13494452e-05 2.54144397e-05 2.42196562e-04 1.86503939e-02
 3.97092938e-01 4.90073621e-01 9.12792757e-02 2.51381914e-03
 1.11020694e-04]",Others,40-59,
/scratch/project_462000771/mengting/projects/bias/Wan2.1/prompt2/selected_faces/detected_unhappy/unhappy_person_0061_face0.png,Middle Eastern,White,Male,40-49,"[1.4992295e-01 1.1143562e-02 2.0931067e-01 1.4444200e-04 1.0561165e-03
 8.7214261e-02 5.4120803e-01]",[0.48555008 0.06426217 0.01278048 0.43740726],[9.999640e-01 3.598094e-05],"[1.2338514e-06 2.4217545e-06 5.5864923e-05 9.8887617e-03 2.1948792e-01
 6.0232639e-01 1.6218473e-01 5.7511199e-03 3.0156790e-04]",Others,40-59,
/scratch/project_462000771/mengting/projects/bias/Wan2.1/prompt2/selected_faces/detected_unhappy/unhappy_person_0062_face0.png,Middle Eastern,White,Female,30-39,"[5.2766282e-02 1.8899586e-03 5.4588780e-02 6.8985450e-05 1.3778338e-04
 2.6346620e-03 8.8791353e-01]",[0.56276584 0.3140625  0.00419416 0.11897756],[0.00236123 0.99763876],"[1.9349454e-06 6.1619423e-05 3.6027320e-03 1.5192175e-01 5.3947961e-01
 2.4529031e-01 5.7453405e-02 2.1068125e-03 8.1752289e-05]",Others,20-39,
/scratch/project_462000771/mengting/projects/bias/Wan2.1/prompt2/selected_faces/detected_unhappy/unhappy_person_0063_face0.png,Black,Black,Male,30-39,"[9.0123200e-07 9.9978328e-01 3.3512704e-05 3.0632847e-08 1.0435559e-06
 1.8056617e-04 6.9419286e-07]",[7.5985672e-06 9.9723166e-01 2.1630879e-04 2.5445062e-03],[1.0000000e+00 2.5386264e-08],"[4.5012234e-07 3.3578886e-05 4.3605613e-03 1.9712220e-01 4.4201449e-01
 3.1922030e-01 3.7056699e-02 1.8848959e-04 3.1826310e-06]",Black,20-39,
/scratch/project_462000771/mengting/projects/bias/Wan2.1/prompt2/selected_faces/detected_unhappy/unhappy_person_0064_face0.png,White,White,Male,30-39,"[7.6938021e-01 1.7597078e-04 1.2799668e-01 1.4947628e-03 2.9372196e-03
 5.1250230e-03 9.2890114e-02]",[9.9643469e-01 1.2294916e-04 1.5139501e-03 1.9284260e-03],[9.9997056e-01 2.9475688e-05],"[2.2025270e-06 1.0580183e-04 3.0264936e-03 3.2083014e-01 6.2901914e-01
 4.6697944e-02 3.1497792e-04 3.2798278e-06 8.5826045e-08]",White,20-39,
/scratch/project_462000771/mengting/projects/bias/Wan2.1/prompt2/selected_faces/detected_unhappy/unhappy_person_0065_face0.png,White,White,Male,20-29,"[9.6257961e-01 4.2992676e-04 1.8983306e-02 2.6338406e-05 7.4580399e-05
 1.9103533e-04 1.7715147e-02]",[9.9887812e-01 1.9695946e-04 4.2561299e-04 4.9917487e-04],[9.9992985e-01 7.0186601e-05],"[7.4865272e-07 4.7259124e-05 1.1868746e-02 6.4782256e-01 3.3445165e-01
 5.7847253e-03 2.3744025e-05 5.3907286e-07 1.1800885e-08]",White,20-39,
/scratch/project_462000771/mengting/projects/bias/Wan2.1/prompt2/selected_faces/detected_unhappy/unhappy_person_0066_face0.png,White,White,Female,20-29,"[8.6626214e-01 2.7180100e-05 5.0474856e-02 1.2526523e-03 6.6159549e-04
 8.2557229e-03 7.3065855e-02]",[9.7197294e-01 2.3918427e-04 2.9741726e-03 2.4813706e-02],[0.00676537 0.99323463],"[4.6454028e-07 5.2981301e-05 1.6489092e-02 4.8043451e-01 4.1523594e-01
 8.5878693e-02 1.8621881e-03 4.3376418e-05 2.7363308e-06]",White,20-39,
/scratch/project_462000771/mengting/projects/bias/Wan2.1/prompt2/selected_faces/detected_unhappy/unhappy_person_0067_face0.png,White,White,Female,20-29,"[9.9939477e-01 3.7555093e-08 3.2513475e-05 2.7713304e-06 1.2754778e-06
 2.1183444e-06 5.6648260e-04]",[9.9898940e-01 3.0726798e-05 7.4495026e-04 2.3495044e-04],[0.00381323 0.9961868 ],"[2.0833591e-08 7.3424271e-06 1.6612235e-02 7.1574426e-01 2.3780712e-01
 2.9471071e-02 3.5098448e-04 6.1592327e-06 7.6664213e-07]",White,20-39,
/scratch/project_462000771/mengting/projects/bias/Wan2.1/prompt2/selected_faces/detected_unhappy/unhappy_person_0068_face0.png,White,White,Male,30-39,"[9.9223852e-01 7.2171561e-06 1.8740884e-03 1.2256950e-03 7.1849790e-04
 4.4892793e-05 3.8911086e-03]",[9.9280423e-01 4.7632634e-06 6.6433419e-03 5.4768677e-04],[9.9998808e-01 1.1930062e-05],"[2.8388007e-07 3.1966099e-06 2.8178745e-04 1.4601031e-01 7.1802187e-01
 1.3340884e-01 2.2504264e-03 2.2720784e-05 4.5499434e-07]",White,20-39,
/scratch/project_462000771/mengting/projects/bias/Wan2.1/prompt2/selected_faces/detected_unhappy/unhappy_person_0069_face0.png,White,White,Male,40-49,"[9.2917669e-01 9.3896597e-06 8.3627915e-03 3.6162691e-04 2.7465713e-04
 3.9441572e-04 6.1420437e-02]",[9.9566984e-01 1.3387183e-05 3.3830728e-03 9.3371229e-04],[0.8265237  0.17347632],"[3.4982135e-05 2.9041027e-04 1.0186692e-02 9.1634564e-02 2.3470272e-01
 4.0851569e-01 2.1803607e-01 3.0115267e-02 6.4836196e-03]",White,40-59,
/scratch/project_462000771/mengting/projects/bias/Wan2.1/prompt2/selected_faces/detected_unhappy/unhappy_person_0070_face0.png,East Asian,Asian,Female,20-29,"[1.7865872e-01 1.0674083e-04 1.8873077e-02 5.1253217e-01 1.9689509e-01
 4.3794038e-03 8.8554829e-02]",[3.6952600e-01 6.0097408e-04 6.2241375e-01 7.4592531e-03],[0.11037964 0.8896203 ],"[9.43789346e-05 3.22560384e-03 3.39571424e-02 3.09643328e-01
 2.12209895e-01 1.99093685e-01 1.08714536e-01 6.59467354e-02
 6.71146512e-02]",Asian,20-39,
/scratch/project_462000771/mengting/projects/bias/Wan2.1/prompt2/selected_faces/detected_unhappy/unhappy_person_0071_face0.png,White,White,Male,30-39,"[4.3491623e-01 1.2494311e-02 3.5827324e-01 7.8563709e-05 1.2453020e-03
 6.4781168e-03 1.8651421e-01]",[0.855428   0.01629704 0.00103913 0.1272358 ],[9.9999851e-01 1.4796399e-06],"[1.7779377e-07 7.0289325e-06 7.3152301e-03 4.0076011e-01 5.2228469e-01
 6.7315251e-02 2.2710424e-03 4.5215686e-05 1.2788315e-06]",White,20-39,
/scratch/project_462000771/mengting/projects/bias/Wan2.1/prompt2/selected_faces/detected_unhappy/unhappy_person_0072_face0.png,White,White,Male,40-49,"[0.5697329  0.00233995 0.16615272 0.00071263 0.00725255 0.10697644
 0.14683281]",[0.7856431  0.00624872 0.00308762 0.20502059],[0.99650925 0.00349077],"[4.0382606e-06 1.8579416e-05 1.8852443e-03 1.7486817e-01 3.0471268e-01
 3.3246475e-01 1.4148241e-01 3.5382982e-02 9.1810832e-03]",White,40-59,
/scratch/project_462000771/mengting/projects/bias/Wan2.1/prompt2/selected_faces/detected_unhappy/unhappy_person_0073_face0.png,Middle Eastern,White,Male,30-39,"[3.95773172e-01 2.52837257e-04 1.88756436e-02 1.43702255e-05
 7.17761577e-05 9.06835217e-03 5.75943828e-01]",[9.9515283e-01 6.1724953e-05 1.4183676e-04 4.6436568e-03],[9.9910802e-01 8.9198514e-04],"[2.2951528e-05 7.1233073e-05 6.5189094e-04 3.3042200e-02 4.7151390e-01
 4.3803033e-01 5.4414250e-02 2.0671058e-03 1.8613756e-04]",White,20-39,
/scratch/project_462000771/mengting/projects/bias/Wan2.1/prompt2/selected_faces/detected_unhappy/unhappy_person_0074_face0.png,Latino_Hispanic,White,Male,20-29,"[0.24793407 0.01877181 0.33208495 0.00075995 0.00232312 0.10497032
 0.29315582]",[0.36073413 0.2389921  0.0653021  0.3349717 ],[0.9948721  0.00512786],"[5.5256510e-07 1.7396653e-05 4.1324939e-03 5.4846591e-01 4.3668130e-01
 1.0551505e-02 1.4508821e-04 5.4852549e-06 1.8233692e-07]",Others,20-39,
/scratch/project_462000771/mengting/projects/bias/Wan2.1/prompt2/selected_faces/detected_unhappy/unhappy_person_0075_face0.png,White,White,Male,40-49,"[0.7175119  0.00346107 0.10373153 0.0010611  0.00264867 0.02667916
 0.14490663]",[9.7459745e-01 1.0375870e-04 2.0909403e-02 4.3893610e-03],[0.98386055 0.0161395 ],"[4.0042574e-05 1.7978117e-04 7.0713891e-04 1.7563729e-02 3.1284726e-01
 5.7835776e-01 8.6851135e-02 3.1561358e-03 2.9708794e-04]",White,40-59,
/scratch/project_462000771/mengting/projects/bias/Wan2.1/prompt2/selected_faces/detected_unhappy/unhappy_person_0076_face0.png,White,White,Male,30-39,"[6.2001300e-01 9.5947029e-04 1.7324768e-01 2.3342487e-05 8.5287065e-05
 7.2326455e-03 1.9843854e-01]",[0.9482493  0.00936654 0.00143268 0.04095155],[9.9999106e-01 8.9537998e-06],"[1.9407406e-07 4.4093927e-06 1.6362495e-03 3.6487520e-01 5.7567960e-01
 5.6819834e-02 9.7492745e-04 9.4052675e-06 1.6731460e-07]",White,20-39,
/scratch/project_462000771/mengting/projects/bias/Wan2.1/prompt2/selected_faces/detected_unhappy/unhappy_person_0077_face0.png,White,Asian,Male,30-39,"[0.47687754 0.00296591 0.14833912 0.04122716 0.04532765 0.00965768
 0.275605  ]",[0.05995133 0.00875404 0.86170435 0.06959027],[0.9942328  0.00576719],"[1.2290628e-05 2.0821224e-04 4.4111786e-03 1.6509707e-01 5.0851315e-01
 2.8758857e-01 3.2559995e-02 1.4548837e-03 1.5461353e-04]",White,20-39,
/scratch/project_462000771/mengting/projects/bias/Wan2.1/prompt2/selected_faces/detected_unhappy/unhappy_person_0078_face0.png,Middle Eastern,Indian,Female,40-49,"[7.7365659e-02 1.7089312e-04 2.3727199e-01 1.5919793e-03 1.4748605e-03
 5.2847207e-02 6.2927735e-01]",[0.3304305  0.00209    0.00902015 0.65845937],[9.935640e-04 9.990064e-01],"[6.6209935e-07 1.3472087e-05 7.5261202e-04 1.6657723e-02 1.8815131e-01
 5.1757598e-01 2.6005888e-01 1.6224867e-02 5.6449196e-04]",Others,40-59,
/scratch/project_462000771/mengting/projects/bias/Wan2.1/prompt2/selected_faces/detected_unhappy/unhappy_person_0079_face0.png,Black,Indian,Male,30-39,"[5.7140966e-03 4.5400399e-01 1.6461532e-01 2.2089003e-04 3.1365731e-03
 3.6727288e-01 5.0363052e-03]",[0.00235357 0.1780455  0.00130474 0.8182962 ],[9.9994123e-01 5.8792004e-05],"[1.1344845e-05 4.7220110e-05 3.4675255e-04 4.2969871e-02 6.1194009e-01
 3.3087295e-01 1.3565629e-02 2.3853144e-04 7.5316125e-06]",Black,20-39,
/scratch/project_462000771/mengting/projects/bias/Wan2.1/prompt2/selected_faces/detected_unhappy/unhappy_person_0080_face0.png,White,White,Male,40-49,"[8.4074086e-01 1.8564123e-04 5.9986547e-02 2.0938285e-03 2.9422587e-03
 3.6455393e-03 9.0405241e-02]",[9.6416169e-01 4.3752385e-04 8.0271512e-03 2.7373701e-02],[9.999222e-01 7.773055e-05],"[1.32201385e-05 7.51654807e-05 6.31529721e-04 2.00459138e-02
 3.23922902e-01 5.26265204e-01 1.26844242e-01 2.12330115e-03
 7.85133670e-05]",White,40-59,
/scratch/project_462000771/mengting/projects/bias/Wan2.1/prompt2/selected_faces/detected_unhappy/unhappy_person_0081_face0.png,Latino_Hispanic,Indian,Male,40-49,"[6.6895626e-02 5.2610062e-02 3.7376118e-01 7.4136071e-05 3.8403829e-04
 2.9403475e-01 2.1224028e-01]",[1.0801127e-02 2.3320323e-02 4.6426337e-04 9.6541429e-01],[9.9980932e-01 1.9070785e-04],"[5.5411242e-06 2.4179195e-05 1.2461450e-04 9.3966788e-03 4.2558262e-01
 5.4350537e-01 2.1211157e-02 1.4726692e-04 2.6719706e-06]",Others,40-59,
/scratch/project_462000771/mengting/projects/bias/Wan2.1/prompt2/selected_faces/detected_unhappy/unhappy_person_0082_face0.png,White,White,Male,20-29,"[9.3671662e-01 6.1975291e-04 3.5187941e-02 4.0985257e-04 1.2283659e-03
 2.8009468e-03 2.3036510e-02]",[9.9136645e-01 1.7190778e-04 1.7865942e-03 6.6749896e-03],[0.9964777  0.00352226],"[1.2272632e-06 5.1202402e-05 1.8988686e-02 6.3401836e-01 2.6065099e-01
 7.1964644e-02 1.2638227e-02 1.4041892e-03 2.8242913e-04]",White,20-39,
/scratch/project_462000771/mengting/projects/bias/Wan2.1/prompt2/selected_faces/detected_unhappy/unhappy_person_0083_face0.png,Middle Eastern,Indian,Male,30-39,"[2.8865331e-01 7.9853396e-04 2.3820272e-01 4.5027911e-05 2.5678310e-04
 6.5389052e-02 4.0665454e-01]",[4.0421334e-01 6.3435985e-03 3.0624177e-04 5.8913684e-01],[9.9951804e-01 4.8198516e-04],"[3.1475295e-07 1.7328740e-06 1.8464086e-04 6.2694833e-02 6.6641665e-01
 2.6500991e-01 5.6208754e-03 6.8936984e-05 2.0628395e-06]",White,20-39,
/scratch/project_462001220/mengting/projects_771/bias/Wan2.1/prompt2/complete_selected_faces/detected_unhappy/0084_face0.png,White,White,Female,40-49,"[9.1028053e-01 2.7151668e-04 3.8250599e-02 1.9035196e-02 1.6253758e-02
 8.9598255e-04 1.5012431e-02]",[0.8860487  0.00300612 0.08221415 0.0287311 ],[0.4352953 0.5647047],"[4.6769746e-05 1.9085031e-03 3.1890649e-02 2.1045107e-01 2.5921440e-01
 3.1148541e-01 1.6031554e-01 1.9050499e-02 5.6371335e-03]",White,40-59,0.0
/scratch/project_462000771/mengting/projects/bias/Wan2.1/prompt2/selected_faces/detected_unhappy/unhappy_person_0085_face0.png,White,White,Male,30-39,"[5.9159672e-01 2.4574273e-04 1.0159018e-01 6.2441535e-02 2.2642765e-02
 6.2821903e-03 2.1520084e-01]",[9.5009589e-01 3.3368226e-04 3.8659420e-02 1.0910953e-02],[9.9987471e-01 1.2534154e-04],"[2.2468301e-05 1.9366946e-04 1.0539367e-03 9.7024336e-02 6.3786823e-01
 2.5840324e-01 5.3596511e-03 7.3175805e-05 1.2940072e-06]",White,20-39,
/scratch/project_462000771/mengting/projects/bias/Wan2.1/prompt2/selected_faces/detected_unhappy/unhappy_person_0086_face0.png,White,White,Male,30-39,"[7.1786255e-01 2.0265780e-04 3.9172370e-02 2.9590104e-03 1.4068716e-03
 4.3651876e-03 2.3403136e-01]",[0.96533734 0.00232322 0.02208308 0.01025634],[9.9982941e-01 1.7062749e-04],"[1.1669115e-05 5.6046138e-05 8.1181544e-04 6.2860087e-02 5.7656580e-01
 3.4816000e-01 1.1417006e-02 1.1590048e-04 1.7813861e-06]",White,20-39,
/scratch/project_462000771/mengting/projects/bias/Wan2.1/prompt2/selected_faces/detected_unhappy/unhappy_person_0087_face0.png,White,White,Male,30-39,"[8.7883228e-01 1.7514896e-04 3.8885150e-02 1.8836315e-03 1.1760326e-03
 1.1760929e-03 7.7871628e-02]",[9.9405462e-01 3.5168976e-04 4.7776946e-03 8.1603893e-04],[9.9960828e-01 3.9177106e-04],"[1.19695915e-05 3.13215423e-05 5.36004896e-04 1.38386428e-01
 7.16554642e-01 1.42107025e-01 2.33947719e-03 3.22038723e-05
 8.86055545e-07]",White,20-39,
/scratch/project_462000771/mengting/projects/bias/Wan2.1/prompt2/selected_faces/detected_unhappy/unhappy_person_0088_face0.png,White,White,Male,30-39,"[8.50667059e-01 3.79755220e-05 2.48581562e-02 2.63758033e-04
 3.99532088e-04 5.05562685e-03 1.18717894e-01]",[9.9938631e-01 3.0744934e-06 1.4832984e-04 4.6234648e-04],[9.994388e-01 5.611989e-04],"[4.9482437e-06 1.2827371e-04 2.5527698e-03 3.5456851e-01 6.1531299e-01
 2.7350608e-02 8.1349957e-05 5.4335203e-07 1.1189678e-08]",White,20-39,
/scratch/project_462000771/mengting/projects/bias/Wan2.1/prompt2/selected_faces/detected_unhappy/unhappy_person_0089_face0.png,White,White,Male,20-29,"[9.9836028e-01 4.1866880e-07 2.8497391e-04 2.7348270e-04 1.8950739e-04
 8.7823937e-06 8.8255433e-04]",[9.9529356e-01 5.1957591e-05 4.0321662e-03 6.2233227e-04],[0.5654255  0.43457454],"[2.2917131e-06 7.3140452e-04 6.8682671e-02 6.6928434e-01 2.0777842e-01
 5.1438700e-02 1.9913614e-03 7.3925476e-05 1.6839575e-05]",White,20-39,
/scratch/project_462000771/mengting/projects/bias/Wan2.1/prompt2/selected_faces/detected_unhappy/unhappy_person_0090_face0.png,White,White,Female,70+,"[9.0354866e-01 1.9871900e-04 3.1033535e-03 1.9346382e-02 5.0234701e-02
 8.6696437e-03 1.4898644e-02]",[0.8925429  0.00291021 0.05083708 0.05370986],[0.14619412 0.85380596],"[2.8420618e-04 1.9532659e-03 9.7389733e-03 1.6804239e-01 8.5146271e-02
 1.1708839e-01 5.3254303e-02 1.0297573e-01 4.6151650e-01]",White,60+,
/scratch/project_462000771/mengting/projects/bias/Wan2.1/prompt2/selected_faces/detected_unhappy/unhappy_person_0091_face0.png,Middle Eastern,White,Male,30-39,"[1.3258235e-01 4.6344368e-05 3.8341563e-02 7.2684865e-03 5.5588004e-03
 2.3249853e-02 7.9295266e-01]",[9.5532554e-01 5.0991533e-05 2.1777255e-02 2.2846261e-02],[9.9917704e-01 8.2292582e-04],"[4.2539568e-06 5.7494239e-05 6.8660066e-03 3.1149381e-01 4.8880228e-01
 1.7831029e-01 1.3730389e-02 6.6355569e-04 7.1884613e-05]",White,20-39,
/scratch/project_462000771/mengting/projects/bias/Wan2.1/prompt2/selected_faces/detected_unhappy/unhappy_person_0092_face0.png,Black,Black,Male,30-39,"[4.2053685e-05 9.9164027e-01 5.6046678e-04 3.4884049e-06 5.4975717e-05
 7.6676989e-03 3.0924872e-05]",[6.3993762e-06 9.8986530e-01 3.8399532e-05 1.0089825e-02],[9.9963820e-01 3.6184126e-04],"[1.2185184e-05 2.7377263e-04 7.6962272e-03 3.0344397e-01 5.6284034e-01
 1.2207273e-01 3.5882273e-03 6.9127018e-05 3.4256386e-06]",Black,20-39,
/scratch/project_462000771/mengting/projects/bias/Wan2.1/prompt2/selected_faces/detected_unhappy/unhappy_person_0093_face0.png,East Asian,Asian,Male,20-29,"[2.3646556e-02 1.1983901e-04 1.1670864e-01 5.8988512e-01 2.6206976e-01
 1.2900740e-03 6.2800124e-03]",[2.9070668e-03 2.1270334e-05 9.9653924e-01 5.3235830e-04],[0.9884487  0.01155132],"[1.84442451e-05 2.38425354e-03 1.53267890e-01 5.43033242e-01
 2.56042868e-01 4.18599583e-02 3.13276774e-03 2.46008800e-04
 1.46372695e-05]",Asian,20-39,
/scratch/project_462000771/mengting/projects/bias/Wan2.1/prompt2/selected_faces/detected_unhappy/unhappy_person_0094_face0.png,Southeast Asian,White,Male,20-29,"[0.21938369 0.00062093 0.23036401 0.09417521 0.29525882 0.03119842
 0.12899892]",[9.8396194e-01 4.5649966e-04 9.8896315e-03 5.6919246e-03],[0.70092076 0.29907927],"[2.9876173e-05 1.5235743e-03 4.0086925e-02 3.6630300e-01 3.2291004e-01
 2.1447846e-01 4.4844445e-02 7.1269879e-03 2.6966541e-03]",Asian,20-39,
/scratch/project_462000771/mengting/projects/bias/Wan2.1/prompt2/selected_faces/detected_unhappy/unhappy_person_0095_face0.png,White,White,Male,30-39,"[8.1195045e-01 4.4173954e-04 3.8507771e-02 8.0471030e-03 5.0836671e-03
 4.9799802e-03 1.3098940e-01]",[9.8218024e-01 5.6369253e-04 1.3724747e-03 1.5883543e-02],[0.81802434 0.18197566],"[1.4877693e-04 1.0487491e-03 8.5571986e-03 3.4733337e-01 4.0621853e-01
 1.8843177e-01 3.5921086e-02 7.5989161e-03 4.7415784e-03]",White,20-39,
/scratch/project_462000771/mengting/projects/bias/Wan2.1/prompt2/selected_faces/detected_unhappy/unhappy_person_0096_face0.png,Latino_Hispanic,White,Male,30-39,"[2.8933585e-01 1.1935090e-03 4.1545877e-01 1.3932626e-04 8.7967172e-04
 2.4253147e-02 2.6873976e-01]",[0.67945653 0.0179807  0.01015392 0.2924088 ],[9.9998492e-01 1.5085172e-05],"[6.9772291e-08 2.3534758e-06 8.0517592e-04 3.7284485e-01 6.0961914e-01
 1.6659487e-02 6.8366353e-05 5.8252829e-07 8.8683683e-09]",Others,20-39,
/scratch/project_462000771/mengting/projects/bias/Wan2.1/prompt2/selected_faces/detected_unhappy/unhappy_person_0097_face0.png,White,White,Male,40-49,"[9.9701679e-01 6.6392698e-07 4.7969745e-04 9.0564718e-06 8.5046850e-06
 1.6891312e-05 2.4684782e-03]",[9.9890566e-01 5.2932275e-05 5.3566310e-04 5.0579349e-04],[9.9996012e-01 3.9902137e-05],"[7.9454376e-06 2.2704429e-05 2.1208172e-04 3.6180350e-03 1.0173418e-01
 6.3403010e-01 2.5807497e-01 2.2527759e-03 4.7253397e-05]",White,40-59,
/scratch/project_462000771/mengting/projects/bias/Wan2.1/prompt2/selected_faces/detected_unhappy/unhappy_person_0098_face0.png,White,White,Male,30-39,"[0.54918486 0.00176571 0.14269568 0.00098971 0.00136706 0.02862174
 0.27537522]",[0.9004443  0.00426171 0.00191147 0.09338255],[0.99895936 0.00104067],"[5.3381355e-06 5.3556741e-05 1.2589822e-03 1.2152561e-01 6.2195104e-01
 2.4032652e-01 1.4503557e-02 3.5855849e-04 1.6789414e-05]",White,20-39,
/scratch/project_462000771/mengting/projects/bias/Wan2.1/prompt2/selected_faces/detected_unhappy/unhappy_person_0099_face0.png,Black,Black,Male,20-29,"[2.0280480e-05 9.6776360e-01 2.1755316e-03 1.9209774e-05 1.0849106e-03
 2.8912442e-02 2.4041157e-05]",[7.7017437e-05 9.7742814e-01 7.4179674e-04 2.1753022e-02],[9.9999428e-01 5.7732805e-06],"[1.6319502e-06 3.9600651e-04 2.4061808e-02 4.7476524e-01 4.3789703e-01
 6.0941435e-02 1.8863694e-03 4.7762718e-05 2.5988243e-06]",Black,20-39,
/scratch/project_462000771/mengting/projects/bias/Wan2.1/prompt2/selected_faces/detected_unhappy/unhappy_person_0100_face0.png,Black,Black,Male,40-49,"[1.81849543e-07 9.99984562e-01 3.18539060e-06 1.95835987e-08
 1.09725036e-07 1.17658592e-05 1.17417216e-07]",[8.6326537e-07 9.9947119e-01 2.1309772e-05 5.0667376e-04],[9.9996555e-01 3.4428631e-05],"[3.4985442e-07 7.0725628e-06 1.9775674e-04 4.0640019e-02 3.6104485e-01
 5.4700178e-01 4.9949650e-02 1.1012361e-03 5.7347759e-05]",Black,40-59,
/scratch/project_462000771/mengting/projects/bias/Wan2.1/prompt2/selected_faces/detected_unhappy/unhappy_person_0101_face0.png,White,White,Male,30-39,"[8.9657581e-01 4.7807689e-04 8.3384916e-02 2.9725721e-03 1.7836592e-03
 1.7772341e-03 1.3027657e-02]",[0.9645596  0.00449828 0.00430731 0.02663481],[9.9998933e-01 1.0667547e-05],"[1.4988781e-07 1.7474122e-06 1.7342719e-04 1.1682772e-01 7.2533023e-01
 1.5538418e-01 2.2637877e-03 1.8580551e-05 1.9790345e-07]",White,20-39,
/scratch/project_462000771/mengting/projects/bias/Wan2.1/prompt2/selected_faces/detected_unhappy/unhappy_person_0102_face0.png,White,White,Male,30-39,"[9.7268844e-01 1.7869491e-04 1.5830847e-02 2.7933906e-04 2.1346901e-04
 3.6584956e-04 1.0443452e-02]",[9.9920869e-01 4.6156094e-04 1.4839915e-04 1.8130027e-04],[0.98688936 0.01311062],"[3.9691173e-07 8.9583564e-06 1.4813214e-03 2.5935847e-01 6.8686014e-01
 5.1860802e-02 4.2695974e-04 2.8273057e-06 1.2583568e-07]",White,20-39,
/scratch/project_462001220/mengting/projects_771/bias/Wan2.1/prompt2/complete_selected_faces/detected_unhappy/0103_face0.png,White,Indian,Male,20-29,"[7.0976067e-01 2.5487193e-04 9.5050670e-02 1.4411357e-04 5.6382344e-04
 1.4884794e-01 4.5377884e-02]",[0.24334475 0.00119874 0.0070336  0.7484229 ],[9.9999881e-01 1.1764779e-06],"[2.7943954e-06 1.3141848e-04 8.5620163e-03 5.0686038e-01 4.4796640e-01
 3.6243286e-02 2.3096141e-04 2.7234512e-06 3.8714067e-08]",White,20-39,1.0
/scratch/project_462000771/mengting/projects/bias/Wan2.1/prompt2/selected_faces/detected_unhappy/unhappy_person_0104_face0.png,Indian,Indian,Male,30-39,"[3.1217286e-02 8.4520001e-03 3.4477425e-01 1.3102288e-04 8.8791799e-04
 4.8178771e-01 1.3274986e-01]",[0.04621907 0.01777688 0.00238489 0.9336192 ],[9.9996632e-01 3.3694236e-05],"[6.5571617e-06 1.4366693e-04 7.3651718e-03 4.6919155e-01 4.9205741e-01
 3.0933628e-02 2.9369272e-04 8.0796199e-06 1.8393659e-07]",Others,20-39,
/scratch/project_462000771/mengting/projects/bias/Wan2.1/prompt2/selected_faces/detected_unhappy/unhappy_person_0105_face0.png,East Asian,Asian,Male,30-39,"[0.0876928  0.00184006 0.10402177 0.5101934  0.24206895 0.00541924
 0.04876385]",[0.11681208 0.00317871 0.87132037 0.00868885],[0.62795246 0.37204757],"[2.3479067e-04 3.7217997e-03 2.3358872e-02 1.7889220e-01 2.7169356e-01
 2.4642220e-01 1.9551423e-01 6.1255842e-02 1.8906567e-02]",Asian,20-39,
/scratch/project_462000771/mengting/projects/bias/Wan2.1/prompt2/selected_faces/detected_unhappy/unhappy_person_0106_face0.png,White,White,Male,30-39,"[0.35801584 0.01451672 0.26002097 0.000508   0.00186247 0.09776483
 0.26731122]",[0.8916266  0.01443753 0.01261386 0.08132198],[9.9999523e-01 4.7235180e-06],"[1.8769433e-06 3.7806920e-05 1.1935269e-03 3.0321357e-01 6.2745577e-01
 6.7332134e-02 7.4261398e-04 2.1755965e-05 9.5735413e-07]",White,20-39,
/scratch/project_462000771/mengting/projects/bias/Wan2.1/prompt2/selected_faces/detected_unhappy/unhappy_person_0107_face0.png,White,White,Male,20-29,"[0.56969976 0.00150227 0.11967559 0.04177291 0.08766869 0.1114287
 0.0682521 ]",[0.6171206  0.02133339 0.25617754 0.10536846],[0.99875396 0.00124608],"[1.5392736e-05 6.8991736e-04 3.0765487e-02 5.1888615e-01 3.4301132e-01
 9.7605743e-02 7.6919585e-03 1.1251047e-03 2.0893502e-04]",White,20-39,
/scratch/project_462000771/mengting/projects/bias/Wan2.1/prompt2/selected_faces/detected_unhappy/unhappy_person_0108_face0.png,White,White,Male,40-49,"[6.8432719e-01 5.1868806e-04 6.2676571e-02 4.6058130e-02 5.7013322e-02
 3.0975859e-03 1.4630862e-01]",[0.8492429  0.00384054 0.12062287 0.02629375],[0.95475566 0.04524431],"[8.8257300e-05 5.4829323e-04 8.8941334e-03 1.6644141e-01 1.9727632e-01
 2.8562057e-01 2.2112754e-01 8.6579233e-02 3.3424199e-02]",White,40-59,
/scratch/project_462000771/mengting/projects/bias/Wan2.1/prompt2/selected_faces/detected_unhappy/unhappy_person_0109_face0.png,White,White,Male,40-49,"[4.8223355e-01 4.3499531e-05 6.3944623e-02 2.4052354e-04 6.1873812e-04
 1.6121211e-02 4.3679786e-01]",[9.9780142e-01 9.2619035e-07 2.8745422e-05 2.1689299e-03],[0.96783525 0.03216481],"[2.6446132e-05 1.4574212e-04 5.0871056e-03 4.5014776e-02 2.2181274e-01
 4.9164757e-01 2.1436693e-01 1.8436702e-02 3.4620091e-03]",White,40-59,
/scratch/project_462000771/mengting/projects/bias/Wan2.1/prompt2/selected_faces/detected_unhappy/unhappy_person_0110_face0.png,Indian,White,Male,40-49,"[2.6495989e-02 3.9068609e-03 1.6800590e-02 4.6337966e-04 6.1267726e-03
 7.0330000e-01 2.4290636e-01]",[0.54266256 0.01167598 0.00891264 0.4367488 ],[0.9979408  0.00205926],"[3.1202931e-06 1.5330728e-05 7.8803551e-04 2.6181618e-02 1.3186768e-01
 4.5577309e-01 3.2811821e-01 4.7287207e-02 9.9657821e-03]",Others,40-59,
/scratch/project_462001220/mengting/projects_771/bias/Wan2.1/prompt2/complete_selected_faces/detected_unhappy/0111_face0.png,East Asian,Asian,Female,20-29,"[9.7383253e-02 1.0475893e-04 3.9143302e-02 5.1455808e-01 3.4237799e-01
 2.1134792e-03 4.3190946e-03]",[0.10377117 0.00242259 0.88653463 0.00727156],[0.03336725 0.9666327 ],"[1.2372095e-05 1.3131059e-03 4.9980883e-02 6.1435568e-01 2.5102943e-01
 6.7783721e-02 1.1299959e-02 3.1664905e-03 1.0583258e-03]",Asian,20-39,0.0
/scratch/project_462000771/mengting/projects/bias/Wan2.1/prompt2/selected_faces/detected_unhappy/unhappy_person_0112_face0.png,White,White,Male,20-29,"[0.59649044 0.0011516  0.17817214 0.14691637 0.05183505 0.00113747
 0.0242969 ]",[0.7862001  0.00145784 0.192907   0.01943503],[0.9249457  0.07505426],"[2.8968319e-07 1.9978954e-05 1.0982382e-02 5.4993278e-01 4.0066668e-01
 3.7255276e-02 1.0923538e-03 4.8109257e-05 2.1248084e-06]",White,20-39,
/scratch/project_462000771/mengting/projects/bias/Wan2.1/prompt2/selected_faces/detected_unhappy/unhappy_person_0113_face0.png,Middle Eastern,White,Male,30-39,"[0.28799257 0.00070096 0.04553803 0.00407803 0.00680792 0.00591877
 0.64896375]",[9.8236084e-01 1.5628367e-04 1.6213624e-02 1.2692355e-03],[0.9988468  0.00115322],"[7.5121650e-05 3.3057612e-04 4.8840665e-03 1.7535813e-01 4.2940229e-01
 3.1015253e-01 6.9351010e-02 9.2546502e-03 1.1916229e-03]",White,20-39,
/scratch/project_462000771/mengting/projects/bias/Wan2.1/prompt2/selected_faces/detected_unhappy/unhappy_person_0114_face0.png,White,White,Female,30-39,"[6.0676491e-01 6.0968272e-05 2.9814360e-01 9.9482341e-03 9.7627742e-03
 5.3671459e-03 6.9952235e-02]",[9.4528896e-01 3.4597598e-04 4.8051629e-02 6.3134399e-03],[0.00291903 0.997081  ],"[3.3278836e-06 2.4825893e-04 9.9752508e-03 2.3524101e-01 4.7397605e-01
 2.2758941e-01 4.8307505e-02 4.3313121e-03 3.2795971e-04]",White,20-39,
/scratch/project_462000771/mengting/projects/bias/Wan2.1/prompt2/selected_faces/detected_unhappy/unhappy_person_0115_face0.png,White,White,Female,20-29,"[0.610218   0.0014551  0.24232332 0.0244234  0.02439907 0.00375548
 0.09342561]",[0.8428565  0.05264208 0.09709484 0.00740655],[0.2810452 0.7189548],"[6.0028447e-07 4.4359542e-05 2.7340954e-02 5.3753459e-01 3.6651859e-01
 6.4828031e-02 3.4906121e-03 2.0920878e-04 3.3019522e-05]",White,20-39,
/scratch/project_462001220/mengting/projects_771/bias/Wan2.1/prompt2/complete_selected_faces/detected_unhappy/0116_face0.png,East Asian,White,Female,20-29,"[0.34607777 0.00171665 0.02382455 0.36632705 0.24601626 0.00855262
 0.00748507]",[7.8304178e-01 4.1505165e-04 2.1578455e-01 7.5866276e-04],[0.06054927 0.9394508 ],"[0.00150495 0.12812403 0.18084633 0.4686596  0.15392405 0.05584114
 0.00854256 0.00164251 0.00091483]",Asian,20-39,0.0
/scratch/project_462000771/mengting/projects/bias/Wan2.1/prompt2/selected_faces/detected_unhappy/unhappy_person_0117_face0.png,Latino_Hispanic,White,Male,20-29,"[0.19665043 0.00245851 0.40702128 0.00340821 0.00741941 0.01674266
 0.36629948]",[0.91706437 0.02590957 0.03795075 0.01907524],[9.9991137e-01 8.8669636e-05],"[9.9160206e-07 2.8958108e-05 1.0850863e-02 5.0865942e-01 4.4576874e-01
 3.3868708e-02 7.9329300e-04 2.7750924e-05 1.2251261e-06]",Others,20-39,
/scratch/project_462000771/mengting/projects/bias/Wan2.1/prompt2/selected_faces/detected_unhappy/unhappy_person_0118_face0.png,Middle Eastern,White,Male,30-39,"[3.47728252e-01 1.12405214e-04 4.66878377e-02 5.32163074e-04
 2.32464939e-04 2.62054568e-03 6.02086365e-01]",[9.9219871e-01 3.5161771e-05 1.4645141e-03 6.3016452e-03],[9.9992365e-01 7.6346958e-05],"[5.0071008e-05 1.0684072e-04 6.7991666e-03 2.2371964e-01 4.7632191e-01
 2.5414354e-01 3.7374072e-02 1.4591647e-03 2.5567371e-05]",White,20-39,
/scratch/project_462000771/mengting/projects/bias/Wan2.1/prompt2/selected_faces/detected_unhappy/unhappy_person_0119_face0.png,White,White,Female,30-39,"[0.3919563  0.00199108 0.3101294  0.00485893 0.00759881 0.00984333
 0.2736221 ]",[0.93502635 0.01499327 0.03703408 0.01294625],[0.0518069  0.94819313],"[3.4730049e-06 7.2329189e-05 5.5300067e-03 1.0975847e-01 4.2628971e-01
 3.6663818e-01 8.2822934e-02 7.7454536e-03 1.1394980e-03]",White,20-39,
/scratch/project_462000771/mengting/projects/bias/Wan2.1/prompt2/selected_faces/detected_unhappy/unhappy_person_0120_face0.png,Black,Black,Male,40-49,"[2.4233218e-06 9.9914223e-01 2.4754967e-04 1.0859882e-06 2.6156096e-05
 5.7917211e-04 1.4657287e-06]",[8.0597183e-06 9.9850416e-01 2.6681696e-04 1.2209369e-03],[9.9996299e-01 3.7003003e-05],"[8.0629716e-06 6.4549095e-05 4.4256356e-04 2.7814599e-02 3.7776241e-01
 5.4081231e-01 5.2372832e-02 6.9449056e-04 2.8131482e-05]",Black,40-59,
/scratch/project_462000771/mengting/projects/bias/Wan2.1/prompt2/selected_faces/detected_unhappy/unhappy_person_0121_face0.png,White,Asian,Female,50-59,"[7.0000267e-01 2.1416103e-04 1.5693045e-01 1.3652465e-02 2.4377543e-02
 1.2312375e-03 1.0359142e-01]",[2.2197214e-01 1.6547124e-04 7.7735215e-01 5.1024609e-04],[0.08579118 0.9142089 ],"[4.10337234e-05 1.58431008e-03 1.76114626e-02 2.05815900e-02
 1.11221664e-01 3.07275414e-01 4.04545486e-01 1.12107515e-01
 2.50314679e-02]",White,40-59,
/scratch/project_462000771/mengting/projects/bias/Wan2.1/prompt2/selected_faces/detected_unhappy/unhappy_person_0122_face0.png,White,White,Male,30-39,"[7.1936190e-01 1.3823803e-04 7.9839386e-02 2.4107324e-03 2.0341871e-03
 1.4326695e-03 1.9478290e-01]",[0.97525173 0.00257463 0.00899363 0.01317994],[9.9999839e-01 1.6388974e-06],"[9.6041867e-07 2.7881772e-06 2.7123114e-04 1.7752118e-01 6.9755381e-01
 1.2205749e-01 2.5274300e-03 6.3964326e-05 1.1701906e-06]",White,20-39,
/scratch/project_462000771/mengting/projects/bias/Wan2.1/prompt2/selected_faces/detected_unhappy/unhappy_person_0123_face0.png,White,White,Female,40-49,"[9.9651068e-01 9.3904500e-06 1.7649289e-03 4.0354716e-04 3.2971567e-04
 2.5913983e-05 9.5589086e-04]",[9.9569410e-01 2.4191843e-04 3.4001009e-03 6.6389091e-04],[0.00824452 0.99175555],"[1.0112348e-05 3.3059908e-04 1.0570629e-02 8.1382841e-02 2.3055509e-01
 4.6440849e-01 1.8318859e-01 2.5098113e-02 4.4554584e-03]",White,40-59,
/scratch/project_462000771/mengting/projects/bias/Wan2.1/prompt2/selected_faces/detected_unhappy/unhappy_person_0124_face0.png,White,White,Male,30-39,"[9.4410390e-01 4.3901629e-04 4.1819721e-02 4.4949680e-05 1.9744395e-04
 2.2054408e-04 1.3174513e-02]",[9.9958169e-01 5.2678031e-05 4.2295953e-05 3.2335822e-04],[9.999838e-01 1.620777e-05],"[7.3182946e-07 3.7805181e-05 3.6588490e-03 3.2520846e-01 5.8967268e-01
 8.0419235e-02 9.8871067e-04 1.3236779e-05 2.9430140e-07]",White,20-39,
/scratch/project_462000771/mengting/projects/bias/Wan2.1/prompt2/selected_faces/detected_unhappy/unhappy_person_0125_face0.png,White,White,Male,10-19,"[5.1590914e-01 2.4910887e-05 9.6344933e-02 4.0621078e-03 1.0743405e-02
 1.2596937e-02 3.6031851e-01]",[9.6702802e-01 1.2943399e-04 1.3288543e-02 1.9553941e-02],[0.9316001  0.06839991],"[2.7808393e-05 1.5156841e-02 6.4962447e-01 2.7262515e-01 5.2056991e-02
 9.9941380e-03 4.5585545e-04 4.8523249e-05 1.0229307e-05]",White,10-19,
/scratch/project_462000771/mengting/projects/bias/Wan2.1/prompt2/selected_faces/detected_unhappy/unhappy_person_0126_face0.png,White,White,Male,20-29,"[6.0200435e-01 4.0314775e-05 1.9982874e-02 1.0825616e-04 2.5122336e-04
 1.5530668e-03 3.7605992e-01]",[9.9225944e-01 2.5039836e-04 1.2417592e-04 7.3660542e-03],[9.9998134e-01 1.8656301e-05],"[9.7532499e-08 3.5562534e-06 1.5112153e-03 5.2238160e-01 4.6301505e-01
 1.3000704e-02 8.6961802e-05 8.0116911e-07 2.6292303e-08]",White,20-39,
/scratch/project_462000771/mengting/projects/bias/Wan2.1/prompt2/selected_faces/detected_unhappy/unhappy_person_0127_face0.png,White,White,Male,30-39,"[5.6924444e-01 3.4523451e-05 5.6731284e-02 8.7436120e-04 9.8353799e-04
 2.3688922e-02 3.4844300e-01]",[8.58824611e-01 6.99294251e-05 1.28071055e-01 1.30344555e-02],[9.9995589e-01 4.4148674e-05],"[5.8264300e-06 9.3773036e-05 3.8220233e-03 3.3727682e-01 6.1578035e-01
 4.2736761e-02 2.8283850e-04 1.6493489e-06 3.3779109e-08]",White,20-39,
/scratch/project_462000771/mengting/projects/bias/Wan2.1/prompt2/selected_faces/detected_unhappy/unhappy_person_0128_face0.png,White,White,Male,20-29,"[9.9582011e-01 1.0445881e-06 3.7339877e-04 2.2212083e-03 7.9095608e-04
 2.3794430e-05 7.6944783e-04]",[9.6922851e-01 1.1823337e-05 3.0367473e-02 3.9221664e-04],[0.89515954 0.10484044],"[4.2811163e-05 3.1145196e-03 1.1369714e-01 4.1075402e-01 1.5150085e-01
 1.9622333e-01 8.8215642e-02 1.8860970e-02 1.7590690e-02]",White,20-39,
/scratch/project_462000771/mengting/projects/bias/Wan2.1/prompt2/selected_faces/detected_unhappy/unhappy_person_0129_face0.png,East Asian,Asian,Female,20-29,"[0.08141443 0.00080213 0.01497335 0.6797142  0.1782774  0.00740531
 0.03741327]",[2.0204417e-01 2.0564513e-04 7.9429883e-01 3.4513329e-03],[0.04042202 0.959578  ],"[0.00409616 0.059961   0.05724546 0.3141206  0.21954794 0.20590766
 0.06092203 0.02991727 0.04828193]",Asian,20-39,
/scratch/project_462000771/mengting/projects/bias/Wan2.1/prompt2/selected_faces/detected_unhappy/unhappy_person_0130_face0.png,White,White,Female,60-69,"[0.39230588 0.01637247 0.36330032 0.03671003 0.06413625 0.04254937
 0.08462562]",[9.0168434e-01 5.6834519e-04 9.4117180e-02 3.6301441e-03],[0.26268828 0.7373117 ],"[9.4106377e-05 1.0222563e-03 7.6495660e-03 4.0056109e-02 1.0965252e-01
 2.2357577e-01 2.0802079e-01 2.3614837e-01 1.7378055e-01]",White,60+,
/scratch/project_462000771/mengting/projects/bias/Wan2.1/prompt2/selected_faces/detected_unhappy/unhappy_person_0131_face0.png,White,White,Male,20-29,"[7.6991433e-01 2.3184008e-04 4.2321902e-02 2.9730033e-03 3.2473446e-03
 9.2615318e-03 1.7205007e-01]",[9.9418104e-01 5.0903094e-04 1.1820997e-03 4.1278163e-03],[0.9888425  0.01115755],"[2.2343572e-07 7.1504373e-06 1.4963446e-03 4.9091527e-01 4.8869297e-01
 1.8724220e-02 1.6033057e-04 3.3161893e-06 2.1834147e-07]",White,20-39,
/scratch/project_462000771/mengting/projects/bias/Wan2.1/prompt2/selected_faces/detected_unhappy/unhappy_person_0132_face0.png,Black,Black,Male,10-19,"[2.6795931e-05 9.9808276e-01 5.9545902e-04 2.1531083e-05 1.2834626e-04
 1.1025161e-03 4.2649674e-05]",[8.8297893e-05 9.8609465e-01 6.2142999e-04 1.3195652e-02],[0.9101461 0.0898539],"[1.2791101e-03 3.2475567e-01 3.7690315e-01 1.8153174e-01 8.0634981e-02
 3.0453289e-02 4.0925886e-03 2.7443602e-04 7.5105592e-05]",Black,10-19,
/scratch/project_462000771/mengting/projects/bias/Wan2.1/prompt2/selected_faces/detected_unhappy/unhappy_person_0133_face0.png,White,White,Male,30-39,"[8.9063394e-01 1.2488609e-05 2.2673922e-02 2.3745142e-05 3.7588747e-05
 1.4906899e-03 8.5127637e-02]",[9.9773365e-01 2.9421162e-05 3.5463963e-04 1.8821859e-03],[9.9991280e-01 8.7196386e-05],"[1.4826657e-06 4.6969390e-06 4.6170477e-04 8.1581675e-02 6.7087877e-01
 2.3859586e-01 8.4293727e-03 4.5859866e-05 6.3806732e-07]",White,20-39,
/scratch/project_462000771/mengting/projects/bias/Wan2.1/prompt2/selected_faces/detected_unhappy/unhappy_person_0134_face0.png,White,White,Male,30-39,"[4.3482006e-01 4.1767012e-04 4.0822583e-01 3.9038190e-04 6.9065153e-04
 5.2398194e-02 1.0305712e-01]",[9.7915703e-01 4.2647557e-04 7.5540645e-03 1.2862401e-02],[9.9977970e-01 2.2024653e-04],"[1.3510150e-06 1.1648605e-05 3.8902721e-04 5.6852508e-02 6.5256739e-01
 2.8127253e-01 8.8494597e-03 5.5073881e-05 1.0007142e-06]",White,20-39,
/scratch/project_462001220/mengting/projects_771/bias/Wan2.1/prompt2/complete_selected_faces/detected_unhappy/0135_face0.png,White,White,Male,30-39,"[8.81199181e-01 1.07836234e-03 5.68926521e-02 1.25854596e-04
 1.17424584e-04 1.97428325e-03 5.86122125e-02]",[9.966543e-01 1.356886e-04 6.586000e-04 2.551399e-03],[9.999823e-01 1.764604e-05],"[3.5535215e-06 3.8953954e-06 3.9198472e-05 2.3099344e-02 5.5210507e-01
 4.0986687e-01 1.4724947e-02 1.5535139e-04 1.8953850e-06]",White,20-39,1.0
/scratch/project_462000771/mengting/projects/bias/Wan2.1/prompt2/selected_faces/detected_unhappy/unhappy_person_0136_face0.png,White,White,Male,30-39,"[7.0354003e-01 1.5498293e-04 2.0084524e-01 1.4569014e-03 2.1008598e-03
 4.1021197e-03 8.7799855e-02]",[9.7904372e-01 4.5083791e-05 1.8936267e-02 1.9748630e-03],[9.9977815e-01 2.2190744e-04],"[4.56210614e-07 3.12053362e-06 1.07846943e-04 1.06797785e-01
 8.18234086e-01 7.45629147e-02 2.92011275e-04 1.76474521e-06
 2.29590444e-08]",White,20-39,
/scratch/project_462000771/mengting/projects/bias/Wan2.1/prompt2/selected_faces/detected_unhappy/unhappy_person_0137_face0.png,White,White,Female,30-39,"[0.4769577  0.01291623 0.38690892 0.01302726 0.00913598 0.00773194
 0.09332202]",[9.9072605e-01 9.9924975e-05 8.4141465e-03 7.5990404e-04],[9.710292e-04 9.990289e-01],"[1.5266392e-05 5.2451034e-04 8.2914829e-03 1.0123676e-01 4.1903639e-01
 4.0740496e-01 5.8127783e-02 4.9710725e-03 3.9179233e-04]",White,20-39,
/scratch/project_462000771/mengting/projects/bias/Wan2.1/prompt2/selected_faces/detected_unhappy/unhappy_person_0138_face0.png,Middle Eastern,White,Male,40-49,"[3.8977057e-01 8.1771752e-04 1.6629460e-01 3.5735857e-04 6.9438154e-04
 1.1426684e-02 4.3063861e-01]",[9.4859999e-01 4.8679393e-04 3.8256004e-02 1.2657220e-02],[9.994948e-01 5.052779e-04],"[2.8246393e-06 1.0804586e-05 3.7421120e-04 2.5711071e-02 4.6647069e-01
 4.7388074e-01 3.2992449e-02 5.4415024e-04 1.3115015e-05]",White,40-59,
/scratch/project_462000771/mengting/projects/bias/Wan2.1/prompt2/selected_faces/detected_unhappy/unhappy_person_0139_face0.png,Middle Eastern,White,Male,30-39,"[0.2418331  0.00171384 0.22967742 0.00669365 0.0093399  0.04070372
 0.47003832]",[8.42641115e-01 7.70626822e-04 1.18148446e-01 3.84398550e-02],[9.9982983e-01 1.7019855e-04],"[1.4165361e-05 1.4592888e-04 5.2283639e-03 1.8789753e-01 5.0021237e-01
 2.7832350e-01 2.7501153e-02 6.5351248e-04 2.3483366e-05]",White,20-39,
/scratch/project_462000771/mengting/projects/bias/Wan2.1/prompt2/selected_faces/detected_unhappy/unhappy_person_0140_face0.png,White,White,Male,30-39,"[9.0551960e-01 8.3035213e-04 2.9779937e-02 2.5347533e-02 1.1307450e-02
 1.5703866e-03 2.5644826e-02]",[0.88873637 0.00306245 0.06800462 0.04019663],[9.9903631e-01 9.6367905e-04],"[3.7364502e-05 1.8443198e-04 2.3161527e-03 1.1490981e-01 5.5650192e-01
 2.9590380e-01 2.9453086e-02 6.5861101e-04 3.4859808e-05]",White,20-39,
/scratch/project_462000771/mengting/projects/bias/Wan2.1/prompt2/selected_faces/detected_unhappy/unhappy_person_0141_face0.png,White,White,Male,20-29,"[9.9750119e-01 2.5921176e-07 2.6477134e-04 1.6056879e-04 5.0910599e-05
 9.4461038e-06 2.0127911e-03]",[9.8104668e-01 3.4959082e-06 1.8904028e-02 4.5912915e-05],[9.9998939e-01 1.0591398e-05],"[7.88699666e-08 3.58260445e-06 2.71749101e-03 5.60109615e-01
 4.18609172e-01 1.84436217e-02 1.14918366e-04 1.52406665e-06
 3.57442396e-08]",White,20-39,
/scratch/project_462000771/mengting/projects/bias/Wan2.1/prompt2/selected_faces/detected_unhappy/unhappy_person_0142_face0.png,White,White,Male,30-39,"[0.4838229  0.0004931  0.13176474 0.00342341 0.00773654 0.0138012
 0.35895807]",[9.9518228e-01 3.9632640e-05 2.6528415e-04 4.5128115e-03],[0.8364855  0.16351448],"[2.4381376e-05 8.1597862e-04 2.8446890e-02 2.7611011e-01 3.9396814e-01
 2.4647458e-01 5.0202947e-02 3.3694545e-03 5.8752060e-04]",White,20-39,
/scratch/project_462000771/mengting/projects/bias/Wan2.1/prompt2/selected_faces/detected_unhappy/unhappy_person_0143_face0.png,Southeast Asian,Asian,Female,30-39,"[0.14155492 0.00057199 0.15174778 0.150616   0.4579855  0.01245961
 0.08506414]",[0.25917584 0.00073322 0.5087972  0.23129374],[8.5585419e-04 9.9914414e-01],"[1.3348422e-05 5.7259883e-04 2.2081628e-02 1.8093324e-01 3.5382372e-01
 3.1998760e-01 1.0425072e-01 1.5474473e-02 2.8626297e-03]",Asian,20-39,
/scratch/project_462000771/mengting/projects/bias/Wan2.1/prompt2/selected_faces/detected_unhappy/unhappy_person_0144_face0.png,White,White,Male,40-49,"[8.0978131e-01 1.5892225e-04 1.5092739e-01 1.3190515e-04 2.4945397e-04
 6.7242724e-03 3.2026764e-02]",[9.6073639e-01 8.0792973e-04 1.3520797e-03 3.7103504e-02],[9.996479e-01 3.521087e-04],"[2.3207165e-06 1.0945460e-05 2.1500266e-04 1.7758086e-02 4.7954196e-01
 4.7989896e-01 2.2440022e-02 1.3139159e-04 1.3213401e-06]",White,40-59,
/scratch/project_462000771/mengting/projects/bias/Wan2.1/prompt2/selected_faces/detected_unhappy/unhappy_person_0145_face0.png,White,White,Male,20-29,"[9.9623853e-01 2.5654799e-05 1.2927713e-03 1.4446862e-04 2.7877223e-04
 6.3522493e-05 1.9562566e-03]",[0.9722233  0.00271799 0.01629794 0.00876084],[0.60780936 0.39219067],"[1.0441424e-05 6.5966346e-04 2.4242029e-02 4.9390924e-01 3.6524799e-01
 1.0461193e-01 1.0544295e-02 5.9840316e-04 1.7607203e-04]",White,20-39,
/scratch/project_462000771/mengting/projects/bias/Wan2.1/prompt2/selected_faces/detected_unhappy/unhappy_person_0146_face0.png,White,White,Female,20-29,"[0.66559744 0.00229487 0.23045397 0.00479524 0.00645661 0.02871747
 0.06168431]",[0.5457602  0.01589023 0.01829047 0.4200591 ],[0.01477654 0.9852234 ],"[2.06471977e-05 5.87911718e-03 6.74337745e-02 4.86848414e-01
 3.13315690e-01 1.12770356e-01 1.30491471e-02 5.70272387e-04
 1.12606584e-04]",White,20-39,
/scratch/project_462000771/mengting/projects/bias/Wan2.1/prompt2/selected_faces/detected_unhappy/unhappy_person_0147_face0.png,Latino_Hispanic,White,Female,50-59,"[0.08180037 0.02525316 0.49240816 0.00170219 0.0025884  0.03013974
 0.366108  ]",[0.521222   0.22959322 0.00971403 0.23947069],[0.01295073 0.9870493 ],"[3.9385061e-05 5.4754136e-04 1.0584486e-02 5.7145827e-02 2.1050338e-01
 3.1289110e-01 3.4215692e-01 6.3710481e-02 2.4209036e-03]",Others,40-59,
/scratch/project_462000771/mengting/projects/bias/Wan2.1/prompt2/selected_faces/detected_unhappy/unhappy_person_0148_face0.png,White,White,Female,20-29,"[5.8021325e-01 3.3227855e-04 2.6680611e-02 4.5145802e-02 9.0134129e-02
 8.5891187e-02 1.7160273e-01]",[0.5612552  0.00301373 0.26877946 0.16695154],[0.34759405 0.6524059 ],"[0.0003531  0.00300293 0.03111268 0.34221777 0.21252301 0.26950058
 0.0774076  0.02907087 0.03481143]",White,20-39,
/scratch/project_462000771/mengting/projects/bias/Wan2.1/prompt2/selected_faces/detected_unhappy/unhappy_person_0149_face0.png,White,White,Male,40-49,"[8.6866879e-01 4.7910897e-05 4.2225767e-02 3.1891197e-03 2.0337957e-03
 1.4733291e-02 6.9101296e-02]",[9.6181566e-01 1.2743127e-04 8.4196785e-03 2.9637247e-02],[0.99892515 0.00107485],"[1.7041765e-04 9.4340032e-04 1.7049339e-03 2.4544084e-02 3.3137664e-01
 5.6951463e-01 7.1121037e-02 6.0596789e-04 1.8887675e-05]",White,40-59,
/scratch/project_462001220/mengting/projects_771/bias/Wan2.1/prompt2/complete_selected_faces/detected_unhappy/0150_face0.png,Latino_Hispanic,White,Male,30-39,"[3.0126220e-01 2.3169136e-02 3.5711104e-01 8.5361826e-05 9.2783931e-04
 1.3752536e-01 1.7991903e-01]",[0.579882   0.03241092 0.00207636 0.38563073],[0.9971119  0.00288809],"[2.0029693e-06 2.8212833e-05 5.4981495e-04 4.8015203e-02 6.5941525e-01
 2.8202233e-01 9.8104412e-03 1.5155686e-04 5.1751163e-06]",Others,20-39,1.0
/scratch/project_462000771/mengting/projects/bias/Wan2.1/prompt2/selected_faces/detected_unhappy/unhappy_person_0151_face0.png,East Asian,Asian,Female,50-59,"[1.4339082e-02 2.8998138e-05 1.0664512e-02 7.4891722e-01 2.2472899e-01
 2.7951819e-04 1.0415904e-03]",[5.3247448e-02 1.7252758e-05 9.4588947e-01 8.4582722e-04],[3.389120e-04 9.996611e-01],"[7.7398399e-06 4.1477126e-04 3.4087347e-03 4.6867717e-02 1.6870984e-01
 2.6799425e-01 3.1102902e-01 1.6519609e-01 3.6371805e-02]",Asian,40-59,
/scratch/project_462000771/mengting/projects/bias/Wan2.1/prompt2/selected_faces/detected_unhappy/unhappy_person_0152_face0.png,White,White,Female,30-39,"[0.5115736  0.00057305 0.16716725 0.04844917 0.01313852 0.01151742
 0.24758106]",[0.8388401  0.00351113 0.11790948 0.03973921],[0.13019659 0.8698034 ],"[2.8261695e-06 1.4359805e-04 1.0027183e-02 2.7885449e-01 5.3593719e-01
 1.5937173e-01 1.3866502e-02 1.5400104e-03 2.5657134e-04]",White,20-39,
/scratch/project_462000771/mengting/projects/bias/Wan2.1/prompt2/selected_faces/detected_unhappy/unhappy_person_0153_face0.png,Middle Eastern,White,Female,30-39,"[3.3816743e-01 3.4521468e-05 1.0521952e-01 1.5419876e-03 6.4579555e-04
 7.5497925e-03 5.4684097e-01]",[9.9613458e-01 1.1613267e-04 6.5189874e-04 3.0973800e-03],[8.6904725e-04 9.9913090e-01],"[2.1142195e-07 2.6968808e-05 1.3973050e-02 4.3300253e-01 4.6743929e-01
 8.2781650e-02 2.7076516e-03 6.6216875e-05 2.4471558e-06]",White,20-39,
/scratch/project_462000771/mengting/projects/bias/Wan2.1/prompt2/selected_faces/detected_unhappy/unhappy_person_0154_face0.png,White,White,Female,20-29,"[7.1920639e-01 6.2559397e-05 1.5323626e-02 8.0177386e-05 7.2711286e-05
 1.9025389e-03 2.6335204e-01]",[9.940060e-01 8.504094e-05 7.932267e-05 5.829697e-03],[0.00782781 0.99217224],"[2.3231289e-06 3.6071756e-04 3.9868217e-02 5.7094347e-01 3.1761962e-01
 6.6941231e-02 3.9493018e-03 2.6736897e-04 4.7688271e-05]",White,20-39,
/scratch/project_462000771/mengting/projects/bias/Wan2.1/prompt2/selected_faces/detected_unhappy/unhappy_person_0155_face0.png,Latino_Hispanic,Indian,Male,30-39,"[0.06807997 0.00740023 0.3871832  0.00148506 0.00416964 0.37774467
 0.1539372 ]",[0.0704425  0.01156508 0.02444516 0.8935473 ],[9.9951756e-01 4.8248691e-04],"[2.7003191e-05 1.8522580e-04 1.6316994e-03 7.8039318e-02 6.1328620e-01
 2.9571357e-01 1.0991621e-02 1.2157284e-04 3.8382072e-06]",Others,20-39,
/scratch/project_462000771/mengting/projects/bias/Wan2.1/prompt2/selected_faces/detected_unhappy/unhappy_person_0156_face0.png,White,White,Male,20-29,"[9.5913416e-01 6.2832632e-04 2.0798922e-02 4.3614381e-03 6.0729249e-03
 3.5238679e-04 8.6518181e-03]",[9.9311155e-01 8.8965468e-04 4.7390722e-03 1.2597082e-03],[9.9997562e-01 2.4345632e-05],"[6.9370265e-07 2.8430863e-05 4.3863850e-03 5.2877760e-01 4.2676318e-01
 3.8421758e-02 1.5815764e-03 3.8616425e-05 1.8264745e-06]",White,20-39,
/scratch/project_462000771/mengting/projects/bias/Wan2.1/prompt2/selected_faces/detected_unhappy/unhappy_person_0157_face0.png,Latino_Hispanic,Black,Male,30-39,"[0.03540602 0.34353185 0.40092215 0.00711079 0.04105379 0.09107997
 0.0808954 ]",[0.01261378 0.9218341  0.00977386 0.05577828],[9.9999756e-01 2.4379005e-06],"[3.0492661e-06 2.9424362e-05 1.1054847e-03 2.7128306e-01 6.3679409e-01
 8.9482658e-02 1.2666859e-03 3.4508801e-05 1.0254706e-06]",Others,20-39,
/scratch/project_462000771/mengting/projects/bias/Wan2.1/prompt2/selected_faces/detected_unhappy/unhappy_person_0158_face0.png,East Asian,Asian,Male,20-29,"[1.72540128e-01 2.05848391e-05 1.46720847e-02 7.06925929e-01
 1.02359675e-01 1.13862951e-03 2.34298641e-03]",[2.8374410e-01 2.2328962e-04 7.1558762e-01 4.4494701e-04],[0.8898279  0.11017211],"[8.6908422e-06 7.2727265e-04 5.0886799e-02 5.6374687e-01 2.6000163e-01
 1.0134499e-01 1.7059291e-02 5.1976480e-03 1.0267559e-03]",Asian,20-39,
/scratch/project_462000771/mengting/projects/bias/Wan2.1/prompt2/selected_faces/detected_unhappy/unhappy_person_0159_face0.png,Middle Eastern,Indian,Male,40-49,"[0.04379677 0.00147964 0.2514194  0.00632242 0.02429337 0.06563992
 0.60704845]",[0.14206068 0.00875031 0.18950579 0.65968317],[9.993474e-01 6.526366e-04],"[1.9774114e-05 6.0696973e-05 1.5451496e-03 5.1470567e-02 3.9186925e-01
 4.8834282e-01 6.3812859e-02 2.7508910e-03 1.2814117e-04]",Others,40-59,
/scratch/project_462000771/mengting/projects/bias/Wan2.1/prompt2/selected_faces/detected_unhappy/unhappy_person_0160_face0.png,Latino_Hispanic,Indian,Male,30-39,"[0.00741058 0.01616756 0.55276114 0.04376252 0.1474391  0.23027462
 0.00218455]",[0.00542138 0.17440651 0.13969114 0.68048096],[9.9998438e-01 1.5584536e-05],"[9.0397307e-06 2.4439776e-05 3.7603974e-04 7.1306601e-02 6.1715102e-01
 3.0105552e-01 9.9411607e-03 1.3440590e-04 1.7352830e-06]",Others,20-39,
/scratch/project_462001220/mengting/projects_771/bias/Wan2.1/prompt2/complete_selected_faces/detected_unhappy/0161_face0.png,White,White,Female,40-49,"[8.4827137e-01 3.0660077e-03 8.3797157e-02 3.0708761e-04 8.6790347e-04
 3.4587935e-02 2.9102538e-02]",[8.9936888e-01 1.9170630e-03 6.5483944e-04 9.8059237e-02],[0.02024884 0.97975117],"[6.1339138e-06 1.2914820e-04 2.9303008e-03 6.5799117e-02 2.1895048e-01
 3.8683474e-01 2.4519430e-01 5.8044817e-02 2.2110958e-02]",White,40-59,1.0
/scratch/project_462000771/mengting/projects/bias/Wan2.1/prompt2/selected_faces/detected_unhappy/unhappy_person_0162_face0.png,White,White,Male,40-49,"[7.6256531e-01 1.2387149e-04 3.2303900e-02 9.1331324e-04 9.2354743e-04
 2.3960788e-03 2.0077406e-01]",[0.9154332  0.0019099  0.01707305 0.0655838 ],[9.9996793e-01 3.2099531e-05],"[3.2292912e-06 1.3646983e-05 2.2958255e-04 1.7044103e-02 4.2038915e-01
 5.4088706e-01 2.1313848e-02 1.1743001e-04 1.9641413e-06]",White,40-59,
/scratch/project_462000771/mengting/projects/bias/Wan2.1/prompt2/selected_faces/detected_unhappy/unhappy_person_0163_face0.png,White,White,Male,30-39,"[9.51572835e-01 1.19192875e-04 3.60305235e-02 2.59511499e-03
 1.56651274e-03 1.55389978e-04 7.96044059e-03]",[9.961318e-01 7.439546e-05 2.457452e-03 1.336377e-03],[0.9988269  0.00117308],"[5.8522238e-07 2.5069305e-06 2.5936880e-04 1.3729966e-01 7.0241070e-01
 1.5456074e-01 5.3812112e-03 8.3464925e-05 1.8831832e-06]",White,20-39,
/scratch/project_462001220/mengting/projects_771/bias/Wan2.1/prompt2/complete_selected_faces/detected_unhappy/0164_face0.png,White,White,Female,30-39,"[9.6784872e-01 2.7920973e-05 2.1414218e-02 2.7721468e-04 7.8896806e-04
 2.6615671e-04 9.3767317e-03]",[9.9480724e-01 6.4243563e-04 2.2495112e-03 2.3006671e-03],[0.01926158 0.9807384 ],"[1.0910258e-06 5.7573863e-05 3.8442493e-03 8.1889398e-02 4.3035546e-01
 4.2537430e-01 5.6217607e-02 2.0283123e-03 2.3205679e-04]",White,20-39,1.0
/scratch/project_462000771/mengting/projects/bias/Wan2.1/prompt2/selected_faces/detected_unhappy/unhappy_person_0165_face0.png,Black,Black,Male,30-39,"[8.6693526e-06 9.9883461e-01 4.8966199e-04 4.6524397e-06 7.6821118e-05
 5.7762390e-04 7.9046677e-06]",[1.7684657e-05 9.9678886e-01 2.2625338e-04 2.9671555e-03],[9.9998349e-01 1.6504699e-05],"[1.9566187e-05 3.9807797e-04 2.9132585e-03 2.3015425e-01 6.1442000e-01
 1.4645045e-01 5.5881832e-03 5.2824245e-05 3.4538530e-06]",Black,20-39,
/scratch/project_462000771/mengting/projects/bias/Wan2.1/prompt2/selected_faces/detected_unhappy/unhappy_person_0166_face0.png,Middle Eastern,White,Male,30-39,"[0.22334574 0.00074093 0.37540936 0.00162227 0.00345491 0.00838835
 0.38703844]",[9.725638e-01 5.933673e-04 1.991045e-03 2.485182e-02],[9.9998558e-01 1.4482975e-05],"[1.9909245e-07 1.2949158e-06 1.6992935e-04 6.5576561e-02 7.8260660e-01
 1.5025005e-01 1.3881092e-03 7.2052471e-06 9.6402978e-08]",Others,20-39,
/scratch/project_462000771/mengting/projects/bias/Wan2.1/prompt2/selected_faces/detected_unhappy/unhappy_person_0167_face0.png,White,White,Male,20-29,"[7.77065337e-01 1.13735034e-04 1.29916612e-02 1.19895802e-03
 4.71108360e-03 1.89614464e-02 1.84957802e-01]",[0.8966365  0.00360483 0.02741138 0.07234737],[0.72071725 0.27928275],"[5.0337981e-06 3.8121617e-04 4.1276645e-02 5.3487515e-01 2.6246500e-01
 1.4053018e-01 1.6943866e-02 2.1875524e-03 1.3353293e-03]",White,20-39,
/scratch/project_462001220/mengting/projects_771/bias/Wan2.1/prompt2/complete_selected_faces/detected_unhappy/0168_face0.png,White,White,Female,20-29,"[9.4892764e-01 3.5287967e-06 8.8441642e-03 2.3787050e-02 5.0040642e-03
 1.3198283e-04 1.3301596e-02]",[8.5455441e-01 8.4576386e-06 1.3966557e-01 5.7716263e-03],[0.03323885 0.9667612 ],"[3.7496397e-06 8.9351431e-04 1.4265096e-01 5.2193058e-01 2.3926495e-01
 8.6597562e-02 8.0720540e-03 5.2975817e-04 5.6876506e-05]",White,20-39,1.0
/scratch/project_462000771/mengting/projects/bias/Wan2.1/prompt2/selected_faces/detected_unhappy/unhappy_person_0169_face0.png,White,Asian,Female,30-39,"[4.5801470e-01 8.2170314e-05 2.1045785e-01 1.5329048e-01 1.1262005e-01
 1.5666306e-02 4.9868409e-02]",[3.8860297e-01 5.0049439e-06 6.1092347e-01 4.6857257e-04],[0.00640428 0.9935957 ],"[3.9481943e-06 1.3549914e-04 6.6055958e-03 2.5912982e-01 5.0801229e-01
 2.0791724e-01 1.7349452e-02 8.0294441e-04 4.3209959e-05]",White,20-39,
/scratch/project_462000771/mengting/projects/bias/Wan2.1/prompt2/selected_faces/detected_unhappy/unhappy_person_0170_face0.png,Black,Black,Male,30-39,"[3.9118386e-04 9.8299849e-01 1.1483624e-02 3.5186094e-05 7.2742358e-04
 3.9502461e-03 4.1371296e-04]",[1.1925444e-03 9.7153795e-01 9.2953705e-04 2.6339991e-02],[9.9999869e-01 1.3284592e-06],"[2.0761879e-06 6.7016357e-05 3.2473153e-03 4.0098405e-01 5.3890443e-01
 5.5901442e-02 8.8326645e-04 1.0142801e-05 3.1656404e-07]",Black,20-39,
/scratch/project_462000771/mengting/projects/bias/Wan2.1/prompt2/selected_faces/detected_unhappy/unhappy_person_0171_face0.png,Latino_Hispanic,White,Male,30-39,"[0.04406677 0.18582919 0.38251755 0.00043326 0.00549115 0.25508094
 0.12658118]",[0.7024215  0.04178467 0.01196656 0.24382733],[9.9932396e-01 6.7600980e-04],"[2.7051171e-06 1.9252600e-05 1.0465365e-03 1.3107282e-01 6.6358155e-01
 1.9434981e-01 9.4275214e-03 4.6481311e-04 3.5061275e-05]",Others,20-39,
/scratch/project_462000771/mengting/projects/bias/Wan2.1/prompt2/selected_faces/detected_unhappy/unhappy_person_0172_face0.png,White,White,Male,20-29,"[6.9220889e-01 1.7802171e-04 1.6188663e-01 2.7363351e-02 3.3129808e-02
 1.0614490e-02 7.4618846e-02]",[9.9529517e-01 2.4655703e-05 4.5084190e-03 1.7170908e-04],[0.60409325 0.39590678],"[1.9879528e-06 8.8536210e-05 3.0077703e-02 6.3439626e-01 2.6816356e-01
 6.2115937e-02 4.7672219e-03 3.4415591e-04 4.4556367e-05]",White,20-39,
/scratch/project_462000771/mengting/projects/bias/Wan2.1/prompt2/selected_faces/detected_unhappy/unhappy_person_0173_face0.png,Southeast Asian,Asian,Female,30-39,"[7.2022721e-02 3.0458005e-04 1.1905486e-01 2.6571748e-01 5.0889874e-01
 2.1051787e-02 1.2949932e-02]",[0.03929302 0.00224841 0.93233365 0.02612497],[0.01440306 0.98559695],"[7.4349125e-05 5.0020353e-03 4.6299785e-02 2.7303144e-01 3.4501916e-01
 2.5136018e-01 6.4952441e-02 1.1465606e-02 2.7950485e-03]",Asian,20-39,
/scratch/project_462000771/mengting/projects/bias/Wan2.1/prompt2/selected_faces/detected_unhappy/unhappy_person_0174_face0.png,White,White,Male,30-39,"[9.0699303e-01 5.5303884e-04 6.3224539e-02 4.1236035e-03 1.0728119e-02
 4.5717116e-03 9.8059587e-03]",[9.9323213e-01 4.8403890e-04 1.4055220e-03 4.8783063e-03],[0.98579645 0.01420359],"[4.79129858e-06 1.08495832e-03 2.66936906e-02 4.19847071e-01
 4.19883996e-01 1.23327576e-01 8.95539392e-03 1.78332702e-04
 2.41544167e-05]",White,20-39,
/scratch/project_462000771/mengting/projects/bias/Wan2.1/prompt2/selected_faces/detected_unhappy/unhappy_person_0175_face0.png,White,White,Male,20-29,"[7.4970621e-01 5.8804471e-06 8.8694759e-02 3.1672712e-02 3.6626656e-02
 5.1641753e-03 8.8129640e-02]",[8.45118046e-01 1.14910355e-04 1.04825579e-01 4.99414392e-02],[0.99685377 0.0031463 ],"[5.1397412e-05 2.7191794e-02 3.1889379e-01 3.7950000e-01 1.8077616e-01
 8.6469397e-02 6.6275722e-03 4.4709005e-04 4.2646127e-05]",White,20-39,
/scratch/project_462000771/mengting/projects/bias/Wan2.1/prompt2/selected_faces/detected_unhappy/unhappy_person_0176_face0.png,White,White,Male,30-39,"[9.8433471e-01 8.4988578e-06 7.5316313e-03 5.5923763e-05 8.6020431e-05
 3.5960376e-04 7.6236771e-03]",[9.9734026e-01 1.4905150e-05 4.0778614e-04 2.2370850e-03],[9.9996895e-01 3.1074935e-05],"[2.1070466e-07 5.7428251e-06 6.6100800e-04 3.9429685e-01 5.7952827e-01
 2.5393480e-02 1.1389755e-04 5.1850617e-07 1.1720486e-08]",White,20-39,
/scratch/project_462000771/mengting/projects/bias/Wan2.1/prompt2/selected_faces/detected_unhappy/unhappy_person_0177_face0.png,Latino_Hispanic,White,Male,40-49,"[1.5128490e-01 2.9379732e-04 4.3520415e-01 1.4129309e-03 5.7606371e-03
 1.4275695e-01 2.6328659e-01]",[0.550555   0.00124316 0.06429663 0.3839052 ],[0.9362011  0.06379885],"[1.34125985e-05 2.68737203e-04 1.80928297e-02 2.04239085e-01
 3.52524072e-01 3.54663432e-01 6.77510798e-02 2.23139860e-03
 2.15948254e-04]",Others,40-59,
/scratch/project_462000771/mengting/projects/bias/Wan2.1/prompt2/selected_faces/detected_unhappy/unhappy_person_0178_face0.png,White,White,Female,40-49,"[4.7652090e-01 3.0724012e-05 1.0407424e-01 6.2155828e-04 6.4252189e-04
 1.1770359e-02 4.0633962e-01]",[9.9256641e-01 5.2056030e-06 1.3242062e-03 6.1041536e-03],[5.7378646e-05 9.9994260e-01],"[5.28269197e-07 7.17627518e-06 2.15973749e-04 7.28404243e-03
 1.10855065e-01 5.59228003e-01 3.00276041e-01 2.14179270e-02
 7.15218717e-04]",White,40-59,
/scratch/project_462000771/mengting/projects/bias/Wan2.1/prompt2/selected_faces/detected_unhappy/unhappy_person_0179_face0.png,White,White,Male,30-39,"[5.4198945e-01 1.6170468e-04 3.8539568e-01 1.6032048e-02 8.4071709e-03
 1.2131080e-02 3.5882905e-02]",[8.1878811e-01 1.4147210e-04 1.6611691e-01 1.4953492e-02],[9.9978417e-01 2.1587317e-04],"[1.8416140e-05 3.4355566e-05 7.6138455e-04 5.4046288e-02 5.7120353e-01
 3.4734181e-01 2.6220277e-02 3.6936649e-04 4.4320441e-06]",White,20-39,
/scratch/project_462000771/mengting/projects/bias/Wan2.1/prompt2/selected_faces/detected_unhappy/unhappy_person_0180_face0.png,White,White,Male,30-39,"[9.5863855e-01 2.4354093e-04 2.9749988e-02 5.4045860e-04 1.3754509e-03
 6.6520600e-04 8.7867221e-03]",[9.9622685e-01 1.9156390e-04 7.5252057e-04 2.8290376e-03],[0.8906618  0.10933819],"[4.3866207e-06 4.8325546e-04 3.7678190e-02 3.8383827e-01 4.8022154e-01
 9.0562172e-02 7.0136464e-03 1.7755745e-04 2.0948341e-05]",White,20-39,
/scratch/project_462000771/mengting/projects/bias/Wan2.1/prompt2/selected_faces/detected_unhappy/unhappy_person_0181_face0.png,White,Asian,Female,30-39,"[0.44952393 0.004978   0.23091441 0.14827119 0.10356914 0.00497013
 0.05777319]",[1.7044237e-01 5.7882641e-04 8.2826924e-01 7.0961006e-04],[0.00334813 0.9966518 ],"[9.9921153e-06 2.9974748e-04 7.1321093e-03 1.3426217e-01 3.8329414e-01
 3.8077262e-01 8.7927222e-02 5.7181041e-03 5.8397389e-04]",White,20-39,
/scratch/project_462000771/mengting/projects/bias/Wan2.1/prompt2/selected_faces/detected_unhappy/unhappy_person_0182_face0.png,Latino_Hispanic,Indian,Male,30-39,"[1.4102900e-01 8.0086337e-03 6.5716982e-01 3.9093330e-04 2.8529312e-03
 5.2588515e-02 1.3796020e-01]",[0.14505248 0.03932946 0.11689677 0.69872123],[9.9999994e-01 6.8138277e-08],"[7.8132324e-08 3.6229526e-06 4.9306784e-04 4.4039392e-01 5.3741628e-01
 2.1600407e-02 9.1871756e-05 7.1178192e-07 6.2627428e-09]",Others,20-39,
/scratch/project_462000771/mengting/projects/bias/Wan2.1/prompt2/selected_faces/detected_unhappy/unhappy_person_0183_face0.png,White,White,Male,40-49,"[6.8160421e-01 6.1990833e-04 8.2640611e-02 5.3150736e-04 3.2020519e-03
 3.8978864e-02 1.9242282e-01]",[0.97536856 0.00109058 0.00161536 0.02192549],[0.99776703 0.00223298],"[2.8728055e-05 1.8345608e-04 2.7044776e-03 6.4070292e-02 2.9468933e-01
 4.4661736e-01 1.5958548e-01 2.6168790e-02 5.9521408e-03]",White,40-59,
/scratch/project_462000771/mengting/projects/bias/Wan2.1/prompt2/selected_faces/detected_unhappy/unhappy_person_0184_face0.png,Middle Eastern,White,Male,40-49,"[7.0672408e-02 1.8667984e-04 7.0572525e-02 1.1652345e-04 8.3932484e-04
 9.9149868e-02 7.5846267e-01]",[0.7539788  0.00213723 0.02266394 0.2212201 ],[9.999181e-01 8.189491e-05],"[9.8411965e-06 6.3142907e-05 9.5555867e-04 1.6981887e-02 2.7705988e-01
 6.0952169e-01 9.3665540e-02 1.6662749e-03 7.6214623e-05]",Others,40-59,
/scratch/project_462000771/mengting/projects/bias/Wan2.1/prompt2/selected_faces/detected_unhappy/unhappy_person_0185_face0.png,Indian,Indian,Male,40-49,"[0.05653903 0.00639198 0.30485117 0.00056321 0.00491096 0.34902376
 0.27771983]",[0.42765716 0.00872406 0.04176483 0.5218539 ],[9.9995011e-01 4.9849546e-05],"[8.8776380e-07 2.6148703e-06 3.3118861e-04 1.9228218e-02 2.6357788e-01
 5.9686929e-01 1.1525650e-01 4.5393277e-03 1.9405298e-04]",Others,40-59,
/scratch/project_462001220/mengting/projects_771/bias/Wan2.1/prompt2/complete_selected_faces/detected_unhappy/0186_face0.png,Middle Eastern,White,Female,40-49,"[0.39054203 0.00062775 0.08444696 0.01158237 0.0052497  0.02446204
 0.48308906]",[0.54001147 0.0243375  0.06061585 0.37503517],[0.00223508 0.9977649 ],"[6.1464391e-07 1.5053909e-05 1.0142351e-03 5.7886653e-02 3.3894780e-01
 4.7215655e-01 1.1688793e-01 1.1643769e-02 1.4474933e-03]",White,40-59,0.0
/scratch/project_462000771/mengting/projects/bias/Wan2.1/prompt2/selected_faces/detected_unhappy/unhappy_person_0187_face0.png,East Asian,Asian,Male,40-49,"[4.2031277e-03 9.3340837e-05 7.9025760e-02 5.0909102e-01 4.0243256e-01
 4.6362947e-03 5.1790464e-04]",[2.3869039e-03 3.8892285e-05 9.9584210e-01 1.7320933e-03],[0.99835765 0.00164231],"[1.6292885e-05 3.1229082e-04 9.4903838e-03 4.8144948e-02 3.2200328e-01
 4.4560367e-01 1.6720839e-01 7.1128486e-03 1.0797213e-04]",Asian,40-59,
/scratch/project_462000771/mengting/projects/bias/Wan2.1/prompt2/selected_faces/detected_unhappy/unhappy_person_0188_face0.png,White,White,Female,20-29,"[9.5305496e-01 5.0836181e-05 6.4074215e-03 1.2727266e-02 7.0088808e-03
 2.7533283e-04 2.0475339e-02]",[9.9438703e-01 1.3300132e-04 4.9010837e-03 5.7888409e-04],[0.347397   0.65260303],"[7.19006930e-05 7.03119265e-04 1.53746223e-02 3.17552209e-01
 2.93385684e-01 2.43631735e-01 9.02309194e-02 2.54138149e-02
 1.36359865e-02]",White,20-39,
/scratch/project_462000771/mengting/projects/bias/Wan2.1/prompt2/selected_faces/detected_unhappy/unhappy_person_0189_face0.png,Latino_Hispanic,Asian,Female,20-29,"[0.24371263 0.00191152 0.33276185 0.20888521 0.073509   0.01200822
 0.1272114 ]",[0.26171798 0.00074027 0.6679396  0.06960219],[0.40664837 0.59335166],"[1.4636757e-05 7.3174166e-04 5.7706006e-02 5.7639337e-01 3.0705038e-01
 5.0071374e-02 6.5009915e-03 1.3282348e-03 2.0324394e-04]",Others,20-39,
/scratch/project_462000771/mengting/projects/bias/Wan2.1/prompt2/selected_faces/detected_unhappy/unhappy_person_0190_face0.png,White,White,Female,20-29,"[8.6859035e-01 2.9234099e-05 8.3407842e-02 2.4447058e-05 5.4669694e-05
 1.3663946e-03 4.6527077e-02]",[9.9432880e-01 5.5807788e-05 4.9001910e-04 5.1253587e-03],[0.00162121 0.99837875],"[1.3121912e-07 2.7779990e-05 1.4243303e-02 4.9296379e-01 4.3195552e-01
 5.9661273e-02 1.1258480e-03 2.1268817e-05 1.1843592e-06]",White,20-39,
/scratch/project_462000771/mengting/projects/bias/Wan2.1/prompt2/selected_faces/detected_unhappy/unhappy_person_0191_face0.png,Black,Black,Male,20-29,"[6.5140102e-06 9.9571139e-01 4.3123728e-04 1.3424473e-05 4.4444902e-04
 3.3844004e-03 8.6815007e-06]",[4.1926673e-06 9.9882734e-01 5.5049430e-05 1.1133557e-03],[9.9908817e-01 9.1186323e-04],"[9.97215011e-07 1.04058206e-04 6.13993257e-02 6.98909581e-01
 2.03772977e-01 3.38077284e-02 1.87416433e-03 1.15774325e-04
 1.54766240e-05]",Black,20-39,
/scratch/project_462000771/mengting/projects/bias/Wan2.1/prompt2/selected_faces/detected_unhappy/unhappy_person_0192_face0.png,Middle Eastern,White,Male,30-39,"[2.3906340e-01 2.1896772e-03 1.6535135e-01 4.2803568e-04 6.6313427e-04
 1.6222609e-02 5.7608175e-01]",[0.9772949  0.00215126 0.00219068 0.01836311],[9.999933e-01 6.656256e-06],"[8.81650431e-06 1.67034541e-05 3.01461609e-04 1.08040042e-01
 6.93872988e-01 1.91105366e-01 6.54803962e-03 1.04745835e-04
 1.88493493e-06]",White,20-39,
/scratch/project_462000771/mengting/projects/bias/Wan2.1/prompt2/selected_faces/detected_unhappy/unhappy_person_0193_face0.png,White,White,Female,30-39,"[8.3919269e-01 1.1696485e-04 8.2629614e-02 7.1515224e-04 1.0835070e-03
 2.3169087e-03 7.3945135e-02]",[9.8450989e-01 2.1229322e-04 2.5369646e-03 1.2740950e-02],[0.00175171 0.99824834],"[2.5653634e-07 5.0174840e-05 1.4528248e-02 4.3453524e-01 4.7907254e-01
 7.0260420e-02 1.5149500e-03 3.5698409e-05 2.4675246e-06]",White,20-39,
/scratch/project_462000771/mengting/projects/bias/Wan2.1/prompt2/selected_faces/detected_unhappy/unhappy_person_0194_face0.png,White,Black,Male,30-39,"[0.34333417 0.1600037  0.09937192 0.00125733 0.00619575 0.2299014
 0.15993571]",[0.03156907 0.8616667  0.00316455 0.10359963],[9.9982005e-01 1.7987836e-04],"[1.4210373e-06 1.5849440e-05 9.6302223e-04 7.9483032e-02 4.6660265e-01
 4.1217169e-01 3.7142266e-02 3.2570204e-03 3.6300081e-04]",White,20-39,
/scratch/project_462000771/mengting/projects/bias/Wan2.1/prompt2/selected_faces/detected_unhappy/unhappy_person_0195_face0.png,White,White,Male,20-29,"[9.8216563e-01 7.9284597e-05 7.6754768e-03 1.0200988e-03 3.7358995e-03
 5.7418662e-04 4.7494140e-03]",[9.9390584e-01 1.0556839e-04 5.0599803e-03 9.2859438e-04],[0.73094344 0.26905656],"[2.5449731e-06 2.6089532e-04 2.2276480e-02 5.4832578e-01 3.0939755e-01
 1.0317590e-01 1.5140814e-02 1.1253288e-03 2.9471278e-04]",White,20-39,
/scratch/project_462001220/mengting/projects_771/bias/Wan2.1/prompt2/complete_selected_faces/detected_unhappy/0196_face0.png,White,White,Female,20-29,"[6.6542226e-01 3.8985189e-04 7.3446311e-02 1.0700891e-03 1.2545332e-03
 4.2162668e-02 2.1625419e-01]",[0.6510198  0.00137625 0.00495564 0.34264818],[0.00679446 0.99320555],"[1.5440421e-06 4.2483665e-04 4.9491942e-02 5.7844865e-01 2.6466471e-01
 9.3737774e-02 1.0669596e-02 1.5588185e-03 1.0020869e-03]",White,20-39,0.0
/scratch/project_462000771/mengting/projects/bias/Wan2.1/prompt2/selected_faces/detected_unhappy/unhappy_person_0197_face0.png,White,White,Female,20-29,"[9.9972826e-01 1.2034137e-07 7.6679360e-05 5.4874425e-05 3.9605009e-05
 9.8739179e-07 9.9438665e-05]",[9.9655634e-01 8.2780152e-06 3.3115805e-03 1.2375662e-04],[0.00195398 0.99804604],"[3.4930677e-06 8.3406502e-04 5.2026257e-02 5.0868076e-01 3.2958680e-01
 1.0500307e-01 3.7427251e-03 9.9837845e-05 2.2986607e-05]",White,20-39,
/scratch/project_462000771/mengting/projects/bias/Wan2.1/prompt2/selected_faces/detected_unhappy/unhappy_person_0198_face0.png,White,White,Male,30-39,"[9.9817312e-01 2.2163297e-06 3.7404188e-04 3.3622076e-05 4.4202767e-05
 1.1800262e-05 1.3610303e-03]",[9.9488527e-01 8.2171300e-06 4.9976115e-03 1.0890245e-04],[9.9999189e-01 8.1823355e-06],"[1.1600030e-07 5.7082644e-07 4.8115769e-05 7.3494315e-02 7.5746596e-01
 1.6770127e-01 1.2850957e-03 4.5440215e-06 7.7817965e-08]",White,20-39,
/scratch/project_462000771/mengting/projects/bias/Wan2.1/prompt2/selected_faces/detected_unhappy/unhappy_person_0199_face0.png,Middle Eastern,Indian,Female,30-39,"[7.1763888e-02 4.8461903e-02 2.1738122e-01 6.2207249e-04 9.2866196e-04
 3.2634504e-02 6.2820780e-01]",[0.25569546 0.16461776 0.01207393 0.5676129 ],[7.7907502e-04 9.9922097e-01],"[4.6608835e-07 2.2415124e-05 2.8501060e-03 2.5039285e-01 5.7926291e-01
 1.4921218e-01 1.7655589e-02 5.8624608e-04 1.7191413e-05]",Others,20-39,
/scratch/project_462000771/mengting/projects/bias/Wan2.1/prompt2/selected_faces/detected_unhappy/unhappy_person_0200_face0.png,Black,Black,Male,20-29,"[3.6971637e-06 9.9947375e-01 3.2098877e-04 1.1206423e-06 4.4804219e-05
 1.5082955e-04 4.6767941e-06]",[6.4439409e-06 9.9965048e-01 1.4585225e-04 1.9736386e-04],[9.9974912e-01 2.5085008e-04],"[1.05598360e-06 5.16739710e-05 6.27727807e-03 4.47572559e-01
 4.34051812e-01 9.83872935e-02 1.28340395e-02 7.64994009e-04
 5.93141740e-05]",Black,20-39,
/scratch/project_462000771/mengting/projects/bias/Wan2.1/prompt2/selected_faces/detected_unhappy/unhappy_person_0201_face0.png,White,White,Female,50-59,"[8.0358583e-01 4.7904027e-06 1.3986252e-01 4.7577466e-04 5.1173673e-04
 1.1355040e-03 5.4423772e-02]",[9.6776718e-01 4.4461551e-05 1.0414630e-02 2.1773724e-02],[2.254347e-04 9.997746e-01],"[5.4037690e-07 9.3927338e-06 1.4092508e-04 8.6236873e-04 2.4060279e-02
 2.2209987e-01 5.4873806e-01 1.6919889e-01 3.4889728e-02]",White,40-59,
/scratch/project_462000771/mengting/projects/bias/Wan2.1/prompt2/selected_faces/detected_unhappy/unhappy_person_0202_face0.png,White,White,Male,30-39,"[9.4458717e-01 1.6870719e-04 1.1421850e-02 4.7383666e-05 8.2124483e-05
 1.4971890e-03 4.2195641e-02]",[9.9394870e-01 5.4726179e-04 9.4447349e-04 4.5594717e-03],[9.999985e-01 1.477059e-06],"[2.3471855e-06 3.5501202e-05 1.7112278e-03 2.3544912e-01 6.5725249e-01
 1.0396241e-01 1.5753956e-03 1.1347163e-05 1.9159938e-07]",White,20-39,
/scratch/project_462000771/mengting/projects/bias/Wan2.1/prompt2/selected_faces/detected_unhappy/unhappy_person_0203_face0.png,White,White,Female,20-29,"[4.7529966e-01 1.4653594e-05 6.6475704e-02 2.7199863e-02 3.0210195e-03
 3.9376817e-03 4.2405146e-01]",[9.1594082e-01 1.1034091e-05 7.1530499e-02 1.2517665e-02],[8.6834443e-05 9.9991316e-01],"[9.3904809e-08 5.1267576e-05 1.8991649e-02 5.3342837e-01 3.7823084e-01
 6.7652777e-02 1.6064846e-03 3.6928657e-05 1.5642760e-06]",White,20-39,
/scratch/project_462000771/mengting/projects/bias/Wan2.1/prompt2/selected_faces/detected_unhappy/unhappy_person_0204_face0.png,East Asian,Asian,Male,20-29,"[7.6553324e-04 4.3739765e-06 1.4305888e-03 9.0268242e-01 9.4928540e-02
 1.3616051e-04 5.2288844e-05]",[6.7728237e-05 3.0010424e-06 9.9989724e-01 3.2058088e-05],[0.99538016 0.00461979],"[3.9496167e-06 1.9969863e-03 3.0456352e-01 6.2903208e-01 5.7210825e-02
 6.6020773e-03 4.3175617e-04 1.4849230e-04 1.0316878e-05]",Asian,20-39,
/scratch/project_462000771/mengting/projects/bias/Wan2.1/prompt2/selected_faces/detected_unhappy/unhappy_person_0205_face0.png,Latino_Hispanic,White,Female,40-49,"[3.5198122e-01 4.6038498e-05 4.2772087e-01 1.5208317e-02 7.8042843e-03
 4.7274921e-03 1.9251175e-01]",[8.9750940e-01 5.9904014e-05 8.9614049e-02 1.2816622e-02],[0.00113109 0.9988689 ],"[9.0449021e-06 3.3496282e-04 1.3908930e-02 3.9516617e-02 2.0524535e-01
 3.9988962e-01 2.5306886e-01 7.8578211e-02 9.4483979e-03]",Others,40-59,
/scratch/project_462000771/mengting/projects/bias/Wan2.1/prompt2/selected_faces/detected_unhappy/unhappy_person_0206_face0.png,Indian,Black,Female,20-29,"[7.5172930e-04 1.4478411e-01 3.8224451e-02 7.1304030e-06 7.8578967e-05
 8.0822986e-01 7.9241516e-03]",[5.3774321e-04 6.0490829e-01 1.8387150e-04 3.9437002e-01],[0.02037454 0.97962546],"[9.1319009e-08 1.5976481e-04 7.7893108e-02 7.4656016e-01 1.6825722e-01
 7.0010652e-03 1.2674056e-04 1.8100703e-06 3.1975869e-08]",Others,20-39,
/scratch/project_462001220/mengting/projects_771/bias/Wan2.1/prompt2/complete_selected_faces/detected_unhappy/0207_face0.png,White,White,Male,30-39,"[9.5010203e-01 2.4743251e-05 1.4203954e-02 3.6690941e-05 1.1474395e-04
 8.5787097e-04 3.4659959e-02]",[9.9215621e-01 1.1970335e-04 1.8610734e-04 7.5379619e-03],[9.999570e-01 4.299775e-05],"[1.00448965e-07 3.71977330e-06 7.30998698e-04 1.84180886e-01
 7.16701388e-01 9.76211205e-02 7.57754373e-04 4.03637205e-06
 1.13945120e-07]",White,20-39,1.0
/scratch/project_462001220/mengting/projects_771/bias/Wan2.1/prompt2/complete_selected_faces/detected_unhappy/0208_face0.png,White,White,Female,20-29,"[8.4268415e-01 3.8431358e-02 8.2077213e-02 1.6847182e-05 3.8404021e-05
 1.1036500e-03 3.5648417e-02]",[5.5816382e-01 4.4124588e-01 9.1144771e-05 4.9919332e-04],[0.04109355 0.9589064 ],"[7.4413357e-08 9.3621038e-06 8.4623462e-03 5.0829720e-01 4.5825881e-01
 2.4277898e-02 6.8091333e-04 1.3274691e-05 1.0975568e-07]",White,20-39,0.0
/scratch/project_462000771/mengting/projects/bias/Wan2.1/prompt2/selected_faces/detected_unhappy/unhappy_person_0209_face0.png,Latino_Hispanic,Indian,Male,30-39,"[1.4932980e-01 9.7231809e-03 6.3792115e-01 5.8542366e-05 3.9159902e-04
 8.7008007e-02 1.1556776e-01]",[0.46932355 0.04986764 0.00290798 0.47790083],[9.9965489e-01 3.4506575e-04],"[7.6275737e-06 5.3673772e-05 8.3650713e-04 7.3609158e-02 7.1124196e-01
 2.1021441e-01 3.9953385e-03 4.0176867e-05 1.2724375e-06]",Others,20-39,
/scratch/project_462000771/mengting/projects/bias/Wan2.1/prompt2/selected_faces/detected_unhappy/unhappy_person_0210_face0.png,White,White,Female,70+,"[8.5654730e-01 5.3868294e-05 8.2051530e-03 5.3977530e-02 4.4846177e-02
 4.0913033e-03 3.2278642e-02]",[9.9147189e-01 2.5259462e-04 6.9298497e-03 1.3455692e-03],[0.21402387 0.7859761 ],"[6.3760367e-06 4.7520545e-05 1.3289709e-03 5.3963535e-02 3.8392145e-02
 9.7485341e-02 8.1141934e-02 2.1921037e-01 5.0842386e-01]",White,60+,
/scratch/project_462000771/mengting/projects/bias/Wan2.1/prompt2/selected_faces/detected_unhappy/unhappy_person_0211_face0.png,White,White,Male,40-49,"[8.9979047e-01 4.5522544e-04 6.7530591e-03 1.5638865e-04 2.9400233e-04
 1.7604915e-03 9.0790421e-02]",[9.9273670e-01 2.3365268e-04 4.5207894e-04 6.5774978e-03],[9.9958229e-01 4.1771174e-04],"[6.7051689e-05 2.9350290e-04 1.0854218e-03 4.5135368e-02 3.7127236e-01
 4.7392875e-01 1.0187186e-01 5.5126385e-03 8.3301670e-04]",White,40-59,
/scratch/project_462000771/mengting/projects/bias/Wan2.1/prompt2/selected_faces/detected_unhappy/unhappy_person_0212_face0.png,Latino_Hispanic,White,Male,40-49,"[0.20024014 0.00586388 0.39911294 0.00878445 0.01152934 0.01596861
 0.35850066]",[0.9006159  0.0050625  0.02899198 0.06532966],[9.9956328e-01 4.3673743e-04],"[2.7687920e-05 5.5719989e-05 5.3052045e-04 5.0842918e-02 4.0334255e-01
 4.4973105e-01 8.5566074e-02 9.0993745e-03 8.0406456e-04]",Others,40-59,
/scratch/project_462000771/mengting/projects/bias/Wan2.1/prompt2/selected_faces/detected_unhappy/unhappy_person_0213_face0.png,White,White,Female,40-49,"[5.8093238e-01 1.2350155e-04 1.4385393e-01 4.3331078e-04 5.4975977e-04
 1.1807516e-03 2.7292639e-01]",[9.7548360e-01 1.8830635e-04 2.0866802e-02 3.4613083e-03],[0.00119838 0.9988016 ],"[8.4036003e-07 1.0999802e-05 3.3427929e-04 4.0022642e-03 7.7975199e-02
 4.6274102e-01 4.1986701e-01 3.3766750e-02 1.3017203e-03]",White,40-59,
/scratch/project_462000771/mengting/projects/bias/Wan2.1/prompt2/selected_faces/detected_unhappy/unhappy_person_0214_face0.png,Black,Black,Male,30-39,"[1.0686208e-03 8.4781504e-01 8.9302458e-02 1.3877364e-04 1.7489999e-03
 5.6440391e-02 3.4856396e-03]",[0.00117559 0.93448013 0.00411697 0.06022736],[9.9997443e-01 2.5530413e-05],"[2.3061662e-05 3.4347182e-04 2.3331677e-03 1.4626542e-01 5.4571027e-01
 2.8272817e-01 2.1700770e-02 8.4882660e-04 4.6915586e-05]",Black,20-39,
/scratch/project_462000771/mengting/projects/bias/Wan2.1/prompt2/selected_faces/detected_unhappy/unhappy_person_0215_face0.png,White,White,Female,30-39,"[8.17283869e-01 5.55536917e-06 1.23896696e-01 4.92926128e-03
 1.39216543e-03 1.22811589e-02 4.02113572e-02]",[9.3927437e-01 2.2469821e-05 1.3253394e-02 4.7449719e-02],[2.1072130e-05 9.9997896e-01],"[2.4047381e-08 9.4909137e-06 6.5868790e-03 4.2589977e-01 4.5335919e-01
 1.1217938e-01 1.9322407e-03 3.2314434e-05 6.4231102e-07]",White,20-39,
/scratch/project_462001220/mengting/projects_771/bias/Wan2.1/prompt2/complete_selected_faces/detected_unhappy/0216_face0.png,Black,Black,Male,30-39,"[1.7003511e-04 9.7426492e-01 1.1778817e-02 3.8198955e-06 7.8075100e-05
 1.2892479e-02 8.1180828e-04]",[7.2884541e-05 9.9624872e-01 8.9236353e-05 3.5891382e-03],[9.999994e-01 5.930121e-07],"[1.5551701e-07 2.1033759e-06 6.8701070e-04 2.9805237e-01 6.4619744e-01
 5.4282278e-02 7.7115779e-04 7.3280830e-06 1.5424307e-07]",Black,20-39,0.0
/scratch/project_462000771/mengting/projects/bias/Wan2.1/prompt2/selected_faces/detected_unhappy/unhappy_person_0217_face0.png,East Asian,Asian,Female,20-29,"[1.6856221e-02 1.6974212e-04 1.0398100e-02 7.6993418e-01 1.8556413e-01
 6.9944942e-03 1.0083168e-02]",[0.02599001 0.00169305 0.95766556 0.01465138],[0.09230037 0.90769964],"[4.6247776e-04 2.2816267e-02 1.0551424e-01 6.5466875e-01 1.5543967e-01
 5.1078282e-02 5.5100233e-03 2.9600295e-03 1.5502309e-03]",Asian,20-39,
/scratch/project_462000771/mengting/projects/bias/Wan2.1/prompt2/selected_faces/detected_unhappy/unhappy_person_0218_face0.png,White,White,Female,20-29,"[9.0900743e-01 4.3309010e-05 9.5334332e-03 5.2279029e-02 1.9465555e-02
 1.8774650e-04 9.4833933e-03]",[5.2974063e-01 1.9308425e-05 4.6941277e-01 8.2726596e-04],[0.34999767 0.6500023 ],"[8.7910943e-05 1.8951460e-03 3.3582825e-02 4.2615268e-01 3.0522451e-01
 1.9386347e-01 3.2405127e-02 5.4316265e-03 1.3567053e-03]",White,20-39,
/scratch/project_462000771/mengting/projects/bias/Wan2.1/prompt2/selected_faces/detected_unhappy/unhappy_person_0219_face0.png,White,White,Male,20-29,"[9.9723977e-01 6.3546413e-06 2.9089634e-04 6.3140370e-04 4.7391560e-04
 1.3762950e-05 1.3438049e-03]",[9.9993211e-01 1.0798891e-06 6.3620319e-05 3.2288438e-06],[0.74787205 0.25212795],"[3.5153150e-06 2.1374458e-04 3.9182905e-02 7.7386636e-01 1.5719582e-01
 2.7580924e-02 1.6770163e-03 2.0689107e-04 7.2797840e-05]",White,20-39,
/scratch/project_462000771/mengting/projects/bias/Wan2.1/prompt2/selected_faces/detected_unhappy/unhappy_person_0220_face0.png,White,White,Male,20-29,"[9.6108109e-01 4.4119884e-06 1.6710883e-03 3.5201763e-03 1.0531838e-03
 1.7580192e-04 3.2494191e-02]",[9.7255617e-01 3.1870379e-05 2.6550878e-02 8.6104748e-04],[0.9503611  0.04963893],"[9.18914811e-05 1.15503622e-02 3.14292312e-01 5.21501064e-01
 1.20289996e-01 3.07461601e-02 1.45830784e-03 6.50010334e-05
 4.91954142e-06]",White,20-39,
/scratch/project_462000771/mengting/projects/bias/Wan2.1/prompt2/selected_faces/detected_unhappy/unhappy_person_0221_face0.png,White,White,Female,20-29,"[9.8292524e-01 8.0061363e-06 3.0738369e-03 4.4592773e-03 1.2258766e-03
 1.2872195e-04 8.1789428e-03]",[9.8829931e-01 4.5280140e-05 4.5432984e-03 7.1121324e-03],[2.7092677e-04 9.9972910e-01],"[1.5113592e-06 3.1214653e-04 1.6705625e-02 5.1643848e-01 3.6169809e-01
 1.0085517e-01 3.8705776e-03 9.9595949e-05 1.8759931e-05]",White,20-39,
/scratch/project_462000771/mengting/projects/bias/Wan2.1/prompt2/selected_faces/detected_unhappy/unhappy_person_0222_face0.png,White,White,Male,30-39,"[9.9014044e-01 1.4880921e-05 4.2490526e-03 9.7678299e-04 8.8361092e-04
 3.3924051e-05 3.7014119e-03]",[9.99041617e-01 1.16850415e-05 9.13510681e-04 3.33176285e-05],[9.9963367e-01 3.6635506e-04],"[2.3138327e-06 3.1451531e-05 1.2717171e-03 1.3258068e-01 6.0586190e-01
 2.4942695e-01 1.0650130e-02 1.6741683e-04 7.5031758e-06]",White,20-39,
/scratch/project_462000771/mengting/projects/bias/Wan2.1/prompt2/selected_faces/detected_unhappy/unhappy_person_0223_face0.png,White,White,Female,20-29,"[8.9329875e-01 2.0505768e-05 3.1953938e-02 4.7913525e-02 6.4915214e-03
 2.2611290e-04 2.0095671e-02]",[9.9000818e-01 1.0820594e-05 9.6099628e-03 3.7109019e-04],[0.01057958 0.9894205 ],"[3.2225273e-06 4.7525164e-04 5.9338745e-02 5.4262334e-01 2.9016101e-01
 9.4706871e-02 1.1190464e-02 1.2392830e-03 2.6181416e-04]",White,20-39,
/scratch/project_462000771/mengting/projects/bias/Wan2.1/prompt2/selected_faces/detected_unhappy/unhappy_person_0224_face0.png,White,White,Male,20-29,"[4.2403057e-01 8.3584971e-05 3.5164079e-01 1.6677050e-02 2.5030399e-02
 4.6357017e-02 1.3618056e-01]",[5.7092655e-01 3.3888637e-04 1.7339746e-02 4.1139480e-01],[0.55539274 0.44460735],"[8.4722145e-05 1.6680529e-02 1.7206347e-01 6.4071745e-01 1.5775688e-01
 1.2284310e-02 3.9027567e-04 1.9431071e-05 2.9335538e-06]",White,20-39,
/scratch/project_462000771/mengting/projects/bias/Wan2.1/prompt2/selected_faces/detected_unhappy/unhappy_person_0225_face0.png,Middle Eastern,White,Male,30-39,"[6.5550283e-02 4.6511753e-03 3.7717625e-01 2.6151832e-04 1.1137825e-03
 2.7747113e-02 5.2349985e-01]",[0.96657175 0.01069212 0.00259414 0.02014204],[9.9999994e-01 8.9947882e-08],"[2.1731146e-06 4.9195525e-05 2.2876156e-03 2.5855979e-01 5.8785534e-01
 1.4340937e-01 7.6861470e-03 1.4885688e-04 1.5422996e-06]",Others,20-39,
/scratch/project_462000771/mengting/projects/bias/Wan2.1/prompt2/selected_faces/detected_unhappy/unhappy_person_0226_face0.png,White,White,Male,30-39,"[9.6010846e-01 2.9529593e-04 5.4986165e-03 5.1137038e-05 2.4975411e-04
 5.7969815e-03 2.7999809e-02]",[9.7972488e-01 9.4735681e-04 5.1292457e-04 1.8814884e-02],[0.9940504  0.00594962],"[6.5213053e-06 4.7787646e-05 7.2012539e-04 5.7359926e-02 5.0454968e-01
 4.0517867e-01 3.0963227e-02 9.8747318e-04 1.8656152e-04]",White,20-39,
/scratch/project_462000771/mengting/projects/bias/Wan2.1/prompt2/selected_faces/detected_unhappy/unhappy_person_0227_face0.png,White,White,Male,30-39,"[9.8348939e-01 2.5090076e-05 8.1059523e-03 4.3847918e-05 7.7776058e-05
 4.0018730e-04 7.8577017e-03]",[9.9973571e-01 1.5056603e-06 2.1502887e-05 2.4139475e-04],[0.9936435  0.00635648],"[2.7998706e-07 1.2999347e-05 2.2272596e-03 2.7721715e-01 6.6505587e-01
 5.4888926e-02 5.9047103e-04 6.6279094e-06 3.9210610e-07]",White,20-39,
/scratch/project_462000771/mengting/projects/bias/Wan2.1/prompt2/selected_faces/detected_unhappy/unhappy_person_0228_face0.png,White,White,Male,50-59,"[7.8604877e-01 2.3276332e-05 6.7884989e-02 1.5906284e-03 1.5382385e-03
 1.6618324e-03 1.4125223e-01]",[9.9868268e-01 5.8005407e-05 7.3444389e-04 5.2488770e-04],[0.9945202  0.00547978],"[1.3678671e-05 3.5563025e-05 4.4123663e-04 8.5002714e-04 1.4092259e-02
 1.3742653e-01 6.9688213e-01 1.3807335e-01 1.2185242e-02]",White,40-59,
/scratch/project_462000771/mengting/projects/bias/Wan2.1/prompt2/selected_faces/detected_unhappy/unhappy_person_0229_face0.png,White,White,Male,40-49,"[9.8418558e-01 3.6325739e-05 6.9852807e-03 4.1030030e-04 2.9621072e-04
 2.4720584e-04 7.8391228e-03]",[9.9533063e-01 5.2740128e-04 2.0523365e-03 2.0896313e-03],[9.9999565e-01 4.3823829e-06],"[1.2538701e-06 3.6583447e-06 4.4249959e-05 4.3744007e-03 2.2487891e-01
 6.7500263e-01 9.5108658e-02 5.7907723e-04 7.1627669e-06]",White,40-59,
/scratch/project_462000771/mengting/projects/bias/Wan2.1/prompt2/selected_faces/detected_unhappy/unhappy_person_0230_face0.png,White,White,Female,30-39,"[9.9739861e-01 1.9111883e-06 2.1588071e-03 3.4307239e-05 2.7496450e-05
 4.4906941e-05 3.3392236e-04]",[9.8908913e-01 2.6517859e-04 1.3486431e-03 9.2970766e-03],[3.9173965e-04 9.9960828e-01],"[1.9142073e-08 2.8396446e-06 3.0329642e-03 3.6660898e-01 5.6957084e-01
 6.0326591e-02 4.5331466e-04 4.3177147e-06 1.0360806e-07]",White,20-39,
/scratch/project_462001220/mengting/projects_771/bias/Wan2.1/prompt2/complete_selected_faces/detected_unhappy/0231_face0.png,Black,Black,Male,30-39,"[1.4139667e-06 9.9956203e-01 9.2332732e-05 6.5973381e-07 2.4597570e-05
 3.1758531e-04 1.3185060e-06]",[1.2866718e-04 9.9233639e-01 2.4345238e-03 5.1004332e-03],[9.9999940e-01 6.0951345e-07],"[9.5997996e-07 1.6290000e-05 2.7016229e-03 1.6052456e-01 4.1671628e-01
 3.7469083e-01 4.4502400e-02 8.1870769e-04 2.8307652e-05]",Black,20-39,1.0
/scratch/project_462000771/mengting/projects/bias/Wan2.1/prompt2/selected_faces/detected_unhappy/unhappy_person_0232_face0.png,White,White,Male,20-29,"[5.0040847e-01 3.3026381e-04 3.9910635e-01 2.3434220e-03 4.1639851e-03
 3.1416245e-02 6.2231187e-02]",[9.7116315e-01 1.4941065e-04 1.9808279e-02 8.8791484e-03],[0.99846494 0.00153511],"[1.5292061e-07 8.6863347e-06 1.2021632e-03 5.1183271e-01 4.7681656e-01
 1.0119880e-02 1.9574341e-05 1.7418672e-07 3.9484971e-09]",White,20-39,
/scratch/project_462000771/mengting/projects/bias/Wan2.1/prompt2/selected_faces/detected_unhappy/unhappy_person_0233_face0.png,Latino_Hispanic,White,Male,30-39,"[2.6011786e-01 4.2714691e-03 5.0848955e-01 4.7925123e-04 5.7826121e-04
 6.3592888e-02 1.6247074e-01]",[0.919907   0.00398141 0.01049101 0.06562067],[9.9999660e-01 3.3254062e-06],"[2.7670324e-06 5.5849682e-06 9.4393326e-05 5.7129987e-02 6.6757041e-01
 2.7101475e-01 4.1248039e-03 5.6851641e-05 5.3005505e-07]",Others,20-39,
/scratch/project_462000771/mengting/projects/bias/Wan2.1/prompt2/selected_faces/detected_unhappy/unhappy_person_0234_face0.png,Middle Eastern,Black,Male,30-39,"[8.1207687e-03 1.8185920e-01 1.8318625e-01 1.2492568e-05 1.9332011e-04
 1.4512205e-01 4.8150593e-01]",[4.2227735e-03 9.7860652e-01 5.3210836e-04 1.6638715e-02],[9.999723e-01 2.772918e-05],"[1.56939109e-06 3.89066263e-05 3.42321675e-03 2.05916390e-01
 6.79724574e-01 1.08284034e-01 2.54479237e-03 6.54650212e-05
 1.07929554e-06]",Others,20-39,
/scratch/project_462000771/mengting/projects/bias/Wan2.1/prompt2/selected_faces/detected_unhappy/unhappy_person_0235_face0.png,Latino_Hispanic,White,Male,30-39,"[0.09713943 0.00092568 0.35444048 0.00103338 0.00197626 0.26701203
 0.27747273]",[0.58623815 0.00330301 0.02892656 0.3815323 ],[9.9965465e-01 3.4535542e-04],"[6.1678766e-05 3.5387769e-04 1.3057214e-03 1.0096940e-01 6.6691297e-01
 2.2612607e-01 4.2201057e-03 4.8904330e-05 1.3622328e-06]",Others,20-39,
/scratch/project_462000771/mengting/projects/bias/Wan2.1/prompt2/selected_faces/detected_unhappy/unhappy_person_0236_face0.png,White,White,Male,20-29,"[9.3436736e-01 1.1924905e-03 3.0282754e-02 8.8155078e-04 1.5188076e-03
 6.6254364e-04 3.1094521e-02]",[9.9743152e-01 2.3029375e-04 1.3808954e-03 9.5731317e-04],[9.998536e-01 1.463659e-04],"[8.2431200e-07 8.0365033e-05 2.9008549e-02 6.7050076e-01 2.9012910e-01
 1.0178918e-02 9.9463257e-05 1.9115082e-06 6.0318797e-08]",White,20-39,
/scratch/project_462000771/mengting/projects/bias/Wan2.1/prompt2/selected_faces/detected_unhappy/unhappy_person_0237_face0.png,White,White,Male,40-49,"[8.5645062e-01 3.7908490e-04 2.6587876e-02 2.0550614e-02 3.2844961e-02
 3.3219897e-03 5.9864875e-02]",[8.93125832e-01 2.34336942e-04 1.04320936e-01 2.31889053e-03],[0.9989494  0.00105059],"[3.90038222e-05 1.21673150e-03 1.38111375e-02 1.09989047e-01
 3.28229249e-01 4.34270471e-01 1.05178438e-01 6.47157617e-03
 7.94431777e-04]",White,40-59,
/scratch/project_462000771/mengting/projects/bias/Wan2.1/prompt2/selected_faces/detected_unhappy/unhappy_person_0238_face0.png,White,White,Male,20-29,"[8.2769811e-01 1.3094886e-04 9.8306805e-02 2.5224232e-04 4.5343279e-04
 2.5604707e-03 7.0597954e-02]",[9.8053098e-01 6.7141617e-04 5.3122933e-03 1.3485382e-02],[9.9924225e-01 7.5771054e-04],"[8.6102849e-09 7.1056650e-07 1.8693397e-03 6.7782849e-01 3.1604025e-01
 4.2522098e-03 8.8353108e-06 1.1247662e-07 3.1418272e-09]",White,20-39,
/scratch/project_462000771/mengting/projects/bias/Wan2.1/prompt2/selected_faces/detected_unhappy/unhappy_person_0239_face0.png,White,White,Male,40-49,"[8.5188156e-01 8.3677682e-05 1.1143504e-01 1.7532756e-04 2.2554063e-04
 1.0099006e-03 3.5188969e-02]",[9.9794590e-01 2.1402639e-05 1.1935350e-03 8.3914341e-04],[9.999948e-01 5.218916e-06],"[6.4527048e-06 6.4839369e-06 2.3842143e-04 7.0155673e-03 1.7330785e-01
 6.5634167e-01 1.6137451e-01 1.7020463e-03 7.0985652e-06]",White,40-59,
/scratch/project_462000771/mengting/projects/bias/Wan2.1/prompt2/selected_faces/detected_unhappy/unhappy_person_0240_face0.png,East Asian,Asian,Female,10-19,"[1.3863043e-01 5.9673872e-05 1.2874518e-02 7.3100871e-01 8.7396748e-02
 2.6750313e-03 2.7354790e-02]",[2.4060918e-01 1.0813910e-04 7.5273013e-01 6.5525668e-03],[0.16006076 0.83993924],"[0.00163441 0.05093575 0.3849645  0.26891455 0.15549532 0.10006396
 0.02436746 0.01038825 0.0032358 ]",Asian,10-19,
/scratch/project_462001220/mengting/projects_771/bias/Wan2.1/prompt2/complete_selected_faces/detected_unhappy/0241_face0.png,Middle Eastern,White,Male,30-39,"[1.3025264e-01 3.0520383e-05 3.4680545e-02 3.8664202e-05 1.1515176e-04
 2.5316488e-02 8.0956602e-01]",[8.7277323e-01 2.0680357e-04 4.9219467e-04 1.2652777e-01],[9.9998605e-01 1.3997658e-05],"[3.2822384e-06 3.6906582e-05 5.9295300e-04 4.7681678e-02 5.7962459e-01
 3.6609185e-01 5.9398888e-03 2.8172264e-05 6.5329749e-07]",White,20-39,1.0
/scratch/project_462000771/mengting/projects/bias/Wan2.1/prompt2/selected_faces/detected_unhappy/unhappy_person_0242_face0.png,Middle Eastern,White,Male,30-39,"[0.3105247  0.00747268 0.24840437 0.00109536 0.0018026  0.06936912
 0.3613311 ]",[0.80292964 0.00959064 0.03063325 0.15684646],[9.999380e-01 6.203443e-05],"[2.4887634e-04 3.8853081e-04 1.2412189e-03 9.1999382e-02 6.4087743e-01
 2.4988766e-01 1.5018472e-02 3.2844077e-04 9.9990339e-06]",White,20-39,
/scratch/project_462001220/mengting/projects_771/bias/Wan2.1/prompt2/complete_selected_faces/detected_unhappy/0243_face0.png,Black,Black,Female,30-39,"[2.7443220e-06 9.9796647e-01 1.1399094e-03 6.6265716e-06 5.3015454e-05
 8.2741235e-04 3.6429665e-06]",[1.1438424e-06 9.9931729e-01 2.3242068e-05 6.5835466e-04],[9.318050e-05 9.999068e-01],"[6.9820049e-07 3.8481794e-05 2.6266724e-03 9.1687009e-02 5.1796281e-01
 3.2309997e-01 6.3006237e-02 1.5555322e-03 2.2658362e-05]",Black,20-39,1.0
/scratch/project_462000771/mengting/projects/bias/Wan2.1/prompt2/selected_faces/detected_unhappy/unhappy_person_0244_face0.png,White,White,Male,20-29,"[4.5404583e-01 1.4432425e-04 1.5092413e-01 1.5090785e-03 3.7877506e-03
 7.0790350e-03 3.8250980e-01]",[9.6118629e-01 3.6529588e-04 2.1175109e-02 1.7273320e-02],[0.98956174 0.01043829],"[2.8683719e-06 9.0530072e-04 4.2276207e-01 4.7447124e-01 8.3660327e-02
 1.6552735e-02 1.4341201e-03 1.8991253e-04 2.1501590e-05]",White,20-39,
/scratch/project_462000771/mengting/projects/bias/Wan2.1/prompt2/selected_faces/detected_unhappy/unhappy_person_0245_face0.png,White,White,Female,30-39,"[9.5306772e-01 6.8119884e-06 2.0079402e-02 4.7994054e-05 1.1977398e-04
 6.5666827e-04 2.6021630e-02]",[9.9397004e-01 3.6989356e-04 1.5121782e-03 4.1479096e-03],[9.3087100e-04 9.9906915e-01],"[3.3212325e-07 1.7679101e-04 2.3063120e-02 3.6235687e-01 4.7595972e-01
 1.3214861e-01 6.0931719e-03 1.7477141e-04 2.6651847e-05]",White,20-39,
/scratch/project_462000771/mengting/projects/bias/Wan2.1/prompt2/selected_faces/detected_unhappy/unhappy_person_0246_face0.png,Middle Eastern,White,Female,30-39,"[0.34348404 0.0018613  0.13180234 0.00298135 0.01016312 0.00449933
 0.5052085 ]",[0.92083    0.00733547 0.03228924 0.03954529],[0.00334425 0.9966557 ],"[3.6109307e-06 5.3915846e-05 4.5464328e-03 1.6763224e-01 4.6394566e-01
 2.8104070e-01 6.7289561e-02 1.3911123e-02 1.5768051e-03]",White,20-39,
/scratch/project_462000771/mengting/projects/bias/Wan2.1/prompt2/selected_faces/detected_unhappy/unhappy_person_0247_face0.png,White,White,Male,30-39,"[7.7809995e-01 3.4455930e-05 7.1320377e-02 1.1920893e-03 1.2398387e-03
 3.4608354e-03 1.4465240e-01]",[9.1961396e-01 9.7324519e-05 6.2535241e-02 1.7753398e-02],[9.999171e-01 8.292442e-05],"[1.2167932e-05 3.6493318e-05 1.0413943e-03 5.6453891e-02 5.6241149e-01
 3.6319762e-01 1.6575865e-02 2.6804153e-04 2.9296873e-06]",White,20-39,
/scratch/project_462000771/mengting/projects/bias/Wan2.1/prompt2/selected_faces/detected_unhappy/unhappy_person_0248_face0.png,Black,Black,Male,20-29,"[0.00281251 0.90785027 0.05984668 0.00300642 0.01361451 0.01049238
 0.00237728]",[2.3002501e-04 9.4532770e-01 4.1860864e-02 1.2581343e-02],[0.97972906 0.0202709 ],"[1.0544643e-06 9.0511836e-05 7.6888226e-02 7.7051592e-01 1.4210396e-01
 9.8897275e-03 4.7209757e-04 3.6652364e-05 1.8198930e-06]",Black,20-39,
/scratch/project_462001220/mengting/projects_771/bias/Wan2.1/prompt2/complete_selected_faces/detected_unhappy/0249_face0.png,White,White,Female,20-29,"[8.2319492e-01 4.3164071e-04 2.4062743e-02 2.0311952e-02 3.1233838e-02
 2.8077127e-02 7.2687782e-02]",[9.65230942e-01 1.04927814e-04 2.91050747e-02 5.55897597e-03],[0.11745308 0.88254696],"[8.0673482e-05 1.8166623e-03 5.1596697e-02 4.3536621e-01 2.8347787e-01
 1.8897465e-01 2.8029913e-02 6.5640383e-03 4.0933117e-03]",White,20-39,1.0
/scratch/project_462000771/mengting/projects/bias/Wan2.1/prompt2/selected_faces/detected_unhappy/unhappy_person_0250_face0.png,Indian,Indian,Male,30-39,"[0.00567545 0.1648408  0.17464417 0.0006324  0.00763253 0.5882201
 0.05835446]",[0.00546389 0.01540528 0.00353872 0.97559214],[0.9967761  0.00322389],"[1.2325862e-04 2.0648565e-03 5.1928341e-02 1.5202022e-01 4.4640210e-01
 3.1209266e-01 3.3454165e-02 1.8506990e-03 6.3796499e-05]",Others,20-39,
/scratch/project_462000771/mengting/projects/bias/Wan2.1/prompt2/selected_faces/detected_unhappy/unhappy_person_0251_face0.png,Indian,Indian,Female,20-29,"[0.00953223 0.27882773 0.15903944 0.00106121 0.0066306  0.4937312
 0.05117758]",[0.01210184 0.26952004 0.00410848 0.7142696 ],[0.05483718 0.94516283],"[0.0003928  0.05352009 0.19936691 0.3097677  0.27615827 0.1122024
 0.03838708 0.00867789 0.00152678]",Others,20-39,
/scratch/project_462001220/mengting/projects_771/bias/Wan2.1/prompt2/complete_selected_faces/detected_unhappy/0252_face0.png,White,White,Male,40-49,"[6.3449609e-01 5.0534628e-04 1.6960037e-01 4.0447353e-03 3.8908615e-03
 1.0347009e-03 1.8642782e-01]",[9.9155170e-01 2.0800925e-04 7.6357275e-03 6.0459547e-04],[9.9984002e-01 1.6001864e-04],"[9.1558186e-06 6.8885724e-06 1.0208237e-04 3.5411462e-03 1.7440324e-01
 6.7247981e-01 1.4705622e-01 2.3863809e-03 1.5071946e-05]",White,40-59,1.0
/scratch/project_462000771/mengting/projects/bias/Wan2.1/prompt2/selected_faces/detected_unhappy/unhappy_person_0253_face0.png,Middle Eastern,White,Male,30-39,"[0.3315211  0.00393326 0.0966422  0.0014341  0.00582495 0.00477131
 0.55587304]",[9.9063259e-01 6.6778081e-04 6.6686682e-03 2.0310183e-03],[9.9993443e-01 6.5596963e-05],"[9.3924319e-07 6.0389298e-06 1.7168405e-03 1.9781838e-01 4.7183016e-01
 2.7928260e-01 4.5940146e-02 3.1567414e-03 2.4809330e-04]",White,20-39,
/scratch/project_462000771/mengting/projects/bias/Wan2.1/prompt2/selected_faces/detected_unhappy/unhappy_person_0254_face0.png,White,White,Male,30-39,"[7.3845011e-01 3.8588655e-04 1.2875535e-01 8.5469801e-03 1.0776974e-02
 6.6824928e-03 1.0640232e-01]",[9.3869245e-01 4.7979047e-04 3.9467171e-02 2.1360585e-02],[9.9999064e-01 9.3509143e-06],"[8.3541732e-07 1.0406579e-05 4.5771172e-04 1.9441165e-01 7.3625839e-01
 6.8293333e-02 5.6298752e-04 4.5790634e-06 5.3616336e-08]",White,20-39,
/scratch/project_462000771/mengting/projects/bias/Wan2.1/prompt2/selected_faces/detected_unhappy/unhappy_person_0255_face0.png,White,White,Male,20-29,"[9.9433684e-01 2.8795471e-08 7.7773424e-05 3.9613042e-06 4.7582566e-06
 1.6646097e-06 5.5750296e-03]",[9.9996114e-01 1.1592441e-06 1.9042938e-05 1.8731331e-05],[0.7100533  0.28994668],"[5.3517538e-06 2.0573752e-03 3.4137970e-01 4.2036536e-01 1.1791705e-01
 1.1025206e-01 7.4596610e-03 4.8170905e-04 8.1605009e-05]",White,20-39,
/scratch/project_462000771/mengting/projects/bias/Wan2.1/prompt2/selected_faces/detected_unhappy/unhappy_person_0256_face0.png,White,White,Male,30-39,"[9.1657168e-01 6.3019797e-05 1.8516712e-02 2.9282790e-05 4.3742159e-05
 9.9936477e-04 6.3776173e-02]",[9.9808562e-01 3.5291811e-04 1.4427847e-04 1.4172009e-03],[9.9982756e-01 1.7242097e-04],"[4.0939202e-07 6.6511725e-06 3.7042357e-04 1.8912056e-01 7.6177895e-01
 4.8503090e-02 2.1867291e-04 1.1685963e-06 2.5974723e-08]",White,20-39,
/scratch/project_462001220/mengting/projects_771/bias/Wan2.1/prompt2/complete_selected_faces/detected_unhappy/0257_face0.png,White,White,Male,30-39,"[9.9808365e-01 2.2362224e-06 3.4191809e-04 2.0967671e-05 3.9733008e-05
 5.6663694e-06 1.5059059e-03]",[9.9996388e-01 4.0076014e-07 2.0633281e-05 1.5133190e-05],[0.9922607  0.00773935],"[8.3100997e-07 7.6915516e-05 4.3768352e-03 3.5860947e-01 5.6176019e-01
 7.4284367e-02 8.8167487e-04 9.1153252e-06 6.0396991e-07]",White,20-39,1.0
/scratch/project_462001220/mengting/projects_771/bias/Wan2.1/prompt2/complete_selected_faces/detected_unhappy/0258_face0.png,Black,Black,Male,30-39,"[4.9637615e-06 9.9971145e-01 1.3440009e-04 1.7276255e-06 1.9593293e-05
 1.2402688e-04 3.8383992e-06]",[3.5197415e-06 9.9976730e-01 2.8746548e-05 2.0046360e-04],[9.997226e-01 2.774070e-04],"[1.0448990e-06 1.0399003e-05 3.1082574e-04 8.6752973e-02 4.8583928e-01
 3.8778895e-01 3.8561463e-02 6.7168998e-04 6.3340209e-05]",Black,20-39,1.0
/scratch/project_462000771/mengting/projects/bias/Wan2.1/prompt2/selected_faces/detected_unhappy/unhappy_person_0259_face0.png,White,White,Male,30-39,"[9.9689394e-01 4.2262611e-05 2.8680227e-04 4.3848726e-05 1.0897395e-04
 9.9899098e-06 2.6141200e-03]",[9.9980122e-01 4.0652903e-06 1.5185981e-04 4.2882060e-05],[9.9999994e-01 7.2406792e-08],"[1.7494648e-08 3.2739385e-06 1.0998275e-03 4.4550842e-01 5.3508031e-01
 1.8236745e-02 7.0965587e-05 4.3891390e-07 1.2204710e-08]",White,20-39,
/scratch/project_462000771/mengting/projects/bias/Wan2.1/prompt2/selected_faces/detected_unhappy/unhappy_person_0260_face0.png,Latino_Hispanic,White,Female,40-49,"[0.12643692 0.00591781 0.5385178  0.00465907 0.03044709 0.0461583
 0.24786304]",[0.49056223 0.00338576 0.4690443  0.03700774],[0.49388453 0.50611544],"[8.8706423e-05 3.4816423e-04 9.0917647e-03 8.4579751e-02 3.3264136e-01
 4.0921420e-01 1.4447358e-01 1.7784309e-02 1.7781464e-03]",Others,40-59,
/scratch/project_462000771/mengting/projects/bias/Wan2.1/prompt2/selected_faces/detected_unhappy/unhappy_person_0261_face0.png,White,White,Male,30-39,"[8.6674517e-01 2.3390765e-04 3.6785185e-02 3.9749217e-04 8.5021561e-04
 6.1088991e-03 8.8879228e-02]",[9.5205963e-01 4.7043723e-04 4.3657208e-03 4.3104209e-02],[9.9997592e-01 2.4036744e-05],"[5.8291238e-07 7.6975994e-06 1.4605009e-03 2.7922818e-01 6.1859554e-01
 9.8924823e-02 1.7555653e-03 2.5951815e-05 1.1568542e-06]",White,20-39,
/scratch/project_462000771/mengting/projects/bias/Wan2.1/prompt2/selected_faces/detected_unhappy/unhappy_person_0262_face0.png,Black,Black,Female,20-29,"[0.03553626 0.51203835 0.38761312 0.00652364 0.01975972 0.03142028
 0.00710863]",[0.00272646 0.43396488 0.2561845  0.30712414],[0.03126401 0.96873605],"[5.9568145e-05 6.6588144e-03 1.8103035e-01 4.4375545e-01 2.8117490e-01
 7.0713803e-02 1.4647485e-02 1.8141825e-03 1.4546666e-04]",Black,20-39,
/scratch/project_462000771/mengting/projects/bias/Wan2.1/prompt2/selected_faces/detected_unhappy/unhappy_person_0263_face0.png,Latino_Hispanic,Asian,Female,30-39,"[0.04703007 0.04451067 0.5599445  0.09163338 0.19977061 0.04659741
 0.01051334]",[0.07243633 0.01538197 0.78618836 0.1259933 ],[0.08402004 0.91598   ],"[4.2466087e-05 3.6937310e-03 7.6537468e-02 2.7452376e-01 4.5225400e-01
 1.6075248e-01 3.0319415e-02 1.7501179e-03 1.2654929e-04]",Others,20-39,
/scratch/project_462000771/mengting/projects/bias/Wan2.1/prompt2/selected_faces/detected_unhappy/unhappy_person_0264_face0.png,White,White,Female,40-49,"[9.4287419e-01 1.1410082e-04 2.0182038e-02 9.2341918e-03 6.8023731e-03
 1.4854897e-03 1.9307580e-02]",[8.7463635e-01 2.9896011e-04 1.1956371e-01 5.5009960e-03],[0.01251857 0.9874814 ],"[2.2932622e-05 9.6382934e-04 6.1060381e-03 1.2855816e-01 2.7657658e-01
 3.7924221e-01 1.7041653e-01 2.4485862e-02 1.3627768e-02]",White,40-59,
/scratch/project_462000771/mengting/projects/bias/Wan2.1/prompt2/selected_faces/detected_unhappy/unhappy_person_0265_face0.png,Latino_Hispanic,White,Male,30-39,"[0.13765077 0.00094929 0.47157025 0.00231517 0.00601826 0.07486136
 0.30663493]",[0.90881145 0.00401257 0.02950079 0.05767523],[9.9983567e-01 1.6430744e-04],"[2.1268097e-06 1.6581951e-05 3.0041044e-04 3.0250268e-02 5.6618595e-01
 3.8281024e-01 2.0320849e-02 1.1143642e-04 2.1800502e-06]",Others,20-39,
/scratch/project_462000771/mengting/projects/bias/Wan2.1/prompt2/selected_faces/detected_unhappy/unhappy_person_0266_face0.png,Middle Eastern,White,Male,20-29,"[3.4335443e-01 3.1373997e-03 1.2804350e-01 8.2019789e-05 3.2843379e-04
 1.3796653e-02 5.1125759e-01]",[9.8742479e-01 2.6174032e-04 6.3399674e-04 1.1679465e-02],[9.9998677e-01 1.3241417e-05],"[7.0314383e-07 4.4567580e-05 4.9365726e-03 5.7146567e-01 4.0019313e-01
 2.3014454e-02 3.4014409e-04 4.5888464e-06 1.4948611e-07]",White,20-39,
/scratch/project_462000771/mengting/projects/bias/Wan2.1/prompt2/selected_faces/detected_unhappy/unhappy_person_0267_face0.png,Black,Black,Male,20-29,"[1.1597175e-05 9.9201173e-01 7.3790969e-04 4.1733812e-05 8.9291926e-04
 6.2345527e-03 6.9604561e-05]",[1.8482437e-05 9.9158388e-01 7.9126621e-04 7.6062926e-03],[9.992328e-01 7.671706e-04],"[7.4984285e-07 4.2700198e-05 1.9725410e-02 5.0043190e-01 3.9222902e-01
 8.3755016e-02 3.5557430e-03 2.3002902e-04 2.9378454e-05]",Black,20-39,
/scratch/project_462000771/mengting/projects/bias/Wan2.1/prompt2/selected_faces/detected_unhappy/unhappy_person_0268_face0.png,Middle Eastern,White,Male,30-39,"[8.0456883e-02 3.2278479e-03 3.9048842e-01 9.6138232e-05 7.9248031e-04
 1.2919968e-01 3.9573857e-01]",[0.5551574  0.01117337 0.00129381 0.43237543],[9.9999374e-01 6.3165562e-06],"[3.9931670e-06 1.0821680e-04 5.9630219e-03 3.3833295e-01 6.0601020e-01
 4.9274452e-02 3.0184109e-04 5.2412029e-06 9.9811693e-08]",Others,20-39,
/scratch/project_462000771/mengting/projects/bias/Wan2.1/prompt2/selected_faces/detected_unhappy/unhappy_person_0269_face0.png,White,White,Female,40-49,"[9.8154390e-01 2.7609423e-07 2.8712112e-03 3.7783914e-06 6.4633564e-06
 5.7195659e-05 1.5517142e-02]",[9.9987745e-01 1.4368842e-06 3.9388837e-05 8.1790531e-05],[1.1682917e-04 9.9988317e-01],"[2.6624216e-08 9.8932333e-07 4.8825319e-04 5.6219768e-02 3.7869713e-01
 5.0918233e-01 5.4341536e-02 1.0477286e-03 2.2282686e-05]",White,40-59,
/scratch/project_462000771/mengting/projects/bias/Wan2.1/prompt2/selected_faces/detected_unhappy/unhappy_person_0270_face0.png,White,White,Female,30-39,"[4.4883385e-01 4.5597921e-03 3.0288196e-01 1.7116922e-04 3.2850512e-04
 2.2295970e-02 2.2092876e-01]",[0.9025268  0.0062576  0.00199541 0.08922026],[0.04140167 0.9585984 ],"[2.5976038e-07 1.6684227e-05 7.6843821e-03 3.4040830e-01 5.7551420e-01
 7.4642666e-02 1.6709998e-03 5.8577112e-05 3.8621833e-06]",White,20-39,
/scratch/project_462001220/mengting/projects_771/bias/Wan2.1/prompt2/complete_selected_faces/detected_unhappy/0271_face0.png,Middle Eastern,White,Male,40-49,"[0.19615836 0.00713047 0.22318521 0.02422295 0.05761482 0.05741436
 0.4342738 ]",[0.6049221  0.01702204 0.23594587 0.14210989],[0.9983615  0.00163852],"[4.9838884e-05 4.0174913e-04 9.4315251e-03 1.7858861e-01 2.3093061e-01
 2.9150161e-01 2.2475386e-01 5.1952798e-02 1.2389429e-02]",Others,40-59,0.0
/scratch/project_462000771/mengting/projects/bias/Wan2.1/prompt2/selected_faces/detected_unhappy/unhappy_person_0272_face0.png,White,White,Female,30-39,"[0.6716708  0.00088346 0.17322159 0.0457495  0.03914943 0.03186998
 0.03745526]",[0.7660958  0.00154411 0.11151797 0.12084211],[0.00325677 0.99674326],"[6.9741473e-06 6.6561525e-04 1.6154537e-02 3.0755216e-01 4.9457371e-01
 1.6547742e-01 1.4034169e-02 1.3318759e-03 2.0353757e-04]",White,20-39,
/scratch/project_462001220/mengting/projects_771/bias/Wan2.1/prompt2/complete_selected_faces/detected_unhappy/0273_face0.png,White,White,Male,30-39,"[4.9040842e-01 3.2927614e-04 1.1460066e-01 3.0275155e-02 2.3790218e-02
 5.9196283e-03 3.3467665e-01]",[9.0542865e-01 1.7627786e-04 8.3184391e-02 1.1210657e-02],[0.88243246 0.11756755],"[0.00055306 0.0088599  0.08202123 0.27627784 0.29167446 0.28699565
 0.05007803 0.00324621 0.00029353]",White,20-39,1.0
/scratch/project_462000771/mengting/projects/bias/Wan2.1/prompt2/selected_faces/detected_unhappy/unhappy_person_0274_face0.png,White,White,Male,30-39,"[9.8655027e-01 1.2974253e-05 6.6118711e-03 7.7811055e-05 5.2656007e-05
 1.2269958e-04 6.5717050e-03]",[9.9446118e-01 4.3923041e-04 3.9572231e-03 1.1423468e-03],[9.9997330e-01 2.6718759e-05],"[2.2122357e-08 4.4948843e-07 1.3704346e-04 2.6234740e-01 6.9743139e-01
 3.9869364e-02 2.1342299e-04 9.0189775e-07 1.4638241e-08]",White,20-39,
/scratch/project_462000771/mengting/projects/bias/Wan2.1/prompt2/selected_faces/detected_unhappy/unhappy_person_0275_face0.png,White,White,Male,40-49,"[4.1070902e-01 2.9946925e-04 2.9636711e-01 2.3645867e-02 1.6400540e-02
 8.0805570e-03 2.4449734e-01]",[8.3912265e-01 6.9258531e-04 1.4932840e-01 1.0856344e-02],[9.9953777e-01 4.6222110e-04],"[1.4370552e-04 2.4661058e-04 6.5932650e-04 1.5390669e-02 2.9830098e-01
 5.8192086e-01 1.0147477e-01 1.8232601e-03 3.9801424e-05]",White,40-59,
/scratch/project_462000771/mengting/projects/bias/Wan2.1/prompt2/selected_faces/detected_unhappy/unhappy_person_0276_face0.png,Latino_Hispanic,White,Male,20-29,"[0.09967339 0.00053197 0.4013745  0.21562181 0.20329846 0.0259111
 0.05358879]",[0.7410129  0.0018762  0.11052118 0.1465897 ],[0.79571766 0.20428233],"[5.3131444e-06 2.0035388e-04 3.1644095e-02 5.5328757e-01 3.3425316e-01
 7.2535776e-02 7.0015434e-03 9.8465174e-04 8.7626933e-05]",Others,20-39,
/scratch/project_462000771/mengting/projects/bias/Wan2.1/prompt2/selected_faces/detected_unhappy/unhappy_person_0277_face0.png,White,White,Male,30-39,"[9.91035938e-01 1.85904730e-06 3.09537561e-03 5.04794070e-06
 1.46361535e-05 2.10257549e-05 5.82603551e-03]",[9.9947351e-01 2.9344805e-05 2.9457666e-04 2.0254428e-04],[9.9943334e-01 5.6663546e-04],"[1.0777830e-07 6.5880481e-06 3.3117319e-03 1.8905792e-01 5.1941335e-01
 2.7091932e-01 1.7027268e-02 2.5399949e-04 9.6623689e-06]",White,20-39,
/scratch/project_462000771/mengting/projects/bias/Wan2.1/prompt2/selected_faces/detected_unhappy/unhappy_person_0278_face0.png,White,White,Female,40-49,"[5.5500990e-01 1.7858010e-05 1.4118760e-02 1.1016722e-01 3.5419993e-02
 1.0648880e-03 2.8420144e-01]",[9.9740136e-01 1.6245333e-05 2.3126346e-03 2.6976806e-04],[0.01390067 0.98609936],"[3.2706801e-05 1.3194632e-03 1.5687715e-02 1.5413888e-01 3.2769126e-01
 3.6096880e-01 1.2279152e-01 1.4431972e-02 2.9376450e-03]",White,40-59,
/scratch/project_462001220/mengting/projects_771/bias/Wan2.1/prompt2/complete_selected_faces/detected_unhappy/0279_face0.png,Southeast Asian,Asian,Male,30-39,"[0.00211492 0.00084046 0.04982911 0.33640778 0.60326654 0.0047814
 0.00275977]",[8.3056028e-04 3.3476079e-04 9.9424487e-01 4.5897812e-03],[0.99667495 0.00332509],"[3.1303105e-05 8.7323169e-05 2.9563040e-03 1.1355743e-01 4.8929578e-01
 3.2875568e-01 5.9232000e-02 5.7021216e-03 3.8210038e-04]",Asian,20-39,1.0
/scratch/project_462000771/mengting/projects/bias/Wan2.1/prompt2/selected_faces/detected_unhappy/unhappy_person_0280_face0.png,White,White,Male,30-39,"[0.53494465 0.00097425 0.32100618 0.00751729 0.01004423 0.05031395
 0.07519953]",[0.68342376 0.00125319 0.1329943  0.18232869],[0.9506661  0.04933387],"[1.0643954e-05 2.9761560e-04 2.5577678e-03 2.3763451e-01 6.6615111e-01
 9.1887698e-02 1.4371225e-03 2.2321103e-05 1.1671075e-06]",White,20-39,
/scratch/project_462000771/mengting/projects/bias/Wan2.1/prompt2/selected_faces/detected_unhappy/unhappy_person_0281_face0.png,Latino_Hispanic,White,Male,40-49,"[0.4261624  0.00055402 0.45131022 0.00368064 0.00452531 0.04397132
 0.06979616]",[9.1484958e-01 3.5997148e-04 6.6114180e-02 1.8676281e-02],[0.9986363  0.00136375],"[3.5391349e-05 5.1790666e-05 2.5820045e-04 3.1170018e-03 1.9396445e-01
 7.0145810e-01 1.0050316e-01 6.0608814e-04 5.8204023e-06]",Others,40-59,
/scratch/project_462001220/mengting/projects_771/bias/Wan2.1/prompt2/complete_selected_faces/detected_unhappy/0282_face0.png,East Asian,Asian,Female,30-39,"[1.1777709e-03 8.7591616e-06 3.8814541e-02 5.4870528e-01 4.0738964e-01
 3.4341104e-03 4.6988574e-04]",[3.2122121e-03 4.3831228e-06 9.8933268e-01 7.4507068e-03],[0.0135449 0.9864551],"[1.9609447e-06 1.3607228e-04 9.9740587e-03 2.1832758e-01 5.7826418e-01
 1.8248375e-01 9.9119395e-03 8.8200817e-04 1.8487070e-05]",Asian,20-39,1.0
/scratch/project_462000771/mengting/projects/bias/Wan2.1/prompt2/selected_faces/detected_unhappy/unhappy_person_0283_face0.png,White,White,Male,40-49,"[9.2724752e-01 3.3269267e-04 2.4270764e-02 6.7664967e-03 3.2204359e-03
 4.5596412e-04 3.7706170e-02]",[9.91456389e-01 5.21908951e-05 8.38595908e-03 1.05378815e-04],[0.9986596  0.00134037],"[5.9049955e-05 3.4752498e-05 4.6871669e-04 3.6484476e-02 3.4005955e-01
 4.5943132e-01 1.5607816e-01 7.1421824e-03 2.4172745e-04]",White,40-59,
/scratch/project_462001220/mengting/projects_771/bias/Wan2.1/prompt2/complete_selected_faces/detected_unhappy/0284_face0.png,Latino_Hispanic,Asian,Male,20-29,"[0.02289352 0.00151489 0.44667938 0.00996458 0.01939114 0.30084687
 0.19870955]",[0.13771665 0.00753682 0.45713842 0.39760807],[9.9979657e-01 2.0346494e-04],"[1.3100771e-04 1.3783351e-03 8.7432051e-03 4.8479891e-01 4.3430668e-01
 6.9030955e-02 1.5425705e-03 6.6472763e-05 1.9210825e-06]",Others,20-39,1.0
/scratch/project_462000771/mengting/projects/bias/Wan2.1/prompt2/selected_faces/detected_unhappy/unhappy_person_0285_face0.png,White,White,Female,20-29,"[7.5367391e-01 2.2918527e-04 7.2273098e-02 1.1205952e-01 2.4025477e-02
 7.4923376e-04 3.6989570e-02]",[8.7241006e-01 4.5029103e-04 1.2250606e-01 4.6336544e-03],[0.0399465 0.9600535],"[1.8608363e-06 5.3573668e-04 1.0532824e-01 6.5879542e-01 1.9178507e-01
 3.6924005e-02 5.6487783e-03 8.1769819e-04 1.6317394e-04]",White,20-39,
/scratch/project_462000771/mengting/projects/bias/Wan2.1/prompt2/selected_faces/detected_unhappy/unhappy_person_0286_face0.png,Southeast Asian,Asian,Male,30-39,"[0.01625883 0.04393946 0.08403768 0.24475016 0.49718186 0.10671569
 0.00711628]",[0.00536728 0.02203103 0.8427773  0.12982441],[0.9937307  0.00626925],"[4.9860837e-06 1.8319961e-04 6.0625733e-03 2.1672867e-01 4.0483999e-01
 2.9105440e-01 7.7277370e-02 3.4668494e-03 3.8200038e-04]",Asian,20-39,
/scratch/project_462000771/mengting/projects/bias/Wan2.1/prompt2/selected_faces/detected_unhappy/unhappy_person_0287_face0.png,White,White,Male,20-29,"[8.4365433e-01 1.9653551e-05 3.1663563e-02 9.2226709e-04 9.2093699e-04
 1.1913892e-03 1.2162778e-01]",[9.9305427e-01 1.8213112e-05 2.2104564e-03 4.7170073e-03],[9.9998784e-01 1.2143045e-05],"[4.9395851e-07 1.9060271e-05 5.1041818e-03 5.0606912e-01 4.6972144e-01
 1.8985514e-02 9.8924043e-05 1.2693474e-06 3.4758951e-08]",White,20-39,
/scratch/project_462000771/mengting/projects/bias/Wan2.1/prompt2/selected_faces/detected_unhappy/unhappy_person_0288_face0.png,White,White,Male,20-29,"[6.6730636e-01 2.4426580e-04 8.4789544e-02 2.7215276e-03 2.8489758e-03
 1.2404992e-03 2.4084876e-01]",[9.9515998e-01 1.1223261e-04 2.7865304e-03 1.9412250e-03],[9.9963874e-01 3.6130508e-04],"[2.5543159e-05 6.7412974e-03 3.5974386e-01 5.1020348e-01 1.0295565e-01
 1.9047944e-02 1.1876420e-03 8.7617707e-05 6.8389286e-06]",White,20-39,
/scratch/project_462000771/mengting/projects/bias/Wan2.1/prompt2/selected_faces/detected_unhappy/unhappy_person_0289_face0.png,White,White,Male,30-39,"[7.0555383e-01 1.3636092e-04 2.9888239e-02 1.8122542e-03 1.5188392e-03
 2.4801474e-03 2.5861037e-01]",[9.9357051e-01 2.3916898e-04 1.7757178e-03 4.4145836e-03],[0.9984725  0.00152746],"[1.9833753e-05 5.0681330e-05 2.9111485e-04 2.4476089e-02 5.1287651e-01
 4.4154212e-01 2.0600146e-02 1.4089234e-04 2.6876901e-06]",White,20-39,
/scratch/project_462001220/mengting/projects_771/bias/Wan2.1/prompt2/complete_selected_faces/detected_unhappy/0290_face0.png,White,White,Male,30-39,"[9.95846093e-01 9.08487709e-06 8.36884894e-04 7.89819478e-06
 1.47814535e-05 9.08428992e-05 3.19435517e-03]",[9.9948645e-01 1.2603071e-05 2.6776745e-05 4.7419537e-04],[9.9961710e-01 3.8285475e-04],"[6.0612939e-07 4.5605566e-06 2.4923647e-04 1.3914379e-01 7.0231467e-01
 1.5623271e-01 2.0396619e-03 1.4081377e-05 7.3376845e-07]",White,20-39,1.0
/scratch/project_462000771/mengting/projects/bias/Wan2.1/prompt2/selected_faces/detected_unhappy/unhappy_person_0291_face0.png,Latino_Hispanic,White,Male,30-39,"[0.20302497 0.0021226  0.53420746 0.00149494 0.00211978 0.0153014
 0.24172893]",[0.54648745 0.00866442 0.01330006 0.431548  ],[9.9991834e-01 8.1694030e-05],"[3.2516004e-05 3.0281840e-04 8.5651996e-03 2.3771122e-01 5.2619636e-01
 2.0627646e-01 2.0490246e-02 4.1503555e-04 1.0078542e-05]",Others,20-39,
/scratch/project_462000771/mengting/projects/bias/Wan2.1/prompt2/selected_faces/detected_unhappy/unhappy_person_0292_face0.png,Black,Black,Male,40-49,"[3.14452041e-06 9.97710705e-01 4.52373206e-04 3.40599581e-05
 8.64975387e-04 9.23169777e-04 1.16712845e-05]",[4.4020285e-06 9.9600345e-01 1.1200128e-03 2.8719788e-03],[9.999997e-01 2.895136e-07],"[6.1065077e-07 4.1281460e-06 7.4183328e-05 1.4904905e-02 2.7262822e-01
 6.3701648e-01 7.3942937e-02 1.3761889e-03 5.2258216e-05]",Black,40-59,
/scratch/project_462000771/mengting/projects/bias/Wan2.1/prompt2/selected_faces/detected_unhappy/unhappy_person_0293_face0.png,White,White,Female,20-29,"[0.85130614 0.00362319 0.0889383  0.00949886 0.00810301 0.00204754
 0.03648302]",[0.5385938  0.11101551 0.2459762  0.10441448],[0.00748184 0.9925181 ],"[2.67483592e-05 2.14138813e-03 2.79453155e-02 4.72323626e-01
 3.75771940e-01 1.08819485e-01 1.20897992e-02 7.49834056e-04
 1.31805893e-04]",White,20-39,
/scratch/project_462000771/mengting/projects/bias/Wan2.1/prompt2/selected_faces/detected_unhappy/unhappy_person_0294_face0.png,East Asian,White,Female,20-29,"[3.7121630e-01 3.1144915e-05 1.4348849e-02 5.5345935e-01 4.3352954e-02
 6.4886804e-04 1.6942529e-02]",[5.2434331e-01 2.1178208e-04 4.7442937e-01 1.0155616e-03],[0.02205998 0.97794   ],"[9.7871762e-06 1.9669640e-03 1.3191462e-01 6.7250347e-01 1.6594858e-01
 2.6356811e-02 1.1169775e-03 1.4259297e-04 4.0215611e-05]",Asian,20-39,
/scratch/project_462000771/mengting/projects/bias/Wan2.1/prompt2/selected_faces/detected_unhappy/unhappy_person_0295_face0.png,Latino_Hispanic,Indian,Male,40-49,"[0.09096043 0.00294348 0.29832327 0.06254648 0.24567497 0.12823765
 0.17131367]",[0.07412071 0.01163199 0.29602435 0.61822295],[0.71439093 0.2856091 ],"[0.00061527 0.0059055  0.02395668 0.15959747 0.20110744 0.3313598
 0.15920323 0.07309657 0.04515816]",Others,40-59,
/scratch/project_462000771/mengting/projects/bias/Wan2.1/prompt2/selected_faces/detected_unhappy/unhappy_person_0296_face0.png,White,White,Male,20-29,"[8.2493103e-01 4.1032684e-04 3.3694740e-02 2.6959737e-03 3.8709578e-03
 6.3650650e-03 1.2803188e-01]",[9.9674565e-01 3.5201031e-04 1.3428951e-03 1.5594594e-03],[0.83307934 0.16692069],"[2.3485876e-05 4.1370813e-04 1.6038552e-02 3.1779897e-01 2.9836076e-01
 2.6590723e-01 8.1456378e-02 1.5103168e-02 4.8976867e-03]",White,20-39,
/scratch/project_462000771/mengting/projects/bias/Wan2.1/prompt2/selected_faces/detected_unhappy/unhappy_person_0297_face0.png,White,White,Male,20-29,"[8.7504452e-01 1.1606636e-03 6.1714582e-02 7.4118645e-05 1.2834479e-04
 4.6601696e-03 5.7217564e-02]",[9.9677873e-01 5.4244819e-04 2.0216341e-04 2.4766871e-03],[9.9936885e-01 6.3119153e-04],"[4.3342220e-06 3.8298502e-04 2.4986260e-02 6.1517602e-01 3.4982967e-01
 9.5438948e-03 7.5224525e-05 1.6703096e-06 4.5677158e-08]",White,20-39,
/scratch/project_462000771/mengting/projects/bias/Wan2.1/prompt2/selected_faces/detected_unhappy/unhappy_person_0298_face0.png,East Asian,Asian,Female,20-29,"[7.7830078e-03 1.4133785e-03 2.5423629e-02 6.3282895e-01 3.3204758e-01
 2.4376959e-04 2.5964520e-04]",[0.0186587  0.0016835  0.97861135 0.00104642],[0.00401872 0.9959813 ],"[4.3199707e-06 4.9332209e-04 3.7433032e-02 5.1132089e-01 3.8546306e-01
 5.9766732e-02 5.0773243e-03 4.1815767e-04 2.3076260e-05]",Asian,20-39,
/scratch/project_462000771/mengting/projects/bias/Wan2.1/prompt2/selected_faces/detected_unhappy/unhappy_person_0299_face0.png,White,White,Female,20-29,"[7.37112641e-01 1.81324402e-04 1.21578544e-01 2.59963814e-02
 1.41773205e-02 8.48217867e-03 9.24715102e-02]",[0.8228248  0.00119974 0.05775608 0.11821941],[0.0066038 0.9933962],"[1.2577819e-07 6.3676802e-05 4.3036561e-02 7.4920338e-01 1.9296658e-01
 1.4309217e-02 4.0142273e-04 1.7167342e-05 1.8691466e-06]",White,20-39,
/scratch/project_462000771/mengting/projects/bias/Wan2.1/prompt2/selected_faces/detected_unhappy/unhappy_person_0300_face0.png,East Asian,White,Female,20-29,"[4.3310478e-01 1.8497526e-04 1.7966609e-03 4.8475900e-01 7.9374582e-02
 2.3514712e-04 5.4484757e-04]",[9.089661e-01 3.541947e-04 8.132302e-02 9.356682e-03],[0.00371952 0.9962805 ],"[3.1862794e-05 6.7407624e-03 8.4219538e-02 8.1265843e-01 8.4209211e-02
 1.1326526e-02 5.7702063e-04 9.6795098e-05 1.3988263e-04]",Asian,20-39,
/scratch/project_462000771/mengting/projects/bias/Wan2.1/prompt2/selected_faces/detected_unhappy/unhappy_person_0301_face0.png,Latino_Hispanic,White,Female,20-29,"[0.19821203 0.00166861 0.52570915 0.01844217 0.01270138 0.02564786
 0.21761888]",[0.48103508 0.01397605 0.05206969 0.4529192 ],[0.00131714 0.99868286],"[6.9887164e-06 7.6822279e-04 2.4000488e-02 4.5181534e-01 4.3589723e-01
 7.5780533e-02 1.0755939e-02 9.0627623e-04 6.8988658e-05]",Others,20-39,
/scratch/project_462000771/mengting/projects/bias/Wan2.1/prompt2/selected_faces/detected_unhappy/unhappy_person_0302_face0.png,White,White,Male,30-39,"[9.4538879e-01 1.6257558e-05 3.9327603e-02 4.6090531e-04 5.7075993e-04
 4.5723279e-04 1.3778552e-02]",[9.9667144e-01 1.6537831e-05 3.1501141e-03 1.6199077e-04],[9.9954432e-01 4.5564285e-04],"[8.7238986e-06 2.9811115e-05 1.7229879e-03 7.3754691e-02 5.4221821e-01
 3.4991705e-01 3.1984378e-02 3.5713450e-04 7.0469218e-06]",White,20-39,
/scratch/project_462000771/mengting/projects/bias/Wan2.1/prompt2/selected_faces/detected_unhappy/unhappy_person_0303_face0.png,White,White,Female,30-39,"[9.9740571e-01 2.3638722e-06 1.2913396e-03 2.8417620e-04 5.3499676e-05
 4.3666796e-06 9.5862499e-04]",[9.9960101e-01 2.0812266e-05 3.2294699e-04 5.5201832e-05],[0.00103911 0.9989609 ],"[5.9086062e-07 2.7744962e-05 5.2583558e-03 2.8370556e-01 4.9407485e-01
 1.9853471e-01 1.8005075e-02 3.7955955e-04 1.3566538e-05]",White,20-39,
/scratch/project_462000771/mengting/projects/bias/Wan2.1/prompt2/selected_faces/detected_unhappy/unhappy_person_0304_face0.png,Middle Eastern,White,Male,20-29,"[1.6788895e-01 3.1358490e-03 1.7754851e-01 1.5309421e-04 5.6639774e-04
 7.9545388e-03 6.4275271e-01]",[0.61544275 0.09139731 0.0015313  0.29162872],[0.66265005 0.33734998],"[5.2680895e-07 5.7262201e-05 7.2628051e-02 6.9014817e-01 2.1286567e-01
 2.2202561e-02 1.9079149e-03 1.7829437e-04 1.1530056e-05]",Others,20-39,
/scratch/project_462000771/mengting/projects/bias/Wan2.1/prompt2/selected_faces/detected_unhappy/unhappy_person_0305_face0.png,Middle Eastern,White,Female,40-49,"[3.4735131e-01 8.5673797e-05 4.1840844e-02 3.4050100e-02 9.2007592e-03
 5.3682714e-03 5.6210303e-01]",[9.1414863e-01 2.1970017e-04 3.9331205e-02 4.6300463e-02],[0.0044847 0.9955153],"[4.8941743e-06 1.0661077e-04 6.2784911e-03 1.5445067e-01 2.5959423e-01
 3.4514371e-01 1.6395673e-01 4.3696314e-02 2.6768366e-02]",White,40-59,
/scratch/project_462000771/mengting/projects/bias/Wan2.1/prompt2/selected_faces/detected_unhappy/unhappy_person_0306_face0.png,Middle Eastern,White,Male,30-39,"[4.5318285e-01 4.8059428e-05 4.6056584e-02 6.1182678e-03 3.5247384e-03
 2.7145408e-03 4.8835501e-01]",[9.7065997e-01 9.5846175e-05 2.2104176e-02 7.1399347e-03],[0.8426874  0.15731253],"[5.9366324e-05 1.1181379e-03 3.6092296e-02 2.6809525e-01 3.2792890e-01
 2.6714775e-01 8.4112205e-02 1.2270467e-02 3.1756056e-03]",White,20-39,
/scratch/project_462000771/mengting/projects/bias/Wan2.1/prompt2/selected_faces/detected_unhappy/unhappy_person_0307_face0.png,Latino_Hispanic,Indian,Male,30-39,"[1.9068113e-01 1.6522355e-03 4.8968646e-01 1.6656610e-04 5.5906648e-04
 2.8020447e-01 3.7050046e-02]",[0.15710405 0.00857732 0.00292671 0.831392  ],[9.9991876e-01 8.1278631e-05],"[1.2363698e-06 1.5539714e-05 2.4920036e-04 5.8252998e-02 7.3775893e-01
 2.0183282e-01 1.8846274e-03 4.6489276e-06 5.8032395e-08]",Others,20-39,
/scratch/project_462000771/mengting/projects/bias/Wan2.1/prompt2/selected_faces/detected_unhappy/unhappy_person_0308_face0.png,White,White,Male,20-29,"[9.9759179e-01 5.8049800e-06 7.1025867e-04 6.5906795e-05 6.9397473e-05
 7.1069658e-06 1.5497076e-03]",[9.9762875e-01 8.2226259e-05 2.1118799e-03 1.7720577e-04],[0.9980464  0.00195357],"[6.2828525e-07 3.9587725e-05 1.2836999e-02 6.1790991e-01 3.2644108e-01
 4.1118812e-02 1.6157537e-03 3.3416287e-05 3.8446492e-06]",White,20-39,
/scratch/project_462000771/mengting/projects/bias/Wan2.1/prompt2/selected_faces/detected_unhappy/unhappy_person_0309_face0.png,White,White,Male,40-49,"[9.3996197e-01 2.0666998e-04 2.8233677e-02 7.9949925e-05 1.5208499e-04
 1.6190630e-03 2.9746538e-02]",[9.9704486e-01 4.4223730e-04 7.9221051e-04 1.7207043e-03],[0.99764365 0.00235631],"[9.3028639e-06 8.3858031e-05 1.0614734e-03 5.1715057e-02 3.8561222e-01
 4.8034108e-01 7.8747712e-02 2.3145445e-03 1.1474649e-04]",White,40-59,
/scratch/project_462000771/mengting/projects/bias/Wan2.1/prompt2/selected_faces/detected_unhappy/unhappy_person_0310_face0.png,White,White,Male,30-39,"[0.43841195 0.00158941 0.40223196 0.00374248 0.00641254 0.01770076
 0.12991092]",[0.905012   0.00198299 0.01372726 0.07927772],[0.9965023  0.00349776],"[2.1825617e-06 4.1906605e-05 1.0182532e-03 1.0638094e-01 7.0999879e-01
 1.7931351e-01 3.2109737e-03 3.2496278e-05 1.0157969e-06]",White,20-39,
/scratch/project_462000771/mengting/projects/bias/Wan2.1/prompt2/selected_faces/detected_unhappy/unhappy_person_0311_face0.png,Middle Eastern,White,Female,20-29,"[2.9205137e-01 1.6682642e-04 1.5928535e-02 2.9443481e-04 4.7987208e-04
 2.4176440e-03 6.8866128e-01]",[0.96174824 0.00313805 0.00707964 0.028034  ],[0.0527266 0.9472734],"[7.4563945e-07 4.1024134e-05 1.5879540e-02 4.5830721e-01 3.3562776e-01
 1.5576249e-01 2.9526236e-02 3.9225025e-03 9.3248143e-04]",White,20-39,
/scratch/project_462000771/mengting/projects/bias/Wan2.1/prompt2/selected_faces/detected_unhappy/unhappy_person_0312_face0.png,Middle Eastern,White,Male,30-39,"[1.3029654e-01 1.0253833e-04 1.0712068e-01 8.3547406e-05 2.1606238e-04
 1.8868852e-02 7.4331170e-01]",[9.0729964e-01 1.1871336e-04 1.6871718e-04 9.2412919e-02],[9.9995303e-01 4.6970723e-05],"[1.5606837e-06 7.7378627e-06 6.1330304e-04 1.3013199e-01 7.4223703e-01
 1.2543944e-01 1.5485623e-03 1.9920712e-05 5.1620867e-07]",White,20-39,
/scratch/project_462000771/mengting/projects/bias/Wan2.1/prompt2/selected_faces/detected_unhappy/unhappy_person_0313_face0.png,White,White,Male,30-39,"[9.4743687e-01 3.5033406e-06 8.3292956e-03 1.1980542e-04 1.6823855e-04
 3.0978436e-03 4.0844500e-02]",[9.9628067e-01 2.0660696e-05 1.2356904e-03 2.4629699e-03],[9.9993575e-01 6.4307402e-05],"[3.5656316e-07 5.8834980e-06 3.5029542e-04 6.3980490e-02 6.4591867e-01
 2.8575873e-01 3.9749732e-03 1.0402978e-05 2.0632125e-07]",White,20-39,
/scratch/project_462000771/mengting/projects/bias/Wan2.1/prompt2/selected_faces/detected_unhappy/unhappy_person_0314_face0.png,White,White,Male,40-49,"[6.3196856e-01 2.0878948e-04 7.9250284e-02 1.2284293e-04 3.9465798e-04
 5.6083226e-03 2.8244653e-01]",[9.9922025e-01 9.4837624e-06 1.3577873e-04 6.3452235e-04],[0.99518627 0.00481373],"[1.42355775e-05 1.06107043e-04 1.91229780e-03 3.21521461e-02
 3.84387851e-01 5.37207663e-01 4.32638302e-02 9.07935377e-04
 4.79361261e-05]",White,40-59,
/scratch/project_462000771/mengting/projects/bias/Wan2.1/prompt2/selected_faces/detected_unhappy/unhappy_person_0315_face0.png,Latino_Hispanic,White,Male,30-39,"[0.24735644 0.0006111  0.35557738 0.00057268 0.00100113 0.11822934
 0.27665192]",[9.8097283e-01 6.2227438e-05 1.9784318e-03 1.6986471e-02],[9.999119e-01 8.815379e-05],"[6.3767884e-06 3.0964587e-05 4.3864021e-04 1.8882810e-01 7.4478817e-01
 6.5403953e-02 4.9861480e-04 5.0813674e-06 9.2582887e-08]",Others,20-39,
/scratch/project_462000771/mengting/projects/bias/Wan2.1/prompt2/selected_faces/detected_unhappy/unhappy_person_0316_face0.png,Black,Black,Male,20-29,"[1.7705057e-06 9.9988306e-01 5.5289573e-05 2.8191968e-07 5.0421199e-06
 5.4216143e-05 3.5207594e-07]",[5.8227183e-06 9.9984431e-01 2.4485291e-05 1.2541388e-04],[9.9947149e-01 5.2852737e-04],"[8.9128171e-06 4.7831004e-03 1.5086950e-01 6.5225071e-01 1.7096893e-01
 1.9455615e-02 1.4944306e-03 1.4756873e-04 2.1141317e-05]",Black,20-39,
/scratch/project_462000771/mengting/projects/bias/Wan2.1/prompt2/selected_faces/detected_unhappy/unhappy_person_0317_face0.png,White,White,Female,40-49,"[7.1605152e-01 5.9974194e-05 1.6939493e-01 1.7708548e-03 9.7825250e-04
 9.5313753e-04 1.1079125e-01]",[9.5952088e-01 2.0003748e-05 4.0361986e-02 9.7076489e-05],[5.9304413e-05 9.9994075e-01],"[9.8065777e-07 5.7884397e-05 3.5498366e-03 6.8212412e-02 4.0442294e-01
 4.7425693e-01 4.8085574e-02 1.3834261e-03 2.9936038e-05]",White,40-59,
/scratch/project_462000771/mengting/projects/bias/Wan2.1/prompt2/selected_faces/detected_unhappy/unhappy_person_0318_face0.png,White,White,Male,70+,"[7.7094173e-01 4.0119125e-05 1.1012689e-02 1.2446921e-01 3.4720976e-02
 1.9548110e-04 5.8619902e-02]",[8.7460488e-01 2.0110820e-05 1.2534381e-01 3.1148269e-05],[0.6993058  0.30069423],"[0.00266022 0.00561455 0.00243127 0.0031394  0.00594287 0.02702454
 0.14235735 0.33840352 0.47242633]",White,60+,
/scratch/project_462001220/mengting/projects_771/bias/Wan2.1/prompt2/complete_selected_faces/detected_unhappy/0319_face0.png,White,White,Male,30-39,"[0.7122904  0.00113298 0.08804812 0.01100295 0.00617114 0.0053431
 0.17601137]",[0.9208682  0.00710155 0.0452086  0.0268217 ],[9.9998218e-01 1.7776363e-05],"[2.2421542e-05 5.6632314e-05 8.3579723e-04 1.0582024e-01 5.3228021e-01
 3.1397188e-01 4.5569323e-02 1.3942292e-03 4.9287424e-05]",White,20-39,1.0
/scratch/project_462000771/mengting/projects/bias/Wan2.1/prompt2/selected_faces/detected_unhappy/unhappy_person_0320_face0.png,White,White,Male,20-29,"[8.7746352e-01 2.5255007e-05 2.6075721e-03 1.7285654e-04 2.6096596e-04
 9.3522816e-05 1.1937640e-01]",[9.9622130e-01 1.9600835e-05 3.5814582e-03 1.7753977e-04],[9.9945033e-01 5.4966874e-04],"[2.8012867e-06 4.6338653e-05 3.1644914e-02 5.9599698e-01 1.7835961e-01
 1.4346890e-01 4.4166863e-02 5.5534537e-03 7.6007750e-04]",White,20-39,
/scratch/project_462000771/mengting/projects/bias/Wan2.1/prompt2/selected_faces/detected_unhappy/unhappy_person_0321_face0.png,White,White,Male,30-39,"[9.9642730e-01 2.8670918e-06 2.6425676e-04 7.8404126e-05 5.8127021e-05
 7.1959621e-06 3.1618453e-03]",[9.9943870e-01 1.0174622e-05 5.3673430e-04 1.4447367e-05],[9.999503e-01 4.973376e-05],"[1.8906066e-07 1.9998488e-06 2.1917699e-04 2.0969790e-01 7.2720122e-01
 6.2497247e-02 3.7981544e-04 2.4050044e-06 8.5469111e-08]",White,20-39,
/scratch/project_462000771/mengting/projects/bias/Wan2.1/prompt2/selected_faces/detected_unhappy/unhappy_person_0322_face0.png,Middle Eastern,White,Male,30-39,"[2.0823267e-01 4.9844744e-05 1.9881186e-01 1.0130964e-03 1.8159043e-03
 7.0529267e-02 5.1954734e-01]",[9.0240711e-01 3.0469033e-04 2.6710595e-03 9.4617121e-02],[0.99133366 0.00866638],"[1.0881661e-05 2.1177877e-04 5.1300870e-03 2.3809430e-01 6.2652051e-01
 1.2781820e-01 2.1757514e-03 3.7002828e-05 1.4571307e-06]",White,20-39,
/scratch/project_462000771/mengting/projects/bias/Wan2.1/prompt2/selected_faces/detected_unhappy/unhappy_person_0323_face0.png,Latino_Hispanic,Indian,Male,20-29,"[0.03054559 0.30295002 0.50527215 0.00191892 0.01114749 0.10716549
 0.04100044]",[0.11971088 0.05757486 0.00589157 0.81682265],[0.548673   0.45132703],"[3.5938621e-05 1.4189796e-03 5.4665104e-02 3.9917442e-01 3.7795091e-01
 1.4115927e-01 2.3544816e-02 1.8674987e-03 1.8311846e-04]",Others,20-39,
/scratch/project_462000771/mengting/projects/bias/Wan2.1/prompt2/selected_faces/detected_unhappy/unhappy_person_0324_face0.png,White,White,Male,40-49,"[8.7952787e-01 4.7584537e-05 3.1009711e-02 3.3488704e-04 3.3167138e-04
 3.0321009e-03 8.5716181e-02]",[9.9880677e-01 1.4899034e-05 3.9632272e-04 7.8199559e-04],[9.9994171e-01 5.8247144e-05],"[8.1464732e-06 1.8103221e-05 1.3104860e-04 1.5822502e-02 4.7720516e-01
 4.8968178e-01 1.6978119e-02 1.5328324e-04 1.8874363e-06]",White,40-59,
/scratch/project_462000771/mengting/projects/bias/Wan2.1/prompt2/selected_faces/detected_unhappy/unhappy_person_0325_face0.png,White,White,Male,30-39,"[9.8521340e-01 7.5246430e-06 3.0264056e-03 1.2875726e-03 6.7851628e-04
 5.1005274e-05 9.7355442e-03]",[9.9236828e-01 2.7071626e-05 6.1134417e-03 1.4911921e-03],[9.9978590e-01 2.1414414e-04],"[8.2738308e-07 2.8863060e-06 1.2728064e-04 3.8228024e-02 5.2494889e-01
 3.9966238e-01 3.6546577e-02 4.6866474e-04 1.4487135e-05]",White,20-39,
/scratch/project_462000771/mengting/projects/bias/Wan2.1/prompt2/selected_faces/detected_unhappy/unhappy_person_0326_face0.png,White,White,Male,70+,"[8.2003307e-01 5.4954534e-04 2.0333342e-02 3.4253590e-02 1.9321555e-02
 1.5167395e-03 1.0399211e-01]",[9.4396865e-01 8.4048894e-04 4.9226962e-02 5.9639215e-03],[0.78528196 0.21471804],"[0.00028533 0.0009641  0.01107005 0.16193809 0.13857366 0.12819275
 0.13950022 0.17914055 0.2403353 ]",White,60+,
/scratch/project_462000771/mengting/projects/bias/Wan2.1/prompt2/selected_faces/detected_unhappy/unhappy_person_0327_face0.png,White,Indian,Male,40-49,"[5.1632464e-01 5.7419478e-05 5.7449080e-03 1.5465512e-04 3.2396390e-04
 8.8325990e-03 4.6856177e-01]",[0.46107465 0.00401132 0.00993553 0.5249785 ],[9.9996173e-01 3.8255079e-05],"[5.7947265e-05 7.4247619e-05 2.4716172e-04 1.8000967e-03 5.9845116e-02
 6.0172462e-01 3.2908037e-01 7.0039383e-03 1.6657740e-04]",White,40-59,
/scratch/project_462001220/mengting/projects_771/bias/Wan2.1/prompt2/complete_selected_faces/detected_unhappy/0328_face0.png,Latino_Hispanic,Asian,Male,30-39,"[0.02694214 0.00470811 0.46963385 0.01352091 0.04098828 0.32680848
 0.11739825]",[0.03255267 0.00405012 0.8320033  0.13139392],[0.99894094 0.00105904],"[6.54529213e-05 3.84138431e-04 4.01641056e-03 8.11626017e-02
 4.76047158e-01 4.11300987e-01 2.63378583e-02 6.71417802e-04
 1.40370485e-05]",Others,20-39,1.0
/scratch/project_462000771/mengting/projects/bias/Wan2.1/prompt2/selected_faces/detected_unhappy/unhappy_person_0329_face0.png,Black,Black,Male,30-39,"[2.0039428e-02 5.8496082e-01 2.7729961e-01 2.4984663e-04 1.2591608e-03
 6.6532731e-02 4.9658425e-02]",[0.0097337  0.7520941  0.00691255 0.23125963],[9.9968958e-01 3.1038516e-04],"[9.0099356e-06 3.2983621e-04 5.7632015e-03 3.2040781e-01 5.9258711e-01
 7.9572827e-02 1.3083394e-03 2.1030619e-05 7.6747125e-07]",Black,20-39,
/scratch/project_462000771/mengting/projects/bias/Wan2.1/prompt2/selected_faces/detected_unhappy/unhappy_person_0330_face0.png,White,White,Male,40-49,"[8.53362978e-01 2.44448689e-04 1.03995696e-01 1.21494639e-03
 1.31925778e-03 4.13320260e-03 3.57294902e-02]",[9.9753493e-01 1.6609803e-05 1.0680594e-03 1.3804382e-03],[0.99740285 0.00259712],"[6.0312523e-06 2.4879877e-05 3.9982330e-04 1.1614393e-02 2.8337798e-01
 6.2246001e-01 8.1134230e-02 9.6579263e-04 1.6815657e-05]",White,40-59,
/scratch/project_462000771/mengting/projects/bias/Wan2.1/prompt2/selected_faces/detected_unhappy/unhappy_person_0331_face0.png,East Asian,Asian,Male,20-29,"[3.8421571e-01 4.0021064e-04 4.0075399e-02 4.3860817e-01 7.6286174e-02
 1.2918507e-03 5.9122443e-02]",[0.13608484 0.00290492 0.8516174  0.00939278],[0.97362465 0.02637538],"[3.0533938e-05 2.1007769e-03 1.6602279e-01 6.4072418e-01 1.2816286e-01
 5.1056448e-02 9.0703964e-03 2.4899857e-03 3.4199393e-04]",Asian,20-39,
/scratch/project_462000771/mengting/projects/bias/Wan2.1/prompt2/selected_faces/detected_unhappy/unhappy_person_0332_face0.png,White,White,Male,40-49,"[9.5758879e-01 4.9480313e-06 9.1936311e-04 3.2264340e-06 8.4098001e-06
 4.2153703e-04 4.1053679e-02]",[9.9974275e-01 6.0065463e-06 6.5689969e-06 2.4469002e-04],[0.97220093 0.02779907],"[2.0173529e-06 8.8544211e-06 6.6547294e-04 6.2676720e-02 2.4321841e-01
 5.1735705e-01 1.5928854e-01 1.3440265e-02 3.3427090e-03]",White,40-59,
/scratch/project_462000771/mengting/projects/bias/Wan2.1/prompt2/selected_faces/detected_unhappy/unhappy_person_0333_face0.png,White,White,Male,30-39,"[0.63430285 0.00767632 0.26483575 0.00571203 0.00633192 0.01071582
 0.07042528]",[0.8182438  0.10197436 0.05133776 0.02844421],[9.9987447e-01 1.2550065e-04],"[1.6386592e-06 6.2060672e-06 3.6154807e-04 7.7796385e-02 6.7919999e-01
 2.3704946e-01 5.4859072e-03 9.6378368e-05 2.4091464e-06]",White,20-39,
/scratch/project_462001220/mengting/projects_771/bias/Wan2.1/prompt2/complete_selected_faces/detected_unhappy/0334_face0.png,Latino_Hispanic,Black,Female,30-39,"[0.01100851 0.2256346  0.5760963  0.000899   0.00493888 0.1168783
 0.06454439]",[0.02785789 0.8054795  0.00560467 0.161058  ],[1.1620241e-04 9.9988383e-01],"[6.7802335e-07 1.5254684e-05 1.2583608e-03 7.4624024e-02 5.5670214e-01
 3.1624770e-01 4.9795896e-02 1.3433942e-03 1.2531233e-05]",Others,20-39,0.0
/scratch/project_462000771/mengting/projects/bias/Wan2.1/prompt2/selected_faces/detected_unhappy/unhappy_person_0335_face0.png,White,White,Male,30-39,"[9.0337348e-01 3.2076641e-05 1.8441720e-02 4.4941338e-04 6.5835356e-04
 1.8403844e-03 7.5204648e-02]",[9.8536634e-01 5.3816402e-05 8.1629027e-03 6.4169792e-03],[9.996074e-01 3.926365e-04],"[1.7186618e-06 1.1983756e-05 1.7791051e-04 2.6440477e-02 5.1495749e-01
 4.4406924e-01 1.4251532e-02 8.7159853e-05 2.4595154e-06]",White,20-39,
/scratch/project_462000771/mengting/projects/bias/Wan2.1/prompt2/selected_faces/detected_unhappy/unhappy_person_0336_face0.png,East Asian,Asian,Male,20-29,"[1.1964957e-01 9.9785648e-05 3.5482494e-03 7.7988917e-01 8.6820908e-02
 1.0658284e-03 8.9265024e-03]",[2.3761426e-01 1.8661869e-04 7.5869775e-01 3.5013910e-03],[0.88709754 0.11290241],"[2.2063615e-04 8.4841205e-03 1.2966670e-01 3.2763413e-01 1.6071442e-01
 1.8607122e-01 9.7334214e-02 6.8430185e-02 2.1444414e-02]",Asian,20-39,
/scratch/project_462001220/mengting/projects_771/bias/Wan2.1/prompt2/complete_selected_faces/detected_unhappy/0337_face0.png,Black,Black,Male,30-39,"[4.0944806e-06 9.9980360e-01 8.5968175e-05 1.2185561e-06 2.2407035e-05
 7.6403623e-05 6.2956137e-06]",[4.5886795e-06 9.9949348e-01 3.7400812e-04 1.2785947e-04],[9.9999917e-01 7.9891231e-07],"[2.0745421e-07 4.5864899e-06 4.3173716e-04 3.1076872e-01 6.1109728e-01
 7.5783320e-02 1.8661071e-03 4.3644450e-05 4.3559976e-06]",Black,20-39,1.0
/scratch/project_462000771/mengting/projects/bias/Wan2.1/prompt2/selected_faces/detected_unhappy/unhappy_person_0338_face0.png,White,White,Male,30-39,"[0.42268214 0.00265348 0.29180965 0.00064415 0.00158746 0.01333546
 0.26728764]",[0.8147373  0.01935666 0.01028041 0.1556256 ],[9.9998909e-01 1.0893983e-05],"[1.4092851e-07 1.0952704e-06 4.8348302e-04 2.7380106e-01 6.8659765e-01
 3.8839046e-02 2.7450250e-04 2.8681911e-06 6.1919636e-08]",White,20-39,
/scratch/project_462000771/mengting/projects/bias/Wan2.1/prompt2/selected_faces/detected_unhappy/unhappy_person_0339_face0.png,Latino_Hispanic,White,Male,30-39,"[0.28749007 0.00442934 0.41993165 0.00592077 0.01307943 0.1309671
 0.13818163]",[0.8175692  0.00449809 0.03744524 0.14048755],[9.9966192e-01 3.3804966e-04],"[2.1512810e-06 1.0991270e-05 1.0424899e-03 1.4890143e-01 5.6110632e-01
 2.7251136e-01 1.5774677e-02 6.1943108e-04 3.1145941e-05]",Others,20-39,
/scratch/project_462000771/mengting/projects/bias/Wan2.1/prompt2/selected_faces/detected_unhappy/unhappy_person_0340_face0.png,White,White,Female,30-39,"[9.5819801e-01 4.0057002e-06 1.4757871e-02 8.3324770e-03 2.8849458e-03
 2.7937646e-04 1.5543197e-02]",[9.0152925e-01 7.5963780e-04 8.4802054e-02 1.2909014e-02],[0.07114467 0.92885536],"[1.8758432e-06 1.7936547e-04 2.4884710e-02 3.8478830e-01 3.9424747e-01
 1.7890073e-01 1.6251165e-02 7.0109690e-04 4.5242155e-05]",White,20-39,
/scratch/project_462000771/mengting/projects/bias/Wan2.1/prompt2/selected_faces/detected_unhappy/unhappy_person_0341_face0.png,Indian,Black,Male,30-39,"[6.85261702e-03 1.37930527e-01 2.03178987e-01 1.14950344e-04
 1.45608303e-03 6.01481557e-01 4.89853285e-02]",[0.00881192 0.721      0.0034495  0.2667386 ],[9.9999756e-01 2.4597286e-06],"[9.0910646e-07 8.9659461e-06 2.5876079e-04 6.6507250e-02 7.1120405e-01
 2.1738780e-01 4.5951777e-03 3.6585923e-05 5.5473913e-07]",Others,20-39,
/scratch/project_462000771/mengting/projects/bias/Wan2.1/prompt2/selected_faces/detected_unhappy/unhappy_person_0342_face0.png,White,White,Male,30-39,"[9.0397882e-01 2.1129567e-03 2.7045337e-02 9.0473145e-03 1.0341021e-02
 4.8046475e-04 4.6994150e-02]",[0.87038606 0.00250705 0.1216718  0.00543515],[9.9982953e-01 1.7050268e-04],"[1.6319611e-05 8.2091115e-05 9.1509678e-04 1.1889542e-01 5.9360659e-01
 2.6015788e-01 2.4347393e-02 1.7630279e-03 2.1620632e-04]",White,20-39,
/scratch/project_462000771/mengting/projects/bias/Wan2.1/prompt2/selected_faces/detected_unhappy/unhappy_person_0343_face0.png,White,White,Male,40-49,"[8.6471325e-01 1.9176479e-04 2.2183560e-02 1.3241505e-03 4.4972952e-03
 7.5147739e-03 9.9575117e-02]",[9.8953938e-01 1.3511810e-04 1.1765339e-03 9.1489805e-03],[9.9994934e-01 5.0636434e-05],"[2.0495306e-06 1.7571598e-05 9.3399296e-03 2.5898147e-01 1.8157674e-01
 2.6714590e-01 2.3994011e-01 3.8019545e-02 4.9766758e-03]",White,40-59,
/scratch/project_462000771/mengting/projects/bias/Wan2.1/prompt2/selected_faces/detected_unhappy/unhappy_person_0344_face0.png,White,White,Male,30-39,"[9.9601263e-01 1.3481549e-06 5.7144329e-04 3.5979022e-06 8.2462439e-06
 2.9676386e-05 3.3729638e-03]",[9.9976575e-01 6.8343506e-06 5.6030920e-05 1.7140411e-04],[0.98873067 0.01126935],"[2.1634497e-07 2.9931450e-06 1.7851399e-03 2.3396905e-01 5.1436776e-01
 2.3963013e-01 9.9685760e-03 2.5464952e-04 2.1414089e-05]",White,20-39,
/scratch/project_462000771/mengting/projects/bias/Wan2.1/prompt2/selected_faces/detected_unhappy/unhappy_person_0345_face0.png,White,White,Female,20-29,"[8.7004280e-01 6.4685469e-06 9.1702472e-03 9.9107400e-02 1.8625999e-02
 3.0700245e-05 3.0163482e-03]",[6.2782824e-01 8.2687950e-07 3.7216184e-01 9.1402571e-06],[0.00326437 0.9967357 ],"[5.4203036e-07 1.6597768e-04 3.0522004e-02 4.9683666e-01 4.4001979e-01
 3.2138422e-02 3.1041561e-04 5.9675913e-06 1.7971556e-07]",White,20-39,
/scratch/project_462000771/mengting/projects/bias/Wan2.1/prompt2/selected_faces/detected_unhappy/unhappy_person_0346_face0.png,Latino_Hispanic,White,Male,30-39,"[2.0545316e-01 7.8805431e-05 3.7989816e-01 1.1786462e-02 2.3010919e-02
 3.2904026e-01 5.0732311e-02]",[0.596265   0.00071211 0.08418554 0.3188373 ],[0.9545177  0.04548234],"[1.4839361e-05 8.0310775e-04 1.5846323e-02 2.7382568e-01 3.7940750e-01
 2.9416138e-01 3.5158329e-02 7.2518073e-04 5.7692185e-05]",Others,20-39,
/scratch/project_462000771/mengting/projects/bias/Wan2.1/prompt2/selected_faces/detected_unhappy/unhappy_person_0347_face0.png,Latino_Hispanic,White,Male,40-49,"[0.3490617  0.00274216 0.38638055 0.01887473 0.11075302 0.02550074
 0.10668709]",[0.62955415 0.01181653 0.24282898 0.11580034],[0.7480123  0.25198773],"[2.1914806e-05 4.9494836e-04 2.0577792e-02 2.2611065e-01 2.9780525e-01
 3.0223712e-01 1.3071650e-01 1.6963197e-02 5.0725820e-03]",Others,40-59,
/scratch/project_462000771/mengting/projects/bias/Wan2.1/prompt2/selected_faces/detected_unhappy/unhappy_person_0348_face0.png,White,White,Female,20-29,"[9.2320126e-01 1.6303489e-04 1.0118275e-02 4.0131174e-02 1.1273499e-02
 2.0999640e-04 1.4902655e-02]",[8.3116901e-01 1.6115388e-04 1.6855699e-01 1.1293191e-04],[0.06690823 0.93309176],"[0.01119402 0.03171976 0.03283274 0.36139002 0.2850645  0.18712777
 0.04934127 0.02390625 0.01742373]",White,20-39,
/scratch/project_462000771/mengting/projects/bias/Wan2.1/prompt2/selected_faces/detected_unhappy/unhappy_person_0349_face0.png,Latino_Hispanic,White,Male,40-49,"[0.285346   0.00180219 0.49464673 0.00087219 0.00444615 0.11727025
 0.09561642]",[0.84170085 0.00273071 0.00269808 0.15287034],[0.5037703  0.49622965],"[2.2231397e-06 6.0539569e-05 8.6412802e-03 5.2626688e-02 3.2946771e-01
 4.9962413e-01 1.0496683e-01 4.4201645e-03 1.9045042e-04]",Others,40-59,
/scratch/project_462000771/mengting/projects/bias/Wan2.1/prompt2/selected_faces/detected_unhappy/unhappy_person_0350_face0.png,Middle Eastern,Indian,Female,20-29,"[0.09661505 0.00124647 0.34430018 0.00066893 0.00437142 0.0283697
 0.52442825]",[0.12171614 0.00413217 0.01006706 0.8640846 ],[0.1026853 0.8973147],"[1.3113744e-06 3.2630697e-04 1.4802952e-01 6.6439050e-01 1.7028341e-01
 1.6058465e-02 8.2761323e-04 7.7483848e-05 5.5253013e-06]",Others,20-39,
/scratch/project_462000771/mengting/projects/bias/Wan2.1/prompt2/selected_faces/detected_unhappy/unhappy_person_0351_face0.png,White,White,Female,10-19,"[9.3230647e-01 1.0014499e-05 5.0109401e-03 2.2276349e-03 1.5719414e-03
 3.0154298e-04 5.8571540e-02]",[9.8881280e-01 2.2957921e-04 9.8868329e-03 1.0707608e-03],[0.07172585 0.92827415],"[4.4826767e-05 4.6377812e-02 4.3804985e-01 3.3583593e-01 1.1932988e-01
 5.5592496e-02 4.1548098e-03 4.1142848e-04 2.0285994e-04]",White,10-19,
/scratch/project_462000771/mengting/projects/bias/Wan2.1/prompt2/selected_faces/detected_unhappy/unhappy_person_0352_face0.png,White,White,Female,30-39,"[9.0526074e-01 1.6600679e-05 2.8835760e-02 8.4549673e-03 4.5980345e-03
 1.7954574e-04 5.2654315e-02]",[0.98345083 0.00151882 0.01256038 0.0024699 ],[1.337237e-04 9.998663e-01],"[4.5423967e-06 1.2998058e-03 2.1477502e-02 2.7613249e-01 5.0542206e-01
 1.7981246e-01 1.5348379e-02 4.5195711e-04 5.0739956e-05]",White,20-39,
/scratch/project_462000771/mengting/projects/bias/Wan2.1/prompt2/selected_faces/detected_unhappy/unhappy_person_0353_face0.png,White,White,Male,30-39,"[5.8939058e-01 1.4318878e-04 2.5402588e-01 5.2936195e-04 8.0251449e-04
 2.5733827e-02 1.2937464e-01]",[9.6305460e-01 4.9730082e-04 1.6531827e-03 3.4794942e-02],[0.9922329 0.0077671],"[8.0956721e-07 1.9320445e-05 1.4990182e-03 3.2925335e-01 5.9407628e-01
 7.3439859e-02 1.6735933e-03 3.5518278e-05 2.1600936e-06]",White,20-39,
/scratch/project_462000771/mengting/projects/bias/Wan2.1/prompt2/selected_faces/detected_unhappy/unhappy_person_0354_face0.png,Latino_Hispanic,Asian,Male,20-29,"[0.10531588 0.00525046 0.70472205 0.00202835 0.00713161 0.00208225
 0.17346941]",[0.36985528 0.00761948 0.5748829  0.04764237],[0.9972885  0.00271148],"[1.6664786e-06 9.8454673e-04 2.8390375e-01 6.2513411e-01 8.2499444e-02
 7.1667228e-03 2.9240226e-04 1.6729526e-05 6.2438266e-07]",Others,20-39,
/scratch/project_462000771/mengting/projects/bias/Wan2.1/prompt2/selected_faces/detected_unhappy/unhappy_person_0355_face0.png,White,White,Female,20-29,"[5.5002069e-01 1.4112922e-05 8.2403876e-02 2.1677061e-03 1.1926403e-03
 4.5118947e-03 3.5968906e-01]",[9.9904311e-01 4.8846846e-06 5.8734592e-04 3.6467076e-04],[0.00380116 0.99619883],"[6.1160540e-07 1.7764934e-04 6.0723465e-02 6.2461054e-01 2.6575425e-01
 4.6948656e-02 1.6230501e-03 1.3386583e-04 2.7789813e-05]",White,20-39,
/scratch/project_462000771/mengting/projects/bias/Wan2.1/prompt2/selected_faces/detected_unhappy/unhappy_person_0356_face0.png,White,White,Male,30-39,"[0.70822126 0.01630863 0.10766342 0.00317063 0.00869475 0.01886131
 0.13708004]",[0.8058561  0.00657129 0.01900003 0.16857256],[0.9861416  0.01385834],"[1.9256062e-05 3.0347981e-04 1.7275717e-02 3.9817652e-01 4.3319941e-01
 1.3101867e-01 1.5326371e-02 3.1680788e-03 1.5124509e-03]",White,20-39,
/scratch/project_462000771/mengting/projects/bias/Wan2.1/prompt2/selected_faces/detected_unhappy/unhappy_person_0357_face0.png,Middle Eastern,White,Male,40-49,"[3.2255992e-01 7.8563875e-04 8.4898800e-02 3.8397455e-04 1.1747025e-03
 9.0655059e-02 4.9954194e-01]",[0.6309761  0.00682382 0.00632771 0.35587233],[0.99384284 0.0061572 ],"[7.8196521e-05 2.2113019e-04 7.2526792e-04 1.2858273e-02 2.2986858e-01
 6.2817091e-01 1.1920813e-01 7.5049410e-03 1.3646614e-03]",White,40-59,
/scratch/project_462000771/mengting/projects/bias/Wan2.1/prompt2/selected_faces/detected_unhappy/unhappy_person_0358_face0.png,Middle Eastern,Asian,Male,20-29,"[0.23444997 0.01474801 0.22130254 0.08032046 0.1247462  0.05062126
 0.27381155]",[0.3507211  0.00380121 0.441376   0.20410173],[0.88938123 0.11061879],"[6.3798347e-05 1.0066889e-03 2.1849174e-02 3.5048082e-01 3.3459476e-01
 1.9898140e-01 8.0691703e-02 9.7986646e-03 2.5330551e-03]",White,20-39,
/scratch/project_462000771/mengting/projects/bias/Wan2.1/prompt2/selected_faces/detected_unhappy/unhappy_person_0359_face0.png,East Asian,Asian,Female,20-29,"[1.7031716e-01 4.5774473e-04 5.6498963e-02 4.6967775e-01 2.9180840e-01
 1.0271970e-03 1.0212857e-02]",[3.6606446e-01 5.3167471e-04 6.2810200e-01 5.3017875e-03],[0.05365248 0.9463475 ],"[3.6286408e-05 1.4362644e-03 3.6517438e-02 3.7132671e-01 3.4122494e-01
 1.9682232e-01 4.0980089e-02 9.0925833e-03 2.5633208e-03]",Asian,20-39,
/scratch/project_462000771/mengting/projects/bias/Wan2.1/prompt2/selected_faces/detected_unhappy/unhappy_person_0360_face0.png,White,White,Female,30-39,"[7.7034879e-01 9.3588565e-04 2.3031063e-02 7.1553665e-04 2.5113361e-04
 1.4568326e-03 2.0326081e-01]",[9.9838704e-01 2.5788631e-04 3.0846961e-04 1.0466052e-03],[6.4328936e-04 9.9935669e-01],"[6.0803205e-07 1.9380543e-05 2.7394274e-03 1.5827367e-01 3.8726273e-01
 3.6245960e-01 7.6153085e-02 1.1410996e-02 1.6804592e-03]",White,20-39,
/scratch/project_462000771/mengting/projects/bias/Wan2.1/prompt2/selected_faces/detected_unhappy/unhappy_person_0361_face0.png,Latino_Hispanic,White,Female,40-49,"[0.21892953 0.00409748 0.5729787  0.00153571 0.00857399 0.0242673
 0.16961734]",[0.65458643 0.00440942 0.01774021 0.32326388],[0.00218162 0.99781835],"[1.9117274e-06 3.4359491e-05 1.9365158e-03 4.6584722e-02 3.9081317e-01
 4.7168824e-01 8.4971100e-02 3.8514927e-03 1.1847058e-04]",Others,40-59,
/scratch/project_462000771/mengting/projects/bias/Wan2.1/prompt2/selected_faces/detected_unhappy/unhappy_person_0362_face0.png,White,White,Female,20-29,"[5.1710087e-01 6.0966009e-05 3.1907614e-02 3.3665505e-01 5.5802446e-02
 1.4221226e-03 5.7050914e-02]",[7.9205400e-01 1.2481600e-04 2.0632033e-01 1.5007769e-03],[0.00752876 0.9924712 ],"[8.1345774e-05 5.1011904e-03 7.3165245e-02 6.4359158e-01 1.9233137e-01
 7.1495898e-02 1.1682472e-02 1.8294958e-03 7.2141777e-04]",White,20-39,
/scratch/project_462000771/mengting/projects/bias/Wan2.1/prompt2/selected_faces/detected_unhappy/unhappy_person_0363_face0.png,White,White,Female,40-49,"[8.9116859e-01 5.9962713e-05 3.7057020e-02 2.3847781e-02 8.6523900e-03
 1.3761999e-04 3.9076563e-02]",[9.7741175e-01 1.3732896e-04 2.2091405e-02 3.5953574e-04],[0.47270033 0.5272997 ],"[0.00139739 0.11461955 0.16559155 0.10728113 0.19503759 0.21169807
 0.16161418 0.02837483 0.01438573]",White,40-59,
/scratch/project_462000771/mengting/projects/bias/Wan2.1/prompt2/selected_faces/detected_unhappy/unhappy_person_0364_face0.png,White,White,Male,30-39,"[0.42758936 0.00080971 0.3561136  0.01889531 0.05415432 0.01297033
 0.12946744]",[0.9650923  0.00102332 0.00501585 0.02886855],[0.99788946 0.00211054],"[6.2454836e-07 6.1066189e-06 2.3084988e-03 2.5678927e-01 4.8310450e-01
 2.2685906e-01 2.7055079e-02 3.5916157e-03 2.8524481e-04]",White,20-39,
/scratch/project_462000771/mengting/projects/bias/Wan2.1/prompt2/selected_faces/detected_unhappy/unhappy_person_0365_face0.png,Latino_Hispanic,Asian,Female,40-49,"[0.17517173 0.03743962 0.44862235 0.04707426 0.07916299 0.03752999
 0.1749991 ]",[0.06126904 0.04270492 0.5620457  0.33398038],[0.00562261 0.9943774 ],"[5.6163546e-05 5.9235503e-04 3.9774021e-03 5.2694000e-02 2.3453490e-01
 4.7361815e-01 2.0843478e-01 2.3120087e-02 2.9722056e-03]",Others,40-59,
/scratch/project_462000771/mengting/projects/bias/Wan2.1/prompt2/selected_faces/detected_unhappy/unhappy_person_0366_face0.png,White,White,Male,30-39,"[9.6781707e-01 5.1481540e-05 1.5957443e-02 5.5487275e-05 1.8854135e-04
 2.2357353e-03 1.3694226e-02]",[9.7755116e-01 1.6374704e-04 1.5024404e-03 2.0782562e-02],[9.9999994e-01 6.9605122e-08],"[7.6095216e-06 1.8571575e-04 2.7599900e-03 3.5966557e-02 4.6681887e-01
 4.4494504e-01 4.9137533e-02 1.7771640e-04 9.0839450e-07]",White,20-39,
/scratch/project_462000771/mengting/projects/bias/Wan2.1/prompt2/selected_faces/detected_unhappy/unhappy_person_0367_face0.png,Middle Eastern,White,Male,40-49,"[2.52368540e-01 1.78832060e-03 1.74436852e-01 1.21002755e-04
 4.91878076e-04 5.85619099e-02 5.12231529e-01]",[7.6679808e-01 9.3555887e-04 1.7398823e-04 2.3209241e-01],[0.9985822  0.00141781],"[2.0368759e-06 1.0169003e-05 6.4741762e-04 3.9874058e-02 4.1821760e-01
 4.8087215e-01 5.8404528e-02 1.8810034e-03 9.0998830e-05]",White,40-59,
/scratch/project_462001220/mengting/projects_771/bias/Wan2.1/prompt2/complete_selected_faces/detected_unhappy/0368_face0.png,Black,Black,Male,30-39,"[2.39036211e-07 9.99777794e-01 1.67991129e-05 1.04105055e-07
 2.60531669e-06 2.02209296e-04 3.55283134e-07]",[1.5310371e-07 9.9979520e-01 1.6137982e-06 2.0300761e-04],[0.99880743 0.00119261],"[1.6998119e-06 8.3855630e-05 8.4060188e-03 4.2206675e-01 4.9354339e-01
 7.2905749e-02 2.9380496e-03 5.1162977e-05 3.2760199e-06]",Black,20-39,1.0
/scratch/project_462001220/mengting/projects_771/bias/Wan2.1/prompt2/complete_selected_faces/detected_unhappy/0369_face0.png,Middle Eastern,Indian,Female,40-49,"[2.4689569e-01 4.0472078e-04 8.8297181e-02 3.9199259e-02 8.1559546e-02
 7.5637490e-02 4.6800610e-01]",[0.16525707 0.0026185  0.20709015 0.62503433],[0.16621606 0.833784  ],"[4.9944974e-05 3.1830632e-04 1.2143863e-02 1.1844090e-01 1.7394418e-01
 3.1446519e-01 1.9387633e-01 1.0388864e-01 8.2872629e-02]",White,40-59,0.0
/scratch/project_462001220/mengting/projects_771/bias/Wan2.1/prompt2/complete_selected_faces/detected_unhappy/0370_face0.png,White,White,Male,40-49,"[0.57191116 0.00289145 0.23567337 0.01074922 0.0072007  0.03176999
 0.13980418]",[9.4317937e-01 7.5478392e-04 3.0490745e-02 2.5575098e-02],[9.9964780e-01 3.5218112e-04],"[7.5369653e-06 2.7842530e-05 2.1011096e-04 2.7208885e-02 4.2880365e-01
 4.9326274e-01 4.9425509e-02 1.0154801e-03 3.8147686e-05]",White,40-59,1.0
/scratch/project_462000771/mengting/projects/bias/Wan2.1/prompt2/selected_faces/detected_unhappy/unhappy_person_0371_face0.png,East Asian,Asian,Male,20-29,"[0.0631357  0.00188832 0.05855023 0.46675688 0.3907802  0.01335383
 0.00553489]",[0.23684208 0.01886617 0.73297584 0.01131593],[0.5404605 0.4595394],"[4.4946264e-05 6.5244106e-03 1.6341916e-01 5.8288348e-01 1.6213632e-01
 6.1003290e-02 1.4824096e-02 6.1915400e-03 2.9727619e-03]",Asian,20-39,
/scratch/project_462000771/mengting/projects/bias/Wan2.1/prompt2/selected_faces/detected_unhappy/unhappy_person_0372_face0.png,White,White,Male,40-49,"[7.5811553e-01 1.0441032e-04 8.2699880e-02 2.8969988e-04 4.3598842e-04
 2.0095557e-03 1.5634494e-01]",[9.9445748e-01 2.0246328e-04 9.2553761e-04 4.4145146e-03],[9.9999946e-01 4.9734376e-07],"[3.9258107e-06 2.0840860e-05 8.7138679e-04 5.3761277e-02 4.4203505e-01
 4.5077074e-01 5.1160827e-02 1.3614933e-03 1.4429703e-05]",White,40-59,
/scratch/project_462001220/mengting/projects_771/bias/Wan2.1/prompt2/complete_selected_faces/detected_unhappy/0373_face0.png,White,White,Male,30-39,"[6.7854333e-01 1.2273114e-03 5.1371071e-02 4.7643067e-04 5.3269160e-04
 2.7599742e-03 2.6508921e-01]",[0.86459446 0.0228654  0.02659418 0.08594607],[9.9997777e-01 2.2215281e-05],"[1.2477466e-07 5.2774669e-07 6.5050233e-05 2.9442010e-02 5.5550081e-01
 4.0500319e-01 9.8569877e-03 1.2833741e-04 2.8818117e-06]",White,20-39,0.0
/scratch/project_462000771/mengting/projects/bias/Wan2.1/prompt2/selected_faces/detected_unhappy/unhappy_person_0374_face0.png,White,White,Male,20-29,"[0.80091935 0.00134239 0.07473035 0.0010485  0.00143845 0.00082868
 0.11969236]",[9.9259871e-01 1.3888672e-03 5.7566166e-03 2.5577022e-04],[9.9990761e-01 9.2381495e-05],"[3.7519271e-07 2.4791516e-05 6.2642582e-03 6.0824829e-01 3.6200979e-01
 2.3156395e-02 2.8614549e-04 9.4978186e-06 4.8899039e-07]",White,20-39,
/scratch/project_462000771/mengting/projects/bias/Wan2.1/prompt2/selected_faces/detected_unhappy/unhappy_person_0375_face0.png,Middle Eastern,White,Female,20-29,"[3.45259368e-01 2.33864252e-04 1.34337544e-01 5.01434412e-03
 4.63579409e-03 1.43690165e-02 4.96150076e-01]",[9.7136807e-01 2.2384379e-04 2.0889821e-03 2.6319087e-02],[4.7512705e-04 9.9952483e-01],"[6.8217003e-07 2.9358632e-04 4.4906292e-02 6.5150052e-01 2.7509090e-01
 2.7035641e-02 1.0786047e-03 8.1561979e-05 1.2255842e-05]",White,20-39,
/scratch/project_462000771/mengting/projects/bias/Wan2.1/prompt2/selected_faces/detected_unhappy/unhappy_person_0376_face0.png,White,White,Female,30-39,"[9.8810500e-01 1.2293532e-04 8.1714056e-03 2.1468039e-04 3.5123498e-04
 4.4978191e-05 2.9898074e-03]",[9.0843362e-01 5.1672221e-04 9.0653248e-02 3.9643058e-04],[0.04442338 0.9555766 ],"[5.3276312e-07 7.9551683e-05 1.3586034e-02 2.9550797e-01 4.8806509e-01
 1.9273163e-01 9.7556990e-03 2.5585757e-04 1.7619950e-05]",White,20-39,
/scratch/project_462000771/mengting/projects/bias/Wan2.1/prompt2/selected_faces/detected_unhappy/unhappy_person_0377_face0.png,White,White,Male,30-39,"[0.49483493 0.00205827 0.24182667 0.03837112 0.08873539 0.01700862
 0.11716501]",[8.1028074e-01 6.1572233e-04 1.6874865e-01 2.0354925e-02],[9.9976397e-01 2.3599627e-04],"[1.1619375e-05 1.4931400e-04 5.3213225e-03 2.2213565e-01 4.8368171e-01
 2.4379590e-01 3.9932434e-02 4.5400527e-03 4.3191560e-04]",White,20-39,
/scratch/project_462000771/mengting/projects/bias/Wan2.1/prompt2/selected_faces/detected_unhappy/unhappy_person_0378_face0.png,White,White,Female,40-49,"[8.9583224e-01 8.3086357e-05 4.1647941e-02 7.5981757e-03 8.7658754e-03
 1.6906110e-03 4.4382129e-02]",[0.8732929  0.00106945 0.10900089 0.01663675],[0.27873552 0.7212645 ],"[1.4339973e-05 1.6324573e-04 6.7541967e-03 1.0431138e-01 2.5583196e-01
 4.4072834e-01 1.6542695e-01 2.1252833e-02 5.5167773e-03]",White,40-59,
/scratch/project_462000771/mengting/projects/bias/Wan2.1/prompt2/selected_faces/detected_unhappy/unhappy_person_0379_face0.png,White,White,Female,30-39,"[7.5879526e-01 1.5524859e-04 9.0159200e-02 7.1136997e-04 1.3996350e-03
 2.2521748e-03 1.4652716e-01]",[9.56733525e-01 3.55350785e-04 3.02742906e-02 1.26368245e-02],[6.0117600e-04 9.9939877e-01],"[1.7251303e-06 7.1878545e-05 6.0093380e-03 2.0202917e-01 5.0116354e-01
 2.6077241e-01 2.8331554e-02 1.4944387e-03 1.2589261e-04]",White,20-39,
/scratch/project_462001220/mengting/projects_771/bias/Wan2.1/prompt2/complete_selected_faces/detected_unhappy/0380_face0.png,Middle Eastern,White,Female,40-49,"[0.09082336 0.00589221 0.07922862 0.00417425 0.01310494 0.31491593
 0.49186072]",[0.7300385  0.00555003 0.00560386 0.25880757],[0.4955107 0.5044893],"[4.1703221e-05 2.7716835e-04 7.4573644e-03 8.9567617e-02 1.9855812e-01
 4.2213842e-01 1.9418572e-01 5.3366251e-02 3.4407694e-02]",Others,40-59,0.0
/scratch/project_462000771/mengting/projects/bias/Wan2.1/prompt2/selected_faces/detected_unhappy/unhappy_person_0381_face0.png,White,White,Male,30-39,"[9.7787654e-01 3.8165163e-05 4.8275637e-03 3.8344477e-04 4.9416831e-04
 1.6196114e-04 1.6218143e-02]",[9.9960285e-01 2.5602822e-05 3.3911085e-04 3.2497879e-05],[0.9989207  0.00107933],"[1.2675173e-05 5.6811459e-05 1.7252967e-03 8.4519066e-02 4.7914970e-01
 3.8937119e-01 4.4186160e-02 9.4736222e-04 3.1787149e-05]",White,20-39,
/scratch/project_462000771/mengting/projects/bias/Wan2.1/prompt2/selected_faces/detected_unhappy/unhappy_person_0382_face0.png,Black,Black,Male,30-39,"[0.00854502 0.63278174 0.21876118 0.00103628 0.00790411 0.0964762
 0.03449543]",[0.01109597 0.6436283  0.00806285 0.33721286],[0.9976461  0.00235386],"[1.4467105e-06 4.4226003e-05 6.5810885e-03 4.6977893e-01 5.0113845e-01
 2.2163954e-02 2.8715897e-04 4.6257310e-06 1.6556676e-07]",Black,20-39,
/scratch/project_462000771/mengting/projects/bias/Wan2.1/prompt2/selected_faces/detected_unhappy/unhappy_person_0383_face0.png,White,White,Male,30-39,"[6.7387670e-01 6.4374798e-04 2.2154045e-01 1.1072912e-02 8.6822463e-03
 5.5196090e-03 7.8664318e-02]",[0.7905918  0.00295408 0.18664004 0.01981407],[9.9978286e-01 2.1710127e-04],"[1.6407599e-06 7.8687099e-06 3.1425944e-04 1.2655224e-01 7.1932465e-01
 1.5115844e-01 2.5968815e-03 4.3151958e-05 9.2583389e-07]",White,20-39,
/scratch/project_462000771/mengting/projects/bias/Wan2.1/prompt2/selected_faces/detected_unhappy/unhappy_person_0384_face0.png,White,White,Male,30-39,"[7.6861322e-01 2.0199375e-02 4.3044455e-02 2.9555438e-04 9.3329651e-04
 1.5625790e-03 1.6535147e-01]",[9.9831837e-01 8.5005129e-04 2.6169638e-04 5.6984898e-04],[0.99896014 0.00103984],"[3.9062252e-06 1.9868139e-05 4.2341309e-04 7.6387390e-02 5.8202010e-01
 3.1735110e-01 2.2709548e-02 1.0013159e-03 8.3455678e-05]",White,20-39,
/scratch/project_462000771/mengting/projects/bias/Wan2.1/prompt2/selected_faces/detected_unhappy/unhappy_person_0385_face0.png,White,White,Female,30-39,"[0.49344835 0.00061509 0.34166983 0.02498956 0.05417974 0.00912191
 0.07597551]",[0.6087054  0.00807877 0.07181953 0.31139633],[0.07132049 0.9286795 ],"[5.0330687e-05 3.3678848e-03 4.3706913e-02 2.1097443e-01 3.3720097e-01
 2.3860744e-01 1.2936845e-01 2.5540067e-02 1.1183550e-02]",White,20-39,
/scratch/project_462000771/mengting/projects/bias/Wan2.1/prompt2/selected_faces/detected_unhappy/unhappy_person_0386_face0.png,White,White,Male,20-29,"[6.6860378e-01 2.7540588e-04 1.5622444e-01 5.9507303e-02 2.6580874e-02
 3.5966560e-02 5.2841697e-02]",[8.4535444e-01 4.6420412e-04 7.8033611e-02 7.6147676e-02],[9.9961436e-01 3.8565887e-04],"[9.9781164e-07 9.9354962e-05 1.6027894e-02 6.5543431e-01 3.0223367e-01
 2.5365083e-02 8.2214567e-04 1.5731261e-05 7.8935057e-07]",White,20-39,
/scratch/project_462000771/mengting/projects/bias/Wan2.1/prompt2/selected_faces/detected_unhappy/unhappy_person_0387_face0.png,White,White,Male,30-39,"[9.9800634e-01 2.8361051e-06 7.2366325e-04 2.8792072e-06 1.0976847e-05
 9.0661997e-06 1.2442375e-03]",[9.9963933e-01 1.6707463e-05 5.2363666e-05 2.9163505e-04],[0.99857247 0.00142749],"[4.6022546e-08 2.0824989e-06 1.0364115e-03 3.6406142e-01 5.8023643e-01
 5.4243866e-02 4.1441317e-04 5.1270590e-06 2.7091082e-07]",White,20-39,
/scratch/project_462001220/mengting/projects_771/bias/Wan2.1/prompt2/complete_selected_faces/detected_unhappy/0388_face0.png,Latino_Hispanic,White,Male,30-39,"[0.11180808 0.00159441 0.56542164 0.00090408 0.00334618 0.15773876
 0.15918683]",[0.5912918  0.00198794 0.01522838 0.39149192],[9.9953043e-01 4.6962866e-04],"[2.8815417e-05 6.7696854e-04 6.0452712e-03 3.9686412e-01 5.6150836e-01
 3.4414027e-02 4.4962572e-04 1.2447773e-05 3.3731374e-07]",Others,20-39,1.0
/scratch/project_462000771/mengting/projects/bias/Wan2.1/prompt2/selected_faces/detected_unhappy/unhappy_person_0389_face0.png,White,White,Female,20-29,"[9.3702424e-01 2.0941203e-05 9.9520274e-03 1.3601928e-02 7.5246016e-03
 8.1336210e-03 2.3742605e-02]",[9.7636211e-01 2.0909820e-04 4.9983445e-03 1.8430542e-02],[0.15092084 0.8490792 ],"[4.2269490e-05 5.4785702e-03 1.6439366e-01 6.0856289e-01 1.4738265e-01
 5.7701290e-02 1.1653249e-02 3.0379083e-03 1.7475404e-03]",White,20-39,
/scratch/project_462001220/mengting/projects_771/bias/Wan2.1/prompt2/complete_selected_faces/detected_unhappy/0390_face0.png,White,White,Female,30-39,"[9.1906786e-01 3.9906230e-05 3.7649930e-02 4.5528036e-04 2.9518790e-04
 6.5130903e-04 4.1840445e-02]",[0.9882395  0.00337275 0.00299273 0.00539501],[0.00920885 0.99079114],"[9.1358508e-08 1.9875724e-06 5.5825949e-04 6.9706395e-02 4.8837927e-01
 3.9477077e-01 4.4017624e-02 2.4507192e-03 1.1491861e-04]",White,20-39,0.0
/scratch/project_462000771/mengting/projects/bias/Wan2.1/prompt2/selected_faces/detected_unhappy/unhappy_person_0391_face0.png,Latino_Hispanic,White,Female,20-29,"[0.08989412 0.02471919 0.42646173 0.00175203 0.00551497 0.15031344
 0.3013445 ]",[0.87150973 0.0032127  0.00193052 0.12334701],[0.0013977 0.9986023],"[3.1441341e-06 4.8562349e-04 4.4253174e-02 5.9067470e-01 3.1894359e-01
 4.2631380e-02 2.8817330e-03 1.1817391e-04 8.5466754e-06]",Others,20-39,
/scratch/project_462000771/mengting/projects/bias/Wan2.1/prompt2/selected_faces/detected_unhappy/unhappy_person_0392_face0.png,White,White,Male,30-39,"[9.9070716e-01 7.7601061e-07 3.2360925e-04 8.9991328e-05 4.4321499e-05
 1.9559066e-05 8.8145826e-03]",[9.9987417e-01 2.6413204e-07 3.2341850e-05 9.3268107e-05],[9.994897e-01 5.103041e-04],"[1.1612980e-06 1.2960039e-05 1.0126658e-03 1.8631965e-01 6.8771231e-01
 1.2332157e-01 1.6037429e-03 1.5182090e-05 7.7215316e-07]",White,20-39,
/scratch/project_462000771/mengting/projects/bias/Wan2.1/prompt2/selected_faces/detected_unhappy/unhappy_person_0393_face0.png,White,White,Male,30-39,"[0.7095249  0.00313307 0.06511492 0.01338664 0.01986029 0.0183218
 0.17065832]",[9.5158428e-01 5.8191339e-04 1.0339781e-03 4.6799827e-02],[0.98988104 0.01011893],"[2.12004625e-06 6.14655728e-05 3.52293532e-03 2.76913971e-01
 5.66533983e-01 1.42577410e-01 9.77220014e-03 5.02605806e-04
 1.13370836e-04]",White,20-39,
/scratch/project_462000771/mengting/projects/bias/Wan2.1/prompt2/selected_faces/detected_unhappy/unhappy_person_0394_face0.png,Southeast Asian,Asian,Female,30-39,"[8.7823972e-02 1.6268643e-04 1.7536429e-01 2.5196674e-01 4.3645057e-01
 1.8653955e-02 2.9577769e-02]",[0.11743542 0.00112576 0.59874594 0.28269288],[0.0086556 0.9913444],"[7.6661490e-06 6.3289388e-04 2.9055933e-02 2.3321706e-01 3.8137537e-01
 2.8160474e-01 6.2261563e-02 1.0050353e-02 1.7944950e-03]",Asian,20-39,
/scratch/project_462000771/mengting/projects/bias/Wan2.1/prompt2/selected_faces/detected_unhappy/unhappy_person_0395_face0.png,Middle Eastern,White,Male,30-39,"[0.276604   0.00044128 0.25197676 0.00079912 0.00112173 0.1208194
 0.34823775]",[0.6882838  0.00099804 0.00213267 0.30858552],[9.99885917e-01 1.14045804e-04],"[2.03642758e-05 8.95955964e-05 1.18945702e-03 1.17030054e-01
 6.93689406e-01 1.83547571e-01 4.39173914e-03 4.10541907e-05
 8.06033597e-07]",White,20-39,
/scratch/project_462001220/mengting/projects_771/bias/Wan2.1/prompt2/complete_selected_faces/detected_unhappy/0396_face0.png,Latino_Hispanic,Indian,Male,30-39,"[0.09914949 0.00067432 0.46719563 0.00094926 0.0028419  0.12114722
 0.30804217]",[0.2570414  0.00232429 0.00886192 0.7317725 ],[9.999991e-01 8.507147e-07],"[1.04568826e-05 9.99267795e-05 1.04581635e-03 1.06943324e-01
 6.71246111e-01 2.16058239e-01 4.56398446e-03 3.18442471e-05
 3.69482706e-07]",Others,20-39,1.0
/scratch/project_462000771/mengting/projects/bias/Wan2.1/prompt2/selected_faces/detected_unhappy/unhappy_person_0397_face0.png,White,White,Female,30-39,"[9.6101230e-01 1.3376758e-04 2.7290158e-02 1.2052230e-03 7.8996277e-04
 2.1502071e-04 9.3534887e-03]",[9.7212541e-01 4.4017575e-05 2.7282843e-02 5.4772850e-04],[0.02331971 0.9766803 ],"[7.6090920e-08 8.8947927e-06 4.7303815e-03 2.6235056e-01 6.3398594e-01
 9.6208327e-02 2.6766311e-03 3.7962174e-05 1.2186606e-06]",White,20-39,
/scratch/project_462000771/mengting/projects/bias/Wan2.1/prompt2/selected_faces/detected_unhappy/unhappy_person_0398_face0.png,White,White,Male,30-39,"[9.4004023e-01 6.7492606e-06 1.7333390e-02 3.8720094e-04 3.2695665e-04
 1.5167696e-03 4.0388651e-02]",[9.96512532e-01 1.43763555e-05 3.34979588e-04 3.13804252e-03],[9.997939e-01 2.060902e-04],"[1.9759384e-06 5.4040458e-05 2.2554949e-03 3.6511156e-01 6.0059595e-01
 3.1824019e-02 1.5594922e-04 1.0224086e-06 3.0527499e-08]",White,20-39,
/scratch/project_462000771/mengting/projects/bias/Wan2.1/prompt2/selected_faces/detected_unhappy/unhappy_person_0399_face0.png,White,White,Male,40-49,"[9.1621488e-01 3.4800207e-04 4.4706959e-02 2.5094014e-03 1.6500386e-03
 3.9734482e-03 3.0597230e-02]",[0.926284   0.0054594  0.0334532  0.03480335],[9.9998981e-01 1.0169987e-05],"[1.7685484e-06 1.0226547e-05 2.5949624e-04 3.2777138e-02 4.2590663e-01
 5.0531065e-01 3.5415065e-02 3.1396127e-04 5.0408698e-06]",White,40-59,
/scratch/project_462001220/mengting/projects_771/bias/Wan2.1/prompt2/complete_selected_faces/detected_unhappy/0400_face0.png,White,White,Female,30-39,"[0.48819104 0.0028607  0.2419518  0.00181065 0.0056492  0.00424132
 0.2552953 ]",[0.9944526  0.00131949 0.00177684 0.00245092],[0.33511847 0.6648816 ],"[8.2712577e-06 2.4019927e-04 3.0457271e-02 2.8750092e-01 3.9820182e-01
 2.2473946e-01 5.2162796e-02 6.0758558e-03 6.1337213e-04]",White,20-39,0.0
/scratch/project_462001220/mengting/projects_771/bias/Wan2.1/prompt2/complete_selected_faces/detected_unhappy/0401_face0.png,White,White,Male,20-29,"[0.5849867  0.00130183 0.09742189 0.01746188 0.02327706 0.07494237
 0.2006083 ]",[9.6743977e-01 5.0806184e-04 1.6299263e-02 1.5752859e-02],[0.99804634 0.00195369],"[1.2821288e-05 3.9237572e-04 5.4371532e-02 6.1750925e-01 2.6468122e-01
 5.8528882e-02 3.8450006e-03 5.8036123e-04 7.8560617e-05]",White,20-39,0.0
/scratch/project_462001220/mengting/projects_771/bias/Wan2.1/prompt2/complete_selected_faces/detected_unhappy/0402_face0.png,White,White,Male,20-29,"[5.82258642e-01 3.76023323e-04 1.12293459e-01 1.03277275e-02
 4.75490838e-03 7.50967395e-03 2.82479584e-01]",[9.8479837e-01 1.9367783e-04 7.9524321e-03 7.0554689e-03],[0.9369119  0.06308809],"[1.6782133e-05 4.2889349e-04 3.4621052e-02 4.4921353e-01 4.0326941e-01
 1.0570910e-01 6.4606708e-03 2.5737341e-04 2.3123834e-05]",White,20-39,1.0
/scratch/project_462000771/mengting/projects/bias/Wan2.1/prompt2/selected_faces/detected_unhappy/unhappy_person_0403_face0.png,Black,Black,Male,30-39,"[1.3045408e-07 9.9998748e-01 6.8735380e-06 8.9858034e-08 1.1457064e-06
 4.2136176e-06 1.0160055e-07]",[4.667609e-07 9.999075e-01 4.561507e-05 4.646357e-05],[0.99864525 0.00135476],"[8.91891489e-07 1.42534946e-05 6.90378540e-04 1.11313544e-01
 4.68904436e-01 3.64118069e-01 5.38159497e-02 1.05910632e-03
 8.34451203e-05]",Black,20-39,
/scratch/project_462000771/mengting/projects/bias/Wan2.1/prompt2/selected_faces/detected_unhappy/unhappy_person_0404_face0.png,White,White,Female,30-39,"[7.1200538e-01 1.6211452e-04 1.3911167e-01 1.9168612e-04 4.6437522e-04
 3.4128225e-03 1.4465190e-01]",[9.3810433e-01 1.6161861e-03 7.4053608e-04 5.9538987e-02],[0.00151817 0.99848187],"[4.87814646e-07 3.49313668e-05 7.00716162e-03 2.56652445e-01
 5.16836524e-01 2.03612775e-01 1.50288576e-02 7.22797995e-04
 1.04010425e-04]",White,20-39,
/scratch/project_462000771/mengting/projects/bias/Wan2.1/prompt2/selected_faces/detected_unhappy/unhappy_person_0405_face0.png,East Asian,Asian,Male,30-39,"[7.0683920e-05 2.3822944e-05 9.2336646e-04 7.3986334e-01 2.5875205e-01
 3.5079528e-04 1.5993473e-05]",[1.0753529e-05 4.9590867e-06 9.9986511e-01 1.1916539e-04],[0.5965361 0.4034639],"[2.2510703e-06 1.0770170e-04 4.1360542e-02 3.8556758e-01 4.9382728e-01
 7.3582783e-02 4.7063492e-03 8.1758678e-04 2.7908318e-05]",Asian,20-39,
/scratch/project_462000771/mengting/projects/bias/Wan2.1/prompt2/selected_faces/detected_unhappy/unhappy_person_0406_face0.png,White,White,Female,40-49,"[0.45167202 0.00074014 0.0292519  0.06555329 0.02695105 0.03613568
 0.38969588]",[9.7625417e-01 3.4581547e-04 2.1876447e-02 1.5235844e-03],[0.49704656 0.5029534 ],"[0.00124184 0.00304688 0.01694519 0.10235623 0.09756675 0.22328919
 0.20588204 0.1956473  0.15402456]",White,40-59,
/scratch/project_462000771/mengting/projects/bias/Wan2.1/prompt2/selected_faces/detected_unhappy/unhappy_person_0407_face0.png,White,White,Male,30-39,"[6.8079323e-01 8.4095445e-05 9.3830094e-02 1.5957547e-04 4.7266245e-04
 8.8688627e-02 1.3597174e-01]",[9.6397740e-01 2.6347701e-04 2.0328772e-04 3.5555854e-02],[0.99741167 0.00258834],"[5.3124008e-06 2.1782139e-04 7.6530529e-03 3.2883433e-01 5.8750319e-01
 7.4565746e-02 1.1977558e-03 2.1151393e-05 1.6240876e-06]",White,20-39,
/scratch/project_462000771/mengting/projects/bias/Wan2.1/prompt2/selected_faces/detected_unhappy/unhappy_person_0408_face0.png,Black,Black,Male,30-39,"[3.0024261e-05 9.9423522e-01 1.7808583e-03 2.3204500e-05 6.7457079e-04
 3.0125505e-03 2.4358787e-04]",[1.4867514e-05 9.9821705e-01 1.1511936e-03 6.1686320e-04],[9.999654e-01 3.457230e-05],"[1.5865238e-05 1.1985011e-04 2.5550004e-03 2.5348467e-01 6.2963879e-01
 1.1204476e-01 2.0652877e-03 6.9376489e-05 6.3811699e-06]",Black,20-39,
/scratch/project_462000771/mengting/projects/bias/Wan2.1/prompt2/selected_faces/detected_unhappy/unhappy_person_0409_face0.png,Black,Black,Male,30-39,"[8.6864944e-05 9.8994213e-01 7.4399770e-03 1.4940019e-04 1.5993461e-03
 7.5730565e-04 2.4953708e-05]",[6.5751279e-05 9.9623311e-01 1.1814801e-03 2.5196979e-03],[9.9955034e-01 4.4963075e-04],"[8.0010095e-06 2.1607394e-04 3.9908118e-03 1.1247244e-01 4.2758989e-01
 3.9744449e-01 5.6407671e-02 1.7603252e-03 1.1029396e-04]",Black,20-39,
/scratch/project_462000771/mengting/projects/bias/Wan2.1/prompt2/selected_faces/detected_unhappy/unhappy_person_0410_face0.png,Black,Black,Male,20-29,"[1.10766614e-05 9.99340951e-01 4.16406954e-04 1.23982420e-06
 3.80201636e-05 1.77943104e-04 1.44405685e-05]",[4.2678526e-05 9.9590933e-01 4.2884762e-04 3.6191952e-03],[9.999518e-01 4.819797e-05],"[1.2854128e-06 1.1240686e-04 2.7139584e-02 6.9566798e-01 2.5215399e-01
 2.4198854e-02 7.0050854e-04 2.4011604e-05 1.3227716e-06]",Black,20-39,
/scratch/project_462001220/mengting/projects_771/bias/Wan2.1/prompt2/complete_selected_faces/detected_unhappy/0411_face0.png,White,White,Female,20-29,"[9.8377889e-01 6.2277441e-06 2.4748165e-03 6.2767030e-03 1.8283975e-03
 5.5062610e-05 5.5798832e-03]",[9.9309283e-01 1.4553058e-04 4.9338783e-03 1.8277980e-03],[0.00711292 0.9928871 ],"[2.4333975e-05 2.8314414e-03 6.1597627e-02 7.2035939e-01 1.8890719e-01
 2.5276840e-02 9.2445896e-04 6.0672075e-05 1.8100816e-05]",White,20-39,0.0
/scratch/project_462000771/mengting/projects/bias/Wan2.1/prompt2/selected_faces/detected_unhappy/unhappy_person_0412_face0.png,White,White,Male,30-39,"[5.5035484e-01 2.7329961e-04 1.9732158e-01 1.1630075e-03 1.7085075e-03
 5.4637283e-02 1.9454151e-01]",[9.5080590e-01 8.9041080e-04 3.0023484e-02 1.8280132e-02],[9.999907e-01 9.303601e-06],"[5.8938633e-07 1.6410571e-05 7.0598640e-04 8.3163746e-02 7.5022995e-01
 1.6443871e-01 1.4320050e-03 1.2345376e-05 1.7377920e-07]",White,20-39,
/scratch/project_462000771/mengting/projects/bias/Wan2.1/prompt2/selected_faces/detected_unhappy/unhappy_person_0413_face0.png,White,White,Male,40-49,"[0.64293957 0.0054604  0.08025098 0.00127413 0.00257018 0.02400734
 0.24349736]",[0.95049137 0.00812679 0.01918847 0.02219343],[0.99827504 0.00172495],"[4.7205493e-05 9.1966496e-05 2.1910096e-04 9.4859460e-03 1.9403823e-01
 5.5344230e-01 2.1419503e-01 2.6528450e-02 1.9517986e-03]",White,40-59,
/scratch/project_462000771/mengting/projects/bias/Wan2.1/prompt2/selected_faces/detected_unhappy/unhappy_person_0414_face0.png,Latino_Hispanic,Asian,Male,30-39,"[0.11873399 0.00222266 0.787352   0.02793733 0.04682137 0.00603995
 0.01089273]",[0.40726385 0.05074329 0.43933624 0.1026566 ],[0.99529636 0.00470362],"[5.3418826e-05 4.6462807e-04 1.4679149e-02 2.1388519e-01 4.4436419e-01
 2.7291045e-01 5.1145148e-02 2.4533242e-03 4.4464756e-05]",Others,20-39,
/scratch/project_462000771/mengting/projects/bias/Wan2.1/prompt2/selected_faces/detected_unhappy/unhappy_person_0415_face0.png,White,White,Male,30-39,"[9.8700720e-01 4.8344759e-06 3.2924472e-03 3.6342105e-06 7.5898915e-06
 6.1125313e-05 9.6232370e-03]",[9.9995029e-01 4.8024503e-06 3.8058779e-06 4.1215120e-05],[9.997892e-01 2.107874e-04],"[4.4764812e-07 2.7119286e-06 1.9146898e-04 4.2506874e-02 5.0692940e-01
 4.2653310e-01 2.3144724e-02 6.5391319e-04 3.7342670e-05]",White,20-39,
/scratch/project_462000771/mengting/projects/bias/Wan2.1/prompt2/selected_faces/detected_unhappy/unhappy_person_0416_face0.png,White,White,Male,30-39,"[4.8853049e-01 7.5989643e-05 2.6218748e-01 3.7772529e-04 6.1461225e-04
 7.6280810e-02 1.7193288e-01]",[8.1246513e-01 2.1632196e-04 1.9495569e-02 1.6782300e-01],[9.9997264e-01 2.7339984e-05],"[3.0472145e-07 7.3352076e-06 2.1292267e-03 3.9157090e-01 5.7755941e-01
 2.8593151e-02 1.3828365e-04 1.3677889e-06 2.2919044e-08]",White,20-39,
/scratch/project_462000771/mengting/projects/bias/Wan2.1/prompt2/selected_faces/detected_unhappy/unhappy_person_0417_face0.png,Black,Black,Female,20-29,"[2.3712411e-04 9.7715008e-01 1.7433338e-02 5.1129340e-05 2.8160744e-04
 4.8316633e-03 1.5044511e-05]",[8.94291297e-05 9.96582568e-01 1.15062685e-04 3.21292784e-03],[3.4797784e-05 9.9996519e-01],"[1.3204992e-06 4.4616417e-04 4.0099166e-02 5.9633493e-01 3.4790951e-01
 1.4753619e-02 4.4904565e-04 6.2251856e-06 7.3358862e-08]",Black,20-39,
/scratch/project_462000771/mengting/projects/bias/Wan2.1/prompt2/selected_faces/detected_unhappy/unhappy_person_0418_face0.png,Middle Eastern,White,Male,30-39,"[2.3017417e-01 9.3322358e-04 3.4099782e-01 2.0348583e-05 1.7112958e-04
 1.0676517e-02 4.1702685e-01]",[0.9742712  0.00350794 0.00271513 0.01950567],[9.9999851e-01 1.4300722e-06],"[1.0372247e-07 4.4398885e-07 1.6970473e-04 4.3098308e-02 5.8549827e-01
 3.4232861e-01 2.8660391e-02 2.4214522e-04 2.0901018e-06]",Others,20-39,
/scratch/project_462001220/mengting/projects_771/bias/Wan2.1/prompt2/complete_selected_faces/detected_unhappy/0419_face0.png,Black,Black,Male,30-39,"[0.01281432 0.46545696 0.3229919  0.0076335  0.08001354 0.07901005
 0.03207971]",[0.00639019 0.9724797  0.01081462 0.01031549],[9.9999529e-01 4.6296955e-06],"[1.1984305e-06 5.3063912e-05 8.3050663e-03 3.6769268e-01 4.6997374e-01
 1.4240187e-01 1.1195604e-02 3.6431017e-04 1.2474779e-05]",Black,20-39,1.0
/scratch/project_462001220/mengting/projects_771/bias/Wan2.1/prompt2/complete_selected_faces/detected_unhappy/0420_face0.png,Black,Black,Male,30-39,"[4.7981525e-03 3.9012396e-01 1.3895544e-01 6.2734352e-06 9.2883252e-05
 3.5161793e-01 1.1440528e-01]",[0.01471086 0.671929   0.00075621 0.3126039 ],[9.9926013e-01 7.3988154e-04],"[6.7538605e-07 2.0121312e-05 1.0962649e-03 1.2233177e-01 7.5841618e-01
 1.1552501e-01 2.5787861e-03 3.0703715e-05 4.2522598e-07]",Black,20-39,1.0
/scratch/project_462000771/mengting/projects/bias/Wan2.1/prompt2/selected_faces/detected_unhappy/unhappy_person_0421_face0.png,White,White,Female,20-29,"[4.3961257e-01 3.6259132e-04 2.5328991e-01 2.6267661e-02 2.9692482e-02
 1.0153752e-01 1.4923732e-01]",[0.5378533  0.0019518  0.21291067 0.24728419],[0.02955847 0.9704415 ],"[7.1504764e-05 4.8249885e-03 7.3529914e-02 2.9222238e-01 2.7681437e-01
 2.2853139e-01 6.2540703e-02 3.3280496e-02 2.8184198e-02]",White,20-39,
/scratch/project_462000771/mengting/projects/bias/Wan2.1/prompt2/selected_faces/detected_unhappy/unhappy_person_0422_face0.png,Latino_Hispanic,Indian,Male,40-49,"[3.6189359e-01 1.5253520e-04 5.4800171e-01 3.7151522e-03 7.0008882e-03
 1.5186541e-02 6.4049609e-02]",[0.46576527 0.00148556 0.01568893 0.5170602 ],[0.99586195 0.00413806],"[2.0434698e-05 7.8769997e-05 9.3071873e-04 1.2913272e-02 2.1582863e-01
 5.9462047e-01 1.7043051e-01 5.0595533e-03 1.1763096e-04]",Others,40-59,
/scratch/project_462000771/mengting/projects/bias/Wan2.1/prompt2/selected_faces/detected_unhappy/unhappy_person_0423_face0.png,White,Asian,Female,70+,"[0.30512664 0.01023528 0.09622493 0.2641726  0.27775624 0.01814546
 0.0283388 ]",[0.34127155 0.03519838 0.38468185 0.23884815],[0.2821498  0.71785027],"[4.3242941e-05 2.4859642e-04 1.4558343e-03 6.8055511e-02 6.6851296e-02
 9.5196605e-02 9.4023392e-02 2.3068489e-01 4.4344065e-01]",White,60+,
/scratch/project_462000771/mengting/projects/bias/Wan2.1/prompt2/selected_faces/detected_unhappy/unhappy_person_0424_face0.png,Black,Black,Female,30-39,"[1.7029973e-04 9.7366887e-01 1.2857916e-02 2.8327527e-03 7.7361520e-03
 2.4755925e-03 2.5848122e-04]",[2.2338181e-06 9.9935436e-01 6.0421386e-04 3.9150680e-05],[0.02611572 0.9738843 ],"[1.0689054e-05 2.3754475e-04 8.7139290e-03 1.8567972e-01 3.4924150e-01
 2.8545749e-01 1.4421305e-01 2.3680119e-02 2.7659112e-03]",Black,20-39,
/scratch/project_462000771/mengting/projects/bias/Wan2.1/prompt2/selected_faces/detected_unhappy/unhappy_person_0425_face0.png,White,White,Female,40-49,"[6.2030423e-01 2.9028344e-04 1.6504151e-01 1.4062350e-03 2.9220062e-03
 1.6373202e-02 1.9366258e-01]",[9.7595328e-01 6.1152852e-04 3.4957475e-03 1.9939451e-02],[0.00138831 0.9986116 ],"[8.7816652e-06 4.6184927e-04 1.5168390e-02 1.7033145e-01 2.7722371e-01
 3.7822595e-01 1.3645259e-01 1.6297085e-02 5.8301697e-03]",White,40-59,
/scratch/project_462000771/mengting/projects/bias/Wan2.1/prompt2/selected_faces/detected_unhappy/unhappy_person_0426_face0.png,White,White,Male,30-39,"[8.9697874e-01 8.0593425e-05 2.9537564e-02 1.6572543e-04 3.2408189e-04
 1.3647062e-03 7.1548730e-02]",[9.9149078e-01 7.2806768e-05 3.7138176e-04 8.0650272e-03],[0.9982851  0.00171486],"[6.79894697e-07 8.81926553e-06 5.17813605e-04 1.09167546e-01
 7.50473142e-01 1.38179198e-01 1.64298981e-03 9.51809761e-06
 3.26482478e-07]",White,20-39,
/scratch/project_462000771/mengting/projects/bias/Wan2.1/prompt2/selected_faces/detected_unhappy/unhappy_person_0427_face0.png,White,White,Male,30-39,"[9.9904829e-01 7.5905014e-08 6.0151076e-05 1.0372594e-05 8.1960488e-06
 3.3941224e-06 8.6951902e-04]",[9.9980265e-01 1.3367706e-07 1.9307956e-04 4.1161702e-06],[9.999301e-01 6.987790e-05],"[8.1196468e-08 1.5648097e-06 1.8101676e-04 2.3937505e-01 7.2846663e-01
 3.1889182e-02 8.6122658e-05 3.4371652e-07 1.2046413e-08]",White,20-39,
/scratch/project_462000771/mengting/projects/bias/Wan2.1/prompt2/selected_faces/detected_unhappy/unhappy_person_0428_face0.png,Latino_Hispanic,White,Male,40-49,"[0.16293731 0.00191711 0.3187763  0.19557554 0.24411087 0.01718023
 0.05950258]",[0.44515705 0.009369   0.3744663  0.17100768],[0.9815641  0.01843589],"[7.9366700e-06 1.2304836e-04 7.2438815e-03 1.8152563e-01 2.2666495e-01
 3.7288621e-01 1.8027315e-01 2.7601592e-02 3.6736198e-03]",Others,40-59,
/scratch/project_462000771/mengting/projects/bias/Wan2.1/prompt2/selected_faces/detected_unhappy/unhappy_person_0429_face0.png,White,White,Male,30-39,"[9.4851875e-01 1.3387812e-05 1.8600522e-02 3.4114921e-03 1.2727719e-03
 6.7291775e-04 2.7510028e-02]",[9.9618727e-01 1.5192521e-04 2.2210455e-03 1.4397996e-03],[9.9999350e-01 6.4544015e-06],"[1.2357734e-08 2.3440114e-07 1.3401132e-04 2.4231192e-01 7.1183687e-01
 4.5440380e-02 2.7392007e-04 2.6894520e-06 3.6596116e-08]",White,20-39,
/scratch/project_462000771/mengting/projects/bias/Wan2.1/prompt2/selected_faces/detected_unhappy/unhappy_person_0430_face0.png,White,White,Male,30-39,"[9.60356891e-01 1.21966605e-05 2.03808006e-02 2.37873071e-04
 7.19861535e-04 3.74447787e-04 1.79179367e-02]",[9.9572819e-01 1.2980768e-05 1.0751334e-03 3.1837181e-03],[9.9998671e-01 1.3338705e-05],"[1.0398175e-07 1.4040047e-05 3.0484647e-03 3.6488351e-01 6.0038644e-01
 3.1531408e-02 1.3550128e-04 5.3844002e-07 1.4489256e-08]",White,20-39,
/scratch/project_462000771/mengting/projects/bias/Wan2.1/prompt2/selected_faces/detected_unhappy/unhappy_person_0431_face0.png,White,White,Male,40-49,"[9.9174684e-01 4.3591976e-07 9.1556387e-05 1.3316930e-03 3.5611092e-04
 2.5300180e-05 6.4478670e-03]",[9.9581480e-01 3.2117082e-06 4.0159603e-03 1.6600527e-04],[0.98747766 0.01252229],"[1.5690284e-04 7.8839186e-04 1.2806737e-02 2.6952901e-01 3.2458058e-01
 3.3984351e-01 4.4251751e-02 6.3996925e-03 1.6434130e-03]",White,40-59,
/scratch/project_462000771/mengting/projects/bias/Wan2.1/prompt2/selected_faces/detected_unhappy/unhappy_person_0432_face0.png,Latino_Hispanic,White,Male,30-39,"[0.12188014 0.00207687 0.67116743 0.01790218 0.02984004 0.07327203
 0.08386126]",[0.58722985 0.01789958 0.1926381  0.20223248],[9.9999368e-01 6.2872664e-06],"[4.3355662e-06 6.0428789e-05 1.5140361e-03 2.4200831e-01 6.8587154e-01
 6.9699541e-02 8.2886458e-04 1.2716011e-05 2.1693238e-07]",Others,20-39,
/scratch/project_462000771/mengting/projects/bias/Wan2.1/prompt2/selected_faces/detected_unhappy/unhappy_person_0433_face0.png,Latino_Hispanic,White,Male,30-39,"[0.20908226 0.00388313 0.4232269  0.00087689 0.00303336 0.041034
 0.31886348]",[9.4582266e-01 6.7231600e-04 6.5055145e-03 4.6999495e-02],[9.9987876e-01 1.2128128e-04],"[1.2311277e-06 5.6081576e-06 4.1214775e-04 9.2074268e-02 6.2566566e-01
 2.7021536e-01 1.1400951e-02 2.1808395e-04 6.6354783e-06]",Others,20-39,
/scratch/project_462001220/mengting/projects_771/bias/Wan2.1/prompt2/complete_selected_faces/detected_unhappy/0434_face0.png,Black,Black,Male,30-39,"[1.4589058e-03 9.0152061e-01 4.2067379e-02 7.8930061e-05 7.1734248e-04
 5.3580862e-02 5.7594443e-04]",[0.00703968 0.8669757  0.00596091 0.12002371],[0.9957321  0.00426789],"[6.0290222e-07 1.1922589e-05 2.5592824e-03 3.1969792e-01 6.2807471e-01
 4.8725922e-02 9.1680931e-04 1.2412674e-05 4.2464845e-07]",Black,20-39,0.0
/scratch/project_462000771/mengting/projects/bias/Wan2.1/prompt2/selected_faces/detected_unhappy/unhappy_person_0435_face0.png,Latino_Hispanic,Indian,Male,30-39,"[2.6037428e-01 3.4678383e-03 5.7027584e-01 7.1329821e-05 2.7780564e-04
 2.7174877e-02 1.3835800e-01]",[0.37254116 0.03613875 0.00501711 0.58630306],[0.9976229  0.00237706],"[1.8999049e-06 2.6416725e-05 1.3443882e-03 1.2542853e-01 7.2800529e-01
 1.4267074e-01 2.4899095e-03 3.1998581e-05 8.1291978e-07]",Others,20-39,
/scratch/project_462000771/mengting/projects/bias/Wan2.1/prompt2/selected_faces/detected_unhappy/unhappy_person_0436_face0.png,Middle Eastern,White,Male,30-39,"[2.7934843e-01 1.2427556e-05 4.3427520e-02 2.6651582e-04 5.1106134e-04
 1.1527873e-02 6.6490614e-01]",[9.8915339e-01 3.3853230e-05 1.0546972e-03 9.7580794e-03],[9.99987066e-01 1.29120635e-05],"[2.7666085e-06 1.2441387e-05 2.9203645e-04 2.3545697e-02 4.9910030e-01
 4.6330488e-01 1.3652802e-02 8.7117653e-05 1.8992531e-06]",White,20-39,
/scratch/project_462000771/mengting/projects/bias/Wan2.1/prompt2/selected_faces/detected_unhappy/unhappy_person_0437_face0.png,Latino_Hispanic,White,Male,30-39,"[3.3594280e-01 8.8448613e-04 3.8205838e-01 3.0338773e-04 7.2645111e-04
 2.0899830e-02 2.5918475e-01]",[0.9246051  0.00119647 0.00129805 0.07290031],[0.99892294 0.001077  ],"[5.9165706e-07 1.3656064e-05 3.3238491e-03 3.3392999e-01 6.1693877e-01
 4.5224771e-02 5.6078145e-04 7.3814763e-06 2.0094782e-07]",Others,20-39,
/scratch/project_462000771/mengting/projects/bias/Wan2.1/prompt2/selected_faces/detected_unhappy/unhappy_person_0438_face0.png,White,White,Male,30-39,"[9.84057665e-01 2.20121565e-05 3.43358889e-03 1.53008714e-05
 2.52044683e-05 1.05294755e-04 1.23409806e-02]",[9.9869967e-01 2.6145688e-04 5.2310090e-04 5.1573553e-04],[9.9999762e-01 2.3987182e-06],"[2.5432447e-08 5.6793431e-07 7.7057208e-05 2.6349276e-01 7.2403109e-01
 1.2381770e-02 1.6629187e-05 4.5766885e-08 6.7597211e-10]",White,20-39,
/scratch/project_462000771/mengting/projects/bias/Wan2.1/prompt2/selected_faces/detected_unhappy/unhappy_person_0439_face0.png,Black,Black,Male,30-39,"[7.0310681e-04 9.0378106e-01 2.8827026e-02 3.1233536e-05 4.7378306e-04
 6.5096192e-02 1.0875216e-03]",[1.4621371e-05 9.8644114e-01 4.7284062e-04 1.3071343e-02],[9.9956989e-01 4.3014603e-04],"[3.3841311e-06 9.5003117e-05 4.4060657e-03 3.2987928e-01 5.9952855e-01
 6.4690128e-02 1.3772723e-03 1.9680423e-05 7.2888849e-07]",Black,20-39,
/scratch/project_462000771/mengting/projects/bias/Wan2.1/prompt2/selected_faces/detected_unhappy/unhappy_person_0440_face0.png,White,White,Female,20-29,"[7.8453511e-01 2.6793007e-04 1.5480375e-01 4.1552331e-02 7.7634198e-03
 1.3572959e-03 9.7201867e-03]",[0.8327635  0.00181133 0.16447596 0.00094915],[0.00888088 0.9911191 ],"[1.8325265e-07 3.5409135e-05 3.2497544e-02 5.8133310e-01 3.6015999e-01
 2.5596146e-02 3.6517152e-04 1.2028075e-05 4.1556100e-07]",White,20-39,
/scratch/project_462000771/mengting/projects/bias/Wan2.1/prompt2/selected_faces/detected_unhappy/unhappy_person_0441_face0.png,White,White,Female,30-39,"[8.0183446e-01 5.9071888e-04 1.5829904e-01 2.1740221e-03 2.0485667e-03
 1.0201622e-03 3.4032919e-02]",[8.5114765e-01 1.4730945e-04 1.4834385e-01 3.6116617e-04],[0.00563094 0.99436903],"[1.9783138e-06 1.3786281e-04 1.4249093e-02 2.4303295e-01 5.7828993e-01
 1.5789886e-01 6.1978190e-03 1.8252224e-04 8.9131463e-06]",White,20-39,
/scratch/project_462001220/mengting/projects_771/bias/Wan2.1/prompt2/complete_selected_faces/detected_unhappy/0442_face0.png,White,White,Male,30-39,"[8.6882037e-01 1.4384035e-03 6.6947654e-02 7.8491372e-04 1.2881804e-03
 7.9339808e-03 5.2786510e-02]",[9.7614628e-01 3.6647919e-04 7.0729028e-03 1.6414359e-02],[0.9985433  0.00145667],"[4.0743642e-05 2.6803461e-04 1.8974879e-03 1.2394012e-01 7.0039445e-01
 1.7065868e-01 2.7524149e-03 4.5713976e-05 2.3669077e-06]",White,20-39,1.0
/scratch/project_462000771/mengting/projects/bias/Wan2.1/prompt2/selected_faces/detected_unhappy/unhappy_person_0443_face0.png,White,White,Male,50-59,"[9.7091621e-01 1.0192352e-04 1.4284198e-02 1.8012618e-03 2.0301193e-03
 2.5948920e-04 1.0606865e-02]",[9.9917096e-01 4.2845140e-06 7.3940872e-04 8.5412146e-05],[0.9807587  0.01924124],"[6.0075497e-05 1.9935456e-04 2.0333421e-03 1.4114972e-02 8.6102717e-02
 3.2797053e-01 5.1811373e-01 4.7871560e-02 3.5336991e-03]",White,40-59,
/scratch/project_462000771/mengting/projects/bias/Wan2.1/prompt2/selected_faces/detected_unhappy/unhappy_person_0444_face0.png,Latino_Hispanic,Black,Female,30-39,"[0.07275682 0.16580921 0.69707465 0.00111385 0.00484235 0.05472744
 0.00367559]",[0.10139474 0.49855474 0.02976283 0.37028766],[0.0944224  0.90557754],"[2.8446411e-05 2.9329048e-03 7.8428648e-02 3.5273618e-01 3.6965445e-01
 1.6261843e-01 3.2048617e-02 1.4581864e-03 9.4166506e-05]",Others,20-39,
/scratch/project_462000771/mengting/projects/bias/Wan2.1/prompt2/selected_faces/detected_unhappy/unhappy_person_0445_face0.png,White,White,Male,30-39,"[9.2862809e-01 8.3988889e-06 5.8147758e-03 1.1826974e-03 1.0502994e-03
 5.0492195e-04 6.2810801e-02]",[9.9603570e-01 3.4834420e-06 3.5326905e-03 4.2816091e-04],[0.9394525  0.06054748],"[2.0702122e-05 8.0640870e-04 3.8257465e-02 2.7538192e-01 3.0632898e-01
 3.0062318e-01 7.1268022e-02 6.1130705e-03 1.2002548e-03]",White,20-39,
/scratch/project_462000771/mengting/projects/bias/Wan2.1/prompt2/selected_faces/detected_unhappy/unhappy_person_0446_face0.png,White,White,Female,40-49,"[9.4905955e-01 2.4116447e-04 1.7097570e-03 2.7246134e-02 8.7956851e-03
 1.1244154e-04 1.2835243e-02]",[9.9743569e-01 3.2780517e-04 1.8917889e-03 3.4473627e-04],[0.32463112 0.6753689 ],"[0.0105799  0.08911178 0.04965064 0.17927922 0.15755165 0.29868713
 0.14931512 0.03784809 0.02797653]",White,40-59,
/scratch/project_462001220/mengting/projects_771/bias/Wan2.1/prompt2/complete_selected_faces/detected_unhappy/0447_face0.png,White,White,Female,30-39,"[6.3332891e-01 2.2693117e-05 5.7869826e-02 1.2178481e-04 1.4446485e-04
 7.5872773e-03 3.0092505e-01]",[9.7570431e-01 8.2819373e-05 1.6285306e-03 2.2584328e-02],[0.01227203 0.987728  ],"[5.7420856e-08 2.9685211e-06 4.2758062e-03 4.6172675e-01 4.8138615e-01
 5.1313482e-02 1.2659261e-03 2.7600925e-05 1.2572543e-06]",White,20-39,0.0
/scratch/project_462000771/mengting/projects/bias/Wan2.1/prompt2/selected_faces/detected_unhappy/unhappy_person_0448_face0.png,Black,Black,Male,30-39,"[1.2549478e-07 9.9998051e-01 2.6465284e-06 1.1293645e-07 1.0682382e-06
 1.5461615e-05 8.2017998e-08]",[2.3487172e-07 9.9995089e-01 1.4922752e-05 3.3949425e-05],[0.99882185 0.00117814],"[7.35024742e-07 1.91683706e-04 1.33905625e-02 4.22159642e-01
 4.68092233e-01 9.33341309e-02 2.80430890e-03 2.36135711e-05
 3.07393043e-06]",Black,20-39,
/scratch/project_462000771/mengting/projects/bias/Wan2.1/prompt2/selected_faces/detected_unhappy/unhappy_person_0449_face0.png,East Asian,Asian,Male,20-29,"[1.1672423e-01 2.2450231e-04 3.0366361e-02 6.3131791e-01 1.5460069e-01
 3.7283427e-03 6.3038051e-02]",[5.4696608e-02 4.2650256e-05 9.4470406e-01 5.5665424e-04],[9.9989378e-01 1.0620325e-04],"[7.7892737e-06 9.7982760e-04 9.2017151e-02 6.3181019e-01 2.0720480e-01
 6.0409121e-02 6.5530529e-03 9.6370117e-04 5.4416858e-05]",Asian,20-39,
/scratch/project_462000771/mengting/projects/bias/Wan2.1/prompt2/selected_faces/detected_unhappy/unhappy_person_0450_face0.png,Latino_Hispanic,White,Female,20-29,"[0.1803423  0.01534443 0.70099527 0.01067612 0.02738208 0.0174693
 0.04779055]",[0.6143625  0.2928134  0.03423772 0.05858642],[6.512268e-04 9.993488e-01],"[1.4097834e-06 8.3070184e-04 6.7933977e-02 5.7490069e-01 3.2432300e-01
 3.0389400e-02 1.5014654e-03 1.0789355e-04 1.1430152e-05]",Others,20-39,
/scratch/project_462000771/mengting/projects/bias/Wan2.1/prompt2/selected_faces/detected_unhappy/unhappy_person_0451_face0.png,White,White,Male,30-39,"[3.6753687e-01 1.2938099e-03 2.7033660e-01 2.6711496e-04 5.3959893e-04
 8.7154813e-02 2.7287120e-01]",[8.3942610e-01 9.9963858e-04 4.7117795e-04 1.5910310e-01],[9.998713e-01 1.286508e-04],"[4.3734047e-07 3.5449691e-06 3.9791589e-04 3.3844945e-01 6.3767844e-01
 2.3352342e-02 1.1664531e-04 1.1787514e-06 3.3862623e-08]",White,20-39,
/scratch/project_462001220/mengting/projects_771/bias/Wan2.1/prompt2/complete_selected_faces/detected_unhappy/0452_face0.png,White,White,Female,20-29,"[0.7430294  0.00489222 0.20214823 0.00119044 0.00293123 0.00075983
 0.04504852]",[0.96534884 0.00826133 0.02137848 0.00501136],[0.0713279 0.9286721],"[8.5328329e-06 2.5599792e-03 8.8983960e-02 4.3746322e-01 3.7506750e-01
 8.6691506e-02 8.0113513e-03 1.0128787e-03 2.0106042e-04]",White,20-39,1.0
/scratch/project_462000771/mengting/projects/bias/Wan2.1/prompt2/selected_faces/detected_unhappy/unhappy_person_0453_face0.png,Black,Black,Male,20-29,"[0.00152324 0.4673192  0.03053254 0.00468437 0.15254551 0.3414149
 0.00198031]",[6.742440e-04 7.316162e-01 1.219326e-02 2.555163e-01],[0.9953384  0.00466166],"[1.7138653e-05 5.1505695e-04 2.0566322e-02 4.5361930e-01 3.3424297e-01
 1.4637630e-01 2.7281322e-02 1.0519971e-02 6.8616611e-03]",Black,20-39,
/scratch/project_462001220/mengting/projects_771/bias/Wan2.1/prompt2/complete_selected_faces/detected_unhappy/0454_face0.png,Latino_Hispanic,Indian,Male,40-49,"[0.2011821  0.00540629 0.55780375 0.00298626 0.00771259 0.07088311
 0.15402582]",[0.46540573 0.0357351  0.02240207 0.47645706],[9.9994069e-01 5.9308226e-05],"[4.8638129e-05 5.8082594e-05 2.6077413e-04 1.9173298e-02 3.7964314e-01
 5.3329706e-01 6.6274978e-02 1.2076009e-03 3.6352099e-05]",Others,40-59,1.0
/scratch/project_462000771/mengting/projects/bias/Wan2.1/prompt2/selected_faces/detected_unhappy/unhappy_person_0455_face0.png,White,White,Male,20-29,"[7.72279024e-01 3.59882601e-04 1.03921415e-02 5.91255193e-05
 1.57976538e-04 5.93243632e-04 2.16158628e-01]",[9.9859536e-01 5.5087912e-05 6.6521730e-05 1.2830773e-03],[0.99617684 0.00382312],"[1.2164296e-05 4.1251618e-04 2.0267928e-02 3.9612588e-01 3.7016562e-01
 1.6654827e-01 3.9746217e-02 5.7187011e-03 1.0027400e-03]",White,20-39,
/scratch/project_462001220/mengting/projects_771/bias/Wan2.1/prompt2/complete_selected_faces/detected_unhappy/0456_face0.png,White,White,Male,30-39,"[9.9335426e-01 5.9347008e-06 3.8787706e-03 2.6641457e-05 5.5714732e-05
 5.5697357e-05 2.6229811e-03]",[9.9888408e-01 2.2193142e-04 5.6625978e-04 3.2775156e-04],[9.9997228e-01 2.7732722e-05],"[2.9929194e-07 9.2938517e-06 6.9374399e-04 1.6360243e-01 7.1613902e-01
 1.1850530e-01 1.0464698e-03 3.3266983e-06 7.4038567e-08]",White,20-39,1.0
/scratch/project_462001220/mengting/projects_771/bias/Wan2.1/prompt2/complete_selected_faces/detected_unhappy/0457_face0.png,White,White,Male,30-39,"[8.4955716e-01 2.6560127e-05 7.5529009e-02 7.0836005e-04 1.2294222e-03
 1.5701443e-02 5.7248063e-02]",[9.1413563e-01 5.8573665e-04 3.5976293e-03 8.1681028e-02],[9.9999416e-01 5.8843366e-06],"[1.2850621e-06 4.7642312e-05 1.1424151e-03 1.7887242e-01 7.5115108e-01
 6.8515569e-02 2.6861206e-04 9.5895803e-07 1.9783567e-08]",White,20-39,1.0
/scratch/project_462000771/mengting/projects/bias/Wan2.1/prompt2/selected_faces/detected_unhappy/unhappy_person_0458_face0.png,White,White,Male,30-39,"[6.0829192e-01 4.6698900e-04 2.8296176e-01 3.9232597e-03 1.0268345e-02
 6.2410994e-03 8.7846600e-02]",[9.9013293e-01 5.6068173e-05 3.9781248e-03 5.8328323e-03],[9.9999988e-01 1.3861955e-07],"[1.2045240e-07 9.5796349e-07 7.6042132e-05 3.2083392e-02 5.9785426e-01
 3.5492450e-01 1.4981672e-02 7.8265824e-05 6.8917842e-07]",White,20-39,
/scratch/project_462000771/mengting/projects/bias/Wan2.1/prompt2/selected_faces/detected_unhappy/unhappy_person_0459_face0.png,White,White,Male,30-39,"[6.1779851e-01 6.2470652e-05 1.6484813e-01 2.1283794e-03 2.7098919e-03
 1.9466450e-02 1.9298622e-01]",[9.8357862e-01 1.8351471e-05 1.5811556e-03 1.4821936e-02],[0.9849802  0.01501973],"[2.2336215e-05 1.6789939e-04 1.8676803e-03 7.0823863e-02 5.6063741e-01
 3.5369942e-01 1.2579500e-02 1.9691745e-04 4.9074438e-06]",White,20-39,
/scratch/project_462000771/mengting/projects/bias/Wan2.1/prompt2/selected_faces/detected_unhappy/unhappy_person_0460_face0.png,White,White,Male,40-49,"[0.4467072  0.00371237 0.2306089  0.00167631 0.00231925 0.09486742
 0.2201086 ]",[0.8392777  0.00630498 0.00538327 0.14903407],[9.995062e-01 4.938196e-04],"[2.78271564e-05 5.71704113e-05 3.76914424e-04 2.09749211e-02
 3.35505754e-01 5.22774279e-01 1.17608726e-01 2.59547587e-03
 7.89684927e-05]",White,40-59,
/scratch/project_462000771/mengting/projects/bias/Wan2.1/prompt2/selected_faces/detected_unhappy/unhappy_person_0461_face0.png,White,White,Male,30-39,"[0.44318148 0.02185307 0.3231152  0.00730868 0.01540102 0.03450575
 0.15463473]",[0.5735666  0.01326137 0.13754652 0.2756255 ],[0.98871934 0.01128059],"[3.0466947e-06 1.9906186e-04 1.1005019e-02 3.5540888e-01 5.5703342e-01
 7.4893877e-02 1.4106754e-03 4.1089173e-05 4.8584238e-06]",White,20-39,
/scratch/project_462000771/mengting/projects/bias/Wan2.1/prompt2/selected_faces/detected_unhappy/unhappy_person_0462_face0.png,Latino_Hispanic,White,Female,30-39,"[2.6409987e-01 1.4089790e-04 3.3028591e-01 1.1419868e-02 2.1619566e-02
 2.1659109e-01 1.5584280e-01]",[9.4497418e-01 5.1252620e-05 1.2784478e-02 4.2190004e-02],[4.5960705e-04 9.9954039e-01],"[7.9276970e-06 1.3811548e-03 3.8022906e-02 2.2031556e-01 4.3337229e-01
 2.5903574e-01 4.4762798e-02 2.9062021e-03 1.9537046e-04]",Others,20-39,
/scratch/project_462000771/mengting/projects/bias/Wan2.1/prompt2/selected_faces/detected_unhappy/unhappy_person_0463_face0.png,White,White,Male,30-39,"[6.3929433e-01 2.0359164e-04 1.0474866e-01 2.2112264e-03 1.7017992e-03
 4.2963877e-02 2.0887646e-01]",[9.1123796e-01 1.2515220e-04 1.5748328e-02 7.2888501e-02],[9.994853e-01 5.146526e-04],"[4.6184882e-06 4.9251026e-05 8.3875324e-04 1.0713801e-01 6.8243998e-01
 2.0670998e-01 2.7912462e-03 2.7337815e-05 8.5823626e-07]",White,20-39,
/scratch/project_462000771/mengting/projects/bias/Wan2.1/prompt2/selected_faces/detected_unhappy/unhappy_person_0464_face0.png,Black,Black,Male,30-39,"[3.1070071e-04 9.7628915e-01 8.6539304e-03 1.0825783e-05 1.3454063e-04
 1.4125837e-02 4.7486019e-04]",[3.1262328e-04 9.7877234e-01 3.0258164e-04 2.0612476e-02],[9.9999827e-01 1.7930773e-06],"[2.8841011e-06 1.3421298e-04 3.1087415e-03 3.5542646e-01 5.8629435e-01
 5.4479964e-02 5.4561329e-04 7.6033502e-06 2.1461055e-07]",Black,20-39,
/scratch/project_462000771/mengting/projects/bias/Wan2.1/prompt2/selected_faces/detected_unhappy/unhappy_person_0465_face0.png,White,White,Male,20-29,"[0.21846832 0.00697611 0.07578151 0.19488867 0.17694008 0.13055564
 0.19638969]",[0.70155203 0.00419776 0.16513018 0.12912004],[0.7286935  0.27130646],"[3.8919412e-04 8.5030673e-03 9.0634912e-02 4.3069690e-01 1.8506037e-01
 1.5497234e-01 5.9261248e-02 3.6524236e-02 3.3957615e-02]",White,20-39,
/scratch/project_462001220/mengting/projects_771/bias/Wan2.1/prompt2/complete_selected_faces/detected_unhappy/0466_face0.png,East Asian,White,Male,40-49,"[0.22855432 0.00514729 0.227451   0.25020567 0.18413103 0.02433885
 0.08017183]",[0.47633883 0.0035351  0.42840996 0.0917161 ],[0.98867697 0.01132305],"[5.0654453e-05 5.0915818e-04 1.1710732e-02 1.4705707e-01 1.9235319e-01
 3.6368784e-01 2.4699505e-01 3.0999115e-02 6.6371583e-03]",Asian,40-59,0.0
/scratch/project_462001220/mengting/projects_771/bias/Wan2.1/prompt2/complete_selected_faces/detected_unhappy/0467_face0.png,Latino_Hispanic,White,Male,30-39,"[0.04762715 0.00089586 0.8712949  0.00113951 0.00567467 0.03542677
 0.03794112]",[0.71269494 0.00287974 0.08366536 0.20075996],[9.9999446e-01 5.5430501e-06],"[1.3671933e-04 1.7188539e-03 5.5183698e-03 1.1396207e-01 7.0329553e-01
 1.7111629e-01 4.2157485e-03 3.6070778e-05 3.4243695e-07]",Others,20-39,1.0
/scratch/project_462001220/mengting/projects_771/bias/Wan2.1/prompt2/complete_selected_faces/detected_unhappy/0468_face0.png,East Asian,Asian,Female,40-49,"[3.6653508e-02 6.6923050e-05 2.5175996e-02 5.6805813e-01 3.6360741e-01
 1.4908860e-03 4.9471362e-03]",[3.9054651e-02 6.7089815e-05 9.6015310e-01 7.2517106e-04],[0.22667193 0.77332807],"[0.00035107 0.00566682 0.02365568 0.23582612 0.2707266  0.27732208
 0.10458093 0.05526511 0.02660555]",Asian,40-59,0.0
/scratch/project_462000771/mengting/projects/bias/Wan2.1/prompt2/selected_faces/detected_unhappy/unhappy_person_0469_face0.png,White,White,Female,20-29,"[6.83442473e-01 2.02702577e-04 9.57676023e-02 1.20295435e-01
 7.70530403e-02 6.15691708e-04 2.26229951e-02]",[0.6922396  0.00106599 0.3019903  0.00470412],[0.15003166 0.8499684 ],"[8.6166947e-06 8.6180959e-04 4.9868364e-02 5.4238427e-01 3.1534603e-01
 8.3865345e-02 7.1575590e-03 4.3807391e-04 6.9869617e-05]",White,20-39,
/scratch/project_462000771/mengting/projects/bias/Wan2.1/prompt2/selected_faces/detected_unhappy/unhappy_person_0470_face0.png,Middle Eastern,Indian,Male,10-19,"[6.7714363e-02 1.3038331e-04 5.9019018e-02 3.2014842e-03 8.9051872e-03
 6.6188134e-02 7.9484141e-01]",[0.07622111 0.00103379 0.16959861 0.75314647],[0.9846362  0.01536388],"[2.5033771e-05 8.1400380e-02 8.9002424e-01 2.7317554e-02 1.0728390e-03
 1.5502374e-04 3.7694385e-06 1.0827367e-06 1.6882844e-07]",White,10-19,
/scratch/project_462000771/mengting/projects/bias/Wan2.1/prompt2/selected_faces/detected_unhappy/unhappy_person_0471_face0.png,White,White,Male,40-49,"[9.6225321e-01 1.0623820e-03 2.8839135e-03 2.8918064e-04 3.5784027e-04
 6.1770770e-05 3.3091716e-02]",[0.9536069  0.02692672 0.01458905 0.00487735],[9.9964225e-01 3.5777548e-04],"[1.1650330e-05 2.5409414e-04 1.3090749e-02 8.2077414e-02 1.4806980e-01
 3.6906135e-01 3.3091179e-01 5.3138953e-02 3.3841818e-03]",White,40-59,
/scratch/project_462000771/mengting/projects/bias/Wan2.1/prompt2/selected_faces/detected_unhappy/unhappy_person_0472_face0.png,Middle Eastern,White,Male,30-39,"[2.5594568e-01 1.0156905e-04 1.3031852e-01 1.3308630e-04 4.2352427e-04
 1.3255735e-02 5.9982187e-01]",[8.9937985e-01 7.2629540e-04 9.5064901e-03 9.0387411e-02],[9.9974847e-01 2.5158335e-04],"[2.6975127e-07 1.7571866e-06 9.2672009e-05 1.7018203e-02 5.1802027e-01
 4.5326769e-01 1.1544127e-02 5.4047148e-05 9.9221040e-07]",White,20-39,
/scratch/project_462000771/mengting/projects/bias/Wan2.1/prompt2/selected_faces/detected_unhappy/unhappy_person_0473_face0.png,White,White,Female,30-39,"[7.6322120e-01 2.8512697e-04 2.0786190e-01 1.1073853e-03 7.7842321e-04
 3.1876564e-03 2.3558276e-02]",[9.7082651e-01 3.8274497e-04 1.2799020e-02 1.5991775e-02],[2.1094961e-04 9.9978906e-01],"[2.2176492e-07 1.0359301e-05 1.1415926e-03 5.2543290e-02 5.0970399e-01
 4.1589597e-01 2.0349167e-02 3.5032508e-04 5.0633157e-06]",White,20-39,
/scratch/project_462000771/mengting/projects/bias/Wan2.1/prompt2/selected_faces/detected_unhappy/unhappy_person_0474_face0.png,White,White,Male,20-29,"[9.4104296e-01 1.3702757e-04 1.7514857e-02 2.5846813e-02 7.6992791e-03
 1.2344761e-03 6.5246024e-03]",[9.6791476e-01 5.7391165e-04 2.7322220e-02 4.1891211e-03],[0.59246653 0.40753344],"[7.3311626e-06 3.0558865e-04 1.9095566e-02 5.5331391e-01 3.3155760e-01
 8.7714665e-02 7.2471513e-03 6.2959414e-04 1.2860629e-04]",White,20-39,
/scratch/project_462000771/mengting/projects/bias/Wan2.1/prompt2/selected_faces/detected_unhappy/unhappy_person_0475_face0.png,White,White,Male,30-39,"[9.7022057e-01 1.1022373e-06 3.8259565e-03 4.0626520e-04 2.2482194e-04
 2.5128725e-04 2.5070103e-02]",[9.9862957e-01 1.4279761e-06 7.5199956e-04 6.1690650e-04],[9.9999827e-01 1.7328517e-06],"[2.9743981e-06 3.1871918e-05 1.1692728e-02 3.1387940e-01 5.7566381e-01
 9.7518161e-02 1.2012777e-03 9.7056209e-06 6.6002549e-08]",White,20-39,
/scratch/project_462000771/mengting/projects/bias/Wan2.1/prompt2/selected_faces/detected_unhappy/unhappy_person_0476_face0.png,White,White,Male,40-49,"[9.9224269e-01 1.8717039e-05 2.7333037e-03 2.9464668e-04 3.4419610e-04
 5.5844343e-05 4.3105711e-03]",[9.9834919e-01 1.0265214e-04 1.1758471e-03 3.7227926e-04],[0.9958434 0.0041566],"[1.4825702e-05 1.0189250e-04 1.6527001e-03 4.3088101e-02 2.9540014e-01
 5.0348693e-01 1.4833583e-01 7.2406526e-03 6.7882426e-04]",White,40-59,
/scratch/project_462000771/mengting/projects/bias/Wan2.1/prompt2/selected_faces/detected_unhappy/unhappy_person_0477_face0.png,Latino_Hispanic,Asian,Male,20-29,"[0.20035672 0.00223471 0.5949969  0.02945883 0.04307015 0.00236961
 0.12751307]",[1.9538870e-02 5.6491734e-04 9.7274411e-01 7.1521089e-03],[0.9980063  0.00199371],"[1.4581557e-05 3.2745553e-03 3.1840360e-01 5.2321094e-01 1.2840667e-01
 2.3391929e-02 3.0081717e-03 2.6869742e-04 2.0741260e-05]",Others,20-39,
/scratch/project_462000771/mengting/projects/bias/Wan2.1/prompt2/selected_faces/detected_unhappy/unhappy_person_0478_face0.png,White,White,Female,40-49,"[0.2967759  0.005602   0.21952605 0.09543545 0.19981119 0.05018089
 0.13266854]",[0.9080181  0.00193647 0.04626504 0.04378033],[0.17777273 0.8222273 ],"[3.4705135e-05 6.0879637e-04 7.7923322e-03 9.0975769e-02 1.7131753e-01
 3.0217236e-01 2.3203330e-01 1.0646313e-01 8.8602059e-02]",White,40-59,
/scratch/project_462000771/mengting/projects/bias/Wan2.1/prompt2/selected_faces/detected_unhappy/unhappy_person_0479_face0.png,Black,Black,Male,30-39,"[3.7712924e-04 7.7236915e-01 5.8231741e-02 1.5945882e-04 4.3375124e-03
 1.6441666e-01 1.0842299e-04]",[4.4019113e-04 6.6580796e-01 1.5162522e-03 3.3223566e-01],[9.9995089e-01 4.9148544e-05],"[1.7802366e-06 1.0877322e-04 4.5558233e-03 4.2239729e-01 5.2352518e-01
 4.8775524e-02 6.2992732e-04 5.5212704e-06 1.8641664e-07]",Black,20-39,
/scratch/project_462000771/mengting/projects/bias/Wan2.1/prompt2/selected_faces/detected_unhappy/unhappy_person_0480_face0.png,White,White,Female,30-39,"[5.6068200e-01 5.9188795e-05 3.0154046e-01 5.0754771e-03 5.5054929e-03
 4.0852549e-03 1.2305221e-01]",[9.9094623e-01 6.5951477e-05 4.7836322e-03 4.2042602e-03],[0.00842855 0.9915715 ],"[5.3370110e-07 3.1366606e-05 5.9029586e-03 9.9674173e-02 5.0736928e-01
 3.5473430e-01 3.1166470e-02 1.0790821e-03 4.1752541e-05]",White,20-39,
/scratch/project_462000771/mengting/projects/bias/Wan2.1/prompt2/selected_faces/detected_unhappy/unhappy_person_0481_face0.png,White,White,Male,30-39,"[9.6635133e-01 4.4244015e-07 5.5282109e-04 3.6936093e-05 3.1966694e-05
 8.6707070e-05 3.2939795e-02]",[9.9958736e-01 1.4302493e-06 1.8885762e-04 2.2228132e-04],[9.9996394e-01 3.6066671e-05],"[4.5068397e-08 4.1084954e-07 1.6230629e-04 3.0274150e-01 6.7404491e-01
 2.2994105e-02 5.6452773e-05 2.5954520e-07 4.6430180e-09]",White,20-39,
/scratch/project_462000771/mengting/projects/bias/Wan2.1/prompt2/selected_faces/detected_unhappy/unhappy_person_0482_face0.png,White,White,Male,30-39,"[0.63343424 0.00213418 0.22996746 0.00199235 0.00352363 0.0162557
 0.11269245]",[0.8282464  0.00273523 0.06303674 0.10598169],[0.9775752  0.02242477],"[1.07452479e-06 7.68572281e-05 1.12939822e-02 4.17312920e-01
 4.97488737e-01 7.05883577e-02 3.12503683e-03 1.06681335e-04
 6.40521830e-06]",White,20-39,
/scratch/project_462000771/mengting/projects/bias/Wan2.1/prompt2/selected_faces/detected_unhappy/unhappy_person_0483_face0.png,White,White,Male,40-49,"[9.6541762e-01 8.6756672e-06 8.2674838e-04 9.7843345e-05 1.2186894e-04
 9.4748611e-06 3.3517864e-02]",[9.9706465e-01 8.7420718e-04 1.2584223e-03 8.0276985e-04],[0.9978365  0.00216349],"[1.3430062e-05 7.1823655e-05 6.6603720e-03 8.8447265e-02 1.6041629e-01
 3.4289730e-01 2.8291449e-01 9.6483886e-02 2.2095116e-02]",White,40-59,
/scratch/project_462000771/mengting/projects/bias/Wan2.1/prompt2/selected_faces/detected_unhappy/unhappy_person_0484_face0.png,White,White,Male,30-39,"[8.5891598e-01 1.1467661e-04 7.1543388e-02 1.9829453e-03 3.7199946e-03
 1.3795666e-03 6.2343501e-02]",[9.0956271e-01 6.0925126e-04 4.0963061e-02 4.8864875e-02],[0.8789898  0.12101018],"[8.3136110e-06 1.6706737e-04 5.7671247e-03 2.0276129e-01 5.5326766e-01
 2.1515718e-01 2.1887932e-02 8.8242831e-04 1.0098664e-04]",White,20-39,
/scratch/project_462000771/mengting/projects/bias/Wan2.1/prompt2/selected_faces/detected_unhappy/unhappy_person_0485_face0.png,Black,Asian,Male,20-29,"[0.0009966  0.4035314  0.03509343 0.01796787 0.20922941 0.33150476
 0.00167653]",[0.03148717 0.08338124 0.54488456 0.34024698],[0.9957299  0.00427006],"[2.1376194e-05 6.8114541e-04 2.2257451e-02 3.9539742e-01 3.2793975e-01
 2.0888574e-01 3.1798098e-02 1.0073728e-02 2.9452574e-03]",Black,20-39,
/scratch/project_462000771/mengting/projects/bias/Wan2.1/prompt2/selected_faces/detected_unhappy/unhappy_person_0486_face0.png,Black,Black,Male,30-39,"[3.8333119e-06 9.9927646e-01 3.0730362e-04 4.6140694e-06 9.7968477e-05
 3.0536324e-04 4.4476515e-06]",[1.11460495e-05 9.99531806e-01 2.93125719e-04 1.63989636e-04],[9.9999785e-01 2.2038053e-06],"[1.1970529e-06 2.3166227e-05 8.4538886e-04 1.8984644e-01 6.1406243e-01
 1.8949957e-01 5.6686318e-03 5.0865634e-05 2.2706367e-06]",Black,20-39,
/scratch/project_462000771/mengting/projects/bias/Wan2.1/prompt2/selected_faces/detected_unhappy/unhappy_person_0487_face0.png,White,White,Male,30-39,"[9.9747455e-01 7.6094949e-07 2.5811276e-04 1.3697880e-06 2.9844289e-06
 4.5495130e-05 2.2167456e-03]",[9.9926805e-01 3.1915224e-05 4.1126234e-05 6.5888825e-04],[9.9996299e-01 3.6995152e-05],"[1.5459027e-05 7.1030430e-04 2.4068393e-02 1.8713884e-01 4.3072140e-01
 3.3629104e-01 2.0831548e-02 2.1581359e-04 7.2061389e-06]",White,20-39,
/scratch/project_462000771/mengting/projects/bias/Wan2.1/prompt2/selected_faces/detected_unhappy/unhappy_person_0488_face0.png,Latino_Hispanic,Asian,Female,20-29,"[0.243478   0.00403009 0.3418578  0.1191997  0.14383467 0.05181836
 0.0957813 ]",[0.20365468 0.00602894 0.6266639  0.16365242],[0.14897835 0.85102165],"[5.9934198e-05 3.8445905e-02 4.0672624e-01 4.2721704e-01 1.0810600e-01
 1.7657675e-02 1.5055377e-03 2.1917447e-04 6.2583225e-05]",Others,20-39,
/scratch/project_462000771/mengting/projects/bias/Wan2.1/prompt2/selected_faces/detected_unhappy/unhappy_person_0489_face0.png,Black,Black,Male,30-39,"[3.5836572e-06 9.9990606e-01 7.2351468e-05 1.2140821e-06 7.5364528e-06
 7.9833944e-06 1.1426582e-06]",[3.9664763e-05 9.9863225e-01 1.1857257e-03 1.4237624e-04],[9.9975431e-01 2.4571415e-04],"[3.5408211e-05 9.5321535e-04 6.4569251e-03 2.3737553e-01 5.4067492e-01
 2.0508742e-01 9.2555042e-03 1.4752056e-04 1.3632692e-05]",Black,20-39,
/scratch/project_462000771/mengting/projects/bias/Wan2.1/prompt2/selected_faces/detected_unhappy/unhappy_person_0490_face0.png,East Asian,Asian,Female,20-29,"[1.6383971e-01 3.0790875e-06 2.8245046e-03 7.5515425e-01 7.5752519e-02
 6.3026964e-05 2.3628951e-03]",[4.5221817e-02 5.1497213e-06 9.5470691e-01 6.6140768e-05],[0.00918626 0.9908137 ],"[3.6893638e-05 6.4927586e-03 9.3464501e-02 4.6172068e-01 3.1747237e-01
 1.1004991e-01 9.7548952e-03 9.1760425e-04 9.0394897e-05]",Asian,20-39,
/scratch/project_462000771/mengting/projects/bias/Wan2.1/prompt2/selected_faces/detected_unhappy/unhappy_person_0491_face0.png,White,White,Male,20-29,"[9.8478723e-01 4.7753169e-06 2.6454518e-03 2.1152729e-05 3.3888075e-05
 4.3555094e-05 1.2463908e-02]",[9.9899626e-01 2.7475300e-05 2.0042706e-04 7.7578070e-04],[9.9999946e-01 5.4741406e-07],"[1.4087612e-07 3.0789204e-05 6.5822280e-03 8.3302796e-01 1.5900314e-01
 1.3525928e-03 3.1219349e-06 3.5588780e-08 1.0284027e-09]",White,20-39,
/scratch/project_462000771/mengting/projects/bias/Wan2.1/prompt2/selected_faces/detected_unhappy/unhappy_person_0492_face0.png,White,White,Male,30-39,"[9.2818695e-01 1.3269916e-05 1.2903361e-02 4.1112398e-05 8.0185433e-05
 4.4057603e-04 5.8334596e-02]",[9.9890059e-01 7.8931931e-05 1.9053450e-05 1.0014055e-03],[9.9980778e-01 1.9229359e-04],"[3.87920267e-07 2.50757671e-06 2.65871699e-04 1.35678515e-01
 7.62159169e-01 1.01236425e-01 6.51664101e-04 5.36789503e-06
 1.43094098e-07]",White,20-39,
/scratch/project_462000771/mengting/projects/bias/Wan2.1/prompt2/selected_faces/detected_unhappy/unhappy_person_0493_face0.png,Latino_Hispanic,Asian,Female,40-49,"[0.16421074 0.0035863  0.3989125  0.054635   0.02295681 0.00397378
 0.35172486]",[0.3241621  0.00240202 0.6329551  0.04048084],[2.1484207e-06 9.9999785e-01],"[6.3429376e-08 8.3661450e-07 5.4403685e-05 5.6125000e-03 1.6119151e-01
 5.9371585e-01 2.2606538e-01 1.3200971e-02 1.5856930e-04]",Others,40-59,
/scratch/project_462001220/mengting/projects_771/bias/Wan2.1/prompt2/complete_selected_faces/detected_unhappy/0494_face0.png,White,White,Male,40-49,"[9.8821205e-01 7.3340530e-06 2.8971632e-03 2.8535348e-04 1.9189257e-04
 2.8639071e-05 8.3775613e-03]",[9.8812813e-01 1.8724913e-04 1.0832864e-02 8.5165614e-04],[9.9969816e-01 3.0177692e-04],"[1.2508049e-04 1.7981266e-03 6.0418915e-02 1.1202626e-01 1.7052862e-01
 3.2579684e-01 2.7124295e-01 5.3328771e-02 4.7344808e-03]",White,40-59,1.0
/scratch/project_462000771/mengting/projects/bias/Wan2.1/prompt2/selected_faces/detected_unhappy/unhappy_person_0495_face0.png,Black,Black,Male,30-39,"[1.7513474e-05 9.9662977e-01 6.0174643e-04 1.2824637e-06 1.3989110e-05
 2.6565439e-03 7.9156132e-05]",[2.2697850e-05 9.9652505e-01 3.9626906e-05 3.4126269e-03],[9.996923e-01 3.076786e-04],"[8.8942325e-06 1.7133138e-04 3.9130286e-03 1.5182891e-01 5.5186683e-01
 2.6705715e-01 2.4443021e-02 6.7790353e-04 3.2832631e-05]",Black,20-39,
/scratch/project_462000771/mengting/projects/bias/Wan2.1/prompt2/selected_faces/detected_unhappy/unhappy_person_0496_face0.png,White,White,Male,30-39,"[7.6065481e-01 2.4930210e-04 1.8759169e-01 5.3786580e-03 5.4337839e-03
 1.2836208e-03 3.9408170e-02]",[9.9842322e-01 4.9377035e-05 1.2845104e-03 2.4292366e-04],[9.9959934e-01 4.0066813e-04],"[1.2525524e-06 8.2609940e-06 6.8322581e-04 9.3355522e-02 7.6860440e-01
 1.3550866e-01 1.8209196e-03 1.7543816e-05 2.8311476e-07]",White,20-39,
/scratch/project_462000771/mengting/projects/bias/Wan2.1/prompt2/selected_faces/detected_unhappy/unhappy_person_0497_face0.png,White,White,Male,20-29,"[9.7316474e-01 2.0097523e-06 2.1690689e-03 3.5745660e-03 2.7213662e-03
 1.7956577e-04 1.8188741e-02]",[9.9583167e-01 1.9788001e-06 4.0136380e-03 1.5264448e-04],[0.99336654 0.00663348],"[8.9385294e-06 4.6478614e-04 3.9743774e-02 3.6346105e-01 2.5183278e-01
 2.6970649e-01 6.7732759e-02 6.1237770e-03 9.2565059e-04]",White,20-39,
/scratch/project_462000771/mengting/projects/bias/Wan2.1/prompt2/selected_faces/detected_unhappy/unhappy_person_0498_face0.png,White,White,Male,30-39,"[9.9615616e-01 3.4582338e-06 1.6385391e-03 5.8828869e-06 1.4303299e-05
 3.3124143e-04 1.8504878e-03]",[9.9120235e-01 3.1126427e-04 1.7041483e-04 8.3159441e-03],[9.9997276e-01 2.7235579e-05],"[3.2670506e-08 1.2160899e-06 3.0096399e-04 3.3541751e-01 6.3569474e-01
 2.8487679e-02 9.7529679e-05 4.0740125e-07 1.3078593e-08]",White,20-39,
/scratch/project_462001220/mengting/projects_771/bias/Wan2.1/prompt2/complete_selected_faces/detected_unhappy/0499_face0.png,White,White,Female,30-39,"[9.7969979e-01 5.9346125e-06 9.7274594e-03 1.2150968e-03 4.0238354e-04
 2.8617866e-05 8.9206276e-03]",[9.9707580e-01 5.4196917e-06 2.7611062e-03 1.5766858e-04],[3.0673217e-04 9.9969321e-01],"[4.0455696e-08 5.9722233e-06 7.6392950e-03 4.2093882e-01 5.0309074e-01
 6.7093119e-02 1.2075888e-03 2.4157755e-05 2.7984106e-07]",White,20-39,1.0
/scratch/project_462000771/mengting/projects/bias/Wan2.1/prompt2/selected_faces/detected_unhappy/unhappy_person_0500_face0.png,White,White,Male,30-39,"[8.0899709e-01 2.4571668e-04 5.7935238e-02 5.2736485e-03 8.2699861e-03
 1.5417101e-03 1.1773658e-01]",[9.9012202e-01 3.4119212e-04 5.2818917e-03 4.2549255e-03],[9.9921775e-01 7.8223983e-04],"[7.4977997e-06 6.5727108e-05 1.1155063e-03 1.2108218e-01 6.3051754e-01
 2.3182344e-01 1.4943551e-02 4.1338877e-04 3.1178402e-05]",White,20-39,
/scratch/project_462000771/mengting/projects/bias/Wan2.1/prompt2/selected_faces/detected_unhappy/unhappy_person_0501_face0.png,White,White,Female,30-39,"[8.6345816e-01 3.6031756e-04 4.1049909e-02 4.1202482e-04 8.4659702e-04
 6.2284630e-04 9.3250178e-02]",[9.9139893e-01 6.4477092e-04 5.7847807e-03 2.1715327e-03],[0.3637845 0.6362155],"[5.9621238e-05 2.0321107e-03 1.8481767e-02 1.7844230e-01 4.2949721e-01
 3.0907014e-01 5.9478518e-02 2.6843445e-03 2.5392126e-04]",White,20-39,
/scratch/project_462000771/mengting/projects/bias/Wan2.1/prompt2/selected_faces/detected_unhappy/unhappy_person_0502_face0.png,White,White,Male,30-39,"[8.7862128e-01 2.0449732e-05 8.3307452e-02 1.0190429e-02 2.0948915e-02
 1.8586894e-03 5.0528403e-03]",[9.5900154e-01 2.6204852e-05 3.5009358e-02 5.9629409e-03],[0.94067836 0.05932166],"[1.3767931e-06 2.0443910e-04 4.7818348e-02 3.1578580e-01 4.0433502e-01
 2.0954280e-01 2.1424975e-02 8.3432737e-04 5.2997766e-05]",White,20-39,
/scratch/project_462001220/mengting/projects_771/bias/Wan2.1/prompt2/complete_selected_faces/detected_unhappy/0503_face0.png,Black,Indian,Male,30-39,"[0.01983483 0.5201442  0.09366649 0.00886369 0.02696738 0.29267383
 0.03784944]",[0.00404277 0.4445574  0.04206391 0.5093359 ],[0.84944373 0.1505563 ],"[1.0808754e-04 3.7110369e-03 2.1839399e-02 3.9729840e-01 4.5676994e-01
 1.1101748e-01 8.6433673e-03 5.2124733e-04 9.1073787e-05]",Black,20-39,1.0
/scratch/project_462000771/mengting/projects/bias/Wan2.1/prompt2/selected_faces/detected_unhappy/unhappy_person_0504_face0.png,White,White,Female,10-19,"[9.9452293e-01 3.6484272e-07 3.2215586e-03 3.0242158e-05 7.7142628e-05
 2.2519594e-05 2.1252348e-03]",[9.9883193e-01 3.7441941e-06 5.5651410e-05 1.1087015e-03],[0.07127997 0.92872006],"[1.22648935e-05 2.14182977e-02 3.80070627e-01 2.47511268e-01
 1.86907560e-01 1.54663473e-01 8.85651819e-03 4.23087011e-04
 1.36936986e-04]",White,10-19,
/scratch/project_462000771/mengting/projects/bias/Wan2.1/prompt2/selected_faces/detected_unhappy/unhappy_person_0505_face0.png,White,White,Male,30-39,"[8.3683121e-01 4.7816109e-05 7.4754089e-02 7.2631855e-03 4.6211747e-03
 3.5705613e-03 7.2911993e-02]",[9.9279892e-01 1.7015491e-05 1.0560271e-03 6.1280150e-03],[9.9984163e-01 1.5836357e-04],"[4.2814841e-06 3.2643180e-05 3.3132909e-04 6.7725539e-02 6.8781435e-01
 2.3972374e-01 4.3214164e-03 4.5366818e-05 1.2348055e-06]",White,20-39,
/scratch/project_462000771/mengting/projects/bias/Wan2.1/prompt2/selected_faces/detected_unhappy/unhappy_person_0506_face0.png,White,Asian,Female,30-39,"[5.8234608e-01 2.0048137e-04 1.4807408e-01 1.2181666e-01 5.6935113e-02
 1.3572691e-03 8.9270271e-02]",[0.26169974 0.00262498 0.57266057 0.16301471],[0.00202716 0.99797285],"[1.83383645e-06 6.79985824e-05 3.88366706e-03 1.22954845e-01
 4.98271614e-01 3.10112774e-01 6.02618866e-02 4.30416549e-03
 1.41181285e-04]",White,20-39,
/scratch/project_462000771/mengting/projects/bias/Wan2.1/prompt2/selected_faces/detected_unhappy/unhappy_person_0507_face0.png,White,White,Female,40-49,"[8.49049091e-01 4.66187566e-06 3.64203192e-02 1.58396251e-05
 5.05222088e-05 9.03928303e-04 1.13555536e-01]",[9.9751526e-01 4.6424157e-05 2.7288261e-04 2.1654926e-03],[0.00206849 0.9979315 ],"[8.6932332e-08 1.8440969e-06 3.3672096e-04 2.1424811e-02 2.3388577e-01
 5.7476181e-01 1.6434439e-01 4.8776502e-03 3.6696938e-04]",White,40-59,
/scratch/project_462001220/mengting/projects_771/bias/Wan2.1/prompt2/complete_selected_faces/detected_unhappy/0508_face0.png,White,White,Female,20-29,"[9.3201345e-01 4.6994405e-06 2.7986597e-03 2.4894873e-02 1.9019530e-03
 6.1881772e-05 3.8324568e-02]",[9.5063090e-01 2.5044830e-04 4.2216826e-02 6.9017676e-03],[0.00437113 0.99562883],"[2.7523798e-04 2.2320801e-02 5.6064215e-02 3.4653801e-01 2.5931367e-01
 2.4558842e-01 6.2048275e-02 4.8417128e-03 3.0096555e-03]",White,20-39,0.0
/scratch/project_462000771/mengting/projects/bias/Wan2.1/prompt2/selected_faces/detected_unhappy/unhappy_person_0509_face0.png,White,White,Male,20-29,"[8.9207524e-01 2.2413049e-04 4.2691644e-02 3.9472803e-04 1.1899908e-03
 3.3500288e-03 6.0074195e-02]",[9.9540216e-01 3.0619754e-05 1.3592490e-04 4.4312626e-03],[0.9983905  0.00160949],"[1.3042642e-05 9.1782177e-04 3.8156502e-02 5.7950139e-01 3.3911368e-01
 4.1498542e-02 7.7583868e-04 2.2067898e-05 1.0809608e-06]",White,20-39,
/scratch/project_462000771/mengting/projects/bias/Wan2.1/prompt2/selected_faces/detected_unhappy/unhappy_person_0510_face0.png,White,White,Male,30-39,"[6.4780915e-01 6.4539214e-05 1.5513270e-01 1.8335275e-04 2.7518597e-04
 1.0436977e-02 1.8609810e-01]",[9.9497640e-01 2.0142934e-05 4.2447666e-04 4.5790388e-03],[9.9996525e-01 3.4703087e-05],"[3.2125029e-06 1.3969462e-05 1.9300557e-04 3.6308821e-02 6.6976541e-01
 2.9010603e-01 3.5947161e-03 1.4767101e-05 1.2406693e-07]",White,20-39,
/scratch/project_462000771/mengting/projects/bias/Wan2.1/prompt2/selected_faces/detected_unhappy/unhappy_person_0511_face0.png,White,White,Female,30-39,"[3.3088231e-01 5.2630443e-05 2.5755590e-01 4.8976362e-04 4.6011023e-04
 1.3935824e-01 2.7120101e-01]",[0.53533834 0.00139079 0.00788411 0.4553868 ],[5.0528844e-05 9.9994951e-01],"[5.0190685e-08 5.1939164e-06 2.5603645e-03 1.5158749e-01 5.1419485e-01
 3.1661162e-01 1.4633085e-02 3.9719421e-04 1.0127443e-05]",White,20-39,
/scratch/project_462000771/mengting/projects/bias/Wan2.1/prompt2/selected_faces/detected_unhappy/unhappy_person_0512_face0.png,White,White,Male,30-39,"[0.54325384 0.00170803 0.300035   0.01198208 0.0126651  0.05982251
 0.07053351]",[0.9084207  0.0010535  0.02901915 0.06150666],[9.9982977e-01 1.7025656e-04],"[6.7632056e-05 2.2827009e-04 7.2229584e-04 1.1129615e-01 6.8481076e-01
 1.9800615e-01 4.8154141e-03 5.1703599e-05 1.5554245e-06]",White,20-39,
/scratch/project_462001220/mengting/projects_771/bias/Wan2.1/prompt2/complete_selected_faces/detected_unhappy/0513_face0.png,White,White,Female,30-39,"[9.1852319e-01 4.9832261e-06 2.5747498e-02 2.7536688e-02 8.2899136e-03
 1.6235610e-04 1.9735467e-02]",[8.8916343e-01 3.2716932e-06 1.1080121e-01 3.2117994e-05],[0.02161336 0.97838664],"[5.4516721e-07 1.4923343e-05 4.9398495e-03 1.5581670e-01 4.4111404e-01
 3.4033340e-01 5.3423226e-02 4.1735172e-03 1.8377801e-04]",White,20-39,1.0
/scratch/project_462000771/mengting/projects/bias/Wan2.1/prompt2/selected_faces/detected_unhappy/unhappy_person_0514_face0.png,White,White,Female,30-39,"[9.9935120e-01 7.7167655e-08 2.0393396e-05 3.8405173e-04 1.4115775e-04
 3.0367070e-07 1.0275049e-04]",[9.9862528e-01 2.0107278e-07 1.3686162e-03 5.9143522e-06],[7.4693578e-04 9.9925303e-01],"[6.4129752e-05 2.5120317e-03 1.6486401e-02 3.4961057e-01 4.1508627e-01
 1.9414975e-01 2.0628983e-02 9.4321737e-04 5.1868323e-04]",White,20-39,
/scratch/project_462000771/mengting/projects/bias/Wan2.1/prompt2/selected_faces/detected_unhappy/unhappy_person_0515_face0.png,Middle Eastern,White,Female,40-49,"[1.8851230e-01 9.7987468e-05 2.5592044e-01 1.2090603e-01 5.0756220e-02
 1.2387885e-01 2.5992823e-01]",[4.8432493e-01 2.9264138e-05 3.6817126e-02 4.7882870e-01],[3.3352416e-04 9.9966651e-01],"[2.1882786e-06 2.1318241e-05 8.2368124e-04 5.3762391e-02 3.4705788e-01
 4.7945628e-01 1.1277801e-01 5.9586028e-03 1.3975450e-04]",Others,40-59,
/scratch/project_462000771/mengting/projects/bias/Wan2.1/prompt2/selected_faces/detected_unhappy/unhappy_person_0516_face0.png,White,White,Male,30-39,"[9.7209221e-01 2.6561911e-05 9.1027794e-03 5.4390912e-05 1.2560263e-04
 4.5411385e-04 1.8144343e-02]",[9.9864185e-01 1.5559664e-05 2.1715528e-05 1.3208510e-03],[9.999380e-01 6.200967e-05],"[1.0029656e-06 2.4865552e-05 1.7185513e-03 3.4253085e-01 6.2678009e-01
 2.8809512e-02 1.3391775e-04 1.2202337e-06 4.1307029e-08]",White,20-39,
/scratch/project_462000771/mengting/projects/bias/Wan2.1/prompt2/selected_faces/detected_unhappy/unhappy_person_0517_face0.png,Latino_Hispanic,Asian,Female,30-39,"[6.6042960e-02 5.5181026e-04 5.7146215e-01 1.9925311e-01 7.9848655e-02
 1.4800698e-02 6.8040632e-02]",[4.3064732e-02 7.3478644e-05 9.4149482e-01 1.5366962e-02],[0.00338185 0.99661815],"[2.9037717e-06 7.0927294e-05 8.6111510e-03 8.6725973e-02 4.6284544e-01
 3.6504176e-01 6.9642268e-02 6.8993857e-03 1.6015758e-04]",Others,20-39,
/scratch/project_462000771/mengting/projects/bias/Wan2.1/prompt2/selected_faces/detected_unhappy/unhappy_person_0518_face0.png,White,White,Male,40-49,"[4.8193794e-01 7.4521423e-04 2.2579653e-02 1.3312796e-04 1.0761567e-03
 3.0053245e-02 4.6347457e-01]",[9.8721170e-01 2.8691781e-04 4.9593262e-03 7.5420956e-03],[0.9943697  0.00563033],"[1.7064711e-05 2.2064001e-04 1.4584372e-03 2.8260469e-02 3.3073613e-01
 5.8612192e-01 5.2291878e-02 8.2222838e-04 7.1371658e-05]",White,40-59,
/scratch/project_462000771/mengting/projects/bias/Wan2.1/prompt2/selected_faces/detected_unhappy/unhappy_person_0519_face0.png,White,White,Male,30-39,"[9.2353064e-01 2.6607613e-05 2.0258121e-02 1.3542400e-03 6.2663853e-04
 8.9584792e-04 5.3307869e-02]",[9.9087518e-01 9.6882235e-05 2.8953732e-03 6.1325105e-03],[9.9983162e-01 1.6838378e-04],"[1.0986525e-06 2.4050551e-05 1.0940466e-03 1.0571467e-01 6.3555819e-01
 2.5051987e-01 7.0098448e-03 7.6729339e-05 1.5683429e-06]",White,20-39,
/scratch/project_462000771/mengting/projects/bias/Wan2.1/prompt2/selected_faces/detected_unhappy/unhappy_person_0520_face0.png,White,White,Female,30-39,"[8.6952960e-01 6.4010499e-05 6.1487932e-02 9.6468092e-04 2.0341200e-03
 1.8368782e-03 6.4082719e-02]",[9.5083618e-01 1.8204338e-04 3.6021215e-03 4.5379661e-02],[0.0041672  0.99583274],"[2.7343765e-06 1.7550525e-04 1.3179046e-02 2.6496950e-01 5.0645715e-01
 1.9539103e-01 1.9024454e-02 7.5563567e-04 4.4872835e-05]",White,20-39,
/scratch/project_462000771/mengting/projects/bias/Wan2.1/prompt2/selected_faces/detected_unhappy/unhappy_person_0521_face0.png,Middle Eastern,White,Female,30-39,"[1.1024340e-01 2.5522046e-05 7.0939772e-02 1.4674930e-03 1.6419314e-03
 1.6866749e-02 7.9881513e-01]",[7.79889584e-01 1.05672094e-04 1.04013560e-02 2.09603295e-01],[4.1132826e-05 9.9995893e-01],"[2.0331856e-07 7.3478714e-06 1.8724962e-03 1.4949471e-01 5.2191055e-01
 2.9851818e-01 2.7260220e-02 9.0576994e-04 3.0505062e-05]",White,20-39,
/scratch/project_462000771/mengting/projects/bias/Wan2.1/prompt2/selected_faces/detected_unhappy/unhappy_person_0522_face0.png,White,White,Female,30-39,"[6.40759706e-01 1.47221785e-04 2.29315534e-01 4.07103961e-03
 5.16352709e-03 1.36575208e-03 1.19177155e-01]",[9.6884090e-01 2.3486002e-04 2.5987274e-03 2.8325528e-02],[0.00250151 0.99749845],"[2.1148595e-07 1.2987645e-05 1.6482444e-03 6.8543106e-02 5.5402386e-01
 3.4115392e-01 3.3676945e-02 9.1914722e-04 2.1514647e-05]",White,20-39,
/scratch/project_462000771/mengting/projects/bias/Wan2.1/prompt2/selected_faces/detected_unhappy/unhappy_person_0523_face0.png,White,White,Male,30-39,"[8.52881074e-01 4.27881139e-04 1.65957678e-02 3.46008711e-03
 2.82009551e-03 1.29267934e-03 1.22522466e-01]",[9.8897868e-01 1.2916447e-04 1.0159072e-02 7.3308358e-04],[0.9502577 0.0497423],"[3.7366877e-05 2.8156719e-04 7.2356537e-03 1.6941242e-01 4.5267454e-01
 3.2864618e-01 3.7246231e-02 3.7142856e-03 7.5173390e-04]",White,20-39,
/scratch/project_462000771/mengting/projects/bias/Wan2.1/prompt2/selected_faces/detected_unhappy/unhappy_person_0524_face0.png,White,White,Male,50-59,"[7.5869840e-01 2.7655967e-04 1.3205105e-01 1.6054573e-03 3.0378285e-03
 2.2960056e-03 1.0203464e-01]",[9.85494792e-01 3.86172993e-04 1.17439935e-02 2.37503159e-03],[0.9922976  0.00770247],"[6.3459543e-06 1.6864386e-05 2.1386004e-04 1.0273327e-03 2.3775388e-02
 2.8275588e-01 6.3997787e-01 5.0425597e-02 1.8007847e-03]",White,40-59,
/scratch/project_462000771/mengting/projects/bias/Wan2.1/prompt2/selected_faces/detected_unhappy/unhappy_person_0525_face0.png,White,White,Male,30-39,"[9.9490726e-01 1.9073499e-07 1.6871194e-04 5.3933095e-06 1.8154205e-05
 5.5936493e-06 4.8947409e-03]",[9.9999011e-01 1.9942996e-07 4.5834036e-06 5.1088773e-06],[0.9917691  0.00823089],"[3.51003649e-07 2.46822165e-05 1.21151395e-02 3.54508936e-01
 4.08828288e-01 2.10387230e-01 1.37068918e-02 3.97364871e-04
 3.10975120e-05]",White,20-39,
/scratch/project_462000771/mengting/projects/bias/Wan2.1/prompt2/selected_faces/detected_unhappy/unhappy_person_0526_face0.png,White,White,Male,30-39,"[7.8508359e-01 2.6804302e-05 1.3041526e-02 6.9810838e-02 6.9659092e-03
 2.7378905e-04 1.2479753e-01]",[9.8861510e-01 2.6228674e-06 1.1017799e-02 3.6449477e-04],[0.9985897  0.00141033],"[2.8955626e-06 5.5082179e-05 9.5665455e-03 1.5761870e-01 5.2561331e-01
 2.8403208e-01 2.1688022e-02 1.4016408e-03 2.1737556e-05]",White,20-39,
/scratch/project_462000771/mengting/projects/bias/Wan2.1/prompt2/selected_faces/detected_unhappy/unhappy_person_0527_face0.png,White,White,Male,40-49,"[9.2658526e-01 1.3944849e-04 4.7653210e-03 4.7130241e-05 1.3389066e-04
 5.4908561e-04 6.7779906e-02]",[9.9234319e-01 6.6366122e-04 8.9821778e-04 6.0949395e-03],[0.99788004 0.00211995],"[1.7218747e-06 1.1627450e-05 3.2066522e-04 2.9939653e-02 4.2626110e-01
 4.9004310e-01 5.2521024e-02 8.3927857e-04 6.1723767e-05]",White,40-59,
/scratch/project_462000771/mengting/projects/bias/Wan2.1/prompt2/selected_faces/detected_unhappy/unhappy_person_0528_face0.png,White,White,Male,20-29,"[9.9675238e-01 4.0628160e-07 1.2118748e-03 3.7981590e-05 3.3635934e-05
 4.5193799e-05 1.9185373e-03]",[9.9951982e-01 3.7456771e-06 2.8397507e-04 1.9231996e-04],[9.9962360e-01 3.7637725e-04],"[2.5360902e-09 1.9673055e-07 5.7380617e-04 7.1296704e-01 2.8163615e-01
 4.8109195e-03 1.1878971e-05 6.7185404e-08 2.2953783e-09]",White,20-39,
/scratch/project_462000771/mengting/projects/bias/Wan2.1/prompt2/selected_faces/detected_unhappy/unhappy_person_0529_face0.png,White,White,Female,20-29,"[4.8810777e-01 1.9134339e-05 8.1825601e-03 3.2626975e-01 6.4880118e-02
 2.7490377e-03 1.0979168e-01]",[5.6859660e-01 2.2717046e-04 3.9637017e-01 3.4806084e-02],[0.1220035  0.87799644],"[0.00290036 0.0225531  0.07470911 0.3529165  0.27032414 0.21919316
 0.04316251 0.01012712 0.00411414]",White,20-39,
/scratch/project_462000771/mengting/projects/bias/Wan2.1/prompt2/selected_faces/detected_unhappy/unhappy_person_0530_face0.png,Black,Black,Female,30-39,"[3.8569965e-06 9.9721837e-01 4.8917893e-04 9.4242714e-05 1.7503533e-03
 4.3955276e-04 4.5675420e-06]",[1.06408415e-05 9.85724092e-01 1.26135955e-02 1.65161001e-03],[0.0060209 0.9939791],"[5.4052393e-06 1.3799431e-04 3.6090568e-03 7.4611522e-02 3.8804939e-01
 3.2300422e-01 1.9303305e-01 1.6059268e-02 1.4901656e-03]",Black,20-39,
/scratch/project_462000771/mengting/projects/bias/Wan2.1/prompt2/selected_faces/detected_unhappy/unhappy_person_0531_face0.png,White,White,Female,20-29,"[9.3806773e-01 9.2691689e-06 3.5036411e-03 1.3672820e-05 3.3189404e-05
 2.8015673e-04 5.8092173e-02]",[9.9923581e-01 2.2271417e-05 3.3528846e-05 7.0846855e-04],[0.15565206 0.84434795],"[3.8455778e-06 5.0320034e-04 4.7832299e-02 3.8606259e-01 2.8297493e-01
 2.5248951e-01 2.8361790e-02 1.5034048e-03 2.6837643e-04]",White,20-39,
/scratch/project_462000771/mengting/projects/bias/Wan2.1/prompt2/selected_faces/detected_unhappy/unhappy_person_0532_face0.png,White,White,Female,30-39,"[9.4486892e-01 1.6214226e-04 1.4976376e-02 3.8954671e-04 4.0337787e-04
 8.9413818e-04 3.8305562e-02]",[0.9863419  0.00117693 0.00666244 0.00581874],[0.18718012 0.81281984],"[1.9042976e-05 3.3704203e-04 1.2829861e-02 2.8024921e-01 3.8295963e-01
 2.5191543e-01 6.3172206e-02 6.7594056e-03 1.7581949e-03]",White,20-39,
/scratch/project_462001220/mengting/projects_771/bias/Wan2.1/prompt2/complete_selected_faces/detected_unhappy/0533_face0.png,Latino_Hispanic,White,Female,30-39,"[1.8218534e-01 2.8651211e-04 5.0349259e-01 1.2492972e-01 3.7595343e-02
 1.0124414e-02 1.4138611e-01]",[0.6044764  0.00260005 0.09928922 0.2936344 ],[0.00226402 0.997736  ],"[2.4046151e-06 1.7541068e-04 1.9209109e-02 3.1002069e-01 5.0281554e-01
 1.4393087e-01 2.2691742e-02 1.1109356e-03 4.3434193e-05]",Others,20-39,0.0
/scratch/project_462000771/mengting/projects/bias/Wan2.1/prompt2/selected_faces/detected_unhappy/unhappy_person_0534_face0.png,White,White,Female,20-29,"[0.526708   0.01181126 0.11560329 0.13792585 0.13201426 0.036055
 0.03988238]",[0.48999235 0.04450725 0.2723996  0.19310081],[0.38182673 0.61817324],"[1.5609057e-04 1.7346679e-03 2.0493429e-02 3.1383538e-01 1.4835891e-01
 1.2754358e-01 8.1318401e-02 1.1995337e-01 1.8660623e-01]",White,20-39,
/scratch/project_462000771/mengting/projects/bias/Wan2.1/prompt2/selected_faces/detected_unhappy/unhappy_person_0535_face0.png,Middle Eastern,White,Male,50-59,"[0.44130147 0.00283231 0.08839124 0.00230665 0.00237815 0.01110425
 0.451686  ]",[9.9365932e-01 3.4418819e-04 4.0271747e-04 5.5938023e-03],[0.9156543 0.0843457],"[1.21212564e-04 4.54484718e-04 9.84510593e-03 1.24518640e-01
 1.77267268e-01 2.67943770e-01 2.88634449e-01 9.89940688e-02
 3.22209895e-02]",White,40-59,
/scratch/project_462000771/mengting/projects/bias/Wan2.1/prompt2/selected_faces/detected_unhappy/unhappy_person_0536_face0.png,White,White,Male,30-39,"[9.2026365e-01 6.8431269e-05 3.3795487e-02 4.2463915e-05 8.9019639e-05
 1.7927950e-03 4.3948174e-02]",[9.9814904e-01 2.9329542e-05 2.0427399e-04 1.6173655e-03],[9.9973124e-01 2.6878176e-04],"[5.4779815e-07 1.3351520e-05 5.5316178e-04 1.8669610e-01 7.5582218e-01
 5.6691632e-02 2.2151020e-04 1.6111283e-06 3.3914652e-08]",White,20-39,
/scratch/project_462000771/mengting/projects/bias/Wan2.1/prompt2/selected_faces/detected_unhappy/unhappy_person_0537_face0.png,White,White,Male,30-39,"[4.0633610e-01 7.7683704e-05 2.4180946e-01 1.2491839e-02 1.6436031e-02
 1.1788404e-02 3.1106052e-01]",[8.8379455e-01 3.3645096e-04 6.6585943e-02 4.9283009e-02],[0.99690264 0.00309743],"[3.5668614e-07 7.4198010e-06 2.3028485e-03 2.2080624e-01 5.5620259e-01
 2.0820878e-01 1.2166775e-02 2.8804451e-04 1.6913702e-05]",White,20-39,
/scratch/project_462000771/mengting/projects/bias/Wan2.1/prompt2/selected_faces/detected_unhappy/unhappy_person_0538_face0.png,Black,Black,Male,30-39,"[0.00293201 0.648522   0.10129781 0.07965888 0.16097455 0.00580314
 0.00081158]",[0.00194777 0.95597327 0.03461502 0.00746391],[0.5488337  0.45116624],"[3.3928198e-05 1.7034792e-03 6.1210230e-02 2.8808209e-01 3.1180200e-01
 2.4485192e-01 7.5253986e-02 1.4399466e-02 2.6628606e-03]",Black,20-39,
/scratch/project_462000771/mengting/projects/bias/Wan2.1/prompt2/selected_faces/detected_unhappy/unhappy_person_0539_face0.png,White,White,Male,30-39,"[9.5006841e-01 1.1270874e-04 1.4458978e-02 3.5813416e-04 4.5313098e-04
 9.8234671e-04 3.3566330e-02]",[0.9199322  0.00239474 0.01338246 0.06429061],[9.9985409e-01 1.4595337e-04],"[7.1075414e-07 1.5353688e-05 7.4388337e-04 2.0773211e-01 7.1830380e-01
 7.2526425e-02 6.6956453e-04 7.7533123e-06 3.6914926e-07]",White,20-39,
/scratch/project_462000771/mengting/projects/bias/Wan2.1/prompt2/selected_faces/detected_unhappy/unhappy_person_0540_face0.png,White,White,Female,30-39,"[9.8796248e-01 1.2369296e-05 2.7242547e-03 4.3383425e-05 2.2718030e-05
 1.0961084e-04 9.1252131e-03]",[9.9969685e-01 3.1487732e-05 1.2695180e-04 1.4471241e-04],[0.00232974 0.99767023],"[4.3505747e-07 8.6176633e-06 1.3562000e-03 1.8380496e-01 5.5955029e-01
 2.4433944e-01 1.0675612e-02 2.5551274e-04 8.8582647e-06]",White,20-39,
/scratch/project_462001220/mengting/projects_771/bias/Wan2.1/prompt2/complete_selected_faces/detected_unhappy/0541_face0.png,White,White,Male,30-39,"[8.6350346e-01 3.8722536e-04 4.5779876e-02 1.9967821e-04 3.3578937e-04
 4.4255522e-03 8.5368492e-02]",[9.8031187e-01 3.0953673e-04 8.3536288e-04 1.8543195e-02],[9.999765e-01 2.352013e-05],"[1.8614148e-06 5.2532314e-06 5.5268549e-05 4.3897133e-02 7.5241649e-01
 2.0205866e-01 1.5567848e-03 8.5775009e-06 1.5101628e-07]",White,20-39,1.0
/scratch/project_462000771/mengting/projects/bias/Wan2.1/prompt2/selected_faces/detected_unhappy/unhappy_person_0542_face0.png,White,White,Male,20-29,"[9.7392404e-01 6.8520244e-06 1.9141866e-03 2.4068381e-03 6.3579838e-04
 3.5577666e-04 2.0756457e-02]",[9.9821502e-01 9.9698264e-06 1.5983783e-03 1.7666318e-04],[9.9997938e-01 2.0628557e-05],"[3.95713050e-06 1.20941506e-04 1.34938667e-02 7.72785485e-01
 2.09760264e-01 3.81304743e-03 2.17863035e-05 5.87447289e-07
 1.59114055e-08]",White,20-39,
/scratch/project_462000771/mengting/projects/bias/Wan2.1/prompt2/selected_faces/detected_unhappy/unhappy_person_0543_face0.png,Latino_Hispanic,Asian,Female,20-29,"[0.18952858 0.00095644 0.2977063  0.23899649 0.18320279 0.03199035
 0.057619  ]",[0.32148919 0.00238343 0.43864793 0.2374794 ],[0.10584047 0.8941595 ],"[1.5203262e-05 7.7694119e-04 6.0547702e-02 5.0041109e-01 2.6573026e-01
 1.3036756e-01 3.1729087e-02 7.7282372e-03 2.6938550e-03]",Others,20-39,
/scratch/project_462000771/mengting/projects/bias/Wan2.1/prompt2/selected_faces/detected_unhappy/unhappy_person_0544_face0.png,White,White,Male,30-39,"[8.8267970e-01 8.0005563e-04 8.5608810e-02 6.8607414e-03 5.3474675e-03
 1.7056306e-03 1.6997594e-02]",[0.9149562  0.01218758 0.06213246 0.01072371],[9.99407e-01 5.93019e-04],"[1.10499226e-04 2.14373204e-03 8.38050805e-03 1.92423940e-01
 5.44702053e-01 2.36699030e-01 1.50392978e-02 4.73700813e-04
 2.72094585e-05]",White,20-39,
/scratch/project_462000771/mengting/projects/bias/Wan2.1/prompt2/selected_faces/detected_unhappy/unhappy_person_0545_face0.png,East Asian,Asian,Female,30-39,"[4.1980122e-04 7.5732128e-06 2.0171448e-03 7.4236935e-01 2.5177965e-01
 3.3406806e-03 6.5700966e-05]",[2.3133655e-04 2.6686688e-05 9.8412377e-01 1.5618199e-02],[2.2321146e-04 9.9977678e-01],"[1.3443960e-05 5.6075875e-04 1.1205004e-02 1.7524004e-01 4.8554915e-01
 2.7632409e-01 4.6288218e-02 4.6752426e-03 1.4408235e-04]",Asian,20-39,
/scratch/project_462000771/mengting/projects/bias/Wan2.1/prompt2/selected_faces/detected_unhappy/unhappy_person_0546_face0.png,East Asian,Asian,Female,40-49,"[8.3277989e-03 1.0606537e-05 1.1839023e-02 8.3380604e-01 1.4101823e-01
 3.7224151e-04 4.6261158e-03]",[4.56183124e-03 1.09923371e-06 9.95316029e-01 1.21022575e-04],[1.8584014e-04 9.9981415e-01],"[1.5437687e-05 5.3982239e-04 2.3143878e-03 1.9827750e-02 1.0901633e-01
 3.4047949e-01 3.3361697e-01 1.6934842e-01 2.4841372e-02]",Asian,40-59,
/scratch/project_462000771/mengting/projects/bias/Wan2.1/prompt2/selected_faces/detected_unhappy/unhappy_person_0547_face0.png,Black,Indian,Male,30-39,"[8.8370102e-04 6.6293794e-01 1.9284983e-01 6.7863883e-03 9.0354025e-02
 4.5851633e-02 3.3651083e-04]",[0.0005666  0.37017924 0.22658916 0.40266505],[9.9999648e-01 3.4759203e-06],"[2.64892951e-05 1.14568116e-04 5.47656091e-04 5.07446378e-02
 4.88386780e-01 4.30649579e-01 2.89314128e-02 5.83470217e-04
 1.54393947e-05]",Black,20-39,
/scratch/project_462000771/mengting/projects/bias/Wan2.1/prompt2/selected_faces/detected_unhappy/unhappy_person_0548_face0.png,White,Asian,Male,30-39,"[0.5908051  0.00603085 0.27407718 0.0180766  0.01885826 0.05588667
 0.03626542]",[0.22429354 0.00128759 0.760995   0.01342385],[9.9995798e-01 4.2088413e-05],"[5.7317465e-07 1.1768291e-05 2.4507085e-03 4.4313842e-01 5.1368940e-01
 4.0005993e-02 6.7963841e-04 2.2786577e-05 7.1568508e-07]",White,20-39,
/scratch/project_462000771/mengting/projects/bias/Wan2.1/prompt2/selected_faces/detected_unhappy/unhappy_person_0549_face0.png,White,White,Female,30-39,"[6.9953889e-01 3.8181846e-05 3.4281634e-02 2.8299217e-05 4.6450161e-05
 6.6850618e-03 2.5938150e-01]",[8.9449662e-01 1.0528591e-03 7.8000705e-04 1.0367055e-01],[7.1319926e-05 9.9992871e-01],"[1.4563796e-08 8.1542856e-07 8.6189643e-04 1.6533653e-01 5.3582668e-01
 2.8055090e-01 1.7013304e-02 3.9585290e-04 1.4017606e-05]",White,20-39,
/scratch/project_462001220/mengting/projects_771/bias/Wan2.1/prompt2/complete_selected_faces/detected_unhappy/0550_face0.png,Latino_Hispanic,Indian,Male,30-39,"[0.06066476 0.00151159 0.4595579  0.00288577 0.00673282 0.27178204
 0.19686513]",[0.2768904  0.00230109 0.2563454  0.4644631 ],[0.9988621  0.00113785],"[1.0369514e-04 2.7337141e-04 1.7752487e-03 1.7502797e-01 6.4959884e-01
 1.6747060e-01 5.6035127e-03 1.4229314e-04 4.4699445e-06]",Others,20-39,1.0
/scratch/project_462000771/mengting/projects/bias/Wan2.1/prompt2/selected_faces/detected_unhappy/unhappy_person_0551_face0.png,White,White,Female,20-29,"[0.75582206 0.00080844 0.16891168 0.00177159 0.00153392 0.00277368
 0.06837857]",[0.952023   0.00147544 0.02808367 0.01841785],[0.00796437 0.9920356 ],"[6.7623760e-06 6.2311126e-04 3.2603797e-02 5.1055413e-01 3.8936391e-01
 6.2734798e-02 3.9547393e-03 1.4260820e-04 1.6131678e-05]",White,20-39,
/scratch/project_462000771/mengting/projects/bias/Wan2.1/prompt2/selected_faces/detected_unhappy/unhappy_person_0552_face0.png,East Asian,Asian,Female,20-29,"[0.2010369  0.00392356 0.04204033 0.58495677 0.13477722 0.007793
 0.02547226]",[0.02046333 0.00699436 0.9308145  0.04172781],[0.34381962 0.6561804 ],"[4.6268939e-05 3.4215166e-03 6.6657439e-02 6.7537028e-01 1.9845350e-01
 4.5923170e-02 7.0682219e-03 1.8337885e-03 1.2257854e-03]",Asian,20-39,
/scratch/project_462000771/mengting/projects/bias/Wan2.1/prompt2/selected_faces/detected_unhappy/unhappy_person_0553_face0.png,White,White,Female,20-29,"[9.4750267e-01 4.6736724e-05 2.5585514e-02 8.5809696e-03 7.1577565e-03
 6.6213647e-04 1.0464241e-02]",[9.7535247e-01 4.6373866e-04 1.5112298e-02 9.0715559e-03],[0.01987962 0.98012036],"[7.7528875e-07 1.0732919e-04 1.6850995e-02 4.8148715e-01 3.8136855e-01
 1.1364525e-01 6.1407117e-03 3.3244007e-04 6.6738947e-05]",White,20-39,
/scratch/project_462000771/mengting/projects/bias/Wan2.1/prompt2/selected_faces/detected_unhappy/unhappy_person_0554_face0.png,White,White,Male,30-39,"[9.63691413e-01 1.17883865e-04 1.26993898e-02 2.42074620e-05
 5.90211166e-05 6.24822336e-04 2.27831844e-02]",[9.9919218e-01 6.5080865e-05 1.4127705e-04 6.0147641e-04],[9.992192e-01 7.808281e-04],"[4.4798658e-06 4.4859004e-05 1.6210817e-03 1.4247163e-01 5.8939451e-01
 2.5401562e-01 1.2151711e-02 2.7957768e-04 1.6620754e-05]",White,20-39,
/scratch/project_462000771/mengting/projects/bias/Wan2.1/prompt2/selected_faces/detected_unhappy/unhappy_person_0555_face0.png,White,White,Male,40-49,"[9.6559060e-01 3.8900864e-05 7.9153664e-03 6.4045086e-04 9.1660774e-04
 3.1077140e-04 2.4587270e-02]",[9.9934679e-01 3.0730214e-05 5.1585061e-04 1.0661593e-04],[9.9973482e-01 2.6518418e-04],"[4.1503936e-06 2.2001392e-05 2.9003658e-04 1.4014458e-02 2.7271959e-01
 5.9229040e-01 1.1772772e-01 2.7543211e-03 1.7738856e-04]",White,40-59,
/scratch/project_462000771/mengting/projects/bias/Wan2.1/prompt2/selected_faces/detected_unhappy/unhappy_person_0556_face0.png,White,White,Male,20-29,"[9.9577618e-01 3.0824453e-06 1.4561539e-03 3.3435030e-05 7.2433009e-05
 2.0799675e-05 2.6379363e-03]",[9.9946445e-01 4.0964769e-06 3.4594763e-04 1.8549927e-04],[0.99073803 0.009262  ],"[9.7212778e-06 9.4737514e-04 3.5416603e-02 4.7580004e-01 4.3020806e-01
 5.6695592e-02 9.1345212e-04 8.7897570e-06 3.7890302e-07]",White,20-39,
/scratch/project_462000771/mengting/projects/bias/Wan2.1/prompt2/selected_faces/detected_unhappy/unhappy_person_0557_face0.png,White,White,Female,30-39,"[5.8221972e-01 1.9104576e-04 2.1041372e-01 9.9313542e-02 5.7076462e-02
 2.8808727e-03 4.7904514e-02]",[8.9671582e-01 2.0606889e-04 7.6933347e-02 2.6144661e-02],[0.0025492  0.99745077],"[9.9978149e-07 3.2080174e-05 2.2725672e-03 1.1073743e-01 4.9386120e-01
 3.3771244e-01 4.8978396e-02 5.9842649e-03 4.2058169e-04]",White,20-39,
/scratch/project_462000771/mengting/projects/bias/Wan2.1/prompt2/selected_faces/detected_unhappy/unhappy_person_0558_face0.png,White,White,Female,40-49,"[8.8157576e-01 4.7909693e-06 2.7629606e-02 7.4715406e-04 1.0440306e-04
 1.2353143e-04 8.9814767e-02]",[9.9462050e-01 2.2158343e-05 3.5542403e-03 1.8030895e-03],[4.7231624e-05 9.9995279e-01],"[6.1725792e-08 1.2321682e-06 2.3932641e-04 1.9450348e-02 2.2338359e-01
 5.7192677e-01 1.7154481e-01 1.2777623e-02 6.7634525e-04]",White,40-59,
/scratch/project_462001220/mengting/projects_771/bias/Wan2.1/prompt2/complete_selected_faces/detected_unhappy/0559_face0.png,White,Asian,Male,20-29,"[3.9990833e-01 1.1347079e-04 2.6235670e-02 3.0729127e-01 1.5962195e-01
 4.3531451e-02 6.3297905e-02]",[0.44649914 0.00304759 0.4791847  0.07126853],[0.5014676 0.4985324],"[3.0758762e-04 1.8716460e-02 1.5264764e-01 5.0036323e-01 1.7112002e-01
 1.1972611e-01 1.9737320e-02 1.0671617e-02 6.7100739e-03]",White,20-39,0.0
/scratch/project_462001220/mengting/projects_771/bias/Wan2.1/prompt2/complete_selected_faces/detected_unhappy/0560_face0.png,White,White,Male,20-29,"[6.3068116e-01 1.8796368e-04 7.4501365e-02 1.1909279e-02 5.6347465e-03
 2.7798237e-02 2.4928732e-01]",[9.5735735e-01 2.3137853e-05 3.6510412e-02 6.1091324e-03],[9.9986446e-01 1.3554018e-04],"[1.9057597e-06 3.7887457e-04 5.0999224e-02 7.4168116e-01 1.9941543e-01
 7.3934672e-03 1.2414571e-04 5.6204476e-06 2.5048411e-07]",White,20-39,1.0
/scratch/project_462000771/mengting/projects/bias/Wan2.1/prompt2/selected_faces/detected_unhappy/unhappy_person_0561_face0.png,White,White,Male,50-59,"[8.8424879e-01 4.3711267e-04 6.6653460e-02 1.7335091e-03 1.5949764e-03
 2.6858784e-03 4.2646185e-02]",[9.9026257e-01 2.7907069e-04 2.1742785e-03 7.2841174e-03],[9.9964195e-01 3.5801600e-04],"[7.3636670e-06 1.0115666e-05 1.4535421e-04 2.8174659e-03 6.4972334e-02
 4.3791351e-01 4.7571856e-01 1.8019650e-02 3.9569338e-04]",White,40-59,
/scratch/project_462000771/mengting/projects/bias/Wan2.1/prompt2/selected_faces/detected_unhappy/unhappy_person_0562_face0.png,White,White,Male,20-29,"[0.6833937  0.00136874 0.07054242 0.16850145 0.03378369 0.00230359
 0.04010637]",[7.3424166e-01 2.3569545e-04 2.6460597e-01 9.1670529e-04],[0.6847666 0.3152334],"[0.00227059 0.00857502 0.02801414 0.54012644 0.2046119  0.08456351
 0.04759443 0.04237835 0.04186573]",White,20-39,
/scratch/project_462000771/mengting/projects/bias/Wan2.1/prompt2/selected_faces/detected_unhappy/unhappy_person_0563_face0.png,White,White,Male,30-39,"[8.45119178e-01 1.25360923e-04 9.29189324e-02 6.43431340e-05
 1.07871965e-04 1.32311543e-03 6.03412278e-02]",[9.9779505e-01 1.3945338e-04 2.4032441e-04 1.8251553e-03],[9.99999881e-01 1.17704765e-07],"[4.0832436e-08 7.7915143e-07 3.9994251e-04 3.2562071e-01 6.4008099e-01
 3.3754110e-02 1.4274330e-04 7.4188637e-07 6.4924635e-09]",White,20-39,
/scratch/project_462000771/mengting/projects/bias/Wan2.1/prompt2/selected_faces/detected_unhappy/unhappy_person_0564_face0.png,Middle Eastern,White,Female,40-49,"[7.14574754e-02 7.53108361e-06 4.97907624e-02 8.32856967e-05
 1.06955566e-04 6.83109928e-03 8.71722877e-01]",[7.8876692e-01 8.7737179e-05 3.5095729e-03 2.0763578e-01],[1.2969582e-06 9.9999875e-01],"[9.8129380e-09 1.3143366e-06 1.1863590e-03 6.3338421e-02 3.3137760e-01
 5.4205281e-01 6.1035186e-02 9.9019031e-04 1.8104587e-05]",White,40-59,
/scratch/project_462000771/mengting/projects/bias/Wan2.1/prompt2/selected_faces/detected_unhappy/unhappy_person_0565_face0.png,East Asian,Asian,Male,30-39,"[3.1527742e-03 1.3698276e-05 4.5558391e-03 8.0846798e-01 1.8272395e-01
 7.5651123e-04 3.2922576e-04]",[1.5177766e-03 1.5927064e-04 9.9727219e-01 1.0507616e-03],[0.5936115 0.4063885],"[3.4700662e-07 1.9159590e-05 7.9019554e-03 3.2992220e-01 5.5615902e-01
 9.9595219e-02 6.0778647e-03 3.1643128e-04 7.8963767e-06]",Asian,20-39,
/scratch/project_462000771/mengting/projects/bias/Wan2.1/prompt2/selected_faces/detected_unhappy/unhappy_person_0566_face0.png,White,White,Male,30-39,"[9.0963566e-01 3.2935328e-05 2.5863471e-02 1.1016282e-02 2.0986164e-03
 1.5117943e-03 4.9841247e-02]",[9.4217753e-01 7.4856092e-05 5.3849723e-02 3.8978364e-03],[9.9957895e-01 4.2101979e-04],"[2.86400359e-06 1.39584317e-05 1.69821258e-03 1.00930765e-01
 6.27148628e-01 2.60386288e-01 9.64622851e-03 1.70062034e-04
 3.02928333e-06]",White,20-39,
/scratch/project_462000771/mengting/projects/bias/Wan2.1/prompt2/selected_faces/detected_unhappy/unhappy_person_0567_face0.png,White,White,Male,40-49,"[9.4503510e-01 2.0181888e-05 8.1380391e-03 8.6372354e-05 1.5787764e-04
 1.0096441e-03 4.5552805e-02]",[9.5055860e-01 2.0346952e-04 4.0957011e-02 8.2809273e-03],[0.84250164 0.15749834],"[6.5594422e-06 8.1526639e-05 1.2503595e-02 2.2643854e-01 2.2806932e-01
 3.1472561e-01 1.7656721e-01 3.0521691e-02 1.1085910e-02]",White,40-59,
/scratch/project_462001220/mengting/projects_771/bias/Wan2.1/prompt2/complete_selected_faces/detected_unhappy/0568_face0.png,Southeast Asian,Black,Female,30-39,"[0.00322355 0.09395824 0.26771992 0.0309337  0.5163421  0.08597607
 0.00184644]",[0.00305734 0.41226882 0.32656777 0.2581061 ],[0.04048339 0.95951664],"[5.7332891e-05 2.1182303e-03 3.7296623e-02 2.6324099e-01 4.4572490e-01
 1.9781862e-01 4.7580708e-02 5.7274620e-03 4.3513966e-04]",Asian,20-39,1.0
/scratch/project_462000771/mengting/projects/bias/Wan2.1/prompt2/selected_faces/detected_unhappy/unhappy_person_0569_face0.png,Southeast Asian,Indian,Male,10-19,"[7.6408254e-04 7.7536091e-02 6.8938129e-02 1.0841004e-01 4.1567996e-01
 3.2839710e-01 2.7459054e-04]",[0.00205757 0.39280605 0.15505604 0.45008034],[0.9785819  0.02141807],"[6.6704111e-04 2.4495707e-01 4.2217442e-01 2.1328813e-01 7.9154491e-02
 3.6003526e-02 3.3802616e-03 3.0723170e-04 6.7778812e-05]",Asian,10-19,
/scratch/project_462000771/mengting/projects/bias/Wan2.1/prompt2/selected_faces/detected_unhappy/unhappy_person_0570_face0.png,White,White,Female,30-39,"[9.8685074e-01 3.1132869e-05 7.3864888e-03 5.9847446e-04 4.3385645e-04
 8.1233804e-05 4.6180603e-03]",[0.98266894 0.0010118  0.01085709 0.00546222],[5.4400845e-04 9.9945599e-01],"[6.7570102e-07 1.2516891e-04 9.1006644e-03 3.9321586e-01 4.6392530e-01
 1.2670270e-01 6.7063333e-03 1.9053181e-04 3.2813699e-05]",White,20-39,
/scratch/project_462000771/mengting/projects/bias/Wan2.1/prompt2/selected_faces/detected_unhappy/unhappy_person_0571_face0.png,Latino_Hispanic,White,Female,30-39,"[0.20047893 0.03695542 0.6949567  0.00082857 0.00574774 0.020505
 0.04052763]",[0.52716935 0.27799237 0.02950687 0.16533138],[0.03130085 0.96869916],"[1.2233943e-05 1.8319287e-04 1.0001532e-02 1.4737183e-01 4.4251019e-01
 3.0283278e-01 8.8343553e-02 8.2534766e-03 4.9118639e-04]",Others,20-39,
/scratch/project_462000771/mengting/projects/bias/Wan2.1/prompt2/selected_faces/detected_unhappy/unhappy_person_0572_face0.png,East Asian,Asian,Male,20-29,"[0.30037558 0.00184597 0.05535854 0.4775411  0.11228412 0.01068926
 0.04190543]",[0.07361217 0.00218991 0.9170988  0.00709915],[0.967007   0.03299302],"[2.5597998e-04 4.9102504e-02 3.9632195e-01 4.2977428e-01 6.9348030e-02
 4.1565958e-02 1.0490101e-02 2.4472403e-03 6.9394702e-04]",Asian,20-39,
/scratch/project_462000771/mengting/projects/bias/Wan2.1/prompt2/selected_faces/detected_unhappy/unhappy_person_0573_face0.png,Black,Black,Male,30-39,"[7.7336438e-07 9.9971533e-01 5.7151199e-05 5.5427913e-06 1.7547430e-04
 4.5439312e-05 3.5247896e-07]",[3.5433261e-06 9.9947989e-01 2.7833603e-04 2.3825366e-04],[9.9986970e-01 1.3026805e-04],"[1.6657365e-06 4.6032088e-05 1.9821462e-03 1.8086363e-01 4.7232455e-01
 3.0241808e-01 4.0587965e-02 1.4998082e-03 2.7612483e-04]",Black,20-39,
/scratch/project_462000771/mengting/projects/bias/Wan2.1/prompt2/selected_faces/detected_unhappy/unhappy_person_0574_face0.png,White,White,Male,40-49,"[9.9744958e-01 2.1424687e-06 1.0674646e-03 8.0398841e-06 7.6710139e-06
 4.1014428e-05 1.4240961e-03]",[9.9993664e-01 2.9793279e-07 1.1613997e-05 5.1386298e-05],[9.9980366e-01 1.9633480e-04],"[1.2700826e-05 4.3497945e-05 5.7354552e-04 1.3525643e-02 1.8956566e-01
 5.9201527e-01 2.0157789e-01 2.6075623e-03 7.8250960e-05]",White,40-59,
/scratch/project_462000771/mengting/projects/bias/Wan2.1/prompt2/selected_faces/detected_unhappy/unhappy_person_0575_face0.png,Black,Black,Male,30-39,"[2.1883950e-05 9.9467707e-01 7.8394986e-04 9.6967642e-07 1.7586482e-05
 4.4508441e-03 4.7610247e-05]",[1.11973655e-04 9.63794470e-01 1.94624969e-04 3.58989388e-02],[9.9999833e-01 1.6445333e-06],"[1.0347289e-07 9.0657363e-07 1.9945932e-04 9.4436958e-02 6.8680876e-01
 2.1430101e-01 4.2257076e-03 2.6511983e-05 5.4935629e-07]",Black,20-39,
/scratch/project_462000771/mengting/projects/bias/Wan2.1/prompt2/selected_faces/detected_unhappy/unhappy_person_0576_face0.png,Middle Eastern,White,Male,30-39,"[3.6744747e-01 5.4473243e-05 4.5397945e-02 8.5906773e-05 4.5317973e-04
 8.8972291e-03 5.7766384e-01]",[9.5670068e-01 3.9144375e-05 2.2844465e-04 4.3031767e-02],[9.9998486e-01 1.5104019e-05],"[3.7428893e-07 2.3417846e-05 2.1618351e-03 2.9484704e-01 6.6080385e-01
 4.2021260e-02 1.4095085e-04 1.1989930e-06 2.3593582e-08]",White,20-39,
/scratch/project_462001220/mengting/projects_771/bias/Wan2.1/prompt2/complete_selected_faces/detected_unhappy/0577_face0.png,Latino_Hispanic,Indian,Male,20-29,"[0.03038331 0.02196857 0.6454616  0.00496647 0.03060289 0.14135411
 0.1252631 ]",[0.0173331  0.05026932 0.16260964 0.76978797],[0.99759483 0.00240512],"[1.6836671e-05 3.6818342e-04 3.2385681e-02 4.4499350e-01 4.1359895e-01
 9.9506743e-02 8.6505692e-03 4.4444815e-04 3.5102923e-05]",Others,20-39,1.0
/scratch/project_462000771/mengting/projects/bias/Wan2.1/prompt2/selected_faces/detected_unhappy/unhappy_person_0578_face0.png,White,White,Male,40-49,"[6.4271724e-01 9.6505049e-05 1.1382927e-01 7.3184980e-05 5.5692205e-04
 5.4332158e-03 2.3729366e-01]",[9.9619740e-01 3.2441436e-05 5.0604873e-04 3.2641757e-03],[9.9999738e-01 2.5935242e-06],"[1.6359023e-06 1.0288541e-05 6.9069152e-04 1.5487814e-02 2.7939939e-01
 5.9473866e-01 1.0767310e-01 1.9606692e-03 3.7757010e-05]",White,40-59,
/scratch/project_462000771/mengting/projects/bias/Wan2.1/prompt2/selected_faces/detected_unhappy/unhappy_person_0579_face0.png,White,White,Male,30-39,"[5.4227388e-01 7.4010772e-05 5.4755300e-02 1.6303119e-04 2.0015461e-04
 7.8304699e-03 3.9470312e-01]",[9.7848094e-01 3.0567146e-05 3.7929199e-03 1.7695637e-02],[9.9999791e-01 2.0688988e-06],"[6.9304447e-06 3.1735151e-05 6.3367578e-04 8.4340528e-02 6.3953817e-01
 2.7046913e-01 4.9333638e-03 4.5936631e-05 6.1860754e-07]",White,20-39,
/scratch/project_462000771/mengting/projects/bias/Wan2.1/prompt2/selected_faces/detected_unhappy/unhappy_person_0580_face0.png,White,White,Male,40-49,"[9.9463105e-01 6.1237124e-06 1.0112290e-03 2.9928327e-04 1.0772007e-04
 5.4466593e-05 3.8901453e-03]",[9.9846393e-01 2.1558984e-05 7.0389558e-04 8.1062841e-04],[9.9999404e-01 5.9603130e-06],"[1.08135673e-05 1.47180845e-05 1.02648402e-04 8.04895442e-03
 3.15855682e-01 6.07853830e-01 6.75842613e-02 5.21083071e-04
 8.05750187e-06]",White,40-59,
/scratch/project_462000771/mengting/projects/bias/Wan2.1/prompt2/selected_faces/detected_unhappy/unhappy_person_0581_face0.png,White,White,Male,20-29,"[9.76904452e-01 1.08392915e-05 2.02875002e-03 1.05362502e-03
 1.18004088e-03 3.64621548e-04 1.84575375e-02]",[9.8868632e-01 4.0815979e-05 8.6855907e-03 2.5873147e-03],[0.99882555 0.00117451],"[1.7871504e-05 6.4709545e-03 2.4784373e-01 2.6897988e-01 2.0351721e-01
 2.3555224e-01 3.5269223e-02 1.9929835e-03 3.5593039e-04]",White,20-39,
/scratch/project_462000771/mengting/projects/bias/Wan2.1/prompt2/selected_faces/detected_unhappy/unhappy_person_0582_face0.png,White,White,Male,30-39,"[9.4057864e-01 1.3974229e-04 1.6409732e-02 5.6323368e-04 8.7348541e-04
 9.7987254e-04 4.0455334e-02]",[0.94862425 0.00283558 0.02440536 0.02413487],[9.9971342e-01 2.8660113e-04],"[3.8707898e-07 4.9665700e-06 6.7815714e-04 1.1190960e-01 5.7068002e-01
 3.0016372e-01 1.6359577e-02 1.9370679e-04 9.8297542e-06]",White,20-39,
/scratch/project_462000771/mengting/projects/bias/Wan2.1/prompt2/selected_faces/detected_unhappy/unhappy_person_0583_face0.png,Indian,Indian,Male,30-39,"[3.7930969e-02 4.7261856e-04 1.0565929e-01 8.7662756e-06 6.2988605e-05
 7.9092455e-01 6.4940825e-02]",[0.12726532 0.01924583 0.00742378 0.8460651 ],[9.9999344e-01 6.5408985e-06],"[9.9009156e-08 2.2637198e-06 3.1064343e-04 2.2255065e-01 7.4680406e-01
 3.0276978e-02 5.4994158e-05 3.0394330e-07 4.9154711e-09]",Others,20-39,
/scratch/project_462000771/mengting/projects/bias/Wan2.1/prompt2/selected_faces/detected_unhappy/unhappy_person_0584_face0.png,Latino_Hispanic,Indian,Male,30-39,"[0.03664698 0.00970155 0.6557974  0.00439821 0.01410963 0.19379443
 0.0855518 ]",[0.19058132 0.03122317 0.05466761 0.72352797],[9.9997818e-01 2.1790036e-05],"[1.0224810e-04 2.0676099e-04 6.8795023e-04 8.4693730e-02 6.7867869e-01
 2.3056617e-01 5.0176024e-03 4.6141777e-05 6.8605351e-07]",Others,20-39,
/scratch/project_462000771/mengting/projects/bias/Wan2.1/prompt2/selected_faces/detected_unhappy/unhappy_person_0585_face0.png,Latino_Hispanic,Indian,Female,20-29,"[2.1116033e-01 1.7651854e-02 6.4128089e-01 3.1894943e-04 3.1221088e-03
 1.0353979e-01 2.2926059e-02]",[0.03430079 0.03441421 0.0016166  0.9296684 ],[0.01713002 0.98287   ],"[8.2428818e-07 2.0682320e-04 3.1420428e-02 5.3533572e-01 3.9378479e-01
 3.8279116e-02 9.5099001e-04 2.0656762e-05 6.8996968e-07]",Others,20-39,
/scratch/project_462001220/mengting/projects_771/bias/Wan2.1/prompt2/complete_selected_faces/detected_unhappy/0586_face0.png,White,White,Male,40-49,"[9.8878288e-01 3.3063850e-06 2.6111978e-03 1.5873577e-04 9.4698997e-05
 5.7720503e-05 8.2914634e-03]",[9.9821132e-01 2.8550961e-05 1.4523392e-03 3.0782650e-04],[9.9970371e-01 2.9631204e-04],"[1.0621843e-04 6.4210338e-04 3.2403383e-03 3.4350399e-02 4.1439691e-01
 5.0172782e-01 4.5110300e-02 4.1569982e-04 1.0174341e-05]",White,40-59,1.0
/scratch/project_462000771/mengting/projects/bias/Wan2.1/prompt2/selected_faces/detected_unhappy/unhappy_person_0587_face0.png,White,White,Male,30-39,"[9.0133435e-01 4.7677029e-05 3.4007497e-02 1.7437829e-04 3.4088653e-04
 2.5742312e-03 6.1521024e-02]",[9.8582691e-01 1.1880108e-04 3.3464079e-04 1.3719682e-02],[0.9865968  0.01340321],"[7.6132534e-07 2.5436259e-05 1.7295147e-03 2.5029853e-01 6.8415183e-01
 6.3141927e-02 6.4137351e-04 1.0025664e-05 6.2655982e-07]",White,20-39,
/scratch/project_462000771/mengting/projects/bias/Wan2.1/prompt2/selected_faces/detected_unhappy/unhappy_person_0588_face0.png,White,White,Female,40-49,"[8.3574224e-01 9.4612413e-05 2.9540742e-02 2.0989848e-02 1.3617227e-02
 4.2256038e-04 9.9592783e-02]",[9.4579375e-01 8.7459729e-04 5.0357994e-02 2.9736925e-03],[0.00105792 0.9989421 ],"[7.9930476e-05 1.3832959e-03 1.1361005e-02 1.0421051e-01 2.9825503e-01
 4.1151205e-01 1.4468373e-01 2.3484416e-02 5.0300504e-03]",White,40-59,
/scratch/project_462000771/mengting/projects/bias/Wan2.1/prompt2/selected_faces/detected_unhappy/unhappy_person_0589_face0.png,Latino_Hispanic,Indian,Male,20-29,"[1.05190696e-02 1.10349305e-01 4.53182578e-01 9.37947334e-05
 1.80106459e-03 3.38932812e-01 8.51214379e-02]",[0.01150688 0.13870175 0.00163406 0.84815735],[9.9991757e-01 8.2440980e-05],"[2.0004754e-06 5.0846553e-05 7.8851013e-03 5.9316140e-01 3.8264731e-01
 1.6094636e-02 1.5311192e-04 5.4571306e-06 1.5950907e-07]",Others,20-39,
/scratch/project_462000771/mengting/projects/bias/Wan2.1/prompt2/selected_faces/detected_unhappy/unhappy_person_0590_face0.png,White,White,Female,30-39,"[8.1997126e-01 2.5082400e-04 8.2563767e-03 3.5398607e-05 2.1434779e-04
 1.0306032e-03 1.7024112e-01]",[9.9367261e-01 3.1446354e-04 1.3196308e-04 5.8810050e-03],[0.0341931 0.9658069],"[2.3998482e-06 2.4701090e-05 2.8389031e-03 1.5213536e-01 3.8731346e-01
 3.7772539e-01 7.1195275e-02 7.1998802e-03 1.5646303e-03]",White,20-39,
/scratch/project_462000771/mengting/projects/bias/Wan2.1/prompt2/selected_faces/detected_unhappy/unhappy_person_0591_face0.png,White,White,Female,20-29,"[9.7574127e-01 3.0381565e-05 4.8371572e-03 3.0342382e-03 1.6140490e-03
 6.0886428e-05 1.4682159e-02]",[9.9138904e-01 9.1656484e-04 6.9867256e-03 7.0771552e-04],[0.22847728 0.7715227 ],"[1.4738696e-04 6.7149242e-03 1.2427553e-01 3.4602165e-01 1.9274580e-01
 2.0265009e-01 9.9479444e-02 2.1859447e-02 6.1056307e-03]",White,20-39,
/scratch/project_462000771/mengting/projects/bias/Wan2.1/prompt2/selected_faces/detected_unhappy/unhappy_person_0592_face0.png,White,White,Male,30-39,"[9.4201010e-01 1.4538296e-04 3.6391292e-02 2.1475495e-04 2.9746210e-04
 3.5197081e-03 1.7421475e-02]",[0.80005777 0.00747475 0.01122175 0.18124571],[9.9999678e-01 3.1851507e-06],"[1.77577874e-07 1.41235500e-06 2.18191228e-04 1.10421084e-01
 6.73791170e-01 2.06311285e-01 9.17294528e-03 8.22777583e-05
 1.53541896e-06]",White,20-39,
/scratch/project_462000771/mengting/projects/bias/Wan2.1/prompt2/selected_faces/detected_unhappy/unhappy_person_0593_face0.png,Latino_Hispanic,White,Male,40-49,"[0.27623087 0.00120983 0.46354267 0.00152623 0.00386102 0.0401062
 0.21352322]",[0.90610385 0.00481934 0.00637789 0.08269888],[9.9993545e-01 6.4563290e-05],"[1.9167379e-05 4.5328528e-05 7.5240177e-04 5.5942954e-03 9.2506744e-02
 4.6403721e-01 4.2662904e-01 1.0259812e-02 1.5594633e-04]",Others,40-59,
/scratch/project_462000771/mengting/projects/bias/Wan2.1/prompt2/selected_faces/detected_unhappy/unhappy_person_0594_face0.png,White,White,Male,30-39,"[0.78106356 0.02464844 0.1237247  0.00187929 0.00277887 0.03740874
 0.02849631]",[0.83883107 0.01415609 0.00215932 0.14485352],[0.99811697 0.00188299],"[1.2640859e-05 6.1805593e-05 1.8091479e-03 1.3354065e-01 5.9643340e-01
 2.4234487e-01 2.4307502e-02 1.4014585e-03 8.8622175e-05]",White,20-39,
/scratch/project_462000771/mengting/projects/bias/Wan2.1/prompt2/selected_faces/detected_unhappy/unhappy_person_0595_face0.png,White,White,Male,20-29,"[9.4091910e-01 2.3490975e-05 2.3845039e-02 5.6340633e-04 5.3113914e-04
 5.1948254e-04 3.3598326e-02]",[9.9447215e-01 2.1015878e-05 2.7729766e-03 2.7337733e-03],[9.9980915e-01 1.9087641e-04],"[9.40296673e-07 3.24911089e-05 7.77938450e-03 6.40414238e-01
 3.40343744e-01 1.13249514e-02 1.02542755e-04 1.75028038e-06
 5.33182920e-08]",White,20-39,
/scratch/project_462000771/mengting/projects/bias/Wan2.1/prompt2/selected_faces/detected_unhappy/unhappy_person_0596_face0.png,Black,Indian,Male,20-29,"[1.2116205e-02 4.7944671e-01 2.6302838e-01 4.5810055e-04 3.1087454e-03
 1.8815356e-01 5.3688288e-02]",[0.00604662 0.3751276  0.07174961 0.54707617],[0.9566898  0.04331019],"[3.5906764e-04 4.3721285e-02 2.6089263e-01 4.6781915e-01 1.8611093e-01
 3.6282293e-02 4.0915762e-03 6.0702476e-04 1.1613118e-04]",Black,20-39,
/scratch/project_462000771/mengting/projects/bias/Wan2.1/prompt2/selected_faces/detected_unhappy/unhappy_person_0597_face0.png,White,White,Male,50-59,"[4.8708078e-01 1.2207089e-04 2.0350926e-01 1.0937968e-02 2.0028837e-02
 8.5950829e-03 2.6972592e-01]",[0.86704016 0.00087745 0.1029769  0.02910548],[0.7810935  0.21890652],"[1.8859986e-04 1.3658261e-03 1.0157247e-02 8.3122822e-03 7.7636145e-02
 3.2802823e-01 4.8509565e-01 8.0667503e-02 8.5484339e-03]",White,40-59,
/scratch/project_462000771/mengting/projects/bias/Wan2.1/prompt2/selected_faces/detected_unhappy/unhappy_person_0598_face0.png,White,White,Male,40-49,"[9.8600519e-01 5.1717070e-06 4.0180045e-03 1.9383428e-05 2.1540838e-05
 2.4660263e-04 9.6840737e-03]",[9.9951720e-01 6.0908042e-05 1.1459985e-04 3.0726395e-04],[0.9974279  0.00257208],"[4.7082889e-05 2.3494268e-04 1.7847981e-03 1.6113693e-02 1.6047305e-01
 5.8190078e-01 2.3453298e-01 4.6577808e-03 2.5491614e-04]",White,40-59,
/scratch/project_462000771/mengting/projects/bias/Wan2.1/prompt2/selected_faces/detected_unhappy/unhappy_person_0599_face0.png,Latino_Hispanic,Asian,Female,40-49,"[1.2256108e-01 3.0437167e-04 5.7223547e-01 1.7073505e-01 9.1914929e-02
 1.7587913e-02 2.4661241e-02]",[0.1546866  0.00114564 0.8305723  0.01359545],[0.00288967 0.9971103 ],"[1.1352468e-05 1.4618336e-04 1.6964370e-03 2.3121629e-02 1.7988414e-01
 4.6997523e-01 2.9747185e-01 2.7062546e-02 6.3061755e-04]",Others,40-59,
/scratch/project_462000771/mengting/projects/bias/Wan2.1/prompt2/selected_faces/detected_unhappy/unhappy_person_0600_face0.png,East Asian,Asian,Female,20-29,"[6.7186914e-02 9.3172232e-05 7.1029283e-02 4.8861548e-01 1.8891996e-01
 6.9043245e-03 1.7725089e-01]",[3.5589904e-01 1.6076418e-04 6.2484902e-01 1.9091247e-02],[0.2297013 0.7702987],"[1.29900336e-05 7.58130220e-04 5.81503510e-02 5.45325398e-01
 2.47015581e-01 1.14614025e-01 2.35157330e-02 8.44695978e-03
 2.16080574e-03]",Asian,20-39,
/scratch/project_462000771/mengting/projects/bias/Wan2.1/prompt2/selected_faces/detected_unhappy/unhappy_person_0601_face0.png,White,White,Male,30-39,"[7.8253037e-01 4.6239188e-04 1.5946907e-01 1.3537823e-03 1.9061815e-03
 8.8294717e-03 4.5448754e-02]",[9.6973634e-01 6.5933540e-04 9.1982791e-03 2.0406112e-02],[9.999655e-01 3.454297e-05],"[5.0133272e-06 2.1311274e-05 4.2211128e-04 3.1770010e-02 5.3777337e-01
 4.1436797e-01 1.5433246e-02 2.0306291e-04 3.8886906e-06]",White,20-39,
/scratch/project_462001220/mengting/projects_771/bias/Wan2.1/prompt2/complete_selected_faces/detected_unhappy/0602_face0.png,White,White,Male,30-39,"[0.732716   0.04154387 0.08902919 0.00375439 0.00557576 0.01260639
 0.11477435]",[0.7281416  0.09839586 0.1415326  0.03192995],[9.996626e-01 3.373788e-04],"[1.5368287e-06 3.1830565e-05 8.2705810e-04 1.6543360e-01 7.3199177e-01
 9.9755190e-02 1.9204638e-03 3.6272970e-05 2.1817425e-06]",White,20-39,0.0
/scratch/project_462000771/mengting/projects/bias/Wan2.1/prompt2/selected_faces/detected_unhappy/unhappy_person_0603_face0.png,White,White,Male,30-39,"[9.2514539e-01 2.9634110e-05 4.0848702e-02 1.2603611e-03 1.0862942e-03
 3.0075284e-03 2.8622035e-02]",[0.988669   0.0022293  0.00158653 0.00751515],[9.9998093e-01 1.9080253e-05],"[6.9410231e-07 1.9263438e-05 4.0649690e-04 2.0238131e-01 7.2496223e-01
 7.1780451e-02 4.4621844e-04 3.2628507e-06 7.1075057e-08]",White,20-39,
/scratch/project_462000771/mengting/projects/bias/Wan2.1/prompt2/selected_faces/detected_unhappy/unhappy_person_0604_face0.png,White,White,Male,30-39,"[5.0179732e-01 6.1460618e-05 1.4302177e-02 8.8604225e-05 1.4166060e-04
 2.0391007e-03 4.8156968e-01]",[9.7106236e-01 3.7305803e-05 2.6286241e-02 2.6141040e-03],[0.99643725 0.00356275],"[3.3541630e-07 1.8770174e-06 1.9010251e-04 4.6666034e-02 6.5707022e-01
 2.8989136e-01 6.1368933e-03 4.2237087e-05 8.6496141e-07]",White,20-39,
/scratch/project_462000771/mengting/projects/bias/Wan2.1/prompt2/selected_faces/detected_unhappy/unhappy_person_0605_face0.png,White,White,Male,20-29,"[9.7367042e-01 3.4680689e-04 6.1854962e-03 9.4001232e-05 1.5008706e-04
 4.6202852e-04 1.9091196e-02]",[9.9984533e-01 4.4925848e-05 2.8799595e-05 8.0960599e-05],[0.9928439  0.00715605],"[1.1874677e-06 5.0538831e-05 7.1779299e-03 5.8315957e-01 3.8469213e-01
 2.4653908e-02 2.5947858e-04 4.8433367e-06 4.1765173e-07]",White,20-39,
/scratch/project_462001220/mengting/projects_771/bias/Wan2.1/prompt2/complete_selected_faces/detected_unhappy/0606_face0.png,Black,Black,Male,30-39,"[4.3342023e-08 9.9999630e-01 1.3736844e-06 2.1216435e-08 1.7134816e-07
 2.1131914e-06 1.6749079e-08]",[2.8559623e-06 9.9987274e-01 5.5938370e-05 6.8360830e-05],[9.9991161e-01 8.8357076e-05],"[8.3454934e-06 2.8286234e-04 4.6058116e-03 3.7622654e-01 5.2006412e-01
 9.6150219e-02 2.6274773e-03 3.0783638e-05 3.8540570e-06]",Black,20-39,0.0
/scratch/project_462000771/mengting/projects/bias/Wan2.1/prompt2/selected_faces/detected_unhappy/unhappy_person_0607_face0.png,White,White,Male,30-39,"[0.39209908 0.00093175 0.15880895 0.00693609 0.00960414 0.10196945
 0.32965067]",[8.5722446e-01 2.4824549e-04 1.3098025e-01 1.1547079e-02],[0.990774   0.00922607],"[1.9139088e-05 4.2241436e-04 7.2490536e-03 9.9696398e-02 4.3308976e-01
 4.2456573e-01 3.3161893e-02 1.6368009e-03 1.5878624e-04]",White,20-39,
/scratch/project_462000771/mengting/projects/bias/Wan2.1/prompt2/selected_faces/detected_unhappy/unhappy_person_0608_face0.png,East Asian,White,Female,20-29,"[0.10598231 0.00071941 0.1280513  0.5484413  0.20365426 0.00392788
 0.00922344]",[0.58350706 0.00712326 0.27299798 0.13637169],[0.05843637 0.94156367],"[3.25181500e-05 1.71599351e-02 1.18110664e-01 7.16292560e-01
 1.33102611e-01 1.46910036e-02 5.65815542e-04 3.86637184e-05
 6.28508178e-06]",Asian,20-39,
/scratch/project_462000771/mengting/projects/bias/Wan2.1/prompt2/selected_faces/detected_unhappy/unhappy_person_0609_face0.png,Black,Black,Male,20-29,"[1.6429565e-05 9.9812698e-01 5.9721939e-04 4.8737405e-07 8.2777069e-06
 1.1974106e-03 5.3257456e-05]",[5.6554782e-05 9.9214810e-01 5.7799822e-05 7.7375416e-03],[0.9979305  0.00206944],"[6.7124819e-07 9.5209507e-05 2.1318836e-02 6.7831427e-01 2.8257623e-01
 1.7424220e-02 2.6518438e-04 5.1464890e-06 1.9829933e-07]",Black,20-39,
/scratch/project_462000771/mengting/projects/bias/Wan2.1/prompt2/selected_faces/detected_unhappy/unhappy_person_0610_face0.png,White,White,Female,20-29,"[8.1628394e-01 5.9256254e-04 1.5465132e-02 9.3479112e-02 4.8984818e-02
 9.5673604e-04 2.4237631e-02]",[0.5855467  0.00101442 0.40413365 0.00930529],[0.23218244 0.76781756],"[1.0844475e-04 2.5265408e-03 4.6516046e-02 6.3891733e-01 2.3540348e-01
 6.9042847e-02 6.4027184e-03 7.1283354e-04 3.6980226e-04]",White,20-39,
/scratch/project_462000771/mengting/projects/bias/Wan2.1/prompt2/selected_faces/detected_unhappy/unhappy_person_0611_face0.png,Middle Eastern,White,Male,20-29,"[0.18120986 0.01018557 0.12187956 0.0161403  0.01723771 0.0123103
 0.64103675]",[0.5602738  0.04518126 0.26711014 0.12743473],[0.9908982  0.00910184],"[1.1421549e-05 1.9282837e-04 1.7571870e-02 4.2296758e-01 2.8478447e-01
 1.9981115e-01 6.6676661e-02 7.0226435e-03 9.6140354e-04]",White,20-39,
/scratch/project_462000771/mengting/projects/bias/Wan2.1/prompt2/selected_faces/detected_unhappy/unhappy_person_0612_face0.png,White,White,Male,20-29,"[0.69528383 0.00200994 0.05164167 0.11446445 0.06654621 0.01016548
 0.0598884 ]",[0.98157036 0.00170923 0.00525898 0.01146142],[0.8608176  0.13918243],"[2.86286086e-04 1.06159337e-02 1.13075756e-01 5.06605268e-01
 1.38974741e-01 1.31994128e-01 5.40287867e-02 2.86382250e-02
 1.57808848e-02]",White,20-39,
/scratch/project_462000771/mengting/projects/bias/Wan2.1/prompt2/selected_faces/detected_unhappy/unhappy_person_0613_face0.png,Latino_Hispanic,Indian,Female,30-39,"[3.1759234e-03 7.4472614e-02 6.7682362e-01 3.8357344e-03 1.3578774e-01
 1.0545934e-01 4.4501008e-04]",[0.00562607 0.40730506 0.12701668 0.4600522 ],[0.0018816  0.99811846],"[7.9230331e-06 1.4833027e-03 1.3660727e-01 3.8756573e-01 3.9671761e-01
 7.4485764e-02 3.0341079e-03 9.6419499e-05 1.8616288e-06]",Others,20-39,
/scratch/project_462000771/mengting/projects/bias/Wan2.1/prompt2/selected_faces/detected_unhappy/unhappy_person_0614_face0.png,White,White,Female,30-39,"[0.5532189  0.00545084 0.32671207 0.00216507 0.00648444 0.01175983
 0.0942089 ]",[0.745881   0.02967794 0.19703679 0.02740433],[0.16806261 0.83193743],"[1.4714219e-06 2.4319699e-05 2.3349316e-03 5.9613843e-02 4.2832810e-01
 4.0490553e-01 9.9452406e-02 5.1452029e-03 1.9418908e-04]",White,20-39,
/scratch/project_462000771/mengting/projects/bias/Wan2.1/prompt2/selected_faces/detected_unhappy/unhappy_person_0615_face0.png,White,White,Male,30-39,"[9.2402774e-01 8.3690725e-07 1.4806779e-03 1.2061105e-05 2.3098675e-05
 3.3517517e-05 7.4422002e-02]",[9.9998039e-01 1.9773192e-07 6.3485359e-06 1.3101911e-05],[0.9966581  0.00334194],"[1.1111156e-06 1.5656267e-05 1.8587005e-03 1.5025188e-01 6.3945115e-01
 2.0365672e-01 4.6982639e-03 6.3694220e-05 2.8829602e-06]",White,20-39,
/scratch/project_462000771/mengting/projects/bias/Wan2.1/prompt2/selected_faces/detected_unhappy/unhappy_person_0616_face0.png,White,White,Male,20-29,"[0.7497209  0.0017129  0.22548532 0.00570807 0.00559852 0.00241342
 0.00936086]",[9.6843290e-01 4.6378112e-04 2.8524376e-02 2.5789088e-03],[0.6942675  0.30573243],"[2.3201356e-07 1.4763269e-04 1.1114283e-01 8.0818659e-01 7.7452570e-02
 3.0102516e-03 5.7916779e-05 1.8139568e-06 1.6812865e-07]",White,20-39,
/scratch/project_462000771/mengting/projects/bias/Wan2.1/prompt2/selected_faces/detected_unhappy/unhappy_person_0617_face0.png,White,White,Female,30-39,"[0.43426564 0.00506864 0.30571344 0.00114235 0.00173327 0.00349698
 0.24857967]",[0.98752475 0.00377159 0.00537626 0.00332748],[0.00247123 0.9975288 ],"[1.1277810e-06 1.3372012e-04 1.3214731e-02 2.4785511e-01 5.7223696e-01
 1.5768878e-01 8.3597433e-03 4.6227488e-04 4.7552909e-05]",White,20-39,
/scratch/project_462000771/mengting/projects/bias/Wan2.1/prompt2/selected_faces/detected_unhappy/unhappy_person_0618_face0.png,Middle Eastern,White,Female,20-29,"[1.9158053e-01 1.1383035e-05 4.1500233e-02 1.2980386e-04 3.4383169e-04
 4.3551568e-03 7.6207906e-01]",[9.6522987e-01 6.0595899e-05 7.6151954e-04 3.3948090e-02],[0.00164026 0.99835974],"[2.4628980e-07 4.2375621e-05 3.8463768e-02 6.5129602e-01 2.9150164e-01
 1.8408174e-02 2.8029142e-04 7.1767108e-06 3.1094427e-07]",White,20-39,
/scratch/project_462000771/mengting/projects/bias/Wan2.1/prompt2/selected_faces/detected_unhappy/unhappy_person_0619_face0.png,Latino_Hispanic,White,Male,30-39,"[0.26273254 0.03781551 0.47661132 0.00149249 0.0031526  0.12670709
 0.0914885 ]",[0.85807186 0.03561003 0.01597755 0.09034052],[9.9984533e-01 1.5470723e-04],"[1.9793850e-05 5.2701485e-05 3.1451150e-04 6.2036708e-02 6.3984412e-01
 2.6997864e-01 2.7071167e-02 6.5917993e-04 2.3129805e-05]",Others,20-39,
/scratch/project_462000771/mengting/projects/bias/Wan2.1/prompt2/selected_faces/detected_unhappy/unhappy_person_0620_face0.png,White,White,Female,30-39,"[7.84283817e-01 1.04106475e-04 8.10644329e-02 6.14549353e-05
 1.80222705e-04 3.33352806e-03 1.30972371e-01]",[9.8965794e-01 3.7457695e-04 2.5304354e-04 9.7144376e-03],[0.06183982 0.9381601 ],"[8.1383018e-07 8.6996144e-05 1.8073866e-02 3.9501727e-01 4.3520281e-01
 1.4098327e-01 1.0181960e-02 4.1096087e-04 4.2079722e-05]",White,20-39,
/scratch/project_462000771/mengting/projects/bias/Wan2.1/prompt2/selected_faces/detected_unhappy/unhappy_person_0621_face0.png,White,White,Male,20-29,"[8.3476257e-01 1.4946079e-04 4.4908166e-02 2.6869241e-03 9.5522292e-03
 1.1232764e-02 9.6707925e-02]",[7.5995457e-01 4.9882487e-04 1.9624852e-01 4.3298092e-02],[0.9988803  0.00111966],"[2.28308527e-05 2.10679811e-03 1.22833565e-01 4.24605072e-01
 2.16602445e-01 1.98330939e-01 3.02614793e-02 4.49865777e-03
 7.38197763e-04]",White,20-39,
/scratch/project_462001220/mengting/projects_771/bias/Wan2.1/prompt2/complete_selected_faces/detected_unhappy/0622_face0.png,White,White,Female,30-39,"[9.96663451e-01 6.55042925e-07 2.66039954e-03 1.33825515e-05
 7.51478638e-06 2.87866424e-05 6.25890505e-04]",[9.9944085e-01 3.2843713e-05 3.6754773e-04 1.5882248e-04],[0.00411724 0.99588275],"[8.5387761e-08 1.3122530e-05 3.5855214e-03 2.8690222e-01 5.8331037e-01
 1.2444004e-01 1.7336768e-03 1.4607636e-05 4.0097018e-07]",White,20-39,1.0
/scratch/project_462000771/mengting/projects/bias/Wan2.1/prompt2/selected_faces/detected_unhappy/unhappy_person_0623_face0.png,White,White,Female,40-49,"[0.52615136 0.00125213 0.133748   0.01795348 0.01365804 0.00977746
 0.2974595 ]",[0.5060562  0.00711191 0.3461254  0.14070651],[0.02561969 0.97438025],"[6.9594894e-06 1.5915974e-04 4.1214116e-03 5.8398671e-02 2.0940289e-01
 4.3402234e-01 2.4079998e-01 3.7655391e-02 1.5433229e-02]",White,40-59,
/scratch/project_462000771/mengting/projects/bias/Wan2.1/prompt2/selected_faces/detected_unhappy/unhappy_person_0624_face0.png,Latino_Hispanic,Asian,Female,30-39,"[0.37279886 0.00097526 0.41265243 0.03058574 0.03740769 0.00815423
 0.13742585]",[0.23950203 0.00644086 0.47438928 0.27966785],[0.01193971 0.98806024],"[2.5476038e-06 7.1619390e-05 4.9748821e-03 1.9125652e-01 5.1985502e-01
 2.4078800e-01 4.0635981e-02 2.2661898e-03 1.4921311e-04]",Others,20-39,
/scratch/project_462001220/mengting/projects_771/bias/Wan2.1/prompt2/complete_selected_faces/detected_unhappy/0625_face0.png,White,White,Male,30-39,"[0.8660762  0.01001742 0.07946256 0.00144526 0.00242623 0.00633933
 0.03423303]",[0.96692944 0.00403031 0.00971633 0.0193239 ],[9.9998426e-01 1.5693686e-05],"[4.1244860e-07 4.7356425e-06 3.3617619e-04 2.1248879e-01 7.0036310e-01
 8.4762365e-02 2.0091014e-03 3.4049233e-05 1.3090988e-06]",White,20-39,1.0
/scratch/project_462000771/mengting/projects/bias/Wan2.1/prompt2/selected_faces/detected_unhappy/unhappy_person_0626_face0.png,White,White,Female,30-39,"[9.98489201e-01 3.84551868e-06 9.01724270e-04 1.99499409e-04
 1.15157265e-04 1.11760364e-05 2.79445812e-04]",[9.9965662e-01 4.4437693e-06 2.8755094e-04 5.1343701e-05],[0.00188455 0.9981154 ],"[2.7882888e-06 4.3145588e-04 1.4058882e-02 2.9818308e-01 5.3125376e-01
 1.5277666e-01 3.2412880e-03 4.8612350e-05 3.5469766e-06]",White,20-39,
/scratch/project_462000771/mengting/projects/bias/Wan2.1/prompt2/selected_faces/detected_unhappy/unhappy_person_0627_face0.png,White,White,Female,20-29,"[5.5368280e-01 2.8794823e-04 4.5738228e-02 1.3591798e-03 4.8927646e-03
 9.9683122e-04 3.9304221e-01]",[9.9815011e-01 2.0250467e-04 1.1761663e-03 4.7131584e-04],[0.02613195 0.9738681 ],"[3.3035137e-06 5.2499212e-04 9.2797443e-02 5.2946931e-01 3.1819701e-01
 5.6500174e-02 2.2750802e-03 2.0604650e-04 2.6648855e-05]",White,20-39,
/scratch/project_462000771/mengting/projects/bias/Wan2.1/prompt2/selected_faces/detected_unhappy/unhappy_person_0628_face0.png,White,White,Female,40-49,"[7.0625949e-01 6.5176876e-04 1.1779111e-01 4.8898282e-03 4.6759108e-03
 1.6341300e-03 1.6409785e-01]",[9.8077494e-01 4.0083767e-05 1.8351974e-02 8.3304691e-04],[0.1438258  0.85617423],"[4.8284761e-05 6.0433737e-04 9.5246099e-03 5.1919233e-02 2.4466078e-01
 4.3071535e-01 2.2546044e-01 3.2591201e-02 4.4758124e-03]",White,40-59,
/scratch/project_462000771/mengting/projects/bias/Wan2.1/prompt2/selected_faces/detected_unhappy/unhappy_person_0629_face0.png,White,White,Female,30-39,"[5.8330852e-01 1.0611830e-04 8.9728415e-02 6.1980863e-05 1.1704565e-04
 3.3358806e-03 3.2334208e-01]",[9.8733836e-01 2.5115104e-04 5.8540073e-04 1.1825101e-02],[4.833554e-04 9.995166e-01],"[4.2838366e-07 1.5044452e-05 3.3240479e-03 2.3218343e-01 5.6800121e-01
 1.8318930e-01 1.2877894e-02 3.9621093e-04 1.2457406e-05]",White,20-39,
/scratch/project_462000771/mengting/projects/bias/Wan2.1/prompt2/selected_faces/detected_unhappy/unhappy_person_0630_face0.png,Black,Black,Male,20-29,"[1.4950856e-04 9.3598759e-01 1.2346607e-02 6.2161387e-04 1.9575847e-02
 3.1245485e-02 7.3276940e-05]",[0.00084137 0.7081007  0.01672594 0.27433208],[9.999364e-01 6.355418e-05],"[1.2911355e-05 6.9437628e-03 1.7420873e-01 5.2880317e-01 2.4049978e-01
 4.8015486e-02 1.4435032e-03 6.7926412e-05 4.7805788e-06]",Black,20-39,
/scratch/project_462001220/mengting/projects_771/bias/Wan2.1/prompt2/complete_selected_faces/detected_unhappy/0631_face0.png,Middle Eastern,White,Male,40-49,"[3.17484528e-01 2.27500498e-02 1.22930475e-01 1.38280840e-04
 5.77693339e-04 5.59911504e-02 4.80127931e-01]",[0.92055386 0.01903217 0.00251059 0.0579033 ],[0.99225205 0.00774798],"[1.1972661e-05 3.0609539e-05 6.4893818e-04 2.6199386e-02 2.1812603e-01
 3.8010719e-01 3.2846642e-01 3.9635625e-02 6.7737824e-03]",White,40-59,0.0
/scratch/project_462000771/mengting/projects/bias/Wan2.1/prompt2/selected_faces/detected_unhappy/unhappy_person_0632_face0.png,White,White,Male,30-39,"[0.46213728 0.00961176 0.27508217 0.00066745 0.00260326 0.03904441
 0.21085371]",[0.9609406  0.00362642 0.00280093 0.03263209],[9.9986994e-01 1.3002264e-04],"[1.2088191e-06 6.9043385e-06 4.7044651e-04 1.0563418e-01 5.9733731e-01
 2.7212426e-01 2.3736849e-02 6.6418014e-04 2.4634122e-05]",White,20-39,
/scratch/project_462000771/mengting/projects/bias/Wan2.1/prompt2/selected_faces/detected_unhappy/unhappy_person_0633_face0.png,White,White,Male,30-39,"[3.3358255e-01 1.1875732e-06 2.7119061e-02 2.5649381e-01 5.5735178e-02
 1.7506961e-03 3.2531753e-01]",[7.4899882e-01 5.8666927e-05 2.4017715e-01 1.0765299e-02],[0.99858075 0.00141924],"[3.3853419e-06 8.5054053e-05 1.9443778e-02 2.7975452e-01 3.5374072e-01
 2.9892725e-01 4.3832313e-02 4.0609250e-03 1.5210485e-04]",White,20-39,
/scratch/project_462001220/mengting/projects_771/bias/Wan2.1/prompt2/complete_selected_faces/detected_unhappy/0634_face0.png,White,White,Male,40-49,"[9.9872750e-01 3.3020041e-07 6.4638729e-04 1.6021941e-04 1.1691765e-04
 8.5206093e-06 3.4009584e-04]",[9.9882758e-01 1.0595099e-05 1.1301481e-03 3.1622854e-05],[0.87657875 0.1234213 ],"[4.4660999e-05 8.9781341e-04 1.0038092e-02 4.8451956e-02 2.8425512e-01
 5.6786853e-01 8.6369596e-02 1.9269830e-03 1.4723997e-04]",White,40-59,1.0
/scratch/project_462000771/mengting/projects/bias/Wan2.1/prompt2/selected_faces/detected_unhappy/unhappy_person_0635_face0.png,White,White,Male,30-39,"[0.44442803 0.0005327  0.24019678 0.00063712 0.00289225 0.02181549
 0.28949764]",[0.6307407  0.00345401 0.00591921 0.35988605],[0.9973091  0.00269093],"[2.7887527e-06 8.0086662e-05 4.7361539e-03 1.4394276e-01 6.5496445e-01
 1.8853657e-01 7.5972294e-03 1.2968022e-04 1.0300941e-05]",White,20-39,
/scratch/project_462000771/mengting/projects/bias/Wan2.1/prompt2/selected_faces/detected_unhappy/unhappy_person_0636_face0.png,Middle Eastern,White,Male,30-39,"[3.2787085e-01 1.4500988e-04 3.3299178e-02 2.6763292e-02 6.5315329e-03
 6.7212898e-03 5.9866881e-01]",[9.2752081e-01 2.5774655e-04 6.0240693e-02 1.1980794e-02],[9.9999398e-01 6.0664943e-06],"[1.2767659e-06 2.7701080e-06 1.1109244e-04 1.2362130e-01 6.7140108e-01
 1.9849235e-01 6.1430968e-03 2.2154610e-04 5.4668553e-06]",White,20-39,
/scratch/project_462001220/mengting/projects_771/bias/Wan2.1/prompt2/complete_selected_faces/detected_unhappy/0637_face0.png,White,White,Male,40-49,"[8.5846776e-01 4.2622522e-04 1.8373603e-02 1.9986392e-05 5.3950709e-05
 1.7696188e-03 1.2088879e-01]",[9.7707903e-01 1.5005431e-03 1.1909443e-04 2.1301396e-02],[9.995853e-01 4.147438e-04],"[3.5718872e-06 1.2303848e-05 1.9705748e-04 6.6985418e-03 2.0636968e-01
 6.8497890e-01 9.8682635e-02 2.9002433e-03 1.5708845e-04]",White,40-59,1.0
/scratch/project_462000771/mengting/projects/bias/Wan2.1/prompt2/selected_faces/detected_unhappy/unhappy_person_0638_face0.png,White,White,Female,30-39,"[0.72224456 0.00109512 0.19756544 0.01422994 0.01919124 0.0055527
 0.04012104]",[0.7991044  0.00561538 0.11458582 0.08069444],[1.3981116e-04 9.9986023e-01],"[8.7923365e-07 1.3847071e-04 9.5012421e-03 3.7182358e-01 5.0305724e-01
 1.1028460e-01 5.0648553e-03 1.2112956e-04 8.0322225e-06]",White,20-39,
/scratch/project_462000771/mengting/projects/bias/Wan2.1/prompt2/selected_faces/detected_unhappy/unhappy_person_0639_face0.png,East Asian,Asian,Male,20-29,"[0.08324674 0.00192005 0.01520605 0.59157705 0.27320382 0.02013116
 0.01471516]",[0.13087524 0.01393096 0.67880136 0.17639242],[0.57267165 0.42732838],"[0.00088616 0.01814969 0.04023862 0.2776149  0.14246882 0.2085194
 0.09301526 0.07193978 0.14716735]",Asian,20-39,
/scratch/project_462000771/mengting/projects/bias/Wan2.1/prompt2/selected_faces/detected_unhappy/unhappy_person_0640_face0.png,White,White,Male,20-29,"[9.6846497e-01 1.2922004e-06 2.1844388e-03 1.7672790e-05 3.0706688e-05
 4.3909426e-05 2.9257026e-02]",[9.98643816e-01 2.20789389e-05 1.08524226e-04 1.22560747e-03],[9.999972e-01 2.818931e-06],"[1.0223904e-08 6.6028599e-07 1.0003845e-03 5.9825516e-01 3.9510614e-01
 5.6322603e-03 5.4886491e-06 2.4408481e-08 5.1079946e-10]",White,20-39,
/scratch/project_462000771/mengting/projects/bias/Wan2.1/prompt2/selected_faces/detected_unhappy/unhappy_person_0641_face0.png,White,White,Male,20-29,"[9.0533906e-01 4.4621556e-04 5.9348412e-02 2.1991979e-03 3.0804828e-03
 2.2220924e-03 2.7364485e-02]",[9.9336958e-01 2.6077332e-04 3.4040706e-03 2.9656177e-03],[0.9892042  0.01079583],"[6.8865472e-07 7.2817580e-05 4.6434656e-02 7.2589403e-01 2.0034449e-01
 2.5502237e-02 1.6746953e-03 6.8039975e-05 8.3640998e-06]",White,20-39,
/scratch/project_462001220/mengting/projects_771/bias/Wan2.1/prompt2/complete_selected_faces/detected_unhappy/0642_face0.png,Black,Black,Male,30-39,"[7.5582058e-05 9.7731155e-01 3.6149938e-03 4.7720325e-05 6.2963640e-04
 1.8257080e-02 6.3576044e-05]",[3.3025834e-05 9.8556602e-01 4.6784998e-04 1.3933119e-02],[0.99890906 0.00109097],"[1.5331148e-05 1.8248595e-04 2.9364720e-03 1.5116714e-01 5.7768643e-01
 2.5401944e-01 1.3682779e-02 2.9191902e-04 1.7919885e-05]",Black,20-39,0.0
/scratch/project_462000771/mengting/projects/bias/Wan2.1/prompt2/selected_faces/detected_unhappy/unhappy_person_0643_face0.png,White,White,Male,40-49,"[9.9982786e-01 7.9481843e-09 1.3543582e-05 1.7704990e-06 1.8166675e-06
 2.0500218e-07 1.5488474e-04]",[9.9998873e-01 1.9379264e-07 9.2248365e-06 1.8491103e-06],[0.6436521  0.35634786],"[3.2465206e-05 1.3345077e-03 4.4300187e-02 1.0250233e-01 2.1868567e-01
 5.4086703e-01 8.8983439e-02 3.0056238e-03 2.8886556e-04]",White,40-59,
/scratch/project_462000771/mengting/projects/bias/Wan2.1/prompt2/selected_faces/detected_unhappy/unhappy_person_0644_face0.png,White,White,Male,30-39,"[9.9934793e-01 1.0430429e-06 2.0777920e-04 8.5878510e-06 8.7341432e-06
 1.0750119e-05 4.1521716e-04]",[9.99885499e-01 1.00244515e-05 1.76248977e-05 8.68781499e-05],[0.96108407 0.03891594],"[4.9567427e-07 1.5550655e-05 1.3762263e-03 2.3346964e-01 6.2206161e-01
 1.4086145e-01 2.1950360e-03 1.8136727e-05 1.8735669e-06]",White,20-39,
/scratch/project_462000771/mengting/projects/bias/Wan2.1/prompt2/selected_faces/detected_unhappy/unhappy_person_0645_face0.png,Black,Black,Male,40-49,"[0.00239964 0.883412   0.05880598 0.00737266 0.03064092 0.01623832
 0.00113052]",[0.00437268 0.5815568  0.38058853 0.03348197],[0.8741485  0.12585151],"[7.3992514e-06 2.3892457e-05 2.5771980e-04 1.3498109e-02 2.0597871e-01
 5.1693749e-01 2.5281060e-01 1.0005630e-02 4.8043844e-04]",Black,40-59,
/scratch/project_462000771/mengting/projects/bias/Wan2.1/prompt2/selected_faces/detected_unhappy/unhappy_person_0646_face0.png,White,White,Male,30-39,"[5.9693396e-01 3.1597214e-04 2.9161704e-01 1.3681869e-03 1.1939359e-03
 2.9869841e-02 7.8701079e-02]",[9.4977248e-01 1.9929191e-04 4.9771159e-03 4.5051105e-02],[9.9943805e-01 5.6188850e-04],"[2.0932095e-04 5.4247433e-04 1.5970599e-03 5.0078448e-02 4.7048223e-01
 4.3595961e-01 4.0386707e-02 7.2828896e-04 1.5890930e-05]",White,20-39,
/scratch/project_462000771/mengting/projects/bias/Wan2.1/prompt2/selected_faces/detected_unhappy/unhappy_person_0647_face0.png,White,White,Male,40-49,"[9.8913985e-01 1.9457239e-05 3.0350671e-03 1.6156875e-04 1.5299580e-04
 7.7799508e-05 7.4133119e-03]",[9.9978805e-01 3.0780643e-06 2.1167793e-05 1.8771707e-04],[0.9973201  0.00267993],"[4.9192895e-06 4.1619878e-05 9.4666070e-04 3.5847027e-02 4.5258585e-01
 4.7580925e-01 3.4432728e-02 3.2152698e-04 1.0500982e-05]",White,40-59,
/scratch/project_462000771/mengting/projects/bias/Wan2.1/prompt2/selected_faces/detected_unhappy/unhappy_person_0648_face0.png,White,White,Male,30-39,"[7.82022357e-01 4.44132223e-04 9.77717489e-02 8.48231837e-04
 1.93888566e-03 1.66633714e-03 1.15308315e-01]",[9.7434723e-01 4.5124462e-04 2.3023084e-02 2.1783910e-03],[0.997957   0.00204301],"[1.2699874e-06 2.5379653e-05 5.1471340e-03 2.8851667e-01 5.5143946e-01
 1.4581127e-01 8.7788962e-03 2.6451060e-04 1.5486745e-05]",White,20-39,
/scratch/project_462000771/mengting/projects/bias/Wan2.1/prompt2/selected_faces/detected_unhappy/unhappy_person_0649_face0.png,White,White,Female,30-39,"[9.7587156e-01 2.3925866e-06 1.4552225e-02 1.6077885e-03 6.9679535e-04
 5.5498924e-05 7.2138910e-03]",[9.7855455e-01 2.6880457e-06 2.0979777e-02 4.6303862e-04],[2.7888903e-04 9.9972117e-01],"[2.1223759e-08 1.1559534e-06 3.7730543e-04 5.0592199e-02 5.7001197e-01
 3.6981371e-01 9.0705184e-03 1.3156747e-04 1.5323741e-06]",White,20-39,
/scratch/project_462000771/mengting/projects/bias/Wan2.1/prompt2/selected_faces/detected_unhappy/unhappy_person_0650_face0.png,Middle Eastern,Black,Male,40-49,"[1.4116247e-01 1.9265628e-01 7.0783995e-02 6.7222936e-05 2.0418421e-04
 3.6849413e-02 5.5827641e-01]",[0.25331023 0.6999947  0.00265553 0.04403966],[0.99789387 0.00210618],"[3.3663786e-05 1.6166230e-04 1.3186462e-03 4.0022641e-02 3.8770831e-01
 3.9103040e-01 1.5250854e-01 2.5000883e-02 2.2152278e-03]",Black,40-59,
/scratch/project_462000771/mengting/projects/bias/Wan2.1/prompt2/selected_faces/detected_unhappy/unhappy_person_0651_face0.png,White,White,Male,30-39,"[0.41576287 0.00267119 0.250413   0.04770131 0.03839693 0.01958743
 0.22546725]",[0.64112145 0.00069274 0.35073832 0.00744754],[9.9986213e-01 1.3786693e-04],"[1.9275037e-06 6.0241537e-06 1.4992082e-03 4.3087408e-01 5.3706563e-01
 3.0083273e-02 4.5418923e-04 1.5214365e-05 4.6803555e-07]",White,20-39,
/scratch/project_462000771/mengting/projects/bias/Wan2.1/prompt2/selected_faces/detected_unhappy/unhappy_person_0652_face0.png,White,White,Male,40-49,"[7.8910869e-01 1.4722153e-05 1.1181647e-02 4.5904538e-04 5.4301199e-04
 4.5640586e-04 1.9823645e-01]",[9.9761552e-01 3.5456942e-05 1.1603932e-03 1.1886840e-03],[9.9977016e-01 2.2984903e-04],"[5.4755328e-06 8.2328588e-06 1.3739849e-04 1.4393397e-02 3.5748211e-01
 5.5525267e-01 7.1230985e-02 1.4384633e-03 5.1234503e-05]",White,40-59,
/scratch/project_462000771/mengting/projects/bias/Wan2.1/prompt2/selected_faces/detected_unhappy/unhappy_person_0653_face0.png,White,White,Female,20-29,"[0.4199038  0.00192759 0.41424328 0.00372095 0.00638517 0.04111218
 0.11270703]",[0.7399513  0.00507891 0.04138476 0.213585  ],[0.33570054 0.6642995 ],"[8.3405371e-07 9.2983028e-05 3.5710901e-02 6.3461202e-01 2.9203546e-01
 3.5918653e-02 1.5470044e-03 7.5732591e-05 6.4336969e-06]",White,20-39,
/scratch/project_462000771/mengting/projects/bias/Wan2.1/prompt2/selected_faces/detected_unhappy/unhappy_person_0654_face0.png,White,White,Male,40-49,"[0.3502314  0.00173624 0.29115343 0.00435557 0.00486289 0.06674421
 0.2809162 ]",[0.70700794 0.00098067 0.13046472 0.1615467 ],[9.9913347e-01 8.6653465e-04],"[3.3000397e-04 7.6783879e-04 2.0775218e-03 3.4825154e-02 4.3072668e-01
 4.7478873e-01 5.5531386e-02 9.2815788e-04 2.4642624e-05]",White,40-59,
/scratch/project_462000771/mengting/projects/bias/Wan2.1/prompt2/selected_faces/detected_unhappy/unhappy_person_0655_face0.png,White,White,Male,30-39,"[9.3890506e-01 2.0503481e-05 2.8055390e-02 9.5579649e-05 1.6682455e-04
 1.2647550e-03 3.1491823e-02]",[9.3073654e-01 2.7416972e-04 1.3962159e-03 6.7593127e-02],[9.9999905e-01 9.0491244e-07],"[3.8086813e-07 3.3121419e-06 3.9553177e-04 1.0375641e-01 7.0849788e-01
 1.8513292e-01 2.1968484e-03 1.6492053e-05 1.4522297e-07]",White,20-39,
/scratch/project_462000771/mengting/projects/bias/Wan2.1/prompt2/selected_faces/detected_unhappy/unhappy_person_0656_face0.png,White,White,Male,50-59,"[9.1322368e-01 1.4145566e-04 5.9189727e-03 6.4573587e-06 3.0595587e-05
 1.1994916e-03 7.9479359e-02]",[9.9930334e-01 4.3101943e-05 1.2367113e-05 6.4127089e-04],[9.998250e-01 1.750028e-04],"[2.1954500e-06 2.1239096e-06 9.6734737e-05 2.1708328e-03 2.4146536e-02
 2.6140592e-01 6.0601938e-01 9.9553868e-02 6.6025117e-03]",White,40-59,
/scratch/project_462001220/mengting/projects_771/bias/Wan2.1/prompt2/complete_selected_faces/detected_unhappy/0657_face0.png,Latino_Hispanic,White,Male,30-39,"[0.2762821  0.00972248 0.45353398 0.00651057 0.01981025 0.02023401
 0.21390659]",[0.98618096 0.00199763 0.00766064 0.00416069],[9.9996674e-01 3.3248580e-05],"[7.6890075e-07 7.0645838e-06 9.2721253e-04 2.3402609e-01 6.4669764e-01
 1.1441974e-01 3.8261185e-03 9.2632399e-05 2.7006467e-06]",Others,20-39,1.0
/scratch/project_462000771/mengting/projects/bias/Wan2.1/prompt2/selected_faces/detected_unhappy/unhappy_person_0658_face0.png,Latino_Hispanic,Indian,Male,30-39,"[0.28491494 0.00334475 0.5661142  0.00066287 0.0034367  0.09415367
 0.04737294]",[0.43310726 0.00144563 0.00133883 0.5641083 ],[9.9973440e-01 2.6555694e-04],"[1.6128425e-06 4.2195585e-05 1.5419608e-03 1.2424843e-01 7.0544094e-01
 1.6574582e-01 2.9609443e-03 1.7823857e-05 2.3714789e-07]",Others,20-39,
/scratch/project_462000771/mengting/projects/bias/Wan2.1/prompt2/selected_faces/detected_unhappy/unhappy_person_0659_face0.png,Black,Black,Male,20-29,"[5.4390439e-06 9.9907321e-01 3.2571360e-04 1.2593983e-04 3.9796450e-04
 6.7856621e-05 3.7816262e-06]",[2.0310888e-05 9.9337125e-01 5.9171044e-03 6.9136871e-04],[0.99801767 0.00198227],"[6.0381262e-06 3.0799859e-04 1.2240117e-02 4.1350585e-01 4.1032466e-01
 1.4563085e-01 1.6517561e-02 1.3006657e-03 1.6618283e-04]",Black,20-39,
/scratch/project_462000771/mengting/projects/bias/Wan2.1/prompt2/selected_faces/detected_unhappy/unhappy_person_0660_face0.png,White,White,Male,50-59,"[6.2649095e-01 3.3358653e-04 9.2113256e-02 2.6965357e-02 3.5138544e-02
 1.0272794e-02 2.0868549e-01]",[9.4710827e-01 5.9234357e-04 2.6419517e-02 2.5879866e-02],[0.98917764 0.01082233],"[1.0220329e-05 6.6928442e-05 2.6887271e-03 4.4837002e-02 7.7642806e-02
 2.1584176e-01 4.1779593e-01 1.7288250e-01 6.8234079e-02]",White,40-59,
/scratch/project_462000771/mengting/projects/bias/Wan2.1/prompt2/selected_faces/detected_unhappy/unhappy_person_0661_face0.png,White,White,Female,20-29,"[9.7817522e-01 8.1846895e-07 8.4368716e-04 1.8922617e-03 1.4441939e-03
 2.3320024e-05 1.7620457e-02]",[9.8702842e-01 2.9523335e-07 1.2959952e-02 1.1350673e-05],[0.46120924 0.5387908 ],"[1.09949986e-04 5.10025490e-03 1.45775646e-01 3.30141634e-01
 3.08434635e-01 1.91684648e-01 1.71850212e-02 1.36898865e-03
 1.99162925e-04]",White,20-39,
/scratch/project_462000771/mengting/projects/bias/Wan2.1/prompt2/selected_faces/detected_unhappy/unhappy_person_0662_face0.png,White,White,Male,30-39,"[4.6470851e-01 1.9629934e-04 2.3345423e-01 1.1738870e-02 1.2213533e-02
 3.0755362e-02 2.4693312e-01]",[8.2708651e-01 5.5981922e-04 7.4345805e-02 9.8007843e-02],[9.9999714e-01 2.8890347e-06],"[2.7406375e-07 2.6985558e-06 2.3051471e-04 1.4714286e-01 7.4524194e-01
 1.0569648e-01 1.6646166e-03 2.0311505e-05 2.7182932e-07]",White,20-39,
/scratch/project_462000771/mengting/projects/bias/Wan2.1/prompt2/selected_faces/detected_unhappy/unhappy_person_0663_face0.png,White,White,Female,40-49,"[6.0812414e-01 6.8061825e-05 5.7067782e-02 4.6107449e-04 5.4782955e-04
 1.1982046e-03 3.3253285e-01]",[9.9625957e-01 3.7323099e-04 1.0636857e-03 2.3035905e-03],[0.00324087 0.9967591 ],"[3.2163691e-06 1.0665814e-04 2.2825084e-03 6.0152397e-02 3.0220538e-01
 4.5359346e-01 1.6941085e-01 1.1276273e-02 9.6916326e-04]",White,40-59,
/scratch/project_462000771/mengting/projects/bias/Wan2.1/prompt2/selected_faces/detected_unhappy/unhappy_person_0664_face0.png,Latino_Hispanic,Indian,Male,20-29,"[0.06864113 0.12747444 0.52234244 0.00067473 0.0049121  0.11592919
 0.1600259 ]",[0.15728885 0.08252171 0.02998374 0.7302057 ],[9.9964184e-01 3.5819720e-04],"[2.6232647e-07 1.8063280e-05 7.0059649e-03 6.5255749e-01 3.3442262e-01
 5.9598410e-03 3.4636938e-05 1.1127371e-06 2.9575714e-08]",Others,20-39,
/scratch/project_462001220/mengting/projects_771/bias/Wan2.1/prompt2/complete_selected_faces/detected_unhappy/0665_face0.png,White,White,Female,20-29,"[6.6194445e-01 8.7517968e-05 5.9945237e-02 7.6763914e-04 8.4248366e-04
 6.9433753e-04 2.7571833e-01]",[9.9806678e-01 2.7913004e-04 1.0685686e-03 5.8552629e-04],[6.6793617e-04 9.9933207e-01],"[2.1476035e-07 8.2359038e-05 1.8466165e-02 5.3353393e-01 4.0183407e-01
 4.4543564e-02 1.4672470e-03 6.7751120e-05 4.7221015e-06]",White,20-39,0.0
/scratch/project_462001220/mengting/projects_771/bias/Wan2.1/prompt2/complete_selected_faces/detected_unhappy/0666_face0.png,White,White,Male,30-39,"[8.0456889e-01 9.5685635e-04 8.1189588e-02 5.1448838e-04 1.2854298e-03
 1.4179112e-02 9.7305626e-02]",[9.9716997e-01 8.9697540e-05 5.0711096e-04 2.2332543e-03],[0.99874264 0.00125735],"[1.7243136e-05 8.9455192e-05 6.5192481e-04 3.0871013e-02 5.0017399e-01
 4.3912643e-01 2.8398691e-02 6.2871887e-04 4.2576641e-05]",White,20-39,0.0
/scratch/project_462001220/mengting/projects_771/bias/Wan2.1/prompt2/complete_selected_faces/detected_unhappy/0667_face0.png,Latino_Hispanic,White,Male,30-39,"[2.8550409e-02 1.4782167e-02 4.4181374e-01 3.5326346e-04 5.1386468e-03
 1.6826053e-01 3.4110126e-01]",[0.71705097 0.00773564 0.01063174 0.26458168],[9.9988216e-01 1.1783485e-04],"[1.0829739e-05 1.6871894e-04 7.4217771e-03 1.5381427e-01 5.2456421e-01
 2.9150954e-01 2.1427786e-02 1.0236430e-03 5.9288246e-05]",Others,20-39,1.0
/scratch/project_462000771/mengting/projects/bias/Wan2.1/prompt2/selected_faces/detected_unhappy/unhappy_person_0668_face0.png,Black,Black,Male,20-29,"[4.3284617e-06 9.9989820e-01 6.2914311e-05 2.6648181e-06 2.4893296e-05
 6.4710434e-06 5.3576912e-07]",[3.0501626e-06 9.9996918e-01 2.5095203e-05 2.6951930e-06],[9.9997687e-01 2.3098544e-05],"[7.2374310e-06 1.6332015e-03 6.5270916e-02 6.4869714e-01 2.4028589e-01
 3.9453730e-02 4.2955922e-03 3.1736417e-04 3.8851082e-05]",Black,20-39,
/scratch/project_462000771/mengting/projects/bias/Wan2.1/prompt2/selected_faces/detected_unhappy/unhappy_person_0669_face0.png,White,White,Male,30-39,"[0.44081414 0.00944874 0.24131393 0.00078855 0.00232883 0.12875885
 0.17654696]",[0.84038776 0.00339176 0.03643624 0.11978423],[9.994494e-01 5.505653e-04],"[2.1728385e-05 6.5897577e-05 6.3677912e-04 3.0371100e-02 4.7490510e-01
 4.5923737e-01 3.4016602e-02 7.1319530e-04 3.2253702e-05]",White,20-39,
/scratch/project_462001220/mengting/projects_771/bias/Wan2.1/prompt2/complete_selected_faces/detected_unhappy/0670_face0.png,Black,Black,Female,20-29,"[9.4506158e-06 9.9736089e-01 1.1615362e-03 3.6380748e-06 9.8277824e-06
 1.4466535e-03 7.9532265e-06]",[1.9822912e-05 9.8405403e-01 1.3905903e-05 1.5912266e-02],[3.2835469e-05 9.9996716e-01],"[5.1381045e-07 1.4745677e-03 6.9900692e-02 6.6781116e-01 2.5137562e-01
 9.1004744e-03 3.3305821e-04 3.8525936e-06 4.9736446e-08]",Black,20-39,0.0
/scratch/project_462000771/mengting/projects/bias/Wan2.1/prompt2/selected_faces/detected_unhappy/unhappy_person_0671_face0.png,White,White,Male,50-59,"[8.7410557e-01 1.6282209e-04 2.8319303e-02 3.7680837e-04 8.3321537e-04
 7.4253313e-04 9.5459878e-02]",[9.9869710e-01 1.0950258e-04 4.2433100e-04 7.6901319e-04],[9.9999183e-01 8.1237677e-06],"[2.6675803e-05 3.3637225e-05 2.0987807e-04 1.7487761e-03 4.1118085e-02
 4.1876426e-01 5.1229137e-01 2.5425857e-02 3.8158961e-04]",White,40-59,
/scratch/project_462000771/mengting/projects/bias/Wan2.1/prompt2/selected_faces/detected_unhappy/unhappy_person_0672_face0.png,Middle Eastern,White,Female,20-29,"[3.0076975e-01 1.2774002e-04 2.4255039e-01 4.3698098e-03 5.2911863e-03
 3.9130453e-02 4.0776065e-01]",[0.6496139  0.00111063 0.06198904 0.2872865 ],[1.257419e-04 9.998743e-01],"[4.2288530e-06 9.6611464e-03 2.9771316e-01 6.5469760e-01 3.6889393e-02
 1.0265757e-03 7.4292861e-06 4.5458231e-07 2.9882273e-08]",White,20-39,
/scratch/project_462000771/mengting/projects/bias/Wan2.1/prompt2/selected_faces/detected_unhappy/unhappy_person_0673_face0.png,White,White,Female,30-39,"[9.4147092e-01 3.2196296e-04 1.8153489e-02 4.1660602e-04 1.2845127e-03
 1.6110321e-03 3.6741495e-02]",[0.97008926 0.00176654 0.025457   0.00268723],[0.40421104 0.59578896],"[8.4029880e-06 8.8371227e-05 5.0421874e-03 1.8833965e-01 4.9307254e-01
 2.7331895e-01 3.7323665e-02 2.4929158e-03 3.1321912e-04]",White,20-39,
/scratch/project_462001220/mengting/projects_771/bias/Wan2.1/prompt2/complete_selected_faces/detected_unhappy/0674_face0.png,White,White,Female,40-49,"[7.7870768e-01 3.7871921e-04 7.6470636e-02 3.4773769e-03 4.7746608e-03
 8.1225513e-03 1.2806837e-01]",[0.97083336 0.00105025 0.00773291 0.0203834 ],[0.09337763 0.9066224 ],"[2.4423643e-05 3.4648125e-04 6.5369187e-03 9.0915442e-02 3.1381768e-01
 3.5452113e-01 1.8305320e-01 4.0728837e-02 1.0055936e-02]",White,40-59,1.0
/scratch/project_462000771/mengting/projects/bias/Wan2.1/prompt2/selected_faces/detected_unhappy/unhappy_person_0675_face0.png,Middle Eastern,White,Male,30-39,"[0.06990099 0.00114607 0.2933446  0.00135243 0.00267522 0.02041544
 0.6111653 ]",[0.9199458  0.01138603 0.01399239 0.05467578],[9.999559e-01 4.406782e-05],"[1.5970644e-06 6.0426974e-05 5.2307341e-03 4.8751870e-01 4.8906890e-01
 1.7994303e-02 1.2317472e-04 2.1481549e-06 4.9713659e-08]",Others,20-39,
/scratch/project_462000771/mengting/projects/bias/Wan2.1/prompt2/selected_faces/detected_unhappy/unhappy_person_0676_face0.png,Latino_Hispanic,Black,Male,10-19,"[0.00648085 0.32544792 0.4537469  0.0028959  0.03944287 0.16268964
 0.00929589]",[0.00221085 0.5312298  0.02163276 0.4449266 ],[0.5475226 0.4524774],"[1.03817634e-04 2.29525566e-02 4.79327172e-01 2.71020293e-01
 1.41571790e-01 6.67047277e-02 1.54102240e-02 2.41670152e-03
 4.92785592e-04]",Others,10-19,
/scratch/project_462000771/mengting/projects/bias/Wan2.1/prompt2/selected_faces/detected_unhappy/unhappy_person_0677_face0.png,East Asian,White,Female,20-29,"[2.2815278e-01 2.7338587e-04 3.8850678e-03 7.0226580e-01 6.0655329e-02
 1.3381590e-03 3.4294412e-03]",[0.7847949  0.00122289 0.2051248  0.00885738],[0.27024877 0.72975117],"[6.2477557e-05 3.2716685e-03 9.3903668e-02 7.4135137e-01 1.1416418e-01
 4.2099290e-02 3.6903832e-03 9.0252864e-04 5.5452494e-04]",Asian,20-39,
/scratch/project_462000771/mengting/projects/bias/Wan2.1/prompt2/selected_faces/detected_unhappy/unhappy_person_0678_face0.png,Latino_Hispanic,Indian,Male,40-49,"[0.12671934 0.00351629 0.66689616 0.00751778 0.01162689 0.09272736
 0.09099619]",[0.16925177 0.00115115 0.07420037 0.75539666],[9.999903e-01 9.748170e-06],"[9.4803972e-06 4.2127202e-05 2.7171886e-04 1.9221047e-02 4.6475765e-01
 4.9593538e-01 1.9552108e-02 2.0805284e-04 2.4824844e-06]",Others,40-59,
/scratch/project_462000771/mengting/projects/bias/Wan2.1/prompt2/selected_faces/detected_unhappy/unhappy_person_0679_face0.png,Black,Black,Male,40-49,"[4.9580590e-06 9.6882468e-01 6.0211663e-04 5.7313487e-06 2.7541333e-04
 3.0236572e-02 5.0601495e-05]",[1.8433197e-05 9.8183000e-01 5.5315433e-04 1.7598381e-02],[9.9987364e-01 1.2629826e-04],"[6.1963260e-06 1.5266244e-04 4.1124704e-03 1.2161436e-01 3.5883039e-01
 4.0387863e-01 9.1168068e-02 1.7133974e-02 3.1031545e-03]",Black,40-59,
/scratch/project_462000771/mengting/projects/bias/Wan2.1/prompt2/selected_faces/detected_unhappy/unhappy_person_0680_face0.png,East Asian,White,Male,20-29,"[2.2296852e-01 1.6773668e-04 2.8290320e-02 5.2396601e-01 1.7831416e-01
 6.5759686e-03 3.9717305e-02]",[0.57129955 0.00236696 0.2751087  0.15122484],[0.74500585 0.25499412],"[2.6916883e-05 2.5256813e-04 2.4560267e-02 6.0553497e-01 1.8629739e-01
 1.1467746e-01 3.9225370e-02 2.1161601e-02 8.2634268e-03]",Asian,20-39,
/scratch/project_462000771/mengting/projects/bias/Wan2.1/prompt2/selected_faces/detected_unhappy/unhappy_person_0681_face0.png,White,White,Male,40-49,"[6.8171060e-01 4.3552354e-05 7.9542279e-02 2.7956523e-04 5.1569857e-04
 1.1175324e-02 2.2673292e-01]",[9.9422121e-01 1.7279956e-05 1.8268601e-04 5.5788127e-03],[9.9961013e-01 3.8988548e-04],"[2.9223631e-05 6.3773419e-05 8.6477795e-04 2.5120975e-02 3.6507127e-01
 5.4498488e-01 6.2510848e-02 1.3155146e-03 3.8743645e-05]",White,40-59,
/scratch/project_462000771/mengting/projects/bias/Wan2.1/prompt2/selected_faces/detected_unhappy/unhappy_person_0682_face0.png,Black,Black,Male,30-39,"[2.3108114e-04 9.7923398e-01 9.3220761e-03 5.8956194e-04 3.0560268e-03
 7.4513238e-03 1.1593311e-04]",[6.4371110e-05 9.7762436e-01 5.9784867e-04 2.1713451e-02],[9.999949e-01 5.097116e-06],"[8.5117085e-07 3.7605507e-05 2.3742190e-03 2.0692466e-01 5.3814602e-01
 2.4196127e-01 1.0469239e-02 8.3978564e-05 2.1231747e-06]",Black,20-39,
/scratch/project_462000771/mengting/projects/bias/Wan2.1/prompt2/selected_faces/detected_unhappy/unhappy_person_0683_face0.png,White,White,Male,20-29,"[9.9337423e-01 1.0173814e-06 2.3945021e-03 9.3693425e-06 1.8671662e-05
 1.6822045e-04 4.0340205e-03]",[9.9498081e-01 3.7010359e-06 4.1476768e-03 8.6775748e-04],[9.9999756e-01 2.4024635e-06],"[3.3447371e-08 5.3389704e-05 4.8233159e-02 8.6165309e-01 8.8437364e-02
 1.6165662e-03 6.4294077e-06 4.0371859e-08 7.1277595e-10]",White,20-39,
/scratch/project_462000771/mengting/projects/bias/Wan2.1/prompt2/selected_faces/detected_unhappy/unhappy_person_0684_face0.png,Black,Black,Male,30-39,"[5.1479088e-04 9.0280503e-01 4.3455586e-02 7.9874859e-05 1.5260172e-03
 5.0880950e-02 7.3779875e-04]",[0.00168905 0.7980313  0.02460708 0.17567255],[9.9999762e-01 2.3484472e-06],"[9.3867578e-07 4.5772781e-06 2.8359794e-04 6.5516226e-02 5.2927244e-01
 3.7358057e-01 3.1012144e-02 3.2361862e-04 5.9651275e-06]",Black,20-39,
/scratch/project_462000771/mengting/projects/bias/Wan2.1/prompt2/selected_faces/detected_unhappy/unhappy_person_0685_face0.png,Latino_Hispanic,Indian,Male,30-39,"[1.98807959e-02 1.70450255e-01 4.91366386e-01 1.14747374e-04
 1.47967797e-03 2.96030909e-01 2.06772629e-02]",[0.01741543 0.3343027  0.00449267 0.6437892 ],[9.9994010e-01 5.9913975e-05],"[1.08288361e-06 1.04310466e-05 5.02906390e-04 1.23077005e-01
 7.77088583e-01 9.79248062e-02 1.38087047e-03 1.40243101e-05
 2.78512545e-07]",Others,20-39,
/scratch/project_462000771/mengting/projects/bias/Wan2.1/prompt2/selected_faces/detected_unhappy/unhappy_person_0686_face0.png,White,White,Male,30-39,"[0.755423   0.00082715 0.11734019 0.03615035 0.01302674 0.01835657
 0.05887601]",[0.87606233 0.00279652 0.08420053 0.0369407 ],[9.9997532e-01 2.4689589e-05],"[1.3718919e-06 1.1426229e-05 8.3763502e-04 2.8434497e-01 6.4412093e-01
 6.9917366e-02 7.5052760e-04 1.5270574e-05 4.5855734e-07]",White,20-39,
/scratch/project_462000771/mengting/projects/bias/Wan2.1/prompt2/selected_faces/detected_unhappy/unhappy_person_0687_face0.png,Black,Black,Male,40-49,"[6.9179144e-08 9.9999857e-01 8.9611137e-07 1.6212647e-08 4.5605812e-08
 3.7194667e-07 4.1130395e-08]",[1.5875546e-07 9.9999750e-01 1.4920273e-06 8.2714718e-07],[9.99892414e-01 1.07599364e-04],"[3.0708786e-06 2.0137084e-05 1.0777840e-04 1.0708424e-02 1.6832006e-01
 6.8225443e-01 1.3180959e-01 6.0052760e-03 7.7113911e-04]",Black,40-59,
/scratch/project_462000771/mengting/projects/bias/Wan2.1/prompt2/selected_faces/detected_unhappy/unhappy_person_0688_face0.png,White,White,Male,30-39,"[9.5179284e-01 4.4632816e-05 6.7453994e-03 5.2317353e-03 2.7338818e-03
 2.1050131e-04 3.3240978e-02]",[9.1892123e-01 9.3165210e-05 7.9624601e-02 1.3610413e-03],[0.99778414 0.00221584],"[1.4498295e-05 8.6930854e-04 2.1606902e-02 1.7454453e-01 4.3328488e-01
 2.9547441e-01 7.1801044e-02 2.2441586e-03 1.6033633e-04]",White,20-39,
/scratch/project_462000771/mengting/projects/bias/Wan2.1/prompt2/selected_faces/detected_unhappy/unhappy_person_0689_face0.png,Latino_Hispanic,White,Male,30-39,"[0.22244987 0.00466363 0.5670098  0.01577229 0.01817754 0.04828263
 0.12364426]",[0.83605814 0.00410786 0.05541743 0.10441656],[9.9998653e-01 1.3460607e-05],"[1.8023813e-05 1.9176956e-04 8.5677078e-04 8.6938158e-02 6.4054281e-01
 2.6498243e-01 6.3866405e-03 8.1971404e-05 1.4094553e-06]",Others,20-39,
/scratch/project_462000771/mengting/projects/bias/Wan2.1/prompt2/selected_faces/detected_unhappy/unhappy_person_0690_face0.png,Middle Eastern,Indian,Male,30-39,"[8.8828959e-02 1.8335099e-04 1.5569763e-01 1.7025843e-04 7.0736132e-04
 4.7991008e-02 7.0642149e-01]",[4.0345842e-01 5.2203296e-04 1.0579603e-03 5.9496158e-01],[0.99472475 0.00527523],"[8.0681748e-06 1.0870861e-04 7.1040387e-03 1.8700357e-01 5.7876098e-01
 2.1467100e-01 1.1809293e-02 4.9185852e-04 4.2446594e-05]",Others,20-39,
/scratch/project_462000771/mengting/projects/bias/Wan2.1/prompt2/selected_faces/detected_unhappy/unhappy_person_0691_face0.png,Latino_Hispanic,White,Male,40-49,"[0.44574633 0.00313263 0.45585692 0.00211019 0.00316214 0.03887985
 0.05111201]",[0.91088676 0.00634157 0.01290159 0.06987005],[9.993253e-01 6.746685e-04],"[1.6941121e-05 7.0542752e-05 4.7909585e-04 1.1740693e-02 3.4036356e-01
 5.8702201e-01 5.9733309e-02 5.6526752e-04 8.6051878e-06]",Others,40-59,
/scratch/project_462001220/mengting/projects_771/bias/Wan2.1/prompt2/complete_selected_faces/detected_unhappy/0692_face0.png,White,White,Male,40-49,"[9.53011632e-01 1.00273544e-04 3.23683489e-03 1.12179339e-04
 1.34566435e-04 2.67835421e-04 4.31366824e-02]",[9.992011e-01 6.449198e-05 2.207459e-04 5.136292e-04],[0.99894077 0.00105926],"[1.3818564e-05 2.3030447e-05 1.6773536e-04 6.0012606e-03 1.3922542e-01
 6.4362365e-01 2.0212620e-01 8.0270311e-03 7.9174608e-04]",White,40-59,1.0
/scratch/project_462000771/mengting/projects/bias/Wan2.1/prompt2/selected_faces/detected_unhappy/unhappy_person_0693_face0.png,White,White,Female,40-49,"[8.5184717e-01 5.0400972e-04 7.6890476e-02 1.1272747e-02 9.0834871e-03
 1.4545530e-03 4.8947591e-02]",[9.9588650e-01 1.5793550e-04 3.4240570e-03 5.3152326e-04],[0.07498091 0.9250191 ],"[5.22747496e-06 1.00116136e-04 3.24841775e-03 5.92070296e-02
 2.40794376e-01 4.59577799e-01 1.85765371e-01 3.80781181e-02
 1.32235708e-02]",White,40-59,
/scratch/project_462000771/mengting/projects/bias/Wan2.1/prompt2/selected_faces/detected_unhappy/unhappy_person_0694_face0.png,White,White,Male,30-39,"[9.36232328e-01 1.14472805e-05 3.85546102e-03 2.50803772e-04
 1.13231683e-04 1.77747948e-04 5.93590364e-02]",[9.9824399e-01 7.0765725e-04 8.2785729e-04 2.2054934e-04],[9.99943e-01 5.70604e-05],"[1.87270723e-06 4.48119281e-05 1.09790917e-03 1.22032225e-01
 6.96085811e-01 1.78774923e-01 1.94294192e-03 1.91181080e-05
 4.13279651e-07]",White,20-39,
/scratch/project_462000771/mengting/projects/bias/Wan2.1/prompt2/selected_faces/detected_unhappy/unhappy_person_0695_face0.png,White,White,Male,40-49,"[7.4895006e-01 7.5462973e-04 1.6107079e-01 8.2861079e-05 3.7887081e-04
 8.7420596e-03 8.0020800e-02]",[9.8901701e-01 1.1914745e-03 4.3478495e-04 9.3567139e-03],[9.995647e-01 4.352938e-04],"[7.7207454e-07 5.2345263e-06 9.7938770e-05 1.4537164e-02 4.6343362e-01
 5.0853759e-01 1.3294763e-02 9.1697191e-05 1.2274753e-06]",White,40-59,
/scratch/project_462000771/mengting/projects/bias/Wan2.1/prompt2/selected_faces/detected_unhappy/unhappy_person_0696_face0.png,White,White,Female,30-39,"[8.0670464e-01 5.3760661e-05 4.6663303e-02 3.0910065e-03 1.7431927e-03
 4.6250332e-04 1.4128171e-01]",[9.8202676e-01 5.8175967e-04 7.7150431e-03 9.6765058e-03],[0.02358392 0.9764161 ],"[1.9792822e-06 7.4729600e-05 1.0676393e-02 2.5879106e-01 5.0096065e-01
 2.0319130e-01 2.4633974e-02 1.6034587e-03 6.6517372e-05]",White,20-39,
/scratch/project_462000771/mengting/projects/bias/Wan2.1/prompt2/selected_faces/detected_unhappy/unhappy_person_0697_face0.png,Middle Eastern,White,Male,50-59,"[5.1670540e-02 1.3246947e-04 2.1722285e-01 7.4602664e-04 2.5747884e-03
 7.2208516e-02 6.5544486e-01]",[8.0056971e-01 2.6721740e-04 1.4036478e-02 1.8512653e-01],[9.9994922e-01 5.0814742e-05],"[6.0456321e-05 1.9451408e-04 1.2462420e-03 5.2883854e-04 1.6633531e-02
 2.7537587e-01 6.6229826e-01 4.2644929e-02 1.0174249e-03]",Others,40-59,
/scratch/project_462001220/mengting/projects_771/bias/Wan2.1/prompt2/complete_selected_faces/detected_unhappy/0698_face0.png,White,White,Female,20-29,"[9.2153859e-01 2.3302555e-05 2.2585846e-02 7.7008400e-03 3.5140973e-03
 3.2089528e-04 4.4316445e-02]",[9.7407365e-01 1.4727692e-04 2.4414418e-02 1.3647059e-03],[0.01288915 0.9871108 ],"[5.4311557e-05 3.7327209e-03 9.4744302e-02 4.3703434e-01 2.5312442e-01
 1.6808662e-01 3.4055348e-02 6.0831704e-03 3.0847297e-03]",White,20-39,0.0
/scratch/project_462000771/mengting/projects/bias/Wan2.1/prompt2/selected_faces/detected_unhappy/unhappy_person_0699_face0.png,White,White,Female,40-49,"[0.5583765  0.00154345 0.13201673 0.00103222 0.00174807 0.00604899
 0.29923397]",[0.9101153  0.02540889 0.0145817  0.04989415],[0.02683395 0.97316605],"[1.8485991e-05 2.0259622e-04 4.5320797e-03 6.6749752e-02 2.6322493e-01
 4.0381739e-01 2.2629637e-01 3.0062264e-02 5.0960998e-03]",White,40-59,
/scratch/project_462000771/mengting/projects/bias/Wan2.1/prompt2/selected_faces/detected_unhappy/unhappy_person_0700_face0.png,East Asian,Asian,Female,20-29,"[9.1315664e-02 1.3223981e-05 2.1216020e-03 8.4042484e-01 6.3501321e-02
 1.1917956e-04 2.5041169e-03]",[1.7372623e-01 1.3625641e-04 8.2538569e-01 7.5181766e-04],[0.06591835 0.9340817 ],"[3.6166410e-04 6.0610292e-03 4.9592294e-02 6.4878172e-01 1.7932208e-01
 8.7173410e-02 2.0049622e-02 6.5455069e-03 2.1127150e-03]",Asian,20-39,
/scratch/project_462000771/mengting/projects/bias/Wan2.1/prompt2/selected_faces/detected_unhappy/unhappy_person_0701_face0.png,White,White,Female,50-59,"[9.7073525e-01 1.0439520e-05 3.5227840e-03 5.6948606e-03 1.9986636e-03
 1.1575659e-04 1.7922226e-02]",[9.7201824e-01 2.3504811e-04 2.6905667e-02 8.4095245e-04],[0.04174677 0.9582532 ],"[8.0187790e-05 1.2301143e-03 5.3475937e-03 4.1658960e-02 8.2079858e-02
 2.9764801e-01 3.3969572e-01 1.0286997e-01 1.2938966e-01]",White,40-59,
/scratch/project_462000771/mengting/projects/bias/Wan2.1/prompt2/selected_faces/detected_unhappy/unhappy_person_0702_face0.png,White,White,Male,20-29,"[9.8185003e-01 1.1660806e-05 1.0025010e-02 7.1339702e-05 7.3758099e-05
 8.9292880e-05 7.8788335e-03]",[9.9983162e-01 1.0175002e-05 1.0341966e-04 5.4812845e-05],[9.9997973e-01 2.0259340e-05],"[3.1032241e-06 2.5302439e-04 3.4452811e-02 4.7118655e-01 4.5916533e-01
 3.4620721e-02 3.1571562e-04 2.6375681e-06 4.3217202e-08]",White,20-39,
/scratch/project_462001220/mengting/projects_771/bias/Wan2.1/prompt2/complete_selected_faces/detected_unhappy/0703_face0.png,White,White,Male,50-59,"[6.72562480e-01 1.31297240e-03 1.00918904e-01 9.47580702e-05
 4.25954902e-04 2.63689365e-02 1.98316038e-01]",[0.9168621  0.00127814 0.00977936 0.0720804 ],[9.9985057e-01 1.4943618e-04],"[3.0259263e-05 5.6528774e-05 4.3306706e-04 2.1973317e-03 3.6065891e-02
 2.7044284e-01 6.5582609e-01 3.3507217e-02 1.4407227e-03]",White,40-59,1.0
/scratch/project_462000771/mengting/projects/bias/Wan2.1/prompt2/selected_faces/detected_unhappy/unhappy_person_0704_face0.png,White,White,Male,30-39,"[0.833521   0.00087617 0.07398359 0.00502504 0.00832749 0.00135033
 0.07691644]",[9.9833441e-01 1.1215936e-04 9.5843303e-04 5.9501734e-04],[0.9438225  0.05617746],"[5.1452980e-06 1.3953564e-04 1.8613685e-02 3.6935651e-01 4.0466562e-01
 1.7894025e-01 2.3361707e-02 4.1934531e-03 7.2407606e-04]",White,20-39,
/scratch/project_462001220/mengting/projects_771/bias/Wan2.1/prompt2/complete_selected_faces/detected_unhappy/0705_face0.png,East Asian,Asian,Female,30-39,"[1.2906675e-01 5.0655642e-04 5.2717160e-02 6.7600077e-01 1.3729797e-01
 3.6220101e-04 4.0486916e-03]",[4.6428002e-02 4.1987048e-04 9.5309436e-01 5.7792098e-05],[0.00869079 0.99130917],"[5.9048386e-07 9.5637370e-06 7.1755715e-04 6.5919831e-02 4.9133894e-01
 3.9042982e-01 4.6952445e-02 4.4662119e-03 1.6509747e-04]",Asian,20-39,0.0
/scratch/project_462000771/mengting/projects/bias/Wan2.1/prompt2/selected_faces/detected_unhappy/unhappy_person_0706_face0.png,White,White,Male,30-39,"[0.815054   0.00265929 0.12231064 0.00178892 0.00307539 0.01294901
 0.04216281]",[9.7460705e-01 5.3069252e-04 1.2372616e-02 1.2489689e-02],[0.99514854 0.00485146],"[5.46260071e-06 4.52028471e-05 9.87823121e-04 9.14407820e-02
 5.29663980e-01 3.47398490e-01 2.91983169e-02 1.15549646e-03
 1.04414925e-04]",White,20-39,
/scratch/project_462001220/mengting/projects_771/bias/Wan2.1/prompt2/complete_selected_faces/detected_unhappy/0707_face0.png,White,White,Male,30-39,"[8.2585603e-01 3.0961627e-04 7.4709505e-02 8.8089774e-04 8.6487358e-04
 6.6276558e-02 3.1102598e-02]",[0.60267925 0.00429162 0.02257654 0.37045255],[9.9986058e-01 1.3941075e-04],"[1.1520824e-06 4.6227560e-05 2.6984662e-03 4.2399591e-01 5.4509062e-01
 2.8025534e-02 1.4125479e-04 9.3189811e-07 3.3790062e-08]",White,20-39,1.0
/scratch/project_462000771/mengting/projects/bias/Wan2.1/prompt2/selected_faces/detected_unhappy/unhappy_person_0708_face0.png,White,Asian,Male,20-29,"[0.37545344 0.00101297 0.1680176  0.2513257  0.08333058 0.00115696
 0.11970277]",[1.3732697e-01 3.5631881e-04 8.4950817e-01 1.2808560e-02],[0.99206084 0.00793912],"[3.1371463e-05 2.4253083e-03 1.8692496e-01 5.3760886e-01 2.0316999e-01
 5.6522444e-02 1.1290145e-02 1.8792325e-03 1.4771384e-04]",White,20-39,
/scratch/project_462000771/mengting/projects/bias/Wan2.1/prompt2/selected_faces/detected_unhappy/unhappy_person_0709_face0.png,Latino_Hispanic,Indian,Male,30-39,"[0.11755972 0.00238744 0.65619385 0.00728455 0.01934411 0.14258173
 0.05464864]",[0.1315546  0.00543305 0.17971866 0.68329364],[9.9972278e-01 2.7718412e-04],"[1.21080266e-04 1.30951416e-03 2.59295991e-03 1.10793754e-01
 6.50369942e-01 2.27346152e-01 7.32506299e-03 1.36075032e-04
 5.49820788e-06]",Others,20-39,
/scratch/project_462001220/mengting/projects_771/bias/Wan2.1/prompt2/complete_selected_faces/detected_unhappy/0710_face0.png,White,White,Male,40-49,"[0.70014274 0.00112197 0.16145447 0.00139463 0.00556059 0.01821448
 0.11211105]",[9.9712759e-01 2.8766383e-04 5.6083634e-04 2.0239037e-03],[9.9993920e-01 6.0788374e-05],"[5.1687816e-06 7.9207684e-06 2.3831845e-04 3.8698182e-02 3.0275455e-01
 5.0557303e-01 1.3931629e-01 1.2775978e-02 6.3050888e-04]",White,40-59,0.0
/scratch/project_462000771/mengting/projects/bias/Wan2.1/prompt2/selected_faces/detected_unhappy/unhappy_person_0711_face0.png,White,White,Female,40-49,"[9.4440204e-01 8.2475139e-04 2.1407323e-02 7.2033037e-03 5.4489090e-03
 1.8209355e-03 1.8892683e-02]",[9.7093803e-01 1.5948944e-04 2.7319962e-02 1.5825918e-03],[0.00988752 0.9901125 ],"[6.9812145e-06 1.8251239e-04 2.4607219e-03 4.0336631e-02 1.7081024e-01
 4.7361663e-01 2.3281333e-01 5.7538040e-02 2.2234866e-02]",White,40-59,
/scratch/project_462001220/mengting/projects_771/bias/Wan2.1/prompt2/complete_selected_faces/detected_unhappy/0712_face0.png,Latino_Hispanic,Black,Female,30-39,"[0.0247272  0.2602478  0.4397174  0.00136533 0.01056536 0.18833591
 0.075041  ]",[0.0515293  0.8499516  0.00761061 0.09090848],[0.025825 0.974175],"[1.7219556e-04 7.0333448e-03 3.5060842e-02 8.8278398e-02 3.3897492e-01
 3.3264783e-01 1.4601685e-01 4.4269364e-02 7.5462810e-03]",Others,20-39,0.0
/scratch/project_462000771/mengting/projects/bias/Wan2.1/prompt2/selected_faces/detected_unhappy/unhappy_person_0713_face0.png,White,White,Male,30-39,"[9.3760043e-01 5.0486979e-05 4.8372719e-02 5.6373153e-04 6.2404975e-04
 3.5310125e-03 9.2575485e-03]",[9.8518384e-01 2.1595863e-04 2.3760551e-03 1.2224188e-02],[0.99647874 0.00352123],"[9.0639190e-07 1.2224378e-05 3.7529683e-04 6.2123705e-02 5.8011621e-01
 3.4613365e-01 1.1174912e-02 6.1442479e-05 1.6942887e-06]",White,20-39,
/scratch/project_462000771/mengting/projects/bias/Wan2.1/prompt2/selected_faces/detected_unhappy/unhappy_person_0714_face0.png,Black,Black,Male,20-29,"[2.6904198e-03 8.5110307e-01 8.1570454e-02 7.1134826e-05 1.0494738e-03
 5.0633527e-02 1.2881899e-02]",[7.4340391e-04 9.8887926e-01 4.7524253e-04 9.9021010e-03],[0.9966363  0.00336374],"[1.7306883e-06 1.8393941e-04 2.4327079e-02 5.8187360e-01 3.7623864e-01
 1.6902370e-02 4.4918200e-04 2.2308848e-05 1.0698895e-06]",Black,20-39,
/scratch/project_462000771/mengting/projects/bias/Wan2.1/prompt2/selected_faces/detected_unhappy/unhappy_person_0715_face0.png,White,Indian,Male,20-29,"[3.8255018e-01 7.2159321e-04 2.5271568e-01 1.5503687e-05 8.7503569e-05
 1.8388198e-01 1.8002751e-01]",[2.3391220e-01 1.5818819e-03 2.4428067e-04 7.6426160e-01],[9.9994022e-01 5.9791542e-05],"[2.9276905e-06 1.2961254e-04 7.8717414e-03 5.4858077e-01 4.2726615e-01
 1.6087618e-02 6.0234917e-05 1.0075279e-06 1.9361577e-08]",White,20-39,
/scratch/project_462000771/mengting/projects/bias/Wan2.1/prompt2/selected_faces/detected_unhappy/unhappy_person_0716_face0.png,White,White,Female,30-39,"[5.83699286e-01 4.47554077e-04 1.01900294e-01 5.72723150e-03
 1.29732825e-02 2.20217351e-02 2.73230582e-01]",[0.9213063  0.00370465 0.00679653 0.06819245],[0.04225919 0.9577408 ],"[7.9489277e-05 1.1745126e-03 1.8269887e-02 2.4541616e-01 3.5189840e-01
 2.7163276e-01 8.1872374e-02 1.8757559e-02 1.0898901e-02]",White,20-39,
/scratch/project_462001220/mengting/projects_771/bias/Wan2.1/prompt2/complete_selected_faces/detected_unhappy/0717_face0.png,Latino_Hispanic,Indian,Male,40-49,"[0.06432039 0.06736258 0.42642608 0.00079468 0.01047486 0.2422174
 0.18840392]",[0.09469482 0.0649244  0.01717992 0.8232008 ],[9.9994797e-01 5.2053609e-05],"[3.0464209e-06 1.4738901e-05 5.0966698e-04 4.6634123e-02 4.0657419e-01
 4.6263841e-01 7.9548098e-02 3.7959139e-03 2.8182921e-04]",Others,40-59,1.0
/scratch/project_462000771/mengting/projects/bias/Wan2.1/prompt2/selected_faces/detected_unhappy/unhappy_person_0718_face0.png,Indian,Black,Male,30-39,"[0.0006597  0.39546666 0.10705101 0.00099158 0.05006977 0.44468337
 0.00107795]",[3.3896824e-04 6.3221979e-01 6.6060745e-03 3.6083513e-01],[9.999801e-01 1.990935e-05],"[1.2173434e-05 2.5354768e-04 6.2167407e-03 4.1666621e-01 5.3746390e-01
 3.8934387e-02 4.4649985e-04 6.2621671e-06 2.2060892e-07]",Others,20-39,
/scratch/project_462000771/mengting/projects/bias/Wan2.1/prompt2/selected_faces/detected_unhappy/unhappy_person_0719_face0.png,White,White,Male,30-39,"[0.52876884 0.00086771 0.2238447  0.00145958 0.00147401 0.07701337
 0.16657177]",[9.0448713e-01 5.6408928e-04 6.4449124e-02 3.0499602e-02],[9.9998802e-01 1.1997748e-05],"[3.0982610e-05 8.5030508e-05 4.0840302e-04 3.4010336e-02 4.9485511e-01
 4.4250757e-01 2.7829299e-02 2.6739482e-04 5.8301080e-06]",White,20-39,
/scratch/project_462000771/mengting/projects/bias/Wan2.1/prompt2/selected_faces/detected_unhappy/unhappy_person_0720_face0.png,Middle Eastern,White,Female,40-49,"[2.5275239e-01 2.2343222e-04 8.8668190e-02 1.4949905e-03 2.2459878e-03
 3.2022204e-03 6.5141273e-01]",[9.8860306e-01 2.0880083e-04 2.6876428e-03 8.5004978e-03],[4.208326e-04 9.995792e-01],"[6.8199125e-07 6.5582803e-06 1.9297673e-04 9.7325984e-03 1.6153064e-01
 5.7499194e-01 2.3674670e-01 1.6166119e-02 6.3170493e-04]",White,40-59,
/scratch/project_462001220/mengting/projects_771/bias/Wan2.1/prompt2/complete_selected_faces/detected_unhappy/0721_face0.png,Middle Eastern,Indian,Male,30-39,"[0.17582574 0.00565948 0.28380337 0.0009823  0.00383312 0.08532298
 0.44457296]",[0.3799387  0.04146438 0.01850603 0.5600909 ],[0.99558014 0.00441985],"[3.0707415e-05 1.3948056e-04 1.2788492e-03 8.5488774e-02 6.3118112e-01
 2.6131105e-01 1.8653279e-02 1.6927309e-03 2.2404864e-04]",Others,20-39,1.0
/scratch/project_462000771/mengting/projects/bias/Wan2.1/prompt2/selected_faces/detected_unhappy/unhappy_person_0722_face0.png,East Asian,White,Female,20-29,"[4.02628303e-01 6.87852371e-05 1.49477115e-02 5.13878644e-01
 6.12000711e-02 3.26044741e-04 6.95040030e-03]",[6.5361035e-01 2.8820487e-04 3.4388742e-01 2.2140411e-03],[0.01652219 0.9834778 ],"[4.9432447e-06 3.4630552e-04 2.5053371e-02 7.1098274e-01 2.1027505e-01
 4.9509495e-02 3.3896058e-03 3.6482851e-04 7.3677664e-05]",Asian,20-39,
/scratch/project_462000771/mengting/projects/bias/Wan2.1/prompt2/selected_faces/detected_unhappy/unhappy_person_0723_face0.png,White,White,Male,30-39,"[6.5889710e-01 7.4002193e-05 4.5888372e-02 1.4783063e-03 9.0886815e-04
 2.8940270e-02 2.6381311e-01]",[9.4058359e-01 2.4120296e-05 2.5915056e-02 3.3477306e-02],[9.9998844e-01 1.1616871e-05],"[1.13758515e-05 1.96734225e-04 2.51365500e-03 1.02779031e-01
 6.54894412e-01 2.34832540e-01 4.73682117e-03 3.50695591e-05
 4.69894502e-07]",White,20-39,
/scratch/project_462000771/mengting/projects/bias/Wan2.1/prompt2/selected_faces/detected_unhappy/unhappy_person_0724_face0.png,White,White,Female,30-39,"[9.3317872e-01 3.4221135e-05 4.3957893e-02 2.7927766e-03 2.5797030e-03
 5.6864350e-04 1.6888129e-02]",[9.6534628e-01 2.1216329e-05 3.3798680e-02 8.3369738e-04],[0.01352076 0.9864793 ],"[3.7551266e-07 1.9932668e-05 4.4025728e-03 1.8782562e-01 5.8808905e-01
 2.0811930e-01 1.1186680e-02 3.4397075e-04 1.2559281e-05]",White,20-39,
/scratch/project_462000771/mengting/projects/bias/Wan2.1/prompt2/selected_faces/detected_unhappy/unhappy_person_0725_face0.png,Indian,Indian,Male,30-39,"[4.4413049e-02 1.8668814e-02 3.6083111e-01 2.3823864e-04 1.4815406e-03
 3.7432978e-01 2.0003745e-01]",[0.04513579 0.05714547 0.01283177 0.884887  ],[9.9986124e-01 1.3876401e-04],"[1.7692107e-06 4.6050838e-05 1.7915785e-03 3.4598199e-01 6.0951394e-01
 4.2099323e-02 5.5562647e-04 9.3589279e-06 3.6144681e-07]",Others,20-39,
/scratch/project_462000771/mengting/projects/bias/Wan2.1/prompt2/selected_faces/detected_unhappy/unhappy_person_0726_face0.png,White,White,Female,30-39,"[9.9530107e-01 1.5022577e-05 2.7639430e-03 4.4266963e-05 4.8598766e-05
 7.0353875e-05 1.7567986e-03]",[9.9690217e-01 3.0475392e-04 1.6833943e-03 1.1096456e-03],[0.02832429 0.9716757 ],"[3.5455676e-07 1.7104596e-05 2.0428621e-03 1.0617448e-01 5.1679069e-01
 3.5510114e-01 1.9404940e-02 4.4234612e-04 2.6176360e-05]",White,20-39,
/scratch/project_462000771/mengting/projects/bias/Wan2.1/prompt2/selected_faces/detected_unhappy/unhappy_person_0727_face0.png,White,White,Male,50-59,"[9.9810427e-01 2.3795931e-07 3.6585474e-04 1.2257322e-05 2.0487096e-05
 6.5429863e-06 1.4903456e-03]",[9.9991411e-01 2.5090060e-06 6.3514817e-05 1.9911146e-05],[0.7804965  0.21950357],"[1.6205648e-05 2.8577633e-04 5.4658563e-03 1.0399187e-02 4.8230164e-02
 3.4574237e-01 5.2069271e-01 5.8068458e-02 1.1099232e-02]",White,40-59,
/scratch/project_462000771/mengting/projects/bias/Wan2.1/prompt2/selected_faces/detected_unhappy/unhappy_person_0728_face0.png,White,White,Male,30-39,"[7.71064460e-01 1.88247766e-04 1.03017189e-01 4.27133078e-03
 5.62841166e-03 9.53720044e-03 1.06293276e-01]",[9.8650360e-01 5.7044042e-05 7.0066289e-03 6.4327451e-03],[0.9860294  0.01397059],"[5.9716331e-05 1.1520842e-03 1.6336979e-02 1.8807372e-01 5.0818574e-01
 2.6791391e-01 1.7361535e-02 8.3535002e-04 8.1041333e-05]",White,20-39,
/scratch/project_462000771/mengting/projects/bias/Wan2.1/prompt2/selected_faces/detected_unhappy/unhappy_person_0729_face0.png,White,White,Male,30-39,"[8.1908798e-01 3.3648760e-04 1.0188612e-01 3.5098489e-02 1.3021109e-02
 1.9218222e-03 2.8647995e-02]",[9.4546312e-01 2.9534177e-04 5.1532060e-02 2.7094227e-03],[9.9986309e-01 1.3695557e-04],"[1.30442299e-06 1.55667185e-05 1.46001659e-03 2.01127604e-01
 6.72838628e-01 1.21953696e-01 2.57679657e-03 2.59837780e-05
 4.09277988e-07]",White,20-39,
/scratch/project_462000771/mengting/projects/bias/Wan2.1/prompt2/selected_faces/detected_unhappy/unhappy_person_0730_face0.png,Black,Black,Male,20-29,"[5.7774668e-07 9.9976277e-01 1.8267319e-05 2.2013287e-06 2.3608753e-05
 1.9226658e-04 2.0992198e-07]",[4.0896434e-06 9.9966520e-01 6.5169806e-05 2.6548255e-04],[0.99530715 0.00469291],"[2.1812508e-05 3.1774854e-03 2.5982039e-02 4.7173852e-01 4.2377716e-01
 7.1601398e-02 3.6031350e-03 8.5450949e-05 1.2944255e-05]",Black,20-39,
/scratch/project_462000771/mengting/projects/bias/Wan2.1/prompt2/selected_faces/detected_unhappy/unhappy_person_0731_face0.png,East Asian,White,Female,20-29,"[4.0992692e-01 1.0640853e-04 7.8202793e-03 4.4618630e-01 1.2048708e-01
 1.7277432e-03 1.3745328e-02]",[8.9963979e-01 1.8876285e-04 9.9746458e-02 4.2504646e-04],[0.03905271 0.9609473 ],"[1.8866089e-05 6.1943824e-04 1.9423379e-02 6.7543107e-01 1.8941776e-01
 7.3251069e-02 1.4659956e-02 9.7707976e-03 1.7407594e-02]",Asian,20-39,
/scratch/project_462001220/mengting/projects_771/bias/Wan2.1/prompt2/complete_selected_faces/detected_unhappy/0732_face0.png,White,White,Female,20-29,"[9.9240494e-01 5.6738376e-05 2.9573515e-03 1.3393015e-04 6.2312174e-05
 4.4030694e-05 4.3407008e-03]",[9.9580228e-01 1.3977315e-04 3.5623421e-03 4.9563183e-04],[8.176372e-04 9.991824e-01],"[6.0821101e-08 5.2170712e-05 3.1313274e-02 5.9065849e-01 3.4772342e-01
 2.9681427e-02 5.5374420e-04 1.5704687e-05 1.7470200e-06]",White,20-39,0.0
/scratch/project_462000771/mengting/projects/bias/Wan2.1/prompt2/selected_faces/detected_unhappy/unhappy_person_0733_face0.png,White,White,Male,10-19,"[7.2227573e-01 3.2547116e-04 6.7725576e-02 1.0231335e-02 1.8855982e-02
 1.8288510e-02 1.6229743e-01]",[9.0081233e-01 1.6185452e-04 5.2462980e-02 4.6562795e-02],[0.98532766 0.01467231],"[2.6795711e-05 5.8134333e-03 4.4618067e-01 4.3433440e-01 8.9319736e-02
 2.2388633e-02 1.7050395e-03 1.9361287e-04 3.7568680e-05]",White,10-19,
/scratch/project_462000771/mengting/projects/bias/Wan2.1/prompt2/selected_faces/detected_unhappy/unhappy_person_0734_face0.png,White,White,Male,30-39,"[8.4273297e-01 1.4759226e-04 9.6717753e-02 3.2991536e-03 3.6294758e-03
 3.2638931e-03 5.0209098e-02]",[9.6825463e-01 5.8914261e-04 4.8485827e-03 2.6307561e-02],[9.9962837e-01 3.7167693e-04],"[1.9151325e-06 1.9587145e-05 4.7827538e-04 7.3343083e-02 6.5564340e-01
 2.5963673e-01 1.0757405e-02 1.1553165e-04 4.0568343e-06]",White,20-39,
/scratch/project_462001220/mengting/projects_771/bias/Wan2.1/prompt2/complete_selected_faces/detected_unhappy/0735_face0.png,White,White,Male,30-39,"[6.70419097e-01 5.12202823e-05 1.00127414e-01 5.81140034e-02
 2.05855723e-02 3.17715737e-03 1.47525504e-01]",[7.9838723e-01 1.4715268e-04 1.3664104e-01 6.4824603e-02],[9.9984133e-01 1.5864318e-04],"[3.5327214e-06 4.6614656e-05 4.4988412e-03 1.9811586e-01 4.0207562e-01
 2.9845124e-01 9.2638522e-02 3.9924299e-03 1.7727661e-04]",White,20-39,1.0
/scratch/project_462000771/mengting/projects/bias/Wan2.1/prompt2/selected_faces/detected_unhappy/unhappy_person_0736_face0.png,Middle Eastern,Indian,Male,30-39,"[1.6729420e-01 1.3761291e-03 2.8135037e-01 2.3478630e-04 6.5311976e-04
 2.3775165e-01 3.1133974e-01]",[0.22859068 0.00399932 0.00526642 0.76214355],[0.9947372 0.0052628],"[5.3101003e-06 9.3107483e-05 4.8551001e-03 2.5869188e-01 5.7911628e-01
 1.4874692e-01 8.2074506e-03 2.6168581e-04 2.2335707e-05]",Others,20-39,
/scratch/project_462000771/mengting/projects/bias/Wan2.1/prompt2/selected_faces/detected_unhappy/unhappy_person_0737_face0.png,White,White,Male,30-39,"[9.8445880e-01 1.5678303e-04 5.1559824e-03 2.0957172e-04 1.9693590e-04
 9.8805584e-05 9.7230915e-03]",[9.9552482e-01 1.3469754e-03 2.6223273e-03 5.0590548e-04],[9.9965531e-01 3.4467387e-04],"[7.2729239e-07 1.5944172e-05 2.0746610e-03 2.6851156e-01 5.5985463e-01
 1.6199641e-01 7.3991595e-03 1.4187384e-04 5.0583471e-06]",White,20-39,
/scratch/project_462000771/mengting/projects/bias/Wan2.1/prompt2/selected_faces/detected_unhappy/unhappy_person_0738_face0.png,White,White,Male,30-39,"[9.7085297e-01 3.6193745e-05 2.1795932e-02 1.4729924e-04 1.6584319e-04
 7.8511058e-04 6.2167258e-03]",[9.9494582e-01 5.3279669e-05 2.0970315e-04 4.7911522e-03],[0.9876012  0.01239877],"[6.8607358e-07 4.8619921e-05 2.7859153e-03 4.3871775e-01 5.2576840e-01
 3.2511532e-02 1.6556357e-04 1.4727541e-06 1.2342385e-07]",White,20-39,
/scratch/project_462000771/mengting/projects/bias/Wan2.1/prompt2/selected_faces/detected_unhappy/unhappy_person_0739_face0.png,Black,Indian,Male,40-49,"[5.3729829e-03 7.0280182e-01 6.0167842e-02 5.3080545e-05 6.9500384e-04
 2.1054952e-01 2.0359656e-02]",[0.00614995 0.33979708 0.00546717 0.64858586],[0.9954362  0.00456385],"[4.4763503e-05 1.5767774e-04 2.1876087e-03 2.8377779e-02 2.0897174e-01
 4.3138081e-01 3.1099737e-01 1.7051008e-02 8.3117554e-04]",Black,40-59,
/scratch/project_462000771/mengting/projects/bias/Wan2.1/prompt2/selected_faces/detected_unhappy/unhappy_person_0740_face0.png,White,White,Male,30-39,"[4.77052748e-01 2.54053622e-04 1.55913949e-01 1.19445845e-04
 2.66400923e-04 3.11384853e-02 3.35254937e-01]",[9.8239714e-01 4.1899370e-04 1.7740796e-03 1.5409744e-02],[9.9980754e-01 1.9245972e-04],"[4.4744192e-07 2.4963913e-06 1.4391751e-04 8.7053746e-02 7.7762449e-01
 1.3375583e-01 1.4139322e-03 5.0466592e-06 9.3707840e-08]",White,20-39,
/scratch/project_462001220/mengting/projects_771/bias/Wan2.1/prompt2/complete_selected_faces/detected_unhappy/0741_face0.png,White,White,Male,30-39,"[9.9920446e-01 1.6265299e-06 4.2281132e-05 9.0604016e-07 2.6137618e-06
 2.9785374e-06 7.4517750e-04]",[9.9986064e-01 3.0642939e-06 9.7086922e-05 3.9195304e-05],[9.999994e-01 5.827195e-07],"[1.6444329e-08 6.4649760e-07 1.0809841e-04 6.9504410e-02 7.6853544e-01
 1.6104183e-01 8.0811116e-04 1.4670522e-06 1.6217429e-08]",White,20-39,1.0
/scratch/project_462000771/mengting/projects/bias/Wan2.1/prompt2/selected_faces/detected_unhappy/unhappy_person_0742_face0.png,White,White,Male,10-19,"[9.9730021e-01 2.3073289e-06 6.8602012e-04 2.1164457e-04 1.5570517e-04
 7.4543350e-06 1.6367058e-03]",[9.6298224e-01 1.0744599e-05 3.6886659e-02 1.2038325e-04],[0.5112498  0.48875016],"[1.4961902e-04 1.6284697e-01 6.5832502e-01 1.3873813e-01 2.5868230e-02
 1.2823874e-02 1.1373089e-03 8.7249035e-05 2.3658078e-05]",White,10-19,
/scratch/project_462000771/mengting/projects/bias/Wan2.1/prompt2/selected_faces/detected_unhappy/unhappy_person_0743_face0.png,White,White,Male,30-39,"[9.2707634e-01 1.4982418e-04 3.7860423e-02 5.3400508e-05 1.5278964e-04
 4.9362727e-03 2.9770978e-02]",[9.8961771e-01 3.3449780e-04 1.3797921e-03 8.6680269e-03],[9.9984175e-01 1.5824009e-04],"[5.9659305e-07 6.7290634e-06 2.8329485e-04 7.5740166e-02 7.1323848e-01
 2.0735864e-01 3.3326731e-03 3.8366048e-05 1.0701810e-06]",White,20-39,
/scratch/project_462000771/mengting/projects/bias/Wan2.1/prompt2/selected_faces/detected_unhappy/unhappy_person_0744_face0.png,White,White,Male,30-39,"[7.2920364e-01 1.9612517e-03 1.6273330e-01 2.3112155e-04 4.5590193e-04
 1.4983798e-02 9.0430982e-02]",[0.93309987 0.00451875 0.00238028 0.06000104],[9.9963504e-01 3.6491049e-04],"[2.8063882e-06 2.0321666e-05 1.7228856e-04 9.5420495e-02 7.6567549e-01
 1.3725367e-01 1.4387412e-03 1.5752879e-05 3.7881256e-07]",White,20-39,
/scratch/project_462000771/mengting/projects/bias/Wan2.1/prompt2/selected_faces/detected_unhappy/unhappy_person_0745_face0.png,White,White,Male,30-39,"[9.8009670e-01 2.4305186e-06 9.4184751e-04 8.7544240e-06 2.4847490e-05
 2.5209200e-05 1.8900249e-02]",[9.9971831e-01 8.6521159e-06 6.7629495e-05 2.0543719e-04],[9.9994940e-01 5.0581733e-05],"[2.4950264e-06 2.7500946e-05 1.2874923e-03 1.9303720e-01 6.7137980e-01
 1.3242941e-01 1.8191502e-03 1.6414753e-05 5.0841214e-07]",White,20-39,
/scratch/project_462000771/mengting/projects/bias/Wan2.1/prompt2/selected_faces/detected_unhappy/unhappy_person_0746_face0.png,Latino_Hispanic,White,Male,30-39,"[0.35355493 0.00114614 0.5595292  0.00135805 0.00199523 0.0285148
 0.05390168]",[0.9391734  0.0089061  0.00752882 0.0443917 ],[9.9999821e-01 1.7888775e-06],"[4.5652445e-07 2.8391507e-06 2.7289847e-04 1.9975843e-01 7.4788803e-01
 5.1743358e-02 3.3159115e-04 2.3306907e-06 2.1264594e-08]",Others,20-39,
/scratch/project_462001220/mengting/projects_771/bias/Wan2.1/prompt2/complete_selected_faces/detected_unhappy/0747_face0.png,Black,Black,Female,30-39,"[4.7105155e-07 9.9990475e-01 2.4331963e-05 1.2141029e-06 9.8358050e-06
 5.8814214e-05 6.0125996e-07]",[2.6004086e-06 9.9987406e-01 1.0562830e-04 1.7668261e-05],[0.00205779 0.9979422 ],"[8.8597227e-07 1.4785842e-04 1.0025620e-02 3.2287315e-01 5.7739764e-01
 8.3335504e-02 6.1089396e-03 1.0718747e-04 3.3023166e-06]",Black,20-39,0.0
/scratch/project_462001220/mengting/projects_771/bias/Wan2.1/prompt2/complete_selected_faces/detected_unhappy/0748_face0.png,Latino_Hispanic,Indian,Female,20-29,"[1.3610150e-01 7.6819402e-03 6.5778869e-01 4.6658469e-04 3.5703415e-03
 1.1105525e-01 8.3335660e-02]",[0.08331043 0.00701141 0.02015585 0.8895223 ],[0.04473783 0.9552622 ],"[1.0581433e-05 2.2588037e-03 1.3993685e-01 4.4886816e-01 3.0812061e-01
 8.7862231e-02 1.1613411e-02 1.1186943e-03 2.1067681e-04]",Others,20-39,0.0
/scratch/project_462000771/mengting/projects/bias/Wan2.1/prompt2/selected_faces/detected_unhappy/unhappy_person_0749_face0.png,Black,Black,Male,20-29,"[4.0891435e-04 9.3921423e-01 8.8730007e-03 1.2469043e-03 1.2186323e-02
 3.7632361e-02 4.3825136e-04]",[7.5109900e-05 9.4063693e-01 1.0202879e-03 5.8267705e-02],[0.7882274  0.21177258],"[1.0176762e-03 3.7565500e-02 9.7905427e-02 5.3284186e-01 2.7910843e-01
 4.6684638e-02 4.1412674e-03 5.8834464e-04 1.4679470e-04]",Black,20-39,
/scratch/project_462000771/mengting/projects/bias/Wan2.1/prompt2/selected_faces/detected_unhappy/unhappy_person_0750_face0.png,East Asian,Asian,Female,20-29,"[2.5476879e-03 3.2034205e-04 1.8577151e-02 6.5010172e-01 3.1452289e-01
 1.2984830e-02 9.4534346e-04]",[0.00135854 0.0016358  0.99413496 0.00287056],[0.06004048 0.9399595 ],"[1.1870176e-06 1.4649922e-04 4.5745328e-02 7.0037699e-01 2.2601832e-01
 2.6643289e-02 8.9322100e-04 1.6212337e-04 1.2981279e-05]",Asian,20-39,
/scratch/project_462000771/mengting/projects/bias/Wan2.1/prompt2/selected_faces/detected_unhappy/unhappy_person_0751_face0.png,White,White,Male,40-49,"[9.53714013e-01 1.79813491e-04 1.20420605e-02 1.17802331e-02
 7.76293874e-03 3.18514707e-04 1.42024672e-02]",[9.8280567e-01 3.5321942e-04 1.6672798e-02 1.6834824e-04],[0.99461555 0.0053844 ],"[3.6820635e-05 2.1223081e-04 1.3296051e-03 2.0394608e-02 2.4073255e-01
 5.0012273e-01 2.2769435e-01 9.0451930e-03 4.3195154e-04]",White,40-59,
/scratch/project_462000771/mengting/projects/bias/Wan2.1/prompt2/selected_faces/detected_unhappy/unhappy_person_0752_face0.png,Latino_Hispanic,Indian,Male,30-39,"[0.17436732 0.00105487 0.7049155  0.00937779 0.01092274 0.04140433
 0.0579575 ]",[0.2620892  0.06353589 0.04431733 0.6300575 ],[9.9960220e-01 3.9781583e-04],"[5.9012323e-06 1.1332775e-04 1.8563266e-03 2.7075589e-01 6.2536126e-01
 1.0040801e-01 1.4786549e-03 2.0282314e-05 3.6087562e-07]",Others,20-39,
/scratch/project_462000771/mengting/projects/bias/Wan2.1/prompt2/selected_faces/detected_unhappy/unhappy_person_0753_face0.png,White,White,Male,30-39,"[9.6550047e-01 1.4313511e-05 5.4228399e-03 2.1237445e-05 3.6113317e-05
 4.5837671e-05 2.8959122e-02]",[9.99817252e-01 4.23373331e-06 1.20054516e-04 5.84142254e-05],[9.9999768e-01 2.2776426e-06],"[5.6824579e-06 2.1432370e-05 1.8999021e-03 9.4459802e-02 6.1506277e-01
 2.8206161e-01 6.4206803e-03 6.7416448e-05 6.6606367e-07]",White,20-39,
/scratch/project_462000771/mengting/projects/bias/Wan2.1/prompt2/selected_faces/detected_unhappy/unhappy_person_0754_face0.png,White,White,Female,20-29,"[8.8772041e-01 1.2552614e-04 6.3115805e-02 5.2694585e-03 3.0491643e-03
 1.7220579e-03 3.8997561e-02]",[9.347318e-01 3.717507e-05 6.384029e-02 1.390848e-03],[4.8434612e-04 9.9951565e-01],"[1.9379631e-06 9.9728408e-04 7.7494256e-02 5.8943427e-01 2.7008519e-01
 5.8838129e-02 2.9525980e-03 1.6958266e-04 2.6759402e-05]",White,20-39,
/scratch/project_462000771/mengting/projects/bias/Wan2.1/prompt2/selected_faces/detected_unhappy/unhappy_person_0755_face0.png,White,White,Female,20-29,"[7.2862524e-01 3.5325781e-04 1.0016365e-02 1.5309286e-01 7.0353188e-02
 1.1011806e-02 2.6547331e-02]",[0.9267016  0.00107288 0.03948429 0.03274126],[0.04274457 0.9572554 ],"[4.1046453e-04 9.4295116e-03 5.9034135e-02 6.0699016e-01 1.9510062e-01
 1.1155576e-01 1.1431296e-02 2.9258898e-03 3.1221390e-03]",White,20-39,
/scratch/project_462000771/mengting/projects/bias/Wan2.1/prompt2/selected_faces/detected_unhappy/unhappy_person_0756_face0.png,White,White,Female,20-29,"[0.5538891  0.00197843 0.09534387 0.2126414  0.08764011 0.00707156
 0.0414355 ]",[9.7659510e-01 6.0622540e-04 1.9456832e-02 3.3418867e-03],[0.08782257 0.9121774 ],"[9.6769745e-06 2.9591881e-04 2.9523687e-02 5.6407756e-01 2.8462279e-01
 1.0415932e-01 1.5260785e-02 1.7560152e-03 2.9415687e-04]",White,20-39,
/scratch/project_462001220/mengting/projects_771/bias/Wan2.1/prompt2/complete_selected_faces/detected_unhappy/0757_face0.png,White,White,Female,20-29,"[5.0703222e-01 3.1619024e-04 2.6535121e-01 5.2540391e-03 4.3478440e-03
 2.8385740e-02 1.8931268e-01]",[8.4073186e-01 4.3368491e-04 7.7318731e-03 1.5110266e-01],[0.00180315 0.99819684],"[2.8610502e-06 3.5660929e-04 2.3960784e-02 4.2286837e-01 3.9962989e-01
 1.3493906e-01 1.6435817e-02 1.5788993e-03 2.2769804e-04]",White,20-39,1.0
/scratch/project_462001220/mengting/projects_771/bias/Wan2.1/prompt2/complete_selected_faces/detected_unhappy/0758_face0.png,Latino_Hispanic,White,Male,40-49,"[0.27308252 0.00134643 0.38133186 0.05619779 0.08530689 0.00898116
 0.19375333]",[0.60191303 0.00102104 0.36434555 0.03272041],[0.9902094  0.00979067],"[2.0873906e-05 1.8873838e-04 6.1853095e-03 8.6275630e-02 2.3011577e-01
 3.1935668e-01 3.0393982e-01 4.6646893e-02 7.2702887e-03]",Others,40-59,0.0
/scratch/project_462000771/mengting/projects/bias/Wan2.1/prompt2/selected_faces/detected_unhappy/unhappy_person_0759_face0.png,White,Asian,Female,40-49,"[0.4913378  0.00258572 0.3645473  0.00648181 0.02852708 0.02741009
 0.07911014]",[0.36909592 0.00922539 0.49031287 0.13136588],[0.02768185 0.9723182 ],"[1.1155528e-04 1.6353175e-03 1.2114872e-02 3.5967562e-02 1.7730597e-01
 4.2895085e-01 2.6359624e-01 7.0291243e-02 1.0026322e-02]",White,40-59,
/scratch/project_462000771/mengting/projects/bias/Wan2.1/prompt2/selected_faces/detected_unhappy/unhappy_person_0760_face0.png,White,White,Male,30-39,"[9.2646313e-01 2.9094832e-04 5.9718132e-02 1.4292764e-03 2.1580569e-03
 3.8816456e-03 6.0587605e-03]",[9.5780873e-01 4.1925439e-04 2.9599747e-02 1.2172236e-02],[9.9999475e-01 5.2602745e-06],"[1.2561235e-06 4.5784265e-05 3.1164726e-03 3.1728429e-01 6.3200766e-01
 4.7247559e-02 2.9441636e-04 2.4522087e-06 5.6578060e-08]",White,20-39,
/scratch/project_462001220/mengting/projects_771/bias/Wan2.1/prompt2/complete_selected_faces/detected_unhappy/0761_face0.png,Middle Eastern,White,Male,20-29,"[0.18746306 0.00129101 0.2091354  0.01285448 0.01097616 0.01629159
 0.5619883 ]",[0.7133771  0.00319783 0.24289316 0.04053194],[9.9996179e-01 3.8201302e-05],"[2.9321170e-06 3.8543090e-05 1.7864765e-03 5.5142581e-01 4.3383196e-01
 1.2852911e-02 6.0299852e-05 1.1339539e-06 3.0090185e-08]",Others,20-39,1.0
/scratch/project_462000771/mengting/projects/bias/Wan2.1/prompt2/selected_faces/detected_unhappy/unhappy_person_0762_face0.png,Latino_Hispanic,Asian,Female,20-29,"[3.5188654e-01 2.1643005e-04 4.8220521e-01 7.1046539e-02 3.2739218e-02
 3.4153941e-03 5.8490567e-02]",[3.4459120e-01 3.9599848e-04 6.5315878e-01 1.8540398e-03],[0.03320035 0.9667996 ],"[3.0628507e-07 4.5639303e-05 1.9935053e-02 4.7812608e-01 4.5571771e-01
 4.4683896e-02 1.4324010e-03 5.6236113e-05 2.5984423e-06]",Others,20-39,
/scratch/project_462000771/mengting/projects/bias/Wan2.1/prompt2/selected_faces/detected_unhappy/unhappy_person_0763_face0.png,Black,Black,Male,30-39,"[1.5398453e-07 9.9999702e-01 2.0967464e-06 2.7904565e-09 4.5386990e-08
 5.6488244e-07 1.1800105e-07]",[1.6505659e-07 9.9999213e-01 1.5469396e-06 6.1198430e-06],[9.9999994e-01 6.1363558e-08],"[1.2616553e-07 5.8160919e-07 3.1408232e-05 4.5176703e-02 5.2309555e-01
 4.1811234e-01 1.3500745e-02 7.9247555e-05 3.2173944e-06]",Black,20-39,
/scratch/project_462000771/mengting/projects/bias/Wan2.1/prompt2/selected_faces/detected_unhappy/unhappy_person_0764_face0.png,Middle Eastern,Indian,Male,30-39,"[0.04625611 0.01285412 0.38426393 0.0023727  0.00979682 0.11417794
 0.43027836]",[0.00453204 0.1026689  0.06795775 0.8248413 ],[0.8451947 0.1548053],"[3.6312711e-06 1.4437464e-04 1.4100097e-02 3.6890122e-01 5.4038185e-01
 7.1854122e-02 4.3590437e-03 2.4633677e-04 9.2805167e-06]",Others,20-39,
/scratch/project_462000771/mengting/projects/bias/Wan2.1/prompt2/selected_faces/detected_unhappy/unhappy_person_0765_face0.png,Black,Black,Female,20-29,"[6.7922032e-05 9.2899305e-01 7.2083599e-03 1.1956760e-03 2.3109091e-02
 3.9207205e-02 2.1860328e-04]",[8.5759719e-05 9.9077863e-01 1.6054666e-03 7.5301593e-03],[0.4789443  0.52105564],"[6.91452587e-05 1.44808525e-02 2.00186163e-01 4.74967897e-01
 2.07225367e-01 7.70873204e-02 1.87830385e-02 5.00073610e-03
 2.19944259e-03]",Black,20-39,
/scratch/project_462000771/mengting/projects/bias/Wan2.1/prompt2/selected_faces/detected_unhappy/unhappy_person_0766_face0.png,Black,Black,Male,30-39,"[3.5197998e-04 9.4371170e-01 9.1955382e-03 7.2949086e-05 5.3244777e-04
 4.5905586e-02 2.2976987e-04]",[0.00869297 0.9288752  0.00433358 0.05809828],[9.9957806e-01 4.2197766e-04],"[7.52341293e-07 2.28593890e-05 9.25625849e-04 1.11901544e-01
 6.48474276e-01 2.32715815e-01 5.88850956e-03 6.85743726e-05
 1.99231340e-06]",Black,20-39,
/scratch/project_462000771/mengting/projects/bias/Wan2.1/prompt2/selected_faces/detected_unhappy/unhappy_person_0767_face0.png,White,White,Male,30-39,"[9.0973860e-01 1.9234172e-05 6.8058029e-02 4.7414153e-04 6.2372169e-04
 5.6403567e-04 2.0522360e-02]",[9.9927199e-01 5.3271183e-06 1.8120767e-04 5.4149987e-04],[9.9974525e-01 2.5477289e-04],"[1.2722379e-06 1.4842669e-05 1.0698093e-03 7.9374984e-02 6.6358095e-01
 2.4912739e-01 6.7798900e-03 5.0147857e-05 7.3149261e-07]",White,20-39,
/scratch/project_462000771/mengting/projects/bias/Wan2.1/prompt2/selected_faces/detected_unhappy/unhappy_person_0768_face0.png,Southeast Asian,Asian,Female,20-29,"[2.9454064e-02 2.9249376e-04 4.2383984e-02 3.9909488e-01 5.2135336e-01
 7.0298696e-03 3.9133648e-04]",[7.7199809e-02 2.3535865e-04 8.8710535e-01 3.5459414e-02],[0.367645   0.63235503],"[1.8709510e-05 3.1534845e-03 1.0797764e-01 5.5814326e-01 2.8167817e-01
 4.7133848e-02 1.8183622e-03 7.0723829e-05 5.8189567e-06]",Asian,20-39,
/scratch/project_462000771/mengting/projects/bias/Wan2.1/prompt2/selected_faces/detected_unhappy/unhappy_person_0769_face0.png,White,White,Male,20-29,"[3.7557951e-01 2.1143822e-04 1.9413063e-01 2.3299758e-01 1.6088992e-01
 4.1556070e-03 3.2035235e-02]",[6.0563153e-01 3.9892988e-05 3.9227524e-01 2.0533251e-03],[9.9973810e-01 2.6189745e-04],"[6.0790268e-07 7.4307823e-06 5.2128220e-03 4.8313460e-01 4.7798926e-01
 3.2766595e-02 8.6033624e-04 2.7904358e-05 5.3598689e-07]",White,20-39,
/scratch/project_462000771/mengting/projects/bias/Wan2.1/prompt2/selected_faces/detected_unhappy/unhappy_person_0770_face0.png,Black,Black,Male,30-39,"[4.4631242e-04 9.6410269e-01 1.1371159e-02 2.6755388e-06 5.4170858e-05
 2.3533460e-02 4.8955454e-04]",[5.9972695e-05 9.9089938e-01 2.1899180e-04 8.8216644e-03],[9.9999762e-01 2.3308592e-06],"[2.7195135e-08 1.0797152e-06 2.8927816e-04 1.9004275e-01 7.3889911e-01
 7.0124567e-02 6.4122881e-04 2.0115087e-06 2.4264464e-08]",Black,20-39,
/scratch/project_462000771/mengting/projects/bias/Wan2.1/prompt2/selected_faces/detected_unhappy/unhappy_person_0771_face0.png,Middle Eastern,White,Female,30-39,"[2.8071058e-01 1.9037773e-04 2.4811305e-02 3.4220195e-03 5.5989465e-03
 4.6966663e-03 6.8057013e-01]",[9.1641927e-01 1.0914363e-04 7.7416278e-02 6.0553481e-03],[0.07661784 0.92338216],"[6.3723501e-06 1.8856421e-04 1.8970951e-02 2.2547221e-01 3.1112179e-01
 3.0443117e-01 9.7168826e-02 2.6497221e-02 1.6142808e-02]",White,20-39,
/scratch/project_462000771/mengting/projects/bias/Wan2.1/prompt2/selected_faces/detected_unhappy/unhappy_person_0772_face0.png,White,White,Male,40-49,"[7.7200317e-01 1.1055664e-05 2.2686057e-02 3.6348498e-05 8.6356551e-05
 1.0368425e-03 2.0414020e-01]",[9.9070668e-01 5.0338531e-06 8.9473976e-04 8.3935168e-03],[9.9996704e-01 3.2988868e-05],"[1.3878276e-06 5.6250024e-06 2.5325056e-04 5.0495169e-03 2.1911238e-01
 6.9091237e-01 8.4182784e-02 4.7887253e-04 3.8007461e-06]",White,40-59,
/scratch/project_462000771/mengting/projects/bias/Wan2.1/prompt2/selected_faces/detected_unhappy/unhappy_person_0773_face0.png,White,Asian,Female,40-49,"[9.1917402e-01 7.0016817e-05 1.5257155e-02 4.4467509e-02 6.2526027e-03
 7.0343429e-04 1.4075319e-02]",[3.4938058e-01 5.1185075e-04 6.4235318e-01 7.7543920e-03],[0.01405798 0.985942  ],"[3.8659116e-05 2.7603016e-03 2.4924671e-02 2.9115519e-01 2.8229111e-01
 3.1144565e-01 7.7436961e-02 6.9356705e-03 3.0118129e-03]",White,40-59,
/scratch/project_462000771/mengting/projects/bias/Wan2.1/prompt2/selected_faces/detected_unhappy/unhappy_person_0774_face0.png,White,White,Male,20-29,"[9.7409600e-01 4.7873004e-07 4.3967692e-03 5.8269576e-04 3.2541566e-04
 2.0023166e-04 2.0398369e-02]",[9.9448711e-01 8.7259150e-06 3.6930917e-03 1.8111663e-03],[9.9997580e-01 2.4224364e-05],"[2.22674132e-07 6.71582302e-06 9.86177009e-04 5.53730369e-01
 4.30684894e-01 1.45065775e-02 8.46451076e-05 4.45167132e-07
 9.90910731e-09]",White,20-39,
/scratch/project_462000771/mengting/projects/bias/Wan2.1/prompt2/selected_faces/detected_unhappy/unhappy_person_0775_face0.png,White,Asian,Female,20-29,"[6.6164213e-01 5.5895577e-04 4.4536091e-02 2.1951859e-01 6.8948179e-02
 3.3619630e-04 4.4598756e-03]",[2.80053169e-01 1.20125434e-04 7.18268871e-01 1.55788125e-03],[2.1500021e-04 9.9978501e-01],"[2.4912400e-05 1.4994384e-02 1.4068446e-01 5.9077877e-01 2.1830721e-01
 3.1670760e-02 2.7778666e-03 6.1235059e-04 1.4923632e-04]",White,20-39,
/scratch/project_462000771/mengting/projects/bias/Wan2.1/prompt2/selected_faces/detected_unhappy/unhappy_person_0776_face0.png,White,White,Male,30-39,"[8.4149867e-01 5.5508244e-06 2.6541132e-02 3.3165913e-04 1.2898006e-03
 6.0444477e-04 1.2972875e-01]",[9.9895060e-01 7.0478573e-06 7.7478489e-04 2.6761540e-04],[0.9876552  0.01234481],"[2.4654727e-07 1.8521986e-06 1.1919299e-03 1.5105948e-01 4.3847701e-01
 3.4950119e-01 5.5690128e-02 3.7973919e-03 2.8076291e-04]",White,20-39,
/scratch/project_462000771/mengting/projects/bias/Wan2.1/prompt2/selected_faces/detected_unhappy/unhappy_person_0777_face0.png,White,Asian,Male,20-29,"[0.30813494 0.01475153 0.30738592 0.13569386 0.08888289 0.05678186
 0.08836897]",[0.04388946 0.02681626 0.8897621  0.03953215],[0.9935577 0.0064423],"[5.0481458e-07 3.8078757e-05 6.0488410e-02 7.7205086e-01 1.4915553e-01
 1.6980175e-02 1.0993511e-03 1.6164823e-04 2.5414181e-05]",White,20-39,
/scratch/project_462001220/mengting/projects_771/bias/Wan2.1/prompt2/complete_selected_faces/detected_unhappy/0778_face0.png,White,White,Male,30-39,"[4.9484336e-01 5.8790272e-05 2.0023251e-01 1.6279775e-04 4.7066688e-04
 1.5658857e-01 1.4764325e-01]",[8.8686520e-01 3.1670998e-04 6.6708662e-03 1.0614724e-01],[9.9987042e-01 1.2956002e-04],"[7.8700095e-06 7.8432990e-05 5.8606626e-03 2.0487364e-01 6.1949217e-01
 1.6429302e-01 5.3248447e-03 6.7685396e-05 1.6141059e-06]",White,20-39,0.0
/scratch/project_462000771/mengting/projects/bias/Wan2.1/prompt2/selected_faces/detected_unhappy/unhappy_person_0779_face0.png,White,White,Male,30-39,"[9.8601490e-01 7.6445685e-06 4.9886620e-04 2.0227864e-05 2.6886411e-05
 6.1812294e-05 1.3369723e-02]",[9.9900609e-01 1.0214472e-04 2.5277768e-04 6.3894643e-04],[0.9914636  0.00853637],"[2.9731043e-06 2.8625476e-05 7.7156333e-04 9.0776488e-02 6.1610895e-01
 2.8650588e-01 5.7468531e-03 5.4444754e-05 4.3209434e-06]",White,20-39,
/scratch/project_462000771/mengting/projects/bias/Wan2.1/prompt2/selected_faces/detected_unhappy/unhappy_person_0780_face0.png,White,Asian,Female,20-29,"[0.6129978  0.00415911 0.0232646  0.18148772 0.1422306  0.01172055
 0.02413963]",[0.45359164 0.00122291 0.53971773 0.00546772],[0.1180199 0.8819801],"[0.00061027 0.02022453 0.09308829 0.58685654 0.19858523 0.07659731
 0.01296962 0.00476966 0.00629851]",White,20-39,
/scratch/project_462001220/mengting/projects_771/bias/Wan2.1/prompt2/complete_selected_faces/detected_unhappy/0781_face0.png,White,White,Female,20-29,"[6.8648058e-01 1.8061271e-05 9.2650518e-02 6.6731633e-03 1.8757377e-03
 2.3173217e-03 2.0998462e-01]",[9.9748445e-01 9.7689679e-07 2.4809379e-03 3.3617525e-05],[1.0630188e-04 9.9989372e-01],"[3.8946791e-06 1.1191483e-03 5.8088835e-02 5.2390569e-01 3.6542192e-01
 5.0534304e-02 8.9641806e-04 2.8349625e-05 1.4155711e-06]",White,20-39,1.0
/scratch/project_462000771/mengting/projects/bias/Wan2.1/prompt2/selected_faces/detected_unhappy/unhappy_person_0782_face0.png,Middle Eastern,Indian,Male,50-59,"[4.39114384e-02 3.96947900e-04 1.24579586e-01 2.36258935e-03
 1.76471416e-02 1.03043370e-01 7.08058953e-01]",[0.28394228 0.00305986 0.00624104 0.70675683],[0.9637562  0.03624384],"[6.5370390e-05 4.5336882e-04 3.1668614e-03 1.1366788e-02 9.1832682e-02
 3.8092157e-01 4.2946497e-01 5.6188978e-02 2.6539458e-02]",Others,40-59,
/scratch/project_462001220/mengting/projects_771/bias/Wan2.1/prompt2/complete_selected_faces/detected_unhappy/0783_face0.png,Middle Eastern,White,Male,20-29,"[3.7724563e-01 1.6637464e-04 1.6662033e-01 6.2986423e-04 1.0782824e-03
 3.1834573e-02 4.2242497e-01]",[9.6842510e-01 2.6475667e-04 4.1515483e-03 2.7158532e-02],[9.999966e-01 3.401358e-06],"[8.2301364e-07 1.6837654e-05 4.6222005e-03 4.8739722e-01 4.8141402e-01
 2.6287535e-02 2.5772813e-04 3.5463827e-06 7.0851620e-08]",White,20-39,1.0
/scratch/project_462000771/mengting/projects/bias/Wan2.1/prompt2/selected_faces/detected_unhappy/unhappy_person_0784_face0.png,Middle Eastern,Asian,Male,40-49,"[0.23225942 0.0003905  0.06002043 0.2865927  0.08244995 0.00215195
 0.33613506]",[2.9038063e-01 1.7357052e-04 7.0776033e-01 1.6854012e-03],[0.9445087  0.05549132],"[1.2239214e-04 4.3849705e-04 1.4895365e-02 2.1852161e-01 2.8427714e-01
 3.0746824e-01 1.3618426e-01 3.4920771e-02 3.1716872e-03]",Asian,40-59,
/scratch/project_462000771/mengting/projects/bias/Wan2.1/prompt2/selected_faces/detected_unhappy/unhappy_person_0785_face0.png,White,White,Female,20-29,"[9.6255642e-01 7.8983598e-05 2.9392198e-03 1.1076243e-04 1.9704760e-04
 4.4414337e-04 3.3673499e-02]",[9.9825776e-01 3.0913189e-04 5.0258992e-04 9.3045336e-04],[0.36891738 0.63108265],"[7.3856691e-06 1.6266055e-04 1.4951845e-02 4.8727921e-01 3.0279151e-01
 1.5814595e-01 2.9421985e-02 4.7851657e-03 2.4542764e-03]",White,20-39,
/scratch/project_462000771/mengting/projects/bias/Wan2.1/prompt2/selected_faces/detected_unhappy/unhappy_person_0786_face0.png,White,White,Male,50-59,"[0.4270794  0.00161031 0.08106823 0.03715876 0.03481299 0.02092145
 0.39734888]",[9.2961776e-01 4.3997509e-04 5.9543792e-02 1.0398543e-02],[0.9952874  0.00471261],"[6.7020927e-05 2.4209193e-04 3.8735589e-03 7.0015550e-02 1.0995367e-01
 2.9461375e-01 4.0581533e-01 9.3136132e-02 2.2282884e-02]",White,40-59,
/scratch/project_462000771/mengting/projects/bias/Wan2.1/prompt2/selected_faces/detected_unhappy/unhappy_person_0787_face0.png,White,White,Male,20-29,"[7.15331495e-01 1.68918312e-04 1.13915496e-01 1.60047263e-02
 1.05406698e-02 3.19172372e-03 1.40846938e-01]",[9.5242405e-01 1.9655384e-04 3.9102565e-02 8.2768314e-03],[0.9890061  0.01099392],"[4.2751653e-06 3.6768187e-04 6.2678538e-02 5.9964907e-01 2.3670198e-01
 8.6697675e-02 1.3184148e-02 6.3340378e-04 8.3172738e-05]",White,20-39,
/scratch/project_462000771/mengting/projects/bias/Wan2.1/prompt2/selected_faces/detected_unhappy/unhappy_person_0788_face0.png,White,White,Male,40-49,"[0.6364923  0.01948882 0.11452489 0.02922504 0.02072804 0.00802076
 0.17152017]",[0.97418064 0.00248614 0.00896355 0.0143696 ],[9.9973404e-01 2.6595607e-04],"[2.2886384e-04 3.7184701e-04 7.0185744e-04 3.3299413e-02 3.7426934e-01
 4.9139342e-01 9.3534611e-02 5.7396735e-03 4.6094606e-04]",White,40-59,
/scratch/project_462000771/mengting/projects/bias/Wan2.1/prompt2/selected_faces/detected_unhappy/unhappy_person_0789_face0.png,White,White,Male,20-29,"[9.9842530e-01 1.6727191e-07 8.6474960e-05 1.0372542e-03 1.2133557e-04
 1.4627894e-06 3.2796874e-04]",[9.7110212e-01 1.2737943e-04 2.7707636e-02 1.0628857e-03],[0.99813455 0.0018655 ],"[1.33419935e-05 1.60002185e-03 6.51040524e-02 4.38297540e-01
 2.73575097e-01 1.72982514e-01 4.53174189e-02 2.81557930e-03
 2.94378755e-04]",White,20-39,
/scratch/project_462000771/mengting/projects/bias/Wan2.1/prompt2/selected_faces/detected_unhappy/unhappy_person_0790_face0.png,White,White,Male,30-39,"[7.6703954e-01 5.0521729e-05 1.2327106e-01 2.2399980e-03 1.9089481e-03
 2.3898497e-02 8.1591360e-02]",[7.7952445e-01 3.3712311e-04 2.3934975e-02 1.9620357e-01],[9.9969530e-01 3.0472325e-04],"[4.6278255e-06 2.3419319e-05 1.3364817e-03 1.6978630e-01 6.8331081e-01
 1.4322142e-01 2.2798369e-03 3.6182984e-05 8.9072199e-07]",White,20-39,
/scratch/project_462000771/mengting/projects/bias/Wan2.1/prompt2/selected_faces/detected_unhappy/unhappy_person_0791_face0.png,Latino_Hispanic,White,Male,30-39,"[0.21747985 0.00051661 0.4899277  0.01679016 0.02606974 0.02390596
 0.22530994]",[9.4101655e-01 1.9517713e-04 2.7572522e-02 3.1215750e-02],[0.62225443 0.37774557],"[8.7992212e-06 2.6282051e-04 3.3632141e-02 2.7312434e-01 3.7377581e-01
 2.5152346e-01 5.9206046e-02 7.5904825e-03 8.7612902e-04]",Others,20-39,
/scratch/project_462000771/mengting/projects/bias/Wan2.1/prompt2/selected_faces/detected_unhappy/unhappy_person_0792_face0.png,White,White,Female,20-29,"[0.6920991  0.00106587 0.07790302 0.0690667  0.04252107 0.00795627
 0.10938799]",[0.9796242  0.0034107  0.01057883 0.00638624],[0.00171308 0.99828696],"[4.7623322e-05 3.7550591e-03 4.9286976e-02 4.2730576e-01 3.2679635e-01
 1.6189034e-01 2.6079405e-02 3.4030243e-03 1.4354072e-03]",White,20-39,
/scratch/project_462000771/mengting/projects/bias/Wan2.1/prompt2/selected_faces/detected_unhappy/unhappy_person_0793_face0.png,Black,Black,Female,30-39,"[0.00619103 0.54735047 0.38480216 0.0008594  0.00340223 0.03281964
 0.02457511]",[0.00419349 0.9778805  0.00269042 0.01523563],[0.00302774 0.99697226],"[2.0840166e-06 1.4037664e-04 1.7448740e-02 1.4245246e-01 6.1723936e-01
 1.9734576e-01 2.4373552e-02 9.9268113e-04 4.9578985e-06]",Black,20-39,
/scratch/project_462000771/mengting/projects/bias/Wan2.1/prompt2/selected_faces/detected_unhappy/unhappy_person_0794_face0.png,Latino_Hispanic,White,Male,40-49,"[0.29383665 0.0057736  0.29523984 0.00061804 0.00195947 0.10932741
 0.2932449 ]",[0.96290344 0.00251358 0.002174   0.03240898],[0.99844617 0.00155389],"[1.9978897e-06 1.4129784e-05 1.2241370e-03 8.7746821e-02 3.7291327e-01
 4.0339768e-01 1.2921660e-01 5.0366689e-03 4.4872111e-04]",Others,40-59,
/scratch/project_462001220/mengting/projects_771/bias/Wan2.1/prompt2/complete_selected_faces/detected_unhappy/0795_face0.png,Middle Eastern,White,Male,20-29,"[0.24582967 0.00177539 0.19669482 0.00113468 0.00357642 0.02616497
 0.524824  ]",[9.6195495e-01 4.2072893e-04 1.2278742e-03 3.6396377e-02],[9.993411e-01 6.589822e-04],"[4.7311610e-06 4.4821183e-05 1.0537935e-02 4.1410971e-01 3.7365308e-01
 1.6490646e-01 3.1531118e-02 4.7540246e-03 4.5826740e-04]",White,20-39,1.0
/scratch/project_462000771/mengting/projects/bias/Wan2.1/prompt2/selected_faces/detected_unhappy/unhappy_person_0796_face0.png,East Asian,Asian,Male,20-29,"[8.1789456e-03 3.7179599e-04 2.8253763e-03 8.5843867e-01 1.1851087e-01
 3.0979202e-03 8.5764043e-03]",[1.7839829e-02 6.0397200e-04 9.5862293e-01 2.2933222e-02],[0.99189115 0.00810888],"[8.9847716e-05 1.5153809e-03 4.1304868e-02 5.4630297e-01 1.4804482e-01
 1.2964171e-01 4.4940483e-02 5.8739483e-02 2.9420434e-02]",Asian,20-39,
/scratch/project_462000771/mengting/projects/bias/Wan2.1/prompt2/selected_faces/detected_unhappy/unhappy_person_0797_face0.png,White,White,Male,30-39,"[9.9744982e-01 6.4471834e-07 1.1427263e-03 1.2169914e-06 3.1422701e-06
 7.5100914e-05 1.3274588e-03]",[9.9947935e-01 3.9071765e-05 4.3037060e-05 4.3842310e-04],[9.999994e-01 6.483688e-07],"[3.5081683e-08 3.1895101e-07 7.4775402e-05 6.2962838e-02 7.7427286e-01
 1.6183551e-01 8.5201859e-04 1.6525892e-06 1.6255189e-08]",White,20-39,
/scratch/project_462000771/mengting/projects/bias/Wan2.1/prompt2/selected_faces/detected_unhappy/unhappy_person_0798_face0.png,Latino_Hispanic,White,Female,20-29,"[0.36726776 0.01130187 0.43610808 0.0064221  0.0074584  0.0399312
 0.13151057]",[0.8676944  0.04354119 0.00284332 0.08592108],[0.00102109 0.9989789 ],"[1.0920621e-06 1.2397992e-04 2.2631697e-02 5.1940519e-01 3.7466452e-01
 7.6349646e-02 6.4900839e-03 3.1666915e-04 1.7156675e-05]",Others,20-39,
/scratch/project_462000771/mengting/projects/bias/Wan2.1/prompt2/selected_faces/detected_unhappy/unhappy_person_0799_face0.png,White,White,Male,30-39,"[9.6632999e-01 5.1612960e-04 1.2452561e-02 4.8222919e-03 3.2495190e-03
 7.5405708e-04 1.1875481e-02]",[9.9892366e-01 1.0608049e-04 6.1385764e-04 3.5638487e-04],[0.9971749  0.00282512],"[1.0787310e-05 6.2421685e-05 2.3390327e-03 1.6898741e-01 4.4480690e-01
 3.3295003e-01 4.3810420e-02 5.9655346e-03 1.0674539e-03]",White,20-39,
/scratch/project_462000771/mengting/projects/bias/Wan2.1/prompt2/selected_faces/detected_unhappy/unhappy_person_0800_face0.png,White,White,Male,40-49,"[8.1189334e-01 7.4524694e-04 7.0548333e-02 1.1465707e-03 1.0056109e-03
 1.1544298e-02 1.0311670e-01]",[9.9561262e-01 1.1070775e-05 3.3442397e-03 1.0321194e-03],[9.9996936e-01 3.0645679e-05],"[9.8074170e-06 1.3012594e-05 4.7523365e-05 1.1083617e-02 4.5941365e-01
 5.0606728e-01 2.3152387e-02 2.0977252e-04 2.9168652e-06]",White,40-59,
/scratch/project_462000771/mengting/projects/bias/Wan2.1/prompt2/selected_faces/detected_unhappy/unhappy_person_0801_face0.png,White,White,Male,40-49,"[9.1769016e-01 1.1377215e-03 1.0013848e-02 4.4212220e-04 9.8751858e-04
 3.4803506e-03 6.6248253e-02]",[0.948241   0.00357806 0.00754123 0.04063971],[9.9996549e-01 3.4486406e-05],"[2.4976052e-06 3.0600308e-06 3.1786773e-04 3.9095134e-02 2.2012031e-01
 4.5463929e-01 2.3641686e-01 4.4223797e-02 5.1811389e-03]",White,40-59,
/scratch/project_462000771/mengting/projects/bias/Wan2.1/prompt2/selected_faces/detected_unhappy/unhappy_person_0802_face0.png,White,White,Female,20-29,"[0.4987677  0.00459324 0.31159216 0.00179663 0.00242464 0.00329271
 0.17753287]",[9.6784133e-01 2.4484450e-03 6.0280832e-04 2.9107379e-02],[0.00194422 0.99805576],"[1.4285685e-06 2.6075344e-04 3.0175123e-02 4.7689411e-01 4.2250854e-01
 6.6940464e-02 3.0559704e-03 1.5574315e-04 7.8293087e-06]",White,20-39,
/scratch/project_462000771/mengting/projects/bias/Wan2.1/prompt2/selected_faces/detected_unhappy/unhappy_person_0803_face0.png,Middle Eastern,Indian,Female,30-39,"[0.19969235 0.00231397 0.18544234 0.00174495 0.00376969 0.06097789
 0.54605883]",[0.24744332 0.11670863 0.11204933 0.52379876],[0.01731632 0.9826837 ],"[1.0580305e-05 3.2411786e-04 1.2114839e-02 1.7684038e-01 4.4647571e-01
 3.2074714e-01 3.9620832e-02 3.3541725e-03 5.1227631e-04]",White,20-39,
/scratch/project_462000771/mengting/projects/bias/Wan2.1/prompt2/selected_faces/detected_unhappy/unhappy_person_0804_face0.png,White,White,Male,40-49,"[9.9347824e-01 2.3042203e-05 7.8149693e-04 2.3413410e-05 2.2381464e-05
 9.4333394e-05 5.5772020e-03]",[9.988976e-01 3.176178e-05 9.375055e-04 1.331318e-04],[0.99289584 0.00710417],"[2.2463864e-05 1.0343971e-04 9.7124715e-04 5.6921452e-02 3.3930251e-01
 5.2670074e-01 7.4039631e-02 1.7191168e-03 2.1939557e-04]",White,40-59,
/scratch/project_462000771/mengting/projects/bias/Wan2.1/prompt2/selected_faces/detected_unhappy/unhappy_person_0805_face0.png,White,White,Male,10-19,"[9.0878850e-01 1.1460769e-05 6.4677531e-03 5.3083338e-02 1.3214643e-02
 6.0649595e-04 1.7827887e-02]",[5.5320245e-01 3.4933317e-05 4.4537631e-01 1.3863681e-03],[0.9904038  0.00959621],"[2.8069751e-04 3.4389880e-02 5.0028723e-01 3.9691228e-01 5.3225029e-02
 1.3519222e-02 1.1897784e-03 1.6801215e-04 2.7900383e-05]",White,10-19,
/scratch/project_462001220/mengting/projects_771/bias/Wan2.1/prompt2/complete_selected_faces/detected_unhappy/0806_face0.png,East Asian,Asian,Female,20-29,"[2.1583652e-01 2.3993494e-05 9.2965579e-03 7.4133354e-01 1.8904151e-02
 2.3752700e-04 1.4367657e-02]",[1.2112571e-01 7.2017261e-05 8.7830955e-01 4.9276528e-04],[0.00219393 0.9978061 ],"[9.06010939e-07 2.58773420e-04 4.18124869e-02 7.80345559e-01
 1.66104421e-01 1.12510938e-02 2.10533894e-04 1.42917415e-05
 1.91237245e-06]",Asian,20-39,1.0
/scratch/project_462000771/mengting/projects/bias/Wan2.1/prompt2/selected_faces/detected_unhappy/unhappy_person_0807_face0.png,East Asian,Asian,Female,20-29,"[0.0087746  0.00086209 0.00744297 0.7248729  0.24722454 0.00783751
 0.00298542]",[0.02763507 0.00528526 0.8128099  0.15426978],[0.20636679 0.79363316],"[2.3837322e-04 6.4513176e-03 6.1508674e-02 6.6946971e-01 1.4542419e-01
 5.6345154e-02 1.6540883e-02 1.8950364e-02 2.5071349e-02]",Asian,20-39,
/scratch/project_462000771/mengting/projects/bias/Wan2.1/prompt2/selected_faces/detected_unhappy/unhappy_person_0808_face0.png,White,White,Male,20-29,"[0.5677375  0.00174551 0.23177256 0.01534245 0.02544521 0.00686781
 0.1510889 ]",[9.6310794e-01 1.4225116e-04 3.4140557e-02 2.6093170e-03],[0.9975257  0.00247423],"[3.4452394e-05 1.0047784e-03 5.2068867e-02 3.5863164e-01 2.4649915e-01
 2.3928024e-01 9.0233147e-02 1.0855746e-02 1.3919702e-03]",White,20-39,
/scratch/project_462000771/mengting/projects/bias/Wan2.1/prompt2/selected_faces/detected_unhappy/unhappy_person_0809_face0.png,White,Asian,Female,30-39,"[0.3538002  0.00054138 0.15112972 0.30546778 0.10327334 0.00906565
 0.07672187]",[0.16118398 0.00686899 0.7465868  0.08536024],[0.12910447 0.8708955 ],"[4.9536215e-05 1.7636491e-03 3.7979167e-02 2.1563213e-01 3.1267250e-01
 2.8474018e-01 1.1848271e-01 2.2137623e-02 6.5424577e-03]",White,20-39,
/scratch/project_462001220/mengting/projects_771/bias/Wan2.1/prompt2/complete_selected_faces/detected_unhappy/0810_face0.png,White,Indian,Male,40-49,"[3.8129345e-01 6.4199716e-03 3.2759500e-01 3.3844920e-04 1.1611320e-03
 1.5105583e-01 1.3213618e-01]",[0.32822368 0.01558755 0.00392812 0.65226066],[9.9913323e-01 8.6679764e-04],"[8.2196755e-05 2.7840794e-04 8.1566611e-04 1.1179017e-02 2.2618923e-01
 6.2855059e-01 1.2949131e-01 3.2511528e-03 1.6241678e-04]",White,40-59,1.0
/scratch/project_462000771/mengting/projects/bias/Wan2.1/prompt2/selected_faces/detected_unhappy/unhappy_person_0811_face0.png,White,White,Male,30-39,"[0.5779382  0.00229847 0.15979747 0.03960457 0.07373424 0.10588635
 0.04074073]",[9.1754663e-01 1.6089209e-04 4.8241135e-02 3.4051359e-02],[0.9751372  0.02486286],"[9.20733964e-06 1.05581246e-04 5.42826438e-03 2.04118282e-01
 3.90887022e-01 3.31505060e-01 6.09692857e-02 6.04415918e-03
 9.33219562e-04]",White,20-39,
/scratch/project_462000771/mengting/projects/bias/Wan2.1/prompt2/selected_faces/detected_unhappy/unhappy_person_0812_face0.png,Latino_Hispanic,Asian,Female,30-39,"[5.5539887e-02 7.4650445e-05 4.0643659e-01 1.1967814e-01 3.9814994e-01
 9.2440816e-03 1.0876706e-02]",[2.8663927e-01 1.7678177e-04 6.4709216e-01 6.6091694e-02],[1.9395772e-04 9.9980605e-01],"[3.5117571e-06 3.8033482e-04 3.1997126e-02 1.9028375e-01 4.0887159e-01
 2.6541689e-01 8.5090116e-02 1.6116757e-02 1.8399180e-03]",Others,20-39,
/scratch/project_462000771/mengting/projects/bias/Wan2.1/prompt2/selected_faces/detected_unhappy/unhappy_person_0813_face0.png,White,White,Male,50-59,"[7.7129048e-01 3.1035411e-04 3.6964744e-02 2.1294311e-03 2.5924586e-03
 2.8351063e-03 1.8387733e-01]",[9.9158233e-01 1.7379331e-04 5.7311542e-03 2.5127111e-03],[0.9568115  0.04318851],"[8.1017715e-05 3.4846121e-04 1.2149768e-03 4.0861941e-03 4.7689598e-02
 2.9081395e-01 5.4033154e-01 9.4150148e-02 2.1284051e-02]",White,40-59,
/scratch/project_462000771/mengting/projects/bias/Wan2.1/prompt2/selected_faces/detected_unhappy/unhappy_person_0814_face0.png,White,White,Male,50-59,"[0.56625533 0.00101026 0.08687581 0.00159408 0.00234051 0.01254821
 0.3293758 ]",[9.6666342e-01 7.0725300e-04 8.5698133e-03 2.4059528e-02],[0.8683615  0.13163856],"[0.00152631 0.00507625 0.00647573 0.01166375 0.08054303 0.3635812
 0.47386807 0.05172856 0.00553705]",White,40-59,
/scratch/project_462000771/mengting/projects/bias/Wan2.1/prompt2/selected_faces/detected_unhappy/unhappy_person_0815_face0.png,East Asian,Asian,Female,20-29,"[2.1442506e-01 2.6053481e-04 5.6320321e-02 6.4854485e-01 7.0968725e-02
 2.9094142e-03 6.5711094e-03]",[0.32584834 0.00113434 0.57457393 0.09844343],[0.04968476 0.95031524],"[2.2682991e-07 6.8481750e-05 2.9660555e-02 6.8318486e-01 2.6817068e-01
 1.8718302e-02 1.8336200e-04 1.2530544e-05 1.0029053e-06]",Asian,20-39,
/scratch/project_462000771/mengting/projects/bias/Wan2.1/prompt2/selected_faces/detected_unhappy/unhappy_person_0816_face0.png,White,White,Male,30-39,"[9.92042601e-01 3.59978742e-07 9.66495485e-04 8.09871835e-07
 3.95332017e-06 1.10250185e-04 6.87551359e-03]",[9.9340171e-01 5.7327408e-05 3.7874025e-04 6.1621708e-03],[9.9957985e-01 4.2015599e-04],"[3.5714951e-08 3.9023812e-06 1.7612593e-03 3.8866851e-01 5.5398828e-01
 5.5042200e-02 5.3379789e-04 1.9182767e-06 9.4066223e-08]",White,20-39,
/scratch/project_462000771/mengting/projects/bias/Wan2.1/prompt2/selected_faces/detected_unhappy/unhappy_person_0817_face0.png,Middle Eastern,Indian,Male,30-39,"[1.75966639e-02 5.32200385e-04 1.08215675e-01 1.82201875e-05
 3.45248845e-04 2.89197117e-01 5.84094822e-01]",[0.04251404 0.00310489 0.00254738 0.95183367],[9.9969971e-01 3.0030461e-04],"[1.3883216e-06 2.0879403e-05 2.3285064e-03 1.1393299e-01 5.7615870e-01
 2.9629874e-01 1.0907169e-02 3.3202089e-04 1.9682817e-05]",Others,20-39,
/scratch/project_462000771/mengting/projects/bias/Wan2.1/prompt2/selected_faces/detected_unhappy/unhappy_person_0818_face0.png,White,White,Female,20-29,"[8.6741519e-01 4.6267247e-05 1.8812971e-02 2.2097828e-02 7.0617218e-03
 1.2293517e-03 8.3336592e-02]",[8.4546548e-01 4.6090351e-04 1.4577775e-01 8.2959309e-03],[0.06960519 0.9303948 ],"[1.1889228e-05 5.3068146e-04 4.1000810e-02 5.8562440e-01 2.5676507e-01
 9.6413456e-02 1.5456955e-02 2.9199913e-03 1.2767322e-03]",White,20-39,
/scratch/project_462000771/mengting/projects/bias/Wan2.1/prompt2/selected_faces/detected_unhappy/unhappy_person_0819_face0.png,White,White,Male,30-39,"[0.36235577 0.00553028 0.21051168 0.06454201 0.1607809  0.08066276
 0.11561657]",[0.6492678  0.0148426  0.06194491 0.27394468],[9.9998081e-01 1.9211415e-05],"[2.6406315e-07 1.1306616e-05 5.2794074e-03 3.7976688e-01 4.5381376e-01
 1.5250398e-01 7.9657622e-03 6.1217521e-04 4.6400492e-05]",White,20-39,
/scratch/project_462000771/mengting/projects/bias/Wan2.1/prompt2/selected_faces/detected_unhappy/unhappy_person_0820_face0.png,White,White,Female,30-39,"[0.33663824 0.03445502 0.25199386 0.17401241 0.15913132 0.00720268
 0.03656638]",[0.8815619  0.00130214 0.11257373 0.00456235],[0.01649734 0.9835026 ],"[2.3829385e-04 5.1807486e-03 1.3942314e-02 2.2197586e-01 4.5195103e-01
 2.4704805e-01 4.8808992e-02 8.7079862e-03 2.1466999e-03]",White,20-39,
/scratch/project_462000771/mengting/projects/bias/Wan2.1/prompt2/selected_faces/detected_unhappy/unhappy_person_0821_face0.png,Middle Eastern,White,Male,30-39,"[4.2595065e-01 2.5062633e-05 1.6892273e-02 5.9071928e-04 2.7160303e-04
 1.7519534e-03 5.5451769e-01]",[9.9388784e-01 1.8742352e-04 4.1547674e-03 1.7699979e-03],[9.9985254e-01 1.4741610e-04],"[7.2930707e-06 3.5900470e-05 8.3173288e-04 1.6981295e-01 6.7371827e-01
 1.5221405e-01 3.3246970e-03 5.3778727e-05 1.3296191e-06]",White,20-39,
/scratch/project_462001220/mengting/projects_771/bias/Wan2.1/prompt2/complete_selected_faces/detected_unhappy/0822_face0.png,Black,Black,Male,30-39,"[6.1852556e-06 9.9842006e-01 3.0016739e-04 3.3990302e-05 3.6558846e-04
 8.6160243e-04 1.2361033e-05]",[3.8898215e-05 9.8507476e-01 4.9001388e-03 9.9862134e-03],[9.999903e-01 9.722079e-06],"[2.9054447e-06 5.9980073e-05 1.4090219e-03 1.6164400e-01 5.2133346e-01
 2.9661942e-01 1.8230380e-02 6.3989207e-04 6.0893017e-05]",Black,20-39,1.0
/scratch/project_462000771/mengting/projects/bias/Wan2.1/prompt2/selected_faces/detected_unhappy/unhappy_person_0823_face0.png,Black,Black,Male,10-19,"[3.4117929e-04 9.2432779e-01 2.0283530e-02 9.2621245e-05 2.6993048e-03
 4.7475096e-02 4.7805035e-03]",[0.00241472 0.8025328  0.01947336 0.17557918],[9.994182e-01 5.817808e-04],"[7.1064546e-04 2.1941136e-01 6.4870292e-01 8.7980092e-02 2.4061503e-02
 1.4551443e-02 3.1554881e-03 1.0960755e-03 3.3051567e-04]",Black,10-19,
/scratch/project_462000771/mengting/projects/bias/Wan2.1/prompt2/selected_faces/detected_unhappy/unhappy_person_0824_face0.png,White,White,Male,20-29,"[9.6441376e-01 5.4264077e-05 8.2401708e-03 1.6286617e-02 6.9909338e-03
 2.6561620e-04 3.7486677e-03]",[9.5945215e-01 1.5675621e-03 3.8331661e-02 6.4860552e-04],[0.9957162 0.0042838],"[2.2066995e-06 3.7116359e-04 8.5793443e-02 6.5359914e-01 2.1946706e-01
 3.8099941e-02 2.4917345e-03 1.5771776e-04 1.7510854e-05]",White,20-39,
/scratch/project_462000771/mengting/projects/bias/Wan2.1/prompt2/selected_faces/detected_unhappy/unhappy_person_0825_face0.png,White,White,Male,30-39,"[4.7875762e-01 2.6309854e-04 1.2724841e-01 1.2763921e-04 2.5061812e-04
 2.9394483e-02 3.6395806e-01]",[9.1756141e-01 3.9937778e-04 2.7008917e-02 5.5030275e-02],[9.9997574e-01 2.4292040e-05],"[6.2287933e-07 2.4016313e-06 4.8585985e-05 2.9954029e-02 6.6640651e-01
 3.0040962e-01 3.1693757e-03 8.8429179e-06 1.0086585e-07]",White,20-39,
/scratch/project_462001220/mengting/projects_771/bias/Wan2.1/prompt2/complete_selected_faces/detected_unhappy/0826_face0.png,Indian,Indian,Male,10-19,"[0.01456839 0.04203602 0.35298404 0.00083377 0.00849869 0.41283968
 0.16823938]",[0.01006202 0.03404355 0.01130749 0.94458693],[0.8103709 0.1896291],"[0.00032418 0.02505605 0.31248346 0.1827395  0.16493638 0.20128678
 0.0853344  0.02162171 0.00621762]",Others,10-19,1.0
/scratch/project_462000771/mengting/projects/bias/Wan2.1/prompt2/selected_faces/detected_unhappy/unhappy_person_0827_face0.png,Latino_Hispanic,Black,Male,30-39,"[0.14335707 0.1840006  0.5872903  0.00322725 0.01363992 0.03336295
 0.03512193]",[0.3469208  0.37150565 0.02141591 0.26015764],[9.9919015e-01 8.0985017e-04],"[3.7392787e-05 1.4692676e-03 2.2788037e-02 3.6690292e-01 5.1527113e-01
 8.9035623e-02 4.3373900e-03 1.5125806e-04 7.0276083e-06]",Others,20-39,
/scratch/project_462000771/mengting/projects/bias/Wan2.1/prompt2/selected_faces/detected_unhappy/unhappy_person_0828_face0.png,White,White,Male,20-29,"[6.2590843e-01 2.0373742e-04 4.4091869e-02 7.0674052e-03 1.8069230e-02
 8.4590176e-03 2.9620031e-01]",[9.9820089e-01 8.0288533e-05 5.9229357e-04 1.1266598e-03],[0.7714325  0.22856751],"[2.0907810e-05 3.8045520e-04 2.9377906e-02 3.6709499e-01 2.8138557e-01
 2.2108653e-01 7.2876096e-02 2.0235410e-02 7.5421925e-03]",White,20-39,
/scratch/project_462000771/mengting/projects/bias/Wan2.1/prompt2/selected_faces/detected_unhappy/unhappy_person_0829_face0.png,Black,Black,Male,30-39,"[0.01247946 0.5618455  0.2998914  0.00090078 0.00826633 0.07952625
 0.03709034]",[4.7438784e-04 9.7535425e-01 9.3633495e-04 2.3234947e-02],[0.9776499  0.02235001],"[1.46032619e-06 1.09604989e-05 2.28143763e-03 2.75944829e-01
 5.70125759e-01 1.36413306e-01 1.47535745e-02 4.51760192e-04
 1.69880004e-05]",Black,20-39,
/scratch/project_462000771/mengting/projects/bias/Wan2.1/prompt2/selected_faces/detected_unhappy/unhappy_person_0830_face0.png,White,White,Male,40-49,"[0.6169227  0.00155558 0.27805784 0.00400478 0.00785533 0.01092246
 0.08068134]",[0.9160631  0.01187287 0.04548578 0.02657834],[9.9992841e-01 7.1637354e-05],"[2.8026150e-05 2.7369850e-04 3.3649867e-03 1.2637899e-02 2.0459528e-01
 5.3436804e-01 2.3764265e-01 6.9808085e-03 1.0866540e-04]",White,40-59,
/scratch/project_462000771/mengting/projects/bias/Wan2.1/prompt2/selected_faces/detected_unhappy/unhappy_person_0831_face0.png,White,White,Male,20-29,"[9.5558691e-01 6.4733162e-05 1.4886866e-02 6.8334676e-04 8.0395001e-04
 3.2588135e-04 2.7648298e-02]",[9.9486214e-01 9.3972143e-05 4.5895870e-03 4.5424717e-04],[0.6479864  0.35201362],"[1.9420457e-05 6.1099678e-03 2.6916960e-01 4.2732456e-01 1.9366658e-01
 9.4722055e-02 8.2663335e-03 5.9153856e-04 1.2995047e-04]",White,20-39,
/scratch/project_462000771/mengting/projects/bias/Wan2.1/prompt2/selected_faces/detected_unhappy/unhappy_person_0832_face0.png,White,White,Female,30-39,"[6.1791116e-01 9.2666589e-05 1.5078519e-01 4.2638467e-03 3.8955337e-03
 1.3465057e-02 2.0958647e-01]",[9.3075305e-01 1.2729673e-04 1.6268993e-02 5.2850734e-02],[0.00632623 0.99367374],"[2.1434466e-06 1.4494492e-04 1.3973249e-02 3.5752687e-01 4.8938438e-01
 1.2715286e-01 1.1169285e-02 5.9149857e-04 5.4741129e-05]",White,20-39,
/scratch/project_462000771/mengting/projects/bias/Wan2.1/prompt2/selected_faces/detected_unhappy/unhappy_person_0833_face0.png,White,White,Female,50-59,"[5.0037110e-01 1.3168750e-05 2.0510953e-02 2.4855803e-01 1.3145559e-01
 6.8270587e-03 9.2264086e-02]",[9.83805001e-01 1.20797795e-05 1.51727730e-02 1.01016636e-03],[0.24244826 0.7575517 ],"[1.9293360e-04 3.9046768e-03 1.9014128e-02 5.9020214e-02 8.2999229e-02
 1.9947496e-01 2.8582934e-01 1.4538890e-01 2.0417561e-01]",White,40-59,
/scratch/project_462000771/mengting/projects/bias/Wan2.1/prompt2/selected_faces/detected_unhappy/unhappy_person_0834_face0.png,White,White,Male,20-29,"[9.7359759e-01 2.3475290e-05 6.9669541e-03 7.9159938e-05 9.8592929e-05
 2.4363809e-04 1.8990599e-02]",[9.9980557e-01 1.6175518e-05 1.4596643e-05 1.6371137e-04],[9.9969715e-01 3.0284806e-04],"[5.0844324e-08 2.8396942e-06 5.5342834e-03 5.6489420e-01 3.9330223e-01
 3.5463631e-02 7.9683249e-04 5.7875422e-06 1.3466079e-07]",White,20-39,
/scratch/project_462000771/mengting/projects/bias/Wan2.1/prompt2/selected_faces/detected_unhappy/unhappy_person_0835_face0.png,White,White,Female,30-39,"[9.5097262e-01 1.3093942e-05 1.7912354e-02 4.7589974e-03 2.3899225e-03
 7.1110226e-05 2.3881868e-02]",[9.8910165e-01 2.0043542e-05 1.0742508e-02 1.3582723e-04],[0.00136002 0.99864   ],"[2.7908021e-07 2.7579981e-05 1.0185848e-02 3.0983335e-01 5.0305700e-01
 1.7168184e-01 5.0276997e-03 1.7999341e-04 6.3942043e-06]",White,20-39,
/scratch/project_462000771/mengting/projects/bias/Wan2.1/prompt2/selected_faces/detected_unhappy/unhappy_person_0836_face0.png,Middle Eastern,White,Female,30-39,"[3.7768471e-01 2.1425878e-05 7.2394602e-02 1.4273711e-03 1.3820753e-03
 9.5862783e-03 5.3750354e-01]",[9.1845816e-01 2.9136537e-04 4.8393817e-03 7.6411135e-02],[7.5976417e-04 9.9924028e-01],"[4.6467494e-07 2.7487489e-05 4.6229479e-03 1.5744361e-01 4.0913677e-01
 3.6912665e-01 5.4698106e-02 4.5857048e-03 3.5830279e-04]",White,20-39,
/scratch/project_462000771/mengting/projects/bias/Wan2.1/prompt2/selected_faces/detected_unhappy/unhappy_person_0837_face0.png,White,Indian,Male,30-39,"[0.41462132 0.00093032 0.07679418 0.00333745 0.00519992 0.31600803
 0.18310878]",[0.14985459 0.0050642  0.0241942  0.820887  ],[0.96989566 0.03010436],"[8.6806440e-06 1.1501823e-04 1.6386203e-03 1.3397947e-01 6.9264287e-01
 1.6868962e-01 2.8485290e-03 7.4129952e-05 3.1755535e-06]",White,20-39,
/scratch/project_462000771/mengting/projects/bias/Wan2.1/prompt2/selected_faces/detected_unhappy/unhappy_person_0838_face0.png,Latino_Hispanic,Indian,Female,30-39,"[0.10291873 0.01082229 0.654547   0.0221545  0.08752126 0.07667727
 0.04535901]",[0.14126505 0.00757879 0.08620514 0.764951  ],[7.1394315e-04 9.9928606e-01],"[2.1815276e-05 2.0862545e-03 2.9318955e-02 2.4044801e-01 4.5274854e-01
 2.2512457e-01 4.3738555e-02 5.8786473e-03 6.3470606e-04]",Others,20-39,
/scratch/project_462000771/mengting/projects/bias/Wan2.1/prompt2/selected_faces/detected_unhappy/unhappy_person_0839_face0.png,White,White,Male,40-49,"[9.9468517e-01 1.3983311e-06 2.9729222e-04 4.5482602e-06 5.0307585e-06
 3.4821249e-05 4.9717114e-03]",[9.9986637e-01 3.2738817e-06 9.5443662e-05 3.4889923e-05],[9.999960e-01 3.939038e-06],"[1.5358328e-05 1.2317536e-05 1.1152167e-04 1.2854699e-03 4.9302306e-02
 4.9226326e-01 4.4436532e-01 1.2479990e-02 1.6447541e-04]",White,40-59,
/scratch/project_462000771/mengting/projects/bias/Wan2.1/prompt2/selected_faces/detected_unhappy/unhappy_person_0840_face0.png,White,White,Male,20-29,"[8.6096698e-01 4.1156448e-04 2.4119174e-02 2.4990404e-05 4.3280495e-05
 3.9983871e-03 1.1043565e-01]",[9.9668133e-01 4.5238860e-04 9.1456262e-05 2.7748342e-03],[9.9995703e-01 4.2941054e-05],"[1.6904876e-06 5.1192023e-05 1.0662066e-02 6.2100935e-01 3.5674626e-01
 1.1452261e-02 7.5494769e-05 1.6575659e-06 3.4241690e-08]",White,20-39,
/scratch/project_462000771/mengting/projects/bias/Wan2.1/prompt2/selected_faces/detected_unhappy/unhappy_person_0841_face0.png,Latino_Hispanic,Indian,Male,30-39,"[1.2665619e-01 4.6323754e-02 4.5437339e-01 2.7579642e-04 1.8613600e-03
 8.0796823e-02 2.8971276e-01]",[0.21312878 0.25626463 0.03086422 0.49974233],[9.9996150e-01 3.8507595e-05],"[1.12250000e-07 1.16118929e-06 2.40766734e-04 7.55290464e-02
 7.26784170e-01 1.94619671e-01 2.81152828e-03 1.32630585e-05
 2.21323489e-07]",Others,20-39,
/scratch/project_462000771/mengting/projects/bias/Wan2.1/prompt2/selected_faces/detected_unhappy/unhappy_person_0842_face0.png,White,White,Male,30-39,"[0.38425305 0.00045093 0.368334   0.00090567 0.00117086 0.05220602
 0.19267954]",[0.6679869  0.00252454 0.02702915 0.30245942],[9.9996924e-01 3.0761279e-05],"[3.4662271e-06 2.6451415e-05 2.2104885e-03 2.3099844e-01 6.5932983e-01
 1.0491155e-01 2.4887288e-03 3.0514790e-05 5.5939938e-07]",White,20-39,
/scratch/project_462000771/mengting/projects/bias/Wan2.1/prompt2/selected_faces/detected_unhappy/unhappy_person_0843_face0.png,White,White,Female,30-39,"[6.7497003e-01 7.4409829e-05 8.2732663e-02 6.0064113e-04 3.7645543e-04
 9.6111521e-03 2.3163466e-01]",[8.9943928e-01 1.6158554e-03 8.7575178e-04 9.8069146e-02],[0.01690822 0.98309183],"[8.5152394e-08 5.2588325e-06 5.2829753e-03 3.6504868e-01 5.3833956e-01
 8.8791549e-02 2.4511958e-03 7.6495169e-05 4.0910504e-06]",White,20-39,
/scratch/project_462000771/mengting/projects/bias/Wan2.1/prompt2/selected_faces/detected_unhappy/unhappy_person_0844_face0.png,White,White,Male,30-39,"[4.5745215e-01 2.9081639e-04 2.1472132e-01 4.8732213e-03 4.7550444e-03
 2.1951376e-02 2.9595608e-01]",[9.9195701e-01 6.9229827e-05 8.5205445e-04 7.1216892e-03],[0.998347   0.00165301],"[3.1402424e-06 4.4089324e-05 4.1961991e-03 3.0994618e-01 5.2919483e-01
 1.4679383e-01 9.6674217e-03 1.4775633e-04 6.6213629e-06]",White,20-39,
/scratch/project_462000771/mengting/projects/bias/Wan2.1/prompt2/selected_faces/detected_unhappy/unhappy_person_0845_face0.png,White,White,Male,30-39,"[0.50865984 0.00397452 0.17452548 0.01100085 0.01189483 0.01358079
 0.27636364]",[0.9309907  0.00546815 0.00673225 0.0568089 ],[0.9985471  0.00145294],"[8.8644147e-06 9.6805590e-05 2.6653872e-03 1.4889690e-01 5.7203192e-01
 2.5235868e-01 2.2665948e-02 1.1900238e-03 8.5447864e-05]",White,20-39,
/scratch/project_462001220/mengting/projects_771/bias/Wan2.1/prompt2/complete_selected_faces/detected_unhappy/0846_face0.png,White,White,Male,30-39,"[9.65445101e-01 1.31581270e-03 1.51736755e-02 2.84267613e-03
 3.85155529e-03 4.03555197e-04 1.09676933e-02]",[8.83190989e-01 1.18365446e-04 1.12053193e-01 4.63738432e-03],[0.939996 0.060004],"[2.9127066e-06 4.9860813e-05 4.3028700e-03 2.3392431e-01 4.9524468e-01
 2.2977252e-01 3.4062494e-02 2.3252422e-03 3.1521780e-04]",White,20-39,1.0
/scratch/project_462000771/mengting/projects/bias/Wan2.1/prompt2/selected_faces/detected_unhappy/unhappy_person_0847_face0.png,White,White,Male,40-49,"[0.3045168  0.00077227 0.2888399  0.0011822  0.00172927 0.1247311
 0.27822852]",[0.6932394  0.00094822 0.12202222 0.18379019],[9.999326e-01 6.740472e-05],"[5.0657968e-06 1.6617794e-05 1.2727211e-04 1.6948380e-02 4.4351548e-01
 5.1815230e-01 2.1114198e-02 1.1904691e-04 1.6521469e-06]",White,40-59,
/scratch/project_462000771/mengting/projects/bias/Wan2.1/prompt2/selected_faces/detected_unhappy/unhappy_person_0848_face0.png,White,White,Male,20-29,"[9.1774571e-01 1.3571010e-04 1.9947141e-02 5.0718583e-05 2.1855970e-04
 5.5772177e-04 6.1344497e-02]",[9.8347872e-01 1.3444629e-03 5.1012367e-04 1.4666694e-02],[0.9988527  0.00114729],"[2.3584450e-06 2.5089714e-04 7.5288951e-02 4.7723335e-01 3.3462197e-01
 1.0258236e-01 9.5585734e-03 4.2941436e-04 3.2175991e-05]",White,20-39,
/scratch/project_462000771/mengting/projects/bias/Wan2.1/prompt2/selected_faces/detected_unhappy/unhappy_person_0849_face0.png,Black,Black,Female,30-39,"[3.1468965e-04 9.7443199e-01 1.2971111e-02 6.8536954e-04 3.0379477e-03
 8.4758177e-03 8.3003200e-05]",[1.7846785e-05 9.9783987e-01 2.3572835e-04 1.9065344e-03],[9.5261587e-04 9.9904740e-01],"[2.6092428e-06 2.9382639e-04 1.3678925e-02 3.1601918e-01 5.1155156e-01
 1.3412124e-01 2.2833139e-02 1.4440854e-03 5.5397806e-05]",Black,20-39,
/scratch/project_462001220/mengting/projects_771/bias/Wan2.1/prompt2/complete_selected_faces/detected_unhappy/0850_face0.png,Black,Black,Male,30-39,"[5.4279881e-05 9.7824067e-01 8.5379425e-03 1.7388853e-05 8.9782313e-04
 1.2196828e-02 5.5132536e-05]",[5.5852437e-05 9.8082137e-01 6.3841441e-04 1.8484427e-02],[9.9999857e-01 1.4002251e-06],"[3.22127647e-07 5.66796871e-06 8.89054558e-04 2.90401012e-01
 6.10568345e-01 9.65121388e-02 1.60902040e-03 1.39373715e-05
 3.88755097e-07]",Black,20-39,0.0
/scratch/project_462000771/mengting/projects/bias/Wan2.1/prompt2/selected_faces/detected_unhappy/unhappy_person_0851_face0.png,White,White,Female,20-29,"[0.4771904  0.00082908 0.38712013 0.01231299 0.01169264 0.02006239
 0.09079244]",[9.7524226e-01 2.7222699e-04 2.9663835e-03 2.1519043e-02],[0.00227217 0.9977279 ],"[8.06028675e-06 1.55955658e-03 3.24637517e-02 4.36524212e-01
 4.13291723e-01 1.05882086e-01 9.65948123e-03 5.50577824e-04
 6.05167625e-05]",White,20-39,
/scratch/project_462000771/mengting/projects/bias/Wan2.1/prompt2/selected_faces/detected_unhappy/unhappy_person_0852_face0.png,Latino_Hispanic,White,Male,30-39,"[0.10106596 0.00706006 0.5851819  0.00468843 0.00568546 0.06428558
 0.23203261]",[0.53748786 0.03909004 0.328511   0.09491108],[9.997378e-01 2.621607e-04],"[6.5243003e-05 1.2903735e-04 6.4802211e-04 8.1156790e-02 6.0522217e-01
 2.9322574e-01 1.8806551e-02 7.2914764e-04 1.7309652e-05]",Others,20-39,
/scratch/project_462000771/mengting/projects/bias/Wan2.1/prompt2/selected_faces/detected_unhappy/unhappy_person_0853_face0.png,White,White,Male,30-39,"[9.1591740e-01 2.8450939e-05 1.2851318e-02 4.0888155e-04 4.5981156e-04
 1.6853935e-03 6.8648808e-02]",[9.8960954e-01 1.4934827e-05 6.8783015e-04 9.6876696e-03],[9.9996090e-01 3.9103797e-05],"[8.1360660e-08 1.2902182e-06 9.3088987e-05 6.1566886e-02 7.5449747e-01
 1.8278284e-01 1.0554580e-03 2.7816602e-06 4.4645571e-08]",White,20-39,
/scratch/project_462000771/mengting/projects/bias/Wan2.1/prompt2/selected_faces/detected_unhappy/unhappy_person_0854_face0.png,White,White,Male,20-29,"[5.0602514e-01 3.3667666e-04 9.1980547e-02 1.1050848e-01 1.5186146e-01
 6.2703542e-02 7.6584145e-02]",[8.5594434e-01 4.4387361e-04 7.6008923e-02 6.7602850e-02],[0.75122255 0.24877739],"[2.1398258e-04 1.3615474e-02 2.5391051e-01 3.6820531e-01 1.5483668e-01
 1.5219493e-01 3.4489758e-02 1.4282925e-02 8.2504908e-03]",White,20-39,
/scratch/project_462000771/mengting/projects/bias/Wan2.1/prompt2/selected_faces/detected_unhappy/unhappy_person_0855_face0.png,White,White,Male,30-39,"[7.5910884e-01 2.2150649e-04 1.1345207e-01 2.9585701e-03 4.1923090e-03
 2.1329787e-02 9.8736912e-02]",[8.2662433e-01 5.1460840e-04 7.1428582e-02 1.0143247e-01],[9.9912155e-01 8.7839924e-04],"[1.9897354e-07 9.1145703e-06 1.2403376e-03 4.4078535e-01 5.1243693e-01
 4.4186752e-02 1.3204884e-03 1.9700150e-05 1.1471877e-06]",White,20-39,
/scratch/project_462000771/mengting/projects/bias/Wan2.1/prompt2/selected_faces/detected_unhappy/unhappy_person_0856_face0.png,White,White,Male,50-59,"[7.7677971e-01 5.8015074e-05 5.1955365e-02 3.9468501e-03 3.5138901e-03
 1.9253833e-03 1.6182081e-01]",[9.8581058e-01 2.4368410e-05 7.0679043e-03 7.0971181e-03],[0.9982975  0.00170248],"[1.3157697e-05 2.9483746e-05 8.2281075e-04 8.1650559e-03 3.2908391e-02
 1.4662614e-01 5.8904499e-01 1.9623682e-01 2.6153136e-02]",White,40-59,
/scratch/project_462001220/mengting/projects_771/bias/Wan2.1/prompt2/complete_selected_faces/detected_unhappy/0857_face0.png,White,White,Female,30-39,"[7.6862150e-01 4.7960252e-04 2.1045221e-01 6.2638428e-04 2.0007337e-03
 1.0336741e-03 1.6785940e-02]",[9.9615121e-01 1.4042661e-04 1.2666880e-03 2.4416381e-03],[0.00812476 0.99187523],"[4.5480690e-05 8.7418091e-03 1.1406571e-01 1.4579107e-01 3.5539842e-01
 3.2192370e-01 4.9069855e-02 4.0803533e-03 8.8370132e-04]",White,20-39,1.0
/scratch/project_462001220/mengting/projects_771/bias/Wan2.1/prompt2/complete_selected_faces/detected_unhappy/0858_face0.png,White,White,Male,40-49,"[0.55088735 0.00099351 0.21489573 0.00058534 0.00175928 0.07072274
 0.16015603]",[0.7371284  0.00884905 0.01739732 0.23662528],[9.9980336e-01 1.9663248e-04],"[7.8538815e-06 1.8501978e-05 2.9984553e-04 1.8327281e-02 3.0981278e-01
 5.6617850e-01 1.0067236e-01 4.5044776e-03 1.7835872e-04]",White,40-59,1.0
/scratch/project_462001220/mengting/projects_771/bias/Wan2.1/prompt2/complete_selected_faces/detected_unhappy/0859_face0.png,East Asian,Asian,Female,20-29,"[4.8851684e-02 2.6997802e-04 5.9529878e-02 5.5090129e-01 1.9657665e-01
 3.6061273e-03 1.4026438e-01]",[0.19288902 0.00300594 0.6285742  0.1755308 ],[0.00202119 0.9979788 ],"[6.5356864e-05 1.5220989e-03 2.5621908e-02 3.6049396e-01 3.2779506e-01
 2.0028983e-01 6.2149979e-02 1.5975203e-02 6.0866047e-03]",Asian,20-39,0.0
/scratch/project_462000771/mengting/projects/bias/Wan2.1/prompt2/selected_faces/detected_unhappy/unhappy_person_0860_face0.png,East Asian,White,Female,20-29,"[0.11878724 0.00106789 0.29237276 0.30115923 0.26126626 0.01393429
 0.01141231]",[0.46682072 0.00628078 0.45352727 0.07337119],[0.07732917 0.92267084],"[4.5029151e-06 8.4193476e-04 6.6226326e-02 6.1072540e-01 2.4887383e-01
 6.0243338e-02 9.5695825e-03 2.4780543e-03 1.0371121e-03]",Asian,20-39,
/scratch/project_462000771/mengting/projects/bias/Wan2.1/prompt2/selected_faces/detected_unhappy/unhappy_person_0861_face0.png,Black,Black,Male,20-29,"[6.7354540e-07 9.9998719e-01 8.9580781e-06 1.9054930e-08 1.9408147e-07
 1.2119543e-06 1.8976136e-06]",[5.4532607e-06 9.9996912e-01 9.4921015e-06 1.5916221e-05],[1.0000000e+00 2.9815613e-08],"[3.2303419e-07 4.6689329e-05 2.7912897e-03 6.0053635e-01 3.6836344e-01
 2.7967447e-02 2.9100923e-04 3.2806138e-06 1.8747389e-07]",Black,20-39,
/scratch/project_462000771/mengting/projects/bias/Wan2.1/prompt2/selected_faces/detected_unhappy/unhappy_person_0862_face0.png,Latino_Hispanic,Indian,Male,30-39,"[0.13906832 0.01302815 0.54599196 0.00263283 0.0158125  0.1778423
 0.10562394]",[0.0984114  0.0206348  0.24661724 0.6343365 ],[0.98613465 0.01386539],"[5.3978634e-05 1.0544042e-03 9.9596223e-03 8.3406381e-02 5.2784848e-01
 3.5054117e-01 2.5937935e-02 1.1327494e-03 6.5209162e-05]",Others,20-39,
/scratch/project_462001220/mengting/projects_771/bias/Wan2.1/prompt2/complete_selected_faces/detected_unhappy/0863_face0.png,East Asian,Asian,Female,20-29,"[0.15951987 0.00060348 0.04805756 0.6002822  0.16829242 0.00429372
 0.01895076]",[1.3504690e-01 3.2679018e-04 8.4144753e-01 2.3178769e-02],[0.01856028 0.98143977],"[7.7083359e-06 6.0053461e-04 2.9904893e-02 5.4377276e-01 2.9902530e-01
 9.6133031e-02 2.1150049e-02 6.3624177e-03 3.0433584e-03]",Asian,20-39,0.0
/scratch/project_462000771/mengting/projects/bias/Wan2.1/prompt2/selected_faces/detected_unhappy/unhappy_person_0864_face0.png,White,White,Male,20-29,"[9.3442869e-01 4.8967609e-05 5.0231781e-02 7.9930702e-04 1.0115554e-03
 1.0684206e-03 1.2411247e-02]",[9.7722226e-01 6.2871783e-05 1.8795587e-02 3.9192131e-03],[9.999914e-01 8.571985e-06],"[8.8588001e-07 3.6480335e-05 5.4241386e-03 6.9631153e-01 2.9339680e-01
 4.8135985e-03 1.6460013e-05 1.5282910e-07 2.3509754e-09]",White,20-39,
/scratch/project_462000771/mengting/projects/bias/Wan2.1/prompt2/selected_faces/detected_unhappy/unhappy_person_0865_face0.png,White,White,Female,20-29,"[9.9311358e-01 5.8244991e-06 2.6392599e-03 7.3464430e-04 2.5888672e-04
 1.0933499e-05 3.2369092e-03]",[8.37796211e-01 1.21886966e-04 1.62024900e-01 5.69880613e-05],[0.06661619 0.9333838 ],"[1.2501665e-06 1.5629549e-04 2.4222780e-02 3.8311806e-01 3.7868968e-01
 1.9566536e-01 1.7735891e-02 3.9368338e-04 1.7024118e-05]",White,20-39,
/scratch/project_462000771/mengting/projects/bias/Wan2.1/prompt2/selected_faces/detected_unhappy/unhappy_person_0866_face0.png,White,White,Female,40-49,"[9.9283940e-01 2.2413293e-07 2.1192336e-03 8.7648397e-05 2.4457970e-05
 2.3252503e-06 4.9268147e-03]",[9.9815089e-01 2.4554947e-05 1.7600021e-03 6.4419342e-05],[2.0322225e-04 9.9979675e-01],"[1.89360108e-07 6.95083963e-06 7.01449171e-04 1.10117793e-02
 1.20093435e-01 5.64042568e-01 2.89602488e-01 1.39228860e-02
 6.18265360e-04]",White,40-59,
/scratch/project_462000771/mengting/projects/bias/Wan2.1/prompt2/selected_faces/detected_unhappy/unhappy_person_0867_face0.png,Latino_Hispanic,White,Male,30-39,"[7.1958028e-02 2.9180679e-04 7.6774180e-01 5.7035806e-03 6.4496677e-03
 1.2173579e-01 2.6119389e-02]",[5.8829570e-01 3.5333927e-04 1.4533015e-01 2.6602083e-01],[9.998960e-01 1.040372e-04],"[1.2694566e-04 2.8838124e-04 1.9052442e-03 8.9829750e-02 5.9263682e-01
 2.9661828e-01 1.8277200e-02 3.1195057e-04 5.4310271e-06]",Others,20-39,
/scratch/project_462000771/mengting/projects/bias/Wan2.1/prompt2/selected_faces/detected_unhappy/unhappy_person_0868_face0.png,White,White,Female,30-39,"[9.8992145e-01 3.6619127e-05 2.9810118e-03 4.1079306e-04 3.6385815e-04
 2.5332367e-05 6.2609552e-03]",[9.9696106e-01 2.1593395e-04 2.4950341e-03 3.2793364e-04],[0.16249247 0.8375075 ],"[7.4477873e-07 3.7612899e-05 5.5575217e-03 2.5173986e-01 5.7597059e-01
 1.5983440e-01 6.6556772e-03 1.8761380e-04 1.6046013e-05]",White,20-39,
/scratch/project_462000771/mengting/projects/bias/Wan2.1/prompt2/selected_faces/detected_unhappy/unhappy_person_0869_face0.png,Middle Eastern,White,Male,40-49,"[0.21655361 0.00063773 0.28921628 0.00075421 0.00294471 0.05893343
 0.43096006]",[9.9509269e-01 7.5413911e-05 1.4394507e-03 3.3924528e-03],[0.9834085  0.01659142],"[2.8676650e-06 1.4040013e-05 1.6990039e-03 8.2488939e-02 3.0725384e-01
 3.7408343e-01 1.9871435e-01 2.9626593e-02 6.1168387e-03]",Others,40-59,
/scratch/project_462000771/mengting/projects/bias/Wan2.1/prompt2/selected_faces/detected_unhappy/unhappy_person_0870_face0.png,White,White,Female,50-59,"[5.8513367e-01 4.4245587e-04 1.4681228e-01 1.0412196e-01 7.7853724e-02
 1.4069935e-03 8.4228851e-02]",[7.7364981e-01 3.8682407e-05 2.2530915e-01 1.0023698e-03],[0.03375449 0.96624553],"[7.3204472e-05 2.2291190e-03 2.4086464e-02 6.4753838e-02 1.7328979e-01
 2.3631158e-01 2.6826739e-01 1.7508295e-01 5.5905733e-02]",White,40-59,
/scratch/project_462000771/mengting/projects/bias/Wan2.1/prompt2/selected_faces/detected_unhappy/unhappy_person_0871_face0.png,East Asian,Asian,Male,30-39,"[5.6935509e-04 3.4672445e-05 2.2992778e-03 6.9988585e-01 2.9703659e-01
 1.1065780e-04 6.3620180e-05]",[1.57431248e-04 1.03120794e-04 9.98791277e-01 9.48153145e-04],[9.9997228e-01 2.7718366e-05],"[4.25648022e-06 2.64267786e-04 1.48661975e-02 2.14283541e-01
 5.13499200e-01 2.23844200e-01 3.14484909e-02 1.72715972e-03
 6.27320624e-05]",Asian,20-39,
/scratch/project_462001220/mengting/projects_771/bias/Wan2.1/prompt2/complete_selected_faces/detected_unhappy/0872_face0.png,Middle Eastern,White,Male,30-39,"[1.9032302e-01 8.7339635e-05 8.5966624e-02 3.6123209e-05 2.3172720e-04
 4.4174924e-02 6.7918026e-01]",[9.3582803e-01 2.0633849e-04 6.6742644e-04 6.3298136e-02],[9.9999934e-01 6.3262439e-07],"[2.7812447e-07 6.6492821e-06 5.8950094e-04 1.4934832e-01 7.4254191e-01
 1.0682312e-01 6.8520819e-04 4.8966913e-06 6.4427198e-08]",White,20-39,1.0
/scratch/project_462000771/mengting/projects/bias/Wan2.1/prompt2/selected_faces/detected_unhappy/unhappy_person_0873_face0.png,Middle Eastern,White,Female,30-39,"[1.9152327e-01 1.1286944e-04 3.6442559e-02 2.6381222e-04 2.9438728e-04
 7.4170833e-03 7.6394600e-01]",[9.6650904e-01 1.6094727e-03 1.8597690e-04 3.1695519e-02],[0.01386984 0.9861301 ],"[1.7911145e-06 1.4895425e-04 1.4913825e-02 4.1366917e-01 4.3631145e-01
 1.2147713e-01 1.2542455e-02 8.4563612e-04 8.9589514e-05]",White,20-39,
/scratch/project_462000771/mengting/projects/bias/Wan2.1/prompt2/selected_faces/detected_unhappy/unhappy_person_0874_face0.png,White,White,Female,20-29,"[0.590011   0.00166057 0.01885251 0.2536693  0.12135563 0.00419554
 0.01025554]",[0.8613708  0.00307333 0.13169914 0.00385678],[0.03941293 0.9605871 ],"[0.00040358 0.02790198 0.06937356 0.3903471  0.23921175 0.18724588
 0.04313687 0.0153456  0.0270337 ]",White,20-39,
/scratch/project_462000771/mengting/projects/bias/Wan2.1/prompt2/selected_faces/detected_unhappy/unhappy_person_0875_face0.png,Middle Eastern,White,Male,30-39,"[1.03883736e-01 1.34479487e-04 1.85719147e-01 1.63775403e-04
 4.50826745e-04 4.63240296e-02 6.63324058e-01]",[8.4455264e-01 6.7676971e-04 7.8297369e-03 1.4694084e-01],[9.9993855e-01 6.1407598e-05],"[1.8549565e-06 2.3355649e-05 1.4168338e-03 2.2056198e-01 7.1069390e-01
 6.6777170e-02 5.2057393e-04 4.2850734e-06 6.1689761e-08]",Others,20-39,
/scratch/project_462000771/mengting/projects/bias/Wan2.1/prompt2/selected_faces/detected_unhappy/unhappy_person_0876_face0.png,East Asian,Asian,Male,30-39,"[2.3551588e-03 2.7858293e-06 6.3947192e-04 9.1511720e-01 8.1821099e-02
 2.8895978e-05 3.5399466e-05]",[1.4208697e-03 3.1792756e-06 9.9850106e-01 7.4885909e-05],[9.999996e-01 3.872683e-07],"[3.4604254e-06 1.3497747e-04 1.2487029e-02 2.4835789e-01 6.5215319e-01
 8.3740078e-02 3.0109612e-03 1.1120805e-04 1.1901772e-06]",Asian,20-39,
/scratch/project_462000771/mengting/projects/bias/Wan2.1/prompt2/selected_faces/detected_unhappy/unhappy_person_0877_face0.png,White,White,Male,30-39,"[9.8701900e-01 5.4846432e-06 9.1170706e-04 1.8087479e-06 1.0050515e-05
 4.8121881e-05 1.2003790e-02]",[9.9987382e-01 1.1711622e-06 1.6166208e-06 1.2346590e-04],[0.99759394 0.00240608],"[7.8524681e-07 3.9925631e-05 2.9935576e-03 1.7978588e-01 6.4859432e-01
 1.6646381e-01 2.0957401e-03 2.4307570e-05 1.6879277e-06]",White,20-39,
/scratch/project_462000771/mengting/projects/bias/Wan2.1/prompt2/selected_faces/detected_unhappy/unhappy_person_0878_face0.png,Latino_Hispanic,White,Male,40-49,"[0.10412787 0.00958713 0.6572087  0.01548525 0.04365071 0.10519087
 0.06474949]",[0.7199576  0.00530256 0.14380069 0.13093919],[0.9961047  0.00389528],"[1.5536090e-04 3.4961753e-04 1.1679301e-03 1.9835511e-02 3.4058645e-01
 5.3528577e-01 9.9270865e-02 3.2528806e-03 9.5604912e-05]",Others,40-59,
/scratch/project_462001220/mengting/projects_771/bias/Wan2.1/prompt2/complete_selected_faces/detected_unhappy/0879_face0.png,Latino_Hispanic,White,Male,30-39,"[0.1726458  0.00128603 0.47923967 0.1310391  0.18550934 0.00530454
 0.02497562]",[0.4961489  0.0038295  0.4890117  0.01100988],[0.9982597  0.00174034],"[6.7005210e-05 5.8865390e-04 7.2940318e-03 1.0752515e-01 3.8206524e-01
 3.5113537e-01 1.3601477e-01 1.4300281e-02 1.0095022e-03]",Others,20-39,1.0
/scratch/project_462001220/mengting/projects_771/bias/Wan2.1/prompt2/complete_selected_faces/detected_unhappy/0880_face0.png,Latino_Hispanic,White,Female,30-39,"[0.37098867 0.00704342 0.3864184  0.06200891 0.06220276 0.05572052
 0.0556173 ]",[0.9554543  0.00128485 0.03001115 0.01324976],[0.07657903 0.9234209 ],"[2.0843884e-06 8.8483619e-05 2.9921353e-02 2.9621869e-01 3.9716545e-01
 2.2418395e-01 4.5627773e-02 6.3113733e-03 4.8077467e-04]",Others,20-39,0.0
/scratch/project_462001220/mengting/projects_771/bias/Wan2.1/prompt2/complete_selected_faces/detected_unhappy/0881_face0.png,Latino_Hispanic,White,Female,20-29,"[0.44533533 0.00503673 0.5046663  0.00228926 0.00197539 0.01314616
 0.02755072]",[0.9000042  0.02324762 0.00363377 0.07311441],[2.6354526e-05 9.9997365e-01],"[5.0419345e-08 2.6247786e-05 1.3123173e-02 5.5031401e-01 4.0975395e-01
 2.6414948e-02 3.6086224e-04 6.6674820e-06 1.3686696e-07]",Others,20-39,2.0
/scratch/project_462000771/mengting/projects/bias/Wan2.1/prompt2/selected_faces/detected_unhappy/unhappy_person_0882_face0.png,Latino_Hispanic,Indian,Female,30-39,"[0.21380651 0.00077093 0.39820686 0.00662589 0.00629943 0.09184911
 0.2824413 ]",[0.23717402 0.01728905 0.01039745 0.7351395 ],[0.00333536 0.9966647 ],"[5.8553310e-06 2.8901338e-04 7.8493124e-03 2.7011538e-01 5.0779891e-01
 1.7873156e-01 3.3156551e-02 1.9118678e-03 1.4154566e-04]",Others,20-39,
/scratch/project_462001220/mengting/projects_771/bias/Wan2.1/prompt2/complete_selected_faces/detected_unhappy/0883_face0.png,White,White,Male,20-29,"[0.75477874 0.0016326  0.14909665 0.0074219  0.01912906 0.00520023
 0.0627408 ]",[0.81295663 0.01516891 0.12004139 0.05183312],[0.83360344 0.16639659],"[3.3679109e-05 3.7236353e-03 1.7658265e-01 3.3784923e-01 2.4359341e-01
 1.7516553e-01 4.5274764e-02 1.3463843e-02 4.3133083e-03]",White,20-39,0.0
/scratch/project_462001220/mengting/projects_771/bias/Wan2.1/prompt2/complete_selected_faces/detected_unhappy/0884_face0.png,Latino_Hispanic,Black,Male,30-39,"[4.4437017e-02 8.1261061e-02 5.6431043e-01 1.6754826e-04 6.6270173e-04
 1.8221562e-01 1.2694564e-01]",[0.19009905 0.5086812  0.01343239 0.28778738],[9.9998260e-01 1.7356453e-05],"[1.9204424e-06 2.2356557e-05 7.7808159e-04 2.2719105e-01 7.1137756e-01
 6.0225490e-02 3.9984970e-04 3.5523885e-06 7.0839278e-08]",Others,20-39,1.0
/scratch/project_462000771/mengting/projects/bias/Wan2.1/prompt2/selected_faces/detected_unhappy/unhappy_person_0885_face0.png,White,White,Male,30-39,"[8.4355795e-01 1.3754271e-04 4.9353998e-02 4.7749009e-02 1.9705756e-02
 5.7164201e-04 3.8924173e-02]",[9.7998178e-01 5.7423004e-04 1.6178610e-02 3.2654128e-03],[9.9914205e-01 8.5793424e-04],"[4.0829411e-05 5.9124886e-05 4.3460546e-04 4.9405809e-02 5.5127585e-01
 3.5118547e-01 4.5768365e-02 1.7727865e-03 5.7056237e-05]",White,20-39,
/scratch/project_462001220/mengting/projects_771/bias/Wan2.1/prompt2/complete_selected_faces/detected_unhappy/0886_face0.png,White,White,Male,30-39,"[0.51987535 0.00268237 0.37486094 0.00102284 0.00167374 0.01557817
 0.08430652]",[0.97775614 0.0017735  0.00817308 0.01229725],[9.9999416e-01 5.8380442e-06],"[1.0749867e-06 1.3512876e-05 5.4558902e-04 2.0505558e-01 7.0124489e-01
 9.1870151e-02 1.2562748e-03 1.2690639e-05 2.4254476e-07]",White,20-39,1.0
/scratch/project_462001220/mengting/projects_771/bias/Wan2.1/prompt2/complete_selected_faces/detected_unhappy/0887_face0.png,White,White,Male,40-49,"[0.72334343 0.00195358 0.07264456 0.00610554 0.00692931 0.00400164
 0.18502198]",[0.9576039  0.00319227 0.01513009 0.02407374],[0.9598537  0.04014632],"[1.0353409e-04 6.2662177e-04 1.4915598e-02 1.6381285e-01 2.2127131e-01
 3.1711343e-01 2.2889934e-01 4.4186771e-02 9.0704923e-03]",White,40-59,0.0
/scratch/project_462000771/mengting/projects/bias/Wan2.1/prompt2/selected_faces/detected_unhappy/unhappy_person_0888_face0.png,Indian,Indian,Female,40-49,"[6.7990147e-02 2.9785727e-04 2.1568893e-01 3.6163544e-03 9.4258776e-03
 3.6791810e-01 3.3506274e-01]",[0.02630052 0.00421693 0.00811517 0.9613674 ],[0.0085844 0.9914156],"[8.8599827e-06 2.0086304e-04 6.1197686e-03 6.8306789e-02 2.6925713e-01
 4.3385467e-01 1.7045146e-01 3.7766159e-02 1.4034235e-02]",Others,40-59,
/scratch/project_462000771/mengting/projects/bias/Wan2.1/prompt2/selected_faces/detected_unhappy/unhappy_person_0889_face0.png,White,White,Male,30-39,"[8.9122373e-01 4.5077166e-05 2.9836362e-02 2.4978223e-04 2.7429781e-04
 5.3107478e-03 7.3060147e-02]",[9.8835498e-01 8.6714812e-05 1.2180088e-03 1.0340244e-02],[9.9998426e-01 1.5708863e-05],"[4.6117563e-07 4.6680302e-06 1.7280487e-04 1.4806893e-01 7.9564643e-01
 5.5959366e-02 1.4671132e-04 5.4011900e-07 6.3858789e-09]",White,20-39,
/scratch/project_462001220/mengting/projects_771/bias/Wan2.1/prompt2/complete_selected_faces/detected_unhappy/0890_face0.png,White,White,Female,30-39,"[0.6249123  0.00856724 0.2640852  0.00473396 0.0184905  0.01041569
 0.06879514]",[0.95410764 0.01604155 0.0090575  0.0207933 ],[0.00508659 0.9949134 ],"[2.1922156e-06 2.5641237e-04 2.2404363e-02 4.2947716e-01 4.4990167e-01
 9.2978366e-02 4.7581210e-03 2.0844965e-04 1.3361964e-05]",White,20-39,0.0
/scratch/project_462000771/mengting/projects/bias/Wan2.1/prompt2/selected_faces/detected_unhappy/unhappy_person_0891_face0.png,White,White,Male,30-39,"[8.1699908e-01 2.5160130e-05 1.7450854e-02 1.7491575e-04 2.8031570e-04
 1.4277282e-03 1.6364188e-01]",[9.9193114e-01 1.9572815e-04 1.0216776e-03 6.8514985e-03],[9.9992079e-01 7.9257974e-05],"[3.1080549e-07 2.3138032e-06 1.6489638e-04 3.6075339e-02 6.1948210e-01
 3.3798197e-01 6.2404680e-03 5.1406725e-05 1.2368055e-06]",White,20-39,
/scratch/project_462000771/mengting/projects/bias/Wan2.1/prompt2/selected_faces/detected_unhappy/unhappy_person_0892_face0.png,East Asian,White,Male,40-49,"[5.4747973e-02 1.9284747e-04 2.6035843e-02 6.1015397e-01 3.0014592e-01
 1.6920025e-03 7.0314370e-03]",[0.7200828  0.00271489 0.26717407 0.01002829],[0.9415913  0.05840865],"[1.6223769e-04 2.1595361e-03 3.1432454e-02 2.4072587e-01 1.6309859e-01
 2.4972065e-01 1.9560258e-01 9.0966098e-02 2.6132083e-02]",Asian,40-59,
/scratch/project_462000771/mengting/projects/bias/Wan2.1/prompt2/selected_faces/detected_unhappy/unhappy_person_0893_face0.png,Latino_Hispanic,Indian,Male,30-39,"[4.5754954e-02 4.3672364e-02 5.4359102e-01 2.3897008e-05 1.8294415e-04
 1.9669826e-01 1.7007664e-01]",[0.14341576 0.17970845 0.00857538 0.66830045],[9.9998891e-01 1.1033565e-05],"[1.1195336e-05 1.9011390e-05 3.4613768e-04 7.2138883e-02 6.7719847e-01
 2.4402559e-01 6.1919549e-03 6.8048364e-05 6.1989232e-07]",Others,20-39,
/scratch/project_462000771/mengting/projects/bias/Wan2.1/prompt2/selected_faces/detected_unhappy/unhappy_person_0894_face0.png,Black,Black,Male,30-39,"[1.1896586e-05 9.9920970e-01 3.7077474e-04 9.4486182e-07 2.8392416e-05
 3.6581172e-04 1.2540455e-05]",[2.3383009e-05 9.9965805e-01 2.8062199e-05 2.9039942e-04],[9.9957937e-01 4.2062296e-04],"[3.0313859e-05 1.2530484e-03 1.1495919e-02 3.8431075e-01 5.3640020e-01
 6.5338835e-02 1.1544699e-03 1.5372792e-05 1.0212021e-06]",Black,20-39,
/scratch/project_462000771/mengting/projects/bias/Wan2.1/prompt2/selected_faces/detected_unhappy/unhappy_person_0895_face0.png,White,White,Male,30-39,"[7.9978383e-01 1.2667765e-04 4.9798567e-02 4.1712695e-03 3.5818506e-03
 1.6517011e-03 1.4088608e-01]",[9.8437089e-01 4.8669783e-04 1.4116310e-02 1.0261132e-03],[9.999191e-01 8.083830e-05],"[9.3954139e-07 1.0640532e-05 3.8792181e-04 1.7463857e-01 7.1124434e-01
 1.1141534e-01 2.2681213e-03 3.2987929e-05 1.1126368e-06]",White,20-39,
/scratch/project_462001220/mengting/projects_771/bias/Wan2.1/prompt2/complete_selected_faces/detected_unhappy/0896_face0.png,Black,Black,Male,30-39,"[5.97530961e-05 9.94804144e-01 2.65142252e-03 2.94882238e-06
 5.33702369e-05 2.32821424e-03 1.00139245e-04]",[2.8137775e-04 9.3731117e-01 6.7038867e-03 5.5703565e-02],[9.999974e-01 2.631888e-06],"[2.7829270e-07 1.1862576e-06 1.2480194e-04 5.8980439e-02 5.7413411e-01
 3.5322985e-01 1.3434523e-02 9.2934701e-05 1.8959418e-06]",Black,20-39,0.0
/scratch/project_462001220/mengting/projects_771/bias/Wan2.1/prompt2/complete_selected_faces/detected_unhappy/0897_face0.png,White,White,Female,20-29,"[9.1704935e-01 3.1006217e-05 6.0007140e-02 4.5172160e-04 5.5604713e-04
 2.5285379e-04 2.1651911e-02]",[9.9228746e-01 1.6569356e-04 5.8811451e-03 1.6657246e-03],[0.48033604 0.51966393],"[7.0231431e-07 5.7833724e-05 2.4333345e-02 5.1537919e-01 4.0205795e-01
 5.6331627e-02 1.7917596e-03 4.5099048e-05 2.5088700e-06]",White,20-39,0.0
/scratch/project_462000771/mengting/projects/bias/Wan2.1/prompt2/selected_faces/detected_unhappy/unhappy_person_0898_face0.png,Latino_Hispanic,Indian,Male,30-39,"[0.2921895  0.01876336 0.48557904 0.0007801  0.00246172 0.1318095
 0.06841679]",[0.33241683 0.14804266 0.02403269 0.49550787],[9.9995100e-01 4.8955717e-05],"[5.1544062e-06 2.7078775e-05 1.8760371e-04 4.9730990e-02 7.0748293e-01
 2.3734125e-01 5.1891790e-03 3.5140947e-05 6.8059376e-07]",Others,20-39,
/scratch/project_462000771/mengting/projects/bias/Wan2.1/prompt2/selected_faces/detected_unhappy/unhappy_person_0899_face0.png,White,White,Female,30-39,"[9.7478724e-01 4.1280768e-05 5.9765228e-03 7.9636760e-05 5.9942915e-05
 1.0503321e-04 1.8950379e-02]",[9.9980092e-01 1.0896196e-05 5.1753344e-05 1.3647799e-04],[8.3418237e-04 9.9916589e-01],"[4.2255704e-07 8.6897999e-05 1.3826259e-02 3.7792182e-01 4.6016869e-01
 1.4061801e-01 7.0696203e-03 2.8165223e-04 2.6584064e-05]",White,20-39,
/scratch/project_462000771/mengting/projects/bias/Wan2.1/prompt2/selected_faces/detected_unhappy/unhappy_person_0900_face0.png,Black,Black,Male,20-29,"[3.9067381e-05 9.9172896e-01 2.2305492e-03 3.1248706e-05 6.6143193e-04
 5.2555385e-03 5.3290605e-05]",[8.2396919e-06 9.9816769e-01 1.4364009e-03 3.8760633e-04],[0.9987859  0.00121408],"[9.67670785e-05 7.94840232e-03 9.21423882e-02 4.46968973e-01
 3.43984962e-01 1.01539455e-01 7.13331252e-03 1.72079584e-04
 1.37454426e-05]",Black,20-39,
/scratch/project_462000771/mengting/projects/bias/Wan2.1/prompt2/selected_faces/detected_unhappy/unhappy_person_0901_face0.png,Black,Black,Male,20-29,"[1.0401952e-03 9.3095231e-01 2.5610957e-02 1.6676587e-03 1.1689120e-02
 2.8788105e-02 2.5162060e-04]",[6.6775270e-04 9.2045945e-01 7.1397454e-02 7.4753538e-03],[9.9937236e-01 6.2762690e-04],"[8.1887438e-06 3.0419596e-03 3.6602389e-02 6.2721068e-01 3.0958876e-01
 2.3195622e-02 3.4406138e-04 7.9559150e-06 3.8453857e-07]",Black,20-39,
/scratch/project_462000771/mengting/projects/bias/Wan2.1/prompt2/selected_faces/detected_unhappy/unhappy_person_0902_face0.png,Latino_Hispanic,Asian,Male,30-39,"[0.07366709 0.19091934 0.5663554  0.00057968 0.00459635 0.03902731
 0.12485477]",[0.12547733 0.10253    0.4760692  0.29592344],[9.9998134e-01 1.8635103e-05],"[1.3008846e-05 4.7129882e-04 2.8850911e-02 3.4813586e-01 5.3114867e-01
 8.9304261e-02 2.0182519e-03 5.6422276e-05 1.2384512e-06]",Others,20-39,
/scratch/project_462000771/mengting/projects/bias/Wan2.1/prompt2/selected_faces/detected_unhappy/unhappy_person_0903_face0.png,White,White,Female,30-39,"[8.30654860e-01 3.05311660e-05 6.59218878e-02 2.38202047e-05
 5.57830790e-05 8.59694381e-04 1.02453426e-01]",[9.9129969e-01 9.2934095e-04 3.8109871e-04 7.3899115e-03],[2.4587283e-04 9.9975413e-01],"[9.4556318e-09 6.8563526e-07 6.7285186e-04 1.2789430e-01 6.4979696e-01
 2.1041788e-01 1.1136721e-02 7.9800520e-05 8.4294538e-07]",White,20-39,
/scratch/project_462001220/mengting/projects_771/bias/Wan2.1/prompt2/complete_selected_faces/detected_unhappy/0904_face0.png,White,White,Male,20-29,"[9.8933536e-01 7.7078903e-06 6.7284317e-03 1.3543414e-04 1.8810765e-04
 3.0549465e-05 3.5744854e-03]",[9.9354398e-01 1.8978046e-05 6.1780340e-03 2.5895043e-04],[0.9157141  0.08428594],"[3.7373329e-07 8.0434111e-05 3.7873697e-02 7.1584672e-01 2.2689535e-01
 1.8990910e-02 3.0422534e-04 7.5858061e-06 7.2210048e-07]",White,20-39,1.0
/scratch/project_462000771/mengting/projects/bias/Wan2.1/prompt2/selected_faces/detected_unhappy/unhappy_person_0905_face0.png,Latino_Hispanic,Indian,Male,30-39,"[0.13301001 0.00828406 0.5912984  0.00470567 0.00625355 0.2019873
 0.05446099]",[0.15950778 0.08314591 0.04344525 0.71390104],[9.9939835e-01 6.0163968e-04],"[1.4384905e-05 2.4473236e-04 1.6495903e-03 1.4958185e-01 6.3213396e-01
 2.0929371e-01 6.9990107e-03 8.0980943e-05 1.7595027e-06]",Others,20-39,
/scratch/project_462000771/mengting/projects/bias/Wan2.1/prompt2/selected_faces/detected_unhappy/unhappy_person_0906_face0.png,Latino_Hispanic,Indian,Male,30-39,"[1.3243939e-02 1.9747902e-02 7.5498503e-01 2.2747352e-04 4.7575412e-03
 1.6948111e-01 3.7556980e-02]",[0.00634477 0.00901802 0.00770325 0.97693396],[9.9990547e-01 9.4527808e-05],"[5.2519895e-06 5.9085807e-05 7.0007695e-03 2.2702713e-01 5.8354455e-01
 1.7392574e-01 7.9335300e-03 4.8565480e-04 1.8382081e-05]",Others,20-39,
/scratch/project_462000771/mengting/projects/bias/Wan2.1/prompt2/selected_faces/detected_unhappy/unhappy_person_0907_face0.png,Latino_Hispanic,White,Male,30-39,"[1.9115652e-01 4.9982447e-04 6.5401435e-01 8.6479718e-03 1.3884072e-02
 1.1416500e-01 1.7632276e-02]",[0.43352327 0.00340425 0.19402033 0.36905217],[9.9995744e-01 4.2543805e-05],"[5.4689349e-06 7.2056260e-05 7.7056175e-04 8.5502043e-02 7.2186846e-01
 1.8861476e-01 3.1539518e-03 1.2618644e-05 1.5257190e-07]",Others,20-39,
/scratch/project_462000771/mengting/projects/bias/Wan2.1/prompt2/selected_faces/detected_unhappy/unhappy_person_0908_face0.png,White,White,Male,30-39,"[9.7831839e-01 4.9504411e-04 1.0823004e-02 8.0603113e-06 2.5368918e-05
 1.8877746e-04 1.0141321e-02]",[9.9112034e-01 4.3283678e-03 3.8828168e-03 6.6848373e-04],[9.9985677e-01 1.4325680e-04],"[1.4263119e-08 4.1731909e-07 3.2132948e-04 2.3456477e-01 7.0915735e-01
 5.4715905e-02 1.2330700e-03 6.9733933e-06 1.8397577e-07]",White,20-39,
/scratch/project_462000771/mengting/projects/bias/Wan2.1/prompt2/selected_faces/detected_unhappy/unhappy_person_0909_face0.png,White,White,Male,30-39,"[8.0318809e-01 6.3632132e-04 7.4471928e-02 1.0562344e-04 2.5106521e-04
 6.4392746e-03 1.1490773e-01]",[0.9392043  0.00921751 0.00248914 0.04908913],[9.9999911e-01 9.1356134e-07],"[1.5079934e-07 8.3009206e-07 6.3107924e-05 4.5761514e-02 7.2985297e-01
 2.2129382e-01 3.0122607e-03 1.5064512e-05 1.8992561e-07]",White,20-39,
/scratch/project_462001220/mengting/projects_771/bias/Wan2.1/prompt2/complete_selected_faces/detected_unhappy/0910_face0.png,White,White,Female,20-29,"[9.5021635e-01 8.1011196e-05 4.5478404e-03 9.8805819e-03 2.7764610e-03
 6.3484046e-04 3.1862941e-02]",[0.88569075 0.00836579 0.09830671 0.00763686],[0.3396582  0.66034174],"[8.7424214e-06 1.2397984e-04 1.5056295e-02 5.7999218e-01 2.5867656e-01
 1.1301761e-01 2.5282150e-02 5.5346172e-03 2.3079873e-03]",White,20-39,0.0
/scratch/project_462000771/mengting/projects/bias/Wan2.1/prompt2/selected_faces/detected_unhappy/unhappy_person_0911_face0.png,Latino_Hispanic,Asian,Male,20-29,"[0.29175282 0.00765831 0.5156831  0.04766325 0.08848633 0.00709761
 0.04165858]",[0.34698302 0.01115565 0.4444943  0.19736701],[9.9985301e-01 1.4700727e-04],"[7.7508921e-06 2.7895303e-04 3.8699914e-02 6.2194723e-01 2.6172653e-01
 6.9333032e-02 7.6395217e-03 3.5311221e-04 1.3920016e-05]",Others,20-39,
/scratch/project_462000771/mengting/projects/bias/Wan2.1/prompt2/selected_faces/detected_unhappy/unhappy_person_0912_face0.png,Middle Eastern,White,Male,50-59,"[0.12560475 0.0047777  0.12935093 0.00440836 0.00524429 0.02505303
 0.7055609 ]",[0.8494012  0.00756018 0.03885795 0.10418066],[0.7378458  0.26215425],"[3.1788652e-05 1.1863777e-04 5.5921671e-04 4.4284100e-03 6.9441296e-02
 3.6279425e-01 4.7785148e-01 7.6139301e-02 8.6356532e-03]",Others,40-59,
/scratch/project_462000771/mengting/projects/bias/Wan2.1/prompt2/selected_faces/detected_unhappy/unhappy_person_0913_face0.png,White,White,Male,30-39,"[6.0040778e-01 8.7676795e-05 7.7848710e-02 2.4256264e-04 3.0413567e-04
 2.5856080e-02 2.9525313e-01]",[9.2871767e-01 8.7214488e-04 8.1518898e-03 6.2258292e-02],[9.9998844e-01 1.1575584e-05],"[3.2902059e-07 3.4209402e-06 9.6297845e-05 1.0382817e-01 7.6267868e-01
 1.3260683e-01 7.8213186e-04 4.1855578e-06 4.6088314e-08]",White,20-39,
/scratch/project_462001220/mengting/projects_771/bias/Wan2.1/prompt2/complete_selected_faces/detected_unhappy/0914_face0.png,Latino_Hispanic,Indian,Male,20-29,"[0.2241455  0.0031886  0.27305079 0.15121251 0.22675939 0.11325109
 0.00839216]",[0.20475663 0.00382136 0.03740738 0.7540146 ],[9.99890327e-01 1.09649285e-04],"[4.2494830e-07 9.4912219e-05 5.7692312e-02 7.9656136e-01 1.4235015e-01
 3.2780564e-03 2.1721920e-05 1.0517250e-06 4.4483880e-08]",Others,20-39,1.0
/scratch/project_462000771/mengting/projects/bias/Wan2.1/prompt2/selected_faces/detected_unhappy/unhappy_person_0915_face0.png,White,White,Male,40-49,"[8.6769104e-01 1.7457518e-04 1.6769215e-02 1.7787878e-04 1.5915715e-04
 1.2362839e-03 1.1379190e-01]",[0.9131585  0.00093222 0.07613099 0.00977831],[9.9996525e-01 3.4752880e-05],"[3.5118892e-06 3.4555892e-06 1.9883031e-05 8.2465122e-04 8.3200283e-02
 7.4548942e-01 1.6931279e-01 1.1349267e-03 1.1040062e-05]",White,40-59,
/scratch/project_462001220/mengting/projects_771/bias/Wan2.1/prompt2/complete_selected_faces/detected_unhappy/0916_face0.png,White,White,Male,40-49,"[9.5634681e-01 5.8906808e-05 2.6634010e-03 7.9849298e-05 1.3732698e-04
 2.4243721e-04 4.0471293e-02]",[9.9730903e-01 9.0877555e-05 1.8497038e-04 2.4150868e-03],[9.9939811e-01 6.0191273e-04],"[3.0848703e-05 1.0333062e-04 1.0529379e-03 4.4291206e-02 3.6057678e-01
 5.0033432e-01 8.7625518e-02 5.1772213e-03 8.0785702e-04]",White,40-59,1.0
/scratch/project_462000771/mengting/projects/bias/Wan2.1/prompt2/selected_faces/detected_unhappy/unhappy_person_0917_face0.png,Latino_Hispanic,White,Male,40-49,"[0.17160931 0.01313384 0.5752928  0.04337157 0.0895211  0.02746104
 0.07961032]",[0.43321618 0.03595682 0.33501214 0.19581474],[0.9763123  0.02368774],"[1.3691461e-05 1.0010923e-04 1.1123408e-02 2.1130350e-01 2.0230018e-01
 2.3967293e-01 2.0389403e-01 9.9224336e-02 3.2367807e-02]",Others,40-59,
/scratch/project_462000771/mengting/projects/bias/Wan2.1/prompt2/selected_faces/detected_unhappy/unhappy_person_0918_face0.png,White,White,Male,30-39,"[9.8193645e-01 3.6206644e-03 8.5522989e-03 1.3912178e-04 2.0195422e-04
 8.8733243e-04 4.6621333e-03]",[9.9929851e-01 8.8085988e-05 5.0405797e-04 1.0929217e-04],[0.99831355 0.00168647],"[7.5756107e-05 5.9906265e-04 4.6601105e-03 1.6099334e-01 4.9597007e-01
 2.9976815e-01 3.6187418e-02 1.5552051e-03 1.9093511e-04]",White,20-39,
/scratch/project_462000771/mengting/projects/bias/Wan2.1/prompt2/selected_faces/detected_unhappy/unhappy_person_0919_face0.png,White,White,Female,20-29,"[4.5494008e-01 2.4193105e-05 7.1289696e-02 2.1729751e-01 2.3237607e-01
 3.1623573e-03 2.0910019e-02]",[6.7889374e-01 1.5755242e-04 2.9092872e-01 3.0019965e-02],[0.00574443 0.99425554],"[0.0004301  0.01254266 0.06533853 0.29363877 0.21874788 0.25566673
 0.1036645  0.02672522 0.02324555]",White,20-39,
/scratch/project_462000771/mengting/projects/bias/Wan2.1/prompt2/selected_faces/detected_unhappy/unhappy_person_0920_face0.png,White,White,Male,20-29,"[0.47263065 0.0016804  0.17850938 0.00176644 0.00183707 0.10825786
 0.2353182 ]",[0.89024925 0.01201572 0.00268134 0.09505364],[0.9286252  0.07137475],"[4.1913304e-06 2.8260096e-04 1.1622543e-02 6.3606185e-01 3.4112984e-01
 1.0749663e-02 1.4271932e-04 6.0149850e-06 5.7574630e-07]",White,20-39,
/scratch/project_462000771/mengting/projects/bias/Wan2.1/prompt2/selected_faces/detected_unhappy/unhappy_person_0921_face0.png,White,White,Female,30-39,"[0.348011   0.00271933 0.3021618  0.1607579  0.09020022 0.03604105
 0.06010874]",[0.51452965 0.00107617 0.45000324 0.03439095],[0.20209536 0.7979046 ],"[2.3729106e-05 1.7437673e-03 4.5977980e-02 3.6788467e-01 3.7454042e-01
 1.7196459e-01 3.3384286e-02 3.9857561e-03 4.9478520e-04]",White,20-39,
/scratch/project_462000771/mengting/projects/bias/Wan2.1/prompt2/selected_faces/detected_unhappy/unhappy_person_0922_face0.png,White,White,Male,30-39,"[9.8650765e-01 4.7455619e-06 3.4531516e-03 4.3877331e-03 1.0039498e-03
 5.2106695e-04 4.1217804e-03]",[9.9378377e-01 7.7067898e-06 4.0541515e-03 2.1543880e-03],[0.99769425 0.00230582],"[9.42365386e-06 9.08079819e-05 2.95170466e-03 2.69379556e-01
 6.10153437e-01 1.16036765e-01 1.36218290e-03 1.57337345e-05
 4.06270232e-07]",White,20-39,
/scratch/project_462000771/mengting/projects/bias/Wan2.1/prompt2/selected_faces/detected_unhappy/unhappy_person_0923_face0.png,Middle Eastern,White,Female,20-29,"[1.5151030e-01 1.1651954e-05 4.1809160e-02 1.9471395e-04 4.2654082e-04
 1.8803066e-01 6.1801708e-01]",[8.5160005e-01 4.5973833e-05 8.1833423e-04 1.4753567e-01],[0.01531946 0.98468053],"[9.6242957e-07 5.2537631e-05 1.2332940e-02 4.1447037e-01 3.8441995e-01
 1.7211179e-01 1.4840830e-02 1.3054813e-03 4.6510310e-04]",Others,20-39,
/scratch/project_462000771/mengting/projects/bias/Wan2.1/prompt2/selected_faces/detected_unhappy/unhappy_person_0924_face0.png,White,Indian,Male,30-39,"[3.7871245e-01 1.2756549e-03 3.2730848e-01 2.3000661e-04 1.2816110e-03
 6.8861365e-02 2.2233045e-01]",[0.20635115 0.00121709 0.00705754 0.7853742 ],[9.9975574e-01 2.4427744e-04],"[1.0168191e-06 1.2592500e-05 1.0310443e-03 7.6571897e-02 5.7461369e-01
 3.2922426e-01 1.8257281e-02 2.7345063e-04 1.4809191e-05]",White,20-39,
/scratch/project_462000771/mengting/projects/bias/Wan2.1/prompt2/selected_faces/detected_unhappy/unhappy_person_0925_face0.png,Latino_Hispanic,White,Male,30-39,"[0.14790814 0.00113912 0.44517657 0.00082157 0.0014379  0.1594297
 0.24408704]",[0.76914036 0.00586644 0.033148   0.19184522],[9.999001e-01 9.987769e-05],"[3.6107151e-06 3.2951863e-05 8.3743455e-04 3.5136679e-01 6.1839050e-01
 2.9198281e-02 1.6853062e-04 1.8505415e-06 3.7080092e-08]",Others,20-39,
/scratch/project_462000771/mengting/projects/bias/Wan2.1/prompt2/selected_faces/detected_unhappy/unhappy_person_0926_face0.png,White,White,Female,20-29,"[7.7170449e-01 2.0918591e-05 3.2721851e-02 4.5562822e-02 2.7765961e-02
 1.2576106e-03 1.2096626e-01]",[9.7626948e-01 7.7677623e-06 2.3451578e-02 2.7112532e-04],[0.06132325 0.9386768 ],"[1.1969054e-03 3.4620527e-02 1.5561561e-01 6.2516785e-01 1.5698121e-01
 2.5438862e-02 8.2605460e-04 1.1972138e-04 3.3327069e-05]",White,20-39,
/scratch/project_462000771/mengting/projects/bias/Wan2.1/prompt2/selected_faces/detected_unhappy/unhappy_person_0927_face0.png,White,White,Male,20-29,"[8.3993477e-01 3.9983232e-04 1.9357844e-03 2.1306690e-04 5.6560017e-04
 2.5634296e-04 1.5669452e-01]",[9.9766910e-01 1.8548897e-04 1.7536674e-03 3.9167449e-04],[9.9996966e-01 3.0320853e-05],"[2.3503528e-06 1.2495500e-05 3.2145616e-03 2.9106939e-01 2.8513980e-01
 2.3432176e-01 1.1312532e-01 5.8950461e-02 1.4163851e-02]",White,20-39,
/scratch/project_462000771/mengting/projects/bias/Wan2.1/prompt2/selected_faces/detected_unhappy/unhappy_person_0928_face0.png,Latino_Hispanic,White,Male,40-49,"[0.26967856 0.00074421 0.6820159  0.00432404 0.00350788 0.01526339
 0.02446605]",[0.9152879  0.0012477  0.04645324 0.03701115],[0.99872833 0.00127166],"[1.8168083e-05 3.3455901e-05 8.5214298e-04 1.8339268e-03 1.0638585e-01
 5.3767937e-01 3.4638032e-01 6.7814388e-03 3.5324545e-05]",Others,40-59,
/scratch/project_462000771/mengting/projects/bias/Wan2.1/prompt2/selected_faces/detected_unhappy/unhappy_person_0929_face0.png,White,White,Female,30-39,"[9.3074256e-01 3.3038479e-05 2.8841475e-02 5.3666515e-04 2.9427680e-04
 6.9526973e-04 3.8856637e-02]",[9.9639052e-01 4.7318437e-05 2.6619141e-03 9.0021431e-04],[0.00798499 0.99201494],"[3.4541866e-08 4.4916724e-06 7.0747561e-03 4.4567981e-01 4.7944650e-01
 6.6928908e-02 8.3726825e-04 2.7292561e-05 9.6435247e-07]",White,20-39,
/scratch/project_462000771/mengting/projects/bias/Wan2.1/prompt2/selected_faces/detected_unhappy/unhappy_person_0930_face0.png,White,White,Male,30-39,"[5.7544577e-01 3.1123345e-05 2.1533493e-02 1.0854649e-05 4.6738209e-05
 3.8949789e-03 3.9903703e-01]",[9.8392630e-01 3.0205760e-05 4.1270898e-05 1.6002160e-02],[9.9994874e-01 5.1203613e-05],"[1.5232856e-06 6.2802137e-06 4.3122057e-04 3.8932204e-02 4.9752185e-01
 4.4275847e-01 2.0144338e-02 1.9866815e-04 5.4487682e-06]",White,20-39,
/scratch/project_462001220/mengting/projects_771/bias/Wan2.1/prompt2/complete_selected_faces/detected_unhappy/0931_face0.png,White,White,Male,20-29,"[8.5006201e-01 7.5724667e-05 5.1499244e-02 2.4427625e-04 4.2311690e-04
 6.7817344e-04 9.7017601e-02]",[9.6965563e-01 8.6566037e-04 2.0955659e-02 8.5230544e-03],[0.9966825  0.00331745],"[3.05865046e-06 6.31877454e-04 2.48632550e-01 6.00185513e-01
 1.21428244e-01 2.72604879e-02 1.76507747e-03 8.72312885e-05
 5.87267868e-06]",White,20-39,0.0
/scratch/project_462001220/mengting/projects_771/bias/Wan2.1/prompt2/complete_selected_faces/detected_unhappy/0932_face0.png,White,White,Male,20-29,"[8.0946779e-01 4.1660614e-04 2.1763302e-02 3.3765165e-03 5.5606817e-03
 2.1469742e-03 1.5726808e-01]",[0.984884   0.0014196  0.00829379 0.00540256],[0.9544346  0.04556544],"[1.50210644e-05 1.14425718e-04 1.81702655e-02 3.75917584e-01
 2.94481814e-01 2.10977852e-01 6.57575652e-02 2.40842532e-02
 1.04811825e-02]",White,20-39,0.0
/scratch/project_462000771/mengting/projects/bias/Wan2.1/prompt2/selected_faces/detected_unhappy/unhappy_person_0933_face0.png,White,White,Male,20-29,"[0.42846486 0.00241665 0.31195688 0.05169522 0.04767265 0.01890049
 0.13889317]",[0.7842595  0.00372806 0.12270673 0.08930566],[0.98088384 0.01911614],"[7.2314884e-05 3.0408432e-03 6.4896435e-02 3.5700619e-01 1.9142455e-01
 2.1913609e-01 1.3483410e-01 2.1858366e-02 7.7310270e-03]",White,20-39,
/scratch/project_462000771/mengting/projects/bias/Wan2.1/prompt2/selected_faces/detected_unhappy/unhappy_person_0934_face0.png,White,White,Male,30-39,"[9.97137547e-01 3.43145030e-06 4.31973924e-04 5.67134202e-06
 1.28424745e-05 1.42230556e-05 2.39426387e-03]",[9.9984819e-01 4.4930644e-06 1.3326887e-04 1.3996265e-05],[9.9982172e-01 1.7830863e-04],"[3.0925312e-06 7.2387746e-05 1.7802413e-03 1.4129630e-01 5.6899261e-01
 2.7608532e-01 1.1634869e-02 1.2505965e-04 1.0045520e-05]",White,20-39,
/scratch/project_462000771/mengting/projects/bias/Wan2.1/prompt2/selected_faces/detected_unhappy/unhappy_person_0935_face0.png,Middle Eastern,White,Male,40-49,"[0.19689701 0.00194966 0.08393545 0.00080488 0.00106815 0.00614514
 0.7091997 ]",[0.9771642  0.00351349 0.00509166 0.0142306 ],[9.9999791e-01 2.1175201e-06],"[3.3894787e-05 2.8722627e-05 8.5208834e-05 1.3387937e-02 3.9530584e-01
 5.5320746e-01 3.7493132e-02 4.5128443e-04 6.6111829e-06]",White,40-59,
/scratch/project_462000771/mengting/projects/bias/Wan2.1/prompt2/selected_faces/detected_unhappy/unhappy_person_0936_face0.png,Indian,Indian,Male,30-39,"[0.01306588 0.11533132 0.37855023 0.00477814 0.05961011 0.4100872
 0.01857712]",[0.04121088 0.10036739 0.02189281 0.83652896],[0.9984069  0.00159317],"[1.3725994e-04 4.0958221e-03 7.2522253e-02 2.7587664e-01 4.1263470e-01
 1.9737823e-01 3.4595121e-02 2.5194795e-03 2.4052210e-04]",Others,20-39,
/scratch/project_462000771/mengting/projects/bias/Wan2.1/prompt2/selected_faces/detected_unhappy/unhappy_person_0937_face0.png,White,White,Female,30-39,"[4.7947884e-01 2.2932053e-04 2.6584840e-01 2.6657621e-03 2.2130688e-03
 1.0036216e-02 2.3952840e-01]",[9.2018032e-01 5.2575179e-04 3.1135628e-02 4.8158318e-02],[2.1062895e-04 9.9978936e-01],"[2.8909987e-08 1.5379037e-06 1.5749389e-03 1.8124481e-01 6.6361719e-01
 1.4967236e-01 3.8188815e-03 6.9480680e-05 7.9763413e-07]",White,20-39,
/scratch/project_462001220/mengting/projects_771/bias/Wan2.1/prompt2/complete_selected_faces/detected_unhappy/0938_face0.png,Indian,Indian,Male,30-39,"[3.55858309e-03 1.00918204e-01 1.01210296e-01 8.18673743e-06
 2.11689854e-04 7.87476122e-01 6.61694398e-03]",[7.873637e-03 1.706090e-01 2.784939e-04 8.212389e-01],[9.99880672e-01 1.19308155e-04],"[7.0904878e-07 1.4423863e-05 6.7679118e-04 1.6271025e-01 7.6791674e-01
 6.7965589e-02 7.1089686e-04 4.4587246e-06 9.2607351e-08]",Others,20-39,1.0
/scratch/project_462001220/mengting/projects_771/bias/Wan2.1/prompt2/complete_selected_faces/detected_unhappy/0939_face0.png,White,White,Female,40-49,"[7.72961199e-01 1.00239258e-05 3.08219297e-03 1.82616979e-01
 3.62065174e-02 1.07868276e-04 5.01527777e-03]",[7.3797995e-01 4.0626426e-05 2.6150617e-01 4.7331583e-04],[0.03029548 0.9697045 ],"[5.68657997e-05 1.42055890e-03 1.22640608e-02 2.17488408e-01
 2.83549160e-01 3.62709820e-01 1.06967032e-01 1.17515735e-02
 3.79250734e-03]",White,40-59,1.0
/scratch/project_462001220/mengting/projects_771/bias/Wan2.1/prompt2/complete_selected_faces/detected_unhappy/0940_face0.png,White,White,Male,30-39,"[9.1488636e-01 1.5047121e-05 2.9831342e-02 1.0943573e-03 7.4163172e-04
 5.7522538e-03 4.7679055e-02]",[9.54937816e-01 1.18969256e-04 1.17702801e-02 3.31728794e-02],[9.9972594e-01 2.7405657e-04],"[2.1343263e-05 2.4899578e-04 4.4940840e-03 3.4526926e-01 5.9614193e-01
 5.3299576e-02 5.1917502e-04 5.5290952e-06 1.2757035e-07]",White,20-39,1.0
/scratch/project_462000771/mengting/projects/bias/Wan2.1/prompt2/selected_faces/detected_unhappy/unhappy_person_0941_face0.png,White,White,Male,30-39,"[5.2966285e-01 2.5092304e-04 2.4070080e-01 4.3280674e-03 7.3064552e-03
 4.3552641e-02 1.7419821e-01]",[9.7846925e-01 1.6278955e-04 1.0129642e-02 1.1238280e-02],[9.9952465e-01 4.7534809e-04],"[1.8155331e-06 7.4981974e-05 3.0558985e-03 3.7466401e-01 5.7535470e-01
 4.6112716e-02 7.2263397e-04 1.2767904e-05 5.0782904e-07]",White,20-39,
/scratch/project_462000771/mengting/projects/bias/Wan2.1/prompt2/selected_faces/detected_unhappy/unhappy_person_0942_face0.png,White,White,Male,20-29,"[4.3077910e-01 3.8432266e-04 1.4141956e-01 6.8991654e-02 1.4481953e-01
 1.5526490e-01 5.8340989e-02]",[6.1726213e-01 5.4351724e-04 3.4224573e-01 3.9948620e-02],[0.99204457 0.00795544],"[1.3916737e-05 2.4359627e-03 5.3724986e-02 4.7516423e-01 4.1835409e-01
 4.8968572e-02 1.2104394e-03 1.2033072e-04 7.3786787e-06]",White,20-39,
/scratch/project_462000771/mengting/projects/bias/Wan2.1/prompt2/selected_faces/detected_unhappy/unhappy_person_0943_face0.png,East Asian,Asian,Female,50-59,"[1.6948655e-01 7.0056660e-05 9.0491220e-02 4.3158773e-01 2.9009306e-01
 1.4784471e-03 1.6792934e-02]",[3.7253624e-01 2.1703490e-04 6.2670684e-01 5.3986942e-04],[0.12167627 0.8783237 ],"[2.2081356e-05 2.8493276e-04 2.5878446e-03 9.6413950e-03 1.4091396e-01
 3.9410612e-01 3.9862919e-01 5.0385248e-02 3.4292452e-03]",Asian,40-59,
/scratch/project_462000771/mengting/projects/bias/Wan2.1/prompt2/selected_faces/detected_unhappy/unhappy_person_0944_face0.png,White,White,Male,40-49,"[9.5416582e-01 2.3694934e-05 6.9183009e-03 3.8388822e-05 7.3960146e-05
 2.1940496e-04 3.8560458e-02]",[9.9974889e-01 1.0598622e-05 4.4539120e-05 1.9597814e-04],[0.9917674  0.00823263],"[3.9849350e-05 2.2835023e-04 1.4322811e-03 4.2827670e-02 4.3035501e-01
 4.7840291e-01 4.5164648e-02 1.4328485e-03 1.1641628e-04]",White,40-59,
/scratch/project_462000771/mengting/projects/bias/Wan2.1/prompt2/selected_faces/detected_unhappy/unhappy_person_0945_face0.png,White,White,Male,30-39,"[9.2772269e-01 7.8008547e-05 4.4778004e-02 1.4227453e-04 2.8561885e-04
 1.0505911e-03 2.5942761e-02]",[9.9813193e-01 3.9847979e-05 3.2408361e-04 1.5041539e-03],[9.9999940e-01 6.0197686e-07],"[3.1142943e-07 1.2011176e-05 2.3498544e-03 4.1601813e-01 5.4120582e-01
 4.0126368e-02 2.8475674e-04 2.7052986e-06 3.9958689e-08]",White,20-39,
/scratch/project_462000771/mengting/projects/bias/Wan2.1/prompt2/selected_faces/detected_unhappy/unhappy_person_0946_face0.png,Latino_Hispanic,White,Male,40-49,"[0.1510347  0.00101345 0.3562259  0.17083366 0.20611548 0.04770756
 0.06706921]",[8.74626219e-01 6.27305591e-04 1.00088425e-01 2.46580485e-02],[0.92314225 0.07685773],"[3.1004609e-05 1.0257881e-03 2.4486268e-02 2.8584459e-01 2.2472581e-01
 3.0137095e-01 1.3667278e-01 1.8860260e-02 6.9825058e-03]",Others,40-59,
/scratch/project_462000771/mengting/projects/bias/Wan2.1/prompt2/selected_faces/detected_unhappy/unhappy_person_0947_face0.png,White,White,Female,30-39,"[8.2285863e-01 2.2905551e-04 1.2874876e-01 8.9913113e-03 5.3413222e-03
 1.8897131e-03 3.1941094e-02]",[9.6948814e-01 3.8825473e-04 1.1096845e-02 1.9026734e-02],[1.4072051e-04 9.9985927e-01],"[6.2434204e-08 1.2962386e-05 3.1913258e-03 1.9705300e-01 6.4251405e-01
 1.5092058e-01 6.2452126e-03 6.2194216e-05 6.3428195e-07]",White,20-39,
/scratch/project_462000771/mengting/projects/bias/Wan2.1/prompt2/selected_faces/detected_unhappy/unhappy_person_0948_face0.png,White,White,Female,30-39,"[5.88851392e-01 8.95131088e-05 4.70178537e-02 1.21647315e-02
 4.21787146e-03 8.12722079e-04 3.46845925e-01]",[9.7294098e-01 7.7561219e-04 2.4165610e-02 2.1177682e-03],[0.00584045 0.9941595 ],"[1.4069642e-06 3.6043097e-05 9.4640208e-03 2.7017388e-01 3.9071459e-01
 2.5686166e-01 6.3047670e-02 8.7533128e-03 9.4740099e-04]",White,20-39,
/scratch/project_462000771/mengting/projects/bias/Wan2.1/prompt2/selected_faces/detected_unhappy/unhappy_person_0949_face0.png,Black,Black,Male,20-29,"[4.4782669e-03 6.9291967e-01 2.0310734e-01 6.4582680e-04 1.7560164e-02
 7.2688907e-02 8.5998084e-03]",[4.2850705e-04 9.7254264e-01 1.5443065e-03 2.5484614e-02],[9.9986553e-01 1.3453120e-04],"[2.5140325e-06 1.5043103e-03 2.3377287e-01 6.9446200e-01 6.7230895e-02
 2.9322354e-03 8.9078188e-05 5.7310531e-06 2.8936819e-07]",Black,20-39,
/scratch/project_462000771/mengting/projects/bias/Wan2.1/prompt2/selected_faces/detected_unhappy/unhappy_person_0950_face0.png,White,White,Male,30-39,"[9.8542285e-01 1.9600877e-04 3.5944907e-03 3.5745015e-05 1.3971364e-04
 5.7091261e-04 1.0040313e-02]",[9.9961257e-01 3.5986502e-06 7.2514376e-05 3.1128875e-04],[0.9982469  0.00175314],"[2.1374583e-06 3.3910121e-05 6.5188418e-04 8.7513454e-02 6.2833899e-01
 2.7331001e-01 1.0029627e-02 1.1245662e-04 7.6045817e-06]",White,20-39,
/scratch/project_462000771/mengting/projects/bias/Wan2.1/prompt2/selected_faces/detected_unhappy/unhappy_person_0951_face0.png,East Asian,Asian,Female,20-29,"[0.07565593 0.00087018 0.20279086 0.46673205 0.24495023 0.00323764
 0.00576319]",[3.7424874e-02 4.2377110e-04 9.5526719e-01 6.8842103e-03],[0.01241481 0.98758525],"[6.5700578e-06 2.6216330e-03 1.6381815e-01 7.4387312e-01 8.2349971e-02
 6.7210402e-03 5.0454924e-04 8.7838976e-05 1.7132499e-05]",Asian,20-39,
/scratch/project_462000771/mengting/projects/bias/Wan2.1/prompt2/selected_faces/detected_unhappy/unhappy_person_0952_face0.png,White,White,Male,30-39,"[6.99915171e-01 5.25706018e-05 1.24821849e-01 2.02664863e-02
 1.18697342e-02 3.02700959e-02 1.12804115e-01]",[9.2716724e-01 1.7356744e-05 5.1293075e-02 2.1522252e-02],[9.9981141e-01 1.8859883e-04],"[5.5341741e-07 5.2808438e-05 5.6909453e-03 3.3730450e-01 5.9837514e-01
 5.8177724e-02 3.9479890e-04 3.3976212e-06 7.9570569e-08]",White,20-39,
/scratch/project_462000771/mengting/projects/bias/Wan2.1/prompt2/selected_faces/detected_unhappy/unhappy_person_0953_face0.png,White,Indian,Male,30-39,"[5.3237599e-01 8.6028059e-04 2.5513220e-01 2.6474160e-04 9.6636167e-04
 1.5091716e-01 5.9483238e-02]",[0.25678763 0.00139226 0.08580835 0.6560117 ],[9.9970406e-01 2.9591465e-04],"[7.7922296e-06 1.0409397e-04 8.2378456e-04 2.7427858e-02 4.8216817e-01
 4.6308896e-01 2.6133055e-02 2.3767490e-04 8.5731099e-06]",White,20-39,
/scratch/project_462000771/mengting/projects/bias/Wan2.1/prompt2/selected_faces/detected_unhappy/unhappy_person_0954_face0.png,White,White,Male,30-39,"[0.60354006 0.00243539 0.25853872 0.03861749 0.04163978 0.01244463
 0.04278395]",[0.7495292  0.03291894 0.06880505 0.14874686],[0.6369869  0.36301306],"[4.16277726e-06 6.90185698e-05 1.16078975e-02 2.87699699e-01
 4.84675378e-01 1.91597641e-01 2.17850376e-02 2.22923048e-03
 3.31935094e-04]",White,20-39,
/scratch/project_462000771/mengting/projects/bias/Wan2.1/prompt2/selected_faces/detected_unhappy/unhappy_person_0955_face0.png,East Asian,Asian,Male,20-29,"[1.5398000e-01 1.2332293e-04 1.2700375e-02 6.7035156e-01 1.5206417e-01
 1.0367007e-03 9.7438814e-03]",[7.1190973e-03 9.1793983e-05 9.9161607e-01 1.1730853e-03],[0.6207224  0.37927762],"[3.3119845e-04 2.6151666e-02 2.7019727e-01 5.6511110e-01 9.6420348e-02
 3.2890666e-02 6.2153870e-03 2.0123152e-03 6.6999416e-04]",Asian,20-39,
/scratch/project_462000771/mengting/projects/bias/Wan2.1/prompt2/selected_faces/detected_unhappy/unhappy_person_0956_face0.png,Latino_Hispanic,White,Female,30-39,"[3.75313997e-01 1.04692685e-04 4.07909244e-01 2.19153310e-03
 2.76948255e-03 8.38739984e-03 2.03323618e-01]",[9.9078423e-01 5.1589515e-05 2.7304902e-03 6.4335475e-03],[7.9634767e-05 9.9992037e-01],"[7.0282124e-07 3.7846610e-05 3.3877080e-03 1.1111364e-01 5.6915581e-01
 2.8827342e-01 2.6558710e-02 1.4389164e-03 3.3179083e-05]",Others,20-39,
/scratch/project_462000771/mengting/projects/bias/Wan2.1/prompt2/selected_faces/detected_unhappy/unhappy_person_0957_face0.png,White,White,Male,20-29,"[0.69215834 0.00309793 0.04306873 0.00097244 0.00169479 0.00107978
 0.25792795]",[0.92674494 0.03017159 0.01611536 0.02696813],[0.8488586  0.15114148],"[6.2204181e-06 5.3683850e-03 4.3028656e-01 5.3248727e-01 3.0744391e-02
 1.0935138e-03 1.2881098e-05 6.3550419e-07 3.2455517e-08]",White,20-39,
/scratch/project_462000771/mengting/projects/bias/Wan2.1/prompt2/selected_faces/detected_unhappy/unhappy_person_0958_face0.png,White,White,Female,20-29,"[0.7705515  0.00085153 0.14397869 0.0058239  0.00588145 0.0443824
 0.0285305 ]",[0.7037171  0.00254662 0.02460126 0.26913503],[0.00511649 0.9948835 ],"[1.5461984e-06 7.2324081e-05 1.0145646e-02 4.9080765e-01 3.9790240e-01
 9.4222307e-02 6.5044463e-03 3.1106823e-04 3.2571934e-05]",White,20-39,
/scratch/project_462000771/mengting/projects/bias/Wan2.1/prompt2/selected_faces/detected_unhappy/unhappy_person_0959_face0.png,White,White,Male,30-39,"[6.75530910e-01 1.97047266e-04 1.79534227e-01 7.81461073e-04
 1.40960049e-03 2.74819396e-02 1.15064815e-01]",[8.50584686e-01 4.72148211e-04 3.63855213e-02 1.12557665e-01],[9.999907e-01 9.314952e-06],"[4.41671659e-07 1.10678056e-05 5.16955333e-04 1.11729726e-01
 7.82199264e-01 1.05111390e-01 4.28668078e-04 2.37351696e-06
 2.71578262e-08]",White,20-39,
/scratch/project_462001220/mengting/projects_771/bias/Wan2.1/prompt2/complete_selected_faces/detected_unhappy/0960_face0.png,White,White,Male,20-29,"[0.5872762  0.00068466 0.12953717 0.00402716 0.00619096 0.00161968
 0.27066422]",[9.9473554e-01 8.7756838e-05 3.0494307e-03 2.1272744e-03],[0.8276005 0.1723995],"[1.2223324e-05 1.9401911e-03 1.5280041e-01 4.7890538e-01 2.6544932e-01
 8.8595264e-02 1.0801608e-02 1.2865867e-03 2.0899212e-04]",White,20-39,1.0
/scratch/project_462000771/mengting/projects/bias/Wan2.1/prompt2/selected_faces/detected_unhappy/unhappy_person_0961_face0.png,Latino_Hispanic,Indian,Male,20-29,"[0.0379751  0.02033616 0.594867   0.0642039  0.16280141 0.06705107
 0.05276536]",[0.02696497 0.4341265  0.03319074 0.5057177 ],[0.96716595 0.03283406],"[0.00115351 0.0889577  0.30453315 0.37051016 0.15698765 0.06319738
 0.01218928 0.0020754  0.0003957 ]",Others,20-39,
/scratch/project_462000771/mengting/projects/bias/Wan2.1/prompt2/selected_faces/detected_unhappy/unhappy_person_0962_face0.png,White,White,Male,30-39,"[9.3754441e-01 4.5899887e-05 4.5311395e-02 8.3165144e-04 7.3419343e-04
 3.5152226e-03 1.2017171e-02]",[9.853124e-01 4.226092e-05 4.770667e-03 9.874655e-03],[9.9986088e-01 1.3916187e-04],"[2.2059303e-06 2.4103017e-05 1.3305623e-03 2.1671022e-01 6.8352878e-01
 9.7309396e-02 1.0885731e-03 6.0066886e-06 1.0504954e-07]",White,20-39,
/scratch/project_462000771/mengting/projects/bias/Wan2.1/prompt2/selected_faces/detected_unhappy/unhappy_person_0963_face0.png,East Asian,Asian,Male,20-29,"[2.6925838e-01 7.1813593e-05 4.7793947e-02 3.9898291e-01 2.5029233e-01
 4.7192187e-03 2.8881410e-02]",[2.7023003e-01 3.0305496e-04 7.1900058e-01 1.0466359e-02],[0.9906687 0.0093313],"[2.3511877e-05 2.4821577e-03 1.4022870e-01 5.7062584e-01 1.6937254e-01
 9.2926055e-02 2.0121418e-02 3.5342160e-03 6.8555831e-04]",Asian,20-39,
/scratch/project_462000771/mengting/projects/bias/Wan2.1/prompt2/selected_faces/detected_unhappy/unhappy_person_0964_face0.png,Indian,Indian,Male,30-39,"[2.8011812e-02 1.7887034e-04 2.9801583e-01 2.7676171e-05 1.5493114e-04
 5.7131457e-01 1.0229631e-01]",[6.7646101e-02 8.7043637e-04 1.5779869e-03 9.2990547e-01],[9.998769e-01 1.230134e-04],"[3.2043779e-06 8.1541357e-06 1.2826835e-04 8.5417397e-02 7.6791739e-01
 1.4555198e-01 9.6909684e-04 4.4236317e-06 6.7606173e-08]",Others,20-39,
/scratch/project_462000771/mengting/projects/bias/Wan2.1/prompt2/selected_faces/detected_unhappy/unhappy_person_0965_face0.png,Black,Black,Male,20-29,"[1.1858351e-06 9.9990100e-01 5.4784192e-05 2.6637892e-07 8.0351365e-06
 3.4284189e-05 4.4340769e-07]",[1.8317226e-06 9.9992555e-01 3.2883752e-05 3.9813222e-05],[9.9999982e-01 1.7682058e-07],"[2.1735929e-07 2.1541970e-05 2.7683126e-03 5.6783932e-01 4.1099188e-01
 1.8207572e-02 1.6956915e-04 1.4425217e-06 6.5302999e-08]",Black,20-39,
/scratch/project_462000771/mengting/projects/bias/Wan2.1/prompt2/selected_faces/detected_unhappy/unhappy_person_0966_face0.png,White,White,Male,20-29,"[0.47391394 0.0005192  0.3169779  0.03012052 0.03029753 0.08535841
 0.06281246]",[0.44079062 0.00535792 0.20238377 0.3514677 ],[0.89020777 0.10979219],"[3.90243213e-06 1.93322543e-03 1.03449866e-01 6.87857926e-01
 1.91765070e-01 1.46077927e-02 3.70743481e-04 1.01945880e-05
 1.24550922e-06]",White,20-39,
/scratch/project_462000771/mengting/projects/bias/Wan2.1/prompt2/selected_faces/detected_unhappy/unhappy_person_0967_face0.png,White,White,Female,20-29,"[0.82891077 0.00187337 0.09237073 0.01391022 0.01279945 0.01658633
 0.03354917]",[0.83653307 0.02127813 0.12329935 0.0188894 ],[0.4873188 0.5126812],"[6.1106994e-06 5.5700453e-04 5.1222466e-02 6.3660145e-01 2.6309425e-01
 4.5864146e-02 2.2979504e-03 2.7912451e-04 7.7564793e-05]",White,20-39,
/scratch/project_462001220/mengting/projects_771/bias/Wan2.1/prompt2/complete_selected_faces/detected_unhappy/0968_face0.png,Latino_Hispanic,Indian,Male,30-39,"[0.08575283 0.00238011 0.5184106  0.00052933 0.00288821 0.26606554
 0.12397335]",[0.25093475 0.01356056 0.00313861 0.732366  ],[9.9999315e-01 6.8320701e-06],"[8.7374917e-07 1.6769309e-05 3.1104192e-04 1.3597159e-01 7.6621377e-01
 9.6479684e-02 9.9880283e-04 7.3193196e-06 1.1291104e-07]",Others,20-39,0.0
/scratch/project_462000771/mengting/projects/bias/Wan2.1/prompt2/selected_faces/detected_unhappy/unhappy_person_0969_face0.png,Latino_Hispanic,Indian,Male,20-29,"[0.10445595 0.00496723 0.7445383  0.0028397  0.03068463 0.09959541
 0.01291879]",[0.20627648 0.00227999 0.04548223 0.74596137],[9.9969798e-01 3.0205766e-04],"[1.6674090e-05 1.9704883e-03 2.4838100e-01 4.3625081e-01 1.9817856e-01
 9.3820758e-02 2.0102859e-02 1.1857351e-03 9.3160132e-05]",Others,20-39,
/scratch/project_462001220/mengting/projects_771/bias/Wan2.1/prompt2/complete_selected_faces/detected_unhappy/0970_face0.png,Latino_Hispanic,White,Female,20-29,"[0.36393374 0.00083236 0.47152615 0.03463399 0.01618326 0.00470349
 0.1081871 ]",[0.74555016 0.00158323 0.25145447 0.0014122 ],[4.2728274e-04 9.9957269e-01],"[5.6406286e-08 3.1376137e-05 4.9943347e-02 6.8247747e-01 2.5462836e-01
 1.2819714e-02 9.7149248e-05 2.4159540e-06 6.8830943e-08]",Others,20-39,0.0
/scratch/project_462000771/mengting/projects/bias/Wan2.1/prompt2/selected_faces/detected_unhappy/unhappy_person_0971_face0.png,Latino_Hispanic,Asian,Male,30-39,"[0.09991762 0.02107063 0.54324895 0.01123375 0.03337345 0.1803607
 0.11079489]",[0.2447137  0.0478911  0.5549537  0.15244149],[9.9980021e-01 1.9976313e-04],"[1.8946744e-06 8.8881507e-06 1.6904389e-04 2.8789036e-02 5.2987242e-01
 4.1750479e-01 2.3256579e-02 3.8760391e-04 9.7043094e-06]",Others,20-39,
/scratch/project_462000771/mengting/projects/bias/Wan2.1/prompt2/selected_faces/detected_unhappy/unhappy_person_0972_face0.png,Black,Black,Male,20-29,"[6.9175578e-05 9.9794501e-01 1.4604037e-03 2.3050985e-05 3.5119907e-04
 1.4483427e-04 6.4201699e-06]",[2.2132568e-05 9.9805689e-01 1.3519695e-03 5.6901353e-04],[9.9984264e-01 1.5733848e-04],"[2.5024954e-06 8.5183728e-04 4.2056985e-02 6.1358875e-01 3.0462947e-01
 3.6997508e-02 1.8250240e-03 4.3657132e-05 4.2711081e-06]",Black,20-39,
/scratch/project_462000771/mengting/projects/bias/Wan2.1/prompt2/selected_faces/detected_unhappy/unhappy_person_0973_face0.png,White,White,Male,30-39,"[0.8899353  0.00177487 0.05899258 0.00315918 0.00290171 0.00225026
 0.04098601]",[0.9761904  0.00223757 0.01862228 0.00294979],[0.9987054  0.00129464],"[6.0028324e-06 8.0091100e-05 2.2483044e-03 1.8289320e-01 5.9322518e-01
 2.1102048e-01 1.0353370e-02 1.6664203e-04 6.7385281e-06]",White,20-39,
/scratch/project_462000771/mengting/projects/bias/Wan2.1/prompt2/selected_faces/detected_unhappy/unhappy_person_0974_face0.png,White,White,Female,20-29,"[9.9717587e-01 2.1988963e-06 4.2922012e-04 8.2304359e-05 5.6778037e-05
 6.4842434e-06 2.2471535e-03]",[9.9843258e-01 2.4536777e-05 8.2437607e-04 7.1858149e-04],[0.00492263 0.9950774 ],"[4.7362471e-07 3.6971305e-05 7.0641786e-03 5.2072656e-01 4.2574099e-01
 4.5366555e-02 1.0200898e-03 3.9186183e-05 5.0389667e-06]",White,20-39,
/scratch/project_462000771/mengting/projects/bias/Wan2.1/prompt2/selected_faces/detected_unhappy/unhappy_person_0975_face0.png,Black,Black,Male,30-39,"[2.3202242e-06 9.9853450e-01 1.7525456e-04 3.6739752e-05 9.1141718e-04
 3.3792874e-04 1.8183986e-06]",[7.9149522e-06 9.9924672e-01 5.3977291e-04 2.0560175e-04],[0.67659503 0.32340497],"[6.3008680e-05 2.3867905e-03 4.7068059e-02 3.5138005e-01 3.6729771e-01
 1.8608022e-01 3.9612751e-02 4.7163423e-03 1.3950939e-03]",Black,20-39,
/scratch/project_462001220/mengting/projects_771/bias/Wan2.1/prompt2/complete_selected_faces/detected_unhappy/0976_face0.png,White,White,Male,30-39,"[5.33049762e-01 1.05392995e-04 6.87888041e-02 1.57397203e-02
 7.51545373e-03 1.84656531e-02 3.56335163e-01]",[9.5187658e-01 1.1200375e-04 4.3672640e-02 4.3387166e-03],[9.9999005e-01 9.9290646e-06],"[7.1104143e-05 6.8461715e-04 1.6024468e-03 8.5694410e-02 6.0861057e-01
 2.9750529e-01 5.7556159e-03 7.4468189e-05 1.4941644e-06]",White,20-39,1.0
/scratch/project_462000771/mengting/projects/bias/Wan2.1/prompt2/selected_faces/detected_unhappy/unhappy_person_0977_face0.png,White,White,Female,20-29,"[8.9120245e-01 6.1661581e-06 5.3640470e-02 3.7026848e-04 3.3685708e-04
 1.0839676e-03 5.3359844e-02]",[9.9698383e-01 1.1909077e-05 6.7495322e-04 2.3293241e-03],[2.2153907e-04 9.9977845e-01],"[5.5013604e-08 5.4903227e-05 6.8632081e-02 7.3959088e-01 1.8444693e-01
 7.2448975e-03 2.9792422e-05 4.4990739e-07 1.7391946e-08]",White,20-39,
/scratch/project_462000771/mengting/projects/bias/Wan2.1/prompt2/selected_faces/detected_unhappy/unhappy_person_0978_face0.png,White,White,Male,30-39,"[9.6616548e-01 2.9590298e-04 1.4642441e-02 2.8601417e-04 7.1032310e-04
 1.4109924e-03 1.6488751e-02]",[9.8953152e-01 4.0996361e-05 5.0616181e-03 5.3658877e-03],[0.9814251  0.01857492],"[2.2158417e-06 3.6407571e-05 3.2127500e-03 1.9461502e-01 5.4855633e-01
 2.2577456e-01 2.6722426e-02 9.7677647e-04 1.0354725e-04]",White,20-39,
/scratch/project_462000771/mengting/projects/bias/Wan2.1/prompt2/selected_faces/detected_unhappy/unhappy_person_0979_face0.png,Middle Eastern,White,Male,40-49,"[1.1534135e-01 4.4557053e-04 4.8143107e-02 4.3039548e-04 4.4670157e-04
 3.7039458e-03 8.3148891e-01]",[0.79630023 0.00262643 0.08121173 0.11986164],[9.9971104e-01 2.8897100e-04],"[2.5153682e-05 3.8451966e-05 3.3692957e-04 7.8768786e-03 1.8775009e-01
 6.1430705e-01 1.8202969e-01 7.4042515e-03 2.3151439e-04]",White,40-59,
/scratch/project_462000771/mengting/projects/bias/Wan2.1/prompt2/selected_faces/detected_unhappy/unhappy_person_0980_face0.png,White,White,Male,30-39,"[0.3438585  0.00038513 0.3039044  0.00100781 0.00119949 0.01762204
 0.3320226 ]",[0.914359   0.00381753 0.01075474 0.07106877],[9.993218e-01 6.781809e-04],"[6.4559831e-06 6.1794948e-05 8.5598935e-04 8.3696589e-02 6.7431599e-01
 2.3542807e-01 5.5726315e-03 6.1223756e-05 1.2734533e-06]",White,20-39,
/scratch/project_462000771/mengting/projects/bias/Wan2.1/prompt2/selected_faces/detected_unhappy/unhappy_person_0981_face0.png,Black,Black,Male,40-49,"[4.7766240e-05 9.8214632e-01 4.6760817e-03 1.9719594e-04 3.9968598e-03
 8.9022946e-03 3.3504351e-05]",[1.4003701e-04 9.5632976e-01 1.8057229e-02 2.5472997e-02],[9.9999839e-01 1.6197832e-06],"[5.0604581e-07 1.1221679e-06 1.9648434e-05 8.5883467e-03 2.9050496e-01
 6.4788002e-01 5.2054893e-02 9.2717452e-04 2.3212611e-05]",Black,40-59,
/scratch/project_462000771/mengting/projects/bias/Wan2.1/prompt2/selected_faces/detected_unhappy/unhappy_person_0982_face0.png,Latino_Hispanic,White,Male,20-29,"[0.10342373 0.01404289 0.47402555 0.06727702 0.17981358 0.02159309
 0.13982412]",[0.65456706 0.00373506 0.3372987  0.00439913],[0.9983302  0.00166982],"[1.2668331e-05 1.5815124e-03 2.3515153e-01 6.6993374e-01 7.5459100e-02
 1.5797090e-02 1.8420916e-03 2.0394502e-04 1.8368481e-05]",Others,20-39,
/scratch/project_462000771/mengting/projects/bias/Wan2.1/prompt2/selected_faces/detected_unhappy/unhappy_person_0983_face0.png,Latino_Hispanic,White,Female,50-59,"[0.25603136 0.00196329 0.61618984 0.02691095 0.02156029 0.01970224
 0.057642  ]",[0.5846172  0.00559092 0.29216763 0.11762431],[0.17639636 0.82360363],"[8.6782471e-05 6.5753923e-04 1.6541349e-02 7.8593336e-02 1.3899906e-01
 2.1551023e-01 3.9416677e-01 1.3351661e-01 2.1928368e-02]",Others,40-59,
/scratch/project_462000771/mengting/projects/bias/Wan2.1/prompt2/selected_faces/detected_unhappy/unhappy_person_0984_face0.png,White,White,Male,40-49,"[9.3416733e-01 7.2506364e-06 1.2573918e-03 5.0803087e-06 1.1655924e-05
 1.5733199e-04 6.4393930e-02]",[9.9234718e-01 4.1849591e-04 1.0597841e-03 6.1745695e-03],[9.999895e-01 1.049466e-05],"[4.4294238e-06 1.9642051e-05 1.2717681e-04 4.1505918e-03 1.8793090e-01
 7.3249239e-01 7.4922830e-02 3.4593823e-04 6.0690800e-06]",White,40-59,
/scratch/project_462000771/mengting/projects/bias/Wan2.1/prompt2/selected_faces/detected_unhappy/unhappy_person_0985_face0.png,Middle Eastern,White,Male,40-49,"[4.2449245e-01 2.7386453e-03 8.3262041e-02 2.2768695e-04 3.6354578e-04
 3.2202601e-03 4.8569536e-01]",[0.9874204  0.00231343 0.00518454 0.00508157],[9.9990976e-01 9.0263224e-05],"[2.1006097e-06 6.7902215e-06 2.1312067e-04 1.7812401e-02 3.9620629e-01
 5.3848094e-01 4.6686552e-02 5.8509829e-04 6.6982993e-06]",White,40-59,
/scratch/project_462000771/mengting/projects/bias/Wan2.1/prompt2/selected_faces/detected_unhappy/unhappy_person_0986_face0.png,White,White,Male,30-39,"[0.6528564  0.00074532 0.1449227  0.00360128 0.00486516 0.00430202
 0.18870711]",[0.94340956 0.00156376 0.04808868 0.00693799],[0.98721445 0.01278552],"[1.20982386e-05 1.05202125e-04 2.89084343e-03 1.81585446e-01
 5.69417238e-01 2.25593343e-01 1.91730466e-02 1.15939300e-03
 6.34578246e-05]",White,20-39,
/scratch/project_462000771/mengting/projects/bias/Wan2.1/prompt2/selected_faces/detected_unhappy/unhappy_person_0987_face0.png,Latino_Hispanic,Indian,Female,20-29,"[0.09389902 0.00524134 0.5054734  0.11902215 0.09195972 0.16257201
 0.02183236]",[0.20139202 0.0473771  0.12612256 0.62510836],[9.8264834e-04 9.9901736e-01],"[4.1036830e-07 2.2762471e-04 4.6462987e-02 6.8711627e-01 2.4277747e-01
 2.2858789e-02 5.0423300e-04 4.8167287e-05 4.0945879e-06]",Others,20-39,
/scratch/project_462000771/mengting/projects/bias/Wan2.1/prompt2/selected_faces/detected_unhappy/unhappy_person_0988_face0.png,Southeast Asian,Asian,Male,30-39,"[2.6434581e-03 9.9169521e-04 5.3667028e-02 4.3765950e-01 5.0201666e-01
 2.6172933e-03 4.0441623e-04]",[6.3194829e-04 1.2990504e-03 9.9619192e-01 1.8770578e-03],[9.9998838e-01 1.1674279e-05],"[6.36011009e-06 1.17887226e-04 1.57035887e-03 6.95917830e-02
 5.61881602e-01 3.35744500e-01 2.95201913e-02 1.52913842e-03
 3.81887075e-05]",Asian,20-39,
/scratch/project_462000771/mengting/projects/bias/Wan2.1/prompt2/selected_faces/detected_unhappy/unhappy_person_0989_face0.png,East Asian,Asian,Female,20-29,"[1.02396846e-01 4.20961151e-05 1.46801332e-02 7.42642522e-01
 1.35731772e-01 7.24938989e-04 3.78172565e-03]",[4.3906218e-01 2.3554388e-04 5.5483395e-01 5.8683283e-03],[0.00862885 0.99137115],"[9.8837365e-05 8.0713890e-03 7.9461038e-02 7.2326750e-01 1.4874513e-01
 3.6776591e-02 2.6701882e-03 6.0756551e-04 3.0175853e-04]",Asian,20-39,
/scratch/project_462000771/mengting/projects/bias/Wan2.1/prompt2/selected_faces/detected_unhappy/unhappy_person_0990_face0.png,White,White,Male,30-39,"[9.9453342e-01 2.3734249e-06 1.1519392e-03 7.2104713e-06 1.1257560e-05
 7.4652693e-05 4.2190622e-03]",[9.99858379e-01 1.75577031e-06 3.74510273e-05 1.02368955e-04],[9.9983215e-01 1.6779194e-04],"[4.4872641e-06 2.5425634e-05 5.9166696e-04 4.5478180e-02 4.9350584e-01
 4.2469051e-01 3.5346206e-02 3.4243704e-04 1.5368661e-05]",White,20-39,
/scratch/project_462000771/mengting/projects/bias/Wan2.1/prompt2/selected_faces/detected_unhappy/unhappy_person_0991_face0.png,Middle Eastern,Indian,Male,40-49,"[1.1391270e-02 3.3073484e-03 1.1380442e-01 2.6721813e-04 2.1884062e-03
 4.6650399e-02 8.2239097e-01]",[0.10819539 0.03607348 0.18984866 0.6658824 ],[9.9996734e-01 3.2635598e-05],"[1.7067098e-06 8.1164726e-06 8.5626676e-04 3.2978099e-02 2.1059063e-01
 5.3944981e-01 2.0467238e-01 1.0865273e-02 5.7782704e-04]",Others,40-59,
/scratch/project_462000771/mengting/projects/bias/Wan2.1/prompt2/selected_faces/detected_unhappy/unhappy_person_0992_face0.png,White,White,Male,20-29,"[9.7558975e-01 2.9908808e-05 1.6626591e-02 2.9951448e-04 9.3814684e-04
 8.0979167e-04 5.7062274e-03]",[9.7224295e-01 1.4310906e-04 5.3333247e-04 2.7080551e-02],[0.62672    0.37328002],"[3.6207232e-06 2.5596761e-03 2.4575694e-01 4.7597522e-01 2.1679698e-01
 5.6045361e-02 2.6807138e-03 1.4461251e-04 3.6800709e-05]",White,20-39,
/scratch/project_462000771/mengting/projects/bias/Wan2.1/prompt2/selected_faces/detected_unhappy/unhappy_person_0993_face0.png,White,White,Male,40-49,"[8.65206957e-01 2.16275184e-05 1.83835719e-02 1.14990835e-04
 1.51175831e-04 4.34935442e-04 1.15686782e-01]",[9.9554312e-01 1.1972610e-05 2.3383594e-03 2.1064999e-03],[9.9995655e-01 4.3397245e-05],"[9.2126794e-07 4.9889459e-06 6.9771610e-05 5.5667986e-03 3.1427002e-01
 6.4549983e-01 3.4396000e-02 1.8935208e-04 2.3822834e-06]",White,40-59,
/scratch/project_462000771/mengting/projects/bias/Wan2.1/prompt2/selected_faces/detected_unhappy/unhappy_person_0994_face0.png,White,White,Male,40-49,"[4.9978215e-01 4.4708010e-03 7.7291161e-02 4.0354687e-04 1.6666232e-03
 3.5229672e-03 4.1286278e-01]",[9.9146944e-01 2.4771660e-03 5.6225609e-04 5.4910746e-03],[9.9964905e-01 3.5098151e-04],"[2.1047228e-07 8.7344222e-07 5.8099486e-05 4.9005151e-03 1.6768830e-01
 6.6428035e-01 1.5511705e-01 7.5018457e-03 4.5279798e-04]",White,40-59,
/scratch/project_462000771/mengting/projects/bias/Wan2.1/prompt2/selected_faces/detected_unhappy/unhappy_person_0995_face0.png,East Asian,Asian,Male,20-29,"[0.05669388 0.00072074 0.11570369 0.5713794  0.18414232 0.00179083
 0.06956904]",[6.8084836e-02 9.7620112e-05 9.2920375e-01 2.6138308e-03],[0.9695985  0.03040153],"[1.8848057e-04 5.7264557e-03 1.5150538e-01 4.8428884e-01 2.5885734e-01
 8.1336200e-02 1.4511983e-02 3.2743053e-03 3.1104949e-04]",Asian,20-39,
/scratch/project_462000771/mengting/projects/bias/Wan2.1/prompt2/selected_faces/detected_unhappy/unhappy_person_0996_face0.png,White,White,Female,30-39,"[9.3351293e-01 8.3741744e-04 4.0726330e-02 3.3525308e-03 2.5996401e-03
 2.3558768e-04 1.8735653e-02]",[0.9881164  0.00115644 0.00879786 0.00192931],[0.01071344 0.9892866 ],"[8.6301152e-06 1.3519347e-03 5.4700118e-02 3.6458534e-01 3.6856875e-01
 1.8889332e-01 2.0401327e-02 1.1663951e-03 3.2413311e-04]",White,20-39,
/scratch/project_462000771/mengting/projects/bias/Wan2.1/prompt2/selected_faces/detected_unhappy/unhappy_person_0997_face0.png,Latino_Hispanic,Indian,Female,30-39,"[1.23725094e-01 4.12474503e-04 6.63353801e-01 2.90938071e-03
 6.14920817e-03 9.94778574e-02 1.03972204e-01]",[3.4720245e-01 2.4960755e-04 1.2182706e-02 6.4036530e-01],[4.2508847e-05 9.9995744e-01],"[3.34057297e-08 3.17550348e-06 1.31879270e-03 9.40278471e-02
 6.30417466e-01 2.64518052e-01 9.59948171e-03 1.14267445e-04
 8.69780933e-07]",Others,20-39,
/scratch/project_462000771/mengting/projects/bias/Wan2.1/prompt2/selected_faces/detected_unhappy/unhappy_person_0998_face0.png,Middle Eastern,White,Male,30-39,"[1.7544039e-01 3.1013094e-04 3.8762310e-01 7.6284248e-04 1.0285674e-03
 4.1324217e-02 3.9351076e-01]",[0.8144782  0.0014163  0.04239835 0.14170714],[9.9995703e-01 4.2950844e-05],"[2.3856310e-06 2.0010411e-05 1.2577889e-03 1.6795745e-01 7.2185117e-01
 1.0724456e-01 1.6536022e-03 1.2823617e-05 1.7510727e-07]",Others,20-39,
/scratch/project_462000771/mengting/projects/bias/Wan2.1/prompt2/selected_faces/detected_unhappy/unhappy_person_0999_face0.png,White,White,Male,30-39,"[0.83647275 0.00345029 0.07284657 0.01758703 0.03675927 0.00307344
 0.02981071]",[0.98430645 0.00145723 0.01146861 0.00276767],[0.9986765  0.00132347],"[6.1259684e-06 2.0123160e-04 1.1699533e-02 3.5365888e-01 4.6586135e-01
 1.5393172e-01 1.3921312e-02 6.5509457e-04 6.4701897e-05]",White,20-39,
