filename,mean_perceived_age,source_sheet
010_y_f_h_a.jpg,29.69,Happy Faces_Perceived Age
010_y_f_h_b.jpg,30.78,Happy Faces_Perceived Age
020_y_f_h_a.jpg,24.09,Happy Faces_Perceived Age
020_y_f_h_b.jpg,23.17,Happy Faces_Perceived Age
022_y_f_h_a.jpg,24.37,Happy Faces_Perceived Age
022_y_f_h_b.jpg,22.72,Happy Faces_Perceived Age
028_y_f_h_a.jpg,26.28,Happy Faces_Perceived Age
028_y_f_h_b.jpg,27.7,Happy Faces_Perceived Age
034_y_f_h_a.jpg,25.37,Happy Faces_Perceived Age
034_y_f_h_b.jpg,26.57,Happy Faces_Perceived Age
040_y_f_h_a.jpg,24.35,Happy Faces_Perceived Age
040_y_f_h_b.jpg,23.43,Happy Faces_Perceived Age
048_y_f_h_a.jpg,27.29,Happy Faces_Perceived Age
048_y_f_h_b.jpg,26.06,Happy Faces_Perceived Age
054_y_f_h_a.jpg,24.57,Happy Faces_Perceived Age
054_y_f_h_b.jpg,24.71,Happy Faces_Perceived Age
063_y_f_h_a.jpg,29.88,Happy Faces_Perceived Age
063_y_f_h_b.jpg,32.43,Happy Faces_Perceived Age
069_y_f_h_a.jpg,26.88,Happy Faces_Perceived Age
069_y_f_h_b.jpg,27.93,Happy Faces_Perceived Age
071_y_f_h_a.jpg,25.0,Happy Faces_Perceived Age
071_y_f_h_b.jpg,27.2,Happy Faces_Perceived Age
085_y_f_h_a.jpg,29.09,Happy Faces_Perceived Age
085_y_f_h_b.jpg,29.97,Happy Faces_Perceived Age
090_y_f_h_a.jpg,23.71,Happy Faces_Perceived Age
090_y_f_h_b.jpg,23.58,Happy Faces_Perceived Age
098_y_f_h_a.jpg,25.02,Happy Faces_Perceived Age
098_y_f_h_b.jpg,26.79,Happy Faces_Perceived Age
101_y_f_h_a.jpg,26.47,Happy Faces_Perceived Age
101_y_f_h_b.jpg,27.69,Happy Faces_Perceived Age
106_y_f_h_a.jpg,26.34,Happy Faces_Perceived Age
106_y_f_h_b.jpg,26.09,Happy Faces_Perceived Age
115_y_f_h_a.jpg,25.34,Happy Faces_Perceived Age
115_y_f_h_b.jpg,24.52,Happy Faces_Perceived Age
125_y_f_h_a.jpg,23.82,Happy Faces_Perceived Age
125_y_f_h_b.jpg,23.3,Happy Faces_Perceived Age
132_y_f_h_a.jpg,24.98,Happy Faces_Perceived Age
132_y_f_h_b.jpg,25.05,Happy Faces_Perceived Age
134_y_f_h_a.jpg,30.0,Happy Faces_Perceived Age
134_y_f_h_b.jpg,29.44,Happy Faces_Perceived Age
140_y_f_h_a.jpg,26.43,Happy Faces_Perceived Age
140_y_f_h_b.jpg,26.6,Happy Faces_Perceived Age
150_y_f_h_a.jpg,22.99,Happy Faces_Perceived Age
150_y_f_h_b.jpg,22.29,Happy Faces_Perceived Age
152_y_f_h_a.jpg,23.77,Happy Faces_Perceived Age
152_y_f_h_b.jpg,24.16,Happy Faces_Perceived Age
162_y_f_h_a.jpg,31.55,Happy Faces_Perceived Age
162_y_f_h_b.jpg,31.0,Happy Faces_Perceived Age
163_y_f_h_a.jpg,32.03,Happy Faces_Perceived Age
163_y_f_h_b.jpg,32.31,Happy Faces_Perceived Age
171_y_f_h_a.jpg,28.8,Happy Faces_Perceived Age
171_y_f_h_b.jpg,28.03,Happy Faces_Perceived Age
173_y_f_h_a.jpg,27.69,Happy Faces_Perceived Age
173_y_f_h_b.jpg,27.94,Happy Faces_Perceived Age
177_y_f_h_a.jpg,27.06,Happy Faces_Perceived Age
177_y_f_h_b.jpg,25.64,Happy Faces_Perceived Age
182_y_f_h_a.jpg,26.14,Happy Faces_Perceived Age
182_y_f_h_b.jpg,27.05,Happy Faces_Perceived Age
008_y_m_h_a.jpg,28.77,Happy Faces_Perceived Age
008_y_m_h_b.jpg,28.21,Happy Faces_Perceived Age
013_y_m_h_a.jpg,24.78,Happy Faces_Perceived Age
013_y_m_h_b.jpg,24.97,Happy Faces_Perceived Age
016_y_m_h_a.jpg,24.7,Happy Faces_Perceived Age
016_y_m_h_b.jpg,23.42,Happy Faces_Perceived Age
025_y_m_h_a.jpg,28.23,Happy Faces_Perceived Age
025_y_m_h_b.jpg,27.32,Happy Faces_Perceived Age
031_y_m_h_a.jpg,26.31,Happy Faces_Perceived Age
031_y_m_h_b.jpg,26.25,Happy Faces_Perceived Age
037_y_m_h_a.jpg,22.71,Happy Faces_Perceived Age
037_y_m_h_b.jpg,23.22,Happy Faces_Perceived Age
041_y_m_h_a.jpg,30.97,Happy Faces_Perceived Age
041_y_m_h_b.jpg,30.51,Happy Faces_Perceived Age
049_y_m_h_a.jpg,27.52,Happy Faces_Perceived Age
049_y_m_h_b.jpg,28.18,Happy Faces_Perceived Age
057_y_m_h_a.jpg,24.72,Happy Faces_Perceived Age
057_y_m_h_b.jpg,26.27,Happy Faces_Perceived Age
062_y_m_h_a.jpg,31.58,Happy Faces_Perceived Age
062_y_m_h_b.jpg,32.65,Happy Faces_Perceived Age
066_y_m_h_a.jpg,23.48,Happy Faces_Perceived Age
066_y_m_h_b.jpg,23.24,Happy Faces_Perceived Age
072_y_m_h_a.jpg,27.4,Happy Faces_Perceived Age
072_y_m_h_b.jpg,28.27,Happy Faces_Perceived Age
081_y_m_h_a.jpg,29.49,Happy Faces_Perceived Age
081_y_m_h_b.jpg,32.59,Happy Faces_Perceived Age
089_y_m_h_a.jpg,25.69,Happy Faces_Perceived Age
089_y_m_h_b.jpg,25.53,Happy Faces_Perceived Age
099_y_m_h_a.jpg,26.41,Happy Faces_Perceived Age
099_y_m_h_b.jpg,25.65,Happy Faces_Perceived Age
105_y_m_h_a.jpg,27.82,Happy Faces_Perceived Age
105_y_m_h_b.jpg,29.48,Happy Faces_Perceived Age
109_y_m_h_a.jpg,23.78,Happy Faces_Perceived Age
109_y_m_h_b.jpg,24.19,Happy Faces_Perceived Age
114_y_m_h_a.jpg,31.03,Happy Faces_Perceived Age
114_y_m_h_b.jpg,33.94,Happy Faces_Perceived Age
119_y_m_h_a.jpg,22.1,Happy Faces_Perceived Age
119_y_m_h_b.jpg,22.08,Happy Faces_Perceived Age
123_y_m_h_a.jpg,23.23,Happy Faces_Perceived Age
123_y_m_h_b.jpg,24.06,Happy Faces_Perceived Age
127_y_m_h_a.jpg,33.97,Happy Faces_Perceived Age
127_y_m_h_b.jpg,33.55,Happy Faces_Perceived Age
135_y_m_h_a.jpg,31.27,Happy Faces_Perceived Age
135_y_m_h_b.jpg,32.26,Happy Faces_Perceived Age
144_y_m_h_a.jpg,26.78,Happy Faces_Perceived Age
144_y_m_h_b.jpg,25.41,Happy Faces_Perceived Age
147_y_m_h_a.jpg,21.8,Happy Faces_Perceived Age
147_y_m_h_b.jpg,21.57,Happy Faces_Perceived Age
153_y_m_h_a.jpg,26.67,Happy Faces_Perceived Age
153_y_m_h_b.jpg,25.29,Happy Faces_Perceived Age
160_y_m_h_a.jpg,33.91,Happy Faces_Perceived Age
160_y_m_h_b.jpg,34.33,Happy Faces_Perceived Age
167_y_m_h_a.jpg,27.97,Happy Faces_Perceived Age
167_y_m_h_b.jpg,28.5,Happy Faces_Perceived Age
170_y_m_h_a.jpg,33.28,Happy Faces_Perceived Age
170_y_m_h_b.jpg,33.12,Happy Faces_Perceived Age
175_y_m_h_a.jpg,29.64,Happy Faces_Perceived Age
175_y_m_h_b.jpg,30.09,Happy Faces_Perceived Age
006_m_f_h_a.jpg,33.86,Happy Faces_Perceived Age
006_m_f_h_b.jpg,35.04,Happy Faces_Perceived Age
011_m_f_h_a.jpg,47.74,Happy Faces_Perceived Age
011_m_f_h_b.jpg,46.82,Happy Faces_Perceived Age
019_m_f_h_a.jpg,48.68,Happy Faces_Perceived Age
019_m_f_h_b.jpg,52.8,Happy Faces_Perceived Age
029_m_f_h_a.jpg,39.86,Happy Faces_Perceived Age
029_m_f_h_b.jpg,41.68,Happy Faces_Perceived Age
035_m_f_h_a.jpg,50.61,Happy Faces_Perceived Age
035_m_f_h_b.jpg,50.91,Happy Faces_Perceived Age
043_m_f_h_a.jpg,46.72,Happy Faces_Perceived Age
043_m_f_h_b.jpg,47.38,Happy Faces_Perceived Age
050_m_f_h_a.jpg,47.53,Happy Faces_Perceived Age
050_m_f_h_b.jpg,50.87,Happy Faces_Perceived Age
052_m_f_h_a.jpg,46.82,Happy Faces_Perceived Age
052_m_f_h_b.jpg,48.03,Happy Faces_Perceived Age
061_m_f_h_a.jpg,38.23,Happy Faces_Perceived Age
061_m_f_h_b.jpg,37.43,Happy Faces_Perceived Age
064_m_f_h_a.jpg,54.4,Happy Faces_Perceived Age
064_m_f_h_b.jpg,55.15,Happy Faces_Perceived Age
073_m_f_h_a.jpg,53.23,Happy Faces_Perceived Age
073_m_f_h_b.jpg,51.72,Happy Faces_Perceived Age
080_m_f_h_a.jpg,46.18,Happy Faces_Perceived Age
080_m_f_h_b.jpg,48.3,Happy Faces_Perceived Age
084_m_f_h_a.jpg,48.08,Happy Faces_Perceived Age
084_m_f_h_b.jpg,50.71,Happy Faces_Perceived Age
093_m_f_h_a.jpg,42.11,Happy Faces_Perceived Age
093_m_f_h_b.jpg,43.51,Happy Faces_Perceived Age
097_m_f_h_a.jpg,50.51,Happy Faces_Perceived Age
097_m_f_h_b.jpg,51.57,Happy Faces_Perceived Age
103_m_f_h_a.jpg,41.03,Happy Faces_Perceived Age
103_m_f_h_b.jpg,43.3,Happy Faces_Perceived Age
111_m_f_h_a.jpg,51.06,Happy Faces_Perceived Age
111_m_f_h_b.jpg,50.55,Happy Faces_Perceived Age
113_m_f_h_a.jpg,52.34,Happy Faces_Perceived Age
113_m_f_h_b.jpg,52.97,Happy Faces_Perceived Age
117_m_f_h_a.jpg,40.66,Happy Faces_Perceived Age
117_m_f_h_b.jpg,41.93,Happy Faces_Perceived Age
122_m_f_h_a.jpg,44.41,Happy Faces_Perceived Age
122_m_f_h_b.jpg,45.57,Happy Faces_Perceived Age
128_m_f_h_a.jpg,45.56,Happy Faces_Perceived Age
128_m_f_h_b.jpg,46.17,Happy Faces_Perceived Age
138_m_f_h_a.jpg,45.31,Happy Faces_Perceived Age
138_m_f_h_b.jpg,44.88,Happy Faces_Perceived Age
139_m_f_h_a.jpg,37.91,Happy Faces_Perceived Age
139_m_f_h_b.jpg,36.45,Happy Faces_Perceived Age
156_m_f_h_a.jpg,38.06,Happy Faces_Perceived Age
156_m_f_h_b.jpg,37.85,Happy Faces_Perceived Age
157_m_f_h_a.jpg,48.98,Happy Faces_Perceived Age
157_m_f_h_b.jpg,49.91,Happy Faces_Perceived Age
168_m_f_h_a.jpg,45.94,Happy Faces_Perceived Age
168_m_f_h_b.jpg,47.67,Happy Faces_Perceived Age
180_m_f_h_a.jpg,51.53,Happy Faces_Perceived Age
180_m_f_h_b.jpg,52.75,Happy Faces_Perceived Age
007_m_m_h_a.jpg,54.71,Happy Faces_Perceived Age
007_m_m_h_b.jpg,56.41,Happy Faces_Perceived Age
014_m_m_h_a.jpg,46.2,Happy Faces_Perceived Age
014_m_m_h_b.jpg,45.92,Happy Faces_Perceived Age
026_m_m_h_a.jpg,54.53,Happy Faces_Perceived Age
026_m_m_h_b.jpg,57.58,Happy Faces_Perceived Age
032_m_m_h_a.jpg,43.38,Happy Faces_Perceived Age
032_m_m_h_b.jpg,45.52,Happy Faces_Perceived Age
038_m_m_h_a.jpg,45.49,Happy Faces_Perceived Age
038_m_m_h_b.jpg,45.35,Happy Faces_Perceived Age
045_m_m_h_a.jpg,42.0,Happy Faces_Perceived Age
045_m_m_h_b.jpg,43.82,Happy Faces_Perceived Age
051_m_m_h_a.jpg,46.58,Happy Faces_Perceived Age
051_m_m_h_b.jpg,47.46,Happy Faces_Perceived Age
056_m_m_h_a.jpg,50.58,Happy Faces_Perceived Age
056_m_m_h_b.jpg,52.93,Happy Faces_Perceived Age
058_m_m_h_a.jpg,49.27,Happy Faces_Perceived Age
058_m_m_h_b.jpg,50.95,Happy Faces_Perceived Age
068_m_m_h_a.jpg,50.74,Happy Faces_Perceived Age
068_m_m_h_b.jpg,53.24,Happy Faces_Perceived Age
070_m_m_h_a.jpg,44.53,Happy Faces_Perceived Age
070_m_m_h_b.jpg,45.21,Happy Faces_Perceived Age
077_m_m_h_a.jpg,50.5,Happy Faces_Perceived Age
077_m_m_h_b.jpg,53.96,Happy Faces_Perceived Age
082_m_m_h_a.jpg,52.69,Happy Faces_Perceived Age
082_m_m_h_b.jpg,54.63,Happy Faces_Perceived Age
087_m_m_h_a.jpg,40.43,Happy Faces_Perceived Age
087_m_m_h_b.jpg,41.37,Happy Faces_Perceived Age
092_m_m_h_a.jpg,56.38,Happy Faces_Perceived Age
092_m_m_h_b.jpg,58.55,Happy Faces_Perceived Age
094_m_m_h_a.jpg,48.05,Happy Faces_Perceived Age
094_m_m_h_b.jpg,50.18,Happy Faces_Perceived Age
104_m_m_h_a.jpg,44.23,Happy Faces_Perceived Age
104_m_m_h_b.jpg,45.68,Happy Faces_Perceived Age
108_m_m_h_a.jpg,49.56,Happy Faces_Perceived Age
108_m_m_h_b.jpg,51.01,Happy Faces_Perceived Age
116_m_m_h_a.jpg,46.08,Happy Faces_Perceived Age
116_m_m_h_b.jpg,47.93,Happy Faces_Perceived Age
126_m_m_h_a.jpg,44.51,Happy Faces_Perceived Age
126_m_m_h_b.jpg,46.39,Happy Faces_Perceived Age
136_m_m_h_a.jpg,54.86,Happy Faces_Perceived Age
136_m_m_h_b.jpg,55.03,Happy Faces_Perceived Age
142_m_m_h_a.jpg,58.3,Happy Faces_Perceived Age
142_m_m_h_b.jpg,59.06,Happy Faces_Perceived Age
149_m_m_h_a.jpg,45.95,Happy Faces_Perceived Age
149_m_m_h_b.jpg,48.63,Happy Faces_Perceived Age
155_m_m_h_a.jpg,37.56,Happy Faces_Perceived Age
155_m_m_h_b.jpg,37.17,Happy Faces_Perceived Age
159_m_m_h_a.jpg,50.23,Happy Faces_Perceived Age
159_m_m_h_b.jpg,50.85,Happy Faces_Perceived Age
165_m_m_h_a.jpg,46.27,Happy Faces_Perceived Age
165_m_m_h_b.jpg,49.24,Happy Faces_Perceived Age
169_m_m_h_a.jpg,53.13,Happy Faces_Perceived Age
169_m_m_h_b.jpg,55.1,Happy Faces_Perceived Age
178_m_m_h_a.jpg,45.66,Happy Faces_Perceived Age
178_m_m_h_b.jpg,48.03,Happy Faces_Perceived Age
179_m_m_h_a.jpg,43.8,Happy Faces_Perceived Age
179_m_m_h_b.jpg,44.91,Happy Faces_Perceived Age
005_o_f_h_a.jpg,65.07,Happy Faces_Perceived Age
005_o_f_h_b.jpg,66.91,Happy Faces_Perceived Age
012_o_f_h_a.jpg,58.76,Happy Faces_Perceived Age
012_o_f_h_b.jpg,61.59,Happy Faces_Perceived Age
021_o_f_h_a.jpg,68.32,Happy Faces_Perceived Age
021_o_f_h_b.jpg,69.5,Happy Faces_Perceived Age
024_o_f_h_a.jpg,60.71,Happy Faces_Perceived Age
024_o_f_h_b.jpg,61.4,Happy Faces_Perceived Age
030_o_f_h_a.jpg,62.97,Happy Faces_Perceived Age
030_o_f_h_b.jpg,63.24,Happy Faces_Perceived Age
036_o_f_h_a.jpg,62.34,Happy Faces_Perceived Age
036_o_f_h_b.jpg,62.27,Happy Faces_Perceived Age
044_o_f_h_a.jpg,66.51,Happy Faces_Perceived Age
044_o_f_h_b.jpg,66.56,Happy Faces_Perceived Age
047_o_f_h_a.jpg,64.69,Happy Faces_Perceived Age
047_o_f_h_b.jpg,67.3,Happy Faces_Perceived Age
055_o_f_h_a.jpg,58.76,Happy Faces_Perceived Age
055_o_f_h_b.jpg,61.51,Happy Faces_Perceived Age
060_o_f_h_a.jpg,63.29,Happy Faces_Perceived Age
060_o_f_h_b.jpg,67.48,Happy Faces_Perceived Age
067_o_f_h_a.jpg,67.69,Happy Faces_Perceived Age
067_o_f_h_b.jpg,69.79,Happy Faces_Perceived Age
075_o_f_h_a.jpg,68.78,Happy Faces_Perceived Age
075_o_f_h_b.jpg,70.45,Happy Faces_Perceived Age
079_o_f_h_a.jpg,70.45,Happy Faces_Perceived Age
079_o_f_h_b.jpg,72.29,Happy Faces_Perceived Age
086_o_f_h_a.jpg,64.2,Happy Faces_Perceived Age
086_o_f_h_b.jpg,64.0,Happy Faces_Perceived Age
088_o_f_h_a.jpg,78.28,Happy Faces_Perceived Age
088_o_f_h_b.jpg,79.53,Happy Faces_Perceived Age
096_o_f_h_a.jpg,65.11,Happy Faces_Perceived Age
096_o_f_h_b.jpg,68.12,Happy Faces_Perceived Age
100_o_f_h_a.jpg,60.92,Happy Faces_Perceived Age
100_o_f_h_b.jpg,65.53,Happy Faces_Perceived Age
110_o_f_h_a.jpg,67.14,Happy Faces_Perceived Age
110_o_f_h_b.jpg,68.88,Happy Faces_Perceived Age
112_o_f_h_a.jpg,80.23,Happy Faces_Perceived Age
112_o_f_h_b.jpg,81.21,Happy Faces_Perceived Age
120_o_f_h_a.jpg,67.58,Happy Faces_Perceived Age
120_o_f_h_b.jpg,69.57,Happy Faces_Perceived Age
124_o_f_h_a.jpg,66.4,Happy Faces_Perceived Age
124_o_f_h_b.jpg,69.91,Happy Faces_Perceived Age
130_o_f_h_a.jpg,63.45,Happy Faces_Perceived Age
130_o_f_h_b.jpg,66.81,Happy Faces_Perceived Age
133_o_f_h_a.jpg,62.09,Happy Faces_Perceived Age
133_o_f_h_b.jpg,63.18,Happy Faces_Perceived Age
143_o_f_h_a.jpg,68.46,Happy Faces_Perceived Age
143_o_f_h_b.jpg,69.82,Happy Faces_Perceived Age
148_o_f_h_a.jpg,65.17,Happy Faces_Perceived Age
148_o_f_h_b.jpg,64.09,Happy Faces_Perceived Age
154_o_f_h_a.jpg,71.17,Happy Faces_Perceived Age
154_o_f_h_b.jpg,71.65,Happy Faces_Perceived Age
158_o_f_h_a.jpg,64.16,Happy Faces_Perceived Age
158_o_f_h_b.jpg,66.34,Happy Faces_Perceived Age
164_o_f_h_a.jpg,70.52,Happy Faces_Perceived Age
164_o_f_h_b.jpg,72.79,Happy Faces_Perceived Age
174_o_f_h_a.jpg,59.85,Happy Faces_Perceived Age
174_o_f_h_b.jpg,62.88,Happy Faces_Perceived Age
004_o_m_h_a.jpg,69.11,Happy Faces_Perceived Age
004_o_m_h_b.jpg,72.41,Happy Faces_Perceived Age
015_o_m_h_a.jpg,70.21,Happy Faces_Perceived Age
015_o_m_h_b.jpg,72.39,Happy Faces_Perceived Age
018_o_m_h_a.jpg,65.2,Happy Faces_Perceived Age
018_o_m_h_b.jpg,69.2,Happy Faces_Perceived Age
027_o_m_h_a.jpg,68.64,Happy Faces_Perceived Age
027_o_m_h_b.jpg,71.33,Happy Faces_Perceived Age
033_o_m_h_a.jpg,57.63,Happy Faces_Perceived Age
033_o_m_h_b.jpg,58.74,Happy Faces_Perceived Age
039_o_m_h_a.jpg,69.49,Happy Faces_Perceived Age
039_o_m_h_b.jpg,74.6,Happy Faces_Perceived Age
042_o_m_h_a.jpg,72.18,Happy Faces_Perceived Age
042_o_m_h_b.jpg,74.71,Happy Faces_Perceived Age
046_o_m_h_a.jpg,67.63,Happy Faces_Perceived Age
046_o_m_h_b.jpg,67.76,Happy Faces_Perceived Age
053_o_m_h_a.jpg,67.67,Happy Faces_Perceived Age
053_o_m_h_b.jpg,68.1,Happy Faces_Perceived Age
059_o_m_h_a.jpg,72.42,Happy Faces_Perceived Age
059_o_m_h_b.jpg,73.65,Happy Faces_Perceived Age
065_o_m_h_a.jpg,69.11,Happy Faces_Perceived Age
065_o_m_h_b.jpg,72.75,Happy Faces_Perceived Age
074_o_m_h_a.jpg,65.29,Happy Faces_Perceived Age
074_o_m_h_b.jpg,68.36,Happy Faces_Perceived Age
076_o_m_h_a.jpg,69.18,Happy Faces_Perceived Age
076_o_m_h_b.jpg,70.55,Happy Faces_Perceived Age
083_o_m_h_a.jpg,69.53,Happy Faces_Perceived Age
083_o_m_h_b.jpg,71.51,Happy Faces_Perceived Age
091_o_m_h_a.jpg,70.17,Happy Faces_Perceived Age
091_o_m_h_b.jpg,71.17,Happy Faces_Perceived Age
102_o_m_h_a.jpg,65.28,Happy Faces_Perceived Age
102_o_m_h_b.jpg,67.02,Happy Faces_Perceived Age
107_o_m_h_a.jpg,67.35,Happy Faces_Perceived Age
107_o_m_h_b.jpg,68.49,Happy Faces_Perceived Age
118_o_m_h_a.jpg,68.94,Happy Faces_Perceived Age
118_o_m_h_b.jpg,71.33,Happy Faces_Perceived Age
121_o_m_h_a.jpg,67.14,Happy Faces_Perceived Age
121_o_m_h_b.jpg,68.25,Happy Faces_Perceived Age
131_o_m_h_a.jpg,65.58,Happy Faces_Perceived Age
131_o_m_h_b.jpg,69.99,Happy Faces_Perceived Age
137_o_m_h_a.jpg,63.59,Happy Faces_Perceived Age
137_o_m_h_b.jpg,66.15,Happy Faces_Perceived Age
141_o_m_h_a.jpg,63.38,Happy Faces_Perceived Age
141_o_m_h_b.jpg,65.24,Happy Faces_Perceived Age
146_o_m_h_a.jpg,68.64,Happy Faces_Perceived Age
146_o_m_h_b.jpg,69.85,Happy Faces_Perceived Age
151_o_m_h_a.jpg,69.17,Happy Faces_Perceived Age
151_o_m_h_b.jpg,70.55,Happy Faces_Perceived Age
161_o_m_h_a.jpg,73.58,Happy Faces_Perceived Age
161_o_m_h_b.jpg,76.25,Happy Faces_Perceived Age
166_o_m_h_a.jpg,65.61,Happy Faces_Perceived Age
166_o_m_h_b.jpg,68.96,Happy Faces_Perceived Age
172_o_m_h_a.jpg,70.67,Happy Faces_Perceived Age
172_o_m_h_b.jpg,74.03,Happy Faces_Perceived Age
176_o_m_h_a.jpg,55.94,Happy Faces_Perceived Age
176_o_m_h_b.jpg,59.47,Happy Faces_Perceived Age
010_y_f_a_a.jpg,32.53,Angry Faces_Perceived Age
010_y_f_a_b.jpg,33.45,Angry Faces_Perceived Age
020_y_f_a_a.jpg,22.78,Angry Faces_Perceived Age
020_y_f_a_b.jpg,25.41,Angry Faces_Perceived Age
022_y_f_a_a.jpg,24.26,Angry Faces_Perceived Age
022_y_f_a_b.jpg,23.47,Angry Faces_Perceived Age
028_y_f_a_a.jpg,28.63,Angry Faces_Perceived Age
028_y_f_a_b.jpg,29.22,Angry Faces_Perceived Age
034_y_f_a_a.jpg,26.87,Angry Faces_Perceived Age
034_y_f_a_b.jpg,27.58,Angry Faces_Perceived Age
040_y_f_a_a.jpg,23.72,Angry Faces_Perceived Age
040_y_f_a_b.jpg,24.24,Angry Faces_Perceived Age
048_y_f_a_a.jpg,25.06,Angry Faces_Perceived Age
048_y_f_a_b.jpg,26.63,Angry Faces_Perceived Age
054_y_f_a_a.jpg,24.94,Angry Faces_Perceived Age
054_y_f_a_b.jpg,24.76,Angry Faces_Perceived Age
063_y_f_a_a.jpg,32.58,Angry Faces_Perceived Age
063_y_f_a_b.jpg,29.92,Angry Faces_Perceived Age
069_y_f_a_a.jpg,26.14,Angry Faces_Perceived Age
069_y_f_a_b.jpg,26.44,Angry Faces_Perceived Age
071_y_f_a_a.jpg,24.27,Angry Faces_Perceived Age
071_y_f_a_b.jpg,26.09,Angry Faces_Perceived Age
085_y_f_a_a.jpg,30.22,Angry Faces_Perceived Age
085_y_f_a_b.jpg,32.27,Angry Faces_Perceived Age
090_y_f_a_a.jpg,24.72,Angry Faces_Perceived Age
090_y_f_a_b.jpg,25.49,Angry Faces_Perceived Age
098_y_f_a_a.jpg,27.43,Angry Faces_Perceived Age
098_y_f_a_b.jpg,28.91,Angry Faces_Perceived Age
101_y_f_a_a.jpg,27.14,Angry Faces_Perceived Age
101_y_f_a_b.jpg,28.82,Angry Faces_Perceived Age
106_y_f_a_a.jpg,25.78,Angry Faces_Perceived Age
106_y_f_a_b.jpg,28.45,Angry Faces_Perceived Age
115_y_f_a_a.jpg,27.53,Angry Faces_Perceived Age
115_y_f_a_b.jpg,28.85,Angry Faces_Perceived Age
125_y_f_a_a.jpg,24.88,Angry Faces_Perceived Age
125_y_f_a_b.jpg,24.55,Angry Faces_Perceived Age
132_y_f_a_a.jpg,27.77,Angry Faces_Perceived Age
132_y_f_a_b.jpg,29.12,Angry Faces_Perceived Age
134_y_f_a_a.jpg,27.76,Angry Faces_Perceived Age
134_y_f_a_b.jpg,29.82,Angry Faces_Perceived Age
140_y_f_a_a.jpg,28.02,Angry Faces_Perceived Age
140_y_f_a_b.jpg,25.44,Angry Faces_Perceived Age
150_y_f_a_a.jpg,23.73,Angry Faces_Perceived Age
150_y_f_a_b.jpg,24.03,Angry Faces_Perceived Age
152_y_f_a_a.jpg,23.8,Angry Faces_Perceived Age
152_y_f_a_b.jpg,24.89,Angry Faces_Perceived Age
162_y_f_a_a.jpg,30.16,Angry Faces_Perceived Age
162_y_f_a_b.jpg,31.49,Angry Faces_Perceived Age
163_y_f_a_a.jpg,31.83,Angry Faces_Perceived Age
163_y_f_a_b.jpg,33.06,Angry Faces_Perceived Age
171_y_f_a_a.jpg,32.84,Angry Faces_Perceived Age
171_y_f_a_b.jpg,33.94,Angry Faces_Perceived Age
173_y_f_a_a.jpg,27.14,Angry Faces_Perceived Age
173_y_f_a_b.jpg,27.68,Angry Faces_Perceived Age
177_y_f_a_a.jpg,26.1,Angry Faces_Perceived Age
177_y_f_a_b.jpg,28.56,Angry Faces_Perceived Age
182_y_f_a_a.jpg,27.48,Angry Faces_Perceived Age
182_y_f_a_b.jpg,28.52,Angry Faces_Perceived Age
008_y_m_a_a.jpg,33.72,Angry Faces_Perceived Age
008_y_m_a_b.jpg,33.4,Angry Faces_Perceived Age
013_y_m_a_a.jpg,26.6,Angry Faces_Perceived Age
013_y_m_a_b.jpg,28.88,Angry Faces_Perceived Age
016_y_m_a_a.jpg,25.13,Angry Faces_Perceived Age
016_y_m_a_b.jpg,24.48,Angry Faces_Perceived Age
025_y_m_a_a.jpg,33.06,Angry Faces_Perceived Age
025_y_m_a_b.jpg,34.67,Angry Faces_Perceived Age
031_y_m_a_a.jpg,27.38,Angry Faces_Perceived Age
031_y_m_a_b.jpg,29.8,Angry Faces_Perceived Age
037_y_m_a_a.jpg,26.02,Angry Faces_Perceived Age
037_y_m_a_b.jpg,27.44,Angry Faces_Perceived Age
041_y_m_a_a.jpg,36.34,Angry Faces_Perceived Age
041_y_m_a_b.jpg,35.89,Angry Faces_Perceived Age
049_y_m_a_a.jpg,27.88,Angry Faces_Perceived Age
049_y_m_a_b.jpg,29.88,Angry Faces_Perceived Age
057_y_m_a_a.jpg,28.58,Angry Faces_Perceived Age
057_y_m_a_b.jpg,29.54,Angry Faces_Perceived Age
062_y_m_a_a.jpg,33.2,Angry Faces_Perceived Age
062_y_m_a_b.jpg,34.21,Angry Faces_Perceived Age
066_y_m_a_a.jpg,26.18,Angry Faces_Perceived Age
066_y_m_a_b.jpg,25.31,Angry Faces_Perceived Age
072_y_m_a_a.jpg,28.03,Angry Faces_Perceived Age
072_y_m_a_b.jpg,28.94,Angry Faces_Perceived Age
081_y_m_a_a.jpg,34.83,Angry Faces_Perceived Age
081_y_m_a_b.jpg,35.67,Angry Faces_Perceived Age
089_y_m_a_a.jpg,28.26,Angry Faces_Perceived Age
089_y_m_a_b.jpg,29.75,Angry Faces_Perceived Age
099_y_m_a_a.jpg,27.25,Angry Faces_Perceived Age
099_y_m_a_b.jpg,27.35,Angry Faces_Perceived Age
105_y_m_a_a.jpg,28.82,Angry Faces_Perceived Age
105_y_m_a_b.jpg,30.36,Angry Faces_Perceived Age
109_y_m_a_a.jpg,28.77,Angry Faces_Perceived Age
109_y_m_a_b.jpg,28.55,Angry Faces_Perceived Age
114_y_m_a_a.jpg,37.58,Angry Faces_Perceived Age
114_y_m_a_b.jpg,38.21,Angry Faces_Perceived Age
119_y_m_a_a.jpg,26.06,Angry Faces_Perceived Age
119_y_m_a_b.jpg,26.31,Angry Faces_Perceived Age
123_y_m_a_a.jpg,25.74,Angry Faces_Perceived Age
123_y_m_a_b.jpg,29.4,Angry Faces_Perceived Age
127_y_m_a_a.jpg,36.15,Angry Faces_Perceived Age
127_y_m_a_b.jpg,36.85,Angry Faces_Perceived Age
135_y_m_a_a.jpg,39.34,Angry Faces_Perceived Age
135_y_m_a_b.jpg,37.63,Angry Faces_Perceived Age
144_y_m_a_a.jpg,31.81,Angry Faces_Perceived Age
144_y_m_a_b.jpg,32.43,Angry Faces_Perceived Age
147_y_m_a_a.jpg,23.65,Angry Faces_Perceived Age
147_y_m_a_b.jpg,25.25,Angry Faces_Perceived Age
153_y_m_a_a.jpg,28.42,Angry Faces_Perceived Age
153_y_m_a_b.jpg,28.28,Angry Faces_Perceived Age
160_y_m_a_a.jpg,38.35,Angry Faces_Perceived Age
160_y_m_a_b.jpg,40.4,Angry Faces_Perceived Age
167_y_m_a_a.jpg,30.02,Angry Faces_Perceived Age
167_y_m_a_b.jpg,32.03,Angry Faces_Perceived Age
170_y_m_a_a.jpg,35.23,Angry Faces_Perceived Age
170_y_m_a_b.jpg,35.96,Angry Faces_Perceived Age
175_y_m_a_a.jpg,29.26,Angry Faces_Perceived Age
175_y_m_a_b.jpg,29.19,Angry Faces_Perceived Age
006_m_f_a_a.jpg,37.45,Angry Faces_Perceived Age
006_m_f_a_b.jpg,35.98,Angry Faces_Perceived Age
011_m_f_a_a.jpg,48.66,Angry Faces_Perceived Age
011_m_f_a_b.jpg,47.12,Angry Faces_Perceived Age
019_m_f_a_a.jpg,50.11,Angry Faces_Perceived Age
019_m_f_a_b.jpg,50.32,Angry Faces_Perceived Age
029_m_f_a_a.jpg,44.94,Angry Faces_Perceived Age
029_m_f_a_b.jpg,44.84,Angry Faces_Perceived Age
035_m_f_a_a.jpg,51.12,Angry Faces_Perceived Age
035_m_f_a_b.jpg,53.22,Angry Faces_Perceived Age
043_m_f_a_a.jpg,48.74,Angry Faces_Perceived Age
043_m_f_a_b.jpg,48.94,Angry Faces_Perceived Age
050_m_f_a_a.jpg,52.06,Angry Faces_Perceived Age
050_m_f_a_b.jpg,53.37,Angry Faces_Perceived Age
052_m_f_a_a.jpg,44.64,Angry Faces_Perceived Age
052_m_f_a_b.jpg,46.73,Angry Faces_Perceived Age
061_m_f_a_a.jpg,35.08,Angry Faces_Perceived Age
061_m_f_a_b.jpg,39.31,Angry Faces_Perceived Age
064_m_f_a_a.jpg,56.51,Angry Faces_Perceived Age
064_m_f_a_b.jpg,57.33,Angry Faces_Perceived Age
073_m_f_a_a.jpg,50.22,Angry Faces_Perceived Age
073_m_f_a_b.jpg,52.21,Angry Faces_Perceived Age
080_m_f_a_a.jpg,51.69,Angry Faces_Perceived Age
080_m_f_a_b.jpg,50.78,Angry Faces_Perceived Age
084_m_f_a_a.jpg,53.38,Angry Faces_Perceived Age
084_m_f_a_b.jpg,52.14,Angry Faces_Perceived Age
093_m_f_a_a.jpg,45.1,Angry Faces_Perceived Age
093_m_f_a_b.jpg,46.79,Angry Faces_Perceived Age
097_m_f_a_a.jpg,47.53,Angry Faces_Perceived Age
097_m_f_a_b.jpg,53.5,Angry Faces_Perceived Age
103_m_f_a_a.jpg,47.29,Angry Faces_Perceived Age
103_m_f_a_b.jpg,48.12,Angry Faces_Perceived Age
111_m_f_a_a.jpg,56.66,Angry Faces_Perceived Age
111_m_f_a_b.jpg,58.57,Angry Faces_Perceived Age
113_m_f_a_a.jpg,54.21,Angry Faces_Perceived Age
113_m_f_a_b.jpg,54.93,Angry Faces_Perceived Age
117_m_f_a_a.jpg,41.83,Angry Faces_Perceived Age
117_m_f_a_b.jpg,41.62,Angry Faces_Perceived Age
122_m_f_a_a.jpg,46.16,Angry Faces_Perceived Age
122_m_f_a_b.jpg,48.72,Angry Faces_Perceived Age
128_m_f_a_a.jpg,45.18,Angry Faces_Perceived Age
128_m_f_a_b.jpg,50.93,Angry Faces_Perceived Age
138_m_f_a_a.jpg,46.42,Angry Faces_Perceived Age
138_m_f_a_b.jpg,46.39,Angry Faces_Perceived Age
139_m_f_a_a.jpg,35.57,Angry Faces_Perceived Age
139_m_f_a_b.jpg,43.04,Angry Faces_Perceived Age
156_m_f_a_a.jpg,40.72,Angry Faces_Perceived Age
156_m_f_a_b.jpg,40.37,Angry Faces_Perceived Age
157_m_f_a_a.jpg,47.65,Angry Faces_Perceived Age
157_m_f_a_b.jpg,53.45,Angry Faces_Perceived Age
168_m_f_a_a.jpg,48.02,Angry Faces_Perceived Age
168_m_f_a_b.jpg,49.36,Angry Faces_Perceived Age
180_m_f_a_a.jpg,50.3,Angry Faces_Perceived Age
180_m_f_a_b.jpg,52.9,Angry Faces_Perceived Age
007_m_m_a_a.jpg,52.42,Angry Faces_Perceived Age
007_m_m_a_b.jpg,54.08,Angry Faces_Perceived Age
014_m_m_a_a.jpg,46.35,Angry Faces_Perceived Age
014_m_m_a_b.jpg,47.29,Angry Faces_Perceived Age
026_m_m_a_a.jpg,54.31,Angry Faces_Perceived Age
026_m_m_a_b.jpg,54.58,Angry Faces_Perceived Age
032_m_m_a_a.jpg,43.78,Angry Faces_Perceived Age
032_m_m_a_b.jpg,45.35,Angry Faces_Perceived Age
038_m_m_a_a.jpg,44.97,Angry Faces_Perceived Age
038_m_m_a_b.jpg,47.79,Angry Faces_Perceived Age
045_m_m_a_a.jpg,49.22,Angry Faces_Perceived Age
045_m_m_a_b.jpg,47.56,Angry Faces_Perceived Age
051_m_m_a_a.jpg,49.12,Angry Faces_Perceived Age
051_m_m_a_b.jpg,49.39,Angry Faces_Perceived Age
056_m_m_a_a.jpg,51.65,Angry Faces_Perceived Age
056_m_m_a_b.jpg,51.59,Angry Faces_Perceived Age
058_m_m_a_a.jpg,52.08,Angry Faces_Perceived Age
058_m_m_a_b.jpg,53.38,Angry Faces_Perceived Age
068_m_m_a_a.jpg,54.53,Angry Faces_Perceived Age
068_m_m_a_b.jpg,55.82,Angry Faces_Perceived Age
070_m_m_a_a.jpg,49.11,Angry Faces_Perceived Age
070_m_m_a_b.jpg,49.27,Angry Faces_Perceived Age
077_m_m_a_a.jpg,52.84,Angry Faces_Perceived Age
077_m_m_a_b.jpg,54.93,Angry Faces_Perceived Age
082_m_m_a_a.jpg,54.0,Angry Faces_Perceived Age
082_m_m_a_b.jpg,54.72,Angry Faces_Perceived Age
087_m_m_a_a.jpg,45.58,Angry Faces_Perceived Age
087_m_m_a_b.jpg,45.02,Angry Faces_Perceived Age
092_m_m_a_a.jpg,59.51,Angry Faces_Perceived Age
092_m_m_a_b.jpg,61.0,Angry Faces_Perceived Age
094_m_m_a_a.jpg,50.62,Angry Faces_Perceived Age
094_m_m_a_b.jpg,52.55,Angry Faces_Perceived Age
104_m_m_a_a.jpg,46.95,Angry Faces_Perceived Age
104_m_m_a_b.jpg,48.72,Angry Faces_Perceived Age
108_m_m_a_a.jpg,51.26,Angry Faces_Perceived Age
108_m_m_a_b.jpg,53.69,Angry Faces_Perceived Age
116_m_m_a_a.jpg,48.32,Angry Faces_Perceived Age
116_m_m_a_b.jpg,50.0,Angry Faces_Perceived Age
126_m_m_a_a.jpg,44.92,Angry Faces_Perceived Age
126_m_m_a_b.jpg,48.38,Angry Faces_Perceived Age
136_m_m_a_a.jpg,56.45,Angry Faces_Perceived Age
136_m_m_a_b.jpg,55.17,Angry Faces_Perceived Age
142_m_m_a_a.jpg,58.92,Angry Faces_Perceived Age
142_m_m_a_b.jpg,62.15,Angry Faces_Perceived Age
149_m_m_a_a.jpg,48.16,Angry Faces_Perceived Age
149_m_m_a_b.jpg,48.4,Angry Faces_Perceived Age
155_m_m_a_a.jpg,44.36,Angry Faces_Perceived Age
155_m_m_a_b.jpg,43.09,Angry Faces_Perceived Age
159_m_m_a_a.jpg,51.13,Angry Faces_Perceived Age
159_m_m_a_b.jpg,52.84,Angry Faces_Perceived Age
165_m_m_a_a.jpg,50.46,Angry Faces_Perceived Age
165_m_m_a_b.jpg,51.45,Angry Faces_Perceived Age
169_m_m_a_a.jpg,54.09,Angry Faces_Perceived Age
169_m_m_a_b.jpg,57.27,Angry Faces_Perceived Age
178_m_m_a_a.jpg,48.12,Angry Faces_Perceived Age
178_m_m_a_b.jpg,47.21,Angry Faces_Perceived Age
179_m_m_a_a.jpg,45.61,Angry Faces_Perceived Age
179_m_m_a_b.jpg,45.94,Angry Faces_Perceived Age
005_o_f_a_a.jpg,62.95,Angry Faces_Perceived Age
005_o_f_a_b.jpg,66.3,Angry Faces_Perceived Age
012_o_f_a_a.jpg,61.68,Angry Faces_Perceived Age
012_o_f_a_b.jpg,65.3,Angry Faces_Perceived Age
021_o_f_a_a.jpg,68.29,Angry Faces_Perceived Age
021_o_f_a_b.jpg,72.35,Angry Faces_Perceived Age
024_o_f_a_a.jpg,62.84,Angry Faces_Perceived Age
024_o_f_a_b.jpg,63.87,Angry Faces_Perceived Age
030_o_f_a_a.jpg,61.65,Angry Faces_Perceived Age
030_o_f_a_b.jpg,65.3,Angry Faces_Perceived Age
036_o_f_a_a.jpg,63.59,Angry Faces_Perceived Age
036_o_f_a_b.jpg,64.33,Angry Faces_Perceived Age
044_o_f_a_a.jpg,68.09,Angry Faces_Perceived Age
044_o_f_a_b.jpg,70.0,Angry Faces_Perceived Age
047_o_f_a_a.jpg,68.08,Angry Faces_Perceived Age
047_o_f_a_b.jpg,67.0,Angry Faces_Perceived Age
055_o_f_a_a.jpg,60.63,Angry Faces_Perceived Age
055_o_f_a_b.jpg,63.55,Angry Faces_Perceived Age
060_o_f_a_a.jpg,63.27,Angry Faces_Perceived Age
060_o_f_a_b.jpg,66.58,Angry Faces_Perceived Age
067_o_f_a_a.jpg,66.39,Angry Faces_Perceived Age
067_o_f_a_b.jpg,68.42,Angry Faces_Perceived Age
075_o_f_a_a.jpg,68.14,Angry Faces_Perceived Age
075_o_f_a_b.jpg,72.56,Angry Faces_Perceived Age
079_o_f_a_a.jpg,72.25,Angry Faces_Perceived Age
079_o_f_a_b.jpg,73.84,Angry Faces_Perceived Age
086_o_f_a_a.jpg,64.41,Angry Faces_Perceived Age
086_o_f_a_b.jpg,66.79,Angry Faces_Perceived Age
088_o_f_a_a.jpg,78.39,Angry Faces_Perceived Age
088_o_f_a_b.jpg,79.73,Angry Faces_Perceived Age
096_o_f_a_a.jpg,69.68,Angry Faces_Perceived Age
096_o_f_a_b.jpg,72.03,Angry Faces_Perceived Age
100_o_f_a_a.jpg,63.78,Angry Faces_Perceived Age
100_o_f_a_b.jpg,67.55,Angry Faces_Perceived Age
110_o_f_a_a.jpg,67.65,Angry Faces_Perceived Age
110_o_f_a_b.jpg,67.79,Angry Faces_Perceived Age
112_o_f_a_a.jpg,80.29,Angry Faces_Perceived Age
112_o_f_a_b.jpg,81.41,Angry Faces_Perceived Age
120_o_f_a_a.jpg,66.21,Angry Faces_Perceived Age
120_o_f_a_b.jpg,66.64,Angry Faces_Perceived Age
124_o_f_a_a.jpg,68.48,Angry Faces_Perceived Age
124_o_f_a_b.jpg,69.11,Angry Faces_Perceived Age
130_o_f_a_a.jpg,68.22,Angry Faces_Perceived Age
130_o_f_a_b.jpg,68.7,Angry Faces_Perceived Age
133_o_f_a_a.jpg,63.2,Angry Faces_Perceived Age
133_o_f_a_b.jpg,64.94,Angry Faces_Perceived Age
143_o_f_a_a.jpg,68.56,Angry Faces_Perceived Age
143_o_f_a_b.jpg,70.01,Angry Faces_Perceived Age
148_o_f_a_a.jpg,61.05,Angry Faces_Perceived Age
148_o_f_a_b.jpg,62.49,Angry Faces_Perceived Age
154_o_f_a_a.jpg,74.8,Angry Faces_Perceived Age
154_o_f_a_b.jpg,75.76,Angry Faces_Perceived Age
158_o_f_a_a.jpg,62.71,Angry Faces_Perceived Age
158_o_f_a_b.jpg,67.12,Angry Faces_Perceived Age
164_o_f_a_a.jpg,70.34,Angry Faces_Perceived Age
164_o_f_a_b.jpg,73.33,Angry Faces_Perceived Age
174_o_f_a_a.jpg,62.2,Angry Faces_Perceived Age
174_o_f_a_b.jpg,62.18,Angry Faces_Perceived Age
004_o_m_a_a.jpg,70.98,Angry Faces_Perceived Age
004_o_m_a_b.jpg,72.6,Angry Faces_Perceived Age
015_o_m_a_a.jpg,70.19,Angry Faces_Perceived Age
015_o_m_a_b.jpg,71.61,Angry Faces_Perceived Age
018_o_m_a_a.jpg,65.33,Angry Faces_Perceived Age
018_o_m_a_b.jpg,67.25,Angry Faces_Perceived Age
027_o_m_a_a.jpg,69.18,Angry Faces_Perceived Age
027_o_m_a_b.jpg,72.01,Angry Faces_Perceived Age
033_o_m_a_a.jpg,62.53,Angry Faces_Perceived Age
033_o_m_a_b.jpg,62.7,Angry Faces_Perceived Age
039_o_m_a_a.jpg,71.31,Angry Faces_Perceived Age
039_o_m_a_b.jpg,74.72,Angry Faces_Perceived Age
042_o_m_a_a.jpg,72.2,Angry Faces_Perceived Age
042_o_m_a_b.jpg,73.28,Angry Faces_Perceived Age
046_o_m_a_a.jpg,67.02,Angry Faces_Perceived Age
046_o_m_a_b.jpg,69.77,Angry Faces_Perceived Age
053_o_m_a_a.jpg,67.05,Angry Faces_Perceived Age
053_o_m_a_b.jpg,66.82,Angry Faces_Perceived Age
059_o_m_a_a.jpg,73.18,Angry Faces_Perceived Age
059_o_m_a_b.jpg,75.97,Angry Faces_Perceived Age
065_o_m_a_a.jpg,69.74,Angry Faces_Perceived Age
065_o_m_a_b.jpg,70.96,Angry Faces_Perceived Age
074_o_m_a_a.jpg,67.3,Angry Faces_Perceived Age
074_o_m_a_b.jpg,68.76,Angry Faces_Perceived Age
076_o_m_a_a.jpg,69.63,Angry Faces_Perceived Age
076_o_m_a_b.jpg,70.15,Angry Faces_Perceived Age
083_o_m_a_a.jpg,69.46,Angry Faces_Perceived Age
083_o_m_a_b.jpg,69.18,Angry Faces_Perceived Age
091_o_m_a_a.jpg,71.65,Angry Faces_Perceived Age
091_o_m_a_b.jpg,74.38,Angry Faces_Perceived Age
102_o_m_a_a.jpg,68.86,Angry Faces_Perceived Age
102_o_m_a_b.jpg,72.48,Angry Faces_Perceived Age
107_o_m_a_a.jpg,70.39,Angry Faces_Perceived Age
107_o_m_a_b.jpg,70.75,Angry Faces_Perceived Age
118_o_m_a_a.jpg,69.46,Angry Faces_Perceived Age
118_o_m_a_b.jpg,72.06,Angry Faces_Perceived Age
121_o_m_a_a.jpg,66.95,Angry Faces_Perceived Age
121_o_m_a_b.jpg,69.77,Angry Faces_Perceived Age
131_o_m_a_a.jpg,65.58,Angry Faces_Perceived Age
131_o_m_a_b.jpg,68.88,Angry Faces_Perceived Age
137_o_m_a_a.jpg,64.65,Angry Faces_Perceived Age
137_o_m_a_b.jpg,66.49,Angry Faces_Perceived Age
141_o_m_a_a.jpg,67.54,Angry Faces_Perceived Age
141_o_m_a_b.jpg,66.24,Angry Faces_Perceived Age
146_o_m_a_a.jpg,65.88,Angry Faces_Perceived Age
146_o_m_a_b.jpg,66.95,Angry Faces_Perceived Age
151_o_m_a_a.jpg,65.57,Angry Faces_Perceived Age
151_o_m_a_b.jpg,69.15,Angry Faces_Perceived Age
161_o_m_a_a.jpg,74.48,Angry Faces_Perceived Age
161_o_m_a_b.jpg,75.88,Angry Faces_Perceived Age
166_o_m_a_a.jpg,67.45,Angry Faces_Perceived Age
166_o_m_a_b.jpg,69.33,Angry Faces_Perceived Age
172_o_m_a_a.jpg,70.77,Angry Faces_Perceived Age
172_o_m_a_b.jpg,71.37,Angry Faces_Perceived Age
176_o_m_a_a.jpg,59.74,Angry Faces_Perceived Age
176_o_m_a_b.jpg,61.35,Angry Faces_Perceived Age
010_y_f_f_a.jpg,36.11,Fearful Faces_Perceived Age
010_y_f_f_b.jpg,34.42,Fearful Faces_Perceived Age
020_y_f_f_a.jpg,24.4,Fearful Faces_Perceived Age
020_y_f_f_b.jpg,26.94,Fearful Faces_Perceived Age
022_y_f_f_a.jpg,23.23,Fearful Faces_Perceived Age
022_y_f_f_b.jpg,24.84,Fearful Faces_Perceived Age
028_y_f_f_a.jpg,29.27,Fearful Faces_Perceived Age
028_y_f_f_b.jpg,27.47,Fearful Faces_Perceived Age
034_y_f_f_a.jpg,27.86,Fearful Faces_Perceived Age
034_y_f_f_b.jpg,28.85,Fearful Faces_Perceived Age
040_y_f_f_a.jpg,25.29,Fearful Faces_Perceived Age
040_y_f_f_b.jpg,25.92,Fearful Faces_Perceived Age
048_y_f_f_a.jpg,31.52,Fearful Faces_Perceived Age
048_y_f_f_b.jpg,30.82,Fearful Faces_Perceived Age
054_y_f_f_a.jpg,26.19,Fearful Faces_Perceived Age
054_y_f_f_b.jpg,28.49,Fearful Faces_Perceived Age
063_y_f_f_a.jpg,33.77,Fearful Faces_Perceived Age
063_y_f_f_b.jpg,35.44,Fearful Faces_Perceived Age
069_y_f_f_a.jpg,31.29,Fearful Faces_Perceived Age
069_y_f_f_b.jpg,32.71,Fearful Faces_Perceived Age
071_y_f_f_a.jpg,27.44,Fearful Faces_Perceived Age
071_y_f_f_b.jpg,28.79,Fearful Faces_Perceived Age
085_y_f_f_a.jpg,31.36,Fearful Faces_Perceived Age
085_y_f_f_b.jpg,32.88,Fearful Faces_Perceived Age
090_y_f_f_a.jpg,26.56,Fearful Faces_Perceived Age
090_y_f_f_b.jpg,28.38,Fearful Faces_Perceived Age
098_y_f_f_a.jpg,25.43,Fearful Faces_Perceived Age
098_y_f_f_b.jpg,26.35,Fearful Faces_Perceived Age
101_y_f_f_a.jpg,28.41,Fearful Faces_Perceived Age
101_y_f_f_b.jpg,28.45,Fearful Faces_Perceived Age
106_y_f_f_a.jpg,26.54,Fearful Faces_Perceived Age
106_y_f_f_b.jpg,28.03,Fearful Faces_Perceived Age
115_y_f_f_a.jpg,28.85,Fearful Faces_Perceived Age
115_y_f_f_b.jpg,29.9,Fearful Faces_Perceived Age
125_y_f_f_a.jpg,27.09,Fearful Faces_Perceived Age
125_y_f_f_b.jpg,25.6,Fearful Faces_Perceived Age
132_y_f_f_a.jpg,26.85,Fearful Faces_Perceived Age
132_y_f_f_b.jpg,26.79,Fearful Faces_Perceived Age
134_y_f_f_a.jpg,33.57,Fearful Faces_Perceived Age
134_y_f_f_b.jpg,35.08,Fearful Faces_Perceived Age
140_y_f_f_a.jpg,28.94,Fearful Faces_Perceived Age
140_y_f_f_b.jpg,30.18,Fearful Faces_Perceived Age
150_y_f_f_a.jpg,26.06,Fearful Faces_Perceived Age
150_y_f_f_b.jpg,26.79,Fearful Faces_Perceived Age
152_y_f_f_a.jpg,27.51,Fearful Faces_Perceived Age
152_y_f_f_b.jpg,26.83,Fearful Faces_Perceived Age
162_y_f_f_a.jpg,31.53,Fearful Faces_Perceived Age
162_y_f_f_b.jpg,31.58,Fearful Faces_Perceived Age
163_y_f_f_a.jpg,36.95,Fearful Faces_Perceived Age
163_y_f_f_b.jpg,33.96,Fearful Faces_Perceived Age
171_y_f_f_a.jpg,39.17,Fearful Faces_Perceived Age
171_y_f_f_b.jpg,38.2,Fearful Faces_Perceived Age
173_y_f_f_a.jpg,30.31,Fearful Faces_Perceived Age
173_y_f_f_b.jpg,30.2,Fearful Faces_Perceived Age
177_y_f_f_a.jpg,31.92,Fearful Faces_Perceived Age
177_y_f_f_b.jpg,31.16,Fearful Faces_Perceived Age
182_y_f_f_a.jpg,27.26,Fearful Faces_Perceived Age
182_y_f_f_b.jpg,29.47,Fearful Faces_Perceived Age
008_y_m_f_a.jpg,28.44,Fearful Faces_Perceived Age
008_y_m_f_b.jpg,28.32,Fearful Faces_Perceived Age
013_y_m_f_a.jpg,28.38,Fearful Faces_Perceived Age
013_y_m_f_b.jpg,29.19,Fearful Faces_Perceived Age
016_y_m_f_a.jpg,24.68,Fearful Faces_Perceived Age
016_y_m_f_b.jpg,23.79,Fearful Faces_Perceived Age
025_y_m_f_a.jpg,35.69,Fearful Faces_Perceived Age
025_y_m_f_b.jpg,32.28,Fearful Faces_Perceived Age
031_y_m_f_a.jpg,26.19,Fearful Faces_Perceived Age
031_y_m_f_b.jpg,26.67,Fearful Faces_Perceived Age
037_y_m_f_a.jpg,25.47,Fearful Faces_Perceived Age
037_y_m_f_b.jpg,24.98,Fearful Faces_Perceived Age
041_y_m_f_a.jpg,31.27,Fearful Faces_Perceived Age
041_y_m_f_b.jpg,30.92,Fearful Faces_Perceived Age
049_y_m_f_a.jpg,31.13,Fearful Faces_Perceived Age
049_y_m_f_b.jpg,29.97,Fearful Faces_Perceived Age
057_y_m_f_a.jpg,27.23,Fearful Faces_Perceived Age
057_y_m_f_b.jpg,26.93,Fearful Faces_Perceived Age
062_y_m_f_a.jpg,33.42,Fearful Faces_Perceived Age
062_y_m_f_b.jpg,35.94,Fearful Faces_Perceived Age
066_y_m_f_a.jpg,24.0,Fearful Faces_Perceived Age
066_y_m_f_b.jpg,25.03,Fearful Faces_Perceived Age
072_y_m_f_a.jpg,28.17,Fearful Faces_Perceived Age
072_y_m_f_b.jpg,29.57,Fearful Faces_Perceived Age
081_y_m_f_a.jpg,29.73,Fearful Faces_Perceived Age
081_y_m_f_b.jpg,33.76,Fearful Faces_Perceived Age
089_y_m_f_a.jpg,29.7,Fearful Faces_Perceived Age
089_y_m_f_b.jpg,30.02,Fearful Faces_Perceived Age
099_y_m_f_a.jpg,28.83,Fearful Faces_Perceived Age
099_y_m_f_b.jpg,27.69,Fearful Faces_Perceived Age
105_y_m_f_a.jpg,28.14,Fearful Faces_Perceived Age
105_y_m_f_b.jpg,30.74,Fearful Faces_Perceived Age
109_y_m_f_a.jpg,27.34,Fearful Faces_Perceived Age
109_y_m_f_b.jpg,26.91,Fearful Faces_Perceived Age
114_y_m_f_a.jpg,38.82,Fearful Faces_Perceived Age
114_y_m_f_b.jpg,39.29,Fearful Faces_Perceived Age
119_y_m_f_a.jpg,25.17,Fearful Faces_Perceived Age
119_y_m_f_b.jpg,26.15,Fearful Faces_Perceived Age
123_y_m_f_a.jpg,26.85,Fearful Faces_Perceived Age
123_y_m_f_b.jpg,25.12,Fearful Faces_Perceived Age
127_y_m_f_a.jpg,36.39,Fearful Faces_Perceived Age
127_y_m_f_b.jpg,36.73,Fearful Faces_Perceived Age
135_y_m_f_a.jpg,36.94,Fearful Faces_Perceived Age
135_y_m_f_b.jpg,34.15,Fearful Faces_Perceived Age
144_y_m_f_a.jpg,28.4,Fearful Faces_Perceived Age
144_y_m_f_b.jpg,29.94,Fearful Faces_Perceived Age
147_y_m_f_a.jpg,24.31,Fearful Faces_Perceived Age
147_y_m_f_b.jpg,25.01,Fearful Faces_Perceived Age
153_y_m_f_a.jpg,26.94,Fearful Faces_Perceived Age
153_y_m_f_b.jpg,28.84,Fearful Faces_Perceived Age
160_y_m_f_a.jpg,35.88,Fearful Faces_Perceived Age
160_y_m_f_b.jpg,37.5,Fearful Faces_Perceived Age
167_y_m_f_a.jpg,31.25,Fearful Faces_Perceived Age
167_y_m_f_b.jpg,32.55,Fearful Faces_Perceived Age
170_y_m_f_a.jpg,36.64,Fearful Faces_Perceived Age
170_y_m_f_b.jpg,37.07,Fearful Faces_Perceived Age
175_y_m_f_a.jpg,27.74,Fearful Faces_Perceived Age
175_y_m_f_b.jpg,29.27,Fearful Faces_Perceived Age
006_m_f_f_a.jpg,40.58,Fearful Faces_Perceived Age
006_m_f_f_b.jpg,41.79,Fearful Faces_Perceived Age
011_m_f_f_a.jpg,51.53,Fearful Faces_Perceived Age
011_m_f_f_b.jpg,44.74,Fearful Faces_Perceived Age
019_m_f_f_a.jpg,51.0,Fearful Faces_Perceived Age
019_m_f_f_b.jpg,54.06,Fearful Faces_Perceived Age
029_m_f_f_a.jpg,46.98,Fearful Faces_Perceived Age
029_m_f_f_b.jpg,44.36,Fearful Faces_Perceived Age
035_m_f_f_a.jpg,53.98,Fearful Faces_Perceived Age
035_m_f_f_b.jpg,52.82,Fearful Faces_Perceived Age
043_m_f_f_a.jpg,51.61,Fearful Faces_Perceived Age
043_m_f_f_b.jpg,48.49,Fearful Faces_Perceived Age
050_m_f_f_a.jpg,50.28,Fearful Faces_Perceived Age
050_m_f_f_b.jpg,53.85,Fearful Faces_Perceived Age
052_m_f_f_a.jpg,44.73,Fearful Faces_Perceived Age
052_m_f_f_b.jpg,45.12,Fearful Faces_Perceived Age
061_m_f_f_a.jpg,39.0,Fearful Faces_Perceived Age
061_m_f_f_b.jpg,40.09,Fearful Faces_Perceived Age
064_m_f_f_a.jpg,51.84,Fearful Faces_Perceived Age
064_m_f_f_b.jpg,51.91,Fearful Faces_Perceived Age
073_m_f_f_a.jpg,55.52,Fearful Faces_Perceived Age
073_m_f_f_b.jpg,57.78,Fearful Faces_Perceived Age
080_m_f_f_a.jpg,49.83,Fearful Faces_Perceived Age
080_m_f_f_b.jpg,50.84,Fearful Faces_Perceived Age
084_m_f_f_a.jpg,49.84,Fearful Faces_Perceived Age
084_m_f_f_b.jpg,50.42,Fearful Faces_Perceived Age
093_m_f_f_a.jpg,45.41,Fearful Faces_Perceived Age
093_m_f_f_b.jpg,46.57,Fearful Faces_Perceived Age
097_m_f_f_a.jpg,52.29,Fearful Faces_Perceived Age
097_m_f_f_b.jpg,54.04,Fearful Faces_Perceived Age
103_m_f_f_a.jpg,49.03,Fearful Faces_Perceived Age
103_m_f_f_b.jpg,50.92,Fearful Faces_Perceived Age
111_m_f_f_a.jpg,59.27,Fearful Faces_Perceived Age
111_m_f_f_b.jpg,58.95,Fearful Faces_Perceived Age
113_m_f_f_a.jpg,59.51,Fearful Faces_Perceived Age
113_m_f_f_b.jpg,61.4,Fearful Faces_Perceived Age
117_m_f_f_a.jpg,44.32,Fearful Faces_Perceived Age
117_m_f_f_b.jpg,44.93,Fearful Faces_Perceived Age
122_m_f_f_a.jpg,46.83,Fearful Faces_Perceived Age
122_m_f_f_b.jpg,44.91,Fearful Faces_Perceived Age
128_m_f_f_a.jpg,50.17,Fearful Faces_Perceived Age
128_m_f_f_b.jpg,49.99,Fearful Faces_Perceived Age
138_m_f_f_a.jpg,44.36,Fearful Faces_Perceived Age
138_m_f_f_b.jpg,44.99,Fearful Faces_Perceived Age
139_m_f_f_a.jpg,41.66,Fearful Faces_Perceived Age
139_m_f_f_b.jpg,45.89,Fearful Faces_Perceived Age
156_m_f_f_a.jpg,36.42,Fearful Faces_Perceived Age
156_m_f_f_b.jpg,37.71,Fearful Faces_Perceived Age
157_m_f_f_a.jpg,47.18,Fearful Faces_Perceived Age
157_m_f_f_b.jpg,48.41,Fearful Faces_Perceived Age
168_m_f_f_a.jpg,47.59,Fearful Faces_Perceived Age
168_m_f_f_b.jpg,49.04,Fearful Faces_Perceived Age
180_m_f_f_a.jpg,55.92,Fearful Faces_Perceived Age
180_m_f_f_b.jpg,56.76,Fearful Faces_Perceived Age
007_m_m_f_a.jpg,57.72,Fearful Faces_Perceived Age
007_m_m_f_b.jpg,57.43,Fearful Faces_Perceived Age
014_m_m_f_a.jpg,50.75,Fearful Faces_Perceived Age
014_m_m_f_b.jpg,45.67,Fearful Faces_Perceived Age
026_m_m_f_a.jpg,57.26,Fearful Faces_Perceived Age
026_m_m_f_b.jpg,58.34,Fearful Faces_Perceived Age
032_m_m_f_a.jpg,43.71,Fearful Faces_Perceived Age
032_m_m_f_b.jpg,46.25,Fearful Faces_Perceived Age
038_m_m_f_a.jpg,46.42,Fearful Faces_Perceived Age
038_m_m_f_b.jpg,47.0,Fearful Faces_Perceived Age
045_m_m_f_a.jpg,48.23,Fearful Faces_Perceived Age
045_m_m_f_b.jpg,48.89,Fearful Faces_Perceived Age
051_m_m_f_a.jpg,53.22,Fearful Faces_Perceived Age
051_m_m_f_b.jpg,53.95,Fearful Faces_Perceived Age
056_m_m_f_a.jpg,52.52,Fearful Faces_Perceived Age
056_m_m_f_b.jpg,53.12,Fearful Faces_Perceived Age
058_m_m_f_a.jpg,55.89,Fearful Faces_Perceived Age
058_m_m_f_b.jpg,58.18,Fearful Faces_Perceived Age
068_m_m_f_a.jpg,56.18,Fearful Faces_Perceived Age
068_m_m_f_b.jpg,57.18,Fearful Faces_Perceived Age
070_m_m_f_a.jpg,47.14,Fearful Faces_Perceived Age
070_m_m_f_b.jpg,48.82,Fearful Faces_Perceived Age
077_m_m_f_a.jpg,51.48,Fearful Faces_Perceived Age
077_m_m_f_b.jpg,52.91,Fearful Faces_Perceived Age
082_m_m_f_a.jpg,53.47,Fearful Faces_Perceived Age
082_m_m_f_b.jpg,53.72,Fearful Faces_Perceived Age
087_m_m_f_a.jpg,43.46,Fearful Faces_Perceived Age
087_m_m_f_b.jpg,45.33,Fearful Faces_Perceived Age
092_m_m_f_a.jpg,61.02,Fearful Faces_Perceived Age
092_m_m_f_b.jpg,61.31,Fearful Faces_Perceived Age
094_m_m_f_a.jpg,51.06,Fearful Faces_Perceived Age
094_m_m_f_b.jpg,51.93,Fearful Faces_Perceived Age
104_m_m_f_a.jpg,49.88,Fearful Faces_Perceived Age
104_m_m_f_b.jpg,47.7,Fearful Faces_Perceived Age
108_m_m_f_a.jpg,57.63,Fearful Faces_Perceived Age
108_m_m_f_b.jpg,56.74,Fearful Faces_Perceived Age
116_m_m_f_a.jpg,50.58,Fearful Faces_Perceived Age
116_m_m_f_b.jpg,52.49,Fearful Faces_Perceived Age
126_m_m_f_a.jpg,47.97,Fearful Faces_Perceived Age
126_m_m_f_b.jpg,48.08,Fearful Faces_Perceived Age
136_m_m_f_a.jpg,54.7,Fearful Faces_Perceived Age
136_m_m_f_b.jpg,56.86,Fearful Faces_Perceived Age
142_m_m_f_a.jpg,59.2,Fearful Faces_Perceived Age
142_m_m_f_b.jpg,62.22,Fearful Faces_Perceived Age
149_m_m_f_a.jpg,48.69,Fearful Faces_Perceived Age
149_m_m_f_b.jpg,51.21,Fearful Faces_Perceived Age
155_m_m_f_a.jpg,39.97,Fearful Faces_Perceived Age
155_m_m_f_b.jpg,42.86,Fearful Faces_Perceived Age
159_m_m_f_a.jpg,51.15,Fearful Faces_Perceived Age
159_m_m_f_b.jpg,53.79,Fearful Faces_Perceived Age
165_m_m_f_a.jpg,50.36,Fearful Faces_Perceived Age
165_m_m_f_b.jpg,52.19,Fearful Faces_Perceived Age
169_m_m_f_a.jpg,57.12,Fearful Faces_Perceived Age
169_m_m_f_b.jpg,57.48,Fearful Faces_Perceived Age
178_m_m_f_a.jpg,49.43,Fearful Faces_Perceived Age
178_m_m_f_b.jpg,51.31,Fearful Faces_Perceived Age
179_m_m_f_a.jpg,46.89,Fearful Faces_Perceived Age
179_m_m_f_b.jpg,47.94,Fearful Faces_Perceived Age
005_o_f_f_a.jpg,62.43,Fearful Faces_Perceived Age
005_o_f_f_b.jpg,66.16,Fearful Faces_Perceived Age
012_o_f_f_a.jpg,63.21,Fearful Faces_Perceived Age
012_o_f_f_b.jpg,64.13,Fearful Faces_Perceived Age
021_o_f_f_a.jpg,69.06,Fearful Faces_Perceived Age
021_o_f_f_b.jpg,71.84,Fearful Faces_Perceived Age
024_o_f_f_a.jpg,65.16,Fearful Faces_Perceived Age
024_o_f_f_b.jpg,62.96,Fearful Faces_Perceived Age
030_o_f_f_a.jpg,67.46,Fearful Faces_Perceived Age
030_o_f_f_b.jpg,68.2,Fearful Faces_Perceived Age
036_o_f_f_a.jpg,62.12,Fearful Faces_Perceived Age
036_o_f_f_b.jpg,64.67,Fearful Faces_Perceived Age
044_o_f_f_a.jpg,69.82,Fearful Faces_Perceived Age
044_o_f_f_b.jpg,68.13,Fearful Faces_Perceived Age
047_o_f_f_a.jpg,69.11,Fearful Faces_Perceived Age
047_o_f_f_b.jpg,69.8,Fearful Faces_Perceived Age
055_o_f_f_a.jpg,62.03,Fearful Faces_Perceived Age
055_o_f_f_b.jpg,64.72,Fearful Faces_Perceived Age
060_o_f_f_a.jpg,63.98,Fearful Faces_Perceived Age
060_o_f_f_b.jpg,65.71,Fearful Faces_Perceived Age
067_o_f_f_a.jpg,69.8,Fearful Faces_Perceived Age
067_o_f_f_b.jpg,68.87,Fearful Faces_Perceived Age
075_o_f_f_a.jpg,68.67,Fearful Faces_Perceived Age
075_o_f_f_b.jpg,71.73,Fearful Faces_Perceived Age
079_o_f_f_a.jpg,70.53,Fearful Faces_Perceived Age
079_o_f_f_b.jpg,72.9,Fearful Faces_Perceived Age
086_o_f_f_a.jpg,68.58,Fearful Faces_Perceived Age
086_o_f_f_b.jpg,70.1,Fearful Faces_Perceived Age
088_o_f_f_a.jpg,77.78,Fearful Faces_Perceived Age
088_o_f_f_b.jpg,79.34,Fearful Faces_Perceived Age
096_o_f_f_a.jpg,69.85,Fearful Faces_Perceived Age
096_o_f_f_b.jpg,70.33,Fearful Faces_Perceived Age
100_o_f_f_a.jpg,66.45,Fearful Faces_Perceived Age
100_o_f_f_b.jpg,69.69,Fearful Faces_Perceived Age
110_o_f_f_a.jpg,67.27,Fearful Faces_Perceived Age
110_o_f_f_b.jpg,68.54,Fearful Faces_Perceived Age
112_o_f_f_a.jpg,80.52,Fearful Faces_Perceived Age
112_o_f_f_b.jpg,79.99,Fearful Faces_Perceived Age
120_o_f_f_a.jpg,65.09,Fearful Faces_Perceived Age
120_o_f_f_b.jpg,67.94,Fearful Faces_Perceived Age
124_o_f_f_a.jpg,69.86,Fearful Faces_Perceived Age
124_o_f_f_b.jpg,71.74,Fearful Faces_Perceived Age
130_o_f_f_a.jpg,69.27,Fearful Faces_Perceived Age
130_o_f_f_b.jpg,69.51,Fearful Faces_Perceived Age
133_o_f_f_a.jpg,63.25,Fearful Faces_Perceived Age
133_o_f_f_b.jpg,65.02,Fearful Faces_Perceived Age
143_o_f_f_a.jpg,68.38,Fearful Faces_Perceived Age
143_o_f_f_b.jpg,69.97,Fearful Faces_Perceived Age
148_o_f_f_a.jpg,63.16,Fearful Faces_Perceived Age
148_o_f_f_b.jpg,65.54,Fearful Faces_Perceived Age
154_o_f_f_a.jpg,75.73,Fearful Faces_Perceived Age
154_o_f_f_b.jpg,77.32,Fearful Faces_Perceived Age
158_o_f_f_a.jpg,66.42,Fearful Faces_Perceived Age
158_o_f_f_b.jpg,67.36,Fearful Faces_Perceived Age
164_o_f_f_a.jpg,70.42,Fearful Faces_Perceived Age
164_o_f_f_b.jpg,73.18,Fearful Faces_Perceived Age
174_o_f_f_a.jpg,62.06,Fearful Faces_Perceived Age
174_o_f_f_b.jpg,64.66,Fearful Faces_Perceived Age
004_o_m_f_a.jpg,71.35,Fearful Faces_Perceived Age
004_o_m_f_b.jpg,73.53,Fearful Faces_Perceived Age
015_o_m_f_a.jpg,70.52,Fearful Faces_Perceived Age
015_o_m_f_b.jpg,71.43,Fearful Faces_Perceived Age
018_o_m_f_a.jpg,67.4,Fearful Faces_Perceived Age
018_o_m_f_b.jpg,69.74,Fearful Faces_Perceived Age
027_o_m_f_a.jpg,68.71,Fearful Faces_Perceived Age
027_o_m_f_b.jpg,71.63,Fearful Faces_Perceived Age
033_o_m_f_a.jpg,60.18,Fearful Faces_Perceived Age
033_o_m_f_b.jpg,60.84,Fearful Faces_Perceived Age
039_o_m_f_a.jpg,74.4,Fearful Faces_Perceived Age
039_o_m_f_b.jpg,76.18,Fearful Faces_Perceived Age
042_o_m_f_a.jpg,71.56,Fearful Faces_Perceived Age
042_o_m_f_b.jpg,74.19,Fearful Faces_Perceived Age
046_o_m_f_a.jpg,70.32,Fearful Faces_Perceived Age
046_o_m_f_b.jpg,72.75,Fearful Faces_Perceived Age
053_o_m_f_a.jpg,66.17,Fearful Faces_Perceived Age
053_o_m_f_b.jpg,67.8,Fearful Faces_Perceived Age
059_o_m_f_a.jpg,73.35,Fearful Faces_Perceived Age
059_o_m_f_b.jpg,74.1,Fearful Faces_Perceived Age
065_o_m_f_a.jpg,68.55,Fearful Faces_Perceived Age
065_o_m_f_b.jpg,72.53,Fearful Faces_Perceived Age
074_o_m_f_a.jpg,68.36,Fearful Faces_Perceived Age
074_o_m_f_b.jpg,67.91,Fearful Faces_Perceived Age
076_o_m_f_a.jpg,69.75,Fearful Faces_Perceived Age
076_o_m_f_b.jpg,71.8,Fearful Faces_Perceived Age
083_o_m_f_a.jpg,70.26,Fearful Faces_Perceived Age
083_o_m_f_b.jpg,71.94,Fearful Faces_Perceived Age
091_o_m_f_a.jpg,71.3,Fearful Faces_Perceived Age
091_o_m_f_b.jpg,72.64,Fearful Faces_Perceived Age
102_o_m_f_a.jpg,70.89,Fearful Faces_Perceived Age
102_o_m_f_b.jpg,71.97,Fearful Faces_Perceived Age
107_o_m_f_a.jpg,71.89,Fearful Faces_Perceived Age
107_o_m_f_b.jpg,72.43,Fearful Faces_Perceived Age
118_o_m_f_a.jpg,70.05,Fearful Faces_Perceived Age
118_o_m_f_b.jpg,71.71,Fearful Faces_Perceived Age
121_o_m_f_a.jpg,67.94,Fearful Faces_Perceived Age
121_o_m_f_b.jpg,70.4,Fearful Faces_Perceived Age
131_o_m_f_a.jpg,68.77,Fearful Faces_Perceived Age
131_o_m_f_b.jpg,70.42,Fearful Faces_Perceived Age
137_o_m_f_a.jpg,67.17,Fearful Faces_Perceived Age
137_o_m_f_b.jpg,66.07,Fearful Faces_Perceived Age
141_o_m_f_a.jpg,65.05,Fearful Faces_Perceived Age
141_o_m_f_b.jpg,64.88,Fearful Faces_Perceived Age
146_o_m_f_a.jpg,67.97,Fearful Faces_Perceived Age
146_o_m_f_b.jpg,70.08,Fearful Faces_Perceived Age
151_o_m_f_a.jpg,67.56,Fearful Faces_Perceived Age
151_o_m_f_b.jpg,70.04,Fearful Faces_Perceived Age
161_o_m_f_a.jpg,75.23,Fearful Faces_Perceived Age
161_o_m_f_b.jpg,75.79,Fearful Faces_Perceived Age
166_o_m_f_a.jpg,69.22,Fearful Faces_Perceived Age
166_o_m_f_b.jpg,70.98,Fearful Faces_Perceived Age
172_o_m_f_a.jpg,72.73,Fearful Faces_Perceived Age
172_o_m_f_b.jpg,74.29,Fearful Faces_Perceived Age
176_o_m_f_a.jpg,60.01,Fearful Faces_Perceived Age
176_o_m_f_b.jpg,61.42,Fearful Faces_Perceived Age
010_y_f_s_a.jpg,32.92,Sad Faces_Perceived Age
010_y_f_s_b.jpg,34.3,Sad Faces_Perceived Age
020_y_f_s_a.jpg,24.02,Sad Faces_Perceived Age
020_y_f_s_b.jpg,24.67,Sad Faces_Perceived Age
022_y_f_s_a.jpg,22.45,Sad Faces_Perceived Age
022_y_f_s_b.jpg,22.67,Sad Faces_Perceived Age
028_y_f_s_a.jpg,29.49,Sad Faces_Perceived Age
028_y_f_s_b.jpg,28.06,Sad Faces_Perceived Age
034_y_f_s_a.jpg,27.62,Sad Faces_Perceived Age
034_y_f_s_b.jpg,28.28,Sad Faces_Perceived Age
040_y_f_s_a.jpg,25.34,Sad Faces_Perceived Age
040_y_f_s_b.jpg,25.16,Sad Faces_Perceived Age
048_y_f_s_a.jpg,27.61,Sad Faces_Perceived Age
048_y_f_s_b.jpg,26.74,Sad Faces_Perceived Age
054_y_f_s_a.jpg,25.08,Sad Faces_Perceived Age
054_y_f_s_b.jpg,26.32,Sad Faces_Perceived Age
063_y_f_s_a.jpg,33.0,Sad Faces_Perceived Age
063_y_f_s_b.jpg,32.43,Sad Faces_Perceived Age
069_y_f_s_a.jpg,27.15,Sad Faces_Perceived Age
069_y_f_s_b.jpg,28.49,Sad Faces_Perceived Age
071_y_f_s_a.jpg,25.42,Sad Faces_Perceived Age
071_y_f_s_b.jpg,28.18,Sad Faces_Perceived Age
085_y_f_s_a.jpg,30.22,Sad Faces_Perceived Age
085_y_f_s_b.jpg,32.16,Sad Faces_Perceived Age
090_y_f_s_a.jpg,24.12,Sad Faces_Perceived Age
090_y_f_s_b.jpg,24.22,Sad Faces_Perceived Age
098_y_f_s_a.jpg,25.78,Sad Faces_Perceived Age
098_y_f_s_b.jpg,26.23,Sad Faces_Perceived Age
101_y_f_s_a.jpg,27.84,Sad Faces_Perceived Age
101_y_f_s_b.jpg,28.07,Sad Faces_Perceived Age
106_y_f_s_a.jpg,27.28,Sad Faces_Perceived Age
106_y_f_s_b.jpg,26.39,Sad Faces_Perceived Age
115_y_f_s_a.jpg,29.82,Sad Faces_Perceived Age
115_y_f_s_b.jpg,29.15,Sad Faces_Perceived Age
125_y_f_s_a.jpg,24.53,Sad Faces_Perceived Age
125_y_f_s_b.jpg,26.0,Sad Faces_Perceived Age
132_y_f_s_a.jpg,28.49,Sad Faces_Perceived Age
132_y_f_s_b.jpg,28.27,Sad Faces_Perceived Age
134_y_f_s_a.jpg,26.67,Sad Faces_Perceived Age
134_y_f_s_b.jpg,28.0,Sad Faces_Perceived Age
140_y_f_s_a.jpg,29.38,Sad Faces_Perceived Age
140_y_f_s_b.jpg,26.54,Sad Faces_Perceived Age
150_y_f_s_a.jpg,23.47,Sad Faces_Perceived Age
150_y_f_s_b.jpg,23.09,Sad Faces_Perceived Age
152_y_f_s_a.jpg,24.55,Sad Faces_Perceived Age
152_y_f_s_b.jpg,23.83,Sad Faces_Perceived Age
162_y_f_s_a.jpg,27.92,Sad Faces_Perceived Age
162_y_f_s_b.jpg,29.55,Sad Faces_Perceived Age
163_y_f_s_a.jpg,33.26,Sad Faces_Perceived Age
163_y_f_s_b.jpg,32.92,Sad Faces_Perceived Age
171_y_f_s_a.jpg,34.6,Sad Faces_Perceived Age
171_y_f_s_b.jpg,33.61,Sad Faces_Perceived Age
173_y_f_s_a.jpg,28.69,Sad Faces_Perceived Age
173_y_f_s_b.jpg,28.26,Sad Faces_Perceived Age
177_y_f_s_a.jpg,28.24,Sad Faces_Perceived Age
177_y_f_s_b.jpg,28.41,Sad Faces_Perceived Age
182_y_f_s_a.jpg,26.43,Sad Faces_Perceived Age
182_y_f_s_b.jpg,27.43,Sad Faces_Perceived Age
008_y_m_s_a.jpg,32.27,Sad Faces_Perceived Age
008_y_m_s_b.jpg,31.75,Sad Faces_Perceived Age
013_y_m_s_a.jpg,27.15,Sad Faces_Perceived Age
013_y_m_s_b.jpg,29.01,Sad Faces_Perceived Age
016_y_m_s_a.jpg,24.02,Sad Faces_Perceived Age
016_y_m_s_b.jpg,23.59,Sad Faces_Perceived Age
025_y_m_s_a.jpg,33.2,Sad Faces_Perceived Age
025_y_m_s_b.jpg,32.61,Sad Faces_Perceived Age
031_y_m_s_a.jpg,27.59,Sad Faces_Perceived Age
031_y_m_s_b.jpg,26.03,Sad Faces_Perceived Age
037_y_m_s_a.jpg,25.42,Sad Faces_Perceived Age
037_y_m_s_b.jpg,25.81,Sad Faces_Perceived Age
041_y_m_s_a.jpg,30.82,Sad Faces_Perceived Age
041_y_m_s_b.jpg,31.0,Sad Faces_Perceived Age
049_y_m_s_a.jpg,29.61,Sad Faces_Perceived Age
049_y_m_s_b.jpg,30.06,Sad Faces_Perceived Age
057_y_m_s_a.jpg,26.77,Sad Faces_Perceived Age
057_y_m_s_b.jpg,28.4,Sad Faces_Perceived Age
062_y_m_s_a.jpg,33.41,Sad Faces_Perceived Age
062_y_m_s_b.jpg,35.54,Sad Faces_Perceived Age
066_y_m_s_a.jpg,25.4,Sad Faces_Perceived Age
066_y_m_s_b.jpg,25.31,Sad Faces_Perceived Age
072_y_m_s_a.jpg,28.24,Sad Faces_Perceived Age
072_y_m_s_b.jpg,29.55,Sad Faces_Perceived Age
081_y_m_s_a.jpg,33.61,Sad Faces_Perceived Age
081_y_m_s_b.jpg,35.27,Sad Faces_Perceived Age
089_y_m_s_a.jpg,28.51,Sad Faces_Perceived Age
089_y_m_s_b.jpg,29.92,Sad Faces_Perceived Age
099_y_m_s_a.jpg,25.55,Sad Faces_Perceived Age
099_y_m_s_b.jpg,27.29,Sad Faces_Perceived Age
105_y_m_s_a.jpg,27.38,Sad Faces_Perceived Age
105_y_m_s_b.jpg,29.11,Sad Faces_Perceived Age
109_y_m_s_a.jpg,24.45,Sad Faces_Perceived Age
109_y_m_s_b.jpg,23.99,Sad Faces_Perceived Age
114_y_m_s_a.jpg,41.72,Sad Faces_Perceived Age
114_y_m_s_b.jpg,44.68,Sad Faces_Perceived Age
119_y_m_s_a.jpg,24.12,Sad Faces_Perceived Age
119_y_m_s_b.jpg,24.51,Sad Faces_Perceived Age
123_y_m_s_a.jpg,21.83,Sad Faces_Perceived Age
123_y_m_s_b.jpg,22.91,Sad Faces_Perceived Age
127_y_m_s_a.jpg,37.03,Sad Faces_Perceived Age
127_y_m_s_b.jpg,34.85,Sad Faces_Perceived Age
135_y_m_s_a.jpg,35.0,Sad Faces_Perceived Age
135_y_m_s_b.jpg,35.88,Sad Faces_Perceived Age
144_y_m_s_a.jpg,30.86,Sad Faces_Perceived Age
144_y_m_s_b.jpg,29.75,Sad Faces_Perceived Age
147_y_m_s_a.jpg,22.78,Sad Faces_Perceived Age
147_y_m_s_b.jpg,23.45,Sad Faces_Perceived Age
153_y_m_s_a.jpg,26.45,Sad Faces_Perceived Age
153_y_m_s_b.jpg,28.18,Sad Faces_Perceived Age
160_y_m_s_a.jpg,38.71,Sad Faces_Perceived Age
160_y_m_s_b.jpg,38.26,Sad Faces_Perceived Age
167_y_m_s_a.jpg,31.23,Sad Faces_Perceived Age
167_y_m_s_b.jpg,32.5,Sad Faces_Perceived Age
170_y_m_s_a.jpg,33.7,Sad Faces_Perceived Age
170_y_m_s_b.jpg,33.94,Sad Faces_Perceived Age
175_y_m_s_a.jpg,27.88,Sad Faces_Perceived Age
175_y_m_s_b.jpg,30.41,Sad Faces_Perceived Age
006_m_f_s_a.jpg,43.26,Sad Faces_Perceived Age
006_m_f_s_b.jpg,39.51,Sad Faces_Perceived Age
011_m_f_s_a.jpg,47.56,Sad Faces_Perceived Age
011_m_f_s_b.jpg,47.45,Sad Faces_Perceived Age
019_m_f_s_a.jpg,50.14,Sad Faces_Perceived Age
019_m_f_s_b.jpg,51.71,Sad Faces_Perceived Age
029_m_f_s_a.jpg,47.37,Sad Faces_Perceived Age
029_m_f_s_b.jpg,47.07,Sad Faces_Perceived Age
035_m_f_s_a.jpg,51.69,Sad Faces_Perceived Age
035_m_f_s_b.jpg,53.66,Sad Faces_Perceived Age
043_m_f_s_a.jpg,46.73,Sad Faces_Perceived Age
043_m_f_s_b.jpg,48.52,Sad Faces_Perceived Age
050_m_f_s_a.jpg,50.69,Sad Faces_Perceived Age
050_m_f_s_b.jpg,52.06,Sad Faces_Perceived Age
052_m_f_s_a.jpg,47.55,Sad Faces_Perceived Age
052_m_f_s_b.jpg,49.6,Sad Faces_Perceived Age
061_m_f_s_a.jpg,36.98,Sad Faces_Perceived Age
061_m_f_s_b.jpg,39.61,Sad Faces_Perceived Age
064_m_f_s_a.jpg,55.16,Sad Faces_Perceived Age
064_m_f_s_b.jpg,52.4,Sad Faces_Perceived Age
073_m_f_s_a.jpg,53.64,Sad Faces_Perceived Age
073_m_f_s_b.jpg,53.6,Sad Faces_Perceived Age
080_m_f_s_a.jpg,50.0,Sad Faces_Perceived Age
080_m_f_s_b.jpg,50.42,Sad Faces_Perceived Age
084_m_f_s_a.jpg,53.29,Sad Faces_Perceived Age
084_m_f_s_b.jpg,56.99,Sad Faces_Perceived Age
093_m_f_s_a.jpg,45.56,Sad Faces_Perceived Age
093_m_f_s_b.jpg,47.39,Sad Faces_Perceived Age
097_m_f_s_a.jpg,50.66,Sad Faces_Perceived Age
097_m_f_s_b.jpg,51.88,Sad Faces_Perceived Age
103_m_f_s_a.jpg,49.18,Sad Faces_Perceived Age
103_m_f_s_b.jpg,51.05,Sad Faces_Perceived Age
111_m_f_s_a.jpg,57.79,Sad Faces_Perceived Age
111_m_f_s_b.jpg,55.85,Sad Faces_Perceived Age
113_m_f_s_a.jpg,58.45,Sad Faces_Perceived Age
113_m_f_s_b.jpg,61.25,Sad Faces_Perceived Age
117_m_f_s_a.jpg,42.7,Sad Faces_Perceived Age
117_m_f_s_b.jpg,42.99,Sad Faces_Perceived Age
122_m_f_s_a.jpg,47.2,Sad Faces_Perceived Age
122_m_f_s_b.jpg,46.37,Sad Faces_Perceived Age
128_m_f_s_a.jpg,49.98,Sad Faces_Perceived Age
128_m_f_s_b.jpg,51.37,Sad Faces_Perceived Age
138_m_f_s_a.jpg,44.82,Sad Faces_Perceived Age
138_m_f_s_b.jpg,45.36,Sad Faces_Perceived Age
139_m_f_s_a.jpg,45.14,Sad Faces_Perceived Age
139_m_f_s_b.jpg,44.0,Sad Faces_Perceived Age
156_m_f_s_a.jpg,40.67,Sad Faces_Perceived Age
156_m_f_s_b.jpg,42.89,Sad Faces_Perceived Age
157_m_f_s_a.jpg,49.58,Sad Faces_Perceived Age
157_m_f_s_b.jpg,53.98,Sad Faces_Perceived Age
168_m_f_s_a.jpg,48.03,Sad Faces_Perceived Age
168_m_f_s_b.jpg,50.13,Sad Faces_Perceived Age
180_m_f_s_a.jpg,55.42,Sad Faces_Perceived Age
180_m_f_s_b.jpg,55.56,Sad Faces_Perceived Age
007_m_m_s_a.jpg,55.05,Sad Faces_Perceived Age
007_m_m_s_b.jpg,57.27,Sad Faces_Perceived Age
014_m_m_s_a.jpg,48.78,Sad Faces_Perceived Age
014_m_m_s_b.jpg,47.35,Sad Faces_Perceived Age
026_m_m_s_a.jpg,56.68,Sad Faces_Perceived Age
026_m_m_s_b.jpg,57.83,Sad Faces_Perceived Age
032_m_m_s_a.jpg,45.82,Sad Faces_Perceived Age
032_m_m_s_b.jpg,47.91,Sad Faces_Perceived Age
038_m_m_s_a.jpg,45.1,Sad Faces_Perceived Age
038_m_m_s_b.jpg,47.17,Sad Faces_Perceived Age
045_m_m_s_a.jpg,44.6,Sad Faces_Perceived Age
045_m_m_s_b.jpg,46.52,Sad Faces_Perceived Age
051_m_m_s_a.jpg,46.55,Sad Faces_Perceived Age
051_m_m_s_b.jpg,49.89,Sad Faces_Perceived Age
056_m_m_s_a.jpg,53.58,Sad Faces_Perceived Age
056_m_m_s_b.jpg,54.94,Sad Faces_Perceived Age
058_m_m_s_a.jpg,51.28,Sad Faces_Perceived Age
058_m_m_s_b.jpg,53.81,Sad Faces_Perceived Age
068_m_m_s_a.jpg,56.94,Sad Faces_Perceived Age
068_m_m_s_b.jpg,55.97,Sad Faces_Perceived Age
070_m_m_s_a.jpg,46.74,Sad Faces_Perceived Age
070_m_m_s_b.jpg,50.18,Sad Faces_Perceived Age
077_m_m_s_a.jpg,54.2,Sad Faces_Perceived Age
077_m_m_s_b.jpg,55.02,Sad Faces_Perceived Age
082_m_m_s_a.jpg,53.45,Sad Faces_Perceived Age
082_m_m_s_b.jpg,54.03,Sad Faces_Perceived Age
087_m_m_s_a.jpg,44.06,Sad Faces_Perceived Age
087_m_m_s_b.jpg,44.24,Sad Faces_Perceived Age
092_m_m_s_a.jpg,57.31,Sad Faces_Perceived Age
092_m_m_s_b.jpg,59.34,Sad Faces_Perceived Age
094_m_m_s_a.jpg,51.06,Sad Faces_Perceived Age
094_m_m_s_b.jpg,52.38,Sad Faces_Perceived Age
104_m_m_s_a.jpg,50.44,Sad Faces_Perceived Age
104_m_m_s_b.jpg,47.64,Sad Faces_Perceived Age
108_m_m_s_a.jpg,50.56,Sad Faces_Perceived Age
108_m_m_s_b.jpg,53.24,Sad Faces_Perceived Age
116_m_m_s_a.jpg,49.71,Sad Faces_Perceived Age
116_m_m_s_b.jpg,50.66,Sad Faces_Perceived Age
126_m_m_s_a.jpg,45.44,Sad Faces_Perceived Age
126_m_m_s_b.jpg,46.44,Sad Faces_Perceived Age
136_m_m_s_a.jpg,55.44,Sad Faces_Perceived Age
136_m_m_s_b.jpg,55.92,Sad Faces_Perceived Age
142_m_m_s_a.jpg,62.06,Sad Faces_Perceived Age
142_m_m_s_b.jpg,63.33,Sad Faces_Perceived Age
149_m_m_s_a.jpg,51.68,Sad Faces_Perceived Age
149_m_m_s_b.jpg,50.66,Sad Faces_Perceived Age
155_m_m_s_a.jpg,40.67,Sad Faces_Perceived Age
155_m_m_s_b.jpg,38.97,Sad Faces_Perceived Age
159_m_m_s_a.jpg,50.7,Sad Faces_Perceived Age
159_m_m_s_b.jpg,51.66,Sad Faces_Perceived Age
165_m_m_s_a.jpg,49.33,Sad Faces_Perceived Age
165_m_m_s_b.jpg,52.02,Sad Faces_Perceived Age
169_m_m_s_a.jpg,56.34,Sad Faces_Perceived Age
169_m_m_s_b.jpg,56.06,Sad Faces_Perceived Age
178_m_m_s_a.jpg,45.58,Sad Faces_Perceived Age
178_m_m_s_b.jpg,50.61,Sad Faces_Perceived Age
179_m_m_s_a.jpg,47.75,Sad Faces_Perceived Age
179_m_m_s_b.jpg,46.3,Sad Faces_Perceived Age
005_o_f_s_a.jpg,64.02,Sad Faces_Perceived Age
005_o_f_s_b.jpg,66.31,Sad Faces_Perceived Age
012_o_f_s_a.jpg,64.29,Sad Faces_Perceived Age
012_o_f_s_b.jpg,67.11,Sad Faces_Perceived Age
021_o_f_s_a.jpg,69.22,Sad Faces_Perceived Age
021_o_f_s_b.jpg,71.94,Sad Faces_Perceived Age
024_o_f_s_a.jpg,61.94,Sad Faces_Perceived Age
024_o_f_s_b.jpg,64.63,Sad Faces_Perceived Age
030_o_f_s_a.jpg,66.69,Sad Faces_Perceived Age
030_o_f_s_b.jpg,68.29,Sad Faces_Perceived Age
036_o_f_s_a.jpg,62.33,Sad Faces_Perceived Age
036_o_f_s_b.jpg,64.92,Sad Faces_Perceived Age
044_o_f_s_a.jpg,67.85,Sad Faces_Perceived Age
044_o_f_s_b.jpg,71.26,Sad Faces_Perceived Age
047_o_f_s_a.jpg,67.74,Sad Faces_Perceived Age
047_o_f_s_b.jpg,68.68,Sad Faces_Perceived Age
055_o_f_s_a.jpg,61.06,Sad Faces_Perceived Age
055_o_f_s_b.jpg,64.34,Sad Faces_Perceived Age
060_o_f_s_a.jpg,66.79,Sad Faces_Perceived Age
060_o_f_s_b.jpg,68.7,Sad Faces_Perceived Age
067_o_f_s_a.jpg,69.12,Sad Faces_Perceived Age
067_o_f_s_b.jpg,70.78,Sad Faces_Perceived Age
075_o_f_s_a.jpg,69.13,Sad Faces_Perceived Age
075_o_f_s_b.jpg,72.71,Sad Faces_Perceived Age
079_o_f_s_a.jpg,70.86,Sad Faces_Perceived Age
079_o_f_s_b.jpg,73.92,Sad Faces_Perceived Age
086_o_f_s_a.jpg,65.78,Sad Faces_Perceived Age
086_o_f_s_b.jpg,65.94,Sad Faces_Perceived Age
088_o_f_s_a.jpg,79.03,Sad Faces_Perceived Age
088_o_f_s_b.jpg,80.24,Sad Faces_Perceived Age
096_o_f_s_a.jpg,68.78,Sad Faces_Perceived Age
096_o_f_s_b.jpg,71.18,Sad Faces_Perceived Age
100_o_f_s_a.jpg,68.22,Sad Faces_Perceived Age
100_o_f_s_b.jpg,70.9,Sad Faces_Perceived Age
110_o_f_s_a.jpg,68.69,Sad Faces_Perceived Age
110_o_f_s_b.jpg,70.94,Sad Faces_Perceived Age
112_o_f_s_a.jpg,81.02,Sad Faces_Perceived Age
112_o_f_s_b.jpg,81.08,Sad Faces_Perceived Age
120_o_f_s_a.jpg,67.72,Sad Faces_Perceived Age
120_o_f_s_b.jpg,69.48,Sad Faces_Perceived Age
124_o_f_s_a.jpg,69.68,Sad Faces_Perceived Age
124_o_f_s_b.jpg,71.0,Sad Faces_Perceived Age
130_o_f_s_a.jpg,68.23,Sad Faces_Perceived Age
130_o_f_s_b.jpg,70.03,Sad Faces_Perceived Age
133_o_f_s_a.jpg,65.78,Sad Faces_Perceived Age
133_o_f_s_b.jpg,66.22,Sad Faces_Perceived Age
143_o_f_s_a.jpg,69.53,Sad Faces_Perceived Age
143_o_f_s_b.jpg,72.32,Sad Faces_Perceived Age
148_o_f_s_a.jpg,63.42,Sad Faces_Perceived Age
148_o_f_s_b.jpg,63.94,Sad Faces_Perceived Age
154_o_f_s_a.jpg,75.61,Sad Faces_Perceived Age
154_o_f_s_b.jpg,77.06,Sad Faces_Perceived Age
158_o_f_s_a.jpg,65.78,Sad Faces_Perceived Age
158_o_f_s_b.jpg,68.33,Sad Faces_Perceived Age
164_o_f_s_a.jpg,74.06,Sad Faces_Perceived Age
164_o_f_s_b.jpg,73.05,Sad Faces_Perceived Age
174_o_f_s_a.jpg,60.31,Sad Faces_Perceived Age
174_o_f_s_b.jpg,64.65,Sad Faces_Perceived Age
004_o_m_s_a.jpg,71.3,Sad Faces_Perceived Age
004_o_m_s_b.jpg,72.87,Sad Faces_Perceived Age
015_o_m_s_a.jpg,71.13,Sad Faces_Perceived Age
015_o_m_s_b.jpg,72.27,Sad Faces_Perceived Age
018_o_m_s_a.jpg,65.82,Sad Faces_Perceived Age
018_o_m_s_b.jpg,69.73,Sad Faces_Perceived Age
027_o_m_s_a.jpg,70.23,Sad Faces_Perceived Age
027_o_m_s_b.jpg,72.04,Sad Faces_Perceived Age
033_o_m_s_a.jpg,60.22,Sad Faces_Perceived Age
033_o_m_s_b.jpg,64.44,Sad Faces_Perceived Age
039_o_m_s_a.jpg,72.03,Sad Faces_Perceived Age
039_o_m_s_b.jpg,75.22,Sad Faces_Perceived Age
042_o_m_s_a.jpg,72.88,Sad Faces_Perceived Age
042_o_m_s_b.jpg,75.58,Sad Faces_Perceived Age
046_o_m_s_a.jpg,71.78,Sad Faces_Perceived Age
046_o_m_s_b.jpg,74.93,Sad Faces_Perceived Age
053_o_m_s_a.jpg,66.79,Sad Faces_Perceived Age
053_o_m_s_b.jpg,67.86,Sad Faces_Perceived Age
059_o_m_s_a.jpg,74.88,Sad Faces_Perceived Age
059_o_m_s_b.jpg,76.81,Sad Faces_Perceived Age
065_o_m_s_a.jpg,70.7,Sad Faces_Perceived Age
065_o_m_s_b.jpg,72.46,Sad Faces_Perceived Age
074_o_m_s_a.jpg,68.59,Sad Faces_Perceived Age
074_o_m_s_b.jpg,70.41,Sad Faces_Perceived Age
076_o_m_s_a.jpg,67.92,Sad Faces_Perceived Age
076_o_m_s_b.jpg,70.5,Sad Faces_Perceived Age
083_o_m_s_a.jpg,69.94,Sad Faces_Perceived Age
083_o_m_s_b.jpg,70.27,Sad Faces_Perceived Age
091_o_m_s_a.jpg,72.65,Sad Faces_Perceived Age
091_o_m_s_b.jpg,73.78,Sad Faces_Perceived Age
102_o_m_s_a.jpg,67.16,Sad Faces_Perceived Age
102_o_m_s_b.jpg,70.12,Sad Faces_Perceived Age
107_o_m_s_a.jpg,69.37,Sad Faces_Perceived Age
107_o_m_s_b.jpg,73.59,Sad Faces_Perceived Age
118_o_m_s_a.jpg,70.06,Sad Faces_Perceived Age
118_o_m_s_b.jpg,72.04,Sad Faces_Perceived Age
121_o_m_s_a.jpg,68.55,Sad Faces_Perceived Age
121_o_m_s_b.jpg,70.64,Sad Faces_Perceived Age
131_o_m_s_a.jpg,67.85,Sad Faces_Perceived Age
131_o_m_s_b.jpg,68.63,Sad Faces_Perceived Age
137_o_m_s_a.jpg,65.74,Sad Faces_Perceived Age
137_o_m_s_b.jpg,65.51,Sad Faces_Perceived Age
141_o_m_s_a.jpg,65.72,Sad Faces_Perceived Age
141_o_m_s_b.jpg,67.16,Sad Faces_Perceived Age
146_o_m_s_a.jpg,68.18,Sad Faces_Perceived Age
146_o_m_s_b.jpg,70.06,Sad Faces_Perceived Age
151_o_m_s_a.jpg,65.28,Sad Faces_Perceived Age
151_o_m_s_b.jpg,69.45,Sad Faces_Perceived Age
161_o_m_s_a.jpg,76.31,Sad Faces_Perceived Age
161_o_m_s_b.jpg,78.57,Sad Faces_Perceived Age
166_o_m_s_a.jpg,67.54,Sad Faces_Perceived Age
166_o_m_s_b.jpg,69.58,Sad Faces_Perceived Age
172_o_m_s_a.jpg,70.06,Sad Faces_Perceived Age
172_o_m_s_b.jpg,72.94,Sad Faces_Perceived Age
176_o_m_s_a.jpg,59.9,Sad Faces_Perceived Age
176_o_m_s_b.jpg,62.12,Sad Faces_Perceived Age
010_y_f_d_a.jpg,31.02,Disgusted Faces_Perceived Age
010_y_f_d_b.jpg,31.67,Disgusted Faces_Perceived Age
020_y_f_d_a.jpg,24.97,Disgusted Faces_Perceived Age
020_y_f_d_b.jpg,26.48,Disgusted Faces_Perceived Age
022_y_f_d_a.jpg,23.84,Disgusted Faces_Perceived Age
022_y_f_d_b.jpg,25.42,Disgusted Faces_Perceived Age
028_y_f_d_a.jpg,30.5,Disgusted Faces_Perceived Age
028_y_f_d_b.jpg,30.03,Disgusted Faces_Perceived Age
034_y_f_d_a.jpg,25.65,Disgusted Faces_Perceived Age
034_y_f_d_b.jpg,27.65,Disgusted Faces_Perceived Age
040_y_f_d_a.jpg,25.11,Disgusted Faces_Perceived Age
040_y_f_d_b.jpg,25.35,Disgusted Faces_Perceived Age
048_y_f_d_a.jpg,28.34,Disgusted Faces_Perceived Age
048_y_f_d_b.jpg,27.55,Disgusted Faces_Perceived Age
054_y_f_d_a.jpg,24.85,Disgusted Faces_Perceived Age
054_y_f_d_b.jpg,23.57,Disgusted Faces_Perceived Age
063_y_f_d_a.jpg,29.8,Disgusted Faces_Perceived Age
063_y_f_d_b.jpg,31.5,Disgusted Faces_Perceived Age
069_y_f_d_a.jpg,31.26,Disgusted Faces_Perceived Age
069_y_f_d_b.jpg,32.61,Disgusted Faces_Perceived Age
071_y_f_d_a.jpg,26.95,Disgusted Faces_Perceived Age
071_y_f_d_b.jpg,27.48,Disgusted Faces_Perceived Age
085_y_f_d_a.jpg,29.75,Disgusted Faces_Perceived Age
085_y_f_d_b.jpg,31.36,Disgusted Faces_Perceived Age
090_y_f_d_a.jpg,25.48,Disgusted Faces_Perceived Age
090_y_f_d_b.jpg,28.8,Disgusted Faces_Perceived Age
098_y_f_d_a.jpg,25.32,Disgusted Faces_Perceived Age
098_y_f_d_b.jpg,25.03,Disgusted Faces_Perceived Age
101_y_f_d_a.jpg,27.88,Disgusted Faces_Perceived Age
101_y_f_d_b.jpg,28.54,Disgusted Faces_Perceived Age
106_y_f_d_a.jpg,24.35,Disgusted Faces_Perceived Age
106_y_f_d_b.jpg,26.48,Disgusted Faces_Perceived Age
115_y_f_d_a.jpg,30.53,Disgusted Faces_Perceived Age
115_y_f_d_b.jpg,27.95,Disgusted Faces_Perceived Age
125_y_f_d_a.jpg,24.14,Disgusted Faces_Perceived Age
125_y_f_d_b.jpg,24.14,Disgusted Faces_Perceived Age
132_y_f_d_a.jpg,29.0,Disgusted Faces_Perceived Age
132_y_f_d_b.jpg,28.84,Disgusted Faces_Perceived Age
134_y_f_d_a.jpg,32.09,Disgusted Faces_Perceived Age
134_y_f_d_b.jpg,30.8,Disgusted Faces_Perceived Age
140_y_f_d_a.jpg,26.18,Disgusted Faces_Perceived Age
140_y_f_d_b.jpg,26.85,Disgusted Faces_Perceived Age
150_y_f_d_a.jpg,24.85,Disgusted Faces_Perceived Age
150_y_f_d_b.jpg,24.89,Disgusted Faces_Perceived Age
152_y_f_d_a.jpg,25.52,Disgusted Faces_Perceived Age
152_y_f_d_b.jpg,24.6,Disgusted Faces_Perceived Age
162_y_f_d_a.jpg,31.23,Disgusted Faces_Perceived Age
162_y_f_d_b.jpg,28.58,Disgusted Faces_Perceived Age
163_y_f_d_a.jpg,34.91,Disgusted Faces_Perceived Age
163_y_f_d_b.jpg,34.18,Disgusted Faces_Perceived Age
171_y_f_d_a.jpg,32.08,Disgusted Faces_Perceived Age
171_y_f_d_b.jpg,30.28,Disgusted Faces_Perceived Age
173_y_f_d_a.jpg,26.29,Disgusted Faces_Perceived Age
173_y_f_d_b.jpg,26.95,Disgusted Faces_Perceived Age
177_y_f_d_a.jpg,26.48,Disgusted Faces_Perceived Age
177_y_f_d_b.jpg,25.92,Disgusted Faces_Perceived Age
182_y_f_d_a.jpg,26.62,Disgusted Faces_Perceived Age
182_y_f_d_b.jpg,27.6,Disgusted Faces_Perceived Age
008_y_m_d_a.jpg,29.66,Disgusted Faces_Perceived Age
008_y_m_d_b.jpg,33.15,Disgusted Faces_Perceived Age
013_y_m_d_a.jpg,24.23,Disgusted Faces_Perceived Age
013_y_m_d_b.jpg,27.87,Disgusted Faces_Perceived Age
016_y_m_d_a.jpg,24.55,Disgusted Faces_Perceived Age
016_y_m_d_b.jpg,23.98,Disgusted Faces_Perceived Age
025_y_m_d_a.jpg,33.57,Disgusted Faces_Perceived Age
025_y_m_d_b.jpg,34.12,Disgusted Faces_Perceived Age
031_y_m_d_a.jpg,25.97,Disgusted Faces_Perceived Age
031_y_m_d_b.jpg,27.33,Disgusted Faces_Perceived Age
037_y_m_d_a.jpg,24.85,Disgusted Faces_Perceived Age
037_y_m_d_b.jpg,27.31,Disgusted Faces_Perceived Age
041_y_m_d_a.jpg,32.29,Disgusted Faces_Perceived Age
041_y_m_d_b.jpg,32.01,Disgusted Faces_Perceived Age
049_y_m_d_a.jpg,30.71,Disgusted Faces_Perceived Age
049_y_m_d_b.jpg,29.12,Disgusted Faces_Perceived Age
057_y_m_d_a.jpg,26.82,Disgusted Faces_Perceived Age
057_y_m_d_b.jpg,27.08,Disgusted Faces_Perceived Age
062_y_m_d_a.jpg,36.72,Disgusted Faces_Perceived Age
062_y_m_d_b.jpg,35.03,Disgusted Faces_Perceived Age
066_y_m_d_a.jpg,26.09,Disgusted Faces_Perceived Age
066_y_m_d_b.jpg,25.3,Disgusted Faces_Perceived Age
072_y_m_d_a.jpg,27.35,Disgusted Faces_Perceived Age
072_y_m_d_b.jpg,28.9,Disgusted Faces_Perceived Age
081_y_m_d_a.jpg,31.03,Disgusted Faces_Perceived Age
081_y_m_d_b.jpg,30.21,Disgusted Faces_Perceived Age
089_y_m_d_a.jpg,28.97,Disgusted Faces_Perceived Age
089_y_m_d_b.jpg,30.88,Disgusted Faces_Perceived Age
099_y_m_d_a.jpg,27.51,Disgusted Faces_Perceived Age
099_y_m_d_b.jpg,27.29,Disgusted Faces_Perceived Age
105_y_m_d_a.jpg,30.43,Disgusted Faces_Perceived Age
105_y_m_d_b.jpg,30.72,Disgusted Faces_Perceived Age
109_y_m_d_a.jpg,25.52,Disgusted Faces_Perceived Age
109_y_m_d_b.jpg,27.21,Disgusted Faces_Perceived Age
114_y_m_d_a.jpg,38.51,Disgusted Faces_Perceived Age
114_y_m_d_b.jpg,38.12,Disgusted Faces_Perceived Age
119_y_m_d_a.jpg,22.65,Disgusted Faces_Perceived Age
119_y_m_d_b.jpg,23.71,Disgusted Faces_Perceived Age
123_y_m_d_a.jpg,27.03,Disgusted Faces_Perceived Age
123_y_m_d_b.jpg,25.56,Disgusted Faces_Perceived Age
127_y_m_d_a.jpg,36.11,Disgusted Faces_Perceived Age
127_y_m_d_b.jpg,37.19,Disgusted Faces_Perceived Age
135_y_m_d_a.jpg,37.85,Disgusted Faces_Perceived Age
135_y_m_d_b.jpg,35.96,Disgusted Faces_Perceived Age
144_y_m_d_a.jpg,29.59,Disgusted Faces_Perceived Age
144_y_m_d_b.jpg,29.88,Disgusted Faces_Perceived Age
147_y_m_d_a.jpg,23.15,Disgusted Faces_Perceived Age
147_y_m_d_b.jpg,24.47,Disgusted Faces_Perceived Age
153_y_m_d_a.jpg,27.8,Disgusted Faces_Perceived Age
153_y_m_d_b.jpg,27.23,Disgusted Faces_Perceived Age
160_y_m_d_a.jpg,37.09,Disgusted Faces_Perceived Age
160_y_m_d_b.jpg,36.9,Disgusted Faces_Perceived Age
167_y_m_d_a.jpg,30.09,Disgusted Faces_Perceived Age
167_y_m_d_b.jpg,31.06,Disgusted Faces_Perceived Age
170_y_m_d_a.jpg,33.94,Disgusted Faces_Perceived Age
170_y_m_d_b.jpg,34.49,Disgusted Faces_Perceived Age
175_y_m_d_a.jpg,30.35,Disgusted Faces_Perceived Age
175_y_m_d_b.jpg,30.33,Disgusted Faces_Perceived Age
006_m_f_d_a.jpg,35.4,Disgusted Faces_Perceived Age
006_m_f_d_b.jpg,34.52,Disgusted Faces_Perceived Age
011_m_f_d_a.jpg,46.12,Disgusted Faces_Perceived Age
011_m_f_d_b.jpg,48.84,Disgusted Faces_Perceived Age
019_m_f_d_a.jpg,51.88,Disgusted Faces_Perceived Age
019_m_f_d_b.jpg,48.24,Disgusted Faces_Perceived Age
029_m_f_d_a.jpg,39.91,Disgusted Faces_Perceived Age
029_m_f_d_b.jpg,45.2,Disgusted Faces_Perceived Age
035_m_f_d_a.jpg,50.48,Disgusted Faces_Perceived Age
035_m_f_d_b.jpg,52.4,Disgusted Faces_Perceived Age
043_m_f_d_a.jpg,46.02,Disgusted Faces_Perceived Age
043_m_f_d_b.jpg,45.34,Disgusted Faces_Perceived Age
050_m_f_d_a.jpg,52.79,Disgusted Faces_Perceived Age
050_m_f_d_b.jpg,50.2,Disgusted Faces_Perceived Age
052_m_f_d_a.jpg,46.06,Disgusted Faces_Perceived Age
052_m_f_d_b.jpg,48.96,Disgusted Faces_Perceived Age
061_m_f_d_a.jpg,38.37,Disgusted Faces_Perceived Age
061_m_f_d_b.jpg,39.26,Disgusted Faces_Perceived Age
064_m_f_d_a.jpg,52.12,Disgusted Faces_Perceived Age
064_m_f_d_b.jpg,59.02,Disgusted Faces_Perceived Age
073_m_f_d_a.jpg,52.27,Disgusted Faces_Perceived Age
073_m_f_d_b.jpg,55.53,Disgusted Faces_Perceived Age
080_m_f_d_a.jpg,47.5,Disgusted Faces_Perceived Age
080_m_f_d_b.jpg,51.31,Disgusted Faces_Perceived Age
084_m_f_d_a.jpg,52.78,Disgusted Faces_Perceived Age
084_m_f_d_b.jpg,57.15,Disgusted Faces_Perceived Age
093_m_f_d_a.jpg,44.37,Disgusted Faces_Perceived Age
093_m_f_d_b.jpg,46.5,Disgusted Faces_Perceived Age
097_m_f_d_a.jpg,49.42,Disgusted Faces_Perceived Age
097_m_f_d_b.jpg,54.57,Disgusted Faces_Perceived Age
103_m_f_d_a.jpg,47.34,Disgusted Faces_Perceived Age
103_m_f_d_b.jpg,45.42,Disgusted Faces_Perceived Age
111_m_f_d_a.jpg,55.09,Disgusted Faces_Perceived Age
111_m_f_d_b.jpg,57.6,Disgusted Faces_Perceived Age
113_m_f_d_a.jpg,59.77,Disgusted Faces_Perceived Age
113_m_f_d_b.jpg,58.47,Disgusted Faces_Perceived Age
117_m_f_d_a.jpg,43.38,Disgusted Faces_Perceived Age
117_m_f_d_b.jpg,44.04,Disgusted Faces_Perceived Age
122_m_f_d_a.jpg,43.19,Disgusted Faces_Perceived Age
122_m_f_d_b.jpg,45.15,Disgusted Faces_Perceived Age
128_m_f_d_a.jpg,50.26,Disgusted Faces_Perceived Age
128_m_f_d_b.jpg,49.82,Disgusted Faces_Perceived Age
138_m_f_d_a.jpg,44.75,Disgusted Faces_Perceived Age
138_m_f_d_b.jpg,43.84,Disgusted Faces_Perceived Age
139_m_f_d_a.jpg,42.06,Disgusted Faces_Perceived Age
139_m_f_d_b.jpg,42.85,Disgusted Faces_Perceived Age
156_m_f_d_a.jpg,37.73,Disgusted Faces_Perceived Age
156_m_f_d_b.jpg,39.42,Disgusted Faces_Perceived Age
157_m_f_d_a.jpg,46.7,Disgusted Faces_Perceived Age
157_m_f_d_b.jpg,49.12,Disgusted Faces_Perceived Age
168_m_f_d_a.jpg,51.05,Disgusted Faces_Perceived Age
168_m_f_d_b.jpg,50.87,Disgusted Faces_Perceived Age
180_m_f_d_a.jpg,49.3,Disgusted Faces_Perceived Age
180_m_f_d_b.jpg,52.95,Disgusted Faces_Perceived Age
007_m_m_d_a.jpg,54.22,Disgusted Faces_Perceived Age
007_m_m_d_b.jpg,56.52,Disgusted Faces_Perceived Age
014_m_m_d_a.jpg,41.99,Disgusted Faces_Perceived Age
014_m_m_d_b.jpg,51.22,Disgusted Faces_Perceived Age
026_m_m_d_a.jpg,58.6,Disgusted Faces_Perceived Age
026_m_m_d_b.jpg,58.56,Disgusted Faces_Perceived Age
032_m_m_d_a.jpg,47.17,Disgusted Faces_Perceived Age
032_m_m_d_b.jpg,46.29,Disgusted Faces_Perceived Age
038_m_m_d_a.jpg,43.86,Disgusted Faces_Perceived Age
038_m_m_d_b.jpg,45.24,Disgusted Faces_Perceived Age
045_m_m_d_a.jpg,47.62,Disgusted Faces_Perceived Age
045_m_m_d_b.jpg,46.93,Disgusted Faces_Perceived Age
051_m_m_d_a.jpg,47.12,Disgusted Faces_Perceived Age
051_m_m_d_b.jpg,51.2,Disgusted Faces_Perceived Age
056_m_m_d_a.jpg,52.24,Disgusted Faces_Perceived Age
056_m_m_d_b.jpg,54.49,Disgusted Faces_Perceived Age
058_m_m_d_a.jpg,51.57,Disgusted Faces_Perceived Age
058_m_m_d_b.jpg,51.24,Disgusted Faces_Perceived Age
068_m_m_d_a.jpg,58.03,Disgusted Faces_Perceived Age
068_m_m_d_b.jpg,57.12,Disgusted Faces_Perceived Age
070_m_m_d_a.jpg,46.7,Disgusted Faces_Perceived Age
070_m_m_d_b.jpg,47.26,Disgusted Faces_Perceived Age
077_m_m_d_a.jpg,53.91,Disgusted Faces_Perceived Age
077_m_m_d_b.jpg,52.87,Disgusted Faces_Perceived Age
082_m_m_d_a.jpg,51.52,Disgusted Faces_Perceived Age
082_m_m_d_b.jpg,54.24,Disgusted Faces_Perceived Age
087_m_m_d_a.jpg,46.05,Disgusted Faces_Perceived Age
087_m_m_d_b.jpg,46.67,Disgusted Faces_Perceived Age
092_m_m_d_a.jpg,60.06,Disgusted Faces_Perceived Age
092_m_m_d_b.jpg,61.16,Disgusted Faces_Perceived Age
094_m_m_d_a.jpg,52.54,Disgusted Faces_Perceived Age
094_m_m_d_b.jpg,53.48,Disgusted Faces_Perceived Age
104_m_m_d_a.jpg,49.18,Disgusted Faces_Perceived Age
104_m_m_d_b.jpg,47.76,Disgusted Faces_Perceived Age
108_m_m_d_a.jpg,53.86,Disgusted Faces_Perceived Age
108_m_m_d_b.jpg,53.58,Disgusted Faces_Perceived Age
116_m_m_d_a.jpg,49.31,Disgusted Faces_Perceived Age
116_m_m_d_b.jpg,48.4,Disgusted Faces_Perceived Age
126_m_m_d_a.jpg,47.21,Disgusted Faces_Perceived Age
126_m_m_d_b.jpg,49.56,Disgusted Faces_Perceived Age
136_m_m_d_a.jpg,56.73,Disgusted Faces_Perceived Age
136_m_m_d_b.jpg,57.99,Disgusted Faces_Perceived Age
142_m_m_d_a.jpg,59.66,Disgusted Faces_Perceived Age
142_m_m_d_b.jpg,62.89,Disgusted Faces_Perceived Age
149_m_m_d_a.jpg,48.67,Disgusted Faces_Perceived Age
149_m_m_d_b.jpg,50.62,Disgusted Faces_Perceived Age
155_m_m_d_a.jpg,38.97,Disgusted Faces_Perceived Age
155_m_m_d_b.jpg,39.72,Disgusted Faces_Perceived Age
159_m_m_d_a.jpg,53.74,Disgusted Faces_Perceived Age
159_m_m_d_b.jpg,52.36,Disgusted Faces_Perceived Age
165_m_m_d_a.jpg,46.65,Disgusted Faces_Perceived Age
165_m_m_d_b.jpg,48.63,Disgusted Faces_Perceived Age
169_m_m_d_a.jpg,55.71,Disgusted Faces_Perceived Age
169_m_m_d_b.jpg,56.49,Disgusted Faces_Perceived Age
178_m_m_d_a.jpg,52.0,Disgusted Faces_Perceived Age
178_m_m_d_b.jpg,51.67,Disgusted Faces_Perceived Age
179_m_m_d_a.jpg,47.29,Disgusted Faces_Perceived Age
179_m_m_d_b.jpg,46.88,Disgusted Faces_Perceived Age
005_o_f_d_a.jpg,64.13,Disgusted Faces_Perceived Age
005_o_f_d_b.jpg,67.58,Disgusted Faces_Perceived Age
012_o_f_d_a.jpg,57.85,Disgusted Faces_Perceived Age
012_o_f_d_b.jpg,61.97,Disgusted Faces_Perceived Age
021_o_f_d_a.jpg,68.66,Disgusted Faces_Perceived Age
021_o_f_d_b.jpg,69.95,Disgusted Faces_Perceived Age
024_o_f_d_a.jpg,64.36,Disgusted Faces_Perceived Age
024_o_f_d_b.jpg,65.93,Disgusted Faces_Perceived Age
030_o_f_d_a.jpg,64.75,Disgusted Faces_Perceived Age
030_o_f_d_b.jpg,65.34,Disgusted Faces_Perceived Age
036_o_f_d_a.jpg,63.75,Disgusted Faces_Perceived Age
036_o_f_d_b.jpg,64.54,Disgusted Faces_Perceived Age
044_o_f_d_a.jpg,69.22,Disgusted Faces_Perceived Age
044_o_f_d_b.jpg,69.7,Disgusted Faces_Perceived Age
047_o_f_d_a.jpg,69.12,Disgusted Faces_Perceived Age
047_o_f_d_b.jpg,68.8,Disgusted Faces_Perceived Age
055_o_f_d_a.jpg,59.95,Disgusted Faces_Perceived Age
055_o_f_d_b.jpg,62.32,Disgusted Faces_Perceived Age
060_o_f_d_a.jpg,63.14,Disgusted Faces_Perceived Age
060_o_f_d_b.jpg,64.99,Disgusted Faces_Perceived Age
067_o_f_d_a.jpg,68.25,Disgusted Faces_Perceived Age
067_o_f_d_b.jpg,68.88,Disgusted Faces_Perceived Age
075_o_f_d_a.jpg,68.85,Disgusted Faces_Perceived Age
075_o_f_d_b.jpg,70.58,Disgusted Faces_Perceived Age
079_o_f_d_a.jpg,70.84,Disgusted Faces_Perceived Age
079_o_f_d_b.jpg,73.83,Disgusted Faces_Perceived Age
086_o_f_d_a.jpg,63.28,Disgusted Faces_Perceived Age
086_o_f_d_b.jpg,64.41,Disgusted Faces_Perceived Age
088_o_f_d_a.jpg,78.47,Disgusted Faces_Perceived Age
088_o_f_d_b.jpg,79.45,Disgusted Faces_Perceived Age
096_o_f_d_a.jpg,70.35,Disgusted Faces_Perceived Age
096_o_f_d_b.jpg,72.83,Disgusted Faces_Perceived Age
100_o_f_d_a.jpg,67.4,Disgusted Faces_Perceived Age
100_o_f_d_b.jpg,67.27,Disgusted Faces_Perceived Age
110_o_f_d_a.jpg,65.31,Disgusted Faces_Perceived Age
110_o_f_d_b.jpg,67.25,Disgusted Faces_Perceived Age
112_o_f_d_a.jpg,79.03,Disgusted Faces_Perceived Age
112_o_f_d_b.jpg,79.81,Disgusted Faces_Perceived Age
120_o_f_d_a.jpg,65.36,Disgusted Faces_Perceived Age
120_o_f_d_b.jpg,67.39,Disgusted Faces_Perceived Age
124_o_f_d_a.jpg,70.55,Disgusted Faces_Perceived Age
124_o_f_d_b.jpg,71.67,Disgusted Faces_Perceived Age
130_o_f_d_a.jpg,66.91,Disgusted Faces_Perceived Age
130_o_f_d_b.jpg,70.43,Disgusted Faces_Perceived Age
133_o_f_d_a.jpg,62.72,Disgusted Faces_Perceived Age
133_o_f_d_b.jpg,65.06,Disgusted Faces_Perceived Age
143_o_f_d_a.jpg,69.6,Disgusted Faces_Perceived Age
143_o_f_d_b.jpg,71.12,Disgusted Faces_Perceived Age
148_o_f_d_a.jpg,63.25,Disgusted Faces_Perceived Age
148_o_f_d_b.jpg,65.82,Disgusted Faces_Perceived Age
154_o_f_d_a.jpg,72.95,Disgusted Faces_Perceived Age
154_o_f_d_b.jpg,75.15,Disgusted Faces_Perceived Age
158_o_f_d_a.jpg,67.84,Disgusted Faces_Perceived Age
158_o_f_d_b.jpg,68.25,Disgusted Faces_Perceived Age
164_o_f_d_a.jpg,70.31,Disgusted Faces_Perceived Age
164_o_f_d_b.jpg,72.51,Disgusted Faces_Perceived Age
174_o_f_d_a.jpg,59.64,Disgusted Faces_Perceived Age
174_o_f_d_b.jpg,64.4,Disgusted Faces_Perceived Age
004_o_m_d_a.jpg,71.56,Disgusted Faces_Perceived Age
004_o_m_d_b.jpg,72.76,Disgusted Faces_Perceived Age
015_o_m_d_a.jpg,71.68,Disgusted Faces_Perceived Age
015_o_m_d_b.jpg,72.82,Disgusted Faces_Perceived Age
018_o_m_d_a.jpg,66.26,Disgusted Faces_Perceived Age
018_o_m_d_b.jpg,68.92,Disgusted Faces_Perceived Age
027_o_m_d_a.jpg,71.56,Disgusted Faces_Perceived Age
027_o_m_d_b.jpg,71.89,Disgusted Faces_Perceived Age
033_o_m_d_a.jpg,56.59,Disgusted Faces_Perceived Age
033_o_m_d_b.jpg,62.45,Disgusted Faces_Perceived Age
039_o_m_d_a.jpg,72.23,Disgusted Faces_Perceived Age
039_o_m_d_b.jpg,73.61,Disgusted Faces_Perceived Age
042_o_m_d_a.jpg,72.78,Disgusted Faces_Perceived Age
042_o_m_d_b.jpg,73.23,Disgusted Faces_Perceived Age
046_o_m_d_a.jpg,68.4,Disgusted Faces_Perceived Age
046_o_m_d_b.jpg,71.4,Disgusted Faces_Perceived Age
053_o_m_d_a.jpg,65.63,Disgusted Faces_Perceived Age
053_o_m_d_b.jpg,69.02,Disgusted Faces_Perceived Age
059_o_m_d_a.jpg,72.4,Disgusted Faces_Perceived Age
059_o_m_d_b.jpg,75.27,Disgusted Faces_Perceived Age
065_o_m_d_a.jpg,69.38,Disgusted Faces_Perceived Age
065_o_m_d_b.jpg,71.47,Disgusted Faces_Perceived Age
074_o_m_d_a.jpg,69.98,Disgusted Faces_Perceived Age
074_o_m_d_b.jpg,66.78,Disgusted Faces_Perceived Age
076_o_m_d_a.jpg,68.83,Disgusted Faces_Perceived Age
076_o_m_d_b.jpg,72.23,Disgusted Faces_Perceived Age
083_o_m_d_a.jpg,68.45,Disgusted Faces_Perceived Age
083_o_m_d_b.jpg,70.65,Disgusted Faces_Perceived Age
091_o_m_d_a.jpg,73.25,Disgusted Faces_Perceived Age
091_o_m_d_b.jpg,73.94,Disgusted Faces_Perceived Age
102_o_m_d_a.jpg,70.51,Disgusted Faces_Perceived Age
102_o_m_d_b.jpg,72.59,Disgusted Faces_Perceived Age
107_o_m_d_a.jpg,69.55,Disgusted Faces_Perceived Age
107_o_m_d_b.jpg,73.42,Disgusted Faces_Perceived Age
118_o_m_d_a.jpg,69.83,Disgusted Faces_Perceived Age
118_o_m_d_b.jpg,71.69,Disgusted Faces_Perceived Age
121_o_m_d_a.jpg,66.72,Disgusted Faces_Perceived Age
121_o_m_d_b.jpg,69.15,Disgusted Faces_Perceived Age
131_o_m_d_a.jpg,68.67,Disgusted Faces_Perceived Age
131_o_m_d_b.jpg,70.79,Disgusted Faces_Perceived Age
137_o_m_d_a.jpg,67.5,Disgusted Faces_Perceived Age
137_o_m_d_b.jpg,69.49,Disgusted Faces_Perceived Age
141_o_m_d_a.jpg,63.35,Disgusted Faces_Perceived Age
141_o_m_d_b.jpg,66.28,Disgusted Faces_Perceived Age
146_o_m_d_a.jpg,66.6,Disgusted Faces_Perceived Age
146_o_m_d_b.jpg,68.21,Disgusted Faces_Perceived Age
151_o_m_d_a.jpg,69.0,Disgusted Faces_Perceived Age
151_o_m_d_b.jpg,70.06,Disgusted Faces_Perceived Age
161_o_m_d_a.jpg,74.47,Disgusted Faces_Perceived Age
161_o_m_d_b.jpg,77.09,Disgusted Faces_Perceived Age
166_o_m_d_a.jpg,69.3,Disgusted Faces_Perceived Age
166_o_m_d_b.jpg,70.76,Disgusted Faces_Perceived Age
172_o_m_d_a.jpg,71.62,Disgusted Faces_Perceived Age
172_o_m_d_b.jpg,71.05,Disgusted Faces_Perceived Age
176_o_m_d_a.jpg,59.21,Disgusted Faces_Perceived Age
176_o_m_d_b.jpg,63.79,Disgusted Faces_Perceived Age
010_y_f_n_a.jpg,32.5,Neutral Faces_Perceived Age
010_y_f_n_b.jpg,33.37,Neutral Faces_Perceived Age
020_y_f_n_a.jpg,23.55,Neutral Faces_Perceived Age
020_y_f_n_b.jpg,23.12,Neutral Faces_Perceived Age
022_y_f_n_a.jpg,23.14,Neutral Faces_Perceived Age
022_y_f_n_b.jpg,24.12,Neutral Faces_Perceived Age
028_y_f_n_a.jpg,26.56,Neutral Faces_Perceived Age
028_y_f_n_b.jpg,27.27,Neutral Faces_Perceived Age
034_y_f_n_a.jpg,26.97,Neutral Faces_Perceived Age
034_y_f_n_b.jpg,27.58,Neutral Faces_Perceived Age
040_y_f_n_a.jpg,23.97,Neutral Faces_Perceived Age
040_y_f_n_b.jpg,23.9,Neutral Faces_Perceived Age
048_y_f_n_a.jpg,25.67,Neutral Faces_Perceived Age
048_y_f_n_b.jpg,26.03,Neutral Faces_Perceived Age
054_y_f_n_a.jpg,24.52,Neutral Faces_Perceived Age
054_y_f_n_b.jpg,24.85,Neutral Faces_Perceived Age
063_y_f_n_a.jpg,27.51,Neutral Faces_Perceived Age
063_y_f_n_b.jpg,29.63,Neutral Faces_Perceived Age
069_y_f_n_a.jpg,25.63,Neutral Faces_Perceived Age
069_y_f_n_b.jpg,25.56,Neutral Faces_Perceived Age
071_y_f_n_a.jpg,23.58,Neutral Faces_Perceived Age
071_y_f_n_b.jpg,23.38,Neutral Faces_Perceived Age
085_y_f_n_a.jpg,30.61,Neutral Faces_Perceived Age
085_y_f_n_b.jpg,31.51,Neutral Faces_Perceived Age
090_y_f_n_a.jpg,24.98,Neutral Faces_Perceived Age
090_y_f_n_b.jpg,24.3,Neutral Faces_Perceived Age
098_y_f_n_a.jpg,25.66,Neutral Faces_Perceived Age
098_y_f_n_b.jpg,26.39,Neutral Faces_Perceived Age
101_y_f_n_a.jpg,28.35,Neutral Faces_Perceived Age
101_y_f_n_b.jpg,28.06,Neutral Faces_Perceived Age
106_y_f_n_a.jpg,24.67,Neutral Faces_Perceived Age
106_y_f_n_b.jpg,24.12,Neutral Faces_Perceived Age
115_y_f_n_a.jpg,27.28,Neutral Faces_Perceived Age
115_y_f_n_b.jpg,25.92,Neutral Faces_Perceived Age
125_y_f_n_a.jpg,25.68,Neutral Faces_Perceived Age
125_y_f_n_b.jpg,25.85,Neutral Faces_Perceived Age
132_y_f_n_a.jpg,26.92,Neutral Faces_Perceived Age
132_y_f_n_b.jpg,26.82,Neutral Faces_Perceived Age
134_y_f_n_a.jpg,26.74,Neutral Faces_Perceived Age
134_y_f_n_b.jpg,26.91,Neutral Faces_Perceived Age
140_y_f_n_a.jpg,24.82,Neutral Faces_Perceived Age
140_y_f_n_b.jpg,25.15,Neutral Faces_Perceived Age
150_y_f_n_a.jpg,23.8,Neutral Faces_Perceived Age
150_y_f_n_b.jpg,22.59,Neutral Faces_Perceived Age
152_y_f_n_a.jpg,22.51,Neutral Faces_Perceived Age
152_y_f_n_b.jpg,22.41,Neutral Faces_Perceived Age
162_y_f_n_a.jpg,26.7,Neutral Faces_Perceived Age
162_y_f_n_b.jpg,26.27,Neutral Faces_Perceived Age
163_y_f_n_a.jpg,32.72,Neutral Faces_Perceived Age
163_y_f_n_b.jpg,31.39,Neutral Faces_Perceived Age
171_y_f_n_a.jpg,27.89,Neutral Faces_Perceived Age
171_y_f_n_b.jpg,28.21,Neutral Faces_Perceived Age
173_y_f_n_a.jpg,25.42,Neutral Faces_Perceived Age
173_y_f_n_b.jpg,26.06,Neutral Faces_Perceived Age
177_y_f_n_a.jpg,25.34,Neutral Faces_Perceived Age
177_y_f_n_b.jpg,25.73,Neutral Faces_Perceived Age
182_y_f_n_a.jpg,26.26,Neutral Faces_Perceived Age
182_y_f_n_b.jpg,25.48,Neutral Faces_Perceived Age
008_y_m_n_a.jpg,27.98,Neutral Faces_Perceived Age
008_y_m_n_b.jpg,29.06,Neutral Faces_Perceived Age
013_y_m_n_a.jpg,27.11,Neutral Faces_Perceived Age
013_y_m_n_b.jpg,26.7,Neutral Faces_Perceived Age
016_y_m_n_a.jpg,21.95,Neutral Faces_Perceived Age
016_y_m_n_b.jpg,22.82,Neutral Faces_Perceived Age
025_y_m_n_a.jpg,31.73,Neutral Faces_Perceived Age
025_y_m_n_b.jpg,31.97,Neutral Faces_Perceived Age
031_y_m_n_a.jpg,23.16,Neutral Faces_Perceived Age
031_y_m_n_b.jpg,24.36,Neutral Faces_Perceived Age
037_y_m_n_a.jpg,23.84,Neutral Faces_Perceived Age
037_y_m_n_b.jpg,24.4,Neutral Faces_Perceived Age
041_y_m_n_a.jpg,32.15,Neutral Faces_Perceived Age
041_y_m_n_b.jpg,32.05,Neutral Faces_Perceived Age
049_y_m_n_a.jpg,28.52,Neutral Faces_Perceived Age
049_y_m_n_b.jpg,29.36,Neutral Faces_Perceived Age
057_y_m_n_a.jpg,26.56,Neutral Faces_Perceived Age
057_y_m_n_b.jpg,25.34,Neutral Faces_Perceived Age
062_y_m_n_a.jpg,32.67,Neutral Faces_Perceived Age
062_y_m_n_b.jpg,33.85,Neutral Faces_Perceived Age
066_y_m_n_a.jpg,23.86,Neutral Faces_Perceived Age
066_y_m_n_b.jpg,24.05,Neutral Faces_Perceived Age
072_y_m_n_a.jpg,25.82,Neutral Faces_Perceived Age
072_y_m_n_b.jpg,27.21,Neutral Faces_Perceived Age
081_y_m_n_a.jpg,30.55,Neutral Faces_Perceived Age
081_y_m_n_b.jpg,32.58,Neutral Faces_Perceived Age
089_y_m_n_a.jpg,27.45,Neutral Faces_Perceived Age
089_y_m_n_b.jpg,27.12,Neutral Faces_Perceived Age
099_y_m_n_a.jpg,27.14,Neutral Faces_Perceived Age
099_y_m_n_b.jpg,27.8,Neutral Faces_Perceived Age
105_y_m_n_a.jpg,26.38,Neutral Faces_Perceived Age
105_y_m_n_b.jpg,26.92,Neutral Faces_Perceived Age
109_y_m_n_a.jpg,25.24,Neutral Faces_Perceived Age
109_y_m_n_b.jpg,25.3,Neutral Faces_Perceived Age
114_y_m_n_a.jpg,32.11,Neutral Faces_Perceived Age
114_y_m_n_b.jpg,33.88,Neutral Faces_Perceived Age
119_y_m_n_a.jpg,21.92,Neutral Faces_Perceived Age
119_y_m_n_b.jpg,22.32,Neutral Faces_Perceived Age
123_y_m_n_a.jpg,20.97,Neutral Faces_Perceived Age
123_y_m_n_b.jpg,22.26,Neutral Faces_Perceived Age
127_y_m_n_a.jpg,33.21,Neutral Faces_Perceived Age
127_y_m_n_b.jpg,32.21,Neutral Faces_Perceived Age
135_y_m_n_a.jpg,31.42,Neutral Faces_Perceived Age
135_y_m_n_b.jpg,32.76,Neutral Faces_Perceived Age
144_y_m_n_a.jpg,25.37,Neutral Faces_Perceived Age
144_y_m_n_b.jpg,24.98,Neutral Faces_Perceived Age
147_y_m_n_a.jpg,21.25,Neutral Faces_Perceived Age
147_y_m_n_b.jpg,21.55,Neutral Faces_Perceived Age
153_y_m_n_a.jpg,26.8,Neutral Faces_Perceived Age
153_y_m_n_b.jpg,27.71,Neutral Faces_Perceived Age
160_y_m_n_a.jpg,34.11,Neutral Faces_Perceived Age
160_y_m_n_b.jpg,35.29,Neutral Faces_Perceived Age
167_y_m_n_a.jpg,27.78,Neutral Faces_Perceived Age
167_y_m_n_b.jpg,28.25,Neutral Faces_Perceived Age
170_y_m_n_a.jpg,29.51,Neutral Faces_Perceived Age
170_y_m_n_b.jpg,29.97,Neutral Faces_Perceived Age
175_y_m_n_a.jpg,27.95,Neutral Faces_Perceived Age
175_y_m_n_b.jpg,29.73,Neutral Faces_Perceived Age
006_m_f_n_a.jpg,38.89,Neutral Faces_Perceived Age
006_m_f_n_b.jpg,40.11,Neutral Faces_Perceived Age
011_m_f_n_a.jpg,45.23,Neutral Faces_Perceived Age
011_m_f_n_b.jpg,47.05,Neutral Faces_Perceived Age
019_m_f_n_a.jpg,50.7,Neutral Faces_Perceived Age
019_m_f_n_b.jpg,52.33,Neutral Faces_Perceived Age
029_m_f_n_a.jpg,43.2,Neutral Faces_Perceived Age
029_m_f_n_b.jpg,44.07,Neutral Faces_Perceived Age
035_m_f_n_a.jpg,49.37,Neutral Faces_Perceived Age
035_m_f_n_b.jpg,51.09,Neutral Faces_Perceived Age
043_m_f_n_a.jpg,47.65,Neutral Faces_Perceived Age
043_m_f_n_b.jpg,48.15,Neutral Faces_Perceived Age
050_m_f_n_a.jpg,48.44,Neutral Faces_Perceived Age
050_m_f_n_b.jpg,51.03,Neutral Faces_Perceived Age
052_m_f_n_a.jpg,47.88,Neutral Faces_Perceived Age
052_m_f_n_b.jpg,48.81,Neutral Faces_Perceived Age
061_m_f_n_a.jpg,39.2,Neutral Faces_Perceived Age
061_m_f_n_b.jpg,39.38,Neutral Faces_Perceived Age
064_m_f_n_a.jpg,50.43,Neutral Faces_Perceived Age
064_m_f_n_b.jpg,52.36,Neutral Faces_Perceived Age
073_m_f_n_a.jpg,53.26,Neutral Faces_Perceived Age
073_m_f_n_b.jpg,51.69,Neutral Faces_Perceived Age
080_m_f_n_a.jpg,49.45,Neutral Faces_Perceived Age
080_m_f_n_b.jpg,47.68,Neutral Faces_Perceived Age
084_m_f_n_a.jpg,49.19,Neutral Faces_Perceived Age
084_m_f_n_b.jpg,51.49,Neutral Faces_Perceived Age
093_m_f_n_a.jpg,44.77,Neutral Faces_Perceived Age
093_m_f_n_b.jpg,47.05,Neutral Faces_Perceived Age
097_m_f_n_a.jpg,50.27,Neutral Faces_Perceived Age
097_m_f_n_b.jpg,51.99,Neutral Faces_Perceived Age
103_m_f_n_a.jpg,45.96,Neutral Faces_Perceived Age
103_m_f_n_b.jpg,49.04,Neutral Faces_Perceived Age
111_m_f_n_a.jpg,52.53,Neutral Faces_Perceived Age
111_m_f_n_b.jpg,53.41,Neutral Faces_Perceived Age
113_m_f_n_a.jpg,54.38,Neutral Faces_Perceived Age
113_m_f_n_b.jpg,54.69,Neutral Faces_Perceived Age
117_m_f_n_a.jpg,43.23,Neutral Faces_Perceived Age
117_m_f_n_b.jpg,44.72,Neutral Faces_Perceived Age
122_m_f_n_a.jpg,44.8,Neutral Faces_Perceived Age
122_m_f_n_b.jpg,44.89,Neutral Faces_Perceived Age
128_m_f_n_a.jpg,48.18,Neutral Faces_Perceived Age
128_m_f_n_b.jpg,49.39,Neutral Faces_Perceived Age
138_m_f_n_a.jpg,44.52,Neutral Faces_Perceived Age
138_m_f_n_b.jpg,47.46,Neutral Faces_Perceived Age
139_m_f_n_a.jpg,41.12,Neutral Faces_Perceived Age
139_m_f_n_b.jpg,42.45,Neutral Faces_Perceived Age
156_m_f_n_a.jpg,36.94,Neutral Faces_Perceived Age
156_m_f_n_b.jpg,37.31,Neutral Faces_Perceived Age
157_m_f_n_a.jpg,49.66,Neutral Faces_Perceived Age
157_m_f_n_b.jpg,52.39,Neutral Faces_Perceived Age
168_m_f_n_a.jpg,46.74,Neutral Faces_Perceived Age
168_m_f_n_b.jpg,48.31,Neutral Faces_Perceived Age
180_m_f_n_a.jpg,55.3,Neutral Faces_Perceived Age
180_m_f_n_b.jpg,55.49,Neutral Faces_Perceived Age
007_m_m_n_a.jpg,55.68,Neutral Faces_Perceived Age
007_m_m_n_b.jpg,55.29,Neutral Faces_Perceived Age
014_m_m_n_a.jpg,45.66,Neutral Faces_Perceived Age
014_m_m_n_b.jpg,47.53,Neutral Faces_Perceived Age
026_m_m_n_a.jpg,54.65,Neutral Faces_Perceived Age
026_m_m_n_b.jpg,54.74,Neutral Faces_Perceived Age
032_m_m_n_a.jpg,44.12,Neutral Faces_Perceived Age
032_m_m_n_b.jpg,45.58,Neutral Faces_Perceived Age
038_m_m_n_a.jpg,43.49,Neutral Faces_Perceived Age
038_m_m_n_b.jpg,43.69,Neutral Faces_Perceived Age
045_m_m_n_a.jpg,44.81,Neutral Faces_Perceived Age
045_m_m_n_b.jpg,45.51,Neutral Faces_Perceived Age
051_m_m_n_a.jpg,46.32,Neutral Faces_Perceived Age
051_m_m_n_b.jpg,49.0,Neutral Faces_Perceived Age
056_m_m_n_a.jpg,52.26,Neutral Faces_Perceived Age
056_m_m_n_b.jpg,54.25,Neutral Faces_Perceived Age
058_m_m_n_a.jpg,48.59,Neutral Faces_Perceived Age
058_m_m_n_b.jpg,50.46,Neutral Faces_Perceived Age
068_m_m_n_a.jpg,52.71,Neutral Faces_Perceived Age
068_m_m_n_b.jpg,51.72,Neutral Faces_Perceived Age
070_m_m_n_a.jpg,43.59,Neutral Faces_Perceived Age
070_m_m_n_b.jpg,42.99,Neutral Faces_Perceived Age
077_m_m_n_a.jpg,52.82,Neutral Faces_Perceived Age
077_m_m_n_b.jpg,52.7,Neutral Faces_Perceived Age
082_m_m_n_a.jpg,52.7,Neutral Faces_Perceived Age
082_m_m_n_b.jpg,53.44,Neutral Faces_Perceived Age
087_m_m_n_a.jpg,37.89,Neutral Faces_Perceived Age
087_m_m_n_b.jpg,38.0,Neutral Faces_Perceived Age
092_m_m_n_a.jpg,57.98,Neutral Faces_Perceived Age
092_m_m_n_b.jpg,60.42,Neutral Faces_Perceived Age
094_m_m_n_a.jpg,48.67,Neutral Faces_Perceived Age
094_m_m_n_b.jpg,49.94,Neutral Faces_Perceived Age
104_m_m_n_a.jpg,46.23,Neutral Faces_Perceived Age
104_m_m_n_b.jpg,47.32,Neutral Faces_Perceived Age
108_m_m_n_a.jpg,49.82,Neutral Faces_Perceived Age
108_m_m_n_b.jpg,49.97,Neutral Faces_Perceived Age
116_m_m_n_a.jpg,46.48,Neutral Faces_Perceived Age
116_m_m_n_b.jpg,46.6,Neutral Faces_Perceived Age
126_m_m_n_a.jpg,45.37,Neutral Faces_Perceived Age
126_m_m_n_b.jpg,45.55,Neutral Faces_Perceived Age
136_m_m_n_a.jpg,52.21,Neutral Faces_Perceived Age
136_m_m_n_b.jpg,52.21,Neutral Faces_Perceived Age
142_m_m_n_a.jpg,56.1,Neutral Faces_Perceived Age
142_m_m_n_b.jpg,58.32,Neutral Faces_Perceived Age
149_m_m_n_a.jpg,48.84,Neutral Faces_Perceived Age
149_m_m_n_b.jpg,49.69,Neutral Faces_Perceived Age
155_m_m_n_a.jpg,36.06,Neutral Faces_Perceived Age
155_m_m_n_b.jpg,37.58,Neutral Faces_Perceived Age
159_m_m_n_a.jpg,49.32,Neutral Faces_Perceived Age
159_m_m_n_b.jpg,50.68,Neutral Faces_Perceived Age
165_m_m_n_a.jpg,48.17,Neutral Faces_Perceived Age
165_m_m_n_b.jpg,49.46,Neutral Faces_Perceived Age
169_m_m_n_a.jpg,50.56,Neutral Faces_Perceived Age
169_m_m_n_b.jpg,51.24,Neutral Faces_Perceived Age
178_m_m_n_a.jpg,46.47,Neutral Faces_Perceived Age
178_m_m_n_b.jpg,47.91,Neutral Faces_Perceived Age
179_m_m_n_a.jpg,44.22,Neutral Faces_Perceived Age
179_m_m_n_b.jpg,43.27,Neutral Faces_Perceived Age
005_o_f_n_a.jpg,63.18,Neutral Faces_Perceived Age
005_o_f_n_b.jpg,65.92,Neutral Faces_Perceived Age
012_o_f_n_a.jpg,61.36,Neutral Faces_Perceived Age
012_o_f_n_b.jpg,65.58,Neutral Faces_Perceived Age
021_o_f_n_a.jpg,69.13,Neutral Faces_Perceived Age
021_o_f_n_b.jpg,70.23,Neutral Faces_Perceived Age
024_o_f_n_a.jpg,62.91,Neutral Faces_Perceived Age
024_o_f_n_b.jpg,63.89,Neutral Faces_Perceived Age
030_o_f_n_a.jpg,64.34,Neutral Faces_Perceived Age
030_o_f_n_b.jpg,66.6,Neutral Faces_Perceived Age
036_o_f_n_a.jpg,64.86,Neutral Faces_Perceived Age
036_o_f_n_b.jpg,65.94,Neutral Faces_Perceived Age
044_o_f_n_a.jpg,67.63,Neutral Faces_Perceived Age
044_o_f_n_b.jpg,68.3,Neutral Faces_Perceived Age
047_o_f_n_a.jpg,64.41,Neutral Faces_Perceived Age
047_o_f_n_b.jpg,66.82,Neutral Faces_Perceived Age
055_o_f_n_a.jpg,61.44,Neutral Faces_Perceived Age
055_o_f_n_b.jpg,63.62,Neutral Faces_Perceived Age
060_o_f_n_a.jpg,63.02,Neutral Faces_Perceived Age
060_o_f_n_b.jpg,66.69,Neutral Faces_Perceived Age
067_o_f_n_a.jpg,68.86,Neutral Faces_Perceived Age
067_o_f_n_b.jpg,70.44,Neutral Faces_Perceived Age
075_o_f_n_a.jpg,68.24,Neutral Faces_Perceived Age
075_o_f_n_b.jpg,71.37,Neutral Faces_Perceived Age
079_o_f_n_a.jpg,70.86,Neutral Faces_Perceived Age
079_o_f_n_b.jpg,73.0,Neutral Faces_Perceived Age
086_o_f_n_a.jpg,68.43,Neutral Faces_Perceived Age
086_o_f_n_b.jpg,69.16,Neutral Faces_Perceived Age
088_o_f_n_a.jpg,77.25,Neutral Faces_Perceived Age
088_o_f_n_b.jpg,78.0,Neutral Faces_Perceived Age
096_o_f_n_a.jpg,70.12,Neutral Faces_Perceived Age
096_o_f_n_b.jpg,70.52,Neutral Faces_Perceived Age
100_o_f_n_a.jpg,64.62,Neutral Faces_Perceived Age
100_o_f_n_b.jpg,67.23,Neutral Faces_Perceived Age
110_o_f_n_a.jpg,67.83,Neutral Faces_Perceived Age
110_o_f_n_b.jpg,69.87,Neutral Faces_Perceived Age
112_o_f_n_a.jpg,79.92,Neutral Faces_Perceived Age
112_o_f_n_b.jpg,80.49,Neutral Faces_Perceived Age
120_o_f_n_a.jpg,67.49,Neutral Faces_Perceived Age
120_o_f_n_b.jpg,69.33,Neutral Faces_Perceived Age
124_o_f_n_a.jpg,69.91,Neutral Faces_Perceived Age
124_o_f_n_b.jpg,73.15,Neutral Faces_Perceived Age
130_o_f_n_a.jpg,68.0,Neutral Faces_Perceived Age
130_o_f_n_b.jpg,68.97,Neutral Faces_Perceived Age
133_o_f_n_a.jpg,64.58,Neutral Faces_Perceived Age
133_o_f_n_b.jpg,65.22,Neutral Faces_Perceived Age
143_o_f_n_a.jpg,69.38,Neutral Faces_Perceived Age
143_o_f_n_b.jpg,70.12,Neutral Faces_Perceived Age
148_o_f_n_a.jpg,64.25,Neutral Faces_Perceived Age
148_o_f_n_b.jpg,66.0,Neutral Faces_Perceived Age
154_o_f_n_a.jpg,72.69,Neutral Faces_Perceived Age
154_o_f_n_b.jpg,75.88,Neutral Faces_Perceived Age
158_o_f_n_a.jpg,64.09,Neutral Faces_Perceived Age
158_o_f_n_b.jpg,65.94,Neutral Faces_Perceived Age
164_o_f_n_a.jpg,70.72,Neutral Faces_Perceived Age
164_o_f_n_b.jpg,71.21,Neutral Faces_Perceived Age
174_o_f_n_a.jpg,60.86,Neutral Faces_Perceived Age
174_o_f_n_b.jpg,63.69,Neutral Faces_Perceived Age
004_o_m_n_a.jpg,71.11,Neutral Faces_Perceived Age
004_o_m_n_b.jpg,73.48,Neutral Faces_Perceived Age
015_o_m_n_a.jpg,69.37,Neutral Faces_Perceived Age
015_o_m_n_b.jpg,70.32,Neutral Faces_Perceived Age
018_o_m_n_a.jpg,65.88,Neutral Faces_Perceived Age
018_o_m_n_b.jpg,67.93,Neutral Faces_Perceived Age
027_o_m_n_a.jpg,68.37,Neutral Faces_Perceived Age
027_o_m_n_b.jpg,70.07,Neutral Faces_Perceived Age
033_o_m_n_a.jpg,61.89,Neutral Faces_Perceived Age
033_o_m_n_b.jpg,62.28,Neutral Faces_Perceived Age
039_o_m_n_a.jpg,71.82,Neutral Faces_Perceived Age
039_o_m_n_b.jpg,74.17,Neutral Faces_Perceived Age
042_o_m_n_a.jpg,71.52,Neutral Faces_Perceived Age
042_o_m_n_b.jpg,74.3,Neutral Faces_Perceived Age
046_o_m_n_a.jpg,67.7,Neutral Faces_Perceived Age
046_o_m_n_b.jpg,70.81,Neutral Faces_Perceived Age
053_o_m_n_a.jpg,66.83,Neutral Faces_Perceived Age
053_o_m_n_b.jpg,68.48,Neutral Faces_Perceived Age
059_o_m_n_a.jpg,71.97,Neutral Faces_Perceived Age
059_o_m_n_b.jpg,74.24,Neutral Faces_Perceived Age
065_o_m_n_a.jpg,70.9,Neutral Faces_Perceived Age
065_o_m_n_b.jpg,70.64,Neutral Faces_Perceived Age
074_o_m_n_a.jpg,65.86,Neutral Faces_Perceived Age
074_o_m_n_b.jpg,69.49,Neutral Faces_Perceived Age
076_o_m_n_a.jpg,68.29,Neutral Faces_Perceived Age
076_o_m_n_b.jpg,69.71,Neutral Faces_Perceived Age
083_o_m_n_a.jpg,67.82,Neutral Faces_Perceived Age
083_o_m_n_b.jpg,69.87,Neutral Faces_Perceived Age
091_o_m_n_a.jpg,71.48,Neutral Faces_Perceived Age
091_o_m_n_b.jpg,73.19,Neutral Faces_Perceived Age
102_o_m_n_a.jpg,66.05,Neutral Faces_Perceived Age
102_o_m_n_b.jpg,69.09,Neutral Faces_Perceived Age
107_o_m_n_a.jpg,69.14,Neutral Faces_Perceived Age
107_o_m_n_b.jpg,71.99,Neutral Faces_Perceived Age
118_o_m_n_a.jpg,68.31,Neutral Faces_Perceived Age
118_o_m_n_b.jpg,68.91,Neutral Faces_Perceived Age
121_o_m_n_a.jpg,68.46,Neutral Faces_Perceived Age
121_o_m_n_b.jpg,70.28,Neutral Faces_Perceived Age
131_o_m_n_a.jpg,67.42,Neutral Faces_Perceived Age
131_o_m_n_b.jpg,69.35,Neutral Faces_Perceived Age
137_o_m_n_a.jpg,64.2,Neutral Faces_Perceived Age
137_o_m_n_b.jpg,65.89,Neutral Faces_Perceived Age
141_o_m_n_a.jpg,64.64,Neutral Faces_Perceived Age
141_o_m_n_b.jpg,66.98,Neutral Faces_Perceived Age
146_o_m_n_a.jpg,66.82,Neutral Faces_Perceived Age
146_o_m_n_b.jpg,69.71,Neutral Faces_Perceived Age
151_o_m_n_a.jpg,67.75,Neutral Faces_Perceived Age
151_o_m_n_b.jpg,69.69,Neutral Faces_Perceived Age
161_o_m_n_a.jpg,74.17,Neutral Faces_Perceived Age
161_o_m_n_b.jpg,75.3,Neutral Faces_Perceived Age
166_o_m_n_a.jpg,66.61,Neutral Faces_Perceived Age
166_o_m_n_b.jpg,67.4,Neutral Faces_Perceived Age
172_o_m_n_a.jpg,71.43,Neutral Faces_Perceived Age
172_o_m_n_b.jpg,71.37,Neutral Faces_Perceived Age
176_o_m_n_a.jpg,59.03,Neutral Faces_Perceived Age
176_o_m_n_b.jpg,61.03,Neutral Faces_Perceived Age
