face_name_align,race,race4,gender,age,race_scores_fair,race_scores_fair_4,gender_scores_fair,age_scores_fair,attractiveness,race_final,age_final
/scratch/project_462000771/mengting/projects/bias/hunyuan/prompt2/selected_faces/detected_fearful/fearful_person_0000_face0.png,Latino_Hispanic,Indian,Male,20-29,"[0.09770254 0.04107527 0.56279385 0.0193807  0.08932714 0.17868888
 0.01103154]",[0.16560361 0.07186164 0.3548362  0.40769863],[9.9999487e-01 5.1166367e-06],"[2.9856665e-07 7.8975264e-04 2.0534402e-01 7.7626431e-01 1.7406257e-02
 1.9371533e-04 1.4579855e-06 1.4909459e-07 7.1297275e-09]",1,Others,20-39
/scratch/project_462000771/mengting/projects/bias/hunyuan/prompt2/selected_faces/detected_fearful/fearful_person_0001_face0.png,Latino_Hispanic,White,Male,20-29,"[0.17982301 0.01819174 0.41045782 0.00197807 0.00537996 0.3596298
 0.02453952]",[0.654984   0.00206395 0.05367403 0.28927803],[0.98018587 0.01981414],"[2.3660950e-06 8.6013915e-04 4.7593292e-02 7.7935380e-01 1.6619448e-01
 5.9004277e-03 8.9941452e-05 5.2043993e-06 4.1084232e-07]",1,Others,20-39
/scratch/project_462000771/mengting/projects/bias/hunyuan/prompt2/selected_faces/detected_fearful/fearful_person_0002_face0.png,East Asian,Asian,Female,20-29,"[0.05672315 0.0341177  0.1994413  0.3714472  0.2663196  0.067817
 0.00413406]",[0.03740557 0.00698822 0.9015437  0.05406252],[0.0166651 0.9833349],"[2.7197818e-06 1.3858702e-03 5.3091850e-02 7.4006021e-01 1.9598195e-01
 9.2051849e-03 2.5371969e-04 1.7034989e-05 1.4817660e-06]",1,Asian,20-39
/scratch/project_462000771/mengting/projects/bias/hunyuan/prompt2/selected_faces/detected_fearful/fearful_person_0003_face0.png,Southeast Asian,Asian,Male,20-29,"[0.02365519 0.00581652 0.03757828 0.4228595  0.49785367 0.01109421
 0.00114258]",[8.4325587e-03 2.4741382e-04 9.8740906e-01 3.9109960e-03],[9.9970585e-01 2.9415483e-04],"[1.7979958e-07 1.1152613e-05 5.8710808e-03 4.8312718e-01 4.5469517e-01
 5.3452067e-02 2.7024618e-03 1.3334471e-04 7.4037416e-06]",0,Asian,20-39
/scratch/project_462000771/mengting/projects/bias/hunyuan/prompt2/selected_faces/detected_fearful/fearful_person_0004_face0.png,Indian,Indian,Male,20-29,"[0.02121134 0.03681335 0.35737935 0.00207275 0.01177226 0.48885736
 0.08189361]",[0.01032491 0.00432914 0.02374295 0.96160305],[9.9996334e-01 3.6638667e-05],"[2.0872440e-06 3.2180356e-04 4.4258319e-02 5.8562315e-01 3.1706101e-01
 5.0079409e-02 2.4718302e-03 1.7397988e-04 8.3593641e-06]",0,Others,20-39
/scratch/project_462000771/mengting/projects/bias/hunyuan/prompt2/selected_faces/detected_fearful/fearful_person_0005_face0.png,Middle Eastern,White,Male,30-39,"[0.28885862 0.0050842  0.311122   0.00101618 0.00299431 0.05213103
 0.33879364]",[0.8969335  0.00332931 0.04963882 0.0500985 ],[9.999995e-01 4.883450e-07],"[1.5266949e-07 8.2912557e-06 9.3342573e-04 3.4783196e-01 6.1525047e-01
 3.5771459e-02 2.0104164e-04 3.1423961e-06 4.5408679e-08]",0,Others,20-39
/scratch/project_462000771/mengting/projects/bias/hunyuan/prompt2/selected_faces/detected_fearful/fearful_person_0006_face0.png,East Asian,Asian,Male,30-39,"[4.4224625e-03 3.1114131e-04 9.6439868e-03 5.7681143e-01 4.0738264e-01
 1.1796921e-03 2.4860891e-04]",[7.6723527e-03 2.6256981e-04 9.9105072e-01 1.0143365e-03],[9.9987811e-01 1.2188515e-04],"[2.0934438e-07 2.6281998e-05 5.6958604e-03 2.5471056e-01 4.4978967e-01
 2.6191336e-01 2.6176827e-02 1.6476368e-03 3.9586448e-05]",0,Asian,20-39
/scratch/project_462000771/mengting/projects/bias/hunyuan/prompt2/selected_faces/detected_fearful/fearful_person_0007_face0.png,White,White,Male,20-29,"[7.7345067e-01 3.9238869e-03 9.0561368e-02 3.1081709e-04 6.8889227e-04
 5.8677118e-02 7.2387300e-02]",[0.9188916  0.00614655 0.00168019 0.07328165],[9.999414e-01 5.856135e-05],"[9.2631609e-08 7.2342550e-06 2.2071663e-03 5.7314974e-01 4.0948534e-01
 1.4988840e-02 1.5746981e-04 3.9499810e-06 1.2950038e-07]",1,White,20-39
/scratch/project_462000771/mengting/projects/bias/hunyuan/prompt2/selected_faces/detected_fearful/fearful_person_0008_face0.png,Indian,Indian,Female,20-29,"[0.0538     0.06780577 0.23529887 0.07681736 0.233671   0.3195135
 0.01309352]",[0.13215518 0.02123426 0.09557834 0.75103223],[0.10463307 0.8953669 ],"[1.08058282e-06 9.58263583e-04 9.44602787e-02 7.76399314e-01
 1.23492114e-01 4.53454209e-03 1.29500084e-04 2.06058266e-05
 4.27704572e-06]",1,Others,20-39
/scratch/project_462000771/mengting/projects/bias/hunyuan/prompt2/selected_faces/detected_fearful/fearful_person_0009_face0.png,Latino_Hispanic,Asian,Female,20-29,"[0.02673464 0.00901962 0.27141646 0.253299   0.2649514  0.17112552
 0.0034534 ]",[0.25339317 0.00299402 0.56249344 0.18111938],[0.07039329 0.9296067 ],"[2.9338151e-05 9.7670540e-02 3.3632183e-01 5.3820872e-01 2.7270393e-02
 4.9495086e-04 3.8766916e-06 3.4344728e-07 2.2130017e-08]",0,Others,20-39
/scratch/project_462000771/mengting/projects/bias/hunyuan/prompt2/selected_faces/detected_fearful/fearful_person_0010_face0.png,East Asian,Asian,Female,20-29,"[1.1671889e-02 1.7471069e-04 5.5082522e-02 7.4513024e-01 1.6687526e-01
 1.9056816e-02 2.0085829e-03]",[0.04939038 0.00159531 0.4928567  0.4561576 ],[0.0200361 0.9799639],"[1.9465520e-05 3.8782064e-02 2.9455963e-01 6.3238978e-01 3.3424165e-02
 7.9743803e-04 2.2635755e-05 4.3287905e-06 4.7296245e-07]",1,Asian,20-39
/scratch/project_462000771/mengting/projects/bias/hunyuan/prompt2/selected_faces/detected_fearful/fearful_person_0011_face0.png,Latino_Hispanic,White,Female,20-29,"[0.09557007 0.00212993 0.35733342 0.26585189 0.19341186 0.06914342
 0.01655937]",[6.1101782e-01 4.0087762e-04 3.6901581e-01 1.9565422e-02],[0.01033479 0.9896652 ],"[2.11699245e-08 5.03802812e-06 1.00858761e-02 6.06071889e-01
 3.73275071e-01 1.04501080e-02 1.08516266e-04 3.42196677e-06
 4.62625707e-08]",0,Others,20-39
/scratch/project_462000771/mengting/projects/bias/hunyuan/prompt2/selected_faces/detected_fearful/fearful_person_0012_face0.png,Southeast Asian,Asian,Female,20-29,"[0.00476486 0.00114913 0.10326654 0.4014911  0.4168187  0.07208446
 0.00042517]",[0.00882876 0.00103006 0.62971854 0.36042258],[0.05476247 0.9452375 ],"[2.6822465e-07 3.4972257e-04 9.6502624e-02 8.2497972e-01 7.6412186e-02
 1.7352912e-03 1.9121600e-05 1.0563485e-06 4.6341640e-08]",0,Asian,20-39
/scratch/project_462000771/mengting/projects/bias/hunyuan/prompt2/selected_faces/detected_fearful/fearful_person_0013_face0.png,Southeast Asian,Asian,Male,20-29,"[1.4260850e-03 9.2039618e-04 1.6388498e-02 2.4632083e-01 7.2338623e-01
 1.1276114e-02 2.8184563e-04]",[1.0550243e-03 3.0851312e-04 9.9268681e-01 5.9496756e-03],[9.9993014e-01 6.9824979e-05],"[1.8965714e-07 2.7413887e-05 1.6866079e-02 5.9529525e-01 3.4079397e-01
 4.4469882e-02 2.3552685e-03 1.8626255e-04 5.6579465e-06]",0,Asian,20-39
/scratch/project_462000771/mengting/projects/bias/hunyuan/prompt2/selected_faces/detected_fearful/fearful_person_0014_face0.png,Latino_Hispanic,Asian,Female,20-29,"[0.0553478  0.00512673 0.40115106 0.26474068 0.2518134  0.01782619
 0.0039941 ]",[0.37954924 0.00425555 0.49941945 0.11677577],[0.14969489 0.8503051 ],"[7.0474021e-06 8.6152116e-03 1.6514377e-01 7.4597186e-01 7.7902444e-02
 2.2823231e-03 7.1237933e-05 5.4499146e-06 5.6812490e-07]",0,Others,20-39
/scratch/project_462000771/mengting/projects/bias/hunyuan/prompt2/selected_faces/detected_fearful/fearful_person_0015_face0.png,Southeast Asian,Asian,Male,20-29,"[0.00388133 0.00107079 0.14773516 0.06050129 0.6934027  0.09113587
 0.00227292]",[0.01621159 0.00852174 0.9411204  0.03414623],[1.0000000e+00 2.0252187e-08],"[9.50659910e-07 4.90762014e-03 2.34710515e-01 6.43794358e-01
 1.09311864e-01 7.15521770e-03 1.14862087e-04 4.61859918e-06
 4.44178170e-08]",0,Asian,20-39
/scratch/project_462000771/mengting/projects/bias/hunyuan/prompt2/selected_faces/detected_fearful/fearful_person_0016_face0.png,Southeast Asian,Asian,Male,20-29,"[2.7354987e-04 1.5040680e-03 8.5801268e-03 1.9294512e-01 7.9072297e-01
 5.8254553e-03 1.4874675e-04]",[0.01798303 0.02174948 0.64678633 0.31348118],[9.9999988e-01 5.7122254e-08],"[2.5606369e-07 9.8155084e-05 1.6015071e-02 6.1001480e-01 3.4469855e-01
 2.8320732e-02 7.9714775e-04 5.4118991e-05 1.1433364e-06]",1,Asian,20-39
/scratch/project_462000771/mengting/projects/bias/hunyuan/prompt2/selected_faces/detected_fearful/fearful_person_0017_face0.png,Latino_Hispanic,White,Male,20-29,"[0.32503733 0.0020834  0.32751775 0.05805469 0.05905998 0.19584103
 0.0324058 ]",[9.3101937e-01 7.9765174e-05 4.1635614e-02 2.7265241e-02],[9.9983972e-01 1.6026762e-04],"[5.23238612e-07 4.11930232e-04 7.39521533e-02 8.14865828e-01
 1.08221576e-01 2.52222968e-03 2.48329252e-05 1.00152886e-06
 3.46330218e-08]",0,Others,20-39
/scratch/project_462000771/mengting/projects/bias/hunyuan/prompt2/selected_faces/detected_fearful/fearful_person_0018_face0.png,Southeast Asian,Asian,Male,20-29,"[0.17435892 0.05004236 0.17878461 0.16629615 0.33244368 0.09272254
 0.0053517 ]",[0.13929883 0.00436017 0.7675854  0.08875562],[0.7711818 0.2288182],"[1.5713010e-06 7.1179972e-04 3.9673250e-02 6.7588663e-01 2.6978433e-01
 1.3570531e-02 3.4291277e-04 2.6224125e-05 2.7745202e-06]",0,Asian,20-39
/scratch/project_462000771/mengting/projects/bias/hunyuan/prompt2/selected_faces/detected_fearful/fearful_person_0019_face0.png,Middle Eastern,Indian,Male,20-29,"[7.5280823e-02 1.4929296e-01 3.0381027e-01 2.5736968e-04 3.1705035e-03
 1.1517618e-01 3.5301185e-01]",[0.37714303 0.05559851 0.11975652 0.44750187],[9.9999982e-01 1.1557221e-07],"[7.7952569e-07 6.1462189e-05 7.4258177e-03 5.0075656e-01 4.4048563e-01
 4.9694713e-02 1.4776160e-03 9.5139854e-05 2.2383263e-06]",1,Others,20-39
/scratch/project_462000771/mengting/projects/bias/hunyuan/prompt2/selected_faces/detected_fearful/fearful_person_0020_face0.png,White,White,Female,20-29,"[7.3426771e-01 2.7874096e-03 2.1505070e-01 2.2889049e-04 1.3476863e-03
 1.6826347e-02 2.9491374e-02]",[9.8542351e-01 8.5743127e-04 1.0402380e-03 1.2678846e-02],[0.01655197 0.98344797],"[4.1500994e-06 8.0506469e-04 3.5144947e-02 5.1154685e-01 3.9186224e-01
 5.3415086e-02 6.5182582e-03 5.9776398e-04 1.0569873e-04]",1,White,20-39
/scratch/project_462000771/mengting/projects/bias/hunyuan/prompt2/selected_faces/detected_fearful/fearful_person_0021_face0.png,Indian,Asian,Female,20-29,"[0.01557694 0.0706275  0.15246207 0.05234341 0.08393274 0.6228171
 0.00224026]",[0.04427098 0.00664696 0.6710685  0.2780136 ],[0.06420434 0.93579566],"[3.2866592e-05 2.8836388e-02 2.0636812e-01 6.0112059e-01 1.4932497e-01
 1.3843895e-02 4.2993095e-04 3.9576174e-05 3.5902074e-06]",0,Others,20-39
/scratch/project_462000771/mengting/projects/bias/hunyuan/prompt2/selected_faces/detected_fearful/fearful_person_0022_face0.png,Southeast Asian,Asian,Female,20-29,"[0.0891149  0.00472085 0.18831457 0.28898105 0.30032793 0.10980188
 0.01873884]",[0.22040872 0.00822773 0.73322654 0.038137  ],[0.10186672 0.8981333 ],"[4.9647178e-06 9.4865542e-03 2.6574478e-01 6.3993341e-01 8.1595391e-02
 3.1329989e-03 8.8879686e-05 1.1838933e-05 1.1252350e-06]",0,Asian,20-39
/scratch/project_462000771/mengting/projects/bias/hunyuan/prompt2/selected_faces/detected_fearful/fearful_person_0023_face0.png,East Asian,Asian,Female,20-29,"[5.2869886e-02 2.9521543e-04 9.3971692e-02 6.1378723e-01 1.6689426e-01
 6.8797067e-02 3.3846297e-03]",[6.598652e-02 6.772306e-05 9.064754e-01 2.747032e-02],[0.03808913 0.96191084],"[8.99672159e-07 3.12577863e-03 2.08377734e-01 7.14381993e-01
 7.18970299e-02 2.19106395e-03 2.34231102e-05 1.96880137e-06
 1.10498675e-07]",0,Asian,20-39
/scratch/project_462000771/mengting/projects/bias/hunyuan/prompt2/selected_faces/detected_fearful/fearful_person_0024_face0.png,White,White,Male,20-29,"[0.7507776  0.01555685 0.16018425 0.00113631 0.00388435 0.06143027
 0.00703039]",[0.9879259  0.0023141  0.00179801 0.00796199],[9.9982047e-01 1.7952762e-04],"[8.7728722e-09 1.9438639e-06 3.1902506e-03 7.4496537e-01 2.4950527e-01
 2.3280273e-03 8.9005325e-06 2.3693342e-07 1.2840713e-08]",1,White,20-39
/scratch/project_462000771/mengting/projects/bias/hunyuan/prompt2/selected_faces/detected_fearful/fearful_person_0025_face0.png,Southeast Asian,Asian,Female,20-29,"[5.7281596e-03 4.8317449e-04 6.2627658e-02 4.3966165e-01 4.8730174e-01
 3.5741369e-03 6.2342285e-04]",[8.707126e-03 2.786571e-04 9.888293e-01 2.184904e-03],[0.00786629 0.9921337 ],"[1.0719228e-06 1.2660137e-04 1.3616512e-02 6.2547135e-01 3.3770716e-01
 2.2388181e-02 6.5611675e-04 3.2185730e-05 8.0946791e-07]",0,Asian,20-39
/scratch/project_462000771/mengting/projects/bias/hunyuan/prompt2/selected_faces/detected_fearful/fearful_person_0026_face0.png,East Asian,Asian,Female,20-29,"[6.5463483e-03 1.1897634e-04 5.6060992e-02 5.8435625e-01 3.3624038e-01
 1.6260102e-02 4.1696653e-04]",[2.8152075e-02 4.3598455e-04 8.1116802e-01 1.6024390e-01],[0.03565945 0.96434057],"[1.1879009e-07 7.9879002e-04 3.0637574e-01 6.8040591e-01 1.2353018e-02
 6.6146262e-05 2.2249708e-07 2.2710116e-08 8.2054441e-10]",0,Asian,20-39
/scratch/project_462000771/mengting/projects/bias/hunyuan/prompt2/selected_faces/detected_fearful/fearful_person_0027_face0.png,East Asian,Asian,Female,20-29,"[0.18060252 0.00518422 0.05964166 0.42864454 0.31680667 0.00838784
 0.00073258]",[0.37891957 0.00292955 0.60198236 0.01616857],[0.03220877 0.9677912 ],"[8.9016849e-06 1.3153981e-02 1.2431005e-01 7.8429961e-01 7.6595455e-02
 1.6046579e-03 2.5406847e-05 1.7460470e-06 3.1242922e-07]",1,Asian,20-39
/scratch/project_462000771/mengting/projects/bias/hunyuan/prompt2/selected_faces/detected_fearful/fearful_person_0028_face0.png,White,White,Male,30-39,"[7.71498263e-01 2.27367016e-03 9.33838859e-02 4.13886068e-04
 1.17419765e-03 1.31583465e-02 1.18097752e-01]",[0.78940463 0.01459306 0.0368467  0.1591556 ],[9.9999839e-01 1.6174382e-06],"[3.6340100e-07 1.7958757e-05 2.4759118e-03 4.2807859e-01 5.2049994e-01
 4.7902852e-02 9.7858650e-04 4.4019103e-05 1.7483364e-06]",1,White,20-39
/scratch/project_462000771/mengting/projects/bias/hunyuan/prompt2/selected_faces/detected_fearful/fearful_person_0029_face0.png,Southeast Asian,Asian,Male,20-29,"[0.00319027 0.00088288 0.06200021 0.0927658  0.7424054  0.09773242
 0.00102301]",[0.00214028 0.00121326 0.9715736  0.02507288],[9.9972522e-01 2.7478687e-04],"[4.6134781e-05 3.3825181e-02 2.9107693e-01 3.7013489e-01 2.2102444e-01
 7.5678915e-02 7.4063409e-03 7.6213712e-04 4.4991757e-05]",0,Asian,20-39
/scratch/project_462000771/mengting/projects/bias/hunyuan/prompt2/selected_faces/detected_fearful/fearful_person_0030_face0.png,White,White,Male,20-29,"[7.2594649e-01 1.3172720e-04 6.2794678e-02 1.0252233e-01 9.5856406e-02
 6.4348653e-03 6.3135112e-03]",[9.27339077e-01 1.02678016e-04 6.91224262e-02 3.43580847e-03],[0.9987538  0.00124617],"[1.2248060e-07 1.0326773e-05 8.5376045e-03 6.2225896e-01 3.3737570e-01
 3.0492458e-02 1.2834427e-03 4.0024184e-05 1.3521180e-06]",1,White,20-39
/scratch/project_462000771/mengting/projects/bias/hunyuan/prompt2/selected_faces/detected_fearful/fearful_person_0031_face0.png,East Asian,Asian,Male,20-29,"[4.78535483e-04 1.41269516e-06 6.09854353e-04 8.90909553e-01
 1.07893504e-01 8.70936274e-05 1.99226997e-05]",[1.6874068e-03 1.0115054e-06 9.9797183e-01 3.3971563e-04],[0.5209433  0.47905678],"[2.0818361e-07 4.4605509e-05 3.0578889e-02 6.7110938e-01 2.7528560e-01
 2.1659430e-02 1.1176394e-03 1.9791379e-04 6.2797308e-06]",1,Asian,20-39
/scratch/project_462000771/mengting/projects/bias/hunyuan/prompt2/selected_faces/detected_fearful/fearful_person_0032_face0.png,Southeast Asian,Asian,Female,20-29,"[0.00563203 0.00052321 0.19127814 0.14563851 0.4388255  0.21726972
 0.00083287]",[3.1524363e-03 7.8895682e-05 9.8837125e-01 8.3975028e-03],[0.00219794 0.997802  ],"[1.5741533e-07 6.5801311e-03 4.4952887e-01 5.3789866e-01 5.9706913e-03
 2.1440575e-05 5.2393546e-08 4.1089923e-09 1.6374201e-10]",2,Asian,20-39
/scratch/project_462000771/mengting/projects/bias/hunyuan/prompt2/selected_faces/detected_fearful/fearful_person_0033_face0.png,White,White,Male,20-29,"[0.5150503  0.02567987 0.25766242 0.03215975 0.07547745 0.07561281
 0.01835744]",[0.6941202  0.02492865 0.13743235 0.14351873],[0.99360335 0.00639662],"[3.7125167e-06 7.7377819e-04 3.3527695e-02 6.1989957e-01 3.0783656e-01
 3.6644485e-02 1.2097566e-03 9.4424737e-05 1.0048800e-05]",1,White,20-39
/scratch/project_462000771/mengting/projects/bias/hunyuan/prompt2/selected_faces/detected_fearful/fearful_person_0034_face0.png,Black,Black,Male,60-69,"[1.9762168e-02 6.2344193e-01 2.8343301e-02 2.9542591e-04 7.6633715e-03
 3.0529344e-01 1.5200405e-02]",[0.0168279  0.8446562  0.00758137 0.1309346 ],[9.9997663e-01 2.3390216e-05],"[2.5202395e-05 1.5876839e-04 8.9549017e-04 2.4555351e-03 9.8922597e-03
 7.9911470e-02 3.0242845e-01 4.7967139e-01 1.2456147e-01]",0,Black,60+
/scratch/project_462000771/mengting/projects/bias/hunyuan/prompt2/selected_faces/detected_fearful/fearful_person_0035_face0.png,White,White,Male,20-29,"[7.6233816e-01 2.6763456e-03 1.3968177e-01 6.4631668e-04 2.1236588e-03
 4.0591873e-02 5.1941734e-02]",[0.60520494 0.04718387 0.06549669 0.2821145 ],[9.9964070e-01 3.5927905e-04],"[3.7847286e-07 4.8528727e-05 1.3472931e-02 5.8530778e-01 3.7392259e-01
 2.6666842e-02 5.5212260e-04 2.7122345e-05 1.7586939e-06]",1,White,20-39
/scratch/project_462000771/mengting/projects/bias/hunyuan/prompt2/selected_faces/detected_fearful/fearful_person_0036_face0.png,East Asian,Asian,Male,20-29,"[0.05201191 0.00075282 0.17077671 0.59051317 0.18071485 0.00198991
 0.00324064]",[1.3898396e-01 3.4883828e-04 8.5863417e-01 2.0330488e-03],[0.6010874  0.39891264],"[4.8213190e-07 6.3645717e-04 9.6977614e-02 8.7976557e-01 2.2448253e-02
 1.7096542e-04 6.1918354e-07 3.5349714e-08 1.8355717e-09]",1,Asian,20-39
/scratch/project_462000771/mengting/projects/bias/hunyuan/prompt2/selected_faces/detected_fearful/fearful_person_0037_face0.png,East Asian,Asian,Male,20-29,"[7.9098316e-03 2.1026758e-04 1.5325350e-02 8.3491576e-01 1.3846770e-01
 2.6421540e-03 5.2898831e-04]",[1.3672362e-01 1.4698131e-04 8.5956174e-01 3.5676523e-03],[0.64540714 0.35459286],"[3.2907860e-06 4.1125193e-03 1.1832488e-01 8.0066878e-01 7.5354367e-02
 1.5055087e-03 2.8271390e-05 2.2410763e-06 1.2208324e-07]",0,Asian,20-39
/scratch/project_462000771/mengting/projects/bias/hunyuan/prompt2/selected_faces/detected_fearful/fearful_person_0038_face0.png,East Asian,Asian,Female,20-29,"[9.5439758e-03 3.7003874e-06 8.9223152e-03 8.5868102e-01 1.2198172e-01
 7.2448503e-04 1.4286373e-04]",[2.9318190e-01 2.7129558e-05 7.0237386e-01 4.4171461e-03],[0.0384254  0.96157455],"[3.3534647e-08 4.7361053e-04 2.6645619e-01 7.2563916e-01 7.4060461e-03
 2.4892910e-05 7.4755555e-08 4.0399866e-09 1.2050375e-10]",1,Asian,20-39
/scratch/project_462000771/mengting/projects/bias/hunyuan/prompt2/selected_faces/detected_fearful/fearful_person_0039_face0.png,Latino_Hispanic,Asian,Male,20-29,"[0.01917062 0.01432329 0.50093454 0.12594421 0.29706946 0.03984312
 0.00271483]",[0.05703508 0.00186488 0.9389777  0.0021223 ],[0.9861123  0.01388767],"[2.7949459e-04 1.3718270e-01 2.4800965e-01 5.7027876e-01 4.2609550e-02
 1.6171566e-03 2.0527610e-05 2.0506388e-06 1.7868420e-07]",1,Others,20-39
/scratch/project_462000771/mengting/projects/bias/hunyuan/prompt2/selected_faces/detected_fearful/fearful_person_0040_face0.png,Southeast Asian,Asian,Male,20-29,"[1.9434589e-04 1.4524717e-02 1.2644732e-02 8.6845964e-02 8.7862390e-01
 6.9601038e-03 2.0612797e-04]",[4.7499194e-05 6.3947693e-04 9.9858570e-01 7.2732102e-04],[9.9998426e-01 1.5721886e-05],"[2.0434099e-05 2.0504405e-03 3.9771117e-02 3.8758573e-01 3.2660624e-01
 1.8272087e-01 4.3619048e-02 1.6053841e-02 1.5722571e-03]",1,Asian,20-39
/scratch/project_462000771/mengting/projects/bias/hunyuan/prompt2/selected_faces/detected_fearful/fearful_person_0041_face0.png,East Asian,White,Male,20-29,"[2.8115687e-01 2.7862014e-04 6.4706996e-02 4.4938433e-01 2.0015363e-01
 8.9268544e-04 3.4267809e-03]",[9.9014854e-01 1.1055756e-04 9.2023863e-03 5.3850038e-04],[9.9903226e-01 9.6771662e-04],"[2.2611751e-07 1.3988532e-04 5.1320732e-02 8.5821187e-01 8.8939458e-02
 1.3729077e-03 1.4488167e-05 4.9302525e-07 1.5084863e-08]",0,Asian,20-39
/scratch/project_462000771/mengting/projects/bias/hunyuan/prompt2/selected_faces/detected_fearful/fearful_person_0042_face0.png,Latino_Hispanic,Indian,Male,20-29,"[1.2244130e-01 2.3621337e-01 2.4810974e-01 4.1639800e-05 1.1385701e-03
 1.9924642e-01 1.9280887e-01]",[0.17690322 0.35020593 0.02419094 0.44869986],[9.999992e-01 7.743605e-07],"[2.1304130e-07 1.6325312e-05 3.2836767e-03 4.7997829e-01 4.7537461e-01
 4.0422309e-02 8.7879109e-04 4.4343502e-05 1.3339077e-06]",1,Others,20-39
/scratch/project_462000771/mengting/projects/bias/hunyuan/prompt2/selected_faces/detected_fearful/fearful_person_0043_face0.png,East Asian,Asian,Female,20-29,"[3.2835410e-03 3.3763874e-05 5.9135109e-03 8.5662168e-01 1.3130346e-01
 2.5233582e-03 3.2070786e-04]",[9.6375548e-04 6.7158821e-06 9.9862689e-01 4.0264623e-04],[0.00414849 0.9958515 ],"[4.0110617e-06 3.8779830e-03 8.7459423e-02 8.1222349e-01 9.3248680e-02
 3.1314278e-03 4.8520011e-05 5.9997010e-06 4.3946207e-07]",1,Asian,20-39
/scratch/project_462000771/mengting/projects/bias/hunyuan/prompt2/selected_faces/detected_fearful/fearful_person_0044_face0.png,East Asian,Asian,Female,20-29,"[1.3545764e-02 5.9170699e-05 4.0989164e-02 6.8209380e-01 2.5244278e-01
 1.0393383e-02 4.7597979e-04]",[1.7694069e-02 3.6988029e-04 8.3617717e-01 1.4575885e-01],[3.5229037e-04 9.9964774e-01],"[1.8847041e-06 7.6455208e-03 1.6879736e-01 7.7502650e-01 4.8156131e-02
 3.7050262e-04 1.9069201e-06 1.5611526e-07 8.4627549e-09]",1,Asian,20-39
/scratch/project_462000771/mengting/projects/bias/hunyuan/prompt2/selected_faces/detected_fearful/fearful_person_0045_face0.png,Latino_Hispanic,Asian,Male,20-29,"[0.20508312 0.1295829  0.3555642  0.00513499 0.03772332 0.22200362
 0.04490791]",[0.25916097 0.06504691 0.36056152 0.3152306 ],[9.9999285e-01 7.1213603e-06],"[8.5289605e-07 2.2340904e-04 3.2355011e-02 6.3759327e-01 2.9003382e-01
 3.8015913e-02 1.6842078e-03 8.8373221e-05 5.1512743e-06]",0,Others,20-39
/scratch/project_462000771/mengting/projects/bias/hunyuan/prompt2/selected_faces/detected_fearful/fearful_person_0046_face0.png,Southeast Asian,Asian,Male,20-29,"[0.00142614 0.09598268 0.03805359 0.13160633 0.516245   0.21596022
 0.00072605]",[0.00448426 0.00894498 0.8930306  0.09354015],[0.9823549  0.01764513],"[1.7077086e-06 1.9785640e-04 3.5298407e-02 5.8925921e-01 3.1390947e-01
 5.7079803e-02 3.7209103e-03 4.8043075e-04 5.2142263e-05]",1,Asian,20-39
/scratch/project_462000771/mengting/projects/bias/hunyuan/prompt2/selected_faces/detected_fearful/fearful_person_0047_face0.png,East Asian,Asian,Female,20-29,"[1.4034500e-02 3.7506965e-04 2.6402686e-02 8.3808869e-01 1.0603141e-01
 1.2446658e-02 2.6209129e-03]",[1.2697506e-02 9.5695135e-04 9.8078150e-01 5.5640005e-03],[0.00839023 0.99160975],"[2.3525781e-06 1.6133131e-03 7.4720718e-02 8.2791853e-01 9.2488416e-02
 3.1403708e-03 1.0100839e-04 1.4013539e-05 1.2713593e-06]",0,Asian,20-39
/scratch/project_462000771/mengting/projects/bias/hunyuan/prompt2/selected_faces/detected_fearful/fearful_person_0048_face0.png,Indian,Indian,Male,20-29,"[0.00163224 0.06071824 0.10600291 0.00081583 0.03472317 0.7919977
 0.00410991]",[0.00649128 0.01577976 0.33320963 0.6445193 ],[9.999919e-01 8.136091e-06],"[1.26949215e-06 6.47532521e-04 1.33412421e-01 6.94530964e-01
 1.60739899e-01 1.03883855e-02 2.63065594e-04 1.59239862e-05
 4.93486993e-07]",0,Others,20-39
/scratch/project_462000771/mengting/projects/bias/hunyuan/prompt2/selected_faces/detected_fearful/fearful_person_0049_face0.png,East Asian,Asian,Female,20-29,"[6.18450111e-04 3.28410097e-05 2.81908293e-03 8.80986750e-01
 1.14828795e-01 6.35203323e-04 7.89359983e-05]",[8.0774067e-04 2.0908063e-05 9.9860358e-01 5.6776626e-04],[0.19236322 0.8076368 ],"[6.6152705e-07 3.1408461e-04 9.4299823e-02 7.6078492e-01 1.3983850e-01
 4.6011838e-03 1.4022042e-04 2.0072608e-05 4.7608353e-07]",1,Asian,20-39
/scratch/project_462000771/mengting/projects/bias/hunyuan/prompt2/selected_faces/detected_fearful/fearful_person_0050_face0.png,Latino_Hispanic,White,Female,20-29,"[0.22736287 0.01167354 0.34153184 0.03214566 0.02030156 0.29014528
 0.07683934]",[0.75356364 0.00079057 0.20331973 0.04232604],[0.01092849 0.9890715 ],"[5.57460908e-07 1.10644076e-04 2.57999040e-02 5.75346470e-01
 3.69936883e-01 2.80289110e-02 7.32662389e-04 4.17435585e-05
 2.20481752e-06]",1,Others,20-39
/scratch/project_462000771/mengting/projects/bias/hunyuan/prompt2/selected_faces/detected_fearful/fearful_person_0051_face0.png,Southeast Asian,Asian,Female,20-29,"[1.0899992e-02 5.3209555e-04 1.0597832e-01 4.1904974e-01 4.5096517e-01
 1.2198025e-02 3.7673052e-04]",[1.5739422e-01 4.0879790e-04 8.0388319e-01 3.8313776e-02],[0.05126223 0.94873774],"[2.7475121e-06 2.7396880e-02 4.6885070e-01 4.9796245e-01 5.7462538e-03
 4.0843301e-05 1.2414563e-07 1.4044668e-08 1.0020080e-09]",1,Asian,20-39
/scratch/project_462000771/mengting/projects/bias/hunyuan/prompt2/selected_faces/detected_fearful/fearful_person_0052_face0.png,Latino_Hispanic,Asian,Male,20-29,"[0.20473345 0.00979633 0.5538153  0.02004116 0.09855402 0.10837145
 0.00468833]",[0.02445355 0.00111903 0.90094566 0.07348181],[9.9997634e-01 2.3634135e-05],"[7.40263602e-08 7.00430901e-05 4.53469753e-02 8.51174653e-01
 1.00066245e-01 3.25158215e-03 8.76351914e-05 2.68755844e-06
 1.03507439e-07]",1,Others,20-39
/scratch/project_462000771/mengting/projects/bias/hunyuan/prompt2/selected_faces/detected_fearful/fearful_person_0053_face0.png,Black,Black,Male,20-29,"[4.4677902e-02 6.5141678e-01 1.5505947e-01 1.7132793e-04 2.6536749e-03
 1.2759881e-01 1.8422047e-02]",[0.00852456 0.58929986 0.01910973 0.38306597],[9.9999976e-01 2.2655686e-07],"[8.6289725e-07 3.7068766e-04 1.7973242e-02 5.9231174e-01 3.6794338e-01
 2.1114770e-02 2.7407249e-04 1.0871270e-05 3.7377797e-07]",1,Black,20-39
/scratch/project_462000771/mengting/projects/bias/hunyuan/prompt2/selected_faces/detected_fearful/fearful_person_0054_face0.png,Latino_Hispanic,Asian,Male,30-39,"[0.01180482 0.18820587 0.3417826  0.01779498 0.17100939 0.19755599
 0.07184626]",[0.01300583 0.08016329 0.6400114  0.26681945],[9.9999827e-01 1.7495449e-06],"[5.1168197e-05 1.6095517e-03 1.0227477e-02 2.2445261e-01 4.4931483e-01
 2.8252900e-01 2.9834053e-02 1.9191540e-03 6.2089646e-05]",0,Others,20-39
/scratch/project_462000771/mengting/projects/bias/hunyuan/prompt2/selected_faces/detected_fearful/fearful_person_0055_face0.png,East Asian,Asian,Female,20-29,"[5.6358096e-03 2.8152393e-05 1.3443939e-02 7.7011400e-01 2.0247327e-01
 7.4201953e-03 8.8464870e-04]",[6.1131362e-03 5.9453356e-05 9.8860377e-01 5.2236319e-03],[0.01647607 0.9835239 ],"[4.0514337e-06 2.4952476e-03 9.5648751e-02 7.3352784e-01 1.6322440e-01
 5.0148745e-03 7.7479723e-05 6.9893608e-06 3.5689541e-07]",1,Asian,20-39
/scratch/project_462000771/mengting/projects/bias/hunyuan/prompt2/selected_faces/detected_fearful/fearful_person_0056_face0.png,Southeast Asian,Asian,Male,20-29,"[1.2095679e-03 9.2642056e-03 2.6557729e-02 3.3320796e-01 5.9734172e-01
 3.2187019e-02 2.3175494e-04]",[2.6526488e-03 1.3485768e-04 9.6540374e-01 3.1808756e-02],[0.99548846 0.00451152],"[1.3918408e-07 5.6007215e-05 5.8609154e-02 6.9930696e-01 2.2542576e-01
 1.6048962e-02 4.9491035e-04 5.5278135e-05 2.8339891e-06]",0,Asian,20-39
/scratch/project_462000771/mengting/projects/bias/hunyuan/prompt2/selected_faces/detected_fearful/fearful_person_0057_face0.png,White,White,Male,30-39,"[0.39414012 0.03007832 0.2901428  0.00064824 0.00477962 0.01777878
 0.2624321 ]",[0.88148737 0.02144827 0.01773317 0.07933123],[9.9996960e-01 3.0394547e-05],"[1.14012846e-05 1.73026376e-04 7.20345229e-03 1.45251602e-01
 3.93193245e-01 3.27279598e-01 1.15526043e-01 1.07804295e-02
 5.81170083e-04]",1,White,20-39
/scratch/project_462000771/mengting/projects/bias/hunyuan/prompt2/selected_faces/detected_fearful/fearful_person_0058_face0.png,East Asian,Asian,Female,30-39,"[0.00819057 0.00610239 0.02704435 0.5455275  0.40658447 0.00531742
 0.00123324]",[0.01367155 0.00114143 0.9652143  0.01997267],[0.06845815 0.93154186],"[4.8710376e-07 4.9993807e-05 1.1196606e-02 4.3727407e-01 4.7500238e-01
 6.8843774e-02 6.9176620e-03 6.8203156e-04 3.3028642e-05]",0,Asian,20-39
/scratch/project_462000771/mengting/projects/bias/hunyuan/prompt2/selected_faces/detected_fearful/fearful_person_0059_face0.png,Southeast Asian,Asian,Male,20-29,"[0.00783194 0.01777504 0.08755459 0.28254503 0.57937497 0.02066119
 0.00425716]",[0.01843887 0.01195473 0.8500717  0.1195346 ],[9.9997586e-01 2.4141464e-05],"[9.1483525e-06 1.2913850e-03 2.2487773e-02 5.6246614e-01 3.5693887e-01
 5.3056516e-02 3.2283233e-03 4.8648359e-04 3.5377085e-05]",1,Asian,20-39
/scratch/project_462000771/mengting/projects/bias/hunyuan/prompt2/selected_faces/detected_fearful/fearful_person_0060_face0.png,Latino_Hispanic,White,Female,20-29,"[0.1476874  0.02086863 0.6918481  0.01332522 0.0167093  0.08115491
 0.02840638]",[0.7334829  0.01170541 0.06984932 0.1849623 ],[0.00522975 0.9947702 ],"[1.5427941e-06 1.5455361e-03 9.7323611e-02 6.5505213e-01 2.3649235e-01
 9.3524568e-03 2.2301657e-04 8.8394563e-06 4.9574999e-07]",1,Others,20-39
/scratch/project_462000771/mengting/projects/bias/hunyuan/prompt2/selected_faces/detected_fearful/fearful_person_0061_face0.png,East Asian,Asian,Male,20-29,"[5.8135344e-04 1.3266611e-03 6.6320067e-03 5.3574413e-01 4.5423612e-01
 1.2207465e-03 2.5904601e-04]",[0.00192122 0.00301493 0.99384797 0.00121586],[9.999954e-01 4.567264e-06],"[1.0432126e-06 1.4440894e-04 1.0651384e-02 5.1669711e-01 3.7905169e-01
 8.4880486e-02 7.5132577e-03 1.0229576e-03 3.7726528e-05]",1,Asian,20-39
/scratch/project_462000771/mengting/projects/bias/hunyuan/prompt2/selected_faces/detected_fearful/fearful_person_0062_face0.png,Southeast Asian,Asian,Male,20-29,"[0.10555943 0.00399942 0.11725156 0.2549758  0.45178723 0.06171299
 0.00471361]",[0.1744225  0.00113685 0.7789781  0.04546247],[9.9999404e-01 5.9498911e-06],"[9.9730505e-07 1.3501379e-03 8.4530704e-02 7.4164987e-01 1.6410528e-01
 8.1846528e-03 1.7227361e-04 5.8330006e-06 1.9205865e-07]",0,Asian,20-39
/scratch/project_462000771/mengting/projects/bias/hunyuan/prompt2/selected_faces/detected_fearful/fearful_person_0063_face0.png,White,White,Male,30-39,"[9.7946447e-01 1.0429785e-05 1.1403763e-02 7.3227748e-06 3.7260965e-05
 2.4918483e-03 6.5849260e-03]",[0.6635576  0.01804758 0.0090826  0.30931225],[0.9961319 0.0038681],"[1.2472630e-09 1.2783542e-07 4.4909285e-04 3.7371340e-01 5.9516686e-01
 3.0296931e-02 3.6985363e-04 3.6777672e-06 1.2697157e-07]",1,White,20-39
/scratch/project_462000771/mengting/projects/bias/hunyuan/prompt2/selected_faces/detected_fearful/fearful_person_0064_face0.png,Black,Asian,Male,40-49,"[0.00297852 0.6438641  0.03535951 0.00242084 0.05056588 0.26239488
 0.00241629]",[0.00137441 0.13095838 0.5880205  0.27964675],[9.9987578e-01 1.2425754e-04],"[4.3195672e-05 9.7624515e-04 3.8669836e-03 4.1332889e-02 1.4936014e-01
 3.3758920e-01 2.5049183e-01 1.6933563e-01 4.7003888e-02]",1,Black,40-59
/scratch/project_462000771/mengting/projects/bias/hunyuan/prompt2/selected_faces/detected_fearful/fearful_person_0065_face0.png,Latino_Hispanic,Asian,Male,20-29,"[0.06760526 0.01428483 0.35067374 0.04049972 0.0704533  0.19876653
 0.25771654]",[0.00217787 0.02442108 0.76207966 0.21132138],[9.999992e-01 8.079948e-07],"[1.6789851e-06 2.9168586e-04 1.2547251e-02 4.5418841e-01 4.4272515e-01
 8.8308096e-02 1.7956188e-03 1.3879166e-04 3.3262459e-06]",1,Others,20-39
/scratch/project_462000771/mengting/projects/bias/hunyuan/prompt2/selected_faces/detected_fearful/fearful_person_0067_face0.png,East Asian,White,Female,20-29,"[0.09423759 0.00184509 0.14017911 0.59615505 0.1224041  0.03904244
 0.00613658]",[0.3848099  0.00325479 0.37382063 0.23811457],[0.05094498 0.94905496],"[2.2634538e-06 7.9409555e-03 2.0297861e-01 7.5899208e-01 2.9543974e-02
 5.3093996e-04 9.7797620e-06 1.1911269e-06 1.7866674e-07]",1,Asian,20-39
/scratch/project_462000771/mengting/projects/bias/hunyuan/prompt2/selected_faces/detected_fearful/fearful_person_0068_face0.png,Southeast Asian,Asian,Male,30-39,"[5.1718234e-04 1.5587967e-03 8.4947785e-03 3.6901265e-01 6.1747032e-01
 2.7815537e-03 1.6463695e-04]",[1.8821315e-04 1.9797499e-04 9.9914467e-01 4.6913984e-04],[9.999933e-01 6.678626e-06],"[3.9671454e-06 2.6442285e-04 1.3642401e-02 3.0538225e-01 4.0605325e-01
 2.2216639e-01 4.3665178e-02 8.3989128e-03 4.2316155e-04]",0,Asian,20-39
/scratch/project_462000771/mengting/projects/bias/hunyuan/prompt2/selected_faces/detected_fearful/fearful_person_0069_face0.png,Middle Eastern,Indian,Male,30-39,"[3.1545973e-01 3.3405684e-02 1.9999202e-01 4.9802769e-05 6.2675896e-04
 1.1214719e-01 3.3831882e-01]",[0.06008847 0.03212837 0.00644305 0.9013401 ],[9.9998200e-01 1.8016666e-05],"[5.5939554e-06 1.1225514e-04 3.1940967e-03 2.0394686e-01 5.4211473e-01
 2.1761750e-01 2.9939100e-02 2.8789451e-03 1.9094507e-04]",1,White,20-39
/scratch/project_462000771/mengting/projects/bias/hunyuan/prompt2/selected_faces/detected_fearful/fearful_person_0070_face0.png,Southeast Asian,Asian,Male,30-39,"[0.01355446 0.00575964 0.02000592 0.26074156 0.6929164  0.00629321
 0.00072891]",[0.02087615 0.01208288 0.9492489  0.01779203],[0.9140739  0.08592607],"[1.4333021e-06 5.2182149e-05 8.0231912e-03 3.0940422e-01 4.3877354e-01
 1.9093844e-01 4.7097746e-02 5.0741876e-03 6.3502212e-04]",1,Asian,20-39
/scratch/project_462000771/mengting/projects/bias/hunyuan/prompt2/selected_faces/detected_fearful/fearful_person_0071_face0.png,White,White,Male,20-29,"[0.7857885  0.01720047 0.125008   0.00100981 0.00219034 0.03313719
 0.03566568]",[0.60714984 0.02163708 0.02544496 0.34576806],[9.993117e-01 6.883241e-04],"[3.8615985e-07 1.8179511e-04 2.6559612e-02 8.8983679e-01 8.1730165e-02
 1.6625520e-03 2.6164857e-05 2.2597239e-06 2.7350342e-07]",1,White,20-39
/scratch/project_462000771/mengting/projects/bias/hunyuan/prompt2/selected_faces/detected_fearful/fearful_person_0072_face0.png,East Asian,Asian,Female,20-29,"[2.2704068e-03 6.0768354e-05 3.2228023e-02 6.5554899e-01 3.0450207e-01
 4.6559209e-03 7.3383574e-04]",[0.0246965  0.00177011 0.7777498  0.19578356],[0.13057527 0.8694247 ],"[1.3693235e-06 2.4719859e-04 5.8383379e-02 7.0771873e-01 2.2121501e-01
 1.2045395e-02 3.3256173e-04 5.5041852e-05 1.3661773e-06]",1,Asian,20-39
/scratch/project_462000771/mengting/projects/bias/hunyuan/prompt2/selected_faces/detected_fearful/fearful_person_0073_face0.png,East Asian,Asian,Female,20-29,"[4.86697024e-03 1.98392217e-06 7.22110411e-03 7.29764044e-01
 2.57841259e-01 1.86677600e-04 1.18028336e-04]",[5.1344763e-03 1.3831687e-05 9.9351633e-01 1.3354127e-03],[0.02385533 0.9761447 ],"[4.7026253e-07 6.0122262e-04 9.1995820e-02 7.2347045e-01 1.7627400e-01
 7.4041472e-03 2.3723049e-04 1.6196902e-05 4.8459788e-07]",1,Asian,20-39
/scratch/project_462000771/mengting/projects/bias/hunyuan/prompt2/selected_faces/detected_fearful/fearful_person_0074_face0.png,White,Indian,Male,30-39,"[4.20361042e-01 2.66459495e-01 1.24788605e-01 1.09647408e-04
 3.89892230e-04 6.57879934e-02 1.22103214e-01]",[0.06597273 0.26009795 0.03358294 0.64034635],[9.9973214e-01 2.6784005e-04],"[6.7498138e-07 1.5454192e-05 8.3165406e-04 1.5443018e-01 6.6957742e-01
 1.7028889e-01 4.6571288e-03 1.8888809e-04 9.7071106e-06]",0,White,20-39
/scratch/project_462000771/mengting/projects/bias/hunyuan/prompt2/selected_faces/detected_fearful/fearful_person_0075_face0.png,Southeast Asian,Asian,Female,20-29,"[3.5682928e-03 7.6945027e-04 4.8297856e-02 2.6480380e-01 6.4010882e-01
 4.2306412e-02 1.4543820e-04]",[6.6565340e-03 9.4200055e-05 9.6452487e-01 2.8724391e-02],[0.1201164 0.8798836],"[9.9486090e-07 3.7518167e-03 3.5161266e-01 6.0521704e-01 3.8992334e-02
 4.2170129e-04 3.2793739e-06 1.9356904e-07 9.8814636e-09]",1,Asian,20-39
/scratch/project_462000771/mengting/projects/bias/hunyuan/prompt2/selected_faces/detected_fearful/fearful_person_0076_face0.png,Indian,White,Female,20-29,"[0.0477615  0.00184368 0.21328327 0.25904953 0.19385056 0.2731176
 0.01109379]",[5.7076699e-01 5.1208271e-04 3.4590796e-01 8.2812972e-02],[0.04777964 0.9522203 ],"[1.8369103e-05 1.1389031e-01 4.0892804e-01 4.6677250e-01 1.0294399e-02
 9.5779083e-05 5.7441287e-07 6.1706572e-08 4.6703752e-09]",0,Others,20-39
/scratch/project_462000771/mengting/projects/bias/hunyuan/prompt2/selected_faces/detected_fearful/fearful_person_0077_face0.png,Southeast Asian,Asian,Female,10-19,"[0.00919582 0.00201087 0.10934135 0.20723186 0.35947153 0.31234756
 0.00040096]",[9.1161709e-03 4.2798038e-04 8.7326944e-01 1.1718650e-01],[0.00556125 0.99443877],"[1.1006792e-05 1.3981527e-01 6.1453408e-01 2.4183987e-01 3.7592875e-03
 4.0111059e-05 3.2833475e-07 3.6945625e-08 3.6763959e-09]",1,Asian,10-19
/scratch/project_462000771/mengting/projects/bias/hunyuan/prompt2/selected_faces/detected_fearful/fearful_person_0078_face0.png,Latino_Hispanic,Asian,Male,20-29,"[0.07049046 0.01481402 0.45636111 0.09157757 0.2311048  0.10688905
 0.02876292]",[0.32082272 0.01308294 0.5210802  0.14501423],[9.999993e-01 7.244851e-07],"[7.8413359e-07 3.1773141e-04 2.7077017e-02 7.8710377e-01 1.7919114e-01
 6.2370868e-03 6.8802627e-05 3.5707014e-06 8.9910671e-08]",1,Others,20-39
/scratch/project_462000771/mengting/projects/bias/hunyuan/prompt2/selected_faces/detected_fearful/fearful_person_0079_face0.png,Indian,White,Male,20-29,"[8.3936416e-02 9.4237132e-04 1.7193618e-01 2.1954130e-04 7.7686156e-04
 7.2745216e-01 1.4736455e-02]",[8.5994452e-01 3.3350705e-04 2.4162307e-03 1.3730577e-01],[9.996282e-01 3.718391e-04],"[8.5506329e-08 1.3776244e-05 7.9792403e-03 7.2803217e-01 2.5794187e-01
 5.9905900e-03 4.1608571e-05 7.0136286e-07 1.6516701e-08]",0,Others,20-39
/scratch/project_462000771/mengting/projects/bias/hunyuan/prompt2/selected_faces/detected_fearful/fearful_person_0080_face0.png,Indian,Asian,Male,20-29,"[0.04704352 0.04524215 0.20976838 0.03229695 0.23972936 0.4217155
 0.00420421]",[0.33460683 0.04505416 0.474541   0.14579797],[0.99726707 0.00273296],"[2.6276010e-07 5.0153452e-05 1.8787473e-02 7.6540053e-01 2.1172820e-01
 3.9972356e-03 3.4540564e-05 1.6108062e-06 9.0319745e-08]",1,Others,20-39
/scratch/project_462000771/mengting/projects/bias/hunyuan/prompt2/selected_faces/detected_fearful/fearful_person_0081_face0.png,Indian,Asian,Male,20-29,"[0.01826495 0.00650626 0.22359015 0.0142762  0.3538975  0.37707344
 0.00639153]",[0.02844418 0.0055564  0.8199208  0.1460786 ],[9.9999988e-01 1.6786969e-07],"[3.0064157e-07 4.0108277e-04 4.7548499e-02 7.9853743e-01 1.4809391e-01
 5.3710365e-03 4.6300163e-05 1.4882220e-06 3.2628623e-08]",0,Others,20-39
/scratch/project_462000771/mengting/projects/bias/hunyuan/prompt2/selected_faces/detected_fearful/fearful_person_0082_face0.png,Indian,Indian,Male,20-29,"[0.04819243 0.00843645 0.2845752  0.05601762 0.15047207 0.44599435
 0.00631185]",[0.04183746 0.0023549  0.45974153 0.49606612],[0.9821156  0.01788443],"[4.8610491e-06 1.1101338e-03 5.3894442e-02 7.0358735e-01 2.2095041e-01
 1.9670887e-02 7.3498260e-04 4.3641598e-05 3.1897296e-06]",1,Others,20-39
/scratch/project_462000771/mengting/projects/bias/hunyuan/prompt2/selected_faces/detected_fearful/fearful_person_0083_face0.png,East Asian,Asian,Female,20-29,"[8.6802663e-03 3.8596787e-04 4.1493032e-02 4.7129950e-01 4.2242378e-01
 5.4650176e-02 1.0672437e-03]",[5.5309115e-03 2.9747034e-04 9.8932171e-01 4.8499205e-03],[0.01664609 0.9833539 ],"[1.0232395e-07 1.8715476e-04 1.2112046e-01 8.3693480e-01 4.1403286e-02
 3.5224625e-04 1.8206867e-06 1.2269557e-07 4.2114321e-09]",1,Asian,20-39
/scratch/project_462000771/mengting/projects/bias/hunyuan/prompt2/selected_faces/detected_fearful/fearful_person_0084_face0.png,White,White,Male,50-59,"[0.4803823  0.23285046 0.1713636  0.00100477 0.00309619 0.03157284
 0.0797298 ]",[0.90728974 0.00874648 0.00357031 0.08039346],[0.9962187  0.00378131],"[1.37059124e-05 4.32793531e-05 3.73712595e-04 1.35683175e-02
 7.55410120e-02 2.76658744e-01 4.41362143e-01 1.77452594e-01
 1.49865123e-02]",1,White,40-59
/scratch/project_462000771/mengting/projects/bias/hunyuan/prompt2/selected_faces/detected_fearful/fearful_person_0085_face0.png,Indian,Indian,Male,30-39,"[5.8637545e-02 1.6903079e-01 2.6522306e-01 1.8044023e-04 4.6122065e-03
 4.6368495e-01 3.8631029e-02]",[0.12673907 0.01104987 0.01501177 0.8471993 ],[9.999961e-01 3.856889e-06],"[3.2150874e-06 7.4293657e-04 3.0687548e-02 4.3202612e-01 4.5030901e-01
 8.1489198e-02 4.5122253e-03 2.2287630e-04 6.9454495e-06]",1,Others,20-39
/scratch/project_462000771/mengting/projects/bias/hunyuan/prompt2/selected_faces/detected_fearful/fearful_person_0086_face0.png,East Asian,Asian,Female,20-29,"[0.02522038 0.01132625 0.09636755 0.5720221  0.25567198 0.0373803
 0.00201152]",[0.01842254 0.00497564 0.94249946 0.03410232],[0.02677833 0.97322166],"[1.6541028e-07 1.8033783e-04 5.1300969e-02 7.7205002e-01 1.7096786e-01
 5.4105464e-03 8.1492341e-05 8.0037589e-06 5.9386446e-07]",1,Asian,20-39
/scratch/project_462000771/mengting/projects/bias/hunyuan/prompt2/selected_faces/detected_fearful/fearful_person_0087_face0.png,Southeast Asian,Asian,Female,20-29,"[0.16322562 0.0005645  0.22911263 0.26339614 0.27681735 0.05316144
 0.01372224]",[1.8092549e-01 1.7548571e-04 7.3961484e-01 7.9284154e-02],[0.0170781 0.9829219],"[1.29678529e-06 1.30110222e-03 1.00734435e-01 7.04466999e-01
 1.86819538e-01 6.52569253e-03 1.38927746e-04 1.15108924e-05
 5.39512428e-07]",1,Asian,20-39
/scratch/project_462000771/mengting/projects/bias/hunyuan/prompt2/selected_faces/detected_fearful/fearful_person_0088_face0.png,Southeast Asian,Asian,Male,20-29,"[2.5334145e-04 4.6649212e-03 2.8014256e-02 1.5667720e-01 7.9795879e-01
 1.2359954e-02 7.1429473e-05]",[0.00141924 0.00287197 0.9748073  0.02090154],[9.999999e-01 6.563336e-08],"[2.5513904e-08 1.4704455e-05 1.6203141e-02 7.7737629e-01 2.0118187e-01
 5.1642209e-03 5.7606470e-05 2.1031524e-06 3.0089172e-08]",0,Asian,20-39
/scratch/project_462000771/mengting/projects/bias/hunyuan/prompt2/selected_faces/detected_fearful/fearful_person_0089_face0.png,Latino_Hispanic,Asian,Male,20-29,"[0.163091   0.00103347 0.29499045 0.2470036  0.22308944 0.05293421
 0.01785779]",[2.6986596e-01 3.8909944e-04 6.6780263e-01 6.1942317e-02],[9.9999750e-01 2.5173454e-06],"[4.58609890e-07 4.55582194e-04 7.15878755e-02 7.87450612e-01
 1.32211164e-01 8.08493793e-03 1.97248111e-04 1.18419985e-05
 2.60863317e-07]",1,Others,20-39
/scratch/project_462000771/mengting/projects/bias/hunyuan/prompt2/selected_faces/detected_fearful/fearful_person_0090_face0.png,Latino_Hispanic,Indian,Male,20-29,"[0.15239637 0.1080775  0.47731125 0.02818921 0.0940863  0.12196678
 0.01797257]",[0.18321505 0.15351412 0.1846197  0.47865114],[9.9932581e-01 6.7419134e-04],"[1.6708624e-05 3.0147231e-03 5.6223910e-02 5.6541550e-01 3.0781978e-01
 6.1369564e-02 5.4902383e-03 5.8092707e-04 6.8707588e-05]",0,Others,20-39
/scratch/project_462000771/mengting/projects/bias/hunyuan/prompt2/selected_faces/detected_fearful/fearful_person_0091_face0.png,East Asian,Asian,Female,20-29,"[4.8915441e-03 4.4906446e-05 1.1077497e-02 7.7692944e-01 2.0612891e-01
 7.8124786e-04 1.4638326e-04]",[6.32387912e-03 1.18084274e-04 9.93013084e-01 5.44953160e-04],[0.01857795 0.98142207],"[4.0460540e-07 4.1347696e-04 9.5940687e-02 8.2406592e-01 7.7141345e-02
 2.3806638e-03 5.1501465e-05 5.5301953e-06 3.1475770e-07]",1,Asian,20-39
/scratch/project_462000771/mengting/projects/bias/hunyuan/prompt2/selected_faces/detected_fearful/fearful_person_0093_face0.png,Southeast Asian,Asian,Male,20-29,"[0.00990167 0.00156264 0.17385815 0.12207183 0.6424557  0.04327334
 0.00687668]",[1.9276518e-02 5.9092121e-04 9.4536191e-01 3.4770701e-02],[9.999108e-01 8.921511e-05],"[1.8517032e-05 7.6813209e-03 8.4183022e-02 5.9860176e-01 2.7690256e-01
 3.1570561e-02 9.7331865e-04 6.6123408e-05 2.7897609e-06]",1,Asian,20-39
/scratch/project_462000771/mengting/projects/bias/hunyuan/prompt2/selected_faces/detected_fearful/fearful_person_0094_face0.png,Black,Black,Male,20-29,"[3.7086231e-03 9.2030722e-01 3.9877325e-02 7.3719697e-05 1.1531543e-03
 3.0953074e-02 3.9268690e-03]",[0.00101975 0.90743524 0.00923855 0.08230653],[9.9999869e-01 1.3057592e-06],"[3.1627046e-06 4.8692198e-04 2.7497983e-02 6.3649625e-01 2.9782414e-01
 3.5537347e-02 1.9555632e-03 1.8898406e-04 9.7279453e-06]",1,Black,20-39
/scratch/project_462000771/mengting/projects/bias/hunyuan/prompt2/selected_faces/detected_fearful/fearful_person_0095_face0.png,Latino_Hispanic,White,Male,20-29,"[0.09850903 0.02383444 0.49346694 0.01358234 0.05259127 0.28585058
 0.0321654 ]",[0.564637   0.01005511 0.20893148 0.21637638],[9.99885023e-01 1.14985334e-04],"[1.0247879e-06 1.1507150e-03 9.7116575e-02 8.1699491e-01 8.2351483e-02
 2.3563849e-03 2.6704347e-05 2.0753985e-06 1.3382073e-07]",0,Others,20-39
/scratch/project_462000771/mengting/projects/bias/hunyuan/prompt2/selected_faces/detected_fearful/fearful_person_0096_face0.png,Southeast Asian,Asian,Male,20-29,"[0.00341719 0.00111382 0.07329254 0.19141617 0.6888962  0.04098196
 0.00088215]",[0.00276405 0.00281571 0.9568982  0.03752196],[9.9997568e-01 2.4360184e-05],"[5.6979246e-08 4.3480595e-05 3.6630981e-02 8.4338635e-01 1.1832253e-01
 1.6055573e-03 1.0536061e-05 5.4126849e-07 1.4956163e-08]",1,Asian,20-39
/scratch/project_462000771/mengting/projects/bias/hunyuan/prompt2/selected_faces/detected_fearful/fearful_person_0097_face0.png,Latino_Hispanic,White,Female,20-29,"[0.10930161 0.00356744 0.5064099  0.00629325 0.01861984 0.34276393
 0.01304401]",[0.7238365  0.00119924 0.03973388 0.23523036],[1.8231299e-04 9.9981767e-01],"[5.7312741e-07 1.5474872e-03 7.3350877e-02 7.8539920e-01 1.3650073e-01
 3.1674574e-03 3.1461506e-05 2.0465786e-06 1.5061488e-07]",1,Others,20-39
/scratch/project_462000771/mengting/projects/bias/hunyuan/prompt2/selected_faces/detected_fearful/fearful_person_0098_face0.png,White,White,Male,20-29,"[0.60617006 0.00913647 0.17430414 0.00637822 0.00598015 0.01491442
 0.18311657]",[0.52537936 0.1038032  0.03103581 0.33978152],[0.99672365 0.00327632],"[3.3608937e-06 9.9322584e-05 4.3519125e-03 5.2032143e-01 4.3626711e-01
 3.8059484e-02 8.4180338e-04 5.2134754e-05 3.4616919e-06]",1,White,20-39
/scratch/project_462000771/mengting/projects/bias/hunyuan/prompt2/selected_faces/detected_fearful/fearful_person_0099_face0.png,Latino_Hispanic,Indian,Male,30-39,"[1.9500853e-01 6.6623096e-03 4.2860833e-01 1.7966671e-04 3.3369462e-03
 2.5205863e-01 1.1414563e-01]",[0.4546057  0.00485363 0.05451727 0.48602352],[9.9995923e-01 4.0755182e-05],"[1.0600763e-05 9.7321451e-04 5.4417536e-02 3.9703065e-01 4.6245492e-01
 8.3116420e-02 1.9276266e-03 6.7164896e-05 1.8834165e-06]",1,Others,20-39
/scratch/project_462000771/mengting/projects/bias/hunyuan/prompt2/selected_faces/detected_fearful/fearful_person_0100_face0.png,Latino_Hispanic,White,Male,20-29,"[0.293603   0.03331994 0.54645884 0.00828736 0.02130799 0.06105111
 0.03597179]",[0.6737154  0.11412001 0.10428266 0.10788187],[9.999924e-01 7.654522e-06],"[2.2475233e-07 6.3521860e-05 1.2098875e-02 7.7334678e-01 2.0689017e-01
 7.5394469e-03 5.9350783e-05 1.5256829e-06 4.8371003e-08]",1,Others,20-39
/scratch/project_462000771/mengting/projects/bias/hunyuan/prompt2/selected_faces/detected_fearful/fearful_person_0101_face0.png,East Asian,Asian,Male,20-29,"[8.1906607e-03 4.4832707e-04 2.6207676e-02 5.3828710e-01 4.1963410e-01
 5.4960218e-03 1.7361672e-03]",[2.1517135e-03 4.7156875e-04 9.9172872e-01 5.6479676e-03],[1.0000000e+00 1.8058127e-08],"[1.21956898e-08 8.29315195e-06 1.60799418e-02 8.49820077e-01
 1.32461354e-01 1.61939405e-03 1.05175695e-05 3.47570534e-07
 2.76041745e-09]",1,Asian,20-39
/scratch/project_462000771/mengting/projects/bias/hunyuan/prompt2/selected_faces/detected_fearful/fearful_person_0102_face0.png,Southeast Asian,Asian,Male,20-29,"[1.2643447e-03 1.4786492e-04 2.0028697e-02 2.8804097e-01 6.4885473e-01
 4.1530825e-02 1.3251416e-04]",[2.8228937e-02 4.5945199e-04 7.3941618e-01 2.3189545e-01],[9.999997e-01 3.707030e-07],"[7.19827353e-09 4.54206656e-06 1.10152876e-02 8.71796608e-01
 1.16186514e-01 9.94035858e-04 2.94206188e-06 7.51674918e-08
 1.02079600e-09]",1,Asian,20-39
/scratch/project_462000771/mengting/projects/bias/hunyuan/prompt2/selected_faces/detected_fearful/fearful_person_0103_face0.png,Latino_Hispanic,White,Male,20-29,"[0.31861284 0.02559814 0.32123217 0.00090919 0.00276476 0.30769315
 0.02318978]",[0.7989861  0.00337869 0.0289769  0.16865832],[0.9987701 0.0012299],"[4.1298739e-07 6.5335465e-05 1.4646334e-02 6.8238336e-01 2.9149452e-01
 1.1216251e-02 1.8569313e-04 7.5232615e-06 5.5626015e-07]",0,Others,20-39
/scratch/project_462000771/mengting/projects/bias/hunyuan/prompt2/selected_faces/detected_fearful/fearful_person_0104_face0.png,Southeast Asian,Asian,Male,20-29,"[1.3985037e-02 3.4201067e-04 1.9173853e-01 2.9489094e-01 4.8713776e-01
 8.0643157e-03 3.8413932e-03]",[8.4459158e-03 8.7675333e-05 9.8837018e-01 3.0962615e-03],[1.000000e+00 3.242339e-08],"[9.76781251e-08 4.28959465e-05 7.66187860e-03 8.36988330e-01
 1.52738944e-01 2.55338219e-03 1.40319335e-05 4.04108903e-07
 5.07113551e-09]",1,Asian,20-39
/scratch/project_462000771/mengting/projects/bias/hunyuan/prompt2/selected_faces/detected_fearful/fearful_person_0105_face0.png,Indian,White,Male,20-29,"[0.27515996 0.03930734 0.14433657 0.00224714 0.01987132 0.4961782
 0.0228995 ]",[0.5374267  0.00565334 0.04164096 0.415279  ],[0.9922247 0.0077753],"[3.3519683e-07 7.9681515e-05 1.9086663e-02 7.1765727e-01 2.4699087e-01
 1.5637979e-02 4.8956339e-04 4.9768736e-05 7.9184529e-06]",0,Others,20-39
/scratch/project_462000771/mengting/projects/bias/hunyuan/prompt2/selected_faces/detected_fearful/fearful_person_0106_face0.png,East Asian,Asian,Female,20-29,"[4.5730672e-03 7.6919256e-05 5.6401737e-02 6.4508528e-01 2.4889611e-01
 4.3846041e-02 1.1209869e-03]",[3.7171694e-03 1.8811699e-04 8.9125663e-01 1.0483808e-01],[0.13396397 0.86603606],"[3.2157996e-06 1.5332979e-03 7.2776295e-02 8.1943244e-01 1.0398847e-01
 2.2450432e-03 1.9520425e-05 1.6471723e-06 5.8351230e-08]",0,Asian,20-39
/scratch/project_462000771/mengting/projects/bias/hunyuan/prompt2/selected_faces/detected_fearful/fearful_person_0107_face0.png,Southeast Asian,Asian,Female,20-29,"[5.6982520e-03 1.8842848e-03 3.5393126e-02 3.0837554e-01 6.3323903e-01
 1.5225027e-02 1.8475857e-04]",[0.00437171 0.00106392 0.9555669  0.03899753],[0.11126348 0.88873655],"[2.4270805e-06 2.9342391e-03 1.8544212e-01 7.4080813e-01 6.8884157e-02
 1.8720255e-03 4.7635676e-05 8.1477519e-06 1.0563443e-06]",0,Asian,20-39
/scratch/project_462000771/mengting/projects/bias/hunyuan/prompt2/selected_faces/detected_fearful/fearful_person_0108_face0.png,Southeast Asian,Asian,Male,20-29,"[0.01855601 0.05612594 0.21362384 0.04414206 0.36279455 0.29984584
 0.00491178]",[0.01534248 0.01546242 0.55767024 0.41152483],[9.9996865e-01 3.1390864e-05],"[2.5997908e-06 2.1972798e-03 2.1876933e-01 6.2995583e-01 1.3844447e-01
 1.0112743e-02 4.7543788e-04 4.0426341e-05 1.7943715e-06]",1,Asian,20-39
/scratch/project_462000771/mengting/projects/bias/hunyuan/prompt2/selected_faces/detected_fearful/fearful_person_0109_face0.png,East Asian,Asian,Female,20-29,"[3.6221859e-03 3.9289451e-05 6.7333677e-03 8.9526522e-01 9.3427032e-02
 7.3894276e-04 1.7405437e-04]",[2.0508716e-02 3.0332209e-05 9.7525018e-01 4.2108647e-03],[0.00203565 0.9979643 ],"[1.0177115e-06 2.5787463e-03 1.4765479e-01 8.1398612e-01 3.4859847e-02
 9.0740487e-04 1.0659130e-05 1.3636810e-06 1.0236156e-07]",1,Asian,20-39
/scratch/project_462000771/mengting/projects/bias/hunyuan/prompt2/selected_faces/detected_fearful/fearful_person_0110_face0.png,White,Asian,Male,20-29,"[0.68866074 0.02100698 0.15125988 0.01434284 0.02366495 0.03578291
 0.06528176]",[0.16549745 0.04774374 0.41210216 0.37465662],[0.9977997  0.00220036],"[9.0555623e-06 2.5189869e-04 1.5428479e-02 5.3692126e-01 3.9001277e-01
 5.2856315e-02 4.2360765e-03 2.6101369e-04 2.3184770e-05]",0,White,20-39
/scratch/project_462000771/mengting/projects/bias/hunyuan/prompt2/selected_faces/detected_fearful/fearful_person_0111_face0.png,Latino_Hispanic,Indian,Male,20-29,"[1.1833708e-01 1.7171754e-02 3.3898404e-01 2.4909174e-04 2.4603053e-03
 3.1757092e-01 2.0522690e-01]",[0.125758   0.02039159 0.00455091 0.84929955],[9.9999738e-01 2.6316259e-06],"[9.3044464e-06 8.3497603e-04 1.8388379e-02 4.8514485e-01 4.1421458e-01
 7.8381017e-02 2.8289077e-03 1.8892672e-04 9.1080337e-06]",1,Others,20-39
/scratch/project_462000771/mengting/projects/bias/hunyuan/prompt2/selected_faces/detected_fearful/fearful_person_0112_face0.png,Southeast Asian,Asian,Male,20-29,"[1.6782564e-04 4.5562880e-03 6.1534182e-03 2.7996870e-02 9.4971991e-01
 1.1371482e-02 3.4304685e-05]",[7.0465327e-04 1.9866417e-03 9.9363637e-01 3.6723712e-03],[9.9977231e-01 2.2768318e-04],"[6.64428853e-06 1.93925144e-03 1.14924535e-01 4.85506207e-01
 2.84073055e-01 9.06852633e-02 1.90774184e-02 3.32022691e-03
 4.67352191e-04]",1,Asian,20-39
/scratch/project_462000771/mengting/projects/bias/hunyuan/prompt2/selected_faces/detected_fearful/fearful_person_0113_face0.png,Southeast Asian,White,Male,20-29,"[0.12136549 0.0260627  0.29679862 0.18846042 0.34551275 0.01979829
 0.00200168]",[0.4988098  0.00178401 0.4869286  0.01247756],[9.9990690e-01 9.3071874e-05],"[1.6103417e-07 1.7921957e-04 9.1463923e-02 8.7807262e-01 2.9951435e-02
 3.3078538e-04 1.7959726e-06 7.8710769e-08 2.9965077e-09]",1,Asian,20-39
/scratch/project_462000771/mengting/projects/bias/hunyuan/prompt2/selected_faces/detected_fearful/fearful_person_0114_face0.png,Southeast Asian,Asian,Female,10-19,"[1.59254018e-02 1.11628106e-04 9.65837166e-02 3.72867703e-01
 4.89082664e-01 2.49642767e-02 4.64653858e-04]",[6.5942104e-03 2.6844429e-05 9.9163133e-01 1.7476600e-03],[0.02108518 0.9789148 ],"[1.8921208e-05 1.3318837e-01 5.4468673e-01 3.1242004e-01 9.4896043e-03
 1.9381566e-04 2.2007423e-06 4.0401389e-07 3.8024798e-08]",1,Asian,10-19
/scratch/project_462000771/mengting/projects/bias/hunyuan/prompt2/selected_faces/detected_fearful/fearful_person_0115_face0.png,Latino_Hispanic,Indian,Male,20-29,"[0.10916834 0.01313946 0.4766574  0.01200888 0.04767724 0.29013255
 0.05121613]",[0.24571821 0.00392692 0.3711217  0.37923324],[9.9999946e-01 5.1652609e-07],"[4.3959969e-07 8.3234854e-04 1.7113087e-01 7.9136980e-01 3.6027458e-02
 6.3425192e-04 4.5743382e-06 2.6158332e-07 4.5794994e-09]",1,Others,20-39
/scratch/project_462000771/mengting/projects/bias/hunyuan/prompt2/selected_faces/detected_fearful/fearful_person_0116_face0.png,Latino_Hispanic,Asian,Male,30-39,"[0.1885318  0.01152874 0.42256045 0.02835074 0.12225807 0.12618034
 0.10058989]",[0.05891798 0.01715079 0.785725   0.13820624],[1.0000000e+00 1.1400093e-08],"[3.1714940e-06 1.0158392e-03 4.3753557e-02 3.9406502e-01 4.5207521e-01
 1.0498042e-01 3.9328979e-03 1.7127286e-04 2.6138923e-06]",0,Others,20-39
/scratch/project_462000771/mengting/projects/bias/hunyuan/prompt2/selected_faces/detected_fearful/fearful_person_0117_face0.png,East Asian,Asian,Female,20-29,"[1.3173823e-02 3.2569893e-04 2.3165947e-02 6.8565732e-01 2.4981508e-01
 2.7247541e-02 6.1453931e-04]",[5.2660484e-02 2.5072563e-04 9.2619503e-01 2.0893795e-02],[0.02573712 0.9742629 ],"[1.14113045e-05 3.93363722e-02 4.03279483e-01 5.33878863e-01
 2.30651554e-02 4.21678793e-04 5.89641922e-06 1.07632854e-06
 8.42970920e-08]",1,Asian,20-39
/scratch/project_462000771/mengting/projects/bias/hunyuan/prompt2/selected_faces/detected_fearful/fearful_person_0118_face0.png,Black,Indian,Male,20-29,"[0.05166853 0.49315378 0.12572916 0.00240772 0.01582379 0.2996474
 0.01156963]",[0.1284905  0.08040389 0.1299875  0.66111815],[9.993051e-01 6.949263e-04],"[6.3327757e-06 1.1322146e-03 4.1218672e-02 5.3097939e-01 3.4880716e-01
 7.1975335e-02 5.3366800e-03 5.0494447e-04 3.9335893e-05]",0,Black,20-39
/scratch/project_462000771/mengting/projects/bias/hunyuan/prompt2/selected_faces/detected_fearful/fearful_person_0119_face0.png,East Asian,Asian,Female,20-29,"[7.4398174e-04 4.0179016e-06 8.4423652e-04 9.4233549e-01 5.5742640e-02
 2.9948758e-04 3.0254065e-05]",[4.8225686e-02 4.0347959e-06 9.4974113e-01 2.0290918e-03],[0.05061604 0.949384  ],"[3.2462566e-08 6.2682084e-05 9.8098166e-02 8.5372329e-01 4.7646314e-02
 4.6664159e-04 2.7022395e-06 2.0990922e-07 5.7340506e-09]",1,Asian,20-39
/scratch/project_462000771/mengting/projects/bias/hunyuan/prompt2/selected_faces/detected_fearful/fearful_person_0120_face0.png,Latino_Hispanic,White,Male,20-29,"[0.19577344 0.00345525 0.37169003 0.01936483 0.05975046 0.21012439
 0.13984154]",[0.773135   0.00332764 0.09299216 0.1305452 ],[9.9999964e-01 3.6202266e-07],"[4.4660740e-07 1.2801352e-04 9.9720089e-03 7.7007949e-01 2.1394810e-01
 5.8405343e-03 3.0171108e-05 1.2579776e-06 2.3026054e-08]",1,Others,20-39
/scratch/project_462000771/mengting/projects/bias/hunyuan/prompt2/selected_faces/detected_fearful/fearful_person_0121_face0.png,East Asian,Asian,Female,30-39,"[0.10613937 0.00271615 0.1076041  0.50333947 0.24039945 0.02220278
 0.01759867]",[6.8252683e-03 3.2358317e-04 9.7042173e-01 2.2429397e-02],[0.01829441 0.98170555],"[2.1790629e-05 9.2982710e-04 1.5827373e-02 2.6151696e-01 3.1746984e-01
 1.9807141e-01 1.1799061e-01 7.0256211e-02 1.7915959e-02]",1,Asian,20-39
/scratch/project_462000771/mengting/projects/bias/hunyuan/prompt2/selected_faces/detected_fearful/fearful_person_0122_face0.png,East Asian,Asian,Female,20-29,"[0.01483769 0.00100864 0.04229135 0.6082858  0.31180382 0.01916606
 0.00260667]",[9.6350595e-02 3.9126028e-04 8.6527252e-01 3.7985638e-02],[0.00335619 0.99664384],"[7.1948257e-06 4.0814020e-03 1.1787272e-01 7.2312301e-01 1.4948197e-01
 5.2659102e-03 1.5251381e-04 1.4584035e-05 6.8795498e-07]",0,Asian,20-39
/scratch/project_462000771/mengting/projects/bias/hunyuan/prompt2/selected_faces/detected_fearful/fearful_person_0123_face0.png,East Asian,Asian,Female,20-29,"[1.0418188e-03 1.2952198e-04 3.6049392e-03 7.9184389e-01 2.0172144e-01
 1.6400609e-03 1.8307050e-05]",[2.2805069e-02 3.7128484e-04 9.7057396e-01 6.2496443e-03],[0.36565185 0.63434815],"[5.7399780e-07 5.1736836e-03 3.8700265e-01 5.9795266e-01 9.7803716e-03
 8.9429777e-05 6.3491728e-07 4.8360285e-08 3.6512668e-09]",1,Asian,20-39
/scratch/project_462000771/mengting/projects/bias/hunyuan/prompt2/selected_faces/detected_fearful/fearful_person_0124_face0.png,East Asian,Asian,Male,20-29,"[4.5845732e-03 6.1684143e-04 5.8938015e-02 6.0822743e-01 3.2295746e-01
 4.2220005e-03 4.5365791e-04]",[4.046636e-03 5.485954e-05 9.874267e-01 8.471742e-03],[0.5191309 0.4808691],"[2.2127749e-06 7.2728493e-03 3.4884840e-01 6.1284763e-01 3.0549701e-02
 4.7457524e-04 4.2547372e-06 4.1657279e-07 2.9829561e-08]",0,Asian,20-39
/scratch/project_462000771/mengting/projects/bias/hunyuan/prompt2/selected_faces/detected_fearful/fearful_person_0125_face0.png,White,White,Male,20-29,"[0.42051232 0.15257598 0.27019456 0.00070109 0.00388143 0.04314813
 0.10898644]",[0.583186   0.19207364 0.093909   0.13083132],[9.9998778e-01 1.2212139e-05],"[2.21122590e-07 1.04207254e-04 3.14513519e-02 7.60649323e-01
 2.01497138e-01 6.23749429e-03 5.83274777e-05 1.88393847e-06
 7.46562350e-08]",1,White,20-39
/scratch/project_462000771/mengting/projects/bias/hunyuan/prompt2/selected_faces/detected_fearful/fearful_person_0126_face0.png,Latino_Hispanic,Indian,Male,20-29,"[0.10128757 0.01849391 0.53058165 0.00449568 0.02066536 0.2975318
 0.02694388]",[0.24083258 0.00942453 0.14125058 0.6084923 ],[9.9998313e-01 1.6849892e-05],"[2.7591625e-07 1.0508246e-04 1.6252503e-02 7.7894199e-01 1.9863373e-01
 6.0261134e-03 3.9152383e-05 1.0986422e-06 3.1034986e-08]",1,Others,20-39
/scratch/project_462000771/mengting/projects/bias/hunyuan/prompt2/selected_faces/detected_fearful/fearful_person_0127_face0.png,Southeast Asian,Indian,Male,20-29,"[0.00198205 0.06875225 0.08121677 0.04252822 0.44070137 0.36392915
 0.00089021]",[0.0079922  0.01510863 0.34828255 0.62861663],[9.9940705e-01 5.9295533e-04],"[1.4527907e-04 6.8693832e-02 2.5330314e-01 4.0938190e-01 2.1432327e-01
 5.0595473e-02 3.1290378e-03 3.8945087e-04 3.8727474e-05]",1,Asian,20-39
/scratch/project_462000771/mengting/projects/bias/hunyuan/prompt2/selected_faces/detected_fearful/fearful_person_0128_face0.png,Latino_Hispanic,Indian,Male,30-39,"[2.9614896e-01 2.4052974e-02 4.6071517e-01 2.6361147e-04 2.1290744e-03
 4.3907709e-02 1.7278253e-01]",[0.30842078 0.10917521 0.01611884 0.5662852 ],[9.9999696e-01 2.9916491e-06],"[9.6234771e-07 6.3059182e-05 1.0053660e-02 4.3216592e-01 4.5225868e-01
 9.7295858e-02 7.5893123e-03 5.4984499e-04 2.2639806e-05]",0,Others,20-39
/scratch/project_462000771/mengting/projects/bias/hunyuan/prompt2/selected_faces/detected_fearful/fearful_person_0129_face0.png,Indian,Indian,Male,20-29,"[0.00442843 0.01481447 0.08414973 0.09463477 0.31085056 0.49039063
 0.00073141]",[1.9497605e-02 4.8088326e-04 3.1149411e-01 6.6852742e-01],[0.9978223  0.00217779],"[1.6475942e-05 3.6247477e-02 4.1926023e-01 4.9871355e-01 4.3078173e-02
 2.6270701e-03 5.2044237e-05 4.5471129e-06 4.2727925e-07]",1,Others,20-39
/scratch/project_462000771/mengting/projects/bias/hunyuan/prompt2/selected_faces/detected_fearful/fearful_person_0130_face0.png,White,Indian,Male,30-39,"[4.4804844e-01 1.8479178e-02 2.7991480e-01 7.0806869e-05 1.0358106e-03
 1.8888049e-01 6.3570462e-02]",[0.08393403 0.01729509 0.01069729 0.88807356],[9.999822e-01 1.788712e-05],"[3.4420327e-07 5.8640948e-05 1.1549738e-02 4.6076167e-01 4.7484711e-01
 5.1463965e-02 1.2816008e-03 3.5443336e-05 1.4684389e-06]",1,White,20-39
/scratch/project_462000771/mengting/projects/bias/hunyuan/prompt2/selected_faces/detected_fearful/fearful_person_0131_face0.png,White,White,Male,20-29,"[9.4536203e-01 3.7916785e-04 3.3260383e-02 2.5504114e-05 1.5957869e-04
 2.5065127e-03 1.8306773e-02]",[9.9874246e-01 1.0549027e-04 2.6575528e-04 8.8634004e-04],[9.9999464e-01 5.3163585e-06],"[5.1413505e-09 6.4680512e-06 1.3274497e-02 8.6731988e-01 1.1859096e-01
 8.0640608e-04 1.7974213e-06 3.5185991e-08 7.9183876e-10]",1,White,20-39
/scratch/project_462000771/mengting/projects/bias/hunyuan/prompt2/selected_faces/detected_fearful/fearful_person_0132_face0.png,Indian,Indian,Male,30-39,"[0.0384547  0.12626977 0.29254088 0.00103726 0.00992983 0.51738405
 0.01438358]",[0.00571543 0.1649853  0.01676005 0.8125392 ],[0.99466926 0.00533074],"[1.3651991e-05 6.5492257e-04 1.7526429e-02 2.5081152e-01 4.6597320e-01
 2.3243925e-01 3.0583160e-02 1.8335307e-03 1.6429734e-04]",1,Others,20-39
/scratch/project_462000771/mengting/projects/bias/hunyuan/prompt2/selected_faces/detected_fearful/fearful_person_0133_face0.png,Southeast Asian,Asian,Male,20-29,"[0.00511303 0.00940312 0.06719841 0.43373546 0.4526429  0.02659192
 0.00531523]",[0.01331852 0.02472405 0.9593064  0.00265102],[9.9999815e-01 1.8117090e-06],"[1.7511791e-05 2.0385392e-03 5.7818212e-02 6.8909562e-01 2.1733353e-01
 3.0923981e-02 2.2141642e-03 5.3816946e-04 2.0320542e-05]",1,Asian,20-39
/scratch/project_462000771/mengting/projects/bias/hunyuan/prompt2/selected_faces/detected_fearful/fearful_person_0134_face0.png,Latino_Hispanic,White,Male,20-29,"[0.29097477 0.02456503 0.40550855 0.0086004  0.04438778 0.04465817
 0.18130529]",[0.6231121  0.01878797 0.33168733 0.02641263],[1.0000000e+00 3.4107018e-08],"[7.89505066e-08 6.60935475e-05 8.47634580e-03 6.57095850e-01
 3.22815120e-01 1.14809945e-02 6.39918871e-05 1.59254671e-06
 2.21226593e-08]",0,Others,20-39
/scratch/project_462000771/mengting/projects/bias/hunyuan/prompt2/selected_faces/detected_fearful/fearful_person_0135_face0.png,Latino_Hispanic,Asian,Male,20-29,"[0.01869413 0.0062051  0.56144017 0.03469451 0.31429848 0.06036521
 0.00430231]",[2.8805339e-03 5.1735307e-04 9.8056448e-01 1.6037637e-02],[9.996518e-01 3.482293e-04],"[9.9897406e-06 6.0356152e-03 1.6724423e-01 6.2839836e-01 1.8553905e-01
 1.2489236e-02 2.7307178e-04 1.0070650e-05 4.0614805e-07]",0,Others,20-39
/scratch/project_462000771/mengting/projects/bias/hunyuan/prompt2/selected_faces/detected_fearful/fearful_person_0136_face0.png,Latino_Hispanic,White,Male,20-29,"[0.33406708 0.02236675 0.44568494 0.00130136 0.00621967 0.08577119
 0.10458905]",[0.76899    0.01768575 0.03573841 0.17758593],[9.9999690e-01 3.1040736e-06],"[1.7834557e-06 1.7352811e-03 6.9225848e-02 7.9867959e-01 1.2711541e-01
 3.2039850e-03 3.5739904e-05 2.3017337e-06 9.4778748e-08]",1,Others,20-39
/scratch/project_462000771/mengting/projects/bias/hunyuan/prompt2/selected_faces/detected_fearful/fearful_person_0138_face0.png,Black,Black,Male,40-49,"[5.8226962e-02 6.7661953e-01 4.9662549e-02 6.6390558e-04 5.8413674e-03
 1.1852200e-01 9.0463623e-02]",[0.10175038 0.5492545  0.03662453 0.31237066],[9.9975991e-01 2.4005711e-04],"[9.0685666e-05 1.1363125e-03 8.2113640e-03 8.8428512e-02 2.5999877e-01
 3.7755483e-01 2.2944671e-01 3.1820443e-02 3.3123428e-03]",0,Black,40-59
/scratch/project_462000771/mengting/projects/bias/hunyuan/prompt2/selected_faces/detected_fearful/fearful_person_0139_face0.png,Southeast Asian,Asian,Male,20-29,"[0.0037066  0.00518192 0.06867828 0.22915582 0.6322416  0.06038112
 0.00065467]",[0.05104472 0.00243801 0.9144857  0.03203159],[9.999453e-01 5.470831e-05],"[5.6436206e-06 5.1619168e-03 1.4464848e-01 6.8443471e-01 1.5412000e-01
 1.1304695e-02 3.0790755e-04 1.5916299e-05 6.8692344e-07]",0,Asian,20-39
/scratch/project_462000771/mengting/projects/bias/hunyuan/prompt2/selected_faces/detected_fearful/fearful_person_0140_face0.png,Latino_Hispanic,Indian,Male,20-29,"[0.06629994 0.01309155 0.62065375 0.01999575 0.07961228 0.19246647
 0.00788018]",[0.08175611 0.00441254 0.31130278 0.6025286 ],[0.8925503  0.10744968],"[1.2751680e-07 2.3487546e-04 9.2356913e-02 8.2444435e-01 8.1712179e-02
 1.2431178e-03 8.0410837e-06 3.6115478e-07 1.2789686e-08]",0,Others,20-39
/scratch/project_462000771/mengting/projects/bias/hunyuan/prompt2/selected_faces/detected_fearful/fearful_person_0141_face0.png,Latino_Hispanic,Indian,Male,20-29,"[0.2004653  0.02574089 0.36961997 0.01008841 0.06572057 0.31259316
 0.01577163]",[0.19560157 0.06971619 0.14375511 0.5909272 ],[9.9999934e-01 7.0744795e-07],"[7.2794165e-07 6.2048074e-04 1.1532951e-01 7.9967678e-01 8.1369065e-02
 2.9420601e-03 5.7800302e-05 3.6254460e-06 1.2910765e-07]",1,Others,20-39
/scratch/project_462000771/mengting/projects/bias/hunyuan/prompt2/selected_faces/detected_fearful/fearful_person_0142_face0.png,White,White,Male,20-29,"[7.1819216e-01 1.3023509e-02 1.5954696e-01 3.1513820e-04 1.1837261e-03
 9.4721168e-02 1.3017390e-02]",[9.8815644e-01 2.2626374e-04 7.3638250e-04 1.0880935e-02],[9.9986649e-01 1.3351672e-04],"[1.68729827e-07 1.04386207e-04 1.56429354e-02 6.70527101e-01
 3.02207679e-01 1.14123113e-02 1.02498256e-04 2.80107201e-06
 1.34614524e-07]",1,White,20-39
/scratch/project_462000771/mengting/projects/bias/hunyuan/prompt2/selected_faces/detected_fearful/fearful_person_0143_face0.png,Latino_Hispanic,White,Male,20-29,"[0.11794313 0.05768382 0.49254808 0.0025224  0.01219172 0.28576148
 0.03134936]",[0.47584325 0.01805169 0.11642148 0.38968357],[9.9999183e-01 8.1200224e-06],"[4.3726888e-07 2.3906733e-04 2.6329780e-02 8.5544509e-01 1.1572481e-01
 2.2402813e-03 1.9634841e-05 9.3204699e-07 3.8833367e-08]",1,Others,20-39
/scratch/project_462000771/mengting/projects/bias/hunyuan/prompt2/selected_faces/detected_fearful/fearful_person_0144_face0.png,White,White,Male,20-29,"[9.7438002e-01 5.5000030e-05 2.1744892e-02 3.1880736e-05 1.3341730e-04
 7.5314188e-04 2.9016258e-03]",[9.7905493e-01 2.4837171e-04 7.8281655e-04 1.9913912e-02],[9.9993426e-01 6.5784079e-05],"[4.7778372e-09 1.9023266e-06 8.1012994e-03 9.0700692e-01 8.3444275e-02
 1.4328214e-03 1.2506544e-05 3.3209756e-07 1.1892110e-08]",0,White,20-39
/scratch/project_462000771/mengting/projects/bias/hunyuan/prompt2/selected_faces/detected_fearful/fearful_person_0146_face0.png,Latino_Hispanic,Asian,Male,20-29,"[0.04726542 0.05062151 0.36548802 0.06259892 0.35299453 0.10569295
 0.01533854]",[0.08713067 0.06546929 0.6770108  0.17038928],[9.999188e-01 8.115521e-05],"[3.7238394e-07 6.4423533e-05 3.1335302e-02 7.8726476e-01 1.7251965e-01
 8.5614519e-03 2.3582365e-04 1.7235683e-05 1.0279566e-06]",1,Others,20-39
/scratch/project_462000771/mengting/projects/bias/hunyuan/prompt2/selected_faces/detected_fearful/fearful_person_0147_face0.png,White,White,Male,20-29,"[8.3223206e-01 3.0157205e-03 7.1640991e-02 1.6475917e-04 9.6993631e-04
 6.1414413e-02 3.0562144e-02]",[9.5325303e-01 4.2965793e-04 1.6224369e-03 4.4694863e-02],[0.9989033  0.00109668],"[5.4796743e-08 2.9179228e-05 6.7881015e-03 6.8679321e-01 2.9809755e-01
 8.2182940e-03 7.1085284e-05 2.3644723e-06 1.8449070e-07]",0,White,20-39
/scratch/project_462000771/mengting/projects/bias/hunyuan/prompt2/selected_faces/detected_fearful/fearful_person_0148_face0.png,Southeast Asian,Asian,Male,20-29,"[0.02072099 0.00641244 0.26152658 0.17616472 0.45494682 0.07021118
 0.01001721]",[0.09125692 0.01365507 0.8108309  0.08425713],[1.000000e+00 3.481778e-08],"[8.19547438e-07 3.62101164e-05 2.93221767e-03 5.11814594e-01
 4.34553802e-01 4.91951816e-02 1.36324146e-03 1.02051294e-04
 1.79237247e-06]",1,Asian,20-39
/scratch/project_462000771/mengting/projects/bias/hunyuan/prompt2/selected_faces/detected_fearful/fearful_person_0149_face0.png,East Asian,Asian,Female,20-29,"[3.8293216e-03 6.2937172e-05 1.9781416e-02 7.0556521e-01 2.6459616e-01
 6.0411673e-03 1.2374701e-04]",[1.1543788e-02 6.2862481e-04 9.6426785e-01 2.3559744e-02],[0.04225139 0.9577486 ],"[6.3716027e-07 9.5555704e-04 1.5451033e-01 7.9969198e-01 4.4268236e-02
 5.6709576e-04 5.6193148e-06 5.6758040e-07 2.4609935e-08]",1,Asian,20-39
/scratch/project_462000771/mengting/projects/bias/hunyuan/prompt2/selected_faces/detected_fearful/fearful_person_0150_face0.png,East Asian,Asian,Female,20-29,"[5.0275237e-03 4.3653548e-04 2.9288664e-02 5.0468773e-01 4.5083988e-01
 9.2482334e-03 4.7149541e-04]",[6.6850660e-03 5.1513244e-04 9.0048128e-01 9.2318527e-02],[0.01036823 0.98963183],"[9.7573638e-06 1.6862571e-03 5.4316558e-02 5.0761324e-01 3.9108884e-01
 4.0712550e-02 3.9805672e-03 5.5797264e-04 3.4217155e-05]",1,Asian,20-39
/scratch/project_462000771/mengting/projects/bias/hunyuan/prompt2/selected_faces/detected_fearful/fearful_person_0151_face0.png,East Asian,Asian,Male,20-29,"[1.4526957e-04 1.1407984e-05 1.5316621e-03 6.0417843e-01 3.9398205e-01
 1.4482085e-04 6.3664834e-06]",[4.3402490e-04 4.2028350e-06 9.9939328e-01 1.6847145e-04],[9.9947256e-01 5.2743114e-04],"[1.1147697e-08 3.0899321e-06 2.3149963e-02 8.1231397e-01 1.6184318e-01
 2.6652173e-03 2.3199089e-05 1.3523892e-06 2.2904299e-08]",0,Asian,20-39
/scratch/project_462000771/mengting/projects/bias/hunyuan/prompt2/selected_faces/detected_fearful/fearful_person_0152_face0.png,White,Indian,Male,20-29,"[0.58176357 0.00441046 0.30521423 0.00294958 0.00656841 0.04395896
 0.05513479]",[0.26961622 0.02607008 0.06043014 0.6438836 ],[9.9995017e-01 4.9832466e-05],"[2.6334817e-08 3.8739181e-06 2.7982569e-03 6.2368095e-01 3.6419007e-01
 9.2819501e-03 4.3381548e-05 1.4712923e-06 5.3841656e-08]",1,White,20-39
/scratch/project_462000771/mengting/projects/bias/hunyuan/prompt2/selected_faces/detected_fearful/fearful_person_0153_face0.png,White,White,Male,20-29,"[9.4645172e-01 8.8039378e-05 2.0115448e-02 1.2419111e-04 3.3234415e-04
 4.9388292e-03 2.7949406e-02]",[0.9144223  0.00703686 0.00570265 0.07283819],[9.999603e-01 3.968598e-05],"[1.1561415e-07 2.1088230e-05 4.0238886e-03 7.3367280e-01 2.5758916e-01
 4.6743560e-03 1.8292067e-05 3.4001570e-07 1.3142389e-08]",1,White,20-39
/scratch/project_462000771/mengting/projects/bias/hunyuan/prompt2/selected_faces/detected_fearful/fearful_person_0154_face0.png,Latino_Hispanic,Indian,Male,20-29,"[1.0998903e-01 4.3502245e-03 7.6383090e-01 6.3470157e-04 3.4525353e-03
 4.8364513e-02 6.9378056e-02]",[0.10790733 0.0128877  0.04319774 0.83600724],[9.9976516e-01 2.3485022e-04],"[3.1404346e-07 1.2156389e-05 3.2643247e-03 6.3331002e-01 3.4635261e-01
 1.6829068e-02 2.2597704e-04 5.3850026e-06 1.5146578e-07]",1,Others,20-39
/scratch/project_462000771/mengting/projects/bias/hunyuan/prompt2/selected_faces/detected_fearful/fearful_person_0155_face0.png,Indian,Indian,Male,20-29,"[0.01057729 0.06152458 0.25462523 0.00273402 0.03067353 0.4762923
 0.16357304]",[0.02406808 0.09770869 0.04604237 0.8321808 ],[9.9999893e-01 1.0886619e-06],"[7.0914417e-08 2.9658131e-05 1.2331132e-02 7.7614182e-01 2.0562117e-01
 5.8184918e-03 5.2338633e-05 5.0702320e-06 2.2802796e-07]",1,Others,20-39
/scratch/project_462000771/mengting/projects/bias/hunyuan/prompt2/selected_faces/detected_fearful/fearful_person_0156_face0.png,East Asian,Asian,Female,20-29,"[1.0278319e-02 7.6910846e-06 1.3821350e-03 8.7149912e-01 1.1654826e-01
 2.5502374e-04 2.9398383e-05]",[6.4847311e-03 3.0678500e-06 9.9348605e-01 2.6168800e-05],[0.12616661 0.8738334 ],"[8.3161956e-07 3.0432360e-03 2.6541343e-01 7.1918416e-01 1.2277833e-02
 8.0055077e-05 3.8833821e-07 2.9667937e-08 1.6764230e-09]",1,Asian,20-39
/scratch/project_462000771/mengting/projects/bias/hunyuan/prompt2/selected_faces/detected_fearful/fearful_person_0157_face0.png,Southeast Asian,Asian,Female,20-29,"[0.03781588 0.00123743 0.07189991 0.36669084 0.51035357 0.01072347
 0.00127899]",[2.9647984e-02 1.5540158e-04 9.6743125e-01 2.7653668e-03],[2.3241703e-04 9.9976760e-01],"[5.5071803e-07 2.7971982e-03 2.7329221e-01 6.8832356e-01 3.5267849e-02
 3.1671009e-04 1.7976233e-06 1.5926433e-07 1.0172635e-08]",0,Asian,20-39
/scratch/project_462000771/mengting/projects/bias/hunyuan/prompt2/selected_faces/detected_fearful/fearful_person_0158_face0.png,Southeast Asian,Asian,Male,10-19,"[0.01972328 0.00152219 0.14456256 0.17511804 0.43017685 0.22617316
 0.00272396]",[1.8149780e-02 3.2280633e-04 8.7755859e-01 1.0396883e-01],[9.9981880e-01 1.8123783e-04],"[2.6670861e-05 6.8136320e-02 5.4879552e-01 3.4077123e-01 3.9756991e-02
 2.4487232e-03 5.7612437e-05 6.7271853e-06 2.6045501e-07]",1,Asian,10-19
/scratch/project_462000771/mengting/projects/bias/hunyuan/prompt2/selected_faces/detected_fearful/fearful_person_0159_face0.png,Indian,Indian,Male,20-29,"[0.01516122 0.05150132 0.16730925 0.01015747 0.04438203 0.70058817
 0.01090058]",[0.1880319  0.02557391 0.14347999 0.6429142 ],[9.9982238e-01 1.7763903e-04],"[3.7721362e-05 2.6902951e-02 2.4600808e-01 5.5718595e-01 1.4893289e-01
 1.9744517e-02 9.9266379e-04 1.7971425e-04 1.5490030e-05]",1,Others,20-39
/scratch/project_462000771/mengting/projects/bias/hunyuan/prompt2/selected_faces/detected_fearful/fearful_person_0160_face0.png,Southeast Asian,White,Male,20-29,"[0.02848249 0.00951904 0.17133106 0.26821688 0.51659006 0.00524241
 0.00061807]",[0.5660711  0.00487546 0.41268876 0.01636474],[0.9920724  0.00792763],"[1.0484081e-07 3.1270476e-05 5.5312604e-02 7.7112859e-01 1.6500530e-01
 8.1734005e-03 3.2955053e-04 1.8391302e-05 7.0673900e-07]",1,Asian,20-39
/scratch/project_462000771/mengting/projects/bias/hunyuan/prompt2/selected_faces/detected_fearful/fearful_person_0161_face0.png,Latino_Hispanic,Indian,Male,30-39,"[0.12989138 0.25373635 0.3302617  0.00462503 0.02686783 0.22911702
 0.02550063]",[0.42267045 0.03088699 0.11658634 0.4298562 ],[9.999909e-01 9.127950e-06],"[4.01274519e-06 6.45216438e-04 8.55109468e-03 3.12661886e-01
 5.54803491e-01 1.18620396e-01 4.53291321e-03 1.74165063e-04
 6.83018106e-06]",0,Others,20-39
/scratch/project_462000771/mengting/projects/bias/hunyuan/prompt2/selected_faces/detected_fearful/fearful_person_0162_face0.png,East Asian,Asian,Female,20-29,"[4.2387705e-02 6.3309388e-05 1.7661067e-02 7.8730780e-01 1.5090099e-01
 6.8630266e-04 9.9285878e-04]",[4.160595e-01 7.429342e-05 5.832222e-01 6.440422e-04],[0.01816423 0.9818358 ],"[2.3774663e-07 9.4673387e-04 1.2666547e-01 8.2979453e-01 4.2232562e-02
 3.5806358e-04 2.3521964e-06 1.1913031e-07 6.3996488e-09]",1,Asian,20-39
/scratch/project_462000771/mengting/projects/bias/hunyuan/prompt2/selected_faces/detected_fearful/fearful_person_0163_face0.png,Latino_Hispanic,Asian,Male,20-29,"[0.01678035 0.08294459 0.53363454 0.0131467  0.23651747 0.09005798
 0.02691836]",[0.00368293 0.00997034 0.95287424 0.03347252],[9.9999982e-01 1.8047339e-07],"[5.0947153e-07 8.6819258e-05 7.8383284e-03 5.0682557e-01 4.4489801e-01
 3.9288808e-02 1.0129235e-03 4.8001140e-05 1.0730325e-06]",1,Others,20-39
/scratch/project_462000771/mengting/projects/bias/hunyuan/prompt2/selected_faces/detected_fearful/fearful_person_0164_face0.png,Southeast Asian,Indian,Male,20-29,"[0.01303316 0.0036688  0.22117585 0.15373108 0.29983613 0.28678575
 0.02176925]",[0.0078018  0.00570893 0.383053   0.6034363 ],[9.9999899e-01 1.0600742e-06],"[7.6004864e-07 1.6685028e-03 1.1066211e-01 8.4737915e-01 3.9501067e-02
 7.8376802e-04 4.3068048e-06 3.6143976e-07 6.1191954e-09]",0,Asian,20-39
/scratch/project_462000771/mengting/projects/bias/hunyuan/prompt2/selected_faces/detected_fearful/fearful_person_0166_face0.png,White,White,Female,20-29,"[0.49030602 0.05349176 0.35155478 0.02728859 0.01733695 0.03738697
 0.02263496]",[0.64637953 0.02587616 0.28501198 0.04273225],[0.00419622 0.9958038 ],"[5.4638218e-07 1.4806358e-04 1.3085950e-02 4.8823529e-01 4.6397844e-01
 3.3525765e-02 9.8222261e-04 4.2334806e-05 1.4137451e-06]",1,White,20-39
/scratch/project_462000771/mengting/projects/bias/hunyuan/prompt2/selected_faces/detected_fearful/fearful_person_0167_face0.png,White,White,Female,10-19,"[0.34768075 0.00119776 0.24869764 0.19416973 0.13823038 0.05026354
 0.01976023]",[8.8805997e-01 5.1295810e-04 1.0650881e-01 4.9182177e-03],[0.18065993 0.81934005],"[5.7708534e-05 2.3603557e-01 4.6080011e-01 2.8601375e-01 1.6456697e-02
 6.1846350e-04 1.5639915e-05 1.8457748e-06 2.3883948e-07]",1,White,10-19
/scratch/project_462000771/mengting/projects/bias/hunyuan/prompt2/selected_faces/detected_fearful/fearful_person_0168_face0.png,Indian,Indian,Female,20-29,"[0.05036201 0.00310492 0.28489193 0.00585191 0.01674149 0.6285161
 0.01053158]",[0.21126151 0.01560231 0.21776293 0.55537325],[6.2832324e-04 9.9937165e-01],"[5.1727795e-05 5.5898827e-02 1.8706563e-01 6.0795397e-01 1.3799357e-01
 9.9737989e-03 8.6354685e-04 1.7723934e-04 2.1660600e-05]",0,Others,20-39
/scratch/project_462000771/mengting/projects/bias/hunyuan/prompt2/selected_faces/detected_fearful/fearful_person_0170_face0.png,Southeast Asian,Asian,Male,20-29,"[0.01793648 0.02292908 0.05533753 0.15967208 0.69466144 0.04646762
 0.00299577]",[0.28370368 0.0089269  0.69433194 0.01303739],[0.99647856 0.00352143],"[5.4615575e-06 1.1523654e-03 4.0210143e-02 6.5943533e-01 2.5857621e-01
 3.6882304e-02 3.0315504e-03 6.2549033e-04 8.1209670e-05]",0,Asian,20-39
/scratch/project_462000771/mengting/projects/bias/hunyuan/prompt2/selected_faces/detected_fearful/fearful_person_0171_face0.png,East Asian,Asian,Female,20-29,"[3.0456053e-03 3.9995759e-04 1.3546589e-02 7.5797188e-01 2.1933360e-01
 5.5591040e-03 1.4317730e-04]",[3.5982635e-02 4.2457329e-04 8.1412572e-01 1.4946710e-01],[0.05992671 0.9400733 ],"[1.8478524e-06 4.5377980e-03 2.2946182e-01 7.1752447e-01 4.7477815e-02
 9.7670837e-04 1.7890992e-05 1.5127048e-06 1.0781012e-07]",1,Asian,20-39
/scratch/project_462000771/mengting/projects/bias/hunyuan/prompt2/selected_faces/detected_fearful/fearful_person_0172_face0.png,Black,Black,Male,20-29,"[0.01176648 0.3783864  0.18938297 0.00426275 0.05915834 0.34885293
 0.00819006]",[0.03840499 0.67544955 0.05300553 0.23313996],[9.9998665e-01 1.3367632e-05],"[8.1462304e-06 1.4870572e-03 4.4257533e-02 5.5171567e-01 3.2298583e-01
 7.4013673e-02 4.5495774e-03 8.9749013e-04 8.4970190e-05]",1,Black,20-39
/scratch/project_462000771/mengting/projects/bias/hunyuan/prompt2/selected_faces/detected_fearful/fearful_person_0173_face0.png,East Asian,Asian,Female,20-29,"[4.7653826e-04 2.1372360e-05 4.3658987e-03 5.5961800e-01 4.3170929e-01
 3.7545455e-03 5.4386895e-05]",[4.7424965e-04 1.9284924e-04 9.6338046e-01 3.5952512e-02],[0.02436862 0.97563136],"[3.29657632e-06 1.22813624e-03 6.75675049e-02 5.50054789e-01
 3.49194258e-01 3.08902301e-02 9.53889452e-04 1.04221675e-04
 3.67675489e-06]",1,Asian,20-39
/scratch/project_462000771/mengting/projects/bias/hunyuan/prompt2/selected_faces/detected_fearful/fearful_person_0174_face0.png,East Asian,Asian,Female,20-29,"[1.3688166e-02 1.9497258e-03 6.9038518e-02 6.4858866e-01 2.2792476e-01
 3.8337257e-02 4.7286661e-04]",[1.6176667e-02 5.0578377e-04 7.0818985e-01 2.7512777e-01],[0.01139252 0.98860747],"[1.5267971e-05 5.4799546e-02 2.9790914e-01 6.1096841e-01 3.5425961e-02
 8.6588634e-04 1.3691996e-05 2.0351763e-06 2.3042166e-07]",1,Asian,20-39
/scratch/project_462000771/mengting/projects/bias/hunyuan/prompt2/selected_faces/detected_fearful/fearful_person_0175_face0.png,Middle Eastern,White,Male,20-29,"[0.04572628 0.13000137 0.2779216  0.00206025 0.00815518 0.11427414
 0.42186117]",[0.28185275 0.19387195 0.2751716  0.24910371],[9.9999666e-01 3.3612628e-06],"[1.09801185e-05 1.05073780e-03 2.61043981e-02 4.42460984e-01
 4.39926922e-01 8.74999911e-02 2.76761083e-03 1.73268258e-04
 5.15633019e-06]",1,Others,20-39
/scratch/project_462000771/mengting/projects/bias/hunyuan/prompt2/selected_faces/detected_fearful/fearful_person_0176_face0.png,White,White,Male,20-29,"[3.3062577e-01 8.0475787e-05 3.3000183e-01 1.1334872e-01 1.5389547e-01
 6.2857583e-02 9.1901785e-03]",[5.3529698e-01 3.7669946e-04 4.0411574e-01 6.0210526e-02],[9.9999964e-01 3.6727596e-07],"[3.7103188e-08 9.7301650e-05 7.1877532e-02 9.0982366e-01 1.8129580e-02
 7.1763687e-05 1.4975976e-07 5.0331694e-09 6.3135268e-11]",1,White,20-39
/scratch/project_462000771/mengting/projects/bias/hunyuan/prompt2/selected_faces/detected_fearful/fearful_person_0177_face0.png,White,White,Male,20-29,"[4.0829328e-01 2.1074465e-03 2.8953582e-01 2.7164564e-04 1.8280147e-03
 5.1250406e-02 2.4671338e-01]",[0.68031496 0.01296697 0.04988832 0.2568298 ],[9.999998e-01 1.643041e-07],"[8.1561771e-09 7.7386136e-07 1.2792401e-03 6.0650259e-01 3.8225529e-01
 9.8938942e-03 6.6498265e-05 1.6898164e-06 2.2736545e-08]",1,White,20-39
/scratch/project_462000771/mengting/projects/bias/hunyuan/prompt2/selected_faces/detected_fearful/fearful_person_0178_face0.png,Black,Black,Male,40-49,"[0.01150558 0.55786103 0.17024508 0.00098188 0.05087783 0.178035
 0.03049359]",[0.00091863 0.8872745  0.04454809 0.06725877],[9.9999750e-01 2.5147604e-06],"[3.2273927e-06 4.1871914e-05 9.3058101e-04 5.0936215e-02 2.7343136e-01
 4.8704353e-01 1.6410127e-01 2.1780750e-02 1.7311615e-03]",0,Black,40-59
/scratch/project_462000771/mengting/projects/bias/hunyuan/prompt2/selected_faces/detected_fearful/fearful_person_0179_face0.png,Southeast Asian,Asian,Male,20-29,"[0.0176675  0.00595807 0.3065373  0.14631404 0.38972414 0.12181968
 0.01197923]",[0.00460956 0.02614728 0.917046   0.05219714],[9.9984968e-01 1.5034145e-04],"[6.5653637e-07 4.1022367e-04 4.1604556e-02 8.9416051e-01 6.2980860e-02
 8.3648559e-04 6.2520876e-06 4.5978052e-07 1.8911086e-08]",1,Asian,20-39
/scratch/project_462000771/mengting/projects/bias/hunyuan/prompt2/selected_faces/detected_fearful/fearful_person_0180_face0.png,East Asian,Indian,Female,20-29,"[8.2272105e-02 3.2277283e-04 1.6707045e-01 5.4774773e-01 9.8871976e-02
 8.9781776e-02 1.3933195e-02]",[0.24112289 0.00069364 0.3495983  0.40858516],[0.00210172 0.9978983 ],"[2.1001015e-06 8.7295156e-03 2.5651324e-01 7.1715993e-01 1.7423987e-02
 1.7005768e-04 1.0966858e-06 1.1716761e-07 1.0680534e-08]",1,Asian,20-39
/scratch/project_462000771/mengting/projects/bias/hunyuan/prompt2/selected_faces/detected_fearful/fearful_person_0181_face0.png,Latino_Hispanic,Asian,Female,10-19,"[5.9854634e-02 1.2377281e-04 4.3640736e-01 2.9626532e-02 1.5499955e-01
 3.1746823e-01 1.5198463e-03]",[0.21026088 0.0012532  0.44710052 0.3413854 ],[0.00280015 0.99719983],"[2.1349581e-06 1.1204394e-01 7.3754436e-01 1.4795090e-01 2.4424929e-03
 1.6040087e-05 4.6913541e-08 4.7269877e-09 2.5660110e-10]",1,Others,10-19
/scratch/project_462000771/mengting/projects/bias/hunyuan/prompt2/selected_faces/detected_fearful/fearful_person_0182_face0.png,Indian,Indian,Male,10-19,"[4.5167896e-04 1.0616028e-02 3.0601704e-02 9.5827468e-03 3.0585995e-01
 6.4271545e-01 1.7240901e-04]",[6.6129136e-04 3.5572058e-04 3.6758676e-01 6.3139617e-01],[9.9976516e-01 2.3487484e-04],"[3.6433659e-05 6.6055134e-02 6.4984155e-01 2.4098089e-01 3.8050011e-02
 4.7505549e-03 2.5466006e-04 2.8828199e-05 1.9246072e-06]",0,Others,10-19
/scratch/project_462000771/mengting/projects/bias/hunyuan/prompt2/selected_faces/detected_fearful/fearful_person_0183_face0.png,Southeast Asian,Asian,Male,40-49,"[1.9144913e-04 2.1840643e-02 1.9572696e-02 6.7283608e-02 8.5845709e-01
 3.1687949e-02 9.6655503e-04]",[8.4145264e-05 9.4833417e-04 9.8856515e-01 1.0402392e-02],[9.9999511e-01 4.9041087e-06],"[9.5524883e-06 1.1144632e-04 1.3168405e-03 3.9019201e-02 2.1307980e-01
 4.9198577e-01 2.1320412e-01 3.8592458e-02 2.6808844e-03]",1,Asian,40-59
/scratch/project_462000771/mengting/projects/bias/hunyuan/prompt2/selected_faces/detected_fearful/fearful_person_0184_face0.png,Indian,White,Male,20-29,"[2.6482344e-01 2.4695678e-02 2.4406160e-01 3.3523198e-04 5.0950777e-03
 4.1460752e-01 4.6381496e-02]",[0.796032   0.00678789 0.00289275 0.19428726],[9.9999803e-01 1.9113079e-06],"[5.5637412e-07 1.2357545e-04 1.3023876e-02 5.8113885e-01 3.8386160e-01
 2.1581296e-02 2.6287133e-04 7.1846616e-06 1.7724727e-07]",1,Others,20-39
/scratch/project_462000771/mengting/projects/bias/hunyuan/prompt2/selected_faces/detected_fearful/fearful_person_0185_face0.png,Southeast Asian,Asian,Male,30-39,"[0.02199218 0.00276141 0.11275022 0.3030176  0.5226951  0.02274001
 0.01404354]",[0.00812729 0.00132303 0.9567778  0.03377186],[9.9999583e-01 4.1809863e-06],"[5.9610170e-07 4.5344623e-05 9.8984325e-03 4.5277691e-01 4.5296535e-01
 8.0094002e-02 3.8599439e-03 3.5096632e-04 8.4316862e-06]",1,Asian,20-39
/scratch/project_462000771/mengting/projects/bias/hunyuan/prompt2/selected_faces/detected_fearful/fearful_person_0186_face0.png,Southeast Asian,Indian,Female,20-29,"[0.00436671 0.00148934 0.09268458 0.13665824 0.43103415 0.3324325
 0.00133453]",[6.1480836e-03 2.0909634e-04 4.6756205e-01 5.2608079e-01],[0.02784838 0.97215164],"[6.4985670e-07 2.0784477e-03 2.6618034e-01 6.1761057e-01 1.1101955e-01
 3.0564882e-03 5.0167022e-05 3.6071744e-06 1.4616876e-07]",1,Asian,20-39
/scratch/project_462000771/mengting/projects/bias/hunyuan/prompt2/selected_faces/detected_fearful/fearful_person_0187_face0.png,Southeast Asian,Asian,Male,20-29,"[3.2993518e-03 2.6667915e-02 5.4083362e-02 2.7672973e-01 6.2585801e-01
 1.2820513e-02 5.4106972e-04]",[0.01838689 0.00557347 0.9304879  0.04555178],[9.9990493e-01 9.5041556e-05],"[2.2121187e-06 1.0977344e-03 7.0907198e-02 7.3559171e-01 1.7927113e-01
 1.2922676e-02 1.9573269e-04 1.1052122e-05 5.2345371e-07]",0,Asian,20-39
/scratch/project_462000771/mengting/projects/bias/hunyuan/prompt2/selected_faces/detected_fearful/fearful_person_0188_face0.png,East Asian,Asian,Female,20-29,"[1.3712966e-03 9.7486350e-07 8.6254789e-04 9.4152200e-01 5.6075823e-02
 1.6276175e-04 4.6372552e-06]",[5.0720270e-03 1.0637585e-05 9.9435776e-01 5.5952609e-04],[4.0245086e-05 9.9995971e-01],"[4.0716767e-08 3.5931636e-04 9.1823108e-02 8.9177400e-01 1.5989373e-02
 5.4032895e-05 1.0330339e-07 3.8201575e-09 7.0101612e-11]",1,Asian,20-39
/scratch/project_462000771/mengting/projects/bias/hunyuan/prompt2/selected_faces/detected_fearful/fearful_person_0189_face0.png,Southeast Asian,Asian,Male,20-29,"[3.6952581e-04 3.2228980e-02 3.9239947e-02 5.7183433e-02 8.5589778e-01
 1.4807076e-02 2.7330656e-04]",[5.2747462e-04 1.6988257e-02 9.5942390e-01 2.3060411e-02],[9.9999541e-01 4.5664533e-06],"[4.6820173e-08 2.6426314e-06 2.3507103e-03 5.1238000e-01 4.3789819e-01
 4.5762874e-02 1.5397933e-03 6.2519808e-05 3.2473008e-06]",1,Asian,20-39
/scratch/project_462000771/mengting/projects/bias/hunyuan/prompt2/selected_faces/detected_fearful/fearful_person_0190_face0.png,White,White,Male,20-29,"[9.5165414e-01 1.2609188e-04 1.3984083e-02 3.5678095e-06 3.0206811e-05
 2.3118481e-03 3.1890027e-02]",[0.9757244  0.00771351 0.00114908 0.01541301],[9.99890387e-01 1.09573244e-04],"[2.82284596e-08 1.30993967e-05 1.07748555e-02 7.90670574e-01
 1.92355469e-01 6.11112313e-03 7.30352622e-05 1.70221949e-06
 7.45866657e-08]",1,White,20-39
/scratch/project_462000771/mengting/projects/bias/hunyuan/prompt2/selected_faces/detected_fearful/fearful_person_0191_face0.png,White,White,Male,20-29,"[6.1496371e-01 9.2408602e-04 2.4447404e-01 5.0760980e-04 2.3294226e-03
 1.0804277e-01 2.8758492e-02]",[0.93411744 0.00225726 0.01068061 0.05294469],[9.996272e-01 3.728312e-04],"[1.3979675e-07 6.8019777e-05 1.0900225e-02 7.8319150e-01 2.0129761e-01
 4.5152991e-03 2.6208894e-05 8.9859810e-07 4.9466983e-08]",1,White,20-39
/scratch/project_462000771/mengting/projects/bias/hunyuan/prompt2/selected_faces/detected_fearful/fearful_person_0192_face0.png,Southeast Asian,Asian,Male,20-29,"[2.3319651e-03 6.0598133e-03 1.2634222e-01 1.7266016e-01 6.9003898e-01
 2.2128408e-03 3.5401265e-04]",[0.00118503 0.00315633 0.9898673  0.00579135],[1.0000000e+00 4.0360952e-08],"[1.2570868e-07 1.6802889e-05 1.4043116e-02 6.8384486e-01 2.8951564e-01
 1.2412331e-02 1.6104129e-04 5.9846507e-06 1.0358704e-07]",1,Asian,20-39
/scratch/project_462000771/mengting/projects/bias/hunyuan/prompt2/selected_faces/detected_fearful/fearful_person_0193_face0.png,Latino_Hispanic,Indian,Male,20-29,"[3.23561341e-01 1.42643545e-02 4.17981684e-01 1.75761932e-04
 9.17703437e-04 1.42755687e-01 1.00343421e-01]",[0.38081264 0.02386609 0.02703595 0.56828535],[9.999940e-01 6.004888e-06],"[3.42997630e-08 3.98163593e-06 3.19243036e-03 6.62462592e-01
 3.24096471e-01 1.01353135e-02 1.05276442e-04 3.87467253e-06
 1.11064161e-07]",1,Others,20-39
/scratch/project_462000771/mengting/projects/bias/hunyuan/prompt2/selected_faces/detected_fearful/fearful_person_0194_face0.png,White,White,Male,20-29,"[8.8664567e-01 7.2419923e-04 7.5152270e-02 2.1499183e-04 7.1861781e-04
 2.2070095e-02 1.4474167e-02]",[0.66081727 0.00130167 0.01001055 0.32787046],[0.99216115 0.00783885],"[1.6544110e-08 4.0427435e-06 2.3988329e-03 6.1345834e-01 3.7594002e-01
 8.1604775e-03 3.7613598e-05 6.6895842e-07 3.4514152e-08]",1,White,20-39
/scratch/project_462000771/mengting/projects/bias/hunyuan/prompt2/selected_faces/detected_fearful/fearful_person_0195_face0.png,White,White,Male,20-29,"[0.7381614  0.0009547  0.18102139 0.00422501 0.01304014 0.03599681
 0.02660049]",[9.9717957e-01 1.8590272e-05 2.2879678e-03 5.1391142e-04],[9.9993974e-01 6.0242601e-05],"[1.1249435e-07 8.1588238e-05 2.6406145e-02 7.9767990e-01 1.7166367e-01
 4.1375696e-03 3.0083887e-05 9.5746861e-07 4.6340372e-08]",0,White,20-39
/scratch/project_462000771/mengting/projects/bias/hunyuan/prompt2/selected_faces/detected_fearful/fearful_person_0196_face0.png,East Asian,Asian,Female,20-29,"[0.01016683 0.00072432 0.04774361 0.6065295  0.312086   0.02125998
 0.00148975]",[1.0959389e-02 5.7110831e-04 9.5069247e-01 3.7777014e-02],[0.03913457 0.9608654 ],"[1.7012277e-05 1.7814722e-02 2.4707885e-01 6.0510659e-01 1.2322735e-01
 6.4380951e-03 2.5809361e-04 5.2732943e-05 6.4989445e-06]",1,Asian,20-39
/scratch/project_462000771/mengting/projects/bias/hunyuan/prompt2/selected_faces/detected_fearful/fearful_person_0197_face0.png,Latino_Hispanic,White,Male,30-39,"[0.22300592 0.24859005 0.33353677 0.00750231 0.05919488 0.08172791
 0.04644208]",[0.41354233 0.0191214  0.27719402 0.29014233],[9.9999917e-01 8.5722388e-07],"[2.6506899e-07 3.0383282e-05 3.2872725e-03 4.2630881e-01 5.0901574e-01
 6.0222026e-02 1.0792548e-03 5.3561911e-05 2.7855965e-06]",1,Others,20-39
/scratch/project_462000771/mengting/projects/bias/hunyuan/prompt2/selected_faces/detected_fearful/fearful_person_0198_face0.png,Latino_Hispanic,Asian,Male,20-29,"[0.2367021  0.01095914 0.33533752 0.11775645 0.18957283 0.06485019
 0.04482178]",[0.35633323 0.00361144 0.47940445 0.16065094],[9.999938e-01 6.207764e-06],"[4.9044594e-08 3.7827374e-06 2.6541513e-03 5.4725111e-01 4.1684046e-01
 3.2318678e-02 8.9151546e-04 3.9002418e-05 1.2393997e-06]",1,Others,20-39
/scratch/project_462000771/mengting/projects/bias/hunyuan/prompt2/selected_faces/detected_fearful/fearful_person_0199_face0.png,White,White,Male,20-29,"[9.9357104e-01 1.6291004e-05 2.9363465e-03 1.0625479e-06 4.5246056e-06
 3.5764661e-04 3.1130838e-03]",[9.8758024e-01 1.0018774e-03 7.6869718e-04 1.0649233e-02],[9.9997538e-01 2.4574756e-05],"[3.0498548e-08 9.3064436e-06 3.3706031e-03 7.2599620e-01 2.6587096e-01
 4.7316928e-03 2.0919715e-05 2.4218096e-07 8.7504963e-09]",1,White,20-39
/scratch/project_462000771/mengting/projects/bias/hunyuan/prompt2/selected_faces/detected_fearful/fearful_person_0200_face0.png,Indian,Asian,Male,20-29,"[0.00615327 0.00243374 0.15459155 0.033542   0.24171658 0.5605232
 0.00103962]",[0.01423458 0.00117431 0.7728491  0.21174201],[0.99700415 0.00299585],"[4.8569746e-07 2.2073090e-03 2.4715461e-01 7.2374237e-01 2.6334189e-02
 5.5488630e-04 5.5422015e-06 5.9382586e-07 4.0442124e-08]",0,Others,20-39
/scratch/project_462000771/mengting/projects/bias/hunyuan/prompt2/selected_faces/detected_fearful/fearful_person_0201_face0.png,White,Indian,Male,20-29,"[0.4881352  0.00681734 0.24206424 0.00265647 0.01317537 0.2244156
 0.02273577]",[0.18586434 0.00550643 0.09310944 0.7155198 ],[9.9980354e-01 1.9645203e-04],"[1.9420669e-07 1.4204065e-04 2.7715374e-02 8.0894822e-01 1.5873566e-01
 4.4284537e-03 2.9307534e-05 7.5286528e-07 3.4150172e-08]",0,White,20-39
/scratch/project_462000771/mengting/projects/bias/hunyuan/prompt2/selected_faces/detected_fearful/fearful_person_0202_face0.png,White,White,Male,30-39,"[5.76820314e-01 1.39284283e-01 9.84408632e-02 4.18466341e-04
 3.70867946e-03 6.32078201e-02 1.18119575e-01]",[0.862781   0.03380113 0.03690313 0.06651472],[9.9998266e-01 1.7345907e-05],"[1.7241458e-05 2.2837435e-04 3.6275426e-03 1.2530158e-01 4.1657594e-01
 3.7260062e-01 7.4480236e-02 6.5203211e-03 6.4810767e-04]",0,White,20-39
/scratch/project_462000771/mengting/projects/bias/hunyuan/prompt2/selected_faces/detected_fearful/fearful_person_0203_face0.png,White,Indian,Male,20-29,"[3.9799041e-01 3.0744937e-01 1.4537790e-01 2.6204824e-04 1.7707158e-03
 1.1239719e-01 3.4752421e-02]",[0.0090451  0.313273   0.02737119 0.6503107 ],[9.999235e-01 7.647332e-05],"[3.9577091e-07 1.1906158e-04 9.6679768e-03 4.9938670e-01 4.6068117e-01
 2.9502474e-02 6.1874476e-04 2.2385115e-05 1.0724897e-06]",1,White,20-39
/scratch/project_462000771/mengting/projects/bias/hunyuan/prompt2/selected_faces/detected_fearful/fearful_person_0204_face0.png,Southeast Asian,Asian,Male,20-29,"[0.05086448 0.01986317 0.12668586 0.25122413 0.45922038 0.07766715
 0.01447482]",[0.1394723  0.00514228 0.4601855  0.39519987],[9.9924809e-01 7.5191894e-04],"[6.2684107e-06 6.1408849e-04 2.3449818e-02 6.0923934e-01 3.1970179e-01
 4.2172238e-02 3.5886953e-03 1.0480150e-03 1.7982529e-04]",1,Asian,20-39
/scratch/project_462000771/mengting/projects/bias/hunyuan/prompt2/selected_faces/detected_fearful/fearful_person_0205_face0.png,East Asian,Asian,Female,20-29,"[2.0747295e-02 3.9251588e-04 7.9917490e-02 4.5357287e-01 4.3688339e-01
 8.2129044e-03 2.7357074e-04]",[2.4819076e-02 8.3722298e-05 9.6414816e-01 1.0949023e-02],[0.0124491 0.9875509],"[5.3202166e-07 7.1882554e-03 3.5869452e-01 6.2560308e-01 8.4800152e-03
 3.3577195e-05 1.3119896e-07 1.1718207e-08 9.0582597e-10]",1,Asian,20-39
/scratch/project_462000771/mengting/projects/bias/hunyuan/prompt2/selected_faces/detected_fearful/fearful_person_0206_face0.png,Latino_Hispanic,Asian,Male,20-29,"[0.04764358 0.00094609 0.35041025 0.2573932  0.25406647 0.08461183
 0.00492862]",[0.10816396 0.01325931 0.6136567  0.26492006],[0.9899194  0.01008055],"[2.83178974e-06 3.17625236e-03 1.39590114e-01 8.04338157e-01
 5.16154543e-02 1.26291590e-03 1.33128215e-05 9.00933571e-07
 4.57333726e-08]",0,Others,20-39
/scratch/project_462000771/mengting/projects/bias/hunyuan/prompt2/selected_faces/detected_fearful/fearful_person_0207_face0.png,East Asian,Asian,Female,20-29,"[2.0073082e-02 9.1003836e-05 7.5086579e-02 5.5832857e-01 3.0149069e-01
 4.1872237e-02 3.0579099e-03]",[1.6797917e-01 5.4817664e-04 6.1621821e-01 2.1525446e-01],[0.20051354 0.7994865 ],"[5.4869496e-08 1.6652868e-04 2.0160364e-01 7.6015943e-01 3.7756577e-02
 3.1160031e-04 1.9678278e-06 1.5032543e-07 5.4133382e-09]",1,Asian,20-39
/scratch/project_462000771/mengting/projects/bias/hunyuan/prompt2/selected_faces/detected_fearful/fearful_person_0208_face0.png,White,White,Male,20-29,"[0.7152223  0.03350136 0.09539753 0.00128711 0.01114704 0.01509134
 0.12835328]",[0.98739237 0.00233459 0.00757603 0.00269694],[9.9989301e-01 1.0694338e-04],"[1.3743011e-06 5.3389231e-05 1.3180301e-02 6.1698860e-01 3.1322825e-01
 5.1067233e-02 4.8094927e-03 6.1426067e-04 5.7117337e-05]",1,White,20-39
/scratch/project_462000771/mengting/projects/bias/hunyuan/prompt2/selected_faces/detected_fearful/fearful_person_0209_face0.png,Latino_Hispanic,Indian,Female,20-29,"[0.09865676 0.09869433 0.30550218 0.15739284 0.13403071 0.201041
 0.00468212]",[0.05952075 0.03557317 0.13937178 0.76553434],[0.08014093 0.91985905],"[1.2582942e-06 1.0955734e-03 6.2939420e-02 7.9574984e-01 1.3713822e-01
 3.0336303e-03 4.0071041e-05 1.8332778e-06 1.1846010e-07]",1,Others,20-39
/scratch/project_462000771/mengting/projects/bias/hunyuan/prompt2/selected_faces/detected_fearful/fearful_person_0210_face0.png,East Asian,Asian,Female,20-29,"[6.53950684e-03 4.38053743e-04 3.51051218e-03 8.68384540e-01
 1.20702356e-01 3.34036391e-04 9.09900191e-05]",[5.4658381e-03 4.0024196e-04 9.9255723e-01 1.5766843e-03],[0.0188745 0.9811255],"[2.4975319e-05 1.4798987e-02 1.4906898e-01 7.8967953e-01 4.5220871e-02
 1.1562651e-03 4.2893389e-05 6.3359262e-06 1.1762689e-06]",1,Asian,20-39
/scratch/project_462000771/mengting/projects/bias/hunyuan/prompt2/selected_faces/detected_fearful/fearful_person_0211_face0.png,Latino_Hispanic,Asian,Male,20-29,"[0.24241793 0.035668   0.3130256  0.02984432 0.17437479 0.17808004
 0.02658934]",[0.11475174 0.03565949 0.7075059  0.14208288],[9.9986768e-01 1.3230357e-04],"[8.1396965e-06 6.5230750e-03 1.0663312e-01 7.4707496e-01 1.3165772e-01
 7.9205725e-03 1.6722159e-04 1.4131331e-05 9.9769647e-07]",1,Others,20-39
/scratch/project_462000771/mengting/projects/bias/hunyuan/prompt2/selected_faces/detected_fearful/fearful_person_0212_face0.png,East Asian,Asian,Female,20-29,"[2.5187198e-03 1.6883509e-05 8.4566725e-03 8.3539355e-01 1.5292536e-01
 6.3059392e-04 5.8224552e-05]",[3.8120144e-03 1.1228403e-05 9.9596936e-01 2.0737118e-04],[0.00118348 0.9988165 ],"[4.5274734e-07 8.9880824e-04 6.9851741e-02 8.3143759e-01 9.5704228e-02
 2.0937379e-03 1.2907459e-05 5.2677370e-07 1.5763192e-08]",1,Asian,20-39
/scratch/project_462000771/mengting/projects/bias/hunyuan/prompt2/selected_faces/detected_fearful/fearful_person_0213_face0.png,Southeast Asian,Asian,Male,20-29,"[1.3276369e-03 1.5156931e-04 1.8405225e-02 3.8429523e-01 5.8933479e-01
 6.2218932e-03 2.6363839e-04]",[9.3469303e-03 6.7309110e-04 9.7909302e-01 1.0886986e-02],[9.999785e-01 2.155421e-05],"[4.7797886e-07 1.5225228e-03 1.9431101e-01 7.6399869e-01 3.9415628e-02
 7.4344291e-04 7.5666485e-06 7.3273912e-07 2.3432044e-08]",1,Asian,20-39
/scratch/project_462000771/mengting/projects/bias/hunyuan/prompt2/selected_faces/detected_fearful/fearful_person_0214_face0.png,East Asian,Asian,Female,20-29,"[3.67295295e-01 8.11148639e-05 1.00329496e-01 4.00975913e-01
 8.05152282e-02 3.95110697e-02 1.12918820e-02]",[2.0040137e-01 2.3808866e-04 5.8747202e-01 2.1188858e-01],[8.531876e-04 9.991468e-01],"[8.53199538e-08 1.98349851e-04 4.52159308e-02 8.30565512e-01
 1.21278144e-01 2.70886929e-03 3.17298654e-05 1.35215316e-06
 4.37830359e-08]",1,Asian,20-39
/scratch/project_462000771/mengting/projects/bias/hunyuan/prompt2/selected_faces/detected_fearful/fearful_person_0215_face0.png,Latino_Hispanic,Asian,Male,20-29,"[0.07042938 0.01275047 0.53199035 0.00406041 0.0403476  0.31402105
 0.0264007 ]",[0.30073172 0.00173688 0.35151273 0.34601864],[9.9995142e-01 4.8577218e-05],"[4.65938427e-07 2.73743703e-04 1.18225090e-01 7.56090939e-01
 1.21085495e-01 4.25862102e-03 6.21941872e-05 3.37821302e-06
 1.54566521e-07]",1,Others,20-39
/scratch/project_462000771/mengting/projects/bias/hunyuan/prompt2/selected_faces/detected_fearful/fearful_person_0216_face0.png,Latino_Hispanic,Indian,Male,20-29,"[0.19189543 0.0034575  0.51592076 0.00556141 0.02118521 0.23140523
 0.03057447]",[0.36489806 0.0084392  0.17344832 0.45321438],[9.9923116e-01 7.6884392e-04],"[1.1526321e-06 2.3584170e-03 2.6069921e-01 7.0400798e-01 3.2151412e-02
 7.7303732e-04 8.3979376e-06 5.2583306e-07 2.5539212e-08]",1,Others,20-39
/scratch/project_462000771/mengting/projects/bias/hunyuan/prompt2/selected_faces/detected_fearful/fearful_person_0217_face0.png,Latino_Hispanic,Indian,Female,20-29,"[0.04309657 0.01957598 0.36901966 0.18487215 0.24575669 0.13328826
 0.0043907 ]",[0.0933071  0.00447061 0.3447285  0.5574938 ],[0.00182491 0.9981751 ],"[3.0085473e-06 5.4731835e-03 1.6893660e-01 7.4951267e-01 7.4763961e-02
 1.2880809e-03 2.0424746e-05 1.9010860e-06 1.3937395e-07]",1,Others,20-39
/scratch/project_462000771/mengting/projects/bias/hunyuan/prompt2/selected_faces/detected_fearful/fearful_person_0218_face0.png,Indian,White,Male,20-29,"[0.03831575 0.00378326 0.28888527 0.0088306  0.07188092 0.5777009
 0.01060337]",[0.5119137  0.00153331 0.1943614  0.29219157],[0.9825076  0.01749241],"[1.59151039e-08 1.93493706e-05 5.18776849e-02 8.78173828e-01
 6.93349317e-02 5.91524760e-04 2.52245241e-06 1.07299435e-07
 5.01117770e-09]",1,Others,20-39
/scratch/project_462000771/mengting/projects/bias/hunyuan/prompt2/selected_faces/detected_fearful/fearful_person_0219_face0.png,White,Indian,Male,20-29,"[6.63842499e-01 6.55753212e-03 1.07329205e-01 6.47398352e-04
 3.30257788e-03 8.77634287e-02 1.30557299e-01]",[0.3180372  0.00937077 0.06027163 0.61232036],[9.9999839e-01 1.6667701e-06],"[6.5869394e-09 4.8822494e-06 6.0968664e-03 7.3823977e-01 2.5010270e-01
 5.5294693e-03 2.5840340e-05 5.3263113e-07 1.3064535e-08]",1,White,20-39
/scratch/project_462000771/mengting/projects/bias/hunyuan/prompt2/selected_faces/detected_fearful/fearful_person_0220_face0.png,White,White,Male,30-39,"[0.60320413 0.00370783 0.14737938 0.00080868 0.0085953  0.19262116
 0.04368344]",[0.5406226  0.01998486 0.25070935 0.18868323],[9.9999309e-01 6.9394937e-06],"[7.2369071e-06 2.1568553e-03 6.9096968e-02 3.6399177e-01 4.4200471e-01
 1.1864631e-01 3.8767462e-03 2.1139448e-04 7.9714691e-06]",1,White,20-39
/scratch/project_462000771/mengting/projects/bias/hunyuan/prompt2/selected_faces/detected_fearful/fearful_person_0221_face0.png,Indian,Asian,Male,20-29,"[0.00575743 0.14562805 0.15783975 0.00268582 0.05785155 0.62206584
 0.00817147]",[0.17336282 0.06927143 0.5567127  0.20065309],[9.9988830e-01 1.1175721e-04],"[2.3008928e-04 7.7927351e-02 3.2487905e-01 3.7492105e-01 1.7790662e-01
 4.1882854e-02 2.0425627e-03 2.0007745e-04 1.0273966e-05]",1,Others,20-39
/scratch/project_462000771/mengting/projects/bias/hunyuan/prompt2/selected_faces/detected_fearful/fearful_person_0222_face0.png,East Asian,Asian,Male,20-29,"[0.01317936 0.00232975 0.03181025 0.6379689  0.29896918 0.01433396
 0.00140851]",[0.09132378 0.00156518 0.90106785 0.0060432 ],[9.999881e-01 1.187442e-05],"[1.7130580e-07 3.4116438e-04 9.4409406e-02 8.1271195e-01 9.0726413e-02
 1.7943592e-03 1.5712021e-05 8.1751546e-07 1.9166530e-08]",0,Asian,20-39
/scratch/project_462000771/mengting/projects/bias/hunyuan/prompt2/selected_faces/detected_fearful/fearful_person_0223_face0.png,Southeast Asian,Asian,Female,20-29,"[0.03326137 0.00182262 0.144521   0.2703769  0.2984661  0.24696362
 0.00458844]",[0.07670806 0.00350005 0.8462517  0.07354016],[0.22773327 0.77226675],"[8.5837106e-05 1.0727707e-01 4.0851247e-01 4.2945766e-01 5.0832052e-02
 3.6455898e-03 1.5630921e-04 2.8659651e-05 4.3338637e-06]",1,Asian,20-39
/scratch/project_462000771/mengting/projects/bias/hunyuan/prompt2/selected_faces/detected_fearful/fearful_person_0224_face0.png,East Asian,Asian,Female,10-19,"[0.00652225 0.00326013 0.08870315 0.3915536  0.34870732 0.15894832
 0.00230515]",[0.00202198 0.00110356 0.5848473  0.41202712],[0.04399622 0.9560037 ],"[8.5054817e-06 3.3949815e-02 4.8446772e-01 4.5946646e-01 2.1654731e-02
 4.4444174e-04 6.8515333e-06 1.3110182e-06 1.3111298e-07]",0,Asian,10-19
/scratch/project_462000771/mengting/projects/bias/hunyuan/prompt2/selected_faces/detected_fearful/fearful_person_0225_face0.png,East Asian,Asian,Female,20-29,"[8.6610243e-03 2.5373674e-03 4.6392132e-02 5.3204697e-01 3.9294967e-01
 1.6906420e-02 5.0643674e-04]",[6.1116312e-02 2.6749686e-04 9.2349774e-01 1.5118459e-02],[6.230572e-04 9.993769e-01],"[1.6968185e-07 2.0289242e-03 4.4163901e-01 5.2274978e-01 3.3192471e-02
 3.8580195e-04 3.5305077e-06 3.1643748e-07 2.4142601e-08]",1,Asian,20-39
/scratch/project_462000771/mengting/projects/bias/hunyuan/prompt2/selected_faces/detected_fearful/fearful_person_0226_face0.png,East Asian,Asian,Male,20-29,"[2.0341227e-02 8.0089070e-05 1.3522666e-02 8.1201953e-01 1.5230361e-01
 7.2157645e-04 1.0112922e-03]",[4.5709762e-01 3.8655246e-05 5.4191631e-01 9.4738975e-04],[0.77226514 0.22773488],"[1.4982107e-06 2.6227378e-03 1.6046149e-01 8.0796450e-01 2.8706420e-02
 2.4192064e-04 1.2919825e-06 7.8348194e-08 3.6942156e-09]",1,Asian,20-39
/scratch/project_462000771/mengting/projects/bias/hunyuan/prompt2/selected_faces/detected_fearful/fearful_person_0227_face0.png,Southeast Asian,Asian,Male,20-29,"[0.02462608 0.01512246 0.14822671 0.17283355 0.49922165 0.13344514
 0.00652445]",[0.01009172 0.01653058 0.8840395  0.08933818],[9.9997890e-01 2.1124748e-05],"[1.9546947e-07 1.2964733e-04 2.7655462e-02 8.5609746e-01 1.1319872e-01
 2.8763574e-03 3.9452028e-05 2.6122493e-06 1.3282806e-07]",1,Asian,20-39
/scratch/project_462000771/mengting/projects/bias/hunyuan/prompt2/selected_faces/detected_fearful/fearful_person_0228_face0.png,East Asian,Asian,Female,20-29,"[2.6544842e-03 2.1272142e-04 1.9825129e-03 8.2391006e-01 1.7019330e-01
 1.0217889e-03 2.5090812e-05]",[8.1603481e-03 7.0172093e-05 9.8782653e-01 3.9429255e-03],[0.04658112 0.9534189 ],"[3.27450357e-06 1.24809425e-02 3.16293567e-01 6.47426605e-01
 2.33938806e-02 3.94748378e-04 6.17366413e-06 7.12327392e-07
 6.07068813e-08]",1,Asian,20-39
/scratch/project_462000771/mengting/projects/bias/hunyuan/prompt2/selected_faces/detected_fearful/fearful_person_0229_face0.png,Latino_Hispanic,White,Female,20-29,"[0.38314733 0.00258323 0.38422778 0.0552108  0.03781328 0.11407479
 0.0229428 ]",[0.6224645  0.00131914 0.10310882 0.27310747],[0.08964201 0.910358  ],"[7.5549120e-05 6.8872496e-02 2.6159137e-01 6.0612571e-01 6.0781669e-02
 2.4809700e-03 6.5821696e-05 5.6170761e-06 8.5276929e-07]",1,Others,20-39
/scratch/project_462000771/mengting/projects/bias/hunyuan/prompt2/selected_faces/detected_fearful/fearful_person_0230_face0.png,East Asian,Asian,Female,20-29,"[1.3799159e-03 1.5069224e-04 2.1485632e-02 7.5930530e-01 2.0107101e-01
 1.6423024e-02 1.8441335e-04]",[4.1375905e-03 1.0073080e-04 9.9042058e-01 5.3411205e-03],[0.01299555 0.9870044 ],"[5.6278708e-07 6.8269792e-04 1.2248061e-01 7.9800749e-01 7.7005945e-02
 1.8072752e-03 1.4024513e-05 1.4331225e-06 4.4591527e-08]",1,Asian,20-39
/scratch/project_462000771/mengting/projects/bias/hunyuan/prompt2/selected_faces/detected_fearful/fearful_person_0231_face0.png,Southeast Asian,Asian,Female,20-29,"[0.13517033 0.0188963  0.21849458 0.22731638 0.2863834  0.10992899
 0.00381003]",[0.23983133 0.00232884 0.52480245 0.23303737],[0.22341505 0.776585  ],"[6.8893103e-05 5.3312775e-02 2.2592677e-01 6.2708145e-01 8.8806041e-02
 4.6185995e-03 1.6385893e-04 1.9051688e-05 2.5383808e-06]",1,Asian,20-39
/scratch/project_462000771/mengting/projects/bias/hunyuan/prompt2/selected_faces/detected_fearful/fearful_person_0232_face0.png,East Asian,Asian,Female,20-29,"[4.6335458e-04 4.4842822e-05 3.1274788e-03 6.8317109e-01 3.1102550e-01
 2.1406193e-03 2.7067354e-05]",[2.3992216e-04 6.6567172e-06 9.9619973e-01 3.5537749e-03],[0.03694437 0.9630556 ],"[2.9057655e-05 3.4718145e-02 3.0121502e-01 5.8598763e-01 7.3938295e-02
 3.9806943e-03 1.0520971e-04 2.4084682e-05 1.8815682e-06]",1,Asian,20-39
/scratch/project_462000771/mengting/projects/bias/hunyuan/prompt2/selected_faces/detected_fearful/fearful_person_0233_face0.png,East Asian,Asian,Female,20-29,"[8.4120156e-03 7.9224366e-05 2.6255894e-02 7.6385427e-01 1.9657755e-01
 4.2414581e-03 5.7954231e-04]",[8.2424581e-03 4.5416044e-05 9.8552543e-01 6.1867167e-03],[0.03025733 0.9697427 ],"[5.2809828e-05 7.3650315e-02 3.2000923e-01 5.3352791e-01 6.7678109e-02
 4.7637639e-03 2.5745432e-04 5.2964526e-05 7.4268569e-06]",0,Asian,20-39
/scratch/project_462000771/mengting/projects/bias/hunyuan/prompt2/selected_faces/detected_fearful/fearful_person_0234_face0.png,Indian,Asian,Female,20-29,"[0.0275422  0.03030367 0.2906072  0.1176661  0.1458572  0.3752252
 0.01279841]",[0.09774245 0.01038933 0.8046423  0.08722594],[0.00473399 0.995266  ],"[1.7659361e-06 5.8490806e-04 6.2207259e-02 5.7983309e-01 3.3825082e-01
 1.7836358e-02 1.1722980e-03 1.0851793e-04 5.0154072e-06]",0,Others,20-39
/scratch/project_462000771/mengting/projects/bias/hunyuan/prompt2/selected_faces/detected_fearful/fearful_person_0235_face0.png,White,White,Male,20-29,"[8.6161262e-01 6.1904257e-03 7.6561540e-02 3.8361311e-04 1.8776901e-03
 4.7760040e-02 5.6141224e-03]",[0.54982275 0.01275711 0.00657859 0.4308416 ],[9.9999547e-01 4.5730626e-06],"[9.5011913e-08 4.2560841e-05 2.7267883e-02 8.3508223e-01 1.3307971e-01
 4.4711092e-03 5.4494587e-05 1.7590161e-06 9.0874117e-08]",1,White,20-39
/scratch/project_462000771/mengting/projects/bias/hunyuan/prompt2/selected_faces/detected_fearful/fearful_person_0236_face0.png,Indian,Asian,Male,20-29,"[0.02224792 0.00465133 0.2940453  0.11007313 0.1932148  0.3651816
 0.01058591]",[0.05353261 0.06152674 0.6430291  0.24191162],[9.9992096e-01 7.9047830e-05],"[6.3574785e-06 6.0034478e-03 8.6987682e-02 8.2082075e-01 8.3891444e-02
 2.2746553e-03 1.4914116e-05 7.8613948e-07 3.0951828e-08]",1,Others,20-39
/scratch/project_462000771/mengting/projects/bias/hunyuan/prompt2/selected_faces/detected_fearful/fearful_person_0237_face0.png,Latino_Hispanic,White,Male,20-29,"[0.37045187 0.00117927 0.45181176 0.00380188 0.01211561 0.08553529
 0.07510439]",[0.8351614  0.00302529 0.04866819 0.11314516],[9.9996293e-01 3.7085934e-05],"[3.2704950e-08 1.1983402e-06 1.5408652e-03 6.9435000e-01 2.9961884e-01
 4.4624261e-03 2.5660354e-05 9.8055978e-07 2.8920541e-08]",1,Others,20-39
/scratch/project_462000771/mengting/projects/bias/hunyuan/prompt2/selected_faces/detected_fearful/fearful_person_0238_face0.png,Latino_Hispanic,White,Female,20-29,"[0.09456208 0.00224264 0.4073424  0.19724679 0.18899687 0.0984336
 0.01117549]",[0.4327595  0.00066198 0.19996536 0.36661324],[0.0106206 0.9893794],"[3.5781391e-06 3.8192023e-03 1.4743324e-01 7.0519125e-01 1.3880041e-01
 4.6483232e-03 9.3486684e-05 9.7291359e-06 7.3199845e-07]",1,Others,20-39
/scratch/project_462000771/mengting/projects/bias/hunyuan/prompt2/selected_faces/detected_fearful/fearful_person_0239_face0.png,Indian,Asian,Male,20-29,"[0.10832784 0.00175708 0.2615738  0.08459692 0.24882147 0.29236308
 0.00255983]",[0.06829998 0.00102844 0.884148   0.04652357],[0.5124643  0.48753572],"[9.1791730e-07 2.7288883e-03 1.7715381e-01 8.0079752e-01 1.9147551e-02
 1.7038526e-04 8.3359618e-07 6.8104981e-08 5.0264153e-09]",1,Others,20-39
/scratch/project_462000771/mengting/projects/bias/hunyuan/prompt2/selected_faces/detected_fearful/fearful_person_0240_face0.png,Indian,White,Male,30-39,"[0.20260915 0.16193001 0.2281778  0.000465   0.00441462 0.29996252
 0.10244095]",[0.7130287  0.09127882 0.00763454 0.18805791],[9.9992305e-01 7.6937504e-05],"[5.0048515e-05 4.1102647e-04 3.4079901e-03 1.3134064e-01 4.3923971e-01
 3.3638719e-01 7.8978144e-02 9.2077879e-03 9.7748323e-04]",0,Others,20-39
/scratch/project_462000771/mengting/projects/bias/hunyuan/prompt2/selected_faces/detected_fearful/fearful_person_0241_face0.png,East Asian,Asian,Female,20-29,"[3.2623995e-02 2.5798596e-04 1.1610172e-01 4.4002017e-01 3.7097469e-01
 3.8318787e-02 1.7026312e-03]",[1.6524903e-01 1.6017967e-04 8.1951547e-01 1.5075317e-02],[0.08288028 0.91711974],"[1.1115930e-05 7.0901982e-02 4.5053369e-01 4.5880955e-01 1.9372622e-02
 3.6779058e-04 2.9934988e-06 2.6472790e-07 1.4138768e-08]",0,Asian,20-39
/scratch/project_462000771/mengting/projects/bias/hunyuan/prompt2/selected_faces/detected_fearful/fearful_person_0242_face0.png,East Asian,Asian,Male,20-29,"[0.02038662 0.00166417 0.1359751  0.44947284 0.3712116  0.01839197
 0.00289767]",[0.07108518 0.00202631 0.90741587 0.01947263],[9.9997598e-01 2.3988972e-05],"[1.6262798e-06 1.2394284e-03 3.8132031e-02 6.6656673e-01 2.7312431e-01
 2.0533232e-02 3.8862872e-04 1.3738910e-05 3.0288001e-07]",1,Asian,20-39
/scratch/project_462000771/mengting/projects/bias/hunyuan/prompt2/selected_faces/detected_fearful/fearful_person_0243_face0.png,Indian,Indian,Male,20-29,"[0.05973133 0.01116723 0.26657233 0.00971588 0.03771774 0.3880202
 0.22707523]",[0.17637955 0.00761046 0.17589627 0.6401137 ],[9.999930e-01 7.012085e-06],"[7.0724069e-05 3.6342416e-02 2.6670212e-01 5.4401428e-01 1.3237756e-01
 1.9255389e-02 1.0440918e-03 1.8217922e-04 1.1190353e-05]",1,Others,20-39
/scratch/project_462000771/mengting/projects/bias/hunyuan/prompt2/selected_faces/detected_fearful/fearful_person_0244_face0.png,East Asian,Asian,Female,20-29,"[1.85721286e-03 2.12813626e-04 1.73725504e-02 6.22373819e-01
 3.46279055e-01 1.17948232e-02 1.09755274e-04]",[6.7387754e-03 3.2941171e-05 9.8982716e-01 3.4010943e-03],[0.01858631 0.98141366],"[2.5897739e-06 3.1427126e-02 4.1768089e-01 5.3971696e-01 1.1065166e-02
 1.0650783e-04 6.6434950e-07 6.9276204e-08 4.0145354e-09]",1,Asian,20-39
/scratch/project_462000771/mengting/projects/bias/hunyuan/prompt2/selected_faces/detected_fearful/fearful_person_0246_face0.png,Black,Black,Male,40-49,"[0.05591515 0.57537717 0.09546867 0.00213012 0.02581469 0.02997023
 0.21532385]",[0.11910945 0.5019368  0.25866675 0.12028701],[9.9998897e-01 1.0973526e-05],"[4.0144369e-06 1.9363908e-05 3.7568447e-04 5.6060132e-02 3.6511815e-01
 4.1136467e-01 1.4400682e-01 2.0855492e-02 2.1956277e-03]",1,Black,40-59
/scratch/project_462000771/mengting/projects/bias/hunyuan/prompt2/selected_faces/detected_fearful/fearful_person_0247_face0.png,Southeast Asian,Asian,Female,20-29,"[0.00565895 0.00128189 0.17434116 0.19204387 0.5397006  0.08609959
 0.00087384]",[8.6061088e-03 4.1585020e-04 8.4843922e-01 1.4253885e-01],[0.00255517 0.99744487],"[6.6792023e-07 1.8235763e-03 2.0296274e-01 7.4879944e-01 4.5704063e-02
 7.0163276e-04 7.3303363e-06 5.8881727e-07 2.7636542e-08]",0,Asian,20-39
/scratch/project_462000771/mengting/projects/bias/hunyuan/prompt2/selected_faces/detected_fearful/fearful_person_0248_face0.png,Southeast Asian,Asian,Female,10-19,"[4.9188612e-03 4.2181232e-04 6.1737292e-02 4.2000234e-01 4.7695470e-01
 3.5415009e-02 5.5005867e-04]",[7.4438225e-03 6.0001097e-05 9.9056107e-01 1.9350852e-03],[0.04725466 0.9527454 ],"[1.88870035e-05 1.19639598e-01 4.72248822e-01 3.99497181e-01
 8.49247072e-03 1.02109865e-04 7.35651838e-07 1.20650327e-07
 1.05052242e-08]",0,Asian,10-19
/scratch/project_462000771/mengting/projects/bias/hunyuan/prompt2/selected_faces/detected_fearful/fearful_person_0249_face0.png,Southeast Asian,Asian,Male,20-29,"[0.00424309 0.10199098 0.07508451 0.06228713 0.50099397 0.2533869
 0.00201335]",[0.0636339  0.00520374 0.72892827 0.20223406],[9.9983585e-01 1.6414879e-04],"[1.5182688e-05 2.2050818e-02 4.2543757e-01 4.5412570e-01 8.8744015e-02
 8.9756195e-03 5.4404832e-04 9.7143209e-05 9.9140316e-06]",1,Asian,20-39
/scratch/project_462000771/mengting/projects/bias/hunyuan/prompt2/selected_faces/detected_fearful/fearful_person_0250_face0.png,Indian,Indian,Male,30-39,"[1.5383317e-03 8.4404871e-03 3.9109968e-02 5.3201878e-04 1.1315957e-02
 9.3120289e-01 7.8603476e-03]",[7.0089643e-04 5.7997145e-03 1.9766362e-02 9.7373307e-01],[9.9999994e-01 4.1206487e-08],"[4.3326455e-07 4.9924143e-05 7.3782555e-03 4.1909033e-01 4.8518738e-01
 8.6344585e-02 1.8811300e-03 6.6904620e-05 1.1784508e-06]",1,Others,20-39
/scratch/project_462000771/mengting/projects/bias/hunyuan/prompt2/selected_faces/detected_fearful/fearful_person_0251_face0.png,White,Asian,Male,30-39,"[0.66250753 0.00613764 0.18905601 0.01756345 0.02544321 0.01605149
 0.08324073]",[0.2660607  0.02205116 0.64127237 0.07061579],[9.9994564e-01 5.4377371e-05],"[7.1596133e-07 2.7765747e-05 2.6788393e-03 3.5528424e-01 5.3334153e-01
 1.0254026e-01 5.6425864e-03 4.5338046e-04 3.0702518e-05]",1,White,20-39
/scratch/project_462000771/mengting/projects/bias/hunyuan/prompt2/selected_faces/detected_fearful/fearful_person_0252_face0.png,Latino_Hispanic,Indian,Male,20-29,"[0.2809164  0.04830753 0.45000586 0.00258396 0.01205689 0.18945077
 0.01667868]",[0.04775716 0.24620488 0.06607059 0.6399674 ],[0.9813758  0.01862419],"[1.0616043e-06 1.7315907e-04 1.3634337e-02 7.3134935e-01 2.4833083e-01
 6.4408495e-03 6.6909000e-05 3.2048256e-06 2.6836619e-07]",1,Others,20-39
/scratch/project_462000771/mengting/projects/bias/hunyuan/prompt2/selected_faces/detected_fearful/fearful_person_0253_face0.png,East Asian,Asian,Female,20-29,"[2.4289781e-01 2.9300671e-04 1.4976415e-01 3.3405370e-01 2.3807719e-01
 2.4179380e-02 1.0734665e-02]",[3.9775375e-01 4.3710032e-05 5.9388447e-01 8.3179809e-03],[0.42835864 0.5716414 ],"[6.3075839e-07 6.1786326e-04 1.6136624e-01 7.4149686e-01 9.3793772e-02
 2.6831536e-03 3.8524206e-05 2.7965441e-06 1.5961916e-07]",1,Asian,20-39
/scratch/project_462000771/mengting/projects/bias/hunyuan/prompt2/selected_faces/detected_fearful/fearful_person_0254_face0.png,Southeast Asian,Asian,Male,20-29,"[0.00382438 0.06408855 0.08712721 0.08069561 0.5165481  0.24481128
 0.00290482]",[0.00618484 0.00154783 0.9522508  0.0400166 ],[9.99987185e-01 1.27963485e-05],"[3.9308779e-06 1.3372218e-03 8.8757977e-02 6.0041106e-01 2.6716664e-01
 4.0684577e-02 1.5343946e-03 1.0108558e-04 3.1007439e-06]",0,Asian,20-39
/scratch/project_462000771/mengting/projects/bias/hunyuan/prompt2/selected_faces/detected_fearful/fearful_person_0255_face0.png,East Asian,Asian,Male,20-29,"[0.10995215 0.0976284  0.14598304 0.33455524 0.26787153 0.03601307
 0.0079966 ]",[6.3501997e-03 9.1503799e-04 9.5152205e-01 4.1212775e-02],[0.94925535 0.05074463],"[3.8225326e-06 3.4447922e-04 1.5147999e-02 6.9035697e-01 2.6948404e-01
 2.3412775e-02 1.0988029e-03 1.3480290e-04 1.6210439e-05]",0,Asian,20-39
/scratch/project_462000771/mengting/projects/bias/hunyuan/prompt2/selected_faces/detected_fearful/fearful_person_0256_face0.png,White,White,Male,20-29,"[6.8053073e-01 2.4934772e-03 1.6098601e-01 2.0460077e-04 1.5381449e-03
 5.2281655e-02 1.0196528e-01]",[0.8713725  0.00268963 0.00569049 0.12024735],[9.9999887e-01 1.1508218e-06],"[3.8823927e-08 5.9007302e-06 5.3579719e-03 7.8913081e-01 2.0162079e-01
 3.8408129e-03 4.2118831e-05 1.5407271e-06 4.6939068e-08]",1,White,20-39
/scratch/project_462000771/mengting/projects/bias/hunyuan/prompt2/selected_faces/detected_fearful/fearful_person_0257_face0.png,Southeast Asian,Asian,Female,20-29,"[0.02194814 0.00184443 0.21039194 0.33294278 0.3878339  0.04403567
 0.00100307]",[6.5113395e-02 4.3449094e-04 8.9490515e-01 3.9546948e-02],[0.34376982 0.6562302 ],"[1.3633969e-05 7.6202072e-02 3.9097366e-01 5.2461773e-01 8.1305215e-03
 6.2104220e-05 2.4938737e-07 2.6120905e-08 2.0194288e-09]",1,Asian,20-39
/scratch/project_462000771/mengting/projects/bias/hunyuan/prompt2/selected_faces/detected_fearful/fearful_person_0258_face0.png,White,White,Male,20-29,"[0.6787853  0.01397167 0.18345837 0.00420455 0.01600388 0.00848638
 0.09508982]",[0.9723857  0.00756    0.00961353 0.0104407 ],[9.9999905e-01 9.7944724e-07],"[7.8357999e-08 6.2602708e-06 3.2791663e-03 6.0280848e-01 3.7806657e-01
 1.5692497e-02 1.4287249e-04 4.0188324e-06 9.9166172e-08]",1,White,20-39
/scratch/project_462000771/mengting/projects/bias/hunyuan/prompt2/selected_faces/detected_fearful/fearful_person_0259_face0.png,Latino_Hispanic,Asian,Male,20-29,"[0.03580633 0.1406706  0.27661106 0.09171649 0.26535404 0.15871276
 0.03112881]",[0.09787665 0.00329749 0.79465085 0.104175  ],[0.99688727 0.00311273],"[5.8130365e-05 4.8466884e-03 6.8687491e-02 6.7696697e-01 2.0116961e-01
 3.8578697e-02 7.0221843e-03 2.2746325e-03 3.9550458e-04]",1,Others,20-39
/scratch/project_462000771/mengting/projects/bias/hunyuan/prompt2/selected_faces/detected_fearful/fearful_person_0260_face0.png,Latino_Hispanic,White,Female,20-29,"[0.06687183 0.00176061 0.45480055 0.06347284 0.16674504 0.2315475
 0.01480163]",[0.50959885 0.00506417 0.19690384 0.28843307],[0.00501877 0.9949812 ],"[2.82238107e-05 3.10877264e-02 3.04570168e-01 5.30280411e-01
 1.24893144e-01 8.73878878e-03 3.44788161e-04 5.27263219e-05
 3.93670098e-06]",0,Others,20-39
/scratch/project_462000771/mengting/projects/bias/hunyuan/prompt2/selected_faces/detected_fearful/fearful_person_0261_face0.png,East Asian,Asian,Female,20-29,"[0.01431436 0.00083138 0.07139558 0.472166   0.41104108 0.02945872
 0.0007929 ]",[1.9630758e-01 4.2346452e-05 7.9544359e-01 8.2064783e-03],[0.02449024 0.97550976],"[2.5771606e-05 4.5301341e-02 3.6248735e-01 5.2385437e-01 6.3566126e-02
 4.5475704e-03 1.7504106e-04 3.8692044e-05 3.7317222e-06]",0,Asian,20-39
/scratch/project_462000771/mengting/projects/bias/hunyuan/prompt2/selected_faces/detected_fearful/fearful_person_0262_face0.png,White,White,Male,30-39,"[4.5433584e-01 2.0161029e-02 2.4679552e-01 3.4360259e-04 2.5472967e-03
 1.3378316e-01 1.4203356e-01]",[0.4006727  0.1091219  0.16214874 0.32805663],[9.9999964e-01 3.2621557e-07],"[7.5587053e-07 4.5257631e-05 4.5665884e-03 2.9661635e-01 5.6653148e-01
 1.2792256e-01 4.1362760e-03 1.7648400e-04 4.2966280e-06]",0,White,20-39
/scratch/project_462000771/mengting/projects/bias/hunyuan/prompt2/selected_faces/detected_fearful/fearful_person_0263_face0.png,Southeast Asian,Asian,Male,20-29,"[2.52377533e-04 1.12609565e-02 1.19012659e-02 4.65283543e-02
 9.12456930e-01 1.75566375e-02 4.35694856e-05]",[5.8544647e-05 9.6155104e-04 9.9036264e-01 8.6172493e-03],[9.999939e-01 6.092051e-06],"[2.7126323e-06 7.6271524e-04 4.9953867e-02 6.7728007e-01 2.4796306e-01
 2.3162141e-02 8.1497035e-04 5.7778445e-05 2.8011625e-06]",1,Asian,20-39
/scratch/project_462000771/mengting/projects/bias/hunyuan/prompt2/selected_faces/detected_fearful/fearful_person_0264_face0.png,East Asian,Asian,Female,20-29,"[0.02062009 0.0006898  0.1118326  0.523842   0.315697   0.02591998
 0.00139863]",[4.0239271e-02 5.2685180e-04 9.3256295e-01 2.6670858e-02],[0.00624671 0.9937533 ],"[2.9539337e-05 1.2369819e-02 1.5922140e-01 7.0519888e-01 1.1620464e-01
 6.6165659e-03 2.8714002e-04 6.3967731e-05 8.0817963e-06]",1,Asian,20-39
/scratch/project_462000771/mengting/projects/bias/hunyuan/prompt2/selected_faces/detected_fearful/fearful_person_0265_face0.png,East Asian,Asian,Female,20-29,"[8.6658634e-04 2.8815097e-05 4.7276071e-03 7.2020888e-01 2.6882461e-01
 5.1423698e-03 2.0109533e-04]",[8.7767160e-03 5.0475464e-05 9.8086870e-01 1.0304158e-02],[0.03875005 0.96124995],"[2.01709372e-06 2.27984902e-03 1.25620872e-01 7.67040908e-01
 1.02883786e-01 2.14184611e-03 2.80570766e-05 2.53281496e-06
 9.66703837e-08]",1,Asian,20-39
/scratch/project_462000771/mengting/projects/bias/hunyuan/prompt2/selected_faces/detected_fearful/fearful_person_0266_face0.png,Southeast Asian,Asian,Male,30-39,"[8.9727131e-05 6.3075562e-04 1.3473919e-02 2.3150374e-01 7.5280893e-01
 1.4454020e-03 4.7411166e-05]",[0.00129442 0.00597216 0.9697732  0.02296025],[0.9972905 0.0027095],"[1.9498113e-06 6.7682522e-05 4.8907921e-03 2.1712892e-01 5.3556442e-01
 2.0164122e-01 3.6215503e-02 4.3052230e-03 1.8420506e-04]",1,Asian,20-39
/scratch/project_462000771/mengting/projects/bias/hunyuan/prompt2/selected_faces/detected_fearful/fearful_person_0267_face0.png,East Asian,Asian,Female,20-29,"[1.3598418e-02 6.7553361e-04 6.1807327e-02 7.9586238e-01 1.0603994e-01
 1.9129051e-02 2.8873065e-03]",[4.9609173e-02 6.5298664e-04 8.9265949e-01 5.7078350e-02],[0.01742126 0.9825787 ],"[6.7408433e-07 4.7518760e-03 2.2415331e-01 7.5597662e-01 1.5016715e-02
 1.0005277e-04 6.9983537e-07 4.9338396e-08 2.9770639e-09]",1,Asian,20-39
/scratch/project_462000771/mengting/projects/bias/hunyuan/prompt2/selected_faces/detected_fearful/fearful_person_0268_face0.png,Latino_Hispanic,White,Male,20-29,"[2.8909308e-01 3.8898419e-04 5.8741403e-01 2.6484609e-03 9.3779759e-03
 3.8935974e-02 7.2141461e-02]",[0.5123905  0.00404784 0.23307933 0.25048232],[0.985363   0.01463697],"[5.6012691e-08 2.2548909e-05 2.8894663e-02 8.5181850e-01 1.1692948e-01
 2.3071759e-03 2.6568716e-05 9.9845931e-07 5.0497764e-08]",0,Others,20-39
/scratch/project_462000771/mengting/projects/bias/hunyuan/prompt2/selected_faces/detected_fearful/fearful_person_0269_face0.png,Latino_Hispanic,Indian,Male,20-29,"[0.04850643 0.2019944  0.3421565  0.01960669 0.08322351 0.2766602
 0.02785219]",[0.25261098 0.08770079 0.2555523  0.40413594],[9.999930e-01 6.937928e-06],"[3.6444484e-07 1.5600347e-04 3.1704303e-02 8.5433316e-01 1.1154484e-01
 2.2351523e-03 2.4260389e-05 1.8005395e-06 6.6294234e-08]",1,Others,20-39
/scratch/project_462000771/mengting/projects/bias/hunyuan/prompt2/selected_faces/detected_fearful/fearful_person_0270_face0.png,East Asian,Asian,Female,20-29,"[1.64862571e-03 2.71393765e-05 2.34177080e-03 8.82143617e-01
 1.12656884e-01 1.13939994e-03 4.25824146e-05]",[2.55890731e-02 6.36843906e-05 9.64043677e-01 1.03035355e-02],[0.100683 0.899317],"[1.7196609e-07 2.4328216e-04 8.9846656e-02 8.5719180e-01 5.1943038e-02
 7.6680153e-04 7.6638844e-06 5.8708645e-07 2.4573536e-08]",1,Asian,20-39
/scratch/project_462000771/mengting/projects/bias/hunyuan/prompt2/selected_faces/detected_fearful/fearful_person_0271_face0.png,Latino_Hispanic,Indian,Male,20-29,"[0.00777367 0.01393786 0.3982487  0.01652043 0.19297493 0.33080274
 0.03974166]",[0.03242786 0.00957942 0.4614522  0.49654055],[9.999999e-01 8.275229e-08],"[2.65564995e-06 1.82179071e-03 7.95167238e-02 8.07564437e-01
 1.07922345e-01 3.13854357e-03 3.15305369e-05 1.95564508e-06
 3.64930806e-08]",1,Others,20-39
/scratch/project_462000771/mengting/projects/bias/hunyuan/prompt2/selected_faces/detected_fearful/fearful_person_0272_face0.png,White,White,Male,50-59,"[0.90755665 0.009618   0.02272256 0.00119029 0.00283738 0.01086507
 0.0452101 ]",[0.85896975 0.00864428 0.01621498 0.11617107],[0.9974924  0.00250763],"[1.9788031e-05 3.5526027e-05 3.7615420e-04 9.5840907e-03 6.0788907e-02
 3.1466052e-01 4.6387863e-01 1.2612940e-01 2.4527002e-02]",0,White,40-59
/scratch/project_462000771/mengting/projects/bias/hunyuan/prompt2/selected_faces/detected_fearful/fearful_person_0273_face0.png,Black,Indian,Male,30-39,"[1.50664635e-02 6.16206110e-01 5.26739135e-02 3.46388260e-05
 7.90030870e-04 2.38089904e-01 7.71389753e-02]",[0.00201468 0.17224137 0.04649227 0.77925164],[9.9999881e-01 1.1684084e-06],"[2.5419376e-07 8.8052357e-06 1.7387153e-03 2.3972578e-01 5.3530329e-01
 1.9819993e-01 2.2426371e-02 2.4839176e-03 1.1296398e-04]",1,Black,20-39
/scratch/project_462000771/mengting/projects/bias/hunyuan/prompt2/selected_faces/detected_fearful/fearful_person_0274_face0.png,Indian,White,Female,20-29,"[0.14667593 0.00222712 0.2904934  0.0031171  0.00374772 0.51204306
 0.04169572]",[0.68359834 0.00375267 0.08084258 0.23180634],[0.00319015 0.99680984],"[6.4667836e-07 2.3839768e-04 3.4946203e-02 8.1482142e-01 1.4558969e-01
 4.2802556e-03 1.1586773e-04 7.1101190e-06 4.4458955e-07]",1,Others,20-39
/scratch/project_462000771/mengting/projects/bias/hunyuan/prompt2/selected_faces/detected_fearful/fearful_person_0275_face0.png,East Asian,Asian,Female,20-29,"[7.0589650e-03 9.4848825e-04 3.3202063e-02 6.6053087e-01 2.9209304e-01
 5.8333729e-03 3.3318004e-04]",[9.148050e-03 7.795290e-04 9.808065e-01 9.265895e-03],[0.10825311 0.89174694],"[1.8507033e-05 2.4999108e-03 5.8807131e-02 6.8135107e-01 2.3820755e-01
 1.8096160e-02 8.7448739e-04 1.3594345e-04 9.2514911e-06]",0,Asian,20-39
/scratch/project_462000771/mengting/projects/bias/hunyuan/prompt2/selected_faces/detected_fearful/fearful_person_0276_face0.png,East Asian,Asian,Female,20-29,"[0.02576178 0.00613129 0.10240618 0.6638799  0.1856897  0.01401063
 0.00212053]",[0.09819631 0.00136496 0.8788304  0.02160839],[0.24204877 0.7579512 ],"[1.5120078e-07 3.0620320e-04 1.0670047e-01 8.4168923e-01 5.0594479e-02
 7.0282636e-04 6.2759323e-06 3.7608021e-07 2.1972692e-08]",1,Asian,20-39
/scratch/project_462000771/mengting/projects/bias/hunyuan/prompt2/selected_faces/detected_fearful/fearful_person_0277_face0.png,East Asian,Asian,Female,20-29,"[2.7773278e-03 1.2809387e-05 6.3964305e-03 6.8901104e-01 3.0080417e-01
 9.2872581e-04 6.9548856e-05]",[1.6142134e-01 2.4151430e-05 8.2753378e-01 1.1020656e-02],[0.3402859  0.65971404],"[3.2079043e-08 3.1363008e-05 5.4800168e-02 8.5493243e-01 8.8816918e-02
 1.4081487e-03 1.0290063e-05 6.1313739e-07 1.3943428e-08]",1,Asian,20-39
/scratch/project_462000771/mengting/projects/bias/hunyuan/prompt2/selected_faces/detected_fearful/fearful_person_0278_face0.png,Latino_Hispanic,White,Male,20-29,"[2.4774887e-01 2.2064347e-02 4.4453922e-01 6.3418709e-05 5.4814119e-04
 2.3070619e-01 5.4329846e-02]",[0.66864866 0.04912784 0.02061869 0.26160476],[9.9999821e-01 1.7985877e-06],"[1.3510717e-07 6.6438595e-05 6.7152511e-03 5.7232648e-01 4.0246999e-01
 1.8342834e-02 7.7546807e-05 1.3054008e-06 2.2800052e-08]",1,Others,20-39
/scratch/project_462000771/mengting/projects/bias/hunyuan/prompt2/selected_faces/detected_fearful/fearful_person_0279_face0.png,Southeast Asian,Asian,Male,20-29,"[0.03066971 0.00410931 0.04210221 0.39593318 0.5080505  0.01795669
 0.00117844]",[2.2438326e-01 2.7904534e-04 7.3055464e-01 4.4783030e-02],[0.8467417  0.15325826],"[3.7466552e-06 4.2617540e-03 1.5576667e-01 7.3913825e-01 9.5868967e-02
 4.7426103e-03 1.7254693e-04 3.9100338e-05 6.3297048e-06]",1,Asian,20-39
/scratch/project_462000771/mengting/projects/bias/hunyuan/prompt2/selected_faces/detected_fearful/fearful_person_0280_face0.png,Indian,Asian,Female,20-29,"[0.0156525  0.00316296 0.11046132 0.08364035 0.11974385 0.6526375
 0.01470156]",[3.0932374e-02 3.7102727e-04 8.9232039e-01 7.6376237e-02],[0.00327308 0.99672693],"[1.7472402e-04 5.7815272e-02 1.9167046e-01 5.6350416e-01 1.7123790e-01
 1.4604678e-02 7.6747226e-04 2.0781568e-04 1.7517666e-05]",1,Others,20-39
/scratch/project_462000771/mengting/projects/bias/hunyuan/prompt2/selected_faces/detected_fearful/fearful_person_0281_face0.png,White,White,Male,20-29,"[9.2199951e-01 9.2197333e-05 4.7592588e-02 1.4844304e-03 2.3471098e-03
 8.4260479e-03 1.8058084e-02]",[9.7082651e-01 1.7145745e-04 2.3814764e-02 5.1872325e-03],[9.999924e-01 7.663179e-06],"[1.23024275e-08 2.62624690e-06 1.92555611e-03 7.70764530e-01
 2.24099785e-01 3.20027396e-03 7.17458170e-06 1.00232540e-07
 2.71877565e-09]",1,White,20-39
/scratch/project_462000771/mengting/projects/bias/hunyuan/prompt2/selected_faces/detected_fearful/fearful_person_0282_face0.png,Latino_Hispanic,White,Male,20-29,"[0.13398658 0.06344523 0.5102756  0.00510417 0.04452834 0.18860464
 0.05405546]",[0.4800457  0.00409525 0.46551827 0.05034078],[9.9999976e-01 2.3985299e-07],"[3.4134064e-07 1.7717958e-04 5.6644201e-02 7.9169017e-01 1.4592519e-01
 5.4940078e-03 6.5914464e-05 2.8438560e-06 6.7410198e-08]",0,Others,20-39
/scratch/project_462000771/mengting/projects/bias/hunyuan/prompt2/selected_faces/detected_fearful/fearful_person_0283_face0.png,Latino_Hispanic,Asian,Female,20-29,"[0.02864022 0.00053444 0.3604915  0.27274206 0.15709591 0.17303485
 0.007461  ]",[0.09953775 0.00123034 0.68858933 0.21064252],[0.02225273 0.9777472 ],"[1.5090475e-06 4.5822371e-02 4.5509949e-01 4.9256140e-01 6.4793597e-03
 3.5717625e-05 1.4035827e-07 1.3181573e-08 9.4191555e-10]",1,Others,20-39
/scratch/project_462000771/mengting/projects/bias/hunyuan/prompt2/selected_faces/detected_fearful/fearful_person_0284_face0.png,Indian,Asian,Female,20-29,"[0.01304777 0.0023565  0.14183338 0.23016389 0.16619116 0.44432795
 0.00207936]",[3.2985214e-02 6.0265622e-04 8.4715348e-01 1.1925868e-01],[0.00560696 0.99439305],"[1.7195896e-07 9.6305524e-04 1.2593003e-01 8.6117697e-01 1.1898519e-02
 3.1081960e-05 8.8757893e-08 4.5940332e-09 1.5266026e-10]",1,Others,20-39
/scratch/project_462000771/mengting/projects/bias/hunyuan/prompt2/selected_faces/detected_fearful/fearful_person_0285_face0.png,Indian,Indian,Male,20-29,"[0.00679098 0.10203981 0.20226844 0.00679094 0.05177998 0.62593025
 0.00439959]",[0.01603254 0.02129193 0.05928186 0.9033937 ],[9.9991477e-01 8.5290812e-05],"[6.1554300e-07 3.0746523e-05 5.4113264e-03 6.5534121e-01 3.1932685e-01
 1.9525887e-02 3.4395800e-04 1.7974140e-05 1.3495577e-06]",1,Others,20-39
/scratch/project_462000771/mengting/projects/bias/hunyuan/prompt2/selected_faces/detected_fearful/fearful_person_0286_face0.png,East Asian,Asian,Male,20-29,"[7.5119040e-03 3.2424295e-04 8.9916028e-02 4.4867250e-01 4.0603596e-01
 4.2533081e-02 5.0062374e-03]",[7.1262985e-02 4.8326782e-04 8.6950058e-01 5.8753219e-02],[0.50161177 0.49838823],"[6.5780382e-06 1.1983224e-03 4.2032715e-02 7.3142099e-01 2.0906197e-01
 1.5459732e-02 7.3148927e-04 8.3100094e-05 5.0299541e-06]",0,Asian,20-39
/scratch/project_462000771/mengting/projects/bias/hunyuan/prompt2/selected_faces/detected_fearful/fearful_person_0287_face0.png,Indian,Indian,Male,30-39,"[1.18493445e-01 9.13699623e-03 2.02671528e-01 1.78893431e-04
 2.02305010e-03 5.17365336e-01 1.50130734e-01]",[0.12661412 0.07626911 0.01503308 0.7820837 ],[9.9999464e-01 5.3710564e-06],"[1.2757109e-06 6.1013543e-05 3.7793254e-03 3.9487901e-01 5.3622168e-01
 6.3904576e-02 1.1140569e-03 3.8017813e-05 9.9193971e-07]",0,Others,20-39
/scratch/project_462000771/mengting/projects/bias/hunyuan/prompt2/selected_faces/detected_fearful/fearful_person_0288_face0.png,East Asian,Asian,Female,20-29,"[5.9555460e-02 6.4399697e-05 9.1561913e-02 7.5727373e-01 8.7444700e-02
 3.1877991e-03 9.1206946e-04]",[4.8997227e-02 6.0001414e-05 9.3482465e-01 1.6118096e-02],[0.00813826 0.99186176],"[8.6567582e-08 2.4093511e-04 8.3048418e-02 8.1655616e-01 9.8241411e-02
 1.8929342e-03 1.8744386e-05 1.2072302e-06 4.6014378e-08]",1,Asian,20-39
/scratch/project_462000771/mengting/projects/bias/hunyuan/prompt2/selected_faces/detected_fearful/fearful_person_0289_face0.png,Southeast Asian,Asian,Male,60-69,"[0.00041785 0.34447742 0.03693223 0.00416711 0.34898767 0.2643673
 0.00065034]",[3.5891720e-04 4.0577975e-01 5.0581396e-01 8.8047318e-02],[9.9947178e-01 5.2825967e-04],"[1.2048505e-05 6.1752173e-05 3.9282761e-04 3.6199826e-03 2.2179689e-02
 1.2560236e-01 3.1128019e-01 4.0207255e-01 1.3477862e-01]",1,Asian,60+
/scratch/project_462000771/mengting/projects/bias/hunyuan/prompt2/selected_faces/detected_fearful/fearful_person_0290_face0.png,Southeast Asian,Asian,Male,20-29,"[0.00956443 0.03560301 0.18811476 0.08129999 0.42897463 0.25358716
 0.002856  ]",[0.26465803 0.00325637 0.60215837 0.12992716],[9.996651e-01 3.349351e-04],"[4.4332178e-06 4.7514886e-03 1.2737861e-01 7.4713993e-01 1.1652339e-01
 4.1413265e-03 5.6037654e-05 4.4705671e-06 3.4266810e-07]",1,Asian,20-39
/scratch/project_462000771/mengting/projects/bias/hunyuan/prompt2/selected_faces/detected_fearful/fearful_person_0291_face0.png,Southeast Asian,Asian,Male,20-29,"[0.02461322 0.01713471 0.19330314 0.21144323 0.40952283 0.12585874
 0.01812414]",[0.00606445 0.09435411 0.73278916 0.16679226],[9.9999666e-01 3.2937303e-06],"[3.9230790e-06 1.1441429e-03 4.1901037e-02 7.2140640e-01 2.0449519e-01
 2.9668257e-02 1.2301012e-03 1.4495550e-04 6.0273346e-06]",1,Asian,20-39
/scratch/project_462000771/mengting/projects/bias/hunyuan/prompt2/selected_faces/detected_fearful/fearful_person_0292_face0.png,Southeast Asian,Asian,Male,20-29,"[1.2216328e-03 3.8504807e-04 8.5657584e-03 3.9261961e-01 5.9528881e-01
 1.5526146e-03 3.6653536e-04]",[2.0888835e-02 7.2622416e-04 9.5170569e-01 2.6679289e-02],[9.9999857e-01 1.4286941e-06],"[2.3825759e-08 6.0013085e-06 3.4825988e-03 5.6478280e-01 4.1113341e-01
 2.0354208e-02 2.3274605e-04 8.1655153e-06 1.3391062e-07]",0,Asian,20-39
/scratch/project_462000771/mengting/projects/bias/hunyuan/prompt2/selected_faces/detected_fearful/fearful_person_0293_face0.png,Latino_Hispanic,Indian,Male,20-29,"[0.0882385  0.17100662 0.5164693  0.00273609 0.02659046 0.10857954
 0.08637945]",[0.03436275 0.11571069 0.07889954 0.771027  ],[9.9999511e-01 4.9126256e-06],"[1.7438450e-06 1.1367574e-04 7.0061772e-03 4.8344341e-01 4.3189928e-01
 7.3066905e-02 3.8492370e-03 5.7039439e-04 4.9158782e-05]",1,Others,20-39
/scratch/project_462000771/mengting/projects/bias/hunyuan/prompt2/selected_faces/detected_fearful/fearful_person_0294_face0.png,East Asian,Asian,Male,20-29,"[8.8208611e-04 4.5128394e-04 7.7945041e-03 6.8022633e-01 3.0388576e-01
 6.7095226e-03 5.0395472e-05]",[5.4633934e-03 1.3439423e-04 9.8253870e-01 1.1863509e-02],[0.9974696  0.00253037],"[7.2496368e-07 1.8120771e-03 1.9216853e-01 7.6745284e-01 3.7871428e-02
 6.8609859e-04 7.5570438e-06 6.5732166e-07 3.6194916e-08]",1,Asian,20-39
/scratch/project_462000771/mengting/projects/bias/hunyuan/prompt2/selected_faces/detected_fearful/fearful_person_0295_face0.png,East Asian,Asian,Female,20-29,"[5.4928767e-03 2.1210573e-05 2.4712612e-03 8.9693201e-01 9.4873063e-02
 1.3044474e-04 7.9118166e-05]",[2.5119875e-03 1.1898027e-05 9.9733955e-01 1.3649039e-04],[3.4157568e-04 9.9965841e-01],"[4.6328989e-08 7.2602001e-05 3.2233171e-02 8.2939321e-01 1.3538745e-01
 2.8933806e-03 1.9131445e-05 1.0292371e-06 2.0682629e-08]",0,Asian,20-39
/scratch/project_462000771/mengting/projects/bias/hunyuan/prompt2/selected_faces/detected_fearful/fearful_person_0296_face0.png,East Asian,Asian,Female,20-29,"[2.18173433e-02 1.09010136e-04 4.19623479e-02 7.37398684e-01
 1.66563958e-01 2.97909174e-02 2.35767593e-03]",[1.7073674e-01 4.9602741e-04 7.2020304e-01 1.0856416e-01],[0.00871924 0.99128073],"[1.7356784e-06 2.5911722e-03 1.5581319e-01 8.0101138e-01 4.0239770e-02
 3.3956399e-04 2.8734737e-06 3.1140453e-07 2.0364615e-08]",1,Asian,20-39
/scratch/project_462000771/mengting/projects/bias/hunyuan/prompt2/selected_faces/detected_fearful/fearful_person_0298_face0.png,Latino_Hispanic,White,Male,20-29,"[0.04357126 0.0373225  0.5617721  0.04250643 0.11310271 0.1787168
 0.02300821]",[0.39954254 0.00327351 0.2924856  0.30469838],[9.9996716e-01 3.2859047e-05],"[1.0692170e-06 3.3793374e-04 3.3571165e-02 7.4065584e-01 2.1723516e-01
 8.1150178e-03 7.9753539e-05 3.8928943e-06 1.3663507e-07]",1,Others,20-39
/scratch/project_462000771/mengting/projects/bias/hunyuan/prompt2/selected_faces/detected_fearful/fearful_person_0299_face0.png,Southeast Asian,Asian,Male,20-29,"[0.02745199 0.00239678 0.15003243 0.34390113 0.450724   0.02106362
 0.00443008]",[0.07391465 0.00406493 0.90455    0.01747046],[9.9998939e-01 1.0580369e-05],"[4.07394236e-06 3.40958685e-03 1.90557867e-01 6.78413391e-01
 1.18100844e-01 9.07958113e-03 3.98770295e-04 3.46546512e-05
 1.24395706e-06]",0,Asian,20-39
/scratch/project_462000771/mengting/projects/bias/hunyuan/prompt2/selected_faces/detected_fearful/fearful_person_0300_face0.png,White,White,Male,20-29,"[8.8395196e-01 1.7566413e-04 3.7924174e-02 4.8892609e-05 2.1936129e-04
 5.1519205e-03 7.2527990e-02]",[0.86466473 0.00115232 0.02289555 0.11128743],[9.9999034e-01 9.6159774e-06],"[2.5575358e-07 2.9045452e-05 4.6999389e-03 6.3145399e-01 3.5090443e-01
 1.2832718e-02 7.7709694e-05 1.9089546e-06 4.2444881e-08]",1,White,20-39
/scratch/project_462000771/mengting/projects/bias/hunyuan/prompt2/selected_faces/detected_fearful/fearful_person_0301_face0.png,Southeast Asian,Asian,Male,20-29,"[0.03126154 0.00197664 0.16854809 0.2632624  0.5232869  0.00917806
 0.00248649]",[1.2204145e-02 6.1294477e-04 9.8548675e-01 1.6961453e-03],[9.9999958e-01 4.1583377e-07],"[7.5925328e-07 3.7630490e-04 4.7227237e-02 7.2092956e-01 2.1137014e-01
 1.9273231e-02 7.5767818e-04 6.3712825e-05 1.3070443e-06]",0,Asian,20-39
/scratch/project_462000771/mengting/projects/bias/hunyuan/prompt2/selected_faces/detected_fearful/fearful_person_0302_face0.png,White,White,Male,20-29,"[7.3870063e-01 6.7904824e-03 1.4831468e-01 8.0336962e-05 4.9460999e-04
 4.2340450e-02 6.3278750e-02]",[0.87661654 0.00527091 0.04773742 0.07037511],[9.999950e-01 5.012937e-06],"[2.9640573e-08 5.8362193e-06 9.1452422e-03 7.0461023e-01 2.7560753e-01
 1.0469959e-02 1.5558372e-04 5.4563961e-06 1.5201822e-07]",1,White,20-39
/scratch/project_462000771/mengting/projects/bias/hunyuan/prompt2/selected_faces/detected_fearful/fearful_person_0303_face0.png,Latino_Hispanic,Black,Male,30-39,"[1.4931160e-01 1.5222305e-01 2.9870981e-01 3.9265145e-05 8.1748288e-04
 2.2092962e-01 1.7796923e-01]",[0.24744008 0.3894329  0.02112512 0.34200186],[9.9999917e-01 8.2568914e-07],"[1.6146269e-07 9.8346554e-06 1.1862090e-03 3.6968726e-01 5.9047145e-01
 3.8234271e-02 4.0246718e-04 8.1704957e-06 1.9316094e-07]",0,Others,20-39
/scratch/project_462000771/mengting/projects/bias/hunyuan/prompt2/selected_faces/detected_fearful/fearful_person_0304_face0.png,Black,Black,Male,30-39,"[1.8788482e-01 6.8944573e-01 5.8447871e-02 5.2166433e-04 3.1005219e-03
 1.3116109e-02 4.7483284e-02]",[0.26312646 0.67611754 0.02412453 0.03663143],[9.9917287e-01 8.2715810e-04],"[5.6597078e-06 5.3629134e-05 1.3162207e-03 7.9695269e-02 4.0984789e-01
 3.8068771e-01 1.1281050e-01 1.4213302e-02 1.3698920e-03]",0,Black,20-39
/scratch/project_462000771/mengting/projects/bias/hunyuan/prompt2/selected_faces/detected_fearful/fearful_person_0305_face0.png,White,White,Male,20-29,"[6.2157005e-01 7.3815614e-04 2.0445184e-01 1.2374278e-04 5.6901720e-04
 7.3073789e-02 9.9473439e-02]",[8.0249691e-01 2.0554375e-04 1.5151074e-02 1.8214640e-01],[9.99986172e-01 1.37693205e-05],"[4.1596817e-07 2.9621287e-05 5.2276440e-03 5.4657316e-01 4.0927336e-01
 3.8017184e-02 8.5015787e-04 2.7528242e-05 9.0258004e-07]",1,White,20-39
/scratch/project_462000771/mengting/projects/bias/hunyuan/prompt2/selected_faces/detected_fearful/fearful_person_0306_face0.png,Indian,Indian,Male,30-39,"[0.01664913 0.01400067 0.35051033 0.01272009 0.20120373 0.4020819
 0.00283412]",[0.01945166 0.03581961 0.1454128  0.79931587],[9.9999785e-01 2.1134802e-06],"[1.0931417e-06 1.1461688e-04 4.8520369e-03 2.6089564e-01 5.3905058e-01
 1.8738584e-01 7.4758283e-03 2.1792225e-04 6.4561241e-06]",1,Others,20-39
/scratch/project_462000771/mengting/projects/bias/hunyuan/prompt2/selected_faces/detected_fearful/fearful_person_0307_face0.png,Indian,Indian,Male,20-29,"[0.05786869 0.05520371 0.13879623 0.00127306 0.01081511 0.71031684
 0.02572645]",[0.22240084 0.01289215 0.06905722 0.6956498 ],[9.9999297e-01 7.0277147e-06],"[2.3070059e-07 1.0270822e-03 1.4674404e-01 7.8630239e-01 6.4836875e-02
 1.0790763e-03 9.7660495e-06 4.7230623e-07 1.7111205e-08]",0,Others,20-39
/scratch/project_462000771/mengting/projects/bias/hunyuan/prompt2/selected_faces/detected_fearful/fearful_person_0308_face0.png,East Asian,White,Female,20-29,"[0.06586378 0.00106906 0.31739354 0.41569957 0.10327635 0.04629761
 0.05040006]",[7.7169049e-01 6.0411479e-05 1.8811217e-01 4.0136937e-02],[0.00525006 0.99474996],"[8.5480707e-08 2.1335982e-04 8.8080488e-02 8.5311580e-01 5.7867344e-02
 7.1800634e-04 4.6802679e-06 2.8746254e-07 1.4072910e-08]",0,Asian,20-39
/scratch/project_462000771/mengting/projects/bias/hunyuan/prompt2/selected_faces/detected_fearful/fearful_person_0309_face0.png,East Asian,Asian,Female,20-29,"[1.6536767e-02 5.7510191e-05 3.6594223e-02 7.9261225e-01 1.4458309e-01
 8.9607667e-03 6.5540499e-04]",[7.1916044e-02 8.6078835e-05 9.1605794e-01 1.1939919e-02],[0.05419762 0.94580245],"[1.51180075e-05 7.87194967e-02 3.16837460e-01 5.92126906e-01
 1.21060880e-02 1.92713836e-04 1.89860509e-06 2.61260595e-07
 2.41483580e-08]",0,Asian,20-39
/scratch/project_462000771/mengting/projects/bias/hunyuan/prompt2/selected_faces/detected_fearful/fearful_person_0310_face0.png,White,White,Male,20-29,"[0.37741494 0.0492111  0.18446335 0.07689387 0.20929424 0.0830412
 0.01968125]",[0.5075961  0.00306761 0.1817825  0.3075537 ],[0.99585086 0.00414914],"[1.3352733e-05 3.4118660e-03 5.7467729e-02 6.4582217e-01 2.6084676e-01
 3.1154646e-02 1.1826043e-03 9.0698493e-05 1.0155986e-05]",1,White,20-39
/scratch/project_462000771/mengting/projects/bias/hunyuan/prompt2/selected_faces/detected_fearful/fearful_person_0311_face0.png,East Asian,Asian,Female,20-29,"[5.6218398e-03 6.0697559e-05 2.1037899e-02 6.9613636e-01 2.7588075e-01
 1.0686521e-03 1.9380607e-04]",[5.523521e-03 1.892945e-05 9.935571e-01 9.004275e-04],[0.00545226 0.9945478 ],"[5.3171340e-07 9.0350286e-04 1.3253212e-01 7.4828720e-01 1.1540191e-01
 2.8473658e-03 2.5641877e-05 1.7218924e-06 5.3206772e-08]",1,Asian,20-39
/scratch/project_462000771/mengting/projects/bias/hunyuan/prompt2/selected_faces/detected_fearful/fearful_person_0312_face0.png,East Asian,Asian,Female,20-29,"[2.5909310e-02 4.2024304e-04 6.2196925e-02 7.1128207e-01 1.8270974e-01
 1.5330529e-02 2.1512539e-03]",[9.2533529e-03 6.0697418e-04 9.7584504e-01 1.4294690e-02],[0.00284125 0.99715877],"[2.7385279e-06 9.6846726e-03 2.6842937e-01 6.9758487e-01 2.4034435e-02
 2.6138796e-04 2.1736291e-06 2.7033650e-07 1.9318927e-08]",1,Asian,20-39
/scratch/project_462000771/mengting/projects/bias/hunyuan/prompt2/selected_faces/detected_fearful/fearful_person_0313_face0.png,Black,Asian,Male,30-39,"[0.22975358 0.37140933 0.21090591 0.00158642 0.02620458 0.08017997
 0.07996016]",[0.02528012 0.0136103  0.6802269  0.28088263],[9.9999833e-01 1.6694689e-06],"[8.5887066e-08 5.5702418e-07 3.0738296e-04 2.2168884e-01 5.9478325e-01
 1.6485891e-01 1.7439866e-02 9.0226519e-04 1.8873128e-05]",1,Black,20-39
/scratch/project_462000771/mengting/projects/bias/hunyuan/prompt2/selected_faces/detected_fearful/fearful_person_0314_face0.png,White,White,Male,20-29,"[9.5740908e-01 4.0323197e-04 2.4568601e-02 3.2636650e-05 1.1562320e-04
 9.8753683e-03 7.5955167e-03]",[9.8887491e-01 2.6569239e-04 5.2225552e-03 5.6367307e-03],[9.9995828e-01 4.1740626e-05],"[3.2948133e-08 6.4362780e-06 4.6932907e-03 5.6635046e-01 4.1233414e-01
 1.6497031e-02 1.1728261e-04 1.3341927e-06 3.0108875e-08]",0,White,20-39
/scratch/project_462000771/mengting/projects/bias/hunyuan/prompt2/selected_faces/detected_fearful/fearful_person_0315_face0.png,White,White,Male,20-29,"[0.7716824  0.04962883 0.11032232 0.0039335  0.00324715 0.02053921
 0.04064666]",[0.889741   0.00820139 0.00862529 0.09343234],[9.9965936e-01 3.4063647e-04],"[7.0154351e-07 8.9721849e-05 1.5747689e-02 6.3596261e-01 3.1449026e-01
 3.2314211e-02 1.3231784e-03 6.4590036e-05 6.9719786e-06]",1,White,20-39
/scratch/project_462000771/mengting/projects/bias/hunyuan/prompt2/selected_faces/detected_fearful/fearful_person_0316_face0.png,Latino_Hispanic,Indian,Male,30-39,"[0.13602039 0.02124134 0.42874038 0.0010964  0.00714937 0.36064306
 0.04510906]",[0.11226495 0.01876364 0.17981772 0.68915373],[9.999766e-01 2.344018e-05],"[1.0234868e-06 7.7765711e-05 6.1504645e-03 4.4242209e-01 4.9423772e-01
 5.5704899e-02 1.3402154e-03 6.3372718e-05 2.4196136e-06]",1,Others,20-39
/scratch/project_462000771/mengting/projects/bias/hunyuan/prompt2/selected_faces/detected_fearful/fearful_person_0319_face0.png,Indian,Indian,Male,20-29,"[0.01885639 0.1087859  0.19160423 0.00125433 0.01354566 0.6517735
 0.01417997]",[0.00907053 0.1981136  0.02033366 0.77248216],[9.9975944e-01 2.4052702e-04],"[3.2167017e-07 1.6383859e-05 6.9095776e-03 5.4473329e-01 4.0483814e-01
 4.2203136e-02 1.2419465e-03 5.3779459e-05 3.5040373e-06]",1,Others,20-39
/scratch/project_462000771/mengting/projects/bias/hunyuan/prompt2/selected_faces/detected_fearful/fearful_person_0320_face0.png,East Asian,Asian,Female,20-29,"[1.6368636e-03 1.0117945e-05 2.8955692e-03 9.0184444e-01 9.1138318e-02
 2.2146811e-03 2.6003798e-04]",[1.630377e-03 3.660031e-05 9.938091e-01 4.523914e-03],[0.02081721 0.9791828 ],"[9.1088580e-08 5.9803395e-05 4.9046990e-02 8.3760524e-01 1.1129675e-01
 1.9721584e-03 1.7721424e-05 1.1918713e-06 2.6307342e-08]",1,Asian,20-39
/scratch/project_462000771/mengting/projects/bias/hunyuan/prompt2/selected_faces/detected_fearful/fearful_person_0321_face0.png,Latino_Hispanic,Asian,Male,30-39,"[0.17000954 0.0543439  0.46206033 0.00315565 0.03655373 0.1176512
 0.15622559]",[0.24978271 0.19127446 0.42751202 0.1314308 ],[9.999991e-01 9.287043e-07],"[7.0264015e-08 3.9062757e-06 1.2392614e-03 2.5890526e-01 6.3899410e-01
 9.8436266e-02 2.3164023e-03 1.0115671e-04 3.6469396e-06]",0,Others,20-39
/scratch/project_462000771/mengting/projects/bias/hunyuan/prompt2/selected_faces/detected_fearful/fearful_person_0322_face0.png,Indian,Asian,Male,20-29,"[0.07904385 0.0491028  0.2884316  0.03604754 0.11062504 0.29169977
 0.14504945]",[0.23770687 0.00834567 0.6248546  0.12909286],[9.9997205e-01 2.7959717e-05],"[8.9746845e-07 1.8316526e-04 1.2097645e-02 7.0851469e-01 2.7009392e-01
 9.0410765e-03 6.6367313e-05 2.2056120e-06 7.8523861e-08]",1,Others,20-39
/scratch/project_462000771/mengting/projects/bias/hunyuan/prompt2/selected_faces/detected_fearful/fearful_person_0323_face0.png,Latino_Hispanic,Asian,Male,30-39,"[0.05805616 0.01477719 0.41514242 0.01849521 0.21185485 0.24343713
 0.03823698]",[0.0352984  0.00134429 0.89815265 0.06520462],[9.9971843e-01 2.8152711e-04],"[3.2057869e-06 2.5731514e-04 1.3240276e-02 3.5988215e-01 5.1961452e-01
 1.0303395e-01 3.8649722e-03 1.0011480e-04 3.5401642e-06]",0,Others,20-39
/scratch/project_462000771/mengting/projects/bias/hunyuan/prompt2/selected_faces/detected_fearful/fearful_person_0324_face0.png,East Asian,Asian,Male,20-29,"[0.00593609 0.00163501 0.0273621  0.48754632 0.46875542 0.00742945
 0.00133562]",[0.02167526 0.002905   0.96480185 0.01061782],[9.9980867e-01 1.9131372e-04],"[2.4469407e-06 2.6726085e-04 2.6769837e-02 5.7880360e-01 2.9331836e-01
 8.5512556e-02 1.2792154e-02 2.3214039e-03 2.1238640e-04]",1,Asian,20-39
/scratch/project_462000771/mengting/projects/bias/hunyuan/prompt2/selected_faces/detected_fearful/fearful_person_0325_face0.png,Southeast Asian,Asian,Male,20-29,"[0.02301404 0.00086881 0.12109096 0.37969267 0.43764645 0.03598247
 0.00170465]",[2.2061326e-01 7.5440272e-05 7.6515108e-01 1.4160171e-02],[0.85400414 0.14599589],"[4.1585801e-05 6.3772209e-02 4.1584790e-01 4.3762663e-01 7.7519558e-02
 5.0166491e-03 1.5727653e-04 1.6583497e-05 1.6345399e-06]",1,Asian,20-39
/scratch/project_462000771/mengting/projects/bias/hunyuan/prompt2/selected_faces/detected_fearful/fearful_person_0326_face0.png,Southeast Asian,Asian,Male,20-29,"[5.54916495e-03 1.19392316e-04 4.93416972e-02 4.28041786e-01
 5.01921296e-01 1.46667473e-02 3.59928730e-04]",[6.5507196e-02 9.7524229e-05 9.1693854e-01 1.7456736e-02],[0.7184853  0.28151473],"[1.4791823e-06 8.8369856e-03 2.8331891e-01 6.8905783e-01 1.8561970e-02
 2.2139207e-04 1.3046446e-06 1.2234648e-07 7.6194153e-09]",1,Asian,20-39
/scratch/project_462000771/mengting/projects/bias/hunyuan/prompt2/selected_faces/detected_fearful/fearful_person_0327_face0.png,White,White,Male,20-29,"[8.5038435e-01 4.0136080e-04 1.1885924e-01 5.9627194e-04 1.1142299e-03
 1.2127049e-02 1.6517472e-02]",[9.8408860e-01 1.8121397e-04 3.4061430e-03 1.2324057e-02],[9.9968541e-01 3.1460956e-04],"[1.0526275e-08 2.5637107e-06 8.2442481e-03 8.7123126e-01 1.1919165e-01
 1.3221141e-03 7.9397005e-06 1.9051944e-07 7.9883504e-09]",1,White,20-39
/scratch/project_462000771/mengting/projects/bias/hunyuan/prompt2/selected_faces/detected_fearful/fearful_person_0328_face0.png,Black,Black,Male,30-39,"[5.0045546e-05 9.8988974e-01 1.4278606e-03 5.9610534e-07 3.0819523e-05
 7.4906019e-03 1.1104579e-03]",[6.9775793e-05 9.9157971e-01 2.5014594e-04 8.1003746e-03],[1.0000000e+00 5.6209934e-09],"[8.1376345e-07 2.0313679e-05 6.2801869e-04 9.9906474e-02 5.2728599e-01
 3.4994575e-01 2.1059014e-02 1.1213429e-03 3.2241191e-05]",1,Black,20-39
/scratch/project_462000771/mengting/projects/bias/hunyuan/prompt2/selected_faces/detected_fearful/fearful_person_0329_face0.png,East Asian,Asian,Female,20-29,"[2.6774434e-03 5.1067385e-05 9.0521751e-03 7.1659631e-01 2.6605988e-01
 5.4283906e-03 1.3478924e-04]",[9.8423557e-03 7.3819450e-05 9.8744440e-01 2.6393493e-03],[0.0921151 0.9078849],"[3.8331273e-06 7.7960095e-03 2.5336498e-01 7.1085221e-01 2.7581668e-02
 3.9703641e-04 3.7827328e-06 4.7873459e-07 3.1600372e-08]",0,Asian,20-39
/scratch/project_462000771/mengting/projects/bias/hunyuan/prompt2/selected_faces/detected_fearful/fearful_person_0330_face0.png,Latino_Hispanic,Indian,Male,20-29,"[0.01883113 0.02657302 0.4662869  0.01666532 0.19477703 0.23720221
 0.03966439]",[0.05424824 0.03559216 0.4407842  0.46937546],[1.0000000e+00 2.2224569e-08],"[2.7975011e-06 1.9807855e-03 6.1809339e-02 6.2572366e-01 2.7832112e-01
 3.1442579e-02 6.7996891e-04 3.9033028e-05 6.5027507e-07]",1,Others,20-39
/scratch/project_462000771/mengting/projects/bias/hunyuan/prompt2/selected_faces/detected_fearful/fearful_person_0331_face0.png,Southeast Asian,Asian,Male,30-39,"[0.16706112 0.04582418 0.04027506 0.19299829 0.5459959  0.00312656
 0.00471895]",[1.5182482e-02 1.8969281e-02 9.6544433e-01 4.0395593e-04],[0.9979734  0.00202665],"[8.6796308e-06 9.7389327e-04 1.3938202e-02 3.0278009e-01 4.2867148e-01
 2.1428171e-01 3.6180679e-02 2.9229471e-03 2.4224070e-04]",0,Asian,20-39
/scratch/project_462000771/mengting/projects/bias/hunyuan/prompt2/selected_faces/detected_fearful/fearful_person_0332_face0.png,Southeast Asian,Asian,Female,20-29,"[3.0609649e-03 4.2998545e-02 7.2584353e-02 6.9200933e-02 7.4076617e-01
 7.1250938e-02 1.3809175e-04]",[0.05563599 0.15772593 0.75862014 0.0280179 ],[0.29700863 0.70299137],"[3.1149853e-04 1.5814766e-01 2.8048822e-01 5.0965899e-01 4.8793212e-02
 2.5415632e-03 4.9652459e-05 7.8741887e-06 1.4271911e-06]",1,Asian,20-39
/scratch/project_462000771/mengting/projects/bias/hunyuan/prompt2/selected_faces/detected_fearful/fearful_person_0333_face0.png,Black,Indian,Male,30-39,"[2.5194344e-01 4.7143283e-01 8.6093038e-02 1.4397647e-04 2.5198546e-03
 1.5619405e-01 3.1672794e-02]",[0.25939053 0.11603642 0.04687435 0.5776987 ],[9.9994349e-01 5.6486853e-05],"[9.0795438e-06 1.6267409e-03 3.8493652e-02 3.5831383e-01 4.5152578e-01
 1.3708617e-01 1.2271494e-02 6.3160213e-04 4.1661773e-05]",1,Black,20-39
/scratch/project_462000771/mengting/projects/bias/hunyuan/prompt2/selected_faces/detected_fearful/fearful_person_0334_face0.png,White,Indian,Male,30-39,"[0.5539396  0.00470681 0.31343824 0.00594972 0.02839336 0.05762834
 0.03594396]",[0.39165145 0.00640013 0.04227986 0.55966854],[0.9911543  0.00884568],"[5.8733922e-06 1.8214504e-04 8.8321911e-03 4.3279904e-01 4.3658414e-01
 1.0511958e-01 1.4229436e-02 1.8863776e-03 3.6120517e-04]",1,White,20-39
/scratch/project_462000771/mengting/projects/bias/hunyuan/prompt2/selected_faces/detected_fearful/fearful_person_0335_face0.png,Latino_Hispanic,Asian,Female,20-29,"[0.10268211 0.00736282 0.36234772 0.16850755 0.29077542 0.06095088
 0.0073735 ]",[0.14172298 0.00742499 0.6602576  0.19059445],[0.44169503 0.55830497],"[2.2823936e-06 1.0423182e-03 1.3361695e-01 7.3164254e-01 1.2805937e-01
 5.5208709e-03 1.0877669e-04 6.5893773e-06 3.5950691e-07]",1,Others,20-39
/scratch/project_462000771/mengting/projects/bias/hunyuan/prompt2/selected_faces/detected_fearful/fearful_person_0336_face0.png,White,White,Female,20-29,"[0.3957409  0.00061191 0.34295428 0.14306623 0.01721373 0.03159866
 0.06881432]",[8.8120121e-01 3.4364327e-04 8.0922775e-02 3.7532385e-02],[0.00859533 0.99140465],"[2.9147213e-06 5.0998718e-04 3.4159094e-02 6.2566918e-01 3.0481064e-01
 3.2257523e-02 2.3700714e-03 2.0544369e-04 1.5086109e-05]",1,White,20-39
/scratch/project_462000771/mengting/projects/bias/hunyuan/prompt2/selected_faces/detected_fearful/fearful_person_0337_face0.png,East Asian,Asian,Female,20-29,"[6.1882637e-04 1.0372410e-04 4.7067786e-03 7.8637910e-01 2.0404641e-01
 4.0448606e-03 1.0030248e-04]",[1.1531371e-03 7.1429575e-05 9.9653167e-01 2.2437559e-03],[0.34069684 0.6593032 ],"[5.6577614e-05 1.1755451e-01 4.0827596e-01 4.5842952e-01 1.5282372e-02
 3.9330393e-04 6.4926462e-06 1.2246069e-06 1.3081457e-07]",1,Asian,20-39
/scratch/project_462000771/mengting/projects/bias/hunyuan/prompt2/selected_faces/detected_fearful/fearful_person_0338_face0.png,Indian,Indian,Male,20-29,"[1.3822897e-01 5.5365688e-03 1.8542342e-01 7.3544463e-05 6.4350187e-04
 4.9308342e-01 1.7701058e-01]",[0.06843593 0.01602563 0.00479251 0.9107459 ],[0.99767447 0.00232557],"[1.3188287e-06 4.8811653e-05 4.3348991e-03 5.2161586e-01 4.5664269e-01
 1.7097419e-02 2.4389214e-04 1.4017921e-05 1.0634677e-06]",1,Others,20-39
/scratch/project_462000771/mengting/projects/bias/hunyuan/prompt2/selected_faces/detected_fearful/fearful_person_0339_face0.png,East Asian,Asian,Female,10-19,"[2.7082048e-02 4.9187045e-04 9.2314906e-02 5.6504387e-01 2.9581955e-01
 1.8289259e-02 9.5851120e-04]",[2.2728118e-01 4.5142788e-04 7.1108127e-01 6.1186157e-02],[0.01160202 0.988398  ],"[5.5705681e-07 1.8411541e-02 5.8885491e-01 3.8970220e-01 3.0179340e-03
 1.2894195e-05 3.8680994e-08 3.2686069e-09 2.2209065e-10]",1,Asian,10-19
/scratch/project_462000771/mengting/projects/bias/hunyuan/prompt2/selected_faces/detected_fearful/fearful_person_0340_face0.png,Black,Asian,Male,40-49,"[0.19474587 0.42144018 0.12753724 0.00311692 0.02609796 0.08412636
 0.14293553]",[0.00761568 0.05182909 0.4790676  0.46148768],[9.999961e-01 3.880033e-06],"[1.4562675e-05 7.6789613e-05 1.0876884e-03 4.8438095e-02 1.7229815e-01
 2.9660600e-01 2.6300889e-01 1.8525033e-01 3.3219483e-02]",1,Black,40-59
/scratch/project_462000771/mengting/projects/bias/hunyuan/prompt2/selected_faces/detected_fearful/fearful_person_0341_face0.png,East Asian,Asian,Female,20-29,"[4.3196563e-02 4.5919087e-04 1.3636652e-01 5.8331949e-01 2.0585179e-01
 2.7931903e-02 2.8745390e-03]",[4.1583147e-02 1.2821182e-04 8.8705808e-01 7.1230538e-02],[3.0056163e-04 9.9969941e-01],"[1.24037996e-07 3.30672978e-04 8.11995789e-02 8.04577768e-01
 1.11622676e-01 2.25417991e-03 1.42369981e-05 7.49600929e-07
 2.06047783e-08]",1,Asian,20-39
/scratch/project_462000771/mengting/projects/bias/hunyuan/prompt2/selected_faces/detected_fearful/fearful_person_0342_face0.png,White,White,Female,10-19,"[3.5465896e-01 2.1397581e-04 7.9501748e-02 2.9037040e-01 2.3497570e-01
 3.7964564e-02 2.3147124e-03]",[5.1025963e-01 7.7064346e-05 4.5885232e-01 3.0811010e-02],[0.00101628 0.99898374],"[5.0194285e-07 1.7429007e-02 5.2846718e-01 4.4959646e-01 4.4908361e-03
 1.5945498e-05 3.2491766e-08 2.1220796e-09 1.3089704e-10]",1,White,10-19
/scratch/project_462000771/mengting/projects/bias/hunyuan/prompt2/selected_faces/detected_fearful/fearful_person_0343_face0.png,White,White,Male,20-29,"[7.2610128e-01 1.8321695e-02 1.8714359e-01 3.8869531e-04 7.0254942e-03
 5.1896080e-02 9.1230972e-03]",[0.78132504 0.05295249 0.0403813  0.12534122],[9.9980795e-01 1.9203246e-04],"[2.4386882e-08 1.7095017e-05 1.1252309e-02 7.3430341e-01 2.4675024e-01
 7.5915060e-03 8.1637278e-05 3.5745591e-06 2.6752824e-07]",1,White,20-39
/scratch/project_462000771/mengting/projects/bias/hunyuan/prompt2/selected_faces/detected_fearful/fearful_person_0344_face0.png,Indian,Indian,Male,30-39,"[0.02484115 0.0090919  0.18540345 0.00770199 0.06152977 0.6252244
 0.08620735]",[0.06065911 0.01311062 0.31424096 0.6119894 ],[9.9999988e-01 1.1589578e-07],"[6.9850664e-08 2.5570457e-06 1.2315979e-03 2.8667328e-01 6.0789442e-01
 1.0289385e-01 1.2534629e-03 5.0096482e-05 6.1699484e-07]",1,Others,20-39
/scratch/project_462000771/mengting/projects/bias/hunyuan/prompt2/selected_faces/detected_fearful/fearful_person_0345_face0.png,Black,Indian,Male,30-39,"[0.07090271 0.47472724 0.30068466 0.00305533 0.01774026 0.11482183
 0.01806794]",[0.14652836 0.04680647 0.17141925 0.6352459 ],[9.9952096e-01 4.7904352e-04],"[3.2462685e-05 1.1679342e-03 1.0772942e-02 2.0581937e-01 4.4223380e-01
 2.7483344e-01 5.7467528e-02 6.8633929e-03 8.0907380e-04]",0,Black,20-39
/scratch/project_462000771/mengting/projects/bias/hunyuan/prompt2/selected_faces/detected_fearful/fearful_person_0346_face0.png,Latino_Hispanic,Indian,Male,20-29,"[0.11893149 0.01651436 0.4477707  0.00492968 0.02125236 0.34305012
 0.04755132]",[0.1294575  0.02590887 0.11380365 0.7308299 ],[9.9973112e-01 2.6889393e-04],"[2.0658258e-06 7.1892748e-05 5.4067653e-03 5.0018036e-01 4.3621814e-01
 5.5662055e-02 2.2267448e-03 2.1827318e-04 1.3772922e-05]",1,Others,20-39
/scratch/project_462000771/mengting/projects/bias/hunyuan/prompt2/selected_faces/detected_fearful/fearful_person_0347_face0.png,White,White,Male,20-29,"[9.45315778e-01 3.31617659e-03 3.11389379e-02 3.10314790e-04
 8.43494665e-04 3.76052107e-03 1.53149245e-02]",[0.8765664  0.01637759 0.03376462 0.07329138],[9.9917132e-01 8.2868576e-04],"[1.5203634e-06 1.3123020e-04 1.2505439e-02 4.7792846e-01 4.2252320e-01
 8.0911547e-02 5.5238386e-03 4.2721099e-04 4.7518701e-05]",1,White,20-39
/scratch/project_462000771/mengting/projects/bias/hunyuan/prompt2/selected_faces/detected_fearful/fearful_person_0349_face0.png,Latino_Hispanic,White,Female,10-19,"[0.05852993 0.0014817  0.62297124 0.00916018 0.02966806 0.2665579
 0.01163106]",[7.1105838e-01 2.3522331e-04 7.6530196e-02 2.1217620e-01],[0.00847655 0.9915235 ],"[5.6257777e-06 7.7477202e-02 6.3173538e-01 2.8165057e-01 8.9882882e-03
 1.4097443e-04 1.7342469e-06 2.4159669e-07 2.9707252e-08]",1,Others,10-19
/scratch/project_462000771/mengting/projects/bias/hunyuan/prompt2/selected_faces/detected_fearful/fearful_person_0350_face0.png,Black,Indian,Male,40-49,"[3.0006610e-03 8.3773303e-01 4.3280523e-02 5.3735136e-04 9.4321296e-03
 1.0268091e-01 3.3353975e-03]",[0.00773748 0.3158828  0.02989888 0.6464808 ],[9.999949e-01 5.143373e-06],"[6.7089582e-05 1.6602798e-03 9.6994536e-03 9.4261900e-02 2.4941739e-01
 4.1912702e-01 1.8709207e-01 3.5768904e-02 2.9059702e-03]",1,Black,40-59
/scratch/project_462000771/mengting/projects/bias/hunyuan/prompt2/selected_faces/detected_fearful/fearful_person_0351_face0.png,Indian,Asian,Female,20-29,"[0.08450104 0.00050484 0.144544   0.31403005 0.08909816 0.34970585
 0.0176161 ]",[7.7673285e-03 2.6620341e-05 9.5786411e-01 3.4341965e-02],[7.336610e-04 9.992663e-01],"[1.1832799e-07 3.6800344e-04 8.2416192e-02 8.2988566e-01 8.6185984e-02
 1.1319572e-03 1.1453239e-05 6.3149531e-07 1.6051168e-08]",1,Others,20-39
/scratch/project_462000771/mengting/projects/bias/hunyuan/prompt2/selected_faces/detected_fearful/fearful_person_0352_face0.png,East Asian,Asian,Female,20-29,"[3.7622936e-02 4.8594395e-04 7.6450191e-02 6.2620264e-01 2.2330910e-01
 2.9979357e-02 5.9498381e-03]",[1.5767716e-02 1.4607604e-04 9.8169470e-01 2.3915248e-03],[0.05671489 0.94328517],"[2.3260124e-07 2.7880125e-04 9.3472503e-02 8.3706266e-01 6.8537273e-02
 6.4428418e-04 3.8967810e-06 3.0136852e-07 1.0768948e-08]",1,Asian,20-39
/scratch/project_462000771/mengting/projects/bias/hunyuan/prompt2/selected_faces/detected_fearful/fearful_person_0353_face0.png,Southeast Asian,Asian,Female,20-29,"[2.9844430e-03 1.7201001e-04 1.8206973e-02 4.8513907e-01 4.8835951e-01
 4.7378722e-03 4.0014874e-04]",[1.6195357e-03 2.4118817e-05 9.9802464e-01 3.3175637e-04],[0.05060982 0.94939023],"[4.8948255e-07 1.4797406e-03 1.8716323e-01 7.1541905e-01 9.4541870e-02
 1.3823393e-03 1.2428259e-05 6.9080784e-07 2.1965366e-08]",1,Asian,20-39
/scratch/project_462000771/mengting/projects/bias/hunyuan/prompt2/selected_faces/detected_fearful/fearful_person_0354_face0.png,White,White,Male,20-29,"[0.7033649  0.00326922 0.19739394 0.00785904 0.01693841 0.03622046
 0.034954  ]",[9.8236412e-01 4.0581566e-05 1.6289156e-02 1.3061719e-03],[9.9986947e-01 1.3053769e-04],"[1.19956678e-06 5.02262556e-04 1.37870489e-02 6.52335703e-01
 3.19530368e-01 1.37357805e-02 1.04999177e-04 2.53270355e-06
 1.10793280e-07]",0,White,20-39
/scratch/project_462000771/mengting/projects/bias/hunyuan/prompt2/selected_faces/detected_fearful/fearful_person_0355_face0.png,East Asian,Asian,Male,20-29,"[3.9705615e-03 2.5564031e-04 4.3901794e-02 4.9841717e-01 4.4130608e-01
 1.1497822e-02 6.5086660e-04]",[0.00450973 0.00286019 0.9164995  0.07613062],[9.9999863e-01 1.3861345e-06],"[2.6619387e-07 8.6596602e-04 1.6021615e-01 8.0974472e-01 2.8715258e-02
 4.5158667e-04 5.1239526e-06 8.8170174e-07 1.9818755e-08]",1,Asian,20-39
/scratch/project_462000771/mengting/projects/bias/hunyuan/prompt2/selected_faces/detected_fearful/fearful_person_0357_face0.png,East Asian,Asian,Male,20-29,"[1.84358179e-03 1.08979584e-04 1.48400925e-02 6.00515008e-01
 3.80193204e-01 2.37940555e-03 1.19744262e-04]",[2.8236764e-03 1.9963449e-05 9.9568576e-01 1.4705892e-03],[9.9962080e-01 3.7925245e-04],"[6.8540851e-07 1.3258228e-03 1.2855698e-01 8.4015763e-01 2.9680550e-02
 2.7581918e-04 2.3354917e-06 2.1554590e-07 7.9488309e-09]",1,Asian,20-39
/scratch/project_462000771/mengting/projects/bias/hunyuan/prompt2/selected_faces/detected_fearful/fearful_person_0358_face0.png,Indian,Asian,Male,30-39,"[0.07573931 0.23193106 0.23523656 0.03909249 0.1352305  0.2587538
 0.0240163 ]",[0.05245372 0.02042839 0.8027637  0.12435417],[0.989752 0.010248],"[0.00276863 0.1215113  0.12512504 0.17744674 0.22845636 0.21868853
 0.09428879 0.02647188 0.00524271]",0,Others,20-39
/scratch/project_462000771/mengting/projects/bias/hunyuan/prompt2/selected_faces/detected_fearful/fearful_person_0359_face0.png,Indian,Indian,Male,30-39,"[9.8920889e-02 9.8483652e-02 3.1183285e-01 2.2862655e-04 2.3299204e-03
 3.4616375e-01 1.4204028e-01]",[0.12138574 0.03769929 0.03653492 0.80438   ],[1.0000000e+00 3.1885058e-08],"[7.5886810e-08 3.6690271e-06 1.7327152e-03 4.7040710e-01 4.8768029e-01
 3.9253682e-02 8.9510699e-04 2.6913463e-05 4.1644748e-07]",1,Others,20-39
/scratch/project_462000771/mengting/projects/bias/hunyuan/prompt2/selected_faces/detected_fearful/fearful_person_0360_face0.png,East Asian,Asian,Female,20-29,"[0.01666119 0.00240021 0.04251705 0.69342345 0.1304676  0.11326974
 0.00126074]",[1.1755446e-02 8.4986474e-04 9.1085756e-01 7.6537170e-02],[0.00829755 0.99170244],"[2.91319098e-04 1.11787647e-01 1.51318133e-01 6.17994785e-01
 1.12291165e-01 6.06650207e-03 2.17085617e-04 3.03184024e-05
 3.02287435e-06]",1,Asian,20-39
/scratch/project_462000771/mengting/projects/bias/hunyuan/prompt2/selected_faces/detected_fearful/fearful_person_0361_face0.png,White,White,Male,20-29,"[0.40679803 0.02790085 0.344332   0.00094817 0.0022094  0.16365945
 0.05415207]",[0.8559183  0.00466735 0.00839183 0.13102253],[0.9986562  0.00134381],"[1.1518493e-07 1.3883076e-05 2.5577329e-03 5.3961730e-01 4.4647494e-01
 1.1265347e-02 6.8693538e-05 1.9530123e-06 6.1003675e-08]",1,White,20-39
/scratch/project_462000771/mengting/projects/bias/hunyuan/prompt2/selected_faces/detected_fearful/fearful_person_0362_face0.png,East Asian,Asian,Female,20-29,"[0.0087248  0.00629115 0.09080424 0.50111914 0.32588655 0.0653429
 0.00183119]",[4.5680734e-03 5.0819450e-04 9.9279666e-01 2.1270656e-03],[0.0044967  0.99550325],"[1.7169914e-06 7.5221625e-03 2.0335288e-01 7.6492196e-01 2.3946758e-02
 2.5293152e-04 1.5109263e-06 1.4285368e-07 8.8702690e-09]",0,Asian,20-39
/scratch/project_462000771/mengting/projects/bias/hunyuan/prompt2/selected_faces/detected_fearful/fearful_person_0363_face0.png,Middle Eastern,Asian,Male,30-39,"[0.19097984 0.01363181 0.26870942 0.01345381 0.01814779 0.08861429
 0.40646306]",[0.20809333 0.01734154 0.6852808  0.08928434],[9.9999994e-01 4.9237293e-08],"[3.0598022e-07 7.5874218e-06 9.8319154e-04 1.6740452e-01 6.1279130e-01
 2.1372133e-01 4.9234503e-03 1.6664994e-04 1.6950586e-06]",1,Others,20-39
/scratch/project_462000771/mengting/projects/bias/hunyuan/prompt2/selected_faces/detected_fearful/fearful_person_0364_face0.png,White,White,Male,30-39,"[6.9444734e-01 6.3601494e-02 1.8557060e-01 1.2307636e-04 2.7246884e-04
 3.2050464e-02 2.3934532e-02]",[0.8076626  0.00545646 0.00591695 0.18096402],[9.998515e-01 1.484771e-04],"[1.8492364e-07 6.5330696e-06 3.2983369e-03 3.6052376e-01 5.6367630e-01
 6.9860376e-02 2.5224832e-03 1.0767976e-04 4.2753018e-06]",1,White,20-39
/scratch/project_462000771/mengting/projects/bias/hunyuan/prompt2/selected_faces/detected_fearful/fearful_person_0365_face0.png,Indian,White,Male,20-29,"[0.25971672 0.01431124 0.2765434  0.00094113 0.00471907 0.39326885
 0.05049958]",[0.6566349  0.00584906 0.01936577 0.31815022],[0.99704874 0.0029513 ],"[1.5848462e-06 1.9299318e-04 1.9022886e-02 4.6560001e-01 4.0916163e-01
 9.8423220e-02 7.0528188e-03 4.8786504e-04 5.6994078e-05]",0,Others,20-39
/scratch/project_462000771/mengting/projects/bias/hunyuan/prompt2/selected_faces/detected_fearful/fearful_person_0366_face0.png,Latino_Hispanic,Indian,Male,20-29,"[0.01972652 0.00330827 0.36091962 0.03357663 0.28830722 0.2901891
 0.00397272]",[0.24834181 0.00380615 0.37049744 0.37735465],[9.99992e-01 8.00423e-06],"[7.4701934e-06 1.8574009e-02 2.9518110e-01 6.1405653e-01 6.8358578e-02
 3.7785959e-03 4.1564323e-05 2.0732487e-06 5.9755607e-08]",1,Others,20-39
/scratch/project_462000771/mengting/projects/bias/hunyuan/prompt2/selected_faces/detected_fearful/fearful_person_0367_face0.png,East Asian,Asian,Female,20-29,"[0.02883666 0.0030929  0.12910998 0.392492   0.37159085 0.07287421
 0.00200337]",[5.2030686e-02 2.0794975e-04 9.2523450e-01 2.2526840e-02],[0.01997633 0.9800236 ],"[4.8782026e-06 1.3290181e-02 3.1847537e-01 6.2629306e-01 4.1203327e-02
 7.2469487e-04 7.5531057e-06 8.7727915e-07 6.2713092e-08]",1,Asian,20-39
/scratch/project_462000771/mengting/projects/bias/hunyuan/prompt2/selected_faces/detected_fearful/fearful_person_0368_face0.png,White,White,Male,20-29,"[4.6878406e-01 5.5558592e-02 1.8630196e-01 2.1200742e-04 1.5959671e-03
 5.0759040e-02 2.3678833e-01]",[0.8777544  0.07764281 0.01587477 0.02872808],[9.9999791e-01 2.0754094e-06],"[3.5628909e-07 2.0643914e-05 2.9656629e-03 5.3923529e-01 4.3422371e-01
 2.3130098e-02 4.0257242e-04 2.0987593e-05 7.2862298e-07]",1,White,20-39
/scratch/project_462000771/mengting/projects/bias/hunyuan/prompt2/selected_faces/detected_fearful/fearful_person_0369_face0.png,Southeast Asian,Asian,Male,20-29,"[0.07216761 0.00294188 0.27347365 0.04478182 0.5185021  0.08557437
 0.00255857]",[0.00814242 0.00495616 0.98187786 0.00502349],[9.9996454e-01 3.5415425e-05],"[1.6939296e-06 5.9941066e-03 3.0270016e-01 6.4199293e-01 4.7649484e-02
 1.6225490e-03 3.6660080e-05 2.2321094e-06 1.2537123e-07]",1,Asian,20-39
/scratch/project_462000771/mengting/projects/bias/hunyuan/prompt2/selected_faces/detected_fearful/fearful_person_0370_face0.png,East Asian,Asian,Female,20-29,"[1.9765387e-03 2.8498434e-06 2.3576964e-03 9.2930448e-01 6.6265829e-02
 7.6196571e-05 1.6417720e-05]",[6.3150354e-02 4.9728285e-05 9.3508720e-01 1.7127277e-03],[0.11011062 0.88988936],"[1.2571604e-07 7.6440832e-04 1.4101079e-01 8.4081757e-01 1.7313236e-02
 9.3550909e-05 3.6274466e-07 1.8073623e-08 6.5564554e-10]",0,Asian,20-39
/scratch/project_462000771/mengting/projects/bias/hunyuan/prompt2/selected_faces/detected_fearful/fearful_person_0371_face0.png,East Asian,Asian,Female,20-29,"[4.4232751e-03 8.4002728e-05 1.4648573e-02 7.7322727e-01 2.0118292e-01
 5.9099360e-03 5.2396022e-04]",[2.9571820e-03 1.3268914e-04 9.8593354e-01 1.0976570e-02],[0.27800268 0.7219973 ],"[1.2738659e-04 1.7510533e-01 3.0286127e-01 5.0933713e-01 1.2307136e-02
 2.5849987e-04 2.6172825e-06 5.4073502e-07 5.8362467e-08]",1,Asian,20-39
/scratch/project_462000771/mengting/projects/bias/hunyuan/prompt2/selected_faces/detected_fearful/fearful_person_0372_face0.png,White,Indian,Male,30-39,"[7.4410796e-01 4.5666434e-03 1.0476103e-01 2.5314203e-04 1.5726673e-03
 7.8327708e-02 6.6410802e-02]",[0.4673003  0.00897983 0.0130534  0.51066655],[9.9997985e-01 2.0103993e-05],"[5.4777122e-08 6.2637737e-06 2.8436540e-03 4.4427323e-01 5.1969558e-01
 3.2886121e-02 2.8560529e-04 9.0872145e-06 4.2690647e-07]",1,White,20-39
/scratch/project_462000771/mengting/projects/bias/hunyuan/prompt2/selected_faces/detected_fearful/fearful_person_0373_face0.png,Latino_Hispanic,White,Male,30-39,"[0.27566093 0.13046935 0.33916327 0.0004911  0.00165148 0.1512987
 0.10126512]",[0.9398063  0.00137278 0.00231013 0.05651086],[9.9993813e-01 6.1915845e-05],"[1.8683561e-07 8.9551359e-06 1.7628744e-03 4.4366288e-01 5.2672780e-01
 2.7446197e-02 3.7611538e-04 1.4310197e-05 7.1191096e-07]",0,Others,20-39
/scratch/project_462000771/mengting/projects/bias/hunyuan/prompt2/selected_faces/detected_fearful/fearful_person_0374_face0.png,East Asian,White,Female,20-29,"[5.9261054e-02 2.6888767e-04 1.2707461e-01 5.6788725e-01 2.0548485e-01
 3.7096404e-02 2.9269932e-03]",[5.4261214e-01 1.2461926e-04 4.4061103e-01 1.6652130e-02],[0.01853478 0.9814652 ],"[3.0407725e-06 3.1488962e-02 3.5435152e-01 6.0298324e-01 1.1055508e-02
 1.1718989e-04 4.6016802e-07 4.4197051e-08 3.7049701e-09]",1,Asian,20-39
/scratch/project_462000771/mengting/projects/bias/hunyuan/prompt2/selected_faces/detected_fearful/fearful_person_0375_face0.png,Indian,Indian,Male,20-29,"[0.2160389  0.01725975 0.18663912 0.00128064 0.0067642  0.5291037
 0.0429137 ]",[0.36100885 0.0044356  0.01178865 0.62276685],[9.999280e-01 7.200936e-05],"[1.4502267e-07 1.6272863e-04 2.7608920e-02 7.7270311e-01 1.9622163e-01
 3.2920397e-03 1.1003254e-05 3.8977583e-07 1.6372768e-08]",1,Others,20-39
/scratch/project_462000771/mengting/projects/bias/hunyuan/prompt2/selected_faces/detected_fearful/fearful_person_0376_face0.png,Southeast Asian,Asian,Male,30-39,"[0.00553959 0.14733058 0.04299381 0.12652579 0.64550525 0.02706345
 0.00504149]",[0.00493377 0.03592779 0.9390365  0.02010196],[9.9980408e-01 1.9590845e-04],"[5.2334708e-05 1.7207768e-03 1.4134025e-02 2.4540773e-01 2.9843885e-01
 2.3731497e-01 1.1417522e-01 6.7258790e-02 2.1497216e-02]",1,Asian,20-39
/scratch/project_462000771/mengting/projects/bias/hunyuan/prompt2/selected_faces/detected_fearful/fearful_person_0377_face0.png,Southeast Asian,Asian,Female,20-29,"[7.5195828e-03 3.8318329e-03 8.0887735e-02 2.8560555e-01 5.9099531e-01
 3.0879054e-02 2.8097501e-04]",[0.08392894 0.0027203  0.8854717  0.02787901],[0.03025674 0.96974325],"[1.2587569e-06 1.3736237e-02 4.7004011e-01 5.0319833e-01 1.2823242e-02
 1.9734366e-04 2.8464515e-06 5.0025119e-07 4.7528641e-08]",1,Asian,20-39
/scratch/project_462000771/mengting/projects/bias/hunyuan/prompt2/selected_faces/detected_fearful/fearful_person_0378_face0.png,Latino_Hispanic,White,Male,30-39,"[0.21666364 0.01184132 0.59887844 0.03061168 0.05719089 0.04224731
 0.04256671]",[0.4679057  0.00300317 0.41757348 0.11151763],[9.9964976e-01 3.5026623e-04],"[2.68447536e-07 1.43546295e-05 4.19697165e-03 4.09198195e-01
 5.43460131e-01 4.21678275e-02 9.25965258e-04 3.53073629e-05
 1.04006460e-06]",1,Others,20-39
/scratch/project_462000771/mengting/projects/bias/hunyuan/prompt2/selected_faces/detected_fearful/fearful_person_0379_face0.png,Middle Eastern,White,Male,30-39,"[0.1105644  0.0081621  0.29046223 0.00267637 0.01273479 0.05245194
 0.5229482 ]",[0.5023035  0.01432268 0.32862908 0.15474473],[9.9999976e-01 1.5811030e-07],"[6.0562905e-07 8.5120962e-05 6.8157818e-03 4.3060726e-01 4.9409768e-01
 6.6917166e-02 1.4314847e-03 4.4096436e-05 7.8937489e-07]",1,Others,20-39
/scratch/project_462000771/mengting/projects/bias/hunyuan/prompt2/selected_faces/detected_fearful/fearful_person_0380_face0.png,East Asian,Asian,Female,20-29,"[0.05246632 0.00272625 0.08309837 0.41554207 0.38544777 0.05831847
 0.0024007 ]",[0.01066328 0.00417448 0.9290756  0.0560867 ],[0.01441099 0.985589  ],"[3.07773871e-06 1.04605278e-03 5.77928610e-02 5.61440885e-01
 3.48603427e-01 2.93856524e-02 1.50620961e-03 2.07407778e-04
 1.43017005e-05]",0,Asian,20-39
/scratch/project_462000771/mengting/projects/bias/hunyuan/prompt2/selected_faces/detected_fearful/fearful_person_0381_face0.png,Black,Black,Male,30-39,"[1.4027990e-02 6.5032643e-01 1.3273026e-01 2.1403820e-04 8.0307126e-03
 1.6165894e-01 3.3011667e-02]",[0.00884895 0.79668194 0.03059904 0.1638701 ],[9.9998671e-01 1.3309218e-05],"[2.74703484e-06 4.46190679e-04 1.42384470e-02 4.34076965e-01
 4.78424311e-01 6.93552122e-02 3.23892850e-03 2.04836382e-04
 1.24159415e-05]",0,Black,20-39
/scratch/project_462000771/mengting/projects/bias/hunyuan/prompt2/selected_faces/detected_fearful/fearful_person_0382_face0.png,Indian,Indian,Male,20-29,"[0.00243627 0.03700348 0.09678399 0.02681525 0.4013359  0.43484575
 0.00077934]",[0.00265183 0.03359506 0.37959456 0.58415854],[9.9971825e-01 2.8171396e-04],"[3.5599824e-06 1.2639561e-03 5.7213891e-02 7.2662526e-01 1.9873175e-01
 1.5639691e-02 4.8651334e-04 3.2576754e-05 2.8450970e-06]",1,Others,20-39
/scratch/project_462000771/mengting/projects/bias/hunyuan/prompt2/selected_faces/detected_fearful/fearful_person_0383_face0.png,White,White,Male,30-39,"[2.8895545e-01 3.4284044e-02 1.9572267e-01 2.1293412e-05 3.9824768e-04
 2.3472071e-01 2.4589753e-01]",[0.66894525 0.016006   0.0091001  0.30594867],[9.9999934e-01 6.1931445e-07],"[4.0430569e-07 9.9605004e-06 5.8039179e-04 8.1944428e-02 6.3655657e-01
 2.6946297e-01 1.1348166e-02 9.4991781e-05 2.1248732e-06]",1,White,20-39
/scratch/project_462000771/mengting/projects/bias/hunyuan/prompt2/selected_faces/detected_fearful/fearful_person_0384_face0.png,Indian,Indian,Male,20-29,"[0.14564297 0.03845239 0.26388085 0.00086609 0.00813908 0.46224037
 0.08077826]",[0.35150743 0.16212763 0.06231725 0.42404765],[9.9999869e-01 1.3266584e-06],"[2.0394303e-08 2.2040842e-05 3.9172702e-02 8.6658120e-01 9.2455551e-02
 1.7509805e-03 1.6802269e-05 7.3592645e-07 2.6922201e-08]",1,Others,20-39
/scratch/project_462000771/mengting/projects/bias/hunyuan/prompt2/selected_faces/detected_fearful/fearful_person_0385_face0.png,Indian,Asian,Male,20-29,"[0.00847104 0.01557249 0.13862664 0.01925305 0.10889661 0.70431614
 0.00486405]",[0.02056933 0.00238271 0.560147   0.41690096],[9.9946702e-01 5.3299207e-04],"[3.1751246e-05 5.3230040e-03 1.0551158e-01 6.6074997e-01 1.9927798e-01
 2.7856741e-02 1.1175126e-03 1.2365512e-04 7.8310550e-06]",1,Others,20-39
/scratch/project_462000771/mengting/projects/bias/hunyuan/prompt2/selected_faces/detected_fearful/fearful_person_0386_face0.png,White,White,Male,20-29,"[9.1018426e-01 2.5512537e-04 4.9884904e-02 8.1899416e-05 5.1110703e-04
 1.5202955e-03 3.7562482e-02]",[9.8667580e-01 3.8916923e-04 8.4264260e-03 4.5086024e-03],[9.9998742e-01 1.2618391e-05],"[7.5185568e-08 5.0768954e-06 2.7836647e-03 6.0120654e-01 3.7771776e-01
 1.8073967e-02 2.0957245e-04 3.2841649e-06 8.3970889e-08]",0,White,20-39
/scratch/project_462000771/mengting/projects/bias/hunyuan/prompt2/selected_faces/detected_fearful/fearful_person_0387_face0.png,East Asian,Asian,Female,20-29,"[4.7850399e-03 5.6870380e-05 1.4258611e-02 7.7091843e-01 2.0605898e-01
 3.7957174e-03 1.2633784e-04]",[1.0661435e-02 3.6549351e-05 9.8206967e-01 7.2322665e-03],[0.01219777 0.9878022 ],"[7.1558793e-07 4.2147990e-03 2.5295979e-01 7.2017086e-01 2.2376625e-02
 2.7439868e-04 2.4409774e-06 2.9689627e-07 2.3251920e-08]",1,Asian,20-39
/scratch/project_462000771/mengting/projects/bias/hunyuan/prompt2/selected_faces/detected_fearful/fearful_person_0388_face0.png,Indian,Indian,Female,20-29,"[0.0395731  0.00788119 0.2770575  0.17926022 0.20542239 0.2844515
 0.00635417]",[0.15258047 0.00300492 0.19287477 0.6515398 ],[9.3280384e-04 9.9906719e-01],"[4.5359144e-07 5.0340425e-03 2.7262026e-01 6.9498086e-01 2.7212497e-02
 1.5123007e-04 6.2701014e-07 3.7299586e-08 1.1574575e-09]",0,Others,20-39
/scratch/project_462000771/mengting/projects/bias/hunyuan/prompt2/selected_faces/detected_fearful/fearful_person_0389_face0.png,Southeast Asian,Asian,Male,10-19,"[1.2609236e-03 7.0796965e-04 7.5613200e-03 4.8151913e-01 4.9813673e-01
 1.0406517e-02 4.0745927e-04]",[1.0158359e-03 3.0633426e-04 9.8882091e-01 9.8568657e-03],[0.64528906 0.35471097],"[9.2566461e-06 2.8106427e-02 5.0785816e-01 4.2139798e-01 4.0643148e-02
 1.8889731e-03 7.3594798e-05 2.0135853e-05 2.3863188e-06]",1,Asian,10-19
/scratch/project_462000771/mengting/projects/bias/hunyuan/prompt2/selected_faces/detected_fearful/fearful_person_0390_face0.png,Southeast Asian,Asian,Female,20-29,"[4.4929713e-02 5.2406933e-05 1.5818618e-01 3.1015593e-01 4.8034933e-01
 5.4797656e-03 8.4665569e-04]",[2.7428072e-02 1.6572306e-04 9.6386379e-01 8.5424772e-03],[0.04043186 0.95956814],"[2.9604876e-06 1.1079645e-02 2.9752967e-01 6.5635782e-01 3.4559023e-02
 4.6689864e-04 3.7880150e-06 2.8810044e-07 1.8267173e-08]",1,Asian,20-39
/scratch/project_462000771/mengting/projects/bias/hunyuan/prompt2/selected_faces/detected_fearful/fearful_person_0391_face0.png,Indian,Asian,Male,20-29,"[0.01070806 0.08325797 0.14475574 0.01733132 0.09855517 0.6395124
 0.00587935]",[0.00539686 0.01068406 0.6772007  0.3067184 ],[9.9999702e-01 2.9743164e-06],"[5.6006769e-07 8.7057299e-04 1.3100433e-01 8.0512196e-01 6.1390772e-02
 1.5938290e-03 1.6894644e-05 9.8470662e-07 3.9803940e-08]",0,Others,20-39
/scratch/project_462000771/mengting/projects/bias/hunyuan/prompt2/selected_faces/detected_fearful/fearful_person_0392_face0.png,Indian,Indian,Male,20-29,"[0.05480864 0.0382675  0.32533422 0.00215047 0.01344403 0.54460603
 0.02138913]",[0.39699996 0.0045997  0.09758484 0.5008155 ],[9.9998575e-01 1.4272847e-05],"[2.4921530e-07 1.6318049e-04 4.1793678e-02 7.1288925e-01 2.3671912e-01
 8.3651813e-03 6.8069261e-05 1.1843101e-06 3.9102421e-08]",0,Others,20-39
/scratch/project_462000771/mengting/projects/bias/hunyuan/prompt2/selected_faces/detected_fearful/fearful_person_0393_face0.png,Latino_Hispanic,Indian,Male,20-29,"[0.1845823  0.0294431  0.44377136 0.00074062 0.00645472 0.22763298
 0.10737487]",[0.20941442 0.14696254 0.0697821  0.5738409 ],[9.9997067e-01 2.9355022e-05],"[4.3427149e-06 4.1633664e-04 2.3235859e-02 4.6324626e-01 4.3089214e-01
 7.9613388e-02 2.4497553e-03 1.3579213e-04 6.1563815e-06]",1,Others,20-39
/scratch/project_462000771/mengting/projects/bias/hunyuan/prompt2/selected_faces/detected_fearful/fearful_person_0394_face0.png,East Asian,Asian,Female,20-29,"[2.3739492e-04 1.2948889e-04 5.9003695e-03 6.0982662e-01 3.7471423e-01
 9.1356430e-03 5.6184723e-05]",[1.0241066e-03 3.6349311e-04 9.0229702e-01 9.6315473e-02],[0.04465269 0.9553473 ],"[4.1263448e-07 3.1353804e-04 6.6607043e-02 7.5133777e-01 1.7538615e-01
 6.2093483e-03 1.2884257e-04 1.6236436e-05 6.9774097e-07]",1,Asian,20-39
/scratch/project_462000771/mengting/projects/bias/hunyuan/prompt2/selected_faces/detected_fearful/fearful_person_0395_face0.png,White,Indian,Male,20-29,"[4.9950033e-01 7.6136045e-02 8.6363629e-02 2.9856199e-04 2.5028815e-03
 3.1115821e-01 2.4040364e-02]",[0.02358266 0.0477032  0.0015189  0.92719525],[9.9998099e-01 1.9021125e-05],"[2.0836771e-08 9.3601302e-06 1.1035662e-02 6.5025002e-01 3.2914314e-01
 9.4949948e-03 6.4830419e-05 1.8992135e-06 7.9452334e-08]",1,White,20-39
/scratch/project_462000771/mengting/projects/bias/hunyuan/prompt2/selected_faces/detected_fearful/fearful_person_0396_face0.png,East Asian,Asian,Female,10-19,"[3.6944527e-02 2.3592311e-04 8.7665096e-02 4.1364920e-01 3.5911545e-01
 7.8711011e-02 2.3678752e-02]",[1.4503150e-02 3.5599856e-05 9.7297454e-01 1.2486710e-02],[0.02901251 0.9709875 ],"[1.8243994e-05 7.4482791e-02 7.4225754e-01 1.7931683e-01 3.8627605e-03
 6.0432321e-05 1.0573717e-06 3.1142872e-07 3.5110588e-08]",1,Asian,10-19
/scratch/project_462000771/mengting/projects/bias/hunyuan/prompt2/selected_faces/detected_fearful/fearful_person_0397_face0.png,Middle Eastern,Indian,Male,30-39,"[7.0845492e-02 5.3202957e-02 2.5446633e-01 3.9765699e-04 2.3554717e-03
 4.6636194e-02 5.7209587e-01]",[0.0847827  0.2585232  0.09913685 0.5575572 ],[9.9999958e-01 3.9211142e-07],"[7.0149400e-07 1.3955580e-05 8.5419748e-04 1.7126113e-01 6.0954148e-01
 2.0983687e-01 8.1634149e-03 3.1972802e-04 8.5410757e-06]",1,Others,20-39
/scratch/project_462000771/mengting/projects/bias/hunyuan/prompt2/selected_faces/detected_fearful/fearful_person_0398_face0.png,Latino_Hispanic,Indian,Male,20-29,"[0.07421906 0.03903212 0.4478353  0.00661186 0.07106513 0.35572746
 0.00550902]",[0.12889305 0.00115951 0.01363333 0.8563141 ],[9.9920505e-01 7.9493719e-04],"[7.3153228e-07 1.7180180e-04 4.3059308e-02 8.3330250e-01 1.1948318e-01
 3.9248108e-03 5.4283264e-05 3.0780952e-06 2.5089938e-07]",1,Others,20-39
/scratch/project_462000771/mengting/projects/bias/hunyuan/prompt2/selected_faces/detected_fearful/fearful_person_0399_face0.png,Latino_Hispanic,Asian,Male,20-29,"[0.10222863 0.00164133 0.60724884 0.06514198 0.19676746 0.02085396
 0.00611781]",[0.13654254 0.00350724 0.8208766  0.03907361],[0.902987   0.09701302],"[1.1162156e-06 3.1051988e-04 5.7576384e-02 7.8157228e-01 1.5577051e-01
 4.6838983e-03 8.1062528e-05 4.0435075e-06 1.7480275e-07]",0,Others,20-39
/scratch/project_462000771/mengting/projects/bias/hunyuan/prompt2/selected_faces/detected_fearful/fearful_person_0400_face0.png,White,White,Male,30-39,"[7.0478487e-01 1.1967703e-02 1.4009067e-01 5.8133237e-04 4.8057809e-03
 1.1570264e-01 2.2067018e-02]",[0.75774765 0.02560009 0.02390474 0.19274749],[9.9997950e-01 2.0472235e-05],"[6.6118844e-07 4.7136415e-05 5.9182788e-03 4.2637101e-01 4.9950057e-01
 6.5643534e-02 2.4573929e-03 5.9100832e-05 2.3132766e-06]",1,White,20-39
/scratch/project_462000771/mengting/projects/bias/hunyuan/prompt2/selected_faces/detected_fearful/fearful_person_0401_face0.png,White,Indian,Male,20-29,"[5.6682527e-01 4.1780319e-02 2.0731638e-01 5.2790245e-04 2.4191672e-03
 1.5729149e-01 2.3839455e-02]",[0.13865158 0.12839022 0.06033496 0.6726232 ],[9.9998832e-01 1.1693973e-05],"[3.5675893e-07 3.1810636e-05 5.9305639e-03 5.7846206e-01 3.8333789e-01
 3.1423066e-02 7.9020235e-04 2.2963188e-05 1.0722848e-06]",1,White,20-39
/scratch/project_462000771/mengting/projects/bias/hunyuan/prompt2/selected_faces/detected_fearful/fearful_person_0402_face0.png,Latino_Hispanic,Asian,Male,20-29,"[0.16464429 0.00366722 0.4053892  0.06359503 0.1770126  0.1311029
 0.05458884]",[0.40277514 0.00324176 0.47067517 0.12330789],[9.9999982e-01 1.4668697e-07],"[4.8409294e-07 7.1239949e-04 6.2946238e-02 8.1714469e-01 1.1603237e-01
 3.1433387e-03 1.9533825e-05 9.4370955e-07 1.3909982e-08]",0,Others,20-39
/scratch/project_462000771/mengting/projects/bias/hunyuan/prompt2/selected_faces/detected_fearful/fearful_person_0403_face0.png,White,White,Male,30-39,"[6.2384504e-01 1.8809965e-03 3.1508330e-02 2.6092835e-05 2.3735543e-04
 1.4334696e-02 3.2816741e-01]",[0.5980111  0.03029614 0.13977432 0.23191845],[9.999955e-01 4.502235e-06],"[9.4111556e-08 2.1278840e-06 4.0224061e-04 1.5387560e-01 6.6277981e-01
 1.7575231e-01 6.9843363e-03 1.9368793e-04 9.8155897e-06]",1,White,20-39
/scratch/project_462000771/mengting/projects/bias/hunyuan/prompt2/selected_faces/detected_fearful/fearful_person_0404_face0.png,Latino_Hispanic,Asian,Female,20-29,"[0.29104313 0.00050893 0.37610725 0.13834159 0.05712284 0.12229808
 0.01457821]",[0.21313648 0.0020133  0.77722234 0.00762794],[1.7488094e-04 9.9982512e-01],"[2.9515081e-07 3.3373613e-04 3.7462901e-02 6.1833221e-01 3.2861078e-01
 1.5053368e-02 2.0111541e-04 5.4872112e-06 1.4690568e-07]",1,Others,20-39
/scratch/project_462000771/mengting/projects/bias/hunyuan/prompt2/selected_faces/detected_fearful/fearful_person_0405_face0.png,Southeast Asian,Asian,Female,20-29,"[3.4191448e-02 1.8103517e-04 2.4734464e-02 4.1487500e-01 5.1649833e-01
 8.3951307e-03 1.1245428e-03]",[7.4911572e-02 2.1817123e-05 9.2321211e-01 1.8544690e-03],[0.3292101 0.6707899],"[7.9136463e-08 2.3266455e-05 2.1333311e-02 6.3409454e-01 3.1676838e-01
 2.6433900e-02 1.1960347e-03 1.4417086e-04 6.4021206e-06]",1,Asian,20-39
/scratch/project_462000771/mengting/projects/bias/hunyuan/prompt2/selected_faces/detected_fearful/fearful_person_0407_face0.png,White,White,Male,20-29,"[0.50327533 0.01016235 0.34684637 0.00643893 0.01797161 0.07410512
 0.04120022]",[9.7345871e-01 3.3258222e-04 1.1761272e-02 1.4447409e-02],[9.9937820e-01 6.2179525e-04],"[4.3834982e-07 9.4992101e-05 1.5329904e-02 8.1328589e-01 1.6612743e-01
 5.0583351e-03 9.5832140e-05 6.7816363e-06 4.6357283e-07]",0,White,20-39
/scratch/project_462000771/mengting/projects/bias/hunyuan/prompt2/selected_faces/detected_fearful/fearful_person_0408_face0.png,White,White,Male,20-29,"[7.4280846e-01 8.1334240e-04 1.0474126e-01 4.2580222e-04 1.4661629e-03
 1.9507121e-02 1.3023786e-01]",[0.7134166  0.01036201 0.03302462 0.2431968 ],[9.9999869e-01 1.2934626e-06],"[1.6432384e-07 6.3412626e-05 7.1093012e-03 6.9109499e-01 2.9232135e-01
 9.3420949e-03 6.6617009e-05 2.0259370e-06 5.1986003e-08]",1,White,20-39
/scratch/project_462000771/mengting/projects/bias/hunyuan/prompt2/selected_faces/detected_fearful/fearful_person_0409_face0.png,Latino_Hispanic,White,Male,20-29,"[0.198836   0.00301585 0.27755415 0.00110534 0.00238575 0.27520773
 0.24189514]",[0.5366977  0.00066427 0.18236227 0.28027582],[9.9999797e-01 2.0211428e-06],"[1.7211467e-07 4.5138408e-05 5.9652529e-03 7.1067125e-01 2.7614087e-01
 7.1476311e-03 2.9075003e-05 5.3921036e-07 9.8288151e-09]",0,Others,20-39
/scratch/project_462000771/mengting/projects/bias/hunyuan/prompt2/selected_faces/detected_fearful/fearful_person_0410_face0.png,Indian,Indian,Male,30-39,"[0.01038929 0.00482571 0.29156563 0.00335479 0.01808128 0.5334623
 0.13832106]",[0.02054271 0.00228386 0.1153447  0.86182874],[9.9999875e-01 1.2137887e-06],"[2.5894684e-05 6.7604840e-04 1.8750211e-02 3.5367027e-01 4.6173218e-01
 1.5628418e-01 8.0999499e-03 7.4575207e-04 1.5509933e-05]",1,Others,20-39
/scratch/project_462000771/mengting/projects/bias/hunyuan/prompt2/selected_faces/detected_fearful/fearful_person_0411_face0.png,East Asian,Asian,Female,20-29,"[8.6272843e-03 6.4362785e-06 8.2769158e-04 9.2845297e-01 6.2031928e-02
 2.9369983e-05 2.4294884e-05]",[1.6588433e-01 9.9679964e-06 8.3287513e-01 1.2305863e-03],[0.03556502 0.96443504],"[2.3372475e-07 1.6693989e-04 3.7500348e-02 8.0084074e-01 1.5781562e-01
 3.6306819e-03 4.3320291e-05 2.0831858e-06 7.5766586e-08]",1,Asian,20-39
/scratch/project_462000771/mengting/projects/bias/hunyuan/prompt2/selected_faces/detected_fearful/fearful_person_0412_face0.png,Indian,Indian,Male,30-39,"[0.00438563 0.0832823  0.23421161 0.00147764 0.06334183 0.60268813
 0.01061279]",[0.00348322 0.01295841 0.24209693 0.74146146],[9.9999905e-01 9.3440707e-07],"[2.70885880e-06 1.26647428e-04 7.03576021e-03 3.71065944e-01
 5.08849919e-01 1.08613245e-01 4.08660620e-03 2.11770952e-04
 7.44098725e-06]",1,Others,20-39
/scratch/project_462000771/mengting/projects/bias/hunyuan/prompt2/selected_faces/detected_fearful/fearful_person_0413_face0.png,White,White,Male,20-29,"[3.2872212e-01 4.0902328e-03 3.0277574e-01 5.4193042e-05 3.3071244e-04
 2.2940899e-01 1.3461794e-01]",[8.1624973e-01 1.0110757e-03 4.1639950e-04 1.8232282e-01],[9.9999726e-01 2.7469027e-06],"[1.2477886e-07 4.4900164e-05 5.4770778e-03 7.0750505e-01 2.8164512e-01
 5.3047249e-03 2.2405986e-05 5.0586749e-07 1.1566840e-08]",1,White,20-39
/scratch/project_462000771/mengting/projects/bias/hunyuan/prompt2/selected_faces/detected_fearful/fearful_person_0414_face0.png,Southeast Asian,Asian,Female,20-29,"[0.05950119 0.19037151 0.06652209 0.2129839  0.42874202 0.03573365
 0.0061456 ]",[0.2575848  0.0156537  0.7126078  0.01415371],[1.8745515e-04 9.9981254e-01],"[1.3321858e-06 6.1891851e-04 2.3501391e-02 7.6801705e-01 2.0332216e-01
 4.4903294e-03 4.7562109e-05 1.2732711e-06 4.3083524e-08]",1,Asian,20-39
/scratch/project_462000771/mengting/projects/bias/hunyuan/prompt2/selected_faces/detected_fearful/fearful_person_0415_face0.png,Indian,White,Male,50-59,"[8.81379172e-02 3.73003066e-01 1.09114125e-01 1.70899919e-04
 6.67489599e-03 3.91994387e-01 3.09047159e-02]",[0.8971383  0.02496679 0.01020018 0.06769472],[9.9978143e-01 2.1855702e-04],"[8.9053219e-06 8.2524100e-05 5.9604272e-04 5.0465199e-03 5.6649599e-02
 3.2792762e-01 4.2149299e-01 1.6761108e-01 2.0584678e-02]",0,Others,40-59
/scratch/project_462000771/mengting/projects/bias/hunyuan/prompt2/selected_faces/detected_fearful/fearful_person_0416_face0.png,East Asian,Asian,Female,20-29,"[4.7399448e-03 4.7337864e-05 2.1667873e-02 8.0846494e-01 1.5864667e-01
 4.5754984e-03 1.8577314e-03]",[2.7812188e-03 3.5047628e-06 9.9330002e-01 3.9152917e-03],[0.04344837 0.9565517 ],"[5.7697764e-07 4.0743966e-05 1.3607735e-02 5.3197759e-01 3.9930508e-01
 5.2241255e-02 2.4519560e-03 3.6330169e-04 1.1870713e-05]",0,Asian,20-39
/scratch/project_462000771/mengting/projects/bias/hunyuan/prompt2/selected_faces/detected_fearful/fearful_person_0417_face0.png,White,Asian,Male,20-29,"[0.517722   0.00612206 0.25402248 0.0162252  0.02330208 0.1737537
 0.00885246]",[0.18095699 0.00825588 0.6006666  0.21012062],[0.9912586 0.0087414],"[8.4291815e-07 1.3925838e-04 3.0897459e-02 7.5568765e-01 2.0470798e-01
 8.3938129e-03 1.6670386e-04 6.0274897e-06 2.9648865e-07]",0,White,20-39
/scratch/project_462000771/mengting/projects/bias/hunyuan/prompt2/selected_faces/detected_fearful/fearful_person_0418_face0.png,Latino_Hispanic,Indian,Male,20-29,"[1.8525450e-02 9.3376197e-02 5.6686419e-01 3.9140866e-04 4.9785222e-03
 2.6286861e-01 5.2995645e-02]",[0.01459972 0.12471855 0.16845873 0.692223  ],[9.9999988e-01 1.0892912e-07],"[1.8613865e-07 4.0787934e-05 8.1078773e-03 6.5266871e-01 3.2131982e-01
 1.7666074e-02 1.9082770e-04 5.4925881e-06 1.3833878e-07]",1,Others,20-39
/scratch/project_462000771/mengting/projects/bias/hunyuan/prompt2/selected_faces/detected_fearful/fearful_person_0419_face0.png,Southeast Asian,Asian,Male,20-29,"[0.00418608 0.00349291 0.09664378 0.3873901  0.4936496  0.01128376
 0.00335372]",[0.00199304 0.00166905 0.99178225 0.00455563],[9.999081e-01 9.188553e-05],"[6.1615756e-06 4.4621003e-04 1.8254988e-02 5.8285081e-01 3.2522187e-01
 6.5743960e-02 6.3461834e-03 1.0746452e-03 5.5194851e-05]",1,Asian,20-39
/scratch/project_462000771/mengting/projects/bias/hunyuan/prompt2/selected_faces/detected_fearful/fearful_person_0420_face0.png,Latino_Hispanic,Asian,Male,20-29,"[0.03616771 0.02166066 0.36333135 0.08636278 0.24650937 0.2175004
 0.0284678 ]",[0.12301184 0.03912466 0.6071268  0.2307367 ],[9.9999797e-01 1.9826364e-06],"[4.3349310e-06 9.5196749e-04 5.2446149e-02 7.0842028e-01 2.1647052e-01
 2.1000395e-02 6.5175473e-04 5.2946398e-05 1.6849510e-06]",1,Others,20-39
/scratch/project_462000771/mengting/projects/bias/hunyuan/prompt2/selected_faces/detected_fearful/fearful_person_0421_face0.png,East Asian,Asian,Female,20-29,"[1.6487027e-02 2.1739195e-04 1.9767806e-02 8.1845891e-01 1.4168990e-01
 2.8022735e-03 5.7661813e-04]",[1.5100618e-01 2.9697272e-04 8.3467108e-01 1.4025755e-02],[0.00266793 0.99733204],"[2.3558994e-07 5.1653606e-04 7.2061136e-02 8.5340136e-01 7.2833583e-02
 1.1688423e-03 1.6990956e-05 1.1965911e-06 6.5685349e-08]",1,Asian,20-39
/scratch/project_462000771/mengting/projects/bias/hunyuan/prompt2/selected_faces/detected_fearful/fearful_person_0422_face0.png,Indian,Asian,Male,20-29,"[0.02979718 0.0055203  0.27543634 0.00792808 0.07279175 0.6049452
 0.00358121]",[1.3204214e-01 2.7181086e-04 7.1053016e-01 1.5715587e-01],[9.999916e-01 8.389703e-06],"[1.46854447e-07 1.18381104e-04 4.16615792e-02 7.65645087e-01
 1.87909216e-01 4.64003813e-03 2.47948010e-05 7.32620094e-07
 1.56176068e-08]",0,Others,20-39
/scratch/project_462000771/mengting/projects/bias/hunyuan/prompt2/selected_faces/detected_fearful/fearful_person_0423_face0.png,White,White,Female,20-29,"[0.79144776 0.0211741  0.1496051  0.00338337 0.0023673  0.00498668
 0.02703563]",[0.40752122 0.3279915  0.01496287 0.24952447],[0.08682425 0.9131757 ],"[7.7001614e-06 4.9094553e-04 1.8471226e-02 6.5342766e-01 3.1063390e-01
 1.6496191e-02 4.4246324e-04 2.6177311e-05 3.6717063e-06]",1,White,20-39
/scratch/project_462000771/mengting/projects/bias/hunyuan/prompt2/selected_faces/detected_fearful/fearful_person_0424_face0.png,Southeast Asian,Asian,Female,10-19,"[0.0148604  0.00226965 0.1236132  0.28762132 0.4492356  0.12033854
 0.00206133]",[1.8017361e-02 3.0533271e-04 9.7624803e-01 5.4293703e-03],[0.352413 0.647587],"[1.5999878e-05 2.3864168e-01 6.5663356e-01 1.0028088e-01 4.2869509e-03
 1.3768683e-04 2.6124794e-06 5.9046334e-07 6.5988303e-08]",1,Asian,10-19
/scratch/project_462000771/mengting/projects/bias/hunyuan/prompt2/selected_faces/detected_fearful/fearful_person_0425_face0.png,Latino_Hispanic,Asian,Male,20-29,"[0.04875819 0.05726032 0.45142397 0.01874923 0.20622377 0.20921528
 0.00836914]",[0.04521981 0.00732904 0.8035953  0.14385585],[9.9999976e-01 2.8698855e-07],"[6.8775229e-08 1.5882347e-04 5.5213675e-02 8.6462677e-01 7.8243956e-02
 1.7383973e-03 1.7559330e-05 6.8037690e-07 1.9126533e-08]",1,Others,20-39
/scratch/project_462000771/mengting/projects/bias/hunyuan/prompt2/selected_faces/detected_fearful/fearful_person_0426_face0.png,East Asian,Asian,Female,20-29,"[3.4327518e-02 1.0837082e-04 7.6949663e-02 7.9625052e-01 7.5463161e-02
 1.5554455e-02 1.3462977e-03]",[4.8808151e-01 4.4395165e-05 5.0288600e-01 8.9880964e-03],[0.0014725  0.99852747],"[3.1823635e-07 6.3777673e-03 4.2905718e-01 5.5757469e-01 6.9573815e-03
 3.2608077e-05 6.5362876e-08 3.3997190e-09 1.7960858e-10]",1,Asian,20-39
/scratch/project_462000771/mengting/projects/bias/hunyuan/prompt2/selected_faces/detected_fearful/fearful_person_0427_face0.png,White,White,Male,20-29,"[0.5424931  0.29569873 0.11867322 0.00359236 0.00982706 0.01497467
 0.01474098]",[0.9024881  0.01489447 0.05426195 0.02835546],[9.9997473e-01 2.5200534e-05],"[2.5837986e-08 6.3775719e-06 5.9203110e-03 7.6496357e-01 2.2340123e-01
 5.6584119e-03 4.8872782e-05 1.1330889e-06 6.1877799e-08]",1,White,20-39
/scratch/project_462000771/mengting/projects/bias/hunyuan/prompt2/selected_faces/detected_fearful/fearful_person_0428_face0.png,Southeast Asian,Asian,Male,30-39,"[4.4181489e-04 1.1965030e-02 1.0502184e-02 1.3089648e-01 8.4492344e-01
 1.2182109e-03 5.2801621e-05]",[2.8081119e-04 3.1314820e-02 9.6195269e-01 6.4516775e-03],[0.9977815  0.00221852],"[3.0606102e-06 1.3522952e-04 4.1867848e-03 1.1589450e-01 3.2330871e-01
 3.0663341e-01 1.7485647e-01 6.0604285e-02 1.4377557e-02]",0,Asian,20-39
/scratch/project_462000771/mengting/projects/bias/hunyuan/prompt2/selected_faces/detected_fearful/fearful_person_0429_face0.png,Indian,Indian,Male,20-29,"[7.2394325e-03 1.4597387e-03 9.1006763e-02 1.9659876e-04 3.3131843e-03
 8.9411443e-01 2.6698578e-03]",[4.0982040e-03 6.6066324e-04 3.7537221e-02 9.5770395e-01],[9.9999833e-01 1.6642812e-06],"[2.2271445e-07 4.7246300e-04 8.3462849e-02 8.1852126e-01 9.5707089e-02
 1.8272577e-03 8.5896227e-06 2.9138059e-07 5.3773244e-09]",1,Others,20-39
/scratch/project_462000771/mengting/projects/bias/hunyuan/prompt2/selected_faces/detected_fearful/fearful_person_0430_face0.png,East Asian,Asian,Female,20-29,"[1.6586889e-02 1.5291241e-04 3.6127139e-02 7.0746374e-01 2.2656171e-01
 1.2653566e-02 4.5402994e-04]",[1.8834904e-02 1.4330496e-04 9.7502732e-01 5.9945057e-03],[0.05745536 0.94254464],"[1.0655249e-05 2.5480356e-02 3.6728582e-01 5.7970083e-01 2.7086131e-02
 4.3012557e-04 5.4975199e-06 5.7143660e-07 4.6174883e-08]",1,Asian,20-39
/scratch/project_462000771/mengting/projects/bias/hunyuan/prompt2/selected_faces/detected_fearful/fearful_person_0431_face0.png,White,White,Male,20-29,"[9.0150583e-01 4.2061196e-04 3.5855379e-02 1.0880339e-04 4.1867801e-04
 3.8732241e-03 5.7817612e-02]",[0.9737822  0.00125656 0.01142394 0.01353724],[9.9999851e-01 1.4631917e-06],"[9.3244887e-09 5.8383904e-07 5.4307480e-04 4.9885899e-01 4.8797539e-01
 1.2571796e-02 4.8997987e-05 1.1201960e-06 2.7837599e-08]",1,White,20-39
/scratch/project_462000771/mengting/projects/bias/hunyuan/prompt2/selected_faces/detected_fearful/fearful_person_0432_face0.png,White,White,Male,20-29,"[0.4873703  0.0157824  0.27674758 0.00167997 0.00646706 0.01893376
 0.19301888]",[0.8478073  0.03030485 0.03419965 0.08768824],[9.9999815e-01 1.8364761e-06],"[1.4084974e-07 6.3751162e-05 2.0865707e-02 8.2686430e-01 1.4581494e-01
 6.2411865e-03 1.3633413e-04 1.3114883e-05 5.8739477e-07]",1,White,20-39
/scratch/project_462000771/mengting/projects/bias/hunyuan/prompt2/selected_faces/detected_fearful/fearful_person_0433_face0.png,Indian,White,Male,20-29,"[0.05376498 0.04437463 0.12854086 0.00099993 0.00502804 0.75537235
 0.01191921]",[0.61286956 0.00512036 0.02481467 0.35719547],[0.99544287 0.00455716],"[4.6352261e-06 8.6842576e-04 3.4262598e-02 5.8868372e-01 3.3759466e-01
 3.7665453e-02 8.7675563e-04 4.0552615e-05 3.1452737e-06]",1,Others,20-39
/scratch/project_462000771/mengting/projects/bias/hunyuan/prompt2/selected_faces/detected_fearful/fearful_person_0434_face0.png,Indian,Indian,Male,30-39,"[4.83702868e-02 1.63525432e-01 2.75167674e-01 2.98166851e-04
 4.69589606e-03 3.89842898e-01 1.18099704e-01]",[0.37740892 0.07495172 0.04433028 0.503309  ],[9.9999672e-01 3.2483933e-06],"[1.6037775e-06 7.0884707e-05 2.9425779e-03 2.7757761e-01 5.7698804e-01
 1.3669176e-01 5.4231416e-03 2.8687998e-04 1.7466587e-05]",1,Others,20-39
/scratch/project_462000771/mengting/projects/bias/hunyuan/prompt2/selected_faces/detected_fearful/fearful_person_0435_face0.png,Southeast Asian,Asian,Male,20-29,"[0.02578547 0.03029379 0.36551917 0.09308063 0.42735776 0.05106133
 0.00690188]",[0.23088174 0.03868109 0.37563863 0.35479856],[9.9999934e-01 6.5852197e-07],"[7.2546754e-08 2.8322786e-05 2.4342990e-02 7.7677310e-01 1.9103445e-01
 7.6647517e-03 1.4852163e-04 7.5104085e-06 2.1052327e-07]",0,Asian,20-39
/scratch/project_462000771/mengting/projects/bias/hunyuan/prompt2/selected_faces/detected_fearful/fearful_person_0436_face0.png,Indian,Indian,Male,20-29,"[1.3090402e-01 6.2500606e-03 3.5567749e-01 2.0893404e-04 9.4892876e-04
 4.4615778e-01 5.9852783e-02]",[0.10768712 0.0042441  0.03728843 0.8507803 ],[9.991057e-01 8.943526e-04],"[1.19835954e-06 1.11663925e-04 6.15446363e-03 5.39851785e-01
 4.29395109e-01 2.40933560e-02 3.75627656e-04 1.60564505e-05
 7.12716655e-07]",0,Others,20-39
/scratch/project_462000771/mengting/projects/bias/hunyuan/prompt2/selected_faces/detected_fearful/fearful_person_0437_face0.png,Latino_Hispanic,Asian,Male,20-29,"[0.03428396 0.08362943 0.5496756  0.02301279 0.23337552 0.0673583
 0.00866439]",[0.00793136 0.0413378  0.8584301  0.09230078],[9.9973828e-01 2.6170423e-04],"[9.1408771e-07 1.6712162e-04 3.8050573e-02 6.8262738e-01 2.6232147e-01
 1.6380122e-02 4.3244063e-04 1.9064521e-05 9.4715284e-07]",0,Others,20-39
/scratch/project_462000771/mengting/projects/bias/hunyuan/prompt2/selected_faces/detected_fearful/fearful_person_0438_face0.png,Indian,Asian,Female,20-29,"[0.02517121 0.00835679 0.266769   0.19939484 0.1061139  0.38561025
 0.00858402]",[0.05196831 0.00496086 0.58364075 0.35943013],[0.04544925 0.95455074],"[2.3175491e-04 7.1336925e-02 2.0714173e-01 6.1355078e-01 1.0224669e-01
 5.2935621e-03 1.7434894e-04 2.2072796e-05 2.0732041e-06]",1,Others,20-39
/scratch/project_462000771/mengting/projects/bias/hunyuan/prompt2/selected_faces/detected_fearful/fearful_person_0439_face0.png,White,White,Male,20-29,"[0.59758335 0.00584941 0.10234225 0.00075085 0.00167302 0.05104251
 0.24075867]",[0.8899271  0.00509114 0.01578517 0.08919658],[9.9999821e-01 1.8353694e-06],"[4.5996450e-07 3.6871457e-05 3.6358964e-03 5.4668534e-01 4.2840698e-01
 2.1056950e-02 1.7159974e-04 5.7477478e-06 1.6473260e-07]",1,White,20-39
/scratch/project_462000771/mengting/projects/bias/hunyuan/prompt2/selected_faces/detected_fearful/fearful_person_0440_face0.png,White,White,Male,20-29,"[9.1364294e-01 8.6762551e-03 6.0570460e-02 9.0816859e-05 2.0656432e-04
 1.0157122e-02 6.6559282e-03]",[0.867008   0.01528105 0.00090103 0.11680985],[0.98713934 0.01286069],"[6.6068458e-07 2.0904299e-04 2.0793134e-02 6.4324963e-01 3.1760722e-01
 1.7825948e-02 3.0460473e-04 9.0731191e-06 6.2119636e-07]",1,White,20-39
/scratch/project_462000771/mengting/projects/bias/hunyuan/prompt2/selected_faces/detected_fearful/fearful_person_0441_face0.png,Latino_Hispanic,Black,Male,30-39,"[2.8742347e-02 3.0961394e-01 3.5089955e-01 2.8788036e-04 6.7188595e-03
 2.6183105e-01 4.1906413e-02]",[0.04127417 0.50532216 0.01182351 0.44158012],[9.9999917e-01 8.5905180e-07],"[1.0311785e-06 1.7727101e-05 1.7226777e-03 1.2547031e-01 4.2129892e-01
 3.9223990e-01 5.6508347e-02 2.6647598e-03 7.6261029e-05]",0,Others,20-39
/scratch/project_462000771/mengting/projects/bias/hunyuan/prompt2/selected_faces/detected_fearful/fearful_person_0442_face0.png,Latino_Hispanic,Asian,Male,20-29,"[0.09123001 0.00768146 0.477267   0.04736614 0.07465192 0.2948659
 0.00693751]",[0.21784183 0.00083495 0.44729626 0.33402702],[0.8741718 0.1258282],"[2.7337392e-06 8.4319548e-04 4.6312127e-02 6.9859856e-01 2.3845775e-01
 1.5468465e-02 2.9841473e-04 1.7399772e-05 1.3071406e-06]",1,Others,20-39
/scratch/project_462000771/mengting/projects/bias/hunyuan/prompt2/selected_faces/detected_fearful/fearful_person_0443_face0.png,East Asian,White,Female,20-29,"[2.6444390e-02 1.1290703e-06 1.9282099e-02 8.6714965e-01 8.5988075e-02
 4.6311264e-04 6.7163381e-04]",[7.7051157e-01 1.9140023e-06 2.2072758e-01 8.7589668e-03],[0.00556732 0.9944327 ],"[8.9209017e-08 1.7634624e-04 8.6695641e-02 8.7658918e-01 3.6261134e-02
 2.7661596e-04 9.6302108e-07 4.8282427e-08 1.3512464e-09]",1,Asian,20-39
/scratch/project_462000771/mengting/projects/bias/hunyuan/prompt2/selected_faces/detected_fearful/fearful_person_0444_face0.png,White,White,Male,20-29,"[0.62402934 0.06183361 0.20500895 0.00121834 0.00424492 0.05046969
 0.05319509]",[0.86932623 0.04333724 0.05090884 0.03642772],[9.999784e-01 2.158416e-05],"[3.9642293e-07 5.9223144e-05 8.9196675e-03 6.6468215e-01 3.1307241e-01
 1.3014302e-02 2.3910498e-04 1.2083761e-05 6.1116020e-07]",1,White,20-39
/scratch/project_462000771/mengting/projects/bias/hunyuan/prompt2/selected_faces/detected_fearful/fearful_person_0445_face0.png,Latino_Hispanic,Black,Male,20-29,"[1.8857527e-01 8.3969124e-02 4.2634717e-01 7.9432022e-05 2.4498196e-03
 2.1323824e-01 8.5340984e-02]",[0.05958045 0.62075835 0.00274848 0.31691265],[9.9999976e-01 2.0013738e-07],"[5.0432263e-08 1.6723885e-05 1.0776729e-02 5.6192178e-01 4.0315193e-01
 2.3903819e-02 2.2491148e-04 4.0425539e-06 6.8876084e-08]",1,Others,20-39
/scratch/project_462000771/mengting/projects/bias/hunyuan/prompt2/selected_faces/detected_fearful/fearful_person_0446_face0.png,Latino_Hispanic,White,Male,20-29,"[0.14973444 0.04511759 0.41494828 0.03258695 0.03362323 0.2672051
 0.05678445]",[0.84419787 0.01441524 0.05187678 0.08951004],[0.79950184 0.20049815],"[4.1156429e-05 1.2622021e-02 1.5649350e-01 7.5005502e-01 7.8192309e-02
 2.5383735e-03 5.1228213e-05 5.7861716e-06 6.3404286e-07]",0,Others,20-39
/scratch/project_462000771/mengting/projects/bias/hunyuan/prompt2/selected_faces/detected_fearful/fearful_person_0447_face0.png,Southeast Asian,Asian,Male,20-29,"[0.08276178 0.01591197 0.07399241 0.28395605 0.49520758 0.04195939
 0.00621079]",[0.02185617 0.13184768 0.7920956  0.05420051],[9.99918e-01 8.20709e-05],"[5.6430545e-06 3.2458506e-03 9.1128461e-02 7.8304774e-01 1.0984587e-01
 1.1865965e-02 7.2404643e-04 1.2103268e-04 1.5411253e-05]",1,Asian,20-39
/scratch/project_462000771/mengting/projects/bias/hunyuan/prompt2/selected_faces/detected_fearful/fearful_person_0449_face0.png,Latino_Hispanic,White,Male,20-29,"[0.18413955 0.00374434 0.30242604 0.00092514 0.00473507 0.24583924
 0.25819066]",[0.5803188  0.02989651 0.06782205 0.32196274],[9.9999863e-01 1.3911257e-06],"[3.1135443e-07 8.5361899e-05 4.5811743e-03 6.6343910e-01 3.2406107e-01
 7.8064892e-03 2.5887983e-05 6.1305201e-07 1.4693861e-08]",1,Others,20-39
/scratch/project_462000771/mengting/projects/bias/hunyuan/prompt2/selected_faces/detected_fearful/fearful_person_0450_face0.png,Southeast Asian,Asian,Male,20-29,"[0.01759384 0.00352012 0.1455004  0.18879873 0.6271743  0.01676465
 0.00064791]",[1.1069714e-03 2.2888556e-04 9.9499023e-01 3.6739118e-03],[0.9901096  0.00989038],"[1.0179170e-07 1.2749196e-04 1.1849048e-01 8.3818990e-01 4.2674098e-02
 5.1108509e-04 6.4385404e-06 4.2956037e-07 3.1706413e-08]",1,Asian,20-39
/scratch/project_462000771/mengting/projects/bias/hunyuan/prompt2/selected_faces/detected_fearful/fearful_person_0451_face0.png,Latino_Hispanic,Asian,Male,20-29,"[0.03739982 0.0068791  0.4453413  0.06489917 0.16300026 0.26667723
 0.01580312]",[1.6589085e-02 3.3595995e-04 9.0576017e-01 7.7314802e-02],[9.9998689e-01 1.3067946e-05],"[2.9411621e-07 9.3221344e-04 2.1738872e-01 7.4059844e-01 4.0078048e-02
 9.9201512e-04 9.8178944e-06 4.7346984e-07 1.0510520e-08]",1,Others,20-39
/scratch/project_462000771/mengting/projects/bias/hunyuan/prompt2/selected_faces/detected_fearful/fearful_person_0452_face0.png,White,White,Male,20-29,"[0.4095688  0.00491081 0.34729093 0.00606284 0.01424141 0.07594554
 0.14197962]",[0.657602   0.01254023 0.24920377 0.08065391],[0.9868622  0.01313781],"[6.4937171e-06 2.4916371e-03 6.2842458e-02 8.2128263e-01 1.0982550e-01
 3.4780432e-03 6.6427470e-05 6.3370599e-06 5.2375412e-07]",1,White,20-39
/scratch/project_462000771/mengting/projects/bias/hunyuan/prompt2/selected_faces/detected_fearful/fearful_person_0453_face0.png,Latino_Hispanic,Asian,Male,20-29,"[0.07231499 0.03317321 0.31013936 0.21382497 0.28792784 0.07401919
 0.00860039]",[0.04442223 0.04992651 0.55912805 0.34652326],[0.9983398  0.00166026],"[7.6719073e-07 2.1562488e-04 5.2572552e-02 7.9872167e-01 1.4254569e-01
 5.7800198e-03 1.5238092e-04 1.0744162e-05 6.4328327e-07]",1,Others,20-39
/scratch/project_462000771/mengting/projects/bias/hunyuan/prompt2/selected_faces/detected_fearful/fearful_person_0454_face0.png,Indian,Indian,Male,10-19,"[1.9008715e-02 1.3246830e-04 1.3339274e-01 9.6391097e-02 2.1297254e-01
 5.2176815e-01 1.6334388e-02]",[2.4848208e-02 1.0357309e-04 4.5654249e-01 5.1850575e-01],[0.8276468 0.1723532],"[5.1567195e-06 1.4394143e-02 5.5315673e-01 4.0817299e-01 2.3503548e-02
 7.5773738e-04 8.1571361e-06 1.4778349e-06 8.5850168e-08]",1,Others,10-19
/scratch/project_462000771/mengting/projects/bias/hunyuan/prompt2/selected_faces/detected_fearful/fearful_person_0455_face0.png,Indian,Black,Male,40-49,"[1.0652090e-02 2.5528365e-01 1.9050106e-01 4.9824943e-04 2.0095680e-02
 5.1211643e-01 1.0852865e-02]",[0.00835075 0.6681879  0.12702912 0.19643232],[9.9999982e-01 1.9175022e-07],"[4.3947662e-06 1.0231081e-04 2.1215712e-03 7.1164273e-02 3.0985123e-01
 5.1210850e-01 9.7251922e-02 7.1886843e-03 2.0715689e-04]",0,Others,40-59
/scratch/project_462000771/mengting/projects/bias/hunyuan/prompt2/selected_faces/detected_fearful/fearful_person_0456_face0.png,White,White,Male,30-39,"[0.5018168  0.09152227 0.18439595 0.00066509 0.00519543 0.19711134
 0.01929312]",[0.6940874  0.01810936 0.02806447 0.25973883],[9.990451e-01 9.549708e-04],"[1.80199197e-06 1.18905795e-04 6.73071947e-03 3.24448586e-01
 5.12546182e-01 1.47626266e-01 8.16780515e-03 3.37263016e-04
 2.24527430e-05]",0,White,20-39
/scratch/project_462000771/mengting/projects/bias/hunyuan/prompt2/selected_faces/detected_fearful/fearful_person_0457_face0.png,East Asian,Asian,Female,20-29,"[5.3359014e-03 2.7197585e-04 2.4658198e-02 7.1601391e-01 2.4181762e-01
 1.1651999e-02 2.5043025e-04]",[9.9853175e-03 3.8757375e-05 9.8955691e-01 4.1900456e-04],[0.00112833 0.9988717 ],"[6.3276838e-07 1.6632584e-03 7.8025527e-02 8.7384945e-01 4.5964528e-02
 4.9480249e-04 1.6979305e-06 1.1071523e-07 3.9941170e-09]",1,Asian,20-39
/scratch/project_462000771/mengting/projects/bias/hunyuan/prompt2/selected_faces/detected_fearful/fearful_person_0458_face0.png,East Asian,White,Female,20-29,"[1.9005049e-02 1.4349775e-05 1.3637145e-02 8.6752844e-01 9.7497918e-02
 1.7846380e-03 5.3246319e-04]",[6.7267257e-01 2.0766860e-05 3.2064658e-01 6.6601140e-03],[0.26450604 0.735494  ],"[2.3571702e-07 1.2764669e-03 2.5220120e-01 7.2766030e-01 1.8760774e-02
 1.0038361e-04 6.1905365e-07 5.0375164e-08 2.1325883e-09]",0,Asian,20-39
/scratch/project_462000771/mengting/projects/bias/hunyuan/prompt2/selected_faces/detected_fearful/fearful_person_0459_face0.png,Southeast Asian,Asian,Male,20-29,"[0.01325364 0.02678281 0.07975832 0.08482078 0.7261588  0.0672021
 0.00202354]",[0.02162488 0.00655211 0.9689488  0.00287425],[9.9998641e-01 1.3647988e-05],"[2.2345872e-05 9.2107709e-03 1.3036561e-01 5.4505527e-01 2.4387500e-01
 6.4767472e-02 6.0919770e-03 5.7174452e-04 3.9789447e-05]",0,Asian,20-39
/scratch/project_462000771/mengting/projects/bias/hunyuan/prompt2/selected_faces/detected_fearful/fearful_person_0460_face0.png,Indian,Asian,Male,20-29,"[0.03150837 0.01646459 0.22483476 0.07193205 0.09472813 0.55294365
 0.00758843]",[0.01333462 0.01203671 0.507328   0.46730062],[0.9974742  0.00252579],"[1.6743734e-06 1.4454962e-03 9.4045982e-02 8.2193202e-01 8.0379367e-02
 2.1679986e-03 2.4803887e-05 2.4962512e-06 1.9769179e-07]",1,Others,20-39
/scratch/project_462000771/mengting/projects/bias/hunyuan/prompt2/selected_faces/detected_fearful/fearful_person_0461_face0.png,East Asian,Asian,Male,20-29,"[0.04580568 0.01099937 0.19605874 0.42867327 0.30999944 0.00718705
 0.00127641]",[0.00375009 0.00344397 0.98513955 0.00766633],[0.95667183 0.04332817],"[1.0187589e-06 8.3299942e-04 1.3439851e-01 8.3452404e-01 2.9971819e-02
 2.7081295e-04 7.8792914e-07 3.6538516e-08 2.1410913e-09]",1,Asian,20-39
/scratch/project_462000771/mengting/projects/bias/hunyuan/prompt2/selected_faces/detected_fearful/fearful_person_0462_face0.png,Latino_Hispanic,Indian,Male,30-39,"[0.14982082 0.01008961 0.4308227  0.01516493 0.09679934 0.27923575
 0.01806684]",[0.13140456 0.02786461 0.37706438 0.4636664 ],[9.999994e-01 5.593715e-07],"[2.64262269e-07 1.81136656e-05 2.29030708e-03 3.28634888e-01
 5.54998577e-01 1.11188844e-01 2.77477107e-03 9.24674387e-05
 1.70348630e-06]",0,Others,20-39
/scratch/project_462000771/mengting/projects/bias/hunyuan/prompt2/selected_faces/detected_fearful/fearful_person_0463_face0.png,East Asian,Asian,Female,10-19,"[8.6689189e-02 1.5303776e-04 3.0788353e-01 3.5162124e-01 2.3066595e-01
 2.0332521e-02 2.6545897e-03]",[4.2041919e-01 1.5731223e-04 5.6046724e-01 1.8956197e-02],[0.00239538 0.9976046 ],"[3.6645499e-06 6.1361410e-02 5.2264839e-01 4.0528661e-01 1.0530309e-02
 1.6829440e-04 1.1720796e-06 1.4352261e-07 1.4478054e-08]",1,Asian,10-19
/scratch/project_462000771/mengting/projects/bias/hunyuan/prompt2/selected_faces/detected_fearful/fearful_person_0464_face0.png,East Asian,White,Female,20-29,"[2.0516032e-01 2.2688881e-05 4.8438970e-02 6.4362091e-01 9.9137522e-02
 6.3725939e-04 2.9823431e-03]",[9.2223477e-01 2.1527601e-05 7.5988650e-02 1.7550148e-03],[0.00513595 0.99486405],"[3.1979064e-07 2.1031144e-04 4.3580346e-02 8.8478065e-01 7.0819139e-02
 6.0655153e-04 2.6037503e-06 7.9118941e-08 2.4652234e-09]",0,Asian,20-39
/scratch/project_462000771/mengting/projects/bias/hunyuan/prompt2/selected_faces/detected_fearful/fearful_person_0465_face0.png,East Asian,Asian,Female,20-29,"[0.01583675 0.00421703 0.07837261 0.49166936 0.33836582 0.07053512
 0.00100323]",[1.4216891e-02 6.5185875e-04 9.3809670e-01 4.7034599e-02],[0.00133387 0.9986661 ],"[1.0571250e-06 8.5094059e-03 2.3312023e-01 7.4071997e-01 1.7532304e-02
 1.1650366e-04 4.5720375e-07 3.5284227e-08 1.8833917e-09]",0,Asian,20-39
/scratch/project_462000771/mengting/projects/bias/hunyuan/prompt2/selected_faces/detected_fearful/fearful_person_0466_face0.png,Indian,Indian,Male,20-29,"[0.00871817 0.00966577 0.2844569  0.00399388 0.05735727 0.62657017
 0.00923776]",[0.12141249 0.00131312 0.41063192 0.46664244],[1.0000000e+00 3.2873736e-08],"[8.9215991e-06 1.2839140e-03 2.0877078e-02 4.6489981e-01 4.3207505e-01
 7.9064623e-02 1.7137622e-03 7.5866257e-05 1.0239952e-06]",0,Others,20-39
/scratch/project_462000771/mengting/projects/bias/hunyuan/prompt2/selected_faces/detected_fearful/fearful_person_0467_face0.png,Southeast Asian,Asian,Male,20-29,"[0.01071221 0.00654068 0.16695835 0.12700121 0.6302943  0.05699558
 0.0014977 ]",[0.01058533 0.02693218 0.7313523  0.23113011],[9.9994951e-01 5.0471244e-05],"[7.7808693e-07 1.8046728e-03 1.9471836e-01 7.7560478e-01 2.7404599e-02
 4.5997184e-04 6.0897833e-06 7.7543643e-07 3.8543948e-08]",1,Asian,20-39
/scratch/project_462000771/mengting/projects/bias/hunyuan/prompt2/selected_faces/detected_fearful/fearful_person_0468_face0.png,East Asian,Asian,Female,20-29,"[0.00684322 0.00112912 0.04414058 0.5896342  0.3153526  0.0421447
 0.00075558]",[1.09052425e-02 1.27712890e-04 9.76386726e-01 1.25803752e-02],[1.2010183e-04 9.9987990e-01],"[9.1320253e-08 1.9499309e-04 5.0431687e-02 8.4645611e-01 1.0196586e-01
 9.4578002e-04 5.2699988e-06 2.2549857e-07 4.1510666e-09]",1,Asian,20-39
/scratch/project_462000771/mengting/projects/bias/hunyuan/prompt2/selected_faces/detected_fearful/fearful_person_0469_face0.png,White,White,Male,30-39,"[7.0160496e-01 1.5314852e-01 9.0144120e-02 4.5348710e-04 1.5807915e-03
 3.4023013e-02 1.9045128e-02]",[0.44801995 0.02481818 0.1598246  0.36733726],[9.9968833e-01 3.1165197e-04],"[7.25792802e-07 1.32096675e-05 5.71027282e-04 2.10746810e-01
 6.48333669e-01 1.34170756e-01 5.93028031e-03 2.25061231e-04
 8.38892356e-06]",0,White,20-39
/scratch/project_462000771/mengting/projects/bias/hunyuan/prompt2/selected_faces/detected_fearful/fearful_person_0470_face0.png,Latino_Hispanic,White,Female,20-29,"[0.19862469 0.00355047 0.3567379  0.19981536 0.08791457 0.1381418
 0.01521513]",[0.5954272  0.00112187 0.24945444 0.15399653],[0.02704462 0.97295535],"[1.3088649e-06 1.2301411e-03 9.5084369e-02 8.0710888e-01 9.3188338e-02
 3.2924926e-03 8.3769752e-05 9.6014046e-06 1.1068358e-06]",1,Others,20-39
/scratch/project_462000771/mengting/projects/bias/hunyuan/prompt2/selected_faces/detected_fearful/fearful_person_0471_face0.png,Latino_Hispanic,Indian,Male,20-29,"[0.05153527 0.04326087 0.50383145 0.03347797 0.11352438 0.24819289
 0.00617727]",[0.20077722 0.03723807 0.15161996 0.61036474],[9.9959552e-01 4.0449866e-04],"[1.3438394e-06 5.1423151e-04 4.0270235e-02 8.2868493e-01 1.2622365e-01
 4.2633452e-03 4.0603238e-05 1.5698267e-06 8.4014793e-08]",1,Others,20-39
/scratch/project_462000771/mengting/projects/bias/hunyuan/prompt2/selected_faces/detected_fearful/fearful_person_0472_face0.png,White,White,Male,20-29,"[0.6539012  0.00509301 0.26004532 0.00201519 0.00809235 0.05016353
 0.02068936]",[0.9176336  0.00209661 0.06685365 0.01341607],[9.9999887e-01 1.1495671e-06],"[5.4456049e-09 4.6578712e-06 1.0945091e-02 9.1797155e-01 7.0501052e-02
 5.7591754e-04 1.6923543e-06 3.4106094e-08 7.1311679e-10]",1,White,20-39
/scratch/project_462000771/mengting/projects/bias/hunyuan/prompt2/selected_faces/detected_fearful/fearful_person_0473_face0.png,Southeast Asian,Asian,Male,20-29,"[0.24089679 0.02710971 0.0953273  0.13904752 0.47018772 0.02494695
 0.00248394]",[0.05857914 0.00372822 0.92432225 0.0133703 ],[9.9986655e-01 1.3346972e-04],"[1.2507625e-06 3.2814930e-03 8.3336882e-02 8.4875822e-01 6.2899329e-02
 1.7051522e-03 1.6515722e-05 1.0589431e-06 8.7077261e-08]",0,Asian,20-39
/scratch/project_462000771/mengting/projects/bias/hunyuan/prompt2/selected_faces/detected_fearful/fearful_person_0474_face0.png,Indian,Indian,Male,30-39,"[1.6465744e-01 5.2382920e-02 1.7693186e-01 3.0621517e-04 1.2512859e-03
 5.8456212e-01 1.9908188e-02]",[1.2934016e-01 2.0679042e-02 7.7387178e-04 8.4920692e-01],[9.9986506e-01 1.3495499e-04],"[2.5481984e-07 2.2289472e-05 4.6766689e-03 3.9954090e-01 5.2950859e-01
 6.4447917e-02 1.7569262e-03 4.4537643e-05 1.9300383e-06]",1,Others,20-39
/scratch/project_462000771/mengting/projects/bias/hunyuan/prompt2/selected_faces/detected_fearful/fearful_person_0475_face0.png,Southeast Asian,Asian,Male,20-29,"[3.9332150e-03 6.3585551e-03 5.7971261e-02 2.1804821e-01 7.0273978e-01
 1.0734280e-02 2.1462233e-04]",[0.01287496 0.00118325 0.98301214 0.00292971],[9.9993348e-01 6.6453365e-05],"[2.6632875e-07 1.8940237e-04 4.0740311e-02 8.5124546e-01 1.0443050e-01
 3.3355737e-03 5.5592449e-05 2.7529049e-06 1.3198256e-07]",0,Asian,20-39
/scratch/project_462000771/mengting/projects/bias/hunyuan/prompt2/selected_faces/detected_fearful/fearful_person_0476_face0.png,East Asian,Asian,Female,20-29,"[0.02600535 0.00060801 0.11293503 0.50199234 0.32381684 0.0322769
 0.00236551]",[2.1633806e-02 6.2397681e-05 9.6608806e-01 1.2215748e-02],[4.3848151e-04 9.9956155e-01],"[1.4818255e-06 1.2792177e-02 4.6466732e-01 4.8675072e-01 3.4928400e-02
 8.4757007e-04 1.0959635e-05 1.2601517e-06 7.5018562e-08]",1,Asian,20-39
/scratch/project_462000771/mengting/projects/bias/hunyuan/prompt2/selected_faces/detected_fearful/fearful_person_0477_face0.png,East Asian,Asian,Male,20-29,"[0.04778413 0.00073241 0.10489713 0.4940346  0.34727228 0.00380873
 0.00147066]",[4.6741062e-01 4.2164038e-04 5.1941246e-01 1.2755331e-02],[0.5237907  0.47620928],"[1.3170148e-06 7.4946944e-04 1.3063562e-01 7.7520680e-01 8.9839637e-02
 3.4012804e-03 1.4934005e-04 1.5541555e-05 9.0236892e-07]",1,Asian,20-39
/scratch/project_462000771/mengting/projects/bias/hunyuan/prompt2/selected_faces/detected_fearful/fearful_person_0478_face0.png,White,White,Male,30-39,"[9.6211106e-01 1.7211981e-04 2.5088821e-02 1.1355238e-04 3.9129177e-04
 2.0051405e-03 1.0118036e-02]",[0.91773164 0.00563326 0.00174664 0.07488839],[9.9997556e-01 2.4457648e-05],"[5.5752048e-07 1.0681989e-04 1.1056683e-02 4.3611091e-01 4.8522165e-01
 6.6418707e-02 1.0621852e-03 2.1464966e-05 9.7645238e-07]",1,White,20-39
/scratch/project_462000771/mengting/projects/bias/hunyuan/prompt2/selected_faces/detected_fearful/fearful_person_0479_face0.png,Latino_Hispanic,Indian,Male,20-29,"[0.04049448 0.00884807 0.6604771  0.0055897  0.07668034 0.15035522
 0.05755505]",[0.17599046 0.00443782 0.39486158 0.42471018],[9.999990e-01 9.511058e-07],"[1.3029712e-07 6.3904813e-06 2.1756517e-03 7.0273858e-01 2.8682867e-01
 8.1808399e-03 6.6478722e-05 3.1293253e-06 6.7232079e-08]",1,Others,20-39
/scratch/project_462000771/mengting/projects/bias/hunyuan/prompt2/selected_faces/detected_fearful/fearful_person_0480_face0.png,East Asian,Asian,Female,20-29,"[0.04423366 0.00166064 0.21646763 0.46885237 0.22710654 0.03615789
 0.00552128]",[0.39459428 0.00348363 0.41148436 0.19043772],[0.00718338 0.9928167 ],"[3.9359151e-07 3.7253875e-04 6.0714696e-02 7.2572464e-01 2.0799614e-01
 5.0866557e-03 9.8211509e-05 6.4937058e-06 2.5566217e-07]",1,Asian,20-39
/scratch/project_462000771/mengting/projects/bias/hunyuan/prompt2/selected_faces/detected_fearful/fearful_person_0481_face0.png,East Asian,Asian,Male,20-29,"[5.3210557e-04 4.0625790e-04 5.2031078e-03 6.3929576e-01 3.4569618e-01
 8.8333320e-03 3.3224329e-05]",[1.1521503e-03 3.0923082e-04 9.8107857e-01 1.7460065e-02],[0.5769842 0.4230158],"[5.1774514e-06 1.1093824e-02 3.0758119e-01 6.5387648e-01 2.6937624e-02
 4.9566699e-04 8.3250015e-06 1.5279318e-06 1.1776763e-07]",0,Asian,20-39
/scratch/project_462000771/mengting/projects/bias/hunyuan/prompt2/selected_faces/detected_fearful/fearful_person_0482_face0.png,East Asian,Asian,Female,20-29,"[0.09857322 0.00684502 0.10251163 0.5463662  0.23098409 0.01207579
 0.00264405]",[0.23474799 0.00193857 0.5845622  0.17875132],[0.00974226 0.99025774],"[6.3300040e-06 4.2399261e-03 8.8592157e-02 6.8026334e-01 2.1646613e-01
 1.0019110e-02 3.6260104e-04 4.4304674e-05 6.0887310e-06]",1,Asian,20-39
/scratch/project_462000771/mengting/projects/bias/hunyuan/prompt2/selected_faces/detected_fearful/fearful_person_0483_face0.png,Latino_Hispanic,Asian,Male,20-29,"[0.06975696 0.00449899 0.35925233 0.10794529 0.34131187 0.10894021
 0.00829436]",[0.17629144 0.00106176 0.7861431  0.03650371],[0.66977865 0.33022135],"[4.6101081e-06 2.6571383e-03 1.1980006e-01 7.3678553e-01 1.3486348e-01
 5.7567600e-03 1.1649496e-04 1.4914980e-05 9.8002215e-07]",0,Others,20-39
/scratch/project_462000771/mengting/projects/bias/hunyuan/prompt2/selected_faces/detected_fearful/fearful_person_0484_face0.png,Latino_Hispanic,Indian,Male,20-29,"[0.24968342 0.0560688  0.45325947 0.00087634 0.00301858 0.05839446
 0.17869899]",[0.22653054 0.03756657 0.07322849 0.66267437],[9.9999553e-01 4.4947788e-06],"[6.7490782e-07 4.1434785e-05 4.1924864e-03 6.4179289e-01 3.3232543e-01
 2.1114696e-02 4.8914261e-04 4.1375752e-05 1.8665640e-06]",1,Others,20-39
/scratch/project_462000771/mengting/projects/bias/hunyuan/prompt2/selected_faces/detected_fearful/fearful_person_0485_face0.png,White,White,Male,20-29,"[0.5819893  0.00977172 0.2408548  0.01115492 0.00768211 0.01249264
 0.13605447]",[0.7595413  0.00539815 0.04710988 0.18795067],[9.9966538e-01 3.3463983e-04],"[5.8157498e-06 1.5820521e-04 4.9920389e-03 6.2574154e-01 3.5679320e-01
 1.2200715e-02 1.0416400e-04 4.1723856e-06 1.7801403e-07]",1,White,20-39
/scratch/project_462000771/mengting/projects/bias/hunyuan/prompt2/selected_faces/detected_fearful/fearful_person_0486_face0.png,Latino_Hispanic,White,Female,20-29,"[0.08541722 0.02561337 0.55827975 0.04358597 0.06294452 0.21549848
 0.0086607 ]",[0.5207608  0.04144924 0.36177942 0.07601057],[0.00704473 0.99295527],"[3.5943442e-06 7.6460699e-03 1.7390028e-01 7.0435125e-01 1.1011459e-01
 3.9140270e-03 6.4620406e-05 5.1031811e-06 3.9271259e-07]",1,Others,20-39
/scratch/project_462000771/mengting/projects/bias/hunyuan/prompt2/selected_faces/detected_fearful/fearful_person_0487_face0.png,Latino_Hispanic,White,Female,20-29,"[0.3962444  0.00545183 0.4727129  0.00483475 0.00664703 0.03742322
 0.07668591]",[9.4285953e-01 7.3219952e-04 3.7980456e-02 1.8427817e-02],[0.01415798 0.985842  ],"[1.1103899e-06 2.6277563e-04 2.6293388e-02 5.3222656e-01 4.0072644e-01
 3.8517490e-02 1.9075649e-03 6.1233070e-05 3.4823124e-06]",0,Others,20-39
/scratch/project_462000771/mengting/projects/bias/hunyuan/prompt2/selected_faces/detected_fearful/fearful_person_0488_face0.png,Latino_Hispanic,Asian,Female,20-29,"[3.6344942e-02 3.7652813e-04 3.9549971e-01 8.7286875e-02 1.7494239e-01
 3.0161658e-01 3.9329967e-03]",[4.5535713e-02 1.1209933e-04 9.0393400e-01 5.0418202e-02],[0.0029186 0.9970814],"[4.5299362e-07 1.0254873e-03 1.5657790e-01 7.4132490e-01 9.9358447e-02
 1.6993275e-03 1.2677916e-05 7.7317918e-07 2.7730040e-08]",1,Others,20-39
/scratch/project_462000771/mengting/projects/bias/hunyuan/prompt2/selected_faces/detected_fearful/fearful_person_0489_face0.png,Southeast Asian,Asian,Male,20-29,"[0.02179239 0.01437434 0.34797102 0.04962445 0.49832693 0.06650469
 0.00140618]",[0.02863279 0.00349    0.7539785  0.2138987 ],[9.9938768e-01 6.1233965e-04],"[3.3805634e-07 4.3671075e-04 2.5964487e-01 7.1322101e-01 2.6185375e-02
 5.0326710e-04 7.7064014e-06 6.5722196e-07 4.0482838e-08]",1,Asian,20-39
/scratch/project_462000771/mengting/projects/bias/hunyuan/prompt2/selected_faces/detected_fearful/fearful_person_0490_face0.png,East Asian,Asian,Female,20-29,"[3.4790524e-04 3.8852140e-06 1.0775896e-03 8.5387146e-01 1.4451548e-01
 1.7568124e-04 8.0132086e-06]",[3.8922061e-03 1.8573128e-06 9.9593347e-01 1.7241477e-04],[0.01536014 0.9846399 ],"[7.3648749e-07 2.0928215e-03 1.8998812e-01 7.6688349e-01 4.0360287e-02
 6.6633913e-04 7.2344242e-06 9.2273393e-07 4.3338105e-08]",1,Asian,20-39
/scratch/project_462000771/mengting/projects/bias/hunyuan/prompt2/selected_faces/detected_fearful/fearful_person_0491_face0.png,Indian,Indian,Male,30-39,"[0.09386235 0.24720316 0.14017399 0.00047956 0.00671082 0.34213793
 0.1694322 ]",[0.18690835 0.09088566 0.06067263 0.66153336],[9.999118e-01 8.820268e-05],"[2.4338603e-06 2.7098855e-05 1.0855654e-03 1.4773609e-01 6.0509485e-01
 2.2847696e-01 1.6711129e-02 8.1490778e-04 5.0932802e-05]",1,Others,20-39
/scratch/project_462000771/mengting/projects/bias/hunyuan/prompt2/selected_faces/detected_fearful/fearful_person_0492_face0.png,White,White,Male,20-29,"[0.6743925  0.00343952 0.1468836  0.00073383 0.00108866 0.08506572
 0.08839606]",[9.5618832e-01 1.9353439e-04 7.4360315e-03 3.6182158e-02],[9.9925256e-01 7.4742746e-04],"[1.3426660e-07 2.9960203e-05 9.5905336e-03 8.0468601e-01 1.8207562e-01
 3.5775129e-03 3.8726321e-05 1.4336304e-06 8.2553676e-08]",1,White,20-39
/scratch/project_462000771/mengting/projects/bias/hunyuan/prompt2/selected_faces/detected_fearful/fearful_person_0493_face0.png,Southeast Asian,Asian,Male,20-29,"[0.08983317 0.00158053 0.24300216 0.14361134 0.44842145 0.0652656
 0.00828575]",[0.03295257 0.00279746 0.9259837  0.0382663 ],[9.9999803e-01 1.9710335e-06],"[5.0178323e-06 4.2460277e-03 1.7957321e-01 7.2722661e-01 8.1145726e-02
 7.2729825e-03 4.8183824e-04 4.7146830e-05 1.4531320e-06]",1,Asian,20-39
/scratch/project_462000771/mengting/projects/bias/hunyuan/prompt2/selected_faces/detected_fearful/fearful_person_0494_face0.png,Latino_Hispanic,Indian,Male,20-29,"[0.02687684 0.13899577 0.52460444 0.00132202 0.07941602 0.21647967
 0.01230524]",[0.0264065  0.04210768 0.19536927 0.7361165 ],[9.999993e-01 6.883475e-07],"[3.2640142e-07 2.0499863e-05 8.2807355e-03 5.6100690e-01 3.9383578e-01
 3.5640024e-02 1.1373558e-03 7.5437267e-05 2.9493324e-06]",1,Others,20-39
/scratch/project_462000771/mengting/projects/bias/hunyuan/prompt2/selected_faces/detected_fearful/fearful_person_0495_face0.png,Indian,Indian,Male,20-29,"[2.3466013e-03 2.9366901e-03 5.8182407e-02 6.9807481e-04 1.2323448e-02
 9.2253709e-01 9.7567157e-04]",[0.0025453  0.01299594 0.23817731 0.74628145],[9.999922e-01 7.779795e-06],"[7.2623102e-08 4.5846264e-06 3.2056863e-03 4.8096794e-01 4.4454736e-01
 6.9179945e-02 2.0115189e-03 8.0189529e-05 2.7113242e-06]",1,Others,20-39
/scratch/project_462000771/mengting/projects/bias/hunyuan/prompt2/selected_faces/detected_fearful/fearful_person_0496_face0.png,Latino_Hispanic,Asian,Male,20-29,"[0.04066163 0.00045685 0.3590326  0.16925643 0.2221155  0.1622833
 0.04619364]",[5.1791910e-02 3.8582177e-04 7.8422594e-01 1.6359635e-01],[9.9998939e-01 1.0573556e-05],"[2.0955042e-07 5.1594205e-04 6.5889515e-02 8.8168353e-01 5.1261142e-02
 6.4565398e-04 3.7206862e-06 3.3455291e-07 8.5338163e-09]",1,Others,20-39
/scratch/project_462000771/mengting/projects/bias/hunyuan/prompt2/selected_faces/detected_fearful/fearful_person_0497_face0.png,East Asian,Asian,Female,20-29,"[0.08819404 0.0041524  0.1341316  0.3790249  0.17967698 0.15955557
 0.05526442]",[1.20881826e-01 6.56413438e-04 8.33993375e-01 4.44683544e-02],[0.4527914 0.5472086],"[1.7674864e-05 3.4250636e-03 4.8159104e-02 7.4324501e-01 1.9112018e-01
 1.3481427e-02 4.8310921e-04 6.2336061e-05 6.0720040e-06]",1,Asian,20-39
/scratch/project_462000771/mengting/projects/bias/hunyuan/prompt2/selected_faces/detected_fearful/fearful_person_0498_face0.png,East Asian,Asian,Male,20-29,"[6.4122654e-04 2.5810759e-05 4.4312640e-03 7.2161621e-01 2.7282166e-01
 3.7377197e-04 8.9955873e-05]",[5.5012051e-03 2.3259014e-05 9.9141109e-01 3.0644573e-03],[0.65798277 0.3420173 ],"[3.3156911e-07 7.2697774e-05 2.5243111e-02 6.4705527e-01 3.0858818e-01
 1.8218134e-02 7.4967527e-04 7.0270580e-05 2.3900811e-06]",1,Asian,20-39
/scratch/project_462000771/mengting/projects/bias/hunyuan/prompt2/selected_faces/detected_fearful/fearful_person_0499_face0.png,East Asian,Asian,Female,20-29,"[1.40252430e-02 9.01946696e-05 1.74270142e-02 8.57597113e-01
 1.08349934e-01 2.05454882e-03 4.56001086e-04]",[1.7509061e-01 1.2948761e-05 8.1788141e-01 7.0150387e-03],[0.35028094 0.6497191 ],"[8.05493059e-08 1.22839716e-04 1.03391096e-01 8.62029493e-01
 3.41750905e-02 2.78942840e-04 2.23516531e-06 1.66200437e-07
 7.05334369e-09]",0,Asian,20-39
/scratch/project_462000771/mengting/projects/bias/hunyuan/prompt2/selected_faces/detected_fearful/fearful_person_0500_face0.png,Indian,Indian,Female,20-29,"[0.02256326 0.00292015 0.2849952  0.06158485 0.06674235 0.5543578
 0.00683632]",[0.04820635 0.00198942 0.19097498 0.7588293 ],[0.0013652  0.99863476],"[6.6447928e-06 2.0380054e-02 2.2344548e-01 6.9900018e-01 5.6420207e-02
 7.3854963e-04 8.0898326e-06 7.2408733e-07 3.7640159e-08]",1,Others,20-39
/scratch/project_462000771/mengting/projects/bias/hunyuan/prompt2/selected_faces/detected_fearful/fearful_person_0501_face0.png,East Asian,Asian,Female,20-29,"[9.5948726e-02 7.4887510e-05 5.7415932e-02 6.1772102e-01 2.1296398e-01
 1.2910898e-02 2.9645460e-03]",[4.0532523e-01 3.2257467e-05 5.6465369e-01 2.9988827e-02],[0.00538041 0.99461955],"[1.0885516e-05 2.2242073e-02 2.9408455e-01 6.5349543e-01 2.9531620e-02
 6.2452338e-04 9.2077980e-06 1.4939695e-06 1.9580776e-07]",1,Asian,20-39
/scratch/project_462000771/mengting/projects/bias/hunyuan/prompt2/selected_faces/detected_fearful/fearful_person_0502_face0.png,East Asian,Asian,Female,20-29,"[1.5510316e-03 1.9589764e-07 3.9865810e-04 8.8786244e-01 1.1015300e-01
 2.9608469e-05 5.0216177e-06]",[2.8877525e-04 6.2673273e-08 9.9970978e-01 1.3702542e-06],[0.03180647 0.9681936 ],"[4.4596982e-06 2.3908217e-03 5.7259347e-02 8.3660269e-01 1.0203844e-01
 1.6949438e-03 9.0351659e-06 3.3804247e-07 8.2104883e-09]",1,Asian,20-39
/scratch/project_462000771/mengting/projects/bias/hunyuan/prompt2/selected_faces/detected_fearful/fearful_person_0503_face0.png,Latino_Hispanic,Indian,Male,20-29,"[2.4043566e-01 4.5421985e-03 3.1573480e-01 1.9794927e-04 1.5770837e-03
 3.1264126e-01 1.2487108e-01]",[0.25535774 0.00588955 0.00879469 0.729958  ],[9.9999988e-01 1.2164529e-07],"[2.8160175e-08 1.3901426e-05 5.7920502e-03 7.6783282e-01 2.2213402e-01
 4.2091883e-03 1.7661092e-05 4.2907922e-07 7.7639397e-09]",1,Others,20-39
/scratch/project_462000771/mengting/projects/bias/hunyuan/prompt2/selected_faces/detected_fearful/fearful_person_0504_face0.png,Latino_Hispanic,White,Male,20-29,"[0.15516685 0.03699157 0.5166025  0.00223872 0.02165294 0.24809247
 0.01925488]",[0.43046474 0.01606097 0.15615894 0.39731538],[9.999922e-01 7.781828e-06],"[1.9478710e-05 2.6845209e-02 2.5344476e-01 5.9626603e-01 1.1775407e-01
 5.5994513e-03 6.7201065e-05 3.6676824e-06 1.3026744e-07]",1,Others,20-39
/scratch/project_462000771/mengting/projects/bias/hunyuan/prompt2/selected_faces/detected_fearful/fearful_person_0505_face0.png,East Asian,Asian,Female,20-29,"[0.09651959 0.00592869 0.17349333 0.4474554  0.1013335  0.16189525
 0.01337426]",[0.15138553 0.00174742 0.52631164 0.3205554 ],[0.00449825 0.99550176],"[3.0458491e-06 1.2929789e-02 2.9315415e-01 6.6086721e-01 3.2607038e-02
 4.3475328e-04 3.7465863e-06 2.5888133e-07 1.8688315e-08]",1,Asian,20-39
/scratch/project_462000771/mengting/projects/bias/hunyuan/prompt2/selected_faces/detected_fearful/fearful_person_0506_face0.png,White,White,Male,20-29,"[6.19886279e-01 1.46389855e-02 3.03027421e-01 5.00400027e-04
 1.60104653e-03 3.84285934e-02 2.19172817e-02]",[0.80077434 0.00515688 0.00251465 0.19155416],[9.999666e-01 3.333633e-05],"[1.6591817e-07 8.1720145e-06 2.4126922e-03 5.1145786e-01 4.5543122e-01
 3.0052111e-02 6.1332749e-04 2.3648761e-05 7.8087521e-07]",1,White,20-39
/scratch/project_462000771/mengting/projects/bias/hunyuan/prompt2/selected_faces/detected_fearful/fearful_person_0507_face0.png,Southeast Asian,Asian,Male,30-39,"[0.02245745 0.00313313 0.33833864 0.10943816 0.47260696 0.04693306
 0.00709264]",[0.02052066 0.00181752 0.86094344 0.11671844],[9.9999505e-01 4.9208643e-06],"[1.4321236e-06 3.0468754e-04 1.5535464e-02 4.4302687e-01 4.6154866e-01
 7.7221066e-02 2.2273527e-03 1.3143716e-04 3.0546519e-06]",1,Asian,20-39
/scratch/project_462000771/mengting/projects/bias/hunyuan/prompt2/selected_faces/detected_fearful/fearful_person_0508_face0.png,East Asian,Asian,Female,20-29,"[3.7560626e-03 2.1131020e-03 2.9016785e-02 5.6515431e-01 3.9328226e-01
 6.3822358e-03 2.9523973e-04]",[0.00307694 0.00429778 0.98650324 0.00612205],[0.20756713 0.7924329 ],"[2.5045103e-05 1.4075284e-02 1.2437528e-01 6.8867904e-01 1.6244327e-01
 1.0059984e-02 3.1629615e-04 2.3748096e-05 2.0733044e-06]",0,Asian,20-39
/scratch/project_462000771/mengting/projects/bias/hunyuan/prompt2/selected_faces/detected_fearful/fearful_person_0509_face0.png,Southeast Asian,Indian,Male,20-29,"[2.1300507e-04 2.5573035e-03 2.0926479e-02 3.2981634e-02 9.0291476e-01
 4.0296238e-02 1.1061128e-04]",[0.01218767 0.01153936 0.32571608 0.6505569 ],[9.9997264e-01 2.7339094e-05],"[2.1110050e-06 3.9443621e-04 2.9111866e-02 4.5370141e-01 4.3287814e-01
 7.9535499e-02 4.0056058e-03 3.4824575e-04 2.2632956e-05]",1,Asian,20-39
/scratch/project_462000771/mengting/projects/bias/hunyuan/prompt2/selected_faces/detected_fearful/fearful_person_0510_face0.png,White,White,Male,20-29,"[0.7032295  0.00368534 0.17940432 0.00697165 0.02545706 0.06893356
 0.01231855]",[9.3734819e-01 4.1513154e-04 4.7338951e-02 1.4897744e-02],[0.6586596 0.3413404],"[2.89282923e-07 1.08493696e-04 2.05199160e-02 7.47202456e-01
 2.20490962e-01 1.14518562e-02 2.12911196e-04 1.18033804e-05
 1.33921992e-06]",0,White,20-39
/scratch/project_462000771/mengting/projects/bias/hunyuan/prompt2/selected_faces/detected_fearful/fearful_person_0511_face0.png,Latino_Hispanic,Indian,Male,20-29,"[1.0047642e-01 2.9021896e-02 4.5421901e-01 2.2618906e-04 1.5103810e-03
 2.9272816e-01 1.2181791e-01]",[0.15118363 0.06616008 0.01240635 0.77024996],[9.9998522e-01 1.4768029e-05],"[2.5421048e-07 4.9779544e-05 1.8617079e-02 7.8124863e-01 1.9438230e-01
 5.6405924e-03 5.8635815e-05 2.6099995e-06 1.0325479e-07]",1,Others,20-39
/scratch/project_462000771/mengting/projects/bias/hunyuan/prompt2/selected_faces/detected_fearful/fearful_person_0512_face0.png,Indian,Indian,Female,20-29,"[0.03308037 0.00335535 0.28130648 0.03220454 0.02616218 0.59613055
 0.02776051]",[6.3262597e-02 2.3571213e-04 4.5672444e-01 4.7977725e-01],[3.8652858e-04 9.9961346e-01],"[3.4373167e-07 4.8026280e-03 1.8872003e-01 7.8323829e-01 2.3151835e-02
 8.6528678e-05 2.7700361e-07 1.3944413e-08 5.0439941e-10]",0,Others,20-39
/scratch/project_462000771/mengting/projects/bias/hunyuan/prompt2/selected_faces/detected_fearful/fearful_person_0513_face0.png,East Asian,Asian,Female,20-29,"[4.70612990e-03 4.29431907e-07 8.51910748e-03 8.63675952e-01
 1.22827865e-01 1.26614454e-04 1.43865138e-04]",[6.3614240e-03 8.9350766e-07 9.9330080e-01 3.3688071e-04],[0.00290869 0.9970913 ],"[1.06660906e-07 5.16593398e-04 1.06294952e-01 8.52794826e-01
 4.01944481e-02 1.98631402e-04 4.00205636e-07 1.72655756e-08
 4.12898632e-10]",1,Asian,20-39
/scratch/project_462000771/mengting/projects/bias/hunyuan/prompt2/selected_faces/detected_fearful/fearful_person_0514_face0.png,Latino_Hispanic,Indian,Male,20-29,"[0.07748187 0.00424235 0.33507973 0.00074405 0.00438974 0.27865815
 0.29940414]",[0.43117717 0.00646437 0.07792237 0.48443604],[1.0000000e+00 1.4108094e-08],"[5.8489881e-08 1.3193374e-05 3.4000871e-03 7.0621747e-01 2.8322572e-01
 7.1034003e-03 3.8804119e-05 1.2317971e-06 1.7782780e-08]",1,Others,20-39
/scratch/project_462000771/mengting/projects/bias/hunyuan/prompt2/selected_faces/detected_fearful/fearful_person_0515_face0.png,Southeast Asian,White,Female,20-29,"[1.2788935e-01 6.5767701e-05 1.0430884e-01 3.5686073e-01 4.0933606e-01
 8.7657012e-04 6.6272204e-04]",[8.3913386e-01 1.9166197e-05 1.5993239e-01 9.1452361e-04],[0.00457015 0.9954298 ],"[1.4921735e-04 2.9841116e-01 3.1858951e-01 3.7013793e-01 1.2557511e-02
 1.5305581e-04 1.4569724e-06 1.1677658e-07 1.3057624e-08]",1,Asian,20-39
/scratch/project_462000771/mengting/projects/bias/hunyuan/prompt2/selected_faces/detected_fearful/fearful_person_0516_face0.png,Indian,Asian,Female,20-29,"[0.01518658 0.00219308 0.34559602 0.01958945 0.09564991 0.51858956
 0.00319547]",[0.05273173 0.00142282 0.6413778  0.30446768],[0.03306509 0.9669349 ],"[1.6376252e-06 5.2722259e-03 2.6763827e-01 6.9243336e-01 3.4164947e-02
 4.8564214e-04 3.5124976e-06 3.2270131e-07 2.3602007e-08]",1,Others,20-39
/scratch/project_462000771/mengting/projects/bias/hunyuan/prompt2/selected_faces/detected_fearful/fearful_person_0517_face0.png,Indian,Asian,Male,20-29,"[0.04371869 0.04769287 0.29655626 0.02404148 0.19773458 0.34734365
 0.04291253]",[0.05317408 0.1777364  0.5514642  0.21762526],[9.999949e-01 5.071761e-06],"[3.5342055e-06 1.6472833e-02 3.4158945e-01 6.0280710e-01 3.8123872e-02
 9.9184446e-04 1.0105510e-05 1.1450569e-06 4.8501573e-08]",1,Others,20-39
/scratch/project_462000771/mengting/projects/bias/hunyuan/prompt2/selected_faces/detected_fearful/fearful_person_0518_face0.png,East Asian,Asian,Male,20-29,"[1.8454427e-03 5.2348350e-04 2.3903895e-02 6.2757951e-01 3.4088761e-01
 4.8604747e-03 3.9957050e-04]",[9.6065918e-04 4.5579596e-04 9.9701524e-01 1.5683046e-03],[0.9975275  0.00247252],"[1.0617278e-05 9.1632595e-03 2.2873427e-01 7.1947747e-01 4.1370545e-02
 1.2154819e-03 2.4180696e-05 3.9834904e-06 2.2598181e-07]",1,Asian,20-39
/scratch/project_462000771/mengting/projects/bias/hunyuan/prompt2/selected_faces/detected_fearful/fearful_person_0519_face0.png,East Asian,Asian,Female,20-29,"[0.05032965 0.00171768 0.11035074 0.56326765 0.25442955 0.01745003
 0.00245465]",[0.23432598 0.00159589 0.7119473  0.05213081],[0.03646144 0.9635386 ],"[5.1702418e-06 1.4480104e-02 1.8543483e-01 7.4225837e-01 5.6381892e-02
 1.4149869e-03 2.1541064e-05 2.7601618e-06 3.6200504e-07]",1,Asian,20-39
/scratch/project_462000771/mengting/projects/bias/hunyuan/prompt2/selected_faces/detected_fearful/fearful_person_0520_face0.png,Latino_Hispanic,Asian,Male,20-29,"[0.01154611 0.1616222  0.38195938 0.00299826 0.03480725 0.37398392
 0.0330829 ]",[0.04164357 0.02375731 0.48989782 0.44470128],[9.9999964e-01 3.0787041e-07],"[3.0242040e-07 1.1249573e-03 1.5379018e-01 7.9643673e-01 4.8026938e-02
 6.1789632e-04 2.8615470e-06 1.1951863e-07 2.7444114e-09]",1,Others,20-39
/scratch/project_462000771/mengting/projects/bias/hunyuan/prompt2/selected_faces/detected_fearful/fearful_person_0521_face0.png,Latino_Hispanic,Black,Male,30-39,"[0.16457422 0.30438334 0.3138229  0.00091919 0.00430981 0.04364035
 0.16835023]",[0.10981987 0.6552141  0.10825936 0.12670669],[9.9999636e-01 3.6187560e-06],"[1.3123840e-06 4.5055658e-05 3.1101871e-03 2.9371947e-01 5.3068209e-01
 1.5829770e-01 1.3378298e-02 7.3367229e-04 3.2219588e-05]",1,Others,20-39
/scratch/project_462000771/mengting/projects/bias/hunyuan/prompt2/selected_faces/detected_fearful/fearful_person_0522_face0.png,Latino_Hispanic,White,Female,20-29,"[0.09104648 0.00607674 0.55694646 0.06347216 0.09889197 0.1736427
 0.00992351]",[0.43501922 0.00272873 0.3626011  0.19965088],[7.684013e-04 9.992316e-01],"[5.0421067e-06 2.6109945e-02 3.0771926e-01 6.2506062e-01 4.0597294e-02
 5.0226343e-04 5.0805602e-06 4.4159535e-07 3.5529219e-08]",1,Others,20-39
/scratch/project_462000771/mengting/projects/bias/hunyuan/prompt2/selected_faces/detected_fearful/fearful_person_0523_face0.png,East Asian,Asian,Female,20-29,"[3.3272464e-02 1.8098195e-05 2.9013776e-03 8.8651633e-01 7.7067681e-02
 4.2573916e-05 1.8156118e-04]",[1.9251314e-01 6.3558931e-05 8.0655730e-01 8.6599297e-04],[0.03358224 0.9664178 ],"[2.9698256e-07 2.2427219e-03 2.1850958e-01 7.6258725e-01 1.6563453e-02
 9.6264215e-05 3.9130848e-07 2.1050695e-08 1.1107646e-09]",0,Asian,20-39
/scratch/project_462000771/mengting/projects/bias/hunyuan/prompt2/selected_faces/detected_fearful/fearful_person_0524_face0.png,Latino_Hispanic,White,Male,20-29,"[0.26641595 0.04311848 0.37459454 0.0017255  0.00589673 0.15963076
 0.1486181 ]",[0.6283775  0.04039228 0.16801012 0.16322015],[9.999921e-01 7.893642e-06],"[1.5924151e-06 9.9635753e-04 4.3393068e-02 7.9089928e-01 1.6073799e-01
 3.9450661e-03 2.5695561e-05 9.7601003e-07 3.1423106e-08]",1,Others,20-39
/scratch/project_462000771/mengting/projects/bias/hunyuan/prompt2/selected_faces/detected_fearful/fearful_person_0525_face0.png,Black,Indian,Male,30-39,"[6.1364350e-04 8.6287791e-01 2.3649996e-02 3.1171774e-06 9.9897989e-05
 7.5480364e-02 3.7275054e-02]",[0.00065189 0.39492488 0.00092243 0.6035008 ],[1.0000000e+00 1.0716425e-08],"[6.2203675e-08 9.3403132e-06 2.1372894e-03 4.6911213e-01 5.0579304e-01
 2.2786492e-02 1.5725673e-04 4.2431520e-06 8.4796248e-08]",1,Black,20-39
/scratch/project_462000771/mengting/projects/bias/hunyuan/prompt2/selected_faces/detected_fearful/fearful_person_0526_face0.png,Indian,Asian,Male,20-29,"[0.00156379 0.01793354 0.17020269 0.01284085 0.24623974 0.5479419
 0.00327754]",[0.00146361 0.03142046 0.7243986  0.24271734],[9.9999934e-01 6.1215013e-07],"[7.1917361e-06 1.8442404e-02 2.8310785e-01 5.6562185e-01 1.2286381e-01
 9.7904829e-03 1.5996213e-04 6.2729878e-06 1.7453623e-07]",1,Others,20-39
/scratch/project_462000771/mengting/projects/bias/hunyuan/prompt2/selected_faces/detected_fearful/fearful_person_0527_face0.png,Indian,Indian,Female,20-29,"[0.01473272 0.00646981 0.1550977  0.09673575 0.10250806 0.6212783
 0.00317769]",[0.00346781 0.00781058 0.4303982  0.5583233 ],[0.00293896 0.9970611 ],"[5.2610189e-06 5.5695944e-03 1.3721514e-01 7.6682997e-01 8.8625580e-02
 1.7341275e-03 1.8981755e-05 1.3093427e-06 6.7390147e-08]",1,Others,20-39
/scratch/project_462000771/mengting/projects/bias/hunyuan/prompt2/selected_faces/detected_fearful/fearful_person_0528_face0.png,East Asian,Asian,Female,20-29,"[7.7835168e-03 4.0675842e-04 4.7450434e-02 5.6132549e-01 3.2091400e-01
 6.1433263e-02 6.8659009e-04]",[2.9647727e-02 5.2851949e-05 9.4744384e-01 2.2855578e-02],[0.01573967 0.9842603 ],"[5.7763481e-07 5.4350584e-03 3.5616904e-01 6.1329538e-01 2.4815025e-02
 2.8276982e-04 1.9374804e-06 2.4128684e-07 1.4643382e-08]",1,Asian,20-39
/scratch/project_462000771/mengting/projects/bias/hunyuan/prompt2/selected_faces/detected_fearful/fearful_person_0529_face0.png,White,Asian,Male,40-49,"[0.29282945 0.17641646 0.22492859 0.00901744 0.04817081 0.02404611
 0.2245911 ]",[0.33944854 0.1749283  0.33953217 0.14609095],[9.999941e-01 5.951844e-06],"[4.9744331e-06 1.8812061e-05 6.1582809e-04 4.9622744e-02 2.2730002e-01
 3.9413768e-01 2.7018160e-01 5.3716302e-02 4.4020885e-03]",0,White,40-59
/scratch/project_462000771/mengting/projects/bias/hunyuan/prompt2/selected_faces/detected_fearful/fearful_person_0530_face0.png,East Asian,Asian,Female,20-29,"[3.5504520e-02 5.3256692e-04 6.0573753e-02 6.8582726e-01 2.0191061e-01
 1.3110567e-02 2.5407826e-03]",[1.3376750e-02 7.8596798e-04 9.8191553e-01 3.9218063e-03],[0.00587317 0.99412686],"[6.9126230e-08 1.6158796e-04 6.5337576e-02 8.4113044e-01 9.2180550e-02
 1.1827056e-03 6.8228828e-06 3.2351622e-07 8.3416074e-09]",0,Asian,20-39
/scratch/project_462000771/mengting/projects/bias/hunyuan/prompt2/selected_faces/detected_fearful/fearful_person_0531_face0.png,Southeast Asian,Asian,Female,20-29,"[2.97266233e-04 1.26856365e-04 1.21109765e-02 2.40090564e-01
 6.64322495e-01 8.28138739e-02 2.37999950e-04]",[3.16036749e-04 1.03632905e-04 9.15216565e-01 8.43637660e-02],[0.14626724 0.85373276],"[1.0257243e-06 1.2801557e-03 1.8093780e-01 7.3921502e-01 7.7128612e-02
 1.4237897e-03 1.2211395e-05 1.3760308e-06 3.7629338e-08]",1,Asian,20-39
/scratch/project_462000771/mengting/projects/bias/hunyuan/prompt2/selected_faces/detected_fearful/fearful_person_0532_face0.png,East Asian,Asian,Female,20-29,"[1.1500462e-03 1.8352618e-04 1.1279216e-02 6.1248899e-01 3.5402176e-01
 2.0710902e-02 1.6555087e-04]",[5.3672143e-03 2.0919659e-04 9.7003704e-01 2.4386581e-02],[0.06815266 0.9318473 ],"[2.1161736e-06 4.8959157e-03 1.9917442e-01 7.5965011e-01 3.5735320e-02
 5.3575053e-04 5.8004980e-06 5.7515200e-07 2.6733010e-08]",0,Asian,20-39
/scratch/project_462000771/mengting/projects/bias/hunyuan/prompt2/selected_faces/detected_fearful/fearful_person_0533_face0.png,East Asian,Asian,Male,20-29,"[0.04111727 0.00074846 0.08913681 0.49618673 0.321416   0.04888043
 0.00251435]",[0.29494107 0.00107727 0.6799993  0.02398236],[0.5261157 0.4738843],"[8.8669231e-07 2.0740505e-03 2.4922606e-01 7.1717811e-01 3.1063935e-02
 4.5353727e-04 3.1945469e-06 2.4391923e-07 1.4428922e-08]",1,Asian,20-39
/scratch/project_462000771/mengting/projects/bias/hunyuan/prompt2/selected_faces/detected_fearful/fearful_person_0534_face0.png,Southeast Asian,Asian,Female,10-19,"[2.7874126e-03 8.2956412e-04 3.4846440e-02 4.2604193e-01 4.5617080e-01
 7.8884177e-02 4.3971272e-04]",[3.2648079e-02 7.1123743e-04 8.8090372e-01 8.5736990e-02],[0.05755138 0.94244856],"[4.8608704e-06 4.9211998e-02 5.8194649e-01 3.6181262e-01 6.9269543e-03
 9.5925352e-05 9.7080510e-07 1.8455414e-07 1.6333297e-08]",1,Asian,10-19
/scratch/project_462000771/mengting/projects/bias/hunyuan/prompt2/selected_faces/detected_fearful/fearful_person_0535_face0.png,Indian,Indian,Male,30-39,"[0.03290714 0.01645722 0.27930203 0.00082509 0.00383711 0.6472913
 0.0193801 ]",[0.04783305 0.0231725  0.06311291 0.8658816 ],[9.9982393e-01 1.7611805e-04],"[1.1365181e-06 2.9073504e-05 3.7262819e-03 4.0003020e-01 5.2053773e-01
 7.3602691e-02 1.9965621e-03 7.3619900e-05 2.7578399e-06]",0,Others,20-39
/scratch/project_462000771/mengting/projects/bias/hunyuan/prompt2/selected_faces/detected_fearful/fearful_person_0536_face0.png,East Asian,Asian,Female,20-29,"[2.1131488e-03 1.0076453e-05 2.3449499e-03 8.8574767e-01 1.0961714e-01
 9.1648508e-05 7.5381919e-05]",[2.1863522e-02 1.1495455e-05 9.7763020e-01 4.9478386e-04],[0.03749564 0.9625044 ],"[5.3447116e-07 6.7486236e-04 9.8899379e-02 7.8008199e-01 1.1712448e-01
 3.1134211e-03 9.6819698e-05 8.1907283e-06 3.2372643e-07]",0,Asian,20-39
/scratch/project_462000771/mengting/projects/bias/hunyuan/prompt2/selected_faces/detected_fearful/fearful_person_0537_face0.png,White,White,Female,20-29,"[5.5358571e-01 4.8335623e-05 2.7341247e-01 1.0099288e-01 4.1566554e-02
 5.0503789e-03 2.5343711e-02]",[5.0810522e-01 1.1223953e-04 4.7601673e-01 1.5765786e-02],[9.669991e-04 9.990330e-01],"[7.6558166e-08 3.4056353e-05 2.7256329e-02 7.6558286e-01 2.0233770e-01
 4.6939282e-03 9.0473535e-05 4.4567300e-06 1.2275788e-07]",1,White,20-39
/scratch/project_462000771/mengting/projects/bias/hunyuan/prompt2/selected_faces/detected_fearful/fearful_person_0538_face0.png,Indian,Indian,Male,20-29,"[0.2506849  0.00464637 0.2029938  0.00051988 0.00553207 0.46173698
 0.07388595]",[0.04154077 0.00474194 0.00357276 0.9501445 ],[9.9999964e-01 3.3947342e-07],"[1.4825555e-07 8.6839857e-05 1.8053912e-02 5.3870410e-01 4.1901276e-01
 2.3965772e-02 1.7195716e-04 4.4820977e-06 8.9444889e-08]",1,Others,20-39
/scratch/project_462000771/mengting/projects/bias/hunyuan/prompt2/selected_faces/detected_fearful/fearful_person_0539_face0.png,Southeast Asian,Asian,Male,20-29,"[0.0313171  0.01696191 0.31361756 0.10381047 0.40346432 0.10827016
 0.02255846]",[0.04563346 0.00322857 0.78182393 0.16931406],[9.9997622e-01 2.3776998e-05],"[1.5922134e-06 1.2999556e-04 7.8561893e-03 5.0450277e-01 3.9957172e-01
 8.2324222e-02 4.9702991e-03 6.1139395e-04 3.1737189e-05]",1,Asian,20-39
/scratch/project_462000771/mengting/projects/bias/hunyuan/prompt2/selected_faces/detected_fearful/fearful_person_0540_face0.png,East Asian,Asian,Female,20-29,"[5.26478700e-03 3.89680863e-05 7.41924206e-03 8.67100835e-01
 1.18937135e-01 1.07481715e-03 1.64260928e-04]",[8.3485004e-03 6.4121748e-05 9.7351569e-01 1.8071765e-02],[0.00270502 0.99729496],"[7.7178055e-07 1.4880043e-04 1.6619937e-02 5.4013962e-01 3.9455789e-01
 4.4990771e-02 3.2004542e-03 3.3353566e-04 8.2442712e-06]",1,Asian,20-39
/scratch/project_462000771/mengting/projects/bias/hunyuan/prompt2/selected_faces/detected_fearful/fearful_person_0541_face0.png,Indian,Indian,Male,20-29,"[0.01837285 0.01798679 0.24010779 0.05197928 0.10354035 0.5435437
 0.02446922]",[0.05467748 0.04026162 0.30583468 0.5992262 ],[9.9956721e-01 4.3280024e-04],"[5.9123590e-06 1.9627176e-03 5.5863101e-02 8.6317044e-01 7.7644512e-02
 1.3450887e-03 7.6387778e-06 6.3278242e-07 3.3250803e-08]",1,Others,20-39
/scratch/project_462000771/mengting/projects/bias/hunyuan/prompt2/selected_faces/detected_fearful/fearful_person_0542_face0.png,White,White,Male,30-39,"[0.43922102 0.03013641 0.28567526 0.02704357 0.06447627 0.11204853
 0.04139907]",[0.52597785 0.00278817 0.16300501 0.30822897],[9.9999303e-01 7.0385727e-06],"[1.1523494e-07 5.7193333e-06 2.4923561e-03 3.5120893e-01 5.1738799e-01
 1.2104487e-01 7.3928139e-03 4.4543768e-04 2.1760457e-05]",1,White,20-39
/scratch/project_462000771/mengting/projects/bias/hunyuan/prompt2/selected_faces/detected_fearful/fearful_person_0543_face0.png,Southeast Asian,Asian,Male,30-39,"[0.00656835 0.00300843 0.19495058 0.10937393 0.6003615  0.06984342
 0.01589375]",[0.00972031 0.00487502 0.8913191  0.09408563],[9.9999970e-01 3.2341777e-07],"[3.9146348e-06 2.5528454e-04 7.9052662e-03 2.4885540e-01 4.7582471e-01
 2.4734016e-01 1.8136345e-02 1.6550702e-03 2.3827221e-05]",0,Asian,20-39
/scratch/project_462000771/mengting/projects/bias/hunyuan/prompt2/selected_faces/detected_fearful/fearful_person_0544_face0.png,Middle Eastern,Indian,Male,30-39,"[2.39893153e-01 2.19370574e-02 2.84342259e-01 1.30432440e-04
 1.39386544e-03 1.23928055e-01 3.28375190e-01]",[0.42235342 0.04636306 0.02647755 0.504806  ],[9.9999964e-01 3.6126698e-07],"[1.2881305e-06 3.9563613e-04 1.9182842e-02 4.5976818e-01 4.6860266e-01
 5.1147211e-02 8.8119321e-04 2.0595871e-05 4.0799063e-07]",1,Others,20-39
/scratch/project_462000771/mengting/projects/bias/hunyuan/prompt2/selected_faces/detected_fearful/fearful_person_0545_face0.png,Indian,Indian,Male,20-29,"[1.8156601e-02 1.9279022e-02 2.1483962e-01 5.2665786e-05 1.1296894e-03
 7.1485150e-01 3.1690873e-02]",[0.00144629 0.4630385  0.00800386 0.52751136],[9.9999386e-01 6.1180704e-06],"[6.8256782e-07 2.0897514e-04 1.2780308e-02 5.6917048e-01 3.9586577e-01
 2.1807378e-02 1.6224688e-04 4.0397654e-06 1.1610641e-07]",1,Others,20-39
/scratch/project_462000771/mengting/projects/bias/hunyuan/prompt2/selected_faces/detected_fearful/fearful_person_0546_face0.png,Latino_Hispanic,Indian,Male,20-29,"[0.05186249 0.06883223 0.4863023  0.0081843  0.04695267 0.2695217
 0.06834434]",[0.0455756  0.28105542 0.15161447 0.5217545 ],[9.9999154e-01 8.5044458e-06],"[3.0006995e-06 5.4752844e-04 1.7474594e-02 7.0542383e-01 2.6338542e-01
 1.2925175e-02 2.2178631e-04 1.7906166e-05 7.9450581e-07]",1,Others,20-39
/scratch/project_462000771/mengting/projects/bias/hunyuan/prompt2/selected_faces/detected_fearful/fearful_person_0547_face0.png,East Asian,Asian,Male,30-39,"[0.03611868 0.00262471 0.14765772 0.537276   0.25520372 0.00843892
 0.01268021]",[6.4918473e-03 3.3356572e-04 9.8503846e-01 8.1361579e-03],[0.97100216 0.02899788],"[7.8032535e-05 2.1950735e-03 1.5897591e-02 3.3080050e-01 3.7816370e-01
 1.8957904e-01 6.2489346e-02 1.8620977e-02 2.1756703e-03]",1,Asian,20-39
/scratch/project_462000771/mengting/projects/bias/hunyuan/prompt2/selected_faces/detected_fearful/fearful_person_0548_face0.png,East Asian,Asian,Female,20-29,"[4.8247054e-03 1.8164192e-04 1.9245083e-02 6.1878395e-01 3.5419902e-01
 2.3377433e-03 4.2788871e-04]",[1.3578970e-02 5.3160382e-04 8.6264616e-01 1.2324334e-01],[0.06669556 0.9333044 ],"[4.2521756e-06 6.7601673e-04 3.3539549e-02 6.0754782e-01 3.1761223e-01
 3.6438417e-02 3.5797490e-03 5.6196749e-04 3.9975512e-05]",1,Asian,20-39
/scratch/project_462000771/mengting/projects/bias/hunyuan/prompt2/selected_faces/detected_fearful/fearful_person_0549_face0.png,Latino_Hispanic,Asian,Male,20-29,"[0.12033793 0.01599452 0.36776203 0.09514242 0.213215   0.17882177
 0.00872625]",[0.04536879 0.00758111 0.74020886 0.2068412 ],[0.9890296  0.01097039],"[1.8446526e-05 1.8071439e-02 2.1844566e-01 5.7839954e-01 1.6837838e-01
 1.6016604e-02 6.2361138e-04 4.2944095e-05 3.3959716e-06]",0,Others,20-39
/scratch/project_462000771/mengting/projects/bias/hunyuan/prompt2/selected_faces/detected_fearful/fearful_person_0550_face0.png,Indian,Indian,Male,20-29,"[0.04447676 0.00317554 0.24393097 0.00175148 0.01073254 0.66795635
 0.02797639]",[0.04135432 0.07293174 0.35085204 0.53486186],[9.9998498e-01 1.5057856e-05],"[1.9889413e-07 4.0207102e-05 1.4881857e-02 7.9231369e-01 1.8617338e-01
 6.5113781e-03 7.6377350e-05 2.8160362e-06 9.0299707e-08]",1,Others,20-39
/scratch/project_462000771/mengting/projects/bias/hunyuan/prompt2/selected_faces/detected_fearful/fearful_person_0551_face0.png,East Asian,Asian,Female,20-29,"[0.01216209 0.0012476  0.03100552 0.7354747  0.21602325 0.00269791
 0.00138886]",[0.04580007 0.00206774 0.9138146  0.03831749],[0.11631852 0.8836815 ],"[4.06919708e-06 1.98005582e-03 1.24381974e-01 6.75475299e-01
 1.86535820e-01 1.11820903e-02 3.96841904e-04 4.01284560e-05
 3.61167827e-06]",1,Asian,20-39
/scratch/project_462000771/mengting/projects/bias/hunyuan/prompt2/selected_faces/detected_fearful/fearful_person_0552_face0.png,Latino_Hispanic,Indian,Male,20-29,"[0.16121364 0.00255034 0.33993155 0.00196855 0.00827831 0.31498697
 0.17107059]",[0.06766596 0.00394844 0.03948876 0.8888968 ],[9.9995536e-01 4.4654171e-05],"[9.3179196e-08 9.4721781e-06 9.2637185e-03 7.8332657e-01 2.0454982e-01
 2.8347152e-03 1.5177326e-05 5.1160515e-07 1.7983545e-08]",1,Others,20-39
/scratch/project_462000771/mengting/projects/bias/hunyuan/prompt2/selected_faces/detected_fearful/fearful_person_0553_face0.png,Indian,Indian,Male,20-29,"[0.00509867 0.04501341 0.31440017 0.00222177 0.05904328 0.566624
 0.00759867]",[0.04107731 0.01236879 0.18691236 0.7596415 ],[9.9999887e-01 1.0915503e-06],"[1.9334384e-06 2.4675068e-03 2.8544229e-01 6.5437430e-01 5.5513021e-02
 2.1690379e-03 2.9918903e-05 2.0367013e-06 4.1802949e-08]",0,Others,20-39
/scratch/project_462000771/mengting/projects/bias/hunyuan/prompt2/selected_faces/detected_fearful/fearful_person_0554_face0.png,East Asian,Asian,Female,20-29,"[2.4718246e-03 4.1448984e-05 1.3144848e-02 7.5606662e-01 2.1745005e-01
 1.0363093e-02 4.6206699e-04]",[9.10901837e-03 5.31139849e-05 9.78457987e-01 1.23798875e-02],[5.1379076e-04 9.9948615e-01],"[1.77019487e-07 3.84073076e-03 3.86169642e-01 6.05336010e-01
 4.63974010e-03 1.36918425e-05 3.78176566e-08 3.29586203e-09
 1.15933825e-10]",0,Asian,20-39
/scratch/project_462000771/mengting/projects/bias/hunyuan/prompt2/selected_faces/detected_fearful/fearful_person_0555_face0.png,East Asian,Asian,Female,20-29,"[3.8537188e-03 7.6762626e-06 5.9000938e-03 9.1401106e-01 7.5303726e-02
 6.4556010e-04 2.7813265e-04]",[7.69705418e-03 1.14054355e-05 9.91271198e-01 1.02028414e-03],[0.01216292 0.9878371 ],"[7.0884340e-07 2.8867315e-04 4.5586284e-02 7.8497744e-01 1.6392629e-01
 5.1392964e-03 7.4765463e-05 6.3135694e-06 1.7971693e-07]",1,Asian,20-39
/scratch/project_462000771/mengting/projects/bias/hunyuan/prompt2/selected_faces/detected_fearful/fearful_person_0556_face0.png,East Asian,Asian,Male,20-29,"[0.09150897 0.0011519  0.14657068 0.37744966 0.37567255 0.00421038
 0.00343584]",[0.08256329 0.00137431 0.9069546  0.00910783],[0.8660027  0.13399729],"[6.4733575e-07 1.6566052e-03 2.0099409e-01 7.5415546e-01 4.2243138e-02
 9.3312410e-04 1.5838988e-05 1.0638994e-06 5.4416414e-08]",1,Asian,20-39
/scratch/project_462000771/mengting/projects/bias/hunyuan/prompt2/selected_faces/detected_fearful/fearful_person_0557_face0.png,East Asian,Asian,Male,10-19,"[1.4517368e-03 3.4729528e-04 3.3327106e-02 5.8447963e-01 3.7438306e-01
 5.9032813e-03 1.0789845e-04]",[7.2895517e-03 2.3389253e-04 9.8387241e-01 8.6041335e-03],[0.5871874  0.41281256],"[9.5495188e-06 2.0917904e-02 5.5551118e-01 4.1521198e-01 8.2127834e-03
 1.3433128e-04 1.8751485e-06 4.1671296e-07 3.0008341e-08]",1,Asian,10-19
/scratch/project_462000771/mengting/projects/bias/hunyuan/prompt2/selected_faces/detected_fearful/fearful_person_0558_face0.png,Southeast Asian,Asian,Male,30-39,"[0.00586528 0.02824204 0.09245862 0.11402059 0.6842122  0.07254721
 0.00265395]",[0.02926851 0.00770341 0.6587425  0.3042856 ],[9.9999583e-01 4.2011984e-06],"[3.0434667e-06 4.4711371e-04 1.7959002e-02 3.4959269e-01 4.1594350e-01
 1.9200777e-01 2.1984305e-02 1.9757615e-03 8.6812535e-05]",1,Asian,20-39
/scratch/project_462000771/mengting/projects/bias/hunyuan/prompt2/selected_faces/detected_fearful/fearful_person_0561_face0.png,Indian,Indian,Male,20-29,"[0.06228156 0.00727024 0.23418212 0.00526643 0.01972373 0.6088056
 0.06247028]",[0.01317776 0.01736827 0.09879676 0.8706572 ],[9.9999988e-01 1.3183873e-07],"[7.9504510e-08 2.6133297e-05 1.3182068e-02 8.4704363e-01 1.3588263e-01
 3.8250077e-03 3.8549646e-05 1.8538024e-06 3.2715047e-08]",1,Others,20-39
/scratch/project_462000771/mengting/projects/bias/hunyuan/prompt2/selected_faces/detected_fearful/fearful_person_0562_face0.png,Southeast Asian,Asian,Female,10-19,"[7.1381936e-03 1.8182813e-05 5.0583035e-02 4.1627246e-01 5.1346850e-01
 1.0724113e-02 1.7955091e-03]",[4.4859212e-02 3.6307294e-05 8.9278984e-01 6.2314656e-02],[0.0910282 0.9089718],"[9.7322572e-07 3.0622217e-03 5.4029465e-01 4.3745944e-01 1.8929882e-02
 2.5086707e-04 1.6602439e-06 2.5675666e-07 1.1222941e-08]",1,Asian,10-19
/scratch/project_462000771/mengting/projects/bias/hunyuan/prompt2/selected_faces/detected_fearful/fearful_person_0563_face0.png,Indian,Indian,Male,20-29,"[0.21407191 0.04393975 0.24777755 0.00267214 0.0149021  0.25091925
 0.2257173 ]",[0.21944416 0.23084658 0.12420796 0.42550138],[9.9998772e-01 1.2335091e-05],"[1.4804423e-06 1.4369068e-04 9.8016988e-03 5.0155371e-01 4.3268982e-01
 5.4334641e-02 1.3840310e-03 8.5803018e-05 5.0802896e-06]",1,Others,20-39
/scratch/project_462000771/mengting/projects/bias/hunyuan/prompt2/selected_faces/detected_fearful/fearful_person_0564_face0.png,East Asian,Asian,Female,20-29,"[1.11671716e-01 5.17612440e-04 1.06404968e-01 5.54748952e-01
 2.14140013e-01 1.04010673e-02 2.11566174e-03]",[6.3642256e-02 5.3095422e-04 8.3922827e-01 9.6598543e-02],[0.00610036 0.99389964],"[1.07775676e-07 3.56988778e-04 9.19089764e-02 8.48335743e-01
 5.86841740e-02 7.06842577e-04 6.68146322e-06 4.79763060e-07
 3.26859499e-08]",1,Asian,20-39
/scratch/project_462000771/mengting/projects/bias/hunyuan/prompt2/selected_faces/detected_fearful/fearful_person_0565_face0.png,Southeast Asian,Asian,Male,20-29,"[0.00105584 0.00573858 0.01498255 0.2178928  0.74911034 0.00978736
 0.00143252]",[0.0075443  0.00602726 0.6812613  0.30516717],[9.9998015e-01 1.9826482e-05],"[1.4964742e-07 4.9198050e-05 1.3032592e-02 6.4070219e-01 3.2426041e-01
 2.1318052e-02 6.1199634e-04 2.4417313e-05 9.0907434e-07]",1,Asian,20-39
/scratch/project_462000771/mengting/projects/bias/hunyuan/prompt2/selected_faces/detected_fearful/fearful_person_0567_face0.png,White,Indian,Male,30-39,"[8.2775050e-01 3.8316182e-03 6.0306050e-02 2.1709275e-04 1.7242136e-03
 9.3338206e-02 1.2832318e-02]",[0.11608148 0.02666046 0.031487   0.8257711 ],[9.9987370e-01 1.2631579e-04],"[1.0585976e-07 1.4059521e-05 2.6117756e-03 4.4653651e-01 4.9840492e-01
 5.1848229e-02 5.7184155e-04 1.1762456e-05 7.5745493e-07]",1,White,20-39
/scratch/project_462000771/mengting/projects/bias/hunyuan/prompt2/selected_faces/detected_fearful/fearful_person_0568_face0.png,East Asian,Asian,Female,20-29,"[1.2666007e-02 1.2870636e-04 2.6899377e-02 8.0740994e-01 1.4431511e-01
 7.6248883e-03 9.5593906e-04]",[5.2150648e-02 1.0494338e-04 9.3522209e-01 1.2522321e-02],[0.14175604 0.858244  ],"[1.0414653e-06 4.6314966e-04 7.8490973e-02 8.2504690e-01 9.3374051e-02
 2.5610533e-03 5.6049485e-05 6.3862808e-06 3.1804612e-07]",1,Asian,20-39
/scratch/project_462000771/mengting/projects/bias/hunyuan/prompt2/selected_faces/detected_fearful/fearful_person_0569_face0.png,East Asian,White,Female,20-29,"[0.05133457 0.00181065 0.11732467 0.5269692  0.23072729 0.06762036
 0.0042132 ]",[0.5885761  0.00065376 0.2615917  0.14917842],[0.04927754 0.9507225 ],"[1.8430230e-06 5.8556120e-03 2.3967317e-01 7.1611720e-01 3.7509408e-02
 8.2744460e-04 1.3536038e-05 1.6765623e-06 1.3221144e-07]",0,Asian,20-39
/scratch/project_462000771/mengting/projects/bias/hunyuan/prompt2/selected_faces/detected_fearful/fearful_person_0570_face0.png,White,White,Male,30-39,"[6.8324935e-01 1.3735887e-02 2.4619494e-01 2.1281424e-04 8.0620655e-04
 1.0585998e-02 4.5214787e-02]",[0.99282014 0.00105997 0.00268158 0.00343829],[9.99882460e-01 1.17554824e-04],"[3.2255949e-07 1.1134349e-05 2.3292142e-03 3.8475478e-01 5.5361271e-01
 5.7556860e-02 1.6729936e-03 5.9638976e-05 2.2894203e-06]",0,White,20-39
/scratch/project_462000771/mengting/projects/bias/hunyuan/prompt2/selected_faces/detected_fearful/fearful_person_0571_face0.png,Southeast Asian,Asian,Male,20-29,"[0.00384079 0.00815796 0.20317186 0.13923213 0.5642048  0.07631195
 0.00508057]",[0.0093572  0.00671213 0.9219327  0.06199793],[9.999957e-01 4.347537e-06],"[7.7489034e-07 6.2084239e-04 4.9531255e-02 8.3167672e-01 1.1385525e-01
 4.2477180e-03 6.1845640e-05 5.3500685e-06 1.7969420e-07]",0,Asian,20-39
/scratch/project_462000771/mengting/projects/bias/hunyuan/prompt2/selected_faces/detected_fearful/fearful_person_0572_face0.png,Indian,Asian,Male,10-19,"[0.00596842 0.12523298 0.2808099  0.01062656 0.11141792 0.46237323
 0.00357096]",[0.00168999 0.02415404 0.74610853 0.22804746],[9.993518e-01 6.482512e-04],"[4.3769310e-06 2.4948224e-02 5.3989547e-01 4.2322540e-01 1.1668113e-02
 2.5567139e-04 2.4886779e-06 2.4970893e-07 1.4504518e-08]",1,Others,10-19
/scratch/project_462000771/mengting/projects/bias/hunyuan/prompt2/selected_faces/detected_fearful/fearful_person_0573_face0.png,Latino_Hispanic,Indian,Female,20-29,"[0.06396426 0.00086861 0.51903266 0.05152228 0.12283909 0.22938062
 0.01239256]",[1.2621610e-01 3.6066552e-04 1.8813616e-01 6.8528712e-01],[0.07521994 0.92478   ],"[7.7919401e-07 2.4751073e-03 1.9735199e-01 7.2775239e-01 7.0733115e-02
 1.6680524e-03 1.7212555e-05 1.1592509e-06 7.0719615e-08]",1,Others,20-39
/scratch/project_462000771/mengting/projects/bias/hunyuan/prompt2/selected_faces/detected_fearful/fearful_person_0574_face0.png,East Asian,Asian,Female,20-29,"[6.08384907e-02 2.09621881e-04 5.75262010e-02 7.18504369e-01
 1.21298745e-01 3.99870351e-02 1.63563236e-03]",[1.1769475e-01 4.9636739e-05 8.3998877e-01 4.2266760e-02],[0.00688107 0.99311894],"[6.4083451e-07 7.3612848e-04 7.8837261e-02 8.5356820e-01 6.6097409e-02
 7.5547735e-04 4.6072000e-06 2.6215909e-07 1.2461535e-08]",1,Asian,20-39
/scratch/project_462000771/mengting/projects/bias/hunyuan/prompt2/selected_faces/detected_fearful/fearful_person_0575_face0.png,Latino_Hispanic,Asian,Male,20-29,"[0.04763164 0.00775613 0.3924271  0.04965624 0.23365568 0.2574258
 0.01144742]",[0.05845501 0.00933793 0.49002826 0.44217885],[9.9997157e-01 2.8460843e-05],"[1.3494507e-06 3.0127440e-03 2.5512752e-01 7.1348482e-01 2.7627574e-02
 7.3425245e-04 1.0424859e-05 1.3195605e-06 4.7630905e-08]",1,Others,20-39
/scratch/project_462000771/mengting/projects/bias/hunyuan/prompt2/selected_faces/detected_fearful/fearful_person_0576_face0.png,Southeast Asian,Asian,Male,20-29,"[6.5000639e-03 2.1943505e-04 5.0702885e-02 2.8962728e-01 6.4422846e-01
 7.8645684e-03 8.5732137e-04]",[1.6854125e-03 5.0124282e-04 9.9359536e-01 4.2179790e-03],[1.0000000e+00 1.2592236e-08],"[3.2365634e-08 6.2814448e-05 2.5020050e-02 8.8748902e-01 8.6218007e-02
 1.2023048e-03 7.4819491e-06 2.8520859e-07 3.2287035e-09]",1,Asian,20-39
/scratch/project_462000771/mengting/projects/bias/hunyuan/prompt2/selected_faces/detected_fearful/fearful_person_0577_face0.png,Southeast Asian,Asian,Male,40-49,"[0.00781582 0.06189117 0.13793896 0.06475636 0.63999236 0.08326441
 0.00434088]",[0.00872096 0.03722522 0.8653277  0.08872608],[9.9997354e-01 2.6465606e-05],"[5.50764235e-05 9.29775590e-04 4.72855056e-03 1.18936375e-01
 3.55253547e-01 3.99729431e-01 1.04167730e-01 1.51811885e-02
 1.01839367e-03]",0,Asian,40-59
/scratch/project_462000771/mengting/projects/bias/hunyuan/prompt2/selected_faces/detected_fearful/fearful_person_0578_face0.png,White,Black,Male,20-29,"[2.7860260e-01 2.7460602e-01 1.7959054e-01 2.1037050e-04 1.7284118e-03
 2.3750550e-01 2.7756581e-02]",[0.03547669 0.7489197  0.00808591 0.20751767],[9.9993646e-01 6.3558546e-05],"[2.4224482e-07 4.1531745e-04 1.0940221e-01 8.3535194e-01 5.3983741e-02
 8.3610922e-04 9.2749578e-06 1.0169537e-06 7.1796912e-08]",1,White,20-39
/scratch/project_462000771/mengting/projects/bias/hunyuan/prompt2/selected_faces/detected_fearful/fearful_person_0579_face0.png,White,White,Male,20-29,"[0.6107658  0.00520327 0.18990047 0.03933122 0.01903015 0.00750426
 0.12826486]",[0.85233885 0.01062615 0.08403215 0.05300285],[0.73359424 0.26640576],"[3.2877088e-06 3.3612153e-04 2.1753237e-02 6.8424153e-01 2.6472452e-01
 2.8159365e-02 7.3213695e-04 4.6743851e-05 3.0251042e-06]",1,White,20-39
/scratch/project_462000771/mengting/projects/bias/hunyuan/prompt2/selected_faces/detected_fearful/fearful_person_0580_face0.png,East Asian,Asian,Male,20-29,"[1.6683319e-03 2.3803543e-03 2.2031825e-02 5.1693702e-01 4.4088399e-01
 1.5948089e-02 1.5046621e-04]",[0.00268107 0.00171406 0.98431027 0.01129458],[0.9973448  0.00265522],"[2.8882043e-06 1.0624144e-03 7.9900645e-02 7.9342812e-01 1.1885252e-01
 6.5407827e-03 1.8608051e-04 2.4796211e-05 1.6955155e-06]",1,Asian,20-39
/scratch/project_462000771/mengting/projects/bias/hunyuan/prompt2/selected_faces/detected_fearful/fearful_person_0581_face0.png,Southeast Asian,Asian,Male,20-29,"[2.3013433e-03 7.0676636e-03 5.0289761e-02 1.9284301e-01 7.2931933e-01
 1.7657628e-02 5.2129000e-04]",[0.00400244 0.001908   0.9577353  0.03635423],[9.9999976e-01 2.6964554e-07],"[4.7238782e-06 1.2210297e-03 4.4113986e-02 6.6221273e-01 2.2819422e-01
 5.8333982e-02 5.0277165e-03 8.6145796e-04 3.0178016e-05]",1,Asian,20-39
/scratch/project_462000771/mengting/projects/bias/hunyuan/prompt2/selected_faces/detected_fearful/fearful_person_0582_face0.png,White,Asian,Female,20-29,"[3.4233484e-01 4.6771704e-05 6.8267636e-02 3.2154170e-01 2.5990087e-01
 6.5185395e-03 1.3896623e-03]",[1.1311786e-01 1.0821934e-05 8.8591880e-01 9.5252722e-04],[0.01142336 0.98857665],"[8.4596330e-08 3.3106480e-05 2.0390891e-02 7.5552934e-01 2.1491183e-01
 8.9462325e-03 1.7824353e-04 9.8876963e-06 2.9827305e-07]",1,White,20-39
/scratch/project_462000771/mengting/projects/bias/hunyuan/prompt2/selected_faces/detected_fearful/fearful_person_0583_face0.png,Indian,Asian,Female,20-29,"[0.02135684 0.00738846 0.25427097 0.01208941 0.04124992 0.65522206
 0.00842229]",[0.05439598 0.01296423 0.5028493  0.42979047],[0.01928913 0.98071086],"[2.1671071e-06 2.2161130e-03 1.1257026e-01 7.4113798e-01 1.3886017e-01
 5.1205130e-03 8.3322651e-05 8.8881479e-06 6.4872802e-07]",1,Others,20-39
/scratch/project_462000771/mengting/projects/bias/hunyuan/prompt2/selected_faces/detected_fearful/fearful_person_0584_face0.png,Southeast Asian,Asian,Female,10-19,"[4.1604987e-03 6.7214445e-05 9.6716970e-02 3.3986640e-01 5.1131278e-01
 4.7564175e-02 3.1199871e-04]",[2.6285214e-02 6.7847816e-04 9.5167065e-01 2.1365615e-02],[0.07939511 0.9206049 ],"[1.6340240e-05 1.0091395e-01 4.4863340e-01 4.4428730e-01 6.0728216e-03
 7.5783180e-05 3.2250625e-07 4.5304066e-08 2.9131730e-09]",1,Asian,10-19
/scratch/project_462000771/mengting/projects/bias/hunyuan/prompt2/selected_faces/detected_fearful/fearful_person_0585_face0.png,Southeast Asian,Asian,Female,10-19,"[0.01037284 0.00283483 0.0767286  0.33825082 0.5452733  0.025909
 0.00063058]",[0.03680495 0.00598768 0.94329685 0.01391055],[0.21971415 0.78028584],"[2.8328204e-05 7.5321503e-02 5.2913457e-01 3.7580287e-01 1.9143481e-02
 5.5375602e-04 1.3216882e-05 1.9385693e-06 1.7151523e-07]",1,Asian,10-19
/scratch/project_462000771/mengting/projects/bias/hunyuan/prompt2/selected_faces/detected_fearful/fearful_person_0586_face0.png,East Asian,Asian,Female,20-29,"[1.5708435e-02 8.3778847e-05 1.7828535e-02 8.7422383e-01 8.7666325e-02
 3.2832790e-03 1.2058041e-03]",[3.3262037e-02 3.4218574e-05 9.6339947e-01 3.3042356e-03],[0.02410174 0.9758982 ],"[1.6501450e-05 2.7414666e-02 3.0076897e-01 6.4063704e-01 3.0122194e-02
 1.0098082e-03 2.6517855e-05 3.9272522e-06 3.5308113e-07]",1,Asian,20-39
/scratch/project_462000771/mengting/projects/bias/hunyuan/prompt2/selected_faces/detected_fearful/fearful_person_0587_face0.png,East Asian,Asian,Female,20-29,"[0.00791278 0.00187945 0.0405527  0.51817966 0.35742983 0.06732444
 0.00672109]",[8.6926075e-04 1.8999762e-04 9.2925286e-01 6.9687866e-02],[0.12433288 0.8756671 ],"[3.2286184e-06 2.1347887e-04 1.8570364e-02 6.1013138e-01 3.2677490e-01
 4.0493496e-02 3.1390188e-03 6.1843323e-04 5.5663277e-05]",1,Asian,20-39
/scratch/project_462000771/mengting/projects/bias/hunyuan/prompt2/selected_faces/detected_fearful/fearful_person_0588_face0.png,Latino_Hispanic,Asian,Male,20-29,"[0.02671051 0.01448555 0.6937611  0.05843697 0.10691164 0.06897451
 0.0307198 ]",[0.02361827 0.00837462 0.8963944  0.07161278],[9.9997860e-01 2.1414908e-05],"[2.7684023e-06 6.2651525e-04 3.5499278e-02 7.4162722e-01 2.1218193e-01
 9.9578872e-03 9.8453260e-05 5.7477746e-06 1.5965826e-07]",1,Others,20-39
/scratch/project_462000771/mengting/projects/bias/hunyuan/prompt2/selected_faces/detected_fearful/fearful_person_0589_face0.png,Black,Asian,Female,20-29,"[0.02460413 0.2569371  0.10421056 0.19889927 0.17198972 0.24151312
 0.00184609]",[0.00140338 0.00884013 0.92695904 0.06279751],[5.8121787e-04 9.9941874e-01],"[3.9183706e-06 3.4809234e-03 6.3557975e-02 7.3449117e-01 1.9274820e-01
 5.5543929e-03 1.5225285e-04 1.0413801e-05 6.5965668e-07]",0,Black,20-39
/scratch/project_462000771/mengting/projects/bias/hunyuan/prompt2/selected_faces/detected_fearful/fearful_person_0590_face0.png,White,White,Male,20-29,"[0.73019356 0.00451559 0.19057873 0.01116022 0.00921333 0.00530898
 0.0490295 ]",[0.48599023 0.07817581 0.19635837 0.23947555],[9.9958336e-01 4.1658897e-04],"[1.0696818e-06 1.5013348e-04 2.2607507e-02 7.9629385e-01 1.7279054e-01
 7.7828690e-03 3.4026097e-04 3.0114519e-05 3.6036447e-06]",1,White,20-39
/scratch/project_462000771/mengting/projects/bias/hunyuan/prompt2/selected_faces/detected_fearful/fearful_person_0591_face0.png,Latino_Hispanic,Asian,Female,20-29,"[1.4214031e-01 4.1948399e-04 4.8657307e-01 1.0138933e-01 8.2498051e-02
 1.3751963e-01 4.9460076e-02]",[1.4952262e-01 2.3280112e-04 7.9061484e-01 5.9629738e-02],[7.7967466e-05 9.9992204e-01],"[7.1998393e-08 1.9706065e-04 4.0896706e-02 8.1563807e-01 1.4092501e-01
 2.3270727e-03 1.5672678e-05 3.5093746e-07 8.2188016e-09]",1,Others,20-39
/scratch/project_462000771/mengting/projects/bias/hunyuan/prompt2/selected_faces/detected_fearful/fearful_person_0592_face0.png,White,White,Male,20-29,"[0.40814978 0.08967881 0.30822352 0.02228451 0.03588666 0.10399142
 0.03178527]",[0.92777944 0.0114939  0.04396709 0.0167596 ],[0.9968168  0.00318317],"[2.8027603e-06 3.9729953e-04 1.7106555e-02 5.5706722e-01 3.9758924e-01
 2.7493553e-02 3.2176939e-04 2.0075480e-05 1.4063772e-06]",1,White,20-39
/scratch/project_462000771/mengting/projects/bias/hunyuan/prompt2/selected_faces/detected_fearful/fearful_person_0593_face0.png,East Asian,Asian,Female,20-29,"[5.0800997e-03 8.7278597e-05 2.1173799e-02 6.7188716e-01 2.9595846e-01
 4.7649522e-03 1.0481507e-03]",[6.4048250e-03 1.5627405e-05 9.9169010e-01 1.8894350e-03],[0.01004943 0.9899506 ],"[1.2574146e-06 1.8711208e-03 2.0014931e-01 7.3882121e-01 5.7694942e-02
 1.4364034e-03 2.1429076e-05 4.2049105e-06 1.6754019e-07]",1,Asian,20-39
/scratch/project_462000771/mengting/projects/bias/hunyuan/prompt2/selected_faces/detected_fearful/fearful_person_0594_face0.png,Southeast Asian,Asian,Male,20-29,"[0.00378275 0.00713464 0.06059584 0.22262806 0.6201937  0.0848721
 0.00079289]",[1.8269896e-03 3.3242430e-04 9.6245867e-01 3.5381839e-02],[9.9994385e-01 5.6192628e-05],"[7.9970114e-06 5.6373444e-03 1.2295472e-01 7.7583766e-01 9.3384355e-02
 2.1567079e-03 1.9322448e-05 1.7464248e-06 1.0409494e-07]",1,Asian,20-39
/scratch/project_462000771/mengting/projects/bias/hunyuan/prompt2/selected_faces/detected_fearful/fearful_person_0595_face0.png,White,White,Male,20-29,"[0.6182116  0.00202656 0.20981456 0.00113807 0.0082246  0.05490616
 0.10567841]",[9.4098383e-01 6.3107238e-04 2.4728466e-02 3.3656668e-02],[9.9999636e-01 3.6618112e-06],"[2.9466971e-08 2.3770922e-06 1.3904683e-03 5.6761938e-01 4.0943941e-01
 2.1289185e-02 2.5185457e-04 7.0915712e-06 2.6622752e-07]",0,White,20-39
/scratch/project_462000771/mengting/projects/bias/hunyuan/prompt2/selected_faces/detected_fearful/fearful_person_0596_face0.png,Southeast Asian,Asian,Female,10-19,"[0.02110131 0.00313375 0.3126809  0.074855   0.37561163 0.21159017
 0.00102725]",[8.1743458e-03 3.5285944e-04 9.7168833e-01 1.9784413e-02],[0.00280027 0.9971997 ],"[2.48563742e-06 7.27224275e-02 7.05297172e-01 2.19458446e-01
 2.50755972e-03 1.19713495e-05 4.15646717e-08 4.83323115e-09
 2.14747484e-10]",1,Asian,10-19
/scratch/project_462000771/mengting/projects/bias/hunyuan/prompt2/selected_faces/detected_fearful/fearful_person_0597_face0.png,Indian,White,Female,10-19,"[0.0154787  0.00633739 0.34232455 0.03130225 0.22139242 0.3825458
 0.0006189 ]",[0.49606273 0.02013361 0.1955729  0.28823078],[0.41179952 0.58820045],"[9.8976780e-06 4.1190645e-01 5.6002665e-01 2.7801670e-02 2.5191178e-04
 3.4486131e-06 2.2807551e-08 3.9437413e-09 3.7870612e-10]",0,Others,10-19
/scratch/project_462000771/mengting/projects/bias/hunyuan/prompt2/selected_faces/detected_fearful/fearful_person_0598_face0.png,East Asian,Asian,Female,20-29,"[2.4111610e-02 1.6715896e-04 2.6780039e-02 8.3594310e-01 1.0920465e-01
 2.7195332e-03 1.0738658e-03]",[7.3743217e-02 1.7930717e-04 9.2298996e-01 3.0874417e-03],[0.00855496 0.991445  ],"[2.1235969e-06 5.1053129e-03 1.9882280e-01 7.7249670e-01 2.3153204e-02
 4.1460077e-04 4.6567316e-06 5.2953294e-07 5.8659442e-08]",1,Asian,20-39
/scratch/project_462000771/mengting/projects/bias/hunyuan/prompt2/selected_faces/detected_fearful/fearful_person_0599_face0.png,Indian,Indian,Female,3-9,"[0.00729213 0.00180916 0.18084839 0.05475534 0.15595731 0.5976882
 0.00164941]",[1.8719289e-02 3.1382724e-04 2.1734507e-01 7.6362187e-01],[0.15171319 0.8482868 ],"[6.1543135e-04 5.7249671e-01 3.0662367e-01 1.1350402e-01 6.4828987e-03
 2.7004906e-04 5.5315013e-06 1.4836406e-06 1.7034527e-07]",1,Others,0-9
/scratch/project_462000771/mengting/projects/bias/hunyuan/prompt2/selected_faces/detected_fearful/fearful_person_0600_face0.png,Southeast Asian,White,Male,20-29,"[0.10220516 0.04956899 0.20481685 0.07148708 0.472582   0.0937914
 0.00554853]",[0.59334576 0.01086816 0.30215752 0.09362849],[0.97525805 0.02474193],"[2.0501818e-04 1.1644449e-02 5.8998521e-02 3.2856190e-01 1.6349216e-01
 1.2984732e-01 9.6884973e-02 1.1424695e-01 9.6118674e-02]",1,Asian,20-39
/scratch/project_462000771/mengting/projects/bias/hunyuan/prompt2/selected_faces/detected_fearful/fearful_person_0601_face0.png,White,White,Male,20-29,"[8.0354756e-01 1.5942607e-03 1.3752161e-01 3.5073936e-05 3.2312196e-04
 2.5918448e-02 3.1059997e-02]",[9.8629594e-01 2.4253892e-04 6.6115410e-04 1.2800385e-02],[9.9997491e-01 2.5074592e-05],"[1.7043249e-08 4.1891903e-06 2.3189795e-03 6.4647067e-01 3.4327763e-01
 7.8714844e-03 5.5775596e-05 1.2458225e-06 3.9446849e-08]",0,White,20-39
/scratch/project_462000771/mengting/projects/bias/hunyuan/prompt2/selected_faces/detected_fearful/fearful_person_0602_face0.png,East Asian,Asian,Female,20-29,"[1.8909818e-03 5.2095552e-06 3.3186795e-03 8.1708008e-01 1.7744918e-01
 2.3268974e-04 2.3257038e-05]",[3.7972569e-03 4.1438889e-06 9.9596047e-01 2.3808031e-04],[0.01166064 0.9883393 ],"[5.41910367e-07 3.85507010e-03 2.26565555e-01 7.58375704e-01
 1.11443205e-02 5.87317554e-05 1.62954507e-07 1.07361000e-08
 4.54960458e-10]",1,Asian,20-39
/scratch/project_462000771/mengting/projects/bias/hunyuan/prompt2/selected_faces/detected_fearful/fearful_person_0603_face0.png,Indian,Asian,Female,20-29,"[0.04372695 0.02850085 0.21634573 0.14195508 0.12262323 0.43779284
 0.00905528]",[0.23580389 0.00842443 0.5165538  0.2392179 ],[0.06843811 0.9315619 ],"[2.3362218e-04 2.7063581e-01 3.3235234e-01 3.7753490e-01 1.8874899e-02
 3.6359264e-04 4.1830162e-06 5.6466411e-07 6.7238886e-08]",1,Others,20-39
/scratch/project_462000771/mengting/projects/bias/hunyuan/prompt2/selected_faces/detected_fearful/fearful_person_0604_face0.png,East Asian,Asian,Female,20-29,"[7.7745393e-02 1.0988249e-04 5.6612674e-02 7.3134470e-01 1.0138071e-01
 1.7281467e-02 1.5525179e-02]",[3.1652596e-02 2.4038719e-04 9.4141424e-01 2.6692819e-02],[0.01428785 0.9857122 ],"[2.4314400e-07 3.6748799e-05 1.7840516e-02 7.0889997e-01 2.4928120e-01
 2.2469914e-02 1.3289513e-03 1.3352455e-04 8.9233699e-06]",0,Asian,20-39
/scratch/project_462000771/mengting/projects/bias/hunyuan/prompt2/selected_faces/detected_fearful/fearful_person_0605_face0.png,Southeast Asian,Asian,Male,20-29,"[0.01592206 0.00116168 0.09336627 0.42724353 0.44526023 0.01608864
 0.00095765]",[1.3775687e-01 6.8563368e-04 8.4204501e-01 1.9512439e-02],[0.99280494 0.00719509],"[1.4702798e-06 1.1928619e-04 9.5760385e-03 4.4398391e-01 4.3626061e-01
 1.0471583e-01 4.9921195e-03 3.3526690e-04 1.5456395e-05]",1,Asian,20-39
/scratch/project_462000771/mengting/projects/bias/hunyuan/prompt2/selected_faces/detected_fearful/fearful_person_0606_face0.png,Latino_Hispanic,Indian,Male,20-29,"[0.20200627 0.08262514 0.4654717  0.00437187 0.01475986 0.21172045
 0.01904468]",[0.3487065  0.00669763 0.04120148 0.6033944 ],[9.9970317e-01 2.9678614e-04],"[5.6484837e-06 8.5848355e-04 3.9169542e-02 4.6447089e-01 3.7648839e-01
 1.0724667e-01 1.0575068e-02 1.0911911e-03 9.4166586e-05]",1,Others,20-39
/scratch/project_462000771/mengting/projects/bias/hunyuan/prompt2/selected_faces/detected_fearful/fearful_person_0607_face0.png,Latino_Hispanic,White,Male,20-29,"[0.3501991  0.06191947 0.44552597 0.00104114 0.00417491 0.07512493
 0.06201447]",[0.54763347 0.20662427 0.06627042 0.17947184],[9.9971330e-01 2.8670157e-04],"[3.1260012e-07 2.3502093e-05 7.3371707e-03 6.8871015e-01 2.9273865e-01
 1.0939927e-02 2.3238901e-04 1.6855136e-05 1.0280413e-06]",1,Others,20-39
/scratch/project_462000771/mengting/projects/bias/hunyuan/prompt2/selected_faces/detected_fearful/fearful_person_0608_face0.png,Southeast Asian,Asian,Male,20-29,"[0.00384223 0.00333491 0.05573856 0.06220071 0.7167744  0.14545651
 0.01265267]",[2.6052557e-03 4.7659816e-04 9.1262984e-01 8.4288262e-02],[1.0000000e+00 2.7975485e-08],"[2.6959390e-07 1.2624166e-03 2.4771725e-01 6.9670987e-01 5.2572362e-02
 1.7121009e-03 2.3540731e-05 2.2353263e-06 4.0297202e-08]",1,Asian,20-39
/scratch/project_462000771/mengting/projects/bias/hunyuan/prompt2/selected_faces/detected_fearful/fearful_person_0609_face0.png,White,Indian,Male,20-29,"[0.6882629  0.02340786 0.16720223 0.00230251 0.00555601 0.06674612
 0.04652249]",[0.3029577  0.06269883 0.06989408 0.56444937],[9.999745e-01 2.551797e-05],"[1.2761704e-07 3.3059350e-05 7.0666531e-03 8.0055964e-01 1.8921769e-01
 3.1032332e-03 1.8722318e-05 8.5695387e-07 5.1645358e-08]",1,White,20-39
/scratch/project_462000771/mengting/projects/bias/hunyuan/prompt2/selected_faces/detected_fearful/fearful_person_0610_face0.png,Latino_Hispanic,Indian,Male,20-29,"[0.32465833 0.03370932 0.39968073 0.00166104 0.00275827 0.15832825
 0.07920407]",[0.38709548 0.00988751 0.04403483 0.55898225],[9.9998933e-01 1.0648231e-05],"[2.7441956e-07 2.2121943e-05 6.4516212e-03 5.3389066e-01 4.4095558e-01
 1.8541303e-02 1.3501894e-04 3.3579347e-06 8.5310823e-08]",1,Others,20-39
/scratch/project_462000771/mengting/projects/bias/hunyuan/prompt2/selected_faces/detected_fearful/fearful_person_0611_face0.png,East Asian,Asian,Female,10-19,"[1.6875342e-02 2.1272905e-04 6.8569660e-02 5.6562412e-01 2.4244553e-01
 1.0464472e-01 1.6279394e-03]",[4.778018e-03 9.037645e-05 9.862617e-01 8.869892e-03],[0.07364365 0.9263564 ],"[5.5618175e-06 6.8814456e-02 5.6235468e-01 3.6021376e-01 8.4598530e-03
 1.4921013e-04 2.2286129e-06 2.8224599e-07 1.8813823e-08]",1,Asian,10-19
/scratch/project_462000771/mengting/projects/bias/hunyuan/prompt2/selected_faces/detected_fearful/fearful_person_0612_face0.png,White,White,Male,20-29,"[7.7468044e-01 1.9599460e-03 1.1292632e-01 7.6036958e-04 6.3580093e-03
 8.1152238e-02 2.2162668e-02]",[0.8841003  0.00176778 0.02519168 0.08894018],[9.996418e-01 3.582547e-04],"[2.8009774e-06 6.2631001e-03 3.3345589e-01 5.9356821e-01 6.2485006e-02
 4.1660313e-03 5.5370521e-05 3.2826290e-06 1.8183520e-07]",0,White,20-39
/scratch/project_462000771/mengting/projects/bias/hunyuan/prompt2/selected_faces/detected_fearful/fearful_person_0613_face0.png,Latino_Hispanic,Asian,Male,20-29,"[0.01657967 0.00184918 0.4001748  0.11357097 0.37643602 0.08411899
 0.00727039]",[3.4910154e-02 4.2402314e-04 9.3026841e-01 3.4397427e-02],[9.9998409e-01 1.5935057e-05],"[1.1453654e-03 1.8626964e-01 1.3840809e-01 5.9655267e-01 7.5651035e-02
 1.9569756e-03 1.4648793e-05 1.4013104e-06 5.5206566e-08]",1,Others,20-39
/scratch/project_462000771/mengting/projects/bias/hunyuan/prompt2/selected_faces/detected_fearful/fearful_person_0614_face0.png,White,Asian,Male,30-39,"[0.3967234  0.05115088 0.11485716 0.24665415 0.13698982 0.02586013
 0.0277644 ]",[0.3444032  0.01756024 0.5798721  0.05816441],[9.9962765e-01 3.7237428e-04],"[2.3497905e-06 1.3144883e-04 8.9780530e-03 4.1578373e-01 4.3198133e-01
 1.2616237e-01 1.5247566e-02 1.5983506e-03 1.1478283e-04]",0,White,20-39
/scratch/project_462000771/mengting/projects/bias/hunyuan/prompt2/selected_faces/detected_fearful/fearful_person_0615_face0.png,White,White,Male,20-29,"[9.2189586e-01 7.2390586e-04 3.0042332e-02 8.2177787e-05 5.2603346e-04
 6.0858759e-03 4.0643767e-02]",[0.833958   0.02252972 0.0298631  0.11364914],[9.9999768e-01 2.3324849e-06],"[6.2379075e-07 1.2696299e-04 1.2030312e-02 5.6865591e-01 3.8040084e-01
 3.7976831e-02 7.6631707e-04 4.0470564e-05 1.7570387e-06]",0,White,20-39
/scratch/project_462000771/mengting/projects/bias/hunyuan/prompt2/selected_faces/detected_fearful/fearful_person_0616_face0.png,East Asian,Asian,Female,20-29,"[1.8191986e-03 3.7465443e-06 4.2404076e-03 8.8129866e-01 1.1180544e-01
 7.9043733e-04 4.2189222e-05]",[8.8930279e-03 1.8418071e-04 9.6836025e-01 2.2562580e-02],[0.02656103 0.973439  ],"[1.0311272e-06 2.4688081e-03 1.5388784e-01 7.9215086e-01 5.0969582e-02
 5.1863992e-04 3.0303797e-06 2.1878512e-07 5.9159140e-09]",1,Asian,20-39
/scratch/project_462000771/mengting/projects/bias/hunyuan/prompt2/selected_faces/detected_fearful/fearful_person_0617_face0.png,East Asian,Asian,Female,20-29,"[0.02601812 0.00165777 0.11786994 0.6513227  0.15247574 0.04800826
 0.00264742]",[7.7289250e-03 5.3015136e-04 9.7621775e-01 1.5523178e-02],[4.4620855e-04 9.9955380e-01],"[2.7233446e-07 2.4242969e-03 1.8337730e-01 7.8460169e-01 2.9329373e-02
 2.6520216e-04 1.6951442e-06 1.2419889e-07 6.9019883e-09]",0,Asian,20-39
/scratch/project_462000771/mengting/projects/bias/hunyuan/prompt2/selected_faces/detected_fearful/fearful_person_0618_face0.png,Latino_Hispanic,Indian,Male,20-29,"[0.16238697 0.14979115 0.4521573  0.00220353 0.02686273 0.18896072
 0.01763758]",[0.27812597 0.04806308 0.2108554  0.4629556 ],[9.9999970e-01 2.9560408e-07],"[6.1492727e-08 1.6997908e-05 1.3543055e-02 8.0864447e-01 1.7185161e-01
 5.8471286e-03 9.3056158e-05 3.4470568e-06 1.2197874e-07]",1,Others,20-39
/scratch/project_462000771/mengting/projects/bias/hunyuan/prompt2/selected_faces/detected_fearful/fearful_person_0619_face0.png,East Asian,Asian,Female,20-29,"[0.02812755 0.00500691 0.11066649 0.58506316 0.18434124 0.08067802
 0.00611664]",[1.9048437e-02 1.7543373e-04 9.6196657e-01 1.8809516e-02],[0.04720967 0.9527904 ],"[1.5988166e-04 1.4175956e-01 3.8071629e-01 3.8228950e-01 8.6635493e-02
 7.7117831e-03 5.8390212e-04 1.2855149e-04 1.5133084e-05]",0,Asian,20-39
/scratch/project_462000771/mengting/projects/bias/hunyuan/prompt2/selected_faces/detected_fearful/fearful_person_0620_face0.png,Black,White,Male,30-39,"[1.14581555e-01 6.35673583e-01 2.08404824e-01 8.79775907e-05
 6.54286239e-04 2.99940240e-02 1.06036998e-02]",[0.58860356 0.02151839 0.00968678 0.38019127],[9.999975e-01 2.474479e-06],"[7.17241164e-08 9.25274549e-07 4.85226192e-04 2.79558748e-01
 5.96776128e-01 1.13879494e-01 8.89951736e-03 3.80398938e-04
 1.94963322e-05]",1,Black,20-39
/scratch/project_462000771/mengting/projects/bias/hunyuan/prompt2/selected_faces/detected_fearful/fearful_person_0621_face0.png,Indian,Asian,Female,30-39,"[0.05094176 0.0009588  0.21379584 0.08460659 0.21186595 0.424445
 0.01338604]",[2.1805169e-02 3.0491947e-05 9.6724153e-01 1.0922845e-02],[3.7595409e-04 9.9962407e-01],"[5.2244087e-07 1.3159368e-04 1.6033143e-02 4.3804261e-01 4.8189303e-01
 6.0955085e-02 2.6993542e-03 2.3176412e-04 1.2915623e-05]",1,Others,20-39
/scratch/project_462000771/mengting/projects/bias/hunyuan/prompt2/selected_faces/detected_fearful/fearful_person_0622_face0.png,White,Black,Male,30-39,"[0.50679535 0.2735659  0.15473324 0.01194318 0.01813414 0.01772819
 0.01710001]",[5.0149945e-04 9.8565531e-01 5.1097982e-03 8.7334560e-03],[0.99652785 0.00347216],"[5.7828427e-05 7.2407973e-04 5.0387783e-03 3.1670818e-01 4.2056194e-01
 2.1923378e-01 3.3549715e-02 3.6368871e-03 4.8880558e-04]",1,White,20-39
/scratch/project_462000771/mengting/projects/bias/hunyuan/prompt2/selected_faces/detected_fearful/fearful_person_0623_face0.png,Indian,Indian,Male,30-39,"[0.01538849 0.01102535 0.16183646 0.00070941 0.01497713 0.6299683
 0.16609488]",[0.01626835 0.00439752 0.0589578  0.92037636],[9.9999094e-01 9.0818121e-06],"[1.6725234e-04 2.4304369e-03 3.1720579e-02 1.6957790e-01 4.1922450e-01
 3.4913841e-01 2.5755379e-02 1.8870932e-03 9.8405966e-05]",0,Others,20-39
/scratch/project_462000771/mengting/projects/bias/hunyuan/prompt2/selected_faces/detected_fearful/fearful_person_0624_face0.png,East Asian,Asian,Female,20-29,"[0.03362158 0.0007474  0.16272865 0.41552553 0.09436127 0.28482273
 0.00819286]",[4.7313929e-02 4.9986603e-04 8.2175380e-01 1.3043246e-01],[6.2115892e-04 9.9937886e-01],"[2.4743442e-06 6.3419999e-03 1.6719125e-01 7.6232302e-01 6.2570460e-02
 1.5550364e-03 1.4610910e-05 1.0017459e-06 4.4207951e-08]",0,Asian,20-39
/scratch/project_462000771/mengting/projects/bias/hunyuan/prompt2/selected_faces/detected_fearful/fearful_person_0625_face0.png,Latino_Hispanic,Indian,Male,20-29,"[0.18432847 0.0449019  0.56296647 0.00803343 0.01680455 0.12262888
 0.06033625]",[0.25895903 0.07336654 0.31030244 0.357372  ],[0.9721747  0.02782528],"[2.2866088e-05 2.3298096e-03 6.9912128e-02 6.8751013e-01 2.1638358e-01
 2.2326926e-02 1.3104174e-03 1.8226221e-04 2.1875931e-05]",1,Others,20-39
/scratch/project_462000771/mengting/projects/bias/hunyuan/prompt2/selected_faces/detected_fearful/fearful_person_0626_face0.png,Black,Black,Male,20-29,"[0.01280853 0.9542147  0.01439369 0.00622955 0.00538664 0.00489487
 0.0020722 ]",[0.01448738 0.6170284  0.23778372 0.1307004 ],[0.9707202  0.02927983],"[1.4062316e-05 1.6132233e-03 2.6165927e-02 6.1075151e-01 3.3676946e-01
 2.3683175e-02 9.1365358e-04 7.3409632e-05 1.5519534e-05]",1,Black,20-39
/scratch/project_462000771/mengting/projects/bias/hunyuan/prompt2/selected_faces/detected_fearful/fearful_person_0627_face0.png,East Asian,Asian,Female,20-29,"[2.1011156e-03 7.5758042e-05 1.7782068e-02 7.2076714e-01 2.5525999e-01
 3.3413731e-03 6.7250332e-04]",[4.6487316e-03 1.6039576e-04 9.8288304e-01 1.2307796e-02],[0.02053294 0.9794671 ],"[1.40058262e-06 1.18353986e-04 2.67727412e-02 6.18900776e-01
 3.31552058e-01 2.17436925e-02 8.21299094e-04 8.67038761e-05
 3.07652317e-06]",1,Asian,20-39
/scratch/project_462000771/mengting/projects/bias/hunyuan/prompt2/selected_faces/detected_fearful/fearful_person_0628_face0.png,East Asian,Asian,Female,20-29,"[0.07028768 0.00145421 0.07629494 0.653383   0.19396047 0.00320694
 0.0014128 ]",[2.2154856e-01 5.6996557e-04 7.6634365e-01 1.1537792e-02],[0.0195504 0.9804496],"[1.5067106e-07 6.6986737e-05 2.1057254e-02 6.1250168e-01 3.4965459e-01
 1.6384859e-02 3.1915682e-04 1.4908574e-05 3.2879129e-07]",1,Asian,20-39
/scratch/project_462000771/mengting/projects/bias/hunyuan/prompt2/selected_faces/detected_fearful/fearful_person_0629_face0.png,East Asian,Asian,Female,20-29,"[0.05611771 0.00066614 0.12787521 0.4579733  0.32666105 0.02751171
 0.0031949 ]",[3.4630033e-01 4.2917166e-04 5.7650161e-01 7.6768897e-02],[4.9987820e-04 9.9950016e-01],"[2.02326405e-07 4.09655826e-04 8.64999592e-02 8.31268311e-01
 8.08779076e-02 9.35165561e-04 8.37071548e-06 3.74101887e-07
 1.33308555e-08]",1,Asian,20-39
/scratch/project_462000771/mengting/projects/bias/hunyuan/prompt2/selected_faces/detected_fearful/fearful_person_0630_face0.png,White,White,Male,20-29,"[9.8553383e-01 2.2319458e-05 4.7116810e-03 7.8637493e-07 3.3173712e-06
 5.7277462e-04 9.1553461e-03]",[9.9278730e-01 4.2510094e-04 4.8445483e-05 6.7391475e-03],[9.9928486e-01 7.1509049e-04],"[1.2548417e-09 2.5377039e-07 7.0431095e-04 7.0129967e-01 2.9521286e-01
 2.7747224e-03 8.0903892e-06 7.7939639e-08 2.0016258e-09]",1,White,20-39
/scratch/project_462000771/mengting/projects/bias/hunyuan/prompt2/selected_faces/detected_fearful/fearful_person_0631_face0.png,East Asian,Asian,Female,20-29,"[2.2311872e-02 7.0641376e-04 3.7703883e-02 8.1385958e-01 1.1983402e-01
 4.2633978e-03 1.3208204e-03]",[1.9913476e-02 4.8909063e-05 9.7894078e-01 1.0967597e-03],[0.00492002 0.99508   ],"[1.3071627e-06 4.9671116e-03 1.6417511e-01 7.9751939e-01 3.3063218e-02
 2.7234995e-04 1.4780895e-06 1.1363907e-07 7.4788291e-09]",1,Asian,20-39
/scratch/project_462000771/mengting/projects/bias/hunyuan/prompt2/selected_faces/detected_fearful/fearful_person_0632_face0.png,East Asian,Asian,Female,20-29,"[1.1267597e-03 6.1773521e-06 1.4305433e-03 9.2246336e-01 7.4680373e-02
 2.5672727e-04 3.6134134e-05]",[8.8711223e-03 1.8012915e-05 9.8840737e-01 2.7035049e-03],[0.21043433 0.7895657 ],"[1.8874823e-07 6.4057711e-04 1.5733385e-01 8.0830973e-01 3.3248521e-02
 4.6182860e-04 4.7622689e-06 4.9014704e-07 2.4739215e-08]",1,Asian,20-39
/scratch/project_462000771/mengting/projects/bias/hunyuan/prompt2/selected_faces/detected_fearful/fearful_person_0633_face0.png,Indian,Asian,Male,20-29,"[0.00673733 0.06811376 0.33475938 0.00893676 0.21990085 0.3602285
 0.00132341]",[0.00437793 0.00785212 0.73533523 0.25243467],[9.9999708e-01 2.9357016e-06],"[3.9899742e-06 1.0856262e-03 5.2252438e-02 6.7362249e-01 2.4424481e-01
 2.7823845e-02 9.2078012e-04 4.4481778e-05 1.5095812e-06]",0,Others,20-39
/scratch/project_462000771/mengting/projects/bias/hunyuan/prompt2/selected_faces/detected_fearful/fearful_person_0634_face0.png,Southeast Asian,Asian,Female,10-19,"[1.7430035e-02 1.8095948e-04 4.7446277e-02 3.8552862e-01 5.4330999e-01
 5.5491240e-03 5.5493944e-04]",[9.9559128e-02 7.1518822e-05 8.9843625e-01 1.9330563e-03],[0.02212368 0.9778763 ],"[8.1824447e-07 2.0178214e-02 5.8825099e-01 3.8913441e-01 2.4231032e-03
 1.2376930e-05 4.5821370e-08 6.4864625e-09 6.2661276e-10]",1,Asian,10-19
/scratch/project_462000771/mengting/projects/bias/hunyuan/prompt2/selected_faces/detected_fearful/fearful_person_0635_face0.png,Southeast Asian,Asian,Male,20-29,"[2.6060964e-03 2.6451463e-03 1.4534075e-02 4.5564613e-01 5.1852953e-01
 5.8179386e-03 2.2118760e-04]",[5.0000641e-03 6.3126947e-04 9.9214524e-01 2.2234109e-03],[0.8696789  0.13032104],"[1.3551248e-07 9.9154626e-05 4.8872456e-02 8.0477458e-01 1.4190619e-01
 4.2116516e-03 1.2597450e-04 9.2913897e-06 6.1611490e-07]",1,Asian,20-39
/scratch/project_462000771/mengting/projects/bias/hunyuan/prompt2/selected_faces/detected_fearful/fearful_person_0636_face0.png,East Asian,Asian,Female,20-29,"[5.5476621e-02 6.6901798e-06 1.3489048e-02 7.9414719e-01 1.3583075e-01
 5.3545181e-04 5.1431352e-04]",[3.8734189e-01 6.3715847e-06 6.1171824e-01 9.3349162e-04],[0.02129937 0.9787006 ],"[6.6956272e-07 8.4311486e-04 1.4748977e-01 8.0335164e-01 4.7727611e-02
 5.8308971e-04 3.8476751e-06 3.0369856e-07 1.0906409e-08]",1,Asian,20-39
/scratch/project_462000771/mengting/projects/bias/hunyuan/prompt2/selected_faces/detected_fearful/fearful_person_0637_face0.png,East Asian,White,Male,20-29,"[7.6021545e-02 4.5228616e-04 7.2061367e-02 6.0829335e-01 2.2349952e-01
 1.5765395e-02 3.9065005e-03]",[0.5493491  0.00114833 0.42298383 0.0265187 ],[0.79412156 0.2058784 ],"[7.3082765e-07 2.2336196e-03 2.8086910e-01 6.7065996e-01 4.5247570e-02
 9.7331102e-04 1.4456817e-05 1.1440002e-06 6.3118520e-08]",0,Asian,20-39
/scratch/project_462000771/mengting/projects/bias/hunyuan/prompt2/selected_faces/detected_fearful/fearful_person_0638_face0.png,East Asian,Asian,Female,20-29,"[5.1012123e-03 7.6981574e-05 1.5560725e-02 7.0305860e-01 2.7191728e-01
 3.7798183e-03 5.0544913e-04]",[2.4373860e-03 1.8234661e-05 9.8657262e-01 1.0971742e-02],[0.01369706 0.9863029 ],"[2.87482158e-06 3.02895159e-03 1.16795585e-01 7.56192505e-01
 1.16972670e-01 6.75321650e-03 2.12457962e-04 3.86582724e-05
 3.03344700e-06]",1,Asian,20-39
/scratch/project_462000771/mengting/projects/bias/hunyuan/prompt2/selected_faces/detected_fearful/fearful_person_0639_face0.png,White,White,Male,30-39,"[0.79738903 0.09539419 0.07783457 0.001367   0.0068403  0.01135271
 0.00982225]",[0.7102314  0.16888715 0.05189228 0.0689892 ],[9.9999976e-01 2.0190598e-07],"[3.0795675e-08 1.0649707e-06 4.1949158e-04 1.5233681e-01 5.4022563e-01
 2.8237152e-01 2.4073454e-02 5.5638119e-04 1.5709173e-05]",1,White,20-39
/scratch/project_462000771/mengting/projects/bias/hunyuan/prompt2/selected_faces/detected_fearful/fearful_person_0640_face0.png,Latino_Hispanic,Asian,Female,20-29,"[0.0643621  0.00672587 0.35283604 0.23205937 0.2944328  0.04511527
 0.00446864]",[7.8629211e-02 3.2370290e-04 9.0168470e-01 1.9362435e-02],[0.01805866 0.98194134],"[1.3043907e-05 9.2456723e-03 1.3210210e-01 6.9795829e-01 1.5195090e-01
 8.4260674e-03 2.7202774e-04 2.9529640e-05 2.3724110e-06]",1,Others,20-39
/scratch/project_462000771/mengting/projects/bias/hunyuan/prompt2/selected_faces/detected_fearful/fearful_person_0641_face0.png,Indian,Indian,Male,20-29,"[0.10205127 0.11973829 0.23969461 0.0247288  0.11852209 0.38774398
 0.00752097]",[0.04109037 0.02055473 0.14419132 0.7941636 ],[9.9997073e-01 2.9202027e-05],"[5.6278541e-08 2.6063330e-05 1.6369594e-02 8.7107253e-01 1.1068585e-01
 1.8254932e-03 1.9264098e-05 1.1129350e-06 7.6946236e-08]",1,Others,20-39
/scratch/project_462000771/mengting/projects/bias/hunyuan/prompt2/selected_faces/detected_fearful/fearful_person_0642_face0.png,Southeast Asian,Asian,Male,20-29,"[1.0717551e-03 7.1836397e-04 3.0587999e-02 1.7900021e-01 7.7243167e-01
 1.5565783e-02 6.2422856e-04]",[6.6677583e-03 3.5579345e-04 9.5705950e-01 3.5916880e-02],[9.9999994e-01 6.0054425e-08],"[4.1734958e-07 4.8036189e-05 1.2611044e-02 6.4443940e-01 3.2311940e-01
 1.9384919e-02 3.7132564e-04 2.5093919e-05 4.5322707e-07]",1,Asian,20-39
/scratch/project_462000771/mengting/projects/bias/hunyuan/prompt2/selected_faces/detected_fearful/fearful_person_0643_face0.png,East Asian,Asian,Female,20-29,"[6.7121953e-02 2.0313554e-04 2.3771083e-02 7.9788500e-01 1.0547794e-01
 3.8600536e-03 1.6808141e-03]",[3.8249806e-02 1.5104236e-04 9.6015960e-01 1.4395396e-03],[0.00370049 0.9962995 ],"[8.60682292e-07 1.32274244e-03 7.99598396e-02 8.35288644e-01
 8.21678191e-02 1.24675827e-03 1.27600815e-05 5.73293732e-07
 2.57515982e-08]",1,Asian,20-39
/scratch/project_462000771/mengting/projects/bias/hunyuan/prompt2/selected_faces/detected_fearful/fearful_person_0644_face0.png,White,White,Male,30-39,"[5.1524323e-01 4.4815652e-03 2.4320750e-01 6.3653697e-06 1.7446112e-04
 1.6922393e-01 6.7662984e-02]",[9.0891725e-01 8.8381274e-03 2.5111492e-04 8.1993461e-02],[9.9999988e-01 6.0365004e-08],"[1.9721109e-07 2.3733815e-05 4.2822850e-03 2.4839613e-01 6.3523835e-01
 1.1063501e-01 1.4126151e-03 1.1612580e-05 1.2608395e-07]",1,White,20-39
/scratch/project_462000771/mengting/projects/bias/hunyuan/prompt2/selected_faces/detected_fearful/fearful_person_0645_face0.png,Latino_Hispanic,Asian,Male,20-29,"[0.04294289 0.04741189 0.5056096  0.00057596 0.00842361 0.3546887
 0.04034739]",[0.07169733 0.03954035 0.63967115 0.24909122],[1.0000000e+00 1.7829203e-08],"[6.2227139e-09 4.9385125e-07 1.6069725e-03 5.8406293e-01 3.9985675e-01
 1.4356011e-02 1.1494832e-04 1.9226673e-06 2.3896472e-08]",0,Others,20-39
/scratch/project_462000771/mengting/projects/bias/hunyuan/prompt2/selected_faces/detected_fearful/fearful_person_0646_face0.png,East Asian,Asian,Female,20-29,"[1.3213066e-02 5.1562610e-04 5.1006842e-02 6.3472992e-01 2.7735668e-01
 2.2164267e-02 1.0135639e-03]",[1.2411273e-01 3.9000247e-04 6.9514036e-01 1.8035683e-01],[0.03748805 0.96251196],"[7.4335267e-06 3.8115501e-02 4.4202608e-01 5.1038837e-01 9.3716616e-03
 8.9442728e-05 1.1583256e-06 2.4920232e-07 2.7501692e-08]",1,Asian,20-39
/scratch/project_462000771/mengting/projects/bias/hunyuan/prompt2/selected_faces/detected_fearful/fearful_person_0647_face0.png,Latino_Hispanic,Asian,Male,20-29,"[0.06779109 0.05408275 0.6144891  0.06522948 0.129393   0.05351689
 0.01549769]",[0.26326823 0.00456839 0.7226407  0.00952268],[9.999918e-01 8.229487e-06],"[1.3336678e-05 4.1316045e-03 5.1874395e-02 8.5860765e-01 8.3551578e-02
 1.8024407e-03 1.8188279e-05 8.9031460e-07 3.0952432e-08]",1,Others,20-39
/scratch/project_462000771/mengting/projects/bias/hunyuan/prompt2/selected_faces/detected_fearful/fearful_person_0648_face0.png,Indian,Indian,Male,20-29,"[0.00135105 0.03017115 0.03396215 0.00090819 0.02690003 0.90489423
 0.0018132 ]",[0.00504037 0.02672561 0.1427234  0.8255106 ],[9.9999928e-01 7.2838986e-07],"[6.48747800e-07 8.99687526e-04 1.12943582e-01 7.07117856e-01
 1.65924609e-01 1.29076922e-02 1.95202272e-04 1.05446525e-05
 2.46691684e-07]",1,Others,20-39
/scratch/project_462000771/mengting/projects/bias/hunyuan/prompt2/selected_faces/detected_fearful/fearful_person_0649_face0.png,East Asian,Asian,Female,20-29,"[2.6681467e-03 5.9915992e-04 1.2144888e-02 6.8412483e-01 2.9270700e-01
 7.6318714e-03 1.2412632e-04]",[4.17324668e-03 8.14417494e-04 9.84508812e-01 1.05035715e-02],[0.07712588 0.9228741 ],"[1.13413116e-05 2.63580717e-02 3.08328331e-01 6.37883484e-01
 2.67939270e-02 6.14831340e-04 8.48767104e-06 1.41302064e-06
 1.16030726e-07]",1,Asian,20-39
/scratch/project_462000771/mengting/projects/bias/hunyuan/prompt2/selected_faces/detected_fearful/fearful_person_0650_face0.png,Southeast Asian,Asian,Male,20-29,"[0.00200429 0.00139039 0.1365349  0.09250247 0.72758406 0.03857443
 0.00140947]",[0.00629873 0.00660937 0.53811574 0.4489762 ],[1.0000000e+00 1.6392504e-09],"[7.1213648e-08 1.1945103e-04 4.2731028e-02 8.2744122e-01 1.2611687e-01
 3.5637661e-03 2.6619940e-05 1.0006200e-06 8.4366230e-09]",1,Asian,20-39
/scratch/project_462000771/mengting/projects/bias/hunyuan/prompt2/selected_faces/detected_fearful/fearful_person_0651_face0.png,Indian,Indian,Male,30-39,"[5.1726708e-03 2.3216722e-03 3.0576186e-02 1.1612910e-04 4.9705948e-03
 9.5649660e-01 3.4611454e-04]",[0.00172142 0.01570359 0.10318398 0.879391  ],[9.9998605e-01 1.3989937e-05],"[2.8521126e-07 6.7112000e-05 8.4733162e-03 1.6789326e-01 5.0097340e-01
 3.0324939e-01 1.8513471e-02 7.8807882e-04 4.1677202e-05]",1,Others,20-39
/scratch/project_462000771/mengting/projects/bias/hunyuan/prompt2/selected_faces/detected_fearful/fearful_person_0652_face0.png,Indian,White,Female,20-29,"[0.05508747 0.01392876 0.27490917 0.07009955 0.09104905 0.49059567
 0.00433036]",[0.7021934  0.00600629 0.08612753 0.2056728 ],[0.06150578 0.93849427],"[8.8353700e-06 5.1546451e-02 4.5623481e-01 4.6881238e-01 2.2823092e-02
 5.6490389e-04 8.2697579e-06 1.1244032e-06 1.5986244e-07]",1,Others,20-39
/scratch/project_462000771/mengting/projects/bias/hunyuan/prompt2/selected_faces/detected_fearful/fearful_person_0653_face0.png,East Asian,Asian,Female,20-29,"[1.7121771e-03 1.0837362e-05 1.0225557e-03 8.8307947e-01 1.1399110e-01
 1.6833641e-04 1.5482394e-05]",[3.3735817e-03 6.9726439e-06 9.9641794e-01 2.0150701e-04],[0.00567067 0.99432933],"[9.0585411e-07 3.1126244e-04 4.0111400e-02 7.6000625e-01 1.8981703e-01
 9.5283212e-03 2.0605137e-04 1.8143792e-05 6.4756262e-07]",1,Asian,20-39
/scratch/project_462000771/mengting/projects/bias/hunyuan/prompt2/selected_faces/detected_fearful/fearful_person_0654_face0.png,White,White,Male,20-29,"[8.6034048e-01 9.7654415e-03 5.2817192e-02 3.5546141e-04 6.6233659e-04
 1.4176258e-02 6.1882805e-02]",[0.5037305  0.26823696 0.08625504 0.14177747],[9.999246e-01 7.534938e-05],"[7.6680145e-08 5.3321278e-06 9.4177207e-04 5.0129348e-01 4.8304415e-01
 1.4630199e-02 8.3674560e-05 1.3020647e-06 4.8718096e-08]",1,White,20-39
/scratch/project_462000771/mengting/projects/bias/hunyuan/prompt2/selected_faces/detected_fearful/fearful_person_0655_face0.png,Latino_Hispanic,Asian,Male,20-29,"[0.04377991 0.01796876 0.47122926 0.07630555 0.21621607 0.15342143
 0.02107909]",[0.1192262  0.00297162 0.8062354  0.07156686],[9.9999905e-01 9.4741307e-07],"[2.0611566e-07 9.9109166e-05 2.2665381e-02 8.2914841e-01 1.4503343e-01
 3.0352399e-03 1.7748287e-05 4.8632853e-07 9.8524708e-09]",1,Others,20-39
/scratch/project_462000771/mengting/projects/bias/hunyuan/prompt2/selected_faces/detected_fearful/fearful_person_0656_face0.png,Latino_Hispanic,White,Male,20-29,"[0.20456338 0.03564012 0.5561727  0.00432021 0.02375334 0.15066946
 0.02488079]",[0.7529407  0.00438308 0.06970329 0.17297293],[9.9976987e-01 2.3011542e-04],"[5.2293117e-06 1.8925711e-03 8.3860449e-02 7.8573447e-01 1.2151124e-01
 6.8624066e-03 1.2397575e-04 9.1230531e-06 5.3992176e-07]",1,Others,20-39
/scratch/project_462000771/mengting/projects/bias/hunyuan/prompt2/selected_faces/detected_fearful/fearful_person_0657_face0.png,White,White,Male,30-39,"[9.2497057e-01 1.1230427e-03 3.6602639e-02 1.2936420e-04 6.1606982e-04
 7.5376639e-03 2.9020585e-02]",[0.89008695 0.00350966 0.01232994 0.09407335],[9.9999672e-01 3.2937944e-06],"[7.6224978e-07 2.3589966e-05 1.4229763e-03 1.5596965e-01 5.9655976e-01
 2.3392327e-01 1.1776507e-02 3.1602182e-04 7.4438894e-06]",1,White,20-39
/scratch/project_462000771/mengting/projects/bias/hunyuan/prompt2/selected_faces/detected_fearful/fearful_person_0658_face0.png,White,White,Male,30-39,"[4.8813611e-01 2.3733033e-02 2.7548918e-01 8.9317546e-05 5.4036750e-04
 1.1406778e-01 9.7944170e-02]",[0.7673123  0.00445501 0.00652963 0.22170304],[9.9999505e-01 4.9682085e-06],"[1.2734635e-07 2.1013843e-06 3.9010620e-04 1.4535284e-01 6.9253612e-01
 1.5710561e-01 4.5493408e-03 6.2571438e-05 1.2334237e-06]",0,White,20-39
/scratch/project_462000771/mengting/projects/bias/hunyuan/prompt2/selected_faces/detected_fearful/fearful_person_0659_face0.png,East Asian,Asian,Female,20-29,"[0.04669759 0.00292337 0.09522661 0.70536727 0.14138949 0.00732564
 0.0010701 ]",[0.3526478  0.0040854  0.59032786 0.0529389 ],[0.01360422 0.9863958 ],"[5.9864501e-06 1.2578910e-02 1.5700172e-01 7.8439528e-01 4.5132067e-02
 8.7485393e-04 1.0183188e-05 7.7895140e-07 7.3998230e-08]",1,Asian,20-39
/scratch/project_462000771/mengting/projects/bias/hunyuan/prompt2/selected_faces/detected_fearful/fearful_person_0660_face0.png,White,White,Male,30-39,"[0.48038423 0.11244598 0.25746822 0.00250931 0.00999074 0.05095901
 0.08624257]",[0.71438044 0.03193991 0.01738114 0.23629856],[9.9999535e-01 4.6689320e-06],"[2.4345238e-07 7.3595174e-06 1.4335901e-03 3.2499021e-01 5.9140396e-01
 7.8827299e-02 3.1745101e-03 1.5446534e-04 8.4688745e-06]",1,White,20-39
/scratch/project_462000771/mengting/projects/bias/hunyuan/prompt2/selected_faces/detected_fearful/fearful_person_0661_face0.png,Indian,Indian,Male,20-29,"[1.1581410e-01 2.0649345e-03 1.4585620e-01 8.2945182e-05 5.0579919e-04
 7.1025163e-01 2.5424423e-02]",[0.22244215 0.00292288 0.00762553 0.76700944],[9.9960065e-01 3.9935889e-04],"[3.1204102e-08 8.7122062e-06 1.0084376e-02 7.3886931e-01 2.4654086e-01
 4.4707917e-03 2.5383571e-05 6.2203810e-07 2.6162343e-08]",1,Others,20-39
/scratch/project_462000771/mengting/projects/bias/hunyuan/prompt2/selected_faces/detected_fearful/fearful_person_0662_face0.png,Indian,Indian,Male,20-29,"[1.4648628e-01 2.5144145e-02 3.5744348e-01 3.6256807e-04 1.7850120e-03
 4.2080083e-01 4.7977727e-02]",[0.23433025 0.00227351 0.01538012 0.7480161 ],[9.999221e-01 7.791271e-05],"[5.78645370e-07 6.34205571e-05 8.26839544e-03 5.96614599e-01
 3.80850255e-01 1.40196495e-02 1.78193935e-04 4.73423688e-06
 1.63970441e-07]",1,Others,20-39
/scratch/project_462000771/mengting/projects/bias/hunyuan/prompt2/selected_faces/detected_fearful/fearful_person_0663_face0.png,East Asian,Asian,Female,20-29,"[1.0254947e-02 2.3355371e-04 8.5259452e-02 6.8817854e-01 1.9737665e-01
 1.8163966e-02 5.3302676e-04]",[3.8847998e-02 9.9508885e-05 9.5144278e-01 9.6096229e-03],[3.8587532e-04 9.9961412e-01],"[1.3370510e-07 3.0343444e-04 7.3860042e-02 8.6749440e-01 5.7933871e-02
 4.0658040e-04 1.4510057e-06 6.0970542e-08 1.4066587e-09]",0,Asian,20-39
/scratch/project_462000771/mengting/projects/bias/hunyuan/prompt2/selected_faces/detected_fearful/fearful_person_0664_face0.png,Black,White,Male,30-39,"[1.0302660e-01 5.7030779e-01 1.7599641e-01 1.9829326e-04 3.1222804e-03
 9.2127934e-02 5.5220649e-02]",[0.51294833 0.10128588 0.08151759 0.30424827],[9.99986589e-01 1.33787635e-05],"[1.02843885e-07 1.05458059e-06 3.53210926e-04 1.71758264e-01
 6.79071903e-01 1.41740590e-01 6.83126878e-03 2.33131374e-04
 1.04448500e-05]",1,Black,20-39
/scratch/project_462000771/mengting/projects/bias/hunyuan/prompt2/selected_faces/detected_fearful/fearful_person_0665_face0.png,Southeast Asian,Asian,Male,20-29,"[0.00725463 0.0036849  0.08456654 0.4050487  0.4326989  0.0649076
 0.00183876]",[0.02229799 0.0083044  0.91661954 0.05277803],[9.9944687e-01 5.5312959e-04],"[3.48382810e-06 1.55528518e-03 9.66992602e-02 7.72875845e-01
 1.14656344e-01 1.34260040e-02 6.66499254e-04 1.09185516e-04
 8.10356687e-06]",1,Asian,20-39
/scratch/project_462000771/mengting/projects/bias/hunyuan/prompt2/selected_faces/detected_fearful/fearful_person_0666_face0.png,White,White,Male,20-29,"[0.5134627  0.06781883 0.30779374 0.00342303 0.01320707 0.08158465
 0.01270989]",[0.6242493  0.01007123 0.07580063 0.28987882],[9.999966e-01 3.376226e-06],"[2.1874445e-08 5.2036844e-06 2.9590761e-03 6.6412979e-01 3.2058227e-01
 1.2201256e-02 1.2028109e-04 2.0631003e-06 4.9105587e-08]",1,White,20-39
/scratch/project_462000771/mengting/projects/bias/hunyuan/prompt2/selected_faces/detected_fearful/fearful_person_0667_face0.png,White,White,Male,20-29,"[9.5961952e-01 8.1239728e-04 3.0799579e-02 6.9701404e-05 2.6219393e-04
 6.3319509e-03 2.1045646e-03]",[9.9203199e-01 1.8514997e-04 1.0190925e-03 6.7638345e-03],[0.99333954 0.00666046],"[6.0066746e-08 5.9051032e-05 1.2100077e-02 8.5879391e-01 1.2804481e-01
 9.9983905e-04 2.2231484e-06 4.2231214e-08 2.9715677e-09]",1,White,20-39
/scratch/project_462000771/mengting/projects/bias/hunyuan/prompt2/selected_faces/detected_fearful/fearful_person_0668_face0.png,Indian,Asian,Male,20-29,"[0.01889123 0.01805671 0.19470088 0.04278069 0.21162227 0.49920082
 0.01474743]",[0.01201253 0.00544148 0.64877826 0.3337677 ],[9.999835e-01 1.650757e-05],"[3.1807855e-07 1.7727810e-04 2.8662780e-02 7.0419109e-01 2.5568646e-01
 1.1160806e-02 1.1645078e-04 4.6337436e-06 1.9577851e-07]",1,Others,20-39
/scratch/project_462000771/mengting/projects/bias/hunyuan/prompt2/selected_faces/detected_fearful/fearful_person_0669_face0.png,Latino_Hispanic,Asian,Female,20-29,"[0.14170241 0.00168509 0.3604428  0.22076628 0.06018038 0.13362679
 0.08159626]",[0.07399762 0.01756716 0.55474144 0.35369375],[0.00260407 0.99739593],"[4.6894097e-08 3.8597384e-05 4.9779974e-02 8.1818163e-01 1.2997004e-01
 1.9957004e-03 3.2316457e-05 1.6569976e-06 5.8495605e-08]",1,Others,20-39
/scratch/project_462000771/mengting/projects/bias/hunyuan/prompt2/selected_faces/detected_fearful/fearful_person_0670_face0.png,Latino_Hispanic,White,Male,20-29,"[0.10623095 0.01752949 0.3988097  0.08949337 0.1709406  0.20906997
 0.00792584]",[0.55866057 0.00190787 0.28109926 0.15833227],[9.9924654e-01 7.5346715e-04],"[2.0606919e-06 1.0470815e-03 5.4930095e-02 6.8862826e-01 2.3674940e-01
 1.8319046e-02 3.0783031e-04 1.5385544e-05 8.7597698e-07]",1,Others,20-39
/scratch/project_462000771/mengting/projects/bias/hunyuan/prompt2/selected_faces/detected_fearful/fearful_person_0671_face0.png,Latino_Hispanic,Asian,Male,20-29,"[0.12283912 0.00287919 0.45692188 0.04149963 0.14016743 0.14913614
 0.08655673]",[0.24552055 0.00426719 0.5848385  0.16537379],[9.9999613e-01 3.8346852e-06],"[6.6500419e-08 4.2674805e-05 1.1975152e-02 8.3565491e-01 1.4990439e-01
 2.4133192e-03 9.0496660e-06 3.6948853e-07 7.6939015e-09]",1,Others,20-39
/scratch/project_462000771/mengting/projects/bias/hunyuan/prompt2/selected_faces/detected_fearful/fearful_person_0672_face0.png,Latino_Hispanic,Indian,Male,30-39,"[1.5898445e-01 3.1526621e-02 5.0875229e-01 7.4937925e-05 8.1664062e-04
 2.6481660e-02 2.7336338e-01]",[0.30910102 0.22453418 0.08438616 0.38197863],[9.9999964e-01 3.4795795e-07],"[2.2724205e-07 7.6140373e-06 7.5855711e-04 3.0806279e-01 6.4710903e-01
 4.3611493e-02 4.4220380e-04 8.0557784e-06 1.4815309e-07]",1,Others,20-39
/scratch/project_462000771/mengting/projects/bias/hunyuan/prompt2/selected_faces/detected_fearful/fearful_person_0673_face0.png,Latino_Hispanic,Black,Male,30-39,"[1.0722642e-01 1.7500754e-01 3.3562163e-01 2.6621515e-04 4.7314186e-03
 3.0724749e-01 6.9899321e-02]",[0.08361973 0.4882362  0.09936841 0.3287757 ],[9.9999535e-01 4.6771984e-06],"[2.7372485e-07 1.2572902e-05 1.2725197e-03 1.1088158e-01 5.3788179e-01
 3.2448062e-01 2.4492627e-02 9.3914400e-04 3.8869479e-05]",1,Others,20-39
/scratch/project_462000771/mengting/projects/bias/hunyuan/prompt2/selected_faces/detected_fearful/fearful_person_0674_face0.png,Indian,Indian,Female,20-29,"[0.00831697 0.08628867 0.22488281 0.00410531 0.05362846 0.6214031
 0.00137479]",[0.01560925 0.06051584 0.14085725 0.78301764],[0.0017674 0.9982326],"[9.0851375e-07 1.7010458e-03 1.3373253e-01 6.9574791e-01 1.6294439e-01
 5.7087229e-03 1.5324609e-04 1.0640918e-05 6.6966737e-07]",1,Others,20-39
/scratch/project_462000771/mengting/projects/bias/hunyuan/prompt2/selected_faces/detected_fearful/fearful_person_0675_face0.png,East Asian,Asian,Male,20-29,"[9.7695915e-03 1.1139610e-04 2.9968429e-02 5.8672303e-01 3.6900333e-01
 4.1038613e-03 3.2029825e-04]",[5.4257656e-03 2.2014212e-05 9.9367738e-01 8.7483128e-04],[0.59487474 0.4051253 ],"[3.5653304e-07 1.4663188e-04 4.7899764e-02 7.3864979e-01 2.0651689e-01
 6.6693090e-03 1.0819410e-04 8.8088018e-06 2.9891928e-07]",1,Asian,20-39
/scratch/project_462000771/mengting/projects/bias/hunyuan/prompt2/selected_faces/detected_fearful/fearful_person_0676_face0.png,Indian,Asian,Male,20-29,"[0.01188024 0.06216161 0.1663788  0.00967594 0.25293604 0.48825118
 0.00871623]",[0.00669011 0.04487812 0.7905689  0.15786287],[1.0000000e+00 1.7671736e-08],"[6.1850778e-06 2.2496774e-03 3.8196735e-02 4.6709761e-01 4.1207939e-01
 7.7691913e-02 2.5017080e-03 1.7299750e-04 3.7167679e-06]",1,Others,20-39
/scratch/project_462000771/mengting/projects/bias/hunyuan/prompt2/selected_faces/detected_fearful/fearful_person_0677_face0.png,Indian,Asian,Male,20-29,"[0.00297719 0.00297204 0.32792264 0.00177314 0.12580247 0.5378254
 0.00072707]",[0.00391093 0.00437214 0.54286295 0.44885403],[9.999803e-01 1.976659e-05],"[4.3759726e-05 4.1097227e-02 2.3117618e-01 4.8869136e-01 2.2443467e-01
 1.4411784e-02 1.3896286e-04 5.8605474e-06 1.8531851e-07]",0,Others,20-39
/scratch/project_462000771/mengting/projects/bias/hunyuan/prompt2/selected_faces/detected_fearful/fearful_person_0678_face0.png,Black,Indian,Male,30-39,"[1.9643033e-01 4.8890287e-01 1.3486050e-01 1.8091772e-04 1.1628302e-03
 1.7966157e-02 1.6049638e-01]",[0.06329973 0.12190775 0.04232823 0.77246433],[9.9998343e-01 1.6566903e-05],"[7.7784966e-07 3.5098776e-05 2.7713019e-03 3.8357079e-01 5.5348313e-01
 5.8186200e-02 1.8503524e-03 9.4108473e-05 8.2612369e-06]",1,Black,20-39
/scratch/project_462000771/mengting/projects/bias/hunyuan/prompt2/selected_faces/detected_fearful/fearful_person_0679_face0.png,Latino_Hispanic,White,Male,20-29,"[0.12510699 0.22420791 0.40426284 0.02774693 0.07749934 0.13218942
 0.00898651]",[0.64654726 0.02168463 0.21515653 0.11661166],[0.9984526  0.00154735],"[1.4253187e-06 3.9179999e-04 2.1741275e-02 7.4291909e-01 2.2847827e-01
 6.3917739e-03 7.3327777e-05 2.7630153e-06 2.2738834e-07]",1,Others,20-39
/scratch/project_462000771/mengting/projects/bias/hunyuan/prompt2/selected_faces/detected_fearful/fearful_person_0681_face0.png,Indian,Indian,Male,20-29,"[7.6222673e-02 8.9846272e-03 2.5602677e-01 3.9261254e-04 4.6579782e-03
 6.0645938e-01 4.7256019e-02]",[0.01650036 0.01893911 0.02488588 0.9396746 ],[9.9966812e-01 3.3186784e-04],"[2.4185509e-05 6.3081365e-03 1.7965093e-01 5.3541392e-01 2.1940839e-01
 5.4878470e-02 3.8171757e-03 4.6308612e-04 3.5724865e-05]",1,Others,20-39
/scratch/project_462000771/mengting/projects/bias/hunyuan/prompt2/selected_faces/detected_fearful/fearful_person_0682_face0.png,Southeast Asian,Asian,Male,20-29,"[0.012846   0.00155899 0.07213874 0.23952135 0.5731721  0.09346306
 0.00729979]",[1.9444743e-02 1.1443030e-04 9.2298937e-01 5.7451513e-02],[9.9980342e-01 1.9663024e-04],"[3.1439524e-06 5.8999233e-04 4.5071255e-02 5.2607489e-01 3.7587690e-01
 5.0463375e-02 1.7828344e-03 1.3258733e-04 5.0380950e-06]",0,Asian,20-39
/scratch/project_462000771/mengting/projects/bias/hunyuan/prompt2/selected_faces/detected_fearful/fearful_person_0683_face0.png,East Asian,Asian,Male,20-29,"[0.03823883 0.00300607 0.03267862 0.5037631  0.4184253  0.00315207
 0.00073607]",[1.3465949e-02 2.5723584e-04 9.8142469e-01 4.8521291e-03],[9.9977499e-01 2.2497555e-04],"[8.9039496e-08 2.2393870e-05 2.7381783e-02 8.1370538e-01 1.5288508e-01
 5.6412262e-03 3.2367220e-04 3.8804923e-05 1.5417626e-06]",1,Asian,20-39
/scratch/project_462000771/mengting/projects/bias/hunyuan/prompt2/selected_faces/detected_fearful/fearful_person_0684_face0.png,White,White,Male,30-39,"[0.8708443  0.04544239 0.05384835 0.00186425 0.00380738 0.0152776
 0.00891566]",[0.85942084 0.06115934 0.00907381 0.07034596],[9.9950975e-01 4.9029489e-04],"[1.6536424e-08 1.8019918e-07 1.3542875e-04 3.5561281e-01 6.0559624e-01
 3.7781633e-02 8.4292970e-04 2.8812958e-05 1.9450888e-06]",1,White,20-39
/scratch/project_462000771/mengting/projects/bias/hunyuan/prompt2/selected_faces/detected_fearful/fearful_person_0685_face0.png,Latino_Hispanic,White,Male,20-29,"[0.22769724 0.0224341  0.4444078  0.01428872 0.02418396 0.15973467
 0.10725349]",[0.46975702 0.00609041 0.12542018 0.39873242],[9.9996972e-01 3.0268144e-05],"[1.0361044e-06 1.0731564e-04 8.8614449e-03 6.6632599e-01 3.1332010e-01
 1.1266388e-02 1.1227518e-04 5.2517630e-06 2.0218734e-07]",0,Others,20-39
/scratch/project_462000771/mengting/projects/bias/hunyuan/prompt2/selected_faces/detected_fearful/fearful_person_0686_face0.png,White,White,Male,30-39,"[3.8110527e-01 7.5076163e-02 3.2953286e-01 3.1513500e-04 1.7021162e-03
 1.6194004e-01 5.0328501e-02]",[0.7652509  0.00826688 0.03634616 0.19013609],[9.9993831e-01 6.1729195e-05],"[7.6172734e-07 2.5391142e-05 2.5540185e-03 2.4837519e-01 6.1421382e-01
 1.2942231e-01 5.2530584e-03 1.4971205e-04 5.6342083e-06]",0,White,20-39
/scratch/project_462000771/mengting/projects/bias/hunyuan/prompt2/selected_faces/detected_fearful/fearful_person_0687_face0.png,Southeast Asian,Asian,Female,20-29,"[0.00587957 0.00091339 0.08918672 0.2420226  0.60781705 0.05250221
 0.00167843]",[0.00871736 0.00110147 0.9637563  0.02642487],[0.01369677 0.9863032 ],"[4.74821093e-07 3.26105655e-04 9.03653651e-02 7.41811812e-01
 1.62549749e-01 4.88272449e-03 5.95294150e-05 4.08372352e-06
 1.02263215e-07]",1,Asian,20-39
/scratch/project_462000771/mengting/projects/bias/hunyuan/prompt2/selected_faces/detected_fearful/fearful_person_0688_face0.png,Latino_Hispanic,White,Male,30-39,"[0.24996258 0.11261247 0.42449847 0.00249153 0.01485637 0.09810982
 0.0974688 ]",[0.31214848 0.24279176 0.16031174 0.28474802],[9.9999779e-01 2.1640258e-06],"[3.0979731e-06 8.4139356e-05 4.0933401e-03 1.8225487e-01 5.0661510e-01
 2.7593881e-01 2.7843965e-02 3.0537499e-03 1.1305120e-04]",1,Others,20-39
/scratch/project_462000771/mengting/projects/bias/hunyuan/prompt2/selected_faces/detected_fearful/fearful_person_0689_face0.png,Indian,Asian,Male,10-19,"[8.2220795e-04 2.3891593e-03 1.4624511e-02 2.5844069e-03 5.6242771e-02
 9.1993356e-01 3.4033302e-03]",[0.00079087 0.00110588 0.7808762  0.21722701],[0.89136213 0.1086379 ],"[5.0639843e-05 1.6308425e-02 3.9056480e-01 3.2500079e-01 1.9404496e-01
 6.4435050e-02 6.4057633e-03 2.7749727e-03 4.1456355e-04]",0,Others,10-19
/scratch/project_462000771/mengting/projects/bias/hunyuan/prompt2/selected_faces/detected_fearful/fearful_person_0690_face0.png,Latino_Hispanic,White,Male,20-29,"[0.21772939 0.02507728 0.35261407 0.00199709 0.00778633 0.33767807
 0.05711784]",[9.3620008e-01 6.1777286e-04 6.2166383e-03 5.6965578e-02],[9.9981666e-01 1.8336877e-04],"[6.50716584e-06 3.35317524e-03 1.18661799e-01 6.93233132e-01
 1.73446134e-01 1.10967439e-02 1.86753896e-04 1.46922885e-05
 9.51296499e-07]",0,Others,20-39
/scratch/project_462000771/mengting/projects/bias/hunyuan/prompt2/selected_faces/detected_fearful/fearful_person_0691_face0.png,Latino_Hispanic,Indian,Male,20-29,"[0.03340986 0.01294624 0.58367497 0.02916076 0.07524283 0.25089577
 0.0146696 ]",[0.19853069 0.00537042 0.27399117 0.52210766],[9.9981904e-01 1.8094755e-04],"[2.8837908e-06 3.0184346e-03 2.0200108e-01 7.3802632e-01 5.5549413e-02
 1.3827664e-03 1.7899052e-05 1.1604527e-06 3.3642149e-08]",0,Others,20-39
/scratch/project_462000771/mengting/projects/bias/hunyuan/prompt2/selected_faces/detected_fearful/fearful_person_0692_face0.png,White,Indian,Male,20-29,"[0.6022396  0.00084353 0.23120387 0.00089032 0.00213475 0.04208037
 0.12060758]",[0.4324942  0.00632859 0.03356999 0.5276073 ],[9.999983e-01 1.794289e-06],"[5.0968247e-08 1.2692549e-05 7.3138764e-03 7.9264808e-01 1.9579017e-01
 4.2128577e-03 2.1801063e-05 5.1299622e-07 1.0041258e-08]",1,White,20-39
/scratch/project_462000771/mengting/projects/bias/hunyuan/prompt2/selected_faces/detected_fearful/fearful_person_0693_face0.png,East Asian,Asian,Female,20-29,"[0.15759319 0.00506758 0.280295   0.3491044  0.18015774 0.022319
 0.00546313]",[4.9268264e-02 1.4614624e-04 9.4891030e-01 1.6752400e-03],[0.00295181 0.9970482 ],"[1.1496362e-05 3.6479528e-03 3.5470713e-02 6.8789339e-01 2.6037100e-01
 1.2260760e-02 3.1751377e-04 2.5703226e-05 1.5094224e-06]",1,Asian,20-39
/scratch/project_462000771/mengting/projects/bias/hunyuan/prompt2/selected_faces/detected_fearful/fearful_person_0694_face0.png,East Asian,Asian,Female,10-19,"[1.07171270e-03 8.08855984e-05 1.48276845e-02 7.14566290e-01
 2.61875749e-01 7.44732190e-03 1.30368993e-04]",[1.3713997e-02 5.1902002e-04 9.6916628e-01 1.6600776e-02],[0.4066435 0.5933565],"[1.7992665e-05 1.1359723e-01 5.3065437e-01 3.4894234e-01 6.6755200e-03
 1.1096276e-04 1.2107308e-06 3.2168856e-07 3.2116731e-08]",1,Asian,10-19
/scratch/project_462000771/mengting/projects/bias/hunyuan/prompt2/selected_faces/detected_fearful/fearful_person_0695_face0.png,Indian,Indian,Male,20-29,"[3.3516604e-02 4.7125477e-02 6.1982781e-02 3.4450259e-04 5.8595454e-03
 8.4910673e-01 2.0643075e-03]",[0.17215186 0.00119818 0.05965564 0.76699436],[0.9987873  0.00121269],"[3.0154973e-07 7.5888594e-05 1.6755318e-02 6.3191307e-01 3.3030173e-01
 2.0598484e-02 3.4481139e-04 9.9270756e-06 4.8721836e-07]",0,Others,20-39
/scratch/project_462000771/mengting/projects/bias/hunyuan/prompt2/selected_faces/detected_fearful/fearful_person_0696_face0.png,White,White,Male,20-29,"[0.63220966 0.01149794 0.32443452 0.00065183 0.00103159 0.01116495
 0.01900953]",[9.7880012e-01 6.3451368e-04 9.4082169e-03 1.1157166e-02],[9.9977607e-01 2.2399223e-04],"[3.5731391e-09 1.8176910e-07 1.2535998e-03 4.9089581e-01 4.8088557e-01
 2.6620738e-02 3.3855386e-04 5.4162515e-06 1.0337294e-07]",1,White,20-39
/scratch/project_462000771/mengting/projects/bias/hunyuan/prompt2/selected_faces/detected_fearful/fearful_person_0697_face0.png,Southeast Asian,Asian,Male,20-29,"[6.4686011e-04 4.5541710e-05 1.0319184e-02 4.3027392e-01 5.5658913e-01
 1.7826327e-03 3.4267575e-04]",[3.1275365e-03 3.6484055e-04 9.7688729e-01 1.9620290e-02],[1.0000e+00 2.1577e-08],"[1.5379472e-07 6.1529943e-05 1.8596817e-02 6.2216467e-01 3.3894226e-01
 1.9780315e-02 4.3565637e-04 1.8564147e-05 1.7472122e-07]",1,Asian,20-39
/scratch/project_462000771/mengting/projects/bias/hunyuan/prompt2/selected_faces/detected_fearful/fearful_person_0698_face0.png,Indian,Indian,Male,30-39,"[0.00208161 0.1545145  0.10965315 0.0056817  0.10417275 0.62224835
 0.00164792]",[0.00209964 0.00668968 0.16860996 0.8226007 ],[0.99854934 0.00145067],"[1.2265337e-05 5.2798237e-04 2.2251589e-02 2.8537282e-01 3.8940939e-01
 2.5591555e-01 4.0118266e-02 5.7781972e-03 6.1393576e-04]",0,Others,20-39
/scratch/project_462000771/mengting/projects/bias/hunyuan/prompt2/selected_faces/detected_fearful/fearful_person_0699_face0.png,White,White,Male,20-29,"[0.5630527  0.00747002 0.21339808 0.00297264 0.00626522 0.16511244
 0.04172889]",[0.58702576 0.00684857 0.05653978 0.3495859 ],[9.9988246e-01 1.1758489e-04],"[3.5949654e-08 8.1446879e-06 3.1592851e-03 6.6736311e-01 3.2280499e-01
 6.6363453e-03 2.7410722e-05 7.2646253e-07 2.8454172e-08]",1,White,20-39
/scratch/project_462000771/mengting/projects/bias/hunyuan/prompt2/selected_faces/detected_fearful/fearful_person_0700_face0.png,Indian,Asian,Male,20-29,"[0.26386303 0.00250943 0.2516709  0.02136245 0.06733322 0.38291922
 0.01034166]",[0.23527208 0.00181468 0.4217061  0.34120715],[9.99897420e-01 1.02635924e-04],"[1.0060291e-07 2.5589482e-04 8.8169321e-02 8.2643181e-01 8.3602108e-02
 1.5319909e-03 8.4878211e-06 2.2924702e-07 6.2120287e-09]",0,Others,20-39
/scratch/project_462000771/mengting/projects/bias/hunyuan/prompt2/selected_faces/detected_fearful/fearful_person_0701_face0.png,Latino_Hispanic,White,Male,20-29,"[0.31148142 0.00196348 0.32744256 0.00079224 0.00285765 0.20218222
 0.15328045]",[0.88678455 0.00146635 0.01765032 0.09409883],[9.9997389e-01 2.6078922e-05],"[1.2916537e-07 3.9621576e-05 8.4477160e-03 7.0362532e-01 2.8232491e-01
 5.5414992e-03 2.0321584e-05 4.9409806e-07 1.0654660e-08]",1,Others,20-39
/scratch/project_462000771/mengting/projects/bias/hunyuan/prompt2/selected_faces/detected_fearful/fearful_person_0702_face0.png,Southeast Asian,Asian,Female,10-19,"[0.01121807 0.00159385 0.07016074 0.40100163 0.44997498 0.06538824
 0.0006625 ]",[0.09000924 0.00127645 0.767806   0.14090836],[0.00911962 0.99088037],"[7.6978220e-05 2.4434274e-01 4.6843013e-01 2.6057401e-01 2.5061356e-02
 1.4644192e-03 4.1253857e-05 7.7524010e-06 1.3840064e-06]",0,Asian,10-19
/scratch/project_462000771/mengting/projects/bias/hunyuan/prompt2/selected_faces/detected_fearful/fearful_person_0703_face0.png,Southeast Asian,Asian,Male,40-49,"[0.00234598 0.04847161 0.07985497 0.25088733 0.59238863 0.02517503
 0.00087648]",[0.00784719 0.12448806 0.84234077 0.02532399],[9.9988759e-01 1.1241978e-04],"[2.7211083e-05 7.4499130e-04 1.0217917e-02 1.5197590e-01 3.0908960e-01
 3.9536360e-01 1.1145832e-01 1.9902883e-02 1.2195249e-03]",0,Asian,40-59
/scratch/project_462000771/mengting/projects/bias/hunyuan/prompt2/selected_faces/detected_fearful/fearful_person_0704_face0.png,East Asian,Asian,Female,20-29,"[3.4954239e-02 7.9161027e-06 1.5851343e-02 8.6014420e-01 8.5913129e-02
 2.3375438e-03 7.9162372e-04]",[4.2372292e-01 2.0932739e-06 5.6977218e-01 6.5027680e-03],[0.00193734 0.9980627 ],"[1.1077711e-06 5.2755768e-04 3.9089017e-02 7.5996333e-01 1.9227320e-01
 7.9869628e-03 1.4936403e-04 9.1549191e-06 3.1414368e-07]",1,Asian,20-39
/scratch/project_462000771/mengting/projects/bias/hunyuan/prompt2/selected_faces/detected_fearful/fearful_person_0705_face0.png,Southeast Asian,Asian,Male,20-29,"[1.2324000e-03 1.3742208e-03 1.8226981e-02 3.8572994e-01 5.6908721e-01
 2.4207607e-02 1.4159254e-04]",[3.2140948e-03 5.3638045e-04 9.8487920e-01 1.1370374e-02],[0.9946984  0.00530161],"[2.2981180e-06 1.4048170e-03 6.2911808e-02 7.2727054e-01 1.9467786e-01
 1.3417532e-02 2.9480239e-04 1.9261801e-05 1.2011910e-06]",1,Asian,20-39
/scratch/project_462000771/mengting/projects/bias/hunyuan/prompt2/selected_faces/detected_fearful/fearful_person_0706_face0.png,Indian,Indian,Male,20-29,"[0.04043751 0.0019741  0.19519843 0.10429318 0.14700253 0.4693743
 0.04171992]",[0.01143369 0.00240224 0.21921974 0.7669443 ],[9.9999493e-01 5.0060526e-06],"[1.0016130e-06 3.2483891e-04 3.8464691e-02 8.5938615e-01 9.8404929e-02
 3.3743128e-03 3.9757699e-05 4.1680955e-06 1.2909337e-07]",0,Others,20-39
/scratch/project_462000771/mengting/projects/bias/hunyuan/prompt2/selected_faces/detected_fearful/fearful_person_0707_face0.png,Latino_Hispanic,Asian,Female,20-29,"[1.15130745e-01 1.93813496e-04 3.08533847e-01 2.54056394e-01
 2.44810373e-01 6.51247799e-02 1.21500716e-02]",[2.2729410e-01 4.1972921e-04 6.5645778e-01 1.1582840e-01],[0.00337146 0.9966286 ],"[8.6577493e-06 2.6288608e-02 3.8850108e-01 5.1624656e-01 6.7222044e-02
 1.7075951e-03 2.2222528e-05 2.9822088e-06 2.2431995e-07]",1,Others,20-39
/scratch/project_462000771/mengting/projects/bias/hunyuan/prompt2/selected_faces/detected_fearful/fearful_person_0708_face0.png,White,White,Male,20-29,"[8.3281446e-01 3.8226058e-03 1.1844189e-01 1.2347824e-04 4.6448293e-04
 2.6575958e-02 1.7757211e-02]",[0.9653037  0.00148219 0.00149008 0.03172406],[9.999924e-01 7.652907e-06],"[4.1181087e-07 8.3175910e-05 5.6639570e-03 5.1743215e-01 4.4615668e-01
 3.0264474e-02 3.9313862e-04 5.8111063e-06 2.0256658e-07]",1,White,20-39
/scratch/project_462000771/mengting/projects/bias/hunyuan/prompt2/selected_faces/detected_fearful/fearful_person_0709_face0.png,White,White,Male,20-29,"[0.6432979  0.04204281 0.15165631 0.03296919 0.0943031  0.02902595
 0.00670467]",[0.54614085 0.01902864 0.39793324 0.03689723],[0.9928046  0.00719538],"[3.7809950e-06 7.9835323e-04 2.6394170e-02 7.2660178e-01 1.9962035e-01
 4.0627304e-02 4.3864930e-03 1.2012785e-03 3.6646400e-04]",0,White,20-39
/scratch/project_462000771/mengting/projects/bias/hunyuan/prompt2/selected_faces/detected_fearful/fearful_person_0710_face0.png,Latino_Hispanic,Asian,Male,20-29,"[0.07188938 0.18776937 0.45948738 0.01407235 0.05880172 0.16792049
 0.04005925]",[0.24885015 0.11481477 0.41265136 0.22368373],[9.9950534e-01 4.9462903e-04],"[4.3526597e-06 6.2758988e-04 4.1943952e-02 7.5228971e-01 1.8934737e-01
 1.4849512e-02 8.3601812e-04 9.3578165e-05 7.9428746e-06]",0,Others,20-39
/scratch/project_462000771/mengting/projects/bias/hunyuan/prompt2/selected_faces/detected_fearful/fearful_person_0711_face0.png,East Asian,Asian,Female,20-29,"[1.1349980e-02 3.8845556e-05 3.0416748e-02 6.5910763e-01 2.9707921e-01
 1.3240277e-03 6.8362308e-04]",[2.0415207e-02 5.6825575e-06 9.7834164e-01 1.2374787e-03],[0.0413456 0.9586544],"[9.5120890e-07 2.3472903e-03 2.6301035e-01 7.1283656e-01 2.1597190e-02
 2.0591963e-04 1.5675196e-06 1.5583365e-07 7.2221371e-09]",1,Asian,20-39
/scratch/project_462000771/mengting/projects/bias/hunyuan/prompt2/selected_faces/detected_fearful/fearful_person_0712_face0.png,White,White,Male,30-39,"[3.6278433e-01 2.3942158e-01 2.8825298e-01 6.2940759e-05 7.9254596e-04
 8.2343787e-02 2.6341844e-02]",[0.66155905 0.00678385 0.00647105 0.3251861 ],[9.999905e-01 9.470861e-06],"[5.3340477e-07 1.7847349e-05 2.2618512e-03 2.6957020e-01 5.9989655e-01
 1.2199703e-01 6.0192072e-03 2.2760376e-04 9.2673517e-06]",0,White,20-39
/scratch/project_462000771/mengting/projects/bias/hunyuan/prompt2/selected_faces/detected_fearful/fearful_person_0713_face0.png,Latino_Hispanic,Asian,Male,20-29,"[0.06360929 0.0223653  0.67564774 0.00382628 0.01240624 0.20530741
 0.01683772]",[0.06280269 0.00272656 0.5266393  0.40783143],[9.9999678e-01 3.2362016e-06],"[1.7449661e-06 9.4929547e-04 7.2247192e-02 8.3545142e-01 8.7201878e-02
 4.0921941e-03 5.4392323e-05 1.8920611e-06 4.9507296e-08]",0,Others,20-39
/scratch/project_462000771/mengting/projects/bias/hunyuan/prompt2/selected_faces/detected_fearful/fearful_person_0714_face0.png,Black,Asian,Male,20-29,"[0.02392057 0.7395152  0.04501305 0.01073256 0.03299614 0.14499567
 0.00282689]",[0.01146592 0.15047026 0.4638007  0.37426317],[0.998394   0.00160598],"[2.1516057e-04 2.1980511e-02 7.5015470e-02 4.6757433e-01 2.9563454e-01
 1.0185332e-01 2.2984305e-02 1.1461810e-02 3.2805349e-03]",0,Black,20-39
/scratch/project_462000771/mengting/projects/bias/hunyuan/prompt2/selected_faces/detected_fearful/fearful_person_0715_face0.png,Latino_Hispanic,Indian,Male,20-29,"[0.13592045 0.05753021 0.47304052 0.00925516 0.0729265  0.2265296
 0.02479763]",[0.02308176 0.01399044 0.42644224 0.5364857 ],[9.999962e-01 3.837095e-06],"[7.6925755e-07 1.5901649e-04 1.4061355e-02 6.9042271e-01 2.8467521e-01
 1.0545268e-02 1.3009715e-04 5.3900835e-06 1.7258722e-07]",1,Others,20-39
/scratch/project_462000771/mengting/projects/bias/hunyuan/prompt2/selected_faces/detected_fearful/fearful_person_0716_face0.png,Latino_Hispanic,Asian,Male,20-29,"[0.04303805 0.00057428 0.5701913  0.15213558 0.19423042 0.03589466
 0.00393565]",[8.9562289e-02 7.5577467e-04 8.3875817e-01 7.0923835e-02],[9.9997902e-01 2.0969861e-05],"[1.2580539e-07 3.8483049e-05 1.2894656e-02 8.1183130e-01 1.7109816e-01
 4.1173571e-03 1.9367479e-05 5.8590894e-07 1.0459339e-08]",1,Others,20-39
/scratch/project_462000771/mengting/projects/bias/hunyuan/prompt2/selected_faces/detected_fearful/fearful_person_0717_face0.png,White,White,Male,20-29,"[6.7482662e-01 7.1932568e-04 1.2191554e-01 6.8059970e-05 2.8054888e-04
 1.9957941e-02 1.8223195e-01]",[0.5275965  0.00260951 0.01977083 0.4500232 ],[9.999904e-01 9.587202e-06],"[8.5526963e-09 1.1326412e-06 1.1303326e-03 5.2289081e-01 4.6175039e-01
 1.4131098e-02 9.4681520e-05 1.5259473e-06 3.6741973e-08]",1,White,20-39
/scratch/project_462000771/mengting/projects/bias/hunyuan/prompt2/selected_faces/detected_fearful/fearful_person_0718_face0.png,Southeast Asian,Asian,Male,20-29,"[0.00886516 0.01837098 0.0700014  0.23104562 0.6234587  0.04736308
 0.00089504]",[0.00197973 0.00113509 0.99115705 0.00572811],[9.9999076e-01 9.2069085e-06],"[6.4207097e-06 3.2903170e-03 8.9624904e-02 5.9814775e-01 2.7439183e-01
 3.3181138e-02 1.2893118e-03 6.5778724e-05 2.4866333e-06]",1,Asian,20-39
/scratch/project_462000771/mengting/projects/bias/hunyuan/prompt2/selected_faces/detected_fearful/fearful_person_0719_face0.png,Latino_Hispanic,White,Female,20-29,"[1.63811803e-01 1.34287679e-04 3.61910850e-01 3.45526874e-01
 1.06495805e-01 1.12820910e-02 1.08382134e-02]",[9.5681071e-01 3.2591925e-05 3.5837039e-02 7.3195752e-03],[0.01590593 0.984094  ],"[7.5406814e-07 5.7915685e-04 1.0384247e-01 7.5414199e-01 1.3549012e-01
 5.7854461e-03 1.4937199e-04 1.0007139e-05 6.5837884e-07]",1,Others,20-39
/scratch/project_462000771/mengting/projects/bias/hunyuan/prompt2/selected_faces/detected_fearful/fearful_person_0720_face0.png,East Asian,Asian,Male,20-29,"[3.1407914e-04 8.5756228e-06 2.0009517e-03 8.5049754e-01 1.4696576e-01
 1.9208285e-04 2.1009510e-05]",[3.4401304e-04 2.1212411e-06 9.9923909e-01 4.1480735e-04],[0.86988497 0.13011503],"[2.8270556e-06 1.0568068e-02 4.6548706e-01 5.0751352e-01 1.6212948e-02
 2.1365158e-04 1.7109519e-06 2.3724476e-07 1.0275902e-08]",1,Asian,20-39
/scratch/project_462000771/mengting/projects/bias/hunyuan/prompt2/selected_faces/detected_fearful/fearful_person_0721_face0.png,White,White,Male,20-29,"[0.75700825 0.00887982 0.08623756 0.00245027 0.00472761 0.08460438
 0.05609201]",[0.67923814 0.0012151  0.00799257 0.31155413],[0.9966504  0.00334963],"[2.7965611e-06 2.4480785e-03 8.2883313e-02 7.4023551e-01 1.6468050e-01
 9.4328607e-03 2.8774035e-04 2.6047346e-05 3.2007131e-06]",1,White,20-39
/scratch/project_462000771/mengting/projects/bias/hunyuan/prompt2/selected_faces/detected_fearful/fearful_person_0722_face0.png,East Asian,Asian,Female,20-29,"[4.6149830e-04 6.8768997e-05 3.0201348e-03 8.9311945e-01 1.0276935e-01
 5.1544432e-04 4.5384277e-05]",[0.01018596 0.00106198 0.9735411  0.015211  ],[0.38052016 0.61947984],"[9.2134218e-07 1.4132179e-03 1.1907462e-01 8.2437593e-01 5.4260563e-02
 8.5995521e-04 1.3590290e-05 1.1630584e-06 4.2133646e-08]",1,Asian,20-39
/scratch/project_462000771/mengting/projects/bias/hunyuan/prompt2/selected_faces/detected_fearful/fearful_person_0723_face0.png,East Asian,Asian,Female,20-29,"[5.8338646e-02 6.5396503e-05 1.8844046e-01 3.7282825e-01 2.8665024e-01
 8.6460099e-02 7.2170044e-03]",[1.6589966e-02 3.5827023e-05 9.5977736e-01 2.3596821e-02],[4.5719140e-04 9.9954283e-01],"[1.0949106e-07 3.7659871e-04 1.7127492e-01 7.8739142e-01 4.0766079e-02
 1.9028517e-04 5.6350291e-07 2.9642216e-08 4.8819576e-10]",1,Asian,20-39
/scratch/project_462000771/mengting/projects/bias/hunyuan/prompt2/selected_faces/detected_fearful/fearful_person_0724_face0.png,Latino_Hispanic,White,Male,20-29,"[0.22661157 0.00733259 0.5943491  0.00188343 0.01033361 0.08827273
 0.07121693]",[0.4377904  0.0512141  0.21866032 0.2923352 ],[9.9999988e-01 1.0758793e-07],"[1.17371926e-08 5.56588304e-07 6.68947876e-04 5.27191520e-01
 4.53900725e-01 1.81403160e-02 9.65665240e-05 1.30309888e-06
 2.09213926e-08]",1,Others,20-39
/scratch/project_462000771/mengting/projects/bias/hunyuan/prompt2/selected_faces/detected_fearful/fearful_person_0725_face0.png,East Asian,Asian,Female,20-29,"[5.7965907e-04 2.1260738e-04 2.5604300e-03 9.0209955e-01 9.3134761e-02
 1.3127160e-03 1.0034821e-04]",[3.1958264e-04 2.8631347e-04 9.9723876e-01 2.1553887e-03],[0.00615801 0.993842  ],"[2.3888588e-06 7.4381480e-04 6.8846144e-02 7.4139708e-01 1.8163857e-01
 7.1537341e-03 1.9760616e-04 1.9725594e-05 9.7696227e-07]",0,Asian,20-39
/scratch/project_462000771/mengting/projects/bias/hunyuan/prompt2/selected_faces/detected_fearful/fearful_person_0726_face0.png,Indian,Asian,Male,20-29,"[0.05707474 0.03554462 0.33004802 0.02375647 0.1091822  0.42367643
 0.02071761]",[0.08307497 0.01079564 0.46323118 0.44289827],[9.999940e-01 6.016393e-06],"[1.2566885e-07 1.3349787e-05 4.3635028e-03 5.3313166e-01 4.3700567e-01
 2.5185719e-02 2.9227379e-04 7.4923710e-06 2.0855381e-07]",1,Others,20-39
/scratch/project_462000771/mengting/projects/bias/hunyuan/prompt2/selected_faces/detected_fearful/fearful_person_0727_face0.png,White,White,Male,20-29,"[0.44568706 0.3755406  0.11118478 0.00255069 0.00797147 0.04479096
 0.01227448]",[0.7347181  0.22554627 0.00535713 0.03437851],[0.99879026 0.00120971],"[6.9193089e-07 2.4094537e-04 2.8751595e-02 6.6146064e-01 2.9017559e-01
 1.8900499e-02 4.3988589e-04 2.7855365e-05 2.2967852e-06]",0,White,20-39
/scratch/project_462000771/mengting/projects/bias/hunyuan/prompt2/selected_faces/detected_fearful/fearful_person_0728_face0.png,East Asian,Asian,Female,20-29,"[1.2224971e-03 1.7478565e-05 4.7734221e-03 7.1865213e-01 2.7219456e-01
 2.9951392e-03 1.4477952e-04]",[2.9846958e-03 1.8038813e-06 9.9497104e-01 2.0425243e-03],[0.01011387 0.98988616],"[2.6177772e-06 5.9136277e-04 3.9205972e-02 7.2414857e-01 2.2725442e-01
 8.6388150e-03 1.4531625e-04 1.2582539e-05 3.1066824e-07]",1,Asian,20-39
/scratch/project_462000771/mengting/projects/bias/hunyuan/prompt2/selected_faces/detected_fearful/fearful_person_0729_face0.png,White,White,Male,30-39,"[5.7674229e-01 9.3123116e-02 2.5331128e-01 1.1316802e-04 3.5426815e-04
 1.9020803e-02 5.7334997e-02]",[0.97033256 0.01154047 0.00530223 0.01282475],[9.9999714e-01 2.8919681e-06],"[2.8588528e-07 1.6900396e-05 1.1757248e-03 3.2572091e-01 6.2696975e-01
 4.5757875e-02 3.5303659e-04 5.3657459e-06 1.0757856e-07]",1,White,20-39
/scratch/project_462000771/mengting/projects/bias/hunyuan/prompt2/selected_faces/detected_fearful/fearful_person_0730_face0.png,East Asian,Asian,Female,20-29,"[1.6341673e-02 3.2731841e-04 4.5010369e-02 6.9752938e-01 9.6059740e-02
 1.4092544e-01 3.8061023e-03]",[2.0611249e-03 7.2718299e-06 9.9448955e-01 3.4420434e-03],[1.5790868e-04 9.9984205e-01],"[3.1839193e-06 4.0142583e-03 1.3827470e-01 7.9288012e-01 6.3906781e-02
 9.1109227e-04 9.0893518e-06 7.8189362e-07 2.4934433e-08]",1,Asian,20-39
/scratch/project_462000771/mengting/projects/bias/hunyuan/prompt2/selected_faces/detected_fearful/fearful_person_0731_face0.png,Southeast Asian,Asian,Male,20-29,"[2.5237950e-03 5.1918831e-02 9.4339676e-02 6.3017026e-02 7.3971707e-01
 4.7976092e-02 5.0753437e-04]",[0.00483095 0.2116676  0.6653482  0.11815326],[9.9999970e-01 3.2192943e-07],"[1.6708796e-06 4.2079319e-03 2.2587547e-01 6.6819739e-01 9.3868040e-02
 7.6057133e-03 2.2998455e-04 1.3300301e-05 3.8665465e-07]",1,Asian,20-39
/scratch/project_462000771/mengting/projects/bias/hunyuan/prompt2/selected_faces/detected_fearful/fearful_person_0732_face0.png,White,White,Male,20-29,"[0.67593855 0.0013518  0.20175219 0.00135314 0.00336901 0.06115042
 0.05508492]",[0.8933255  0.00112133 0.01269805 0.09285507],[9.9998647e-01 1.3542387e-05],"[2.4599038e-07 2.9428449e-05 3.2472028e-03 6.9245541e-01 2.9631770e-01
 7.9024090e-03 4.6409205e-05 1.2251346e-06 3.4212444e-08]",1,White,20-39
/scratch/project_462000771/mengting/projects/bias/hunyuan/prompt2/selected_faces/detected_fearful/fearful_person_0733_face0.png,Indian,Asian,Male,40-49,"[0.00229204 0.0665337  0.04669841 0.00672583 0.2500631  0.62493324
 0.00275365]",[0.00315637 0.04861004 0.7288743  0.21935928],[0.9987567  0.00124331],"[1.3832103e-04 4.6542692e-03 3.3203945e-02 1.3671479e-01 2.2588803e-01
 3.4594202e-01 1.4444071e-01 9.1024399e-02 1.7993558e-02]",0,Others,40-59
/scratch/project_462000771/mengting/projects/bias/hunyuan/prompt2/selected_faces/detected_fearful/fearful_person_0734_face0.png,East Asian,White,Female,20-29,"[0.14977263 0.00822102 0.19846629 0.49842277 0.11406668 0.01713715
 0.01391343]",[0.64237094 0.00094993 0.34517315 0.01150599],[0.16505632 0.83494365],"[1.0162707e-05 2.4877819e-03 3.2898959e-02 7.3479819e-01 2.2241768e-01
 7.2501386e-03 1.2784290e-04 8.7672915e-06 5.4444121e-07]",0,Asian,20-39
/scratch/project_462000771/mengting/projects/bias/hunyuan/prompt2/selected_faces/detected_fearful/fearful_person_0735_face0.png,Southeast Asian,Asian,Male,20-29,"[0.00206427 0.02460683 0.10195303 0.03869684 0.5103421  0.3216835
 0.00065342]",[0.00591854 0.01187832 0.8993117  0.08289145],[9.9999893e-01 1.0534056e-06],"[5.9503776e-08 9.8225399e-05 5.4605592e-02 8.6127031e-01 8.1337020e-02
 2.6583057e-03 2.8998735e-05 1.3842348e-06 3.9761034e-08]",0,Asian,20-39
/scratch/project_462000771/mengting/projects/bias/hunyuan/prompt2/selected_faces/detected_fearful/fearful_person_0736_face0.png,Southeast Asian,Asian,Male,10-19,"[1.8074687e-03 4.4320575e-03 5.3172551e-02 2.4414900e-01 6.3489854e-01
 6.1203573e-02 3.3685754e-04]",[4.5741969e-03 1.9665975e-04 9.8253608e-01 1.2693059e-02],[0.9973071  0.00269289],"[7.1786264e-05 1.5410952e-01 5.3079683e-01 2.9037288e-01 2.3365472e-02
 1.2542654e-03 2.5427329e-05 3.5942044e-06 2.6034243e-07]",1,Asian,10-19
/scratch/project_462000771/mengting/projects/bias/hunyuan/prompt2/selected_faces/detected_fearful/fearful_person_0737_face0.png,East Asian,Asian,Female,10-19,"[4.4037118e-03 2.0527574e-05 1.6280940e-02 7.8874582e-01 1.8726414e-01
 3.0829164e-03 2.0183467e-04]",[5.0499216e-03 4.8373722e-06 9.9370444e-01 1.2408115e-03],[0.00263463 0.9973654 ],"[1.24802827e-05 1.03258312e-01 5.00424147e-01 3.87057096e-01
 9.12745111e-03 1.19578166e-04 8.30312501e-07 9.27424040e-08
 5.19699350e-09]",1,Asian,10-19
/scratch/project_462000771/mengting/projects/bias/hunyuan/prompt2/selected_faces/detected_fearful/fearful_person_0738_face0.png,Black,Indian,Male,30-39,"[7.5692320e-03 8.5371798e-01 6.1664362e-02 4.8891918e-05 1.0975579e-03
 7.0301041e-02 5.6010140e-03]",[0.01600675 0.39931825 0.02298414 0.5616909 ],[9.999393e-01 6.062654e-05],"[2.5608931e-06 1.6578312e-04 5.8609098e-03 2.7481321e-01 5.9236526e-01
 1.2213176e-01 4.5061689e-03 1.4852888e-04 5.7653569e-06]",1,Black,20-39
/scratch/project_462000771/mengting/projects/bias/hunyuan/prompt2/selected_faces/detected_fearful/fearful_person_0739_face0.png,Black,Indian,Male,20-29,"[0.09584186 0.2531857  0.24195826 0.00129122 0.02211907 0.24349117
 0.14211272]",[0.14317527 0.24702337 0.08799514 0.52180624],[9.9999660e-01 3.3968813e-06],"[2.0457712e-05 4.2567654e-03 1.0422572e-01 5.6074828e-01 2.6330766e-01
 5.9487320e-02 6.1921026e-03 1.6208855e-03 1.4089032e-04]",0,Black,20-39
/scratch/project_462000771/mengting/projects/bias/hunyuan/prompt2/selected_faces/detected_fearful/fearful_person_0740_face0.png,East Asian,Asian,Female,20-29,"[2.6365269e-02 1.7751962e-03 7.5098470e-02 5.3595573e-01 3.3014348e-01
 3.0314017e-02 3.4779712e-04]",[0.1106765  0.00210307 0.800826   0.08639444],[0.02719725 0.97280276],"[1.0316335e-06 4.8084101e-03 1.5912908e-01 7.9684228e-01 3.8624439e-02
 5.8570469e-04 8.2693559e-06 7.2852441e-07 6.3347862e-08]",0,Asian,20-39
/scratch/project_462000771/mengting/projects/bias/hunyuan/prompt2/selected_faces/detected_fearful/fearful_person_0741_face0.png,Southeast Asian,Asian,Male,20-29,"[0.00122889 0.02278556 0.06854461 0.0538956  0.47594932 0.37654307
 0.00105287]",[0.02648373 0.01009925 0.5971785  0.36623847],[9.999978e-01 2.213718e-06],"[2.2842678e-06 5.5666419e-04 2.3154860e-02 4.8453310e-01 4.3230763e-01
 5.8129296e-02 1.2704749e-03 4.4603890e-05 1.0578392e-06]",0,Asian,20-39
/scratch/project_462000771/mengting/projects/bias/hunyuan/prompt2/selected_faces/detected_fearful/fearful_person_0742_face0.png,White,White,Male,20-29,"[8.3268225e-01 6.6396877e-02 5.7446197e-02 2.0653736e-04 9.9151616e-04
 3.4359299e-02 7.9173101e-03]",[0.92830795 0.00133525 0.00140903 0.06894778],[9.9998736e-01 1.2625041e-05],"[1.4423779e-07 9.7151824e-06 3.3616307e-03 4.9687943e-01 4.5464605e-01
 4.3495361e-02 1.5348992e-03 6.8917616e-05 3.8558956e-06]",0,White,20-39
/scratch/project_462000771/mengting/projects/bias/hunyuan/prompt2/selected_faces/detected_fearful/fearful_person_0743_face0.png,Southeast Asian,White,Male,20-29,"[0.01994391 0.0095789  0.12119037 0.1922101  0.5919168  0.06411982
 0.00104008]",[0.78157103 0.00702468 0.16405085 0.04735352],[9.9998313e-01 1.6861643e-05],"[1.0750495e-06 1.7608355e-03 1.6037944e-01 8.0011463e-01 3.6937751e-02
 7.9448818e-04 1.1022562e-05 7.0387654e-07 3.2748453e-08]",1,Asian,20-39
/scratch/project_462000771/mengting/projects/bias/hunyuan/prompt2/selected_faces/detected_fearful/fearful_person_0744_face0.png,Latino_Hispanic,Indian,Male,30-39,"[0.01303431 0.25986227 0.42324162 0.00110297 0.01658121 0.23757571
 0.04860192]",[0.01516213 0.11238067 0.11697835 0.75547886],[9.999999e-01 8.103343e-08],"[1.55936334e-06 2.11043836e-04 1.14831198e-02 3.91382515e-01
 4.89611417e-01 1.03202164e-01 3.91274458e-03 1.91454848e-04
 3.92094580e-06]",0,Others,20-39
/scratch/project_462000771/mengting/projects/bias/hunyuan/prompt2/selected_faces/detected_fearful/fearful_person_0746_face0.png,White,White,Male,20-29,"[0.6804355  0.00695004 0.22185245 0.00153106 0.00314584 0.03058319
 0.05550189]",[0.6988623  0.03792266 0.02519995 0.2380151 ],[9.996606e-01 3.393797e-04],"[5.9187374e-07 1.5711025e-04 2.4144873e-02 9.0020472e-01 7.4608780e-02
 8.7799819e-04 5.5002561e-06 3.7819996e-07 2.6534009e-08]",1,White,20-39
/scratch/project_462000771/mengting/projects/bias/hunyuan/prompt2/selected_faces/detected_fearful/fearful_person_0747_face0.png,White,Indian,Male,20-29,"[5.3711313e-01 9.8177783e-02 2.1451318e-01 4.4201050e-04 7.8616301e-03
 1.2205984e-01 1.9832568e-02]",[0.11841208 0.01594458 0.07295433 0.792689  ],[9.9999720e-01 2.8040968e-06],"[3.3985305e-08 4.1390394e-06 2.9624612e-03 5.9769052e-01 3.7231421e-01
 2.6484462e-02 5.2738987e-04 1.6119589e-05 7.0236450e-07]",1,White,20-39
/scratch/project_462000771/mengting/projects/bias/hunyuan/prompt2/selected_faces/detected_fearful/fearful_person_0748_face0.png,Indian,Indian,Male,20-29,"[0.1011085  0.0094267  0.36413112 0.01200574 0.04201242 0.3718478
 0.09946766]",[0.11028223 0.00231481 0.1696159  0.7177871 ],[9.9996495e-01 3.5061421e-05],"[1.85160559e-06 2.47755583e-04 2.50226110e-02 5.35373867e-01
 3.69626552e-01 6.72876760e-02 2.33294279e-03 1.03086764e-04
 3.65653864e-06]",1,Others,20-39
/scratch/project_462000771/mengting/projects/bias/hunyuan/prompt2/selected_faces/detected_fearful/fearful_person_0749_face0.png,White,White,Male,30-39,"[9.5796567e-01 1.5119263e-03 2.5537850e-02 4.2128924e-04 5.8873440e-04
 3.2853934e-03 1.0689090e-02]",[9.8766583e-01 8.1015908e-04 1.3451563e-03 1.0178970e-02],[9.9973142e-01 2.6861174e-04],"[4.0414341e-07 1.0960855e-05 1.1521918e-03 3.5580114e-01 5.8706975e-01
 5.4583292e-02 1.3200158e-03 5.7950005e-05 4.3444534e-06]",1,White,20-39
/scratch/project_462000771/mengting/projects/bias/hunyuan/prompt2/selected_faces/detected_fearful/fearful_person_0750_face0.png,White,White,Male,30-39,"[8.3825946e-01 4.9028970e-02 7.6629743e-02 1.7466229e-04 6.2391814e-04
 9.5037995e-03 2.5779407e-02]",[0.9153456  0.01342416 0.04201428 0.02921598],[9.9998301e-01 1.6967257e-05],"[1.4134308e-07 1.6240587e-05 2.7159660e-03 4.0399110e-01 5.3455925e-01
 5.7442542e-02 1.2544650e-03 1.9376737e-05 8.9129117e-07]",0,White,20-39
/scratch/project_462000771/mengting/projects/bias/hunyuan/prompt2/selected_faces/detected_fearful/fearful_person_0751_face0.png,White,White,Female,20-29,"[0.45263946 0.00181628 0.38907015 0.0503168  0.03572892 0.02868127
 0.04174712]",[7.3565763e-01 2.8951647e-04 2.2253819e-01 4.1514635e-02],[0.00233982 0.99766016],"[2.3491027e-06 1.0060361e-03 7.3808119e-02 7.1217936e-01 2.0422503e-01
 8.4614232e-03 2.9588331e-04 2.0150566e-05 1.6388075e-06]",0,White,20-39
/scratch/project_462000771/mengting/projects/bias/hunyuan/prompt2/selected_faces/detected_fearful/fearful_person_0752_face0.png,Middle Eastern,Indian,Male,30-39,"[1.9250251e-02 1.9159256e-01 2.4868934e-01 3.0636686e-04 4.4142213e-03
 1.0820437e-01 4.2754290e-01]",[0.08209138 0.25135207 0.11014532 0.55641127],[1.000000e+00 6.216925e-09],"[5.1984113e-08 4.1358999e-06 6.9723948e-04 2.5605053e-01 6.3474792e-01
 1.0639836e-01 2.0262098e-03 7.4379917e-05 1.1748539e-06]",1,Others,20-39
/scratch/project_462000771/mengting/projects/bias/hunyuan/prompt2/selected_faces/detected_fearful/fearful_person_0753_face0.png,East Asian,Asian,Male,20-29,"[0.01574195 0.0028751  0.05369039 0.48620334 0.4051888  0.02962569
 0.00667474]",[3.7043859e-04 3.4073822e-05 9.9167043e-01 7.9250503e-03],[0.7862127 0.2137873],"[2.6127686e-06 2.2168130e-04 3.4635138e-02 5.8697283e-01 3.3606234e-01
 3.9354362e-02 2.3522906e-03 3.6838165e-04 3.0439682e-05]",0,Asian,20-39
/scratch/project_462000771/mengting/projects/bias/hunyuan/prompt2/selected_faces/detected_fearful/fearful_person_0754_face0.png,East Asian,Asian,Female,20-29,"[1.0963272e-03 3.8989947e-06 2.7713196e-03 8.5267848e-01 1.4320496e-01
 1.8278488e-04 6.2195199e-05]",[6.8775803e-02 1.2308986e-05 9.2952096e-01 1.6909370e-03],[0.05550117 0.94449884],"[2.2860121e-07 5.9782114e-04 1.4857991e-01 8.0415928e-01 4.6051633e-02
 6.0469075e-04 5.9705494e-06 4.3352676e-07 1.2035027e-08]",1,Asian,20-39
/scratch/project_462000771/mengting/projects/bias/hunyuan/prompt2/selected_faces/detected_fearful/fearful_person_0755_face0.png,Southeast Asian,Asian,Female,20-29,"[0.02742962 0.00809799 0.11108006 0.37159505 0.43603483 0.04454095
 0.00122157]",[5.7074199e-03 6.0731738e-05 9.8582143e-01 8.4104193e-03],[4.5489692e-04 9.9954510e-01],"[2.3768634e-05 1.5479637e-02 1.1005534e-01 8.2515234e-01 4.8697717e-02
 5.8587134e-04 4.9762907e-06 2.8729329e-07 1.5709746e-08]",0,Asian,20-39
/scratch/project_462000771/mengting/projects/bias/hunyuan/prompt2/selected_faces/detected_fearful/fearful_person_0756_face0.png,Southeast Asian,Asian,Male,20-29,"[0.00461212 0.00333133 0.05964473 0.24338418 0.56823707 0.11910088
 0.00168974]",[6.8362302e-04 1.1251055e-03 9.4207650e-01 5.6114729e-02],[9.999870e-01 1.296556e-05],"[1.3883780e-06 1.6475021e-04 1.6455399e-02 5.1507604e-01 3.9987752e-01
 6.5230183e-02 2.8763679e-03 3.0478920e-04 1.3606592e-05]",0,Asian,20-39
/scratch/project_462000771/mengting/projects/bias/hunyuan/prompt2/selected_faces/detected_fearful/fearful_person_0757_face0.png,Southeast Asian,Asian,Female,20-29,"[6.3743770e-05 1.4536678e-04 2.2156644e-03 2.9749915e-01 6.9272584e-01
 7.3129470e-03 3.7225785e-05]",[1.686035e-04 2.504677e-05 9.889906e-01 1.081572e-02],[0.00599247 0.9940075 ],"[8.3928289e-06 3.2445355e-03 1.4909837e-01 5.0014728e-01 3.1021506e-01
 3.4986805e-02 1.8941503e-03 3.8066294e-04 2.4784871e-05]",1,Asian,20-39
/scratch/project_462000771/mengting/projects/bias/hunyuan/prompt2/selected_faces/detected_fearful/fearful_person_0758_face0.png,East Asian,Asian,Female,20-29,"[0.06475209 0.00202347 0.26095203 0.2712233  0.26209643 0.13458325
 0.00436938]",[1.01496845e-01 5.17722685e-04 8.67937505e-01 3.00479699e-02],[0.04807562 0.9519244 ],"[1.1106625e-04 2.3492335e-01 2.7013782e-01 4.6299052e-01 3.1163007e-02
 6.6644576e-04 6.8084646e-06 8.8230888e-07 9.7452080e-08]",0,Asian,20-39
/scratch/project_462000771/mengting/projects/bias/hunyuan/prompt2/selected_faces/detected_fearful/fearful_person_0759_face0.png,East Asian,Asian,Female,20-29,"[9.5313802e-02 2.0184259e-04 1.4950423e-01 5.3833359e-01 1.0536885e-01
 9.3108863e-02 1.8168837e-02]",[3.2028621e-01 8.6920474e-05 4.7687176e-01 2.0275514e-01],[0.00809735 0.99190265],"[2.1061767e-05 3.1606004e-02 2.6633719e-01 6.6640931e-01 3.4388389e-02
 1.2000857e-03 3.1209715e-05 6.1003061e-06 7.1128221e-07]",0,Asian,20-39
/scratch/project_462000771/mengting/projects/bias/hunyuan/prompt2/selected_faces/detected_fearful/fearful_person_0760_face0.png,Southeast Asian,Asian,Male,20-29,"[1.0299712e-03 3.8916703e-02 3.5735030e-02 1.3371782e-01 7.5795573e-01
 3.2088220e-02 5.5646984e-04]",[0.00110514 0.02611248 0.9088548  0.06392762],[0.86194426 0.1380557 ],"[6.2331157e-05 2.6478499e-02 1.8473740e-01 6.5051705e-01 1.2614985e-01
 1.1066443e-02 7.6027249e-04 1.9375443e-04 3.4390479e-05]",1,Asian,20-39
/scratch/project_462000771/mengting/projects/bias/hunyuan/prompt2/selected_faces/detected_fearful/fearful_person_0761_face0.png,White,White,Male,30-39,"[6.1508799e-01 1.0778431e-02 2.7118719e-01 1.1009439e-04 4.4154678e-04
 4.4593401e-02 5.7801388e-02]",[9.3207353e-01 6.7835522e-04 1.3803728e-03 6.5867789e-02],[9.999188e-01 8.117979e-05],"[8.6048310e-08 6.5383210e-06 6.5035059e-04 2.9078779e-01 6.7298865e-01
 3.5388634e-02 1.7564147e-04 2.2644360e-06 7.1110428e-08]",1,White,20-39
/scratch/project_462000771/mengting/projects/bias/hunyuan/prompt2/selected_faces/detected_fearful/fearful_person_0762_face0.png,Southeast Asian,Asian,Male,30-39,"[0.0066865  0.01900515 0.05660229 0.18919094 0.6716936  0.05207416
 0.00474739]",[1.0530257e-02 7.4864377e-04 9.1338450e-01 7.5336516e-02],[9.999235e-01 7.645694e-05],"[9.1362184e-05 1.2020371e-02 5.4265589e-02 2.7636218e-01 3.6249962e-01
 2.1687227e-01 5.8946755e-02 1.6696500e-02 2.2454048e-03]",1,Asian,20-39
/scratch/project_462000771/mengting/projects/bias/hunyuan/prompt2/selected_faces/detected_fearful/fearful_person_0763_face0.png,Southeast Asian,Asian,Female,20-29,"[8.9476956e-04 2.2065784e-03 2.2010155e-02 4.6563530e-01 4.8719129e-01
 2.1959612e-02 1.0239961e-04]",[0.01331443 0.00246236 0.9256868  0.05853643],[0.25131476 0.74868524],"[1.05093896e-07 2.73834215e-04 1.25906780e-01 8.17981780e-01
 5.51819541e-02 6.51276379e-04 3.92948277e-06 3.05548156e-07
 1.19554384e-08]",1,Asian,20-39
/scratch/project_462000771/mengting/projects/bias/hunyuan/prompt2/selected_faces/detected_fearful/fearful_person_0764_face0.png,White,White,Male,20-29,"[8.0339277e-01 7.5623655e-04 9.8184936e-02 5.3222460e-04 1.3636028e-03
 1.6664343e-02 7.9105906e-02]",[0.967001   0.00479712 0.00975542 0.01844648],[9.9999785e-01 2.1124706e-06],"[1.1243663e-07 9.7498923e-06 1.8735930e-03 4.9814594e-01 4.6725839e-01
 3.2450307e-02 2.5614921e-04 5.5848245e-06 1.7199319e-07]",1,White,20-39
/scratch/project_462000771/mengting/projects/bias/hunyuan/prompt2/selected_faces/detected_fearful/fearful_person_0765_face0.png,Southeast Asian,Asian,Female,20-29,"[0.01513247 0.00733513 0.16432938 0.27016813 0.40228766 0.13739079
 0.00335644]",[0.12346227 0.0012054  0.82715154 0.04818074],[0.22000782 0.77999216],"[6.1203273e-06 1.9353407e-02 3.5513553e-01 5.5085546e-01 7.2059177e-02
 2.5154804e-03 6.6958732e-05 7.2780426e-06 5.8628723e-07]",1,Asian,20-39
/scratch/project_462000771/mengting/projects/bias/hunyuan/prompt2/selected_faces/detected_fearful/fearful_person_0766_face0.png,White,White,Male,30-39,"[0.56160176 0.10859169 0.24921736 0.00195434 0.00915932 0.02907967
 0.04039602]",[0.9371239  0.02146654 0.03358576 0.0078238 ],[9.9987358e-01 1.2640237e-04],"[6.9474044e-07 1.5606816e-05 1.5913086e-03 2.9769275e-01 5.3022975e-01
 1.5720129e-01 1.2484213e-02 7.5217435e-04 3.2310207e-05]",0,White,20-39
/scratch/project_462000771/mengting/projects/bias/hunyuan/prompt2/selected_faces/detected_fearful/fearful_person_0767_face0.png,Southeast Asian,Asian,Male,20-29,"[0.00494762 0.02573906 0.08575688 0.10442086 0.42491415 0.35291594
 0.00130552]",[0.0069345  0.00311032 0.80910397 0.18085127],[0.9964968  0.00350323],"[5.0187464e-06 1.5524143e-03 6.2577181e-02 6.6574287e-01 2.4612758e-01
 2.3275601e-02 6.7203870e-04 4.4854838e-05 2.3687082e-06]",0,Asian,20-39
/scratch/project_462000771/mengting/projects/bias/hunyuan/prompt2/selected_faces/detected_fearful/fearful_person_0768_face0.png,White,Indian,Male,30-39,"[0.5403245  0.00448451 0.27986717 0.00787611 0.01797672 0.07745994
 0.07201108]",[0.29637757 0.00538502 0.2965024  0.40173504],[9.990902e-01 9.098277e-04],"[8.7783528e-06 7.5625145e-04 3.1631500e-02 4.1014081e-01 4.1623074e-01
 1.2676832e-01 1.2962996e-02 1.3815636e-03 1.1909942e-04]",1,White,20-39
/scratch/project_462000771/mengting/projects/bias/hunyuan/prompt2/selected_faces/detected_fearful/fearful_person_0769_face0.png,Indian,White,Female,10-19,"[0.06277851 0.00833878 0.42028242 0.00901236 0.04375052 0.44816595
 0.00767141]",[0.84226006 0.00092319 0.11557126 0.04124546],[0.00598725 0.9940128 ],"[3.0402341e-06 8.1329159e-02 6.9982266e-01 2.0796461e-01 1.0711051e-02
 1.6746574e-04 1.8062563e-06 2.4717681e-07 2.1473774e-08]",1,Others,10-19
/scratch/project_462000771/mengting/projects/bias/hunyuan/prompt2/selected_faces/detected_fearful/fearful_person_0770_face0.png,Southeast Asian,Asian,Female,10-19,"[4.1820116e-02 4.8520626e-04 9.1132134e-02 2.2104223e-01 5.3610319e-01
 1.0097848e-01 8.4386338e-03]",[8.1102438e-03 1.2932417e-04 9.0760386e-01 8.4156558e-02],[0.00265152 0.9973484 ],"[3.8913320e-05 7.1148142e-02 4.6468320e-01 3.8788986e-01 7.1174003e-02
 4.8440471e-03 1.7502863e-04 4.1243464e-05 5.4645748e-06]",1,Asian,10-19
/scratch/project_462000771/mengting/projects/bias/hunyuan/prompt2/selected_faces/detected_fearful/fearful_person_0771_face0.png,East Asian,Asian,Female,20-29,"[0.05199319 0.00072524 0.19701748 0.4676986  0.24161673 0.03759614
 0.00335257]",[9.7425625e-02 1.8201806e-04 7.7321631e-01 1.2917604e-01],[0.32224205 0.677758  ],"[5.1678188e-07 1.0215102e-02 4.1459763e-01 5.6956774e-01 5.5890288e-03
 2.9755947e-05 2.0292954e-07 2.1932658e-08 1.7667163e-09]",1,Asian,20-39
/scratch/project_462000771/mengting/projects/bias/hunyuan/prompt2/selected_faces/detected_fearful/fearful_person_0773_face0.png,Southeast Asian,Asian,Female,10-19,"[0.07549006 0.00144842 0.2851504  0.13698456 0.4042199  0.09322386
 0.00348276]",[0.26817325 0.00083817 0.7083159  0.02267262],[0.24255562 0.7574444 ],"[1.26062150e-04 2.54722655e-01 4.97545511e-01 2.22054482e-01
 2.34234631e-02 1.99449621e-03 1.07520056e-04 2.22716626e-05
 3.59042133e-06]",1,Asian,10-19
/scratch/project_462000771/mengting/projects/bias/hunyuan/prompt2/selected_faces/detected_fearful/fearful_person_0774_face0.png,Indian,Indian,Male,40-49,"[0.09803598 0.05389378 0.24371593 0.00090703 0.01166201 0.3154942
 0.276291  ]",[0.17030258 0.02659322 0.2646141  0.5384901 ],[9.9996626e-01 3.3755750e-05],"[5.4766324e-06 3.6780119e-05 1.9637225e-03 6.6471875e-02 1.6741091e-01
 3.3172303e-01 2.8495497e-01 1.3564321e-01 1.1790121e-02]",1,Others,40-59
/scratch/project_462000771/mengting/projects/bias/hunyuan/prompt2/selected_faces/detected_fearful/fearful_person_0775_face0.png,Black,Indian,Male,20-29,"[0.01903703 0.48568517 0.3166314  0.00359076 0.03714458 0.12052489
 0.01738615]",[0.02474163 0.09880016 0.34409744 0.5323608 ],[9.9999964e-01 3.8448360e-07],"[3.88049415e-08 7.95214146e-06 6.94821542e-03 7.46301234e-01
 2.38524079e-01 8.11598077e-03 1.00222394e-04 2.22530230e-06
 5.23696606e-08]",1,Black,20-39
/scratch/project_462000771/mengting/projects/bias/hunyuan/prompt2/selected_faces/detected_fearful/fearful_person_0776_face0.png,White,Indian,Male,30-39,"[0.5109768  0.00827963 0.29819557 0.00152516 0.0072069  0.12731819
 0.04649786]",[0.3077754  0.02761796 0.06463547 0.5999711 ],[9.9999583e-01 4.1862045e-06],"[3.4808568e-07 1.7744338e-05 1.4383377e-03 4.1923779e-01 5.5010027e-01
 2.8960107e-02 2.4052431e-04 4.8281813e-06 1.3523501e-07]",0,White,20-39
/scratch/project_462000771/mengting/projects/bias/hunyuan/prompt2/selected_faces/detected_fearful/fearful_person_0777_face0.png,Indian,Indian,Female,20-29,"[0.04862093 0.00316561 0.28044316 0.08245603 0.06898257 0.50064313
 0.01568857]",[0.15923105 0.00805047 0.09690033 0.7358182 ],[0.38738492 0.6126151 ],"[3.8226688e-05 8.4813617e-02 3.7057492e-01 5.2264464e-01 2.1469206e-02
 4.4735614e-04 1.0065870e-05 1.7749254e-06 1.9574398e-07]",1,Others,20-39
/scratch/project_462000771/mengting/projects/bias/hunyuan/prompt2/selected_faces/detected_fearful/fearful_person_0778_face0.png,East Asian,Asian,Female,20-29,"[1.2703181e-02 1.9812529e-05 1.7404357e-02 7.0843601e-01 2.5963828e-01
 1.7401291e-03 5.8253681e-05]",[1.7770154e-02 4.5859633e-05 9.8159188e-01 5.9214130e-04],[0.00359482 0.9964052 ],"[1.2387427e-07 2.8906916e-03 3.4075633e-01 6.5224236e-01 4.1010496e-03
 9.4536035e-06 2.5828266e-08 1.6655676e-09 6.9461617e-11]",1,Asian,20-39
/scratch/project_462000771/mengting/projects/bias/hunyuan/prompt2/selected_faces/detected_fearful/fearful_person_0779_face0.png,White,White,Male,20-29,"[7.3031229e-01 5.4845901e-04 1.6244763e-01 4.1254546e-04 1.2293109e-03
 3.0417049e-02 7.4632742e-02]",[0.79282933 0.01252211 0.02004566 0.17460294],[9.9999833e-01 1.6647970e-06],"[7.1292682e-08 1.3389646e-05 1.8759676e-03 6.9904184e-01 2.9449663e-01
 4.5635593e-03 8.4328958e-06 1.7311744e-07 3.9051775e-09]",1,White,20-39
/scratch/project_462000771/mengting/projects/bias/hunyuan/prompt2/selected_faces/detected_fearful/fearful_person_0780_face0.png,Southeast Asian,Asian,Male,20-29,"[0.00940384 0.00347185 0.09121605 0.16881537 0.43573314 0.2900088
 0.00135099]",[0.02342091 0.0006959  0.5341699  0.44171327],[0.9824997  0.01750031],"[1.1259269e-06 1.8746082e-03 1.9260499e-01 7.6346964e-01 4.0806990e-02
 1.2197201e-03 2.0643265e-05 2.1042267e-06 1.6737533e-07]",1,Asian,20-39
/scratch/project_462000771/mengting/projects/bias/hunyuan/prompt2/selected_faces/detected_fearful/fearful_person_0782_face0.png,Indian,Indian,Male,20-29,"[0.01831958 0.04298141 0.18553606 0.00090843 0.00822141 0.6956956
 0.04833758]",[0.1253562  0.11693107 0.25694233 0.50077033],[9.9999964e-01 3.6698958e-07],"[4.97517988e-07 5.32974838e-04 6.05450422e-02 8.66574228e-01
 7.07645640e-02 1.56953884e-03 1.22313395e-05 9.17175953e-07
 2.42836649e-08]",1,Others,20-39
/scratch/project_462000771/mengting/projects/bias/hunyuan/prompt2/selected_faces/detected_fearful/fearful_person_0783_face0.png,White,Indian,Male,20-29,"[0.39240292 0.00851241 0.33705512 0.05280967 0.0665336  0.05480635
 0.08787994]",[0.32613286 0.04871011 0.19795915 0.4271979 ],[9.999925e-01 7.534183e-06],"[4.1262254e-07 5.1533825e-05 6.3663307e-03 6.8524057e-01 2.9614174e-01
 1.2045034e-02 1.4507773e-04 8.9520208e-06 4.1531862e-07]",1,White,20-39
/scratch/project_462000771/mengting/projects/bias/hunyuan/prompt2/selected_faces/detected_fearful/fearful_person_0784_face0.png,East Asian,Asian,Male,20-29,"[5.1615508e-03 5.4293772e-04 2.6320815e-02 6.7483121e-01 2.8562719e-01
 7.0211459e-03 4.9508258e-04]",[5.8426666e-03 1.1147153e-04 9.9350429e-01 5.4164778e-04],[0.9615408  0.03845922],"[5.2101581e-07 5.1211548e-04 8.6949930e-02 7.6919520e-01 1.3723660e-01
 5.9844586e-03 1.1319879e-04 7.5457133e-06 4.7743208e-07]",1,Asian,20-39
/scratch/project_462000771/mengting/projects/bias/hunyuan/prompt2/selected_faces/detected_fearful/fearful_person_0785_face0.png,East Asian,Asian,Female,20-29,"[3.82066369e-02 2.14036205e-04 1.02788225e-01 4.98232901e-01
 2.60842115e-01 9.55935419e-02 4.12258413e-03]",[2.075492e-02 3.373118e-05 9.490683e-01 3.014297e-02],[0.01882206 0.9811779 ],"[5.5397550e-06 6.2845130e-03 2.1181759e-01 6.7645842e-01 1.0120436e-01
 4.1419268e-03 7.7799341e-05 9.3840827e-06 4.8995116e-07]",1,Asian,20-39
/scratch/project_462000771/mengting/projects/bias/hunyuan/prompt2/selected_faces/detected_fearful/fearful_person_0786_face0.png,East Asian,Asian,Female,20-29,"[1.9520031e-03 2.2932154e-05 2.3483429e-03 9.3227226e-01 6.2678397e-02
 6.4676884e-04 7.9270656e-05]",[2.2388683e-03 2.1254316e-06 9.9769962e-01 5.9431040e-05],[0.00150051 0.9984995 ],"[3.5245439e-06 2.3564228e-03 1.5312324e-01 7.9060358e-01 5.2402623e-02
 1.4896223e-03 1.9168308e-05 1.7683884e-06 7.4045133e-08]",0,Asian,20-39
/scratch/project_462000771/mengting/projects/bias/hunyuan/prompt2/selected_faces/detected_fearful/fearful_person_0787_face0.png,White,White,Male,30-39,"[0.3972672  0.05745653 0.32102728 0.00364503 0.00842872 0.07424388
 0.13793135]",[0.6260138  0.00536892 0.19233176 0.17628555],[9.9982214e-01 1.7790878e-04],"[4.0573016e-07 1.1415215e-05 2.0351533e-03 2.1303602e-01 6.2670714e-01
 1.5130463e-01 6.6986475e-03 1.9892104e-04 7.6559236e-06]",0,White,20-39
/scratch/project_462000771/mengting/projects/bias/hunyuan/prompt2/selected_faces/detected_fearful/fearful_person_0788_face0.png,White,White,Male,30-39,"[3.6490744e-01 8.1564903e-02 3.4660453e-01 1.3084711e-04 4.0047252e-04
 7.1177132e-02 1.3521457e-01]",[9.0495193e-01 7.7002360e-03 5.2572775e-04 8.6822145e-02],[9.9997324e-01 2.6838672e-05],"[1.3475149e-07 2.3308996e-06 5.2725291e-04 3.3528811e-01 6.1595798e-01
 4.7329959e-02 8.5415406e-04 3.8658774e-05 1.4036367e-06]",1,White,20-39
/scratch/project_462000771/mengting/projects/bias/hunyuan/prompt2/selected_faces/detected_fearful/fearful_person_0790_face0.png,Latino_Hispanic,Indian,Male,20-29,"[0.0993335  0.1428986  0.3961916  0.00402212 0.02567207 0.27171966
 0.06016252]",[0.08823144 0.08288392 0.10283405 0.7260506 ],[9.999999e-01 7.354033e-08],"[1.0222381e-08 1.3661505e-06 1.5027954e-03 7.7900153e-01 2.1701714e-01
 2.4660709e-03 1.0679268e-05 3.8653681e-07 1.0970770e-08]",1,Others,20-39
/scratch/project_462000771/mengting/projects/bias/hunyuan/prompt2/selected_faces/detected_fearful/fearful_person_0791_face0.png,East Asian,Asian,Female,20-29,"[1.9958541e-03 1.3101973e-04 8.5926009e-03 7.8687072e-01 2.0089945e-01
 1.4351542e-03 7.5226315e-05]",[2.2353521e-03 4.8988950e-05 9.9696463e-01 7.5103488e-04],[0.0734642 0.9265358],"[1.7407115e-06 5.3481264e-03 2.5880387e-01 7.0635009e-01 2.8886084e-02
 6.0238998e-04 6.8176319e-06 7.9766596e-07 4.6914128e-08]",0,Asian,20-39
/scratch/project_462000771/mengting/projects/bias/hunyuan/prompt2/selected_faces/detected_fearful/fearful_person_0792_face0.png,Latino_Hispanic,Asian,Male,20-29,"[0.38586172 0.0054658  0.41981274 0.0077381  0.04622945 0.10386159
 0.03103052]",[0.01590326 0.02316101 0.89391196 0.06702375],[9.999986e-01 1.357462e-06],"[6.6270411e-09 6.2127392e-06 8.5691251e-03 8.4070438e-01 1.4891286e-01
 1.8001334e-03 7.0952728e-06 1.9789964e-07 4.4093773e-09]",1,Others,20-39
/scratch/project_462000771/mengting/projects/bias/hunyuan/prompt2/selected_faces/detected_fearful/fearful_person_0793_face0.png,Indian,Asian,Male,30-39,"[0.03553214 0.02753735 0.17064089 0.02378406 0.34038445 0.39713603
 0.00498512]",[0.02593267 0.00751657 0.5588672  0.40768358],[9.998596e-01 1.404416e-04],"[2.2166843e-05 1.9885965e-03 3.4963928e-02 2.5140411e-01 3.3992192e-01
 2.8730810e-01 7.5469740e-02 8.4366370e-03 4.8477572e-04]",0,Others,20-39
/scratch/project_462000771/mengting/projects/bias/hunyuan/prompt2/selected_faces/detected_fearful/fearful_person_0794_face0.png,Latino_Hispanic,Indian,Male,20-29,"[4.2299639e-02 4.2955492e-02 4.0167841e-01 8.0885031e-05 2.5096128e-03
 3.3598340e-01 1.7449255e-01]",[0.0663     0.02151915 0.02663504 0.88554585],[9.9999994e-01 4.2572697e-08],"[2.3322892e-07 1.9284247e-05 6.4055179e-03 5.4092014e-01 4.1541702e-01
 3.6555886e-02 6.5819576e-04 2.3403005e-05 3.3487228e-07]",1,Others,20-39
/scratch/project_462000771/mengting/projects/bias/hunyuan/prompt2/selected_faces/detected_fearful/fearful_person_0795_face0.png,White,White,Male,20-29,"[0.43169594 0.19407117 0.21158443 0.00154875 0.01168891 0.06173767
 0.08767318]",[0.9723772  0.00471704 0.01013005 0.01277577],[9.999904e-01 9.601843e-06],"[9.2353936e-08 1.6919499e-05 4.7180676e-03 5.4270017e-01 4.2791432e-01
 2.4241120e-02 3.9669566e-04 1.2230226e-05 3.9954796e-07]",0,White,20-39
/scratch/project_462000771/mengting/projects/bias/hunyuan/prompt2/selected_faces/detected_fearful/fearful_person_0796_face0.png,Latino_Hispanic,Indian,Male,20-29,"[2.5717485e-01 8.0462527e-03 3.5084593e-01 1.7100037e-04 7.4412365e-04
 1.1854979e-01 2.6446801e-01]",[0.3606835  0.06237876 0.05199244 0.5249453 ],[9.9999934e-01 6.4459107e-07],"[2.8031752e-07 2.5613619e-05 5.4482594e-03 7.0724171e-01 2.7474272e-01
 1.2341704e-02 1.9169223e-04 7.7644190e-06 1.8223881e-07]",1,Others,20-39
/scratch/project_462000771/mengting/projects/bias/hunyuan/prompt2/selected_faces/detected_fearful/fearful_person_0797_face0.png,East Asian,Asian,Female,20-29,"[1.7267816e-02 1.8847357e-04 5.3466864e-02 5.7016534e-01 3.4729016e-01
 1.0726978e-02 8.9445338e-04]",[8.1326589e-02 1.5507851e-04 8.9708245e-01 2.1435922e-02],[0.01034026 0.9896597 ],"[7.5361453e-07 6.2642898e-03 3.6167327e-01 6.2292546e-01 9.0600578e-03
 7.5844306e-05 2.9553286e-07 2.7264935e-08 1.8223008e-09]",1,Asian,20-39
/scratch/project_462000771/mengting/projects/bias/hunyuan/prompt2/selected_faces/detected_fearful/fearful_person_0798_face0.png,Latino_Hispanic,Indian,Male,20-29,"[0.08113813 0.02077094 0.60028905 0.02189422 0.08764964 0.14939067
 0.03886731]",[0.0721439  0.05025009 0.14427489 0.73333114],[9.9995989e-01 4.0127456e-05],"[4.43059974e-07 2.15816661e-04 1.01194121e-01 7.84828901e-01
 1.07596695e-01 5.89024741e-03 2.34737745e-04 3.64500229e-05
 2.66578832e-06]",1,Others,20-39
/scratch/project_462000771/mengting/projects/bias/hunyuan/prompt2/selected_faces/detected_fearful/fearful_person_0799_face0.png,Latino_Hispanic,Asian,Male,20-29,"[0.05868261 0.01190599 0.5334084  0.02377482 0.27505672 0.07778985
 0.0193816 ]",[0.03061371 0.0571887  0.6590296  0.253168  ],[9.9999905e-01 9.4229432e-07],"[2.0433575e-07 2.7787380e-04 8.0858238e-02 7.9950404e-01 1.1460258e-01
 4.6868301e-03 6.7235407e-05 2.9526148e-06 7.6547686e-08]",1,Others,20-39
/scratch/project_462000771/mengting/projects/bias/hunyuan/prompt2/selected_faces/detected_fearful/fearful_person_0800_face0.png,White,White,Male,20-29,"[8.9373583e-01 5.2443100e-04 8.2713760e-02 3.7158137e-05 2.0833360e-04
 6.6391216e-03 1.6141299e-02]",[0.98491937 0.00139644 0.00411366 0.00957055],[9.9999964e-01 3.9503325e-07],"[4.5230979e-09 3.2973375e-07 7.0551323e-04 5.1147711e-01 4.7449291e-01
 1.3248023e-02 7.4764983e-05 1.3237875e-06 2.0471941e-08]",0,White,20-39
/scratch/project_462000771/mengting/projects/bias/hunyuan/prompt2/selected_faces/detected_fearful/fearful_person_0801_face0.png,East Asian,Asian,Male,20-29,"[1.77074179e-01 2.90985015e-04 1.09332785e-01 3.75001758e-01
 3.32955927e-01 2.73984834e-03 2.60452856e-03]",[9.1911741e-03 8.4892054e-05 9.8942786e-01 1.2960603e-03],[9.9999934e-01 6.5253676e-07],"[1.2233748e-08 3.8929466e-05 2.7350558e-02 9.4285119e-01 2.9568462e-02
 1.8986587e-04 9.6799079e-07 3.9297952e-08 7.6266993e-10]",1,Asian,20-39
/scratch/project_462000771/mengting/projects/bias/hunyuan/prompt2/selected_faces/detected_fearful/fearful_person_0802_face0.png,East Asian,Asian,Female,20-29,"[1.6817657e-03 1.7894177e-04 6.7895763e-03 7.8733575e-01 1.9216685e-01
 1.1549697e-02 2.9739950e-04]",[7.0618041e-04 2.0323929e-05 9.9784231e-01 1.4311675e-03],[0.02720726 0.97279274],"[4.3647336e-07 7.3705928e-04 1.6039763e-01 7.8204417e-01 5.6225862e-02
 5.8971386e-04 4.7494191e-06 4.0218478e-07 1.2804769e-08]",1,Asian,20-39
/scratch/project_462000771/mengting/projects/bias/hunyuan/prompt2/selected_faces/detected_fearful/fearful_person_0803_face0.png,Southeast Asian,Asian,Male,20-29,"[0.04493528 0.01465004 0.31757402 0.22320697 0.32683545 0.06175609
 0.01104218]",[0.04560846 0.00313888 0.8657817  0.08547096],[9.9944293e-01 5.5705133e-04],"[2.5642939e-06 1.5870447e-03 9.0589687e-02 8.4436101e-01 6.2017985e-02
 1.4130255e-03 2.5794396e-05 2.7337485e-06 1.4642508e-07]",0,Asian,20-39
/scratch/project_462000771/mengting/projects/bias/hunyuan/prompt2/selected_faces/detected_fearful/fearful_person_0804_face0.png,White,Indian,Male,20-29,"[4.5043081e-01 2.0164087e-02 2.5647947e-01 6.6261025e-05 5.9004559e-04
 1.4362755e-01 1.2864181e-01]",[0.19108613 0.04529617 0.01237988 0.75123787],[9.9999911e-01 9.3200276e-07],"[5.9353592e-08 6.5828103e-06 2.7395352e-03 5.0325382e-01 4.7331792e-01
 2.0538440e-02 1.4114669e-04 2.4152341e-06 5.1451455e-08]",1,White,20-39
/scratch/project_462000771/mengting/projects/bias/hunyuan/prompt2/selected_faces/detected_fearful/fearful_person_0805_face0.png,Latino_Hispanic,Asian,Male,20-29,"[0.06588041 0.17707235 0.6002931  0.009616   0.06427685 0.03564257
 0.04721878]",[0.29881    0.07454109 0.40907463 0.21757424],[9.999997e-01 3.139296e-07],"[2.0793775e-06 3.8739413e-04 2.7749216e-02 7.7079690e-01 1.8850623e-01
 1.2128820e-02 3.9083432e-04 3.7161208e-05 1.3020244e-06]",0,Others,20-39
/scratch/project_462000771/mengting/projects/bias/hunyuan/prompt2/selected_faces/detected_fearful/fearful_person_0806_face0.png,Southeast Asian,Asian,Male,20-29,"[0.01784842 0.0010061  0.1607591  0.32816875 0.42695683 0.06350919
 0.00175162]",[0.30793366 0.00143944 0.36910954 0.32151735],[0.9442487 0.0557513],"[3.6458837e-06 2.4076549e-02 3.9448690e-01 5.6223732e-01 1.8920228e-02
 2.7274736e-04 2.4157334e-06 2.1881495e-07 1.5712272e-08]",1,Asian,20-39
/scratch/project_462000771/mengting/projects/bias/hunyuan/prompt2/selected_faces/detected_fearful/fearful_person_0807_face0.png,East Asian,Asian,Female,20-29,"[4.3596313e-04 8.8172637e-06 7.5574231e-04 8.3615404e-01 1.6197391e-01
 6.6340662e-04 8.1092758e-06]",[1.5849062e-03 4.0867499e-06 9.9804646e-01 3.6456806e-04],[0.20967397 0.79032606],"[5.6086753e-07 3.0639565e-03 3.3004993e-01 6.5483427e-01 1.1970329e-02
 8.0409212e-05 4.6624189e-07 5.7509670e-08 2.4487630e-09]",1,Asian,20-39
/scratch/project_462000771/mengting/projects/bias/hunyuan/prompt2/selected_faces/detected_fearful/fearful_person_0808_face0.png,Indian,Indian,Male,30-39,"[0.09109561 0.01071922 0.15123315 0.00090043 0.0033065  0.6760942
 0.06665091]",[0.06894828 0.01016597 0.00782763 0.91305816],[9.9984419e-01 1.5578185e-04],"[3.4073983e-07 2.9179204e-05 3.8511928e-03 4.4095653e-01 4.9172282e-01
 6.1667349e-02 1.6675786e-03 9.9119876e-05 5.8625383e-06]",1,Others,20-39
/scratch/project_462000771/mengting/projects/bias/hunyuan/prompt2/selected_faces/detected_fearful/fearful_person_0809_face0.png,Indian,Indian,Male,20-29,"[0.02039595 0.0080382  0.39724252 0.00629945 0.06898814 0.40677676
 0.09225898]",[0.05231323 0.01082807 0.18389358 0.75296515],[1.0000000e+00 1.4534462e-08],"[4.1754802e-07 1.0348624e-04 2.4835562e-02 7.7431166e-01 1.8078838e-01
 1.9280691e-02 6.1924278e-04 5.9638842e-05 9.2765265e-07]",1,Others,20-39
/scratch/project_462000771/mengting/projects/bias/hunyuan/prompt2/selected_faces/detected_fearful/fearful_person_0810_face0.png,Latino_Hispanic,Asian,Male,20-29,"[0.06366979 0.00869056 0.34926304 0.14180247 0.29209644 0.06970559
 0.07477204]",[0.0760222  0.00257593 0.8067863  0.11461551],[9.9999988e-01 1.1093379e-07],"[3.1624763e-06 6.3241919e-04 1.6220083e-02 6.5244299e-01 2.9237595e-01
 3.7106428e-02 1.1296654e-03 8.7408007e-05 1.8807498e-06]",1,Others,20-39
/scratch/project_462000771/mengting/projects/bias/hunyuan/prompt2/selected_faces/detected_fearful/fearful_person_0811_face0.png,Indian,Asian,Male,20-29,"[3.8298205e-04 5.9732612e-02 1.2500328e-01 7.4527347e-03 3.8541079e-01
 4.2142066e-01 5.9690227e-04]",[0.00481059 0.02108708 0.48873505 0.48536724],[1.00000e+00 6.25529e-09],"[5.5260578e-08 5.6618783e-06 3.2663376e-03 6.5767860e-01 3.2467216e-01
 1.4224120e-02 1.4852894e-04 4.4012008e-06 8.1673036e-08]",1,Others,20-39
/scratch/project_462000771/mengting/projects/bias/hunyuan/prompt2/selected_faces/detected_fearful/fearful_person_0812_face0.png,Latino_Hispanic,Asian,Male,20-29,"[0.19853468 0.1128803  0.36777395 0.0273184  0.12830728 0.12683566
 0.03834965]",[0.10849004 0.04696045 0.7629016  0.08164788],[9.9999607e-01 3.9015413e-06],"[8.56824443e-07 1.05922525e-04 1.26207210e-02 5.74566185e-01
 3.46268833e-01 6.25509322e-02 3.50010372e-03 3.63122148e-04
 2.33412466e-05]",1,Others,20-39
/scratch/project_462000771/mengting/projects/bias/hunyuan/prompt2/selected_faces/detected_fearful/fearful_person_0814_face0.png,Southeast Asian,Asian,Male,20-29,"[1.0063893e-03 3.0919211e-03 6.1960641e-02 8.2382634e-02 7.4292052e-01
 1.0854636e-01 9.1522605e-05]",[0.02348856 0.00156353 0.7243819  0.25056607],[0.99557287 0.00442716],"[1.13599825e-04 3.46043333e-02 2.27594033e-01 4.78796035e-01
 2.02748239e-01 5.26352450e-02 3.16746859e-03 3.18127713e-04
 2.29561374e-05]",1,Asian,20-39
/scratch/project_462000771/mengting/projects/bias/hunyuan/prompt2/selected_faces/detected_fearful/fearful_person_0815_face0.png,East Asian,Asian,Female,20-29,"[9.9917175e-03 1.0630469e-04 1.4543396e-02 7.0868748e-01 2.6541609e-01
 1.0220249e-03 2.3296171e-04]",[9.8139467e-03 1.5910386e-04 9.8810339e-01 1.9235751e-03],[0.01650328 0.9834967 ],"[1.1512800e-05 2.1452829e-02 2.4059017e-01 6.6340834e-01 7.1174711e-02
 3.1794719e-03 1.5728269e-04 2.2379207e-05 3.3651520e-06]",1,Asian,20-39
/scratch/project_462000771/mengting/projects/bias/hunyuan/prompt2/selected_faces/detected_fearful/fearful_person_0816_face0.png,Latino_Hispanic,Asian,Male,20-29,"[0.01705759 0.01065383 0.4096014  0.02751066 0.12727557 0.38922307
 0.01867788]",[0.07272836 0.00888617 0.77476466 0.14362074],[9.9999285e-01 7.1281079e-06],"[5.1167676e-06 7.1265543e-04 3.2725848e-02 5.7925969e-01 3.3003494e-01
 5.5550799e-02 1.6421746e-03 6.7253677e-05 1.4583120e-06]",0,Others,20-39
/scratch/project_462000771/mengting/projects/bias/hunyuan/prompt2/selected_faces/detected_fearful/fearful_person_0817_face0.png,White,White,Male,20-29,"[0.6378774  0.01592119 0.27373552 0.0030298  0.00545863 0.04795209
 0.01602543]",[0.7138979  0.01679149 0.02828863 0.24102193],[9.99878049e-01 1.21952166e-04],"[6.8426267e-08 8.8417773e-06 8.1667900e-03 8.0160630e-01 1.8563123e-01
 4.5389128e-03 4.6060475e-05 1.6606515e-06 7.6606156e-08]",1,White,20-39
/scratch/project_462000771/mengting/projects/bias/hunyuan/prompt2/selected_faces/detected_fearful/fearful_person_0818_face0.png,Indian,Indian,Male,20-29,"[0.05025113 0.00684094 0.34208423 0.00186292 0.00745012 0.542502
 0.04900866]",[0.15804932 0.01006349 0.084647   0.74724025],[9.9998349e-01 1.6571033e-05],"[2.1633012e-07 8.8259389e-05 1.8115254e-02 8.4375018e-01 1.3615164e-01
 1.8837723e-03 1.0293821e-05 4.1247091e-07 1.0870736e-08]",0,Others,20-39
/scratch/project_462000771/mengting/projects/bias/hunyuan/prompt2/selected_faces/detected_fearful/fearful_person_0819_face0.png,Southeast Asian,Asian,Female,3-9,"[1.8583104e-02 3.6044754e-04 1.0952018e-01 3.5843626e-01 4.6411288e-01
 4.6962339e-02 2.0247835e-03]",[0.16011706 0.00113735 0.7113342  0.12741138],[0.23756331 0.7624367 ],"[1.0974015e-03 7.5044554e-01 1.8470183e-01 6.0633145e-02 3.0075957e-03
 1.1166603e-04 2.0980201e-06 5.5349125e-07 7.4313341e-08]",0,Asian,0-9
/scratch/project_462000771/mengting/projects/bias/hunyuan/prompt2/selected_faces/detected_fearful/fearful_person_0820_face0.png,East Asian,Asian,Female,20-29,"[0.02707942 0.00950421 0.13594484 0.43047038 0.27826282 0.11652841
 0.00220985]",[0.05021435 0.00134011 0.88618577 0.06225977],[0.05550728 0.94449276],"[3.3258516e-06 9.5583098e-03 2.2596554e-01 7.2398043e-01 3.9854106e-02
 6.3233532e-04 5.4311554e-06 4.9858437e-07 4.2637371e-08]",0,Asian,20-39
/scratch/project_462000771/mengting/projects/bias/hunyuan/prompt2/selected_faces/detected_fearful/fearful_person_0821_face0.png,Latino_Hispanic,Asian,Female,20-29,"[0.170435   0.0117736  0.35153773 0.06601898 0.11567107 0.25018844
 0.03437516]",[0.01125288 0.00618851 0.9358315  0.04672707],[0.04913861 0.9508614 ],"[3.3710679e-05 8.7824985e-03 9.2167005e-02 5.7834005e-01 2.9003400e-01
 2.9044222e-02 1.3793014e-03 1.9423974e-04 2.4947918e-05]",0,Others,20-39
/scratch/project_462000771/mengting/projects/bias/hunyuan/prompt2/selected_faces/detected_fearful/fearful_person_0822_face0.png,White,White,Male,20-29,"[0.74757886 0.007819   0.17091127 0.01538253 0.03455948 0.01579186
 0.00795698]",[0.97920054 0.00183315 0.00768861 0.0112777 ],[9.991375e-01 8.624369e-04],"[3.4938196e-07 3.0746721e-04 8.7395810e-02 8.5214156e-01 5.8450028e-02
 1.6591639e-03 4.1949836e-05 3.3403599e-06 3.6767719e-07]",1,White,20-39
/scratch/project_462000771/mengting/projects/bias/hunyuan/prompt2/selected_faces/detected_fearful/fearful_person_0823_face0.png,East Asian,Asian,Female,20-29,"[3.10225855e-03 5.71227213e-03 7.96935149e-03 7.11441219e-01
 2.45375797e-01 2.62828190e-02 1.16209194e-04]",[7.3471051e-03 2.9907585e-04 9.8234451e-01 1.0009324e-02],[0.03820975 0.9617902 ],"[1.8961582e-05 3.2708719e-02 2.3669058e-01 6.6746467e-01 6.1471235e-02
 1.5869925e-03 4.9001745e-05 8.6710970e-06 1.1773750e-06]",0,Asian,20-39
/scratch/project_462000771/mengting/projects/bias/hunyuan/prompt2/selected_faces/detected_fearful/fearful_person_0824_face0.png,East Asian,Asian,Female,20-29,"[0.00931984 0.00084407 0.09831678 0.47963324 0.35021892 0.0602927
 0.00137448]",[0.00280783 0.00109881 0.9457867  0.05030664],[0.08663706 0.913363  ],"[1.43013892e-06 1.07998005e-03 1.00765236e-01 7.63247192e-01
 1.30200386e-01 4.62294137e-03 7.66614103e-05 5.79254811e-06
 3.00564864e-07]",1,Asian,20-39
/scratch/project_462000771/mengting/projects/bias/hunyuan/prompt2/selected_faces/detected_fearful/fearful_person_0825_face0.png,Latino_Hispanic,Asian,Male,20-29,"[0.08165056 0.13511527 0.3720356  0.04602641 0.17353337 0.18099296
 0.01064593]",[0.03860043 0.01552274 0.876777   0.06909984],[9.9993014e-01 6.9816684e-05],"[6.63379751e-07 4.42128454e-04 5.67066632e-02 7.79317200e-01
 1.57390296e-01 6.03021216e-03 1.04553015e-04 7.80116716e-06
 5.40434939e-07]",1,Others,20-39
/scratch/project_462000771/mengting/projects/bias/hunyuan/prompt2/selected_faces/detected_fearful/fearful_person_0826_face0.png,Southeast Asian,Asian,Male,20-29,"[0.01082422 0.00439521 0.2140831  0.14407252 0.5509771  0.07376315
 0.00188467]",[0.01105477 0.01942264 0.9146706  0.05485202],[9.999348e-01 6.518907e-05],"[9.36080710e-07 6.03899593e-04 7.95085281e-02 7.91346550e-01
 1.22248344e-01 6.19366951e-03 9.13976328e-05 6.35941160e-06
 2.72772212e-07]",0,Asian,20-39
/scratch/project_462000771/mengting/projects/bias/hunyuan/prompt2/selected_faces/detected_fearful/fearful_person_0827_face0.png,East Asian,Asian,Female,20-29,"[2.1660039e-03 4.0465720e-06 1.4091845e-03 9.6266395e-01 3.3631127e-02
 1.0075443e-04 2.4999728e-05]",[4.0295176e-02 5.4684890e-05 9.5875382e-01 8.9631777e-04],[0.01956463 0.9804354 ],"[1.07213815e-07 2.32266262e-04 1.03147693e-01 8.59077871e-01
 3.72655913e-02 2.74396443e-04 1.98958469e-06 1.17392666e-07
 2.85397905e-09]",1,Asian,20-39
/scratch/project_462000771/mengting/projects/bias/hunyuan/prompt2/selected_faces/detected_fearful/fearful_person_0828_face0.png,East Asian,White,Female,20-29,"[3.5949048e-02 1.1374953e-04 4.1856337e-02 7.3662901e-01 1.6304860e-01
 1.8379414e-02 4.0238914e-03]",[6.5389246e-01 3.7341358e-04 3.0263633e-01 4.3097798e-02],[0.384046   0.61595404],"[7.23329890e-07 1.09137641e-03 1.06883876e-01 8.42633128e-01
 4.86925207e-02 6.89712586e-04 8.04347746e-06 5.71010446e-07
 3.40658275e-08]",0,Asian,20-39
/scratch/project_462000771/mengting/projects/bias/hunyuan/prompt2/selected_faces/detected_fearful/fearful_person_0829_face0.png,White,White,Male,20-29,"[9.4483411e-01 1.0693553e-03 3.7743594e-02 1.3025098e-04 2.3427614e-04
 9.4984280e-04 1.5038623e-02]",[0.956273   0.01215547 0.0026947  0.02887682],[9.9992955e-01 7.0445298e-05],"[7.1455593e-09 7.4485280e-07 3.0700853e-03 7.8236741e-01 2.1181925e-01
 2.7220023e-03 1.9791682e-05 7.5842104e-07 3.3756045e-08]",1,White,20-39
/scratch/project_462000771/mengting/projects/bias/hunyuan/prompt2/selected_faces/detected_fearful/fearful_person_0830_face0.png,East Asian,Asian,Female,20-29,"[7.0578279e-03 3.5434868e-04 2.7664771e-02 7.7842081e-01 1.5958618e-01
 2.5637046e-02 1.2790329e-03]",[8.9854887e-03 1.7058499e-04 9.1453111e-01 7.6312803e-02],[0.02032478 0.97967523],"[8.6216023e-05 8.9343406e-02 2.6697823e-01 5.6784421e-01 7.2121941e-02
 3.4872647e-03 1.1334926e-04 2.2879150e-05 2.5003310e-06]",1,Asian,20-39
/scratch/project_462000771/mengting/projects/bias/hunyuan/prompt2/selected_faces/detected_fearful/fearful_person_0831_face0.png,Southeast Asian,Asian,Male,20-29,"[0.00730333 0.00157657 0.06419376 0.08012635 0.79879653 0.04699483
 0.00100856]",[2.5581792e-02 2.1962989e-04 9.7026664e-01 3.9319056e-03],[9.9999726e-01 2.7013587e-06],"[8.11540531e-07 3.50255839e-04 1.94742698e-02 5.23169160e-01
 3.77329797e-01 7.64181390e-02 3.15149943e-03 1.02633145e-04
 3.45263902e-06]",1,Asian,20-39
/scratch/project_462000771/mengting/projects/bias/hunyuan/prompt2/selected_faces/detected_fearful/fearful_person_0832_face0.png,Indian,Indian,Male,20-29,"[5.7409644e-02 1.8385366e-01 2.2290578e-01 4.5956610e-04 3.7441824e-03
 5.1170456e-01 1.9922595e-02]",[0.11092218 0.16748233 0.26806712 0.4535284 ],[9.999917e-01 8.285084e-06],"[2.4008211e-08 2.5735164e-06 3.7833133e-03 6.0532928e-01 3.7470543e-01
 1.5942397e-02 2.3115214e-04 5.6311824e-06 2.1661076e-07]",1,Others,20-39
/scratch/project_462000771/mengting/projects/bias/hunyuan/prompt2/selected_faces/detected_fearful/fearful_person_0833_face0.png,Latino_Hispanic,White,Male,20-29,"[2.2285013e-01 1.7996812e-02 4.3087131e-01 2.6746359e-04 1.6376104e-03
 1.9120955e-01 1.3516717e-01]",[0.6897775  0.00455415 0.008792   0.29687634],[9.9999881e-01 1.2120853e-06],"[2.0659168e-07 5.9991686e-05 1.6248979e-02 7.5338173e-01 2.2498354e-01
 5.2768723e-03 4.6763958e-05 1.8918917e-06 4.5447656e-08]",1,Others,20-39
/scratch/project_462000771/mengting/projects/bias/hunyuan/prompt2/selected_faces/detected_fearful/fearful_person_0834_face0.png,East Asian,Asian,Male,20-29,"[2.0401590e-02 9.4294541e-05 3.7656076e-02 5.8233368e-01 3.5586467e-01
 2.7937039e-03 8.5594773e-04]",[1.3871896e-01 8.4761661e-05 8.5661972e-01 4.5765284e-03],[0.9987877  0.00121232],"[3.5096850e-08 3.4538723e-05 9.2940249e-02 7.9688370e-01 1.0800449e-01
 2.1143269e-03 2.1850212e-05 8.1610989e-07 1.6922224e-08]",0,Asian,20-39
/scratch/project_462000771/mengting/projects/bias/hunyuan/prompt2/selected_faces/detected_fearful/fearful_person_0835_face0.png,East Asian,Asian,Female,20-29,"[3.6364610e-03 3.0612096e-05 9.1353785e-03 9.0221435e-01 8.1308678e-02
 3.5067964e-03 1.6778045e-04]",[1.6602021e-02 1.9389972e-05 9.7530168e-01 8.0770105e-03],[9.6553075e-04 9.9903452e-01],"[1.14177084e-07 1.52692932e-03 2.05117986e-01 7.79978871e-01
 1.33074168e-02 6.83947801e-05 2.16947925e-07 1.39092835e-08
 5.62557168e-10]",0,Asian,20-39
/scratch/project_462000771/mengting/projects/bias/hunyuan/prompt2/selected_faces/detected_fearful/fearful_person_0836_face0.png,Southeast Asian,Asian,Male,20-29,"[0.02679376 0.00242535 0.1593324  0.22000833 0.5315851  0.05784475
 0.00201033]",[0.01816676 0.00303919 0.9547135  0.02408053],[9.9997890e-01 2.1128868e-05],"[2.0753914e-06 2.5790257e-03 1.7753108e-01 7.4902922e-01 6.7753293e-02
 3.0473168e-03 5.2177402e-05 5.5462810e-06 2.2054166e-07]",1,Asian,20-39
/scratch/project_462000771/mengting/projects/bias/hunyuan/prompt2/selected_faces/detected_fearful/fearful_person_0837_face0.png,Indian,Indian,Female,20-29,"[0.01857935 0.01280324 0.2785205  0.00493463 0.0770864  0.60068285
 0.00739305]",[0.07123937 0.01017166 0.18382528 0.7347637 ],[0.15819642 0.8418036 ],"[1.3735106e-04 2.4362022e-02 2.0167558e-01 3.6797020e-01 3.1399170e-01
 7.3268130e-02 1.4164566e-02 3.7735272e-03 6.5692153e-04]",0,Others,20-39
/scratch/project_462000771/mengting/projects/bias/hunyuan/prompt2/selected_faces/detected_fearful/fearful_person_0838_face0.png,Black,Black,Male,30-39,"[6.4102162e-05 9.9862874e-01 8.1556657e-04 4.3010878e-06 6.9768997e-05
 3.5145026e-04 6.5979431e-05]",[8.2054443e-04 9.5147091e-01 1.6212057e-02 3.1496424e-02],[9.9999970e-01 3.2740084e-07],"[6.3368580e-06 8.4196572e-04 1.4381048e-02 3.1171295e-01 4.8059791e-01
 1.6531949e-01 2.2898644e-02 3.9889775e-03 2.5263283e-04]",1,Black,20-39
/scratch/project_462000771/mengting/projects/bias/hunyuan/prompt2/selected_faces/detected_fearful/fearful_person_0839_face0.png,Southeast Asian,Asian,Male,20-29,"[1.5006866e-05 1.0652692e-04 1.4456485e-03 1.0526990e-01 8.9248031e-01
 6.8170601e-04 8.4161462e-07]",[3.1100782e-03 2.2366030e-04 9.9503332e-01 1.6328780e-03],[9.9999863e-01 1.3381699e-06],"[7.9340747e-09 4.7627886e-06 4.8392434e-03 5.0129837e-01 4.5460960e-01
 3.8044203e-02 1.1832612e-03 2.0076024e-05 5.1743399e-07]",1,Asian,20-39
/scratch/project_462000771/mengting/projects/bias/hunyuan/prompt2/selected_faces/detected_fearful/fearful_person_0840_face0.png,Latino_Hispanic,Asian,Male,40-49,"[0.01622832 0.2560733  0.31525418 0.01424677 0.14723447 0.23887311
 0.01208979]",[0.0377639  0.18144023 0.48733538 0.2934605 ],[9.999344e-01 6.561056e-05],"[7.6223849e-05 1.2826261e-03 8.9192810e-03 4.9196247e-02 1.3269937e-01
 3.4771734e-01 3.0264360e-01 1.3180257e-01 2.5662737e-02]",1,Others,40-59
/scratch/project_462000771/mengting/projects/bias/hunyuan/prompt2/selected_faces/detected_fearful/fearful_person_0841_face0.png,White,White,Male,20-29,"[0.6054784  0.02960575 0.25748006 0.00221621 0.00489756 0.04487821
 0.05544377]",[0.53442234 0.04975131 0.04227273 0.37355363],[9.9909079e-01 9.0920593e-04],"[1.1818139e-06 9.2257884e-05 1.1243109e-02 6.1445165e-01 3.4689975e-01
 2.6002813e-02 1.2226409e-03 8.0573875e-05 5.9920926e-06]",1,White,20-39
/scratch/project_462000771/mengting/projects/bias/hunyuan/prompt2/selected_faces/detected_fearful/fearful_person_0843_face0.png,Latino_Hispanic,Asian,Male,30-39,"[0.10005759 0.04252476 0.37506104 0.04209521 0.05969292 0.34753633
 0.0330322 ]",[0.23113698 0.01142855 0.56845975 0.18897474],[0.9925836  0.00741641],"[2.9680937e-06 2.2552015e-04 2.3541654e-02 4.3965989e-01 4.5031345e-01
 8.2265303e-02 3.8258280e-03 1.5836787e-04 7.0945271e-06]",0,Others,20-39
/scratch/project_462000771/mengting/projects/bias/hunyuan/prompt2/selected_faces/detected_fearful/fearful_person_0844_face0.png,Indian,White,Male,20-29,"[0.04535647 0.12398299 0.27615517 0.00154535 0.01223333 0.5363244
 0.00440238]",[0.4232448  0.00527755 0.31402245 0.25745517],[0.9988369  0.00116318],"[1.2338147e-06 1.3706826e-04 1.3223597e-02 5.7027507e-01 3.7580797e-01
 3.9369140e-02 1.1543933e-03 2.9937342e-05 1.5572118e-06]",0,Others,20-39
/scratch/project_462000771/mengting/projects/bias/hunyuan/prompt2/selected_faces/detected_fearful/fearful_person_0845_face0.png,Indian,Indian,Male,40-49,"[0.01492645 0.2163967  0.12352967 0.00305498 0.06899668 0.5713437
 0.00175174]",[0.00753787 0.08646347 0.05263614 0.8533625 ],[9.9998623e-01 1.3835181e-05],"[3.2522035e-05 3.9997734e-03 5.2037429e-02 1.6887054e-01 2.2916767e-01
 3.5628006e-01 1.4097798e-01 4.3933116e-02 4.7009224e-03]",1,Others,40-59
/scratch/project_462000771/mengting/projects/bias/hunyuan/prompt2/selected_faces/detected_fearful/fearful_person_0847_face0.png,East Asian,Asian,Male,30-39,"[2.1934754e-04 1.3801051e-04 2.1688272e-03 6.4572865e-01 3.5062507e-01
 1.0671862e-03 5.2893702e-05]",[1.8707714e-04 2.7806227e-04 9.9351209e-01 6.0228012e-03],[9.9999690e-01 3.0880833e-06],"[2.2455590e-07 3.2074389e-05 9.0073803e-03 4.5880830e-01 4.5927319e-01
 6.9438487e-02 3.2640358e-03 1.7304560e-04 3.2364876e-06]",1,Asian,20-39
/scratch/project_462000771/mengting/projects/bias/hunyuan/prompt2/selected_faces/detected_fearful/fearful_person_0848_face0.png,White,White,Male,20-29,"[9.9702531e-01 1.9324331e-04 1.5815349e-03 1.4462342e-04 3.0627378e-04
 3.3138823e-04 4.1763324e-04]",[9.9826288e-01 6.5996304e-05 1.3029124e-03 3.6827562e-04],[9.9943173e-01 5.6824286e-04],"[5.2463005e-08 3.2985343e-05 6.9809407e-03 7.5077665e-01 2.3476736e-01
 7.3684352e-03 7.2156254e-05 1.2821851e-06 1.2406680e-07]",0,White,20-39
/scratch/project_462000771/mengting/projects/bias/hunyuan/prompt2/selected_faces/detected_fearful/fearful_person_0849_face0.png,Southeast Asian,Asian,Male,20-29,"[0.00796174 0.00757238 0.21802945 0.07205363 0.64801663 0.04192173
 0.0044445 ]",[7.0121167e-03 4.8985350e-04 9.9010801e-01 2.3899730e-03],[1.0000000e+00 2.4954675e-08],"[6.7783269e-08 1.0720389e-04 4.6086971e-02 9.0199345e-01 5.1083367e-02
 7.2379521e-04 4.8292495e-06 2.7337299e-07 5.1775904e-09]",0,Asian,20-39
/scratch/project_462000771/mengting/projects/bias/hunyuan/prompt2/selected_faces/detected_fearful/fearful_person_0850_face0.png,Latino_Hispanic,Asian,Male,20-29,"[0.02046897 0.03941303 0.5208647  0.05548409 0.18727157 0.11382532
 0.06267238]",[0.01101403 0.00777359 0.78914046 0.19207191],[9.9998283e-01 1.7164008e-05],"[3.0850558e-06 1.1371427e-03 1.0931628e-01 8.1928641e-01 6.6132344e-02
 3.9273817e-03 1.5865090e-04 3.6233614e-05 2.3686221e-06]",1,Others,20-39
/scratch/project_462000771/mengting/projects/bias/hunyuan/prompt2/selected_faces/detected_fearful/fearful_person_0851_face0.png,Latino_Hispanic,Indian,Male,20-29,"[0.04695695 0.0064892  0.42371166 0.00947069 0.05887676 0.38681912
 0.06767564]",[0.42526892 0.00353234 0.11523005 0.4559687 ],[9.9999470e-01 5.3031417e-06],"[1.2421008e-07 1.5106484e-04 3.8449552e-02 8.4159887e-01 1.1771582e-01
 2.0728058e-03 1.1199946e-05 5.1475644e-07 1.6431050e-08]",1,Others,20-39
/scratch/project_462000771/mengting/projects/bias/hunyuan/prompt2/selected_faces/detected_fearful/fearful_person_0852_face0.png,East Asian,Asian,Female,20-29,"[0.2543966  0.0006057  0.20018218 0.31980446 0.09280485 0.10634807
 0.02585824]",[1.4381638e-01 2.2496939e-04 8.4871852e-01 7.2402116e-03],[0.00263383 0.99736613],"[6.08655364e-06 1.75343975e-02 2.83824980e-01 6.82484388e-01
 1.60428323e-02 1.06969615e-04 3.83803155e-07 2.25999521e-08
 1.22608501e-09]",1,Asian,20-39
/scratch/project_462000771/mengting/projects/bias/hunyuan/prompt2/selected_faces/detected_fearful/fearful_person_0853_face0.png,Indian,Indian,Male,30-39,"[1.3087086e-01 9.2872046e-02 1.5563709e-01 3.3558323e-04 2.9568039e-03
 4.3356615e-01 1.8376149e-01]",[0.01706777 0.18885766 0.00659324 0.7874813 ],[9.9998766e-01 1.2404687e-05],"[3.5156290e-07 2.2714145e-05 2.2381893e-03 2.9776201e-01 6.2854183e-01
 7.0180632e-02 1.1722203e-03 7.7967008e-05 4.1084609e-06]",1,Others,20-39
/scratch/project_462000771/mengting/projects/bias/hunyuan/prompt2/selected_faces/detected_fearful/fearful_person_0854_face0.png,Latino_Hispanic,Indian,Male,20-29,"[0.02372008 0.00231286 0.39787185 0.02040495 0.10476038 0.39633363
 0.05459629]",[0.01971512 0.00169404 0.41134965 0.56724125],[9.9997616e-01 2.3836334e-05],"[6.2096015e-06 6.6987169e-03 1.2548871e-01 6.2968940e-01 2.1826366e-01
 1.9468788e-02 3.6634135e-04 1.7462507e-05 6.4326946e-07]",0,Others,20-39
/scratch/project_462000771/mengting/projects/bias/hunyuan/prompt2/selected_faces/detected_fearful/fearful_person_0855_face0.png,Indian,Asian,Male,20-29,"[0.00987368 0.0837869  0.3146094  0.00894895 0.08180203 0.496091
 0.00488794]",[0.03122914 0.00240282 0.6949462  0.27142185],[9.9981421e-01 1.8583256e-04],"[5.5273158e-06 1.0815439e-02 2.6906008e-01 6.7823035e-01 4.1062415e-02
 8.2092418e-04 4.9368064e-06 3.3605005e-07 1.4294247e-08]",1,Others,20-39
/scratch/project_462000771/mengting/projects/bias/hunyuan/prompt2/selected_faces/detected_fearful/fearful_person_0856_face0.png,Southeast Asian,Asian,Male,40-49,"[0.0490625  0.0313178  0.24264462 0.03721991 0.3407368  0.18686137
 0.11215697]",[0.11352122 0.00765647 0.5820708  0.29675147],[9.9982524e-01 1.7473425e-04],"[6.4872365e-05 6.2670321e-03 4.6375778e-02 1.9858453e-01 3.0321920e-01
 3.2499316e-01 9.9371679e-02 1.8488217e-02 2.6355537e-03]",0,Asian,40-59
/scratch/project_462000771/mengting/projects/bias/hunyuan/prompt2/selected_faces/detected_fearful/fearful_person_0857_face0.png,Indian,Indian,Male,30-39,"[0.03445995 0.1507354  0.24384636 0.0054605  0.04763933 0.48072526
 0.03713319]",[0.25777468 0.21854483 0.25084227 0.2728382 ],[9.999982e-01 1.807499e-06],"[5.3103065e-07 1.1488814e-05 2.7790295e-03 3.7418556e-01 5.1394999e-01
 1.0277951e-01 5.8995266e-03 3.7606031e-04 1.8331220e-05]",1,Others,20-39
/scratch/project_462000771/mengting/projects/bias/hunyuan/prompt2/selected_faces/detected_fearful/fearful_person_0858_face0.png,Southeast Asian,Asian,Female,20-29,"[4.9190526e-03 3.7006470e-05 2.6723050e-02 4.5996708e-01 4.9732506e-01
 1.0690011e-02 3.3870313e-04]",[1.8820671e-02 3.0062996e-05 9.5504713e-01 2.6102092e-02],[0.03617853 0.9638215 ],"[1.7902423e-06 2.3147494e-03 1.9043630e-01 7.3325425e-01 7.1746908e-02
 2.2010021e-03 3.9843650e-05 4.8938609e-06 2.5358634e-07]",1,Asian,20-39
/scratch/project_462000771/mengting/projects/bias/hunyuan/prompt2/selected_faces/detected_fearful/fearful_person_0859_face0.png,East Asian,Asian,Female,20-29,"[5.0995019e-03 7.5648399e-04 1.5649533e-02 6.6952801e-01 3.0569297e-01
 3.1671743e-03 1.0629405e-04]",[1.1157719e-02 9.2881004e-05 9.8729712e-01 1.4522667e-03],[0.03313615 0.9668639 ],"[4.7031122e-07 1.1539658e-03 1.1417707e-01 8.3253878e-01 5.1352996e-02
 7.6837500e-04 7.9046831e-06 4.5955275e-07 2.9113124e-08]",1,Asian,20-39
/scratch/project_462000771/mengting/projects/bias/hunyuan/prompt2/selected_faces/detected_fearful/fearful_person_0860_face0.png,Latino_Hispanic,Indian,Male,20-29,"[0.17643267 0.05460898 0.31625107 0.00102089 0.00753784 0.20537417
 0.23877436]",[0.08794092 0.03825436 0.07638218 0.7974225 ],[9.999999e-01 6.526995e-08],"[1.6171950e-07 2.2816503e-05 6.3767964e-03 6.9242615e-01 2.9172918e-01
 9.3507990e-03 8.8720924e-05 5.2929736e-06 1.5655702e-07]",1,Others,20-39
/scratch/project_462000771/mengting/projects/bias/hunyuan/prompt2/selected_faces/detected_fearful/fearful_person_0861_face0.png,Southeast Asian,Asian,Male,20-29,"[0.00887656 0.00447942 0.23717596 0.05972286 0.5757112  0.11098997
 0.00304403]",[0.01512595 0.00412605 0.8800268  0.10072125],[9.9992287e-01 7.7114586e-05],"[1.6443486e-06 9.6790440e-04 6.2667824e-02 7.4539369e-01 1.8546641e-01
 5.4380088e-03 6.2507686e-05 1.9374274e-06 7.1885438e-08]",1,Asian,20-39
/scratch/project_462000771/mengting/projects/bias/hunyuan/prompt2/selected_faces/detected_fearful/fearful_person_0862_face0.png,Southeast Asian,Asian,Male,30-39,"[0.01593086 0.01321233 0.23817925 0.07707087 0.627957   0.02430621
 0.00334355]",[0.00557491 0.01454231 0.7894214  0.19046143],[9.999912e-01 8.812207e-06],"[5.9694935e-07 7.5119591e-05 8.0999564e-03 3.7455505e-01 4.9763173e-01
 1.1148256e-01 7.6464955e-03 4.9164664e-04 1.6797532e-05]",0,Asian,20-39
/scratch/project_462000771/mengting/projects/bias/hunyuan/prompt2/selected_faces/detected_fearful/fearful_person_0863_face0.png,East Asian,Asian,Female,20-29,"[3.2728014e-03 1.8012775e-05 1.0042422e-02 8.0950469e-01 1.7024502e-01
 5.1863305e-03 1.7306842e-03]",[3.8356704e-03 5.9998774e-06 9.8910707e-01 7.0512677e-03],[0.00413093 0.9958691 ],"[4.5526306e-07 4.4241687e-04 1.3254160e-01 7.2546500e-01 1.3866180e-01
 2.8525854e-03 3.3276374e-05 2.8541726e-06 6.8630492e-08]",0,Asian,20-39
/scratch/project_462000771/mengting/projects/bias/hunyuan/prompt2/selected_faces/detected_fearful/fearful_person_0864_face0.png,Indian,Indian,Male,20-29,"[0.12350379 0.00222288 0.14703193 0.00072926 0.0064813  0.6864515
 0.03357934]",[0.09868436 0.00265519 0.02085991 0.8778005 ],[9.9998838e-01 1.1565944e-05],"[1.91465642e-06 1.77832830e-04 1.11680683e-02 5.08171976e-01
 4.08126175e-01 6.97224364e-02 2.51147943e-03 1.14988725e-04
 5.09551592e-06]",0,Others,20-39
/scratch/project_462000771/mengting/projects/bias/hunyuan/prompt2/selected_faces/detected_fearful/fearful_person_0865_face0.png,Indian,Indian,Male,20-29,"[0.005548   0.01038832 0.21732277 0.02039651 0.35307446 0.39154616
 0.00172374]",[0.01799769 0.02942411 0.18090753 0.77167064],[9.9999976e-01 2.0603783e-07],"[5.9166719e-06 2.7948883e-03 1.3283873e-01 6.7805725e-01 1.6484135e-01
 2.0395119e-02 9.5703133e-04 1.0609638e-04 3.5884445e-06]",1,Others,20-39
/scratch/project_462000771/mengting/projects/bias/hunyuan/prompt2/selected_faces/detected_fearful/fearful_person_0866_face0.png,East Asian,Asian,Female,10-19,"[0.01943304 0.00072169 0.0659183  0.58263534 0.30822122 0.02236196
 0.00070844]",[8.8593043e-02 1.8552413e-04 8.9992064e-01 1.1300788e-02],[0.00714238 0.9928576 ],"[1.0209763e-05 8.6070634e-02 4.7696137e-01 4.3034098e-01 6.5611890e-03
 5.5286491e-05 3.4252636e-07 3.6133532e-08 2.7848550e-09]",1,Asian,10-19
/scratch/project_462000771/mengting/projects/bias/hunyuan/prompt2/selected_faces/detected_fearful/fearful_person_0867_face0.png,White,Indian,Male,20-29,"[0.36281267 0.00617163 0.27490395 0.00037106 0.00154541 0.27369463
 0.08050071]",[0.17620051 0.01892408 0.01904047 0.78583497],[9.9976552e-01 2.3443953e-04],"[1.4174928e-07 1.0946342e-05 1.6783964e-03 4.9842370e-01 4.8386180e-01
 1.5946845e-02 7.6355056e-05 1.7587789e-06 7.5436553e-08]",1,White,20-39
/scratch/project_462000771/mengting/projects/bias/hunyuan/prompt2/selected_faces/detected_fearful/fearful_person_0868_face0.png,White,White,Male,20-29,"[0.6996916  0.01948228 0.15102716 0.00297872 0.00822962 0.08407257
 0.03451813]",[9.943242e-01 3.528167e-05 8.923589e-04 4.748146e-03],[9.9993217e-01 6.7866778e-05],"[1.0068166e-07 1.8672385e-04 9.4268739e-02 8.3798563e-01 6.6025920e-02
 1.5105790e-03 2.0887137e-05 1.3944081e-06 9.9590714e-08]",0,White,20-39
/scratch/project_462000771/mengting/projects/bias/hunyuan/prompt2/selected_faces/detected_fearful/fearful_person_0869_face0.png,White,White,Male,20-29,"[6.4828801e-01 1.6867496e-03 3.2061455e-01 2.4183269e-04 1.7322850e-03
 1.6023040e-02 1.1413571e-02]",[0.6522918  0.04553509 0.02820901 0.2739642 ],[9.9959964e-01 4.0034164e-04],"[1.8283110e-08 2.8355228e-06 6.0829376e-03 7.5762582e-01 2.3149911e-01
 4.7547948e-03 3.3747448e-05 8.0518726e-07 2.6271646e-08]",1,White,20-39
/scratch/project_462000771/mengting/projects/bias/hunyuan/prompt2/selected_faces/detected_fearful/fearful_person_0871_face0.png,Latino_Hispanic,Asian,Male,20-29,"[0.05384942 0.29881704 0.42724407 0.01426582 0.06128823 0.11843751
 0.02609793]",[0.09385601 0.01817044 0.73947084 0.14850271],[9.9996996e-01 3.0080440e-05],"[3.60493709e-06 2.01555551e-03 1.15675844e-01 8.00161660e-01
 7.88796470e-02 3.18470225e-03 7.19409436e-05 6.61072863e-06
 4.34775188e-07]",1,Others,20-39
/scratch/project_462000771/mengting/projects/bias/hunyuan/prompt2/selected_faces/detected_fearful/fearful_person_0872_face0.png,White,White,Male,60-69,"[0.4585345  0.0407889  0.07067825 0.07185005 0.20437798 0.08985419
 0.06391614]",[0.58905065 0.01899177 0.22387798 0.16807956],[9.9983746e-01 1.6256221e-04],"[1.2684086e-05 1.4056996e-04 8.3515974e-04 4.4180169e-03 5.9320722e-03
 2.9289117e-02 2.3555979e-01 4.8775452e-01 2.3605807e-01]",0,White,60+
/scratch/project_462000771/mengting/projects/bias/hunyuan/prompt2/selected_faces/detected_fearful/fearful_person_0873_face0.png,White,Indian,Male,30-39,"[0.30308864 0.03490933 0.23336096 0.00083288 0.00269301 0.14065057
 0.2844646 ]",[0.15167712 0.01477584 0.01908744 0.81445956],[9.9998921e-01 1.0777245e-05],"[5.4118669e-07 8.2560045e-06 1.1719151e-03 2.6179942e-01 5.5717599e-01
 1.6933140e-01 9.9379253e-03 5.3961645e-04 3.4999906e-05]",1,White,20-39
/scratch/project_462000771/mengting/projects/bias/hunyuan/prompt2/selected_faces/detected_fearful/fearful_person_0874_face0.png,Indian,Indian,Male,60-69,"[0.21753827 0.14186405 0.16230147 0.03498324 0.12590481 0.30698755
 0.01042056]",[0.2832446  0.02484258 0.26146102 0.43045175],[0.7438407  0.25615934],"[3.87642285e-05 1.04803510e-03 1.06192175e-02 1.05966605e-01
 7.86752626e-02 9.14423093e-02 1.67803466e-01 2.86379427e-01
 2.58026898e-01]",0,Others,60+
/scratch/project_462000771/mengting/projects/bias/hunyuan/prompt2/selected_faces/detected_fearful/fearful_person_0875_face0.png,White,White,Male,20-29,"[9.8740721e-01 7.4213994e-04 5.5309488e-03 2.5162593e-04 5.6329806e-04
 6.8157766e-04 4.8231333e-03]",[0.9793897  0.00440336 0.00834447 0.00786242],[9.9999744e-01 2.5439281e-06],"[3.1064013e-07 5.2946136e-05 8.4264539e-03 4.9966270e-01 4.2288184e-01
 6.6651575e-02 2.2399377e-03 8.1004837e-05 3.2529283e-06]",1,White,20-39
/scratch/project_462000771/mengting/projects/bias/hunyuan/prompt2/selected_faces/detected_fearful/fearful_person_0876_face0.png,East Asian,Asian,Female,20-29,"[4.4767428e-03 1.4300651e-03 3.6489334e-02 6.4851958e-01 2.8009874e-01
 2.8709002e-02 2.7657973e-04]",[0.0109593  0.00102522 0.96712035 0.02089507],[0.31328923 0.6867108 ],"[2.7806439e-06 2.7453424e-02 4.1353187e-01 5.5029041e-01 8.6350031e-03
 8.5783868e-05 6.3755823e-07 7.9855724e-08 7.5925506e-09]",1,Asian,20-39
/scratch/project_462000771/mengting/projects/bias/hunyuan/prompt2/selected_faces/detected_fearful/fearful_person_0877_face0.png,Southeast Asian,Asian,Female,10-19,"[5.5366517e-03 6.3363370e-04 5.1775161e-02 3.3796248e-01 5.4321939e-01
 6.0699966e-02 1.7265121e-04]",[1.7146342e-02 2.9906997e-04 9.6593070e-01 1.6623845e-02],[0.07530691 0.92469305],"[3.3034494e-06 3.8456313e-02 5.4025537e-01 4.1169068e-01 9.4969971e-03
 9.6636824e-05 5.9024399e-07 6.9967143e-08 6.0270744e-09]",1,Asian,10-19
/scratch/project_462000771/mengting/projects/bias/hunyuan/prompt2/selected_faces/detected_fearful/fearful_person_0878_face0.png,Latino_Hispanic,Asian,Female,20-29,"[0.06638888 0.08573759 0.39629298 0.04291949 0.21179913 0.19217208
 0.00468982]",[0.11980247 0.01643486 0.7923303  0.07143238],[0.07991072 0.9200893 ],"[6.6464172e-06 3.4076716e-03 9.0308271e-02 7.4180937e-01 1.5863928e-01
 5.6357360e-03 1.7609500e-04 1.5683296e-05 1.2539416e-06]",0,Others,20-39
/scratch/project_462000771/mengting/projects/bias/hunyuan/prompt2/selected_faces/detected_fearful/fearful_person_0879_face0.png,Latino_Hispanic,Asian,Male,30-39,"[0.18576108 0.08734421 0.5334761  0.0056043  0.04168529 0.04948785
 0.09664115]",[0.20471081 0.08266348 0.46091774 0.25170797],[9.999990e-01 1.018798e-06],"[1.0638013e-06 7.4431504e-05 3.1148067e-03 3.0232450e-01 5.3839445e-01
 1.4507547e-01 1.0175712e-02 8.0041424e-04 3.9170820e-05]",1,Others,20-39
/scratch/project_462000771/mengting/projects/bias/hunyuan/prompt2/selected_faces/detected_fearful/fearful_person_0880_face0.png,Southeast Asian,Asian,Female,20-29,"[3.5243898e-03 2.5680911e-04 4.2003091e-02 3.2399172e-01 5.9715539e-01
 3.2793481e-02 2.7510704e-04]",[1.8790660e-02 8.7451894e-04 9.5123577e-01 2.9098988e-02],[0.11140744 0.8885926 ],"[6.9760331e-06 3.3049237e-02 3.9017120e-01 5.6901687e-01 7.6963240e-03
 5.8872494e-05 3.4845237e-07 4.6522963e-08 2.6512119e-09]",1,Asian,20-39
/scratch/project_462000771/mengting/projects/bias/hunyuan/prompt2/selected_faces/detected_fearful/fearful_person_0881_face0.png,Southeast Asian,Asian,Male,20-29,"[0.00943527 0.00072201 0.07694598 0.4439184  0.45891428 0.0089018
 0.00116224]",[0.04771465 0.00682956 0.84076935 0.10468645],[9.9965161e-01 3.4836595e-04],"[2.4793926e-06 2.5700631e-03 7.6596677e-02 7.8511035e-01 1.3026959e-01
 5.3690490e-03 7.7002544e-05 4.5950292e-06 2.2727885e-07]",0,Asian,20-39
/scratch/project_462000771/mengting/projects/bias/hunyuan/prompt2/selected_faces/detected_fearful/fearful_person_0882_face0.png,East Asian,Asian,Female,20-29,"[0.02917346 0.00051957 0.09165668 0.45523328 0.41967013 0.00203358
 0.00171326]",[0.14747897 0.00130126 0.84884155 0.00237821],[0.15215519 0.8478448 ],"[2.9700638e-07 1.9685207e-04 6.4223103e-02 7.9724032e-01 1.3537328e-01
 2.9155114e-03 4.8092421e-05 2.5016814e-06 6.3889523e-08]",1,Asian,20-39
/scratch/project_462000771/mengting/projects/bias/hunyuan/prompt2/selected_faces/detected_fearful/fearful_person_0883_face0.png,East Asian,Asian,Female,20-29,"[5.6802030e-03 2.5261845e-04 4.1791946e-03 8.9922851e-01 8.9302391e-02
 1.1667063e-03 1.9040516e-04]",[3.7757538e-02 2.3317263e-04 9.5229030e-01 9.7190002e-03],[0.01878727 0.9812127 ],"[2.4587994e-06 1.9494770e-03 9.0825856e-02 8.5235488e-01 5.3765435e-02
 1.0834176e-03 1.6635066e-05 1.6658814e-06 1.0031778e-07]",1,Asian,20-39
/scratch/project_462000771/mengting/projects/bias/hunyuan/prompt2/selected_faces/detected_fearful/fearful_person_0884_face0.png,Indian,Indian,Male,20-29,"[0.20583044 0.00454073 0.36655122 0.0025777  0.01600708 0.36873615
 0.03575669]",[0.04335495 0.0046827  0.16005929 0.791903  ],[9.9999887e-01 1.1414824e-06],"[8.4523862e-08 1.2033158e-05 7.6745399e-03 5.2978289e-01 4.1412190e-01
 4.7461312e-02 9.1536000e-04 3.1296255e-05 7.0456537e-07]",1,Others,20-39
/scratch/project_462000771/mengting/projects/bias/hunyuan/prompt2/selected_faces/detected_fearful/fearful_person_0885_face0.png,Southeast Asian,Asian,Male,20-29,"[0.00273337 0.00216553 0.04455248 0.44876924 0.47573265 0.02553632
 0.00051033]",[0.01755222 0.00499914 0.95489    0.02255864],[0.7142133  0.28578666],"[8.4041812e-06 7.1432320e-03 1.4580640e-01 7.7110916e-01 7.3459625e-02
 2.4164051e-03 5.0426312e-05 5.7802763e-06 5.3054617e-07]",1,Asian,20-39
/scratch/project_462000771/mengting/projects/bias/hunyuan/prompt2/selected_faces/detected_fearful/fearful_person_0886_face0.png,White,White,Male,30-39,"[9.8577881e-01 3.3428293e-04 4.6492252e-03 2.4519048e-05 1.7700272e-04
 3.6335670e-04 8.6727245e-03]",[0.9012638  0.01170144 0.02282177 0.06421308],[9.999917e-01 8.308975e-06],"[6.5770905e-08 2.1355272e-06 4.7403484e-04 2.6340014e-01 5.9986216e-01
 1.2960500e-01 6.3642249e-03 2.7507188e-04 1.7187042e-05]",1,White,20-39
/scratch/project_462000771/mengting/projects/bias/hunyuan/prompt2/selected_faces/detected_fearful/fearful_person_0887_face0.png,Latino_Hispanic,Indian,Male,30-39,"[2.9151019e-01 2.8726645e-03 4.4572452e-01 4.2797161e-05 4.5886540e-04
 1.9145876e-01 6.7932144e-02]",[0.19395976 0.01112284 0.00768592 0.78723145],[9.999910e-01 8.942884e-06],"[4.6528790e-08 2.5592046e-06 6.1971170e-04 2.7562425e-01 6.6552627e-01
 5.7693057e-02 5.2848208e-04 5.4887614e-06 9.0367941e-08]",1,Others,20-39
/scratch/project_462000771/mengting/projects/bias/hunyuan/prompt2/selected_faces/detected_fearful/fearful_person_0888_face0.png,Black,White,Male,30-39,"[0.19306353 0.34838653 0.1680857  0.00079244 0.00671624 0.01483494
 0.26812062]",[0.7900357  0.10704908 0.06708629 0.03582896],[9.999999e-01 1.365653e-07],"[5.6552813e-06 1.1366027e-04 5.9759915e-03 3.1013301e-01 4.6438116e-01
 1.8292601e-01 3.1516910e-02 4.7712685e-03 1.7637608e-04]",1,Black,20-39
/scratch/project_462000771/mengting/projects/bias/hunyuan/prompt2/selected_faces/detected_fearful/fearful_person_0889_face0.png,East Asian,Asian,Female,20-29,"[1.2547614e-02 3.5972835e-06 1.2328357e-02 5.6212527e-01 4.0751413e-01
 4.7194371e-03 7.6153065e-04]",[1.4593608e-02 4.1517783e-06 9.8355818e-01 1.8440058e-03],[4.7761705e-04 9.9952239e-01],"[5.7215361e-06 4.1749224e-02 4.5667976e-01 4.9417675e-01 7.3241531e-03
 6.4007298e-05 2.6017659e-07 3.6510897e-08 2.3913518e-09]",1,Asian,20-39
/scratch/project_462000771/mengting/projects/bias/hunyuan/prompt2/selected_faces/detected_fearful/fearful_person_0890_face0.png,Latino_Hispanic,Asian,Male,20-29,"[0.19761999 0.00046924 0.40646493 0.15787064 0.20280266 0.02117464
 0.01359781]",[0.09173209 0.00233301 0.74723756 0.15869735],[9.9999470e-01 5.2730497e-06],"[1.5567369e-07 3.2117627e-05 1.1456668e-02 7.8513390e-01 1.9442824e-01
 8.8040959e-03 1.3714000e-04 7.5183034e-06 2.0363480e-07]",1,Others,20-39
/scratch/project_462000771/mengting/projects/bias/hunyuan/prompt2/selected_faces/detected_fearful/fearful_person_0891_face0.png,East Asian,Asian,Female,20-29,"[2.1427276e-03 1.7965876e-05 2.9526097e-03 9.0430701e-01 8.9933433e-02
 5.7600759e-04 7.0215036e-05]",[9.1677601e-04 6.0616348e-06 9.9843889e-01 6.3824817e-04],[0.00826248 0.9917375 ],"[1.6524036e-06 1.4825324e-03 1.3379732e-01 8.2957208e-01 3.4818951e-02
 3.2547239e-04 1.8219247e-06 1.6397954e-07 6.1299250e-09]",1,Asian,20-39
/scratch/project_462000771/mengting/projects/bias/hunyuan/prompt2/selected_faces/detected_fearful/fearful_person_0892_face0.png,Indian,Indian,Female,20-29,"[0.01238109 0.01734986 0.11249036 0.00218647 0.00853251 0.83003384
 0.01702588]",[0.01380831 0.00722532 0.01823292 0.9607334 ],[0.09035424 0.90964574],"[4.5973822e-04 1.3508640e-01 2.6658240e-01 4.3718824e-01 1.4403301e-01
 1.5008007e-02 1.1792802e-03 3.8531813e-04 7.7636672e-05]",0,Others,20-39
/scratch/project_462000771/mengting/projects/bias/hunyuan/prompt2/selected_faces/detected_fearful/fearful_person_0893_face0.png,East Asian,Asian,Female,20-29,"[1.0672006e-02 4.8201582e-05 9.8637223e-02 5.6884241e-01 2.5402376e-01
 6.6977419e-02 7.9899258e-04]",[5.5258190e-03 7.9399360e-06 9.9086171e-01 3.6045834e-03],[0.01392981 0.98607016],"[1.2996196e-06 9.4152149e-03 2.9635516e-01 6.6730952e-01 2.6447698e-02
 4.6940890e-04 1.5513199e-06 1.3669809e-07 4.9518607e-09]",1,Asian,20-39
/scratch/project_462000771/mengting/projects/bias/hunyuan/prompt2/selected_faces/detected_fearful/fearful_person_0894_face0.png,Indian,White,Female,20-29,"[0.02571534 0.03413923 0.1726844  0.08581758 0.1761369  0.5019422
 0.00356439]",[0.44767016 0.01291944 0.4318485  0.10756186],[0.01273527 0.98726475],"[1.6277399e-06 1.4789600e-02 4.0163106e-01 5.6364417e-01 1.9728599e-02
 2.0358039e-04 1.2321572e-06 1.1924932e-07 1.2049085e-08]",1,Others,20-39
/scratch/project_462000771/mengting/projects/bias/hunyuan/prompt2/selected_faces/detected_fearful/fearful_person_0895_face0.png,Southeast Asian,Asian,Male,20-29,"[0.00895393 0.00080907 0.1484548  0.16382147 0.46657696 0.209418
 0.00196578]",[5.5398826e-02 1.7724198e-04 8.2068539e-01 1.2373850e-01],[9.9998236e-01 1.7676726e-05],"[6.0096186e-06 1.0184051e-02 2.8604713e-01 6.2655425e-01 7.3987596e-02
 3.1798803e-03 3.8589766e-05 2.3921818e-06 7.4455826e-08]",1,Asian,20-39
/scratch/project_462000771/mengting/projects/bias/hunyuan/prompt2/selected_faces/detected_fearful/fearful_person_0896_face0.png,East Asian,Indian,Female,20-29,"[0.02092851 0.00060144 0.09420147 0.48648068 0.30987975 0.08687036
 0.00103771]",[0.2411453  0.00130312 0.28482887 0.47272268],[0.03527304 0.964727  ],"[4.0443584e-07 5.3428155e-03 4.3300352e-01 5.5291569e-01 8.6721675e-03
 6.4977474e-05 3.7631867e-07 3.9945441e-08 3.2534977e-09]",1,Asian,20-39
/scratch/project_462000771/mengting/projects/bias/hunyuan/prompt2/selected_faces/detected_fearful/fearful_person_0897_face0.png,White,Indian,Male,40-49,"[7.7559692e-01 7.5625263e-02 2.4709718e-02 5.7406236e-05 5.6243135e-04
 1.1368707e-01 9.7611090e-03]",[0.08598955 0.10739189 0.01048924 0.79612935],[0.9959729  0.00402715],"[4.2699079e-07 7.4809518e-06 2.8714037e-04 3.1312317e-02 1.7655477e-01
 3.8045257e-01 3.3695027e-01 6.5539755e-02 8.8952556e-03]",1,White,40-59
/scratch/project_462000771/mengting/projects/bias/hunyuan/prompt2/selected_faces/detected_fearful/fearful_person_0898_face0.png,East Asian,Asian,Female,20-29,"[0.05405818 0.00107441 0.10997702 0.4716994  0.32098445 0.04091519
 0.00129132]",[0.33370754 0.0006808  0.6616288  0.00398283],[0.00627846 0.99372154],"[3.3359586e-06 4.1226845e-02 4.2329329e-01 5.3153998e-01 3.9222511e-03
 1.4245652e-05 2.7906689e-08 2.5381393e-09 1.4830460e-10]",1,Asian,20-39
/scratch/project_462000771/mengting/projects/bias/hunyuan/prompt2/selected_faces/detected_fearful/fearful_person_0899_face0.png,White,White,Male,20-29,"[9.5771229e-01 4.7049976e-05 2.8548660e-02 3.7542053e-05 8.3432838e-05
 4.6051936e-03 8.9658508e-03]",[9.5939738e-01 1.7158821e-04 2.5863419e-03 3.7844762e-02],[0.99898916 0.00101087],"[7.2808113e-08 2.9751000e-05 8.0181304e-03 8.4387970e-01 1.4620936e-01
 1.8549167e-03 7.8925850e-06 1.8603838e-07 8.8472349e-09]",1,White,20-39
/scratch/project_462000771/mengting/projects/bias/hunyuan/prompt2/selected_faces/detected_fearful/fearful_person_0900_face0.png,Indian,Indian,Male,30-39,"[2.6093143e-01 6.5501034e-02 2.1122640e-01 1.4349091e-04 2.5807628e-03
 3.9647165e-01 6.3145265e-02]",[0.00918068 0.06014096 0.00733162 0.92334676],[9.9999714e-01 2.8277677e-06],"[1.1682906e-06 6.8746485e-05 3.0585998e-03 9.1219850e-02 5.1096779e-01
 3.6665386e-01 2.7303131e-02 7.0913776e-04 1.7750745e-05]",0,Others,20-39
/scratch/project_462000771/mengting/projects/bias/hunyuan/prompt2/selected_faces/detected_fearful/fearful_person_0901_face0.png,Southeast Asian,Asian,Male,20-29,"[0.00536219 0.00260584 0.0646412  0.05396599 0.5034607  0.3679357
 0.00202846]",[6.4262412e-03 6.2064163e-04 9.0067595e-01 9.2277147e-02],[0.80478185 0.19521812],"[2.9555107e-05 1.7895006e-02 2.8888118e-01 4.8526874e-01 1.6441602e-01
 3.7295859e-02 4.3733129e-03 1.4840345e-03 3.5629209e-04]",0,Asian,20-39
/scratch/project_462000771/mengting/projects/bias/hunyuan/prompt2/selected_faces/detected_fearful/fearful_person_0902_face0.png,Latino_Hispanic,Indian,Male,30-39,"[0.03576148 0.03295288 0.43644416 0.00982504 0.03189532 0.3331733
 0.11994781]",[0.01617266 0.01712527 0.38574302 0.5809591 ],[9.9995947e-01 4.0510229e-05],"[3.1019728e-05 8.1473257e-04 9.9809803e-03 2.6659992e-01 4.8633888e-01
 2.1537665e-01 1.8792221e-02 1.9614880e-03 1.0414350e-04]",0,Others,20-39
/scratch/project_462000771/mengting/projects/bias/hunyuan/prompt2/selected_faces/detected_fearful/fearful_person_0903_face0.png,Indian,Asian,Male,20-29,"[0.00319368 0.05178243 0.08166372 0.0335374  0.40865043 0.4193351
 0.00183724]",[0.08585639 0.03389352 0.6162482  0.2640019 ],[9.9999809e-01 1.8771876e-06],"[2.7005728e-07 8.0455269e-04 1.1698124e-01 8.1899929e-01 6.1572645e-02
 1.6209886e-03 1.9181762e-05 1.7552906e-06 7.7727265e-08]",1,Others,20-39
/scratch/project_462000771/mengting/projects/bias/hunyuan/prompt2/selected_faces/detected_fearful/fearful_person_0904_face0.png,East Asian,Asian,Female,20-29,"[0.03385235 0.00158921 0.04444608 0.73522556 0.11689731 0.06006693
 0.00792257]",[1.1839796e-02 5.7895868e-05 9.8347026e-01 4.6321442e-03],[0.00257968 0.9974203 ],"[3.9460400e-07 1.5643102e-03 8.4201954e-02 8.9447594e-01 1.9668128e-02
 8.9016728e-05 2.8948199e-07 1.6352573e-08 6.5355671e-10]",0,Asian,20-39
/scratch/project_462000771/mengting/projects/bias/hunyuan/prompt2/selected_faces/detected_fearful/fearful_person_0905_face0.png,East Asian,Asian,Female,20-29,"[1.3072807e-02 9.5869786e-05 2.4340460e-02 8.9277387e-01 6.5109320e-02
 2.2235175e-03 2.3841581e-03]",[1.0524803e-02 2.2967799e-05 9.8812276e-01 1.3294438e-03],[0.05726893 0.9427311 ],"[9.4018759e-08 5.2806230e-05 5.3949274e-02 8.6103863e-01 8.3393283e-02
 1.5377623e-03 2.6110361e-05 1.8704346e-06 7.0531321e-08]",0,Asian,20-39
/scratch/project_462000771/mengting/projects/bias/hunyuan/prompt2/selected_faces/detected_fearful/fearful_person_0906_face0.png,East Asian,Asian,Male,10-19,"[2.1204121e-02 2.8797801e-04 6.7747861e-02 6.6151011e-01 2.3544328e-01
 1.3047123e-02 7.5948209e-04]",[1.2999418e-01 4.2551849e-04 7.8439623e-01 8.5184082e-02],[0.66443336 0.33556655],"[2.9390337e-06 3.5199840e-02 6.0767269e-01 3.4986830e-01 7.1660029e-03
 8.8736837e-05 1.2164566e-06 2.6113648e-07 2.8181660e-08]",0,Asian,10-19
/scratch/project_462000771/mengting/projects/bias/hunyuan/prompt2/selected_faces/detected_fearful/fearful_person_0907_face0.png,East Asian,Asian,Male,20-29,"[0.01279514 0.00150733 0.06712234 0.5629788  0.34253302 0.01194729
 0.00111611]",[0.19574164 0.00160129 0.76155156 0.04110551],[0.95387906 0.04612092],"[3.0204785e-06 1.0329364e-03 5.0921697e-02 7.6009864e-01 1.7619587e-01
 1.1452373e-02 2.7151924e-04 2.2224805e-05 1.7846096e-06]",0,Asian,20-39
/scratch/project_462000771/mengting/projects/bias/hunyuan/prompt2/selected_faces/detected_fearful/fearful_person_0908_face0.png,Indian,White,Male,20-29,"[4.1256852e-02 3.7044571e-03 1.3389024e-01 2.1957683e-04 2.5168001e-03
 8.0574524e-01 1.2666847e-02]",[0.57234937 0.01185749 0.06775956 0.34803358],[9.9986887e-01 1.3112092e-04],"[1.1309609e-05 1.7283602e-02 2.5715303e-01 6.0943598e-01 1.0807447e-01
 7.8947814e-03 1.3811739e-04 8.0745613e-06 5.3172704e-07]",0,Others,20-39
/scratch/project_462000771/mengting/projects/bias/hunyuan/prompt2/selected_faces/detected_fearful/fearful_person_0909_face0.png,White,White,Male,20-29,"[5.0722939e-01 1.1972538e-02 3.3994803e-01 1.5994563e-04 5.8335240e-04
 6.9067366e-02 7.1039386e-02]",[0.7933592  0.00213821 0.00184849 0.20265411],[9.9998832e-01 1.1658029e-05],"[5.1312039e-08 6.6924790e-06 4.9755177e-03 6.4151895e-01 3.4575456e-01
 7.6741590e-03 6.8015084e-05 1.9415418e-06 6.8916584e-08]",0,White,20-39
/scratch/project_462000771/mengting/projects/bias/hunyuan/prompt2/selected_faces/detected_fearful/fearful_person_0910_face0.png,East Asian,Asian,Female,10-19,"[9.5730671e-04 6.0981565e-06 2.1750783e-03 7.4258041e-01 2.5342453e-01
 8.0947601e-04 4.7196147e-05]",[6.5077323e-04 1.6341143e-06 9.9883801e-01 5.0960842e-04],[0.00204219 0.9979578 ],"[2.5221156e-05 1.5789886e-01 5.8459008e-01 2.5209340e-01 5.2524055e-03
 1.3637758e-04 2.7926380e-06 8.7920353e-07 9.9700621e-08]",1,Asian,10-19
/scratch/project_462000771/mengting/projects/bias/hunyuan/prompt2/selected_faces/detected_fearful/fearful_person_0911_face0.png,East Asian,Asian,Female,20-29,"[1.0149013e-02 2.8317521e-04 1.7342109e-02 7.8059304e-01 1.1968919e-01
 7.0694365e-02 1.2490789e-03]",[3.1885148e-03 3.7181508e-05 9.6200049e-01 3.4773853e-02],[0.01395362 0.9860463 ],"[7.6093552e-06 1.0310599e-02 2.3313884e-01 7.1370727e-01 4.1601028e-02
 1.2012556e-03 2.7551663e-05 5.3564368e-06 6.0007926e-07]",1,Asian,20-39
/scratch/project_462000771/mengting/projects/bias/hunyuan/prompt2/selected_faces/detected_fearful/fearful_person_0912_face0.png,Latino_Hispanic,Indian,Male,20-29,"[0.22097623 0.01140151 0.42399773 0.0009862  0.01357673 0.29035863
 0.03870293]",[0.40605566 0.04593757 0.09828636 0.44972038],[9.9999958e-01 4.2692952e-07],"[2.8495331e-08 5.3646458e-05 4.4209089e-02 8.5132682e-01 1.0268283e-01
 1.7199407e-03 7.4176219e-06 2.2043889e-07 5.9118888e-09]",1,Others,20-39
/scratch/project_462000771/mengting/projects/bias/hunyuan/prompt2/selected_faces/detected_fearful/fearful_person_0913_face0.png,Black,Asian,Male,40-49,"[8.9376146e-04 8.9491928e-01 4.2320628e-02 3.4473024e-03 2.6368167e-02
 3.1615276e-02 4.3562966e-04]",[0.00320881 0.10618808 0.5119332  0.3786699 ],[0.9913446  0.00865544],"[5.3589254e-05 3.9539678e-04 4.4901697e-03 9.9610925e-02 2.7688622e-01
 3.8232505e-01 1.7253669e-01 5.2784868e-02 1.0917072e-02]",0,Black,40-59
/scratch/project_462000771/mengting/projects/bias/hunyuan/prompt2/selected_faces/detected_fearful/fearful_person_0914_face0.png,Latino_Hispanic,Asian,Female,20-29,"[0.11215747 0.00102695 0.33708555 0.21261801 0.16580546 0.1665535
 0.0047531 ]",[6.5410189e-02 2.0041976e-04 8.9718181e-01 3.7207596e-02],[0.00628066 0.99371934],"[3.7639832e-06 1.7992204e-02 3.5931510e-01 5.9518760e-01 2.7103817e-02
 3.9461904e-04 2.6541347e-06 1.9227642e-07 1.3801349e-08]",0,Others,20-39
/scratch/project_462000771/mengting/projects/bias/hunyuan/prompt2/selected_faces/detected_fearful/fearful_person_0915_face0.png,Southeast Asian,Asian,Male,30-39,"[0.00812398 0.00860275 0.04860519 0.45214045 0.46861982 0.01294792
 0.00095983]",[0.04856883 0.00189021 0.9424536  0.00708735],[0.99762905 0.00237092],"[3.1359914e-06 1.5698900e-04 1.0730050e-02 3.2095823e-01 5.0554752e-01
 1.4944032e-01 1.2324301e-02 7.8723131e-04 5.2172476e-05]",1,Asian,20-39
/scratch/project_462000771/mengting/projects/bias/hunyuan/prompt2/selected_faces/detected_fearful/fearful_person_0916_face0.png,East Asian,Asian,Male,20-29,"[2.1312887e-02 1.2642733e-04 4.1625462e-02 6.4291900e-01 2.7329737e-01
 1.3677417e-02 7.0414711e-03]",[0.00594009 0.00168718 0.9458466  0.04652616],[9.9976414e-01 2.3588540e-04],"[8.4240155e-06 8.2011591e-04 2.2373736e-02 6.1529118e-01 2.9290587e-01
 6.3365340e-02 4.6187565e-03 5.8935262e-04 2.7264739e-05]",1,Asian,20-39
/scratch/project_462000771/mengting/projects/bias/hunyuan/prompt2/selected_faces/detected_fearful/fearful_person_0917_face0.png,Southeast Asian,Asian,Male,20-29,"[3.8500974e-04 1.1139279e-03 4.3358500e-03 4.7486097e-01 5.0470167e-01
 1.4580858e-02 2.1751905e-05]",[0.00138035 0.00216    0.92515045 0.07130918],[0.6372894  0.36271057],"[3.7924997e-07 2.0799548e-03 3.2519093e-01 6.3318336e-01 3.8925052e-02
 6.1321305e-04 6.5127865e-06 6.7683135e-07 3.7900321e-08]",1,Asian,20-39
/scratch/project_462000771/mengting/projects/bias/hunyuan/prompt2/selected_faces/detected_fearful/fearful_person_0918_face0.png,Southeast Asian,Asian,Female,10-19,"[3.2093935e-03 4.0601029e-05 4.3032885e-02 4.1160053e-01 5.1406825e-01
 2.7817998e-02 2.3040645e-04]",[4.8988797e-03 2.0878291e-04 9.3530458e-01 5.9587702e-02],[0.01961102 0.98038894],"[6.5717463e-06 2.4995369e-01 6.5855438e-01 8.9643560e-02 1.8043936e-03
 3.6820555e-05 4.2123398e-07 8.5817270e-08 5.9507164e-09]",1,Asian,10-19
/scratch/project_462000771/mengting/projects/bias/hunyuan/prompt2/selected_faces/detected_fearful/fearful_person_0919_face0.png,Latino_Hispanic,Asian,Female,20-29,"[0.0809737  0.00909    0.44215208 0.27221957 0.11299008 0.06868124
 0.01389339]",[0.15162471 0.0109063  0.63381225 0.20365676],[0.00505428 0.9949457 ],"[2.2500863e-07 4.2648078e-04 5.3954169e-02 7.6338238e-01 1.7937733e-01
 2.8331354e-03 2.5008243e-05 1.3595184e-06 3.5743707e-08]",1,Others,20-39
/scratch/project_462000771/mengting/projects/bias/hunyuan/prompt2/selected_faces/detected_fearful/fearful_person_0920_face0.png,Latino_Hispanic,Asian,Male,20-29,"[0.07325584 0.0100441  0.31540108 0.14576685 0.287463   0.12391035
 0.04415882]",[0.00883393 0.00148323 0.96043825 0.02924462],[1.000000e+00 3.406752e-08],"[1.42432855e-05 1.10833929e-03 1.05418013e-02 4.50449169e-01
 4.49032247e-01 8.54540244e-02 3.16699105e-03 2.29050100e-04
 4.08799542e-06]",0,Others,20-39
/scratch/project_462000771/mengting/projects/bias/hunyuan/prompt2/selected_faces/detected_fearful/fearful_person_0921_face0.png,Southeast Asian,Asian,Female,20-29,"[4.2174477e-02 3.3384087e-04 2.9660738e-01 1.9130114e-01 3.3899400e-01
 1.2899487e-01 1.5943646e-03]",[5.5309098e-02 8.3930201e-05 9.1296160e-01 3.1645384e-02],[0.07061607 0.92938393],"[1.3845409e-05 2.6967259e-02 3.1516591e-01 6.2784243e-01 2.9316936e-02
 6.8545947e-04 7.2794946e-06 7.8862405e-07 8.5683510e-08]",1,Asian,20-39
/scratch/project_462000771/mengting/projects/bias/hunyuan/prompt2/selected_faces/detected_fearful/fearful_person_0922_face0.png,Black,Asian,Male,20-29,"[0.05366011 0.39247283 0.2684432  0.00336316 0.01601993 0.20231089
 0.06372993]",[0.08204421 0.01693304 0.58207685 0.31894588],[9.9996823e-01 3.1767013e-05],"[1.1087699e-05 6.9761131e-04 2.3140101e-02 4.6457556e-01 4.1984737e-01
 8.7095372e-02 4.4128131e-03 2.1157322e-04 8.5115034e-06]",0,Black,20-39
/scratch/project_462000771/mengting/projects/bias/hunyuan/prompt2/selected_faces/detected_fearful/fearful_person_0923_face0.png,Black,Asian,Male,60-69,"[0.19519672 0.27489567 0.13050708 0.0393022  0.20681104 0.12135918
 0.03192814]",[0.01035095 0.02461568 0.9170589  0.04797451],[0.99302936 0.00697062],"[1.4787217e-04 7.6526625e-04 3.5691275e-03 2.4864826e-02 5.0354984e-02
 1.5462938e-01 2.9626137e-01 3.1985196e-01 1.4955524e-01]",0,Black,60+
/scratch/project_462000771/mengting/projects/bias/hunyuan/prompt2/selected_faces/detected_fearful/fearful_person_0924_face0.png,Black,Asian,Male,20-29,"[0.0130221  0.5379482  0.12589446 0.05402353 0.14362282 0.11424679
 0.01124207]",[0.0113494  0.13090919 0.63393134 0.22381009],[9.9980378e-01 1.9620184e-04],"[8.8104745e-05 6.8429266e-03 4.7585066e-02 3.8701099e-01 3.7457713e-01
 1.5243712e-01 2.4466952e-02 6.2280581e-03 7.6374423e-04]",0,Black,20-39
/scratch/project_462000771/mengting/projects/bias/hunyuan/prompt2/selected_faces/detected_fearful/fearful_person_0925_face0.png,Indian,Indian,Male,30-39,"[0.07192229 0.02419735 0.22501832 0.00276513 0.01528748 0.5386093
 0.12220015]",[0.44153568 0.02154349 0.07021671 0.46670413],[9.9999946e-01 5.1497454e-07],"[1.9568814e-07 9.4219331e-06 3.1630367e-03 4.1987422e-01 4.9424577e-01
 8.0588847e-02 2.0480475e-03 6.9014997e-05 1.4872659e-06]",1,Others,20-39
/scratch/project_462000771/mengting/projects/bias/hunyuan/prompt2/selected_faces/detected_fearful/fearful_person_0926_face0.png,East Asian,Asian,Female,20-29,"[2.6328943e-03 9.9762874e-06 1.0562976e-02 6.4324111e-01 3.4255061e-01
 9.0509618e-04 9.7389260e-05]",[2.0227081e-03 4.5929366e-05 9.9499482e-01 2.9365595e-03],[0.00213456 0.99786544],"[2.6218947e-07 4.7065446e-04 9.3572907e-02 7.7508533e-01 1.2811469e-01
 2.7252950e-03 2.8980103e-05 1.8086329e-06 3.5982715e-08]",2,Asian,20-39
/scratch/project_462000771/mengting/projects/bias/hunyuan/prompt2/selected_faces/detected_fearful/fearful_person_0927_face0.png,East Asian,Asian,Female,20-29,"[2.4342034e-02 5.0088634e-05 3.4241648e-03 9.0250099e-01 6.8333521e-02
 8.9460454e-04 4.5462744e-04]",[1.0409981e-02 6.9492407e-06 9.8949087e-01 9.2224400e-05],[1.0664348e-04 9.9989343e-01],"[4.8997242e-07 9.8696466e-05 1.0782367e-02 6.6711259e-01 3.0118832e-01
 2.0314768e-02 4.8476481e-04 1.7472006e-05 5.3706356e-07]",0,Asian,20-39
/scratch/project_462000771/mengting/projects/bias/hunyuan/prompt2/selected_faces/detected_fearful/fearful_person_0928_face0.png,Black,Black,Male,30-39,"[0.16429585 0.5240957  0.17228256 0.0033897  0.01982184 0.08395627
 0.03215815]",[0.32141304 0.34095773 0.11291977 0.22470944],[9.9995929e-01 4.0730996e-05],"[6.5217091e-06 2.6764700e-04 6.5385364e-03 3.3810404e-01 5.4557210e-01
 1.0371370e-01 5.4564001e-03 3.1951140e-04 2.1506930e-05]",0,Black,20-39
/scratch/project_462000771/mengting/projects/bias/hunyuan/prompt2/selected_faces/detected_fearful/fearful_person_0929_face0.png,Indian,White,Male,30-39,"[0.14701459 0.04496582 0.26047638 0.00140447 0.00688163 0.39227206
 0.14698508]",[0.5554712  0.00196416 0.07430146 0.3682632 ],[9.9998653e-01 1.3470693e-05],"[5.7189914e-07 4.3939031e-05 6.3898484e-03 4.1660199e-01 4.9784085e-01
 7.6163322e-02 2.7855688e-03 1.6842484e-04 5.4475090e-06]",0,Others,20-39
/scratch/project_462000771/mengting/projects/bias/hunyuan/prompt2/selected_faces/detected_fearful/fearful_person_0930_face0.png,East Asian,Asian,Female,20-29,"[2.1762617e-03 4.1311450e-06 9.1476401e-04 8.3772361e-01 1.5898298e-01
 1.5162474e-04 4.6709461e-05]",[2.1762706e-03 1.8224681e-07 9.9780113e-01 2.2378275e-05],[0.00128699 0.998713  ],"[3.9791203e-06 5.1950039e-03 1.1777207e-01 8.3954245e-01 3.7162013e-02
 3.2241637e-04 1.9250706e-06 9.9210354e-08 3.6991803e-09]",1,Asian,20-39
/scratch/project_462000771/mengting/projects/bias/hunyuan/prompt2/selected_faces/detected_fearful/fearful_person_0931_face0.png,Latino_Hispanic,White,Female,20-29,"[0.36118594 0.02104058 0.4179261  0.00524341 0.03410323 0.1500964
 0.01040444]",[0.92705965 0.0058769  0.03530268 0.03176071],[0.00323368 0.99676627],"[1.1155971e-05 2.3884537e-02 2.0168157e-01 6.2908679e-01 1.4026460e-01
 4.8319413e-03 2.1305632e-04 2.4518702e-05 1.9049339e-06]",1,Others,20-39
/scratch/project_462000771/mengting/projects/bias/hunyuan/prompt2/selected_faces/detected_fearful/fearful_person_0932_face0.png,Black,White,Male,20-29,"[0.18323015 0.56966305 0.18111892 0.00348719 0.00855695 0.02945113
 0.02449265]",[0.6097747  0.05167066 0.29684553 0.0417091 ],[9.9998266e-01 1.7335149e-05],"[4.9002037e-06 1.6762457e-03 4.2726159e-02 7.0633072e-01 2.3186100e-01
 1.6999589e-02 3.7715089e-04 2.2828328e-05 1.4078914e-06]",0,Black,20-39
/scratch/project_462000771/mengting/projects/bias/hunyuan/prompt2/selected_faces/detected_fearful/fearful_person_0933_face0.png,White,White,Male,30-39,"[0.46454093 0.02718033 0.31543684 0.0023596  0.00450199 0.13276608
 0.05321417]",[0.52200824 0.07901103 0.01254713 0.38643357],[0.9724624  0.02753755],"[3.6470917e-06 7.9173653e-05 4.8359251e-03 2.8974035e-01 5.7275146e-01
 1.2430117e-01 7.5309509e-03 6.8500772e-04 7.2292001e-05]",1,White,20-39
/scratch/project_462000771/mengting/projects/bias/hunyuan/prompt2/selected_faces/detected_fearful/fearful_person_0934_face0.png,White,White,Male,30-39,"[0.65082455 0.02571265 0.1734467  0.00074234 0.00176358 0.07409962
 0.07341054]",[0.64100677 0.01485504 0.0230535  0.32108474],[0.9984329 0.0015671],"[4.3094934e-07 2.0152494e-05 2.8128186e-03 4.4201389e-01 5.0137019e-01
 5.0505303e-02 3.0649023e-03 1.8897532e-04 2.3317685e-05]",1,White,20-39
/scratch/project_462000771/mengting/projects/bias/hunyuan/prompt2/selected_faces/detected_fearful/fearful_person_0935_face0.png,East Asian,Indian,Female,20-29,"[0.05624249 0.10959092 0.15310737 0.3607099  0.15420605 0.16389611
 0.00224718]",[0.01268649 0.00734358 0.32402444 0.6559455 ],[0.08352241 0.91647756],"[3.32265990e-05 1.20011576e-01 3.67757231e-01 4.80623573e-01
 3.09265722e-02 6.31592411e-04 1.36641711e-05 2.29159900e-06
 3.57911944e-07]",0,Asian,20-39
/scratch/project_462000771/mengting/projects/bias/hunyuan/prompt2/selected_faces/detected_fearful/fearful_person_0936_face0.png,Southeast Asian,Asian,Male,20-29,"[0.01785471 0.08138859 0.12601458 0.18105899 0.5659039  0.02613475
 0.00164454]",[2.9027769e-03 8.5569749e-04 9.8983353e-01 6.4079766e-03],[9.9994171e-01 5.8270765e-05],"[8.1352891e-06 1.5453199e-02 2.7001417e-01 6.5987664e-01 5.1724460e-02
 2.8313040e-03 8.1124577e-05 1.0061030e-05 9.2687026e-07]",1,Asian,20-39
/scratch/project_462000771/mengting/projects/bias/hunyuan/prompt2/selected_faces/detected_fearful/fearful_person_0937_face0.png,Indian,Indian,Male,20-29,"[0.01678376 0.00871041 0.23827149 0.00117811 0.01479955 0.70912147
 0.01113521]",[0.1547065  0.01493389 0.02235369 0.8080059 ],[9.999990e-01 1.028929e-06],"[1.7755298e-07 4.7127956e-05 1.1434012e-02 6.3702959e-01 3.3556208e-01
 1.5809027e-02 1.1393171e-04 4.0326245e-06 9.0452573e-08]",1,Others,20-39
/scratch/project_462000771/mengting/projects/bias/hunyuan/prompt2/selected_faces/detected_fearful/fearful_person_0938_face0.png,Southeast Asian,Asian,Male,20-29,"[0.00266867 0.00701504 0.08117753 0.03796204 0.72539043 0.1446281
 0.00115819]",[0.00777201 0.00319744 0.92417    0.06486055],[9.9999678e-01 3.2210369e-06],"[1.2354005e-05 1.5492187e-02 2.2682038e-01 5.5661172e-01 1.7370130e-01
 2.6462527e-02 8.4333256e-04 5.3983258e-05 2.2078436e-06]",0,Asian,20-39
/scratch/project_462000771/mengting/projects/bias/hunyuan/prompt2/selected_faces/detected_fearful/fearful_person_0939_face0.png,White,Indian,Male,20-29,"[0.57374567 0.07474332 0.29524842 0.00063575 0.00405324 0.03967378
 0.01189985]",[0.2338519  0.09002759 0.02330298 0.65281755],[9.9983615e-01 1.6387679e-04],"[8.3705555e-07 1.3490749e-04 2.6360068e-02 5.4991508e-01 3.6051312e-01
 5.8280863e-02 4.5928578e-03 1.8967848e-04 1.2525639e-05]",1,White,20-39
/scratch/project_462000771/mengting/projects/bias/hunyuan/prompt2/selected_faces/detected_fearful/fearful_person_0940_face0.png,East Asian,Asian,Female,20-29,"[1.5091059e-03 2.7911362e-04 9.9957781e-03 7.7899754e-01 2.0681538e-01
 2.1343587e-03 2.6870210e-04]",[1.7900635e-03 2.4982626e-04 9.8118347e-01 1.6776625e-02],[0.00949851 0.9905015 ],"[4.4767207e-06 1.2387659e-03 5.4574188e-02 6.9252813e-01 2.3720959e-01
 1.3836850e-02 5.1970652e-04 8.3952007e-05 4.2538295e-06]",1,Asian,20-39
/scratch/project_462000771/mengting/projects/bias/hunyuan/prompt2/selected_faces/detected_fearful/fearful_person_0941_face0.png,East Asian,Asian,Female,20-29,"[1.0000157e-02 2.2584449e-04 4.3157883e-02 5.7008594e-01 3.6068615e-01
 1.5480862e-02 3.6329261e-04]",[2.6683485e-02 8.5335567e-05 9.5197117e-01 2.1259954e-02],[0.03843607 0.96156394],"[5.3552714e-07 7.2057676e-03 4.5503327e-01 5.3132004e-01 6.4106812e-03
 2.9554321e-05 1.4438076e-07 1.5827686e-08 8.5540069e-10]",1,Asian,20-39
/scratch/project_462000771/mengting/projects/bias/hunyuan/prompt2/selected_faces/detected_fearful/fearful_person_0942_face0.png,East Asian,Asian,Female,20-29,"[3.83502729e-02 4.02924139e-04 1.23931535e-01 5.35169125e-01
 1.85263172e-01 1.12240463e-01 4.64254711e-03]",[0.01832092 0.00107381 0.91398007 0.06662519],[0.00259831 0.9974017 ],"[1.0903480e-06 1.1455979e-02 2.5160679e-01 7.2353262e-01 1.3331348e-02
 7.1864117e-05 3.1367793e-07 2.9475537e-08 2.2061371e-09]",1,Asian,20-39
/scratch/project_462000771/mengting/projects/bias/hunyuan/prompt2/selected_faces/detected_fearful/fearful_person_0943_face0.png,East Asian,Asian,Female,20-29,"[2.82978341e-02 1.07729145e-04 3.97717021e-02 6.58231974e-01
 2.64444649e-01 7.49039603e-03 1.65566616e-03]",[3.5148434e-02 7.7825115e-04 9.2653370e-01 3.7539635e-02],[0.01695231 0.9830477 ],"[1.2578619e-06 3.1883833e-03 1.6636983e-01 7.5931573e-01 6.9312617e-02
 1.7795018e-03 3.0299225e-05 2.3339592e-06 1.3252155e-07]",1,Asian,20-39
/scratch/project_462000771/mengting/projects/bias/hunyuan/prompt2/selected_faces/detected_fearful/fearful_person_0944_face0.png,East Asian,Asian,Male,20-29,"[7.3075062e-03 5.6921243e-05 1.2321405e-02 7.6265764e-01 2.1578468e-01
 1.7421700e-03 1.2958003e-04]",[3.6637001e-02 1.4716405e-05 9.6170306e-01 1.6452441e-03],[0.6413583 0.3586417],"[2.2721056e-06 7.9305172e-03 3.3543432e-01 6.4222288e-01 1.4289941e-02
 1.1879269e-04 1.1611837e-06 1.3615683e-07 9.5625090e-09]",1,Asian,20-39
/scratch/project_462000771/mengting/projects/bias/hunyuan/prompt2/selected_faces/detected_fearful/fearful_person_0945_face0.png,White,Indian,Male,40-49,"[0.7192471  0.02437069 0.07315177 0.00334054 0.00761103 0.02531189
 0.14696704]",[0.46259123 0.01927399 0.01791223 0.50022256],[0.99897206 0.00102794],"[1.9947929e-05 1.3508227e-04 4.0151174e-03 9.2556491e-02 1.9200706e-01
 3.0404493e-01 2.8050175e-01 9.3164638e-02 3.3554964e-02]",1,White,40-59
/scratch/project_462000771/mengting/projects/bias/hunyuan/prompt2/selected_faces/detected_fearful/fearful_person_0946_face0.png,Latino_Hispanic,Asian,Female,20-29,"[0.24485669 0.00589629 0.3414991  0.29823753 0.05794346 0.0157369
 0.03583   ]",[0.01883993 0.00171426 0.9767258  0.00271999],[0.2560659  0.74393415],"[3.1495601e-06 3.5381466e-04 1.8163377e-02 7.4680007e-01 2.2752729e-01
 7.0226616e-03 1.2330587e-04 6.1729415e-06 2.6565084e-07]",0,Others,20-39
/scratch/project_462000771/mengting/projects/bias/hunyuan/prompt2/selected_faces/detected_fearful/fearful_person_0947_face0.png,Indian,Asian,Female,10-19,"[0.04257545 0.0056251  0.27316353 0.09295536 0.18156093 0.4007356
 0.00338406]",[0.02330945 0.00091541 0.69067705 0.28509808],[1.2340564e-04 9.9987656e-01],"[7.9045558e-06 9.3452521e-02 4.7056144e-01 4.1664043e-01 1.9215466e-02
 1.2154654e-04 6.4711111e-07 5.4883717e-08 2.5521945e-09]",0,Others,10-19
/scratch/project_462000771/mengting/projects/bias/hunyuan/prompt2/selected_faces/detected_fearful/fearful_person_0948_face0.png,Southeast Asian,Asian,Male,40-49,"[1.0144225e-03 3.4361824e-03 6.1090323e-03 1.0586238e-01 8.7446445e-01
 8.9920303e-03 1.2145975e-04]",[0.03396298 0.00212465 0.9471733  0.01673903],[0.9987784  0.00122161],"[0.00069718 0.0893274  0.06976546 0.09774733 0.12195642 0.21160932
 0.19545855 0.15865889 0.05477937]",0,Asian,40-59
/scratch/project_462000771/mengting/projects/bias/hunyuan/prompt2/selected_faces/detected_fearful/fearful_person_0949_face0.png,East Asian,Asian,Female,20-29,"[1.06530953e-02 1.06108826e-04 1.40401209e-02 7.79657423e-01
 1.84601679e-01 9.72768106e-03 1.21396175e-03]",[2.0493883e-01 2.8444594e-04 7.2009695e-01 7.4679688e-02],[0.08747707 0.912523  ],"[1.0419509e-06 3.9504678e-03 3.0914491e-01 6.6099125e-01 2.5584292e-02
 3.2326122e-04 4.2564047e-06 4.7179117e-07 2.8815670e-08]",1,Asian,20-39
/scratch/project_462000771/mengting/projects/bias/hunyuan/prompt2/selected_faces/detected_fearful/fearful_person_0951_face0.png,White,Indian,Male,20-29,"[5.0535750e-01 8.0766408e-03 3.6702743e-01 1.9221788e-04 2.1063676e-03
 7.1626395e-02 4.5613471e-02]",[0.32509792 0.02241196 0.01622574 0.6362644 ],[9.9999547e-01 4.5250035e-06],"[4.0159055e-08 1.0280737e-05 1.2710291e-02 7.8318435e-01 1.9822346e-01
 5.7795276e-03 8.8677116e-05 3.2466357e-06 7.1091122e-08]",1,White,20-39
/scratch/project_462000771/mengting/projects/bias/hunyuan/prompt2/selected_faces/detected_fearful/fearful_person_0952_face0.png,Latino_Hispanic,White,Male,20-29,"[0.15659751 0.09361205 0.5650085  0.00212135 0.01083403 0.01376349
 0.15806302]",[0.43743935 0.05869007 0.3924959  0.11137462],[9.99989212e-01 1.08484155e-05],"[3.0323554e-07 1.6480893e-05 5.0327941e-03 5.7937491e-01 3.8289577e-01
 3.1580441e-02 1.0496894e-03 4.8132453e-05 1.4691936e-06]",1,Others,20-39
/scratch/project_462000771/mengting/projects/bias/hunyuan/prompt2/selected_faces/detected_fearful/fearful_person_0953_face0.png,East Asian,Asian,Female,20-29,"[1.2018586e-03 6.2106956e-06 6.1194254e-03 8.5536712e-01 1.3407746e-01
 3.0027383e-03 2.2528012e-04]",[1.2039659e-03 1.3359706e-05 9.9420720e-01 4.5755273e-03],[0.02290793 0.977092  ],"[1.5997587e-06 5.6487690e-03 3.6347181e-01 6.0674119e-01 2.3775354e-02
 3.5769652e-04 3.0617609e-06 4.7067815e-07 2.0186251e-08]",1,Asian,20-39
/scratch/project_462000771/mengting/projects/bias/hunyuan/prompt2/selected_faces/detected_fearful/fearful_person_0954_face0.png,White,White,Male,30-39,"[9.0998769e-01 2.3534682e-03 4.2788263e-02 4.9178384e-04 1.1525690e-03
 6.0771895e-03 3.7148930e-02]",[0.9783173  0.00378659 0.00348437 0.01441175],[9.9970567e-01 2.9433856e-04],"[2.1575479e-06 5.0316590e-05 2.3756707e-03 2.4694279e-01 5.4193693e-01
 1.9454066e-01 1.3268986e-02 8.0943236e-04 7.3072479e-05]",0,White,20-39
/scratch/project_462000771/mengting/projects/bias/hunyuan/prompt2/selected_faces/detected_fearful/fearful_person_0955_face0.png,Southeast Asian,Indian,Male,20-29,"[0.00583814 0.00333092 0.15160248 0.07524487 0.5253215  0.23697187
 0.00169019]",[0.00448453 0.00319411 0.48772314 0.50459826],[9.9994862e-01 5.1354335e-05],"[2.4854491e-05 1.1141173e-02 2.4357492e-01 5.4474038e-01 1.6415314e-01
 3.3828422e-02 2.1909405e-03 3.2687068e-04 1.9312958e-05]",1,Asian,20-39
/scratch/project_462000771/mengting/projects/bias/hunyuan/prompt2/selected_faces/detected_fearful/fearful_person_0956_face0.png,East Asian,Asian,Male,20-29,"[0.05595814 0.00164731 0.1501783  0.4508209  0.28215653 0.04554975
 0.013689  ]",[0.05255554 0.0106791  0.71904534 0.21771997],[9.9995148e-01 4.8531987e-05],"[1.0378417e-06 3.1789043e-04 1.5285542e-02 7.6033181e-01 2.1626531e-01
 7.7125067e-03 8.0067286e-05 5.5369110e-06 2.2421858e-07]",1,Asian,20-39
/scratch/project_462000771/mengting/projects/bias/hunyuan/prompt2/selected_faces/detected_fearful/fearful_person_0957_face0.png,Southeast Asian,Asian,Male,20-29,"[0.00456927 0.01735244 0.09529687 0.28322062 0.3645992  0.22770837
 0.00725318]",[0.00276203 0.00998063 0.4965013  0.49075598],[9.9999017e-01 9.7694592e-06],"[8.1914122e-06 1.7736136e-03 4.2820491e-02 7.0894909e-01 2.1678850e-01
 2.8486256e-02 1.0334591e-03 1.3507590e-04 5.3584122e-06]",0,Asian,20-39
/scratch/project_462000771/mengting/projects/bias/hunyuan/prompt2/selected_faces/detected_fearful/fearful_person_0958_face0.png,Indian,Indian,Male,20-29,"[0.0050853  0.00140125 0.14084782 0.03361358 0.18580788 0.63056827
 0.00267586]",[0.03220149 0.00594327 0.27910867 0.6827465 ],[9.9999452e-01 5.5200157e-06],"[4.6341829e-06 6.6979197e-03 7.5878561e-02 8.2907057e-01 8.6378865e-02
 1.9615244e-03 7.5827711e-06 3.0491725e-07 6.7449082e-09]",1,Others,20-39
/scratch/project_462000771/mengting/projects/bias/hunyuan/prompt2/selected_faces/detected_fearful/fearful_person_0959_face0.png,White,White,Male,30-39,"[0.53311    0.00789748 0.05832921 0.0007496  0.00204569 0.12064798
 0.27722004]",[0.5108398  0.10292435 0.03243821 0.3537976 ],[9.99989390e-01 1.06478565e-05],"[1.8903992e-06 2.8824323e-05 1.8902066e-03 3.3619198e-01 5.5957931e-01
 9.7744174e-02 4.3050419e-03 2.4484348e-04 1.3730284e-05]",1,White,20-39
/scratch/project_462000771/mengting/projects/bias/hunyuan/prompt2/selected_faces/detected_fearful/fearful_person_0960_face0.png,Southeast Asian,Asian,Female,10-19,"[0.04348782 0.00039318 0.24509126 0.2410596  0.37262583 0.09604433
 0.00129795]",[1.8503752e-01 2.0677275e-04 7.8346431e-01 3.1291354e-02],[0.03416397 0.965836  ],"[8.0449445e-06 1.7224762e-01 5.2979857e-01 2.9324374e-01 4.6662469e-03
 3.5606576e-05 1.6676144e-07 2.0934499e-08 1.6810525e-09]",1,Asian,10-19
/scratch/project_462000771/mengting/projects/bias/hunyuan/prompt2/selected_faces/detected_fearful/fearful_person_0961_face0.png,Southeast Asian,Asian,Female,20-29,"[3.9768420e-04 1.1474211e-03 1.9199336e-02 1.8902177e-01 7.7890313e-01
 1.1304874e-02 2.5807847e-05]",[8.0233609e-04 2.4892049e-04 9.8639452e-01 1.2554219e-02],[0.01602722 0.98397285],"[1.6768987e-06 3.9332439e-03 1.9708851e-01 7.3673904e-01 6.0694508e-02
 1.5154063e-03 2.5316336e-05 2.0669784e-06 1.4327765e-07]",1,Asian,20-39
/scratch/project_462000771/mengting/projects/bias/hunyuan/prompt2/selected_faces/detected_fearful/fearful_person_0962_face0.png,Middle Eastern,White,Male,30-39,"[2.7397674e-01 2.4652972e-03 7.4170627e-02 5.9653173e-04 1.0303311e-03
 7.0208097e-03 6.4073968e-01]",[0.39148098 0.05855429 0.37506667 0.17489812],[9.9996668e-01 3.3326556e-05],"[1.33619301e-06 1.27107151e-05 1.05241954e-03 1.68340102e-01
 6.19794190e-01 1.98885173e-01 1.13140205e-02 5.74444304e-04
 2.55533650e-05]",0,White,20-39
/scratch/project_462000771/mengting/projects/bias/hunyuan/prompt2/selected_faces/detected_fearful/fearful_person_0963_face0.png,Indian,Indian,Male,30-39,"[2.9712616e-02 3.1995740e-02 3.1859362e-01 1.5704904e-04 6.7660036e-03
 4.0607119e-01 2.0670378e-01]",[0.36701417 0.03228391 0.00543895 0.595263  ],[9.9999952e-01 4.5354076e-07],"[2.9367476e-07 3.1504180e-05 3.8440297e-03 4.5417663e-01 4.9739695e-01
 4.3932199e-02 5.9179123e-04 2.5865582e-05 7.2115574e-07]",1,Others,20-39
/scratch/project_462000771/mengting/projects/bias/hunyuan/prompt2/selected_faces/detected_fearful/fearful_person_0964_face0.png,Black,Black,Male,20-29,"[0.00254616 0.49936807 0.04308493 0.00069284 0.02159594 0.43005487
 0.00265714]",[3.3509880e-04 7.1821958e-01 3.7834354e-02 2.4361098e-01],[9.9991685e-01 8.3156905e-05],"[1.3415660e-05 1.2296245e-03 5.7150330e-02 5.1226294e-01 3.2748684e-01
 9.1397114e-02 8.9688906e-03 1.3457319e-03 1.4506646e-04]",1,Black,20-39
/scratch/project_462000771/mengting/projects/bias/hunyuan/prompt2/selected_faces/detected_fearful/fearful_person_0965_face0.png,White,White,Male,20-29,"[8.7509692e-01 9.0706933e-05 2.3594841e-02 7.8252647e-03 3.3477724e-03
 1.6367319e-03 8.8407896e-02]",[0.81728226 0.02853965 0.06988394 0.08429417],[0.98858017 0.01141982],"[2.0567568e-06 4.1340347e-05 2.7730069e-03 5.3450310e-01 4.1017190e-01
 5.1268615e-02 1.1831495e-03 5.4290489e-05 2.4891269e-06]",1,White,20-39
/scratch/project_462000771/mengting/projects/bias/hunyuan/prompt2/selected_faces/detected_fearful/fearful_person_0966_face0.png,Southeast Asian,Asian,Female,20-29,"[0.01728587 0.00378521 0.1452763  0.19589333 0.40666416 0.22980428
 0.00129079]",[0.034732   0.00500199 0.6533642  0.3069018 ],[0.01567064 0.98432934],"[4.6287564e-06 3.6390625e-02 3.1776497e-01 6.2474436e-01 2.0833096e-02
 2.5984232e-04 2.2713421e-06 2.1521777e-07 2.3641498e-08]",1,Asian,20-39
/scratch/project_462000771/mengting/projects/bias/hunyuan/prompt2/selected_faces/detected_fearful/fearful_person_0967_face0.png,Indian,Asian,Female,20-29,"[0.07326789 0.00348583 0.20422345 0.16068956 0.06134532 0.4785623
 0.01842568]",[0.03981848 0.00316088 0.87298554 0.08403505],[4.1434198e-04 9.9958569e-01],"[9.3337553e-07 3.4279365e-04 2.3584304e-02 7.6786429e-01 2.0269047e-01
 5.4123490e-03 9.9152618e-05 5.5117266e-06 1.8760082e-07]",1,Others,20-39
/scratch/project_462000771/mengting/projects/bias/hunyuan/prompt2/selected_faces/detected_fearful/fearful_person_0968_face0.png,East Asian,Asian,Female,20-29,"[0.01581826 0.00887343 0.05045807 0.46498656 0.37959692 0.07963029
 0.00063651]",[0.06678656 0.00109003 0.8423518  0.08977164],[0.0518208  0.94817924],"[2.2008680e-05 4.6948746e-02 3.8398024e-01 4.6856728e-01 9.4229072e-02
 5.8693723e-03 3.2432444e-04 5.3256688e-05 5.6484159e-06]",1,Asian,20-39
/scratch/project_462000771/mengting/projects/bias/hunyuan/prompt2/selected_faces/detected_fearful/fearful_person_0969_face0.png,East Asian,Asian,Female,20-29,"[1.1187646e-02 7.3498889e-04 2.5344053e-02 8.0916822e-01 1.5006258e-01
 2.8974961e-03 6.0495496e-04]",[1.0368221e-02 1.6715446e-04 9.8810327e-01 1.3614119e-03],[0.08810066 0.9118993 ],"[1.0695489e-07 3.1069669e-04 1.1172791e-01 8.3697104e-01 5.0574120e-02
 4.1396765e-04 2.0572770e-06 1.0503144e-07 3.0382117e-09]",1,Asian,20-39
/scratch/project_462000771/mengting/projects/bias/hunyuan/prompt2/selected_faces/detected_fearful/fearful_person_0970_face0.png,East Asian,Asian,Male,20-29,"[0.05700199 0.00110452 0.26795307 0.2997628  0.26436538 0.06620757
 0.04360474]",[0.06123559 0.02537987 0.74822843 0.16515614],[9.9999845e-01 1.5565066e-06],"[4.27969951e-07 1.19966295e-04 1.93459392e-02 8.24090838e-01
 1.53700948e-01 2.73099588e-03 1.05364770e-05 3.52511478e-07
 6.52049303e-09]",0,Asian,20-39
/scratch/project_462000771/mengting/projects/bias/hunyuan/prompt2/selected_faces/detected_fearful/fearful_person_0971_face0.png,White,White,Male,30-39,"[6.7885870e-01 5.1354179e-03 1.4673290e-01 3.6453333e-05 1.1695183e-03
 1.4824162e-01 1.9825347e-02]",[0.8456378  0.01878271 0.00387072 0.13170871],[9.999979e-01 2.045406e-06],"[1.3340299e-08 1.7233923e-06 5.4775045e-04 2.7399492e-01 6.7976463e-01
 4.5518983e-02 1.6983261e-04 2.1069893e-06 4.3671633e-08]",0,White,20-39
/scratch/project_462000771/mengting/projects/bias/hunyuan/prompt2/selected_faces/detected_fearful/fearful_person_0972_face0.png,Latino_Hispanic,White,Male,20-29,"[0.17598283 0.1552258  0.35923225 0.00044416 0.00284448 0.25538793
 0.05088259]",[0.54369193 0.01668621 0.01671003 0.42291182],[9.999940e-01 6.060213e-06],"[4.8089890e-07 4.9108081e-04 6.4651571e-02 8.1229794e-01 1.2022399e-01
 2.3107289e-03 2.3257635e-05 9.7207260e-07 3.6508091e-08]",0,Others,20-39
/scratch/project_462000771/mengting/projects/bias/hunyuan/prompt2/selected_faces/detected_fearful/fearful_person_0973_face0.png,White,White,Male,30-39,"[9.5676291e-01 1.7384780e-03 2.3312613e-02 6.2874431e-05 1.7390764e-04
 3.1055536e-03 1.4843722e-02]",[0.9724294  0.00212175 0.00327869 0.02217022],[0.99756116 0.00243886],"[1.7028634e-07 1.4645271e-05 2.4445376e-03 3.7771073e-01 5.7841074e-01
 4.0610891e-02 7.8847090e-04 1.8554305e-05 1.2452659e-06]",1,White,20-39
/scratch/project_462000771/mengting/projects/bias/hunyuan/prompt2/selected_faces/detected_fearful/fearful_person_0974_face0.png,East Asian,Asian,Male,20-29,"[0.02033319 0.0025241  0.05551415 0.5711731  0.30875328 0.03596513
 0.00573709]",[1.8674165e-01 6.7302398e-04 7.7936697e-01 3.3218402e-02],[9.9997002e-01 3.0026415e-05],"[1.46524417e-06 1.37337158e-03 1.11547366e-01 7.86873519e-01
 9.71789509e-02 2.98068207e-03 4.09688073e-05 3.58639454e-06
 1.41045518e-07]",1,Asian,20-39
/scratch/project_462000771/mengting/projects/bias/hunyuan/prompt2/selected_faces/detected_fearful/fearful_person_0975_face0.png,East Asian,Asian,Female,20-29,"[1.0153950e-03 9.8345197e-07 3.7972344e-04 9.7730762e-01 2.1255985e-02
 2.0540469e-05 1.9793493e-05]",[4.3387268e-02 1.1431770e-05 9.5476192e-01 1.8393667e-03],[9.921629e-04 9.990078e-01],"[6.6992243e-07 1.4701340e-03 1.3837388e-01 8.3521658e-01 2.4714135e-02
 2.2323726e-04 1.2598301e-06 7.9361833e-08 2.1543380e-09]",1,Asian,20-39
/scratch/project_462000771/mengting/projects/bias/hunyuan/prompt2/selected_faces/detected_fearful/fearful_person_0976_face0.png,White,White,Male,20-29,"[5.6975698e-01 3.0189432e-04 8.5337982e-02 2.4864846e-04 2.2396818e-03
 3.0494580e-01 3.7169050e-02]",[0.93478084 0.00136955 0.01759419 0.04625541],[9.9999934e-01 6.4351923e-07],"[7.0986457e-09 6.0411066e-06 3.0912389e-03 7.9594499e-01 1.9842553e-01
 2.5284623e-03 3.5638946e-06 6.0523831e-08 1.0862337e-09]",1,White,20-39
/scratch/project_462000771/mengting/projects/bias/hunyuan/prompt2/selected_faces/detected_fearful/fearful_person_0977_face0.png,East Asian,Asian,Female,20-29,"[8.4349490e-04 2.0066967e-04 1.1293517e-02 5.9300089e-01 3.2356098e-01
 7.0688739e-02 4.1168489e-04]",[4.5741507e-04 1.0350824e-04 9.9073690e-01 8.7022278e-03],[0.08770856 0.9122914 ],"[8.78131323e-06 5.38306683e-03 1.75447375e-01 7.58392692e-01
 5.94422109e-02 1.30833476e-03 1.49981615e-05 2.35551965e-06
 1.19620069e-07]",1,Asian,20-39
/scratch/project_462000771/mengting/projects/bias/hunyuan/prompt2/selected_faces/detected_fearful/fearful_person_0978_face0.png,Latino_Hispanic,Indian,Male,20-29,"[0.20912124 0.06312884 0.2995007  0.00787093 0.02283267 0.23140612
 0.16613957]",[0.24633273 0.1159963  0.06328159 0.5743894 ],[9.9986190e-01 1.3807352e-04],"[1.1360134e-05 7.9971988e-04 1.4977588e-02 4.4446188e-01 4.2816135e-01
 1.0528474e-01 5.7406379e-03 5.2207330e-04 4.0570969e-05]",0,Others,20-39
/scratch/project_462000771/mengting/projects/bias/hunyuan/prompt2/selected_faces/detected_fearful/fearful_person_0979_face0.png,Indian,Indian,Male,30-39,"[2.2920275e-01 3.1139329e-02 2.0491819e-01 2.7234470e-05 3.6100569e-04
 4.8465833e-01 4.9693238e-02]",[0.04812482 0.0467844  0.01017576 0.89491504],[9.9974370e-01 2.5632782e-04],"[9.03783359e-07 4.87275720e-05 3.57742258e-03 2.39758924e-01
 5.71773171e-01 1.71438426e-01 1.28869815e-02 4.81574039e-04
 3.38268947e-05]",1,Others,20-39
/scratch/project_462000771/mengting/projects/bias/hunyuan/prompt2/selected_faces/detected_fearful/fearful_person_0980_face0.png,White,White,Male,30-39,"[5.2882916e-01 2.5112776e-03 2.5176406e-01 6.0583614e-05 1.4944360e-04
 3.8731311e-02 1.7795420e-01]",[0.9376381  0.00119111 0.00151754 0.05965321],[9.9994373e-01 5.6244815e-05],"[1.4178136e-07 5.5914747e-06 2.0043701e-03 3.8495395e-01 5.6690902e-01
 4.5657407e-02 4.6014949e-04 9.1479797e-06 1.8562700e-07]",1,White,20-39
/scratch/project_462000771/mengting/projects/bias/hunyuan/prompt2/selected_faces/detected_fearful/fearful_person_0981_face0.png,East Asian,Asian,Female,20-29,"[7.2242310e-03 2.6081142e-04 1.8576715e-02 7.6247668e-01 2.0367883e-01
 7.2019296e-03 5.8078615e-04]",[3.9774675e-02 2.2764654e-04 9.4251740e-01 1.7480280e-02],[0.06381328 0.9361867 ],"[2.0975344e-06 7.0366776e-03 3.4857020e-01 6.0470206e-01 3.8440201e-02
 1.2166938e-03 2.7645452e-05 4.0101668e-06 4.0663375e-07]",0,Asian,20-39
/scratch/project_462000771/mengting/projects/bias/hunyuan/prompt2/selected_faces/detected_fearful/fearful_person_0982_face0.png,Latino_Hispanic,Asian,Male,20-29,"[0.05671845 0.00493181 0.44494596 0.2056148  0.19803004 0.08095397
 0.00880495]",[3.0950516e-02 5.3704425e-04 8.1700522e-01 1.5150720e-01],[0.99827135 0.00172866],"[1.1087265e-06 4.9506774e-04 1.1865612e-01 8.1697899e-01 6.2418733e-02
 1.4312748e-03 1.7126817e-05 1.5003100e-06 6.7067333e-08]",1,Others,20-39
/scratch/project_462000771/mengting/projects/bias/hunyuan/prompt2/selected_faces/detected_fearful/fearful_person_0983_face0.png,Southeast Asian,Asian,Female,10-19,"[0.04863742 0.02765454 0.19026734 0.25557917 0.382691   0.09247038
 0.00270016]",[0.04155597 0.02456514 0.69086766 0.24301118],[0.25772887 0.7422711 ],"[7.2549396e-05 2.9418981e-01 4.5758843e-01 2.3459895e-01 1.3162077e-02
 3.7663107e-04 9.4163461e-06 1.7749710e-06 3.1474028e-07]",1,Asian,10-19
/scratch/project_462000771/mengting/projects/bias/hunyuan/prompt2/selected_faces/detected_fearful/fearful_person_0984_face0.png,Southeast Asian,Asian,Male,20-29,"[0.00389646 0.01755213 0.22478198 0.07510882 0.4747702  0.20156589
 0.00232458]",[0.00646321 0.00734572 0.8724511  0.11373991],[9.9972326e-01 2.7672641e-04],"[3.9134347e-06 1.7016630e-03 5.9770375e-02 7.7081800e-01 1.5675297e-01
 1.0711541e-02 2.2339979e-04 1.7144248e-05 1.0005926e-06]",1,Asian,20-39
/scratch/project_462000771/mengting/projects/bias/hunyuan/prompt2/selected_faces/detected_fearful/fearful_person_0985_face0.png,East Asian,Asian,Female,20-29,"[1.1038730e-02 4.1078827e-05 9.5963962e-03 8.4750634e-01 1.2782401e-01
 3.5767322e-03 4.1670894e-04]",[1.7269096e-01 3.2271782e-05 8.2121831e-01 6.0583549e-03],[8.950603e-04 9.991050e-01],"[1.01209245e-07 4.99370915e-04 1.32876620e-01 8.42170417e-01
 2.42701415e-02 1.82442542e-04 8.85450333e-07 5.67085223e-08
 2.27120678e-09]",1,Asian,20-39
/scratch/project_462000771/mengting/projects/bias/hunyuan/prompt2/selected_faces/detected_fearful/fearful_person_0986_face0.png,East Asian,Asian,Female,20-29,"[1.9401301e-02 2.2754390e-04 4.9833454e-02 6.6776967e-01 2.5746396e-01
 5.1004114e-03 2.0368194e-04]",[5.8699653e-02 7.2319969e-04 9.3774092e-01 2.8361853e-03],[0.00143018 0.99856985],"[3.2273963e-08 1.9055627e-04 7.2526664e-02 8.8603514e-01 4.1084971e-02
 1.6216033e-04 4.1957693e-07 9.7588337e-09 1.7286378e-10]",1,Asian,20-39
/scratch/project_462000771/mengting/projects/bias/hunyuan/prompt2/selected_faces/detected_fearful/fearful_person_0987_face0.png,East Asian,Asian,Female,20-29,"[0.01958293 0.00079896 0.10095517 0.51315475 0.28701276 0.07636262
 0.00213273]",[9.8672539e-02 4.5037488e-04 8.6037821e-01 4.0498924e-02],[0.05897902 0.941021  ],"[1.5934705e-06 1.7261280e-02 3.1833890e-01 6.5243131e-01 1.1896499e-02
 7.0126262e-05 2.3007921e-07 2.3734025e-08 1.3559935e-09]",1,Asian,20-39
/scratch/project_462000771/mengting/projects/bias/hunyuan/prompt2/selected_faces/detected_fearful/fearful_person_0988_face0.png,East Asian,Asian,Female,20-29,"[3.6532653e-03 1.2110526e-05 2.4272730e-03 8.3226055e-01 1.6098163e-01
 5.0794106e-04 1.5729282e-04]",[2.1161754e-02 2.5832692e-06 9.7707289e-01 1.7628531e-03],[0.00434311 0.9956569 ],"[2.9165415e-06 9.7262597e-04 6.9492556e-02 8.1675309e-01 1.0934255e-01
 3.3684513e-03 5.9448186e-05 8.0191248e-06 4.0221965e-07]",1,Asian,20-39
/scratch/project_462000771/mengting/projects/bias/hunyuan/prompt2/selected_faces/detected_fearful/fearful_person_0989_face0.png,East Asian,Asian,Female,20-29,"[2.3138799e-02 1.7654322e-03 3.9680719e-02 7.9164749e-01 1.3517416e-01
 7.8749973e-03 7.1845611e-04]",[1.7851080e-01 2.2002267e-04 8.1593120e-01 5.3379741e-03],[0.00322458 0.99677545],"[1.2685373e-06 6.4760735e-03 1.9919607e-01 7.6703024e-01 2.7105860e-02
 1.8897330e-04 1.4177843e-06 9.6549087e-08 6.8214172e-09]",1,Asian,20-39
/scratch/project_462000771/mengting/projects/bias/hunyuan/prompt2/selected_faces/detected_fearful/fearful_person_0990_face0.png,White,Indian,Male,30-39,"[0.5943499  0.00649299 0.23766959 0.00543399 0.01969355 0.03602323
 0.10033672]",[0.19034328 0.07217753 0.14327887 0.5942004 ],[9.9963462e-01 3.6537737e-04],"[1.1581209e-06 3.7390251e-05 4.4269240e-03 3.1803706e-01 4.8854616e-01
 1.7004743e-01 1.6624607e-02 2.0181069e-03 2.6114105e-04]",0,White,20-39
/scratch/project_462000771/mengting/projects/bias/hunyuan/prompt2/selected_faces/detected_fearful/fearful_person_0991_face0.png,Southeast Asian,Asian,Female,20-29,"[0.06112459 0.00235944 0.260897   0.22640269 0.41050693 0.03735064
 0.00135876]",[0.09991944 0.00770449 0.8607742  0.03160182],[0.01230992 0.98769015],"[5.7361933e-07 3.4262161e-04 5.4890621e-02 7.2299784e-01 2.1286027e-01
 8.6859455e-03 2.1182525e-04 9.8117162e-06 4.3633625e-07]",1,Asian,20-39
/scratch/project_462000771/mengting/projects/bias/hunyuan/prompt2/selected_faces/detected_fearful/fearful_person_0992_face0.png,East Asian,Asian,Female,20-29,"[1.2768294e-03 9.8808072e-05 7.7004065e-03 7.3578578e-01 2.4686995e-01
 7.9779187e-03 2.9027954e-04]",[5.2436115e-03 2.0778074e-04 9.8060805e-01 1.3940523e-02],[0.01554028 0.98445976],"[6.7054856e-07 6.6068710e-04 8.6311467e-02 7.8254807e-01 1.2621509e-01
 4.1655432e-03 8.6289903e-05 1.1643773e-05 5.0162981e-07]",1,Asian,20-39
/scratch/project_462000771/mengting/projects/bias/hunyuan/prompt2/selected_faces/detected_fearful/fearful_person_0993_face0.png,East Asian,Asian,Male,20-29,"[0.06444805 0.00564519 0.2727521  0.3058372  0.26841268 0.06880292
 0.01410177]",[0.10030168 0.00197253 0.8542591  0.04346668],[0.99855924 0.00144077],"[3.6850637e-05 1.0010261e-02 1.4174956e-01 6.2187803e-01 1.9427262e-01
 3.0035613e-02 1.8205025e-03 1.8292457e-04 1.3647311e-05]",1,Asian,20-39
/scratch/project_462000771/mengting/projects/bias/hunyuan/prompt2/selected_faces/detected_fearful/fearful_person_0994_face0.png,Latino_Hispanic,Indian,Female,20-29,"[6.9793239e-02 7.2823030e-05 3.6770913e-01 1.5412444e-01 7.3573828e-02
 3.2566527e-01 9.0612629e-03]",[4.0694159e-02 1.3773931e-04 2.0363633e-01 7.5553179e-01],[0.0667001  0.93329996],"[3.00033435e-07 3.05187277e-04 7.14717880e-02 8.22014987e-01
 1.03804715e-01 2.38937326e-03 1.30024991e-05 5.89992624e-07
 1.63315637e-08]",1,Others,20-39
/scratch/project_462000771/mengting/projects/bias/hunyuan/prompt2/selected_faces/detected_fearful/fearful_person_0995_face0.png,Southeast Asian,Asian,Female,20-29,"[0.00827184 0.00238232 0.16936983 0.23278135 0.4073672  0.17144199
 0.00838546]",[1.2463168e-02 2.4677374e-04 9.1246605e-01 7.4824013e-02],[0.01121756 0.98878247],"[1.8242051e-07 5.7233317e-04 1.9443569e-01 6.7537010e-01 1.2640508e-01
 3.1592823e-03 5.1690768e-05 5.3720319e-06 2.8380148e-07]",0,Asian,20-39
/scratch/project_462000771/mengting/projects/bias/hunyuan/prompt2/selected_faces/detected_fearful/fearful_person_0996_face0.png,Southeast Asian,Asian,Female,20-29,"[4.1850256e-03 9.5870499e-05 1.7494794e-02 4.3900797e-01 5.3590029e-01
 3.1815085e-03 1.3462215e-04]",[9.1559038e-04 1.2594326e-05 9.9744290e-01 1.6289656e-03],[4.1270777e-04 9.9958730e-01],"[7.6637171e-08 7.4920739e-05 2.8797280e-02 7.9654396e-01 1.7088546e-01
 3.6706384e-03 2.6749078e-05 9.0816985e-07 1.5277072e-08]",0,Asian,20-39
/scratch/project_462000771/mengting/projects/bias/hunyuan/prompt2/selected_faces/detected_fearful/fearful_person_0997_face0.png,East Asian,Asian,Female,20-29,"[8.2934387e-03 5.4944809e-05 3.4481753e-02 7.5002766e-01 1.8482332e-01
 2.1233728e-02 1.0851022e-03]",[0.03454079 0.00073828 0.5301043  0.43461666],[2.5039693e-04 9.9974960e-01],"[7.2394710e-07 2.0632222e-03 1.2682463e-01 8.3560652e-01 3.5181176e-02
 3.2139989e-04 2.2084712e-06 1.6163493e-07 6.5311854e-09]",1,Asian,20-39
/scratch/project_462000771/mengting/projects/bias/hunyuan/prompt2/selected_faces/detected_fearful/fearful_person_0998_face0.png,East Asian,Asian,Female,20-29,"[1.4068623e-03 1.4276167e-04 1.3759709e-02 8.0173182e-01 1.8133745e-01
 1.5427249e-03 7.8706689e-05]",[3.5550404e-02 6.6576374e-04 9.4391114e-01 1.9872740e-02],[0.00568419 0.9943158 ],"[3.6249799e-06 1.3259236e-02 2.2609931e-01 7.3805439e-01 2.2349829e-02
 2.3153548e-04 1.9268543e-06 1.5679827e-07 8.9748751e-09]",0,Asian,20-39
/scratch/project_462000771/mengting/projects/bias/hunyuan/prompt2/selected_faces/detected_fearful/fearful_person_0999_face0.png,East Asian,Asian,Male,20-29,"[1.6680349e-03 1.3447547e-04 8.4002540e-03 7.9205269e-01 1.9517669e-01
 2.2310773e-03 3.3686872e-04]",[1.6827397e-03 3.2937573e-04 9.8168302e-01 1.6304869e-02],[0.99552834 0.00447166],"[1.0129346e-06 6.8885210e-04 1.0937208e-01 8.4267473e-01 4.6780344e-02
 4.7871866e-04 3.7001519e-06 5.7257017e-07 1.9385245e-08]",1,Asian,20-39
